dataset_role,filename,category,source_dataset,source_partition,source_id,source_group,source_filename,source_duration_s,sample_rate_hz,event_time_s,window_duration_s,event_offset_s,peak_score,peak_prominence,peak_frame_rms_dbfs,recording_max_frame_rms_dbfs,left_padding_samples,right_padding_samples,source_sha256,derived_sha256,algorithm_version,seed,amplitude_policy
train,glass_breaking__esc50__fold_1__20133__0000__r0.wav,glass_breaking,ESC-50,fold_1,20133,esc-50:20133,1-20133-A-39.wav,5.0,44100,0.157166,1.0,0.348163,4.880787,19.759919,-16.2913,-7.2547,8423,0,db6946133c37fbd4513fe932dbb71e0b077bf7d240beaed339eb6c88e48c903b,04427d0370b52157b3cfced5f304b457aa50730d589c21c11f52a195555e0a5d,energy-spectral-flux-v1,421,source_amplitude_preserved_no_normalization
train,glass_breaking__esc50__fold_1__84536__0001__r0.wav,glass_breaking,ESC-50,fold_1,84536,esc-50:84536,1-84536-A-39.wav,5.0,44100,0.58619,1.0,0.44712,6.041231,66.128403,-21.4909,-5.1754,0,0,79efba4c0c54acadc88783e83b428fc9c430db94515b25339a6b5598e2ade0c0,6653c9e26b2ef5ffe47d77c4ca4a2ed1773f473da30b446a7016b058016c787f,energy-spectral-flux-v1,421,source_amplitude_preserved_no_normalization
train,glass_breaking__esc50__fold_1__84704__0002__r0.wav,glass_breaking,ESC-50,fold_1,84704,esc-50:84704,1-84704-A-39.wav,5.0,44100,0.092313,1.0,0.360726,6.582098,6582097540.178223,-44.9798,-4.4424,11837,0,c3e1abf0273f02b5f89e7d51cb890f3ad1575dc55fe1023650b0860b6f3abd15,dbd2dff769132becb511745ce379460f5b26096bf9d8f859c1321a17049c4cb4,energy-spectral-flux-v1,421,source_amplitude_preserved_no_normalization
train,glass_breaking__esc50__fold_1__84705__0003__r0.wav,glass_breaking,ESC-50,fold_1,84705,esc-50:84705,1-84705-A-39.wav,5.0,44100,0.566236,1.0,0.405533,5.913239,5913238814.83561,-40.9973,-3.0218,0,0,e8cc52dd91213cd69031e10c0fe15f77230f588ececb13cc7c906c43ece32336,206b1d14ad2196462178293e410fda9dd19658c06513583ac79501f44780a100,energy-spectral-flux-v1,421,source_amplitude_preserved_no_normalization
train,glass_breaking__esc50__fold_1__85168__0004__r0.wav,glass_breaking,ESC-50,fold_1,85168,esc-50:85168,1-85168-A-39.wav,5.0,44100,0.705918,1.0,0.400952,3.909382,72.290947,-28.234,-2.1481,0,0,08fcf5a7656cc1c824122aba2a7dd1107130a0f9d6f3e3b73e7d06575b246ed5,3b8cadd39e938bc80c9251f154c85a64820f170b3b910f9abf366403235153d0,energy-spectral-flux-v1,421,source_amplitude_preserved_no_normalization
train,glass_breaking__esc50__fold_1__85184__0005__r0.wav,glass_breaking,ESC-50,fold_1,85184,esc-50:85184,1-85184-A-39.wav,5.0,44100,0.461474,1.0,0.281769,6.39907,6399069646.422758,-25.0006,-4.7389,0,0,aafacfae6a441ba21f4c76a11042726f933272709a099a54a15a905a1d65b837,2098857cfab1b0dd30b588d896aa8daa622fb48e95d67eb417d474d78e6bfef7,energy-spectral-flux-v1,421,source_amplitude_preserved_no_normalization
train,glass_breaking__esc50__fold_1__88807__0006__r0.wav,glass_breaking,ESC-50,fold_1,88807,esc-50:88807,1-88807-A-39.wav,5.0,44100,2.032902,1.0,0.265488,5.79665,151.886494,-49.4231,-15.8772,0,0,e5c368173342c2acba450c7d3116fac74fcec86bc8dc26055c6da7ebc509d191,1a5df7e52543d4ce1f5c87b4541377fd594809ddbfa939c491ec08e9f74af769,energy-spectral-flux-v1,421,source_amplitude_preserved_no_normalization
train,glass_breaking__esc50__fold_1__977__0007__r0.wav,glass_breaking,ESC-50,fold_1,977,esc-50:977,1-977-A-39.wav,5.0,44100,0.536304,1.0,0.1961,5.866727,5866727159.767361,-50.9393,-9.1469,0,0,67c88e07db9e2dd7a7551f0c5b99da315ce7df041f83ed57b479d8fda8fbfe27,a3e79c0b59c2ce1f67e32b793f3b7785fdeca2dac48d8ce4ce9d5cc04256f7c8,energy-spectral-flux-v1,421,source_amplitude_preserved_no_normalization
train,glass_breaking__esc50__fold_2__106881__0008__r0.wav,glass_breaking,ESC-50,fold_2,106881,esc-50:106881,2-106881-A-39.wav,5.0,44100,0.311814,1.0,0.375215,5.799785,11.736981,-29.7914,-7.1218,2796,0,e54a661c1fff8150b7c34d54da1686a18eaeaaf454394b866a251ceb68e3f886,695b6f0224972b796e985807c304a57403efba1e4a62ca542ec9e848a5608049,energy-spectral-flux-v1,421,source_amplitude_preserved_no_normalization
train,glass_breaking__esc50__fold_2__112213__0009__r0.wav,glass_breaking,ESC-50,fold_2,112213,esc-50:112213,2-112213-A-39.wav,5.0,44100,2.422018,1.0,0.302404,7.09211,15.54567,-52.2945,-9.4537,0,0,a6b60fb2268d7f0ceda0ff6f798d2d51b4ceb08218b3ac5ca91980a42d9c706b,164df75dcb27dcd0bafcc0fe2c9f9006db09049bda7abfe3e98a84fa416597b1,energy-spectral-flux-v1,421,source_amplitude_preserved_no_normalization
train,glass_breaking__esc50__fold_2__112213__0010__r0.wav,glass_breaking,ESC-50,fold_2,112213,esc-50:112213,2-112213-B-39.wav,5.0,44100,2.541746,1.0,0.302404,8.1284,21.697525,-17.8842,-9.5978,0,0,d1d705535a4506b6e7f94c8ebff688bc0aa8bc115b42e8daf13542bec4f90ac7,cc4d18524e93e054f72d5fcdae260b589e944f556cd0e19c3ec552228dce8070,energy-spectral-flux-v1,421,source_amplitude_preserved_no_normalization
train,glass_breaking__esc50__fold_2__141563__0011__r0.wav,glass_breaking,ESC-50,fold_2,141563,esc-50:141563,2-141563-A-39.wav,5.0,44100,0.192086,1.0,0.25068,5.924917,5924917390.614289,-41.8615,-17.9869,2584,0,3ef4dae6a116b3d18a0f9f18d4373f0247debb168b0718eee89c0a30a38890c7,9a20c0fe457966a9f43d1b7f985c45c67657abf888278bd4fbd500386b0c5c91,energy-spectral-flux-v1,421,source_amplitude_preserved_no_normalization
train,glass_breaking__esc50__fold_2__173559__0012__r0.wav,glass_breaking,ESC-50,fold_2,173559,esc-50:173559,2-173559-A-39.wav,5.0,44100,2.576667,1.0,0.269524,7.363328,34.46609,-40.616,-5.9893,0,0,e60d74d17651551cb82e4fd8a542ceae3f278da1a6b4393fe9e704c786ff4125,e7f1772c2ae515e785a6b23688b8a9f604c680d3cf379d76573454e0797ff89c,energy-spectral-flux-v1,421,source_amplitude_preserved_no_normalization
train,glass_breaking__esc50__fold_2__173607__0013__r0.wav,glass_breaking,ESC-50,fold_2,173607,esc-50:173607,2-173607-A-39.wav,5.0,44100,0.02746,1.0,0.416961,8.067775,25.193242,-11.1218,-6.0897,17177,0,55cc07864f3f8195e51bbdf10fda1601df6b5ff0d5f486a356d79b60c0beb3d6,6e6b3a5c5c1d662228075d955108d46ace70ad8950ba553df19c1003799509e7,energy-spectral-flux-v1,421,source_amplitude_preserved_no_normalization
train,glass_breaking__esc50__fold_2__173618__0014__r0.wav,glass_breaking,ESC-50,fold_2,173618,esc-50:173618,2-173618-A-39.wav,5.0,44100,0.022472,1.0,0.305556,8.145338,38.161092,-9.7645,-5.5254,12484,0,9170ecdc0903514ded47782447d6f0828d752ebc9765fa0cb257f869529dd830,3f634fdfb93326d3f0c986b6a85a9f07d189e4bcff7d6d0f6396355ac3ac418b,energy-spectral-flux-v1,421,source_amplitude_preserved_no_normalization
train,glass_breaking__esc50__fold_2__250710__0015__r0.wav,glass_breaking,ESC-50,fold_2,250710,esc-50:250710,2-250710-A-39.wav,5.0,44100,1.030181,1.0,0.387188,5.180351,66.024915,-16.1539,-9.5901,0,0,ca0b7286ded500bd1f1928ef96ad5c35704bec66a790181afeb17ec7d995dbac,357d1fe747e54e9f121f8a2b467ab2733de5f1c2415363289bd7c75a1632f2c7,energy-spectral-flux-v1,421,source_amplitude_preserved_no_normalization
train,glass_breaking__esc50__fold_3__203371__0016__r0.wav,glass_breaking,ESC-50,fold_3,203371,esc-50:203371,3-203371-A-39.wav,5.0,44100,0.022472,1.0,0.248617,5.742701,5742701139.735462,-10.4631,-5.5071,9973,0,60a600ff3e1ac00b41c60b0e3979ee8b1b46ebfcbc370523389094e4fbda415b,2587979e978efe192324c359957fb8676271cac8fc351ac36b429c21b85f88ef,energy-spectral-flux-v1,421,source_amplitude_preserved_no_normalization
train,glass_breaking__esc50__fold_3__203373__0017__r0.wav,glass_breaking,ESC-50,fold_3,203373,esc-50:203373,3-203373-A-39.wav,5.0,44100,0.261927,1.0,0.36746,6.07423,6074229638.486426,-15.0677,-5.6326,4654,0,beb0605537f3fe20e98b54f19f20842d92b7a95f9408dee41e620a8955b33111,cb6fc2011e20dfc06a7625219c296c7472bc00a4b51dcc6b0fd38b59c9b89c52,energy-spectral-flux-v1,421,source_amplitude_preserved_no_normalization
train,glass_breaking__esc50__fold_3__203374__0018__r0.wav,glass_breaking,ESC-50,fold_3,203374,esc-50:203374,3-203374-A-39.wav,5.0,44100,0.466463,1.0,0.387574,6.416506,6416506376.880013,-14.3379,-6.1665,0,0,d2d0b97a0ad01b927a83605cd4e5cc988c4b868e1e01a4fa874563c038e16473,6689909f0032bc0841c152b5f2ae35da79d68167c86f98cc0ae6c292a1327196,energy-spectral-flux-v1,421,source_amplitude_preserved_no_normalization
train,glass_breaking__esc50__fold_3__203375__0019__r0.wav,glass_breaking,ESC-50,fold_3,203375,esc-50:203375,3-203375-A-39.wav,5.0,44100,1.045147,1.0,0.187234,5.013835,5013834750.684324,-48.7838,-5.5902,0,0,b6a987feb4855cf91f55498dcc04bee4fd0f8ed06290d451ce37a07fff230feb,babf432bfc766a3ed315b742bbac6ff4e9f8b901ac243e2ccac7b1385cf0ec80,energy-spectral-flux-v1,421,source_amplitude_preserved_no_normalization
train,glass_breaking__esc50__fold_3__203377__0020__r0.wav,glass_breaking,ESC-50,fold_3,203377,esc-50:203377,3-203377-A-39.wav,5.0,44100,0.391633,1.0,0.371973,6.230594,6230594268.998051,-14.7901,-6.5685,0,0,66c6c338f75f509754b454cedae44597f70c97a44f79a3079da0183a63e34562,2d0123ae77656bbbd81ca2825785d3c7588fa43305ea094283ab104bad1735d2,energy-spectral-flux-v1,421,source_amplitude_preserved_no_normalization
train,glass_breaking__esc50__fold_3__216280__0021__r0.wav,glass_breaking,ESC-50,fold_3,216280,esc-50:216280,3-216280-A-39.wav,5.0,44100,0.301837,1.0,0.306122,6.129596,6129596030.343699,-26.2,-13.5727,189,0,2ff2076e898eb818ee6ce5edb615126500b72f6c2fb525ea6bd411d73f8ca580,eea179846e73396ff80495b21c480bc99ac0d372997d411c59d325de2b814c12,energy-spectral-flux-v1,421,source_amplitude_preserved_no_normalization
train,glass_breaking__esc50__fold_3__216281__0022__r0.wav,glass_breaking,ESC-50,fold_3,216281,esc-50:216281,3-216281-A-39.wav,5.0,44100,0.66102,1.0,0.368889,6.601906,6601906405.411421,-53.7299,-8.867,0,0,6f0ae114a872f560946a6a45d474f2b9e0664325ac5b236bc396723ecfbcb5ff,9cc699bb492f42048b5fc53d7d98f5ace5cc4445210249e59822800c11314cb6,energy-spectral-flux-v1,421,source_amplitude_preserved_no_normalization
train,glass_breaking__esc50__fold_3__216284__0023__r0.wav,glass_breaking,ESC-50,fold_3,216284,esc-50:216284,3-216284-A-39.wav,5.0,44100,0.740839,1.0,0.242766,6.450568,6450567780.685358,-56.3424,-11.5291,0,0,b494fb47b9afd88715976c1476e6115024b8869681a293ea761fea72a03abf3e,6fd0036749360bdb8fd697a2739b774e02f744e64ffd8a8738ea6599583bf488,energy-spectral-flux-v1,421,source_amplitude_preserved_no_normalization
train,glass_breaking__fsd50k__dev__100733__0024__r0.wav,glass_breaking,FSD50K,dev,100733,freesound:100733,100733.wav,2.103265,44100,1.479161,1.0,0.401383,5.582963,6.234594,-71.3786,-32.3415,0,0,dad2386ceaaf54e5d7100b580afc80806086bdb16fcb246595bd68372f0ad193,cc289f0c3ad46776b065f0844b22e434621faceee5586cd1d3f4ecf1dd220201,energy-spectral-flux-v1,421,source_amplitude_preserved_no_normalization
train,glass_breaking__fsd50k__dev__100738__0025__r0.wav,glass_breaking,FSD50K,dev,100738,freesound:100738,100738.wav,0.37,44100,0.10229,1.0,0.369116,4.110849,16.382853,-45.7018,-15.9816,11767,16016,6f053d4eb6bd2b56a99436420d3cabc57cf5b3e57db57c786577b8273d3dec51,98064593fd35b0d76875f70d18a28cb28c649179f20a489d0f518b8aa063843d,energy-spectral-flux-v1,421,source_amplitude_preserved_no_normalization
train,glass_breaking__fsd50k__dev__104670__0026__r0.wav,glass_breaking,FSD50K,dev,104670,freesound:104670,104670.wav,23.983152,44100,7.360794,1.0,0.438435,5.977543,83.965601,-56.4341,-13.9627,0,0,4b29dc413e31e0315f6a90749595a9e941fe70cb244b6e5e72ce8f5b7715ee89,e2ec493d60462014f1a90c63641470eb1eed4f517ff3d49049bae10a337cb69f,energy-spectral-flux-v1,421,source_amplitude_preserved_no_normalization
train,glass_breaking__fsd50k__dev__104815__0027__r0.wav,glass_breaking,FSD50K,dev,104815,freesound:104815,104815.wav,1.079728,44100,0.217029,1.0,0.2422,3.871299,45.479277,-28.5251,-19.2855,1110,0,29118eb21da1149afc022f0e2d3abc896688f862638140992a5ea23098b88620,3d354c538cd322fd1c036ca6da52cc6a3ab205efc4f4ee6bc476a0efbc95e08a,energy-spectral-flux-v1,421,source_amplitude_preserved_no_normalization
train,glass_breaking__fsd50k__dev__108408__0028__r0.wav,glass_breaking,FSD50K,dev,108408,freesound:108408,108408.wav,9.984014,44100,0.092313,1.0,0.396871,10.0,130.189275,-19.1862,-9.9963,13431,0,781b7c1a1485f7e10e55000cbccd313465c87291246a2a8b83d628e10d16db1e,36ef975af68a13fe17a51641da2211690a800fe81a5101582cb89005cc467606,energy-spectral-flux-v1,421,source_amplitude_preserved_no_normalization
train,glass_breaking__fsd50k__dev__110459__0029__r0.wav,glass_breaking,FSD50K,dev,110459,freesound:110459,110459.wav,20.201451,44100,4.322698,1.0,0.195578,9.288696,189.101022,-24.3541,-15.6366,0,0,9318527368caabcf0640d3bdd1bf6e4023a82c977d100947c3ff2646feb42100,8ae3b862e654fb9eb1fad242d7a2c4cb2221a4097199a953569c3148092f2845,energy-spectral-flux-v1,421,source_amplitude_preserved_no_normalization
train,glass_breaking__fsd50k__dev__112546__0030__r0.wav,glass_breaking,FSD50K,dev,112546,freesound:112546,112546.wav,3.839637,44100,3.105465,1.0,0.266984,5.852636,36.645709,-7.6844,-4.4068,0,0,82c1f0d97150b60b2e1b8b9ee081193eb0bf1ddc2932a9d76d42ad6d3483205a,3fc4ececa1b4ab5a1ad1d172f2ed2ab13184e39ef1a40f714c14a983b10cea61,energy-spectral-flux-v1,421,source_amplitude_preserved_no_normalization
train,glass_breaking__fsd50k__dev__113777__0031__r0.wav,glass_breaking,FSD50K,dev,113777,freesound:113777,113777.wav,14.0,44100,8.573039,1.0,0.276145,6.700063,33.840369,-31.3295,-11.9567,0,0,7bf2174f6b2b37812a5040f07cce523c2f97c88159075cd5eedfea63ce8af5bf,788b201eab2a015f0fba45246b74541b64c688351b9117bb4fafde79e0a1c0c5,energy-spectral-flux-v1,421,source_amplitude_preserved_no_normalization
train,glass_breaking__fsd50k__dev__114193__0032__r0.wav,glass_breaking,FSD50K,dev,114193,freesound:114193,114193.wav,0.361905,44100,0.022472,1.0,0.421247,5.194531,15.663378,-15.0691,-14.1108,17586,10554,687581e01e64cff2aeed9dba6986d8931b0a4b48204fc6ae0a0c184f44176ea5,5a4dd4e1247d3bf79dd3ffb8ee9e72d08dd9634e56166167bf0c32bd741db4a9,energy-spectral-flux-v1,421,source_amplitude_preserved_no_normalization
train,glass_breaking__fsd50k__dev__114203__0033__r0.wav,glass_breaking,FSD50K,dev,114203,freesound:114203,114203.wav,1.076893,44100,0.351723,1.0,0.211859,2.641666,21.552498,-21.14,-12.3541,0,2777,337ae633e5890d14a39d9dd750faf9a10bfee74b760ea137b33419ed87e7624c,c8e2a7ca552b3ece39d0a20b019d8b4d47430138a4e30b5276e423947a95f35d,energy-spectral-flux-v1,421,source_amplitude_preserved_no_normalization
train,glass_breaking__fsd50k__dev__114371__0034__r0.wav,glass_breaking,FSD50K,dev,114371,freesound:114371,114371.wav,3.436553,44100,0.55127,1.0,0.211587,3.592259,18.806253,-20.5857,-14.1308,0,0,210aafd7ee5eed809b375222b5c9ecdb186f810116627c4095e0107fe47a887c,b51e7e2da996a8ff3b00c43c0e0adfb83d0ecb78ffdca0779c9d679424b81ca2,energy-spectral-flux-v1,421,source_amplitude_preserved_no_normalization
train,glass_breaking__fsd50k__dev__114374__0035__r0.wav,glass_breaking,FSD50K,dev,114374,freesound:114374,114374.wav,3.970612,44100,3.813855,1.0,0.33873,4.43787,38.302737,-9.5072,-6.3193,0,22249,8fbe097a7308616e400dcea749bca70f63f59507281daf1b45b45e04f4500ff2,4a7cb49a82351ddba9f58a4a1fc9aa90b69a9c52ac50d40593571a9522a2b586,energy-spectral-flux-v1,421,source_amplitude_preserved_no_normalization
train,glass_breaking__fsd50k__dev__11585__0036__r0.wav,glass_breaking,FSD50K,dev,11585,freesound:11585,11585.wav,4.890771,44100,4.327687,1.0,0.240998,6.244207,19.944706,-46.4863,-7.1113,0,8640,00b610ca9c23f7afd9255c784d1ae1734c2b154d5794f0ed4ce9f59505051980,78778169bc9834332f5b700519c8088c5fb8f101cf310d1f15473c9b34fc6110,energy-spectral-flux-v1,421,source_amplitude_preserved_no_normalization
train,glass_breaking__fsd50k__dev__118198__0037__r0.wav,glass_breaking,FSD50K,dev,118198,freesound:118198,118198.wav,2.66932,44100,0.331769,1.0,0.19195,4.880282,19.736189,-11.849,-9.0652,0,0,a7ef01c64dc5de8649fcd9be712e7549376221d08381ae4d0e7da2c810efc46b,14d5ba07b8cf423bd1ffa0ac5a659e910081c1cff29f80d7b6db7c8926e99a33,energy-spectral-flux-v1,421,source_amplitude_preserved_no_normalization
train,glass_breaking__fsd50k__dev__118199__0038__r0.wav,glass_breaking,FSD50K,dev,118199,freesound:118199,118199.wav,18.318299,44100,10.892766,1.0,0.345714,8.676461,96.635106,-55.8532,-13.9383,0,0,cd1e4cbfacd3124043ac7fbe8faf1837e6922d187d44d95c84fe065fa3033c06,f0be2a3a18595221c9e7c7f04c3c1ab1d3af241a9c99ec4f68653dc56a59fa50,energy-spectral-flux-v1,421,source_amplitude_preserved_no_normalization
train,glass_breaking__fsd50k__dev__118520__0039__r0.wav,glass_breaking,FSD50K,dev,118520,freesound:118520,118520.wav,12.502562,44100,3.040612,1.0,0.385215,7.780748,28.447779,-14.2284,-11.7263,0,0,e1a46d8e283af30acd00016252245e66ab4f8081a8b855bed1a20344a5572d03,00f2366bc3a6a93e53d1918c704f0f210012462c3c1b309b8c277961a838b1a6,energy-spectral-flux-v1,421,source_amplitude_preserved_no_normalization
train,glass_breaking__fsd50k__dev__119133__0040__r0.wav,glass_breaking,FSD50K,dev,119133,freesound:119133,119133.wav,2.001995,44100,0.182109,1.0,0.233243,5.320773,24.431394,-28.3552,-19.8058,2255,0,b311a880bd99a815361b18055dc01492231bfe88d4e3e0a7d36d57cc80b3a284,7514e329b75a15a05e8838c7c0b474c2a6dcba825591f713a94c020312b2966a,energy-spectral-flux-v1,421,source_amplitude_preserved_no_normalization
train,glass_breaking__fsd50k__dev__119917__0041__r0.wav,glass_breaking,FSD50K,dev,119917,freesound:119917,119917.wav,7.57424,44100,5.859206,1.0,0.325011,7.921054,10.436305,-37.3039,-25.7147,0,0,3168a48e6d60182fca94bfeaba9521e0dfb953a3ce3300613fcbeccddf65e055,f09c634c655f742fa09e9ec89fbae17d4568574736d8dfd59410d975b7af783d,energy-spectral-flux-v1,421,source_amplitude_preserved_no_normalization
train,glass_breaking__fsd50k__dev__120528__0042__r0.wav,glass_breaking,FSD50K,dev,120528,freesound:120528,120528.wav,6.757007,44100,0.73585,1.0,0.217823,7.649157,15.08941,-40.2777,-29.791,0,0,0c56de6ce35af34c0bdaf89ea065868fa3fafa1ff9908e26331cc7e7834da02d,9d678e8b7f1520193bcdc9c2a9bde54ae7c2d2d05680db408dd193e50689d46e,energy-spectral-flux-v1,421,source_amplitude_preserved_no_normalization
train,glass_breaking__fsd50k__dev__121366__0043__r0.wav,glass_breaking,FSD50K,dev,121366,freesound:121366,121366.wav,6.26712,44100,2.621565,1.0,0.401179,5.723861,20.075461,-12.8924,-12.2593,0,0,e1c40d50b6a1f872a3113030298261925dd0297624ccb0c523f660f0ed161880,c3b3cc830f7cd01fb71b416e13815e6154cd43fedac504bd46779b90b8a96648,energy-spectral-flux-v1,421,source_amplitude_preserved_no_normalization
train,glass_breaking__fsd50k__dev__123008__0044__r0.wav,glass_breaking,FSD50K,dev,123008,freesound:123008,123008.wav,14.151746,44100,12.090045,1.0,0.384717,5.997979,22.547542,-42.6738,-14.6039,0,0,5f4178473149f9e49858e01c6ef647b8e04e7a473438d4673ba18f45ddaf37ba,0ed5c1b70db091503d6f1dca2d68e3c0acc5153450a0a1202480568e711ace44,energy-spectral-flux-v1,421,source_amplitude_preserved_no_normalization
train,glass_breaking__fsd50k__dev__124030__0045__r0.wav,glass_breaking,FSD50K,dev,124030,freesound:124030,124030.wav,6.529025,44100,4.128141,1.0,0.232449,5.983274,15.876477,-42.7107,-10.1886,0,0,11e9731f7b9d0c30e48d974f852dc4ebe283bcc90ba6014b9a7a9ebfc98d0bd7,e68446ac2ce13ad230a78dc1580481533f2577193cffd5bfd90e3263b25d1ac5,energy-spectral-flux-v1,421,source_amplitude_preserved_no_normalization
train,glass_breaking__fsd50k__dev__126531__0046__r0.wav,glass_breaking,FSD50K,dev,126531,freesound:126531,126531.wav,0.665261,44100,0.306825,1.0,0.234535,6.390038,29.125766,-46.5418,-9.3104,0,17950,30b007701cc58945c3dc7a460cde6dffab403a06775d6707da52c16999505267,ebeb03196556b570a4e5811117c70afc2de821e27da0b294fb6f3cb562b8f1ca,energy-spectral-flux-v1,421,source_amplitude_preserved_no_normalization
train,glass_breaking__fsd50k__dev__126877__0047__r0.wav,glass_breaking,FSD50K,dev,126877,freesound:126877,126877.wav,2.181383,44100,0.152177,1.0,0.278299,5.642881,9.307845,-7.8287,-7.0311,5562,0,6c19d4dd018ffe74d7b1d03a65388e958b0a53e4d337025a0ab911bd93551414,56e7d3a10488c14b489851121161cbf2d6f11e7d0a3c0c8c15fe211cee70d248,energy-spectral-flux-v1,421,source_amplitude_preserved_no_normalization
train,glass_breaking__fsd50k__dev__126878__0048__r0.wav,glass_breaking,FSD50K,dev,126878,freesound:126878,126878.wav,2.085714,44100,0.172132,1.0,0.256939,8.0,23.634998,-53.7417,-9.2114,3740,0,8f88939e01c71ba4d7d1293f2be478c9a6885a2462f0d83c82faff3ef3a16bbf,622274bd8a5ec63fcd2f8d25d2e189652538210a706c17435738ef3420c004d5,energy-spectral-flux-v1,421,source_amplitude_preserved_no_normalization
train,glass_breaking__fsd50k__dev__126889__0049__r0.wav,glass_breaking,FSD50K,dev,126889,freesound:126889,126889.wav,9.05415,44100,6.861927,1.0,0.367392,5.423445,20.605774,-41.1259,-13.4356,0,0,199c9132f1ad23bdcc4b1f6de93494fdbeed3b20111a8569667142cb4db4d586,d5dec1c947fce24199bd771c06d6812b51f15c77316c64f20bb539976ed86df3,energy-spectral-flux-v1,421,source_amplitude_preserved_no_normalization
train,glass_breaking__fsd50k__dev__132634__0050__r0.wav,glass_breaking,FSD50K,dev,132634,freesound:132634,132634.wav,0.339592,44100,0.032449,1.0,0.321905,2.25416,7.751891,-20.5731,-19.2083,12765,16359,4c7e16b2d46a91d61eb022148c8b1e34aa53484673f6df4200e9da86e0877862,5e9f909d5c16eb483eece006b8ec7a3006ee7360dd20039070f644734bf4166d,energy-spectral-flux-v1,421,source_amplitude_preserved_no_normalization
train,glass_breaking__fsd50k__dev__135699__0051__r0.wav,glass_breaking,FSD50K,dev,135699,freesound:135699,135699.wav,6.0,44100,0.112268,1.0,0.185646,4.629022,14.2729,-25.3695,-21.4914,3236,0,4d0953cfd8ea4d5af0aeaaf6ff9a9408bc889aaff34faf8ba4c606585ba417e5,e16ad1edb73f695092007c3826e207cb2c7ae6edbaa0d272a900c3eda4a5f31a,energy-spectral-flux-v1,421,source_amplitude_preserved_no_normalization
train,glass_breaking__fsd50k__dev__140613__0052__r0.wav,glass_breaking,FSD50K,dev,140613,freesound:140613,140613.wav,0.48907,44100,0.022472,1.0,0.209524,2.295507,18.093322,-32.546,-32.1407,8249,14283,1af3fbb818ead442b1f64fccbdcbd11d5293261c3d40255d06ed77c2f8694160,bed81f3ac24bd11ae94045eda23c1ff2e92feefb8548bbb961513a799954345b,energy-spectral-flux-v1,421,source_amplitude_preserved_no_normalization
train,glass_breaking__fsd50k__dev__140616__0053__r0.wav,glass_breaking,FSD50K,dev,140616,freesound:140616,140616.wav,0.367188,44100,0.331769,1.0,0.402698,2.848063,8.767957,-78.1456,-46.6047,3128,24779,014a4386aa7603c8d35ce7de1c1b49dbc67bc650a003c299884cfeb42208e9d5,f00268d4f7adac569872f5fb34beee087779f573d06fe933eb8c40520a032598,energy-spectral-flux-v1,421,source_amplitude_preserved_no_normalization
train,glass_breaking__fsd50k__dev__140617__0054__r0.wav,glass_breaking,FSD50K,dev,140617,freesound:140617,140617.wav,0.407778,44100,0.022472,1.0,0.240431,3.269113,13.306099,-42.0197,-41.8185,9612,16505,b96b1711efcd42bded6cf950cb24502e205974a3b4796b9a59ebcebd27f57786,8f211fe1cf08c3d08162514bf42f7e34afb34bb14d1f6a464ae8131cfeb3e1db,energy-spectral-flux-v1,421,source_amplitude_preserved_no_normalization
train,glass_breaking__fsd50k__dev__141680__0055__r0.wav,glass_breaking,FSD50K,dev,141680,freesound:141680,141680.wav,29.0,44100,14.519524,1.0,0.362494,5.84837,40.829147,-18.1558,-5.3712,0,0,d6044835051eb3917db72590e5b729b6dba117a2bbc8d63571cb5a86339bda5b,36aec4d47713ce9ef20d155e85159dc813090bbb3ee9ef46ffd6a5d35596074b,energy-spectral-flux-v1,421,source_amplitude_preserved_no_normalization
train,glass_breaking__fsd50k__dev__14361__0056__r0.wav,glass_breaking,FSD50K,dev,14361,freesound:14361,14361.wav,6.633855,44100,0.880522,1.0,0.309002,6.007237,20.139962,-37.2965,-13.4454,0,0,7aacdd27d6ed76c3e2d827a28432639c052d54df941da3f1d522441827b346c3,91592a7537d5dda537fafc178594d585192d001ccf04b241d144ae24596408e5,energy-spectral-flux-v1,421,source_amplitude_preserved_no_normalization
train,glass_breaking__fsd50k__dev__14362__0057__r0.wav,glass_breaking,FSD50K,dev,14362,freesound:14362,14362.wav,6.397914,44100,0.670998,1.0,0.40381,7.389846,34.225852,-17.9541,-14.584,0,0,d79f3b7109afdcf0f932c16d285aa05784ee0e9639f9b5eaa58b4c99ef0738cd,bdfbf60b2df4d2f0a133c8e7560b1aa888e2f80da5b5c02ffac50c863cd65875,energy-spectral-flux-v1,421,source_amplitude_preserved_no_normalization
train,glass_breaking__fsd50k__dev__14363__0058__r0.wav,glass_breaking,FSD50K,dev,14363,freesound:14363,14363.wav,6.362857,44100,0.471451,1.0,0.295329,7.244824,25.019698,-34.8715,-27.6662,0,0,0d67eea4db7c1cc710781cbe6f3868ed56a8a6068dadd32d0e3abc1ff328b13d,3f6e55e89ca6812ca79d17d1a3d667ff4e73257664c9c805f25237a3ea18c765,energy-spectral-flux-v1,421,source_amplitude_preserved_no_normalization
train,glass_breaking__fsd50k__dev__145513__0059__r0.wav,glass_breaking,FSD50K,dev,145513,freesound:145513,145513.wav,22.965147,44100,8.124059,1.0,0.192404,8.007877,11.12082,-16.9012,-9.4911,0,0,9427172716b9164751a74cb21a01f288a5f0821ab31a87620018b4e32f9dbbdb,a749fe6f4456fb20db8a95a62bd4744fa072914f3b469becf4d9618f6b6a4b37,energy-spectral-flux-v1,421,source_amplitude_preserved_no_normalization
train,glass_breaking__fsd50k__dev__145558__0060__r0.wav,glass_breaking,FSD50K,dev,145558,freesound:145558,145558.wav,1.637211,44100,0.66102,1.0,0.296372,6.090419,6.989396,-11.6934,-8.6802,0,0,341a6dbf50df115191c81e3170bb94ce7a5eff855904a68c4e32b835d7d70742,097b9b48309c3c0992f1f666267d0d81abbc3b2db047f73e30ae294bbe7cc78c,energy-spectral-flux-v1,421,source_amplitude_preserved_no_normalization
train,glass_breaking__fsd50k__dev__145559__0061__r0.wav,glass_breaking,FSD50K,dev,145559,freesound:145559,145559.wav,0.953129,44100,0.656032,1.0,0.428095,5.669897,9.474173,-15.0101,-9.5773,0,12119,00ae7f0859afb16365b5b9b9eb7a998333e2423a918e20e09ee0cec65243cc82,f95ccdd32ff934c071decff4d36fc8442735c95ccbe1c02e87c520544f37fba5,energy-spectral-flux-v1,421,source_amplitude_preserved_no_normalization
train,glass_breaking__fsd50k__dev__145562__0062__r0.wav,glass_breaking,FSD50K,dev,145562,freesound:145562,145562.wav,3.63542,44100,1.63381,1.0,0.398707,5.011271,26.484611,-29.4607,-0.6209,0,0,6c1ffa0c1dc9d101fd331b632846c99a6ea6e607fd627cd3c413c7f6b0a96b0d,6226fa133c5573539205214cfe2162f5dd7f42e5386f31634ac0f35a88f594e3,energy-spectral-flux-v1,421,source_amplitude_preserved_no_normalization
train,glass_breaking__fsd50k__dev__145563__0063__r0.wav,glass_breaking,FSD50K,dev,145563,freesound:145563,145563.wav,3.63542,44100,2.741293,1.0,0.252744,5.604408,25.372676,-47.9997,-6.7701,0,0,5c0a39c7540542861760e286808c6a9cf5349a171dd3ce2a894a884b8ac6a0f8,81d8fc69913b3ced8268be37a603c36fcf759a1a00ae1906c98ec04c19ccad8d,energy-spectral-flux-v1,421,source_amplitude_preserved_no_normalization
train,glass_breaking__fsd50k__dev__148073__0064__r0.wav,glass_breaking,FSD50K,dev,148073,freesound:148073,148073.wav,1.588481,44100,0.496395,1.0,0.222834,5.425541,19.446242,-53.7371,-18.241,0,0,13777cb5faebba8cea63c9c5aec24db3d31509bda3a922d9e98fe88c7f4540a9,0b02c63e2bfaa9b70b513159d9892b457fbad0b5fe848ed1bb2b13f568854214,energy-spectral-flux-v1,421,source_amplitude_preserved_no_normalization
train,glass_breaking__fsd50k__dev__148074__0065__r0.wav,glass_breaking,FSD50K,dev,148074,freesound:148074,148074.wav,1.700295,44100,0.416576,1.0,0.346032,6.398557,30.974593,-35.1143,-8.8106,0,0,b295928e439917947c776052bae2ec5f513c4f5fcd0892aecd80f2efa6cf055b,3b467f30a863158e6743440607b69f4e7bff109c9be879899ad7c58cd31e98e3,energy-spectral-flux-v1,421,source_amplitude_preserved_no_normalization
train,glass_breaking__fsd50k__dev__148075__0066__r0.wav,glass_breaking,FSD50K,dev,148075,freesound:148075,148075.wav,1.702154,44100,0.506372,1.0,0.264626,5.919384,18.317165,-46.8538,-23.3594,0,0,1d56097daa99e09b1684b2b05f59d6dc5dbcefee8e7a27ae32d8081f483fc657,a13f919d8b40b712a88cf0a5a3c820aefa4ee563e8a3359c78bd61f6485dae43,energy-spectral-flux-v1,421,source_amplitude_preserved_no_normalization
train,glass_breaking__fsd50k__dev__151305__0067__r0.wav,glass_breaking,FSD50K,dev,151305,freesound:151305,151305.wav,0.75,44100,0.246961,1.0,0.307642,6.526913,5.954059,-39.797,-39.3174,2676,8349,2fdec4231d7e0696a412fdbdf33cdfb8effdc035e06efec14e06893bc15bb9a4,242cccccf06a236b00cc67183c72de9d32b6ea478d985a95246dbe3816e1629b,energy-spectral-flux-v1,421,source_amplitude_preserved_no_normalization
train,glass_breaking__fsd50k__dev__152753__0068__r0.wav,glass_breaking,FSD50K,dev,152753,freesound:152753,152753.wav,3.529433,44100,1.788458,1.0,0.290522,5.517164,12.606367,-17.2716,-10.5591,0,0,cc27ef8f7b2fdebefa3579e13fac192b2c97696f5b8871303e7960fd2fc19026,1b93efbba7be7e786605fa8e307adeab5b167b022109bebf0c0f22dd71d46148,energy-spectral-flux-v1,421,source_amplitude_preserved_no_normalization
train,glass_breaking__fsd50k__dev__152754__0069__r0.wav,glass_breaking,FSD50K,dev,152754,freesound:152754,152754.wav,3.900952,44100,0.266916,1.0,0.325397,6.340831,33.387546,-53.3352,-8.6437,2579,0,95499942822246c4de9834dbf5e9096e65c88d373e71592809273c702ed48d3b,98e2d0235ae9de9297c7afbf0608cdcf3c888dbe09b8b90abfec4f1288f04485,energy-spectral-flux-v1,421,source_amplitude_preserved_no_normalization
train,glass_breaking__fsd50k__dev__152758__0070__r0.wav,glass_breaking,FSD50K,dev,152758,freesound:152758,152758.wav,4.96907,44100,3.175306,1.0,0.199887,5.771409,22.487898,-14.7383,-9.6958,0,0,920a47d27d53768e3d926095a8975b7c6ca2edcbc8b2f977f097bde42f7ad65b,fc038fdb5ac029c07534438324a4e11a6ec547a0ff8e6c40eb1f8c67ef6afb82,energy-spectral-flux-v1,421,source_amplitude_preserved_no_normalization
train,glass_breaking__fsd50k__dev__15285__0071__r0.wav,glass_breaking,FSD50K,dev,15285,freesound:15285,15285.wav,4.795374,44100,2.147642,1.0,0.396644,6.069932,6069931693.729503,-21.8723,-15.3034,0,0,675b18292bb6f9fb5c6a7fb180c3a49c1559df777ae4b2075bebec6e743ec06c,f75978a93bc89a6199d1de520c6990f3aac7903443c2998b156e6b3bb9076d9d,energy-spectral-flux-v1,421,source_amplitude_preserved_no_normalization
train,glass_breaking__fsd50k__dev__15394__0072__r0.wav,glass_breaking,FSD50K,dev,15394,freesound:15394,15394.wav,6.174467,44100,5.968957,1.0,0.239977,6.045353,11.125204,-36.2588,-23.6599,0,24454,2097a4fa9fe238da74f52fae321f255ed117eb75ad6b98dee411e1270bd32cfe,56c397861724d7f96661c7e02fbf6c24d235deea982fd3cd5574b4175fbfc809,energy-spectral-flux-v1,421,source_amplitude_preserved_no_normalization
train,glass_breaking__fsd50k__dev__156578__0073__r0.wav,glass_breaking,FSD50K,dev,156578,freesound:156578,156578.wav,1.601678,44100,0.745828,1.0,0.196939,6.446393,34.438357,-34.9615,-6.6435,0,0,dc9a4d58173f633d58d8b2fddb60e85fa1cf7aebf670f4b779ba095dd00b11b9,e8bcb25e199307b584a150b485c4fa782eea2291a8b5544f01a8d810c59bd74f,energy-spectral-flux-v1,421,source_amplitude_preserved_no_normalization
train,glass_breaking__fsd50k__dev__158140__0074__r0.wav,glass_breaking,FSD50K,dev,158140,freesound:158140,158140.wav,3.490272,44100,0.371678,1.0,0.208209,5.294629,11.241384,-15.6837,-14.274,0,0,a0c1b5e527504ab918afa742ec71d9f6b7d35d252498564c19b571b45985bd39,e87e5fe2293d306dd1351366a54a3af9c9f54c65a78cd71fd787b84ffcafec5d,energy-spectral-flux-v1,421,source_amplitude_preserved_no_normalization
train,glass_breaking__fsd50k__dev__158142__0075__r0.wav,glass_breaking,FSD50K,dev,158142,freesound:158142,158142.wav,5.490272,44100,0.461474,1.0,0.358844,5.794443,12.180902,-15.7824,-6.2933,0,0,6fc35818713c96adbdc4ce3ec0a670d7f4909658fe89d53acbbe4e7ea479c21d,9b3a143ed6c25284e2e67eb1db90e0023b12cef7cd2efb317fc0272e02439df1,energy-spectral-flux-v1,421,source_amplitude_preserved_no_normalization
train,glass_breaking__fsd50k__dev__158991__0076__r0.wav,glass_breaking,FSD50K,dev,158991,freesound:158991,158991.wav,1.014422,44100,0.222018,1.0,0.285601,5.771893,8.675299,-54.4887,-28.1024,2804,0,e42b45cbd185ed47348e0b5853d23b42fa644de3707b38256a3e83f7a60d4281,3f279e8c3c71009bcef040caa3719b045d3565716397f00e2041754a3d57d9d6,energy-spectral-flux-v1,421,source_amplitude_preserved_no_normalization
train,glass_breaking__fsd50k__dev__158993__0077__r0.wav,glass_breaking,FSD50K,dev,158993,freesound:158993,158993.wav,1.630499,44100,0.356712,1.0,0.293583,5.926741,13.149836,-19.1141,-6.7277,0,0,ef5bcb3c997bcbc893abe195a8a8705b0be02f237c7442e02ac894f8ab870768,8e761530149aec8f9ba99a1ead8e09038a48ac7a82bcbfec4b0cd47f99ace52e,energy-spectral-flux-v1,421,source_amplitude_preserved_no_normalization
train,glass_breaking__fsd50k__dev__158995__0078__r0.wav,glass_breaking,FSD50K,dev,158995,freesound:158995,158995.wav,1.326576,44100,0.057392,1.0,0.247914,5.468459,8.925705,-34.7862,-34.0664,8402,0,231c186215f25837ff7c44b7c33190f08cb4c2e8f4ebec47c8f71ae06b985d0d,85d33b2b98f9a9fbb019141e95bd2ef5aa8dda12c806e9ea97bf04338f6acceb,energy-spectral-flux-v1,421,source_amplitude_preserved_no_normalization
train,glass_breaking__fsd50k__dev__158997__0079__r0.wav,glass_breaking,FSD50K,dev,158997,freesound:158997,158997.wav,1.47873,44100,0.207052,1.0,0.438254,5.46851,18.047787,-13.6434,-5.9215,10196,0,3efe93461847ae5b6895482b04b9b694921c3e9fbabd5a96da3cec1a8644c8cb,701e7185936e1614d41ca51061255175aa2ab421b23db9dd6ffefb579ce65f24,energy-spectral-flux-v1,421,source_amplitude_preserved_no_normalization
train,glass_breaking__fsd50k__dev__159002__0080__r0.wav,glass_breaking,FSD50K,dev,159002,freesound:159002,159002.wav,1.249206,44100,0.446508,1.0,0.443197,4.76121,8.456972,-21.6765,-20.1312,0,0,905764efdafd090c4639f4f545ec5269588402b7e3b116742eb320da9085e190,832124c267456861236c89948b4422339efd5f9ecdb0f8fbc17527e95270cc44,energy-spectral-flux-v1,421,source_amplitude_preserved_no_normalization
train,glass_breaking__fsd50k__dev__159003__0081__r0.wav,glass_breaking,FSD50K,dev,159003,freesound:159003,159003.wav,0.73805,44100,0.072358,1.0,0.385578,5.821967,9.41524,-13.4396,-13.2353,13813,0,7530dfd52c0bf71b8dee17fdf872e9ed40e2e2dd4134db0858f775f4215a5209,d72d8abd5aee3f4fca32a6c3c0aa9fb01206d62793de4ea20398a9862c71dd0f,energy-spectral-flux-v1,421,source_amplitude_preserved_no_normalization
train,glass_breaking__fsd50k__dev__159004__0082__r0.wav,glass_breaking,FSD50K,dev,159004,freesound:159004,159004.wav,1.138798,44100,0.770771,1.0,0.435329,5.63478,8.122915,-33.3003,-18.8307,0,8672,6f98e6e46c8d6d3e4f2f4bec87146c6fc57fd025f68ff5cc8b25219f1aeecd83,c978a662ebf4d1a9d1620e19be13ae315e10448eafe445ed022e2625bace98af,energy-spectral-flux-v1,421,source_amplitude_preserved_no_normalization
train,glass_breaking__fsd50k__dev__159005__0083__r0.wav,glass_breaking,FSD50K,dev,159005,freesound:159005,159005.wav,1.028526,44100,0.047415,1.0,0.205011,4.835391,9.458742,-22.8759,-22.6034,6950,0,3a2ee6fe31d409928def7c085ec55889807b0ec9c7036f3294aaf63af9adfb43,38a5b910458075ee4a47fb271d91c4b054cae590109cf21491bd2500e540e6a2,energy-spectral-flux-v1,421,source_amplitude_preserved_no_normalization
train,glass_breaking__fsd50k__dev__159007__0084__r0.wav,glass_breaking,FSD50K,dev,159007,freesound:159007,159007.wav,0.999751,44100,0.052404,1.0,0.269229,4.8838,8.539389,-22.8413,-19.6365,9562,0,0de59d719635ee33f787b7a8498374bc1f0944d270d585fed76712f4d20a877f,df5c021f7e17768090b830f2d598d8abb55ab1bfe68002543a149b0155935e4d,energy-spectral-flux-v1,421,source_amplitude_preserved_no_normalization
train,glass_breaking__fsd50k__dev__159008__0085__r0.wav,glass_breaking,FSD50K,dev,159008,freesound:159008,159008.wav,1.120952,44100,0.047415,1.0,0.430136,4.704645,9.325834,-21.3882,-17.0314,16878,0,42b40743f224130585685925c48a78513af2b77be4c368b8c1cc38eddf70206c,f46bd8240bbea8e94bba6fec766c480634e85d03cd94a0c84ac9087089fb9d36,energy-spectral-flux-v1,421,source_amplitude_preserved_no_normalization
train,glass_breaking__fsd50k__dev__160759__0086__r0.wav,glass_breaking,FSD50K,dev,160759,freesound:160759,160759.wav,2.414172,44100,1.154898,1.0,0.353061,7.0577,32.929329,-35.1116,-18.613,0,0,edc7a556e2fe74265391de45dd6053733dc668cb1ee2aa2dcbee59a6a67558bf,288e94058564bf80007b9fb96fb0b1ddf8e5aba97bc1936f185c242520b24571,energy-spectral-flux-v1,421,source_amplitude_preserved_no_normalization
train,glass_breaking__fsd50k__dev__162865__0087__r0.wav,glass_breaking,FSD50K,dev,162865,freesound:162865,162865.wav,4.337687,44100,0.167143,1.0,0.308005,6.5,16.766966,-35.9913,-22.9713,6212,0,2e9985c09b22623085741a981bbba9f19f3ee41cfb8566589eb64f195045215c,204521e197c07bd73b8cebd83f1865fd63bd68cc5ecec854d5fbc3efa4fb2180,energy-spectral-flux-v1,421,source_amplitude_preserved_no_normalization
train,glass_breaking__fsd50k__dev__163731__0088__r0.wav,glass_breaking,FSD50K,dev,163731,freesound:163731,163731.wav,1.784626,44100,0.58619,1.0,0.198027,5.830668,14.183386,-29.4083,-28.1763,0,0,d54c240925a2817c127fc32f243307e778e0375bd7a908e44a29187a40c7ca82,c99019c95787d169b1359cc7a6ccbd5e40b1d95c2cd1e82f9b5489baabcfcf7a,energy-spectral-flux-v1,421,source_amplitude_preserved_no_normalization
train,glass_breaking__fsd50k__dev__164328__0089__r0.wav,glass_breaking,FSD50K,dev,164328,freesound:164328,164328.wav,19.18585,44100,14.679161,1.0,0.438231,5.881749,23.920337,-15.4494,-7.0651,0,0,145610fe456edab637d1e9e2f289cd0ba049e3c17b7ca16926debcb0b8065d32,ca360b242df6878cc4b7456415e8983ac548e7818a4380241bb1185d8a0c053f,energy-spectral-flux-v1,421,source_amplitude_preserved_no_normalization
train,glass_breaking__fsd50k__dev__164329__0090__r0.wav,glass_breaking,FSD50K,dev,164329,freesound:164329,164329.wav,18.885556,44100,7.924512,1.0,0.289637,7.422904,20.277877,-50.6895,-10.9882,0,0,18425eb26dbfda6c6f523d282a5fc43a9f131e4c4e8590b7a6890ff24ad58172,1921869ce89c56e2944af16f639a93f1a7cf4b50c1423e7682be26f009e1bfa3,energy-spectral-flux-v1,421,source_amplitude_preserved_no_normalization
train,glass_breaking__fsd50k__dev__164330__0091__r0.wav,glass_breaking,FSD50K,dev,164330,freesound:164330,164330.wav,2.502517,44100,1.18483,1.0,0.329161,7.536442,9.357399,-24.5267,-9.6054,0,0,2518a46355eedcd338ee3db97b81a2766a5d292ce080eaf3c5e0ed13cb95048d,f9200b744bb1fdc55da905b10447ff5feeefe97f30fae6faed3644f0c0c282f3,energy-spectral-flux-v1,421,source_amplitude_preserved_no_normalization
train,glass_breaking__fsd50k__dev__164332__0092__r0.wav,glass_breaking,FSD50K,dev,164332,freesound:164332,164332.wav,21.287959,44100,20.850136,1.0,0.398526,8.064464,19.525399,-43.9656,-11.8706,0,7217,fd26b936cac954013a5a7e376b4ad6724bdf1c600d01996dcb67bbd5aa636b19,33b4d8bbf003ee1641c4a3fa6a0a2638ab003e7331b39bce83c05f9fdbe83433,energy-spectral-flux-v1,421,source_amplitude_preserved_no_normalization
train,glass_breaking__fsd50k__dev__164539__0093__r0.wav,glass_breaking,FSD50K,dev,164539,freesound:164539,164539.wav,3.787891,44100,1.339478,1.0,0.43644,5.478659,41.685275,-23.6887,-12.331,0,0,032a21457f7d9a6bbbb2fd5b1009314ca3758f7dd05b68df949896b6bdb3ffc0,f94746d6ee09d2db5d080fd6251cbeb2e6bac3bd6c3b2cd3d9ea469d438d216f,energy-spectral-flux-v1,421,source_amplitude_preserved_no_normalization
train,glass_breaking__fsd50k__dev__164540__0094__r0.wav,glass_breaking,FSD50K,dev,164540,freesound:164540,164540.wav,3.666032,44100,0.890499,1.0,0.368617,4.996239,35.614932,-22.0996,-18.0765,0,0,c6d0e6b99feab9bd0f3de982dbf712097057ff9bf34f618967883cc0551df845,dca1e29dad0a249355c1663b9d2f68d08b9b32a16e6901299a4a33db9bdf64a2,energy-spectral-flux-v1,421,source_amplitude_preserved_no_normalization
train,glass_breaking__fsd50k__dev__164541__0095__r0.wav,glass_breaking,FSD50K,dev,164541,freesound:164541,164541.wav,3.882993,44100,1.683696,1.0,0.433923,5.34224,18.814949,-53.9343,-14.3299,0,0,602dae0b7c8ea1f081028136aa9c54e7e62463d893cc869d23b1020464e2ff0c,f3402cd7bb5d06ddfbe0ff66a258d5f86b48a3d1496ae39563cea684d28e4d64,energy-spectral-flux-v1,421,source_amplitude_preserved_no_normalization
train,glass_breaking__fsd50k__dev__164542__0096__r0.wav,glass_breaking,FSD50K,dev,164542,freesound:164542,164542.wav,3.874694,44100,0.531315,1.0,0.384331,6.461309,24.929761,-56.5223,-15.997,0,0,96f3fa4601ec90eb9030761d2b8a001e1f6101f13199e137a62a0186113743ee,2c0a91386e95f8c6cc74b024281f410ae04dcbebe02532f6ac5944663d39b1e8,energy-spectral-flux-v1,421,source_amplitude_preserved_no_normalization
train,glass_breaking__fsd50k__dev__166732__0097__r0.wav,glass_breaking,FSD50K,dev,166732,freesound:166732,166732.wav,2.821224,44100,0.311814,1.0,0.299478,7.008204,49.682931,-53.9552,-10.8107,0,0,8c3ca402f64b35109ad66b50a1ea4825d457ca99bfd5c0adfc3dacdb9c9ba63c,3d36e439ecc1355907be50151697ed8f8667bfc889a66d1192c2c30063f007cc,energy-spectral-flux-v1,421,source_amplitude_preserved_no_normalization
train,glass_breaking__fsd50k__dev__173557__0098__r0.wav,glass_breaking,FSD50K,dev,173557,freesound:173557,173557.wav,3.783447,44100,2.86102,1.0,0.187891,6.143943,28.020646,-39.2103,-8.0192,0,0,dcd8a20dce0c37f491c8a5eba685d7d1957e513432c7caefc1c412003ca389c0,240acc7c760d28ef169c0e9a3d6ee4e74573f14c3ed5e8806c227bed4409a05a,energy-spectral-flux-v1,421,source_amplitude_preserved_no_normalization
train,glass_breaking__fsd50k__dev__173558__0099__r0.wav,glass_breaking,FSD50K,dev,173558,freesound:173558,173558.wav,2.851723,44100,0.815669,1.0,0.223152,5.858705,19.694554,-25.7892,-10.1101,0,0,3dd286a9ea042405de4e33d52b777f0cd3457e1d0c399fd8c407b1f8f186258a,905323661ccfba21d2e5e7941fe905eac3a39d12c95673f5c7230e2bc355b9ce,energy-spectral-flux-v1,421,source_amplitude_preserved_no_normalization
train,glass_breaking__fsd50k__dev__173559__0100__r0.wav,glass_breaking,FSD50K,dev,173559,freesound:173559,173559.wav,4.958095,44100,2.576667,1.0,0.324059,7.335443,35.049474,-40.3793,-5.7573,0,0,82ebf851f6cd8fa7bf2592e9467c853ccd2a482710758ffea1094ea7bdce174f,88bf4cbe059971fae2febd572ad87b2b524ad4094bc2e9cb41275157b4991bf6,energy-spectral-flux-v1,421,source_amplitude_preserved_no_normalization
train,glass_breaking__fsd50k__dev__173560__0101__r0.wav,glass_breaking,FSD50K,dev,173560,freesound:173560,173560.wav,5.231701,44100,2.15263,1.0,0.237347,5.826901,43.026779,-23.2937,-2.0503,0,0,61464e63272056554376d3735120e4744ad8670da38bffaff5fd42b9d5ff8c3a,0f749e9924060bacf42e0210b8fd751d91042449922ec7f1b4e465c9570f7c47,energy-spectral-flux-v1,421,source_amplitude_preserved_no_normalization
train,glass_breaking__fsd50k__dev__173576__0102__r0.wav,glass_breaking,FSD50K,dev,173576,freesound:173576,173576.wav,4.850181,44100,0.296848,1.0,0.24551,6.165035,34.950911,-18.6157,-7.4072,0,0,266ab1d1fcb8db411c8d0da52e26b6cf75feb6c9697849bc0fe7e72da5ca30e4,6153782a4e1771cf45c4edfb8e097db6fb9f77bf2a58cfb20afc340c9adbf78c,energy-spectral-flux-v1,421,source_amplitude_preserved_no_normalization
train,glass_breaking__fsd50k__dev__173577__0103__r0.wav,glass_breaking,FSD50K,dev,173577,freesound:173577,173577.wav,5.298798,44100,0.446508,1.0,0.307551,5.793178,35.244606,-12.6411,-6.7301,0,0,14c7cd8a010aad09a1d79a5b49da6514805951d9e99602a66bff9fd2434d6790,01671c639007b47d71c16625f607532d08e5f43d4fa189a528f3a6d6194d670a,energy-spectral-flux-v1,421,source_amplitude_preserved_no_normalization
train,glass_breaking__fsd50k__dev__173579__0104__r0.wav,glass_breaking,FSD50K,dev,173579,freesound:173579,173579.wav,4.272857,44100,1.793447,1.0,0.347596,4.947982,33.596622,-20.8923,-5.8234,0,0,f3bb5499d8a7485b9e20a13b78634b681b974b8a8b75a67a22313798e2671fba,57ee8da9f9645415819caf8022f5f7ace9f15004fd06a3cc995dbce1729fca0a,energy-spectral-flux-v1,421,source_amplitude_preserved_no_normalization
train,glass_breaking__fsd50k__dev__173580__0105__r0.wav,glass_breaking,FSD50K,dev,173580,freesound:173580,173580.wav,3.795374,44100,2.541746,1.0,0.377914,6.447761,29.469092,-31.058,-9.1015,0,0,579a79a117fe2deb52caef4912d299b66317a5e1b4ed3e7d95168b741724ef69,3ce2886c7c9b714c5d1c6332fc2e704457841247bc52f6d2ad8a157f5e1b6886,energy-spectral-flux-v1,421,source_amplitude_preserved_no_normalization
train,glass_breaking__fsd50k__dev__173581__0106__r0.wav,glass_breaking,FSD50K,dev,173581,freesound:173581,173581.wav,3.520159,44100,0.047415,1.0,0.238889,7.83863,29.537859,-9.4854,-7.1201,8444,0,97f0b2d94e240cc82fd1bf12fb3e2e668c08e2d439c450ee6bc7f337d2c26852,2b9627e488adea497c8da55d21e54c78d8dd877f45a343703288c6c3a7f00d21,energy-spectral-flux-v1,421,source_amplitude_preserved_no_normalization
train,glass_breaking__fsd50k__dev__173585__0107__r0.wav,glass_breaking,FSD50K,dev,173585,freesound:173585,173585.wav,4.918821,44100,0.02746,1.0,0.212426,8.486438,28.660819,-11.7335,-9.0123,8157,0,c912d3aadc9d86f36e28da4aeee5049eab052ffee311cb64f7193f271b23eb2c,993dca4fd87f6a239d3cd7332ad74fa8f9e310001929545f56d6d19ba9bfa032,energy-spectral-flux-v1,421,source_amplitude_preserved_no_normalization
train,glass_breaking__fsd50k__dev__173591__0108__r0.wav,glass_breaking,FSD50K,dev,173591,freesound:173591,173591.wav,2.669841,44100,2.222472,1.0,0.325261,7.432203,17.344249,-45.9625,-6.6384,0,10027,05c0d0a244f82feb8f1d5baa5ee58080fb85b1551bddc14d16e3ee17ebfa4e22,cf16d40ebc5fe30b7c7d9cebfd124a95e8c212d396247c0b641a0260ebdcf48c,energy-spectral-flux-v1,421,source_amplitude_preserved_no_normalization
train,glass_breaking__fsd50k__dev__173592__0109__r0.wav,glass_breaking,FSD50K,dev,173592,freesound:173592,173592.wav,6.05551,44100,0.02746,1.0,0.243855,7.783275,36.681562,-10.4753,-5.55,9543,0,aa9e7840fff59774cd0c4f25bd6488fff855e628358f8b8e5c5a14a2e23d6376,3cee85c5f250ec4a0ee22d61eaf6b185d57173e42ed71b3c0da4ecb6b6acd0c3,energy-spectral-flux-v1,421,source_amplitude_preserved_no_normalization
train,glass_breaking__fsd50k__dev__173593__0110__r0.wav,glass_breaking,FSD50K,dev,173593,freesound:173593,173593.wav,3.767778,44100,2.22746,1.0,0.333968,5.951132,19.478863,-28.7151,-6.5436,0,0,14a1c0861086015bd575d98f85d7e9941ced67945ec146d67f3173e3e42900de,b25596411b5f491bc14787c8002ba13f275f348f2348a966b0fbf74a118fcd93,energy-spectral-flux-v1,421,source_amplitude_preserved_no_normalization
train,glass_breaking__fsd50k__dev__173594__0111__r0.wav,glass_breaking,FSD50K,dev,173594,freesound:173594,173594.wav,4.264512,44100,1.778481,1.0,0.413719,5.754947,31.246491,-19.1769,-3.7114,0,0,8c0016e49ceaf746372d5ed2b9014da231f53beb072d6a4214ae99eeb964b427,a5956bd4d4df7fcb48f71dfc0afeebf36ddec7897dececd0a5ef9e92a889f9b0,energy-spectral-flux-v1,421,source_amplitude_preserved_no_normalization
train,glass_breaking__fsd50k__dev__173595__0112__r0.wav,glass_breaking,FSD50K,dev,173595,freesound:173595,173595.wav,4.254014,44100,2.656485,1.0,0.293152,5.457428,21.138577,-46.4733,-7.6117,0,0,477db52331ae9087ad48178354e5eec3243cb4d23fb5b51544b40f88990771f0,6e1e57e90a20815aaa9f35a3c5cb87a7c44a2c9d8276d1d9f108eb4dec4466bd,energy-spectral-flux-v1,421,source_amplitude_preserved_no_normalization
train,glass_breaking__fsd50k__dev__173600__0113__r0.wav,glass_breaking,FSD50K,dev,173600,freesound:173600,173600.wav,3.782268,44100,2.247415,1.0,0.210476,6.773951,18.50542,-35.0306,-5.852,0,0,b3e081aba70cbf075a96e179233cbc62152733ae1676125abdf16c5ced2c5ee1,1ea6672c9c55977d24dd89b52dd0b27328ecf6d62bb013f6a6baeeb7a57af4d7,energy-spectral-flux-v1,421,source_amplitude_preserved_no_normalization
train,glass_breaking__fsd50k__dev__173601__0114__r0.wav,glass_breaking,FSD50K,dev,173601,freesound:173601,173601.wav,3.963197,44100,3.319977,1.0,0.348367,6.612068,24.051363,-47.4674,-5.3729,0,371,465c57bab4fef539bff44cd081bd7c01fa1f4380acef8c4d1a8533d5bfbd4f76,43416278d86fd3233af5a3f01d64bee8e6c46a12f40d1c3cd6ae54b19ff17d12,energy-spectral-flux-v1,421,source_amplitude_preserved_no_normalization
train,glass_breaking__fsd50k__dev__173602__0115__r0.wav,glass_breaking,FSD50K,dev,173602,freesound:173602,173602.wav,3.868277,44100,2.661474,1.0,0.333878,5.993837,25.241321,-42.5253,-8.5811,0,0,705203f25c6a0b25a3b0e2a93a0baf7dfcb88d3790b541fefa097759ef521331,e7b77e74d7ab9fdb9158db1202e59d44f5aacb511d06084b6a66a81faba5c2e9,energy-spectral-flux-v1,421,source_amplitude_preserved_no_normalization
train,glass_breaking__fsd50k__dev__173604__0116__r0.wav,glass_breaking,FSD50K,dev,173604,freesound:173604,173604.wav,3.955488,44100,0.037438,1.0,0.207937,7.028683,24.895229,-12.5847,-6.869,7519,0,084643abed60dd9c371e7a3a0223215b06adbf40faad9b524a90fca41b69400e,a812fa59a926ba643ea573fd2506dcf9be73af2918946bfa757e45f709398692,energy-spectral-flux-v1,421,source_amplitude_preserved_no_normalization
train,glass_breaking__fsd50k__dev__173605__0117__r0.wav,glass_breaking,FSD50K,dev,173605,freesound:173605,173605.wav,4.5022,44100,1.359433,1.0,0.294104,6.035997,22.788365,-20.1535,-9.0221,0,0,ba99bc780b84c8589708bec2211c21a9addf4ec3e1e99b8c2d0c9c7a57f4be10,b6921dd69a5fd9d50bc105d08fa46cf706c15fe0b73910e9ccc1cb1155438275,energy-spectral-flux-v1,421,source_amplitude_preserved_no_normalization
train,glass_breaking__fsd50k__dev__173606__0118__r0.wav,glass_breaking,FSD50K,dev,173606,freesound:173606,173606.wav,4.756621,44100,0.037438,1.0,0.413016,5.5459,29.182406,-13.25,-7.0941,16563,0,222f37d5f324e0afaa17a72dcab0cbcf4531c89847c04d58aebdab9af0fffc89,c7914ec4915c4ff74086cc4b7db8995853aaf9ce21682202dbbcf4b494a52d0c,energy-spectral-flux-v1,421,source_amplitude_preserved_no_normalization
train,glass_breaking__fsd50k__dev__173607__0119__r0.wav,glass_breaking,FSD50K,dev,173607,freesound:173607,173607.wav,4.651859,44100,0.032449,1.0,0.207868,7.14219,37.974837,-9.0563,-5.8603,7736,0,9f19f4891f133d36533a81bc547579d05d8993ed58c651dcb9ac13824dab7e96,da0e1dd69139e0152cf8f62b81d14c4fea1984a2b32bfaa753a76a6658811f87,energy-spectral-flux-v1,421,source_amplitude_preserved_no_normalization
train,glass_breaking__fsd50k__dev__173608__0120__r0.wav,glass_breaking,FSD50K,dev,173608,freesound:173608,173608.wav,5.274399,44100,0.32678,1.0,0.221406,4.990769,33.612344,-27.4155,-10.1675,0,0,7cd53752b8d3b863986314e87149a41ac3b67604805be1488108c8e6656498ff,e376dd60b9a089477a66abae283768a7219023f1ce3ef2c80d9c4b5507c4852f,energy-spectral-flux-v1,421,source_amplitude_preserved_no_normalization
train,glass_breaking__fsd50k__dev__173609__0121__r0.wav,glass_breaking,FSD50K,dev,173609,freesound:173609,173609.wav,5.462109,44100,2.417029,1.0,0.184218,5.545837,16.19321,-44.6055,-9.581,0,0,ee0b0d1ddf8e9a9d0e1463637de9694f6047e62bd1b9ebbbd77eb87b518903b3,b084b0dc66b8fe2bbecf8dbd58129d636bf122b7e76de9fb3466778d0e0c1d84,energy-spectral-flux-v1,421,source_amplitude_preserved_no_normalization
train,glass_breaking__fsd50k__dev__173610__0122__r0.wav,glass_breaking,FSD50K,dev,173610,freesound:173610,173610.wav,4.480862,44100,0.022472,1.0,0.241066,8.123877,49.94009,-13.7802,-8.9911,9640,0,081fb32e96917f10d6555faa4e2119b97dcc47249d5ab41b7ba9f1f2968fa4d9,e3dfe70cd87656fbaf2e09f66cc1cb1c4847973857fe2f600a7eb609b301b3ca,energy-spectral-flux-v1,421,source_amplitude_preserved_no_normalization
train,glass_breaking__fsd50k__dev__173611__0123__r0.wav,glass_breaking,FSD50K,dev,173611,freesound:173611,173611.wav,4.751111,44100,0.06737,1.0,0.287846,8.0877,47.946259,-16.5604,-6.9369,9723,0,46934261f0e301348b9ec5523896ae4bfe719e2bd19db8751164aa9ef96db2fb,c1de5f67b038b20d61869beb5e0175ed2cac9737fbd5dc02f1255af25ccad445,energy-spectral-flux-v1,421,source_amplitude_preserved_no_normalization
train,glass_breaking__fsd50k__dev__173613__0124__r0.wav,glass_breaking,FSD50K,dev,173613,freesound:173613,173613.wav,4.435011,44100,0.172132,1.0,0.223628,6.012008,39.155434,-9.8368,-4.5573,2271,0,ecc10d1416b7a56af2dcc366b677595f5c2c4a0c795184ce7b5c36af11a9515e,6891e4d91939704c150b4f93823273acfcb4bbbdada50086d398f9989a7396cd,energy-spectral-flux-v1,421,source_amplitude_preserved_no_normalization
train,glass_breaking__fsd50k__dev__173614__0125__r0.wav,glass_breaking,FSD50K,dev,173614,freesound:173614,173614.wav,4.889116,44100,2.382109,1.0,0.196077,6.143194,21.420697,-24.9873,-5.0189,0,0,38e38f9d17ba65dd869fd2871f3b3788d8f823fd1049084ce5d743847c2984e8,3262ce6ac21f1e54a4bacfa417019264449959ef56b3dfc8190d6f0f9380d513,energy-spectral-flux-v1,421,source_amplitude_preserved_no_normalization
train,glass_breaking__fsd50k__dev__173618__0126__r0.wav,glass_breaking,FSD50K,dev,173618,freesound:173618,173618.wav,9.88254,44100,0.022472,1.0,0.448821,7.637334,29.737836,-9.6095,-5.3249,18802,0,8f989119747f87f2f395ae93e8a2318f8799a3a0ef3350c273dbda16c30f67e5,00064be4f7ceed3d20a7948d6e5eb1f78c9ca9e37f3e56b0b9dc9b622e297611,energy-spectral-flux-v1,421,source_amplitude_preserved_no_normalization
train,glass_breaking__fsd50k__dev__173619__0127__r0.wav,glass_breaking,FSD50K,dev,173619,freesound:173619,173619.wav,5.399637,44100,0.197075,1.0,0.312993,7.046735,48.497132,-17.0873,-10.3842,5112,0,786f0e77c09a3d12479a5fec46834a7167f8e2ba27e4398fa4a9a963905abb97,dbaabb89cdf942fb21e301d1d99efccf77bf18377f6f5b4e6aa9e94109bba756,energy-spectral-flux-v1,421,source_amplitude_preserved_no_normalization
train,glass_breaking__fsd50k__dev__173621__0128__r0.wav,glass_breaking,FSD50K,dev,173621,freesound:173621,173621.wav,5.390249,44100,3.135397,1.0,0.309683,5.927461,35.4795,-28.4951,-3.2611,0,0,9e330f1e1e22bee5a8adab26bd356ebc87e1e719abf7800e94b6ff81cc7f9850,cf505afede174337cfed1f2102b05046db34fa1d4dad9e1c61b37abbad746ee8,energy-spectral-flux-v1,421,source_amplitude_preserved_no_normalization
train,glass_breaking__fsd50k__dev__173622__0129__r0.wav,glass_breaking,FSD50K,dev,173622,freesound:173622,173622.wav,4.976576,44100,0.022472,1.0,0.306009,8.148989,31.987115,-8.7003,-3.1154,12504,0,39f96c9fb5b0e25ca08bb115e7f07b550023d2887835f24f320f15b6e8a91a7b,51710d4f9c616834159b8be649644fa03fe0922f49228fc9e48f9e11bfa9dfe6,energy-spectral-flux-v1,421,source_amplitude_preserved_no_normalization
train,glass_breaking__fsd50k__dev__173623__0130__r0.wav,glass_breaking,FSD50K,dev,173623,freesound:173623,173623.wav,3.181791,44100,0.047415,1.0,0.443401,5.204395,21.106463,-9.9668,-2.5283,17463,0,523b51e03bf5a13863f659a2c398e5b2fdc258e5e2cebd1e897be0129e31b120,662878255f6a6f3b5b3ae582ed540cf5d8321442edf2da4153080160320206f6,energy-spectral-flux-v1,421,source_amplitude_preserved_no_normalization
train,glass_breaking__fsd50k__dev__174747__0131__r0.wav,glass_breaking,FSD50K,dev,174747,freesound:174747,174747.wav,2.445601,44100,0.58619,1.0,0.373537,7.345892,35.549766,-33.3699,-3.8153,0,0,7aa35ed20180ecca13a37780dfa6c56e5c429c8a5456bd47b46cd87d501d7e32,13f78976a767159dcb6cc87e2f5cfe0f6d5f8aaef69709d2f4064505c5ce31b4,energy-spectral-flux-v1,421,source_amplitude_preserved_no_normalization
train,glass_breaking__fsd50k__dev__174749__0132__r0.wav,glass_breaking,FSD50K,dev,174749,freesound:174749,174749.wav,7.87839,44100,0.411587,1.0,0.196168,8.0,14.588535,-47.9359,-6.9246,0,0,c88b11180e328c8abde6ec556f96d41e429a847049c4ce159ea2a54b837bee2e,677dc51d99ac1e1e871918d3f4443cda8b673a90001a93f2cd574988d89ce2c1,energy-spectral-flux-v1,421,source_amplitude_preserved_no_normalization
train,glass_breaking__fsd50k__dev__174750__0133__r0.wav,glass_breaking,FSD50K,dev,174750,freesound:174750,174750.wav,2.823016,44100,1.803424,1.0,0.27737,5.883716,20.264483,-27.6877,-7.3854,0,0,28f879f41c1d30831ad958784cc21b1b376b65a173be7a894e4e944a44bb9a23,367d00c5e8cb899799416777beb36680e9bd26d4bab98573b74fda9145c95b49,energy-spectral-flux-v1,421,source_amplitude_preserved_no_normalization
train,glass_breaking__fsd50k__dev__174863__0134__r0.wav,glass_breaking,FSD50K,dev,174863,freesound:174863,174863.wav,6.607007,44100,1.873265,1.0,0.244036,5.182049,26.685678,-21.0,-17.2463,0,0,47c3454e1578e9707fec967dad738ccee4e6cd4f0aaca8cc9cd9444e201c91a0,42f029c1780a743d9a3ecc1888a36a6d7c400f9352ab0a92ee702af030eb424c,energy-spectral-flux-v1,421,source_amplitude_preserved_no_normalization
train,glass_breaking__fsd50k__dev__174865__0135__r0.wav,glass_breaking,FSD50K,dev,174865,freesound:174865,174865.wav,16.872336,44100,12.304558,1.0,0.229161,9.414398,21.167843,-18.8845,-17.8248,0,0,c69e12d2830241c8a40d00478fd4f407e0bf855f87e6af92527b48353bfd0be3,d3d531485f6f31552a0e27b67d939870ff73a61076c86d6e605c5c4202935c0a,energy-spectral-flux-v1,421,source_amplitude_preserved_no_normalization
train,glass_breaking__fsd50k__dev__176226__0136__r0.wav,glass_breaking,FSD50K,dev,176226,freesound:176226,176226.wav,2.402063,44100,0.611134,1.0,0.419705,7.216895,56.031494,-18.8645,-13.2821,0,0,9df8522f87a1314bea44796ad68f67bc6f32e136a938b21b2b8da66c99caed64,5940e0491ffe4ec015cc046ec74a827e45130a4956d5f2d507546177d0cfa452,energy-spectral-flux-v1,421,source_amplitude_preserved_no_normalization
train,glass_breaking__fsd50k__dev__176227__0137__r0.wav,glass_breaking,FSD50K,dev,176227,freesound:176227,176227.wav,20.405351,44100,0.052404,1.0,0.301723,5.570163,74.621849,-17.8479,-11.4264,10995,0,eb2bfdbd029430edf1bc6929b7d0fd5f0855e7cb69fad8aab9ebb9f97df0ccd9,3614e621f66593ba3b822a7f085c4f8872a0bbc68c9d3451f9d077b26b8d5297,energy-spectral-flux-v1,421,source_amplitude_preserved_no_normalization
train,glass_breaking__fsd50k__dev__176650__0138__r0.wav,glass_breaking,FSD50K,dev,176650,freesound:176650,176650.wav,27.306667,44100,25.679161,1.0,0.419138,7.483385,12.381086,-35.6022,-2.8141,0,0,a9fc679fb1e84b4e20cca5da2a8a6207522295c3472967cb52032d18b513a02d,79cb72ed5833b6834d3cff56c6b8cbda85c67028b851cd8c0339f73939d4a611,energy-spectral-flux-v1,421,source_amplitude_preserved_no_normalization
train,glass_breaking__fsd50k__dev__178282__0139__r0.wav,glass_breaking,FSD50K,dev,178282,freesound:178282,178282.wav,11.78542,44100,11.202063,1.0,0.344739,6.154318,19.587027,-50.0977,-15.2434,0,3171,b1f849c92ae12e33c4a0e52c8f9505de9ccfad8e2fb134eb5a7a9074d09e4bb6,b43f99b7ff9f1c2f5e1e23d258973f7f95a1e721109229d3ab8703e032af084f,energy-spectral-flux-v1,421,source_amplitude_preserved_no_normalization
train,glass_breaking__fsd50k__dev__178582__0140__r0.wav,glass_breaking,FSD50K,dev,178582,freesound:178582,178582.wav,7.42839,44100,0.815669,1.0,0.248095,5.640587,11.847229,-32.0637,-10.4662,0,0,f7237270ee49ce38dd58ea712ce533850803fb528a5f5f1dada7721f6b34f113,4f108a828e50e885d0e76929e7ee0e2c935febbb740626fb54c11b915f20ec23,energy-spectral-flux-v1,421,source_amplitude_preserved_no_normalization
train,glass_breaking__fsd50k__dev__179171__0141__r0.wav,glass_breaking,FSD50K,dev,179171,freesound:179171,179171.wav,0.676871,44100,0.441519,1.0,0.341633,2.331772,13.59702,-50.2606,-15.438,0,18655,99ab1989dfda48c2b6c511d023795db160092455afab50031eb392acf8d0cfda,3d68480b990b65f7b1e60632e1dfd8e362d232e6b1c3e60158d29536be7b7f86,energy-spectral-flux-v1,421,source_amplitude_preserved_no_normalization
train,glass_breaking__fsd50k__dev__179172__0142__r0.wav,glass_breaking,FSD50K,dev,179172,freesound:179172,179172.wav,0.98059,44100,0.451497,1.0,0.207234,5.571603,57.410738,-45.0438,-11.3627,0,11628,1a13ae6faba6864d583adcd6d85f8c51f3aa8d2b18c368ade9471a7b305861f7,ce2e98c5b82934d47da5fb1d4c4f837ef09dbd06830959792692e56cddedd248,energy-spectral-flux-v1,421,source_amplitude_preserved_no_normalization
train,glass_breaking__fsd50k__dev__179173__0143__r0.wav,glass_breaking,FSD50K,dev,179173,freesound:179173,179173.wav,0.458934,44100,0.17712,1.0,0.39542,2.904909,17.524072,-55.4793,-13.9743,9627,14234,0879ebe73caf45eea8ad4e6cb608c197f453957d961320ab54e27fd73da687fc,13b07d486371a0f2f141de32bdfab2a50c4521f41605db43883ae8b9b9802f10,energy-spectral-flux-v1,421,source_amplitude_preserved_no_normalization
train,glass_breaking__fsd50k__dev__179174__0144__r0.wav,glass_breaking,FSD50K,dev,179174,freesound:179174,179174.wav,0.742993,44100,0.197075,1.0,0.397937,1.461662,14.483287,-53.2923,-10.0868,8858,2476,59cd10e6b18b32c42c38e0b02388264468f95d01febf5c6bc3297d72a8490d85,d9f5e558fa6509a772edc72a97b73b244eab20fe8a534e39496e688bc492b630,energy-spectral-flux-v1,421,source_amplitude_preserved_no_normalization
train,glass_breaking__fsd50k__dev__179175__0145__r0.wav,glass_breaking,FSD50K,dev,179175,freesound:179175,179175.wav,0.561882,44100,0.207052,1.0,0.297868,5.305409,29.528176,-39.451,-14.2548,4005,15316,2b3d3b196826faec8d93c9f7e2614fd4bee5b465b5e3a75de997c2e9b9e1efb7,1a494a54a7f901788b7ebff1579397094c223ac14a0fbbe471f130d1836e2798,energy-spectral-flux-v1,421,source_amplitude_preserved_no_normalization
train,glass_breaking__fsd50k__dev__179177__0146__r0.wav,glass_breaking,FSD50K,dev,179177,freesound:179177,179177.wav,1.185646,44100,0.990272,1.0,0.256871,5.306877,30.344168,-58.7881,-14.6675,0,24156,b20be327ab2eb7102f5e23eb12c51db185a212e15cdd435770b65ac1ac481768,9f66353c8e33a6ea2e7b89d302ca07c24a170ad88d493284ab1f27f6b79430c0,energy-spectral-flux-v1,421,source_amplitude_preserved_no_normalization
train,glass_breaking__fsd50k__dev__179227__0147__r0.wav,glass_breaking,FSD50K,dev,179227,freesound:179227,179227.wav,5.695828,44100,4.282789,1.0,0.209569,6.282846,21.571476,-45.1853,-15.1635,0,0,63e17c265b08968d4c08fe59fca1a800627c1ae9a6b568dc360c46152c1b1c7a,082a75805b34c5fea30960c77c6566a8a0b1c14783f8cf5e9b069f3233a592d0,energy-spectral-flux-v1,421,source_amplitude_preserved_no_normalization
train,glass_breaking__fsd50k__dev__179228__0148__r0.wav,glass_breaking,FSD50K,dev,179228,freesound:179228,179228.wav,8.166145,44100,2.721338,1.0,0.224535,6.239499,34.111847,-14.7661,-13.9587,0,0,49cf00e5f225abf1f3292de50d380530e06cee0610aaac0a2c71c3545f936070,1e10bad1f0123484980dea32368ff480f8a4b8b136f8c8f10ee0976a9d3bc6cd,energy-spectral-flux-v1,421,source_amplitude_preserved_no_normalization
train,glass_breaking__fsd50k__dev__179229__0149__r0.wav,glass_breaking,FSD50K,dev,179229,freesound:179229,179229.wav,6.430204,44100,0.396621,1.0,0.422653,6.474579,42.201426,-25.9017,-10.4936,1148,0,b383b532980739cd0cf618f921e4e57f80f29b0e133a569294dcec5e2e400cf9,151715274de8251e888899da1446f9c61440d07c27bddcc0f4adc4984d572bd4,energy-spectral-flux-v1,421,source_amplitude_preserved_no_normalization
train,glass_breaking__fsd50k__dev__179230__0150__r0.wav,glass_breaking,FSD50K,dev,179230,freesound:179230,179230.wav,4.28644,44100,3.38483,1.0,0.425465,6.189579,22.545908,-41.1604,-11.141,0,0,82f9beb7239c174f676aa8431b1cda28d0563ad57fba8bc4cf49e9213a1cb2bc,f7b6b746a5f55d11d9cfb88577143651eff8f93764bf0e3211dfe32e3b02986d,energy-spectral-flux-v1,421,source_amplitude_preserved_no_normalization
train,glass_breaking__fsd50k__dev__179231__0151__r0.wav,glass_breaking,FSD50K,dev,179231,freesound:179231,179231.wav,7.058322,44100,5.988912,1.0,0.370204,5.647914,35.3235,-55.8745,-15.4462,0,0,09b3197787e9cc54699167c047e62776c24278c64a29e46a71db9a369064444c,6f8c7c43793610b45482399c32edcf949d767db599d668bff718a9f2416583de,energy-spectral-flux-v1,421,source_amplitude_preserved_no_normalization
train,glass_breaking__fsd50k__dev__179232__0152__r0.wav,glass_breaking,FSD50K,dev,179232,freesound:179232,179232.wav,11.013537,44100,7.385737,1.0,0.328617,6.698602,65.351921,-16.1769,-13.1262,0,0,8b02a8751463642630c137eecc58981c951fb12e66dd7bede6352489264a9e64,bae3343789ab0aaf9dbdddad4105861daaf70c7a229a0709959ebebed7a1568b,energy-spectral-flux-v1,421,source_amplitude_preserved_no_normalization
train,glass_breaking__fsd50k__dev__179233__0153__r0.wav,glass_breaking,FSD50K,dev,179233,freesound:179233,179233.wav,4.454671,44100,0.406599,1.0,0.431066,5.749072,28.718944,-41.3722,-13.8841,1079,0,57effb690f486b4daf6fb2ada6bc2b97a88cad25279403d7072ab548491dae6d,bbda330789ee102c2a4ad111a203b2d279d2ad204ff2909a5fea86a9e2ab890a,energy-spectral-flux-v1,421,source_amplitude_preserved_no_normalization
train,glass_breaking__fsd50k__dev__179234__0154__r0.wav,glass_breaking,FSD50K,dev,179234,freesound:179234,179234.wav,8.352585,44100,4.776667,1.0,0.341837,5.886127,11.937573,-48.5078,-14.1863,0,0,78f2b553497689cd12eb9bc7d16b307aa5111238b46315e4c8c30b3ece23eeba,a50b3c2ec22b0e6230d6647f97c0f2c22d75b55d06376f797c5b55743849b3c0,energy-spectral-flux-v1,421,source_amplitude_preserved_no_normalization
train,glass_breaking__fsd50k__dev__179235__0155__r0.wav,glass_breaking,FSD50K,dev,179235,freesound:179235,179235.wav,5.471338,44100,4.666916,1.0,0.294422,5.068615,23.690542,-51.0498,-11.072,0,0,f26e3931111c58a905ea4aaba33a24a1433e342fb8677fe42c6dc12c29615243,b0fde8d4bd6607aa651ce2025dafd3bdbf1f9a93d422bd735eb3790542bace94,energy-spectral-flux-v1,421,source_amplitude_preserved_no_normalization
train,glass_breaking__fsd50k__dev__179236__0156__r0.wav,glass_breaking,FSD50K,dev,179236,freesound:179236,179236.wav,6.931769,44100,0.955351,1.0,0.225238,6.040042,31.655388,-49.2437,-12.4092,0,0,30c6bbe6b913d217c4d36a178d581b2f2f84d59365e702328287e85c5e2999f0,401e440e6eb9527af037a6dda4366fb4caf75ac4bfbd6233d2d43a8f119acddc,energy-spectral-flux-v1,421,source_amplitude_preserved_no_normalization
train,glass_breaking__fsd50k__dev__179237__0157__r0.wav,glass_breaking,FSD50K,dev,179237,freesound:179237,179237.wav,5.01873,44100,0.241973,1.0,0.407937,6.434538,16.788342,-38.3894,-10.1949,7319,0,6fc2b06cf216e2249a557226a4163c5243a245e1ac8ba4b0f57381eacee476e9,1862d0f3671e1c7441b758dc715adc555550c7d99e7d09c6baff6e0df6b8019e,energy-spectral-flux-v1,421,source_amplitude_preserved_no_normalization
train,glass_breaking__fsd50k__dev__179239__0158__r0.wav,glass_breaking,FSD50K,dev,179239,freesound:179239,179239.wav,5.706757,44100,0.92542,1.0,0.291202,6.952238,25.594572,-41.2215,-11.4434,0,0,5d7467137984fab33e16d10406c1adf381bb050ff2d37ba4a93c9ce8163163ec,be6de044dec7beef0362aef89e1ed210866b63bef073f6e88a0d8db877537974,energy-spectral-flux-v1,421,source_amplitude_preserved_no_normalization
train,glass_breaking__fsd50k__dev__179240__0159__r0.wav,glass_breaking,FSD50K,dev,179240,freesound:179240,179240.wav,3.407279,44100,1.74356,1.0,0.218707,5.793097,38.550904,-20.5385,-12.8534,0,0,c736049ce8ee4821f1ed6b4461513b171986bb8a04ecd8a7a02018b9d86ff576,f4889522355ebf18a6002dec4ee966c321f37324d1496764a7a5d7dc7b3fd9fa,energy-spectral-flux-v1,421,source_amplitude_preserved_no_normalization
train,glass_breaking__fsd50k__dev__179241__0160__r0.wav,glass_breaking,FSD50K,dev,179241,freesound:179241,179241.wav,7.448957,44100,2.496848,1.0,0.28873,5.637101,15.160678,-15.0336,-12.8212,0,0,c4926a8048f944c51c21fa24e1f9065aacdd86ac3f84ba47f10d1753dfc329f7,5b8667b1a2c259474c724f969d4a33987d51585fd9bcd9e2a134fdb74bc232d8,energy-spectral-flux-v1,421,source_amplitude_preserved_no_normalization
train,glass_breaking__fsd50k__dev__179242__0161__r0.wav,glass_breaking,FSD50K,dev,179242,freesound:179242,179242.wav,2.527075,44100,1.583923,1.0,0.209206,6.412235,21.548922,-36.2436,-20.1586,0,0,d029f2434bed2f3a01aba0d9c5ca86ffcfaa0919b84e34d5a5821cdd0409225e,c0e695f486811eed8cda1c90df2309519894389c77880d0db57316cabb2afab7,energy-spectral-flux-v1,421,source_amplitude_preserved_no_normalization
train,glass_breaking__fsd50k__dev__179249__0162__r0.wav,glass_breaking,FSD50K,dev,179249,freesound:179249,179249.wav,4.774467,44100,1.563968,1.0,0.424059,4.740303,30.928669,-13.5607,-10.2903,0,0,e4b2079a2e77321ee059cad571b4dafcfc1a818204209383568708b00bde533b,54561eeabb9811d67343d81b12aaa73f40fea6dcf1c93c8ca6d2b116af7f46a8,energy-spectral-flux-v1,421,source_amplitude_preserved_no_normalization
train,glass_breaking__fsd50k__dev__179250__0163__r0.wav,glass_breaking,FSD50K,dev,179250,freesound:179250,179250.wav,7.285397,44100,4.437438,1.0,0.246395,6.45254,17.727857,-54.6189,-10.2132,0,0,e0ac552c098d85a51a6dceb4b387120acce81f5290cf6d81c93d822907665ea9,f8db1decc4ba9a3c961ea65005e00f687aa9716a39ce6244fc622bf3050256ee,energy-spectral-flux-v1,421,source_amplitude_preserved_no_normalization
train,glass_breaking__fsd50k__dev__179251__0164__r0.wav,glass_breaking,FSD50K,dev,179251,freesound:179251,179251.wav,6.480726,44100,3.659206,1.0,0.306395,6.398012,13.875077,-26.3666,-8.9837,0,0,367ee945f576553554f75a2ee491ad348d866d3815dd6b42104e9265ea5e0bd8,ec9d2bae69da99d4233c74e82bbf0a8180756b6ef951aa7ed3c051ed0e26b136,energy-spectral-flux-v1,421,source_amplitude_preserved_no_normalization
train,glass_breaking__fsd50k__dev__179259__0165__r0.wav,glass_breaking,FSD50K,dev,179259,freesound:179259,179259.wav,5.691655,44100,1.359433,1.0,0.271066,6.979778,68.568818,-56.9088,-12.1697,0,0,2a771bc435328a3a20c428ee98ed5e211f83a62df2902d39170e6f1f8e02c2cc,53d6f0fd091b20343729a7a7c1180445463a68c1ef1b8b7f0f5567066550e504,energy-spectral-flux-v1,421,source_amplitude_preserved_no_normalization
train,glass_breaking__fsd50k__dev__179263__0166__r0.wav,glass_breaking,FSD50K,dev,179263,freesound:179263,179263.wav,2.422902,44100,0.222018,1.0,0.429184,5.850748,15.302474,-41.1766,-17.1873,9136,0,49808ae5803865faba35783d63aaadd02dabffa6088818f635370c70d4e963d6,5d9025a7258598e860598225994790797fa0877bff23ccbe1eecd625961988fa,energy-spectral-flux-v1,421,source_amplitude_preserved_no_normalization
train,glass_breaking__fsd50k__dev__179264__0167__r0.wav,glass_breaking,FSD50K,dev,179264,freesound:179264,179264.wav,4.617687,44100,3.539478,1.0,0.249705,5.801174,22.559227,-27.717,-17.1501,0,0,5e5dc43d4345cb8f26e0b1cfcc43ad3bf4aad95742d4a5eb249759f438e1d449,14f3cfdacfdef9fde4d697319665139372ee1508dd42b3ec4361cc41eae7cb01,energy-spectral-flux-v1,421,source_amplitude_preserved_no_normalization
train,glass_breaking__fsd50k__dev__179265__0168__r0.wav,glass_breaking,FSD50K,dev,179265,freesound:179265,179265.wav,4.830204,44100,3.260113,1.0,0.351497,7.094289,21.956879,-10.5862,-7.5806,0,0,c696628650adda0bbe978288a81934af135ebc437c161c5bc81541da9cd8147e,7e3cbe5839e891eda43b4cbf2b47d7bdb3d757cebabc9e5080eb7ed88d8579e4,energy-spectral-flux-v1,421,source_amplitude_preserved_no_normalization
train,glass_breaking__fsd50k__dev__179267__0169__r0.wav,glass_breaking,FSD50K,dev,179267,freesound:179267,179267.wav,8.509365,44100,0.391633,1.0,0.331224,8.045455,21.059302,-48.6695,-30.9103,0,0,9795773f35432d163d2844a539d6a76d6b13f7de122b00f777abab1f22eaa38a,1c076558b6b480f6535888019d702163344307b15b6d95341c2a5a0725b1e3d0,energy-spectral-flux-v1,421,source_amplitude_preserved_no_normalization
train,glass_breaking__fsd50k__dev__186531__0170__r0.wav,glass_breaking,FSD50K,dev,186531,freesound:186531,186531.wav,8.312744,44100,0.446508,1.0,0.330136,10.0,18.10673,-90.6997,-65.1625,0,0,2d02b0f48067ab6d60b7527a5a3173871135dc9d522567b4ecf912fd5ed6b64b,12b6e1716fd21e3c5b069ad1c13e7bbed702d2647d7d129dc77b747f47b4c63a,energy-spectral-flux-v1,421,source_amplitude_preserved_no_normalization
train,glass_breaking__fsd50k__dev__188224__0171__r0.wav,glass_breaking,FSD50K,dev,188224,freesound:188224,188224.wav,6.250023,44100,5.604785,1.0,0.214649,6.272264,41.811943,-11.9003,-1.9752,0,6179,e9e32bc382396f913a57b21e1051dafc7292f869722ef0c6b2d8e10156f54e95,ece5041d61dcd5651653d4a06a40bf27428a0e4aaac07d2ef700414cccdcb88e,energy-spectral-flux-v1,421,source_amplitude_preserved_no_normalization
train,glass_breaking__fsd50k__dev__188225__0172__r0.wav,glass_breaking,FSD50K,dev,188225,freesound:188225,188225.wav,4.25,44100,2.905918,1.0,0.18932,5.629478,10.956279,-5.9291,-1.0581,0,0,7edc93773fc360b35b058b36ef15376c2845e034a5b7e3f87d5d18ddc55f3279,9a994b3ff9bb7aac2118e3ef72871f4d5795919e4362c1ebd6794645af5cfaf6,energy-spectral-flux-v1,421,source_amplitude_preserved_no_normalization
train,glass_breaking__fsd50k__dev__188226__0173__r0.wav,glass_breaking,FSD50K,dev,188226,freesound:188226,188226.wav,10.321633,44100,7.665102,1.0,0.198776,6.035617,9.729304,-33.1445,-3.7526,0,0,5c0f9bde5f938a70e4dbfdb1d55ee15dc95a11d0dd1a49b187a9ade3f91cb273,ca829666fb01dbea7ce6a6e96590aa34f081c497076863b4c45c91f4f3bebb33,energy-spectral-flux-v1,421,source_amplitude_preserved_no_normalization
train,glass_breaking__fsd50k__dev__188518__0174__r0.wav,glass_breaking,FSD50K,dev,188518,freesound:188518,188518.wav,3.518549,44100,0.276893,1.0,0.292676,8.0,17.023408,-61.2186,-30.8275,696,0,6573683bafb5d865d8d09c3b3f492f7a45a4554e0a553b7ad64f90e8b3b68091,d58d2e92c8f8f0a1e1f07e89d24f3c621aac1b271f8302b1edb225d8cffb9b9c,energy-spectral-flux-v1,421,source_amplitude_preserved_no_normalization
train,glass_breaking__fsd50k__dev__188524__0175__r0.wav,glass_breaking,FSD50K,dev,188524,freesound:188524,188524.wav,2.972222,44100,0.122245,1.0,0.349048,7.642234,18.289819,-58.1988,-31.1436,10002,0,068a80da922d9ee51d444c7735ff9216719014628dc4c2f0c9ab0c025d6a122a,07d2156504a82b6c103e9da0ac1ccc6758f6dd8ebf32b381de71923d21ced2db,energy-spectral-flux-v1,421,source_amplitude_preserved_no_normalization
train,glass_breaking__fsd50k__dev__188903__0176__r0.wav,glass_breaking,FSD50K,dev,188903,freesound:188903,188903.wav,4.0,44100,0.496395,1.0,0.203651,5.235376,13.438088,-19.5122,-13.3288,0,0,1f62a72f223e5e2fdd0b39543b123af9b18f11da92be3791f695209ace78129d,551b93b5afcf7a03e14b20570062e8a2c3d1844182a1c611f4204b78c098b61c,energy-spectral-flux-v1,421,source_amplitude_preserved_no_normalization
train,glass_breaking__fsd50k__dev__191489__0177__r0.wav,glass_breaking,FSD50K,dev,191489,freesound:191489,191489.wav,0.541542,44100,0.261927,1.0,0.377438,3.421825,17.93696,-51.6059,-11.7276,5094,15124,a8f5c58abab70ddfe81a5a10c7d8487dc9d74263585e369f65c0e3a29d6ba561,8a6a1d1be8ecb04eb34d5eba8a201b8c23be1650690337f1b395e6486e39a873,energy-spectral-flux-v1,421,source_amplitude_preserved_no_normalization
train,glass_breaking__fsd50k__dev__192060__0178__r0.wav,glass_breaking,FSD50K,dev,192060,freesound:192060,192060.wav,15.451315,44100,1.344467,1.0,0.319048,6.174881,28.362078,-39.8201,-4.5636,0,0,4f313b9d367907aa016e7351be0176a36f0d552f09339a7f4c3ddece6ab8284a,09ea77a2d67b3e2bea575b58fa6fa199e032f890c6e833ec257f102c6194b5cc,energy-spectral-flux-v1,421,source_amplitude_preserved_no_normalization
train,glass_breaking__fsd50k__dev__194657__0179__r0.wav,glass_breaking,FSD50K,dev,194657,freesound:194657,194657.wav,8.523878,44100,6.093673,1.0,0.211905,5.433406,10.492294,-53.0527,-13.3502,0,0,1dd649e47f4f1ac5f0bc3b4bb376737f7331f81b595df82ba0de84829dabfe93,00249596459baf9e9d885b32a9013efb3439b788e250f897a4cffcd8a10e2106,energy-spectral-flux-v1,421,source_amplitude_preserved_no_normalization
train,glass_breaking__fsd50k__dev__194682__0180__r0.wav,glass_breaking,FSD50K,dev,194682,freesound:194682,194682.wav,4.593605,44100,0.680975,1.0,0.435147,7.17088,83.371861,-28.6926,-15.1881,0,0,519339be7cb2bb568af7d27a628ffae194e459fd1fdf35540a5ab429ba14a5be,fd1419481048fd95da657a2e5238e44138f0e76eaffd1037647a6cbb34681a6f,energy-spectral-flux-v1,421,source_amplitude_preserved_no_normalization
train,glass_breaking__fsd50k__dev__194683__0181__r0.wav,glass_breaking,FSD50K,dev,194683,freesound:194683,194683.wav,5.66712,44100,0.411587,1.0,0.219252,7.294349,100.607802,-12.3432,-10.5879,0,0,4a106219e492cc116b328c025f6669f8071c08bcd0cbc5ffa59683d3f0846d44,b42f89008856f28bfec8bb2470903c2528a85b40cbf184eb06e973740a6cf019,energy-spectral-flux-v1,421,source_amplitude_preserved_no_normalization
train,glass_breaking__fsd50k__dev__194684__0182__r0.wav,glass_breaking,FSD50K,dev,194684,freesound:194684,194684.wav,5.467415,44100,0.336757,1.0,0.40449,8.42376,115.186626,-12.9431,-10.1572,2987,0,7fa083ea187d0a3b53a45c01c19c762d3bc482495a9b7915129c3ee771e1931c,4e718e55523fb73427d9f3404abbfce4451b44f31e6e1cd8ac0eb30a03eac16d,energy-spectral-flux-v1,421,source_amplitude_preserved_no_normalization
train,glass_breaking__fsd50k__dev__194685__0183__r0.wav,glass_breaking,FSD50K,dev,194685,freesound:194685,194685.wav,4.568639,44100,0.566236,1.0,0.276259,8.59051,112.355966,-13.1333,-6.7953,0,0,ba3b391a41a362223faf0075462b7378d5b9e49d525694b7897a31e97ccdc45a,f41edd99d3203daad34a37019ab93b9cee8a8129256daaa1f633cdfb432e50af,energy-spectral-flux-v1,421,source_amplitude_preserved_no_normalization
train,glass_breaking__fsd50k__dev__194698__0184__r0.wav,glass_breaking,FSD50K,dev,194698,freesound:194698,194698.wav,2.271837,44100,0.58619,1.0,0.287188,6.600374,48.157692,-26.7202,-9.5223,0,0,14b171c470e60690030f8914af0ccc07ee278aee6bfa12eee0b5f915f7f4be36,5ff3301f072adbe7a8d51df07f0f121d3424eae90fb5228c5ada0bf549d8bdeb,energy-spectral-flux-v1,421,source_amplitude_preserved_no_normalization
train,glass_breaking__fsd50k__dev__195607__0185__r0.wav,glass_breaking,FSD50K,dev,195607,freesound:195607,195607.wav,3.0,44100,2.856032,1.0,0.34941,7.319545,11.228918,-50.526,-17.8337,0,22342,17e520ae2ba41b501ae5a0a17f6a7f92426e6e1e82d3b95974b8d839dfef5159,240d092d556ffd840a586355e529da8a5bb0e497a2654e92dda25d24b2be0fdd,energy-spectral-flux-v1,421,source_amplitude_preserved_no_normalization
train,glass_breaking__fsd50k__dev__195624__0186__r0.wav,glass_breaking,FSD50K,dev,195624,freesound:195624,195624.wav,5.543265,44100,0.591179,1.0,0.387075,4.507263,21.620572,-32.7722,-17.9583,0,0,b20e824f81db48f29fce5f5b0a25a69da8c0c3def11fb521ab0e81dcec931e20,80eccfa646f947baf501d6a02f8e4593a82f0388e595afc3f1cbbf23cc1e6b58,energy-spectral-flux-v1,421,source_amplitude_preserved_no_normalization
train,glass_breaking__fsd50k__dev__197383__0187__r0.wav,glass_breaking,FSD50K,dev,197383,freesound:197383,197383.wav,25.97932,44100,0.58619,1.0,0.341587,10.0,103.692046,-35.7328,-8.5828,0,0,f46a15a27bd9cd72c3beb5e7acc7542091858cd7660b94df53703cdfa32158f5,f5ef37cbfb5d2ab1b999916fd9617f5fae00e51873d3ece387e657ec757d511a,energy-spectral-flux-v1,421,source_amplitude_preserved_no_normalization
train,glass_breaking__fsd50k__dev__199400__0188__r0.wav,glass_breaking,FSD50K,dev,199400,freesound:199400,199400.wav,7.874535,44100,0.042426,1.0,0.319002,5.935703,11.131374,-52.3055,-22.041,12197,0,58e644b20b724f98422420e0e9f36af206580998f9e40bf9f44d92b71049e448,448b659e22c487af8b48accb73399960eb56748a4748ccccdbd6a80d49412392,energy-spectral-flux-v1,421,source_amplitude_preserved_no_normalization
train,glass_breaking__fsd50k__dev__20196__0189__r0.wav,glass_breaking,FSD50K,dev,20196,freesound:20196,20196.wav,7.327075,44100,4.886417,1.0,0.214263,5.356813,9.997997,-36.904,-19.7569,0,0,682a9e966503b9937f24fd816d2aaa3404059d6b2ee319c1fe506222b5dcda02,cbbb0d6d4891a526ead229e5249ab6e8e62f9d86c8825591e1213d1de31820bf,energy-spectral-flux-v1,421,source_amplitude_preserved_no_normalization
train,glass_breaking__fsd50k__dev__20197__0190__r0.wav,glass_breaking,FSD50K,dev,20197,freesound:20197,20197.wav,18.297324,44100,2.78619,1.0,0.29068,5.810049,9.079524,-19.6728,-11.3442,0,0,9b02ccb1c65aa11c97a8f3708f40df26330e8b6e403f7513904b289f046115ec,f35af9bda0516dd43e734d688f20b65911ab062dd8aa2dce4ecc7ec1b5f99146,energy-spectral-flux-v1,421,source_amplitude_preserved_no_normalization
train,glass_breaking__fsd50k__dev__203172__0191__r0.wav,glass_breaking,FSD50K,dev,203172,freesound:203172,203172.wav,21.230295,44100,2.541746,1.0,0.318073,6.491034,23.216112,-29.2822,-14.7081,0,0,4f45586942292727ab873b8007b06db98bb4a5d38d3a1f597b76007a0ed77d66,9c0c6831f6a8c321a626d024db1b774fce57dc30cde0f3746797d7d191634c2e,energy-spectral-flux-v1,421,source_amplitude_preserved_no_normalization
train,gunshot_gunfire__fsd50k__dev__100144__0000__r0.wav,gunshot_gunfire,FSD50K,dev,100144,freesound:100144,100144.wav,7.000816,44100,0.765782,1.0,0.553424,6.435988,11.478818,-5.8896,-1.1376,0,0,40b816458344e992ac2bb6b9c6ee5e8395f012d3066a905567ddbeaac4237d65,c6c2116017aa6fa4150105d91b6f20eb69fbd8ef4a8db8114cd135cb18e817da,energy-spectral-flux-v1,421,source_amplitude_preserved_no_normalization
train,gunshot_gunfire__fsd50k__dev__101961__0001__r0.wav,gunshot_gunfire,FSD50K,dev,101961,freesound:101961,101961.wav,13.133673,44100,5.564875,1.0,0.304014,5.973106,13.112323,-47.249,-10.0147,0,0,c8482b980e9591f8c1cc677fffa104af095e58b8cd7c1e004256319db18d5ce9,04e0db8b1c7db10aa64eef71c5fe0e629a9b3701e7816a8a21e5c337d15c89ad,energy-spectral-flux-v1,421,source_amplitude_preserved_no_normalization
train,gunshot_gunfire__fsd50k__dev__101962__0002__r0.wav,gunshot_gunfire,FSD50K,dev,101962,freesound:101962,101962.wav,11.030023,44100,3.105465,1.0,0.465986,5.16173,10.41789,-9.6725,-7.3977,0,0,c70e5ae1afbfeffa5094285eb67552a97b619a3a0313f4a01f5937fbb12cba0b,9412e6be9a8b75dcb645149d32a7c61cd14a652cdb7d3bff9cb87da0484f207e,energy-spectral-flux-v1,421,source_amplitude_preserved_no_normalization
train,gunshot_gunfire__fsd50k__dev__103626__0003__r0.wav,gunshot_gunfire,FSD50K,dev,103626,freesound:103626,103626.wav,27.611429,44100,2.3422,1.0,0.539252,6.061105,21.513505,-48.7445,-8.4374,0,0,8cea442cd9aa6e6362e2929a59c1058fd72b2c36edd5f53271a0b1525a3eacfc,ee7d4bca4733b3e6daac106813b6c312bb744e526868ebc973e17286aff52791,energy-spectral-flux-v1,421,source_amplitude_preserved_no_normalization
train,gunshot_gunfire__fsd50k__dev__108043__0004__r0.wav,gunshot_gunfire,FSD50K,dev,108043,freesound:108043,108043.wav,1.594036,44100,0.1422,1.0,0.30381,5.582505,4.610123,-11.0846,-9.9827,7127,0,e29ad141c2f9eba15210a0e3212b616fc47f282e6a47a0a186b6e5559f81f708,b7377d3e49958e1c6cead0e53e57ac81625a45cbf5d3478b69cdc529f9be2823,energy-spectral-flux-v1,421,source_amplitude_preserved_no_normalization
train,gunshot_gunfire__fsd50k__dev__108044__0005__r0.wav,gunshot_gunfire,FSD50K,dev,108044,freesound:108044,108044.wav,6.046349,44100,2.247415,1.0,0.54619,8.40723,16.381877,-23.4914,-12.2701,0,0,e305207f7260ea80ead03a87db7bd45c0033e256662b94cc92b82e03a87de4c1,5f4b43f993a830205c59f0c9d27c58646d9910ce07c22bdd554b3d9f114a3ecf,energy-spectral-flux-v1,421,source_amplitude_preserved_no_normalization
train,gunshot_gunfire__fsd50k__dev__108045__0006__r0.wav,gunshot_gunfire,FSD50K,dev,108045,freesound:108045,108045.wav,1.638163,44100,0.935397,1.0,0.297868,6.80185,8.575046,-16.5533,-10.8681,0,0,a413956061341b6eec9a07aaa132f1e1d89daf92c47ceb8d3b19d8b7e2a10830,90451ff6ded39c343622d46530980d4d6686a6824817d2a6cd5b83309cdd88a3,energy-spectral-flux-v1,421,source_amplitude_preserved_no_normalization
train,gunshot_gunfire__fsd50k__dev__108046__0007__r0.wav,gunshot_gunfire,FSD50K,dev,108046,freesound:108046,108046.wav,2.609909,44100,0.830635,1.0,0.237166,6.614572,13.605967,-45.5514,-17.2686,0,0,f20f884f7fc1cfe6c3811d4f33e405395e790b8d9b179a93f5dcd2fd159db9ae,655f89f7483dd21560e7a8f84596a69e15aae259347f6fed91d158545e7d47b0,energy-spectral-flux-v1,421,source_amplitude_preserved_no_normalization
train,gunshot_gunfire__fsd50k__dev__108047__0008__r0.wav,gunshot_gunfire,FSD50K,dev,108047,freesound:108047,108047.wav,1.79458,44100,0.501383,1.0,0.303696,6.5,12.054501,-13.8443,-12.7775,0,0,1dd94f0f219dbf4ca36cbd9af096b695b25fcb414e85dc1615be26563a482c81,e9694024bcdfa19bf8fc5f1d41014035f8642034ffa61cda0bcd7d75ea5e327f,energy-spectral-flux-v1,421,source_amplitude_preserved_no_normalization
train,gunshot_gunfire__fsd50k__dev__118450__0009__r0.wav,gunshot_gunfire,FSD50K,dev,118450,freesound:118450,118450.wav,7.128005,44100,1.139932,1.0,0.323084,5.297149,61.474843,-36.9934,-9.0768,0,0,c7e625f0db9cd6e11d29f3c4846c0d064b31f5d4c9730e1c5e9d8a468d785a7e,ea699cb5eff001ce99dfa10485666be2dd8fee18be011f3b109b5b24ca4e0046,energy-spectral-flux-v1,421,source_amplitude_preserved_no_normalization
train,gunshot_gunfire__fsd50k__dev__127846__0010__r0.wav,gunshot_gunfire,FSD50K,dev,127846,freesound:127846,127846.wav,7.536621,44100,1.080068,1.0,0.279615,4.82009,11.533498,-14.4419,-10.3511,0,0,529f7862233915bab90e4543228187e489c56ccba2b2ee18facdaaf8b5a41e61,80542fde8ba98e632837e82b2f4b2f37b95c3099d06263528b377f46579c754d,energy-spectral-flux-v1,421,source_amplitude_preserved_no_normalization
train,gunshot_gunfire__fsd50k__dev__128293__0011__r0.wav,gunshot_gunfire,FSD50K,dev,128293,freesound:128293,128293.wav,1.497982,44100,1.29458,1.0,0.355873,6.86935,12.736094,-43.7017,-2.4038,0,19436,f3cb1817cf02f3fa71603f54a0fd005885a501d7fdb96c13d188d807ccb694d7,c88dd127ca8aaa51ccd133c0438de535d28d015d8201ee706d42c68255165f4c,energy-spectral-flux-v1,421,source_amplitude_preserved_no_normalization
train,gunshot_gunfire__fsd50k__dev__128294__0012__r0.wav,gunshot_gunfire,FSD50K,dev,128294,freesound:128294,128294.wav,1.497982,44100,1.29458,1.0,0.336145,5.948362,18.826011,-41.7158,-1.1386,0,20306,56c6232c318fbe95f15f0eaa1f61f0650ee5f66ea75529e72a3610908d0c2404,0b36031501895ff20f08d18db109ed64f1635e684b1b4f75542c3039f475e8bc,energy-spectral-flux-v1,421,source_amplitude_preserved_no_normalization
train,gunshot_gunfire__fsd50k__dev__128296__0013__r0.wav,gunshot_gunfire,FSD50K,dev,128296,freesound:128296,128296.wav,1.497982,44100,1.29458,1.0,0.429909,6.326586,14.870359,-43.7017,-1.3031,0,16171,ce173af197107d2e62750632523205026956e5a8ae191c43b6702155e84ca00f,c463c8652197003ba25d453ae28e5ea7eb88a467ee561bd23ae7aeb22debbe5d,energy-spectral-flux-v1,421,source_amplitude_preserved_no_normalization
train,gunshot_gunfire__fsd50k__dev__128297__0014__r0.wav,gunshot_gunfire,FSD50K,dev,128297,freesound:128297,128297.wav,1.497982,44100,1.29458,1.0,0.451247,5.853209,23.081407,-41.7158,-1.6658,0,15230,b98d9172e4101f1ab70843303aa5cb0b68b25b5db8ae7287e86f74ac09f53e48,67a74906a8a7fc1ae9aaf1a139ba94ddababc57339bef4058c74c071eddc03f7,energy-spectral-flux-v1,421,source_amplitude_preserved_no_normalization
train,gunshot_gunfire__fsd50k__dev__128298__0015__r0.wav,gunshot_gunfire,FSD50K,dev,128298,freesound:128298,128298.wav,1.497982,44100,0.770771,1.0,0.284218,2.375479,7.568006,-35.0416,-1.6303,0,0,70986c901d09a8d3c472eda6c3b71d1c6758e6e3d2c868ccb2cd8106fa69d51d,b467af1c60db90f36106e643953de9dbd9fb921a2915be967b733d4d56f1de4e,energy-spectral-flux-v1,421,source_amplitude_preserved_no_normalization
train,gunshot_gunfire__fsd50k__dev__128299__0016__r0.wav,gunshot_gunfire,FSD50K,dev,128299,freesound:128299,128299.wav,1.497982,44100,1.29458,1.0,0.635714,6.202199,19.591824,-42.7725,-0.4175,0,7095,646d25a34c1bdf6a59fc9a4db9580660a9f734c868c8e1f7850cebef60a9b0b8,2100d413e31bc1ec96b2607c845a2b8af5d3cded4a457e8c7cb2d0dac0e36608,energy-spectral-flux-v1,421,source_amplitude_preserved_no_normalization
train,gunshot_gunfire__fsd50k__dev__128301__0017__r0.wav,gunshot_gunfire,FSD50K,dev,128301,freesound:128301,128301.wav,1.497982,44100,1.29458,1.0,0.253084,6.144732,19.583962,-42.4712,-1.1946,0,23969,c4dce5ca4736a282d4bcaa8c43bae1f22f33fe95dd4e0c6ade64fc07a5eb2d38,ca7443a53dd5bdd4a57444535c576d70b8a1f8740bf1723f88e9b9f5fb73ff68,energy-spectral-flux-v1,421,source_amplitude_preserved_no_normalization
train,gunshot_gunfire__fsd50k__dev__132551__0018__r0.wav,gunshot_gunfire,FSD50K,dev,132551,freesound:132551,132551.wav,0.925828,44100,0.646054,1.0,0.21678,4.218447,9.879374,-46.3898,-7.714,0,22202,099f80d8d5da5c35c54da0f51138f58ccd318780b3309408bd53a1f952a4760b,23a07118c8463c0c8228fa875a7b75d07c6b6688e28f9d114e7f48ef0706b224,energy-spectral-flux-v1,421,source_amplitude_preserved_no_normalization
train,gunshot_gunfire__fsd50k__dev__136766__0019__r0.wav,gunshot_gunfire,FSD50K,dev,136766,freesound:136766,136766.wav,0.851565,44100,0.6261,1.0,0.582608,2.710172,7.491783,-37.5232,-0.8623,0,8464,d73214c6ebc92f1d253465c65c58b38b7f5f7b9afdd81f6fc9498b455d17c9f4,546e1c4a172e454442601649419307a498c87af281d792b39175c49d70a586d4,energy-spectral-flux-v1,421,source_amplitude_preserved_no_normalization
train,gunshot_gunfire__fsd50k__dev__139028__0020__r0.wav,gunshot_gunfire,FSD50K,dev,139028,freesound:139028,139028.wav,3.818367,44100,0.132222,1.0,0.556417,7.771966,81.496002,-21.8975,-0.3682,18707,0,5ded22b9a6c9d67df52d706a0b97e3baf45d1280bffd0b66312a90df78aab833,294f1a8c48ec0d9eac4bbe85eccb93281c14b8ec66bf1dc5b2e9e5117ce771db,energy-spectral-flux-v1,421,source_amplitude_preserved_no_normalization
train,gunshot_gunfire__fsd50k__dev__145206__0021__r0.wav,gunshot_gunfire,FSD50K,dev,145206,freesound:145206,145206.wav,6.739592,44100,0.256939,1.0,0.536372,6.392847,18.741071,-8.4648,-2.9852,12323,0,3b4618788f5d55ad7e55a31b991f079bcb762708966a865f85a8e06b92835f23,fdbdef03692156c564918ac0d1aeb1a1ab79046692027ba3544c1fc435503501,energy-spectral-flux-v1,421,source_amplitude_preserved_no_normalization
train,gunshot_gunfire__fsd50k__dev__145580__0022__r0.wav,gunshot_gunfire,FSD50K,dev,145580,freesound:145580,145580.wav,17.049048,44100,1.703651,1.0,0.320204,5.365985,11.647665,-4.8455,-1.8072,0,0,19f658f22ecb781d361c5e17e5d55571a8ed9af1d665373e42ccf811ae79727a,ab2062ed019a20a8cb349c20cdc6711353d22adb23441d2cf0b44dd807c76066,energy-spectral-flux-v1,421,source_amplitude_preserved_no_normalization
train,gunshot_gunfire__fsd50k__dev__145609__0023__r0.wav,gunshot_gunfire,FSD50K,dev,145609,freesound:145609,145609.wav,7.915102,44100,2.002971,1.0,0.413379,4.798451,10.727789,-5.9618,-3.222,0,0,82467cc75b898191f4eeb608b03d8b3ad8ede35445caaa6350d1dedc530a4703,efa7b3b94defeb73d15e8e18aa7f3080162e42f1c86443145dd06adc7d6621fe,energy-spectral-flux-v1,421,source_amplitude_preserved_no_normalization
train,gunshot_gunfire__fsd50k__dev__148828__0024__r0.wav,gunshot_gunfire,FSD50K,dev,148828,freesound:148828,148828.wav,4.127347,44100,3.389819,1.0,0.261519,8.401754,66.251881,-32.2209,-5.6558,0,42,bdf7dd38d1f99ebcaf1d66ac71ad6f2d11bef668b270bb3303c7da19f3e55538,c706c841bd4a5a6fd5e37fee50ee00d19c2a84ff2fd1c701614ea9fb70b4b480,energy-spectral-flux-v1,421,source_amplitude_preserved_no_normalization
train,gunshot_gunfire__fsd50k__dev__148831__0025__r0.wav,gunshot_gunfire,FSD50K,dev,148831,freesound:148831,148831.wav,4.466939,44100,0.022472,1.0,0.328231,6.651765,12.779632,-25.6036,-5.5149,13484,0,3a006056e431e62ef9e371cbe6d5844c372356d59232c93113987a6b74cd7e3a,7603661e11086d665990717b075aa6f494767c0299b2d847de263a4d7deadd0d,energy-spectral-flux-v1,421,source_amplitude_preserved_no_normalization
train,gunshot_gunfire__fsd50k__dev__148832__0026__r0.wav,gunshot_gunfire,FSD50K,dev,148832,freesound:148832,148832.wav,5.955918,44100,2.122698,1.0,0.247166,6.892146,13.156982,-36.2559,-4.6737,0,0,b577e90072e3ab8d1a75146e79557b90f08eb70662e8f26ee7e7094c6c1da378,021544fced3aa0a43b3b8bbaedd478af41490fdf2716b4ea8a333fe88e1f2a1b,energy-spectral-flux-v1,421,source_amplitude_preserved_no_normalization
train,gunshot_gunfire__fsd50k__dev__148836__0027__r0.wav,gunshot_gunfire,FSD50K,dev,148836,freesound:148836,148836.wav,6.478367,44100,1.339478,1.0,0.486825,6.176128,10.143953,-37.6314,-5.9067,0,0,5b0857a8fb9717d0351b590bd043991f1b1b25e9f5d844b45b7e86d3e018603f,47269802437b6cfe3c55e8ecee889fd9af37e5c34b2213d13963ab9454693191,energy-spectral-flux-v1,421,source_amplitude_preserved_no_normalization
train,gunshot_gunfire__fsd50k__dev__148837__0028__r0.wav,gunshot_gunfire,FSD50K,dev,148837,freesound:148837,148837.wav,4.545306,44100,1.578934,1.0,0.498367,6.41643,17.098723,-36.9826,-3.7747,0,0,21c74b255bd13004b8fdf305b25499bc381087935bab0bf4c746c496d217a69c,f84ef56485788cd9a8236ce6f296ef181ce3a6357979504393d5649ca2623e62,energy-spectral-flux-v1,421,source_amplitude_preserved_no_normalization
train,gunshot_gunfire__fsd50k__dev__148838__0029__r0.wav,gunshot_gunfire,FSD50K,dev,148838,freesound:148838,148838.wav,3.84,44100,2.586644,1.0,0.638277,7.739909,13.362251,-34.8501,-3.7337,0,0,770d4c7d7acec7c93b4bc8d5472c82b6b80df09bfcaaaf11440869f8e557ae56,8bf7eb42682731aeb20c18eafcf4536890e771ac4f16bbbb07fd7e612424574b,energy-spectral-flux-v1,421,source_amplitude_preserved_no_normalization
train,gunshot_gunfire__fsd50k__dev__151065__0030__r0.wav,gunshot_gunfire,FSD50K,dev,151065,freesound:151065,151065.wav,1.759161,44100,0.895488,1.0,0.47059,5.040209,12.801133,-33.388,-14.59,0,0,fd5502e4eba52c230d7b69f9023b53835426f25dce27d2c3ca861cd06e4e8c30,8915ff16b91ce85196009afe64a744235cdd08df79fa5ebf55808186b1d95eec,energy-spectral-flux-v1,421,source_amplitude_preserved_no_normalization
train,gunshot_gunfire__fsd50k__dev__151066__0031__r0.wav,gunshot_gunfire,FSD50K,dev,151066,freesound:151066,151066.wav,1.302698,44100,0.052404,1.0,0.397528,4.852058,16.0423,-15.3004,-12.1338,15220,0,03a482aaa183633503a62f862b2938ddce1b83d72c2f12279da154816d2b1fea,d89cc06212264a434005d8979b8744e0c498f530a61991879b1302b469ead1d3,energy-spectral-flux-v1,421,source_amplitude_preserved_no_normalization
train,gunshot_gunfire__fsd50k__dev__151069__0032__r0.wav,gunshot_gunfire,FSD50K,dev,151069,freesound:151069,151069.wav,1.871429,44100,1.030181,1.0,0.503447,5.336968,15.527346,-31.3173,-14.109,0,0,d729f23e3f9e0a0bcefdb72303c14a6e64e14d342848e538dc8093fa0f364563,6a7a3adb6c2c278fe7fbabb9d8b6343cdae782bb84c9c57dfdbd81bb18796e4c,energy-spectral-flux-v1,421,source_amplitude_preserved_no_normalization
train,gunshot_gunfire__fsd50k__dev__151072__0033__r0.wav,gunshot_gunfire,FSD50K,dev,151072,freesound:151072,151072.wav,1.31644,44100,0.062381,1.0,0.419796,5.012925,17.347856,-28.5567,-15.0727,15762,0,a69285700354b985caee5d5fe0eafc52dbc82b2b824fb064b2cc0a3c51d20cad,21f66c5ea567e1d2fe371da674dda8d4993db43cc7c206ec7324131e6690878c,energy-spectral-flux-v1,421,source_amplitude_preserved_no_normalization
train,gunshot_gunfire__fsd50k__dev__151075__0034__r0.wav,gunshot_gunfire,FSD50K,dev,151075,freesound:151075,151075.wav,3.451315,44100,1.928141,1.0,0.477256,5.398628,12.803753,-27.2657,-10.8807,0,0,02d85695963d0d135e4984ce7e53eceb6f37446db72a4b4208849077d25e6f54,0b50d807f1f70a259c20b778cf43be9ca30e17d0a4afa3bc172afb0747c2889b,energy-spectral-flux-v1,421,source_amplitude_preserved_no_normalization
train,gunshot_gunfire__fsd50k__dev__157206__0035__r0.wav,gunshot_gunfire,FSD50K,dev,157206,freesound:157206,157206.wav,19.689569,44100,11.670998,1.0,0.327211,7.532487,13.927688,-50.4258,-15.7944,0,0,7d98a37394558796c7898ca447a697845a71e353e3158c439a7513bf8766b24e,91d54172a316f73d020dbeefdb2f7b6270669ada034b2fef79db503bb4db541f,energy-spectral-flux-v1,421,source_amplitude_preserved_no_normalization
train,gunshot_gunfire__fsd50k__dev__157207__0036__r0.wav,gunshot_gunfire,FSD50K,dev,157207,freesound:157207,157207.wav,20.802585,44100,11.207052,1.0,0.246508,8.124768,35.517384,-35.1556,-17.7255,0,0,ef3e78eae51a5a3308933470a72f27e91def4b7dbb92842ae6cee1859274448d,40f8ce9ced07595b8934bb6856f046ddfae5752768555827ad52a856ccab2239,energy-spectral-flux-v1,421,source_amplitude_preserved_no_normalization
train,gunshot_gunfire__fsd50k__dev__157799__0037__r0.wav,gunshot_gunfire,FSD50K,dev,157799,freesound:157799,157799.wav,2.298776,44100,1.708639,1.0,0.285918,6.228662,11.062629,-33.2798,-0.9541,0,5466,aa574e6f6f7779d9dfced78e1aec3c9da4abfb2cea2010807edb539868e7f423,21239701f62948f68887b4ce3fd87bf641925223b2323519e4b792a02e20d584,energy-spectral-flux-v1,421,source_amplitude_preserved_no_normalization
train,gunshot_gunfire__fsd50k__dev__157800__0038__r0.wav,gunshot_gunfire,FSD50K,dev,157800,freesound:157800,157800.wav,1.17551,44100,0.81068,1.0,0.582766,5.228214,9.892944,-33.0818,-1.3968,0,2311,a3fe93b974270c332e68a48747b81f4925f520240d6b23b3cea6060bcf9b12f1,b62d3d63227de85a2d878989304af3452cd9e71c015575083c335c3c417f6675,energy-spectral-flux-v1,421,source_amplitude_preserved_no_normalization
train,gunshot_gunfire__fsd50k__dev__157801__0039__r0.wav,gunshot_gunfire,FSD50K,dev,157801,freesound:157801,157801.wav,2.56,44100,0.825646,1.0,0.380726,5.508618,12.081992,-30.3472,-1.1067,0,0,2991012cf592d9a4a62497e19cd675f80ab1224e0a769336bdcee52f958997c5,78a93e18d561a18e0bb3650e815d8020d9124a9df30529d5de0dbd11709c521c,energy-spectral-flux-v1,421,source_amplitude_preserved_no_normalization
train,gunshot_gunfire__fsd50k__dev__158977__0040__r0.wav,gunshot_gunfire,FSD50K,dev,158977,freesound:158977,158977.wav,1.886576,44100,0.10229,1.0,0.572268,6.515098,15.92413,-18.4538,-17.4178,20726,0,78a5376ae682099162c2e9ff7dae72951aeba394ffdbccb04787c9729468a986,2ed1c93fccb57acc4c22c98adf42c7183cf43da0b6960f038f1e425ffde47546,energy-spectral-flux-v1,421,source_amplitude_preserved_no_normalization
train,gunshot_gunfire__fsd50k__dev__158978__0041__r0.wav,gunshot_gunfire,FSD50K,dev,158978,freesound:158978,158978.wav,1.737528,44100,0.117256,1.0,0.579342,6.66085,18.958128,-18.8837,-17.5197,20378,0,a78a19f28c9dbcd9fb95fca51b7461b29cb2c14f62fb2fcbc2f214bcb0491978,5ef84410aa09595f8d7c95489f3aaca0c55492e9eefe9f937180d5801f43de1f,energy-spectral-flux-v1,421,source_amplitude_preserved_no_normalization
train,gunshot_gunfire__fsd50k__dev__158979__0042__r0.wav,gunshot_gunfire,FSD50K,dev,158979,freesound:158979,158979.wav,2.512925,44100,0.222018,1.0,0.416145,6.050768,13.785186,-14.9577,-14.6519,8561,0,31297776aed5d50b229233933e8ef09e98ec1981361e4a714940578db3f93587,e83d2ef88c6a7dae1398ce4afda5de7b5ad7a8b739c9e1094bcf3517e0854bf9,energy-spectral-flux-v1,421,source_amplitude_preserved_no_normalization
train,gunshot_gunfire__fsd50k__dev__159703__0043__r0.wav,gunshot_gunfire,FSD50K,dev,159703,freesound:159703,159703.wav,1.872018,44100,1.339478,1.0,0.545442,6.443219,15.295309,-38.8366,-0.771,0,0,6660c5b2eef9a5d261d9809bc998efc17108c01a5cc8ef2e2aafe77c82efcbb0,d299677e300a6ae10c513870bc17f87947ff21c84a0e283d3935378815eb10c6,energy-spectral-flux-v1,421,source_amplitude_preserved_no_normalization
train,gunshot_gunfire__fsd50k__dev__159704__0044__r0.wav,gunshot_gunfire,FSD50K,dev,159704,freesound:159704,159704.wav,3.808005,44100,2.30229,1.0,0.396032,6.20653,10.403892,-39.6448,-10.1533,0,0,3ba25ff390ee425bcdea2ecf81fe1df39dcd091eb5e53856b1aaf00348d5d74f,36c83b9491ae661216193ae3a48113325372a4b5aff7cfcc6a69c1c3a5613773,energy-spectral-flux-v1,421,source_amplitude_preserved_no_normalization
train,gunshot_gunfire__fsd50k__dev__159705__0045__r0.wav,gunshot_gunfire,FSD50K,dev,159705,freesound:159705,159705.wav,4.64,44100,0.222018,1.0,0.318435,7.255337,13.682679,-7.7252,-0.1427,4252,0,11e13eb29b5c7ade00d890e8fc047a0dd5144bf1bc11a4ffc5290ee878c4dcb3,b0f7cdf4b747b9e09a9b4695930ed47e28e3564d8150d48b808fbece228f1b43,energy-spectral-flux-v1,421,source_amplitude_preserved_no_normalization
train,gunshot_gunfire__fsd50k__dev__159706__0046__r0.wav,gunshot_gunfire,FSD50K,dev,159706,freesound:159706,159706.wav,3.162653,44100,1.918163,1.0,0.283991,7.980183,10.643812,-42.9063,-3.6728,0,0,743f5d451ca6aa215620d9f63a18d23ce96191df7a212d0c7238422bddce6a8a,e80e76882ef8ffd177c53ec9b61e5908ce91555b635296058b64b7fb1a243ce3,energy-spectral-flux-v1,421,source_amplitude_preserved_no_normalization
train,gunshot_gunfire__fsd50k__dev__159708__0047__r0.wav,gunshot_gunfire,FSD50K,dev,159708,freesound:159708,159708.wav,2.453333,44100,0.955351,1.0,0.561882,8.173532,8.05931,-0.0582,-0.0088,0,0,e44738d20aa22cda07729720172554a18c94e5e7dc337110d47ac818f8c66a9c,d875716a1abcab8f9354bbff788dadc12b8c7fad13fa2399e861a2956288947a,energy-spectral-flux-v1,421,source_amplitude_preserved_no_normalization
train,gunshot_gunfire__fsd50k__dev__159710__0048__r0.wav,gunshot_gunfire,FSD50K,dev,159710,freesound:159710,159710.wav,3.088005,44100,0.037438,1.0,0.466599,8.016786,19.225226,-38.7028,-0.143,18926,0,b4cb9f8c4ca696471e45da130d5ca5a855cc3ce03fbfb03666230e1f81a9cf0d,cf7651a4ba3a2d01f4408322ffb3ded95ee1f9bcc1905f220d8f9e06578f792c,energy-spectral-flux-v1,421,source_amplitude_preserved_no_normalization
train,gunshot_gunfire__fsd50k__dev__160355__0049__r0.wav,gunshot_gunfire,FSD50K,dev,160355,freesound:160355,160355.wav,6.276508,44100,3.285057,1.0,0.48805,6.207251,13.770083,-19.3583,-10.1132,0,0,4432701db8f8bffba57da1c86ebcffd5b9cfb9715c5670cb35a05c375aca7fbc,bc93bf300f6bdb303b1e130d91f5c55d5e109cc6132dfe4da154e90a48d7fce9,energy-spectral-flux-v1,421,source_amplitude_preserved_no_normalization
train,gunshot_gunfire__fsd50k__dev__160772__0050__r0.wav,gunshot_gunfire,FSD50K,dev,160772,freesound:160772,160772.wav,14.027596,44100,0.930408,1.0,0.216667,7.379462,23.366876,-51.251,-7.8506,0,0,e1c56fcb241e3d86605dab120ecf4e184d0b7b21df52248217e436d25753a031,e2bc9c851f21acc18a69a9cc31b056c6733d29e759c0d5e0d3370ea196fe49c7,energy-spectral-flux-v1,421,source_amplitude_preserved_no_normalization
train,gunshot_gunfire__fsd50k__dev__160773__0051__r0.wav,gunshot_gunfire,FSD50K,dev,160773,freesound:160773,160773.wav,17.465125,44100,12.923152,1.0,0.601995,7.815229,13.766128,-49.0382,-15.94,0,0,72f505a48bfcf0b15fc6c9dbe0194d4e9d5ef712ef816b718d06a09460038776,23d69a4ff393e4c038223777067bc10a10f07caa4ab86738402d41dc8e40027e,energy-spectral-flux-v1,421,source_amplitude_preserved_no_normalization
train,gunshot_gunfire__fsd50k__dev__161968__0052__r0.wav,gunshot_gunfire,FSD50K,dev,161968,freesound:161968,161968.wav,1.89254,44100,0.725873,1.0,0.354263,5.368133,7.413979,-35.5789,-7.1233,0,0,3b744f6c14e4574905a81df1f4fa369b980c73399ca3ddb5c29324ee68cea647,f7d65f05e4bd69cf73323a7be142b6553ef160a865c313bd48dff2452cf76268,energy-spectral-flux-v1,421,source_amplitude_preserved_no_normalization
train,gunshot_gunfire__fsd50k__dev__161969__0053__r0.wav,gunshot_gunfire,FSD50K,dev,161969,freesound:161969,161969.wav,1.850612,44100,1.149909,1.0,0.405079,5.523929,7.116486,-33.7106,-8.3405,0,0,ebb7081ee2c7cc81e6f26596815164e2b6c8849d1178d14faef71cef9b482382,0c0633057259f67f7868e38df6ee10ccd5c9200968aedc9d1c2ef7c3864ee269,energy-spectral-flux-v1,421,source_amplitude_preserved_no_normalization
train,gunshot_gunfire__fsd50k__dev__161970__0054__r0.wav,gunshot_gunfire,FSD50K,dev,161970,freesound:161970,161970.wav,1.734785,44100,1.174853,1.0,0.271315,5.197144,10.290634,-23.3611,-7.2005,0,7442,04cc110c850caa5ba2555c42008af1da26799c9e2455a1f575db8ff55cd47686,8676cf4ab6ac5287d836d6a81ed1637d7f1846ae5e232ff19357e49da0afc450,energy-spectral-flux-v1,421,source_amplitude_preserved_no_normalization
train,gunshot_gunfire__fsd50k__dev__162258__0055__r0.wav,gunshot_gunfire,FSD50K,dev,162258,freesound:162258,162258.wav,1.233265,44100,0.656032,1.0,0.423288,5.305499,7.297648,-27.2884,-11.295,0,0,00fa9f7afa4d9f9e1727ce0625c4ca62baf21cade5c0e1d12e0c7b016c063417,8cdab9742154945aff541bfdfc68fb9ee416ff3f483dbcbb2f6e1f9c452aa049,energy-spectral-flux-v1,421,source_amplitude_preserved_no_normalization
train,gunshot_gunfire__fsd50k__dev__162262__0056__r0.wav,gunshot_gunfire,FSD50K,dev,162262,freesound:162262,162262.wav,6.531451,44100,1.943107,1.0,0.287256,5.01017,7.678193,-41.9089,-17.7827,0,0,77d41e3ce82dd25dd07d4ff0d719370fad3f80f827a17c5744e9cc57f6410f12,883070e192cb1be3c62abbeb99061ecc91b26e09985d82b7e40090d0497532ca,energy-spectral-flux-v1,421,source_amplitude_preserved_no_normalization
train,gunshot_gunfire__fsd50k__dev__162263__0057__r0.wav,gunshot_gunfire,FSD50K,dev,162263,freesound:162263,162263.wav,14.17644,44100,8.75263,1.0,0.599002,5.634403,10.360801,-12.2181,-6.25,0,0,3e10f2d957204c6e22e74a1f7bd4721644ea7fb579ebc6b1851b2bba608b1cb8,5e8bc77622cd2c744478d067ad31d845e148216af15ead8b33eed2c7d9c44112,energy-spectral-flux-v1,421,source_amplitude_preserved_no_normalization
train,gunshot_gunfire__fsd50k__dev__162397__0058__r0.wav,gunshot_gunfire,FSD50K,dev,162397,freesound:162397,162397.wav,0.947937,44100,0.037438,1.0,0.297937,3.446921,20.579779,-28.0173,-4.1028,11488,0,5b5a0e33ad53a650e25dd686d5ee883fcbdefc5d2dafa959a67c18eb0a01aa19,704c033ba5de73a0ea76617a5b200865d0a0a8a253a8f8203b0fd9f3ae3d1809,energy-spectral-flux-v1,421,source_amplitude_preserved_no_normalization
train,gunshot_gunfire__fsd50k__dev__162398__0059__r0.wav,gunshot_gunfire,FSD50K,dev,162398,freesound:162398,162398.wav,0.808798,44100,0.047415,1.0,0.292993,3.152989,23.987935,-30.7796,-4.3668,10830,0,4412cc1081a3effd05ca0d099d10f8a9e08d2fc25cb01680e0add4e35d46f0d8,78e30c1eb3505c38f6549ea8af334c8f58d35a8700316877ce6d389a6f159734,energy-spectral-flux-v1,421,source_amplitude_preserved_no_normalization
train,gunshot_gunfire__fsd50k__dev__162403__0060__r0.wav,gunshot_gunfire,FSD50K,dev,162403,freesound:162403,162403.wav,0.935102,44100,0.022472,1.0,0.575351,3.849865,12.299186,-4.7669,-4.0467,24382,0,20aac7be99ed86e6ffb2885493f4979dfd9ce2c8cdc1ebe3196fd74e33d5f236,55221311b906f5cab08bae04bf30643b70dcbe1eca92eb6fec68157467dac4c7,energy-spectral-flux-v1,421,source_amplitude_preserved_no_normalization
train,gunshot_gunfire__fsd50k__dev__162431__0061__r0.wav,gunshot_gunfire,FSD50K,dev,162431,freesound:162431,162431.wav,6.549433,44100,0.052404,1.0,0.391247,5.411932,18.20871,-9.9627,-3.3194,14943,0,4814ce35192e6d7570b4b69fee7258b4a8279ea6e2b3e9dfb2205d966972b97d,9b4eabbec18d044e490bd1910e8c39c35e7df0397a0fa52048babab60f1f4761,energy-spectral-flux-v1,421,source_amplitude_preserved_no_normalization
train,gunshot_gunfire__fsd50k__dev__162434__0062__r0.wav,gunshot_gunfire,FSD50K,dev,162434,freesound:162434,162434.wav,3.361474,44100,2.541746,1.0,0.473152,5.275295,15.458726,-9.9998,-4.7172,0,0,48c1d185e33f0dd987b94bfaa17d3246534d1e2e5daa36eb64b10f6c5832e36e,8d559ac8eb6f4d003b8cd8a336d054c0ca8940a1b55cef9b514fad8e95a7e66b,energy-spectral-flux-v1,421,source_amplitude_preserved_no_normalization
train,gunshot_gunfire__fsd50k__dev__162436__0063__r0.wav,gunshot_gunfire,FSD50K,dev,162436,freesound:162436,162436.wav,1.796803,44100,0.306825,1.0,0.531973,2.783012,30.814522,-9.1369,-5.5824,9929,0,b95bfbfb98a58035d5ff842e161a6c946c0673f20f4e78817afe822f66a59bf4,e03ec2c5b30071614ec7b8c8ae789ab882b1ac4bad3789e4e7c2e3882e6b22dd,energy-spectral-flux-v1,421,source_amplitude_preserved_no_normalization
train,gunshot_gunfire__fsd50k__dev__163455__0064__r0.wav,gunshot_gunfire,FSD50K,dev,163455,freesound:163455,163455.wav,0.691678,44100,0.306825,1.0,0.329456,5.085092,20.817569,-25.7943,-10.0827,998,12599,5ac190890e271e661a187bbd4f34e3526f62b4a726a567bc09dca678266c80c8,2e02159eda17bc0cb1279e858bd7f7c7e3d9e6c39470bae4029be5ac26e3bf96,energy-spectral-flux-v1,421,source_amplitude_preserved_no_normalization
train,gunshot_gunfire__fsd50k__dev__163456__0065__r0.wav,gunshot_gunfire,FSD50K,dev,163456,freesound:163456,163456.wav,0.460771,44100,0.157166,1.0,0.392449,2.37701,6.063903,-38.7522,-7.7285,10376,13404,faf9589171ca17af6250e35c31a827ec4de833e07262f8dde8d70da4125bfd5b,ed4920a980618e877260cd862e88536b463e9115ceec84fd463e08bd97b470b8,energy-spectral-flux-v1,421,source_amplitude_preserved_no_normalization
train,gunshot_gunfire__fsd50k__dev__163460__0066__r0.wav,gunshot_gunfire,FSD50K,dev,163460,freesound:163460,163460.wav,0.672222,44100,0.032449,1.0,0.617302,3.867849,23.199052,-11.8702,-7.3043,25792,0,8c8f12ccec1389a7a8b5db53b48ee5260887fabc713e87df957f044c61b9c5d6,d2358439e7de74048c0bbe3b0c1dc370a25508ad83568235e48747f9193b3644,energy-spectral-flux-v1,421,source_amplitude_preserved_no_normalization
train,gunshot_gunfire__fsd50k__dev__164646__0067__r0.wav,gunshot_gunfire,FSD50K,dev,164646,freesound:164646,164646.wav,1.017732,44100,0.06737,1.0,0.262653,8.112802,28.627013,-35.3698,-17.8588,8612,0,ba6a8260714de813cab747b156aa122635eb757db70291419c7d3389878e94ac,f0e97c3181e8a4e29f58dce5cabe03b8361ec10ba21b4a0707be74a6019975ee,energy-spectral-flux-v1,421,source_amplitude_preserved_no_normalization
train,gunshot_gunfire__fsd50k__dev__164666__0068__r0.wav,gunshot_gunfire,FSD50K,dev,164666,freesound:164666,164666.wav,11.8,44100,0.311814,1.0,0.46907,5.795393,5795393117.458291,-10.7449,-9.5931,6935,0,cd59c2f176ea571f0f985cfebee637afb5ff976223ad539df29173fd9ffbdee9,cc53fefd0287245219ad1046d9c745f366b7bf8047ac25aed5f7f69a62aa0173,energy-spectral-flux-v1,421,source_amplitude_preserved_no_normalization
train,gunshot_gunfire__fsd50k__dev__164667__0069__r0.wav,gunshot_gunfire,FSD50K,dev,164667,freesound:164667,164667.wav,1.034354,44100,0.077347,1.0,0.562857,4.217633,21.955541,-21.7055,-20.4656,21411,0,1f2c504f1bb4a354c449ef9204083a3423b55a92fa122cf8fe61e5eb6ebc8757,aec84a679fb9f66a5d5469153796ef4a85ad702ed3713ed08fa8a7deb2a70740,energy-spectral-flux-v1,421,source_amplitude_preserved_no_normalization
train,gunshot_gunfire__fsd50k__dev__164937__0070__r0.wav,gunshot_gunfire,FSD50K,dev,164937,freesound:164937,164937.wav,28.512018,44100,21.438798,1.0,0.396576,8.061738,13.851593,-7.0834,-3.7428,0,0,36609711b913db36425fb6fd9d43a636a7723fefc50e5064503873de0277229a,52131839bbaabb48860af26c5419bc40774ee47f3a7b1967dfb0ff7a369b769d,energy-spectral-flux-v1,421,source_amplitude_preserved_no_normalization
train,gunshot_gunfire__fsd50k__dev__165391__0071__r0.wav,gunshot_gunfire,FSD50K,dev,165391,freesound:165391,165391.wav,2.563039,44100,1.204785,1.0,0.343696,4.58235,8.082506,-11.4404,-8.689,0,0,d79fcb2844e75147ef3b70be9e178b64cea50456c72d639aa82dfefca965ad85,06fd8a55c01ae8b4cc31758e4de5604ee977a7287029a21ba26a128f0bad1450,energy-spectral-flux-v1,421,source_amplitude_preserved_no_normalization
train,gunshot_gunfire__fsd50k__dev__165393__0072__r0.wav,gunshot_gunfire,FSD50K,dev,165393,freesound:165393,165393.wav,2.119773,44100,0.276893,1.0,0.326599,2.524471,4.564303,-9.7008,-8.6557,2192,0,8ad8837d754fedd201a263d993fba9dd9b178304281601337349c2562edd0011,1da228186f3a05c79b7ad64ccadffce5adc8b8e2e5ff64495c9eeffb9c3d1987,energy-spectral-flux-v1,421,source_amplitude_preserved_no_normalization
train,gunshot_gunfire__fsd50k__dev__165394__0073__r0.wav,gunshot_gunfire,FSD50K,dev,165394,freesound:165394,165394.wav,3.07941,44100,2.875986,1.0,0.251202,6.15166,16.226271,-42.472,-1.1226,0,24051,68301e94b7bfb796cd6d2a9b6a0f81214c9597a82d678e71eccac4bbe0e90266,94c32465a82431d128ab4dd1dd403ca0a0f97f6c5adb1be82c5878c2a5fe9a14,energy-spectral-flux-v1,421,source_amplitude_preserved_no_normalization
train,gunshot_gunfire__fsd50k__dev__165478__0074__r0.wav,gunshot_gunfire,FSD50K,dev,165478,freesound:165478,165478.wav,12.106304,44100,11.900476,1.0,0.519274,6.284337,14.92438,-36.4729,-0.8911,0,12123,a63cb119c73f02a8d0c702cd1e285171877663317bb809dd06c3f0ebc56775a1,c10ffd5d05a1f2225aee4a1ae000a1cf0765d24a306d0b32a6d9d3cdc23564ca,energy-spectral-flux-v1,421,source_amplitude_preserved_no_normalization
train,gunshot_gunfire__fsd50k__dev__165540__0075__r0.wav,gunshot_gunfire,FSD50K,dev,165540,freesound:165540,165540.wav,2.535488,44100,0.112268,1.0,0.385692,5.082764,23.870299,-14.336,-7.1152,12058,0,a217d21f60dbe71420962ef3084c11348d23c27d6c9303e791d44256131abbd8,8bbae24f1c1af51e7058904e689bd0ec71aeef6d89b19865f99e73107ce0bb60,energy-spectral-flux-v1,421,source_amplitude_preserved_no_normalization
train,gunshot_gunfire__fsd50k__dev__166076__0076__r0.wav,gunshot_gunfire,FSD50K,dev,166076,freesound:166076,166076.wav,20.161361,44100,19.932222,1.0,0.319524,6.677228,14.582829,-34.9321,-0.5505,0,19904,9b54d71278a76e82614aaea5772190ace16795cb0539ff0cf17f51bff46b4919,281c05a07e25fa19287dfb1e3218c45b6139c7adb99d34e63de24e04ce5d3705,energy-spectral-flux-v1,421,source_amplitude_preserved_no_normalization
train,gunshot_gunfire__fsd50k__dev__166192__0077__r0.wav,gunshot_gunfire,FSD50K,dev,166192,freesound:166192,166192.wav,1.850431,44100,1.688685,1.0,0.59542,6.182594,16.309127,-38.5621,-2.5099,0,10709,65f40bd585c6e68272551ac93fa52902625f2282eeaa7a63a595319e9a298108,53cb7135df6c05b13181e45bba5f7faa7e2f0e6da3e28bb8e19913c981ac624a,energy-spectral-flux-v1,421,source_amplitude_preserved_no_normalization
train,gunshot_gunfire__fsd50k__dev__171475__0078__r0.wav,gunshot_gunfire,FSD50K,dev,171475,freesound:171475,171475.wav,12.085193,44100,5.410227,1.0,0.397891,5.322517,10.540679,-15.3291,-9.6734,0,0,38cab32080f64b205a3aab60d842152e42a58fd6ffaa666e42b7141aa84ee845,48612f9701a5587b249af9ba35adafde7e438a03b587776ef51c598ea5c4321e,energy-spectral-flux-v1,421,source_amplitude_preserved_no_normalization
train,gunshot_gunfire__fsd50k__dev__178180__0079__r0.wav,gunshot_gunfire,FSD50K,dev,178180,freesound:178180,178180.wav,14.214195,44100,12.983016,1.0,0.259456,5.456627,9.44527,-28.2447,-0.8092,0,0,3dd6842c34d88cd362e49758db451fd45b276fe903810f17ba745f6d0a1ad76a,018efdddf8887ba147cd15a9c79426fdfdf9b2b34f5a0dc325c4aff8c446eecf,energy-spectral-flux-v1,421,source_amplitude_preserved_no_normalization
train,gunshot_gunfire__fsd50k__dev__182051__0080__r0.wav,gunshot_gunfire,FSD50K,dev,182051,freesound:182051,182051.wav,1.949728,44100,0.311814,1.0,0.317347,4.988571,14.266947,-10.0279,-3.2698,244,0,10a7279690f5ee310d153c5a13a831805ed3c394f9bd2d7741d1bc1cd9f60978,06aa4a7001e8adc1427437838b373355f0e68a2b004e1ce9265da140cf4f03ba,energy-spectral-flux-v1,421,source_amplitude_preserved_no_normalization
train,gunshot_gunfire__fsd50k__dev__182429__0081__r0.wav,gunshot_gunfire,FSD50K,dev,182429,freesound:182429,182429.wav,3.0,44100,0.611134,1.0,0.618821,4.947235,29.384268,-12.984,-4.8687,339,0,65f8da3756811b02194158009f15eb8d10b1bf187388542ec8e720825c600e30,8884933a0c9124b6fb57065b8626473daa62cb459d60b22109e2bd9043b247a4,energy-spectral-flux-v1,421,source_amplitude_preserved_no_normalization
train,gunshot_gunfire__fsd50k__dev__182431__0082__r0.wav,gunshot_gunfire,FSD50K,dev,182431,freesound:182431,182431.wav,3.0,44100,0.17712,1.0,0.495941,8.623617,183.68327,-23.9106,-9.1169,14060,0,7918ab207ae87e4a232dcb9217fa0d8ccbb5bd5b21daeaba695d1d1b058179c3,0a0743006e034866876cee5b3672fb001dc41fe72ad83f5f7306dd1781bcf541,energy-spectral-flux-v1,421,source_amplitude_preserved_no_normalization
train,gunshot_gunfire__fsd50k__dev__182435__0083__r0.wav,gunshot_gunfire,FSD50K,dev,182435,freesound:182435,182435.wav,23.314376,44100,19.987098,1.0,0.457664,5.858878,56.532624,-38.0408,-0.6754,0,0,6e00dd3d9a0e40862d551e0b8e8c6c860b8a8c3071e41939aa0b5dc545c34b54,85bbb23835b9418dd82273ffb67a10310a53e457938b00b7d04107c7667f1a91,energy-spectral-flux-v1,421,source_amplitude_preserved_no_normalization
train,gunshot_gunfire__fsd50k__dev__182790__0084__r0.wav,gunshot_gunfire,FSD50K,dev,182790,freesound:182790,182790.wav,6.098549,44100,0.386644,1.0,0.512812,8.0,24.612717,-48.4941,-4.8043,5564,0,73a795b01899354be27e3a65a6c1e2a43f6e5130121557410adfcabebe04b9e7,1fb4f8f689d5d121a70e05c95e1c72f5a1771f20f2832b596d9402aa2272fff3,energy-spectral-flux-v1,421,source_amplitude_preserved_no_normalization
train,gunshot_gunfire__fsd50k__dev__182806__0085__r0.wav,gunshot_gunfire,FSD50K,dev,182806,freesound:182806,182806.wav,3.551066,44100,0.785737,1.0,0.32424,1.503049,8.382066,-47.7765,-17.1822,0,0,0ccfb1ecc883524430d244666713ed1880840a024fee3eaa744fbb87113af8ca,b81b6bbc69400edeb4ca255bf6dbb8effe6a64cd344f978d316b3725ef0e24fb,energy-spectral-flux-v1,421,source_amplitude_preserved_no_normalization
train,gunshot_gunfire__fsd50k__dev__184275__0086__r0.wav,gunshot_gunfire,FSD50K,dev,184275,freesound:184275,184275.wav,18.0,44100,4.796621,1.0,0.483492,6.080075,14.637916,-26.8517,-2.8498,0,0,6efc093fca06ce7289b08caa05a51111bfa5232cc7db09c626d9829e247a74a1,129a4168ed5aeb122de79418d5a16d90bba0bb924881b5c809cc0d4d6f1cfbd0,energy-spectral-flux-v1,421,source_amplitude_preserved_no_normalization
train,gunshot_gunfire__fsd50k__dev__184418__0087__r0.wav,gunshot_gunfire,FSD50K,dev,184418,freesound:184418,184418.wav,7.0,44100,0.990272,1.0,0.357052,10.0,226.88492,-42.2855,-5.6176,0,0,2cf3fec35302902c7be0331f92b11f6f145ff516d04baac6fc9a3eaa1b1a69a8,672eed4811533ba8728c8ab299e99b426f3463fbf73cbbcbbb619aa67b78d6cc,energy-spectral-flux-v1,421,source_amplitude_preserved_no_normalization
train,gunshot_gunfire__fsd50k__dev__187702__0088__r0.wav,gunshot_gunfire,FSD50K,dev,187702,freesound:187702,187702.wav,9.960544,44100,2.611587,1.0,0.453878,7.287967,13.094214,-32.0248,-14.1341,0,0,41ec8576362fa99e75161284dab04632478a6aefe299a5a818f66c1a0f10832b,cde082a12f5a4e1c41b97665943eb0e93f9cf5db03d91724122dfad6f7dd02a5,energy-spectral-flux-v1,421,source_amplitude_preserved_no_normalization
train,gunshot_gunfire__fsd50k__dev__187767__0089__r0.wav,gunshot_gunfire,FSD50K,dev,187767,freesound:187767,187767.wav,12.346077,44100,6.383016,1.0,0.305873,5.664975,20.906154,-22.6677,-2.4033,0,0,4c2367dbe4ad88f681ff266bfa2b7b2d915955ffe3e4e5dca5944c218210daed,4392aa6befb29d8cf37c58c71ef56db1fad45dc0b415e5dc151ec7a8f70247bf,energy-spectral-flux-v1,421,source_amplitude_preserved_no_normalization
train,gunshot_gunfire__fsd50k__dev__191449__0090__r0.wav,gunshot_gunfire,FSD50K,dev,191449,freesound:191449,191449.wav,9.04093,44100,3.140385,1.0,0.248027,6.340381,11.272622,-17.0733,-13.2068,0,0,6e9ebb82442b4eb5933baf1d79bd74d40238315db33e656cd5fdd4fb53e7bda4,ffad4622880b4fdbab151ed17560884504408e4666ea3d1f05acfa041a47e472,energy-spectral-flux-v1,421,source_amplitude_preserved_no_normalization
train,gunshot_gunfire__fsd50k__dev__198121__0091__r0.wav,gunshot_gunfire,FSD50K,dev,198121,freesound:198121,198121.wav,0.934014,44100,0.072358,1.0,0.353946,8.125119,11.154169,-15.6558,-12.7267,12418,0,4fb588f765faf8a01b4755a68a96ef6065d7173100050f370280a4d726f4755f,3c2f212f5740245d72120e551148f5f471cb5eabf0ef5066535fdd02db37db52,energy-spectral-flux-v1,421,source_amplitude_preserved_no_normalization
train,gunshot_gunfire__fsd50k__dev__201713__0092__r0.wav,gunshot_gunfire,FSD50K,dev,201713,freesound:201713,201713.wav,3.546621,44100,2.496848,1.0,0.584059,7.246395,12.184696,-16.0677,-6.5158,0,0,22f7340e32754ef36177078a0bd239b3e63d320dfbea5c2c52e7f5314fea732a,90ed71221c1daa372189081965cfef77454fe187b2657295ab6b217ad4fbc450,energy-spectral-flux-v1,421,source_amplitude_preserved_no_normalization
train,gunshot_gunfire__fsd50k__dev__204009__0093__r0.wav,gunshot_gunfire,FSD50K,dev,204009,freesound:204009,204009.wav,2.449705,44100,0.112268,1.0,0.303107,8.273448,89.827745,-14.0464,-1.2273,8416,0,e73fcecbaf6fe6d561d43cf35d215cdcc3a58e030220a1069f3e8a304a130c6d,5276fcdb4395f979a06fec0cbd0856cf8c916969d7f0db72289ddc1f0e86d529,energy-spectral-flux-v1,421,source_amplitude_preserved_no_normalization
train,gunshot_gunfire__fsd50k__dev__204010__0094__r0.wav,gunshot_gunfire,FSD50K,dev,204010,freesound:204010,204010.wav,2.124626,44100,0.042426,1.0,0.614875,5.713467,25.486633,-38.2523,-3.5662,25245,0,0047332155fe41f00a23dde9347c00eb13bba462b1a57c5fbd16dfac3364d870,3bfceadaabfdd5bad9cda8058c49eaf44f99c545ac7e0125de9971d751162b59,energy-spectral-flux-v1,421,source_amplitude_preserved_no_normalization
train,gunshot_gunfire__fsd50k__dev__205011__0095__r0.wav,gunshot_gunfire,FSD50K,dev,205011,freesound:205011,205011.wav,0.852653,44100,0.032449,1.0,0.51424,3.603885,16.026066,-17.2705,-11.4106,21247,0,43725257cfb4b329f34bed1396856d88b448caf8d5db7cece6c5c3b3fe8bdfdc,a2fa18c05cbd8614ed1eb5401dacba920c19c416dd646f3312e737bd85321194,energy-spectral-flux-v1,421,source_amplitude_preserved_no_normalization
train,gunshot_gunfire__fsd50k__dev__212594__0096__r0.wav,gunshot_gunfire,FSD50K,dev,212594,freesound:212594,212594.wav,2.564422,44100,0.037438,1.0,0.331406,4.774895,10.886418,-13.6013,-5.6081,12964,0,abd728e5ded5c2b21ef5dc946b0cee6e11d2fefc9b2622f7258e3dd0662db8c0,370c890f03452a1da7b80a3c8ad2b7140348e53a2be2f3cf221dc3432bbd06b3,energy-spectral-flux-v1,421,source_amplitude_preserved_no_normalization
train,gunshot_gunfire__fsd50k__dev__215842__0097__r0.wav,gunshot_gunfire,FSD50K,dev,215842,freesound:215842,215842.wav,1.044898,44100,0.057392,1.0,0.208866,5.423703,195.802645,-17.279,-6.9586,6680,0,ec958b153ed8d3cbbe985f2364f6ffb9fdcf447f3c5d3bb61b02fc0d2e2d8741,613e5d6c01af92d18d519219aef0183f659bbdd7f16efb4547a00273146ac867,energy-spectral-flux-v1,421,source_amplitude_preserved_no_normalization
train,gunshot_gunfire__fsd50k__dev__215843__0098__r0.wav,gunshot_gunfire,FSD50K,dev,215843,freesound:215843,215843.wav,1.044898,44100,0.022472,1.0,0.58102,5.704275,300.897089,-27.1301,-6.9569,24632,0,dc25a89c7d21749107eba4dbb10698b3dcca343981ee1e3815a9adcfa780498e,23f9a262669d3720e2d5979ac5e60fe6dc9112b11aae0f7bd8691ce1dfeac081,energy-spectral-flux-v1,421,source_amplitude_preserved_no_normalization
train,gunshot_gunfire__fsd50k__dev__215845__0099__r0.wav,gunshot_gunfire,FSD50K,dev,215845,freesound:215845,215845.wav,1.044898,44100,0.022472,1.0,0.577642,5.881159,189.495324,-13.9392,-10.8792,24483,0,28a17d3c519acca0cbea5573530ac5bf40cd87b7f9de7f318b746b4bd509f835,eb707f9fe8a1f74a49dbd74be7fe7b9f091cc273aeb05b7a66eb6adc1b7998e9,energy-spectral-flux-v1,421,source_amplitude_preserved_no_normalization
train,gunshot_gunfire__fsd50k__dev__215846__0100__r0.wav,gunshot_gunfire,FSD50K,dev,215846,freesound:215846,215846.wav,1.044898,44100,0.022472,1.0,0.578141,5.561842,133.745696,-12.3579,-8.3381,24505,0,ba07fa0acc1334e12e3b1f73b00a4b18805b6634579d1abf02644f5a9ab88527,c244205343698496c2832781a8aea539f7707469fe8abc41962ba04f4506e1f3,energy-spectral-flux-v1,421,source_amplitude_preserved_no_normalization
train,gunshot_gunfire__fsd50k__dev__215847__0101__r0.wav,gunshot_gunfire,FSD50K,dev,215847,freesound:215847,215847.wav,1.044898,44100,0.022472,1.0,0.429025,5.941786,169.090818,-19.6162,-6.8493,17929,0,12cbb4eecacc0b0c82b87e2d5628c48b1f0d7d6e2e661a764b073407bbd296ed,25fdcbbbbdfeaca18138ba206cf937ccdf723bee253cd65ad348d98be6878f58,energy-spectral-flux-v1,421,source_amplitude_preserved_no_normalization
train,gunshot_gunfire__fsd50k__dev__216312__0102__r0.wav,gunshot_gunfire,FSD50K,dev,216312,freesound:216312,216312.wav,2.0,44100,0.496395,1.0,0.280408,6.043452,6043452024.335207,-32.679,-14.6763,0,0,8cba275936a7014516f3c26be3adad0afd3dbf57d55388681c2839e89007e5db,b9c6da5ae0dd16a45020da64eda7e32380f2bcced5afa73a3d916089ca3be14b,energy-spectral-flux-v1,421,source_amplitude_preserved_no_normalization
train,gunshot_gunfire__fsd50k__dev__216315__0103__r0.wav,gunshot_gunfire,FSD50K,dev,216315,freesound:216315,216315.wav,2.0,44100,0.496395,1.0,0.643084,5.981418,5981417911.617912,-26.9485,-14.4814,6469,0,6c1d142922ef309dd6c356eeb0a00d772062eca08d25d0250778a31d639a2587,b4edee97af0976eb8a8ea9c1b166ad34e1ba09e4e00b7788d79fa1e51886617f,energy-spectral-flux-v1,421,source_amplitude_preserved_no_normalization
train,gunshot_gunfire__fsd50k__dev__216317__0104__r0.wav,gunshot_gunfire,FSD50K,dev,216317,freesound:216317,216317.wav,2.0,44100,0.496395,1.0,0.4178,5.817688,5817688331.43564,-30.2483,-16.817,0,0,66c7f275ebfd78cdac64433fe1049f1d117f19690e4e994ad4fc46e793cfbc05,2cc39c5d555d3a0c9ce11fdc6a3d1026615ac21f7f0cb995cc48168bb99b9624,energy-spectral-flux-v1,421,source_amplitude_preserved_no_normalization
train,gunshot_gunfire__fsd50k__dev__216318__0105__r0.wav,gunshot_gunfire,FSD50K,dev,216318,freesound:216318,216318.wav,2.0,44100,0.496395,1.0,0.386304,5.862062,5862061505.499245,-21.3641,-16.613,0,0,370a7051c2282c51ece04b9eb353e6f2aa686c109967d1c7bb9c555b72950f6e,f49533aee0242bc72c745ffdc081233b332df3610992ed9f7e3a13cffba04ad6,energy-spectral-flux-v1,421,source_amplitude_preserved_no_normalization
train,gunshot_gunfire__fsd50k__dev__216319__0106__r0.wav,gunshot_gunfire,FSD50K,dev,216319,freesound:216319,216319.wav,2.0,44100,0.496395,1.0,0.32356,5.76731,5767310211.62642,-23.7452,-17.6706,0,0,2fb53602f7052e8ab5338975c389d10d7d3333ec08ff4eb0e3276bc5d04270bb,38192b352d8f0eb4d5a731f61c8a36acdf8308f3cc1bdc9ddcbe8e7cd29b8f7c,energy-spectral-flux-v1,421,source_amplitude_preserved_no_normalization
train,gunshot_gunfire__fsd50k__dev__216604__0107__r0.wav,gunshot_gunfire,FSD50K,dev,216604,freesound:216604,216604.wav,5.06898,44100,2.407052,1.0,0.350771,5.338398,10.211915,-40.5609,-9.4429,0,0,e7fd4b200aa42c84764fdf8db8035e0ed7b5fdfb6c6602b73c8a82717fcade50,d532034071a91baacd2ae81f1cd645dd632edc45a2eb972e4eb5dffbc523a2a4,energy-spectral-flux-v1,421,source_amplitude_preserved_no_normalization
train,gunshot_gunfire__fsd50k__dev__219455__0108__r0.wav,gunshot_gunfire,FSD50K,dev,219455,freesound:219455,219455.wav,1.25,44100,1.154898,1.0,0.406145,5.702765,13.178703,-53.882,-11.2042,0,21995,e0f64d98f425de923aa9f7dc57331dfc755e64d84335846a4db64f593017d7d4,ef3518487f625d9c9564fdc2ee0802e235f70f8b7fc838f0b83e8c0f26b0dc52,energy-spectral-flux-v1,421,source_amplitude_preserved_no_normalization
train,gunshot_gunfire__fsd50k__dev__219457__0109__r0.wav,gunshot_gunfire,FSD50K,dev,219457,freesound:219457,219457.wav,1.25,44100,0.47644,1.0,0.203197,4.575685,10.372623,-32.9418,-9.5301,0,1025,127cc404499d256ced46f8dfdc4ff4657588fef0f7bfbb843862807378f47c8a,96123412a8e7fa03f8a7a02d2cb892da66eb391727cbb53b45458972ef56b14a,energy-spectral-flux-v1,421,source_amplitude_preserved_no_normalization
train,gunshot_gunfire__fsd50k__dev__220130__0110__r0.wav,gunshot_gunfire,FSD50K,dev,220130,freesound:220130,220130.wav,6.52161,44100,0.037438,1.0,0.21542,5.152853,24.08773,-4.7615,-4.6574,7849,0,2de2ecf92b9c32c62aa5ddcf113b586fbd370a50b70b298f255a2aa5bc652dd5,041a6ec7d960062a4f5a75215d7a2ca9530fae88036ff6d1cd81d526938f5ac7,energy-spectral-flux-v1,421,source_amplitude_preserved_no_normalization
train,gunshot_gunfire__fsd50k__dev__221451__0111__r0.wav,gunshot_gunfire,FSD50K,dev,221451,freesound:221451,221451.wav,1.515102,44100,0.022472,1.0,0.479977,5.210963,153.178324,-17.3187,-7.6107,20176,0,4d530d5de6d23133b9855418924d4f7f4f7f62b6b317a41bffc01326a9b81471,4a19b413c43afce9bc2f44b036f47099b0ea32ba76e2ca96ac496683039da173,energy-spectral-flux-v1,421,source_amplitude_preserved_no_normalization
train,gunshot_gunfire__fsd50k__dev__221455__0112__r0.wav,gunshot_gunfire,FSD50K,dev,221455,freesound:221455,221455.wav,1.358367,44100,0.02746,1.0,0.620612,6.407734,61.998873,-20.2113,-8.3519,26158,0,c4e978cba25ef20f8185a4b9a2a48afd27b87a699e9eb168bdbd06eac240be5e,5c4223b47a5d9f528154d033b294f60f8fb4f85ccc345a488c5fcd473db06f44,energy-spectral-flux-v1,421,source_amplitude_preserved_no_normalization
train,gunshot_gunfire__fsd50k__dev__221457__0113__r0.wav,gunshot_gunfire,FSD50K,dev,221457,freesound:221457,221457.wav,1.515102,44100,0.022472,1.0,0.562018,5.57092,5570919704.020073,-35.1249,-11.9078,23794,0,e16eae0aee50e1d0ba46ab836f0ba958c44224c649143ceece4b3ac2285be378,6f6567329d40f664c37a65a197d6e2393b79a8f85e6d729755560de692ab56c6,energy-spectral-flux-v1,421,source_amplitude_preserved_no_normalization
train,gunshot_gunfire__fsd50k__dev__228611__0114__r0.wav,gunshot_gunfire,FSD50K,dev,228611,freesound:228611,228611.wav,0.708005,44100,0.022472,1.0,0.543197,4.397168,18.834322,-36.3574,-2.4808,22964,0,03e9b9f59fbca9ae01cdf02eb00ff07887f052d5c4402858d0846886720725ff,0c9519380fa18c66d12cc8721b41f03f00b9836710ae3e17f49858a1bc17452f,energy-spectral-flux-v1,421,source_amplitude_preserved_no_normalization
train,gunshot_gunfire__fsd50k__dev__231245__0115__r0.wav,gunshot_gunfire,FSD50K,dev,231245,freesound:231245,231245.wav,10.181995,44100,0.646054,1.0,0.324104,6.354285,9.14351,-18.293,-11.582,0,0,b95a7beb2ee130c3b632341d9410ca0556f8735d5e8402567eff042806a04a15,da95efeb2bd667e8b10824186b4bff80faf20365ab75b9daf1f65bea2aca0f3f,energy-spectral-flux-v1,421,source_amplitude_preserved_no_normalization
train,gunshot_gunfire__fsd50k__dev__231247__0116__r0.wav,gunshot_gunfire,FSD50K,dev,231247,freesound:231247,231247.wav,6.247483,44100,4.696848,1.0,0.323333,5.401447,13.473261,-45.0272,-11.2601,0,0,cd540a915740fa45d390bf95d63298a80a9cc9d498892ee345ee3621955482dd,e56a72e6316c6f33dfa0d390c9e431b005b37c12d3915e6a70a9ea29854c8c90,energy-spectral-flux-v1,421,source_amplitude_preserved_no_normalization
train,gunshot_gunfire__fsd50k__dev__231248__0117__r0.wav,gunshot_gunfire,FSD50K,dev,231248,freesound:231248,231248.wav,4.0,44100,2.012948,1.0,0.619501,6.5,9.255626,-17.6063,-11.1082,0,0,5a3be12459264ca3cc30f5903188296612bbe86f6a1e4be5e542ff9369fb7f9d,00beb210836df994af955b5a35bb6c08b35a3d4e1d9995202c8a1a74d9e8bf9d,energy-spectral-flux-v1,421,source_amplitude_preserved_no_normalization
train,gunshot_gunfire__fsd50k__dev__231765__0118__r0.wav,gunshot_gunfire,FSD50K,dev,231765,freesound:231765,231765.wav,7.269841,44100,2.19254,1.0,0.412494,3.226327,13.36524,-43.1799,-16.9712,0,0,b14c29c04473ecaa6dda70ac5c795fdd0a68e9984f94733cb31b72aa1c33c4f7,82d756d1088ea1141edbd952cc579a1fa8735e3298457dc291495e8010c454c1,energy-spectral-flux-v1,421,source_amplitude_preserved_no_normalization
train,gunshot_gunfire__fsd50k__dev__233318__0119__r0.wav,gunshot_gunfire,FSD50K,dev,233318,freesound:233318,233318.wav,1.184218,44100,0.965329,1.0,0.425329,3.622004,22.117294,-29.5557,-0.7591,0,15690,e56b4f216955eba8216510051533364fc6b0610bac2977d40c85993bdf2222ab,5d2efb2bdc55df91990021efa657e1a17ace284b3e610b7081f4d8cc0f7f064a,energy-spectral-flux-v1,421,source_amplitude_preserved_no_normalization
train,gunshot_gunfire__fsd50k__dev__233321__0120__r0.wav,gunshot_gunfire,FSD50K,dev,233321,freesound:233321,233321.wav,2.308095,44100,0.047415,1.0,0.250658,5.946098,11.928314,-3.1497,-0.7557,8963,0,a9c8fb92517b6069125dd769143dbcc99e775491f7bfe0e2311fc836a3d8c9b5,560ce111e4864fe95ecafd61d3b155d06ddf354d584058b25107ed351f6b4ff7,energy-spectral-flux-v1,421,source_amplitude_preserved_no_normalization
train,gunshot_gunfire__fsd50k__dev__233322__0121__r0.wav,gunshot_gunfire,FSD50K,dev,233322,freesound:233322,233322.wav,2.333605,44100,1.803424,1.0,0.586122,6.223144,11.102775,-21.1626,-0.9142,0,0,f61ae707a19b1ef439ab86b696c8d34557f99ce0f881483f73b2af9068fc8c81,5b597ca9033dd643cf90fbe67c1307745e7efa4ff8de04153e0289e5698da609,energy-spectral-flux-v1,421,source_amplitude_preserved_no_normalization
train,gunshot_gunfire__fsd50k__dev__233323__0122__r0.wav,gunshot_gunfire,FSD50K,dev,233323,freesound:233323,233323.wav,3.004694,44100,1.050136,1.0,0.297574,5.226951,18.929846,-8.3906,-0.6968,0,0,5ca8224558a062d035e86a13390b0334aa29ddd91b22274c0b12f92274f66f7a,7a90367588a7b0030661e3281c5b14a608fe76a65a2fe5a56509b1c5669f2d6a,energy-spectral-flux-v1,421,source_amplitude_preserved_no_normalization
train,gunshot_gunfire__fsd50k__dev__234615__0123__r0.wav,gunshot_gunfire,FSD50K,dev,234615,freesound:234615,234615.wav,4.022358,44100,2.970771,1.0,0.487687,5.193425,20.019194,-53.078,-8.4619,0,0,a67eac6fee4ee2fd075f7f61ae0120ac11ad4e770f4ae030e46f43c07d94825f,3db1ed4f622c4d265ff4ce9f207e2066d328123322166d3d190fa535bb514c97,energy-spectral-flux-v1,421,source_amplitude_preserved_no_normalization
train,gunshot_gunfire__fsd50k__dev__234616__0124__r0.wav,gunshot_gunfire,FSD50K,dev,234616,freesound:234616,234616.wav,4.735125,44100,3.783923,1.0,0.412698,5.278841,24.717514,-52.4225,-8.2944,0,0,29d9f2421051cca0a9aa79826dbd83163651b0557f3cdddd46cc48dfdc5e4ebb,cfd0d5959232220047d3239589be0863a366fb77924406865e58bc453e4ce9c0,energy-spectral-flux-v1,421,source_amplitude_preserved_no_normalization
train,gunshot_gunfire__fsd50k__dev__234617__0125__r0.wav,gunshot_gunfire,FSD50K,dev,234617,freesound:234617,234617.wav,4.513288,44100,3.45966,1.0,0.492177,5.196816,18.873264,-53.0429,-8.4038,0,0,ec4d9c5e06c1b2ed38a1a5f63456bdf8156ec047006d26164da3f73a531c83a3,3113cc102043c0fefd78d350e1d68aeec88ad0446f9f840d32fd9ddaf8eee579,energy-spectral-flux-v1,421,source_amplitude_preserved_no_normalization
train,gunshot_gunfire__fsd50k__dev__234618__0126__r0.wav,gunshot_gunfire,FSD50K,dev,234618,freesound:234618,234618.wav,4.166667,44100,3.175306,1.0,0.218866,5.47688,18.618295,-53.1432,-8.4115,0,0,df8520aa53e0d95517869131bfa2bddd252a20251e8b024714e6b58c141e336c,a12d45481a6116edaecd7daf6cecfe4d9e1f2ad119d2811673f7dd29a7d5d543,energy-spectral-flux-v1,421,source_amplitude_preserved_no_normalization
train,gunshot_gunfire__fsd50k__dev__234619__0127__r0.wav,gunshot_gunfire,FSD50K,dev,234619,freesound:234619,234619.wav,3.75,44100,2.8261,1.0,0.265465,4.883602,16.988828,-53.0643,-8.5205,0,0,ca45b86385396e23c09c64eece101ccf549687cb8059375c1a1cca0187c4f599,17cfae0f30e5122d46914f6fcb9f05ecc154b2b0a9fa8025262b6b590d874093,energy-spectral-flux-v1,421,source_amplitude_preserved_no_normalization
train,gunshot_gunfire__fsd50k__dev__237273__0128__r0.wav,gunshot_gunfire,FSD50K,dev,237273,freesound:237273,237273.wav,5.020998,44100,3.988458,1.0,0.624354,2.687561,10.357293,-7.2566,-1.4674,0,0,06bb6ebe477a687815733c35654dd4bdeb65c644edea57f6b504e4dc1846c2ea,42cc68829b6866af3fc4e1c0d5a8b9ecd509e36612ef9c125d70383aadd45b4d,energy-spectral-flux-v1,421,source_amplitude_preserved_no_normalization
train,gunshot_gunfire__fsd50k__dev__238241__0129__r0.wav,gunshot_gunfire,FSD50K,dev,238241,freesound:238241,238241.wav,2.255397,44100,1.030181,1.0,0.433628,4.240441,18.447213,-14.6434,-4.5841,0,0,7f5e670d634a3625e302d22ac3d912ee6b4c9629d48b2213ee12afe037261e13,d9e9f34b585efed3a035afa82f240f637a0fdd822a5ed144a0dd234254e5f4a4,energy-spectral-flux-v1,421,source_amplitude_preserved_no_normalization
train,gunshot_gunfire__fsd50k__dev__238242__0130__r0.wav,gunshot_gunfire,FSD50K,dev,238242,freesound:238242,238242.wav,2.674512,44100,1.219751,1.0,0.271361,5.356007,22.562589,-30.4256,-4.1418,0,0,9f12dc634151278135187de94f90448c6190cc23abcf686f5c758be58f341ad2,bf932cf87cd516b002ad7a878344c80ea52c9f31cba6fc12d1f84de6562f92ea,energy-spectral-flux-v1,421,source_amplitude_preserved_no_normalization
train,gunshot_gunfire__fsd50k__dev__238243__0131__r0.wav,gunshot_gunfire,FSD50K,dev,238243,freesound:238243,238243.wav,1.803946,44100,0.421565,1.0,0.390363,3.366316,16.380473,-12.8307,-3.7391,0,0,3c691b1bf9109dcd7e97b76982f837ae904eddda8d4c325d31f8f2e093b9849a,580556261da7ecb28d290c34f3fa8cf36ae2447be47e2a60606457201ab8af30,energy-spectral-flux-v1,421,source_amplitude_preserved_no_normalization
train,gunshot_gunfire__fsd50k__dev__238244__0132__r0.wav,gunshot_gunfire,FSD50K,dev,238244,freesound:238244,238244.wav,2.383991,44100,1.983016,1.0,0.278322,3.796661,24.736958,-43.0879,-3.3736,0,14143,b90136ba7a5cdeef1778fd4fddf9f031d8671b582aef981456e81822b9f9a205,2eb7abade8553f87e116a2f373c7ac62e32d84973885afdd326f8c874a8a2187,energy-spectral-flux-v1,421,source_amplitude_preserved_no_normalization
train,gunshot_gunfire__fsd50k__dev__238245__0133__r0.wav,gunshot_gunfire,FSD50K,dev,238245,freesound:238245,238245.wav,1.502336,44100,0.685964,1.0,0.528027,6.470242,13.083973,-13.3627,-5.4538,0,0,eda4d0cba1534eea9f2653ff9a7904e220dfcc5194d3dcd9bcfa7ad4a7e0cb6a,17e05994d591c02838244dd5bb0295ce9aa6d5f3297b71495f562e9bac5cfa79,energy-spectral-flux-v1,421,source_amplitude_preserved_no_normalization
train,gunshot_gunfire__fsd50k__dev__238246__0134__r0.wav,gunshot_gunfire,FSD50K,dev,238246,freesound:238246,238246.wav,1.685057,44100,1.11,1.0,0.309161,6.67325,2.334911,-22.2041,-5.158,0,5106,c2fe41a07ca217fa98904e9078e002692496877985c35f127183df00122314d0,1a5e7439ec3466b8e4add2f4a372d4f6363b9fa6fd9f0798c458e75512bbcb96,energy-spectral-flux-v1,421,source_amplitude_preserved_no_normalization
train,gunshot_gunfire__fsd50k__dev__238247__0135__r0.wav,gunshot_gunfire,FSD50K,dev,238247,freesound:238247,238247.wav,1.936576,44100,0.880522,1.0,0.417755,3.933608,13.382813,-15.027,-4.7949,0,0,ee99c947ebcb426ff2ee819678774d881bc811f8e20d38772154e00136b6833b,978d1f822649433f76fa4986de41921027cbe5613c3efbd77cc32e0d9876a29a,energy-spectral-flux-v1,421,source_amplitude_preserved_no_normalization
train,gunshot_gunfire__fsd50k__dev__238675__0136__r0.wav,gunshot_gunfire,FSD50K,dev,238675,freesound:238675,238675.wav,2.158073,44100,1.269637,1.0,0.266236,4.723197,17.731085,-9.5148,-9.1432,0,0,7d6a516ac05dd600234cfed432add6613ad7aa7456bb79f2b10a49359a373524,f7b3aef602469c79e9cbb947816e14ab972e82eccf9a704129d99f418e8acdc9,energy-spectral-flux-v1,421,source_amplitude_preserved_no_normalization
train,gunshot_gunfire__fsd50k__dev__238676__0137__r0.wav,gunshot_gunfire,FSD50K,dev,238676,freesound:238676,238676.wav,3.396803,44100,0.167143,1.0,0.590431,4.662112,18.385375,-9.0084,-4.1984,18667,0,e0c235e7ec19205c6d630cc0a6788411fde41d246de2589fc558ad387953fa46,6b8953f06d118fe1454c62d8895a20396c499a2d1867da389535efe046c1bddd,energy-spectral-flux-v1,421,source_amplitude_preserved_no_normalization
train,gunshot_gunfire__fsd50k__dev__238677__0138__r0.wav,gunshot_gunfire,FSD50K,dev,238677,freesound:238677,238677.wav,3.921134,44100,1.858299,1.0,0.355533,4.744364,18.411576,-5.2906,-2.9787,0,0,99299a7db8be530d666a838c650eb217883a71caf07e50b4636f6503b297ff0f,15282c18badf4f417b1112f3e45199e8267c8159a4359a623bb817de358d2340,energy-spectral-flux-v1,421,source_amplitude_preserved_no_normalization
train,gunshot_gunfire__fsd50k__dev__239137__0139__r0.wav,gunshot_gunfire,FSD50K,dev,239137,freesound:239137,239137.wav,6.910544,44100,3.080522,1.0,0.286599,5.31592,13.544159,-11.3589,-0.4129,0,0,259ad471939f6c5f993e2ea14c6279118abe0fd480ebd1126bdf4bf936685d3b,049e418bdfab2dec3db8fa7d853593c7d9b12bafb50702ec3af1f9bb6fa1dee1,energy-spectral-flux-v1,421,source_amplitude_preserved_no_normalization
train,gunshot_gunfire__fsd50k__dev__239138__0140__r0.wav,gunshot_gunfire,FSD50K,dev,239138,freesound:239138,239138.wav,3.712653,44100,0.271905,1.0,0.586803,6.095115,9.817444,-8.5117,-2.7789,13887,0,609444f56e81e86fc1097cc3c41baf2c67c2b2cb61b89d5205a02ec5638d7cd2,f0fc554af55f23930320501ccc2b3ed10864fa801bacaa643cf61bcbee26b720,energy-spectral-flux-v1,421,source_amplitude_preserved_no_normalization
train,gunshot_gunfire__fsd50k__dev__245602__0141__r0.wav,gunshot_gunfire,FSD50K,dev,245602,freesound:245602,245602.wav,11.689932,44100,5.011134,1.0,0.648707,6.933706,2.999034,-21.414,-14.9534,0,0,9e7610a4743610ce3435bf2609fc880ee4c10eccad876d213332d9cc2045d15d,e9b0ea5b83c6c657909d883a4aee2d98a4a46aa5c8177e1057349c3c8f7f61f9,energy-spectral-flux-v1,421,source_amplitude_preserved_no_normalization
train,gunshot_gunfire__fsd50k__dev__25037__0142__r0.wav,gunshot_gunfire,FSD50K,dev,25037,freesound:25037,25037.wav,3.154127,44100,0.062381,1.0,0.445193,6.687855,13.700092,-29.0572,-27.0251,16882,0,8798b2ebfacd73b7ae1ec91fa07613f707ae10b92bfa28b52229e9c473846c83,332eb279e8e2d65214f7ca589d434d7bcf4d1d6c97a0d9b76dce0da6751d125d,energy-spectral-flux-v1,421,source_amplitude_preserved_no_normalization
train,gunshot_gunfire__fsd50k__dev__25038__0143__r0.wav,gunshot_gunfire,FSD50K,dev,25038,freesound:25038,25038.wav,3.150612,44100,1.783469,1.0,0.534626,5.788368,16.155466,-11.701,-10.6669,0,0,cb18b20af4162d76b5b4d343bb9f2c507c4e0719a9a2996d7a156587e8db7f02,8d47d94bee0fa728276179e83d09fc4d3feba031fac2ce7f6e9316899d272346,energy-spectral-flux-v1,421,source_amplitude_preserved_no_normalization
train,gunshot_gunfire__fsd50k__dev__251004__0144__r0.wav,gunshot_gunfire,FSD50K,dev,251004,freesound:251004,251004.wav,0.984014,44100,0.491406,1.0,0.481723,4.872466,9.240782,-27.0882,-17.0525,0,1132,a700eafa67590d113b3079d66d9331ab1621208432309e450fc7962c1709beea,922c8911d9962a3bb3cd8bb3c2208336590ae5b6b228f3c40b839d6223f3db70,energy-spectral-flux-v1,421,source_amplitude_preserved_no_normalization
train,gunshot_gunfire__fsd50k__dev__253438__0145__r0.wav,gunshot_gunfire,FSD50K,dev,253438,freesound:253438,253438.wav,2.870113,44100,0.905465,1.0,0.391859,7.237701,152.081711,-56.3607,-15.0458,0,0,3aae5ce287cc87b35206d6d6d35aacca7efda0bf3d47a5116285d2300020a344,058d15f214b18531d6b1f022d8a63fab9ce1006bb40585bafaa442d1111c4eec,energy-spectral-flux-v1,421,source_amplitude_preserved_no_normalization
train,gunshot_gunfire__fsd50k__dev__253734__0146__r0.wav,gunshot_gunfire,FSD50K,dev,253734,freesound:253734,253734.wav,4.0,44100,3.619297,1.0,0.480476,4.901862,13.254127,-31.4454,-0.2535,0,6122,bdf572b317803629ffe29722f84c0d2b7dcb2217a631946f477c20f02a639c9c,3dc9312a6220cda876bba30aeee85285d83a44ffe5931b761866a2a35c9cd08f,energy-spectral-flux-v1,421,source_amplitude_preserved_no_normalization
train,gunshot_gunfire__fsd50k__dev__254772__0147__r0.wav,gunshot_gunfire,FSD50K,dev,254772,freesound:254772,254772.wav,9.919274,44100,3.245147,1.0,0.61941,7.434699,149.432832,-46.9127,-6.2791,0,0,283a60d47d073d8dee9bbb655b093202b98e86b018eeb38352fea02a123a3493,d06f9eb6a18b885790eb2ecf33a2ddf6f8d780ed8889cd2c3dc1d8129105a37d,energy-spectral-flux-v1,421,source_amplitude_preserved_no_normalization
train,gunshot_gunfire__fsd50k__dev__255272__0148__r0.wav,gunshot_gunfire,FSD50K,dev,255272,freesound:255272,255272.wav,14.819932,44100,7.136304,1.0,0.323492,6.033585,12.33644,-15.2618,-11.1358,0,0,c4b4c796fc370b45616e6a1e7e9e8cdadbde82f2c679422757adebb02288b7a8,1d25f6ce9e2bc9306ab9541f7cb2a53c4a59fa5d37cd5d005045a3a6d0352980,energy-spectral-flux-v1,421,source_amplitude_preserved_no_normalization
train,gunshot_gunfire__fsd50k__dev__257364__0149__r0.wav,gunshot_gunfire,FSD50K,dev,257364,freesound:257364,257364.wav,2.687506,44100,1.703651,1.0,0.258844,5.624434,13.855345,-7.4963,-4.803,0,0,a4d6d26e437adca0ad1985d21a0cdd0e8329d8cfd25753dafd0962220b3671b5,a3e79c695411d97f220a3924517d28b4cb4d9728909e23e36a8e007da92abbaa,energy-spectral-flux-v1,421,source_amplitude_preserved_no_normalization
train,gunshot_gunfire__fsd50k__dev__257873__0150__r0.wav,gunshot_gunfire,FSD50K,dev,257873,freesound:257873,257873.wav,1.331179,44100,1.204785,1.0,0.616372,6.890103,23.257043,-52.0126,-8.5507,0,11344,3e1da7f7208e2b1231b29a060225bf4baf87c405c6ae203d835c671e456f8804,be79c21b93a25fd5b6c19f4ae3795c2c5fdb08e0edb8c1ca90967266a994c451,energy-spectral-flux-v1,421,source_amplitude_preserved_no_normalization
train,gunshot_gunfire__fsd50k__dev__257874__0151__r0.wav,gunshot_gunfire,FSD50K,dev,257874,freesound:257874,257874.wav,2.906168,44100,0.107279,1.0,0.474966,5.426564,24.031416,-12.9483,-8.3156,16215,0,4f3518e5384442ee988dc639ff182ce5511e588f3a531de3bb9bbc8739e87178,b16da4bb6331e29fdfcd6c54e9f438e2da471d75efbeda7e1c0ef1970ebafb51,energy-spectral-flux-v1,421,source_amplitude_preserved_no_normalization
train,gunshot_gunfire__fsd50k__dev__257875__0152__r0.wav,gunshot_gunfire,FSD50K,dev,257875,freesound:257875,257875.wav,1.961043,44100,0.107279,1.0,0.231723,5.548945,24.836148,-12.9483,-8.5531,5488,0,245d4e465aca654c94ac936972b5bbd81572653be98f0cb232744cda9f9bb114,aa76c21029b9f63c1344ba867283685d477ac0a63c6e9bd6756fba12e57e1640,energy-spectral-flux-v1,421,source_amplitude_preserved_no_normalization
train,gunshot_gunfire__fsd50k__dev__257876__0153__r0.wav,gunshot_gunfire,FSD50K,dev,257876,freesound:257876,257876.wav,5.258549,44100,0.127234,1.0,0.359569,5.165478,70.377919,-35.7775,-11.8595,10246,0,7738e8c9bc24ecd1eb6b33f6a7c4cbb4a92647141503910f97474a7e66188524,e5f00287243b1a89258bbe2cdc453249b0884dd50c6e7f67658f606aa8e85b1e,energy-spectral-flux-v1,421,source_amplitude_preserved_no_normalization
train,gunshot_gunfire__fsd50k__dev__259539__0154__r0.wav,gunshot_gunfire,FSD50K,dev,259539,freesound:259539,259539.wav,3.086531,44100,0.10229,1.0,0.587007,6.744392,15.345599,-11.2472,-8.4508,21376,0,c168833ba7033cc7049986fe2b9c766e937dd637279c0a258eb1393dd88d669b,91a4693593ed47e409bda20b765bba0c46a8f49e662ca2bad8528e6ec4cb6476,energy-spectral-flux-v1,421,source_amplitude_preserved_no_normalization
train,gunshot_gunfire__fsd50k__dev__26141__0155__r0.wav,gunshot_gunfire,FSD50K,dev,26141,freesound:26141,26141.wav,4.874512,44100,3.280068,1.0,0.289683,5.733742,27.493972,-13.6258,-6.6554,0,0,7445fb6c998589ba77531055da229d34a11f87caf7c43169e7c2990930905e09,7ab910df4accc00456722d6732a53429501fc85bb921343cd826e4c8733e5b63,energy-spectral-flux-v1,421,source_amplitude_preserved_no_normalization
train,gunshot_gunfire__fsd50k__dev__266977__0156__r0.wav,gunshot_gunfire,FSD50K,dev,266977,freesound:266977,266977.wav,1.149388,44100,0.057392,1.0,0.441587,4.780088,12.02303,-5.5541,-3.2439,16943,0,9c60f9b9a4577a7f5fc2d2ce0ca4b16cbe8370935b2b81bf5254d8bf9865e988,f727a43c3e5e7fe044ea50ee48cf8f90a874d8061bd12f31c5e392a60442aaf8,energy-spectral-flux-v1,421,source_amplitude_preserved_no_normalization
train,gunshot_gunfire__fsd50k__dev__267341__0157__r0.wav,gunshot_gunfire,FSD50K,dev,267341,freesound:267341,267341.wav,0.757551,44100,0.077347,1.0,0.322063,3.055834,12.804693,-29.8851,-5.4676,10792,0,4e0c30e185036cb7e78f53fe9d79d5b50625f4d25cd2528a22a1e2c9cc5e361b,510f4fcb71eff26d7a1c4c3e3a1bc1b70dc5f6258bfd46ec5566bff83defb4b8,energy-spectral-flux-v1,421,source_amplitude_preserved_no_normalization
train,gunshot_gunfire__fsd50k__dev__267893__0158__r0.wav,gunshot_gunfire,FSD50K,dev,267893,freesound:267893,267893.wav,1.306122,44100,0.276893,1.0,0.454059,5.059268,13.324096,-5.5832,-4.8744,7813,0,05780aef43b80de80e46b21c725ed4bf0b1d942227a6715103a9ad418de6b988,0e5a57de203a31250f700949065a8aed5484682c7633b5d57d07800121db3a0f,energy-spectral-flux-v1,421,source_amplitude_preserved_no_normalization
train,gunshot_gunfire__fsd50k__dev__30185__0159__r0.wav,gunshot_gunfire,FSD50K,dev,30185,freesound:30185,30185.wav,6.483832,44100,4.088231,1.0,0.292109,4.761464,31.09908,-31.6901,-6.6171,0,0,d17bbe4942ccbc450ec5f17959c23097e1c9e7dcf02d05f9f564b171714d6aec,6ea95a2823fb611f6796ba96294807a97b88e8c1eb0dbcf4783d27b0cd3472e9,energy-spectral-flux-v1,421,source_amplitude_preserved_no_normalization
train,gunshot_gunfire__fsd50k__dev__315858__0160__r0.wav,gunshot_gunfire,FSD50K,dev,315858,freesound:315858,315858.wav,5.542698,44100,0.88551,1.0,0.342313,6.325328,20.392492,-38.5785,-1.1949,0,0,77cbe62cfa31c5925fa616704efbbabe60b120df8dcb3504ce7c9fb2314a5b7a,1f4978446c2d394df9b07d249389b4821fffdf7e226984fdac2ace9ad4e45ca4,energy-spectral-flux-v1,421,source_amplitude_preserved_no_normalization
train,gunshot_gunfire__fsd50k__dev__319008__0161__r0.wav,gunshot_gunfire,FSD50K,dev,319008,freesound:319008,319008.wav,7.993469,44100,3.953537,1.0,0.215079,5.613136,69.241107,-14.8636,-9.7623,0,0,8bb0d344766a52c0ea9736497aa88a5693f10f46ea0692c7d471f29142463b28,d0f7f078bd4901192b6990af8de91a83fefb784af94bc2f7d5154b10224f81d9,energy-spectral-flux-v1,421,source_amplitude_preserved_no_normalization
train,gunshot_gunfire__fsd50k__dev__319009__0162__r0.wav,gunshot_gunfire,FSD50K,dev,319009,freesound:319009,319009.wav,6.060408,44100,4.322698,1.0,0.639206,7.115856,45.52695,-58.9349,-16.8562,0,0,a93fab7337d69686c39ed8ef88db7b718a4ff987045fe78088d043db23d21c2e,30de570419baac4ff3bb5480fe4b81c6e8fad7ac93461f2e1c877007f3ac6243,energy-spectral-flux-v1,421,source_amplitude_preserved_no_normalization
train,gunshot_gunfire__fsd50k__dev__319010__0163__r0.wav,gunshot_gunfire,FSD50K,dev,319010,freesound:319010,319010.wav,3.813878,44100,1.683696,1.0,0.24576,5.292022,20.021791,-40.6592,-1.7092,0,0,0f62eeb50612ae5faeb4fc34d12e15ffb2b5da976593a5752211475cd1d3e237,b93daaefa362e7b6f7babd540bbf11e5ed30cc5cc3af50b7b24b4fb40b13f66b,energy-spectral-flux-v1,421,source_amplitude_preserved_no_normalization
train,gunshot_gunfire__fsd50k__dev__320135__0164__r0.wav,gunshot_gunfire,FSD50K,dev,320135,freesound:320135,320135.wav,8.70059,44100,3.938571,1.0,0.603084,8.700584,126.211662,-20.735,-9.8913,0,0,0c6eeca98b25dda1e74e48be4217e75c0bcab51f53cb1e1b56d425e1984b9d02,179114600323cc2e3d04faf42216a5f73b5a87b0ad9a72405cbe721036fa04a5,energy-spectral-flux-v1,421,source_amplitude_preserved_no_normalization
train,gunshot_gunfire__fsd50k__dev__320136__0165__r0.wav,gunshot_gunfire,FSD50K,dev,320136,freesound:320136,320136.wav,6.111723,44100,0.571224,1.0,0.649365,5.243199,39.179444,-30.7713,-12.3621,3446,0,96f46e9c7f3eab3dab17c4c7c2504fe323c18df9dddeb4084f286c2f91bb01c6,c929be587e98476eb9fca5d9b2f0f0a9857cd421aaba9b2f118ac15b79880d1d,energy-spectral-flux-v1,421,source_amplitude_preserved_no_normalization
train,gunshot_gunfire__fsd50k__dev__324585__0166__r0.wav,gunshot_gunfire,FSD50K,dev,324585,freesound:324585,324585.wav,0.500023,44100,0.441519,1.0,0.577755,4.907715,8.508744,-13.2378,-2.2663,6008,16041,364f778cc02dcae5c1beaeb362c2af309c50b8eb2b92ac31ee42bac0fb2db9c6,b7685410aac9122b7597a1ae3690002eb2063cbff920a43acb15bafc14c9d603,energy-spectral-flux-v1,421,source_amplitude_preserved_no_normalization
train,gunshot_gunfire__fsd50k__dev__32799__0167__r0.wav,gunshot_gunfire,FSD50K,dev,32799,freesound:32799,32799.wav,9.009342,44100,0.556259,1.0,0.211247,5.942292,19.659344,-43.3738,-14.5365,0,0,64c8797f2d46ef0234b4b7ffed7a94a63f7294551cb11a3d9f8b296f29104dee,a9cefe45795089d5f12e6e784b742f506342851babd24c31f13ab3f80c2df09e,energy-spectral-flux-v1,421,source_amplitude_preserved_no_normalization
train,gunshot_gunfire__fsd50k__dev__32841__0168__r0.wav,gunshot_gunfire,FSD50K,dev,32841,freesound:32841,32841.wav,3.622313,44100,0.461474,1.0,0.500816,6.48543,29.275874,-14.8158,-10.9303,1735,0,57d6063610ec0dff25f61c512ca07d672afbe10ce1adef4b8501446fce5b49b8,bdd3823e6676b626a7e5628c0ae91a364e8ff4af63b6bc2aa2ed8ec76ad055a7,energy-spectral-flux-v1,421,source_amplitude_preserved_no_normalization
train,gunshot_gunfire__fsd50k__dev__32842__0169__r0.wav,gunshot_gunfire,FSD50K,dev,32842,freesound:32842,32842.wav,4.226032,44100,0.366689,1.0,0.303605,6.179472,33.771438,-13.3899,-8.263,0,0,8cabd436014968209af80fabc709cfc74edffea23c4a25620843137d2842712c,24c6b934974d4acf5b6f0a80b37c253b3371316b9724e9fd6295404c80e68284,energy-spectral-flux-v1,421,source_amplitude_preserved_no_normalization
train,gunshot_gunfire__fsd50k__dev__332479__0170__r0.wav,gunshot_gunfire,FSD50K,dev,332479,freesound:332479,332479.wav,9.999546,44100,2.761247,1.0,0.454717,8.04643,15.911188,-15.2375,-14.4383,0,0,014c7fa2f9ffbd726683ab24fd93fd71ab069ae54c97456e638a7d4c683d3a46,c5f9a84778e9e52fb29c61afb139223fdf20eea4261ae3cbde443da81c004254,energy-spectral-flux-v1,421,source_amplitude_preserved_no_normalization
train,gunshot_gunfire__fsd50k__dev__337166__0171__r0.wav,gunshot_gunfire,FSD50K,dev,337166,freesound:337166,337166.wav,4.285714,44100,0.032449,1.0,0.261723,5.373151,5373151130.415339,-34.5088,-3.1796,10111,0,5f3ec1346ae8cb8ebf68f099e91efe1e7728dfa4f0ad11691b4dc7ff4aab6b96,5461ad50359acf9ec9811a809bda9704eabc4e3cae0c13bebee11ec5e9a9eb30,energy-spectral-flux-v1,421,source_amplitude_preserved_no_normalization
train,gunshot_gunfire__fsd50k__dev__346537__0172__r0.wav,gunshot_gunfire,FSD50K,dev,346537,freesound:346537,346537.wav,2.45966,44100,0.212041,1.0,0.39746,6.810578,24.531152,-44.6694,-3.3505,8177,0,1d64c02037ee031a509bc338841e92e67c94853d3acd908d86d05077f2ac140c,fcff16b9e878b06f2fdbcacc3c8d77ca0facf623f70508d31ec531130dab9215,energy-spectral-flux-v1,421,source_amplitude_preserved_no_normalization
train,gunshot_gunfire__fsd50k__dev__346904__0173__r0.wav,gunshot_gunfire,FSD50K,dev,346904,freesound:346904,346904.wav,3.695986,44100,0.910454,1.0,0.309229,5.273933,10.211944,-22.8871,-15.4937,0,0,336471e26435ccec0116feafc356e5febe887c30088301ba8b38f2654117d60f,f8827c4d4ba9b746204189963fc70d4c43ff30a27b23551441953f2fefa134c8,energy-spectral-flux-v1,421,source_amplitude_preserved_no_normalization
train,gunshot_gunfire__fsd50k__dev__346905__0174__r0.wav,gunshot_gunfire,FSD50K,dev,346905,freesound:346905,346905.wav,3.432018,44100,2.402063,1.0,0.398322,5.698473,24.980799,-15.1389,-12.6771,0,0,23acaa20f40bcd9296847819a65773b06c597a4980218e15bacebcf2c9349bd6,a740b13c2df3020603eee83ec26295cd9d17194f34cdde72217e37770238a69d,energy-spectral-flux-v1,421,source_amplitude_preserved_no_normalization
train,gunshot_gunfire__fsd50k__dev__34708__0175__r0.wav,gunshot_gunfire,FSD50K,dev,34708,freesound:34708,34708.wav,21.97263,44100,15.462381,1.0,0.531746,7.81307,12.951869,-28.3562,-2.56,0,0,b26f18843ca6e7be1ad7071fff985a0c24475e6963b8680f48e61a37b52243c8,f3167a47dc753c783e683925cc75b7cb483ec7dd3650d2b1f3159b71350f1488,energy-spectral-flux-v1,421,source_amplitude_preserved_no_normalization
train,gunshot_gunfire__fsd50k__dev__348663__0176__r0.wav,gunshot_gunfire,FSD50K,dev,348663,freesound:348663,348663.wav,1.78034,44100,0.057392,1.0,0.324807,5.518619,7.712196,-13.4298,-12.8965,11793,0,b3975b68365c36ab647b003b12fe83f35a96915f7caac67c84ad5718220df2a9,689e5ba9115a1afca7067792f0bb29bdd52c7e35db0215fb4a11cc1243a83119,energy-spectral-flux-v1,421,source_amplitude_preserved_no_normalization
train,gunshot_gunfire__fsd50k__dev__348664__0177__r0.wav,gunshot_gunfire,FSD50K,dev,348664,freesound:348664,348664.wav,2.18415,44100,0.825646,1.0,0.271995,5.457294,10.966701,-32.46,-12.0061,0,0,1c25f0cf1a42ea1761e920b138361f6f292d3c793f609c3987556eb2b5ab6680,a038772a976f791c3b69b11a13166b84cfcebf1fc9108fc2dc20d69d8464d2f6,energy-spectral-flux-v1,421,source_amplitude_preserved_no_normalization
train,gunshot_gunfire__fsd50k__dev__348665__0178__r0.wav,gunshot_gunfire,FSD50K,dev,348665,freesound:348665,348665.wav,2.557642,44100,1.883243,1.0,0.589388,5.614347,11.493162,-40.3113,-13.7962,0,0,677a2d28029d5231174ec5df2e5d34de345651f1f1274d59cbab53037938b8e2,e2ec6ff6f9c7d65366259b65be5006a75856e53f2feaae6fc219382b2337d7bf,energy-spectral-flux-v1,421,source_amplitude_preserved_no_normalization
train,gunshot_gunfire__fsd50k__dev__348666__0179__r0.wav,gunshot_gunfire,FSD50K,dev,348666,freesound:348666,348666.wav,1.5,44100,0.820658,1.0,0.598141,4.016196,12.782099,-33.1262,-10.1237,0,0,60c6021a1364c2f6602e6c1d6a6cd31e4c8212e5f9dc87257832c08454f29619,9d865eb0f81dac0ef1993e65d9ddf6eca46d2d226e6d4141d3d1ac5a3451f235,energy-spectral-flux-v1,421,source_amplitude_preserved_no_normalization
train,gunshot_gunfire__fsd50k__dev__348670__0180__r0.wav,gunshot_gunfire,FSD50K,dev,348670,freesound:348670,348670.wav,1.5,44100,0.212041,1.0,0.418503,5.816493,13.894273,-8.2565,-6.9948,9105,0,58dddbf071be104e66b5c597998f9f7686937bafcac7feeb326e6a60bff6a831,246f492d56e26ecc4d7bcd8ed58d589b3bb1e26abd9c9f023aa21dad58fa0b66,energy-spectral-flux-v1,421,source_amplitude_preserved_no_normalization
train,gunshot_gunfire__fsd50k__dev__348671__0181__r0.wav,gunshot_gunfire,FSD50K,dev,348671,freesound:348671,348671.wav,1.5,44100,0.261927,1.0,0.552177,5.809869,10.704754,-13.3355,-8.2385,12800,0,8c2d59722a22661ac5e957bbc7ae88a02ab156037f70f047a84af889647337f2,a269fb7a054995c71fb804054d95b115d9697c7e2ce5349c96d05acdc9d25160,energy-spectral-flux-v1,421,source_amplitude_preserved_no_normalization
train,gunshot_gunfire__fsd50k__dev__348685__0182__r0.wav,gunshot_gunfire,FSD50K,dev,348685,freesound:348685,348685.wav,0.366871,44100,0.022472,1.0,0.423469,1.622461,7.619611,-11.4025,-11.4025,17684,10237,9a91493f5e4ade050ae1d485dc3f0bd300d4934c8eaea47b8ad7cc2723568eb0,89f7a6cbc27c3fa308f78ba5270aaf9305d5c0eedeebe6f992ac076385c7b471,energy-spectral-flux-v1,421,source_amplitude_preserved_no_normalization
train,gunshot_gunfire__fsd50k__dev__349217__0183__r0.wav,gunshot_gunfire,FSD50K,dev,349217,freesound:349217,349217.wav,0.957211,44100,0.012494,1.0,0.22746,4.952736,4.935927,-27.5144,-19.3429,9480,0,cc6937a6678da09d5243a97e97ddcc28ca81c57fc11c774c084b3f1a53d30bf7,6363f0b0d47b608c83d09a67b59a010b2c9575196978bca714a2626682df4dab,energy-spectral-flux-v1,421,source_amplitude_preserved_no_normalization
train,gunshot_gunfire__fsd50k__dev__362471__0184__r0.wav,gunshot_gunfire,FSD50K,dev,362471,freesound:362471,362471.wav,0.998912,44100,0.152177,1.0,0.547347,7.684081,16.962546,-14.362,-10.8565,17427,0,89b6a719bbc6fdce86070cf4067626f5812c87585674bd0db7f8992e3bfe8b71,6cc63ecc34b6f60f66fd1afcdc26e517be2808e32eae76c27f7e2eddb7977a5b,energy-spectral-flux-v1,421,source_amplitude_preserved_no_normalization
train,gunshot_gunfire__fsd50k__dev__362486__0185__r0.wav,gunshot_gunfire,FSD50K,dev,362486,freesound:362486,362486.wav,0.707324,44100,0.286871,1.0,0.635714,5.48012,10.617546,-24.4556,-14.9799,15384,0,86a18b1ecc5b30328eb3985bb049c0f386c3aa8a911dab3198d38bbd08e24680,afe691d2ed4dc6064ead9f4b7b351f6549c9e5c365fe9d8ca14b0f7cda083490,energy-spectral-flux-v1,421,source_amplitude_preserved_no_normalization
train,gunshot_gunfire__fsd50k__dev__362487__0186__r0.wav,gunshot_gunfire,FSD50K,dev,362487,freesound:362487,362487.wav,0.946984,44100,0.037438,1.0,0.208095,5.778167,18.952352,-11.4697,-7.9513,7526,0,706beb56fd2f430cfe75f14fe72813d3fdd9018113d8b3cdf00c509d0b5f3af8,3491d2036795e40854b7a8c45cb7be37d0da5964d2ee81f666008562ee544183,energy-spectral-flux-v1,421,source_amplitude_preserved_no_normalization
train,gunshot_gunfire__fsd50k__dev__364976__0187__r0.wav,gunshot_gunfire,FSD50K,dev,364976,freesound:364976,364976.wav,1.929025,44100,0.127234,1.0,0.617324,6.756764,12.031496,-50.1639,-9.5344,21613,0,05462c09d62e146d53bf46b2592d01fb445d2c83ddb4f9d5903fae9372af7945,a2f164c2cf2c01558df133929c630aad075fae1db509098eea96c9528e449b73,energy-spectral-flux-v1,421,source_amplitude_preserved_no_normalization
train,gunshot_gunfire__fsd50k__dev__365905__0188__r0.wav,gunshot_gunfire,FSD50K,dev,365905,freesound:365905,365905.wav,1.870635,44100,0.10229,1.0,0.566939,5.771986,9.149987,-20.3709,-13.1697,20491,0,50bf968a606ed9ea1031453da62c03cef8c81b7cd429b7af7950b016b182cbb2,2d5e04b9c0c1a8ae20e7d254cf9d299cee52b8303ed972fb6b86b30defa12d7a,energy-spectral-flux-v1,421,source_amplitude_preserved_no_normalization
train,gunshot_gunfire__fsd50k__dev__369525__0189__r0.wav,gunshot_gunfire,FSD50K,dev,369525,freesound:369525,369525.wav,0.34415,44100,0.202063,1.0,0.628141,2.580789,16.417343,-52.9762,-17.8064,18790,10133,a1d7888a1b0f2d96dd78370a5071720649eed2c5bfabc2bd594b661e3fe67e46,6dc8df9bbc3a551bab23b3c9e8936d6e8de9878f60598d95294dba86c66477a0,energy-spectral-flux-v1,421,source_amplitude_preserved_no_normalization
train,gunshot_gunfire__fsd50k__dev__369530__0190__r0.wav,gunshot_gunfire,FSD50K,dev,369530,freesound:369530,369530.wav,1.701995,44100,1.568957,1.0,0.38322,3.580514,11.623209,-42.0012,-17.337,0,21333,6bdcc9fd710fe2d9e88025831544a35e416d830c746ccb1ff4f11131a0fdb0dc,30b0dd2e0a9af1f4c5d2da29c196ffabc6cfde84b2b38cbe5ae9fe5fbc954c0a,energy-spectral-flux-v1,421,source_amplitude_preserved_no_normalization
train,gunshot_gunfire__fsd50k__dev__369781__0191__r0.wav,gunshot_gunfire,FSD50K,dev,369781,freesound:369781,369781.wav,0.662925,44100,0.022472,1.0,0.225147,5.826676,37.135285,-2.0425,-2.0425,8938,5927,16527d7c43b957d9641161ab07655aa606d1c41e36a16391a0c76c6af46ac84c,f9e61967444891f9947f1069ed3e22b59bbd2d6e5eb31742086f0727a269b673,energy-spectral-flux-v1,421,source_amplitude_preserved_no_normalization
