dataset_role,filename,category,background_group,source_dataset,source_partition,source_id,source_filename,source_labels
train,siren__esc50__fold_1__31482__0000__r0.wav,siren,,ESC-50,fold_1,31482,1-31482-A-42.wav,siren
train,siren__esc50__fold_1__31482__0001__r0.wav,siren,,ESC-50,fold_1,31482,1-31482-B-42.wav,siren
train,siren__esc50__fold_1__54084__0002__r0.wav,siren,,ESC-50,fold_1,54084,1-54084-A-42.wav,siren
train,siren__esc50__fold_1__76831__0003__r0.wav,siren,,ESC-50,fold_1,76831,1-76831-A-42.wav,siren
train,siren__esc50__fold_1__76831__0004__r0.wav,siren,,ESC-50,fold_1,76831,1-76831-B-42.wav,siren
train,siren__esc50__fold_1__76831__0005__r0.wav,siren,,ESC-50,fold_1,76831,1-76831-C-42.wav,siren
train,siren__esc50__fold_1__76831__0006__r0.wav,siren,,ESC-50,fold_1,76831,1-76831-D-42.wav,siren
train,siren__esc50__fold_1__76831__0007__r0.wav,siren,,ESC-50,fold_1,76831,1-76831-E-42.wav,siren
train,siren__esc50__fold_2__43802__0008__r0.wav,siren,,ESC-50,fold_2,43802,2-43802-A-42.wav,siren
train,siren__esc50__fold_2__43806__0009__r0.wav,siren,,ESC-50,fold_2,43806,2-43806-A-42.wav,siren
train,siren__esc50__fold_2__70052__0010__r0.wav,siren,,ESC-50,fold_2,70052,2-70052-A-42.wav,siren
train,siren__esc50__fold_2__70052__0011__r0.wav,siren,,ESC-50,fold_2,70052,2-70052-B-42.wav,siren
train,siren__esc50__fold_2__70936__0012__r0.wav,siren,,ESC-50,fold_2,70936,2-70936-A-42.wav,siren
train,siren__esc50__fold_2__70938__0013__r0.wav,siren,,ESC-50,fold_2,70938,2-70938-A-42.wav,siren
train,siren__esc50__fold_2__70939__0014__r0.wav,siren,,ESC-50,fold_2,70939,2-70939-A-42.wav,siren
train,siren__esc50__fold_2__72688__0015__r0.wav,siren,,ESC-50,fold_2,72688,2-72688-A-42.wav,siren
train,siren__esc50__fold_3__51376__0016__r0.wav,siren,,ESC-50,fold_3,51376,3-51376-A-42.wav,siren
train,siren__esc50__fold_3__51731__0017__r0.wav,siren,,ESC-50,fold_3,51731,3-51731-A-42.wav,siren
train,siren__esc50__fold_3__51731__0018__r0.wav,siren,,ESC-50,fold_3,51731,3-51731-B-42.wav,siren
train,siren__esc50__fold_3__51909__0019__r0.wav,siren,,ESC-50,fold_3,51909,3-51909-A-42.wav,siren
train,siren__esc50__fold_3__51909__0020__r0.wav,siren,,ESC-50,fold_3,51909,3-51909-B-42.wav,siren
train,siren__esc50__fold_3__58772__0021__r0.wav,siren,,ESC-50,fold_3,58772,3-58772-A-42.wav,siren
train,siren__esc50__fold_3__62878__0022__r0.wav,siren,,ESC-50,fold_3,62878,3-62878-A-42.wav,siren
train,siren__esc50__fold_3__62878__0023__r0.wav,siren,,ESC-50,fold_3,62878,3-62878-B-42.wav,siren
train,siren__fsd50k__dev__108192__0024__r0.wav,siren,,FSD50K,dev,108192,108192.wav,siren
train,siren__fsd50k__dev__116664__0025__r0.wav,siren,,FSD50K,dev,116664,116664.wav,siren
train,siren__fsd50k__dev__128459__0026__r0.wav,siren,,FSD50K,dev,128459,128459.wav,siren
train,siren__fsd50k__dev__156868__0027__r0.wav,siren,,FSD50K,dev,156868,156868.wav,siren
train,siren__fsd50k__dev__159743__0028__r0.wav,siren,,FSD50K,dev,159743,159743.wav,siren
train,siren__fsd50k__dev__159745__0029__r0.wav,siren,,FSD50K,dev,159745,159745.wav,siren
train,siren__fsd50k__dev__159750__0030__r0.wav,siren,,FSD50K,dev,159750,159750.wav,siren
train,siren__fsd50k__dev__159753__0031__r0.wav,siren,,FSD50K,dev,159753,159753.wav,siren
train,siren__fsd50k__dev__159754__0032__r0.wav,siren,,FSD50K,dev,159754,159754.wav,siren
train,siren__fsd50k__dev__159755__0033__r0.wav,siren,,FSD50K,dev,159755,159755.wav,siren
train,siren__fsd50k__dev__162719__0034__r0.wav,siren,,FSD50K,dev,162719,162719.wav,siren
train,siren__fsd50k__dev__165166__0035__r0.wav,siren,,FSD50K,dev,165166,165166.wav,siren
train,siren__fsd50k__dev__168258__0036__r0.wav,siren,,FSD50K,dev,168258,168258.wav,siren
train,siren__fsd50k__dev__168621__0037__r0.wav,siren,,FSD50K,dev,168621,168621.wav,siren
train,siren__fsd50k__dev__184623__0038__r0.wav,siren,,FSD50K,dev,184623,184623.wav,siren
train,siren__fsd50k__dev__201611__0039__r0.wav,siren,,FSD50K,dev,201611,201611.wav,siren
train,siren__fsd50k__dev__201945__0040__r0.wav,siren,,FSD50K,dev,201945,201945.wav,siren
train,siren__fsd50k__dev__202418__0041__r0.wav,siren,,FSD50K,dev,202418,202418.wav,siren
train,siren__fsd50k__dev__203720__0042__r0.wav,siren,,FSD50K,dev,203720,203720.wav,siren
train,siren__fsd50k__dev__208652__0043__r0.wav,siren,,FSD50K,dev,208652,208652.wav,siren
train,siren__fsd50k__dev__223824__0044__r0.wav,siren,,FSD50K,dev,223824,223824.wav,siren
train,siren__fsd50k__dev__23750__0045__r0.wav,siren,,FSD50K,dev,23750,23750.wav,siren
train,siren__fsd50k__dev__256469__0046__r0.wav,siren,,FSD50K,dev,256469,256469.wav,siren
train,siren__fsd50k__dev__258169__0047__r0.wav,siren,,FSD50K,dev,258169,258169.wav,siren
train,siren__fsd50k__dev__261589__0048__r0.wav,siren,,FSD50K,dev,261589,261589.wav,siren
train,siren__fsd50k__dev__261593__0049__r0.wav,siren,,FSD50K,dev,261593,261593.wav,siren
train,siren__fsd50k__dev__262278__0050__r0.wav,siren,,FSD50K,dev,262278,262278.wav,siren
train,siren__fsd50k__dev__268809__0051__r0.wav,siren,,FSD50K,dev,268809,268809.wav,siren
train,siren__fsd50k__dev__273750__0052__r0.wav,siren,,FSD50K,dev,273750,273750.wav,siren
train,siren__fsd50k__dev__277508__0053__r0.wav,siren,,FSD50K,dev,277508,277508.wav,siren
train,siren__fsd50k__dev__28426__0054__r0.wav,siren,,FSD50K,dev,28426,28426.wav,siren
train,siren__fsd50k__dev__31482__0055__r0.wav,siren,,FSD50K,dev,31482,31482.wav,siren
train,siren__fsd50k__dev__315758__0056__r0.wav,siren,,FSD50K,dev,315758,315758.wav,siren
train,siren__fsd50k__dev__319751__0057__r0.wav,siren,,FSD50K,dev,319751,319751.wav,siren
train,siren__fsd50k__dev__322205__0058__r0.wav,siren,,FSD50K,dev,322205,322205.wav,siren
train,siren__fsd50k__dev__324579__0059__r0.wav,siren,,FSD50K,dev,324579,324579.wav,siren
train,siren__fsd50k__dev__326074__0060__r0.wav,siren,,FSD50K,dev,326074,326074.wav,siren
train,siren__fsd50k__dev__332918__0061__r0.wav,siren,,FSD50K,dev,332918,332918.wav,siren
train,siren__fsd50k__dev__336894__0062__r0.wav,siren,,FSD50K,dev,336894,336894.wav,siren
train,siren__fsd50k__dev__338973__0063__r0.wav,siren,,FSD50K,dev,338973,338973.wav,siren
train,siren__fsd50k__dev__34280__0064__r0.wav,siren,,FSD50K,dev,34280,34280.wav,siren
train,siren__fsd50k__dev__364911__0065__r0.wav,siren,,FSD50K,dev,364911,364911.wav,siren
train,siren__fsd50k__dev__372251__0066__r0.wav,siren,,FSD50K,dev,372251,372251.wav,siren
train,siren__fsd50k__dev__377125__0067__r0.wav,siren,,FSD50K,dev,377125,377125.wav,siren
train,siren__fsd50k__dev__377126__0068__r0.wav,siren,,FSD50K,dev,377126,377126.wav,siren
train,siren__fsd50k__dev__381957__0069__r0.wav,siren,,FSD50K,dev,381957,381957.wav,siren
train,siren__fsd50k__dev__392801__0070__r0.wav,siren,,FSD50K,dev,392801,392801.wav,siren
train,siren__fsd50k__dev__393662__0071__r0.wav,siren,,FSD50K,dev,393662,393662.wav,siren
train,siren__fsd50k__dev__393665__0072__r0.wav,siren,,FSD50K,dev,393665,393665.wav,siren
train,siren__fsd50k__dev__393666__0073__r0.wav,siren,,FSD50K,dev,393666,393666.wav,siren
train,siren__fsd50k__dev__393667__0074__r0.wav,siren,,FSD50K,dev,393667,393667.wav,siren
train,siren__fsd50k__dev__410825__0075__r0.wav,siren,,FSD50K,dev,410825,410825.wav,siren
train,siren__fsd50k__dev__46092__0076__r0.wav,siren,,FSD50K,dev,46092,46092.wav,siren
train,siren__fsd50k__dev__65152__0077__r0.wav,siren,,FSD50K,dev,65152,65152.wav,siren
train,siren__fsd50k__dev__65929__0078__r0.wav,siren,,FSD50K,dev,65929,65929.wav,siren
train,siren__fsd50k__dev__67358__0079__r0.wav,siren,,FSD50K,dev,67358,67358.wav,siren
train,siren__fsd50k__dev__67359__0080__r0.wav,siren,,FSD50K,dev,67359,67359.wav,siren
train,siren__fsd50k__dev__87393__0081__r0.wav,siren,,FSD50K,dev,87393,87393.wav,siren
train,siren__fsd50k__dev__88121__0082__r0.wav,siren,,FSD50K,dev,88121,88121.wav,siren
train,siren__fsd50k__dev__89682__0083__r0.wav,siren,,FSD50K,dev,89682,89682.wav,siren
train,siren__fsd50k__dev__89683__0084__r0.wav,siren,,FSD50K,dev,89683,89683.wav,siren
train,siren__fsd50k__dev__93639__0085__r0.wav,siren,,FSD50K,dev,93639,93639.wav,siren
train,siren__fsd50k__dev__93643__0086__r0.wav,siren,,FSD50K,dev,93643,93643.wav,siren
train,siren__fsd50k__dev__93676__0087__r0.wav,siren,,FSD50K,dev,93676,93676.wav,siren
train,siren__fsd50k__dev__98536__0088__r0.wav,siren,,FSD50K,dev,98536,98536.wav,siren
train,siren__esc50__fold_1__31482__0089__r1.wav,siren,,ESC-50,fold_1,31482,1-31482-A-42.wav,siren
train,siren__esc50__fold_1__31482__0090__r1.wav,siren,,ESC-50,fold_1,31482,1-31482-B-42.wav,siren
train,siren__esc50__fold_1__54084__0091__r1.wav,siren,,ESC-50,fold_1,54084,1-54084-A-42.wav,siren
train,siren__esc50__fold_1__76831__0092__r1.wav,siren,,ESC-50,fold_1,76831,1-76831-A-42.wav,siren
train,siren__esc50__fold_1__76831__0093__r1.wav,siren,,ESC-50,fold_1,76831,1-76831-B-42.wav,siren
train,siren__esc50__fold_1__76831__0094__r1.wav,siren,,ESC-50,fold_1,76831,1-76831-C-42.wav,siren
train,siren__esc50__fold_1__76831__0095__r1.wav,siren,,ESC-50,fold_1,76831,1-76831-D-42.wav,siren
train,siren__esc50__fold_1__76831__0096__r1.wav,siren,,ESC-50,fold_1,76831,1-76831-E-42.wav,siren
train,siren__esc50__fold_2__43802__0097__r1.wav,siren,,ESC-50,fold_2,43802,2-43802-A-42.wav,siren
train,siren__esc50__fold_2__43806__0098__r1.wav,siren,,ESC-50,fold_2,43806,2-43806-A-42.wav,siren
train,siren__esc50__fold_2__70052__0099__r1.wav,siren,,ESC-50,fold_2,70052,2-70052-A-42.wav,siren
train,siren__esc50__fold_2__70052__0100__r1.wav,siren,,ESC-50,fold_2,70052,2-70052-B-42.wav,siren
train,siren__esc50__fold_2__70936__0101__r1.wav,siren,,ESC-50,fold_2,70936,2-70936-A-42.wav,siren
train,siren__esc50__fold_2__70938__0102__r1.wav,siren,,ESC-50,fold_2,70938,2-70938-A-42.wav,siren
train,siren__esc50__fold_2__70939__0103__r1.wav,siren,,ESC-50,fold_2,70939,2-70939-A-42.wav,siren
train,siren__esc50__fold_2__72688__0104__r1.wav,siren,,ESC-50,fold_2,72688,2-72688-A-42.wav,siren
train,siren__esc50__fold_3__51376__0105__r1.wav,siren,,ESC-50,fold_3,51376,3-51376-A-42.wav,siren
train,siren__esc50__fold_3__51731__0106__r1.wav,siren,,ESC-50,fold_3,51731,3-51731-A-42.wav,siren
train,siren__esc50__fold_3__51731__0107__r1.wav,siren,,ESC-50,fold_3,51731,3-51731-B-42.wav,siren
train,siren__esc50__fold_3__51909__0108__r1.wav,siren,,ESC-50,fold_3,51909,3-51909-A-42.wav,siren
train,siren__esc50__fold_3__51909__0109__r1.wav,siren,,ESC-50,fold_3,51909,3-51909-B-42.wav,siren
train,siren__esc50__fold_3__58772__0110__r1.wav,siren,,ESC-50,fold_3,58772,3-58772-A-42.wav,siren
train,siren__esc50__fold_3__62878__0111__r1.wav,siren,,ESC-50,fold_3,62878,3-62878-A-42.wav,siren
train,siren__esc50__fold_3__62878__0112__r1.wav,siren,,ESC-50,fold_3,62878,3-62878-B-42.wav,siren
train,siren__fsd50k__dev__108192__0113__r1.wav,siren,,FSD50K,dev,108192,108192.wav,siren
train,siren__fsd50k__dev__116664__0114__r1.wav,siren,,FSD50K,dev,116664,116664.wav,siren
train,siren__fsd50k__dev__128459__0115__r1.wav,siren,,FSD50K,dev,128459,128459.wav,siren
train,siren__fsd50k__dev__156868__0116__r1.wav,siren,,FSD50K,dev,156868,156868.wav,siren
train,siren__fsd50k__dev__159743__0117__r1.wav,siren,,FSD50K,dev,159743,159743.wav,siren
train,siren__fsd50k__dev__159745__0118__r1.wav,siren,,FSD50K,dev,159745,159745.wav,siren
train,siren__fsd50k__dev__159750__0119__r1.wav,siren,,FSD50K,dev,159750,159750.wav,siren
train,siren__fsd50k__dev__159753__0120__r1.wav,siren,,FSD50K,dev,159753,159753.wav,siren
train,siren__fsd50k__dev__159754__0121__r1.wav,siren,,FSD50K,dev,159754,159754.wav,siren
train,siren__fsd50k__dev__159755__0122__r1.wav,siren,,FSD50K,dev,159755,159755.wav,siren
train,siren__fsd50k__dev__162719__0123__r1.wav,siren,,FSD50K,dev,162719,162719.wav,siren
train,siren__fsd50k__dev__165166__0124__r1.wav,siren,,FSD50K,dev,165166,165166.wav,siren
train,siren__fsd50k__dev__168258__0125__r1.wav,siren,,FSD50K,dev,168258,168258.wav,siren
train,siren__fsd50k__dev__168621__0126__r1.wav,siren,,FSD50K,dev,168621,168621.wav,siren
train,siren__fsd50k__dev__184623__0127__r1.wav,siren,,FSD50K,dev,184623,184623.wav,siren
train,siren__fsd50k__dev__201611__0128__r1.wav,siren,,FSD50K,dev,201611,201611.wav,siren
train,siren__fsd50k__dev__201945__0129__r1.wav,siren,,FSD50K,dev,201945,201945.wav,siren
train,siren__fsd50k__dev__202418__0130__r1.wav,siren,,FSD50K,dev,202418,202418.wav,siren
train,siren__fsd50k__dev__203720__0131__r1.wav,siren,,FSD50K,dev,203720,203720.wav,siren
train,siren__fsd50k__dev__208652__0132__r1.wav,siren,,FSD50K,dev,208652,208652.wav,siren
train,siren__fsd50k__dev__223824__0133__r1.wav,siren,,FSD50K,dev,223824,223824.wav,siren
train,siren__fsd50k__dev__23750__0134__r1.wav,siren,,FSD50K,dev,23750,23750.wav,siren
train,siren__fsd50k__dev__256469__0135__r1.wav,siren,,FSD50K,dev,256469,256469.wav,siren
train,siren__fsd50k__dev__258169__0136__r1.wav,siren,,FSD50K,dev,258169,258169.wav,siren
train,siren__fsd50k__dev__261589__0137__r1.wav,siren,,FSD50K,dev,261589,261589.wav,siren
train,siren__fsd50k__dev__261593__0138__r1.wav,siren,,FSD50K,dev,261593,261593.wav,siren
train,siren__fsd50k__dev__262278__0139__r1.wav,siren,,FSD50K,dev,262278,262278.wav,siren
train,siren__fsd50k__dev__268809__0140__r1.wav,siren,,FSD50K,dev,268809,268809.wav,siren
train,siren__fsd50k__dev__273750__0141__r1.wav,siren,,FSD50K,dev,273750,273750.wav,siren
train,siren__fsd50k__dev__277508__0142__r1.wav,siren,,FSD50K,dev,277508,277508.wav,siren
train,siren__fsd50k__dev__28426__0143__r1.wav,siren,,FSD50K,dev,28426,28426.wav,siren
train,siren__fsd50k__dev__31482__0144__r1.wav,siren,,FSD50K,dev,31482,31482.wav,siren
train,siren__fsd50k__dev__315758__0145__r1.wav,siren,,FSD50K,dev,315758,315758.wav,siren
train,siren__fsd50k__dev__319751__0146__r1.wav,siren,,FSD50K,dev,319751,319751.wav,siren
train,siren__fsd50k__dev__322205__0147__r1.wav,siren,,FSD50K,dev,322205,322205.wav,siren
train,siren__fsd50k__dev__324579__0148__r1.wav,siren,,FSD50K,dev,324579,324579.wav,siren
train,siren__fsd50k__dev__326074__0149__r1.wav,siren,,FSD50K,dev,326074,326074.wav,siren
train,siren__fsd50k__dev__332918__0150__r1.wav,siren,,FSD50K,dev,332918,332918.wav,siren
train,siren__fsd50k__dev__336894__0151__r1.wav,siren,,FSD50K,dev,336894,336894.wav,siren
train,siren__fsd50k__dev__338973__0152__r1.wav,siren,,FSD50K,dev,338973,338973.wav,siren
train,siren__fsd50k__dev__34280__0153__r1.wav,siren,,FSD50K,dev,34280,34280.wav,siren
train,siren__fsd50k__dev__364911__0154__r1.wav,siren,,FSD50K,dev,364911,364911.wav,siren
train,siren__fsd50k__dev__372251__0155__r1.wav,siren,,FSD50K,dev,372251,372251.wav,siren
train,siren__fsd50k__dev__377125__0156__r1.wav,siren,,FSD50K,dev,377125,377125.wav,siren
train,siren__fsd50k__dev__377126__0157__r1.wav,siren,,FSD50K,dev,377126,377126.wav,siren
train,siren__fsd50k__dev__381957__0158__r1.wav,siren,,FSD50K,dev,381957,381957.wav,siren
train,siren__fsd50k__dev__392801__0159__r1.wav,siren,,FSD50K,dev,392801,392801.wav,siren
train,siren__fsd50k__dev__393662__0160__r1.wav,siren,,FSD50K,dev,393662,393662.wav,siren
train,siren__fsd50k__dev__393665__0161__r1.wav,siren,,FSD50K,dev,393665,393665.wav,siren
train,siren__fsd50k__dev__393666__0162__r1.wav,siren,,FSD50K,dev,393666,393666.wav,siren
train,siren__fsd50k__dev__393667__0163__r1.wav,siren,,FSD50K,dev,393667,393667.wav,siren
train,siren__fsd50k__dev__410825__0164__r1.wav,siren,,FSD50K,dev,410825,410825.wav,siren
train,siren__fsd50k__dev__46092__0165__r1.wav,siren,,FSD50K,dev,46092,46092.wav,siren
train,siren__fsd50k__dev__65152__0166__r1.wav,siren,,FSD50K,dev,65152,65152.wav,siren
train,siren__fsd50k__dev__65929__0167__r1.wav,siren,,FSD50K,dev,65929,65929.wav,siren
train,siren__fsd50k__dev__67358__0168__r1.wav,siren,,FSD50K,dev,67358,67358.wav,siren
train,siren__fsd50k__dev__67359__0169__r1.wav,siren,,FSD50K,dev,67359,67359.wav,siren
train,siren__fsd50k__dev__87393__0170__r1.wav,siren,,FSD50K,dev,87393,87393.wav,siren
train,siren__fsd50k__dev__88121__0171__r1.wav,siren,,FSD50K,dev,88121,88121.wav,siren
train,siren__fsd50k__dev__89682__0172__r1.wav,siren,,FSD50K,dev,89682,89682.wav,siren
train,siren__fsd50k__dev__89683__0173__r1.wav,siren,,FSD50K,dev,89683,89683.wav,siren
train,siren__fsd50k__dev__93639__0174__r1.wav,siren,,FSD50K,dev,93639,93639.wav,siren
train,siren__fsd50k__dev__93643__0175__r1.wav,siren,,FSD50K,dev,93643,93643.wav,siren
train,siren__fsd50k__dev__93676__0176__r1.wav,siren,,FSD50K,dev,93676,93676.wav,siren
train,siren__fsd50k__dev__98536__0177__r1.wav,siren,,FSD50K,dev,98536,98536.wav,siren
train,siren__esc50__fold_1__31482__0178__r2.wav,siren,,ESC-50,fold_1,31482,1-31482-A-42.wav,siren
train,siren__esc50__fold_1__31482__0179__r2.wav,siren,,ESC-50,fold_1,31482,1-31482-B-42.wav,siren
train,siren__esc50__fold_1__54084__0180__r2.wav,siren,,ESC-50,fold_1,54084,1-54084-A-42.wav,siren
train,siren__esc50__fold_1__76831__0181__r2.wav,siren,,ESC-50,fold_1,76831,1-76831-A-42.wav,siren
train,siren__esc50__fold_1__76831__0182__r2.wav,siren,,ESC-50,fold_1,76831,1-76831-B-42.wav,siren
train,siren__esc50__fold_1__76831__0183__r2.wav,siren,,ESC-50,fold_1,76831,1-76831-C-42.wav,siren
train,siren__esc50__fold_1__76831__0184__r2.wav,siren,,ESC-50,fold_1,76831,1-76831-D-42.wav,siren
train,siren__esc50__fold_1__76831__0185__r2.wav,siren,,ESC-50,fold_1,76831,1-76831-E-42.wav,siren
train,siren__esc50__fold_2__43802__0186__r2.wav,siren,,ESC-50,fold_2,43802,2-43802-A-42.wav,siren
train,siren__esc50__fold_2__43806__0187__r2.wav,siren,,ESC-50,fold_2,43806,2-43806-A-42.wav,siren
train,siren__esc50__fold_2__70052__0188__r2.wav,siren,,ESC-50,fold_2,70052,2-70052-A-42.wav,siren
train,siren__esc50__fold_2__70052__0189__r2.wav,siren,,ESC-50,fold_2,70052,2-70052-B-42.wav,siren
train,siren__esc50__fold_2__70936__0190__r2.wav,siren,,ESC-50,fold_2,70936,2-70936-A-42.wav,siren
train,siren__esc50__fold_2__70938__0191__r2.wav,siren,,ESC-50,fold_2,70938,2-70938-A-42.wav,siren
train,chainsaw__esc50__fold_1__116765__0000__r0.wav,chainsaw,,ESC-50,fold_1,116765,1-116765-A-41.wav,chainsaw
train,chainsaw__esc50__fold_1__19898__0001__r0.wav,chainsaw,,ESC-50,fold_1,19898,1-19898-A-41.wav,chainsaw
train,chainsaw__esc50__fold_1__19898__0002__r0.wav,chainsaw,,ESC-50,fold_1,19898,1-19898-B-41.wav,chainsaw
train,chainsaw__esc50__fold_1__19898__0003__r0.wav,chainsaw,,ESC-50,fold_1,19898,1-19898-C-41.wav,chainsaw
train,chainsaw__esc50__fold_1__47250__0004__r0.wav,chainsaw,,ESC-50,fold_1,47250,1-47250-A-41.wav,chainsaw
train,chainsaw__esc50__fold_1__47250__0005__r0.wav,chainsaw,,ESC-50,fold_1,47250,1-47250-B-41.wav,chainsaw
train,chainsaw__esc50__fold_1__64398__0006__r0.wav,chainsaw,,ESC-50,fold_1,64398,1-64398-A-41.wav,chainsaw
train,chainsaw__esc50__fold_1__64398__0007__r0.wav,chainsaw,,ESC-50,fold_1,64398,1-64398-B-41.wav,chainsaw
train,chainsaw__esc50__fold_2__50667__0008__r0.wav,chainsaw,,ESC-50,fold_2,50667,2-50667-A-41.wav,chainsaw
train,chainsaw__esc50__fold_2__50667__0009__r0.wav,chainsaw,,ESC-50,fold_2,50667,2-50667-B-41.wav,chainsaw
train,chainsaw__esc50__fold_2__50668__0010__r0.wav,chainsaw,,ESC-50,fold_2,50668,2-50668-A-41.wav,chainsaw
train,chainsaw__esc50__fold_2__50668__0011__r0.wav,chainsaw,,ESC-50,fold_2,50668,2-50668-B-41.wav,chainsaw
train,chainsaw__esc50__fold_2__68391__0012__r0.wav,chainsaw,,ESC-50,fold_2,68391,2-68391-A-41.wav,chainsaw
train,chainsaw__esc50__fold_2__68391__0013__r0.wav,chainsaw,,ESC-50,fold_2,68391,2-68391-B-41.wav,chainsaw
train,chainsaw__esc50__fold_2__77945__0014__r0.wav,chainsaw,,ESC-50,fold_2,77945,2-77945-A-41.wav,chainsaw
train,chainsaw__esc50__fold_2__77945__0015__r0.wav,chainsaw,,ESC-50,fold_2,77945,2-77945-B-41.wav,chainsaw
train,chainsaw__esc50__fold_3__118656__0016__r0.wav,chainsaw,,ESC-50,fold_3,118656,3-118656-A-41.wav,chainsaw
train,chainsaw__esc50__fold_3__118657__0017__r0.wav,chainsaw,,ESC-50,fold_3,118657,3-118657-A-41.wav,chainsaw
train,chainsaw__esc50__fold_3__118657__0018__r0.wav,chainsaw,,ESC-50,fold_3,118657,3-118657-B-41.wav,chainsaw
train,chainsaw__esc50__fold_3__118658__0019__r0.wav,chainsaw,,ESC-50,fold_3,118658,3-118658-A-41.wav,chainsaw
train,chainsaw__esc50__fold_3__118658__0020__r0.wav,chainsaw,,ESC-50,fold_3,118658,3-118658-B-41.wav,chainsaw
train,chainsaw__esc50__fold_3__118972__0021__r0.wav,chainsaw,,ESC-50,fold_3,118972,3-118972-A-41.wav,chainsaw
train,chainsaw__esc50__fold_3__118972__0022__r0.wav,chainsaw,,ESC-50,fold_3,118972,3-118972-B-41.wav,chainsaw
train,chainsaw__esc50__fold_3__165856__0023__r0.wav,chainsaw,,ESC-50,fold_3,165856,3-165856-A-41.wav,chainsaw
train,chainsaw__esc50__fold_1__116765__0024__r1.wav,chainsaw,,ESC-50,fold_1,116765,1-116765-A-41.wav,chainsaw
train,chainsaw__esc50__fold_1__19898__0025__r1.wav,chainsaw,,ESC-50,fold_1,19898,1-19898-A-41.wav,chainsaw
train,chainsaw__esc50__fold_1__19898__0026__r1.wav,chainsaw,,ESC-50,fold_1,19898,1-19898-B-41.wav,chainsaw
train,chainsaw__esc50__fold_1__19898__0027__r1.wav,chainsaw,,ESC-50,fold_1,19898,1-19898-C-41.wav,chainsaw
train,chainsaw__esc50__fold_1__47250__0028__r1.wav,chainsaw,,ESC-50,fold_1,47250,1-47250-A-41.wav,chainsaw
train,chainsaw__esc50__fold_1__47250__0029__r1.wav,chainsaw,,ESC-50,fold_1,47250,1-47250-B-41.wav,chainsaw
train,chainsaw__esc50__fold_1__64398__0030__r1.wav,chainsaw,,ESC-50,fold_1,64398,1-64398-A-41.wav,chainsaw
train,chainsaw__esc50__fold_1__64398__0031__r1.wav,chainsaw,,ESC-50,fold_1,64398,1-64398-B-41.wav,chainsaw
train,chainsaw__esc50__fold_2__50667__0032__r1.wav,chainsaw,,ESC-50,fold_2,50667,2-50667-A-41.wav,chainsaw
train,chainsaw__esc50__fold_2__50667__0033__r1.wav,chainsaw,,ESC-50,fold_2,50667,2-50667-B-41.wav,chainsaw
train,chainsaw__esc50__fold_2__50668__0034__r1.wav,chainsaw,,ESC-50,fold_2,50668,2-50668-A-41.wav,chainsaw
train,chainsaw__esc50__fold_2__50668__0035__r1.wav,chainsaw,,ESC-50,fold_2,50668,2-50668-B-41.wav,chainsaw
train,chainsaw__esc50__fold_2__68391__0036__r1.wav,chainsaw,,ESC-50,fold_2,68391,2-68391-A-41.wav,chainsaw
train,chainsaw__esc50__fold_2__68391__0037__r1.wav,chainsaw,,ESC-50,fold_2,68391,2-68391-B-41.wav,chainsaw
train,chainsaw__esc50__fold_2__77945__0038__r1.wav,chainsaw,,ESC-50,fold_2,77945,2-77945-A-41.wav,chainsaw
train,chainsaw__esc50__fold_2__77945__0039__r1.wav,chainsaw,,ESC-50,fold_2,77945,2-77945-B-41.wav,chainsaw
train,chainsaw__esc50__fold_3__118656__0040__r1.wav,chainsaw,,ESC-50,fold_3,118656,3-118656-A-41.wav,chainsaw
train,chainsaw__esc50__fold_3__118657__0041__r1.wav,chainsaw,,ESC-50,fold_3,118657,3-118657-A-41.wav,chainsaw
train,chainsaw__esc50__fold_3__118657__0042__r1.wav,chainsaw,,ESC-50,fold_3,118657,3-118657-B-41.wav,chainsaw
train,chainsaw__esc50__fold_3__118658__0043__r1.wav,chainsaw,,ESC-50,fold_3,118658,3-118658-A-41.wav,chainsaw
train,chainsaw__esc50__fold_3__118658__0044__r1.wav,chainsaw,,ESC-50,fold_3,118658,3-118658-B-41.wav,chainsaw
train,chainsaw__esc50__fold_3__118972__0045__r1.wav,chainsaw,,ESC-50,fold_3,118972,3-118972-A-41.wav,chainsaw
train,chainsaw__esc50__fold_3__118972__0046__r1.wav,chainsaw,,ESC-50,fold_3,118972,3-118972-B-41.wav,chainsaw
train,chainsaw__esc50__fold_3__165856__0047__r1.wav,chainsaw,,ESC-50,fold_3,165856,3-165856-A-41.wav,chainsaw
train,chainsaw__esc50__fold_1__116765__0048__r2.wav,chainsaw,,ESC-50,fold_1,116765,1-116765-A-41.wav,chainsaw
train,chainsaw__esc50__fold_1__19898__0049__r2.wav,chainsaw,,ESC-50,fold_1,19898,1-19898-A-41.wav,chainsaw
train,chainsaw__esc50__fold_1__19898__0050__r2.wav,chainsaw,,ESC-50,fold_1,19898,1-19898-B-41.wav,chainsaw
train,chainsaw__esc50__fold_1__19898__0051__r2.wav,chainsaw,,ESC-50,fold_1,19898,1-19898-C-41.wav,chainsaw
train,chainsaw__esc50__fold_1__47250__0052__r2.wav,chainsaw,,ESC-50,fold_1,47250,1-47250-A-41.wav,chainsaw
train,chainsaw__esc50__fold_1__47250__0053__r2.wav,chainsaw,,ESC-50,fold_1,47250,1-47250-B-41.wav,chainsaw
train,chainsaw__esc50__fold_1__64398__0054__r2.wav,chainsaw,,ESC-50,fold_1,64398,1-64398-A-41.wav,chainsaw
train,chainsaw__esc50__fold_1__64398__0055__r2.wav,chainsaw,,ESC-50,fold_1,64398,1-64398-B-41.wav,chainsaw
train,chainsaw__esc50__fold_2__50667__0056__r2.wav,chainsaw,,ESC-50,fold_2,50667,2-50667-A-41.wav,chainsaw
train,chainsaw__esc50__fold_2__50667__0057__r2.wav,chainsaw,,ESC-50,fold_2,50667,2-50667-B-41.wav,chainsaw
train,chainsaw__esc50__fold_2__50668__0058__r2.wav,chainsaw,,ESC-50,fold_2,50668,2-50668-A-41.wav,chainsaw
train,chainsaw__esc50__fold_2__50668__0059__r2.wav,chainsaw,,ESC-50,fold_2,50668,2-50668-B-41.wav,chainsaw
train,chainsaw__esc50__fold_2__68391__0060__r2.wav,chainsaw,,ESC-50,fold_2,68391,2-68391-A-41.wav,chainsaw
train,chainsaw__esc50__fold_2__68391__0061__r2.wav,chainsaw,,ESC-50,fold_2,68391,2-68391-B-41.wav,chainsaw
train,chainsaw__esc50__fold_2__77945__0062__r2.wav,chainsaw,,ESC-50,fold_2,77945,2-77945-A-41.wav,chainsaw
train,chainsaw__esc50__fold_2__77945__0063__r2.wav,chainsaw,,ESC-50,fold_2,77945,2-77945-B-41.wav,chainsaw
train,chainsaw__esc50__fold_3__118656__0064__r2.wav,chainsaw,,ESC-50,fold_3,118656,3-118656-A-41.wav,chainsaw
train,chainsaw__esc50__fold_3__118657__0065__r2.wav,chainsaw,,ESC-50,fold_3,118657,3-118657-A-41.wav,chainsaw
train,chainsaw__esc50__fold_3__118657__0066__r2.wav,chainsaw,,ESC-50,fold_3,118657,3-118657-B-41.wav,chainsaw
train,chainsaw__esc50__fold_3__118658__0067__r2.wav,chainsaw,,ESC-50,fold_3,118658,3-118658-A-41.wav,chainsaw
train,chainsaw__esc50__fold_3__118658__0068__r2.wav,chainsaw,,ESC-50,fold_3,118658,3-118658-B-41.wav,chainsaw
train,chainsaw__esc50__fold_3__118972__0069__r2.wav,chainsaw,,ESC-50,fold_3,118972,3-118972-A-41.wav,chainsaw
train,chainsaw__esc50__fold_3__118972__0070__r2.wav,chainsaw,,ESC-50,fold_3,118972,3-118972-B-41.wav,chainsaw
train,chainsaw__esc50__fold_3__165856__0071__r2.wav,chainsaw,,ESC-50,fold_3,165856,3-165856-A-41.wav,chainsaw
train,chainsaw__esc50__fold_1__116765__0072__r3.wav,chainsaw,,ESC-50,fold_1,116765,1-116765-A-41.wav,chainsaw
train,chainsaw__esc50__fold_1__19898__0073__r3.wav,chainsaw,,ESC-50,fold_1,19898,1-19898-A-41.wav,chainsaw
train,chainsaw__esc50__fold_1__19898__0074__r3.wav,chainsaw,,ESC-50,fold_1,19898,1-19898-B-41.wav,chainsaw
train,chainsaw__esc50__fold_1__19898__0075__r3.wav,chainsaw,,ESC-50,fold_1,19898,1-19898-C-41.wav,chainsaw
train,chainsaw__esc50__fold_1__47250__0076__r3.wav,chainsaw,,ESC-50,fold_1,47250,1-47250-A-41.wav,chainsaw
train,chainsaw__esc50__fold_1__47250__0077__r3.wav,chainsaw,,ESC-50,fold_1,47250,1-47250-B-41.wav,chainsaw
train,chainsaw__esc50__fold_1__64398__0078__r3.wav,chainsaw,,ESC-50,fold_1,64398,1-64398-A-41.wav,chainsaw
train,chainsaw__esc50__fold_1__64398__0079__r3.wav,chainsaw,,ESC-50,fold_1,64398,1-64398-B-41.wav,chainsaw
train,chainsaw__esc50__fold_2__50667__0080__r3.wav,chainsaw,,ESC-50,fold_2,50667,2-50667-A-41.wav,chainsaw
train,chainsaw__esc50__fold_2__50667__0081__r3.wav,chainsaw,,ESC-50,fold_2,50667,2-50667-B-41.wav,chainsaw
train,chainsaw__esc50__fold_2__50668__0082__r3.wav,chainsaw,,ESC-50,fold_2,50668,2-50668-A-41.wav,chainsaw
train,chainsaw__esc50__fold_2__50668__0083__r3.wav,chainsaw,,ESC-50,fold_2,50668,2-50668-B-41.wav,chainsaw
train,chainsaw__esc50__fold_2__68391__0084__r3.wav,chainsaw,,ESC-50,fold_2,68391,2-68391-A-41.wav,chainsaw
train,chainsaw__esc50__fold_2__68391__0085__r3.wav,chainsaw,,ESC-50,fold_2,68391,2-68391-B-41.wav,chainsaw
train,chainsaw__esc50__fold_2__77945__0086__r3.wav,chainsaw,,ESC-50,fold_2,77945,2-77945-A-41.wav,chainsaw
train,chainsaw__esc50__fold_2__77945__0087__r3.wav,chainsaw,,ESC-50,fold_2,77945,2-77945-B-41.wav,chainsaw
train,chainsaw__esc50__fold_3__118656__0088__r3.wav,chainsaw,,ESC-50,fold_3,118656,3-118656-A-41.wav,chainsaw
train,chainsaw__esc50__fold_3__118657__0089__r3.wav,chainsaw,,ESC-50,fold_3,118657,3-118657-A-41.wav,chainsaw
train,chainsaw__esc50__fold_3__118657__0090__r3.wav,chainsaw,,ESC-50,fold_3,118657,3-118657-B-41.wav,chainsaw
train,chainsaw__esc50__fold_3__118658__0091__r3.wav,chainsaw,,ESC-50,fold_3,118658,3-118658-A-41.wav,chainsaw
train,chainsaw__esc50__fold_3__118658__0092__r3.wav,chainsaw,,ESC-50,fold_3,118658,3-118658-B-41.wav,chainsaw
train,chainsaw__esc50__fold_3__118972__0093__r3.wav,chainsaw,,ESC-50,fold_3,118972,3-118972-A-41.wav,chainsaw
train,chainsaw__esc50__fold_3__118972__0094__r3.wav,chainsaw,,ESC-50,fold_3,118972,3-118972-B-41.wav,chainsaw
train,chainsaw__esc50__fold_3__165856__0095__r3.wav,chainsaw,,ESC-50,fold_3,165856,3-165856-A-41.wav,chainsaw
train,chainsaw__esc50__fold_1__116765__0096__r4.wav,chainsaw,,ESC-50,fold_1,116765,1-116765-A-41.wav,chainsaw
train,chainsaw__esc50__fold_1__19898__0097__r4.wav,chainsaw,,ESC-50,fold_1,19898,1-19898-A-41.wav,chainsaw
train,chainsaw__esc50__fold_1__19898__0098__r4.wav,chainsaw,,ESC-50,fold_1,19898,1-19898-B-41.wav,chainsaw
train,chainsaw__esc50__fold_1__19898__0099__r4.wav,chainsaw,,ESC-50,fold_1,19898,1-19898-C-41.wav,chainsaw
train,chainsaw__esc50__fold_1__47250__0100__r4.wav,chainsaw,,ESC-50,fold_1,47250,1-47250-A-41.wav,chainsaw
train,chainsaw__esc50__fold_1__47250__0101__r4.wav,chainsaw,,ESC-50,fold_1,47250,1-47250-B-41.wav,chainsaw
train,chainsaw__esc50__fold_1__64398__0102__r4.wav,chainsaw,,ESC-50,fold_1,64398,1-64398-A-41.wav,chainsaw
train,chainsaw__esc50__fold_1__64398__0103__r4.wav,chainsaw,,ESC-50,fold_1,64398,1-64398-B-41.wav,chainsaw
train,chainsaw__esc50__fold_2__50667__0104__r4.wav,chainsaw,,ESC-50,fold_2,50667,2-50667-A-41.wav,chainsaw
train,chainsaw__esc50__fold_2__50667__0105__r4.wav,chainsaw,,ESC-50,fold_2,50667,2-50667-B-41.wav,chainsaw
train,chainsaw__esc50__fold_2__50668__0106__r4.wav,chainsaw,,ESC-50,fold_2,50668,2-50668-A-41.wav,chainsaw
train,chainsaw__esc50__fold_2__50668__0107__r4.wav,chainsaw,,ESC-50,fold_2,50668,2-50668-B-41.wav,chainsaw
train,chainsaw__esc50__fold_2__68391__0108__r4.wav,chainsaw,,ESC-50,fold_2,68391,2-68391-A-41.wav,chainsaw
train,chainsaw__esc50__fold_2__68391__0109__r4.wav,chainsaw,,ESC-50,fold_2,68391,2-68391-B-41.wav,chainsaw
train,chainsaw__esc50__fold_2__77945__0110__r4.wav,chainsaw,,ESC-50,fold_2,77945,2-77945-A-41.wav,chainsaw
train,chainsaw__esc50__fold_2__77945__0111__r4.wav,chainsaw,,ESC-50,fold_2,77945,2-77945-B-41.wav,chainsaw
train,chainsaw__esc50__fold_3__118656__0112__r4.wav,chainsaw,,ESC-50,fold_3,118656,3-118656-A-41.wav,chainsaw
train,chainsaw__esc50__fold_3__118657__0113__r4.wav,chainsaw,,ESC-50,fold_3,118657,3-118657-A-41.wav,chainsaw
train,chainsaw__esc50__fold_3__118657__0114__r4.wav,chainsaw,,ESC-50,fold_3,118657,3-118657-B-41.wav,chainsaw
train,chainsaw__esc50__fold_3__118658__0115__r4.wav,chainsaw,,ESC-50,fold_3,118658,3-118658-A-41.wav,chainsaw
train,chainsaw__esc50__fold_3__118658__0116__r4.wav,chainsaw,,ESC-50,fold_3,118658,3-118658-B-41.wav,chainsaw
train,chainsaw__esc50__fold_3__118972__0117__r4.wav,chainsaw,,ESC-50,fold_3,118972,3-118972-A-41.wav,chainsaw
train,chainsaw__esc50__fold_3__118972__0118__r4.wav,chainsaw,,ESC-50,fold_3,118972,3-118972-B-41.wav,chainsaw
train,chainsaw__esc50__fold_3__165856__0119__r4.wav,chainsaw,,ESC-50,fold_3,165856,3-165856-A-41.wav,chainsaw
train,chainsaw__esc50__fold_1__116765__0120__r5.wav,chainsaw,,ESC-50,fold_1,116765,1-116765-A-41.wav,chainsaw
train,chainsaw__esc50__fold_1__19898__0121__r5.wav,chainsaw,,ESC-50,fold_1,19898,1-19898-A-41.wav,chainsaw
train,chainsaw__esc50__fold_1__19898__0122__r5.wav,chainsaw,,ESC-50,fold_1,19898,1-19898-B-41.wav,chainsaw
train,chainsaw__esc50__fold_1__19898__0123__r5.wav,chainsaw,,ESC-50,fold_1,19898,1-19898-C-41.wav,chainsaw
train,chainsaw__esc50__fold_1__47250__0124__r5.wav,chainsaw,,ESC-50,fold_1,47250,1-47250-A-41.wav,chainsaw
train,chainsaw__esc50__fold_1__47250__0125__r5.wav,chainsaw,,ESC-50,fold_1,47250,1-47250-B-41.wav,chainsaw
train,chainsaw__esc50__fold_1__64398__0126__r5.wav,chainsaw,,ESC-50,fold_1,64398,1-64398-A-41.wav,chainsaw
train,chainsaw__esc50__fold_1__64398__0127__r5.wav,chainsaw,,ESC-50,fold_1,64398,1-64398-B-41.wav,chainsaw
train,chainsaw__esc50__fold_2__50667__0128__r5.wav,chainsaw,,ESC-50,fold_2,50667,2-50667-A-41.wav,chainsaw
train,chainsaw__esc50__fold_2__50667__0129__r5.wav,chainsaw,,ESC-50,fold_2,50667,2-50667-B-41.wav,chainsaw
train,chainsaw__esc50__fold_2__50668__0130__r5.wav,chainsaw,,ESC-50,fold_2,50668,2-50668-A-41.wav,chainsaw
train,chainsaw__esc50__fold_2__50668__0131__r5.wav,chainsaw,,ESC-50,fold_2,50668,2-50668-B-41.wav,chainsaw
train,chainsaw__esc50__fold_2__68391__0132__r5.wav,chainsaw,,ESC-50,fold_2,68391,2-68391-A-41.wav,chainsaw
train,chainsaw__esc50__fold_2__68391__0133__r5.wav,chainsaw,,ESC-50,fold_2,68391,2-68391-B-41.wav,chainsaw
train,chainsaw__esc50__fold_2__77945__0134__r5.wav,chainsaw,,ESC-50,fold_2,77945,2-77945-A-41.wav,chainsaw
train,chainsaw__esc50__fold_2__77945__0135__r5.wav,chainsaw,,ESC-50,fold_2,77945,2-77945-B-41.wav,chainsaw
train,chainsaw__esc50__fold_3__118656__0136__r5.wav,chainsaw,,ESC-50,fold_3,118656,3-118656-A-41.wav,chainsaw
train,chainsaw__esc50__fold_3__118657__0137__r5.wav,chainsaw,,ESC-50,fold_3,118657,3-118657-A-41.wav,chainsaw
train,chainsaw__esc50__fold_3__118657__0138__r5.wav,chainsaw,,ESC-50,fold_3,118657,3-118657-B-41.wav,chainsaw
train,chainsaw__esc50__fold_3__118658__0139__r5.wav,chainsaw,,ESC-50,fold_3,118658,3-118658-A-41.wav,chainsaw
train,chainsaw__esc50__fold_3__118658__0140__r5.wav,chainsaw,,ESC-50,fold_3,118658,3-118658-B-41.wav,chainsaw
train,chainsaw__esc50__fold_3__118972__0141__r5.wav,chainsaw,,ESC-50,fold_3,118972,3-118972-A-41.wav,chainsaw
train,chainsaw__esc50__fold_3__118972__0142__r5.wav,chainsaw,,ESC-50,fold_3,118972,3-118972-B-41.wav,chainsaw
train,chainsaw__esc50__fold_3__165856__0143__r5.wav,chainsaw,,ESC-50,fold_3,165856,3-165856-A-41.wav,chainsaw
train,chainsaw__esc50__fold_1__116765__0144__r6.wav,chainsaw,,ESC-50,fold_1,116765,1-116765-A-41.wav,chainsaw
train,chainsaw__esc50__fold_1__19898__0145__r6.wav,chainsaw,,ESC-50,fold_1,19898,1-19898-A-41.wav,chainsaw
train,chainsaw__esc50__fold_1__19898__0146__r6.wav,chainsaw,,ESC-50,fold_1,19898,1-19898-B-41.wav,chainsaw
train,chainsaw__esc50__fold_1__19898__0147__r6.wav,chainsaw,,ESC-50,fold_1,19898,1-19898-C-41.wav,chainsaw
train,chainsaw__esc50__fold_1__47250__0148__r6.wav,chainsaw,,ESC-50,fold_1,47250,1-47250-A-41.wav,chainsaw
train,chainsaw__esc50__fold_1__47250__0149__r6.wav,chainsaw,,ESC-50,fold_1,47250,1-47250-B-41.wav,chainsaw
train,chainsaw__esc50__fold_1__64398__0150__r6.wav,chainsaw,,ESC-50,fold_1,64398,1-64398-A-41.wav,chainsaw
train,chainsaw__esc50__fold_1__64398__0151__r6.wav,chainsaw,,ESC-50,fold_1,64398,1-64398-B-41.wav,chainsaw
train,chainsaw__esc50__fold_2__50667__0152__r6.wav,chainsaw,,ESC-50,fold_2,50667,2-50667-A-41.wav,chainsaw
train,chainsaw__esc50__fold_2__50667__0153__r6.wav,chainsaw,,ESC-50,fold_2,50667,2-50667-B-41.wav,chainsaw
train,chainsaw__esc50__fold_2__50668__0154__r6.wav,chainsaw,,ESC-50,fold_2,50668,2-50668-A-41.wav,chainsaw
train,chainsaw__esc50__fold_2__50668__0155__r6.wav,chainsaw,,ESC-50,fold_2,50668,2-50668-B-41.wav,chainsaw
train,chainsaw__esc50__fold_2__68391__0156__r6.wav,chainsaw,,ESC-50,fold_2,68391,2-68391-A-41.wav,chainsaw
train,chainsaw__esc50__fold_2__68391__0157__r6.wav,chainsaw,,ESC-50,fold_2,68391,2-68391-B-41.wav,chainsaw
train,chainsaw__esc50__fold_2__77945__0158__r6.wav,chainsaw,,ESC-50,fold_2,77945,2-77945-A-41.wav,chainsaw
train,chainsaw__esc50__fold_2__77945__0159__r6.wav,chainsaw,,ESC-50,fold_2,77945,2-77945-B-41.wav,chainsaw
train,chainsaw__esc50__fold_3__118656__0160__r6.wav,chainsaw,,ESC-50,fold_3,118656,3-118656-A-41.wav,chainsaw
train,chainsaw__esc50__fold_3__118657__0161__r6.wav,chainsaw,,ESC-50,fold_3,118657,3-118657-A-41.wav,chainsaw
train,chainsaw__esc50__fold_3__118657__0162__r6.wav,chainsaw,,ESC-50,fold_3,118657,3-118657-B-41.wav,chainsaw
train,chainsaw__esc50__fold_3__118658__0163__r6.wav,chainsaw,,ESC-50,fold_3,118658,3-118658-A-41.wav,chainsaw
train,chainsaw__esc50__fold_3__118658__0164__r6.wav,chainsaw,,ESC-50,fold_3,118658,3-118658-B-41.wav,chainsaw
train,chainsaw__esc50__fold_3__118972__0165__r6.wav,chainsaw,,ESC-50,fold_3,118972,3-118972-A-41.wav,chainsaw
train,chainsaw__esc50__fold_3__118972__0166__r6.wav,chainsaw,,ESC-50,fold_3,118972,3-118972-B-41.wav,chainsaw
train,chainsaw__esc50__fold_3__165856__0167__r6.wav,chainsaw,,ESC-50,fold_3,165856,3-165856-A-41.wav,chainsaw
train,chainsaw__esc50__fold_1__116765__0168__r7.wav,chainsaw,,ESC-50,fold_1,116765,1-116765-A-41.wav,chainsaw
train,chainsaw__esc50__fold_1__19898__0169__r7.wav,chainsaw,,ESC-50,fold_1,19898,1-19898-A-41.wav,chainsaw
train,chainsaw__esc50__fold_1__19898__0170__r7.wav,chainsaw,,ESC-50,fold_1,19898,1-19898-B-41.wav,chainsaw
train,chainsaw__esc50__fold_1__19898__0171__r7.wav,chainsaw,,ESC-50,fold_1,19898,1-19898-C-41.wav,chainsaw
train,chainsaw__esc50__fold_1__47250__0172__r7.wav,chainsaw,,ESC-50,fold_1,47250,1-47250-A-41.wav,chainsaw
train,chainsaw__esc50__fold_1__47250__0173__r7.wav,chainsaw,,ESC-50,fold_1,47250,1-47250-B-41.wav,chainsaw
train,chainsaw__esc50__fold_1__64398__0174__r7.wav,chainsaw,,ESC-50,fold_1,64398,1-64398-A-41.wav,chainsaw
train,chainsaw__esc50__fold_1__64398__0175__r7.wav,chainsaw,,ESC-50,fold_1,64398,1-64398-B-41.wav,chainsaw
train,chainsaw__esc50__fold_2__50667__0176__r7.wav,chainsaw,,ESC-50,fold_2,50667,2-50667-A-41.wav,chainsaw
train,chainsaw__esc50__fold_2__50667__0177__r7.wav,chainsaw,,ESC-50,fold_2,50667,2-50667-B-41.wav,chainsaw
train,chainsaw__esc50__fold_2__50668__0178__r7.wav,chainsaw,,ESC-50,fold_2,50668,2-50668-A-41.wav,chainsaw
train,chainsaw__esc50__fold_2__50668__0179__r7.wav,chainsaw,,ESC-50,fold_2,50668,2-50668-B-41.wav,chainsaw
train,chainsaw__esc50__fold_2__68391__0180__r7.wav,chainsaw,,ESC-50,fold_2,68391,2-68391-A-41.wav,chainsaw
train,chainsaw__esc50__fold_2__68391__0181__r7.wav,chainsaw,,ESC-50,fold_2,68391,2-68391-B-41.wav,chainsaw
train,chainsaw__esc50__fold_2__77945__0182__r7.wav,chainsaw,,ESC-50,fold_2,77945,2-77945-A-41.wav,chainsaw
train,chainsaw__esc50__fold_2__77945__0183__r7.wav,chainsaw,,ESC-50,fold_2,77945,2-77945-B-41.wav,chainsaw
train,chainsaw__esc50__fold_3__118656__0184__r7.wav,chainsaw,,ESC-50,fold_3,118656,3-118656-A-41.wav,chainsaw
train,chainsaw__esc50__fold_3__118657__0185__r7.wav,chainsaw,,ESC-50,fold_3,118657,3-118657-A-41.wav,chainsaw
train,chainsaw__esc50__fold_3__118657__0186__r7.wav,chainsaw,,ESC-50,fold_3,118657,3-118657-B-41.wav,chainsaw
train,chainsaw__esc50__fold_3__118658__0187__r7.wav,chainsaw,,ESC-50,fold_3,118658,3-118658-A-41.wav,chainsaw
train,chainsaw__esc50__fold_3__118658__0188__r7.wav,chainsaw,,ESC-50,fold_3,118658,3-118658-B-41.wav,chainsaw
train,chainsaw__esc50__fold_3__118972__0189__r7.wav,chainsaw,,ESC-50,fold_3,118972,3-118972-A-41.wav,chainsaw
train,chainsaw__esc50__fold_3__118972__0190__r7.wav,chainsaw,,ESC-50,fold_3,118972,3-118972-B-41.wav,chainsaw
train,chainsaw__esc50__fold_3__165856__0191__r7.wav,chainsaw,,ESC-50,fold_3,165856,3-165856-A-41.wav,chainsaw
train,gunshot_gunfire__fsd50k__dev__100144__0000__r0.wav,gunshot_gunfire,,FSD50K,dev,100144,100144.wav,gunshot_gunfire
train,gunshot_gunfire__fsd50k__dev__101961__0001__r0.wav,gunshot_gunfire,,FSD50K,dev,101961,101961.wav,gunshot_gunfire
train,gunshot_gunfire__fsd50k__dev__101962__0002__r0.wav,gunshot_gunfire,,FSD50K,dev,101962,101962.wav,gunshot_gunfire
train,gunshot_gunfire__fsd50k__dev__103626__0003__r0.wav,gunshot_gunfire,,FSD50K,dev,103626,103626.wav,gunshot_gunfire
train,gunshot_gunfire__fsd50k__dev__108043__0004__r0.wav,gunshot_gunfire,,FSD50K,dev,108043,108043.wav,gunshot_gunfire
train,gunshot_gunfire__fsd50k__dev__108044__0005__r0.wav,gunshot_gunfire,,FSD50K,dev,108044,108044.wav,gunshot_gunfire
train,gunshot_gunfire__fsd50k__dev__108045__0006__r0.wav,gunshot_gunfire,,FSD50K,dev,108045,108045.wav,gunshot_gunfire
train,gunshot_gunfire__fsd50k__dev__108046__0007__r0.wav,gunshot_gunfire,,FSD50K,dev,108046,108046.wav,gunshot_gunfire
train,gunshot_gunfire__fsd50k__dev__108047__0008__r0.wav,gunshot_gunfire,,FSD50K,dev,108047,108047.wav,gunshot_gunfire
train,gunshot_gunfire__fsd50k__dev__118450__0009__r0.wav,gunshot_gunfire,,FSD50K,dev,118450,118450.wav,gunshot_gunfire
train,gunshot_gunfire__fsd50k__dev__127846__0010__r0.wav,gunshot_gunfire,,FSD50K,dev,127846,127846.wav,gunshot_gunfire
train,gunshot_gunfire__fsd50k__dev__128293__0011__r0.wav,gunshot_gunfire,,FSD50K,dev,128293,128293.wav,gunshot_gunfire
train,gunshot_gunfire__fsd50k__dev__128294__0012__r0.wav,gunshot_gunfire,,FSD50K,dev,128294,128294.wav,gunshot_gunfire
train,gunshot_gunfire__fsd50k__dev__128296__0013__r0.wav,gunshot_gunfire,,FSD50K,dev,128296,128296.wav,gunshot_gunfire
train,gunshot_gunfire__fsd50k__dev__128297__0014__r0.wav,gunshot_gunfire,,FSD50K,dev,128297,128297.wav,gunshot_gunfire
train,gunshot_gunfire__fsd50k__dev__128298__0015__r0.wav,gunshot_gunfire,,FSD50K,dev,128298,128298.wav,gunshot_gunfire
train,gunshot_gunfire__fsd50k__dev__128299__0016__r0.wav,gunshot_gunfire,,FSD50K,dev,128299,128299.wav,gunshot_gunfire
train,gunshot_gunfire__fsd50k__dev__128301__0017__r0.wav,gunshot_gunfire,,FSD50K,dev,128301,128301.wav,gunshot_gunfire
train,gunshot_gunfire__fsd50k__dev__132551__0018__r0.wav,gunshot_gunfire,,FSD50K,dev,132551,132551.wav,gunshot_gunfire
train,gunshot_gunfire__fsd50k__dev__136766__0019__r0.wav,gunshot_gunfire,,FSD50K,dev,136766,136766.wav,gunshot_gunfire
train,gunshot_gunfire__fsd50k__dev__139028__0020__r0.wav,gunshot_gunfire,,FSD50K,dev,139028,139028.wav,gunshot_gunfire
train,gunshot_gunfire__fsd50k__dev__145206__0021__r0.wav,gunshot_gunfire,,FSD50K,dev,145206,145206.wav,gunshot_gunfire
train,gunshot_gunfire__fsd50k__dev__145580__0022__r0.wav,gunshot_gunfire,,FSD50K,dev,145580,145580.wav,gunshot_gunfire
train,gunshot_gunfire__fsd50k__dev__145609__0023__r0.wav,gunshot_gunfire,,FSD50K,dev,145609,145609.wav,gunshot_gunfire
train,gunshot_gunfire__fsd50k__dev__148828__0024__r0.wav,gunshot_gunfire,,FSD50K,dev,148828,148828.wav,gunshot_gunfire
train,gunshot_gunfire__fsd50k__dev__148831__0025__r0.wav,gunshot_gunfire,,FSD50K,dev,148831,148831.wav,gunshot_gunfire
train,gunshot_gunfire__fsd50k__dev__148832__0026__r0.wav,gunshot_gunfire,,FSD50K,dev,148832,148832.wav,gunshot_gunfire
train,gunshot_gunfire__fsd50k__dev__148836__0027__r0.wav,gunshot_gunfire,,FSD50K,dev,148836,148836.wav,gunshot_gunfire
train,gunshot_gunfire__fsd50k__dev__148837__0028__r0.wav,gunshot_gunfire,,FSD50K,dev,148837,148837.wav,gunshot_gunfire
train,gunshot_gunfire__fsd50k__dev__148838__0029__r0.wav,gunshot_gunfire,,FSD50K,dev,148838,148838.wav,gunshot_gunfire
train,gunshot_gunfire__fsd50k__dev__151065__0030__r0.wav,gunshot_gunfire,,FSD50K,dev,151065,151065.wav,gunshot_gunfire
train,gunshot_gunfire__fsd50k__dev__151066__0031__r0.wav,gunshot_gunfire,,FSD50K,dev,151066,151066.wav,gunshot_gunfire
train,gunshot_gunfire__fsd50k__dev__151069__0032__r0.wav,gunshot_gunfire,,FSD50K,dev,151069,151069.wav,gunshot_gunfire
train,gunshot_gunfire__fsd50k__dev__151072__0033__r0.wav,gunshot_gunfire,,FSD50K,dev,151072,151072.wav,gunshot_gunfire
train,gunshot_gunfire__fsd50k__dev__151075__0034__r0.wav,gunshot_gunfire,,FSD50K,dev,151075,151075.wav,gunshot_gunfire
train,gunshot_gunfire__fsd50k__dev__157206__0035__r0.wav,gunshot_gunfire,,FSD50K,dev,157206,157206.wav,gunshot_gunfire
train,gunshot_gunfire__fsd50k__dev__157207__0036__r0.wav,gunshot_gunfire,,FSD50K,dev,157207,157207.wav,gunshot_gunfire
train,gunshot_gunfire__fsd50k__dev__157799__0037__r0.wav,gunshot_gunfire,,FSD50K,dev,157799,157799.wav,gunshot_gunfire
train,gunshot_gunfire__fsd50k__dev__157800__0038__r0.wav,gunshot_gunfire,,FSD50K,dev,157800,157800.wav,gunshot_gunfire
train,gunshot_gunfire__fsd50k__dev__157801__0039__r0.wav,gunshot_gunfire,,FSD50K,dev,157801,157801.wav,gunshot_gunfire
train,gunshot_gunfire__fsd50k__dev__158977__0040__r0.wav,gunshot_gunfire,,FSD50K,dev,158977,158977.wav,gunshot_gunfire
train,gunshot_gunfire__fsd50k__dev__158978__0041__r0.wav,gunshot_gunfire,,FSD50K,dev,158978,158978.wav,gunshot_gunfire
train,gunshot_gunfire__fsd50k__dev__158979__0042__r0.wav,gunshot_gunfire,,FSD50K,dev,158979,158979.wav,gunshot_gunfire
train,gunshot_gunfire__fsd50k__dev__159703__0043__r0.wav,gunshot_gunfire,,FSD50K,dev,159703,159703.wav,gunshot_gunfire
train,gunshot_gunfire__fsd50k__dev__159704__0044__r0.wav,gunshot_gunfire,,FSD50K,dev,159704,159704.wav,gunshot_gunfire
train,gunshot_gunfire__fsd50k__dev__159705__0045__r0.wav,gunshot_gunfire,,FSD50K,dev,159705,159705.wav,gunshot_gunfire
train,gunshot_gunfire__fsd50k__dev__159706__0046__r0.wav,gunshot_gunfire,,FSD50K,dev,159706,159706.wav,gunshot_gunfire
train,gunshot_gunfire__fsd50k__dev__159708__0047__r0.wav,gunshot_gunfire,,FSD50K,dev,159708,159708.wav,gunshot_gunfire
train,gunshot_gunfire__fsd50k__dev__159710__0048__r0.wav,gunshot_gunfire,,FSD50K,dev,159710,159710.wav,gunshot_gunfire
train,gunshot_gunfire__fsd50k__dev__160355__0049__r0.wav,gunshot_gunfire,,FSD50K,dev,160355,160355.wav,gunshot_gunfire
train,gunshot_gunfire__fsd50k__dev__160772__0050__r0.wav,gunshot_gunfire,,FSD50K,dev,160772,160772.wav,gunshot_gunfire
train,gunshot_gunfire__fsd50k__dev__160773__0051__r0.wav,gunshot_gunfire,,FSD50K,dev,160773,160773.wav,gunshot_gunfire
train,gunshot_gunfire__fsd50k__dev__161968__0052__r0.wav,gunshot_gunfire,,FSD50K,dev,161968,161968.wav,gunshot_gunfire
train,gunshot_gunfire__fsd50k__dev__161969__0053__r0.wav,gunshot_gunfire,,FSD50K,dev,161969,161969.wav,gunshot_gunfire
train,gunshot_gunfire__fsd50k__dev__161970__0054__r0.wav,gunshot_gunfire,,FSD50K,dev,161970,161970.wav,gunshot_gunfire
train,gunshot_gunfire__fsd50k__dev__162258__0055__r0.wav,gunshot_gunfire,,FSD50K,dev,162258,162258.wav,gunshot_gunfire
train,gunshot_gunfire__fsd50k__dev__162262__0056__r0.wav,gunshot_gunfire,,FSD50K,dev,162262,162262.wav,gunshot_gunfire
train,gunshot_gunfire__fsd50k__dev__162263__0057__r0.wav,gunshot_gunfire,,FSD50K,dev,162263,162263.wav,gunshot_gunfire
train,gunshot_gunfire__fsd50k__dev__162397__0058__r0.wav,gunshot_gunfire,,FSD50K,dev,162397,162397.wav,gunshot_gunfire
train,gunshot_gunfire__fsd50k__dev__162398__0059__r0.wav,gunshot_gunfire,,FSD50K,dev,162398,162398.wav,gunshot_gunfire
train,gunshot_gunfire__fsd50k__dev__162403__0060__r0.wav,gunshot_gunfire,,FSD50K,dev,162403,162403.wav,gunshot_gunfire
train,gunshot_gunfire__fsd50k__dev__162431__0061__r0.wav,gunshot_gunfire,,FSD50K,dev,162431,162431.wav,gunshot_gunfire
train,gunshot_gunfire__fsd50k__dev__162434__0062__r0.wav,gunshot_gunfire,,FSD50K,dev,162434,162434.wav,gunshot_gunfire
train,gunshot_gunfire__fsd50k__dev__162436__0063__r0.wav,gunshot_gunfire,,FSD50K,dev,162436,162436.wav,gunshot_gunfire
train,gunshot_gunfire__fsd50k__dev__163455__0064__r0.wav,gunshot_gunfire,,FSD50K,dev,163455,163455.wav,gunshot_gunfire
train,gunshot_gunfire__fsd50k__dev__163456__0065__r0.wav,gunshot_gunfire,,FSD50K,dev,163456,163456.wav,gunshot_gunfire
train,gunshot_gunfire__fsd50k__dev__163460__0066__r0.wav,gunshot_gunfire,,FSD50K,dev,163460,163460.wav,gunshot_gunfire
train,gunshot_gunfire__fsd50k__dev__164646__0067__r0.wav,gunshot_gunfire,,FSD50K,dev,164646,164646.wav,gunshot_gunfire
train,gunshot_gunfire__fsd50k__dev__164666__0068__r0.wav,gunshot_gunfire,,FSD50K,dev,164666,164666.wav,gunshot_gunfire
train,gunshot_gunfire__fsd50k__dev__164667__0069__r0.wav,gunshot_gunfire,,FSD50K,dev,164667,164667.wav,gunshot_gunfire
train,gunshot_gunfire__fsd50k__dev__164937__0070__r0.wav,gunshot_gunfire,,FSD50K,dev,164937,164937.wav,gunshot_gunfire
train,gunshot_gunfire__fsd50k__dev__165391__0071__r0.wav,gunshot_gunfire,,FSD50K,dev,165391,165391.wav,gunshot_gunfire
train,gunshot_gunfire__fsd50k__dev__165393__0072__r0.wav,gunshot_gunfire,,FSD50K,dev,165393,165393.wav,gunshot_gunfire
train,gunshot_gunfire__fsd50k__dev__165394__0073__r0.wav,gunshot_gunfire,,FSD50K,dev,165394,165394.wav,gunshot_gunfire
train,gunshot_gunfire__fsd50k__dev__165478__0074__r0.wav,gunshot_gunfire,,FSD50K,dev,165478,165478.wav,gunshot_gunfire
train,gunshot_gunfire__fsd50k__dev__165540__0075__r0.wav,gunshot_gunfire,,FSD50K,dev,165540,165540.wav,gunshot_gunfire
train,gunshot_gunfire__fsd50k__dev__166076__0076__r0.wav,gunshot_gunfire,,FSD50K,dev,166076,166076.wav,gunshot_gunfire
train,gunshot_gunfire__fsd50k__dev__166192__0077__r0.wav,gunshot_gunfire,,FSD50K,dev,166192,166192.wav,gunshot_gunfire
train,gunshot_gunfire__fsd50k__dev__171475__0078__r0.wav,gunshot_gunfire,,FSD50K,dev,171475,171475.wav,gunshot_gunfire
train,gunshot_gunfire__fsd50k__dev__178180__0079__r0.wav,gunshot_gunfire,,FSD50K,dev,178180,178180.wav,gunshot_gunfire
train,gunshot_gunfire__fsd50k__dev__182051__0080__r0.wav,gunshot_gunfire,,FSD50K,dev,182051,182051.wav,gunshot_gunfire
train,gunshot_gunfire__fsd50k__dev__182429__0081__r0.wav,gunshot_gunfire,,FSD50K,dev,182429,182429.wav,gunshot_gunfire
train,gunshot_gunfire__fsd50k__dev__182431__0082__r0.wav,gunshot_gunfire,,FSD50K,dev,182431,182431.wav,gunshot_gunfire
train,gunshot_gunfire__fsd50k__dev__182435__0083__r0.wav,gunshot_gunfire,,FSD50K,dev,182435,182435.wav,gunshot_gunfire
train,gunshot_gunfire__fsd50k__dev__182790__0084__r0.wav,gunshot_gunfire,,FSD50K,dev,182790,182790.wav,gunshot_gunfire
train,gunshot_gunfire__fsd50k__dev__182806__0085__r0.wav,gunshot_gunfire,,FSD50K,dev,182806,182806.wav,gunshot_gunfire
train,gunshot_gunfire__fsd50k__dev__184275__0086__r0.wav,gunshot_gunfire,,FSD50K,dev,184275,184275.wav,gunshot_gunfire
train,gunshot_gunfire__fsd50k__dev__184418__0087__r0.wav,gunshot_gunfire,,FSD50K,dev,184418,184418.wav,gunshot_gunfire
train,gunshot_gunfire__fsd50k__dev__186049__0088__r0.wav,gunshot_gunfire,,FSD50K,dev,186049,186049.wav,gunshot_gunfire
train,gunshot_gunfire__fsd50k__dev__187702__0089__r0.wav,gunshot_gunfire,,FSD50K,dev,187702,187702.wav,gunshot_gunfire
train,gunshot_gunfire__fsd50k__dev__187767__0090__r0.wav,gunshot_gunfire,,FSD50K,dev,187767,187767.wav,gunshot_gunfire
train,gunshot_gunfire__fsd50k__dev__191449__0091__r0.wav,gunshot_gunfire,,FSD50K,dev,191449,191449.wav,gunshot_gunfire
train,gunshot_gunfire__fsd50k__dev__198121__0092__r0.wav,gunshot_gunfire,,FSD50K,dev,198121,198121.wav,gunshot_gunfire
train,gunshot_gunfire__fsd50k__dev__201713__0093__r0.wav,gunshot_gunfire,,FSD50K,dev,201713,201713.wav,gunshot_gunfire
train,gunshot_gunfire__fsd50k__dev__204009__0094__r0.wav,gunshot_gunfire,,FSD50K,dev,204009,204009.wav,gunshot_gunfire
train,gunshot_gunfire__fsd50k__dev__204010__0095__r0.wav,gunshot_gunfire,,FSD50K,dev,204010,204010.wav,gunshot_gunfire
train,gunshot_gunfire__fsd50k__dev__205011__0096__r0.wav,gunshot_gunfire,,FSD50K,dev,205011,205011.wav,gunshot_gunfire
train,gunshot_gunfire__fsd50k__dev__212594__0097__r0.wav,gunshot_gunfire,,FSD50K,dev,212594,212594.wav,gunshot_gunfire
train,gunshot_gunfire__fsd50k__dev__215842__0098__r0.wav,gunshot_gunfire,,FSD50K,dev,215842,215842.wav,gunshot_gunfire
train,gunshot_gunfire__fsd50k__dev__215843__0099__r0.wav,gunshot_gunfire,,FSD50K,dev,215843,215843.wav,gunshot_gunfire
train,gunshot_gunfire__fsd50k__dev__215845__0100__r0.wav,gunshot_gunfire,,FSD50K,dev,215845,215845.wav,gunshot_gunfire
train,gunshot_gunfire__fsd50k__dev__215846__0101__r0.wav,gunshot_gunfire,,FSD50K,dev,215846,215846.wav,gunshot_gunfire
train,gunshot_gunfire__fsd50k__dev__215847__0102__r0.wav,gunshot_gunfire,,FSD50K,dev,215847,215847.wav,gunshot_gunfire
train,gunshot_gunfire__fsd50k__dev__216312__0103__r0.wav,gunshot_gunfire,,FSD50K,dev,216312,216312.wav,gunshot_gunfire
train,gunshot_gunfire__fsd50k__dev__216315__0104__r0.wav,gunshot_gunfire,,FSD50K,dev,216315,216315.wav,gunshot_gunfire
train,gunshot_gunfire__fsd50k__dev__216317__0105__r0.wav,gunshot_gunfire,,FSD50K,dev,216317,216317.wav,gunshot_gunfire
train,gunshot_gunfire__fsd50k__dev__216318__0106__r0.wav,gunshot_gunfire,,FSD50K,dev,216318,216318.wav,gunshot_gunfire
train,gunshot_gunfire__fsd50k__dev__216319__0107__r0.wav,gunshot_gunfire,,FSD50K,dev,216319,216319.wav,gunshot_gunfire
train,gunshot_gunfire__fsd50k__dev__216604__0108__r0.wav,gunshot_gunfire,,FSD50K,dev,216604,216604.wav,gunshot_gunfire
train,gunshot_gunfire__fsd50k__dev__219455__0109__r0.wav,gunshot_gunfire,,FSD50K,dev,219455,219455.wav,gunshot_gunfire
train,gunshot_gunfire__fsd50k__dev__219457__0110__r0.wav,gunshot_gunfire,,FSD50K,dev,219457,219457.wav,gunshot_gunfire
train,gunshot_gunfire__fsd50k__dev__220130__0111__r0.wav,gunshot_gunfire,,FSD50K,dev,220130,220130.wav,gunshot_gunfire
train,gunshot_gunfire__fsd50k__dev__221451__0112__r0.wav,gunshot_gunfire,,FSD50K,dev,221451,221451.wav,gunshot_gunfire
train,gunshot_gunfire__fsd50k__dev__221455__0113__r0.wav,gunshot_gunfire,,FSD50K,dev,221455,221455.wav,gunshot_gunfire
train,gunshot_gunfire__fsd50k__dev__221457__0114__r0.wav,gunshot_gunfire,,FSD50K,dev,221457,221457.wav,gunshot_gunfire
train,gunshot_gunfire__fsd50k__dev__228611__0115__r0.wav,gunshot_gunfire,,FSD50K,dev,228611,228611.wav,gunshot_gunfire
train,gunshot_gunfire__fsd50k__dev__231245__0116__r0.wav,gunshot_gunfire,,FSD50K,dev,231245,231245.wav,gunshot_gunfire
train,gunshot_gunfire__fsd50k__dev__231247__0117__r0.wav,gunshot_gunfire,,FSD50K,dev,231247,231247.wav,gunshot_gunfire
train,gunshot_gunfire__fsd50k__dev__231248__0118__r0.wav,gunshot_gunfire,,FSD50K,dev,231248,231248.wav,gunshot_gunfire
train,gunshot_gunfire__fsd50k__dev__231765__0119__r0.wav,gunshot_gunfire,,FSD50K,dev,231765,231765.wav,gunshot_gunfire
train,gunshot_gunfire__fsd50k__dev__233318__0120__r0.wav,gunshot_gunfire,,FSD50K,dev,233318,233318.wav,gunshot_gunfire
train,gunshot_gunfire__fsd50k__dev__233321__0121__r0.wav,gunshot_gunfire,,FSD50K,dev,233321,233321.wav,gunshot_gunfire
train,gunshot_gunfire__fsd50k__dev__233322__0122__r0.wav,gunshot_gunfire,,FSD50K,dev,233322,233322.wav,gunshot_gunfire
train,gunshot_gunfire__fsd50k__dev__233323__0123__r0.wav,gunshot_gunfire,,FSD50K,dev,233323,233323.wav,gunshot_gunfire
train,gunshot_gunfire__fsd50k__dev__234615__0124__r0.wav,gunshot_gunfire,,FSD50K,dev,234615,234615.wav,gunshot_gunfire
train,gunshot_gunfire__fsd50k__dev__234616__0125__r0.wav,gunshot_gunfire,,FSD50K,dev,234616,234616.wav,gunshot_gunfire
train,gunshot_gunfire__fsd50k__dev__234617__0126__r0.wav,gunshot_gunfire,,FSD50K,dev,234617,234617.wav,gunshot_gunfire
train,gunshot_gunfire__fsd50k__dev__234618__0127__r0.wav,gunshot_gunfire,,FSD50K,dev,234618,234618.wav,gunshot_gunfire
train,gunshot_gunfire__fsd50k__dev__234619__0128__r0.wav,gunshot_gunfire,,FSD50K,dev,234619,234619.wav,gunshot_gunfire
train,gunshot_gunfire__fsd50k__dev__237273__0129__r0.wav,gunshot_gunfire,,FSD50K,dev,237273,237273.wav,gunshot_gunfire
train,gunshot_gunfire__fsd50k__dev__238241__0130__r0.wav,gunshot_gunfire,,FSD50K,dev,238241,238241.wav,gunshot_gunfire
train,gunshot_gunfire__fsd50k__dev__238242__0131__r0.wav,gunshot_gunfire,,FSD50K,dev,238242,238242.wav,gunshot_gunfire
train,gunshot_gunfire__fsd50k__dev__238243__0132__r0.wav,gunshot_gunfire,,FSD50K,dev,238243,238243.wav,gunshot_gunfire
train,gunshot_gunfire__fsd50k__dev__238244__0133__r0.wav,gunshot_gunfire,,FSD50K,dev,238244,238244.wav,gunshot_gunfire
train,gunshot_gunfire__fsd50k__dev__238245__0134__r0.wav,gunshot_gunfire,,FSD50K,dev,238245,238245.wav,gunshot_gunfire
train,gunshot_gunfire__fsd50k__dev__238246__0135__r0.wav,gunshot_gunfire,,FSD50K,dev,238246,238246.wav,gunshot_gunfire
train,gunshot_gunfire__fsd50k__dev__238247__0136__r0.wav,gunshot_gunfire,,FSD50K,dev,238247,238247.wav,gunshot_gunfire
train,gunshot_gunfire__fsd50k__dev__238675__0137__r0.wav,gunshot_gunfire,,FSD50K,dev,238675,238675.wav,gunshot_gunfire
train,gunshot_gunfire__fsd50k__dev__238676__0138__r0.wav,gunshot_gunfire,,FSD50K,dev,238676,238676.wav,gunshot_gunfire
train,gunshot_gunfire__fsd50k__dev__238677__0139__r0.wav,gunshot_gunfire,,FSD50K,dev,238677,238677.wav,gunshot_gunfire
train,gunshot_gunfire__fsd50k__dev__239137__0140__r0.wav,gunshot_gunfire,,FSD50K,dev,239137,239137.wav,gunshot_gunfire
train,gunshot_gunfire__fsd50k__dev__239138__0141__r0.wav,gunshot_gunfire,,FSD50K,dev,239138,239138.wav,gunshot_gunfire
train,gunshot_gunfire__fsd50k__dev__245602__0142__r0.wav,gunshot_gunfire,,FSD50K,dev,245602,245602.wav,gunshot_gunfire
train,gunshot_gunfire__fsd50k__dev__25037__0143__r0.wav,gunshot_gunfire,,FSD50K,dev,25037,25037.wav,gunshot_gunfire
train,gunshot_gunfire__fsd50k__dev__25038__0144__r0.wav,gunshot_gunfire,,FSD50K,dev,25038,25038.wav,gunshot_gunfire
train,gunshot_gunfire__fsd50k__dev__251004__0145__r0.wav,gunshot_gunfire,,FSD50K,dev,251004,251004.wav,gunshot_gunfire
train,gunshot_gunfire__fsd50k__dev__253438__0146__r0.wav,gunshot_gunfire,,FSD50K,dev,253438,253438.wav,gunshot_gunfire
train,gunshot_gunfire__fsd50k__dev__253734__0147__r0.wav,gunshot_gunfire,,FSD50K,dev,253734,253734.wav,gunshot_gunfire
train,gunshot_gunfire__fsd50k__dev__254772__0148__r0.wav,gunshot_gunfire,,FSD50K,dev,254772,254772.wav,gunshot_gunfire
train,gunshot_gunfire__fsd50k__dev__255272__0149__r0.wav,gunshot_gunfire,,FSD50K,dev,255272,255272.wav,gunshot_gunfire
train,gunshot_gunfire__fsd50k__dev__257364__0150__r0.wav,gunshot_gunfire,,FSD50K,dev,257364,257364.wav,gunshot_gunfire
train,gunshot_gunfire__fsd50k__dev__257873__0151__r0.wav,gunshot_gunfire,,FSD50K,dev,257873,257873.wav,gunshot_gunfire
train,gunshot_gunfire__fsd50k__dev__257874__0152__r0.wav,gunshot_gunfire,,FSD50K,dev,257874,257874.wav,gunshot_gunfire
train,gunshot_gunfire__fsd50k__dev__257875__0153__r0.wav,gunshot_gunfire,,FSD50K,dev,257875,257875.wav,gunshot_gunfire
train,gunshot_gunfire__fsd50k__dev__257876__0154__r0.wav,gunshot_gunfire,,FSD50K,dev,257876,257876.wav,gunshot_gunfire
train,gunshot_gunfire__fsd50k__dev__259539__0155__r0.wav,gunshot_gunfire,,FSD50K,dev,259539,259539.wav,gunshot_gunfire
train,gunshot_gunfire__fsd50k__dev__26141__0156__r0.wav,gunshot_gunfire,,FSD50K,dev,26141,26141.wav,gunshot_gunfire
train,gunshot_gunfire__fsd50k__dev__266977__0157__r0.wav,gunshot_gunfire,,FSD50K,dev,266977,266977.wav,gunshot_gunfire
train,gunshot_gunfire__fsd50k__dev__267341__0158__r0.wav,gunshot_gunfire,,FSD50K,dev,267341,267341.wav,gunshot_gunfire
train,gunshot_gunfire__fsd50k__dev__267893__0159__r0.wav,gunshot_gunfire,,FSD50K,dev,267893,267893.wav,gunshot_gunfire
train,gunshot_gunfire__fsd50k__dev__30185__0160__r0.wav,gunshot_gunfire,,FSD50K,dev,30185,30185.wav,gunshot_gunfire
train,gunshot_gunfire__fsd50k__dev__315858__0161__r0.wav,gunshot_gunfire,,FSD50K,dev,315858,315858.wav,gunshot_gunfire
train,gunshot_gunfire__fsd50k__dev__319008__0162__r0.wav,gunshot_gunfire,,FSD50K,dev,319008,319008.wav,gunshot_gunfire
train,gunshot_gunfire__fsd50k__dev__319009__0163__r0.wav,gunshot_gunfire,,FSD50K,dev,319009,319009.wav,gunshot_gunfire
train,gunshot_gunfire__fsd50k__dev__319010__0164__r0.wav,gunshot_gunfire,,FSD50K,dev,319010,319010.wav,gunshot_gunfire
train,gunshot_gunfire__fsd50k__dev__320135__0165__r0.wav,gunshot_gunfire,,FSD50K,dev,320135,320135.wav,gunshot_gunfire
train,gunshot_gunfire__fsd50k__dev__320136__0166__r0.wav,gunshot_gunfire,,FSD50K,dev,320136,320136.wav,gunshot_gunfire
train,gunshot_gunfire__fsd50k__dev__324585__0167__r0.wav,gunshot_gunfire,,FSD50K,dev,324585,324585.wav,gunshot_gunfire
train,gunshot_gunfire__fsd50k__dev__32799__0168__r0.wav,gunshot_gunfire,,FSD50K,dev,32799,32799.wav,gunshot_gunfire
train,gunshot_gunfire__fsd50k__dev__32841__0169__r0.wav,gunshot_gunfire,,FSD50K,dev,32841,32841.wav,gunshot_gunfire
train,gunshot_gunfire__fsd50k__dev__32842__0170__r0.wav,gunshot_gunfire,,FSD50K,dev,32842,32842.wav,gunshot_gunfire
train,gunshot_gunfire__fsd50k__dev__332479__0171__r0.wav,gunshot_gunfire,,FSD50K,dev,332479,332479.wav,gunshot_gunfire
train,gunshot_gunfire__fsd50k__dev__337166__0172__r0.wav,gunshot_gunfire,,FSD50K,dev,337166,337166.wav,gunshot_gunfire
train,gunshot_gunfire__fsd50k__dev__346537__0173__r0.wav,gunshot_gunfire,,FSD50K,dev,346537,346537.wav,gunshot_gunfire
train,gunshot_gunfire__fsd50k__dev__346904__0174__r0.wav,gunshot_gunfire,,FSD50K,dev,346904,346904.wav,gunshot_gunfire
train,gunshot_gunfire__fsd50k__dev__346905__0175__r0.wav,gunshot_gunfire,,FSD50K,dev,346905,346905.wav,gunshot_gunfire
train,gunshot_gunfire__fsd50k__dev__34708__0176__r0.wav,gunshot_gunfire,,FSD50K,dev,34708,34708.wav,gunshot_gunfire
train,gunshot_gunfire__fsd50k__dev__348663__0177__r0.wav,gunshot_gunfire,,FSD50K,dev,348663,348663.wav,gunshot_gunfire
train,gunshot_gunfire__fsd50k__dev__348664__0178__r0.wav,gunshot_gunfire,,FSD50K,dev,348664,348664.wav,gunshot_gunfire
train,gunshot_gunfire__fsd50k__dev__348665__0179__r0.wav,gunshot_gunfire,,FSD50K,dev,348665,348665.wav,gunshot_gunfire
train,gunshot_gunfire__fsd50k__dev__348666__0180__r0.wav,gunshot_gunfire,,FSD50K,dev,348666,348666.wav,gunshot_gunfire
train,gunshot_gunfire__fsd50k__dev__348670__0181__r0.wav,gunshot_gunfire,,FSD50K,dev,348670,348670.wav,gunshot_gunfire
train,gunshot_gunfire__fsd50k__dev__348671__0182__r0.wav,gunshot_gunfire,,FSD50K,dev,348671,348671.wav,gunshot_gunfire
train,gunshot_gunfire__fsd50k__dev__348685__0183__r0.wav,gunshot_gunfire,,FSD50K,dev,348685,348685.wav,gunshot_gunfire
train,gunshot_gunfire__fsd50k__dev__349217__0184__r0.wav,gunshot_gunfire,,FSD50K,dev,349217,349217.wav,gunshot_gunfire
train,gunshot_gunfire__fsd50k__dev__362471__0185__r0.wav,gunshot_gunfire,,FSD50K,dev,362471,362471.wav,gunshot_gunfire
train,gunshot_gunfire__fsd50k__dev__362486__0186__r0.wav,gunshot_gunfire,,FSD50K,dev,362486,362486.wav,gunshot_gunfire
train,gunshot_gunfire__fsd50k__dev__362487__0187__r0.wav,gunshot_gunfire,,FSD50K,dev,362487,362487.wav,gunshot_gunfire
train,gunshot_gunfire__fsd50k__dev__364976__0188__r0.wav,gunshot_gunfire,,FSD50K,dev,364976,364976.wav,gunshot_gunfire
train,gunshot_gunfire__fsd50k__dev__365905__0189__r0.wav,gunshot_gunfire,,FSD50K,dev,365905,365905.wav,gunshot_gunfire
train,gunshot_gunfire__fsd50k__dev__369525__0190__r0.wav,gunshot_gunfire,,FSD50K,dev,369525,369525.wav,gunshot_gunfire
train,gunshot_gunfire__fsd50k__dev__369530__0191__r0.wav,gunshot_gunfire,,FSD50K,dev,369530,369530.wav,gunshot_gunfire
train,screaming__fsd50k__dev__104028__0000__r0.wav,screaming,,FSD50K,dev,104028,104028.wav,screaming
train,screaming__fsd50k__dev__104029__0001__r0.wav,screaming,,FSD50K,dev,104029,104029.wav,screaming
train,screaming__fsd50k__dev__104030__0002__r0.wav,screaming,,FSD50K,dev,104030,104030.wav,screaming
train,screaming__fsd50k__dev__104031__0003__r0.wav,screaming,,FSD50K,dev,104031,104031.wav,screaming
train,screaming__fsd50k__dev__104032__0004__r0.wav,screaming,,FSD50K,dev,104032,104032.wav,screaming
train,screaming__fsd50k__dev__104033__0005__r0.wav,screaming,,FSD50K,dev,104033,104033.wav,screaming
train,screaming__fsd50k__dev__104035__0006__r0.wav,screaming,,FSD50K,dev,104035,104035.wav,screaming
train,screaming__fsd50k__dev__104038__0007__r0.wav,screaming,,FSD50K,dev,104038,104038.wav,screaming
train,screaming__fsd50k__dev__110139__0008__r0.wav,screaming,,FSD50K,dev,110139,110139.wav,screaming
train,screaming__fsd50k__dev__110140__0009__r0.wav,screaming,,FSD50K,dev,110140,110140.wav,screaming
train,screaming__fsd50k__dev__110141__0010__r0.wav,screaming,,FSD50K,dev,110141,110141.wav,screaming
train,screaming__fsd50k__dev__110142__0011__r0.wav,screaming,,FSD50K,dev,110142,110142.wav,screaming
train,screaming__fsd50k__dev__124800__0012__r0.wav,screaming,,FSD50K,dev,124800,124800.wav,screaming
train,screaming__fsd50k__dev__124805__0013__r0.wav,screaming,,FSD50K,dev,124805,124805.wav,screaming
train,screaming__fsd50k__dev__125130__0014__r0.wav,screaming,,FSD50K,dev,125130,125130.wav,screaming
train,screaming__fsd50k__dev__125131__0015__r0.wav,screaming,,FSD50K,dev,125131,125131.wav,screaming
train,screaming__fsd50k__dev__131709__0016__r0.wav,screaming,,FSD50K,dev,131709,131709.wav,screaming
train,screaming__fsd50k__dev__134021__0017__r0.wav,screaming,,FSD50K,dev,134021,134021.wav,screaming
train,screaming__fsd50k__dev__135799__0018__r0.wav,screaming,,FSD50K,dev,135799,135799.wav,screaming
train,screaming__fsd50k__dev__144337__0019__r0.wav,screaming,,FSD50K,dev,144337,144337.wav,screaming
train,screaming__fsd50k__dev__144338__0020__r0.wav,screaming,,FSD50K,dev,144338,144338.wav,screaming
train,screaming__fsd50k__dev__149919__0021__r0.wav,screaming,,FSD50K,dev,149919,149919.wav,screaming
train,screaming__fsd50k__dev__161360__0022__r0.wav,screaming,,FSD50K,dev,161360,161360.wav,screaming
train,screaming__fsd50k__dev__163728__0023__r0.wav,screaming,,FSD50K,dev,163728,163728.wav,screaming
train,screaming__fsd50k__dev__163729__0024__r0.wav,screaming,,FSD50K,dev,163729,163729.wav,screaming
train,screaming__fsd50k__dev__166154__0025__r0.wav,screaming,,FSD50K,dev,166154,166154.wav,screaming
train,screaming__fsd50k__dev__166157__0026__r0.wav,screaming,,FSD50K,dev,166157,166157.wav,screaming
train,screaming__fsd50k__dev__166619__0027__r0.wav,screaming,,FSD50K,dev,166619,166619.wav,screaming
train,screaming__fsd50k__dev__166621__0028__r0.wav,screaming,,FSD50K,dev,166621,166621.wav,screaming
train,screaming__fsd50k__dev__166623__0029__r0.wav,screaming,,FSD50K,dev,166623,166623.wav,screaming
train,screaming__fsd50k__dev__166943__0030__r0.wav,screaming,,FSD50K,dev,166943,166943.wav,screaming
train,screaming__fsd50k__dev__168725__0031__r0.wav,screaming,,FSD50K,dev,168725,168725.wav,screaming
train,screaming__fsd50k__dev__168777__0032__r0.wav,screaming,,FSD50K,dev,168777,168777.wav,screaming
train,screaming__fsd50k__dev__173070__0033__r0.wav,screaming,,FSD50K,dev,173070,173070.wav,screaming
train,screaming__fsd50k__dev__178410__0034__r0.wav,screaming,,FSD50K,dev,178410,178410.wav,screaming
train,screaming__fsd50k__dev__179313__0035__r0.wav,screaming,,FSD50K,dev,179313,179313.wav,screaming
train,screaming__fsd50k__dev__179315__0036__r0.wav,screaming,,FSD50K,dev,179315,179315.wav,screaming
train,screaming__fsd50k__dev__179317__0037__r0.wav,screaming,,FSD50K,dev,179317,179317.wav,screaming
train,screaming__fsd50k__dev__179319__0038__r0.wav,screaming,,FSD50K,dev,179319,179319.wav,screaming
train,screaming__fsd50k__dev__179321__0039__r0.wav,screaming,,FSD50K,dev,179321,179321.wav,screaming
train,screaming__fsd50k__dev__180299__0040__r0.wav,screaming,,FSD50K,dev,180299,180299.wav,screaming
train,screaming__fsd50k__dev__180300__0041__r0.wav,screaming,,FSD50K,dev,180300,180300.wav,screaming
train,screaming__fsd50k__dev__180301__0042__r0.wav,screaming,,FSD50K,dev,180301,180301.wav,screaming
train,screaming__fsd50k__dev__180302__0043__r0.wav,screaming,,FSD50K,dev,180302,180302.wav,screaming
train,screaming__fsd50k__dev__180305__0044__r0.wav,screaming,,FSD50K,dev,180305,180305.wav,screaming
train,screaming__fsd50k__dev__180307__0045__r0.wav,screaming,,FSD50K,dev,180307,180307.wav,screaming
train,screaming__fsd50k__dev__180309__0046__r0.wav,screaming,,FSD50K,dev,180309,180309.wav,screaming
train,screaming__fsd50k__dev__180310__0047__r0.wav,screaming,,FSD50K,dev,180310,180310.wav,screaming
train,screaming__fsd50k__dev__180313__0048__r0.wav,screaming,,FSD50K,dev,180313,180313.wav,screaming
train,screaming__fsd50k__dev__180315__0049__r0.wav,screaming,,FSD50K,dev,180315,180315.wav,screaming
train,screaming__fsd50k__dev__180341__0050__r0.wav,screaming,,FSD50K,dev,180341,180341.wav,screaming
train,screaming__fsd50k__dev__180344__0051__r0.wav,screaming,,FSD50K,dev,180344,180344.wav,screaming
train,screaming__fsd50k__dev__180348__0052__r0.wav,screaming,,FSD50K,dev,180348,180348.wav,screaming
train,screaming__fsd50k__dev__180350__0053__r0.wav,screaming,,FSD50K,dev,180350,180350.wav,screaming
train,screaming__fsd50k__dev__182924__0054__r0.wav,screaming,,FSD50K,dev,182924,182924.wav,screaming
train,screaming__fsd50k__dev__184373__0055__r0.wav,screaming,,FSD50K,dev,184373,184373.wav,screaming
train,screaming__fsd50k__dev__187793__0056__r0.wav,screaming,,FSD50K,dev,187793,187793.wav,screaming
train,screaming__fsd50k__dev__208034__0057__r0.wav,screaming,,FSD50K,dev,208034,208034.wav,screaming
train,screaming__fsd50k__dev__208893__0058__r0.wav,screaming,,FSD50K,dev,208893,208893.wav,screaming
train,screaming__fsd50k__dev__209164__0059__r0.wav,screaming,,FSD50K,dev,209164,209164.wav,screaming
train,screaming__fsd50k__dev__21323__0060__r0.wav,screaming,,FSD50K,dev,21323,21323.wav,screaming
train,screaming__fsd50k__dev__21324__0061__r0.wav,screaming,,FSD50K,dev,21324,21324.wav,screaming
train,screaming__fsd50k__dev__219453__0062__r0.wav,screaming,,FSD50K,dev,219453,219453.wav,screaming
train,screaming__fsd50k__dev__219653__0063__r0.wav,screaming,,FSD50K,dev,219653,219653.wav,screaming
train,screaming__fsd50k__dev__219657__0064__r0.wav,screaming,,FSD50K,dev,219657,219657.wav,screaming
train,screaming__fsd50k__dev__219658__0065__r0.wav,screaming,,FSD50K,dev,219658,219658.wav,screaming
train,screaming__fsd50k__dev__219660__0066__r0.wav,screaming,,FSD50K,dev,219660,219660.wav,screaming
train,screaming__fsd50k__dev__219661__0067__r0.wav,screaming,,FSD50K,dev,219661,219661.wav,screaming
train,screaming__fsd50k__dev__219663__0068__r0.wav,screaming,,FSD50K,dev,219663,219663.wav,screaming
train,screaming__fsd50k__dev__219665__0069__r0.wav,screaming,,FSD50K,dev,219665,219665.wav,screaming
train,screaming__fsd50k__dev__219666__0070__r0.wav,screaming,,FSD50K,dev,219666,219666.wav,screaming
train,screaming__fsd50k__dev__219815__0071__r0.wav,screaming,,FSD50K,dev,219815,219815.wav,screaming
train,screaming__fsd50k__dev__220289__0072__r0.wav,screaming,,FSD50K,dev,220289,220289.wav,screaming
train,screaming__fsd50k__dev__220291__0073__r0.wav,screaming,,FSD50K,dev,220291,220291.wav,screaming
train,screaming__fsd50k__dev__220292__0074__r0.wav,screaming,,FSD50K,dev,220292,220292.wav,screaming
train,screaming__fsd50k__dev__220293__0075__r0.wav,screaming,,FSD50K,dev,220293,220293.wav,screaming
train,screaming__fsd50k__dev__220295__0076__r0.wav,screaming,,FSD50K,dev,220295,220295.wav,screaming
train,screaming__fsd50k__dev__220302__0077__r0.wav,screaming,,FSD50K,dev,220302,220302.wav,screaming
train,screaming__fsd50k__dev__220649__0078__r0.wav,screaming,,FSD50K,dev,220649,220649.wav,screaming
train,screaming__fsd50k__dev__220655__0079__r0.wav,screaming,,FSD50K,dev,220655,220655.wav,screaming
train,screaming__fsd50k__dev__220657__0080__r0.wav,screaming,,FSD50K,dev,220657,220657.wav,screaming
train,screaming__fsd50k__dev__220658__0081__r0.wav,screaming,,FSD50K,dev,220658,220658.wav,screaming
train,screaming__fsd50k__dev__220660__0082__r0.wav,screaming,,FSD50K,dev,220660,220660.wav,screaming
train,screaming__fsd50k__dev__220663__0083__r0.wav,screaming,,FSD50K,dev,220663,220663.wav,screaming
train,screaming__fsd50k__dev__220665__0084__r0.wav,screaming,,FSD50K,dev,220665,220665.wav,screaming
train,screaming__fsd50k__dev__220814__0085__r0.wav,screaming,,FSD50K,dev,220814,220814.wav,screaming
train,screaming__fsd50k__dev__220815__0086__r0.wav,screaming,,FSD50K,dev,220815,220815.wav,screaming
train,screaming__fsd50k__dev__220817__0087__r0.wav,screaming,,FSD50K,dev,220817,220817.wav,screaming
train,screaming__fsd50k__dev__220818__0088__r0.wav,screaming,,FSD50K,dev,220818,220818.wav,screaming
train,screaming__fsd50k__dev__220822__0089__r0.wav,screaming,,FSD50K,dev,220822,220822.wav,screaming
train,screaming__fsd50k__dev__220823__0090__r0.wav,screaming,,FSD50K,dev,220823,220823.wav,screaming
train,screaming__fsd50k__dev__221150__0091__r0.wav,screaming,,FSD50K,dev,221150,221150.wav,screaming
train,screaming__fsd50k__dev__221151__0092__r0.wav,screaming,,FSD50K,dev,221151,221151.wav,screaming
train,screaming__fsd50k__dev__221152__0093__r0.wav,screaming,,FSD50K,dev,221152,221152.wav,screaming
train,screaming__fsd50k__dev__221153__0094__r0.wav,screaming,,FSD50K,dev,221153,221153.wav,screaming
train,screaming__fsd50k__dev__222530__0095__r0.wav,screaming,,FSD50K,dev,222530,222530.wav,screaming
train,screaming__fsd50k__dev__222534__0096__r0.wav,screaming,,FSD50K,dev,222534,222534.wav,screaming
train,screaming__fsd50k__dev__222535__0097__r0.wav,screaming,,FSD50K,dev,222535,222535.wav,screaming
train,screaming__fsd50k__dev__222537__0098__r0.wav,screaming,,FSD50K,dev,222537,222537.wav,screaming
train,screaming__fsd50k__dev__222545__0099__r0.wav,screaming,,FSD50K,dev,222545,222545.wav,screaming
train,screaming__fsd50k__dev__222583__0100__r0.wav,screaming,,FSD50K,dev,222583,222583.wav,screaming
train,screaming__fsd50k__dev__222584__0101__r0.wav,screaming,,FSD50K,dev,222584,222584.wav,screaming
train,screaming__fsd50k__dev__222586__0102__r0.wav,screaming,,FSD50K,dev,222586,222586.wav,screaming
train,screaming__fsd50k__dev__222589__0103__r0.wav,screaming,,FSD50K,dev,222589,222589.wav,screaming
train,screaming__fsd50k__dev__223745__0104__r0.wav,screaming,,FSD50K,dev,223745,223745.wav,screaming
train,screaming__fsd50k__dev__239592__0105__r0.wav,screaming,,FSD50K,dev,239592,239592.wav,screaming
train,screaming__fsd50k__dev__241472__0106__r0.wav,screaming,,FSD50K,dev,241472,241472.wav,screaming
train,screaming__fsd50k__dev__241515__0107__r0.wav,screaming,,FSD50K,dev,241515,241515.wav,screaming
train,screaming__fsd50k__dev__241591__0108__r0.wav,screaming,,FSD50K,dev,241591,241591.wav,screaming
train,screaming__fsd50k__dev__241592__0109__r0.wav,screaming,,FSD50K,dev,241592,241592.wav,screaming
train,screaming__fsd50k__dev__250550__0110__r0.wav,screaming,,FSD50K,dev,250550,250550.wav,screaming
train,screaming__fsd50k__dev__252244__0111__r0.wav,screaming,,FSD50K,dev,252244,252244.wav,screaming
train,screaming__fsd50k__dev__253771__0112__r0.wav,screaming,,FSD50K,dev,253771,253771.wav,screaming
train,screaming__fsd50k__dev__254477__0113__r0.wav,screaming,,FSD50K,dev,254477,254477.wav,screaming
train,screaming__fsd50k__dev__261853__0114__r0.wav,screaming,,FSD50K,dev,261853,261853.wav,screaming
train,screaming__fsd50k__dev__270446__0115__r0.wav,screaming,,FSD50K,dev,270446,270446.wav,screaming
train,screaming__fsd50k__dev__270474__0116__r0.wav,screaming,,FSD50K,dev,270474,270474.wav,screaming
train,screaming__fsd50k__dev__273151__0117__r0.wav,screaming,,FSD50K,dev,273151,273151.wav,screaming
train,screaming__fsd50k__dev__273153__0118__r0.wav,screaming,,FSD50K,dev,273153,273153.wav,screaming
train,screaming__fsd50k__dev__29849__0119__r0.wav,screaming,,FSD50K,dev,29849,29849.wav,screaming
train,screaming__fsd50k__dev__30276__0120__r0.wav,screaming,,FSD50K,dev,30276,30276.wav,screaming
train,screaming__fsd50k__dev__30277__0121__r0.wav,screaming,,FSD50K,dev,30277,30277.wav,screaming
train,screaming__fsd50k__dev__30279__0122__r0.wav,screaming,,FSD50K,dev,30279,30279.wav,screaming
train,screaming__fsd50k__dev__315828__0123__r0.wav,screaming,,FSD50K,dev,315828,315828.wav,screaming
train,screaming__fsd50k__dev__315833__0124__r0.wav,screaming,,FSD50K,dev,315833,315833.wav,screaming
train,screaming__fsd50k__dev__316398__0125__r0.wav,screaming,,FSD50K,dev,316398,316398.wav,screaming
train,screaming__fsd50k__dev__316409__0126__r0.wav,screaming,,FSD50K,dev,316409,316409.wav,screaming
train,screaming__fsd50k__dev__316411__0127__r0.wav,screaming,,FSD50K,dev,316411,316411.wav,screaming
train,screaming__fsd50k__dev__316416__0128__r0.wav,screaming,,FSD50K,dev,316416,316416.wav,screaming
train,screaming__fsd50k__dev__320247__0129__r0.wav,screaming,,FSD50K,dev,320247,320247.wav,screaming
train,screaming__fsd50k__dev__321971__0130__r0.wav,screaming,,FSD50K,dev,321971,321971.wav,screaming
train,screaming__fsd50k__dev__323080__0131__r0.wav,screaming,,FSD50K,dev,323080,323080.wav,screaming
train,screaming__fsd50k__dev__323083__0132__r0.wav,screaming,,FSD50K,dev,323083,323083.wav,screaming
train,screaming__fsd50k__dev__323084__0133__r0.wav,screaming,,FSD50K,dev,323084,323084.wav,screaming
train,screaming__fsd50k__dev__33443__0134__r0.wav,screaming,,FSD50K,dev,33443,33443.wav,screaming
train,screaming__fsd50k__dev__336537__0135__r0.wav,screaming,,FSD50K,dev,336537,336537.wav,screaming
train,screaming__fsd50k__dev__338049__0136__r0.wav,screaming,,FSD50K,dev,338049,338049.wav,screaming
train,screaming__fsd50k__dev__34281__0137__r0.wav,screaming,,FSD50K,dev,34281,34281.wav,screaming
train,screaming__fsd50k__dev__34283__0138__r0.wav,screaming,,FSD50K,dev,34283,34283.wav,screaming
train,screaming__fsd50k__dev__343879__0139__r0.wav,screaming,,FSD50K,dev,343879,343879.wav,screaming
train,screaming__fsd50k__dev__343897__0140__r0.wav,screaming,,FSD50K,dev,343897,343897.wav,screaming
train,screaming__fsd50k__dev__343915__0141__r0.wav,screaming,,FSD50K,dev,343915,343915.wav,screaming
train,screaming__fsd50k__dev__343918__0142__r0.wav,screaming,,FSD50K,dev,343918,343918.wav,screaming
train,screaming__fsd50k__dev__343930__0143__r0.wav,screaming,,FSD50K,dev,343930,343930.wav,screaming
train,screaming__fsd50k__dev__343948__0144__r0.wav,screaming,,FSD50K,dev,343948,343948.wav,screaming
train,screaming__fsd50k__dev__343954__0145__r0.wav,screaming,,FSD50K,dev,343954,343954.wav,screaming
train,screaming__fsd50k__dev__343974__0146__r0.wav,screaming,,FSD50K,dev,343974,343974.wav,screaming
train,screaming__fsd50k__dev__344000__0147__r0.wav,screaming,,FSD50K,dev,344000,344000.wav,screaming
train,screaming__fsd50k__dev__344028__0148__r0.wav,screaming,,FSD50K,dev,344028,344028.wav,screaming
train,screaming__fsd50k__dev__344029__0149__r0.wav,screaming,,FSD50K,dev,344029,344029.wav,screaming
train,screaming__fsd50k__dev__344037__0150__r0.wav,screaming,,FSD50K,dev,344037,344037.wav,screaming
train,screaming__fsd50k__dev__344056__0151__r0.wav,screaming,,FSD50K,dev,344056,344056.wav,screaming
train,screaming__fsd50k__dev__345450__0152__r0.wav,screaming,,FSD50K,dev,345450,345450.wav,screaming
train,screaming__fsd50k__dev__351334__0153__r0.wav,screaming,,FSD50K,dev,351334,351334.wav,screaming
train,screaming__fsd50k__dev__351335__0154__r0.wav,screaming,,FSD50K,dev,351335,351335.wav,screaming
train,screaming__fsd50k__dev__351337__0155__r0.wav,screaming,,FSD50K,dev,351337,351337.wav,screaming
train,screaming__fsd50k__dev__351339__0156__r0.wav,screaming,,FSD50K,dev,351339,351339.wav,screaming
train,screaming__fsd50k__dev__351627__0157__r0.wav,screaming,,FSD50K,dev,351627,351627.wav,screaming
train,screaming__fsd50k__dev__351628__0158__r0.wav,screaming,,FSD50K,dev,351628,351628.wav,screaming
train,screaming__fsd50k__dev__351629__0159__r0.wav,screaming,,FSD50K,dev,351629,351629.wav,screaming
train,screaming__fsd50k__dev__351630__0160__r0.wav,screaming,,FSD50K,dev,351630,351630.wav,screaming
train,screaming__fsd50k__dev__351631__0161__r0.wav,screaming,,FSD50K,dev,351631,351631.wav,screaming
train,screaming__fsd50k__dev__351634__0162__r0.wav,screaming,,FSD50K,dev,351634,351634.wav,screaming
train,screaming__fsd50k__dev__353285__0163__r0.wav,screaming,,FSD50K,dev,353285,353285.wav,screaming
train,screaming__fsd50k__dev__353286__0164__r0.wav,screaming,,FSD50K,dev,353286,353286.wav,screaming
train,screaming__fsd50k__dev__353287__0165__r0.wav,screaming,,FSD50K,dev,353287,353287.wav,screaming
train,screaming__fsd50k__dev__353288__0166__r0.wav,screaming,,FSD50K,dev,353288,353288.wav,screaming
train,screaming__fsd50k__dev__353291__0167__r0.wav,screaming,,FSD50K,dev,353291,353291.wav,screaming
train,screaming__fsd50k__dev__353294__0168__r0.wav,screaming,,FSD50K,dev,353294,353294.wav,screaming
train,screaming__fsd50k__dev__353295__0169__r0.wav,screaming,,FSD50K,dev,353295,353295.wav,screaming
train,screaming__fsd50k__dev__353296__0170__r0.wav,screaming,,FSD50K,dev,353296,353296.wav,screaming
train,screaming__fsd50k__dev__368824__0171__r0.wav,screaming,,FSD50K,dev,368824,368824.wav,screaming
train,screaming__fsd50k__dev__381801__0172__r0.wav,screaming,,FSD50K,dev,381801,381801.wav,screaming
train,screaming__fsd50k__dev__381802__0173__r0.wav,screaming,,FSD50K,dev,381802,381802.wav,screaming
train,screaming__fsd50k__dev__381803__0174__r0.wav,screaming,,FSD50K,dev,381803,381803.wav,screaming
train,screaming__fsd50k__dev__381805__0175__r0.wav,screaming,,FSD50K,dev,381805,381805.wav,screaming
train,screaming__fsd50k__dev__381893__0176__r0.wav,screaming,,FSD50K,dev,381893,381893.wav,screaming
train,screaming__fsd50k__dev__381894__0177__r0.wav,screaming,,FSD50K,dev,381894,381894.wav,screaming
train,screaming__fsd50k__dev__381895__0178__r0.wav,screaming,,FSD50K,dev,381895,381895.wav,screaming
train,screaming__fsd50k__dev__387409__0179__r0.wav,screaming,,FSD50K,dev,387409,387409.wav,screaming
train,screaming__fsd50k__dev__393918__0180__r0.wav,screaming,,FSD50K,dev,393918,393918.wav,screaming
train,screaming__fsd50k__dev__402645__0181__r0.wav,screaming,,FSD50K,dev,402645,402645.wav,screaming
train,screaming__fsd50k__dev__427774__0182__r0.wav,screaming,,FSD50K,dev,427774,427774.wav,screaming
train,screaming__fsd50k__dev__42849__0183__r0.wav,screaming,,FSD50K,dev,42849,42849.wav,screaming
train,screaming__fsd50k__dev__432875__0184__r0.wav,screaming,,FSD50K,dev,432875,432875.wav,screaming
train,screaming__fsd50k__dev__50776__0185__r0.wav,screaming,,FSD50K,dev,50776,50776.wav,screaming
train,screaming__fsd50k__dev__56899__0186__r0.wav,screaming,,FSD50K,dev,56899,56899.wav,screaming
train,screaming__fsd50k__dev__56901__0187__r0.wav,screaming,,FSD50K,dev,56901,56901.wav,screaming
train,screaming__fsd50k__dev__58794__0188__r0.wav,screaming,,FSD50K,dev,58794,58794.wav,screaming
train,screaming__fsd50k__dev__58797__0189__r0.wav,screaming,,FSD50K,dev,58797,58797.wav,screaming
train,screaming__fsd50k__dev__58803__0190__r0.wav,screaming,,FSD50K,dev,58803,58803.wav,screaming
train,screaming__fsd50k__dev__59163__0191__r0.wav,screaming,,FSD50K,dev,59163,59163.wav,screaming
train,thunderstorm__esc50__fold_1__101296__0000__r0.wav,thunderstorm,,ESC-50,fold_1,101296,1-101296-A-19.wav,thunderstorm
train,thunderstorm__esc50__fold_1__101296__0001__r0.wav,thunderstorm,,ESC-50,fold_1,101296,1-101296-B-19.wav,thunderstorm
train,thunderstorm__esc50__fold_1__115521__0002__r0.wav,thunderstorm,,ESC-50,fold_1,115521,1-115521-A-19.wav,thunderstorm
train,thunderstorm__esc50__fold_1__23222__0003__r0.wav,thunderstorm,,ESC-50,fold_1,23222,1-23222-A-19.wav,thunderstorm
train,thunderstorm__esc50__fold_1__23222__0004__r0.wav,thunderstorm,,ESC-50,fold_1,23222,1-23222-B-19.wav,thunderstorm
train,thunderstorm__esc50__fold_1__24524__0005__r0.wav,thunderstorm,,ESC-50,fold_1,24524,1-24524-A-19.wav,thunderstorm
train,thunderstorm__esc50__fold_1__24524__0006__r0.wav,thunderstorm,,ESC-50,fold_1,24524,1-24524-B-19.wav,thunderstorm
train,thunderstorm__esc50__fold_1__24524__0007__r0.wav,thunderstorm,,ESC-50,fold_1,24524,1-24524-C-19.wav,thunderstorm
train,thunderstorm__esc50__fold_2__104105__0008__r0.wav,thunderstorm,,ESC-50,fold_2,104105,2-104105-A-19.wav,thunderstorm
train,thunderstorm__esc50__fold_2__104105__0009__r0.wav,thunderstorm,,ESC-50,fold_2,104105,2-104105-B-19.wav,thunderstorm
train,thunderstorm__esc50__fold_2__39441__0010__r0.wav,thunderstorm,,ESC-50,fold_2,39441,2-39441-A-19.wav,thunderstorm
train,thunderstorm__esc50__fold_2__39443__0011__r0.wav,thunderstorm,,ESC-50,fold_2,39443,2-39443-A-19.wav,thunderstorm
train,thunderstorm__esc50__fold_2__39443__0012__r0.wav,thunderstorm,,ESC-50,fold_2,39443,2-39443-B-19.wav,thunderstorm
train,thunderstorm__esc50__fold_2__39945__0013__r0.wav,thunderstorm,,ESC-50,fold_2,39945,2-39945-A-19.wav,thunderstorm
train,thunderstorm__esc50__fold_2__39945__0014__r0.wav,thunderstorm,,ESC-50,fold_2,39945,2-39945-B-19.wav,thunderstorm
train,thunderstorm__esc50__fold_2__39945__0015__r0.wav,thunderstorm,,ESC-50,fold_2,39945,2-39945-C-19.wav,thunderstorm
train,thunderstorm__esc50__fold_3__103050__0016__r0.wav,thunderstorm,,ESC-50,fold_3,103050,3-103050-A-19.wav,thunderstorm
train,thunderstorm__esc50__fold_3__103051__0017__r0.wav,thunderstorm,,ESC-50,fold_3,103051,3-103051-A-19.wav,thunderstorm
train,thunderstorm__esc50__fold_3__103051__0018__r0.wav,thunderstorm,,ESC-50,fold_3,103051,3-103051-B-19.wav,thunderstorm
train,thunderstorm__esc50__fold_3__103051__0019__r0.wav,thunderstorm,,ESC-50,fold_3,103051,3-103051-C-19.wav,thunderstorm
train,thunderstorm__esc50__fold_3__123224__0020__r0.wav,thunderstorm,,ESC-50,fold_3,123224,3-123224-A-19.wav,thunderstorm
train,thunderstorm__esc50__fold_3__124600__0021__r0.wav,thunderstorm,,ESC-50,fold_3,124600,3-124600-A-19.wav,thunderstorm
train,thunderstorm__esc50__fold_3__144891__0022__r0.wav,thunderstorm,,ESC-50,fold_3,144891,3-144891-A-19.wav,thunderstorm
train,thunderstorm__esc50__fold_3__144891__0023__r0.wav,thunderstorm,,ESC-50,fold_3,144891,3-144891-B-19.wav,thunderstorm
train,thunderstorm__fsd50k__dev__100011__0024__r0.wav,thunderstorm,,FSD50K,dev,100011,100011.wav,thunderstorm
train,thunderstorm__fsd50k__dev__105032__0025__r0.wav,thunderstorm,,FSD50K,dev,105032,105032.wav,thunderstorm
train,thunderstorm__fsd50k__dev__105296__0026__r0.wav,thunderstorm,,FSD50K,dev,105296,105296.wav,thunderstorm
train,thunderstorm__fsd50k__dev__105297__0027__r0.wav,thunderstorm,,FSD50K,dev,105297,105297.wav,thunderstorm
train,thunderstorm__fsd50k__dev__105298__0028__r0.wav,thunderstorm,,FSD50K,dev,105298,105298.wav,thunderstorm
train,thunderstorm__fsd50k__dev__105299__0029__r0.wav,thunderstorm,,FSD50K,dev,105299,105299.wav,thunderstorm
train,thunderstorm__fsd50k__dev__105301__0030__r0.wav,thunderstorm,,FSD50K,dev,105301,105301.wav,thunderstorm
train,thunderstorm__fsd50k__dev__105303__0031__r0.wav,thunderstorm,,FSD50K,dev,105303,105303.wav,thunderstorm
train,thunderstorm__fsd50k__dev__105304__0032__r0.wav,thunderstorm,,FSD50K,dev,105304,105304.wav,thunderstorm
train,thunderstorm__fsd50k__dev__105306__0033__r0.wav,thunderstorm,,FSD50K,dev,105306,105306.wav,thunderstorm
train,thunderstorm__fsd50k__dev__115521__0034__r0.wav,thunderstorm,,FSD50K,dev,115521,115521.wav,thunderstorm
train,thunderstorm__fsd50k__dev__117138__0035__r0.wav,thunderstorm,,FSD50K,dev,117138,117138.wav,thunderstorm
train,thunderstorm__fsd50k__dev__120393__0036__r0.wav,thunderstorm,,FSD50K,dev,120393,120393.wav,thunderstorm
train,thunderstorm__fsd50k__dev__121132__0037__r0.wav,thunderstorm,,FSD50K,dev,121132,121132.wav,thunderstorm
train,thunderstorm__fsd50k__dev__121568__0038__r0.wav,thunderstorm,,FSD50K,dev,121568,121568.wav,thunderstorm
train,thunderstorm__fsd50k__dev__121569__0039__r0.wav,thunderstorm,,FSD50K,dev,121569,121569.wav,thunderstorm
train,thunderstorm__fsd50k__dev__121572__0040__r0.wav,thunderstorm,,FSD50K,dev,121572,121572.wav,thunderstorm
train,thunderstorm__fsd50k__dev__121573__0041__r0.wav,thunderstorm,,FSD50K,dev,121573,121573.wav,thunderstorm
train,thunderstorm__fsd50k__dev__122089__0042__r0.wav,thunderstorm,,FSD50K,dev,122089,122089.wav,thunderstorm
train,thunderstorm__fsd50k__dev__122091__0043__r0.wav,thunderstorm,,FSD50K,dev,122091,122091.wav,thunderstorm
train,thunderstorm__fsd50k__dev__123358__0044__r0.wav,thunderstorm,,FSD50K,dev,123358,123358.wav,thunderstorm
train,thunderstorm__fsd50k__dev__123359__0045__r0.wav,thunderstorm,,FSD50K,dev,123359,123359.wav,thunderstorm
train,thunderstorm__fsd50k__dev__123360__0046__r0.wav,thunderstorm,,FSD50K,dev,123360,123360.wav,thunderstorm
train,thunderstorm__fsd50k__dev__124128__0047__r0.wav,thunderstorm,,FSD50K,dev,124128,124128.wav,thunderstorm
train,thunderstorm__fsd50k__dev__124129__0048__r0.wav,thunderstorm,,FSD50K,dev,124129,124129.wav,thunderstorm
train,thunderstorm__fsd50k__dev__127862__0049__r0.wav,thunderstorm,,FSD50K,dev,127862,127862.wav,thunderstorm
train,thunderstorm__fsd50k__dev__127975__0050__r0.wav,thunderstorm,,FSD50K,dev,127975,127975.wav,thunderstorm
train,thunderstorm__fsd50k__dev__127976__0051__r0.wav,thunderstorm,,FSD50K,dev,127976,127976.wav,thunderstorm
train,thunderstorm__fsd50k__dev__127978__0052__r0.wav,thunderstorm,,FSD50K,dev,127978,127978.wav,thunderstorm
train,thunderstorm__fsd50k__dev__135594__0053__r0.wav,thunderstorm,,FSD50K,dev,135594,135594.wav,thunderstorm
train,thunderstorm__fsd50k__dev__13585__0054__r0.wav,thunderstorm,,FSD50K,dev,13585,13585.wav,thunderstorm
train,thunderstorm__fsd50k__dev__136383__0055__r0.wav,thunderstorm,,FSD50K,dev,136383,136383.wav,thunderstorm
train,thunderstorm__fsd50k__dev__151189__0056__r0.wav,thunderstorm,,FSD50K,dev,151189,151189.wav,thunderstorm
train,thunderstorm__fsd50k__dev__151190__0057__r0.wav,thunderstorm,,FSD50K,dev,151190,151190.wav,thunderstorm
train,thunderstorm__fsd50k__dev__151191__0058__r0.wav,thunderstorm,,FSD50K,dev,151191,151191.wav,thunderstorm
train,thunderstorm__fsd50k__dev__151192__0059__r0.wav,thunderstorm,,FSD50K,dev,151192,151192.wav,thunderstorm
train,thunderstorm__fsd50k__dev__151193__0060__r0.wav,thunderstorm,,FSD50K,dev,151193,151193.wav,thunderstorm
train,thunderstorm__fsd50k__dev__151194__0061__r0.wav,thunderstorm,,FSD50K,dev,151194,151194.wav,thunderstorm
train,thunderstorm__fsd50k__dev__151195__0062__r0.wav,thunderstorm,,FSD50K,dev,151195,151195.wav,thunderstorm
train,thunderstorm__fsd50k__dev__151196__0063__r0.wav,thunderstorm,,FSD50K,dev,151196,151196.wav,thunderstorm
train,thunderstorm__fsd50k__dev__151197__0064__r0.wav,thunderstorm,,FSD50K,dev,151197,151197.wav,thunderstorm
train,thunderstorm__fsd50k__dev__151198__0065__r0.wav,thunderstorm,,FSD50K,dev,151198,151198.wav,thunderstorm
train,thunderstorm__fsd50k__dev__151199__0066__r0.wav,thunderstorm,,FSD50K,dev,151199,151199.wav,thunderstorm
train,thunderstorm__fsd50k__dev__151201__0067__r0.wav,thunderstorm,,FSD50K,dev,151201,151201.wav,thunderstorm
train,thunderstorm__fsd50k__dev__151849__0068__r0.wav,thunderstorm,,FSD50K,dev,151849,151849.wav,thunderstorm
train,thunderstorm__fsd50k__dev__158980__0069__r0.wav,thunderstorm,,FSD50K,dev,158980,158980.wav,thunderstorm
train,thunderstorm__fsd50k__dev__158981__0070__r0.wav,thunderstorm,,FSD50K,dev,158981,158981.wav,thunderstorm
train,thunderstorm__fsd50k__dev__158982__0071__r0.wav,thunderstorm,,FSD50K,dev,158982,158982.wav,thunderstorm
train,thunderstorm__fsd50k__dev__158984__0072__r0.wav,thunderstorm,,FSD50K,dev,158984,158984.wav,thunderstorm
train,thunderstorm__fsd50k__dev__158986__0073__r0.wav,thunderstorm,,FSD50K,dev,158986,158986.wav,thunderstorm
train,thunderstorm__fsd50k__dev__158987__0074__r0.wav,thunderstorm,,FSD50K,dev,158987,158987.wav,thunderstorm
train,thunderstorm__fsd50k__dev__158989__0075__r0.wav,thunderstorm,,FSD50K,dev,158989,158989.wav,thunderstorm
train,thunderstorm__fsd50k__dev__159684__0076__r0.wav,thunderstorm,,FSD50K,dev,159684,159684.wav,thunderstorm
train,thunderstorm__fsd50k__dev__159685__0077__r0.wav,thunderstorm,,FSD50K,dev,159685,159685.wav,thunderstorm
train,thunderstorm__fsd50k__dev__159686__0078__r0.wav,thunderstorm,,FSD50K,dev,159686,159686.wav,thunderstorm
train,thunderstorm__fsd50k__dev__159692__0079__r0.wav,thunderstorm,,FSD50K,dev,159692,159692.wav,thunderstorm
train,thunderstorm__fsd50k__dev__159693__0080__r0.wav,thunderstorm,,FSD50K,dev,159693,159693.wav,thunderstorm
train,thunderstorm__fsd50k__dev__160154__0081__r0.wav,thunderstorm,,FSD50K,dev,160154,160154.wav,thunderstorm
train,thunderstorm__fsd50k__dev__160155__0082__r0.wav,thunderstorm,,FSD50K,dev,160155,160155.wav,thunderstorm
train,thunderstorm__fsd50k__dev__160156__0083__r0.wav,thunderstorm,,FSD50K,dev,160156,160156.wav,thunderstorm
train,thunderstorm__fsd50k__dev__160157__0084__r0.wav,thunderstorm,,FSD50K,dev,160157,160157.wav,thunderstorm
train,thunderstorm__fsd50k__dev__160770__0085__r0.wav,thunderstorm,,FSD50K,dev,160770,160770.wav,thunderstorm
train,thunderstorm__fsd50k__dev__160910__0086__r0.wav,thunderstorm,,FSD50K,dev,160910,160910.wav,thunderstorm
train,thunderstorm__fsd50k__dev__160911__0087__r0.wav,thunderstorm,,FSD50K,dev,160911,160911.wav,thunderstorm
train,thunderstorm__fsd50k__dev__161503__0088__r0.wav,thunderstorm,,FSD50K,dev,161503,161503.wav,thunderstorm
train,thunderstorm__fsd50k__dev__165812__0089__r0.wav,thunderstorm,,FSD50K,dev,165812,165812.wav,thunderstorm
train,thunderstorm__fsd50k__dev__169155__0090__r0.wav,thunderstorm,,FSD50K,dev,169155,169155.wav,thunderstorm
train,thunderstorm__fsd50k__dev__17057__0091__r0.wav,thunderstorm,,FSD50K,dev,17057,17057.wav,thunderstorm
train,thunderstorm__fsd50k__dev__17059__0092__r0.wav,thunderstorm,,FSD50K,dev,17059,17059.wav,thunderstorm
train,thunderstorm__fsd50k__dev__17153__0093__r0.wav,thunderstorm,,FSD50K,dev,17153,17153.wav,thunderstorm
train,thunderstorm__fsd50k__dev__17154__0094__r0.wav,thunderstorm,,FSD50K,dev,17154,17154.wav,thunderstorm
train,thunderstorm__fsd50k__dev__18045__0095__r0.wav,thunderstorm,,FSD50K,dev,18045,18045.wav,thunderstorm
train,thunderstorm__fsd50k__dev__18046__0096__r0.wav,thunderstorm,,FSD50K,dev,18046,18046.wav,thunderstorm
train,thunderstorm__fsd50k__dev__18047__0097__r0.wav,thunderstorm,,FSD50K,dev,18047,18047.wav,thunderstorm
train,thunderstorm__fsd50k__dev__187772__0098__r0.wav,thunderstorm,,FSD50K,dev,187772,187772.wav,thunderstorm
train,thunderstorm__fsd50k__dev__189728__0099__r0.wav,thunderstorm,,FSD50K,dev,189728,189728.wav,thunderstorm
train,thunderstorm__fsd50k__dev__189729__0100__r0.wav,thunderstorm,,FSD50K,dev,189729,189729.wav,thunderstorm
train,thunderstorm__fsd50k__dev__192195__0101__r0.wav,thunderstorm,,FSD50K,dev,192195,192195.wav,thunderstorm
train,thunderstorm__fsd50k__dev__193333__0102__r0.wav,thunderstorm,,FSD50K,dev,193333,193333.wav,thunderstorm
train,thunderstorm__fsd50k__dev__193334__0103__r0.wav,thunderstorm,,FSD50K,dev,193334,193334.wav,thunderstorm
train,thunderstorm__fsd50k__dev__194842__0104__r0.wav,thunderstorm,,FSD50K,dev,194842,194842.wav,thunderstorm
train,thunderstorm__fsd50k__dev__194872__0105__r0.wav,thunderstorm,,FSD50K,dev,194872,194872.wav,thunderstorm
train,thunderstorm__fsd50k__dev__194904__0106__r0.wav,thunderstorm,,FSD50K,dev,194904,194904.wav,thunderstorm
train,thunderstorm__fsd50k__dev__195433__0107__r0.wav,thunderstorm,,FSD50K,dev,195433,195433.wav,thunderstorm
train,thunderstorm__fsd50k__dev__195436__0108__r0.wav,thunderstorm,,FSD50K,dev,195436,195436.wav,thunderstorm
train,thunderstorm__fsd50k__dev__195439__0109__r0.wav,thunderstorm,,FSD50K,dev,195439,195439.wav,thunderstorm
train,thunderstorm__fsd50k__dev__195985__0110__r0.wav,thunderstorm,,FSD50K,dev,195985,195985.wav,thunderstorm
train,thunderstorm__fsd50k__dev__196033__0111__r0.wav,thunderstorm,,FSD50K,dev,196033,196033.wav,thunderstorm
train,thunderstorm__fsd50k__dev__196034__0112__r0.wav,thunderstorm,,FSD50K,dev,196034,196034.wav,thunderstorm
train,thunderstorm__fsd50k__dev__199754__0113__r0.wav,thunderstorm,,FSD50K,dev,199754,199754.wav,thunderstorm
train,thunderstorm__fsd50k__dev__199755__0114__r0.wav,thunderstorm,,FSD50K,dev,199755,199755.wav,thunderstorm
train,thunderstorm__fsd50k__dev__199757__0115__r0.wav,thunderstorm,,FSD50K,dev,199757,199757.wav,thunderstorm
train,thunderstorm__fsd50k__dev__199771__0116__r0.wav,thunderstorm,,FSD50K,dev,199771,199771.wav,thunderstorm
train,thunderstorm__fsd50k__dev__199943__0117__r0.wav,thunderstorm,,FSD50K,dev,199943,199943.wav,thunderstorm
train,thunderstorm__fsd50k__dev__199944__0118__r0.wav,thunderstorm,,FSD50K,dev,199944,199944.wav,thunderstorm
train,thunderstorm__fsd50k__dev__199945__0119__r0.wav,thunderstorm,,FSD50K,dev,199945,199945.wav,thunderstorm
train,thunderstorm__fsd50k__dev__199946__0120__r0.wav,thunderstorm,,FSD50K,dev,199946,199946.wav,thunderstorm
train,thunderstorm__fsd50k__dev__199947__0121__r0.wav,thunderstorm,,FSD50K,dev,199947,199947.wav,thunderstorm
train,thunderstorm__fsd50k__dev__199948__0122__r0.wav,thunderstorm,,FSD50K,dev,199948,199948.wav,thunderstorm
train,thunderstorm__fsd50k__dev__199950__0123__r0.wav,thunderstorm,,FSD50K,dev,199950,199950.wav,thunderstorm
train,thunderstorm__fsd50k__dev__199953__0124__r0.wav,thunderstorm,,FSD50K,dev,199953,199953.wav,thunderstorm
train,thunderstorm__fsd50k__dev__199955__0125__r0.wav,thunderstorm,,FSD50K,dev,199955,199955.wav,thunderstorm
train,thunderstorm__fsd50k__dev__199956__0126__r0.wav,thunderstorm,,FSD50K,dev,199956,199956.wav,thunderstorm
train,thunderstorm__fsd50k__dev__199957__0127__r0.wav,thunderstorm,,FSD50K,dev,199957,199957.wav,thunderstorm
train,thunderstorm__fsd50k__dev__199958__0128__r0.wav,thunderstorm,,FSD50K,dev,199958,199958.wav,thunderstorm
train,thunderstorm__fsd50k__dev__199959__0129__r0.wav,thunderstorm,,FSD50K,dev,199959,199959.wav,thunderstorm
train,thunderstorm__fsd50k__dev__199960__0130__r0.wav,thunderstorm,,FSD50K,dev,199960,199960.wav,thunderstorm
train,thunderstorm__fsd50k__dev__20048__0131__r0.wav,thunderstorm,,FSD50K,dev,20048,20048.wav,thunderstorm
train,thunderstorm__fsd50k__dev__203718__0132__r0.wav,thunderstorm,,FSD50K,dev,203718,203718.wav,thunderstorm
train,thunderstorm__fsd50k__dev__213015__0133__r0.wav,thunderstorm,,FSD50K,dev,213015,213015.wav,thunderstorm
train,thunderstorm__fsd50k__dev__213028__0134__r0.wav,thunderstorm,,FSD50K,dev,213028,213028.wav,thunderstorm
train,thunderstorm__fsd50k__dev__213029__0135__r0.wav,thunderstorm,,FSD50K,dev,213029,213029.wav,thunderstorm
train,thunderstorm__fsd50k__dev__214052__0136__r0.wav,thunderstorm,,FSD50K,dev,214052,214052.wav,thunderstorm
train,thunderstorm__fsd50k__dev__216255__0137__r0.wav,thunderstorm,,FSD50K,dev,216255,216255.wav,thunderstorm
train,thunderstorm__fsd50k__dev__216257__0138__r0.wav,thunderstorm,,FSD50K,dev,216257,216257.wav,thunderstorm
train,thunderstorm__fsd50k__dev__216268__0139__r0.wav,thunderstorm,,FSD50K,dev,216268,216268.wav,thunderstorm
train,thunderstorm__fsd50k__dev__216269__0140__r0.wav,thunderstorm,,FSD50K,dev,216269,216269.wav,thunderstorm
train,thunderstorm__fsd50k__dev__22926__0141__r0.wav,thunderstorm,,FSD50K,dev,22926,22926.wav,thunderstorm
train,thunderstorm__fsd50k__dev__22927__0142__r0.wav,thunderstorm,,FSD50K,dev,22927,22927.wav,thunderstorm
train,thunderstorm__fsd50k__dev__22928__0143__r0.wav,thunderstorm,,FSD50K,dev,22928,22928.wav,thunderstorm
train,thunderstorm__fsd50k__dev__22929__0144__r0.wav,thunderstorm,,FSD50K,dev,22929,22929.wav,thunderstorm
train,thunderstorm__fsd50k__dev__22930__0145__r0.wav,thunderstorm,,FSD50K,dev,22930,22930.wav,thunderstorm
train,thunderstorm__fsd50k__dev__22931__0146__r0.wav,thunderstorm,,FSD50K,dev,22931,22931.wav,thunderstorm
train,thunderstorm__fsd50k__dev__22932__0147__r0.wav,thunderstorm,,FSD50K,dev,22932,22932.wav,thunderstorm
train,thunderstorm__fsd50k__dev__22933__0148__r0.wav,thunderstorm,,FSD50K,dev,22933,22933.wav,thunderstorm
train,thunderstorm__fsd50k__dev__22934__0149__r0.wav,thunderstorm,,FSD50K,dev,22934,22934.wav,thunderstorm
train,thunderstorm__fsd50k__dev__22935__0150__r0.wav,thunderstorm,,FSD50K,dev,22935,22935.wav,thunderstorm
train,thunderstorm__fsd50k__dev__22937__0151__r0.wav,thunderstorm,,FSD50K,dev,22937,22937.wav,thunderstorm
train,thunderstorm__fsd50k__dev__22938__0152__r0.wav,thunderstorm,,FSD50K,dev,22938,22938.wav,thunderstorm
train,thunderstorm__fsd50k__dev__236996__0153__r0.wav,thunderstorm,,FSD50K,dev,236996,236996.wav,thunderstorm
train,thunderstorm__fsd50k__dev__237409__0154__r0.wav,thunderstorm,,FSD50K,dev,237409,237409.wav,thunderstorm
train,thunderstorm__fsd50k__dev__237410__0155__r0.wav,thunderstorm,,FSD50K,dev,237410,237410.wav,thunderstorm
train,thunderstorm__fsd50k__dev__237411__0156__r0.wav,thunderstorm,,FSD50K,dev,237411,237411.wav,thunderstorm
train,thunderstorm__fsd50k__dev__237412__0157__r0.wav,thunderstorm,,FSD50K,dev,237412,237412.wav,thunderstorm
train,thunderstorm__fsd50k__dev__237542__0158__r0.wav,thunderstorm,,FSD50K,dev,237542,237542.wav,thunderstorm
train,thunderstorm__fsd50k__dev__237725__0159__r0.wav,thunderstorm,,FSD50K,dev,237725,237725.wav,thunderstorm
train,thunderstorm__fsd50k__dev__237730__0160__r0.wav,thunderstorm,,FSD50K,dev,237730,237730.wav,thunderstorm
train,thunderstorm__fsd50k__dev__237731__0161__r0.wav,thunderstorm,,FSD50K,dev,237731,237731.wav,thunderstorm
train,thunderstorm__fsd50k__dev__237732__0162__r0.wav,thunderstorm,,FSD50K,dev,237732,237732.wav,thunderstorm
train,thunderstorm__fsd50k__dev__238626__0163__r0.wav,thunderstorm,,FSD50K,dev,238626,238626.wav,thunderstorm
train,thunderstorm__fsd50k__dev__238689__0164__r0.wav,thunderstorm,,FSD50K,dev,238689,238689.wav,thunderstorm
train,thunderstorm__fsd50k__dev__238690__0165__r0.wav,thunderstorm,,FSD50K,dev,238690,238690.wav,thunderstorm
train,thunderstorm__fsd50k__dev__238791__0166__r0.wav,thunderstorm,,FSD50K,dev,238791,238791.wav,thunderstorm
train,thunderstorm__fsd50k__dev__238793__0167__r0.wav,thunderstorm,,FSD50K,dev,238793,238793.wav,thunderstorm
train,thunderstorm__fsd50k__dev__238794__0168__r0.wav,thunderstorm,,FSD50K,dev,238794,238794.wav,thunderstorm
train,thunderstorm__fsd50k__dev__238806__0169__r0.wav,thunderstorm,,FSD50K,dev,238806,238806.wav,thunderstorm
train,thunderstorm__fsd50k__dev__240368__0170__r0.wav,thunderstorm,,FSD50K,dev,240368,240368.wav,thunderstorm
train,thunderstorm__fsd50k__dev__240790__0171__r0.wav,thunderstorm,,FSD50K,dev,240790,240790.wav,thunderstorm
train,thunderstorm__fsd50k__dev__240791__0172__r0.wav,thunderstorm,,FSD50K,dev,240791,240791.wav,thunderstorm
train,thunderstorm__fsd50k__dev__240792__0173__r0.wav,thunderstorm,,FSD50K,dev,240792,240792.wav,thunderstorm
train,thunderstorm__fsd50k__dev__240793__0174__r0.wav,thunderstorm,,FSD50K,dev,240793,240793.wav,thunderstorm
train,thunderstorm__fsd50k__dev__242013__0175__r0.wav,thunderstorm,,FSD50K,dev,242013,242013.wav,thunderstorm
train,thunderstorm__fsd50k__dev__242014__0176__r0.wav,thunderstorm,,FSD50K,dev,242014,242014.wav,thunderstorm
train,thunderstorm__fsd50k__dev__242015__0177__r0.wav,thunderstorm,,FSD50K,dev,242015,242015.wav,thunderstorm
train,thunderstorm__fsd50k__dev__242016__0178__r0.wav,thunderstorm,,FSD50K,dev,242016,242016.wav,thunderstorm
train,thunderstorm__fsd50k__dev__242017__0179__r0.wav,thunderstorm,,FSD50K,dev,242017,242017.wav,thunderstorm
train,thunderstorm__fsd50k__dev__242018__0180__r0.wav,thunderstorm,,FSD50K,dev,242018,242018.wav,thunderstorm
train,thunderstorm__fsd50k__dev__242603__0181__r0.wav,thunderstorm,,FSD50K,dev,242603,242603.wav,thunderstorm
train,thunderstorm__fsd50k__dev__243778__0182__r0.wav,thunderstorm,,FSD50K,dev,243778,243778.wav,thunderstorm
train,thunderstorm__fsd50k__dev__243779__0183__r0.wav,thunderstorm,,FSD50K,dev,243779,243779.wav,thunderstorm
train,thunderstorm__fsd50k__dev__243780__0184__r0.wav,thunderstorm,,FSD50K,dev,243780,243780.wav,thunderstorm
train,thunderstorm__fsd50k__dev__244053__0185__r0.wav,thunderstorm,,FSD50K,dev,244053,244053.wav,thunderstorm
train,thunderstorm__fsd50k__dev__244054__0186__r0.wav,thunderstorm,,FSD50K,dev,244054,244054.wav,thunderstorm
train,thunderstorm__fsd50k__dev__244581__0187__r0.wav,thunderstorm,,FSD50K,dev,244581,244581.wav,thunderstorm
train,thunderstorm__fsd50k__dev__249508__0188__r0.wav,thunderstorm,,FSD50K,dev,249508,249508.wav,thunderstorm
train,thunderstorm__fsd50k__dev__249950__0189__r0.wav,thunderstorm,,FSD50K,dev,249950,249950.wav,thunderstorm
train,thunderstorm__fsd50k__dev__250107__0190__r0.wav,thunderstorm,,FSD50K,dev,250107,250107.wav,thunderstorm
train,thunderstorm__fsd50k__dev__251629__0191__r0.wav,thunderstorm,,FSD50K,dev,251629,251629.wav,thunderstorm
train,background_other__esc50__fold_1__1-53467-A-47__0000.wav,background_other,esc50_diverse,ESC-50,fold_1,53467-A,1-53467-A-47.wav,airplane
train,background_other__esc50__fold_3__3-108160-A-23__0001.wav,background_other,esc50_diverse,ESC-50,fold_3,108160-A,3-108160-A-23.wav,breathing
train,background_other__esc50__fold_2__2-82071-A-27__0002.wav,background_other,esc50_diverse,ESC-50,fold_2,82071-A,2-82071-A-27.wav,brushing_teeth
train,background_other__esc50__fold_3__3-166546-B-34__0003.wav,background_other,esc50_diverse,ESC-50,fold_3,166546-B,3-166546-B-34.wav,can_opening
train,background_other__esc50__fold_3__3-155234-A-43__0004.wav,background_other,esc50_diverse,ESC-50,fold_3,155234-A,3-155234-A-43.wav,car_horn
train,background_other__esc50__fold_2__2-69131-A-5__0005.wav,background_other,esc50_diverse,ESC-50,fold_2,69131-A,2-69131-A-5.wav,cat
train,background_other__esc50__fold_3__3-155583-A-14__0006.wav,background_other,esc50_diverse,ESC-50,fold_3,155583-A,3-155583-A-14.wav,chirping_birds
train,background_other__esc50__fold_1__1-40154-A-46__0007.wav,background_other,esc50_diverse,ESC-50,fold_1,40154-A,1-40154-A-46.wav,church_bells
train,background_other__esc50__fold_1__1-110537-A-22__0008.wav,background_other,esc50_diverse,ESC-50,fold_1,110537-A,1-110537-A-22.wav,clapping
train,background_other__esc50__fold_3__3-139958-A-37__0009.wav,background_other,esc50_diverse,ESC-50,fold_3,139958-A,3-139958-A-37.wav,clock_alarm
train,background_other__esc50__fold_2__2-131943-A-38__0010.wav,background_other,esc50_diverse,ESC-50,fold_2,131943-A,2-131943-A-38.wav,clock_tick
train,background_other__esc50__fold_2__2-98676-A-24__0011.wav,background_other,esc50_diverse,ESC-50,fold_2,98676-A,2-98676-A-24.wav,coughing
train,background_other__esc50__fold_1__1-77241-A-3__0012.wav,background_other,esc50_diverse,ESC-50,fold_1,77241-A,1-77241-A-3.wav,cow
train,background_other__esc50__fold_2__2-61311-A-12__0013.wav,background_other,esc50_diverse,ESC-50,fold_2,61311-A,2-61311-A-12.wav,crackling_fire
train,background_other__esc50__fold_3__3-146033-A-13__0014.wav,background_other,esc50_diverse,ESC-50,fold_3,146033-A,3-146033-A-13.wav,crickets
train,background_other__esc50__fold_1__1-75162-A-9__0015.wav,background_other,esc50_diverse,ESC-50,fold_1,75162-A,1-75162-A-9.wav,crow
train,background_other__esc50__fold_1__1-211527-A-20__0016.wav,background_other,esc50_diverse,ESC-50,fold_1,211527-A,1-211527-A-20.wav,crying_baby
train,background_other__esc50__fold_1__1-97392-A-0__0017.wav,background_other,esc50_diverse,ESC-50,fold_1,97392-A,1-97392-A-0.wav,dog
train,background_other__esc50__fold_2__2-91912-A-33__0018.wav,background_other,esc50_diverse,ESC-50,fold_2,91912-A,2-91912-A-33.wav,door_wood_creaks
train,background_other__esc50__fold_3__3-154378-A-30__0019.wav,background_other,esc50_diverse,ESC-50,fold_3,154378-A,3-154378-A-30.wav,door_wood_knock
train,background_other__esc50__fold_2__2-102581-B-29__0020.wav,background_other,esc50_diverse,ESC-50,fold_2,102581-B,2-102581-B-29.wav,drinking_sipping
train,background_other__esc50__fold_1__1-62565-A-44__0021.wav,background_other,esc50_diverse,ESC-50,fold_1,62565-A,1-62565-A-44.wav,engine
train,background_other__esc50__fold_1__1-25777-A-48__0022.wav,background_other,esc50_diverse,ESC-50,fold_1,25777-A,1-25777-A-48.wav,fireworks
train,background_other__esc50__fold_2__2-209473-A-25__0023.wav,background_other,esc50_diverse,ESC-50,fold_2,209473-A,2-209473-A-25.wav,footsteps
train,background_other__esc50__fold_3__3-71964-C-4__0024.wav,background_other,esc50_diverse,ESC-50,fold_3,71964-C,3-71964-C-4.wav,frog
train,background_other__esc50__fold_3__3-203374-A-39__0025.wav,background_other,esc50_diverse,ESC-50,fold_3,203374-A,3-203374-A-39.wav,glass_breaking
train,background_other__esc50__fold_2__2-51630-B-49__0026.wav,background_other,esc50_diverse,ESC-50,fold_2,51630-B,2-51630-B-49.wav,hand_saw
train,background_other__esc50__fold_2__2-37806-B-40__0027.wav,background_other,esc50_diverse,ESC-50,fold_2,37806-B,2-37806-B-40.wav,helicopter
train,background_other__esc50__fold_3__3-171281-A-6__0028.wav,background_other,esc50_diverse,ESC-50,fold_3,171281-A,3-171281-A-6.wav,hen
train,background_other__esc50__fold_1__1-75189-A-7__0029.wav,background_other,esc50_diverse,ESC-50,fold_1,75189-A,1-75189-A-7.wav,insects
train,background_other__esc50__fold_2__2-118459-A-32__0030.wav,background_other,esc50_diverse,ESC-50,fold_2,118459-A,2-118459-A-32.wav,keyboard_typing
train,background_other__esc50__fold_3__3-152997-A-26__0031.wav,background_other,esc50_diverse,ESC-50,fold_3,152997-A,3-152997-A-26.wav,laughing
train,background_other__esc50__fold_2__2-146877-A-31__0032.wav,background_other,esc50_diverse,ESC-50,fold_2,146877-A,2-146877-A-31.wav,mouse_click
train,background_other__esc50__fold_1__1-260640-A-2__0033.wav,background_other,esc50_diverse,ESC-50,fold_1,260640-A,1-260640-A-2.wav,pig
train,background_other__esc50__fold_3__3-142349-A-17__0034.wav,background_other,esc50_diverse,ESC-50,fold_3,142349-A,3-142349-A-17.wav,pouring_water
train,background_other__esc50__fold_1__1-17367-A-10__0035.wav,background_other,esc50_diverse,ESC-50,fold_1,17367-A,1-17367-A-10.wav,rain
train,background_other__esc50__fold_2__2-95258-A-1__0036.wav,background_other,esc50_diverse,ESC-50,fold_2,95258-A,2-95258-A-1.wav,rooster
train,background_other__esc50__fold_2__2-137162-A-11__0037.wav,background_other,esc50_diverse,ESC-50,fold_2,137162-A,2-137162-A-11.wav,sea_waves
train,background_other__esc50__fold_3__3-20861-A-8__0038.wav,background_other,esc50_diverse,ESC-50,fold_3,20861-A,3-20861-A-8.wav,sheep
train,background_other__esc50__fold_3__3-144692-A-21__0039.wav,background_other,esc50_diverse,ESC-50,fold_3,144692-A,3-144692-A-21.wav,sneezing
train,background_other__esc50__fold_1__1-47923-A-28__0040.wav,background_other,esc50_diverse,ESC-50,fold_1,47923-A,1-47923-A-28.wav,snoring
train,background_other__esc50__fold_2__2-85945-A-18__0041.wav,background_other,esc50_diverse,ESC-50,fold_2,85945-A,2-85945-A-18.wav,toilet_flush
train,background_other__esc50__fold_2__2-122066-B-45__0042.wav,background_other,esc50_diverse,ESC-50,fold_2,122066-B,2-122066-B-45.wav,train
train,background_other__esc50__fold_3__3-152020-A-36__0043.wav,background_other,esc50_diverse,ESC-50,fold_3,152020-A,3-152020-A-36.wav,vacuum_cleaner
train,background_other__esc50__fold_3__3-156391-A-35__0044.wav,background_other,esc50_diverse,ESC-50,fold_3,156391-A,3-156391-A-35.wav,washing_machine
train,background_other__esc50__fold_1__1-23094-B-15__0045.wav,background_other,esc50_diverse,ESC-50,fold_1,23094-B,1-23094-B-15.wav,water_drops
train,background_other__esc50__fold_3__3-117504-A-16__0046.wav,background_other,esc50_diverse,ESC-50,fold_3,117504-A,3-117504-A-16.wav,wind
train,background_other__esc50__fold_2__2-74361-A-47__0047.wav,background_other,esc50_diverse,ESC-50,fold_2,74361-A,2-74361-A-47.wav,airplane
train,background_other__esc50__fold_2__2-54961-A-23__0048.wav,background_other,esc50_diverse,ESC-50,fold_2,54961-A,2-54961-A-23.wav,breathing
train,background_other__esc50__fold_2__2-86160-A-27__0049.wav,background_other,esc50_diverse,ESC-50,fold_2,86160-A,2-86160-A-27.wav,brushing_teeth
train,background_other__esc50__fold_2__2-85471-A-34__0050.wav,background_other,esc50_diverse,ESC-50,fold_2,85471-A,2-85471-A-34.wav,can_opening
train,background_other__esc50__fold_1__1-19026-A-43__0051.wav,background_other,esc50_diverse,ESC-50,fold_1,19026-A,1-19026-A-43.wav,car_horn
train,background_other__esc50__fold_1__1-56380-B-5__0052.wav,background_other,esc50_diverse,ESC-50,fold_1,56380-B,1-56380-B-5.wav,cat
train,background_other__esc50__fold_1__1-38559-A-14__0053.wav,background_other,esc50_diverse,ESC-50,fold_1,38559-A,1-38559-A-14.wav,chirping_birds
train,background_other__esc50__fold_3__3-111102-B-46__0054.wav,background_other,esc50_diverse,ESC-50,fold_3,111102-B,3-111102-B-46.wav,church_bells
train,background_other__esc50__fold_2__2-25292-A-22__0055.wav,background_other,esc50_diverse,ESC-50,fold_2,25292-A,2-25292-A-22.wav,clapping
train,background_other__esc50__fold_3__3-120526-B-37__0056.wav,background_other,esc50_diverse,ESC-50,fold_3,120526-B,3-120526-B-37.wav,clock_alarm
train,background_other__esc50__fold_3__3-170383-A-38__0057.wav,background_other,esc50_diverse,ESC-50,fold_3,170383-A,3-170383-A-38.wav,clock_tick
train,background_other__esc50__fold_2__2-108017-A-24__0058.wav,background_other,esc50_diverse,ESC-50,fold_2,108017-A,2-108017-A-24.wav,coughing
train,background_other__esc50__fold_1__1-58277-A-3__0059.wav,background_other,esc50_diverse,ESC-50,fold_1,58277-A,1-58277-A-3.wav,cow
train,background_other__esc50__fold_2__2-65747-A-12__0060.wav,background_other,esc50_diverse,ESC-50,fold_2,65747-A,2-65747-A-12.wav,crackling_fire
train,background_other__esc50__fold_2__2-110613-A-13__0061.wav,background_other,esc50_diverse,ESC-50,fold_2,110613-A,2-110613-A-13.wav,crickets
train,background_other__esc50__fold_2__2-108767-B-9__0062.wav,background_other,esc50_diverse,ESC-50,fold_2,108767-B,2-108767-B-9.wav,crow
train,background_other__esc50__fold_2__2-80482-A-20__0063.wav,background_other,esc50_diverse,ESC-50,fold_2,80482-A,2-80482-A-20.wav,crying_baby
train,background_other__esc50__fold_3__3-157695-A-0__0064.wav,background_other,esc50_diverse,ESC-50,fold_3,157695-A,3-157695-A-0.wav,dog
train,background_other__esc50__fold_3__3-118194-A-33__0065.wav,background_other,esc50_diverse,ESC-50,fold_3,118194-A,3-118194-A-33.wav,door_wood_creaks
train,background_other__esc50__fold_2__2-118624-A-30__0066.wav,background_other,esc50_diverse,ESC-50,fold_2,118624-A,2-118624-A-30.wav,door_wood_knock
train,background_other__esc50__fold_1__1-67230-A-29__0067.wav,background_other,esc50_diverse,ESC-50,fold_1,67230-A,1-67230-A-29.wav,drinking_sipping
train,background_other__esc50__fold_3__3-128160-A-44__0068.wav,background_other,esc50_diverse,ESC-50,fold_3,128160-A,3-128160-A-44.wav,engine
train,background_other__esc50__fold_1__1-160563-B-48__0069.wav,background_other,esc50_diverse,ESC-50,fold_1,160563-B,1-160563-B-48.wav,fireworks
train,background_other__esc50__fold_2__2-209471-A-25__0070.wav,background_other,esc50_diverse,ESC-50,fold_2,209471-A,2-209471-A-25.wav,footsteps
train,background_other__esc50__fold_1__1-17970-A-4__0071.wav,background_other,esc50_diverse,ESC-50,fold_1,17970-A,1-17970-A-4.wav,frog
train,background_other__esc50__fold_2__2-112213-A-39__0072.wav,background_other,esc50_diverse,ESC-50,fold_2,112213-A,2-112213-A-39.wav,glass_breaking
train,background_other__esc50__fold_1__1-7974-B-49__0073.wav,background_other,esc50_diverse,ESC-50,fold_1,7974-B,1-7974-B-49.wav,hand_saw
train,background_other__esc50__fold_2__2-37806-D-40__0074.wav,background_other,esc50_diverse,ESC-50,fold_2,37806-D,2-37806-D-40.wav,helicopter
train,background_other__esc50__fold_3__3-164216-B-6__0075.wav,background_other,esc50_diverse,ESC-50,fold_3,164216-B,3-164216-B-6.wav,hen
train,background_other__esc50__fold_1__1-19501-A-7__0076.wav,background_other,esc50_diverse,ESC-50,fold_1,19501-A,1-19501-A-7.wav,insects
train,background_other__esc50__fold_3__3-153444-A-32__0077.wav,background_other,esc50_diverse,ESC-50,fold_3,153444-A,3-153444-A-32.wav,keyboard_typing
train,background_other__esc50__fold_2__2-60795-A-26__0078.wav,background_other,esc50_diverse,ESC-50,fold_2,60795-A,2-60795-A-26.wav,laughing
train,background_other__esc50__fold_3__3-185313-A-31__0079.wav,background_other,esc50_diverse,ESC-50,fold_3,185313-A,3-185313-A-31.wav,mouse_click
train,background_other__esc50__fold_3__3-253084-A-2__0080.wav,background_other,esc50_diverse,ESC-50,fold_3,253084-A,3-253084-A-2.wav,pig
train,background_other__esc50__fold_1__1-61221-A-17__0081.wav,background_other,esc50_diverse,ESC-50,fold_1,61221-A,1-61221-A-17.wav,pouring_water
train,background_other__esc50__fold_1__1-56311-A-10__0082.wav,background_other,esc50_diverse,ESC-50,fold_1,56311-A,1-56311-A-10.wav,rain
train,background_other__esc50__fold_1__1-39923-A-1__0083.wav,background_other,esc50_diverse,ESC-50,fold_1,39923-A,1-39923-A-1.wav,rooster
train,background_other__esc50__fold_2__2-125966-A-11__0084.wav,background_other,esc50_diverse,ESC-50,fold_2,125966-A,2-125966-A-11.wav,sea_waves
train,background_other__esc50__fold_3__3-140199-D-8__0085.wav,background_other,esc50_diverse,ESC-50,fold_3,140199-D,3-140199-D-8.wav,sheep
train,background_other__esc50__fold_3__3-141684-A-21__0086.wav,background_other,esc50_diverse,ESC-50,fold_3,141684-A,3-141684-A-21.wav,sneezing
train,background_other__esc50__fold_3__3-151557-B-28__0087.wav,background_other,esc50_diverse,ESC-50,fold_3,151557-B,3-151557-B-28.wav,snoring
train,background_other__esc50__fold_1__1-28005-A-18__0088.wav,background_other,esc50_diverse,ESC-50,fold_1,28005-A,1-28005-A-18.wav,toilet_flush
train,background_other__esc50__fold_3__3-138212-A-45__0089.wav,background_other,esc50_diverse,ESC-50,fold_3,138212-A,3-138212-A-45.wav,train
train,background_other__esc50__fold_3__3-159348-A-36__0090.wav,background_other,esc50_diverse,ESC-50,fold_3,159348-A,3-159348-A-36.wav,vacuum_cleaner
train,background_other__esc50__fold_3__3-182710-B-35__0091.wav,background_other,esc50_diverse,ESC-50,fold_3,182710-B,3-182710-B-35.wav,washing_machine
train,background_other__esc50__fold_1__1-12653-A-15__0092.wav,background_other,esc50_diverse,ESC-50,fold_1,12653-A,1-12653-A-15.wav,water_drops
train,background_other__esc50__fold_1__1-47714-A-16__0093.wav,background_other,esc50_diverse,ESC-50,fold_1,47714-A,1-47714-A-16.wav,wind
train,background_other__esc50__fold_2__2-105270-A-47__0094.wav,background_other,esc50_diverse,ESC-50,fold_2,105270-A,2-105270-A-47.wav,airplane
train,background_other__esc50__fold_3__3-151206-A-23__0095.wav,background_other,esc50_diverse,ESC-50,fold_3,151206-A,3-151206-A-23.wav,breathing
train,background_other__esc50__fold_1__1-68628-A-27__0096.wav,background_other,esc50_diverse,ESC-50,fold_1,68628-A,1-68628-A-27.wav,brushing_teeth
train,background_other__esc50__fold_1__1-58846-A-34__0097.wav,background_other,esc50_diverse,ESC-50,fold_1,58846-A,1-58846-A-34.wav,can_opening
train,background_other__esc50__fold_1__1-17124-A-43__0098.wav,background_other,esc50_diverse,ESC-50,fold_1,17124-A,1-17124-A-43.wav,car_horn
train,background_other__esc50__fold_2__2-82274-A-5__0099.wav,background_other,esc50_diverse,ESC-50,fold_2,82274-A,2-82274-A-5.wav,cat
train,background_other__esc50__fold_3__3-155584-A-14__0100.wav,background_other,esc50_diverse,ESC-50,fold_3,155584-A,3-155584-A-14.wav,chirping_birds
train,background_other__esc50__fold_2__2-57191-A-46__0101.wav,background_other,esc50_diverse,ESC-50,fold_2,57191-A,2-57191-A-46.wav,church_bells
train,background_other__esc50__fold_2__2-76408-A-22__0102.wav,background_other,esc50_diverse,ESC-50,fold_2,76408-A,2-76408-A-22.wav,clapping
train,background_other__esc50__fold_2__2-89516-A-37__0103.wav,background_other,esc50_diverse,ESC-50,fold_2,89516-A,2-89516-A-37.wav,clock_alarm
train,background_other__esc50__fold_1__1-62849-A-38__0104.wav,background_other,esc50_diverse,ESC-50,fold_1,62849-A,1-62849-A-38.wav,clock_tick
train,background_other__esc50__fold_2__2-123896-A-24__0105.wav,background_other,esc50_diverse,ESC-50,fold_2,123896-A,2-123896-A-24.wav,coughing
train,background_other__esc50__fold_3__3-160993-A-3__0106.wav,background_other,esc50_diverse,ESC-50,fold_3,160993-A,3-160993-A-3.wav,cow
train,background_other__esc50__fold_1__1-17808-A-12__0107.wav,background_other,esc50_diverse,ESC-50,fold_1,17808-A,1-17808-A-12.wav,crackling_fire
train,background_other__esc50__fold_2__2-83270-A-13__0108.wav,background_other,esc50_diverse,ESC-50,fold_2,83270-A,2-83270-A-13.wav,crickets
train,background_other__esc50__fold_3__3-127890-C-9__0109.wav,background_other,esc50_diverse,ESC-50,fold_3,127890-C,3-127890-C-9.wav,crow
train,background_other__esc50__fold_3__3-152007-B-20__0110.wav,background_other,esc50_diverse,ESC-50,fold_3,152007-B,3-152007-B-20.wav,crying_baby
train,background_other__esc50__fold_2__2-118964-A-0__0111.wav,background_other,esc50_diverse,ESC-50,fold_2,118964-A,2-118964-A-0.wav,dog
train,background_other__esc50__fold_3__3-94355-A-33__0112.wav,background_other,esc50_diverse,ESC-50,fold_3,94355-A,3-94355-A-33.wav,door_wood_creaks
train,background_other__esc50__fold_3__3-182023-A-30__0113.wav,background_other,esc50_diverse,ESC-50,fold_3,182023-A,3-182023-A-30.wav,door_wood_knock
train,background_other__esc50__fold_1__1-32579-A-29__0114.wav,background_other,esc50_diverse,ESC-50,fold_1,32579-A,1-32579-A-29.wav,drinking_sipping
train,background_other__esc50__fold_1__1-18527-B-44__0115.wav,background_other,esc50_diverse,ESC-50,fold_1,18527-B,1-18527-B-44.wav,engine
train,background_other__esc50__fold_3__3-119120-A-48__0116.wav,background_other,esc50_diverse,ESC-50,fold_3,119120-A,3-119120-A-48.wav,fireworks
train,background_other__esc50__fold_3__3-103599-B-25__0117.wav,background_other,esc50_diverse,ESC-50,fold_3,103599-B,3-103599-B-25.wav,footsteps
train,background_other__esc50__fold_1__1-18757-A-4__0118.wav,background_other,esc50_diverse,ESC-50,fold_1,18757-A,1-18757-A-4.wav,frog
train,background_other__esc50__fold_2__2-112213-B-39__0119.wav,background_other,esc50_diverse,ESC-50,fold_2,112213-B,2-112213-B-39.wav,glass_breaking
train,background_other__esc50__fold_2__2-135860-A-49__0120.wav,background_other,esc50_diverse,ESC-50,fold_2,135860-A,2-135860-A-49.wav,hand_saw
train,background_other__esc50__fold_3__3-150979-B-40__0121.wav,background_other,esc50_diverse,ESC-50,fold_3,150979-B,3-150979-B-40.wav,helicopter
train,background_other__esc50__fold_3__3-187549-A-6__0122.wav,background_other,esc50_diverse,ESC-50,fold_3,187549-A,3-187549-A-6.wav,hen
train,background_other__esc50__fold_2__2-81970-B-7__0123.wav,background_other,esc50_diverse,ESC-50,fold_2,81970-B,2-81970-B-7.wav,insects
train,background_other__esc50__fold_3__3-154781-A-32__0124.wav,background_other,esc50_diverse,ESC-50,fold_3,154781-A,3-154781-A-32.wav,keyboard_typing
train,background_other__esc50__fold_2__2-62226-A-26__0125.wav,background_other,esc50_diverse,ESC-50,fold_2,62226-A,2-62226-A-26.wav,laughing
train,background_other__esc50__fold_3__3-167096-A-31__0126.wav,background_other,esc50_diverse,ESC-50,fold_3,167096-A,3-167096-A-31.wav,mouse_click
train,background_other__esc50__fold_3__3-253084-B-2__0127.wav,background_other,esc50_diverse,ESC-50,fold_3,253084-B,3-253084-B-2.wav,pig
train,background_other__esc50__fold_3__3-161500-A-17__0128.wav,background_other,esc50_diverse,ESC-50,fold_3,161500-A,3-161500-A-17.wav,pouring_water
train,background_other__esc50__fold_1__1-29561-A-10__0129.wav,background_other,esc50_diverse,ESC-50,fold_1,29561-A,1-29561-A-10.wav,rain
train,background_other__esc50__fold_3__3-134049-A-1__0130.wav,background_other,esc50_diverse,ESC-50,fold_3,134049-A,3-134049-A-1.wav,rooster
train,background_other__esc50__fold_1__1-28135-A-11__0131.wav,background_other,esc50_diverse,ESC-50,fold_1,28135-A,1-28135-A-11.wav,sea_waves
train,background_other__esc50__fold_2__2-110614-A-8__0132.wav,background_other,esc50_diverse,ESC-50,fold_2,110614-A,2-110614-A-8.wav,sheep
train,background_other__esc50__fold_3__3-142601-A-21__0133.wav,background_other,esc50_diverse,ESC-50,fold_3,142601-A,3-142601-A-21.wav,sneezing
train,background_other__esc50__fold_3__3-130998-A-28__0134.wav,background_other,esc50_diverse,ESC-50,fold_3,130998-A,3-130998-A-28.wav,snoring
train,background_other__esc50__fold_2__2-67422-A-18__0135.wav,background_other,esc50_diverse,ESC-50,fold_2,67422-A,2-67422-A-18.wav,toilet_flush
train,background_other__esc50__fold_3__3-135650-A-45__0136.wav,background_other,esc50_diverse,ESC-50,fold_3,135650-A,3-135650-A-45.wav,train
train,background_other__esc50__fold_1__1-19840-A-36__0137.wav,background_other,esc50_diverse,ESC-50,fold_1,19840-A,1-19840-A-36.wav,vacuum_cleaner
train,background_other__esc50__fold_2__2-121909-A-35__0138.wav,background_other,esc50_diverse,ESC-50,fold_2,121909-A,2-121909-A-35.wav,washing_machine
train,background_other__esc50__fold_3__3-166324-A-15__0139.wav,background_other,esc50_diverse,ESC-50,fold_3,166324-A,3-166324-A-15.wav,water_drops
train,background_other__esc50__fold_2__2-109371-D-16__0140.wav,background_other,esc50_diverse,ESC-50,fold_2,109371-D,2-109371-D-16.wav,wind
train,background_other__esc50__fold_3__3-128512-A-47__0141.wav,background_other,esc50_diverse,ESC-50,fold_3,128512-A,3-128512-A-47.wav,airplane
train,background_other__esc50__fold_1__1-30709-B-23__0142.wav,background_other,esc50_diverse,ESC-50,fold_1,30709-B,1-30709-B-23.wav,breathing
train,background_other__esc50__fold_3__3-118069-B-27__0143.wav,background_other,esc50_diverse,ESC-50,fold_3,118069-B,3-118069-B-27.wav,brushing_teeth
train,background_other__esc50__fold_1__1-69165-A-34__0144.wav,background_other,esc50_diverse,ESC-50,fold_1,69165-A,1-69165-A-34.wav,can_opening
train,background_other__esc50__fold_2__2-128465-B-43__0145.wav,background_other,esc50_diverse,ESC-50,fold_2,128465-B,2-128465-B-43.wav,car_horn
train,background_other__esc50__fold_3__3-146965-A-5__0146.wav,background_other,esc50_diverse,ESC-50,fold_3,146965-A,3-146965-A-5.wav,cat
train,background_other__esc50__fold_3__3-155579-A-14__0147.wav,background_other,esc50_diverse,ESC-50,fold_3,155579-A,3-155579-A-14.wav,chirping_birds
train,background_other__esc50__fold_2__2-61618-A-46__0148.wav,background_other,esc50_diverse,ESC-50,fold_2,61618-A,2-61618-A-46.wav,church_bells
train,background_other__esc50__fold_3__3-197435-B-22__0149.wav,background_other,esc50_diverse,ESC-50,fold_3,197435-B,3-197435-B-22.wav,clapping
train,background_other__esc50__fold_2__2-96063-A-37__0150.wav,background_other,esc50_diverse,ESC-50,fold_2,96063-A,2-96063-A-37.wav,clock_alarm
train,background_other__esc50__fold_3__3-170377-A-38__0151.wav,background_other,esc50_diverse,ESC-50,fold_3,170377-A,3-170377-A-38.wav,clock_tick
train,background_other__esc50__fold_3__3-142604-A-24__0152.wav,background_other,esc50_diverse,ESC-50,fold_3,142604-A,3-142604-A-24.wav,coughing
train,background_other__esc50__fold_2__2-103423-A-3__0153.wav,background_other,esc50_diverse,ESC-50,fold_2,103423-A,2-103423-A-3.wav,cow
train,background_other__esc50__fold_3__3-120644-A-12__0154.wav,background_other,esc50_diverse,ESC-50,fold_3,120644-A,3-120644-A-12.wav,crackling_fire
train,background_other__esc50__fold_3__3-134802-A-13__0155.wav,background_other,esc50_diverse,ESC-50,fold_3,134802-A,3-134802-A-13.wav,crickets
train,background_other__esc50__fold_2__2-109231-C-9__0156.wav,background_other,esc50_diverse,ESC-50,fold_2,109231-C,2-109231-C-9.wav,crow
train,background_other__esc50__fold_1__1-211527-B-20__0157.wav,background_other,esc50_diverse,ESC-50,fold_1,211527-B,1-211527-B-20.wav,crying_baby
train,background_other__esc50__fold_2__2-114587-A-0__0158.wav,background_other,esc50_diverse,ESC-50,fold_2,114587-A,2-114587-A-0.wav,dog
train,background_other__esc50__fold_1__1-51805-A-33__0159.wav,background_other,esc50_diverse,ESC-50,fold_1,51805-A,1-51805-A-33.wav,door_wood_creaks
train,background_other__esc50__fold_2__2-134915-A-30__0160.wav,background_other,esc50_diverse,ESC-50,fold_2,134915-A,2-134915-A-30.wav,door_wood_knock
train,background_other__esc50__fold_3__3-133977-A-29__0161.wav,background_other,esc50_diverse,ESC-50,fold_3,133977-A,3-133977-A-29.wav,drinking_sipping
train,background_other__esc50__fold_2__2-107228-B-44__0162.wav,background_other,esc50_diverse,ESC-50,fold_2,107228-B,2-107228-B-44.wav,engine
train,background_other__esc50__fold_3__3-119120-E-48__0163.wav,background_other,esc50_diverse,ESC-50,fold_3,119120-E,3-119120-E-48.wav,fireworks
train,background_other__esc50__fold_1__1-155858-E-25__0164.wav,background_other,esc50_diverse,ESC-50,fold_1,155858-E,1-155858-E-25.wav,footsteps
train,background_other__esc50__fold_3__3-71964-B-4__0165.wav,background_other,esc50_diverse,ESC-50,fold_3,71964-B,3-71964-B-4.wav,frog
train,background_other__esc50__fold_2__2-173607-A-39__0166.wav,background_other,esc50_diverse,ESC-50,fold_2,173607-A,2-173607-A-39.wav,glass_breaking
train,background_other__esc50__fold_1__1-23706-A-49__0167.wav,background_other,esc50_diverse,ESC-50,fold_1,23706-A,1-23706-A-49.wav,hand_saw
train,background_other__esc50__fold_1__1-172649-B-40__0168.wav,background_other,esc50_diverse,ESC-50,fold_1,172649-B,1-172649-B-40.wav,helicopter
train,background_other__esc50__fold_1__1-71030-A-6__0169.wav,background_other,esc50_diverse,ESC-50,fold_1,71030-A,1-71030-A-6.wav,hen
train,background_other__esc50__fold_1__1-7973-A-7__0170.wav,background_other,esc50_diverse,ESC-50,fold_1,7973-A,1-7973-A-7.wav,insects
train,background_other__esc50__fold_1__1-79711-A-32__0171.wav,background_other,esc50_diverse,ESC-50,fold_1,79711-A,1-79711-A-32.wav,keyboard_typing
train,background_other__esc50__fold_2__2-109759-B-26__0172.wav,background_other,esc50_diverse,ESC-50,fold_2,109759-B,2-109759-B-26.wav,laughing
train,background_other__esc50__fold_3__3-158056-B-31__0173.wav,background_other,esc50_diverse,ESC-50,fold_3,158056-B,3-158056-B-31.wav,mouse_click
train,background_other__esc50__fold_3__3-233151-A-2__0174.wav,background_other,esc50_diverse,ESC-50,fold_3,233151-A,3-233151-A-2.wav,pig
train,background_other__esc50__fold_3__3-149448-A-17__0175.wav,background_other,esc50_diverse,ESC-50,fold_3,149448-A,3-149448-A-17.wav,pouring_water
train,background_other__esc50__fold_3__3-132852-A-10__0176.wav,background_other,esc50_diverse,ESC-50,fold_3,132852-A,3-132852-A-10.wav,rain
train,background_other__esc50__fold_3__3-154957-A-1__0177.wav,background_other,esc50_diverse,ESC-50,fold_3,154957-A,3-154957-A-1.wav,rooster
train,background_other__esc50__fold_3__3-164120-A-11__0178.wav,background_other,esc50_diverse,ESC-50,fold_3,164120-A,3-164120-A-11.wav,sea_waves
train,background_other__esc50__fold_3__3-197408-C-8__0179.wav,background_other,esc50_diverse,ESC-50,fold_3,197408-C,3-197408-C-8.wav,sheep
train,background_other__esc50__fold_1__1-31748-A-21__0180.wav,background_other,esc50_diverse,ESC-50,fold_1,31748-A,1-31748-A-21.wav,sneezing
train,background_other__esc50__fold_1__1-39937-A-28__0181.wav,background_other,esc50_diverse,ESC-50,fold_1,39937-A,1-39937-A-28.wav,snoring
train,background_other__esc50__fold_1__1-53670-A-18__0182.wav,background_other,esc50_diverse,ESC-50,fold_1,53670-A,1-53670-A-18.wav,toilet_flush
train,background_other__esc50__fold_3__3-136451-A-45__0183.wav,background_other,esc50_diverse,ESC-50,fold_3,136451-A,3-136451-A-45.wav,train
train,background_other__esc50__fold_2__2-122820-B-36__0184.wav,background_other,esc50_diverse,ESC-50,fold_2,122820-B,2-122820-B-36.wav,vacuum_cleaner
train,background_other__esc50__fold_3__3-135469-A-35__0185.wav,background_other,esc50_diverse,ESC-50,fold_3,135469-A,3-135469-A-35.wav,washing_machine
train,background_other__esc50__fold_1__1-16746-A-15__0186.wav,background_other,esc50_diverse,ESC-50,fold_1,16746-A,1-16746-A-15.wav,water_drops
train,background_other__esc50__fold_3__3-134699-C-16__0187.wav,background_other,esc50_diverse,ESC-50,fold_3,134699-C,3-134699-C-16.wav,wind
train,background_other__esc50__fold_2__2-78781-A-47__0188.wav,background_other,esc50_diverse,ESC-50,fold_2,78781-A,2-78781-A-47.wav,airplane
train,background_other__esc50__fold_2__2-66205-A-23__0189.wav,background_other,esc50_diverse,ESC-50,fold_2,66205-A,2-66205-A-23.wav,breathing
train,background_other__esc50__fold_3__3-118069-A-27__0190.wav,background_other,esc50_diverse,ESC-50,fold_3,118069-A,3-118069-A-27.wav,brushing_teeth
train,background_other__esc50__fold_3__3-148932-A-34__0191.wav,background_other,esc50_diverse,ESC-50,fold_3,148932-A,3-148932-A-34.wav,can_opening
train,background_other__fsd50k__train__speech__100966__0000.wav,background_other,fsd50k_speech,FSD50K,train,100966,100966.wav,"Speech,Human_voice"
train,background_other__fsd50k__train__speech__108875__0001.wav,background_other,fsd50k_speech,FSD50K,train,108875,108875.wav,"Female_speech_and_woman_speaking,Speech,Human_voice"
train,background_other__fsd50k__train__speech__349317__0002.wav,background_other,fsd50k_speech,FSD50K,train,349317,349317.wav,"Speech_synthesizer,Speech,Human_voice"
train,background_other__fsd50k__train__speech__93872__0003.wav,background_other,fsd50k_speech,FSD50K,train,93872,93872.wav,"Male_speech_and_man_speaking,Speech,Human_voice"
train,background_other__fsd50k__train__speech__256779__0004.wav,background_other,fsd50k_speech,FSD50K,train,256779,256779.wav,"Male_speech_and_man_speaking,Speech,Human_voice"
train,background_other__fsd50k__train__speech__76648__0005.wav,background_other,fsd50k_speech,FSD50K,train,76648,76648.wav,"Male_speech_and_man_speaking,Speech,Human_voice"
train,background_other__fsd50k__train__speech__76621__0006.wav,background_other,fsd50k_speech,FSD50K,train,76621,76621.wav,"Male_speech_and_man_speaking,Speech,Human_voice"
train,background_other__fsd50k__train__speech__377264__0007.wav,background_other,fsd50k_speech,FSD50K,train,377264,377264.wav,"Male_speech_and_man_speaking,Speech,Human_voice"
train,background_other__fsd50k__train__speech__139046__0008.wav,background_other,fsd50k_speech,FSD50K,train,139046,139046.wav,"Speech,Human_voice"
train,background_other__fsd50k__train__speech__18286__0009.wav,background_other,fsd50k_speech,FSD50K,train,18286,18286.wav,"Speech,Human_voice"
train,background_other__fsd50k__train__speech__96543__0010.wav,background_other,fsd50k_speech,FSD50K,train,96543,96543.wav,"Female_speech_and_woman_speaking,Speech,Human_voice"
train,background_other__fsd50k__train__speech__236454__0011.wav,background_other,fsd50k_speech,FSD50K,train,236454,236454.wav,"Whispering,Human_voice"
train,background_other__fsd50k__train__speech__236556__0012.wav,background_other,fsd50k_speech,FSD50K,train,236556,236556.wav,"Male_speech_and_man_speaking,Speech,Human_voice"
train,background_other__fsd50k__train__speech__113238__0013.wav,background_other,fsd50k_speech,FSD50K,train,113238,113238.wav,"Speech,Human_voice"
train,background_other__fsd50k__train__speech__248047__0014.wav,background_other,fsd50k_speech,FSD50K,train,248047,248047.wav,"Speech,Human_voice"
train,background_other__fsd50k__train__speech__256337__0015.wav,background_other,fsd50k_speech,FSD50K,train,256337,256337.wav,"Speech_synthesizer,Speech,Human_voice"
train,background_other__fsd50k__train__speech__93375__0016.wav,background_other,fsd50k_speech,FSD50K,train,93375,93375.wav,"Female_speech_and_woman_speaking,Speech,Human_voice"
train,background_other__fsd50k__train__speech__34420__0017.wav,background_other,fsd50k_speech,FSD50K,train,34420,34420.wav,"Speech,Human_voice"
train,background_other__fsd50k__train__speech__236382__0018.wav,background_other,fsd50k_speech,FSD50K,train,236382,236382.wav,"Whispering,Human_voice"
train,background_other__fsd50k__train__speech__30597__0019.wav,background_other,fsd50k_speech,FSD50K,train,30597,30597.wav,"Child_speech_and_kid_speaking,Speech,Human_voice"
train,background_other__fsd50k__train__speech__92953__0020.wav,background_other,fsd50k_speech,FSD50K,train,92953,92953.wav,"Child_speech_and_kid_speaking,Speech,Human_voice"
train,background_other__fsd50k__train__speech__76613__0021.wav,background_other,fsd50k_speech,FSD50K,train,76613,76613.wav,"Conversation,Speech,Human_voice"
train,background_other__fsd50k__train__speech__416694__0022.wav,background_other,fsd50k_speech,FSD50K,train,416694,416694.wav,"Child_speech_and_kid_speaking,Speech,Human_voice"
train,background_other__fsd50k__train__speech__235048__0023.wav,background_other,fsd50k_speech,FSD50K,train,235048,235048.wav,"Female_speech_and_woman_speaking,Speech,Human_voice"
train,background_other__fsd50k__train__speech__80651__0024.wav,background_other,fsd50k_speech,FSD50K,train,80651,80651.wav,"Female_speech_and_woman_speaking,Speech,Human_voice"
train,background_other__fsd50k__train__speech__86402__0025.wav,background_other,fsd50k_speech,FSD50K,train,86402,86402.wav,"Female_speech_and_woman_speaking,Human_voice,Speech"
train,background_other__fsd50k__train__speech__92915__0026.wav,background_other,fsd50k_speech,FSD50K,train,92915,92915.wav,"Child_speech_and_kid_speaking,Speech,Human_voice"
train,background_other__fsd50k__train__speech__316443__0027.wav,background_other,fsd50k_speech,FSD50K,train,316443,316443.wav,"Male_speech_and_man_speaking,Speech,Human_voice"
train,background_other__fsd50k__train__speech__196865__0028.wav,background_other,fsd50k_speech,FSD50K,train,196865,196865.wav,"Speech,Human_voice"
train,background_other__fsd50k__train__speech__165236__0029.wav,background_other,fsd50k_speech,FSD50K,train,165236,165236.wav,"Conversation,Speech,Human_voice"
train,background_other__fsd50k__train__speech__249722__0030.wav,background_other,fsd50k_speech,FSD50K,train,249722,249722.wav,"Male_speech_and_man_speaking,Speech,Human_voice"
train,background_other__fsd50k__train__speech__236660__0031.wav,background_other,fsd50k_speech,FSD50K,train,236660,236660.wav,"Female_speech_and_woman_speaking,Speech,Human_voice"
train,background_other__fsd50k__train__speech__86451__0032.wav,background_other,fsd50k_speech,FSD50K,train,86451,86451.wav,"Female_speech_and_woman_speaking,Speech,Human_voice"
train,background_other__fsd50k__train__speech__236547__0033.wav,background_other,fsd50k_speech,FSD50K,train,236547,236547.wav,"Whispering,Human_voice"
train,background_other__fsd50k__train__speech__120653__0034.wav,background_other,fsd50k_speech,FSD50K,train,120653,120653.wav,"Whispering,Human_voice"
train,background_other__fsd50k__train__speech__77447__0035.wav,background_other,fsd50k_speech,FSD50K,train,77447,77447.wav,"Speech,Human_voice"
train,background_other__fsd50k__train__speech__109871__0036.wav,background_other,fsd50k_speech,FSD50K,train,109871,109871.wav,"Female_speech_and_woman_speaking,Human_voice,Speech"
train,background_other__fsd50k__train__speech__27970__0037.wav,background_other,fsd50k_speech,FSD50K,train,27970,27970.wav,"Speech,Human_voice"
train,background_other__fsd50k__train__speech__82710__0038.wav,background_other,fsd50k_speech,FSD50K,train,82710,82710.wav,"Child_speech_and_kid_speaking,Speech,Human_voice"
train,background_other__fsd50k__train__speech__422909__0039.wav,background_other,fsd50k_speech,FSD50K,train,422909,422909.wav,"Speech,Human_voice"
train,background_other__fsd50k__train__speech__21137__0040.wav,background_other,fsd50k_speech,FSD50K,train,21137,21137.wav,"Conversation,Speech,Human_voice"
train,background_other__fsd50k__train__speech__86418__0041.wav,background_other,fsd50k_speech,FSD50K,train,86418,86418.wav,"Female_speech_and_woman_speaking,Speech,Human_voice"
train,background_other__fsd50k__train__speech__236455__0042.wav,background_other,fsd50k_speech,FSD50K,train,236455,236455.wav,"Male_speech_and_man_speaking,Speech,Human_voice"
train,background_other__fsd50k__train__speech__93364__0043.wav,background_other,fsd50k_speech,FSD50K,train,93364,93364.wav,"Female_speech_and_woman_speaking,Speech,Human_voice"
train,background_other__fsd50k__train__speech__95680__0044.wav,background_other,fsd50k_speech,FSD50K,train,95680,95680.wav,"Male_speech_and_man_speaking,Speech,Human_voice"
train,background_other__fsd50k__train__speech__189358__0045.wav,background_other,fsd50k_speech,FSD50K,train,189358,189358.wav,"Male_speech_and_man_speaking,Speech,Human_voice"
train,background_other__fsd50k__train__speech__236653__0046.wav,background_other,fsd50k_speech,FSD50K,train,236653,236653.wav,"Male_speech_and_man_speaking,Speech,Human_voice"
train,background_other__fsd50k__train__speech__433704__0047.wav,background_other,fsd50k_speech,FSD50K,train,433704,433704.wav,"Male_speech_and_man_speaking,Speech,Human_voice"
train,background_other__fsd50k__train__speech__351110__0048.wav,background_other,fsd50k_speech,FSD50K,train,351110,351110.wav,"Child_speech_and_kid_speaking,Speech,Human_voice"
train,background_other__fsd50k__train__speech__67628__0049.wav,background_other,fsd50k_speech,FSD50K,train,67628,67628.wav,"Male_speech_and_man_speaking,Speech,Human_voice"
train,background_other__fsd50k__train__speech__274978__0050.wav,background_other,fsd50k_speech,FSD50K,train,274978,274978.wav,"Male_speech_and_man_speaking,Speech,Human_voice"
train,background_other__fsd50k__train__speech__139049__0051.wav,background_other,fsd50k_speech,FSD50K,train,139049,139049.wav,"Speech,Human_voice"
train,background_other__fsd50k__train__speech__31345__0052.wav,background_other,fsd50k_speech,FSD50K,train,31345,31345.wav,"Speech,Human_voice"
train,background_other__fsd50k__train__speech__63340__0053.wav,background_other,fsd50k_speech,FSD50K,train,63340,63340.wav,"Child_speech_and_kid_speaking,Speech,Human_voice"
train,background_other__fsd50k__train__speech__130709__0054.wav,background_other,fsd50k_speech,FSD50K,train,130709,130709.wav,"Speech_synthesizer,Speech,Human_voice"
train,background_other__fsd50k__train__speech__122901__0055.wav,background_other,fsd50k_speech,FSD50K,train,122901,122901.wav,"Speech,Human_voice"
train,background_other__fsd50k__train__speech__195846__0056.wav,background_other,fsd50k_speech,FSD50K,train,195846,195846.wav,"Speech,Human_voice"
train,background_other__fsd50k__train__speech__242683__0057.wav,background_other,fsd50k_speech,FSD50K,train,242683,242683.wav,"Female_speech_and_woman_speaking,Speech,Human_voice"
train,background_other__fsd50k__train__speech__235114__0058.wav,background_other,fsd50k_speech,FSD50K,train,235114,235114.wav,"Female_speech_and_woman_speaking,Speech,Human_voice"
train,background_other__fsd50k__train__speech__426908__0059.wav,background_other,fsd50k_speech,FSD50K,train,426908,426908.wav,"Male_speech_and_man_speaking,Speech,Human_voice"
train,background_other__fsd50k__train__speech__130717__0060.wav,background_other,fsd50k_speech,FSD50K,train,130717,130717.wav,"Speech_synthesizer,Speech,Human_voice"
train,background_other__fsd50k__train__speech__137917__0061.wav,background_other,fsd50k_speech,FSD50K,train,137917,137917.wav,"Speech,Human_voice"
train,background_other__fsd50k__train__speech__63337__0062.wav,background_other,fsd50k_speech,FSD50K,train,63337,63337.wav,"Child_speech_and_kid_speaking,Speech,Human_voice"
train,background_other__fsd50k__train__speech__120662__0063.wav,background_other,fsd50k_speech,FSD50K,train,120662,120662.wav,"Whispering,Human_voice"
train,background_other__fsd50k__train__speech__426906__0064.wav,background_other,fsd50k_speech,FSD50K,train,426906,426906.wav,"Male_speech_and_man_speaking,Speech,Human_voice"
train,background_other__fsd50k__train__speech__31783__0065.wav,background_other,fsd50k_speech,FSD50K,train,31783,31783.wav,"Child_speech_and_kid_speaking,Speech,Human_voice"
train,background_other__fsd50k__train__speech__236428__0066.wav,background_other,fsd50k_speech,FSD50K,train,236428,236428.wav,"Female_speech_and_woman_speaking,Speech,Human_voice"
train,background_other__fsd50k__train__speech__34318__0067.wav,background_other,fsd50k_speech,FSD50K,train,34318,34318.wav,"Speech,Human_voice"
train,background_other__fsd50k__train__speech__274872__0068.wav,background_other,fsd50k_speech,FSD50K,train,274872,274872.wav,"Male_speech_and_man_speaking,Speech,Human_voice"
train,background_other__fsd50k__train__speech__122903__0069.wav,background_other,fsd50k_speech,FSD50K,train,122903,122903.wav,"Speech,Human_voice"
train,background_other__fsd50k__train__speech__93868__0070.wav,background_other,fsd50k_speech,FSD50K,train,93868,93868.wav,"Male_speech_and_man_speaking,Speech,Human_voice"
train,background_other__fsd50k__train__speech__236364__0071.wav,background_other,fsd50k_speech,FSD50K,train,236364,236364.wav,"Male_speech_and_man_speaking,Speech,Human_voice"
train,background_other__fsd50k__train__speech__256880__0072.wav,background_other,fsd50k_speech,FSD50K,train,256880,256880.wav,"Male_speech_and_man_speaking,Speech,Human_voice"
train,background_other__fsd50k__train__speech__25042__0073.wav,background_other,fsd50k_speech,FSD50K,train,25042,25042.wav,"Chatter,Human_group_actions"
train,background_other__fsd50k__train__speech__416655__0074.wav,background_other,fsd50k_speech,FSD50K,train,416655,416655.wav,"Speech,Human_voice"
train,background_other__fsd50k__train__speech__341347__0075.wav,background_other,fsd50k_speech,FSD50K,train,341347,341347.wav,"Speech,Human_voice"
train,background_other__fsd50k__train__speech__410467__0076.wav,background_other,fsd50k_speech,FSD50K,train,410467,410467.wav,"Squeak,Writing,Chatter,Cheering,Domestic_sounds_and_home_sounds,Human_group_actions"
train,background_other__fsd50k__train__speech__416701__0077.wav,background_other,fsd50k_speech,FSD50K,train,416701,416701.wav,"Child_speech_and_kid_speaking,Speech,Human_voice"
train,background_other__fsd50k__train__speech__24373__0078.wav,background_other,fsd50k_speech,FSD50K,train,24373,24373.wav,"Chatter,Human_group_actions"
train,background_other__fsd50k__train__speech__194481__0079.wav,background_other,fsd50k_speech,FSD50K,train,194481,194481.wav,"Child_speech_and_kid_speaking,Speech,Human_voice"
train,background_other__fsd50k__train__music__146663__0000.wav,background_other,fsd50k_music,FSD50K,train,146663,146663.wav,"Snare_drum,Drum,Percussion,Musical_instrument,Music"
train,background_other__fsd50k__train__music__374161__0001.wav,background_other,fsd50k_music,FSD50K,train,374161,374161.wav,"Trumpet,Brass_instrument,Musical_instrument,Music"
train,background_other__fsd50k__train__music__382839__0002.wav,background_other,fsd50k_music,FSD50K,train,382839,382839.wav,"Tambourine,Percussion,Musical_instrument,Music"
train,background_other__fsd50k__train__music__246940__0003.wav,background_other,fsd50k_music,FSD50K,train,246940,246940.wav,"Wind_instrument_and_woodwind_instrument,Musical_instrument,Music"
train,background_other__fsd50k__train__music__372722__0004.wav,background_other,fsd50k_music,FSD50K,train,372722,372722.wav,"Bowed_string_instrument,Musical_instrument,Music"
train,background_other__fsd50k__train__music__372699__0005.wav,background_other,fsd50k_music,FSD50K,train,372699,372699.wav,"Wind_instrument_and_woodwind_instrument,Musical_instrument,Music"
train,background_other__fsd50k__train__music__7957__0006.wav,background_other,fsd50k_music,FSD50K,train,7957,7957.wav,"Drum_kit,Percussion,Musical_instrument,Music"
train,background_other__fsd50k__train__music__275285__0007.wav,background_other,fsd50k_music,FSD50K,train,275285,275285.wav,"Musical_instrument,Music"
train,background_other__fsd50k__train__music__210696__0008.wav,background_other,fsd50k_music,FSD50K,train,210696,210696.wav,"Tambourine,Percussion,Musical_instrument,Music"
train,background_other__fsd50k__train__music__247595__0009.wav,background_other,fsd50k_music,FSD50K,train,247595,247595.wav,"Bowed_string_instrument,Musical_instrument,Music"
train,background_other__fsd50k__train__music__57408__0010.wav,background_other,fsd50k_music,FSD50K,train,57408,57408.wav,"Gong,Percussion,Musical_instrument,Music"
train,background_other__fsd50k__train__music__210693__0011.wav,background_other,fsd50k_music,FSD50K,train,210693,210693.wav,"Tambourine,Percussion,Musical_instrument,Music"
train,background_other__fsd50k__train__music__354250__0012.wav,background_other,fsd50k_music,FSD50K,train,354250,354250.wav,"Bowed_string_instrument,Musical_instrument,Music"
train,background_other__fsd50k__train__music__23650__0013.wav,background_other,fsd50k_music,FSD50K,train,23650,23650.wav,"Tabla,Drum,Percussion,Musical_instrument,Music"
train,background_other__fsd50k__train__music__357522__0014.wav,background_other,fsd50k_music,FSD50K,train,357522,357522.wav,"Trumpet,Brass_instrument,Musical_instrument,Music"
train,background_other__fsd50k__train__music__358141__0015.wav,background_other,fsd50k_music,FSD50K,train,358141,358141.wav,"Bowed_string_instrument,Musical_instrument,Music"
train,background_other__fsd50k__train__music__12746__0016.wav,background_other,fsd50k_music,FSD50K,train,12746,12746.wav,"Piano,Keyboard_(musical),Musical_instrument,Music"
train,background_other__fsd50k__train__music__246823__0017.wav,background_other,fsd50k_music,FSD50K,train,246823,246823.wav,"Bowed_string_instrument,Musical_instrument,Music"
train,background_other__fsd50k__train__music__15122__0018.wav,background_other,fsd50k_music,FSD50K,train,15122,15122.wav,"Keyboard_(musical),Musical_instrument,Music"
train,background_other__fsd50k__train__music__175470__0019.wav,background_other,fsd50k_music,FSD50K,train,175470,175470.wav,"Female_singing,Singing,Human_voice"
train,background_other__fsd50k__train__music__137502__0020.wav,background_other,fsd50k_music,FSD50K,train,137502,137502.wav,"Hi-hat,Cymbal,Percussion,Musical_instrument,Music"
train,background_other__fsd50k__train__music__46702__0021.wav,background_other,fsd50k_music,FSD50K,train,46702,46702.wav,"Wind_instrument_and_woodwind_instrument,Musical_instrument,Music"
train,background_other__fsd50k__train__music__354315__0022.wav,background_other,fsd50k_music,FSD50K,train,354315,354315.wav,"Bowed_string_instrument,Musical_instrument,Music"
train,background_other__fsd50k__train__music__44969__0023.wav,background_other,fsd50k_music,FSD50K,train,44969,44969.wav,"Hi-hat,Cymbal,Percussion,Musical_instrument,Music"
train,background_other__fsd50k__train__music__116359__0024.wav,background_other,fsd50k_music,FSD50K,train,116359,116359.wav,"Mallet_percussion,Percussion,Musical_instrument,Music"
train,background_other__fsd50k__train__music__415452__0025.wav,background_other,fsd50k_music,FSD50K,train,415452,415452.wav,"Harp,Musical_instrument,Music"
train,background_other__fsd50k__train__music__195277__0026.wav,background_other,fsd50k_music,FSD50K,train,195277,195277.wav,"Bowed_string_instrument,Musical_instrument,Music"
train,background_other__fsd50k__train__music__252511__0027.wav,background_other,fsd50k_music,FSD50K,train,252511,252511.wav,"Acoustic_guitar,Human_voice,Guitar,Plucked_string_instrument,Musical_instrument,Music"
train,background_other__fsd50k__train__music__48360__0028.wav,background_other,fsd50k_music,FSD50K,train,48360,48360.wav,"Guitar,Plucked_string_instrument,Musical_instrument,Music"
train,background_other__fsd50k__train__music__383570__0029.wav,background_other,fsd50k_music,FSD50K,train,383570,383570.wav,"Bowed_string_instrument,Musical_instrument,Music"
train,background_other__fsd50k__train__music__182558__0030.wav,background_other,fsd50k_music,FSD50K,train,182558,182558.wav,"Wind_instrument_and_woodwind_instrument,Musical_instrument,Music"
train,background_other__fsd50k__train__music__76627__0031.wav,background_other,fsd50k_music,FSD50K,train,76627,76627.wav,"Female_singing,Singing,Human_voice"
train,background_other__fsd50k__train__human_non_speech__142601__0000.wav,background_other,fsd50k_human_non_speech,FSD50K,train,142601,142601.wav,"Sneeze,Respiratory_sounds"
train,background_other__fsd50k__train__human_non_speech__88149__0001.wav,background_other,fsd50k_human_non_speech,FSD50K,train,88149,88149.wav,Fart
train,background_other__fsd50k__train__human_non_speech__88235__0002.wav,background_other,fsd50k_human_non_speech,FSD50K,train,88235,88235.wav,Fart
train,background_other__fsd50k__train__human_non_speech__195794__0003.wav,background_other,fsd50k_human_non_speech,FSD50K,train,195794,195794.wav,"Breathing,Respiratory_sounds"
train,background_other__fsd50k__train__human_non_speech__124024__0004.wav,background_other,fsd50k_human_non_speech,FSD50K,train,124024,124024.wav,"Laughter,Human_voice"
train,background_other__fsd50k__train__human_non_speech__61032__0005.wav,background_other,fsd50k_human_non_speech,FSD50K,train,61032,61032.wav,"Laughter,Human_voice"
train,background_other__fsd50k__train__human_non_speech__377783__0006.wav,background_other,fsd50k_human_non_speech,FSD50K,train,377783,377783.wav,"Clapping,Hands"
train,background_other__fsd50k__train__human_non_speech__101153__0007.wav,background_other,fsd50k_human_non_speech,FSD50K,train,101153,101153.wav,Burping_and_eructation
train,background_other__fsd50k__train__human_non_speech__202606__0008.wav,background_other,fsd50k_human_non_speech,FSD50K,train,202606,202606.wav,"Breathing,Respiratory_sounds"
train,background_other__fsd50k__train__human_non_speech__277547__0009.wav,background_other,fsd50k_human_non_speech,FSD50K,train,277547,277547.wav,"Chuckle_and_chortle,Laughter,Human_voice"
train,background_other__fsd50k__train__human_non_speech__119913__0010.wav,background_other,fsd50k_human_non_speech,FSD50K,train,119913,119913.wav,Walk_and_footsteps
train,background_other__fsd50k__train__human_non_speech__411070__0011.wav,background_other,fsd50k_human_non_speech,FSD50K,train,411070,411070.wav,Walk_and_footsteps
train,background_other__fsd50k__train__human_non_speech__235168__0012.wav,background_other,fsd50k_human_non_speech,FSD50K,train,235168,235168.wav,"Giggle,Laughter,Human_voice"
train,background_other__fsd50k__train__human_non_speech__325262__0013.wav,background_other,fsd50k_human_non_speech,FSD50K,train,325262,325262.wav,"Finger_snapping,Hands"
train,background_other__fsd50k__train__human_non_speech__100322__0014.wav,background_other,fsd50k_human_non_speech,FSD50K,train,100322,100322.wav,Fart
train,background_other__fsd50k__train__human_non_speech__194259__0015.wav,background_other,fsd50k_human_non_speech,FSD50K,train,194259,194259.wav,"Breathing,Respiratory_sounds"
train,background_other__fsd50k__train__human_non_speech__100333__0016.wav,background_other,fsd50k_human_non_speech,FSD50K,train,100333,100333.wav,Fart
train,background_other__fsd50k__train__human_non_speech__435248__0017.wav,background_other,fsd50k_human_non_speech,FSD50K,train,435248,435248.wav,Fart
train,background_other__fsd50k__train__human_non_speech__119914__0018.wav,background_other,fsd50k_human_non_speech,FSD50K,train,119914,119914.wav,Walk_and_footsteps
train,background_other__fsd50k__train__human_non_speech__333623__0019.wav,background_other,fsd50k_human_non_speech,FSD50K,train,333623,333623.wav,"Breathing,Respiratory_sounds"
train,background_other__fsd50k__train__human_non_speech__42842__0020.wav,background_other,fsd50k_human_non_speech,FSD50K,train,42842,42842.wav,"Laughter,Human_voice"
train,background_other__fsd50k__train__human_non_speech__243944__0021.wav,background_other,fsd50k_human_non_speech,FSD50K,train,243944,243944.wav,"Applause,Crowd,Cheering,Human_voice,Human_group_actions"
train,background_other__fsd50k__train__human_non_speech__58824__0022.wav,background_other,fsd50k_human_non_speech,FSD50K,train,58824,58824.wav,"Applause,Cheering,Human_group_actions"
train,background_other__fsd50k__train__human_non_speech__232472__0023.wav,background_other,fsd50k_human_non_speech,FSD50K,train,232472,232472.wav,"Gasp,Breathing,Respiratory_sounds"
train,background_other__fsd50k__train__human_non_speech__88687__0024.wav,background_other,fsd50k_human_non_speech,FSD50K,train,88687,88687.wav,"Finger_snapping,Hands"
train,background_other__fsd50k__train__human_non_speech__19119__0025.wav,background_other,fsd50k_human_non_speech,FSD50K,train,19119,19119.wav,"Cough,Respiratory_sounds"
train,background_other__fsd50k__train__human_non_speech__325777__0026.wav,background_other,fsd50k_human_non_speech,FSD50K,train,325777,325777.wav,"Cough,Respiratory_sounds"
train,background_other__fsd50k__train__human_non_speech__75270__0027.wav,background_other,fsd50k_human_non_speech,FSD50K,train,75270,75270.wav,Walk_and_footsteps
train,background_other__fsd50k__train__human_non_speech__187671__0028.wav,background_other,fsd50k_human_non_speech,FSD50K,train,187671,187671.wav,"Clapping,Hands"
train,background_other__fsd50k__train__human_non_speech__30024__0029.wav,background_other,fsd50k_human_non_speech,FSD50K,train,30024,30024.wav,"Breathing,Respiratory_sounds"
train,background_other__fsd50k__train__human_non_speech__75165__0030.wav,background_other,fsd50k_human_non_speech,FSD50K,train,75165,75165.wav,Fart
train,background_other__fsd50k__train__human_non_speech__361719__0031.wav,background_other,fsd50k_human_non_speech,FSD50K,train,361719,361719.wav,"Clapping,Hands"
train,background_other__fsd50k__train__hard_negative__10457__0000.wav,background_other,fsd50k_hard_negative,FSD50K,train,10457,10457.wav,Bell
train,background_other__fsd50k__train__hard_negative__426363__0001.wav,background_other,fsd50k_hard_negative,FSD50K,train,426363,426363.wav,"Slam,Door,Domestic_sounds_and_home_sounds"
train,background_other__fsd50k__train__hard_negative__253658__0002.wav,background_other,fsd50k_hard_negative,FSD50K,train,253658,253658.wav,"Tick-tock,Clock,Mechanisms"
train,background_other__fsd50k__train__hard_negative__422059__0003.wav,background_other,fsd50k_hard_negative,FSD50K,train,422059,422059.wav,"Chime,Bell"
train,background_other__fsd50k__train__hard_negative__208700__0004.wav,background_other,fsd50k_hard_negative,FSD50K,train,208700,208700.wav,"Telephone,Alarm"
train,background_other__fsd50k__train__hard_negative__140148__0005.wav,background_other,fsd50k_hard_negative,FSD50K,train,140148,140148.wav,"Clock,Mechanisms"
train,background_other__fsd50k__train__hard_negative__185887__0006.wav,background_other,fsd50k_hard_negative,FSD50K,train,185887,185887.wav,"Telephone,Alarm"
train,background_other__fsd50k__train__hard_negative__347216__0007.wav,background_other,fsd50k_hard_negative,FSD50K,train,347216,347216.wav,"Doorbell,Door,Domestic_sounds_and_home_sounds,Alarm"
train,background_other__fsd50k__train__hard_negative__351408__0008.wav,background_other,fsd50k_hard_negative,FSD50K,train,351408,351408.wav,"Chime,Bell"
train,background_other__fsd50k__train__hard_negative__187306__0009.wav,background_other,fsd50k_hard_negative,FSD50K,train,187306,187306.wav,"Subway_and_metro_and_underground,Doorbell,Rail_transport,Vehicle,Door,Domestic_sounds_and_home_sounds,Alarm"
train,background_other__fsd50k__train__hard_negative__170383__0010.wav,background_other,fsd50k_hard_negative,FSD50K,train,170383,170383.wav,"Clock,Mechanisms"
train,background_other__fsd50k__train__hard_negative__34381__0011.wav,background_other,fsd50k_hard_negative,FSD50K,train,34381,34381.wav,"Telephone,Alarm"
train,background_other__fsd50k__train__hard_negative__144951__0012.wav,background_other,fsd50k_hard_negative,FSD50K,train,144951,144951.wav,"Knock,Wood,Door,Domestic_sounds_and_home_sounds"
train,background_other__fsd50k__train__hard_negative__273719__0013.wav,background_other,fsd50k_hard_negative,FSD50K,train,273719,273719.wav,"Doorbell,Door,Domestic_sounds_and_home_sounds,Alarm"
train,background_other__fsd50k__train__hard_negative__20189__0014.wav,background_other,fsd50k_hard_negative,FSD50K,train,20189,20189.wav,"Slam,Car,Motor_vehicle_(road),Vehicle,Door,Domestic_sounds_and_home_sounds"
train,background_other__fsd50k__train__hard_negative__26177__0015.wav,background_other,fsd50k_hard_negative,FSD50K,train,26177,26177.wav,"Traffic_noise_and_roadway_noise,Vehicle_horn_and_car_horn_and_honking,Car,Motor_vehicle_(road),Vehicle,Alarm"
train,background_other__fsd50k__train__hard_negative__74474__0016.wav,background_other,fsd50k_hard_negative,FSD50K,train,74474,74474.wav,Alarm
train,background_other__fsd50k__train__hard_negative__219051__0017.wav,background_other,fsd50k_hard_negative,FSD50K,train,219051,219051.wav,"Church_bell,Bell"
train,background_other__fsd50k__train__hard_negative__334947__0018.wav,background_other,fsd50k_hard_negative,FSD50K,train,334947,334947.wav,"Telephone,Alarm"
train,background_other__fsd50k__train__hard_negative__66299__0019.wav,background_other,fsd50k_hard_negative,FSD50K,train,66299,66299.wav,"Telephone,Alarm"
train,background_other__fsd50k__train__hard_negative__196370__0020.wav,background_other,fsd50k_hard_negative,FSD50K,train,196370,196370.wav,"Doorbell,Door,Domestic_sounds_and_home_sounds,Alarm"
train,background_other__fsd50k__train__hard_negative__91172__0021.wav,background_other,fsd50k_hard_negative,FSD50K,train,91172,91172.wav,"Cowbell,Bell"
train,background_other__fsd50k__train__hard_negative__401131__0022.wav,background_other,fsd50k_hard_negative,FSD50K,train,401131,401131.wav,"Tick-tock,Clock,Mechanisms"
train,background_other__fsd50k__train__hard_negative__91177__0023.wav,background_other,fsd50k_hard_negative,FSD50K,train,91177,91177.wav,"Cowbell,Bell"
train,background_other__fsd50k__train__hard_negative__190027__0024.wav,background_other,fsd50k_hard_negative,FSD50K,train,190027,190027.wav,"Knock,Wood,Door,Domestic_sounds_and_home_sounds"
train,background_other__fsd50k__train__hard_negative__173608__0025.wav,background_other,fsd50k_hard_negative,FSD50K,train,173608,173608.wav,"Shatter,Glass"
train,background_other__fsd50k__train__hard_negative__407240__0026.wav,background_other,fsd50k_hard_negative,FSD50K,train,407240,407240.wav,Alarm
train,background_other__fsd50k__train__hard_negative__221532__0027.wav,background_other,fsd50k_hard_negative,FSD50K,train,221532,221532.wav,"Shatter,Glass"
train,background_other__fsd50k__train__hard_negative__422075__0028.wav,background_other,fsd50k_hard_negative,FSD50K,train,422075,422075.wav,"Chime,Bell"
train,background_other__fsd50k__train__hard_negative__93299__0029.wav,background_other,fsd50k_hard_negative,FSD50K,train,93299,93299.wav,"Shatter,Glass"
train,background_other__fsd50k__train__hard_negative__175039__0030.wav,background_other,fsd50k_hard_negative,FSD50K,train,175039,175039.wav,"Telephone,Alarm"
train,background_other__fsd50k__train__hard_negative__221515__0031.wav,background_other,fsd50k_hard_negative,FSD50K,train,221515,221515.wav,Bell
train,background_other__fsd50k__train__general__12874__0000.wav,background_other,fsd50k_general,FSD50K,train,12874,12874.wav,"Dishes_and_pots_and_pans,Domestic_sounds_and_home_sounds"
train,background_other__fsd50k__train__general__221719__0001.wav,background_other,fsd50k_general,FSD50K,train,221719,221719.wav,"Writing,Domestic_sounds_and_home_sounds"
train,background_other__fsd50k__train__general__89506__0002.wav,background_other,fsd50k_general,FSD50K,train,89506,89506.wav,"Meow,Cat,Domestic_animals_and_pets,Animal"
train,background_other__fsd50k__train__general__343849__0003.wav,background_other,fsd50k_general,FSD50K,train,343849,343849.wav,"Cat,Domestic_animals_and_pets,Animal"
train,background_other__fsd50k__train__general__379249__0004.wav,background_other,fsd50k_general,FSD50K,train,379249,379249.wav,"Bird,Wild_animals,Animal"
train,background_other__fsd50k__train__general__70345__0005.wav,background_other,fsd50k_general,FSD50K,train,70345,70345.wav,"Cupboard_open_or_close,Domestic_sounds_and_home_sounds"
train,background_other__fsd50k__train__general__98853__0006.wav,background_other,fsd50k_general,FSD50K,train,98853,98853.wav,"Train,Rail_transport,Vehicle"
train,background_other__fsd50k__train__general__114448__0007.wav,background_other,fsd50k_general,FSD50K,train,114448,114448.wav,"Bird,Wild_animals,Animal"
train,background_other__fsd50k__train__general__250702__0008.wav,background_other,fsd50k_general,FSD50K,train,250702,250702.wav,"Zipper_(clothing),Domestic_sounds_and_home_sounds"
train,background_other__fsd50k__train__general__376797__0009.wav,background_other,fsd50k_general,FSD50K,train,376797,376797.wav,"Waves_and_surf,Ocean,Water"
train,background_other__fsd50k__train__general__17445__0010.wav,background_other,fsd50k_general,FSD50K,train,17445,17445.wav,"Mechanical_fan,Mechanisms"
train,background_other__fsd50k__train__general__104932__0011.wav,background_other,fsd50k_general,FSD50K,train,104932,104932.wav,"Bird,Wild_animals,Animal"
train,background_other__fsd50k__train__general__397368__0012.wav,background_other,fsd50k_general,FSD50K,train,397368,397368.wav,"Train,Rail_transport,Vehicle"
train,background_other__fsd50k__train__general__410135__0013.wav,background_other,fsd50k_general,FSD50K,train,410135,410135.wav,"Idling,Engine_starting,Car,Motor_vehicle_(road),Vehicle,Engine"
train,background_other__fsd50k__train__general__131531__0014.wav,background_other,fsd50k_general,FSD50K,train,131531,131531.wav,"Zipper_(clothing),Domestic_sounds_and_home_sounds"
train,background_other__fsd50k__train__general__386554__0015.wav,background_other,fsd50k_general,FSD50K,train,386554,386554.wav,"Accelerating_and_revving_and_vroom,Engine"
validation,siren__esc50__fold_4__102871__0000__r0.wav,siren,,ESC-50,fold_4,102871,4-102871-A-42.wav,siren
validation,siren__esc50__fold_4__111671__0001__r0.wav,siren,,ESC-50,fold_4,111671,4-111671-A-42.wav,siren
validation,siren__esc50__fold_4__111671__0002__r0.wav,siren,,ESC-50,fold_4,111671,4-111671-B-42.wav,siren
validation,siren__esc50__fold_4__121532__0003__r0.wav,siren,,ESC-50,fold_4,121532,4-121532-A-42.wav,siren
validation,siren__esc50__fold_4__67358__0004__r0.wav,siren,,ESC-50,fold_4,67358,4-67358-A-42.wav,siren
validation,siren__esc50__fold_4__80761__0005__r0.wav,siren,,ESC-50,fold_4,80761,4-80761-A-42.wav,siren
validation,siren__esc50__fold_4__90014__0006__r0.wav,siren,,ESC-50,fold_4,90014,4-90014-A-42.wav,siren
validation,siren__esc50__fold_4__90014__0007__r0.wav,siren,,ESC-50,fold_4,90014,4-90014-B-42.wav,siren
validation,siren__fsd50k__dev__181601__0008__r0.wav,siren,,FSD50K,dev,181601,181601.wav,siren
validation,siren__fsd50k__dev__268221__0009__r0.wav,siren,,FSD50K,dev,268221,268221.wav,siren
validation,siren__fsd50k__dev__320767__0010__r0.wav,siren,,FSD50K,dev,320767,320767.wav,siren
validation,siren__fsd50k__dev__324275__0011__r0.wav,siren,,FSD50K,dev,324275,324275.wav,siren
validation,siren__fsd50k__dev__34733__0012__r0.wav,siren,,FSD50K,dev,34733,34733.wav,siren
validation,siren__fsd50k__dev__34952__0013__r0.wav,siren,,FSD50K,dev,34952,34952.wav,siren
validation,siren__fsd50k__dev__353265__0014__r0.wav,siren,,FSD50K,dev,353265,353265.wav,siren
validation,siren__fsd50k__dev__353956__0015__r0.wav,siren,,FSD50K,dev,353956,353956.wav,siren
validation,siren__fsd50k__dev__382620__0016__r0.wav,siren,,FSD50K,dev,382620,382620.wav,siren
validation,siren__fsd50k__dev__388972__0017__r0.wav,siren,,FSD50K,dev,388972,388972.wav,siren
validation,siren__fsd50k__dev__421017__0018__r0.wav,siren,,FSD50K,dev,421017,421017.wav,siren
validation,siren__fsd50k__dev__62878__0019__r0.wav,siren,,FSD50K,dev,62878,62878.wav,siren
validation,chainsaw__esc50__fold_4__149294__0000__r0.wav,chainsaw,,ESC-50,fold_4,149294,4-149294-A-41.wav,chainsaw
validation,chainsaw__esc50__fold_4__149294__0001__r0.wav,chainsaw,,ESC-50,fold_4,149294,4-149294-B-41.wav,chainsaw
validation,chainsaw__esc50__fold_4__157611__0002__r0.wav,chainsaw,,ESC-50,fold_4,157611,4-157611-A-41.wav,chainsaw
validation,chainsaw__esc50__fold_4__157611__0003__r0.wav,chainsaw,,ESC-50,fold_4,157611,4-157611-B-41.wav,chainsaw
validation,chainsaw__esc50__fold_4__165823__0004__r0.wav,chainsaw,,ESC-50,fold_4,165823,4-165823-A-41.wav,chainsaw
validation,chainsaw__esc50__fold_4__165823__0005__r0.wav,chainsaw,,ESC-50,fold_4,165823,4-165823-B-41.wav,chainsaw
validation,chainsaw__esc50__fold_4__169127__0006__r0.wav,chainsaw,,ESC-50,fold_4,169127,4-169127-A-41.wav,chainsaw
validation,chainsaw__esc50__fold_4__169127__0007__r0.wav,chainsaw,,ESC-50,fold_4,169127,4-169127-B-41.wav,chainsaw
validation,gunshot_gunfire__fsd50k__dev__100465__0000__r0.wav,gunshot_gunfire,,FSD50K,dev,100465,100465.wav,gunshot_gunfire
validation,gunshot_gunfire__fsd50k__dev__115295__0001__r0.wav,gunshot_gunfire,,FSD50K,dev,115295,115295.wav,gunshot_gunfire
validation,gunshot_gunfire__fsd50k__dev__128979__0002__r0.wav,gunshot_gunfire,,FSD50K,dev,128979,128979.wav,gunshot_gunfire
validation,gunshot_gunfire__fsd50k__dev__128981__0003__r0.wav,gunshot_gunfire,,FSD50K,dev,128981,128981.wav,gunshot_gunfire
validation,gunshot_gunfire__fsd50k__dev__137034__0004__r0.wav,gunshot_gunfire,,FSD50K,dev,137034,137034.wav,gunshot_gunfire
validation,gunshot_gunfire__fsd50k__dev__138679__0005__r0.wav,gunshot_gunfire,,FSD50K,dev,138679,138679.wav,gunshot_gunfire
validation,gunshot_gunfire__fsd50k__dev__146323__0006__r0.wav,gunshot_gunfire,,FSD50K,dev,146323,146323.wav,gunshot_gunfire
validation,gunshot_gunfire__fsd50k__dev__147317__0007__r0.wav,gunshot_gunfire,,FSD50K,dev,147317,147317.wav,gunshot_gunfire
validation,gunshot_gunfire__fsd50k__dev__147901__0008__r0.wav,gunshot_gunfire,,FSD50K,dev,147901,147901.wav,gunshot_gunfire
validation,gunshot_gunfire__fsd50k__dev__148166__0009__r0.wav,gunshot_gunfire,,FSD50K,dev,148166,148166.wav,gunshot_gunfire
validation,gunshot_gunfire__fsd50k__dev__149177__0010__r0.wav,gunshot_gunfire,,FSD50K,dev,149177,149177.wav,gunshot_gunfire
validation,gunshot_gunfire__fsd50k__dev__150139__0011__r0.wav,gunshot_gunfire,,FSD50K,dev,150139,150139.wav,gunshot_gunfire
validation,gunshot_gunfire__fsd50k__dev__155654__0012__r0.wav,gunshot_gunfire,,FSD50K,dev,155654,155654.wav,gunshot_gunfire
validation,gunshot_gunfire__fsd50k__dev__155790__0013__r0.wav,gunshot_gunfire,,FSD50K,dev,155790,155790.wav,gunshot_gunfire
validation,gunshot_gunfire__fsd50k__dev__156904__0014__r0.wav,gunshot_gunfire,,FSD50K,dev,156904,156904.wav,gunshot_gunfire
validation,gunshot_gunfire__fsd50k__dev__160590__0015__r0.wav,gunshot_gunfire,,FSD50K,dev,160590,160590.wav,gunshot_gunfire
validation,gunshot_gunfire__fsd50k__dev__161195__0016__r0.wav,gunshot_gunfire,,FSD50K,dev,161195,161195.wav,gunshot_gunfire
validation,gunshot_gunfire__fsd50k__dev__161475__0017__r0.wav,gunshot_gunfire,,FSD50K,dev,161475,161475.wav,gunshot_gunfire
validation,gunshot_gunfire__fsd50k__dev__162455__0018__r0.wav,gunshot_gunfire,,FSD50K,dev,162455,162455.wav,gunshot_gunfire
validation,gunshot_gunfire__fsd50k__dev__164020__0019__r0.wav,gunshot_gunfire,,FSD50K,dev,164020,164020.wav,gunshot_gunfire
validation,gunshot_gunfire__fsd50k__dev__165795__0020__r0.wav,gunshot_gunfire,,FSD50K,dev,165795,165795.wav,gunshot_gunfire
validation,gunshot_gunfire__fsd50k__dev__180961__0021__r0.wav,gunshot_gunfire,,FSD50K,dev,180961,180961.wav,gunshot_gunfire
validation,gunshot_gunfire__fsd50k__dev__184651__0022__r0.wav,gunshot_gunfire,,FSD50K,dev,184651,184651.wav,gunshot_gunfire
validation,gunshot_gunfire__fsd50k__dev__187534__0023__r0.wav,gunshot_gunfire,,FSD50K,dev,187534,187534.wav,gunshot_gunfire
validation,gunshot_gunfire__fsd50k__dev__197322__0024__r0.wav,gunshot_gunfire,,FSD50K,dev,197322,197322.wav,gunshot_gunfire
validation,gunshot_gunfire__fsd50k__dev__198952__0025__r0.wav,gunshot_gunfire,,FSD50K,dev,198952,198952.wav,gunshot_gunfire
validation,gunshot_gunfire__fsd50k__dev__201667__0026__r0.wav,gunshot_gunfire,,FSD50K,dev,201667,201667.wav,gunshot_gunfire
validation,gunshot_gunfire__fsd50k__dev__212600__0027__r0.wav,gunshot_gunfire,,FSD50K,dev,212600,212600.wav,gunshot_gunfire
validation,gunshot_gunfire__fsd50k__dev__212602__0028__r0.wav,gunshot_gunfire,,FSD50K,dev,212602,212602.wav,gunshot_gunfire
validation,gunshot_gunfire__fsd50k__dev__217805__0029__r0.wav,gunshot_gunfire,,FSD50K,dev,217805,217805.wav,gunshot_gunfire
validation,gunshot_gunfire__fsd50k__dev__220612__0030__r0.wav,gunshot_gunfire,,FSD50K,dev,220612,220612.wav,gunshot_gunfire
validation,gunshot_gunfire__fsd50k__dev__220613__0031__r0.wav,gunshot_gunfire,,FSD50K,dev,220613,220613.wav,gunshot_gunfire
validation,gunshot_gunfire__fsd50k__dev__221640__0032__r0.wav,gunshot_gunfire,,FSD50K,dev,221640,221640.wav,gunshot_gunfire
validation,gunshot_gunfire__fsd50k__dev__238159__0033__r0.wav,gunshot_gunfire,,FSD50K,dev,238159,238159.wav,gunshot_gunfire
validation,gunshot_gunfire__fsd50k__dev__255216__0034__r0.wav,gunshot_gunfire,,FSD50K,dev,255216,255216.wav,gunshot_gunfire
validation,gunshot_gunfire__fsd50k__dev__257963__0035__r0.wav,gunshot_gunfire,,FSD50K,dev,257963,257963.wav,gunshot_gunfire
validation,gunshot_gunfire__fsd50k__dev__260939__0036__r0.wav,gunshot_gunfire,,FSD50K,dev,260939,260939.wav,gunshot_gunfire
validation,gunshot_gunfire__fsd50k__dev__266105__0037__r0.wav,gunshot_gunfire,,FSD50K,dev,266105,266105.wav,gunshot_gunfire
validation,gunshot_gunfire__fsd50k__dev__273303__0038__r0.wav,gunshot_gunfire,,FSD50K,dev,273303,273303.wav,gunshot_gunfire
validation,gunshot_gunfire__fsd50k__dev__329716__0039__r0.wav,gunshot_gunfire,,FSD50K,dev,329716,329716.wav,gunshot_gunfire
validation,gunshot_gunfire__fsd50k__dev__345844__0040__r0.wav,gunshot_gunfire,,FSD50K,dev,345844,345844.wav,gunshot_gunfire
validation,gunshot_gunfire__fsd50k__dev__350264__0041__r0.wav,gunshot_gunfire,,FSD50K,dev,350264,350264.wav,gunshot_gunfire
validation,gunshot_gunfire__fsd50k__dev__353093__0042__r0.wav,gunshot_gunfire,,FSD50K,dev,353093,353093.wav,gunshot_gunfire
validation,gunshot_gunfire__fsd50k__dev__35799__0043__r0.wav,gunshot_gunfire,,FSD50K,dev,35799,35799.wav,gunshot_gunfire
validation,gunshot_gunfire__fsd50k__dev__35800__0044__r0.wav,gunshot_gunfire,,FSD50K,dev,35800,35800.wav,gunshot_gunfire
validation,gunshot_gunfire__fsd50k__dev__36815__0045__r0.wav,gunshot_gunfire,,FSD50K,dev,36815,36815.wav,gunshot_gunfire
validation,gunshot_gunfire__fsd50k__dev__368736__0046__r0.wav,gunshot_gunfire,,FSD50K,dev,368736,368736.wav,gunshot_gunfire
validation,gunshot_gunfire__fsd50k__dev__368805__0047__r0.wav,gunshot_gunfire,,FSD50K,dev,368805,368805.wav,gunshot_gunfire
validation,gunshot_gunfire__fsd50k__dev__369124__0048__r0.wav,gunshot_gunfire,,FSD50K,dev,369124,369124.wav,gunshot_gunfire
validation,gunshot_gunfire__fsd50k__dev__369126__0049__r0.wav,gunshot_gunfire,,FSD50K,dev,369126,369126.wav,gunshot_gunfire
validation,gunshot_gunfire__fsd50k__dev__369395__0050__r0.wav,gunshot_gunfire,,FSD50K,dev,369395,369395.wav,gunshot_gunfire
validation,gunshot_gunfire__fsd50k__dev__371158__0051__r0.wav,gunshot_gunfire,,FSD50K,dev,371158,371158.wav,gunshot_gunfire
validation,gunshot_gunfire__fsd50k__dev__52593__0052__r0.wav,gunshot_gunfire,,FSD50K,dev,52593,52593.wav,gunshot_gunfire
validation,gunshot_gunfire__fsd50k__dev__89147__0053__r0.wav,gunshot_gunfire,,FSD50K,dev,89147,89147.wav,gunshot_gunfire
validation,screaming__fsd50k__dev__132738__0000__r0.wav,screaming,,FSD50K,dev,132738,132738.wav,screaming
validation,screaming__fsd50k__dev__139086__0001__r0.wav,screaming,,FSD50K,dev,139086,139086.wav,screaming
validation,screaming__fsd50k__dev__139087__0002__r0.wav,screaming,,FSD50K,dev,139087,139087.wav,screaming
validation,screaming__fsd50k__dev__144435__0003__r0.wav,screaming,,FSD50K,dev,144435,144435.wav,screaming
validation,screaming__fsd50k__dev__145801__0004__r0.wav,screaming,,FSD50K,dev,145801,145801.wav,screaming
validation,screaming__fsd50k__dev__149825__0005__r0.wav,screaming,,FSD50K,dev,149825,149825.wav,screaming
validation,screaming__fsd50k__dev__169628__0006__r0.wav,screaming,,FSD50K,dev,169628,169628.wav,screaming
validation,screaming__fsd50k__dev__169810__0007__r0.wav,screaming,,FSD50K,dev,169810,169810.wav,screaming
validation,screaming__fsd50k__dev__169811__0008__r0.wav,screaming,,FSD50K,dev,169811,169811.wav,screaming
validation,screaming__fsd50k__dev__175385__0009__r0.wav,screaming,,FSD50K,dev,175385,175385.wav,screaming
validation,screaming__fsd50k__dev__175389__0010__r0.wav,screaming,,FSD50K,dev,175389,175389.wav,screaming
validation,screaming__fsd50k__dev__178105__0011__r0.wav,screaming,,FSD50K,dev,178105,178105.wav,screaming
validation,screaming__fsd50k__dev__219858__0012__r0.wav,screaming,,FSD50K,dev,219858,219858.wav,screaming
validation,screaming__fsd50k__dev__219868__0013__r0.wav,screaming,,FSD50K,dev,219868,219868.wav,screaming
validation,screaming__fsd50k__dev__219871__0014__r0.wav,screaming,,FSD50K,dev,219871,219871.wav,screaming
validation,screaming__fsd50k__dev__219882__0015__r0.wav,screaming,,FSD50K,dev,219882,219882.wav,screaming
validation,screaming__fsd50k__dev__219883__0016__r0.wav,screaming,,FSD50K,dev,219883,219883.wav,screaming
validation,screaming__fsd50k__dev__220365__0017__r0.wav,screaming,,FSD50K,dev,220365,220365.wav,screaming
validation,screaming__fsd50k__dev__220368__0018__r0.wav,screaming,,FSD50K,dev,220368,220368.wav,screaming
validation,screaming__fsd50k__dev__220617__0019__r0.wav,screaming,,FSD50K,dev,220617,220617.wav,screaming
validation,screaming__fsd50k__dev__220619__0020__r0.wav,screaming,,FSD50K,dev,220619,220619.wav,screaming
validation,screaming__fsd50k__dev__239902__0021__r0.wav,screaming,,FSD50K,dev,239902,239902.wav,screaming
validation,screaming__fsd50k__dev__256494__0022__r0.wav,screaming,,FSD50K,dev,256494,256494.wav,screaming
validation,screaming__fsd50k__dev__27225__0023__r0.wav,screaming,,FSD50K,dev,27225,27225.wav,screaming
validation,screaming__fsd50k__dev__350605__0024__r0.wav,screaming,,FSD50K,dev,350605,350605.wav,screaming
validation,screaming__fsd50k__dev__384213__0025__r0.wav,screaming,,FSD50K,dev,384213,384213.wav,screaming
validation,screaming__fsd50k__dev__391358__0026__r0.wav,screaming,,FSD50K,dev,391358,391358.wav,screaming
validation,screaming__fsd50k__dev__391362__0027__r0.wav,screaming,,FSD50K,dev,391362,391362.wav,screaming
validation,screaming__fsd50k__dev__394282__0028__r0.wav,screaming,,FSD50K,dev,394282,394282.wav,screaming
validation,screaming__fsd50k__dev__395736__0029__r0.wav,screaming,,FSD50K,dev,395736,395736.wav,screaming
validation,screaming__fsd50k__dev__396799__0030__r0.wav,screaming,,FSD50K,dev,396799,396799.wav,screaming
validation,screaming__fsd50k__dev__399675__0031__r0.wav,screaming,,FSD50K,dev,399675,399675.wav,screaming
validation,screaming__fsd50k__dev__403057__0032__r0.wav,screaming,,FSD50K,dev,403057,403057.wav,screaming
validation,screaming__fsd50k__dev__416732__0033__r0.wav,screaming,,FSD50K,dev,416732,416732.wav,screaming
validation,screaming__fsd50k__dev__63632__0034__r0.wav,screaming,,FSD50K,dev,63632,63632.wav,screaming
validation,screaming__fsd50k__dev__63637__0035__r0.wav,screaming,,FSD50K,dev,63637,63637.wav,screaming
validation,screaming__fsd50k__dev__63641__0036__r0.wav,screaming,,FSD50K,dev,63641,63641.wav,screaming
validation,screaming__fsd50k__dev__89362__0037__r0.wav,screaming,,FSD50K,dev,89362,89362.wav,screaming
validation,screaming__fsd50k__dev__9704__0038__r0.wav,screaming,,FSD50K,dev,9704,9704.wav,screaming
validation,screaming__fsd50k__dev__9706__0039__r0.wav,screaming,,FSD50K,dev,9706,9706.wav,screaming
validation,thunderstorm__esc50__fold_4__125070__0000__r0.wav,thunderstorm,,ESC-50,fold_4,125070,4-125070-A-19.wav,thunderstorm
validation,thunderstorm__esc50__fold_4__125071__0001__r0.wav,thunderstorm,,ESC-50,fold_4,125071,4-125071-A-19.wav,thunderstorm
validation,thunderstorm__esc50__fold_4__125072__0002__r0.wav,thunderstorm,,ESC-50,fold_4,125072,4-125072-A-19.wav,thunderstorm
validation,thunderstorm__esc50__fold_4__125072__0003__r0.wav,thunderstorm,,ESC-50,fold_4,125072,4-125072-B-19.wav,thunderstorm
validation,thunderstorm__esc50__fold_4__156993__0004__r0.wav,thunderstorm,,ESC-50,fold_4,156993,4-156993-A-19.wav,thunderstorm
validation,thunderstorm__esc50__fold_4__161519__0005__r0.wav,thunderstorm,,ESC-50,fold_4,161519,4-161519-A-19.wav,thunderstorm
validation,thunderstorm__esc50__fold_4__165813__0006__r0.wav,thunderstorm,,ESC-50,fold_4,165813,4-165813-A-19.wav,thunderstorm
validation,thunderstorm__esc50__fold_4__165813__0007__r0.wav,thunderstorm,,ESC-50,fold_4,165813,4-165813-B-19.wav,thunderstorm
validation,thunderstorm__fsd50k__dev__124587__0008__r0.wav,thunderstorm,,FSD50K,dev,124587,124587.wav,thunderstorm
validation,thunderstorm__fsd50k__dev__125634__0009__r0.wav,thunderstorm,,FSD50K,dev,125634,125634.wav,thunderstorm
validation,thunderstorm__fsd50k__dev__128343__0010__r0.wav,thunderstorm,,FSD50K,dev,128343,128343.wav,thunderstorm
validation,thunderstorm__fsd50k__dev__135104__0011__r0.wav,thunderstorm,,FSD50K,dev,135104,135104.wav,thunderstorm
validation,thunderstorm__fsd50k__dev__155833__0012__r0.wav,thunderstorm,,FSD50K,dev,155833,155833.wav,thunderstorm
validation,thunderstorm__fsd50k__dev__163287__0013__r0.wav,thunderstorm,,FSD50K,dev,163287,163287.wav,thunderstorm
validation,thunderstorm__fsd50k__dev__165299__0014__r0.wav,thunderstorm,,FSD50K,dev,165299,165299.wav,thunderstorm
validation,thunderstorm__fsd50k__dev__165874__0015__r0.wav,thunderstorm,,FSD50K,dev,165874,165874.wav,thunderstorm
validation,thunderstorm__fsd50k__dev__186907__0016__r0.wav,thunderstorm,,FSD50K,dev,186907,186907.wav,thunderstorm
validation,thunderstorm__fsd50k__dev__189794__0017__r0.wav,thunderstorm,,FSD50K,dev,189794,189794.wav,thunderstorm
validation,thunderstorm__fsd50k__dev__191992__0018__r0.wav,thunderstorm,,FSD50K,dev,191992,191992.wav,thunderstorm
validation,thunderstorm__fsd50k__dev__193170__0019__r0.wav,thunderstorm,,FSD50K,dev,193170,193170.wav,thunderstorm
validation,thunderstorm__fsd50k__dev__194849__0020__r0.wav,thunderstorm,,FSD50K,dev,194849,194849.wav,thunderstorm
validation,thunderstorm__fsd50k__dev__195344__0021__r0.wav,thunderstorm,,FSD50K,dev,195344,195344.wav,thunderstorm
validation,thunderstorm__fsd50k__dev__195738__0022__r0.wav,thunderstorm,,FSD50K,dev,195738,195738.wav,thunderstorm
validation,thunderstorm__fsd50k__dev__198496__0023__r0.wav,thunderstorm,,FSD50K,dev,198496,198496.wav,thunderstorm
validation,thunderstorm__fsd50k__dev__203721__0024__r0.wav,thunderstorm,,FSD50K,dev,203721,203721.wav,thunderstorm
validation,thunderstorm__fsd50k__dev__203830__0025__r0.wav,thunderstorm,,FSD50K,dev,203830,203830.wav,thunderstorm
validation,thunderstorm__fsd50k__dev__205832__0026__r0.wav,thunderstorm,,FSD50K,dev,205832,205832.wav,thunderstorm
validation,thunderstorm__fsd50k__dev__210044__0027__r0.wav,thunderstorm,,FSD50K,dev,210044,210044.wav,thunderstorm
validation,thunderstorm__fsd50k__dev__21847__0028__r0.wav,thunderstorm,,FSD50K,dev,21847,21847.wav,thunderstorm
validation,thunderstorm__fsd50k__dev__22033__0029__r0.wav,thunderstorm,,FSD50K,dev,22033,22033.wav,thunderstorm
validation,thunderstorm__fsd50k__dev__222601__0030__r0.wav,thunderstorm,,FSD50K,dev,222601,222601.wav,thunderstorm
validation,thunderstorm__fsd50k__dev__22874__0031__r0.wav,thunderstorm,,FSD50K,dev,22874,22874.wav,thunderstorm
validation,thunderstorm__fsd50k__dev__237519__0032__r0.wav,thunderstorm,,FSD50K,dev,237519,237519.wav,thunderstorm
validation,thunderstorm__fsd50k__dev__242048__0033__r0.wav,thunderstorm,,FSD50K,dev,242048,242048.wav,thunderstorm
validation,thunderstorm__fsd50k__dev__242981__0034__r0.wav,thunderstorm,,FSD50K,dev,242981,242981.wav,thunderstorm
validation,thunderstorm__fsd50k__dev__243757__0035__r0.wav,thunderstorm,,FSD50K,dev,243757,243757.wav,thunderstorm
validation,thunderstorm__fsd50k__dev__243965__0036__r0.wav,thunderstorm,,FSD50K,dev,243965,243965.wav,thunderstorm
validation,thunderstorm__fsd50k__dev__243968__0037__r0.wav,thunderstorm,,FSD50K,dev,243968,243968.wav,thunderstorm
validation,thunderstorm__fsd50k__dev__244693__0038__r0.wav,thunderstorm,,FSD50K,dev,244693,244693.wav,thunderstorm
validation,thunderstorm__fsd50k__dev__248110__0039__r0.wav,thunderstorm,,FSD50K,dev,248110,248110.wav,thunderstorm
validation,thunderstorm__fsd50k__dev__253763__0040__r0.wav,thunderstorm,,FSD50K,dev,253763,253763.wav,thunderstorm
validation,thunderstorm__fsd50k__dev__259316__0041__r0.wav,thunderstorm,,FSD50K,dev,259316,259316.wav,thunderstorm
validation,thunderstorm__fsd50k__dev__29675__0042__r0.wav,thunderstorm,,FSD50K,dev,29675,29675.wav,thunderstorm
validation,thunderstorm__fsd50k__dev__31452__0043__r0.wav,thunderstorm,,FSD50K,dev,31452,31452.wav,thunderstorm
validation,thunderstorm__fsd50k__dev__328391__0044__r0.wav,thunderstorm,,FSD50K,dev,328391,328391.wav,thunderstorm
validation,thunderstorm__fsd50k__dev__33246__0045__r0.wav,thunderstorm,,FSD50K,dev,33246,33246.wav,thunderstorm
validation,thunderstorm__fsd50k__dev__341960__0046__r0.wav,thunderstorm,,FSD50K,dev,341960,341960.wav,thunderstorm
validation,thunderstorm__fsd50k__dev__344434__0047__r0.wav,thunderstorm,,FSD50K,dev,344434,344434.wav,thunderstorm
validation,thunderstorm__fsd50k__dev__344435__0048__r0.wav,thunderstorm,,FSD50K,dev,344435,344435.wav,thunderstorm
validation,thunderstorm__fsd50k__dev__345920__0049__r0.wav,thunderstorm,,FSD50K,dev,345920,345920.wav,thunderstorm
validation,thunderstorm__fsd50k__dev__359151__0050__r0.wav,thunderstorm,,FSD50K,dev,359151,359151.wav,thunderstorm
validation,thunderstorm__fsd50k__dev__363252__0051__r0.wav,thunderstorm,,FSD50K,dev,363252,363252.wav,thunderstorm
validation,thunderstorm__fsd50k__dev__367510__0052__r0.wav,thunderstorm,,FSD50K,dev,367510,367510.wav,thunderstorm
validation,thunderstorm__fsd50k__dev__37299__0053__r0.wav,thunderstorm,,FSD50K,dev,37299,37299.wav,thunderstorm
validation,thunderstorm__fsd50k__dev__37304__0054__r0.wav,thunderstorm,,FSD50K,dev,37304,37304.wav,thunderstorm
validation,thunderstorm__fsd50k__dev__375999__0055__r0.wav,thunderstorm,,FSD50K,dev,375999,375999.wav,thunderstorm
validation,thunderstorm__fsd50k__dev__394070__0056__r0.wav,thunderstorm,,FSD50K,dev,394070,394070.wav,thunderstorm
validation,thunderstorm__fsd50k__dev__394071__0057__r0.wav,thunderstorm,,FSD50K,dev,394071,394071.wav,thunderstorm
validation,thunderstorm__fsd50k__dev__399870__0058__r0.wav,thunderstorm,,FSD50K,dev,399870,399870.wav,thunderstorm
validation,thunderstorm__fsd50k__dev__414050__0059__r0.wav,thunderstorm,,FSD50K,dev,414050,414050.wav,thunderstorm
validation,background_other__esc50__fold_4__4-161100-A-47__0000.wav,background_other,esc50_diverse,ESC-50,fold_4,161100-A,4-161100-A-47.wav,airplane
validation,background_other__esc50__fold_4__4-210000-A-23__0001.wav,background_other,esc50_diverse,ESC-50,fold_4,210000-A,4-210000-A-23.wav,breathing
validation,background_other__esc50__fold_4__4-144468-B-27__0002.wav,background_other,esc50_diverse,ESC-50,fold_4,144468-B,4-144468-B-27.wav,brushing_teeth
validation,background_other__esc50__fold_4__4-216349-A-34__0003.wav,background_other,esc50_diverse,ESC-50,fold_4,216349-A,4-216349-A-34.wav,can_opening
validation,background_other__esc50__fold_4__4-175846-A-43__0004.wav,background_other,esc50_diverse,ESC-50,fold_4,175846-A,4-175846-A-43.wav,car_horn
validation,background_other__esc50__fold_4__4-133047-A-5__0005.wav,background_other,esc50_diverse,ESC-50,fold_4,133047-A,4-133047-A-5.wav,cat
validation,background_other__esc50__fold_4__4-159609-B-14__0006.wav,background_other,esc50_diverse,ESC-50,fold_4,159609-B,4-159609-B-14.wav,chirping_birds
validation,background_other__esc50__fold_4__4-125825-A-46__0007.wav,background_other,esc50_diverse,ESC-50,fold_4,125825-A,4-125825-A-46.wav,church_bells
validation,background_other__esc50__fold_4__4-189838-A-22__0008.wav,background_other,esc50_diverse,ESC-50,fold_4,189838-A,4-189838-A-22.wav,clapping
validation,background_other__esc50__fold_4__4-209536-A-37__0009.wav,background_other,esc50_diverse,ESC-50,fold_4,209536-A,4-209536-A-37.wav,clock_alarm
validation,background_other__esc50__fold_4__4-191327-A-38__0010.wav,background_other,esc50_diverse,ESC-50,fold_4,191327-A,4-191327-A-38.wav,clock_tick
validation,background_other__esc50__fold_4__4-177835-A-24__0011.wav,background_other,esc50_diverse,ESC-50,fold_4,177835-A,4-177835-A-24.wav,coughing
validation,background_other__esc50__fold_4__4-181955-C-3__0012.wav,background_other,esc50_diverse,ESC-50,fold_4,181955-C,4-181955-C-3.wav,cow
validation,background_other__esc50__fold_4__4-181563-A-12__0013.wav,background_other,esc50_diverse,ESC-50,fold_4,181563-A,4-181563-A-12.wav,crackling_fire
validation,background_other__esc50__fold_4__4-163697-A-13__0014.wav,background_other,esc50_diverse,ESC-50,fold_4,163697-A,4-163697-A-13.wav,crickets
validation,background_other__esc50__fold_4__4-159426-A-9__0015.wav,background_other,esc50_diverse,ESC-50,fold_4,159426-A,4-159426-A-9.wav,crow
validation,background_other__esc50__fold_4__4-59579-A-20__0016.wav,background_other,esc50_diverse,ESC-50,fold_4,59579-A,4-59579-A-20.wav,crying_baby
validation,background_other__esc50__fold_4__4-207124-A-0__0017.wav,background_other,esc50_diverse,ESC-50,fold_4,207124-A,4-207124-A-0.wav,dog
validation,background_other__esc50__fold_4__4-132839-A-33__0018.wav,background_other,esc50_diverse,ESC-50,fold_4,132839-A,4-132839-A-33.wav,door_wood_creaks
validation,background_other__esc50__fold_4__4-188878-A-30__0019.wav,background_other,esc50_diverse,ESC-50,fold_4,188878-A,4-188878-A-30.wav,door_wood_knock
validation,background_other__esc50__fold_4__4-204202-A-29__0020.wav,background_other,esc50_diverse,ESC-50,fold_4,204202-A,4-204202-A-29.wav,drinking_sipping
validation,background_other__esc50__fold_4__4-186962-A-44__0021.wav,background_other,esc50_diverse,ESC-50,fold_4,186962-A,4-186962-A-44.wav,engine
validation,background_other__esc50__fold_4__4-119647-B-48__0022.wav,background_other,esc50_diverse,ESC-50,fold_4,119647-B,4-119647-B-48.wav,fireworks
validation,background_other__esc50__fold_4__4-194979-A-25__0023.wav,background_other,esc50_diverse,ESC-50,fold_4,194979-A,4-194979-A-25.wav,footsteps
validation,background_other__esc50__fold_4__4-99193-A-4__0024.wav,background_other,esc50_diverse,ESC-50,fold_4,99193-A,4-99193-A-4.wav,frog
validation,background_other__esc50__fold_4__4-212698-A-39__0025.wav,background_other,esc50_diverse,ESC-50,fold_4,212698-A,4-212698-A-39.wav,glass_breaking
validation,background_other__esc50__fold_4__4-251645-A-49__0026.wav,background_other,esc50_diverse,ESC-50,fold_4,251645-A,4-251645-A-49.wav,hand_saw
validation,background_other__esc50__fold_4__4-193480-A-40__0027.wav,background_other,esc50_diverse,ESC-50,fold_4,193480-A,4-193480-A-40.wav,helicopter
validation,background_other__esc50__fold_4__4-197103-A-6__0028.wav,background_other,esc50_diverse,ESC-50,fold_4,197103-A,4-197103-A-6.wav,hen
validation,background_other__esc50__fold_4__4-143118-A-7__0029.wav,background_other,esc50_diverse,ESC-50,fold_4,143118-A,4-143118-A-7.wav,insects
validation,background_other__esc50__fold_4__4-158653-A-32__0030.wav,background_other,esc50_diverse,ESC-50,fold_4,158653-A,4-158653-A-32.wav,keyboard_typing
validation,background_other__esc50__fold_4__4-155670-A-26__0031.wav,background_other,esc50_diverse,ESC-50,fold_4,155670-A,4-155670-A-26.wav,laughing
validation,background_other__esc50__fold_4__4-204683-A-31__0032.wav,background_other,esc50_diverse,ESC-50,fold_4,204683-A,4-204683-A-31.wav,mouse_click
validation,background_other__esc50__fold_4__4-147240-A-2__0033.wav,background_other,esc50_diverse,ESC-50,fold_4,147240-A,4-147240-A-2.wav,pig
validation,background_other__esc50__fold_4__4-187504-A-17__0034.wav,background_other,esc50_diverse,ESC-50,fold_4,187504-A,4-187504-A-17.wav,pouring_water
validation,background_other__esc50__fold_4__4-163264-A-10__0035.wav,background_other,esc50_diverse,ESC-50,fold_4,163264-A,4-163264-A-10.wav,rain
validation,background_other__esc50__fold_4__4-164064-C-1__0036.wav,background_other,esc50_diverse,ESC-50,fold_4,164064-C,4-164064-C-1.wav,rooster
validation,background_other__esc50__fold_4__4-167063-B-11__0037.wav,background_other,esc50_diverse,ESC-50,fold_4,167063-B,4-167063-B-11.wav,sea_waves
validation,background_other__esc50__fold_4__4-188703-D-8__0038.wav,background_other,esc50_diverse,ESC-50,fold_4,188703-D,4-188703-D-8.wav,sheep
validation,background_other__esc50__fold_4__4-184434-A-21__0039.wav,background_other,esc50_diverse,ESC-50,fold_4,184434-A,4-184434-A-21.wav,sneezing
validation,background_other__esc50__fold_4__4-197454-B-28__0040.wav,background_other,esc50_diverse,ESC-50,fold_4,197454-B,4-197454-B-28.wav,snoring
validation,background_other__esc50__fold_4__4-141365-A-18__0041.wav,background_other,esc50_diverse,ESC-50,fold_4,141365-A,4-141365-A-18.wav,toilet_flush
validation,background_other__esc50__fold_4__4-165791-A-45__0042.wav,background_other,esc50_diverse,ESC-50,fold_4,165791-A,4-165791-A-45.wav,train
validation,background_other__esc50__fold_4__4-172734-A-36__0043.wav,background_other,esc50_diverse,ESC-50,fold_4,172734-A,4-172734-A-36.wav,vacuum_cleaner
validation,background_other__esc50__fold_4__4-218199-C-35__0044.wav,background_other,esc50_diverse,ESC-50,fold_4,218199-C,4-218199-C-35.wav,washing_machine
validation,background_other__esc50__fold_4__4-197871-A-15__0045.wav,background_other,esc50_diverse,ESC-50,fold_4,197871-A,4-197871-A-15.wav,water_drops
validation,background_other__esc50__fold_4__4-163609-A-16__0046.wav,background_other,esc50_diverse,ESC-50,fold_4,163609-A,4-163609-A-16.wav,wind
validation,background_other__esc50__fold_4__4-161103-A-47__0047.wav,background_other,esc50_diverse,ESC-50,fold_4,161103-A,4-161103-A-47.wav,airplane
validation,background_other__esc50__fold_4__4-198025-A-23__0048.wav,background_other,esc50_diverse,ESC-50,fold_4,198025-A,4-198025-A-23.wav,breathing
validation,background_other__esc50__fold_4__4-172500-A-27__0049.wav,background_other,esc50_diverse,ESC-50,fold_4,172500-A,4-172500-A-27.wav,brushing_teeth
validation,background_other__esc50__fold_4__4-187384-A-34__0050.wav,background_other,esc50_diverse,ESC-50,fold_4,187384-A,4-187384-A-34.wav,can_opening
validation,background_other__esc50__fold_4__4-175855-A-43__0051.wav,background_other,esc50_diverse,ESC-50,fold_4,175855-A,4-175855-A-43.wav,car_horn
validation,background_other__esc50__fold_4__4-149940-B-5__0052.wav,background_other,esc50_diverse,ESC-50,fold_4,149940-B,4-149940-B-5.wav,cat
validation,background_other__esc50__fold_4__4-187769-B-14__0053.wav,background_other,esc50_diverse,ESC-50,fold_4,187769-B,4-187769-B-14.wav,chirping_birds
validation,background_other__esc50__fold_4__4-147658-A-46__0054.wav,background_other,esc50_diverse,ESC-50,fold_4,147658-A,4-147658-A-46.wav,church_bells
validation,background_other__esc50__fold_4__4-189832-B-22__0055.wav,background_other,esc50_diverse,ESC-50,fold_4,189832-B,4-189832-B-22.wav,clapping
validation,background_other__esc50__fold_4__4-198841-A-37__0056.wav,background_other,esc50_diverse,ESC-50,fold_4,198841-A,4-198841-A-37.wav,clock_alarm
validation,background_other__esc50__fold_4__4-179984-A-38__0057.wav,background_other,esc50_diverse,ESC-50,fold_4,179984-A,4-179984-A-38.wav,clock_tick
validation,background_other__esc50__fold_4__4-169726-A-24__0058.wav,background_other,esc50_diverse,ESC-50,fold_4,169726-A,4-169726-A-24.wav,coughing
validation,background_other__esc50__fold_4__4-213915-B-3__0059.wav,background_other,esc50_diverse,ESC-50,fold_4,213915-B,4-213915-B-3.wav,cow
validation,background_other__fsd50k__val__speech__60689__0000.wav,background_other,fsd50k_speech,FSD50K,val,60689,60689.wav,"Crowd,Speech,Human_voice,Human_group_actions"
validation,background_other__fsd50k__val__speech__87703__0001.wav,background_other,fsd50k_speech,FSD50K,val,87703,87703.wav,"Male_speech_and_man_speaking,Speech,Human_voice"
validation,background_other__fsd50k__val__speech__87704__0002.wav,background_other,fsd50k_speech,FSD50K,val,87704,87704.wav,"Male_speech_and_man_speaking,Speech,Human_voice"
validation,background_other__fsd50k__val__speech__90177__0003.wav,background_other,fsd50k_speech,FSD50K,val,90177,90177.wav,"Chatter,Human_group_actions"
validation,background_other__fsd50k__val__speech__258371__0004.wav,background_other,fsd50k_speech,FSD50K,val,258371,258371.wav,"Male_speech_and_man_speaking,Female_speech_and_woman_speaking,Conversation,Speech,Human_voice"
validation,background_other__fsd50k__val__speech__371385__0005.wav,background_other,fsd50k_speech,FSD50K,val,371385,371385.wav,"Male_speech_and_man_speaking,Speech,Human_voice"
validation,background_other__fsd50k__val__speech__257344__0006.wav,background_other,fsd50k_speech,FSD50K,val,257344,257344.wav,"Whispering,Speech,Human_voice"
validation,background_other__fsd50k__val__speech__259674__0007.wav,background_other,fsd50k_speech,FSD50K,val,259674,259674.wav,"Male_speech_and_man_speaking,Tick,Speech,Human_voice"
validation,background_other__fsd50k__val__speech__219772__0008.wav,background_other,fsd50k_speech,FSD50K,val,219772,219772.wav,"Female_speech_and_woman_speaking,Speech,Human_voice"
validation,background_other__fsd50k__val__speech__379393__0009.wav,background_other,fsd50k_speech,FSD50K,val,379393,379393.wav,"Speech_synthesizer,Child_speech_and_kid_speaking,Speech,Human_voice"
validation,background_other__fsd50k__val__speech__220372__0010.wav,background_other,fsd50k_speech,FSD50K,val,220372,220372.wav,"Speech_synthesizer,Speech,Human_voice"
validation,background_other__fsd50k__val__speech__174955__0011.wav,background_other,fsd50k_speech,FSD50K,val,174955,174955.wav,"Speech,Human_voice"
validation,background_other__fsd50k__val__speech__19199__0012.wav,background_other,fsd50k_speech,FSD50K,val,19199,19199.wav,"Whispering,Human_voice"
validation,background_other__fsd50k__val__speech__12712__0013.wav,background_other,fsd50k_speech,FSD50K,val,12712,12712.wav,"Whispering,Human_voice"
validation,background_other__fsd50k__val__speech__174948__0014.wav,background_other,fsd50k_speech,FSD50K,val,174948,174948.wav,"Speech,Human_voice"
validation,background_other__fsd50k__val__speech__411018__0015.wav,background_other,fsd50k_speech,FSD50K,val,411018,411018.wav,"Female_speech_and_woman_speaking,Singing,Speech,Human_voice"
validation,background_other__fsd50k__val__speech__255880__0016.wav,background_other,fsd50k_speech,FSD50K,val,255880,255880.wav,"Whispering,Human_voice"
validation,background_other__fsd50k__val__speech__256860__0017.wav,background_other,fsd50k_speech,FSD50K,val,256860,256860.wav,"Male_speech_and_man_speaking,Speech,Human_voice"
validation,background_other__fsd50k__val__speech__243820__0018.wav,background_other,fsd50k_speech,FSD50K,val,243820,243820.wav,"Speech,Human_voice"
validation,background_other__fsd50k__val__speech__398341__0019.wav,background_other,fsd50k_speech,FSD50K,val,398341,398341.wav,"Male_speech_and_man_speaking,Stream,Splash_and_splatter,Speech,Human_voice,Water,Liquid"
validation,background_other__fsd50k__val__speech__246318__0020.wav,background_other,fsd50k_speech,FSD50K,val,246318,246318.wav,"Male_speech_and_man_speaking,Speech_synthesizer,Speech,Human_voice"
validation,background_other__fsd50k__val__speech__189490__0021.wav,background_other,fsd50k_speech,FSD50K,val,189490,189490.wav,"Male_speech_and_man_speaking,Speech,Human_voice"
validation,background_other__fsd50k__val__speech__189488__0022.wav,background_other,fsd50k_speech,FSD50K,val,189488,189488.wav,"Male_speech_and_man_speaking,Speech,Human_voice"
validation,background_other__fsd50k__val__speech__277594__0023.wav,background_other,fsd50k_speech,FSD50K,val,277594,277594.wav,"Female_speech_and_woman_speaking,Chuckle_and_chortle,Speech,Human_voice,Laughter"
validation,background_other__fsd50k__val__music__96557__0000.wav,background_other,fsd50k_music,FSD50K,val,96557,96557.wav,"Bass_guitar,Guitar,Plucked_string_instrument,Musical_instrument,Music"
validation,background_other__fsd50k__val__music__181351__0001.wav,background_other,fsd50k_music,FSD50K,val,181351,181351.wav,"Male_singing,Singing,Human_voice"
validation,background_other__fsd50k__val__music__52219__0002.wav,background_other,fsd50k_music,FSD50K,val,52219,52219.wav,"Tambourine,Percussion,Musical_instrument,Music"
validation,background_other__fsd50k__val__music__165832__0003.wav,background_other,fsd50k_music,FSD50K,val,165832,165832.wav,"Wind_instrument_and_woodwind_instrument,Musical_instrument,Music"
validation,background_other__fsd50k__val__music__377358__0004.wav,background_other,fsd50k_music,FSD50K,val,377358,377358.wav,"Hi-hat,Cymbal,Percussion,Musical_instrument,Music"
validation,background_other__fsd50k__val__music__7265__0005.wav,background_other,fsd50k_music,FSD50K,val,7265,7265.wav,"Organ,Keyboard_(musical),Musical_instrument,Music"
validation,background_other__fsd50k__val__music__160710__0006.wav,background_other,fsd50k_music,FSD50K,val,160710,160710.wav,"Snare_drum,Drum,Percussion,Musical_instrument,Music"
validation,background_other__fsd50k__val__music__149895__0007.wav,background_other,fsd50k_music,FSD50K,val,149895,149895.wav,"Bowed_string_instrument,Musical_instrument,Music"
validation,background_other__fsd50k__val__music__754__0008.wav,background_other,fsd50k_music,FSD50K,val,754,754.wav,"Bowed_string_instrument,Musical_instrument,Music"
validation,background_other__fsd50k__val__music__428237__0009.wav,background_other,fsd50k_music,FSD50K,val,428237,428237.wav,"Piano,Keyboard_(musical),Musical_instrument,Music"
validation,background_other__fsd50k__val__music__186509__0010.wav,background_other,fsd50k_music,FSD50K,val,186509,186509.wav,"Marimba_and_xylophone,Keyboard_(musical),Musical_instrument,Music,Mallet_percussion,Percussion"
validation,background_other__fsd50k__val__music__420945__0011.wav,background_other,fsd50k_music,FSD50K,val,420945,420945.wav,"Electric_guitar,Guitar,Plucked_string_instrument,Musical_instrument,Music"
validation,background_other__fsd50k__val__human_non_speech__241721__0000.wav,background_other,fsd50k_human_non_speech,FSD50K,val,241721,241721.wav,"Walk_and_footsteps,Car_passing_by,Engine,Car,Motor_vehicle_(road),Vehicle"
validation,background_other__fsd50k__val__human_non_speech__339954__0001.wav,background_other,fsd50k_human_non_speech,FSD50K,val,339954,339954.wav,"Applause,Human_group_actions"
validation,background_other__fsd50k__val__human_non_speech__109596__0002.wav,background_other,fsd50k_human_non_speech,FSD50K,val,109596,109596.wav,Fart
validation,background_other__fsd50k__val__human_non_speech__207829__0003.wav,background_other,fsd50k_human_non_speech,FSD50K,val,207829,207829.wav,"Cough,Respiratory_sounds"
validation,background_other__fsd50k__val__human_non_speech__198938__0004.wav,background_other,fsd50k_human_non_speech,FSD50K,val,198938,198938.wav,"Applause,Human_group_actions"
validation,background_other__fsd50k__val__human_non_speech__412310__0005.wav,background_other,fsd50k_human_non_speech,FSD50K,val,412310,412310.wav,Chewing_and_mastication
validation,background_other__fsd50k__val__human_non_speech__196091__0006.wav,background_other,fsd50k_human_non_speech,FSD50K,val,196091,196091.wav,"Applause,Human_group_actions"
validation,background_other__fsd50k__val__human_non_speech__108926__0007.wav,background_other,fsd50k_human_non_speech,FSD50K,val,108926,108926.wav,Burping_and_eructation
validation,background_other__fsd50k__val__hard_negative__48980__0000.wav,background_other,fsd50k_hard_negative,FSD50K,val,48980,48980.wav,"Slam,Door,Domestic_sounds_and_home_sounds"
validation,background_other__fsd50k__val__hard_negative__34805__0001.wav,background_other,fsd50k_hard_negative,FSD50K,val,34805,34805.wav,Bell
validation,background_other__fsd50k__val__hard_negative__197866__0002.wav,background_other,fsd50k_hard_negative,FSD50K,val,197866,197866.wav,"Cutlery_and_silverware,Knock,Domestic_sounds_and_home_sounds,Door"
validation,background_other__fsd50k__val__hard_negative__201589__0003.wav,background_other,fsd50k_hard_negative,FSD50K,val,201589,201589.wav,"Typewriter,Bell,Typing,Domestic_sounds_and_home_sounds"
validation,background_other__fsd50k__val__hard_negative__132340__0004.wav,background_other,fsd50k_hard_negative,FSD50K,val,132340,132340.wav,"Tick-tock,Alarm,Clock,Mechanisms"
validation,background_other__fsd50k__val__hard_negative__268126__0005.wav,background_other,fsd50k_hard_negative,FSD50K,val,268126,268126.wav,"Knock,Door,Domestic_sounds_and_home_sounds"
validation,background_other__fsd50k__val__hard_negative__170243__0006.wav,background_other,fsd50k_hard_negative,FSD50K,val,170243,170243.wav,"Vehicle_horn_and_car_horn_and_honking,Car,Motor_vehicle_(road),Vehicle,Alarm"
validation,background_other__fsd50k__val__hard_negative__70058__0007.wav,background_other,fsd50k_hard_negative,FSD50K,val,70058,70058.wav,"Cowbell,Livestock_and_farm_animals_and_working_animals,Bell,Animal"
validation,background_other__fsd50k__val__general__331702__0000.wav,background_other,fsd50k_general,FSD50K,val,331702,331702.wav,"Stream,Water"
validation,background_other__fsd50k__val__general__171037__0001.wav,background_other,fsd50k_general,FSD50K,val,171037,171037.wav,"Livestock_and_farm_animals_and_working_animals,Animal"
validation,background_other__fsd50k__val__general__353953__0002.wav,background_other,fsd50k_general,FSD50K,val,353953,353953.wav,"Traffic_noise_and_roadway_noise,Wind,Motor_vehicle_(road),Vehicle"
validation,background_other__fsd50k__val__general__391942__0003.wav,background_other,fsd50k_general,FSD50K,val,391942,391942.wav,"Coin_(dropping),Domestic_sounds_and_home_sounds"
validation,background_other__fsd50k__val__general__106731__0004.wav,background_other,fsd50k_general,FSD50K,val,106731,106731.wav,"Purr,Cat,Domestic_animals_and_pets,Animal"
validation,background_other__fsd50k__val__general__368470__0005.wav,background_other,fsd50k_general,FSD50K,val,368470,368470.wav,Wind
validation,background_other__fsd50k__val__general__107931__0006.wav,background_other,fsd50k_general,FSD50K,val,107931,107931.wav,"Bus,Human_voice,Motor_vehicle_(road),Vehicle"
validation,background_other__fsd50k__val__general__47388__0007.wav,background_other,fsd50k_general,FSD50K,val,47388,47388.wav,"Raindrop,Drip,Rain,Water,Liquid"
