dataset_role,filename,category,background_group,source_dataset,source_partition,source_id,source_filename,source_labels,source_title,source_uploader,license_url,selection_reason,source_group,baseline_hardest_class,baseline_hardness_score,candidate_filename,excerpt_start_s,excerpt_duration_s
train,dog_bark__esc50__fold_1__100032__0000__r0.wav,dog_bark,,ESC-50,fold_1,100032,1-100032-A-0.wav,dog_bark,,,,unchanged_from_hazard5v3s,esc-50:100032,,,,,
train,dog_bark__esc50__fold_1__110389__0001__r0.wav,dog_bark,,ESC-50,fold_1,110389,1-110389-A-0.wav,dog_bark,,,,unchanged_from_hazard5v3s,esc-50:110389,,,,,
train,dog_bark__esc50__fold_1__30226__0002__r0.wav,dog_bark,,ESC-50,fold_1,30226,1-30226-A-0.wav,dog_bark,,,,unchanged_from_hazard5v3s,esc-50:30226,,,,,
train,dog_bark__esc50__fold_1__30344__0003__r0.wav,dog_bark,,ESC-50,fold_1,30344,1-30344-A-0.wav,dog_bark,,,,unchanged_from_hazard5v3s,esc-50:30344,,,,,
train,dog_bark__esc50__fold_1__32318__0004__r0.wav,dog_bark,,ESC-50,fold_1,32318,1-32318-A-0.wav,dog_bark,,,,unchanged_from_hazard5v3s,esc-50:32318,,,,,
train,dog_bark__esc50__fold_1__59513__0005__r0.wav,dog_bark,,ESC-50,fold_1,59513,1-59513-A-0.wav,dog_bark,,,,unchanged_from_hazard5v3s,esc-50:59513,,,,,
train,dog_bark__esc50__fold_1__85362__0006__r0.wav,dog_bark,,ESC-50,fold_1,85362,1-85362-A-0.wav,dog_bark,,,,unchanged_from_hazard5v3s,esc-50:85362,,,,,
train,dog_bark__esc50__fold_1__97392__0007__r0.wav,dog_bark,,ESC-50,fold_1,97392,1-97392-A-0.wav,dog_bark,,,,unchanged_from_hazard5v3s,esc-50:97392,,,,,
train,dog_bark__esc50__fold_2__114280__0008__r0.wav,dog_bark,,ESC-50,fold_2,114280,2-114280-A-0.wav,dog_bark,,,,unchanged_from_hazard5v3s,esc-50:114280,,,,,
train,dog_bark__esc50__fold_2__114587__0009__r0.wav,dog_bark,,ESC-50,fold_2,114587,2-114587-A-0.wav,dog_bark,,,,unchanged_from_hazard5v3s,esc-50:114587,,,,,
train,dog_bark__esc50__fold_2__116400__0010__r0.wav,dog_bark,,ESC-50,fold_2,116400,2-116400-A-0.wav,dog_bark,,,,unchanged_from_hazard5v3s,esc-50:116400,,,,,
train,dog_bark__esc50__fold_2__117271__0011__r0.wav,dog_bark,,ESC-50,fold_2,117271,2-117271-A-0.wav,dog_bark,,,,unchanged_from_hazard5v3s,esc-50:117271,,,,,
train,dog_bark__esc50__fold_2__118072__0012__r0.wav,dog_bark,,ESC-50,fold_2,118072,2-118072-A-0.wav,dog_bark,,,,unchanged_from_hazard5v3s,esc-50:118072,,,,,
train,dog_bark__esc50__fold_2__118964__0013__r0.wav,dog_bark,,ESC-50,fold_2,118964,2-118964-A-0.wav,dog_bark,,,,unchanged_from_hazard5v3s,esc-50:118964,,,,,
train,dog_bark__esc50__fold_2__122104__0014__r0.wav,dog_bark,,ESC-50,fold_2,122104,2-122104-A-0.wav,dog_bark,,,,unchanged_from_hazard5v3s,esc-50:122104,,,,,
train,dog_bark__esc50__fold_2__122104__0015__r0.wav,dog_bark,,ESC-50,fold_2,122104,2-122104-B-0.wav,dog_bark,,,,unchanged_from_hazard5v3s,esc-50:122104,,,,,
train,dog_bark__esc50__fold_3__136288__0016__r0.wav,dog_bark,,ESC-50,fold_3,136288,3-136288-A-0.wav,dog_bark,,,,unchanged_from_hazard5v3s,esc-50:136288,,,,,
train,dog_bark__esc50__fold_3__144028__0017__r0.wav,dog_bark,,ESC-50,fold_3,144028,3-144028-A-0.wav,dog_bark,,,,unchanged_from_hazard5v3s,esc-50:144028,,,,,
train,dog_bark__esc50__fold_3__155312__0018__r0.wav,dog_bark,,ESC-50,fold_3,155312,3-155312-A-0.wav,dog_bark,,,,unchanged_from_hazard5v3s,esc-50:155312,,,,,
train,dog_bark__esc50__fold_3__157695__0019__r0.wav,dog_bark,,ESC-50,fold_3,157695,3-157695-A-0.wav,dog_bark,,,,unchanged_from_hazard5v3s,esc-50:157695,,,,,
train,dog_bark__esc50__fold_3__163459__0020__r0.wav,dog_bark,,ESC-50,fold_3,163459,3-163459-A-0.wav,dog_bark,,,,unchanged_from_hazard5v3s,esc-50:163459,,,,,
train,dog_bark__esc50__fold_3__170015__0021__r0.wav,dog_bark,,ESC-50,fold_3,170015,3-170015-A-0.wav,dog_bark,,,,unchanged_from_hazard5v3s,esc-50:170015,,,,,
train,dog_bark__esc50__fold_3__180256__0022__r0.wav,dog_bark,,ESC-50,fold_3,180256,3-180256-A-0.wav,dog_bark,,,,unchanged_from_hazard5v3s,esc-50:180256,,,,,
train,dog_bark__esc50__fold_3__180977__0023__r0.wav,dog_bark,,ESC-50,fold_3,180977,3-180977-A-0.wav,dog_bark,,,,unchanged_from_hazard5v3s,esc-50:180977,,,,,
train,dog_bark__fsd50k__dev__114280__0024__r0.wav,dog_bark,,FSD50K,dev,114280,114280.wav,dog_bark,,,,unchanged_from_hazard5v3s,freesound:114280,,,,,
train,dog_bark__fsd50k__dev__118961__0025__r0.wav,dog_bark,,FSD50K,dev,118961,118961.wav,dog_bark,,,,unchanged_from_hazard5v3s,freesound:118961,,,,,
train,dog_bark__fsd50k__dev__118962__0026__r0.wav,dog_bark,,FSD50K,dev,118962,118962.wav,dog_bark,,,,unchanged_from_hazard5v3s,freesound:118962,,,,,
train,dog_bark__fsd50k__dev__118963__0027__r0.wav,dog_bark,,FSD50K,dev,118963,118963.wav,dog_bark,,,,unchanged_from_hazard5v3s,freesound:118963,,,,,
train,dog_bark__fsd50k__dev__118964__0028__r0.wav,dog_bark,,FSD50K,dev,118964,118964.wav,dog_bark,,,,unchanged_from_hazard5v3s,freesound:118964,,,,,
train,dog_bark__fsd50k__dev__125554__0029__r0.wav,dog_bark,,FSD50K,dev,125554,125554.wav,dog_bark,,,,unchanged_from_hazard5v3s,freesound:125554,,,,,
train,dog_bark__fsd50k__dev__125574__0030__r0.wav,dog_bark,,FSD50K,dev,125574,125574.wav,dog_bark,,,,unchanged_from_hazard5v3s,freesound:125574,,,,,
train,dog_bark__fsd50k__dev__130030__0031__r0.wav,dog_bark,,FSD50K,dev,130030,130030.wav,dog_bark,,,,unchanged_from_hazard5v3s,freesound:130030,,,,,
train,dog_bark__fsd50k__dev__137803__0032__r0.wav,dog_bark,,FSD50K,dev,137803,137803.wav,dog_bark,,,,unchanged_from_hazard5v3s,freesound:137803,,,,,
train,dog_bark__fsd50k__dev__155309__0033__r0.wav,dog_bark,,FSD50K,dev,155309,155309.wav,dog_bark,,,,unchanged_from_hazard5v3s,freesound:155309,,,,,
train,dog_bark__fsd50k__dev__155311__0034__r0.wav,dog_bark,,FSD50K,dev,155311,155311.wav,dog_bark,,,,unchanged_from_hazard5v3s,freesound:155311,,,,,
train,dog_bark__fsd50k__dev__155312__0035__r0.wav,dog_bark,,FSD50K,dev,155312,155312.wav,dog_bark,,,,unchanged_from_hazard5v3s,freesound:155312,,,,,
train,dog_bark__fsd50k__dev__155317__0036__r0.wav,dog_bark,,FSD50K,dev,155317,155317.wav,dog_bark,,,,unchanged_from_hazard5v3s,freesound:155317,,,,,
train,dog_bark__fsd50k__dev__156418__0037__r0.wav,dog_bark,,FSD50K,dev,156418,156418.wav,dog_bark,,,,unchanged_from_hazard5v3s,freesound:156418,,,,,
train,dog_bark__fsd50k__dev__157322__0038__r0.wav,dog_bark,,FSD50K,dev,157322,157322.wav,dog_bark,,,,unchanged_from_hazard5v3s,freesound:157322,,,,,
train,dog_bark__fsd50k__dev__160092__0039__r0.wav,dog_bark,,FSD50K,dev,160092,160092.wav,dog_bark,,,,unchanged_from_hazard5v3s,freesound:160092,,,,,
train,dog_bark__fsd50k__dev__160093__0040__r0.wav,dog_bark,,FSD50K,dev,160093,160093.wav,dog_bark,,,,unchanged_from_hazard5v3s,freesound:160093,,,,,
train,dog_bark__fsd50k__dev__160094__0041__r0.wav,dog_bark,,FSD50K,dev,160094,160094.wav,dog_bark,,,,unchanged_from_hazard5v3s,freesound:160094,,,,,
train,dog_bark__fsd50k__dev__164311__0042__r0.wav,dog_bark,,FSD50K,dev,164311,164311.wav,dog_bark,,,,unchanged_from_hazard5v3s,freesound:164311,,,,,
train,dog_bark__fsd50k__dev__164488__0043__r0.wav,dog_bark,,FSD50K,dev,164488,164488.wav,dog_bark,,,,unchanged_from_hazard5v3s,freesound:164488,,,,,
train,dog_bark__fsd50k__dev__179096__0044__r0.wav,dog_bark,,FSD50K,dev,179096,179096.wav,dog_bark,,,,unchanged_from_hazard5v3s,freesound:179096,,,,,
train,dog_bark__fsd50k__dev__183992__0045__r0.wav,dog_bark,,FSD50K,dev,183992,183992.wav,dog_bark,,,,unchanged_from_hazard5v3s,freesound:183992,,,,,
train,dog_bark__fsd50k__dev__184725__0046__r0.wav,dog_bark,,FSD50K,dev,184725,184725.wav,dog_bark,,,,unchanged_from_hazard5v3s,freesound:184725,,,,,
train,dog_bark__fsd50k__dev__193394__0047__r0.wav,dog_bark,,FSD50K,dev,193394,193394.wav,dog_bark,,,,unchanged_from_hazard5v3s,freesound:193394,,,,,
train,dog_bark__fsd50k__dev__194753__0048__r0.wav,dog_bark,,FSD50K,dev,194753,194753.wav,dog_bark,,,,unchanged_from_hazard5v3s,freesound:194753,,,,,
train,dog_bark__fsd50k__dev__194754__0049__r0.wav,dog_bark,,FSD50K,dev,194754,194754.wav,dog_bark,,,,unchanged_from_hazard5v3s,freesound:194754,,,,,
train,dog_bark__fsd50k__dev__234030__0050__r0.wav,dog_bark,,FSD50K,dev,234030,234030.wav,dog_bark,,,,unchanged_from_hazard5v3s,freesound:234030,,,,,
train,dog_bark__fsd50k__dev__235864__0051__r0.wav,dog_bark,,FSD50K,dev,235864,235864.wav,dog_bark,,,,unchanged_from_hazard5v3s,freesound:235864,,,,,
train,dog_bark__fsd50k__dev__235865__0052__r0.wav,dog_bark,,FSD50K,dev,235865,235865.wav,dog_bark,,,,unchanged_from_hazard5v3s,freesound:235865,,,,,
train,dog_bark__fsd50k__dev__235867__0053__r0.wav,dog_bark,,FSD50K,dev,235867,235867.wav,dog_bark,,,,unchanged_from_hazard5v3s,freesound:235867,,,,,
train,dog_bark__fsd50k__dev__235869__0054__r0.wav,dog_bark,,FSD50K,dev,235869,235869.wav,dog_bark,,,,unchanged_from_hazard5v3s,freesound:235869,,,,,
train,dog_bark__fsd50k__dev__235871__0055__r0.wav,dog_bark,,FSD50K,dev,235871,235871.wav,dog_bark,,,,unchanged_from_hazard5v3s,freesound:235871,,,,,
train,dog_bark__fsd50k__dev__235872__0056__r0.wav,dog_bark,,FSD50K,dev,235872,235872.wav,dog_bark,,,,unchanged_from_hazard5v3s,freesound:235872,,,,,
train,dog_bark__fsd50k__dev__235884__0057__r0.wav,dog_bark,,FSD50K,dev,235884,235884.wav,dog_bark,,,,unchanged_from_hazard5v3s,freesound:235884,,,,,
train,dog_bark__fsd50k__dev__235885__0058__r0.wav,dog_bark,,FSD50K,dev,235885,235885.wav,dog_bark,,,,unchanged_from_hazard5v3s,freesound:235885,,,,,
train,dog_bark__fsd50k__dev__235886__0059__r0.wav,dog_bark,,FSD50K,dev,235886,235886.wav,dog_bark,,,,unchanged_from_hazard5v3s,freesound:235886,,,,,
train,dog_bark__fsd50k__dev__235890__0060__r0.wav,dog_bark,,FSD50K,dev,235890,235890.wav,dog_bark,,,,unchanged_from_hazard5v3s,freesound:235890,,,,,
train,dog_bark__fsd50k__dev__236011__0061__r0.wav,dog_bark,,FSD50K,dev,236011,236011.wav,dog_bark,,,,unchanged_from_hazard5v3s,freesound:236011,,,,,
train,dog_bark__fsd50k__dev__236013__0062__r0.wav,dog_bark,,FSD50K,dev,236013,236013.wav,dog_bark,,,,unchanged_from_hazard5v3s,freesound:236013,,,,,
train,dog_bark__fsd50k__dev__236016__0063__r0.wav,dog_bark,,FSD50K,dev,236016,236016.wav,dog_bark,,,,unchanged_from_hazard5v3s,freesound:236016,,,,,
train,dog_bark__fsd50k__dev__236017__0064__r0.wav,dog_bark,,FSD50K,dev,236017,236017.wav,dog_bark,,,,unchanged_from_hazard5v3s,freesound:236017,,,,,
train,dog_bark__fsd50k__dev__236018__0065__r0.wav,dog_bark,,FSD50K,dev,236018,236018.wav,dog_bark,,,,unchanged_from_hazard5v3s,freesound:236018,,,,,
train,dog_bark__fsd50k__dev__236019__0066__r0.wav,dog_bark,,FSD50K,dev,236019,236019.wav,dog_bark,,,,unchanged_from_hazard5v3s,freesound:236019,,,,,
train,dog_bark__fsd50k__dev__236020__0067__r0.wav,dog_bark,,FSD50K,dev,236020,236020.wav,dog_bark,,,,unchanged_from_hazard5v3s,freesound:236020,,,,,
train,dog_bark__fsd50k__dev__236021__0068__r0.wav,dog_bark,,FSD50K,dev,236021,236021.wav,dog_bark,,,,unchanged_from_hazard5v3s,freesound:236021,,,,,
train,dog_bark__fsd50k__dev__236022__0069__r0.wav,dog_bark,,FSD50K,dev,236022,236022.wav,dog_bark,,,,unchanged_from_hazard5v3s,freesound:236022,,,,,
train,dog_bark__fsd50k__dev__236025__0070__r0.wav,dog_bark,,FSD50K,dev,236025,236025.wav,dog_bark,,,,unchanged_from_hazard5v3s,freesound:236025,,,,,
train,dog_bark__fsd50k__dev__236026__0071__r0.wav,dog_bark,,FSD50K,dev,236026,236026.wav,dog_bark,,,,unchanged_from_hazard5v3s,freesound:236026,,,,,
train,dog_bark__fsd50k__dev__236027__0072__r0.wav,dog_bark,,FSD50K,dev,236027,236027.wav,dog_bark,,,,unchanged_from_hazard5v3s,freesound:236027,,,,,
train,dog_bark__fsd50k__dev__236028__0073__r0.wav,dog_bark,,FSD50K,dev,236028,236028.wav,dog_bark,,,,unchanged_from_hazard5v3s,freesound:236028,,,,,
train,dog_bark__fsd50k__dev__236029__0074__r0.wav,dog_bark,,FSD50K,dev,236029,236029.wav,dog_bark,,,,unchanged_from_hazard5v3s,freesound:236029,,,,,
train,dog_bark__fsd50k__dev__236030__0075__r0.wav,dog_bark,,FSD50K,dev,236030,236030.wav,dog_bark,,,,unchanged_from_hazard5v3s,freesound:236030,,,,,
train,dog_bark__fsd50k__dev__236031__0076__r0.wav,dog_bark,,FSD50K,dev,236031,236031.wav,dog_bark,,,,unchanged_from_hazard5v3s,freesound:236031,,,,,
train,dog_bark__fsd50k__dev__236032__0077__r0.wav,dog_bark,,FSD50K,dev,236032,236032.wav,dog_bark,,,,unchanged_from_hazard5v3s,freesound:236032,,,,,
train,dog_bark__fsd50k__dev__236034__0078__r0.wav,dog_bark,,FSD50K,dev,236034,236034.wav,dog_bark,,,,unchanged_from_hazard5v3s,freesound:236034,,,,,
train,dog_bark__fsd50k__dev__236035__0079__r0.wav,dog_bark,,FSD50K,dev,236035,236035.wav,dog_bark,,,,unchanged_from_hazard5v3s,freesound:236035,,,,,
train,dog_bark__fsd50k__dev__236037__0080__r0.wav,dog_bark,,FSD50K,dev,236037,236037.wav,dog_bark,,,,unchanged_from_hazard5v3s,freesound:236037,,,,,
train,dog_bark__fsd50k__dev__236038__0081__r0.wav,dog_bark,,FSD50K,dev,236038,236038.wav,dog_bark,,,,unchanged_from_hazard5v3s,freesound:236038,,,,,
train,dog_bark__fsd50k__dev__236039__0082__r0.wav,dog_bark,,FSD50K,dev,236039,236039.wav,dog_bark,,,,unchanged_from_hazard5v3s,freesound:236039,,,,,
train,dog_bark__fsd50k__dev__236040__0083__r0.wav,dog_bark,,FSD50K,dev,236040,236040.wav,dog_bark,,,,unchanged_from_hazard5v3s,freesound:236040,,,,,
train,dog_bark__fsd50k__dev__236041__0084__r0.wav,dog_bark,,FSD50K,dev,236041,236041.wav,dog_bark,,,,unchanged_from_hazard5v3s,freesound:236041,,,,,
train,dog_bark__fsd50k__dev__236042__0085__r0.wav,dog_bark,,FSD50K,dev,236042,236042.wav,dog_bark,,,,unchanged_from_hazard5v3s,freesound:236042,,,,,
train,dog_bark__fsd50k__dev__236043__0086__r0.wav,dog_bark,,FSD50K,dev,236043,236043.wav,dog_bark,,,,unchanged_from_hazard5v3s,freesound:236043,,,,,
train,dog_bark__fsd50k__dev__236044__0087__r0.wav,dog_bark,,FSD50K,dev,236044,236044.wav,dog_bark,,,,unchanged_from_hazard5v3s,freesound:236044,,,,,
train,dog_bark__fsd50k__dev__236045__0088__r0.wav,dog_bark,,FSD50K,dev,236045,236045.wav,dog_bark,,,,unchanged_from_hazard5v3s,freesound:236045,,,,,
train,dog_bark__fsd50k__dev__236046__0089__r0.wav,dog_bark,,FSD50K,dev,236046,236046.wav,dog_bark,,,,unchanged_from_hazard5v3s,freesound:236046,,,,,
train,dog_bark__fsd50k__dev__236047__0090__r0.wav,dog_bark,,FSD50K,dev,236047,236047.wav,dog_bark,,,,unchanged_from_hazard5v3s,freesound:236047,,,,,
train,dog_bark__fsd50k__dev__236048__0091__r0.wav,dog_bark,,FSD50K,dev,236048,236048.wav,dog_bark,,,,unchanged_from_hazard5v3s,freesound:236048,,,,,
train,dog_bark__fsd50k__dev__236049__0092__r0.wav,dog_bark,,FSD50K,dev,236049,236049.wav,dog_bark,,,,unchanged_from_hazard5v3s,freesound:236049,,,,,
train,dog_bark__fsd50k__dev__236050__0093__r0.wav,dog_bark,,FSD50K,dev,236050,236050.wav,dog_bark,,,,unchanged_from_hazard5v3s,freesound:236050,,,,,
train,dog_bark__fsd50k__dev__236051__0094__r0.wav,dog_bark,,FSD50K,dev,236051,236051.wav,dog_bark,,,,unchanged_from_hazard5v3s,freesound:236051,,,,,
train,dog_bark__fsd50k__dev__236052__0095__r0.wav,dog_bark,,FSD50K,dev,236052,236052.wav,dog_bark,,,,unchanged_from_hazard5v3s,freesound:236052,,,,,
train,dog_bark__fsd50k__dev__236053__0096__r0.wav,dog_bark,,FSD50K,dev,236053,236053.wav,dog_bark,,,,unchanged_from_hazard5v3s,freesound:236053,,,,,
train,dog_bark__fsd50k__dev__236054__0097__r0.wav,dog_bark,,FSD50K,dev,236054,236054.wav,dog_bark,,,,unchanged_from_hazard5v3s,freesound:236054,,,,,
train,dog_bark__fsd50k__dev__236055__0098__r0.wav,dog_bark,,FSD50K,dev,236055,236055.wav,dog_bark,,,,unchanged_from_hazard5v3s,freesound:236055,,,,,
train,dog_bark__fsd50k__dev__236056__0099__r0.wav,dog_bark,,FSD50K,dev,236056,236056.wav,dog_bark,,,,unchanged_from_hazard5v3s,freesound:236056,,,,,
train,dog_bark__fsd50k__dev__236057__0100__r0.wav,dog_bark,,FSD50K,dev,236057,236057.wav,dog_bark,,,,unchanged_from_hazard5v3s,freesound:236057,,,,,
train,dog_bark__fsd50k__dev__236058__0101__r0.wav,dog_bark,,FSD50K,dev,236058,236058.wav,dog_bark,,,,unchanged_from_hazard5v3s,freesound:236058,,,,,
train,dog_bark__fsd50k__dev__236059__0102__r0.wav,dog_bark,,FSD50K,dev,236059,236059.wav,dog_bark,,,,unchanged_from_hazard5v3s,freesound:236059,,,,,
train,dog_bark__fsd50k__dev__236060__0103__r0.wav,dog_bark,,FSD50K,dev,236060,236060.wav,dog_bark,,,,unchanged_from_hazard5v3s,freesound:236060,,,,,
train,dog_bark__fsd50k__dev__236061__0104__r0.wav,dog_bark,,FSD50K,dev,236061,236061.wav,dog_bark,,,,unchanged_from_hazard5v3s,freesound:236061,,,,,
train,dog_bark__fsd50k__dev__236062__0105__r0.wav,dog_bark,,FSD50K,dev,236062,236062.wav,dog_bark,,,,unchanged_from_hazard5v3s,freesound:236062,,,,,
train,dog_bark__fsd50k__dev__236064__0106__r0.wav,dog_bark,,FSD50K,dev,236064,236064.wav,dog_bark,,,,unchanged_from_hazard5v3s,freesound:236064,,,,,
train,dog_bark__fsd50k__dev__236065__0107__r0.wav,dog_bark,,FSD50K,dev,236065,236065.wav,dog_bark,,,,unchanged_from_hazard5v3s,freesound:236065,,,,,
train,dog_bark__fsd50k__dev__236066__0108__r0.wav,dog_bark,,FSD50K,dev,236066,236066.wav,dog_bark,,,,unchanged_from_hazard5v3s,freesound:236066,,,,,
train,dog_bark__fsd50k__dev__236067__0109__r0.wav,dog_bark,,FSD50K,dev,236067,236067.wav,dog_bark,,,,unchanged_from_hazard5v3s,freesound:236067,,,,,
train,dog_bark__fsd50k__dev__236068__0110__r0.wav,dog_bark,,FSD50K,dev,236068,236068.wav,dog_bark,,,,unchanged_from_hazard5v3s,freesound:236068,,,,,
train,dog_bark__fsd50k__dev__236071__0111__r0.wav,dog_bark,,FSD50K,dev,236071,236071.wav,dog_bark,,,,unchanged_from_hazard5v3s,freesound:236071,,,,,
train,dog_bark__fsd50k__dev__236074__0112__r0.wav,dog_bark,,FSD50K,dev,236074,236074.wav,dog_bark,,,,unchanged_from_hazard5v3s,freesound:236074,,,,,
train,dog_bark__fsd50k__dev__236075__0113__r0.wav,dog_bark,,FSD50K,dev,236075,236075.wav,dog_bark,,,,unchanged_from_hazard5v3s,freesound:236075,,,,,
train,dog_bark__fsd50k__dev__236076__0114__r0.wav,dog_bark,,FSD50K,dev,236076,236076.wav,dog_bark,,,,unchanged_from_hazard5v3s,freesound:236076,,,,,
train,dog_bark__fsd50k__dev__236077__0115__r0.wav,dog_bark,,FSD50K,dev,236077,236077.wav,dog_bark,,,,unchanged_from_hazard5v3s,freesound:236077,,,,,
train,dog_bark__fsd50k__dev__236078__0116__r0.wav,dog_bark,,FSD50K,dev,236078,236078.wav,dog_bark,,,,unchanged_from_hazard5v3s,freesound:236078,,,,,
train,dog_bark__fsd50k__dev__236084__0117__r0.wav,dog_bark,,FSD50K,dev,236084,236084.wav,dog_bark,,,,unchanged_from_hazard5v3s,freesound:236084,,,,,
train,dog_bark__fsd50k__dev__236085__0118__r0.wav,dog_bark,,FSD50K,dev,236085,236085.wav,dog_bark,,,,unchanged_from_hazard5v3s,freesound:236085,,,,,
train,dog_bark__fsd50k__dev__236086__0119__r0.wav,dog_bark,,FSD50K,dev,236086,236086.wav,dog_bark,,,,unchanged_from_hazard5v3s,freesound:236086,,,,,
train,dog_bark__fsd50k__dev__236087__0120__r0.wav,dog_bark,,FSD50K,dev,236087,236087.wav,dog_bark,,,,unchanged_from_hazard5v3s,freesound:236087,,,,,
train,dog_bark__fsd50k__dev__236088__0121__r0.wav,dog_bark,,FSD50K,dev,236088,236088.wav,dog_bark,,,,unchanged_from_hazard5v3s,freesound:236088,,,,,
train,dog_bark__fsd50k__dev__236089__0122__r0.wav,dog_bark,,FSD50K,dev,236089,236089.wav,dog_bark,,,,unchanged_from_hazard5v3s,freesound:236089,,,,,
train,dog_bark__fsd50k__dev__236090__0123__r0.wav,dog_bark,,FSD50K,dev,236090,236090.wav,dog_bark,,,,unchanged_from_hazard5v3s,freesound:236090,,,,,
train,dog_bark__fsd50k__dev__236093__0124__r0.wav,dog_bark,,FSD50K,dev,236093,236093.wav,dog_bark,,,,unchanged_from_hazard5v3s,freesound:236093,,,,,
train,dog_bark__fsd50k__dev__236094__0125__r0.wav,dog_bark,,FSD50K,dev,236094,236094.wav,dog_bark,,,,unchanged_from_hazard5v3s,freesound:236094,,,,,
train,dog_bark__fsd50k__dev__236095__0126__r0.wav,dog_bark,,FSD50K,dev,236095,236095.wav,dog_bark,,,,unchanged_from_hazard5v3s,freesound:236095,,,,,
train,dog_bark__fsd50k__dev__236096__0127__r0.wav,dog_bark,,FSD50K,dev,236096,236096.wav,dog_bark,,,,unchanged_from_hazard5v3s,freesound:236096,,,,,
train,dog_bark__fsd50k__dev__236097__0128__r0.wav,dog_bark,,FSD50K,dev,236097,236097.wav,dog_bark,,,,unchanged_from_hazard5v3s,freesound:236097,,,,,
train,dog_bark__fsd50k__dev__236098__0129__r0.wav,dog_bark,,FSD50K,dev,236098,236098.wav,dog_bark,,,,unchanged_from_hazard5v3s,freesound:236098,,,,,
train,dog_bark__fsd50k__dev__236099__0130__r0.wav,dog_bark,,FSD50K,dev,236099,236099.wav,dog_bark,,,,unchanged_from_hazard5v3s,freesound:236099,,,,,
train,dog_bark__fsd50k__dev__236100__0131__r0.wav,dog_bark,,FSD50K,dev,236100,236100.wav,dog_bark,,,,unchanged_from_hazard5v3s,freesound:236100,,,,,
train,dog_bark__fsd50k__dev__236101__0132__r0.wav,dog_bark,,FSD50K,dev,236101,236101.wav,dog_bark,,,,unchanged_from_hazard5v3s,freesound:236101,,,,,
train,dog_bark__fsd50k__dev__236105__0133__r0.wav,dog_bark,,FSD50K,dev,236105,236105.wav,dog_bark,,,,unchanged_from_hazard5v3s,freesound:236105,,,,,
train,dog_bark__fsd50k__dev__236106__0134__r0.wav,dog_bark,,FSD50K,dev,236106,236106.wav,dog_bark,,,,unchanged_from_hazard5v3s,freesound:236106,,,,,
train,dog_bark__fsd50k__dev__236107__0135__r0.wav,dog_bark,,FSD50K,dev,236107,236107.wav,dog_bark,,,,unchanged_from_hazard5v3s,freesound:236107,,,,,
train,dog_bark__fsd50k__dev__236108__0136__r0.wav,dog_bark,,FSD50K,dev,236108,236108.wav,dog_bark,,,,unchanged_from_hazard5v3s,freesound:236108,,,,,
train,dog_bark__fsd50k__dev__236109__0137__r0.wav,dog_bark,,FSD50K,dev,236109,236109.wav,dog_bark,,,,unchanged_from_hazard5v3s,freesound:236109,,,,,
train,dog_bark__fsd50k__dev__236110__0138__r0.wav,dog_bark,,FSD50K,dev,236110,236110.wav,dog_bark,,,,unchanged_from_hazard5v3s,freesound:236110,,,,,
train,dog_bark__fsd50k__dev__236111__0139__r0.wav,dog_bark,,FSD50K,dev,236111,236111.wav,dog_bark,,,,unchanged_from_hazard5v3s,freesound:236111,,,,,
train,dog_bark__fsd50k__dev__236112__0140__r0.wav,dog_bark,,FSD50K,dev,236112,236112.wav,dog_bark,,,,unchanged_from_hazard5v3s,freesound:236112,,,,,
train,dog_bark__fsd50k__dev__236113__0141__r0.wav,dog_bark,,FSD50K,dev,236113,236113.wav,dog_bark,,,,unchanged_from_hazard5v3s,freesound:236113,,,,,
train,dog_bark__fsd50k__dev__236116__0142__r0.wav,dog_bark,,FSD50K,dev,236116,236116.wav,dog_bark,,,,unchanged_from_hazard5v3s,freesound:236116,,,,,
train,dog_bark__fsd50k__dev__236117__0143__r0.wav,dog_bark,,FSD50K,dev,236117,236117.wav,dog_bark,,,,unchanged_from_hazard5v3s,freesound:236117,,,,,
train,dog_bark__fsd50k__dev__236118__0144__r0.wav,dog_bark,,FSD50K,dev,236118,236118.wav,dog_bark,,,,unchanged_from_hazard5v3s,freesound:236118,,,,,
train,dog_bark__fsd50k__dev__236119__0145__r0.wav,dog_bark,,FSD50K,dev,236119,236119.wav,dog_bark,,,,unchanged_from_hazard5v3s,freesound:236119,,,,,
train,dog_bark__fsd50k__dev__236120__0146__r0.wav,dog_bark,,FSD50K,dev,236120,236120.wav,dog_bark,,,,unchanged_from_hazard5v3s,freesound:236120,,,,,
train,dog_bark__fsd50k__dev__236121__0147__r0.wav,dog_bark,,FSD50K,dev,236121,236121.wav,dog_bark,,,,unchanged_from_hazard5v3s,freesound:236121,,,,,
train,dog_bark__fsd50k__dev__236123__0148__r0.wav,dog_bark,,FSD50K,dev,236123,236123.wav,dog_bark,,,,unchanged_from_hazard5v3s,freesound:236123,,,,,
train,dog_bark__fsd50k__dev__236124__0149__r0.wav,dog_bark,,FSD50K,dev,236124,236124.wav,dog_bark,,,,unchanged_from_hazard5v3s,freesound:236124,,,,,
train,dog_bark__fsd50k__dev__236125__0150__r0.wav,dog_bark,,FSD50K,dev,236125,236125.wav,dog_bark,,,,unchanged_from_hazard5v3s,freesound:236125,,,,,
train,dog_bark__fsd50k__dev__236126__0151__r0.wav,dog_bark,,FSD50K,dev,236126,236126.wav,dog_bark,,,,unchanged_from_hazard5v3s,freesound:236126,,,,,
train,dog_bark__fsd50k__dev__236127__0152__r0.wav,dog_bark,,FSD50K,dev,236127,236127.wav,dog_bark,,,,unchanged_from_hazard5v3s,freesound:236127,,,,,
train,dog_bark__fsd50k__dev__236128__0153__r0.wav,dog_bark,,FSD50K,dev,236128,236128.wav,dog_bark,,,,unchanged_from_hazard5v3s,freesound:236128,,,,,
train,dog_bark__fsd50k__dev__236129__0154__r0.wav,dog_bark,,FSD50K,dev,236129,236129.wav,dog_bark,,,,unchanged_from_hazard5v3s,freesound:236129,,,,,
train,dog_bark__fsd50k__dev__236130__0155__r0.wav,dog_bark,,FSD50K,dev,236130,236130.wav,dog_bark,,,,unchanged_from_hazard5v3s,freesound:236130,,,,,
train,dog_bark__fsd50k__dev__236131__0156__r0.wav,dog_bark,,FSD50K,dev,236131,236131.wav,dog_bark,,,,unchanged_from_hazard5v3s,freesound:236131,,,,,
train,dog_bark__fsd50k__dev__236132__0157__r0.wav,dog_bark,,FSD50K,dev,236132,236132.wav,dog_bark,,,,unchanged_from_hazard5v3s,freesound:236132,,,,,
train,dog_bark__fsd50k__dev__236134__0158__r0.wav,dog_bark,,FSD50K,dev,236134,236134.wav,dog_bark,,,,unchanged_from_hazard5v3s,freesound:236134,,,,,
train,dog_bark__fsd50k__dev__236135__0159__r0.wav,dog_bark,,FSD50K,dev,236135,236135.wav,dog_bark,,,,unchanged_from_hazard5v3s,freesound:236135,,,,,
train,dog_bark__fsd50k__dev__236136__0160__r0.wav,dog_bark,,FSD50K,dev,236136,236136.wav,dog_bark,,,,unchanged_from_hazard5v3s,freesound:236136,,,,,
train,dog_bark__fsd50k__dev__236137__0161__r0.wav,dog_bark,,FSD50K,dev,236137,236137.wav,dog_bark,,,,unchanged_from_hazard5v3s,freesound:236137,,,,,
train,dog_bark__fsd50k__dev__236138__0162__r0.wav,dog_bark,,FSD50K,dev,236138,236138.wav,dog_bark,,,,unchanged_from_hazard5v3s,freesound:236138,,,,,
train,dog_bark__fsd50k__dev__236139__0163__r0.wav,dog_bark,,FSD50K,dev,236139,236139.wav,dog_bark,,,,unchanged_from_hazard5v3s,freesound:236139,,,,,
train,dog_bark__fsd50k__dev__236140__0164__r0.wav,dog_bark,,FSD50K,dev,236140,236140.wav,dog_bark,,,,unchanged_from_hazard5v3s,freesound:236140,,,,,
train,dog_bark__fsd50k__dev__236141__0165__r0.wav,dog_bark,,FSD50K,dev,236141,236141.wav,dog_bark,,,,unchanged_from_hazard5v3s,freesound:236141,,,,,
train,dog_bark__fsd50k__dev__236142__0166__r0.wav,dog_bark,,FSD50K,dev,236142,236142.wav,dog_bark,,,,unchanged_from_hazard5v3s,freesound:236142,,,,,
train,dog_bark__fsd50k__dev__236144__0167__r0.wav,dog_bark,,FSD50K,dev,236144,236144.wav,dog_bark,,,,unchanged_from_hazard5v3s,freesound:236144,,,,,
train,dog_bark__fsd50k__dev__236145__0168__r0.wav,dog_bark,,FSD50K,dev,236145,236145.wav,dog_bark,,,,unchanged_from_hazard5v3s,freesound:236145,,,,,
train,dog_bark__fsd50k__dev__236146__0169__r0.wav,dog_bark,,FSD50K,dev,236146,236146.wav,dog_bark,,,,unchanged_from_hazard5v3s,freesound:236146,,,,,
train,dog_bark__fsd50k__dev__236147__0170__r0.wav,dog_bark,,FSD50K,dev,236147,236147.wav,dog_bark,,,,unchanged_from_hazard5v3s,freesound:236147,,,,,
train,dog_bark__fsd50k__dev__236148__0171__r0.wav,dog_bark,,FSD50K,dev,236148,236148.wav,dog_bark,,,,unchanged_from_hazard5v3s,freesound:236148,,,,,
train,dog_bark__fsd50k__dev__236149__0172__r0.wav,dog_bark,,FSD50K,dev,236149,236149.wav,dog_bark,,,,unchanged_from_hazard5v3s,freesound:236149,,,,,
train,dog_bark__fsd50k__dev__236150__0173__r0.wav,dog_bark,,FSD50K,dev,236150,236150.wav,dog_bark,,,,unchanged_from_hazard5v3s,freesound:236150,,,,,
train,dog_bark__fsd50k__dev__236151__0174__r0.wav,dog_bark,,FSD50K,dev,236151,236151.wav,dog_bark,,,,unchanged_from_hazard5v3s,freesound:236151,,,,,
train,dog_bark__fsd50k__dev__236153__0175__r0.wav,dog_bark,,FSD50K,dev,236153,236153.wav,dog_bark,,,,unchanged_from_hazard5v3s,freesound:236153,,,,,
train,dog_bark__fsd50k__dev__236154__0176__r0.wav,dog_bark,,FSD50K,dev,236154,236154.wav,dog_bark,,,,unchanged_from_hazard5v3s,freesound:236154,,,,,
train,dog_bark__fsd50k__dev__236155__0177__r0.wav,dog_bark,,FSD50K,dev,236155,236155.wav,dog_bark,,,,unchanged_from_hazard5v3s,freesound:236155,,,,,
train,dog_bark__fsd50k__dev__236156__0178__r0.wav,dog_bark,,FSD50K,dev,236156,236156.wav,dog_bark,,,,unchanged_from_hazard5v3s,freesound:236156,,,,,
train,dog_bark__fsd50k__dev__236157__0179__r0.wav,dog_bark,,FSD50K,dev,236157,236157.wav,dog_bark,,,,unchanged_from_hazard5v3s,freesound:236157,,,,,
train,dog_bark__fsd50k__dev__236158__0180__r0.wav,dog_bark,,FSD50K,dev,236158,236158.wav,dog_bark,,,,unchanged_from_hazard5v3s,freesound:236158,,,,,
train,dog_bark__fsd50k__dev__236159__0181__r0.wav,dog_bark,,FSD50K,dev,236159,236159.wav,dog_bark,,,,unchanged_from_hazard5v3s,freesound:236159,,,,,
train,dog_bark__fsd50k__dev__236162__0182__r0.wav,dog_bark,,FSD50K,dev,236162,236162.wav,dog_bark,,,,unchanged_from_hazard5v3s,freesound:236162,,,,,
train,dog_bark__fsd50k__dev__236163__0183__r0.wav,dog_bark,,FSD50K,dev,236163,236163.wav,dog_bark,,,,unchanged_from_hazard5v3s,freesound:236163,,,,,
train,dog_bark__fsd50k__dev__236164__0184__r0.wav,dog_bark,,FSD50K,dev,236164,236164.wav,dog_bark,,,,unchanged_from_hazard5v3s,freesound:236164,,,,,
train,dog_bark__fsd50k__dev__236165__0185__r0.wav,dog_bark,,FSD50K,dev,236165,236165.wav,dog_bark,,,,unchanged_from_hazard5v3s,freesound:236165,,,,,
train,dog_bark__fsd50k__dev__236166__0186__r0.wav,dog_bark,,FSD50K,dev,236166,236166.wav,dog_bark,,,,unchanged_from_hazard5v3s,freesound:236166,,,,,
train,dog_bark__fsd50k__dev__236167__0187__r0.wav,dog_bark,,FSD50K,dev,236167,236167.wav,dog_bark,,,,unchanged_from_hazard5v3s,freesound:236167,,,,,
train,dog_bark__fsd50k__dev__236169__0188__r0.wav,dog_bark,,FSD50K,dev,236169,236169.wav,dog_bark,,,,unchanged_from_hazard5v3s,freesound:236169,,,,,
train,dog_bark__fsd50k__dev__236170__0189__r0.wav,dog_bark,,FSD50K,dev,236170,236170.wav,dog_bark,,,,unchanged_from_hazard5v3s,freesound:236170,,,,,
train,dog_bark__fsd50k__dev__236171__0190__r0.wav,dog_bark,,FSD50K,dev,236171,236171.wav,dog_bark,,,,unchanged_from_hazard5v3s,freesound:236171,,,,,
train,dog_bark__fsd50k__dev__236172__0191__r0.wav,dog_bark,,FSD50K,dev,236172,236172.wav,dog_bark,,,,unchanged_from_hazard5v3s,freesound:236172,,,,,
train,glass_breaking__esc50__fold_1__20133__0000__r0.wav,glass_breaking,,ESC-50,fold_1,20133,1-20133-A-39.wav,glass_breaking,,,,explicit_ESC50_glass_breaking,esc-50:20133,,,,,
train,glass_breaking__esc50__fold_1__84536__0001__r0.wav,glass_breaking,,ESC-50,fold_1,84536,1-84536-A-39.wav,glass_breaking,,,,explicit_ESC50_glass_breaking,esc-50:84536,,,,,
train,glass_breaking__esc50__fold_1__84704__0002__r0.wav,glass_breaking,,ESC-50,fold_1,84704,1-84704-A-39.wav,glass_breaking,,,,explicit_ESC50_glass_breaking,esc-50:84704,,,,,
train,glass_breaking__esc50__fold_1__84705__0003__r0.wav,glass_breaking,,ESC-50,fold_1,84705,1-84705-A-39.wav,glass_breaking,,,,explicit_ESC50_glass_breaking,esc-50:84705,,,,,
train,glass_breaking__esc50__fold_1__85168__0004__r0.wav,glass_breaking,,ESC-50,fold_1,85168,1-85168-A-39.wav,glass_breaking,,,,explicit_ESC50_glass_breaking,esc-50:85168,,,,,
train,glass_breaking__esc50__fold_1__85184__0005__r0.wav,glass_breaking,,ESC-50,fold_1,85184,1-85184-A-39.wav,glass_breaking,,,,explicit_ESC50_glass_breaking,esc-50:85184,,,,,
train,glass_breaking__esc50__fold_1__88807__0006__r0.wav,glass_breaking,,ESC-50,fold_1,88807,1-88807-A-39.wav,glass_breaking,,,,explicit_ESC50_glass_breaking,esc-50:88807,,,,,
train,glass_breaking__esc50__fold_1__977__0007__r0.wav,glass_breaking,,ESC-50,fold_1,977,1-977-A-39.wav,glass_breaking,,,,explicit_ESC50_glass_breaking,esc-50:977,,,,,
train,glass_breaking__esc50__fold_2__106881__0008__r0.wav,glass_breaking,,ESC-50,fold_2,106881,2-106881-A-39.wav,glass_breaking,,,,explicit_ESC50_glass_breaking,esc-50:106881,,,,,
train,glass_breaking__esc50__fold_2__112213__0009__r0.wav,glass_breaking,,ESC-50,fold_2,112213,2-112213-A-39.wav,glass_breaking,,,,explicit_ESC50_glass_breaking,esc-50:112213,,,,,
train,glass_breaking__esc50__fold_2__112213__0010__r0.wav,glass_breaking,,ESC-50,fold_2,112213,2-112213-B-39.wav,glass_breaking,,,,explicit_ESC50_glass_breaking,esc-50:112213,,,,,
train,glass_breaking__esc50__fold_2__141563__0011__r0.wav,glass_breaking,,ESC-50,fold_2,141563,2-141563-A-39.wav,glass_breaking,,,,explicit_ESC50_glass_breaking,esc-50:141563,,,,,
train,glass_breaking__esc50__fold_2__173559__0012__r0.wav,glass_breaking,,ESC-50,fold_2,173559,2-173559-A-39.wav,glass_breaking,,,,explicit_ESC50_glass_breaking,esc-50:173559,,,,,
train,glass_breaking__esc50__fold_2__173607__0013__r0.wav,glass_breaking,,ESC-50,fold_2,173607,2-173607-A-39.wav,glass_breaking,,,,explicit_ESC50_glass_breaking,esc-50:173607,,,,,
train,glass_breaking__esc50__fold_2__173618__0014__r0.wav,glass_breaking,,ESC-50,fold_2,173618,2-173618-A-39.wav,glass_breaking,,,,explicit_ESC50_glass_breaking,esc-50:173618,,,,,
train,glass_breaking__esc50__fold_2__250710__0015__r0.wav,glass_breaking,,ESC-50,fold_2,250710,2-250710-A-39.wav,glass_breaking,,,,explicit_ESC50_glass_breaking,esc-50:250710,,,,,
train,glass_breaking__esc50__fold_3__203371__0016__r0.wav,glass_breaking,,ESC-50,fold_3,203371,3-203371-A-39.wav,glass_breaking,,,,explicit_ESC50_glass_breaking,esc-50:203371,,,,,
train,glass_breaking__esc50__fold_3__203373__0017__r0.wav,glass_breaking,,ESC-50,fold_3,203373,3-203373-A-39.wav,glass_breaking,,,,explicit_ESC50_glass_breaking,esc-50:203373,,,,,
train,glass_breaking__esc50__fold_3__203374__0018__r0.wav,glass_breaking,,ESC-50,fold_3,203374,3-203374-A-39.wav,glass_breaking,,,,explicit_ESC50_glass_breaking,esc-50:203374,,,,,
train,glass_breaking__esc50__fold_3__203375__0019__r0.wav,glass_breaking,,ESC-50,fold_3,203375,3-203375-A-39.wav,glass_breaking,,,,explicit_ESC50_glass_breaking,esc-50:203375,,,,,
train,glass_breaking__esc50__fold_3__203377__0020__r0.wav,glass_breaking,,ESC-50,fold_3,203377,3-203377-A-39.wav,glass_breaking,,,,explicit_ESC50_glass_breaking,esc-50:203377,,,,,
train,glass_breaking__esc50__fold_3__216280__0021__r0.wav,glass_breaking,,ESC-50,fold_3,216280,3-216280-A-39.wav,glass_breaking,,,,explicit_ESC50_glass_breaking,esc-50:216280,,,,,
train,glass_breaking__esc50__fold_3__216281__0022__r0.wav,glass_breaking,,ESC-50,fold_3,216281,3-216281-A-39.wav,glass_breaking,,,,explicit_ESC50_glass_breaking,esc-50:216281,,,,,
train,glass_breaking__esc50__fold_3__216284__0023__r0.wav,glass_breaking,,ESC-50,fold_3,216284,3-216284-A-39.wav,glass_breaking,,,,explicit_ESC50_glass_breaking,esc-50:216284,,,,,
train,glass_breaking__fsd50k__dev__118198__0069__r0.wav,glass_breaking,,FSD50K,dev,118198,118198.wav,"Shatter,Glass",Bottle Smash.aif,MegaPenguin13,http://creativecommons.org/publicdomain/zero/1.0/,explicit_AudioSet_Shatter_label,freesound:118198,,,,,
train,glass_breaking__fsd50k__dev__124030__0122__r0.wav,glass_breaking,,FSD50K,dev,124030,124030.wav,"Shatter,Glass",02392 small glass bottle crash.wav,Robinhood76,http://creativecommons.org/licenses/by-nc/3.0/,explicit_AudioSet_Shatter_label,freesound:124030,,,,,
train,glass_breaking__fsd50k__dev__126877__0029__r0.wav,glass_breaking,,FSD50K,dev,126877,126877.wav,"Shatter,Glass",breaking glass 1.wav,bulbastre,http://creativecommons.org/licenses/by/3.0/,explicit_AudioSet_Shatter_label,freesound:126877,,,,,
train,glass_breaking__fsd50k__dev__126878__0075__r0.wav,glass_breaking,,FSD50K,dev,126878,126878.wav,"Shatter,Glass",breaking glass 2.wav,bulbastre,http://creativecommons.org/licenses/by/3.0/,explicit_AudioSet_Shatter_label,freesound:126878,,,,,
train,glass_breaking__fsd50k__dev__145558__0039__r0.wav,glass_breaking,,FSD50K,dev,145558,145558.wav,"Shatter,Glass",Glass Break 01.wav,Black Snow,http://creativecommons.org/licenses/by/3.0/,explicit_AudioSet_Shatter_label,freesound:145558,,,,,
train,glass_breaking__fsd50k__dev__145559__0117__r0.wav,glass_breaking,,FSD50K,dev,145559,145559.wav,"Shatter,Glass",Glass Break 02.wav,Black Snow,http://creativecommons.org/licenses/by/3.0/,explicit_AudioSet_Shatter_label,freesound:145559,,,,,
train,glass_breaking__fsd50k__dev__145562__0083__r0.wav,glass_breaking,,FSD50K,dev,145562,145562.wav,"Shatter,Glass",Glass Smash.wav,Black Snow,http://creativecommons.org/licenses/by/3.0/,explicit_AudioSet_Shatter_label,freesound:145562,,,,,
train,glass_breaking__fsd50k__dev__145563__0142__r0.wav,glass_breaking,,FSD50K,dev,145563,145563.wav,"Shatter,Glass",Glass Smash Remix.wav,Black Snow,http://creativecommons.org/licenses/by/3.0/,explicit_AudioSet_Shatter_label,freesound:145563,,,,,
train,glass_breaking__fsd50k__dev__148073__0041__r0.wav,glass_breaking,,FSD50K,dev,148073,148073.wav,"Shatter,Crushing,Glass",LIGHTBULB SMASH 003.wav,sandyrb,http://creativecommons.org/licenses/by/3.0/,explicit_AudioSet_Shatter_label,freesound:148073,,,,,
train,glass_breaking__fsd50k__dev__148074__0118__r0.wav,glass_breaking,,FSD50K,dev,148074,148074.wav,"Shatter,Crushing,Glass",LIGHTBULB SMASH 002.wav,sandyrb,http://creativecommons.org/licenses/by/3.0/,explicit_AudioSet_Shatter_label,freesound:148074,,,,,
train,glass_breaking__fsd50k__dev__148075__0143__r0.wav,glass_breaking,,FSD50K,dev,148075,148075.wav,"Shatter,Crushing,Glass",LIGHTBULB SMASH 001.wav,sandyrb,http://creativecommons.org/licenses/by/3.0/,explicit_AudioSet_Shatter_label,freesound:148075,,,,,
train,glass_breaking__fsd50k__dev__156578__0053__r0.wav,glass_breaking,,FSD50K,dev,156578,156578.wav,"Shatter,Glass","Picture frame dropped on wood floor, shatters.wav",SpliceSound,http://creativecommons.org/publicdomain/zero/1.0/,explicit_AudioSet_Shatter_label,freesound:156578,,,,,
train,glass_breaking__fsd50k__dev__158142__0164__r0.wav,glass_breaking,,FSD50K,dev,158142,158142.wav,"Shatter,Glass","Epic Logo Intro Complete: Explosion, Gas, Glass and Machine",qubodup,http://creativecommons.org/publicdomain/zero/1.0/,explicit_AudioSet_Shatter_label,freesound:158142,,,,,
train,glass_breaking__fsd50k__dev__160759__0101__r0.wav,glass_breaking,,FSD50K,dev,160759,160759.wav,"Shatter,Glass",Smashing-glass,CosmicEmbers,http://creativecommons.org/licenses/by/3.0/,explicit_AudioSet_Shatter_label,freesound:160759,,,,,
train,glass_breaking__fsd50k__dev__164329__0028__r0.wav,glass_breaking,,FSD50K,dev,164329,164329.wav,"Shatter,Hammer,Glass,Tools",Bottle Smashes Hammer Hits Finale FF228.aif,martinimeniscus,http://creativecommons.org/publicdomain/zero/1.0/,explicit_AudioSet_Shatter_label,freesound:164329,,,,,
train,glass_breaking__fsd50k__dev__164332__0159__r0.wav,glass_breaking,,FSD50K,dev,164332,164332.wav,"Shatter,Glass",Bottle Smashes Hammer Hits Finale FF231.aif,martinimeniscus,http://creativecommons.org/publicdomain/zero/1.0/,explicit_AudioSet_Shatter_label,freesound:164332,,,,,
train,glass_breaking__fsd50k__dev__164539__0110__r0.wav,glass_breaking,,FSD50K,dev,164539,164539.wav,"Shatter,Glass",Hammer and Bottle Smash FF197.aif,martinimeniscus,http://creativecommons.org/publicdomain/zero/1.0/,explicit_AudioSet_Shatter_label,freesound:164539,,,,,
train,glass_breaking__fsd50k__dev__164540__0176__r0.wav,glass_breaking,,FSD50K,dev,164540,164540.wav,"Shatter,Glass",Hammer and Bottle Smash FF198.aif,martinimeniscus,http://creativecommons.org/publicdomain/zero/1.0/,explicit_AudioSet_Shatter_label,freesound:164540,,,,,
train,glass_breaking__fsd50k__dev__164541__0136__r0.wav,glass_breaking,,FSD50K,dev,164541,164541.wav,"Shatter,Glass",Hammer and Bottle Smash FF199.aif,martinimeniscus,http://creativecommons.org/publicdomain/zero/1.0/,explicit_AudioSet_Shatter_label,freesound:164541,,,,,
train,glass_breaking__fsd50k__dev__164542__0074__r0.wav,glass_breaking,,FSD50K,dev,164542,164542.wav,"Shatter,Glass",Hammer and Bottle Smash FF200.aif,martinimeniscus,http://creativecommons.org/publicdomain/zero/1.0/,explicit_AudioSet_Shatter_label,freesound:164542,,,,,
train,glass_breaking__fsd50k__dev__173576__0066__r0.wav,glass_breaking,,FSD50K,dev,173576,173576.wav,"Shatter,Glass",006.wav,gevaroy,http://creativecommons.org/publicdomain/zero/1.0/,explicit_AudioSet_Shatter_label,freesound:173576,,,,,
train,glass_breaking__fsd50k__dev__173581__0105__r0.wav,glass_breaking,,FSD50K,dev,173581,173581.wav,"Shatter,Glass",007.wav,gevaroy,http://creativecommons.org/publicdomain/zero/1.0/,explicit_AudioSet_Shatter_label,freesound:173581,,,,,
train,glass_breaking__fsd50k__dev__173601__0188__r0.wav,glass_breaking,,FSD50K,dev,173601,173601.wav,"Shatter,Glass",021.wav,gevaroy,http://creativecommons.org/publicdomain/zero/1.0/,explicit_AudioSet_Shatter_label,freesound:173601,,,,,
train,glass_breaking__fsd50k__dev__173614__0171__r0.wav,glass_breaking,,FSD50K,dev,173614,173614.wav,"Shatter,Glass",016.wav,gevaroy,http://creativecommons.org/publicdomain/zero/1.0/,explicit_AudioSet_Shatter_label,freesound:173614,,,,,
train,glass_breaking__fsd50k__dev__173621__0131__r0.wav,glass_breaking,,FSD50K,dev,173621,173621.wav,"Shatter,Glass",028.wav,gevaroy,http://creativecommons.org/publicdomain/zero/1.0/,explicit_AudioSet_Shatter_label,freesound:173621,,,,,
train,glass_breaking__fsd50k__dev__173622__0154__r0.wav,glass_breaking,,FSD50K,dev,173622,173622.wav,"Shatter,Glass",030.wav,gevaroy,http://creativecommons.org/publicdomain/zero/1.0/,explicit_AudioSet_Shatter_label,freesound:173622,,,,,
train,glass_breaking__fsd50k__dev__174747__0031__r0.wav,glass_breaking,,FSD50K,dev,174747,174747.wav,"Shatter,Glass",glass breaking.aif,sgarrison2127,http://creativecommons.org/publicdomain/zero/1.0/,explicit_AudioSet_Shatter_label,freesound:174747,,,,,
train,glass_breaking__fsd50k__dev__174750__0076__r0.wav,glass_breaking,,FSD50K,dev,174750,174750.wav,"Shatter,Glass",accidental glass breaking.aif,sgarrison2127,http://creativecommons.org/publicdomain/zero/1.0/,explicit_AudioSet_Shatter_label,freesound:174750,,,,,
train,glass_breaking__fsd50k__dev__179228__0120__r0.wav,glass_breaking,,FSD50K,dev,179228,179228.wav,"Shatter,Glass",Breaking glass 2,jorickhoofd,http://creativecommons.org/licenses/by/3.0/,explicit_AudioSet_Shatter_label,freesound:179228,,,,,
train,glass_breaking__fsd50k__dev__179231__0163__r0.wav,glass_breaking,,FSD50K,dev,179231,179231.wav,"Shatter,Glass",Breaking glass 7,jorickhoofd,http://creativecommons.org/licenses/by/3.0/,explicit_AudioSet_Shatter_label,freesound:179231,,,,,
train,glass_breaking__fsd50k__dev__179234__0145__r0.wav,glass_breaking,,FSD50K,dev,179234,179234.wav,"Shatter,Glass",Breaking glass 4,jorickhoofd,http://creativecommons.org/licenses/by/3.0/,explicit_AudioSet_Shatter_label,freesound:179234,,,,,
train,glass_breaking__fsd50k__dev__179235__0087__r0.wav,glass_breaking,,FSD50K,dev,179235,179235.wav,"Shatter,Glass",Breaking glass 9,jorickhoofd,http://creativecommons.org/licenses/by/3.0/,explicit_AudioSet_Shatter_label,freesound:179235,,,,,
train,glass_breaking__fsd50k__dev__179240__0180__r0.wav,glass_breaking,,FSD50K,dev,179240,179240.wav,"Shatter,Glass",Breaking glass 12,jorickhoofd,http://creativecommons.org/licenses/by/3.0/,explicit_AudioSet_Shatter_label,freesound:179240,,,,,
train,glass_breaking__fsd50k__dev__179251__0043__r0.wav,glass_breaking,,FSD50K,dev,179251,179251.wav,"Shatter,Glass",Breaking plate 1,jorickhoofd,http://creativecommons.org/licenses/by/3.0/,explicit_AudioSet_Shatter_label,freesound:179251,,,,,
train,glass_breaking__fsd50k__dev__194682__0086__r0.wav,glass_breaking,,FSD50K,dev,194682,194682.wav,"Shatter,Glass",BreakingVase04.wav,kingsrow,http://creativecommons.org/publicdomain/zero/1.0/,explicit_AudioSet_Shatter_label,freesound:194682,,,,,
train,glass_breaking__fsd50k__dev__194683__0119__r0.wav,glass_breaking,,FSD50K,dev,194683,194683.wav,"Shatter,Glass",BreakingVase03.wav,kingsrow,http://creativecommons.org/publicdomain/zero/1.0/,explicit_AudioSet_Shatter_label,freesound:194683,,,,,
train,glass_breaking__fsd50k__dev__194684__0144__r0.wav,glass_breaking,,FSD50K,dev,194684,194684.wav,"Shatter,Glass",BreakingVase02.wav,kingsrow,http://creativecommons.org/publicdomain/zero/1.0/,explicit_AudioSet_Shatter_label,freesound:194684,,,,,
train,glass_breaking__fsd50k__dev__194685__0042__r0.wav,glass_breaking,,FSD50K,dev,194685,194685.wav,"Shatter,Glass",BreakingVase01.wav,kingsrow,http://creativecommons.org/publicdomain/zero/1.0/,explicit_AudioSet_Shatter_label,freesound:194685,,,,,
train,glass_breaking__fsd50k__dev__195624__0030__r0.wav,glass_breaking,,FSD50K,dev,195624,195624.wav,"Shatter,Glass",Glass FX,Goup_1,http://creativecommons.org/licenses/by/3.0/,explicit_AudioSet_Shatter_label,freesound:195624,,,,,
train,glass_breaking__fsd50k__dev__203368__0162__r0.wav,glass_breaking,,FSD50K,dev,203368,203368.wav,"Shatter,Crushing,Glass",glass-shattering-hit_01.ogg,C_Rogers,http://creativecommons.org/publicdomain/zero/1.0/,explicit_AudioSet_Shatter_label,freesound:203368,,,,,
train,glass_breaking__fsd50k__dev__203369__0179__r0.wav,glass_breaking,,FSD50K,dev,203369,203369.wav,"Shatter,Crushing,Glass",glass-in-bucket_3thumps.ogg,C_Rogers,http://creativecommons.org/publicdomain/zero/1.0/,explicit_AudioSet_Shatter_label,freesound:203369,,,,,
train,glass_breaking__fsd50k__dev__203370__0114__r0.wav,glass_breaking,,FSD50K,dev,203370,203370.wav,"Shatter,Crushing,Glass",glass-in-bucket_01.ogg,C_Rogers,http://creativecommons.org/publicdomain/zero/1.0/,explicit_AudioSet_Shatter_label,freesound:203370,,,,,
train,glass_breaking__fsd50k__dev__203372__0140__r0.wav,glass_breaking,,FSD50K,dev,203372,203372.wav,"Shatter,Crushing,Glass",glass-shattering_04.ogg,C_Rogers,http://creativecommons.org/publicdomain/zero/1.0/,explicit_AudioSet_Shatter_label,freesound:203372,,,,,
train,glass_breaking__fsd50k__dev__203373__0035__r0.wav,glass_breaking,,FSD50K,dev,203373,203373.wav,"Shatter,Crushing,Glass",glass-shattering_03.ogg,C_Rogers,http://creativecommons.org/publicdomain/zero/1.0/,explicit_AudioSet_Shatter_label,freesound:203373,,,,,
train,glass_breaking__fsd50k__dev__203374__0080__r0.wav,glass_breaking,,FSD50K,dev,203374,203374.wav,"Shatter,Crushing,Glass",glass-shattering_02.ogg,C_Rogers,http://creativecommons.org/publicdomain/zero/1.0/,explicit_AudioSet_Shatter_label,freesound:203374,,,,,
train,glass_breaking__fsd50k__dev__204116__0189__r0.wav,glass_breaking,,FSD50K,dev,204116,204116.wav,"Shatter,Glass",glass01-proc.flac,Craxic,http://creativecommons.org/licenses/by/3.0/,explicit_AudioSet_Shatter_label,freesound:204116,,,,,
train,glass_breaking__fsd50k__dev__204133__0132__r0.wav,glass_breaking,,FSD50K,dev,204133,204133.wav,"Shatter,Glass",glass10-proc.flac,Craxic,http://creativecommons.org/licenses/by/3.0/,explicit_AudioSet_Shatter_label,freesound:204133,,,,,
train,glass_breaking__fsd50k__dev__204134__0172__r0.wav,glass_breaking,,FSD50K,dev,204134,204134.wav,"Shatter,Glass",glass10.flac,Craxic,http://creativecommons.org/licenses/by/3.0/,explicit_AudioSet_Shatter_label,freesound:204134,,,,,
train,glass_breaking__fsd50k__dev__204144__0106__r0.wav,glass_breaking,,FSD50K,dev,204144,204144.wav,"Shatter,Glass",glass08.flac,Craxic,http://creativecommons.org/licenses/by/3.0/,explicit_AudioSet_Shatter_label,freesound:204144,,,,,
train,glass_breaking__fsd50k__dev__204694__0070__r0.wav,glass_breaking,,FSD50K,dev,204694,204694.wav,"Shatter,Glass",glass20.flac,Craxic,http://creativecommons.org/licenses/by/3.0/,explicit_AudioSet_Shatter_label,freesound:204694,,,,,
train,glass_breaking__fsd50k__dev__204698__0155__r0.wav,glass_breaking,,FSD50K,dev,204698,204698.wav,"Shatter,Glass",glass26.flac,Craxic,http://creativecommons.org/licenses/by/3.0/,explicit_AudioSet_Shatter_label,freesound:204698,,,,,
train,glass_breaking__fsd50k__dev__213158__0126__r0.wav,glass_breaking,,FSD50K,dev,213158,213158.wav,"Shatter,Glass",broken bottle-verre-07.wav,arnaud coutancier,http://creativecommons.org/licenses/by-nc/3.0/,explicit_AudioSet_Shatter_label,freesound:213158,,,,,
train,glass_breaking__fsd50k__dev__213160__0184__r0.wav,glass_breaking,,FSD50K,dev,213160,213160.wav,"Shatter,Glass",broken bottle-verre-05.wav,arnaud coutancier,http://creativecommons.org/licenses/by-nc/3.0/,explicit_AudioSet_Shatter_label,freesound:213160,,,,,
train,glass_breaking__fsd50k__dev__213161__0093__r0.wav,glass_breaking,,FSD50K,dev,213161,213161.wav,"Shatter,Glass",broken bottle-verre-10.wav,arnaud coutancier,http://creativecommons.org/licenses/by-nc/3.0/,explicit_AudioSet_Shatter_label,freesound:213161,,,,,
train,glass_breaking__fsd50k__dev__213162__0051__r0.wav,glass_breaking,,FSD50K,dev,213162,213162.wav,"Shatter,Glass",broken bottle-verre-09.wav,arnaud coutancier,http://creativecommons.org/licenses/by-nc/3.0/,explicit_AudioSet_Shatter_label,freesound:213162,,,,,
train,glass_breaking__fsd50k__dev__213163__0149__r0.wav,glass_breaking,,FSD50K,dev,213163,213163.wav,"Shatter,Glass",broken bottle-verre-12.wav,arnaud coutancier,http://creativecommons.org/licenses/by-nc/3.0/,explicit_AudioSet_Shatter_label,freesound:213163,,,,,
train,glass_breaking__fsd50k__dev__213166__0167__r0.wav,glass_breaking,,FSD50K,dev,213166,213166.wav,"Shatter,Glass",broken bottle-verre-14.wav,arnaud coutancier,http://creativecommons.org/licenses/by-nc/3.0/,explicit_AudioSet_Shatter_label,freesound:213166,,,,,
train,glass_breaking__fsd50k__dev__214336__0046__r0.wav,glass_breaking,,FSD50K,dev,214336,214336.wav,"Shatter,Glass",Breaking a Vase (remix),zerolagtime,http://creativecommons.org/publicdomain/zero/1.0/,explicit_AudioSet_Shatter_label,freesound:214336,,,,,
train,glass_breaking__fsd50k__dev__216280__0128__r0.wav,glass_breaking,,FSD50K,dev,216280,216280.wav,"Shatter,Glass",Breaking_Glass_21.wav,RSilveira_88,http://creativecommons.org/licenses/by/3.0/,explicit_AudioSet_Shatter_label,freesound:216280,,,,,
train,glass_breaking__fsd50k__dev__216281__0168__r0.wav,glass_breaking,,FSD50K,dev,216281,216281.wav,"Shatter,Glass",Breaking_Glass_13.wav,RSilveira_88,http://creativecommons.org/licenses/by/3.0/,explicit_AudioSet_Shatter_label,freesound:216281,,,,,
train,glass_breaking__fsd50k__dev__216288__0185__r0.wav,glass_breaking,,FSD50K,dev,216288,216288.wav,"Shatter,Glass",Breaking_Glass_14.wav,RSilveira_88,http://creativecommons.org/licenses/by/3.0/,explicit_AudioSet_Shatter_label,freesound:216288,,,,,
train,glass_breaking__fsd50k__dev__216294__0058__r0.wav,glass_breaking,,FSD50K,dev,216294,216294.wav,"Shatter,Glass",Breaking_Glass_07.wav,RSilveira_88,http://creativecommons.org/licenses/by/3.0/,explicit_AudioSet_Shatter_label,freesound:216294,,,,,
train,glass_breaking__fsd50k__dev__216296__0151__r0.wav,glass_breaking,,FSD50K,dev,216296,216296.wav,"Shatter,Glass",Breaking_Glass_05.wav,RSilveira_88,http://creativecommons.org/licenses/by/3.0/,explicit_AudioSet_Shatter_label,freesound:216296,,,,,
train,glass_breaking__fsd50k__dev__216299__0099__r0.wav,glass_breaking,,FSD50K,dev,216299,216299.wav,"Shatter,Glass",Breaking_Glass_08.wav,RSilveira_88,http://creativecommons.org/licenses/by/3.0/,explicit_AudioSet_Shatter_label,freesound:216299,,,,,
train,glass_breaking__fsd50k__dev__216748__0068__r0.wav,glass_breaking,,FSD50K,dev,216748,216748.wav,"Shatter,Glass",Chemistry table crash.wav,CastIronCarousel,http://creativecommons.org/licenses/by/3.0/,explicit_AudioSet_Shatter_label,freesound:216748,,,,,
train,glass_breaking__fsd50k__dev__219837__0121__r0.wav,glass_breaking,,FSD50K,dev,219837,219837.wav,"Shatter,Crushing,Glass",Glass Drop 4,qubodup,http://creativecommons.org/licenses/by/3.0/,explicit_AudioSet_Shatter_label,freesound:219837,,,,,
train,glass_breaking__fsd50k__dev__219842__0146__r0.wav,glass_breaking,,FSD50K,dev,219842,219842.wav,"Shatter,Crushing,Glass",Glass Drop 7,qubodup,http://creativecommons.org/licenses/by/3.0/,explicit_AudioSet_Shatter_label,freesound:219842,,,,,
train,glass_breaking__fsd50k__dev__219843__0045__r0.wav,glass_breaking,,FSD50K,dev,219843,219843.wav,"Shatter,Crushing,Glass",Glass Drop 6,qubodup,http://creativecommons.org/licenses/by/3.0/,explicit_AudioSet_Shatter_label,freesound:219843,,,,,
train,glass_breaking__fsd50k__dev__219845__0088__r0.wav,glass_breaking,,FSD50K,dev,219845,219845.wav,"Shatter,Crushing,Glass",Glass Shatter 2,qubodup,http://creativecommons.org/licenses/by/3.0/,explicit_AudioSet_Shatter_label,freesound:219845,,,,,
train,glass_breaking__fsd50k__dev__219940__0181__r0.wav,glass_breaking,,FSD50K,dev,219940,219940.wav,"Shatter,Glass",Glass Shatter Mix,qubodup,http://creativecommons.org/licenses/by/3.0/,explicit_AudioSet_Shatter_label,freesound:219940,,,,,
train,glass_breaking__fsd50k__dev__221528__0032__r0.wav,glass_breaking,,FSD50K,dev,221528,221528.wav,"Shatter,Glass",Glass Break,unfa,http://creativecommons.org/licenses/by/3.0/,explicit_AudioSet_Shatter_label,freesound:221528,,,,,
train,glass_breaking__fsd50k__dev__221531__0077__r0.wav,glass_breaking,,FSD50K,dev,221531,221531.wav,"Shatter,Glass",Glass Break 3,unfa,http://creativecommons.org/licenses/by/3.0/,explicit_AudioSet_Shatter_label,freesound:221531,,,,,
train,glass_breaking__fsd50k__dev__221532__0111__r0.wav,glass_breaking,,FSD50K,dev,221532,221532.wav,"Shatter,Glass",Glass Break 2,unfa,http://creativecommons.org/licenses/by/3.0/,explicit_AudioSet_Shatter_label,freesound:221532,,,,,
train,glass_breaking__fsd50k__dev__221533__0137__r0.wav,glass_breaking,,FSD50K,dev,221533,221533.wav,"Shatter,Crushing,Glass",Glass Shards 5,unfa,http://creativecommons.org/licenses/by/3.0/,explicit_AudioSet_Shatter_label,freesound:221533,,,,,
train,glass_breaking__fsd50k__dev__233605__0125__r0.wav,glass_breaking,,FSD50K,dev,233605,233605.wav,"Shatter,Glass",Breaking Glass #3.wav,Agaxly,http://creativecommons.org/publicdomain/zero/1.0/,explicit_AudioSet_Shatter_label,freesound:233605,,,,,
train,glass_breaking__fsd50k__dev__233606__0050__r0.wav,glass_breaking,,FSD50K,dev,233606,233606.wav,"Shatter,Glass",Breaking Glass #2.wav,Agaxly,http://creativecommons.org/publicdomain/zero/1.0/,explicit_AudioSet_Shatter_label,freesound:233606,,,,,
train,glass_breaking__fsd50k__dev__233607__0092__r0.wav,glass_breaking,,FSD50K,dev,233607,233607.wav,"Shatter,Glass",Breaking Glass #1.wav,Agaxly,http://creativecommons.org/publicdomain/zero/1.0/,explicit_AudioSet_Shatter_label,freesound:233607,,,,,
train,glass_breaking__fsd50k__dev__245167__0054__r0.wav,glass_breaking,,FSD50K,dev,245167,245167.wav,"Shatter,Glass",Glass Breaking.wav,deleted_user_4401185,http://creativecommons.org/licenses/by/3.0/,explicit_AudioSet_Shatter_label,freesound:245167,,,,,
train,glass_breaking__fsd50k__dev__246273__0095__r0.wav,glass_breaking,,FSD50K,dev,246273,246273.wav,"Shatter,Glass",Glass Crunching #1.wav,deleted_user_4401185,http://creativecommons.org/licenses/by/3.0/,explicit_AudioSet_Shatter_label,freesound:246273,,,,,
train,glass_breaking__fsd50k__dev__250709__0052__r0.wav,glass_breaking,,FSD50K,dev,250709,250709.wav,"Shatter,Glass",Glass break 2,Aiwha,http://creativecommons.org/licenses/by/3.0/,explicit_AudioSet_Shatter_label,freesound:250709,,,,,
train,glass_breaking__fsd50k__dev__250710__0094__r0.wav,glass_breaking,,FSD50K,dev,250710,250710.wav,"Shatter,Glass",Glass break 1,Aiwha,http://creativecommons.org/licenses/by/3.0/,explicit_AudioSet_Shatter_label,freesound:250710,,,,,
train,glass_breaking__fsd50k__dev__254721__0186__r0.wav,glass_breaking,,FSD50K,dev,254721,254721.wav,"Shatter,Crushing,Glass",breaking window 001 141113_0451.wav,klankbeeld,http://creativecommons.org/licenses/by/3.0/,explicit_AudioSet_Shatter_label,freesound:254721,,,,,
train,glass_breaking__fsd50k__dev__254993__0129__r0.wav,glass_breaking,,FSD50K,dev,254993,254993.wav,"Shatter,Glass",breaking window 002 141113_0451.wav,klankbeeld,http://creativecommons.org/licenses/by/3.0/,explicit_AudioSet_Shatter_label,freesound:254993,,,,,
train,glass_breaking__fsd50k__dev__255114__0059__r0.wav,glass_breaking,,FSD50K,dev,255114,255114.wav,"Shatter,Crushing,Glass",breaking window 003 141113_0451.wav,klankbeeld,http://creativecommons.org/licenses/by/3.0/,explicit_AudioSet_Shatter_label,freesound:255114,,,,,
train,glass_breaking__fsd50k__dev__256993__0152__r0.wav,glass_breaking,,FSD50K,dev,256993,256993.wav,"Shatter,Crushing,Glass",breaking window 001 141113_0452.wav,klankbeeld,http://creativecommons.org/licenses/by/3.0/,explicit_AudioSet_Shatter_label,freesound:256993,,,,,
train,glass_breaking__fsd50k__dev__257496__0169__r0.wav,glass_breaking,,FSD50K,dev,257496,257496.wav,"Shatter,Crushing,Glass",breaking window 002 141113_0452.wav,klankbeeld,http://creativecommons.org/licenses/by/3.0/,explicit_AudioSet_Shatter_label,freesound:257496,,,,,
train,glass_breaking__fsd50k__dev__257791__0100__r0.wav,glass_breaking,,FSD50K,dev,257791,257791.wav,"Shatter,Crushing,Glass",breaking window 004 141113_0452.wav,klankbeeld,http://creativecommons.org/licenses/by/3.0/,explicit_AudioSet_Shatter_label,freesound:257791,,,,,
train,glass_breaking__fsd50k__dev__270515__0175__r0.wav,glass_breaking,,FSD50K,dev,270515,270515.wav,"Shatter,Liquid,Glass","Pullo, lasipullo rikki, lasi / A full bottle falls and breaks on the floor, water splashes, splinters of glass chink, mix",YleArkisto,http://creativecommons.org/licenses/by/3.0/,explicit_AudioSet_Shatter_label,freesound:270515,,,,,
train,glass_breaking__fsd50k__dev__270518__0135__r0.wav,glass_breaking,,FSD50K,dev,270518,270518.wav,"Shatter,Glass","Lasi rikki / Glass breake, a drinking glass falls on the floor and brakes, shatters, various takes",YleArkisto,http://creativecommons.org/licenses/by/3.0/,explicit_AudioSet_Shatter_label,freesound:270518,,,,,
train,glass_breaking__fsd50k__dev__270816__0109__r0.wav,glass_breaking,,FSD50K,dev,270816,270816.wav,"Shatter,Glass","Pullo, lasipullo rikki / Glass bottle breaks on the street, a few versions",YleArkisto,http://creativecommons.org/licenses/by/3.0/,explicit_AudioSet_Shatter_label,freesound:270816,,,,,
train,glass_breaking__fsd50k__dev__278152__0061__r0.wav,glass_breaking,,FSD50K,dev,278152,278152.wav,"Shatter,Boom,Glass,Explosion",Day 1 1st July qubodup Glass Explosion,kwahmah_02,http://creativecommons.org/licenses/by/3.0/,explicit_AudioSet_Shatter_label,freesound:278152,,,,,
train,glass_breaking__fsd50k__dev__30368__0037__r0.wav,glass_breaking,,FSD50K,dev,30368,30368.wav,"Shatter,Glass",Hostess Drops Glass.mp3,digifishmusic,http://creativecommons.org/licenses/by/3.0/,explicit_AudioSet_Shatter_label,freesound:30368,,,,,
train,glass_breaking__fsd50k__dev__321139__0044__r0.wav,glass_breaking,,FSD50K,dev,321139,321139.wav,"Shatter,Glass",Breaking glass,jsbarrett,http://creativecommons.org/publicdomain/zero/1.0/,explicit_AudioSet_Shatter_label,freesound:321139,,,,,
train,glass_breaking__fsd50k__dev__322602__0116__r0.wav,glass_breaking,,FSD50K,dev,322602,322602.wav,"Shatter,Glass",Small Glass Break,Natty23,http://creativecommons.org/licenses/by/3.0/,explicit_AudioSet_Shatter_label,freesound:322602,,,,,
train,glass_breaking__fsd50k__dev__322603__0038__r0.wav,glass_breaking,,FSD50K,dev,322603,322603.wav,"Shatter,Glass",Glass Break,Natty23,http://creativecommons.org/licenses/by/3.0/,explicit_AudioSet_Shatter_label,freesound:322603,,,,,
train,glass_breaking__fsd50k__dev__323077__0062__r0.wav,glass_breaking,,FSD50K,dev,323077,323077.wav,"Shatter,Glass",Impact - Shatter - 2,LiamG_SFX,http://creativecommons.org/licenses/by-nc/3.0/,explicit_AudioSet_Shatter_label,freesound:323077,,,,,
train,glass_breaking__fsd50k__dev__324645__0027__r0.wav,glass_breaking,,FSD50K,dev,324645,324645.wav,"Shatter,Glass","Laseja rikki / Glass break, a table falls, crash, lots of glass fall on the floor and break, mix",YleArkisto,http://creativecommons.org/licenses/by/3.0/,explicit_AudioSet_Shatter_label,freesound:324645,,,,,
train,glass_breaking__fsd50k__dev__344265__0048__r0.wav,glass_breaking,,FSD50K,dev,344265,344265.wav,"Shatter,Glass","Glass Smash, Bottle, D.wav",InspectorJ,http://creativecommons.org/licenses/by/3.0/,explicit_AudioSet_Shatter_label,freesound:344265,,,,,
train,glass_breaking__fsd50k__dev__344266__0182__r0.wav,glass_breaking,,FSD50K,dev,344266,344266.wav,"Shatter,Glass","Glass Smash, Bottle, C.wav",InspectorJ,http://creativecommons.org/licenses/by/3.0/,explicit_AudioSet_Shatter_label,freesound:344266,,,,,
train,glass_breaking__fsd50k__dev__344267__0147__r0.wav,glass_breaking,,FSD50K,dev,344267,344267.wav,"Shatter,Glass","Glass Smash, Bottle, B.wav",InspectorJ,http://creativecommons.org/licenses/by/3.0/,explicit_AudioSet_Shatter_label,freesound:344267,,,,,
train,glass_breaking__fsd50k__dev__344268__0123__r0.wav,glass_breaking,,FSD50K,dev,344268,344268.wav,"Shatter,Glass","Glass Smash, Bottle, A.wav",InspectorJ,http://creativecommons.org/licenses/by/3.0/,explicit_AudioSet_Shatter_label,freesound:344268,,,,,
train,glass_breaking__fsd50k__dev__344269__0165__r0.wav,glass_breaking,,FSD50K,dev,344269,344269.wav,"Shatter,Glass","Glass Smash, Bottle, H.wav",InspectorJ,http://creativecommons.org/licenses/by/3.0/,explicit_AudioSet_Shatter_label,freesound:344269,,,,,
train,glass_breaking__fsd50k__dev__344270__0090__r0.wav,glass_breaking,,FSD50K,dev,344270,344270.wav,"Shatter,Glass","Glass Smash, Bottle, G.wav",InspectorJ,http://creativecommons.org/licenses/by/3.0/,explicit_AudioSet_Shatter_label,freesound:344270,,,,,
train,glass_breaking__fsd50k__dev__347496__0158__r0.wav,glass_breaking,,FSD50K,dev,347496,347496.wav,"Shatter,Glass","Astioita ja lasia rikki / Glass, dishes, tableware break, table or a cupboard falls, mix",YleArkisto,http://creativecommons.org/licenses/by/3.0/,explicit_AudioSet_Shatter_label,freesound:347496,,,,,
train,glass_breaking__fsd50k__dev__349240__0082__r0.wav,glass_breaking,,FSD50K,dev,349240,349240.wav,"Shatter,Glass",Glass Break 2,Natty23,http://creativecommons.org/licenses/by/3.0/,explicit_AudioSet_Shatter_label,freesound:349240,,,,,
train,glass_breaking__fsd50k__dev__349905__0025__r0.wav,glass_breaking,,FSD50K,dev,349905,349905.wav,"Shatter,Glass",Slow Motion Glass Shatter,benjaminharveydesign,http://creativecommons.org/publicdomain/zero/1.0/,explicit_AudioSet_Shatter_label,freesound:349905,,,,,
train,glass_breaking__fsd50k__dev__362238__0073__r0.wav,glass_breaking,,FSD50K,dev,362238,362238.wav,"Shatter,Glass","Pullo rikki / Bottle falls and breaks on the floor, splinters of glass chink, various",YleArkisto,http://creativecommons.org/licenses/by/3.0/,explicit_AudioSet_Shatter_label,freesound:362238,,,,,
train,glass_breaking__fsd50k__dev__367770__0026__r0.wav,glass_breaking,,FSD50K,dev,367770,367770.wav,"Shatter,Glass",Pillow Fight Disaster.wav,FunWithSound,http://creativecommons.org/licenses/by/3.0/,explicit_AudioSet_Shatter_label,freesound:367770,,,,,
train,glass_breaking__fsd50k__dev__368328__0187__r0.wav,glass_breaking,,FSD50K,dev,368328,368328.wav,"Shatter,Glass",Glass Hit (16).wav,JohanDeecke,http://creativecommons.org/licenses/by/3.0/,explicit_AudioSet_Shatter_label,freesound:368328,,,,,
train,glass_breaking__fsd50k__dev__368337__0170__r0.wav,glass_breaking,,FSD50K,dev,368337,368337.wav,"Shatter,Glass",Glass Hit (30).wav,JohanDeecke,http://creativecommons.org/licenses/by/3.0/,explicit_AudioSet_Shatter_label,freesound:368337,,,,,
train,glass_breaking__fsd50k__dev__368342__0104__r0.wav,glass_breaking,,FSD50K,dev,368342,368342.wav,"Shatter,Glass",Glass Hit (31).wav,JohanDeecke,http://creativecommons.org/licenses/by/3.0/,explicit_AudioSet_Shatter_label,freesound:368342,,,,,
train,glass_breaking__fsd50k__dev__368345__0153__r0.wav,glass_breaking,,FSD50K,dev,368345,368345.wav,"Shatter,Glass",Glass Hit (20).wav,JohanDeecke,http://creativecommons.org/licenses/by/3.0/,explicit_AudioSet_Shatter_label,freesound:368345,,,,,
train,glass_breaking__fsd50k__dev__368350__0130__r0.wav,glass_breaking,,FSD50K,dev,368350,368350.wav,"Shatter,Glass",Glass Hit (23).wav,JohanDeecke,http://creativecommons.org/licenses/by/3.0/,explicit_AudioSet_Shatter_label,freesound:368350,,,,,
train,glass_breaking__fsd50k__dev__368354__0065__r0.wav,glass_breaking,,FSD50K,dev,368354,368354.wav,"Shatter,Glass",Glass Hit (5).wav,JohanDeecke,http://creativecommons.org/licenses/by/3.0/,explicit_AudioSet_Shatter_label,freesound:368354,,,,,
train,glass_breaking__fsd50k__dev__368905__0084__r0.wav,glass_breaking,,FSD50K,dev,368905,368905.wav,"Shatter,Glass",121 - Acoustic Memory - ShufflingBrokenGlass_002.wav,AcousticMemory,http://creativecommons.org/licenses/by/3.0/,explicit_AudioSet_Shatter_label,freesound:368905,,,,,
train,glass_breaking__fsd50k__dev__368944__0040__r0.wav,glass_breaking,,FSD50K,dev,368944,368944.wav,"Shatter,Glass",118 - Acoustic Memory - BreakingBeerBottle32ozMickeysWithHammer_002.wav,AcousticMemory,http://creativecommons.org/licenses/by/3.0/,explicit_AudioSet_Shatter_label,freesound:368944,,,,,
train,glass_breaking__fsd50k__dev__378285__0063__r0.wav,glass_breaking,,FSD50K,dev,378285,378285.wav,"Shatter,Glass",destruction of bottle.wav,13GPanska_Langerova_Lucie,http://creativecommons.org/publicdomain/zero/1.0/,explicit_AudioSet_Shatter_label,freesound:378285,,,,,
train,glass_breaking__fsd50k__dev__378289__0102__r0.wav,glass_breaking,,FSD50K,dev,378289,378289.wav,"Shatter,Glass",destruction of light bulb.wav,13GPanska_Langerova_Lucie,http://creativecommons.org/publicdomain/zero/1.0/,explicit_AudioSet_Shatter_label,freesound:378289,,,,,
train,glass_breaking__fsd50k__dev__383978__0036__r0.wav,glass_breaking,,FSD50K,dev,383978,383978.wav,"Shatter,Glass",bottle break,ChrisReierson,http://creativecommons.org/licenses/by/3.0/,explicit_AudioSet_Shatter_label,freesound:383978,,,,,
train,glass_breaking__fsd50k__dev__383988__0141__r0.wav,glass_breaking,,FSD50K,dev,383988,383988.wav,"Shatter,Glass",glass and scrap metal trash hit,ChrisReierson,http://creativecommons.org/licenses/by/3.0/,explicit_AudioSet_Shatter_label,freesound:383988,,,,,
train,glass_breaking__fsd50k__dev__387349__0060__r0.wav,glass_breaking,,FSD50K,dev,387349,387349.wav,"Shatter,Glass",Powerful Crush,CosmicEmbers,http://creativecommons.org/licenses/by/3.0/,explicit_AudioSet_Shatter_label,freesound:387349,,,,,
train,glass_breaking__fsd50k__dev__389793__0098__r0.wav,glass_breaking,,FSD50K,dev,389793,389793.wav,"Shatter,Glass",Breaking Glass Window.wav,krnash,http://creativecommons.org/publicdomain/zero/1.0/,explicit_AudioSet_Shatter_label,freesound:389793,,,,,
train,glass_breaking__fsd50k__dev__389804__0057__r0.wav,glass_breaking,,FSD50K,dev,389804,389804.wav,"Shatter,Glass",Shattering Glass.wav,krnash,http://creativecommons.org/publicdomain/zero/1.0/,explicit_AudioSet_Shatter_label,freesound:389804,,,,,
train,glass_breaking__fsd50k__dev__390705__0157__r0.wav,glass_breaking,,FSD50K,dev,390705,390705.wav,"Shatter,Glass",Breaking Glass 15.mp3,FunWithSound,http://creativecommons.org/licenses/by/3.0/,explicit_AudioSet_Shatter_label,freesound:390705,,,,,
train,glass_breaking__fsd50k__dev__390707__0191__r0.wav,glass_breaking,,FSD50K,dev,390707,390707.wav,"Shatter,Glass",Breaking Glass 13.mp3,FunWithSound,http://creativecommons.org/licenses/by/3.0/,explicit_AudioSet_Shatter_label,freesound:390707,,,,,
train,glass_breaking__fsd50k__dev__390708__0108__r0.wav,glass_breaking,,FSD50K,dev,390708,390708.wav,"Shatter,Glass",Breaking Glass 18.mp3,FunWithSound,http://creativecommons.org/licenses/by/3.0/,explicit_AudioSet_Shatter_label,freesound:390708,,,,,
train,glass_breaking__fsd50k__dev__390721__0072__r0.wav,glass_breaking,,FSD50K,dev,390721,390721.wav,"Shatter,Glass",Breaking Glass 2.mp3,FunWithSound,http://creativecommons.org/licenses/by/3.0/,explicit_AudioSet_Shatter_label,freesound:390721,,,,,
train,glass_breaking__fsd50k__dev__390722__0174__r0.wav,glass_breaking,,FSD50K,dev,390722,390722.wav,"Shatter,Glass",Breaking Glass 19.mp3,FunWithSound,http://creativecommons.org/licenses/by/3.0/,explicit_AudioSet_Shatter_label,freesound:390722,,,,,
train,glass_breaking__fsd50k__dev__390723__0134__r0.wav,glass_breaking,,FSD50K,dev,390723,390723.wav,"Shatter,Glass",Breaking Glass 25.mp3,FunWithSound,http://creativecommons.org/licenses/by/3.0/,explicit_AudioSet_Shatter_label,freesound:390723,,,,,
train,glass_breaking__fsd50k__dev__406256__0115__r0.wav,glass_breaking,,FSD50K,dev,406256,406256.wav,"Shatter,Glass",bottle break outside (pseudo-stereo edit),ChrisReierson,http://creativecommons.org/licenses/by/3.0/,explicit_AudioSet_Shatter_label,freesound:406256,,,,,
train,glass_breaking__fsd50k__dev__406257__0081__r0.wav,glass_breaking,,FSD50K,dev,406257,406257.wav,"Shatter,Glass",bottle break outside,ChrisReierson,http://creativecommons.org/licenses/by/3.0/,explicit_AudioSet_Shatter_label,freesound:406257,,,,,
train,glass_breaking__fsd50k__dev__42900__0161__r0.wav,glass_breaking,,FSD50K,dev,42900,42900.wav,"Shatter,Glass",glass break 2.wav,FreqMan,http://creativecommons.org/licenses/by/3.0/,explicit_AudioSet_Shatter_label,freesound:42900,,,,,
train,glass_breaking__fsd50k__dev__42901__0034__r0.wav,glass_breaking,,FSD50K,dev,42901,42901.wav,"Shatter,Glass",glass break 3.wav,FreqMan,http://creativecommons.org/licenses/by/3.0/,explicit_AudioSet_Shatter_label,freesound:42901,,,,,
train,glass_breaking__fsd50k__dev__42902__0178__r0.wav,glass_breaking,,FSD50K,dev,42902,42902.wav,"Shatter,Glass",glass break 4.wav,FreqMan,http://creativecommons.org/licenses/by/3.0/,explicit_AudioSet_Shatter_label,freesound:42902,,,,,
train,glass_breaking__fsd50k__dev__42904__0139__r0.wav,glass_breaking,,FSD50K,dev,42904,42904.wav,"Shatter,Glass",glass break.wav,FreqMan,http://creativecommons.org/licenses/by/3.0/,explicit_AudioSet_Shatter_label,freesound:42904,,,,,
train,glass_breaking__fsd50k__dev__42906__0079__r0.wav,glass_breaking,,FSD50K,dev,42906,42906.wav,"Shatter,Glass",large light bulb break.wav,FreqMan,http://creativecommons.org/licenses/by/3.0/,explicit_AudioSet_Shatter_label,freesound:42906,,,,,
train,glass_breaking__fsd50k__dev__42907__0113__r0.wav,glass_breaking,,FSD50K,dev,42907,42907.wav,"Shatter,Glass",wine glass break.wav,FreqMan,http://creativecommons.org/licenses/by/3.0/,explicit_AudioSet_Shatter_label,freesound:42907,,,,,
train,glass_breaking__fsd50k__dev__434439__0173__r0.wav,glass_breaking,,FSD50K,dev,434439,434439.wav,"Shatter,Crushing,Glass",Glass Smash 10,MysteryPancake,http://creativecommons.org/licenses/by/3.0/,explicit_AudioSet_Shatter_label,freesound:434439,,,,,
train,glass_breaking__fsd50k__dev__434440__0133__r0.wav,glass_breaking,,FSD50K,dev,434440,434440.wav,"Shatter,Crushing,Glass",Glass Smash 1,MysteryPancake,http://creativecommons.org/licenses/by/3.0/,explicit_AudioSet_Shatter_label,freesound:434440,,,,,
train,glass_breaking__fsd50k__dev__434441__0024__r0.wav,glass_breaking,,FSD50K,dev,434441,434441.wav,"Shatter,Crushing,Glass",Glass Smash 2,MysteryPancake,http://creativecommons.org/licenses/by/3.0/,explicit_AudioSet_Shatter_label,freesound:434441,,,,,
train,glass_breaking__fsd50k__dev__434443__0190__r0.wav,glass_breaking,,FSD50K,dev,434443,434443.wav,"Shatter,Crushing,Glass",Glass Smash 14,MysteryPancake,http://creativecommons.org/licenses/by/3.0/,explicit_AudioSet_Shatter_label,freesound:434443,,,,,
train,glass_breaking__fsd50k__dev__434444__0071__r0.wav,glass_breaking,,FSD50K,dev,434444,434444.wav,"Shatter,Crushing,Glass",Glass Smash 13,MysteryPancake,http://creativecommons.org/licenses/by/3.0/,explicit_AudioSet_Shatter_label,freesound:434444,,,,,
train,glass_breaking__fsd50k__dev__434446__0107__r0.wav,glass_breaking,,FSD50K,dev,434446,434446.wav,"Shatter,Crushing,Glass",Glass Smash 3,MysteryPancake,http://creativecommons.org/licenses/by/3.0/,explicit_AudioSet_Shatter_label,freesound:434446,,,,,
train,glass_breaking__fsd50k__dev__434451__0156__r0.wav,glass_breaking,,FSD50K,dev,434451,434451.wav,"Shatter,Crushing,Glass",Glass Smash 9,MysteryPancake,http://creativecommons.org/licenses/by/3.0/,explicit_AudioSet_Shatter_label,freesound:434451,,,,,
train,glass_breaking__fsd50k__dev__65902__0056__r0.wav,glass_breaking,,FSD50K,dev,65902,65902.wav,"Shatter,Glass",break-wine-glass.wav,BristolStories,http://creativecommons.org/licenses/by-nc/3.0/,explicit_AudioSet_Shatter_label,freesound:65902,,,,,
train,glass_breaking__fsd50k__dev__65918__0097__r0.wav,glass_breaking,,FSD50K,dev,65918,65918.wav,"Shatter,Glass",wine-glass-bits-hit.wav,BristolStories,http://creativecommons.org/licenses/by-nc/3.0/,explicit_AudioSet_Shatter_label,freesound:65918,,,,,
train,glass_breaking__fsd50k__dev__66519__0064__r0.wav,glass_breaking,,FSD50K,dev,66519,66519.wav,"Shatter,Glass",breaking_a_bottle_no1.wav,Connum,http://creativecommons.org/licenses/by-nc/3.0/,explicit_AudioSet_Shatter_label,freesound:66519,,,,,
train,glass_breaking__fsd50k__dev__66520__0103__r0.wav,glass_breaking,,FSD50K,dev,66520,66520.wav,"Shatter,Glass",breaking_a_bottle_no2.wav,Connum,http://creativecommons.org/licenses/by-nc/3.0/,explicit_AudioSet_Shatter_label,freesound:66520,,,,,
train,glass_breaking__fsd50k__dev__68654__0067__r0.wav,glass_breaking,,FSD50K,dev,68654,68654.wav,"Shatter,Glass",BreakingGlass.wav,mikaelfernstrom,http://creativecommons.org/licenses/by/3.0/,explicit_AudioSet_Shatter_label,freesound:68654,,,,,
train,glass_breaking__fsd50k__dev__71897__0183__r0.wav,glass_breaking,,FSD50K,dev,71897,71897.wav,"Shatter,Glass",je_breaking.wav,cmusounddesign,http://creativecommons.org/licenses/by/3.0/,explicit_AudioSet_Shatter_label,freesound:71897,,,,,
train,glass_breaking__fsd50k__dev__71947__0124__r0.wav,glass_breaking,,FSD50K,dev,71947,71947.wav,"Shatter,Glass",bm_Glass_Break.wav,cmusounddesign,http://creativecommons.org/licenses/by/3.0/,explicit_AudioSet_Shatter_label,freesound:71947,,,,,
train,glass_breaking__fsd50k__dev__84704__0148__r0.wav,glass_breaking,,FSD50K,dev,84704,84704.wav,"Shatter,Glass",Glass Break 1.wav,cmusounddesign,http://creativecommons.org/licenses/by/3.0/,explicit_AudioSet_Shatter_label,freesound:84704,,,,,
train,glass_breaking__fsd50k__dev__85107__0091__r0.wav,glass_breaking,,FSD50K,dev,85107,85107.wav,"Shatter,Glass",JK Bottle Break.wav,cmusounddesign,http://creativecommons.org/licenses/by/3.0/,explicit_AudioSet_Shatter_label,freesound:85107,,,,,
train,glass_breaking__fsd50k__dev__85168__0166__r0.wav,glass_breaking,,FSD50K,dev,85168,85168.wav,"Shatter,Glass",jf Glass Breaking.wav,cmusounddesign,http://creativecommons.org/licenses/by/3.0/,explicit_AudioSet_Shatter_label,freesound:85168,,,,,
train,glass_breaking__fsd50k__dev__85184__0049__r0.wav,glass_breaking,,FSD50K,dev,85184,85184.wav,"Shatter,Glass",mp glass break.wav,cmusounddesign,http://creativecommons.org/licenses/by/3.0/,explicit_AudioSet_Shatter_label,freesound:85184,,,,,
train,glass_breaking__fsd50k__dev__88926__0177__r0.wav,glass_breaking,,FSD50K,dev,88926,88926.wav,"Shatter,Glass",los11.aif,lsprice,http://creativecommons.org/licenses/by/3.0/,explicit_AudioSet_Shatter_label,freesound:88926,,,,,
train,glass_breaking__fsd50k__dev__88931__0112__r0.wav,glass_breaking,,FSD50K,dev,88931,88931.wav,"Shatter,Glass",los16.aif,lsprice,http://creativecommons.org/licenses/by/3.0/,explicit_AudioSet_Shatter_label,freesound:88931,,,,,
train,glass_breaking__fsd50k__dev__88933__0160__r0.wav,glass_breaking,,FSD50K,dev,88933,88933.wav,"Shatter,Glass",los18.aif,lsprice,http://creativecommons.org/licenses/by/3.0/,explicit_AudioSet_Shatter_label,freesound:88933,,,,,
train,glass_breaking__fsd50k__dev__88937__0033__r0.wav,glass_breaking,,FSD50K,dev,88937,88937.wav,"Shatter,Glass",los22.aif,lsprice,http://creativecommons.org/licenses/by/3.0/,explicit_AudioSet_Shatter_label,freesound:88937,,,,,
train,glass_breaking__fsd50k__dev__88950__0138__r0.wav,glass_breaking,,FSD50K,dev,88950,88950.wav,"Shatter,Glass",los35.aif,lsprice,http://creativecommons.org/licenses/by/3.0/,explicit_AudioSet_Shatter_label,freesound:88950,,,,,
train,glass_breaking__fsd50k__dev__89903__0078__r0.wav,glass_breaking,,FSD50K,dev,89903,89903.wav,"Shatter,Glass",sos17.aif,lsprice,http://creativecommons.org/licenses/by/3.0/,explicit_AudioSet_Shatter_label,freesound:89903,,,,,
train,glass_breaking__fsd50k__dev__92642__0150__r0.wav,glass_breaking,,FSD50K,dev,92642,92642.wav,"Shatter,Glass",Light Bulb Pop.mp3,CGEffex,http://creativecommons.org/licenses/by/3.0/,explicit_AudioSet_Shatter_label,freesound:92642,,,,,
train,glass_breaking__fsd50k__dev__92643__0096__r0.wav,glass_breaking,,FSD50K,dev,92643,92643.wav,"Shatter,Glass",Light Bulb Pops.mp3,CGEffex,http://creativecommons.org/licenses/by/3.0/,explicit_AudioSet_Shatter_label,freesound:92643,,,,,
train,glass_breaking__fsd50k__dev__92644__0127__r0.wav,glass_breaking,,FSD50K,dev,92644,92644.wav,"Shatter,Glass",Light Bulb Tinklings & Breakings.mp3,CGEffex,http://creativecommons.org/licenses/by/3.0/,explicit_AudioSet_Shatter_label,freesound:92644,,,,,
train,glass_breaking__fsd50k__dev__93299__0089__r0.wav,glass_breaking,,FSD50K,dev,93299,93299.wav,"Shatter,Glass",01537 breaking glass 1.wav,Robinhood76,http://creativecommons.org/licenses/by-nc/3.0/,explicit_AudioSet_Shatter_label,freesound:93299,,,,,
train,glass_breaking__fsd50k__dev__93449__0047__r0.wav,glass_breaking,,FSD50K,dev,93449,93449.wav,"Shatter,Glass",01539 breaking glass 3.wav,Robinhood76,http://creativecommons.org/licenses/by-nc/3.0/,explicit_AudioSet_Shatter_label,freesound:93449,,,,,
train,glass_breaking__fsd50k__dev__93964__0055__r0.wav,glass_breaking,,FSD50K,dev,93964,93964.wav,"Shatter,Glass",Smashing up beer bottles.flac,CGEffex,http://creativecommons.org/licenses/by/3.0/,explicit_AudioSet_Shatter_label,freesound:93964,,,,,
train,glass_breaking__fsd50k__dev__95078__0085__r0.wav,glass_breaking,,FSD50K,dev,95078,95078.wav,"Shatter,Crushing,Boom,Glass,Explosion",THE CRASH.wav,sandyrb,http://creativecommons.org/licenses/by/3.0/,explicit_AudioSet_Shatter_label,freesound:95078,,,,,
train,gunshot_gunfire__fsd50k__dev__100144__0000__r0.wav,gunshot_gunfire,,FSD50K,dev,100144,100144.wav,gunshot_gunfire,,,,unchanged_from_hazard5v3s,freesound:100144,,,,,
train,gunshot_gunfire__fsd50k__dev__101961__0001__r0.wav,gunshot_gunfire,,FSD50K,dev,101961,101961.wav,gunshot_gunfire,,,,unchanged_from_hazard5v3s,freesound:101961,,,,,
train,gunshot_gunfire__fsd50k__dev__101962__0002__r0.wav,gunshot_gunfire,,FSD50K,dev,101962,101962.wav,gunshot_gunfire,,,,unchanged_from_hazard5v3s,freesound:101962,,,,,
train,gunshot_gunfire__fsd50k__dev__103626__0003__r0.wav,gunshot_gunfire,,FSD50K,dev,103626,103626.wav,gunshot_gunfire,,,,unchanged_from_hazard5v3s,freesound:103626,,,,,
train,gunshot_gunfire__fsd50k__dev__108043__0004__r0.wav,gunshot_gunfire,,FSD50K,dev,108043,108043.wav,gunshot_gunfire,,,,unchanged_from_hazard5v3s,freesound:108043,,,,,
train,gunshot_gunfire__fsd50k__dev__108044__0005__r0.wav,gunshot_gunfire,,FSD50K,dev,108044,108044.wav,gunshot_gunfire,,,,unchanged_from_hazard5v3s,freesound:108044,,,,,
train,gunshot_gunfire__fsd50k__dev__108045__0006__r0.wav,gunshot_gunfire,,FSD50K,dev,108045,108045.wav,gunshot_gunfire,,,,unchanged_from_hazard5v3s,freesound:108045,,,,,
train,gunshot_gunfire__fsd50k__dev__108046__0007__r0.wav,gunshot_gunfire,,FSD50K,dev,108046,108046.wav,gunshot_gunfire,,,,unchanged_from_hazard5v3s,freesound:108046,,,,,
train,gunshot_gunfire__fsd50k__dev__108047__0008__r0.wav,gunshot_gunfire,,FSD50K,dev,108047,108047.wav,gunshot_gunfire,,,,unchanged_from_hazard5v3s,freesound:108047,,,,,
train,gunshot_gunfire__fsd50k__dev__118450__0009__r0.wav,gunshot_gunfire,,FSD50K,dev,118450,118450.wav,gunshot_gunfire,,,,unchanged_from_hazard5v3s,freesound:118450,,,,,
train,gunshot_gunfire__fsd50k__dev__127846__0010__r0.wav,gunshot_gunfire,,FSD50K,dev,127846,127846.wav,gunshot_gunfire,,,,unchanged_from_hazard5v3s,freesound:127846,,,,,
train,gunshot_gunfire__fsd50k__dev__128293__0011__r0.wav,gunshot_gunfire,,FSD50K,dev,128293,128293.wav,gunshot_gunfire,,,,unchanged_from_hazard5v3s,freesound:128293,,,,,
train,gunshot_gunfire__fsd50k__dev__128294__0012__r0.wav,gunshot_gunfire,,FSD50K,dev,128294,128294.wav,gunshot_gunfire,,,,unchanged_from_hazard5v3s,freesound:128294,,,,,
train,gunshot_gunfire__fsd50k__dev__128296__0013__r0.wav,gunshot_gunfire,,FSD50K,dev,128296,128296.wav,gunshot_gunfire,,,,unchanged_from_hazard5v3s,freesound:128296,,,,,
train,gunshot_gunfire__fsd50k__dev__128297__0014__r0.wav,gunshot_gunfire,,FSD50K,dev,128297,128297.wav,gunshot_gunfire,,,,unchanged_from_hazard5v3s,freesound:128297,,,,,
train,gunshot_gunfire__fsd50k__dev__128298__0015__r0.wav,gunshot_gunfire,,FSD50K,dev,128298,128298.wav,gunshot_gunfire,,,,unchanged_from_hazard5v3s,freesound:128298,,,,,
train,gunshot_gunfire__fsd50k__dev__128299__0016__r0.wav,gunshot_gunfire,,FSD50K,dev,128299,128299.wav,gunshot_gunfire,,,,unchanged_from_hazard5v3s,freesound:128299,,,,,
train,gunshot_gunfire__fsd50k__dev__128301__0017__r0.wav,gunshot_gunfire,,FSD50K,dev,128301,128301.wav,gunshot_gunfire,,,,unchanged_from_hazard5v3s,freesound:128301,,,,,
train,gunshot_gunfire__fsd50k__dev__132551__0018__r0.wav,gunshot_gunfire,,FSD50K,dev,132551,132551.wav,gunshot_gunfire,,,,unchanged_from_hazard5v3s,freesound:132551,,,,,
train,gunshot_gunfire__fsd50k__dev__136766__0019__r0.wav,gunshot_gunfire,,FSD50K,dev,136766,136766.wav,gunshot_gunfire,,,,unchanged_from_hazard5v3s,freesound:136766,,,,,
train,gunshot_gunfire__fsd50k__dev__139028__0020__r0.wav,gunshot_gunfire,,FSD50K,dev,139028,139028.wav,gunshot_gunfire,,,,unchanged_from_hazard5v3s,freesound:139028,,,,,
train,gunshot_gunfire__fsd50k__dev__145206__0021__r0.wav,gunshot_gunfire,,FSD50K,dev,145206,145206.wav,gunshot_gunfire,,,,unchanged_from_hazard5v3s,freesound:145206,,,,,
train,gunshot_gunfire__fsd50k__dev__145580__0022__r0.wav,gunshot_gunfire,,FSD50K,dev,145580,145580.wav,gunshot_gunfire,,,,unchanged_from_hazard5v3s,freesound:145580,,,,,
train,gunshot_gunfire__fsd50k__dev__145609__0023__r0.wav,gunshot_gunfire,,FSD50K,dev,145609,145609.wav,gunshot_gunfire,,,,unchanged_from_hazard5v3s,freesound:145609,,,,,
train,gunshot_gunfire__fsd50k__dev__148828__0024__r0.wav,gunshot_gunfire,,FSD50K,dev,148828,148828.wav,gunshot_gunfire,,,,unchanged_from_hazard5v3s,freesound:148828,,,,,
train,gunshot_gunfire__fsd50k__dev__148831__0025__r0.wav,gunshot_gunfire,,FSD50K,dev,148831,148831.wav,gunshot_gunfire,,,,unchanged_from_hazard5v3s,freesound:148831,,,,,
train,gunshot_gunfire__fsd50k__dev__148832__0026__r0.wav,gunshot_gunfire,,FSD50K,dev,148832,148832.wav,gunshot_gunfire,,,,unchanged_from_hazard5v3s,freesound:148832,,,,,
train,gunshot_gunfire__fsd50k__dev__148836__0027__r0.wav,gunshot_gunfire,,FSD50K,dev,148836,148836.wav,gunshot_gunfire,,,,unchanged_from_hazard5v3s,freesound:148836,,,,,
train,gunshot_gunfire__fsd50k__dev__148837__0028__r0.wav,gunshot_gunfire,,FSD50K,dev,148837,148837.wav,gunshot_gunfire,,,,unchanged_from_hazard5v3s,freesound:148837,,,,,
train,gunshot_gunfire__fsd50k__dev__148838__0029__r0.wav,gunshot_gunfire,,FSD50K,dev,148838,148838.wav,gunshot_gunfire,,,,unchanged_from_hazard5v3s,freesound:148838,,,,,
train,gunshot_gunfire__fsd50k__dev__151065__0030__r0.wav,gunshot_gunfire,,FSD50K,dev,151065,151065.wav,gunshot_gunfire,,,,unchanged_from_hazard5v3s,freesound:151065,,,,,
train,gunshot_gunfire__fsd50k__dev__151066__0031__r0.wav,gunshot_gunfire,,FSD50K,dev,151066,151066.wav,gunshot_gunfire,,,,unchanged_from_hazard5v3s,freesound:151066,,,,,
train,gunshot_gunfire__fsd50k__dev__151069__0032__r0.wav,gunshot_gunfire,,FSD50K,dev,151069,151069.wav,gunshot_gunfire,,,,unchanged_from_hazard5v3s,freesound:151069,,,,,
train,gunshot_gunfire__fsd50k__dev__151072__0033__r0.wav,gunshot_gunfire,,FSD50K,dev,151072,151072.wav,gunshot_gunfire,,,,unchanged_from_hazard5v3s,freesound:151072,,,,,
train,gunshot_gunfire__fsd50k__dev__151075__0034__r0.wav,gunshot_gunfire,,FSD50K,dev,151075,151075.wav,gunshot_gunfire,,,,unchanged_from_hazard5v3s,freesound:151075,,,,,
train,gunshot_gunfire__fsd50k__dev__157206__0035__r0.wav,gunshot_gunfire,,FSD50K,dev,157206,157206.wav,gunshot_gunfire,,,,unchanged_from_hazard5v3s,freesound:157206,,,,,
train,gunshot_gunfire__fsd50k__dev__157207__0036__r0.wav,gunshot_gunfire,,FSD50K,dev,157207,157207.wav,gunshot_gunfire,,,,unchanged_from_hazard5v3s,freesound:157207,,,,,
train,gunshot_gunfire__fsd50k__dev__157799__0037__r0.wav,gunshot_gunfire,,FSD50K,dev,157799,157799.wav,gunshot_gunfire,,,,unchanged_from_hazard5v3s,freesound:157799,,,,,
train,gunshot_gunfire__fsd50k__dev__157800__0038__r0.wav,gunshot_gunfire,,FSD50K,dev,157800,157800.wav,gunshot_gunfire,,,,unchanged_from_hazard5v3s,freesound:157800,,,,,
train,gunshot_gunfire__fsd50k__dev__157801__0039__r0.wav,gunshot_gunfire,,FSD50K,dev,157801,157801.wav,gunshot_gunfire,,,,unchanged_from_hazard5v3s,freesound:157801,,,,,
train,gunshot_gunfire__fsd50k__dev__158977__0040__r0.wav,gunshot_gunfire,,FSD50K,dev,158977,158977.wav,gunshot_gunfire,,,,unchanged_from_hazard5v3s,freesound:158977,,,,,
train,gunshot_gunfire__fsd50k__dev__158978__0041__r0.wav,gunshot_gunfire,,FSD50K,dev,158978,158978.wav,gunshot_gunfire,,,,unchanged_from_hazard5v3s,freesound:158978,,,,,
train,gunshot_gunfire__fsd50k__dev__158979__0042__r0.wav,gunshot_gunfire,,FSD50K,dev,158979,158979.wav,gunshot_gunfire,,,,unchanged_from_hazard5v3s,freesound:158979,,,,,
train,gunshot_gunfire__fsd50k__dev__159703__0043__r0.wav,gunshot_gunfire,,FSD50K,dev,159703,159703.wav,gunshot_gunfire,,,,unchanged_from_hazard5v3s,freesound:159703,,,,,
train,gunshot_gunfire__fsd50k__dev__159704__0044__r0.wav,gunshot_gunfire,,FSD50K,dev,159704,159704.wav,gunshot_gunfire,,,,unchanged_from_hazard5v3s,freesound:159704,,,,,
train,gunshot_gunfire__fsd50k__dev__159705__0045__r0.wav,gunshot_gunfire,,FSD50K,dev,159705,159705.wav,gunshot_gunfire,,,,unchanged_from_hazard5v3s,freesound:159705,,,,,
train,gunshot_gunfire__fsd50k__dev__159706__0046__r0.wav,gunshot_gunfire,,FSD50K,dev,159706,159706.wav,gunshot_gunfire,,,,unchanged_from_hazard5v3s,freesound:159706,,,,,
train,gunshot_gunfire__fsd50k__dev__159708__0047__r0.wav,gunshot_gunfire,,FSD50K,dev,159708,159708.wav,gunshot_gunfire,,,,unchanged_from_hazard5v3s,freesound:159708,,,,,
train,gunshot_gunfire__fsd50k__dev__159710__0048__r0.wav,gunshot_gunfire,,FSD50K,dev,159710,159710.wav,gunshot_gunfire,,,,unchanged_from_hazard5v3s,freesound:159710,,,,,
train,gunshot_gunfire__fsd50k__dev__160355__0049__r0.wav,gunshot_gunfire,,FSD50K,dev,160355,160355.wav,gunshot_gunfire,,,,unchanged_from_hazard5v3s,freesound:160355,,,,,
train,gunshot_gunfire__fsd50k__dev__160772__0050__r0.wav,gunshot_gunfire,,FSD50K,dev,160772,160772.wav,gunshot_gunfire,,,,unchanged_from_hazard5v3s,freesound:160772,,,,,
train,gunshot_gunfire__fsd50k__dev__160773__0051__r0.wav,gunshot_gunfire,,FSD50K,dev,160773,160773.wav,gunshot_gunfire,,,,unchanged_from_hazard5v3s,freesound:160773,,,,,
train,gunshot_gunfire__fsd50k__dev__161968__0052__r0.wav,gunshot_gunfire,,FSD50K,dev,161968,161968.wav,gunshot_gunfire,,,,unchanged_from_hazard5v3s,freesound:161968,,,,,
train,gunshot_gunfire__fsd50k__dev__161969__0053__r0.wav,gunshot_gunfire,,FSD50K,dev,161969,161969.wav,gunshot_gunfire,,,,unchanged_from_hazard5v3s,freesound:161969,,,,,
train,gunshot_gunfire__fsd50k__dev__161970__0054__r0.wav,gunshot_gunfire,,FSD50K,dev,161970,161970.wav,gunshot_gunfire,,,,unchanged_from_hazard5v3s,freesound:161970,,,,,
train,gunshot_gunfire__fsd50k__dev__162258__0055__r0.wav,gunshot_gunfire,,FSD50K,dev,162258,162258.wav,gunshot_gunfire,,,,unchanged_from_hazard5v3s,freesound:162258,,,,,
train,gunshot_gunfire__fsd50k__dev__162262__0056__r0.wav,gunshot_gunfire,,FSD50K,dev,162262,162262.wav,gunshot_gunfire,,,,unchanged_from_hazard5v3s,freesound:162262,,,,,
train,gunshot_gunfire__fsd50k__dev__162263__0057__r0.wav,gunshot_gunfire,,FSD50K,dev,162263,162263.wav,gunshot_gunfire,,,,unchanged_from_hazard5v3s,freesound:162263,,,,,
train,gunshot_gunfire__fsd50k__dev__162397__0058__r0.wav,gunshot_gunfire,,FSD50K,dev,162397,162397.wav,gunshot_gunfire,,,,unchanged_from_hazard5v3s,freesound:162397,,,,,
train,gunshot_gunfire__fsd50k__dev__162398__0059__r0.wav,gunshot_gunfire,,FSD50K,dev,162398,162398.wav,gunshot_gunfire,,,,unchanged_from_hazard5v3s,freesound:162398,,,,,
train,gunshot_gunfire__fsd50k__dev__162403__0060__r0.wav,gunshot_gunfire,,FSD50K,dev,162403,162403.wav,gunshot_gunfire,,,,unchanged_from_hazard5v3s,freesound:162403,,,,,
train,gunshot_gunfire__fsd50k__dev__162431__0061__r0.wav,gunshot_gunfire,,FSD50K,dev,162431,162431.wav,gunshot_gunfire,,,,unchanged_from_hazard5v3s,freesound:162431,,,,,
train,gunshot_gunfire__fsd50k__dev__162434__0062__r0.wav,gunshot_gunfire,,FSD50K,dev,162434,162434.wav,gunshot_gunfire,,,,unchanged_from_hazard5v3s,freesound:162434,,,,,
train,gunshot_gunfire__fsd50k__dev__162436__0063__r0.wav,gunshot_gunfire,,FSD50K,dev,162436,162436.wav,gunshot_gunfire,,,,unchanged_from_hazard5v3s,freesound:162436,,,,,
train,gunshot_gunfire__fsd50k__dev__163455__0064__r0.wav,gunshot_gunfire,,FSD50K,dev,163455,163455.wav,gunshot_gunfire,,,,unchanged_from_hazard5v3s,freesound:163455,,,,,
train,gunshot_gunfire__fsd50k__dev__163456__0065__r0.wav,gunshot_gunfire,,FSD50K,dev,163456,163456.wav,gunshot_gunfire,,,,unchanged_from_hazard5v3s,freesound:163456,,,,,
train,gunshot_gunfire__fsd50k__dev__163460__0066__r0.wav,gunshot_gunfire,,FSD50K,dev,163460,163460.wav,gunshot_gunfire,,,,unchanged_from_hazard5v3s,freesound:163460,,,,,
train,gunshot_gunfire__fsd50k__dev__164646__0067__r0.wav,gunshot_gunfire,,FSD50K,dev,164646,164646.wav,gunshot_gunfire,,,,unchanged_from_hazard5v3s,freesound:164646,,,,,
train,gunshot_gunfire__fsd50k__dev__164666__0068__r0.wav,gunshot_gunfire,,FSD50K,dev,164666,164666.wav,gunshot_gunfire,,,,unchanged_from_hazard5v3s,freesound:164666,,,,,
train,gunshot_gunfire__fsd50k__dev__164667__0069__r0.wav,gunshot_gunfire,,FSD50K,dev,164667,164667.wav,gunshot_gunfire,,,,unchanged_from_hazard5v3s,freesound:164667,,,,,
train,gunshot_gunfire__fsd50k__dev__164937__0070__r0.wav,gunshot_gunfire,,FSD50K,dev,164937,164937.wav,gunshot_gunfire,,,,unchanged_from_hazard5v3s,freesound:164937,,,,,
train,gunshot_gunfire__fsd50k__dev__165391__0071__r0.wav,gunshot_gunfire,,FSD50K,dev,165391,165391.wav,gunshot_gunfire,,,,unchanged_from_hazard5v3s,freesound:165391,,,,,
train,gunshot_gunfire__fsd50k__dev__165393__0072__r0.wav,gunshot_gunfire,,FSD50K,dev,165393,165393.wav,gunshot_gunfire,,,,unchanged_from_hazard5v3s,freesound:165393,,,,,
train,gunshot_gunfire__fsd50k__dev__165394__0073__r0.wav,gunshot_gunfire,,FSD50K,dev,165394,165394.wav,gunshot_gunfire,,,,unchanged_from_hazard5v3s,freesound:165394,,,,,
train,gunshot_gunfire__fsd50k__dev__165478__0074__r0.wav,gunshot_gunfire,,FSD50K,dev,165478,165478.wav,gunshot_gunfire,,,,unchanged_from_hazard5v3s,freesound:165478,,,,,
train,gunshot_gunfire__fsd50k__dev__165540__0075__r0.wav,gunshot_gunfire,,FSD50K,dev,165540,165540.wav,gunshot_gunfire,,,,unchanged_from_hazard5v3s,freesound:165540,,,,,
train,gunshot_gunfire__fsd50k__dev__166076__0076__r0.wav,gunshot_gunfire,,FSD50K,dev,166076,166076.wav,gunshot_gunfire,,,,unchanged_from_hazard5v3s,freesound:166076,,,,,
train,gunshot_gunfire__fsd50k__dev__166192__0077__r0.wav,gunshot_gunfire,,FSD50K,dev,166192,166192.wav,gunshot_gunfire,,,,unchanged_from_hazard5v3s,freesound:166192,,,,,
train,gunshot_gunfire__fsd50k__dev__171475__0078__r0.wav,gunshot_gunfire,,FSD50K,dev,171475,171475.wav,gunshot_gunfire,,,,unchanged_from_hazard5v3s,freesound:171475,,,,,
train,gunshot_gunfire__fsd50k__dev__178180__0079__r0.wav,gunshot_gunfire,,FSD50K,dev,178180,178180.wav,gunshot_gunfire,,,,unchanged_from_hazard5v3s,freesound:178180,,,,,
train,gunshot_gunfire__fsd50k__dev__182051__0080__r0.wav,gunshot_gunfire,,FSD50K,dev,182051,182051.wav,gunshot_gunfire,,,,unchanged_from_hazard5v3s,freesound:182051,,,,,
train,gunshot_gunfire__fsd50k__dev__182429__0081__r0.wav,gunshot_gunfire,,FSD50K,dev,182429,182429.wav,gunshot_gunfire,,,,unchanged_from_hazard5v3s,freesound:182429,,,,,
train,gunshot_gunfire__fsd50k__dev__182431__0082__r0.wav,gunshot_gunfire,,FSD50K,dev,182431,182431.wav,gunshot_gunfire,,,,unchanged_from_hazard5v3s,freesound:182431,,,,,
train,gunshot_gunfire__fsd50k__dev__182435__0083__r0.wav,gunshot_gunfire,,FSD50K,dev,182435,182435.wav,gunshot_gunfire,,,,unchanged_from_hazard5v3s,freesound:182435,,,,,
train,gunshot_gunfire__fsd50k__dev__182790__0084__r0.wav,gunshot_gunfire,,FSD50K,dev,182790,182790.wav,gunshot_gunfire,,,,unchanged_from_hazard5v3s,freesound:182790,,,,,
train,gunshot_gunfire__fsd50k__dev__182806__0085__r0.wav,gunshot_gunfire,,FSD50K,dev,182806,182806.wav,gunshot_gunfire,,,,unchanged_from_hazard5v3s,freesound:182806,,,,,
train,gunshot_gunfire__fsd50k__dev__184275__0086__r0.wav,gunshot_gunfire,,FSD50K,dev,184275,184275.wav,gunshot_gunfire,,,,unchanged_from_hazard5v3s,freesound:184275,,,,,
train,gunshot_gunfire__fsd50k__dev__184418__0087__r0.wav,gunshot_gunfire,,FSD50K,dev,184418,184418.wav,gunshot_gunfire,,,,unchanged_from_hazard5v3s,freesound:184418,,,,,
train,gunshot_gunfire__fsd50k__dev__187702__0088__r0.wav,gunshot_gunfire,,FSD50K,dev,187702,187702.wav,gunshot_gunfire,,,,unchanged_from_hazard5v3s,freesound:187702,,,,,
train,gunshot_gunfire__fsd50k__dev__187767__0089__r0.wav,gunshot_gunfire,,FSD50K,dev,187767,187767.wav,gunshot_gunfire,,,,unchanged_from_hazard5v3s,freesound:187767,,,,,
train,gunshot_gunfire__fsd50k__dev__191449__0090__r0.wav,gunshot_gunfire,,FSD50K,dev,191449,191449.wav,gunshot_gunfire,,,,unchanged_from_hazard5v3s,freesound:191449,,,,,
train,gunshot_gunfire__fsd50k__dev__198121__0091__r0.wav,gunshot_gunfire,,FSD50K,dev,198121,198121.wav,gunshot_gunfire,,,,unchanged_from_hazard5v3s,freesound:198121,,,,,
train,gunshot_gunfire__fsd50k__dev__201713__0092__r0.wav,gunshot_gunfire,,FSD50K,dev,201713,201713.wav,gunshot_gunfire,,,,unchanged_from_hazard5v3s,freesound:201713,,,,,
train,gunshot_gunfire__fsd50k__dev__204009__0093__r0.wav,gunshot_gunfire,,FSD50K,dev,204009,204009.wav,gunshot_gunfire,,,,unchanged_from_hazard5v3s,freesound:204009,,,,,
train,gunshot_gunfire__fsd50k__dev__204010__0094__r0.wav,gunshot_gunfire,,FSD50K,dev,204010,204010.wav,gunshot_gunfire,,,,unchanged_from_hazard5v3s,freesound:204010,,,,,
train,gunshot_gunfire__fsd50k__dev__205011__0095__r0.wav,gunshot_gunfire,,FSD50K,dev,205011,205011.wav,gunshot_gunfire,,,,unchanged_from_hazard5v3s,freesound:205011,,,,,
train,gunshot_gunfire__fsd50k__dev__212594__0096__r0.wav,gunshot_gunfire,,FSD50K,dev,212594,212594.wav,gunshot_gunfire,,,,unchanged_from_hazard5v3s,freesound:212594,,,,,
train,gunshot_gunfire__fsd50k__dev__215842__0097__r0.wav,gunshot_gunfire,,FSD50K,dev,215842,215842.wav,gunshot_gunfire,,,,unchanged_from_hazard5v3s,freesound:215842,,,,,
train,gunshot_gunfire__fsd50k__dev__215843__0098__r0.wav,gunshot_gunfire,,FSD50K,dev,215843,215843.wav,gunshot_gunfire,,,,unchanged_from_hazard5v3s,freesound:215843,,,,,
train,gunshot_gunfire__fsd50k__dev__215845__0099__r0.wav,gunshot_gunfire,,FSD50K,dev,215845,215845.wav,gunshot_gunfire,,,,unchanged_from_hazard5v3s,freesound:215845,,,,,
train,gunshot_gunfire__fsd50k__dev__215846__0100__r0.wav,gunshot_gunfire,,FSD50K,dev,215846,215846.wav,gunshot_gunfire,,,,unchanged_from_hazard5v3s,freesound:215846,,,,,
train,gunshot_gunfire__fsd50k__dev__215847__0101__r0.wav,gunshot_gunfire,,FSD50K,dev,215847,215847.wav,gunshot_gunfire,,,,unchanged_from_hazard5v3s,freesound:215847,,,,,
train,gunshot_gunfire__fsd50k__dev__216312__0102__r0.wav,gunshot_gunfire,,FSD50K,dev,216312,216312.wav,gunshot_gunfire,,,,unchanged_from_hazard5v3s,freesound:216312,,,,,
train,gunshot_gunfire__fsd50k__dev__216315__0103__r0.wav,gunshot_gunfire,,FSD50K,dev,216315,216315.wav,gunshot_gunfire,,,,unchanged_from_hazard5v3s,freesound:216315,,,,,
train,gunshot_gunfire__fsd50k__dev__216317__0104__r0.wav,gunshot_gunfire,,FSD50K,dev,216317,216317.wav,gunshot_gunfire,,,,unchanged_from_hazard5v3s,freesound:216317,,,,,
train,gunshot_gunfire__fsd50k__dev__216318__0105__r0.wav,gunshot_gunfire,,FSD50K,dev,216318,216318.wav,gunshot_gunfire,,,,unchanged_from_hazard5v3s,freesound:216318,,,,,
train,gunshot_gunfire__fsd50k__dev__216319__0106__r0.wav,gunshot_gunfire,,FSD50K,dev,216319,216319.wav,gunshot_gunfire,,,,unchanged_from_hazard5v3s,freesound:216319,,,,,
train,gunshot_gunfire__fsd50k__dev__216604__0107__r0.wav,gunshot_gunfire,,FSD50K,dev,216604,216604.wav,gunshot_gunfire,,,,unchanged_from_hazard5v3s,freesound:216604,,,,,
train,gunshot_gunfire__fsd50k__dev__219455__0108__r0.wav,gunshot_gunfire,,FSD50K,dev,219455,219455.wav,gunshot_gunfire,,,,unchanged_from_hazard5v3s,freesound:219455,,,,,
train,gunshot_gunfire__fsd50k__dev__219457__0109__r0.wav,gunshot_gunfire,,FSD50K,dev,219457,219457.wav,gunshot_gunfire,,,,unchanged_from_hazard5v3s,freesound:219457,,,,,
train,gunshot_gunfire__fsd50k__dev__220130__0110__r0.wav,gunshot_gunfire,,FSD50K,dev,220130,220130.wav,gunshot_gunfire,,,,unchanged_from_hazard5v3s,freesound:220130,,,,,
train,gunshot_gunfire__fsd50k__dev__221451__0111__r0.wav,gunshot_gunfire,,FSD50K,dev,221451,221451.wav,gunshot_gunfire,,,,unchanged_from_hazard5v3s,freesound:221451,,,,,
train,gunshot_gunfire__fsd50k__dev__221455__0112__r0.wav,gunshot_gunfire,,FSD50K,dev,221455,221455.wav,gunshot_gunfire,,,,unchanged_from_hazard5v3s,freesound:221455,,,,,
train,gunshot_gunfire__fsd50k__dev__221457__0113__r0.wav,gunshot_gunfire,,FSD50K,dev,221457,221457.wav,gunshot_gunfire,,,,unchanged_from_hazard5v3s,freesound:221457,,,,,
train,gunshot_gunfire__fsd50k__dev__228611__0114__r0.wav,gunshot_gunfire,,FSD50K,dev,228611,228611.wav,gunshot_gunfire,,,,unchanged_from_hazard5v3s,freesound:228611,,,,,
train,gunshot_gunfire__fsd50k__dev__231245__0115__r0.wav,gunshot_gunfire,,FSD50K,dev,231245,231245.wav,gunshot_gunfire,,,,unchanged_from_hazard5v3s,freesound:231245,,,,,
train,gunshot_gunfire__fsd50k__dev__231247__0116__r0.wav,gunshot_gunfire,,FSD50K,dev,231247,231247.wav,gunshot_gunfire,,,,unchanged_from_hazard5v3s,freesound:231247,,,,,
train,gunshot_gunfire__fsd50k__dev__231248__0117__r0.wav,gunshot_gunfire,,FSD50K,dev,231248,231248.wav,gunshot_gunfire,,,,unchanged_from_hazard5v3s,freesound:231248,,,,,
train,gunshot_gunfire__fsd50k__dev__231765__0118__r0.wav,gunshot_gunfire,,FSD50K,dev,231765,231765.wav,gunshot_gunfire,,,,unchanged_from_hazard5v3s,freesound:231765,,,,,
train,gunshot_gunfire__fsd50k__dev__233318__0119__r0.wav,gunshot_gunfire,,FSD50K,dev,233318,233318.wav,gunshot_gunfire,,,,unchanged_from_hazard5v3s,freesound:233318,,,,,
train,gunshot_gunfire__fsd50k__dev__233321__0120__r0.wav,gunshot_gunfire,,FSD50K,dev,233321,233321.wav,gunshot_gunfire,,,,unchanged_from_hazard5v3s,freesound:233321,,,,,
train,gunshot_gunfire__fsd50k__dev__233322__0121__r0.wav,gunshot_gunfire,,FSD50K,dev,233322,233322.wav,gunshot_gunfire,,,,unchanged_from_hazard5v3s,freesound:233322,,,,,
train,gunshot_gunfire__fsd50k__dev__233323__0122__r0.wav,gunshot_gunfire,,FSD50K,dev,233323,233323.wav,gunshot_gunfire,,,,unchanged_from_hazard5v3s,freesound:233323,,,,,
train,gunshot_gunfire__fsd50k__dev__234615__0123__r0.wav,gunshot_gunfire,,FSD50K,dev,234615,234615.wav,gunshot_gunfire,,,,unchanged_from_hazard5v3s,freesound:234615,,,,,
train,gunshot_gunfire__fsd50k__dev__234616__0124__r0.wav,gunshot_gunfire,,FSD50K,dev,234616,234616.wav,gunshot_gunfire,,,,unchanged_from_hazard5v3s,freesound:234616,,,,,
train,gunshot_gunfire__fsd50k__dev__234617__0125__r0.wav,gunshot_gunfire,,FSD50K,dev,234617,234617.wav,gunshot_gunfire,,,,unchanged_from_hazard5v3s,freesound:234617,,,,,
train,gunshot_gunfire__fsd50k__dev__234618__0126__r0.wav,gunshot_gunfire,,FSD50K,dev,234618,234618.wav,gunshot_gunfire,,,,unchanged_from_hazard5v3s,freesound:234618,,,,,
train,gunshot_gunfire__fsd50k__dev__234619__0127__r0.wav,gunshot_gunfire,,FSD50K,dev,234619,234619.wav,gunshot_gunfire,,,,unchanged_from_hazard5v3s,freesound:234619,,,,,
train,gunshot_gunfire__fsd50k__dev__237273__0128__r0.wav,gunshot_gunfire,,FSD50K,dev,237273,237273.wav,gunshot_gunfire,,,,unchanged_from_hazard5v3s,freesound:237273,,,,,
train,gunshot_gunfire__fsd50k__dev__238241__0129__r0.wav,gunshot_gunfire,,FSD50K,dev,238241,238241.wav,gunshot_gunfire,,,,unchanged_from_hazard5v3s,freesound:238241,,,,,
train,gunshot_gunfire__fsd50k__dev__238242__0130__r0.wav,gunshot_gunfire,,FSD50K,dev,238242,238242.wav,gunshot_gunfire,,,,unchanged_from_hazard5v3s,freesound:238242,,,,,
train,gunshot_gunfire__fsd50k__dev__238243__0131__r0.wav,gunshot_gunfire,,FSD50K,dev,238243,238243.wav,gunshot_gunfire,,,,unchanged_from_hazard5v3s,freesound:238243,,,,,
train,gunshot_gunfire__fsd50k__dev__238244__0132__r0.wav,gunshot_gunfire,,FSD50K,dev,238244,238244.wav,gunshot_gunfire,,,,unchanged_from_hazard5v3s,freesound:238244,,,,,
train,gunshot_gunfire__fsd50k__dev__238245__0133__r0.wav,gunshot_gunfire,,FSD50K,dev,238245,238245.wav,gunshot_gunfire,,,,unchanged_from_hazard5v3s,freesound:238245,,,,,
train,gunshot_gunfire__fsd50k__dev__238246__0134__r0.wav,gunshot_gunfire,,FSD50K,dev,238246,238246.wav,gunshot_gunfire,,,,unchanged_from_hazard5v3s,freesound:238246,,,,,
train,gunshot_gunfire__fsd50k__dev__238247__0135__r0.wav,gunshot_gunfire,,FSD50K,dev,238247,238247.wav,gunshot_gunfire,,,,unchanged_from_hazard5v3s,freesound:238247,,,,,
train,gunshot_gunfire__fsd50k__dev__238675__0136__r0.wav,gunshot_gunfire,,FSD50K,dev,238675,238675.wav,gunshot_gunfire,,,,unchanged_from_hazard5v3s,freesound:238675,,,,,
train,gunshot_gunfire__fsd50k__dev__238676__0137__r0.wav,gunshot_gunfire,,FSD50K,dev,238676,238676.wav,gunshot_gunfire,,,,unchanged_from_hazard5v3s,freesound:238676,,,,,
train,gunshot_gunfire__fsd50k__dev__238677__0138__r0.wav,gunshot_gunfire,,FSD50K,dev,238677,238677.wav,gunshot_gunfire,,,,unchanged_from_hazard5v3s,freesound:238677,,,,,
train,gunshot_gunfire__fsd50k__dev__239137__0139__r0.wav,gunshot_gunfire,,FSD50K,dev,239137,239137.wav,gunshot_gunfire,,,,unchanged_from_hazard5v3s,freesound:239137,,,,,
train,gunshot_gunfire__fsd50k__dev__239138__0140__r0.wav,gunshot_gunfire,,FSD50K,dev,239138,239138.wav,gunshot_gunfire,,,,unchanged_from_hazard5v3s,freesound:239138,,,,,
train,gunshot_gunfire__fsd50k__dev__245602__0141__r0.wav,gunshot_gunfire,,FSD50K,dev,245602,245602.wav,gunshot_gunfire,,,,unchanged_from_hazard5v3s,freesound:245602,,,,,
train,gunshot_gunfire__fsd50k__dev__25037__0142__r0.wav,gunshot_gunfire,,FSD50K,dev,25037,25037.wav,gunshot_gunfire,,,,unchanged_from_hazard5v3s,freesound:25037,,,,,
train,gunshot_gunfire__fsd50k__dev__25038__0143__r0.wav,gunshot_gunfire,,FSD50K,dev,25038,25038.wav,gunshot_gunfire,,,,unchanged_from_hazard5v3s,freesound:25038,,,,,
train,gunshot_gunfire__fsd50k__dev__251004__0144__r0.wav,gunshot_gunfire,,FSD50K,dev,251004,251004.wav,gunshot_gunfire,,,,unchanged_from_hazard5v3s,freesound:251004,,,,,
train,gunshot_gunfire__fsd50k__dev__253438__0145__r0.wav,gunshot_gunfire,,FSD50K,dev,253438,253438.wav,gunshot_gunfire,,,,unchanged_from_hazard5v3s,freesound:253438,,,,,
train,gunshot_gunfire__fsd50k__dev__253734__0146__r0.wav,gunshot_gunfire,,FSD50K,dev,253734,253734.wav,gunshot_gunfire,,,,unchanged_from_hazard5v3s,freesound:253734,,,,,
train,gunshot_gunfire__fsd50k__dev__254772__0147__r0.wav,gunshot_gunfire,,FSD50K,dev,254772,254772.wav,gunshot_gunfire,,,,unchanged_from_hazard5v3s,freesound:254772,,,,,
train,gunshot_gunfire__fsd50k__dev__255272__0148__r0.wav,gunshot_gunfire,,FSD50K,dev,255272,255272.wav,gunshot_gunfire,,,,unchanged_from_hazard5v3s,freesound:255272,,,,,
train,gunshot_gunfire__fsd50k__dev__257364__0149__r0.wav,gunshot_gunfire,,FSD50K,dev,257364,257364.wav,gunshot_gunfire,,,,unchanged_from_hazard5v3s,freesound:257364,,,,,
train,gunshot_gunfire__fsd50k__dev__257873__0150__r0.wav,gunshot_gunfire,,FSD50K,dev,257873,257873.wav,gunshot_gunfire,,,,unchanged_from_hazard5v3s,freesound:257873,,,,,
train,gunshot_gunfire__fsd50k__dev__257874__0151__r0.wav,gunshot_gunfire,,FSD50K,dev,257874,257874.wav,gunshot_gunfire,,,,unchanged_from_hazard5v3s,freesound:257874,,,,,
train,gunshot_gunfire__fsd50k__dev__257875__0152__r0.wav,gunshot_gunfire,,FSD50K,dev,257875,257875.wav,gunshot_gunfire,,,,unchanged_from_hazard5v3s,freesound:257875,,,,,
train,gunshot_gunfire__fsd50k__dev__257876__0153__r0.wav,gunshot_gunfire,,FSD50K,dev,257876,257876.wav,gunshot_gunfire,,,,unchanged_from_hazard5v3s,freesound:257876,,,,,
train,gunshot_gunfire__fsd50k__dev__259539__0154__r0.wav,gunshot_gunfire,,FSD50K,dev,259539,259539.wav,gunshot_gunfire,,,,unchanged_from_hazard5v3s,freesound:259539,,,,,
train,gunshot_gunfire__fsd50k__dev__26141__0155__r0.wav,gunshot_gunfire,,FSD50K,dev,26141,26141.wav,gunshot_gunfire,,,,unchanged_from_hazard5v3s,freesound:26141,,,,,
train,gunshot_gunfire__fsd50k__dev__266977__0156__r0.wav,gunshot_gunfire,,FSD50K,dev,266977,266977.wav,gunshot_gunfire,,,,unchanged_from_hazard5v3s,freesound:266977,,,,,
train,gunshot_gunfire__fsd50k__dev__267341__0157__r0.wav,gunshot_gunfire,,FSD50K,dev,267341,267341.wav,gunshot_gunfire,,,,unchanged_from_hazard5v3s,freesound:267341,,,,,
train,gunshot_gunfire__fsd50k__dev__267893__0158__r0.wav,gunshot_gunfire,,FSD50K,dev,267893,267893.wav,gunshot_gunfire,,,,unchanged_from_hazard5v3s,freesound:267893,,,,,
train,gunshot_gunfire__fsd50k__dev__30185__0159__r0.wav,gunshot_gunfire,,FSD50K,dev,30185,30185.wav,gunshot_gunfire,,,,unchanged_from_hazard5v3s,freesound:30185,,,,,
train,gunshot_gunfire__fsd50k__dev__315858__0160__r0.wav,gunshot_gunfire,,FSD50K,dev,315858,315858.wav,gunshot_gunfire,,,,unchanged_from_hazard5v3s,freesound:315858,,,,,
train,gunshot_gunfire__fsd50k__dev__319008__0161__r0.wav,gunshot_gunfire,,FSD50K,dev,319008,319008.wav,gunshot_gunfire,,,,unchanged_from_hazard5v3s,freesound:319008,,,,,
train,gunshot_gunfire__fsd50k__dev__319009__0162__r0.wav,gunshot_gunfire,,FSD50K,dev,319009,319009.wav,gunshot_gunfire,,,,unchanged_from_hazard5v3s,freesound:319009,,,,,
train,gunshot_gunfire__fsd50k__dev__319010__0163__r0.wav,gunshot_gunfire,,FSD50K,dev,319010,319010.wav,gunshot_gunfire,,,,unchanged_from_hazard5v3s,freesound:319010,,,,,
train,gunshot_gunfire__fsd50k__dev__320135__0164__r0.wav,gunshot_gunfire,,FSD50K,dev,320135,320135.wav,gunshot_gunfire,,,,unchanged_from_hazard5v3s,freesound:320135,,,,,
train,gunshot_gunfire__fsd50k__dev__320136__0165__r0.wav,gunshot_gunfire,,FSD50K,dev,320136,320136.wav,gunshot_gunfire,,,,unchanged_from_hazard5v3s,freesound:320136,,,,,
train,gunshot_gunfire__fsd50k__dev__324585__0166__r0.wav,gunshot_gunfire,,FSD50K,dev,324585,324585.wav,gunshot_gunfire,,,,unchanged_from_hazard5v3s,freesound:324585,,,,,
train,gunshot_gunfire__fsd50k__dev__32799__0167__r0.wav,gunshot_gunfire,,FSD50K,dev,32799,32799.wav,gunshot_gunfire,,,,unchanged_from_hazard5v3s,freesound:32799,,,,,
train,gunshot_gunfire__fsd50k__dev__32841__0168__r0.wav,gunshot_gunfire,,FSD50K,dev,32841,32841.wav,gunshot_gunfire,,,,unchanged_from_hazard5v3s,freesound:32841,,,,,
train,gunshot_gunfire__fsd50k__dev__32842__0169__r0.wav,gunshot_gunfire,,FSD50K,dev,32842,32842.wav,gunshot_gunfire,,,,unchanged_from_hazard5v3s,freesound:32842,,,,,
train,gunshot_gunfire__fsd50k__dev__332479__0170__r0.wav,gunshot_gunfire,,FSD50K,dev,332479,332479.wav,gunshot_gunfire,,,,unchanged_from_hazard5v3s,freesound:332479,,,,,
train,gunshot_gunfire__fsd50k__dev__337166__0171__r0.wav,gunshot_gunfire,,FSD50K,dev,337166,337166.wav,gunshot_gunfire,,,,unchanged_from_hazard5v3s,freesound:337166,,,,,
train,gunshot_gunfire__fsd50k__dev__346537__0172__r0.wav,gunshot_gunfire,,FSD50K,dev,346537,346537.wav,gunshot_gunfire,,,,unchanged_from_hazard5v3s,freesound:346537,,,,,
train,gunshot_gunfire__fsd50k__dev__346904__0173__r0.wav,gunshot_gunfire,,FSD50K,dev,346904,346904.wav,gunshot_gunfire,,,,unchanged_from_hazard5v3s,freesound:346904,,,,,
train,gunshot_gunfire__fsd50k__dev__346905__0174__r0.wav,gunshot_gunfire,,FSD50K,dev,346905,346905.wav,gunshot_gunfire,,,,unchanged_from_hazard5v3s,freesound:346905,,,,,
train,gunshot_gunfire__fsd50k__dev__34708__0175__r0.wav,gunshot_gunfire,,FSD50K,dev,34708,34708.wav,gunshot_gunfire,,,,unchanged_from_hazard5v3s,freesound:34708,,,,,
train,gunshot_gunfire__fsd50k__dev__348663__0176__r0.wav,gunshot_gunfire,,FSD50K,dev,348663,348663.wav,gunshot_gunfire,,,,unchanged_from_hazard5v3s,freesound:348663,,,,,
train,gunshot_gunfire__fsd50k__dev__348664__0177__r0.wav,gunshot_gunfire,,FSD50K,dev,348664,348664.wav,gunshot_gunfire,,,,unchanged_from_hazard5v3s,freesound:348664,,,,,
train,gunshot_gunfire__fsd50k__dev__348665__0178__r0.wav,gunshot_gunfire,,FSD50K,dev,348665,348665.wav,gunshot_gunfire,,,,unchanged_from_hazard5v3s,freesound:348665,,,,,
train,gunshot_gunfire__fsd50k__dev__348666__0179__r0.wav,gunshot_gunfire,,FSD50K,dev,348666,348666.wav,gunshot_gunfire,,,,unchanged_from_hazard5v3s,freesound:348666,,,,,
train,gunshot_gunfire__fsd50k__dev__348670__0180__r0.wav,gunshot_gunfire,,FSD50K,dev,348670,348670.wav,gunshot_gunfire,,,,unchanged_from_hazard5v3s,freesound:348670,,,,,
train,gunshot_gunfire__fsd50k__dev__348671__0181__r0.wav,gunshot_gunfire,,FSD50K,dev,348671,348671.wav,gunshot_gunfire,,,,unchanged_from_hazard5v3s,freesound:348671,,,,,
train,gunshot_gunfire__fsd50k__dev__348685__0182__r0.wav,gunshot_gunfire,,FSD50K,dev,348685,348685.wav,gunshot_gunfire,,,,unchanged_from_hazard5v3s,freesound:348685,,,,,
train,gunshot_gunfire__fsd50k__dev__349217__0183__r0.wav,gunshot_gunfire,,FSD50K,dev,349217,349217.wav,gunshot_gunfire,,,,unchanged_from_hazard5v3s,freesound:349217,,,,,
train,gunshot_gunfire__fsd50k__dev__362471__0184__r0.wav,gunshot_gunfire,,FSD50K,dev,362471,362471.wav,gunshot_gunfire,,,,unchanged_from_hazard5v3s,freesound:362471,,,,,
train,gunshot_gunfire__fsd50k__dev__362486__0185__r0.wav,gunshot_gunfire,,FSD50K,dev,362486,362486.wav,gunshot_gunfire,,,,unchanged_from_hazard5v3s,freesound:362486,,,,,
train,gunshot_gunfire__fsd50k__dev__362487__0186__r0.wav,gunshot_gunfire,,FSD50K,dev,362487,362487.wav,gunshot_gunfire,,,,unchanged_from_hazard5v3s,freesound:362487,,,,,
train,gunshot_gunfire__fsd50k__dev__364976__0187__r0.wav,gunshot_gunfire,,FSD50K,dev,364976,364976.wav,gunshot_gunfire,,,,unchanged_from_hazard5v3s,freesound:364976,,,,,
train,gunshot_gunfire__fsd50k__dev__365905__0188__r0.wav,gunshot_gunfire,,FSD50K,dev,365905,365905.wav,gunshot_gunfire,,,,unchanged_from_hazard5v3s,freesound:365905,,,,,
train,gunshot_gunfire__fsd50k__dev__369525__0189__r0.wav,gunshot_gunfire,,FSD50K,dev,369525,369525.wav,gunshot_gunfire,,,,unchanged_from_hazard5v3s,freesound:369525,,,,,
train,gunshot_gunfire__fsd50k__dev__369530__0190__r0.wav,gunshot_gunfire,,FSD50K,dev,369530,369530.wav,gunshot_gunfire,,,,unchanged_from_hazard5v3s,freesound:369530,,,,,
train,gunshot_gunfire__fsd50k__dev__369781__0191__r0.wav,gunshot_gunfire,,FSD50K,dev,369781,369781.wav,gunshot_gunfire,,,,unchanged_from_hazard5v3s,freesound:369781,,,,,
train,siren__esc50__fold_1__31482__0000__r0.wav,siren,,ESC-50,fold_1,31482,1-31482-A-42.wav,siren,,,,unchanged_from_hazard5v3s,esc-50:31482,,,,,
train,siren__esc50__fold_1__31482__0001__r0.wav,siren,,ESC-50,fold_1,31482,1-31482-B-42.wav,siren,,,,unchanged_from_hazard5v3s,esc-50:31482,,,,,
train,siren__esc50__fold_1__31482__0088__r1.wav,siren,,ESC-50,fold_1,31482,1-31482-A-42.wav,siren,,,,unchanged_from_hazard5v3s,esc-50:31482,,,,,
train,siren__esc50__fold_1__31482__0089__r1.wav,siren,,ESC-50,fold_1,31482,1-31482-B-42.wav,siren,,,,unchanged_from_hazard5v3s,esc-50:31482,,,,,
train,siren__esc50__fold_1__31482__0176__r2.wav,siren,,ESC-50,fold_1,31482,1-31482-A-42.wav,siren,,,,unchanged_from_hazard5v3s,esc-50:31482,,,,,
train,siren__esc50__fold_1__31482__0177__r2.wav,siren,,ESC-50,fold_1,31482,1-31482-B-42.wav,siren,,,,unchanged_from_hazard5v3s,esc-50:31482,,,,,
train,siren__esc50__fold_1__54084__0002__r0.wav,siren,,ESC-50,fold_1,54084,1-54084-A-42.wav,siren,,,,unchanged_from_hazard5v3s,esc-50:54084,,,,,
train,siren__esc50__fold_1__54084__0090__r1.wav,siren,,ESC-50,fold_1,54084,1-54084-A-42.wav,siren,,,,unchanged_from_hazard5v3s,esc-50:54084,,,,,
train,siren__esc50__fold_1__54084__0178__r2.wav,siren,,ESC-50,fold_1,54084,1-54084-A-42.wav,siren,,,,unchanged_from_hazard5v3s,esc-50:54084,,,,,
train,siren__esc50__fold_1__76831__0003__r0.wav,siren,,ESC-50,fold_1,76831,1-76831-A-42.wav,siren,,,,unchanged_from_hazard5v3s,esc-50:76831,,,,,
train,siren__esc50__fold_1__76831__0004__r0.wav,siren,,ESC-50,fold_1,76831,1-76831-B-42.wav,siren,,,,unchanged_from_hazard5v3s,esc-50:76831,,,,,
train,siren__esc50__fold_1__76831__0005__r0.wav,siren,,ESC-50,fold_1,76831,1-76831-C-42.wav,siren,,,,unchanged_from_hazard5v3s,esc-50:76831,,,,,
train,siren__esc50__fold_1__76831__0006__r0.wav,siren,,ESC-50,fold_1,76831,1-76831-D-42.wav,siren,,,,unchanged_from_hazard5v3s,esc-50:76831,,,,,
train,siren__esc50__fold_1__76831__0007__r0.wav,siren,,ESC-50,fold_1,76831,1-76831-E-42.wav,siren,,,,unchanged_from_hazard5v3s,esc-50:76831,,,,,
train,siren__esc50__fold_1__76831__0091__r1.wav,siren,,ESC-50,fold_1,76831,1-76831-A-42.wav,siren,,,,unchanged_from_hazard5v3s,esc-50:76831,,,,,
train,siren__esc50__fold_1__76831__0092__r1.wav,siren,,ESC-50,fold_1,76831,1-76831-B-42.wav,siren,,,,unchanged_from_hazard5v3s,esc-50:76831,,,,,
train,siren__esc50__fold_1__76831__0093__r1.wav,siren,,ESC-50,fold_1,76831,1-76831-C-42.wav,siren,,,,unchanged_from_hazard5v3s,esc-50:76831,,,,,
train,siren__esc50__fold_1__76831__0094__r1.wav,siren,,ESC-50,fold_1,76831,1-76831-D-42.wav,siren,,,,unchanged_from_hazard5v3s,esc-50:76831,,,,,
train,siren__esc50__fold_1__76831__0095__r1.wav,siren,,ESC-50,fold_1,76831,1-76831-E-42.wav,siren,,,,unchanged_from_hazard5v3s,esc-50:76831,,,,,
train,siren__esc50__fold_1__76831__0179__r2.wav,siren,,ESC-50,fold_1,76831,1-76831-A-42.wav,siren,,,,unchanged_from_hazard5v3s,esc-50:76831,,,,,
train,siren__esc50__fold_1__76831__0180__r2.wav,siren,,ESC-50,fold_1,76831,1-76831-B-42.wav,siren,,,,unchanged_from_hazard5v3s,esc-50:76831,,,,,
train,siren__esc50__fold_1__76831__0181__r2.wav,siren,,ESC-50,fold_1,76831,1-76831-C-42.wav,siren,,,,unchanged_from_hazard5v3s,esc-50:76831,,,,,
train,siren__esc50__fold_1__76831__0182__r2.wav,siren,,ESC-50,fold_1,76831,1-76831-D-42.wav,siren,,,,unchanged_from_hazard5v3s,esc-50:76831,,,,,
train,siren__esc50__fold_1__76831__0183__r2.wav,siren,,ESC-50,fold_1,76831,1-76831-E-42.wav,siren,,,,unchanged_from_hazard5v3s,esc-50:76831,,,,,
train,siren__esc50__fold_2__43802__0008__r0.wav,siren,,ESC-50,fold_2,43802,2-43802-A-42.wav,siren,,,,unchanged_from_hazard5v3s,esc-50:43802,,,,,
train,siren__esc50__fold_2__43802__0096__r1.wav,siren,,ESC-50,fold_2,43802,2-43802-A-42.wav,siren,,,,unchanged_from_hazard5v3s,esc-50:43802,,,,,
train,siren__esc50__fold_2__43802__0184__r2.wav,siren,,ESC-50,fold_2,43802,2-43802-A-42.wav,siren,,,,unchanged_from_hazard5v3s,esc-50:43802,,,,,
train,siren__esc50__fold_2__43806__0009__r0.wav,siren,,ESC-50,fold_2,43806,2-43806-A-42.wav,siren,,,,unchanged_from_hazard5v3s,esc-50:43806,,,,,
train,siren__esc50__fold_2__43806__0097__r1.wav,siren,,ESC-50,fold_2,43806,2-43806-A-42.wav,siren,,,,unchanged_from_hazard5v3s,esc-50:43806,,,,,
train,siren__esc50__fold_2__43806__0185__r2.wav,siren,,ESC-50,fold_2,43806,2-43806-A-42.wav,siren,,,,unchanged_from_hazard5v3s,esc-50:43806,,,,,
train,siren__esc50__fold_2__70052__0010__r0.wav,siren,,ESC-50,fold_2,70052,2-70052-A-42.wav,siren,,,,unchanged_from_hazard5v3s,esc-50:70052,,,,,
train,siren__esc50__fold_2__70052__0011__r0.wav,siren,,ESC-50,fold_2,70052,2-70052-B-42.wav,siren,,,,unchanged_from_hazard5v3s,esc-50:70052,,,,,
train,siren__esc50__fold_2__70052__0098__r1.wav,siren,,ESC-50,fold_2,70052,2-70052-A-42.wav,siren,,,,unchanged_from_hazard5v3s,esc-50:70052,,,,,
train,siren__esc50__fold_2__70052__0099__r1.wav,siren,,ESC-50,fold_2,70052,2-70052-B-42.wav,siren,,,,unchanged_from_hazard5v3s,esc-50:70052,,,,,
train,siren__esc50__fold_2__70052__0186__r2.wav,siren,,ESC-50,fold_2,70052,2-70052-A-42.wav,siren,,,,unchanged_from_hazard5v3s,esc-50:70052,,,,,
train,siren__esc50__fold_2__70052__0187__r2.wav,siren,,ESC-50,fold_2,70052,2-70052-B-42.wav,siren,,,,unchanged_from_hazard5v3s,esc-50:70052,,,,,
train,siren__esc50__fold_2__70936__0012__r0.wav,siren,,ESC-50,fold_2,70936,2-70936-A-42.wav,siren,,,,unchanged_from_hazard5v3s,esc-50:70936,,,,,
train,siren__esc50__fold_2__70936__0100__r1.wav,siren,,ESC-50,fold_2,70936,2-70936-A-42.wav,siren,,,,unchanged_from_hazard5v3s,esc-50:70936,,,,,
train,siren__esc50__fold_2__70936__0188__r2.wav,siren,,ESC-50,fold_2,70936,2-70936-A-42.wav,siren,,,,unchanged_from_hazard5v3s,esc-50:70936,,,,,
train,siren__esc50__fold_2__70938__0013__r0.wav,siren,,ESC-50,fold_2,70938,2-70938-A-42.wav,siren,,,,unchanged_from_hazard5v3s,esc-50:70938,,,,,
train,siren__esc50__fold_2__70938__0101__r1.wav,siren,,ESC-50,fold_2,70938,2-70938-A-42.wav,siren,,,,unchanged_from_hazard5v3s,esc-50:70938,,,,,
train,siren__esc50__fold_2__70938__0189__r2.wav,siren,,ESC-50,fold_2,70938,2-70938-A-42.wav,siren,,,,unchanged_from_hazard5v3s,esc-50:70938,,,,,
train,siren__esc50__fold_2__70939__0014__r0.wav,siren,,ESC-50,fold_2,70939,2-70939-A-42.wav,siren,,,,unchanged_from_hazard5v3s,esc-50:70939,,,,,
train,siren__esc50__fold_2__70939__0102__r1.wav,siren,,ESC-50,fold_2,70939,2-70939-A-42.wav,siren,,,,unchanged_from_hazard5v3s,esc-50:70939,,,,,
train,siren__esc50__fold_2__70939__0190__r2.wav,siren,,ESC-50,fold_2,70939,2-70939-A-42.wav,siren,,,,unchanged_from_hazard5v3s,esc-50:70939,,,,,
train,siren__esc50__fold_2__72688__0015__r0.wav,siren,,ESC-50,fold_2,72688,2-72688-A-42.wav,siren,,,,unchanged_from_hazard5v3s,esc-50:72688,,,,,
train,siren__esc50__fold_2__72688__0103__r1.wav,siren,,ESC-50,fold_2,72688,2-72688-A-42.wav,siren,,,,unchanged_from_hazard5v3s,esc-50:72688,,,,,
train,siren__esc50__fold_2__72688__0191__r2.wav,siren,,ESC-50,fold_2,72688,2-72688-A-42.wav,siren,,,,unchanged_from_hazard5v3s,esc-50:72688,,,,,
train,siren__esc50__fold_3__51376__0016__r0.wav,siren,,ESC-50,fold_3,51376,3-51376-A-42.wav,siren,,,,unchanged_from_hazard5v3s,esc-50:51376,,,,,
train,siren__esc50__fold_3__51376__0104__r1.wav,siren,,ESC-50,fold_3,51376,3-51376-A-42.wav,siren,,,,unchanged_from_hazard5v3s,esc-50:51376,,,,,
train,siren__esc50__fold_3__51731__0017__r0.wav,siren,,ESC-50,fold_3,51731,3-51731-A-42.wav,siren,,,,unchanged_from_hazard5v3s,esc-50:51731,,,,,
train,siren__esc50__fold_3__51731__0018__r0.wav,siren,,ESC-50,fold_3,51731,3-51731-B-42.wav,siren,,,,unchanged_from_hazard5v3s,esc-50:51731,,,,,
train,siren__esc50__fold_3__51731__0105__r1.wav,siren,,ESC-50,fold_3,51731,3-51731-A-42.wav,siren,,,,unchanged_from_hazard5v3s,esc-50:51731,,,,,
train,siren__esc50__fold_3__51731__0106__r1.wav,siren,,ESC-50,fold_3,51731,3-51731-B-42.wav,siren,,,,unchanged_from_hazard5v3s,esc-50:51731,,,,,
train,siren__esc50__fold_3__51909__0019__r0.wav,siren,,ESC-50,fold_3,51909,3-51909-A-42.wav,siren,,,,unchanged_from_hazard5v3s,esc-50:51909,,,,,
train,siren__esc50__fold_3__51909__0020__r0.wav,siren,,ESC-50,fold_3,51909,3-51909-B-42.wav,siren,,,,unchanged_from_hazard5v3s,esc-50:51909,,,,,
train,siren__esc50__fold_3__51909__0107__r1.wav,siren,,ESC-50,fold_3,51909,3-51909-A-42.wav,siren,,,,unchanged_from_hazard5v3s,esc-50:51909,,,,,
train,siren__esc50__fold_3__51909__0108__r1.wav,siren,,ESC-50,fold_3,51909,3-51909-B-42.wav,siren,,,,unchanged_from_hazard5v3s,esc-50:51909,,,,,
train,siren__esc50__fold_3__58772__0021__r0.wav,siren,,ESC-50,fold_3,58772,3-58772-A-42.wav,siren,,,,unchanged_from_hazard5v3s,esc-50:58772,,,,,
train,siren__esc50__fold_3__58772__0109__r1.wav,siren,,ESC-50,fold_3,58772,3-58772-A-42.wav,siren,,,,unchanged_from_hazard5v3s,esc-50:58772,,,,,
train,siren__esc50__fold_3__62878__0022__r0.wav,siren,,ESC-50,fold_3,62878,3-62878-A-42.wav,siren,,,,unchanged_from_hazard5v3s,esc-50:62878,,,,,
train,siren__esc50__fold_3__62878__0023__r0.wav,siren,,ESC-50,fold_3,62878,3-62878-B-42.wav,siren,,,,unchanged_from_hazard5v3s,esc-50:62878,,,,,
train,siren__esc50__fold_3__62878__0110__r1.wav,siren,,ESC-50,fold_3,62878,3-62878-A-42.wav,siren,,,,unchanged_from_hazard5v3s,esc-50:62878,,,,,
train,siren__esc50__fold_3__62878__0111__r1.wav,siren,,ESC-50,fold_3,62878,3-62878-B-42.wav,siren,,,,unchanged_from_hazard5v3s,esc-50:62878,,,,,
train,siren__fsd50k__dev__108192__0024__r0.wav,siren,,FSD50K,dev,108192,108192.wav,siren,,,,unchanged_from_hazard5v3s,freesound:108192,,,,,
train,siren__fsd50k__dev__108192__0112__r1.wav,siren,,FSD50K,dev,108192,108192.wav,siren,,,,unchanged_from_hazard5v3s,freesound:108192,,,,,
train,siren__fsd50k__dev__116664__0025__r0.wav,siren,,FSD50K,dev,116664,116664.wav,siren,,,,unchanged_from_hazard5v3s,freesound:116664,,,,,
train,siren__fsd50k__dev__116664__0113__r1.wav,siren,,FSD50K,dev,116664,116664.wav,siren,,,,unchanged_from_hazard5v3s,freesound:116664,,,,,
train,siren__fsd50k__dev__128459__0026__r0.wav,siren,,FSD50K,dev,128459,128459.wav,siren,,,,unchanged_from_hazard5v3s,freesound:128459,,,,,
train,siren__fsd50k__dev__128459__0114__r1.wav,siren,,FSD50K,dev,128459,128459.wav,siren,,,,unchanged_from_hazard5v3s,freesound:128459,,,,,
train,siren__fsd50k__dev__156868__0027__r0.wav,siren,,FSD50K,dev,156868,156868.wav,siren,,,,unchanged_from_hazard5v3s,freesound:156868,,,,,
train,siren__fsd50k__dev__156868__0115__r1.wav,siren,,FSD50K,dev,156868,156868.wav,siren,,,,unchanged_from_hazard5v3s,freesound:156868,,,,,
train,siren__fsd50k__dev__159743__0028__r0.wav,siren,,FSD50K,dev,159743,159743.wav,siren,,,,unchanged_from_hazard5v3s,freesound:159743,,,,,
train,siren__fsd50k__dev__159743__0116__r1.wav,siren,,FSD50K,dev,159743,159743.wav,siren,,,,unchanged_from_hazard5v3s,freesound:159743,,,,,
train,siren__fsd50k__dev__159745__0029__r0.wav,siren,,FSD50K,dev,159745,159745.wav,siren,,,,unchanged_from_hazard5v3s,freesound:159745,,,,,
train,siren__fsd50k__dev__159745__0117__r1.wav,siren,,FSD50K,dev,159745,159745.wav,siren,,,,unchanged_from_hazard5v3s,freesound:159745,,,,,
train,siren__fsd50k__dev__159750__0030__r0.wav,siren,,FSD50K,dev,159750,159750.wav,siren,,,,unchanged_from_hazard5v3s,freesound:159750,,,,,
train,siren__fsd50k__dev__159750__0118__r1.wav,siren,,FSD50K,dev,159750,159750.wav,siren,,,,unchanged_from_hazard5v3s,freesound:159750,,,,,
train,siren__fsd50k__dev__159753__0031__r0.wav,siren,,FSD50K,dev,159753,159753.wav,siren,,,,unchanged_from_hazard5v3s,freesound:159753,,,,,
train,siren__fsd50k__dev__159753__0119__r1.wav,siren,,FSD50K,dev,159753,159753.wav,siren,,,,unchanged_from_hazard5v3s,freesound:159753,,,,,
train,siren__fsd50k__dev__159754__0032__r0.wav,siren,,FSD50K,dev,159754,159754.wav,siren,,,,unchanged_from_hazard5v3s,freesound:159754,,,,,
train,siren__fsd50k__dev__159754__0120__r1.wav,siren,,FSD50K,dev,159754,159754.wav,siren,,,,unchanged_from_hazard5v3s,freesound:159754,,,,,
train,siren__fsd50k__dev__159755__0033__r0.wav,siren,,FSD50K,dev,159755,159755.wav,siren,,,,unchanged_from_hazard5v3s,freesound:159755,,,,,
train,siren__fsd50k__dev__159755__0121__r1.wav,siren,,FSD50K,dev,159755,159755.wav,siren,,,,unchanged_from_hazard5v3s,freesound:159755,,,,,
train,siren__fsd50k__dev__162719__0034__r0.wav,siren,,FSD50K,dev,162719,162719.wav,siren,,,,unchanged_from_hazard5v3s,freesound:162719,,,,,
train,siren__fsd50k__dev__162719__0122__r1.wav,siren,,FSD50K,dev,162719,162719.wav,siren,,,,unchanged_from_hazard5v3s,freesound:162719,,,,,
train,siren__fsd50k__dev__165166__0035__r0.wav,siren,,FSD50K,dev,165166,165166.wav,siren,,,,unchanged_from_hazard5v3s,freesound:165166,,,,,
train,siren__fsd50k__dev__165166__0123__r1.wav,siren,,FSD50K,dev,165166,165166.wav,siren,,,,unchanged_from_hazard5v3s,freesound:165166,,,,,
train,siren__fsd50k__dev__168258__0036__r0.wav,siren,,FSD50K,dev,168258,168258.wav,siren,,,,unchanged_from_hazard5v3s,freesound:168258,,,,,
train,siren__fsd50k__dev__168258__0124__r1.wav,siren,,FSD50K,dev,168258,168258.wav,siren,,,,unchanged_from_hazard5v3s,freesound:168258,,,,,
train,siren__fsd50k__dev__168621__0037__r0.wav,siren,,FSD50K,dev,168621,168621.wav,siren,,,,unchanged_from_hazard5v3s,freesound:168621,,,,,
train,siren__fsd50k__dev__168621__0125__r1.wav,siren,,FSD50K,dev,168621,168621.wav,siren,,,,unchanged_from_hazard5v3s,freesound:168621,,,,,
train,siren__fsd50k__dev__184623__0038__r0.wav,siren,,FSD50K,dev,184623,184623.wav,siren,,,,unchanged_from_hazard5v3s,freesound:184623,,,,,
train,siren__fsd50k__dev__184623__0126__r1.wav,siren,,FSD50K,dev,184623,184623.wav,siren,,,,unchanged_from_hazard5v3s,freesound:184623,,,,,
train,siren__fsd50k__dev__201611__0039__r0.wav,siren,,FSD50K,dev,201611,201611.wav,siren,,,,unchanged_from_hazard5v3s,freesound:201611,,,,,
train,siren__fsd50k__dev__201611__0127__r1.wav,siren,,FSD50K,dev,201611,201611.wav,siren,,,,unchanged_from_hazard5v3s,freesound:201611,,,,,
train,siren__fsd50k__dev__201945__0040__r0.wav,siren,,FSD50K,dev,201945,201945.wav,siren,,,,unchanged_from_hazard5v3s,freesound:201945,,,,,
train,siren__fsd50k__dev__201945__0128__r1.wav,siren,,FSD50K,dev,201945,201945.wav,siren,,,,unchanged_from_hazard5v3s,freesound:201945,,,,,
train,siren__fsd50k__dev__202418__0041__r0.wav,siren,,FSD50K,dev,202418,202418.wav,siren,,,,unchanged_from_hazard5v3s,freesound:202418,,,,,
train,siren__fsd50k__dev__202418__0129__r1.wav,siren,,FSD50K,dev,202418,202418.wav,siren,,,,unchanged_from_hazard5v3s,freesound:202418,,,,,
train,siren__fsd50k__dev__203720__0042__r0.wav,siren,,FSD50K,dev,203720,203720.wav,siren,,,,unchanged_from_hazard5v3s,freesound:203720,,,,,
train,siren__fsd50k__dev__203720__0130__r1.wav,siren,,FSD50K,dev,203720,203720.wav,siren,,,,unchanged_from_hazard5v3s,freesound:203720,,,,,
train,siren__fsd50k__dev__208652__0043__r0.wav,siren,,FSD50K,dev,208652,208652.wav,siren,,,,unchanged_from_hazard5v3s,freesound:208652,,,,,
train,siren__fsd50k__dev__208652__0131__r1.wav,siren,,FSD50K,dev,208652,208652.wav,siren,,,,unchanged_from_hazard5v3s,freesound:208652,,,,,
train,siren__fsd50k__dev__223824__0044__r0.wav,siren,,FSD50K,dev,223824,223824.wav,siren,,,,unchanged_from_hazard5v3s,freesound:223824,,,,,
train,siren__fsd50k__dev__223824__0132__r1.wav,siren,,FSD50K,dev,223824,223824.wav,siren,,,,unchanged_from_hazard5v3s,freesound:223824,,,,,
train,siren__fsd50k__dev__256469__0045__r0.wav,siren,,FSD50K,dev,256469,256469.wav,siren,,,,unchanged_from_hazard5v3s,freesound:256469,,,,,
train,siren__fsd50k__dev__256469__0133__r1.wav,siren,,FSD50K,dev,256469,256469.wav,siren,,,,unchanged_from_hazard5v3s,freesound:256469,,,,,
train,siren__fsd50k__dev__258169__0046__r0.wav,siren,,FSD50K,dev,258169,258169.wav,siren,,,,unchanged_from_hazard5v3s,freesound:258169,,,,,
train,siren__fsd50k__dev__258169__0134__r1.wav,siren,,FSD50K,dev,258169,258169.wav,siren,,,,unchanged_from_hazard5v3s,freesound:258169,,,,,
train,siren__fsd50k__dev__261589__0047__r0.wav,siren,,FSD50K,dev,261589,261589.wav,siren,,,,unchanged_from_hazard5v3s,freesound:261589,,,,,
train,siren__fsd50k__dev__261589__0135__r1.wav,siren,,FSD50K,dev,261589,261589.wav,siren,,,,unchanged_from_hazard5v3s,freesound:261589,,,,,
train,siren__fsd50k__dev__261593__0048__r0.wav,siren,,FSD50K,dev,261593,261593.wav,siren,,,,unchanged_from_hazard5v3s,freesound:261593,,,,,
train,siren__fsd50k__dev__261593__0136__r1.wav,siren,,FSD50K,dev,261593,261593.wav,siren,,,,unchanged_from_hazard5v3s,freesound:261593,,,,,
train,siren__fsd50k__dev__262278__0049__r0.wav,siren,,FSD50K,dev,262278,262278.wav,siren,,,,unchanged_from_hazard5v3s,freesound:262278,,,,,
train,siren__fsd50k__dev__262278__0137__r1.wav,siren,,FSD50K,dev,262278,262278.wav,siren,,,,unchanged_from_hazard5v3s,freesound:262278,,,,,
train,siren__fsd50k__dev__268809__0050__r0.wav,siren,,FSD50K,dev,268809,268809.wav,siren,,,,unchanged_from_hazard5v3s,freesound:268809,,,,,
train,siren__fsd50k__dev__268809__0138__r1.wav,siren,,FSD50K,dev,268809,268809.wav,siren,,,,unchanged_from_hazard5v3s,freesound:268809,,,,,
train,siren__fsd50k__dev__273750__0051__r0.wav,siren,,FSD50K,dev,273750,273750.wav,siren,,,,unchanged_from_hazard5v3s,freesound:273750,,,,,
train,siren__fsd50k__dev__273750__0139__r1.wav,siren,,FSD50K,dev,273750,273750.wav,siren,,,,unchanged_from_hazard5v3s,freesound:273750,,,,,
train,siren__fsd50k__dev__277508__0052__r0.wav,siren,,FSD50K,dev,277508,277508.wav,siren,,,,unchanged_from_hazard5v3s,freesound:277508,,,,,
train,siren__fsd50k__dev__277508__0140__r1.wav,siren,,FSD50K,dev,277508,277508.wav,siren,,,,unchanged_from_hazard5v3s,freesound:277508,,,,,
train,siren__fsd50k__dev__28426__0053__r0.wav,siren,,FSD50K,dev,28426,28426.wav,siren,,,,unchanged_from_hazard5v3s,freesound:28426,,,,,
train,siren__fsd50k__dev__28426__0141__r1.wav,siren,,FSD50K,dev,28426,28426.wav,siren,,,,unchanged_from_hazard5v3s,freesound:28426,,,,,
train,siren__fsd50k__dev__31482__0054__r0.wav,siren,,FSD50K,dev,31482,31482.wav,siren,,,,unchanged_from_hazard5v3s,freesound:31482,,,,,
train,siren__fsd50k__dev__31482__0142__r1.wav,siren,,FSD50K,dev,31482,31482.wav,siren,,,,unchanged_from_hazard5v3s,freesound:31482,,,,,
train,siren__fsd50k__dev__315758__0055__r0.wav,siren,,FSD50K,dev,315758,315758.wav,siren,,,,unchanged_from_hazard5v3s,freesound:315758,,,,,
train,siren__fsd50k__dev__315758__0143__r1.wav,siren,,FSD50K,dev,315758,315758.wav,siren,,,,unchanged_from_hazard5v3s,freesound:315758,,,,,
train,siren__fsd50k__dev__319751__0056__r0.wav,siren,,FSD50K,dev,319751,319751.wav,siren,,,,unchanged_from_hazard5v3s,freesound:319751,,,,,
train,siren__fsd50k__dev__319751__0144__r1.wav,siren,,FSD50K,dev,319751,319751.wav,siren,,,,unchanged_from_hazard5v3s,freesound:319751,,,,,
train,siren__fsd50k__dev__322205__0057__r0.wav,siren,,FSD50K,dev,322205,322205.wav,siren,,,,unchanged_from_hazard5v3s,freesound:322205,,,,,
train,siren__fsd50k__dev__322205__0145__r1.wav,siren,,FSD50K,dev,322205,322205.wav,siren,,,,unchanged_from_hazard5v3s,freesound:322205,,,,,
train,siren__fsd50k__dev__324579__0058__r0.wav,siren,,FSD50K,dev,324579,324579.wav,siren,,,,unchanged_from_hazard5v3s,freesound:324579,,,,,
train,siren__fsd50k__dev__324579__0146__r1.wav,siren,,FSD50K,dev,324579,324579.wav,siren,,,,unchanged_from_hazard5v3s,freesound:324579,,,,,
train,siren__fsd50k__dev__326074__0059__r0.wav,siren,,FSD50K,dev,326074,326074.wav,siren,,,,unchanged_from_hazard5v3s,freesound:326074,,,,,
train,siren__fsd50k__dev__326074__0147__r1.wav,siren,,FSD50K,dev,326074,326074.wav,siren,,,,unchanged_from_hazard5v3s,freesound:326074,,,,,
train,siren__fsd50k__dev__332918__0060__r0.wav,siren,,FSD50K,dev,332918,332918.wav,siren,,,,unchanged_from_hazard5v3s,freesound:332918,,,,,
train,siren__fsd50k__dev__332918__0148__r1.wav,siren,,FSD50K,dev,332918,332918.wav,siren,,,,unchanged_from_hazard5v3s,freesound:332918,,,,,
train,siren__fsd50k__dev__336894__0061__r0.wav,siren,,FSD50K,dev,336894,336894.wav,siren,,,,unchanged_from_hazard5v3s,freesound:336894,,,,,
train,siren__fsd50k__dev__336894__0149__r1.wav,siren,,FSD50K,dev,336894,336894.wav,siren,,,,unchanged_from_hazard5v3s,freesound:336894,,,,,
train,siren__fsd50k__dev__338973__0062__r0.wav,siren,,FSD50K,dev,338973,338973.wav,siren,,,,unchanged_from_hazard5v3s,freesound:338973,,,,,
train,siren__fsd50k__dev__338973__0150__r1.wav,siren,,FSD50K,dev,338973,338973.wav,siren,,,,unchanged_from_hazard5v3s,freesound:338973,,,,,
train,siren__fsd50k__dev__34280__0063__r0.wav,siren,,FSD50K,dev,34280,34280.wav,siren,,,,unchanged_from_hazard5v3s,freesound:34280,,,,,
train,siren__fsd50k__dev__34280__0151__r1.wav,siren,,FSD50K,dev,34280,34280.wav,siren,,,,unchanged_from_hazard5v3s,freesound:34280,,,,,
train,siren__fsd50k__dev__364911__0064__r0.wav,siren,,FSD50K,dev,364911,364911.wav,siren,,,,unchanged_from_hazard5v3s,freesound:364911,,,,,
train,siren__fsd50k__dev__364911__0152__r1.wav,siren,,FSD50K,dev,364911,364911.wav,siren,,,,unchanged_from_hazard5v3s,freesound:364911,,,,,
train,siren__fsd50k__dev__372251__0065__r0.wav,siren,,FSD50K,dev,372251,372251.wav,siren,,,,unchanged_from_hazard5v3s,freesound:372251,,,,,
train,siren__fsd50k__dev__372251__0153__r1.wav,siren,,FSD50K,dev,372251,372251.wav,siren,,,,unchanged_from_hazard5v3s,freesound:372251,,,,,
train,siren__fsd50k__dev__377125__0066__r0.wav,siren,,FSD50K,dev,377125,377125.wav,siren,,,,unchanged_from_hazard5v3s,freesound:377125,,,,,
train,siren__fsd50k__dev__377125__0154__r1.wav,siren,,FSD50K,dev,377125,377125.wav,siren,,,,unchanged_from_hazard5v3s,freesound:377125,,,,,
train,siren__fsd50k__dev__377126__0067__r0.wav,siren,,FSD50K,dev,377126,377126.wav,siren,,,,unchanged_from_hazard5v3s,freesound:377126,,,,,
train,siren__fsd50k__dev__377126__0155__r1.wav,siren,,FSD50K,dev,377126,377126.wav,siren,,,,unchanged_from_hazard5v3s,freesound:377126,,,,,
train,siren__fsd50k__dev__381957__0068__r0.wav,siren,,FSD50K,dev,381957,381957.wav,siren,,,,unchanged_from_hazard5v3s,freesound:381957,,,,,
train,siren__fsd50k__dev__381957__0156__r1.wav,siren,,FSD50K,dev,381957,381957.wav,siren,,,,unchanged_from_hazard5v3s,freesound:381957,,,,,
train,siren__fsd50k__dev__392801__0069__r0.wav,siren,,FSD50K,dev,392801,392801.wav,siren,,,,unchanged_from_hazard5v3s,freesound:392801,,,,,
train,siren__fsd50k__dev__392801__0157__r1.wav,siren,,FSD50K,dev,392801,392801.wav,siren,,,,unchanged_from_hazard5v3s,freesound:392801,,,,,
train,siren__fsd50k__dev__393662__0070__r0.wav,siren,,FSD50K,dev,393662,393662.wav,siren,,,,unchanged_from_hazard5v3s,freesound:393662,,,,,
train,siren__fsd50k__dev__393662__0158__r1.wav,siren,,FSD50K,dev,393662,393662.wav,siren,,,,unchanged_from_hazard5v3s,freesound:393662,,,,,
train,siren__fsd50k__dev__393665__0071__r0.wav,siren,,FSD50K,dev,393665,393665.wav,siren,,,,unchanged_from_hazard5v3s,freesound:393665,,,,,
train,siren__fsd50k__dev__393665__0159__r1.wav,siren,,FSD50K,dev,393665,393665.wav,siren,,,,unchanged_from_hazard5v3s,freesound:393665,,,,,
train,siren__fsd50k__dev__393666__0072__r0.wav,siren,,FSD50K,dev,393666,393666.wav,siren,,,,unchanged_from_hazard5v3s,freesound:393666,,,,,
train,siren__fsd50k__dev__393666__0160__r1.wav,siren,,FSD50K,dev,393666,393666.wav,siren,,,,unchanged_from_hazard5v3s,freesound:393666,,,,,
train,siren__fsd50k__dev__393667__0073__r0.wav,siren,,FSD50K,dev,393667,393667.wav,siren,,,,unchanged_from_hazard5v3s,freesound:393667,,,,,
train,siren__fsd50k__dev__393667__0161__r1.wav,siren,,FSD50K,dev,393667,393667.wav,siren,,,,unchanged_from_hazard5v3s,freesound:393667,,,,,
train,siren__fsd50k__dev__410825__0074__r0.wav,siren,,FSD50K,dev,410825,410825.wav,siren,,,,unchanged_from_hazard5v3s,freesound:410825,,,,,
train,siren__fsd50k__dev__410825__0162__r1.wav,siren,,FSD50K,dev,410825,410825.wav,siren,,,,unchanged_from_hazard5v3s,freesound:410825,,,,,
train,siren__fsd50k__dev__46092__0075__r0.wav,siren,,FSD50K,dev,46092,46092.wav,siren,,,,unchanged_from_hazard5v3s,freesound:46092,,,,,
train,siren__fsd50k__dev__46092__0163__r1.wav,siren,,FSD50K,dev,46092,46092.wav,siren,,,,unchanged_from_hazard5v3s,freesound:46092,,,,,
train,siren__fsd50k__dev__65152__0076__r0.wav,siren,,FSD50K,dev,65152,65152.wav,siren,,,,unchanged_from_hazard5v3s,freesound:65152,,,,,
train,siren__fsd50k__dev__65152__0164__r1.wav,siren,,FSD50K,dev,65152,65152.wav,siren,,,,unchanged_from_hazard5v3s,freesound:65152,,,,,
train,siren__fsd50k__dev__65929__0077__r0.wav,siren,,FSD50K,dev,65929,65929.wav,siren,,,,unchanged_from_hazard5v3s,freesound:65929,,,,,
train,siren__fsd50k__dev__65929__0165__r1.wav,siren,,FSD50K,dev,65929,65929.wav,siren,,,,unchanged_from_hazard5v3s,freesound:65929,,,,,
train,siren__fsd50k__dev__67358__0078__r0.wav,siren,,FSD50K,dev,67358,67358.wav,siren,,,,unchanged_from_hazard5v3s,freesound:67358,,,,,
train,siren__fsd50k__dev__67358__0166__r1.wav,siren,,FSD50K,dev,67358,67358.wav,siren,,,,unchanged_from_hazard5v3s,freesound:67358,,,,,
train,siren__fsd50k__dev__67359__0079__r0.wav,siren,,FSD50K,dev,67359,67359.wav,siren,,,,unchanged_from_hazard5v3s,freesound:67359,,,,,
train,siren__fsd50k__dev__67359__0167__r1.wav,siren,,FSD50K,dev,67359,67359.wav,siren,,,,unchanged_from_hazard5v3s,freesound:67359,,,,,
train,siren__fsd50k__dev__87393__0080__r0.wav,siren,,FSD50K,dev,87393,87393.wav,siren,,,,unchanged_from_hazard5v3s,freesound:87393,,,,,
train,siren__fsd50k__dev__87393__0168__r1.wav,siren,,FSD50K,dev,87393,87393.wav,siren,,,,unchanged_from_hazard5v3s,freesound:87393,,,,,
train,siren__fsd50k__dev__88121__0081__r0.wav,siren,,FSD50K,dev,88121,88121.wav,siren,,,,unchanged_from_hazard5v3s,freesound:88121,,,,,
train,siren__fsd50k__dev__88121__0169__r1.wav,siren,,FSD50K,dev,88121,88121.wav,siren,,,,unchanged_from_hazard5v3s,freesound:88121,,,,,
train,siren__fsd50k__dev__89682__0082__r0.wav,siren,,FSD50K,dev,89682,89682.wav,siren,,,,unchanged_from_hazard5v3s,freesound:89682,,,,,
train,siren__fsd50k__dev__89682__0170__r1.wav,siren,,FSD50K,dev,89682,89682.wav,siren,,,,unchanged_from_hazard5v3s,freesound:89682,,,,,
train,siren__fsd50k__dev__89683__0083__r0.wav,siren,,FSD50K,dev,89683,89683.wav,siren,,,,unchanged_from_hazard5v3s,freesound:89683,,,,,
train,siren__fsd50k__dev__89683__0171__r1.wav,siren,,FSD50K,dev,89683,89683.wav,siren,,,,unchanged_from_hazard5v3s,freesound:89683,,,,,
train,siren__fsd50k__dev__93639__0084__r0.wav,siren,,FSD50K,dev,93639,93639.wav,siren,,,,unchanged_from_hazard5v3s,freesound:93639,,,,,
train,siren__fsd50k__dev__93639__0172__r1.wav,siren,,FSD50K,dev,93639,93639.wav,siren,,,,unchanged_from_hazard5v3s,freesound:93639,,,,,
train,siren__fsd50k__dev__93643__0085__r0.wav,siren,,FSD50K,dev,93643,93643.wav,siren,,,,unchanged_from_hazard5v3s,freesound:93643,,,,,
train,siren__fsd50k__dev__93643__0173__r1.wav,siren,,FSD50K,dev,93643,93643.wav,siren,,,,unchanged_from_hazard5v3s,freesound:93643,,,,,
train,siren__fsd50k__dev__93676__0086__r0.wav,siren,,FSD50K,dev,93676,93676.wav,siren,,,,unchanged_from_hazard5v3s,freesound:93676,,,,,
train,siren__fsd50k__dev__93676__0174__r1.wav,siren,,FSD50K,dev,93676,93676.wav,siren,,,,unchanged_from_hazard5v3s,freesound:93676,,,,,
train,siren__fsd50k__dev__98536__0087__r0.wav,siren,,FSD50K,dev,98536,98536.wav,siren,,,,unchanged_from_hazard5v3s,freesound:98536,,,,,
train,siren__fsd50k__dev__98536__0175__r1.wav,siren,,FSD50K,dev,98536,98536.wav,siren,,,,unchanged_from_hazard5v3s,freesound:98536,,,,,
train,speech__fsd50k__train__speech__100935__0111.wav,speech,fsd50k_speech,FSD50K,train,100935,100935.wav,"Speech,Human_voice",,,,unchanged_from_hazard5v3s,freesound:100935,,,,,
train,speech__fsd50k__train__speech__100966__0000.wav,speech,fsd50k_speech,FSD50K,train,100966,100966.wav,"Speech,Human_voice",,,,unchanged_from_hazard5v3s,freesound:100966,,,,,
train,speech__fsd50k__train__speech__101313__0103.wav,speech,fsd50k_speech,FSD50K,train,101313,101313.wav,"Cheering,Human_voice,Shout,Human_group_actions",,,,unchanged_from_hazard5v3s,freesound:101313,,,,,
train,speech__fsd50k__train__speech__10186__0113.wav,speech,fsd50k_speech,FSD50K,train,10186,10186.wav,"Speech,Human_voice",,,,unchanged_from_hazard5v3s,freesound:10186,,,,,
train,speech__fsd50k__train__speech__104030__0124.wav,speech,fsd50k_speech,FSD50K,train,104030,104030.wav,"Screaming,Human_voice",,,,unchanged_from_hazard5v3s,freesound:104030,,,,,
train,speech__fsd50k__train__speech__104863__0138.wav,speech,fsd50k_speech,FSD50K,train,104863,104863.wav,"Female_speech_and_woman_speaking,Speech,Human_voice",,,,unchanged_from_hazard5v3s,freesound:104863,,,,,
train,speech__fsd50k__train__speech__106468__0150.wav,speech,fsd50k_speech,FSD50K,train,106468,106468.wav,"Female_speech_and_woman_speaking,Speech,Human_voice",,,,unchanged_from_hazard5v3s,freesound:106468,,,,,
train,speech__fsd50k__train__speech__108310__0132.wav,speech,fsd50k_speech,FSD50K,train,108310,108310.wav,"Female_speech_and_woman_speaking,Speech,Human_voice",,,,unchanged_from_hazard5v3s,freesound:108310,,,,,
train,speech__fsd50k__train__speech__108314__0123.wav,speech,fsd50k_speech,FSD50K,train,108314,108314.wav,"Whispering,Human_voice",,,,unchanged_from_hazard5v3s,freesound:108314,,,,,
train,speech__fsd50k__train__speech__108875__0001.wav,speech,fsd50k_speech,FSD50K,train,108875,108875.wav,"Female_speech_and_woman_speaking,Speech,Human_voice",,,,unchanged_from_hazard5v3s,freesound:108875,,,,,
train,speech__fsd50k__train__speech__108894__0155.wav,speech,fsd50k_speech,FSD50K,train,108894,108894.wav,"Female_speech_and_woman_speaking,Speech,Human_voice",,,,unchanged_from_hazard5v3s,freesound:108894,,,,,
train,speech__fsd50k__train__speech__109871__0053.wav,speech,fsd50k_speech,FSD50K,train,109871,109871.wav,"Female_speech_and_woman_speaking,Human_voice,Speech",,,,unchanged_from_hazard5v3s,freesound:109871,,,,,
train,speech__fsd50k__train__speech__112270__0136.wav,speech,fsd50k_speech,FSD50K,train,112270,112270.wav,"Yell,Shout,Human_voice",,,,unchanged_from_hazard5v3s,freesound:112270,,,,,
train,speech__fsd50k__train__speech__113238__0019.wav,speech,fsd50k_speech,FSD50K,train,113238,113238.wav,"Speech,Human_voice",,,,unchanged_from_hazard5v3s,freesound:113238,,,,,
train,speech__fsd50k__train__speech__120653__0049.wav,speech,fsd50k_speech,FSD50K,train,120653,120653.wav,"Whispering,Human_voice",,,,unchanged_from_hazard5v3s,freesound:120653,,,,,
train,speech__fsd50k__train__speech__120662__0084.wav,speech,fsd50k_speech,FSD50K,train,120662,120662.wav,"Whispering,Human_voice",,,,unchanged_from_hazard5v3s,freesound:120662,,,,,
train,speech__fsd50k__train__speech__120671__0176.wav,speech,fsd50k_speech,FSD50K,train,120671,120671.wav,"Whispering,Human_voice",,,,unchanged_from_hazard5v3s,freesound:120671,,,,,
train,speech__fsd50k__train__speech__122901__0075.wav,speech,fsd50k_speech,FSD50K,train,122901,122901.wav,"Speech,Human_voice",,,,unchanged_from_hazard5v3s,freesound:122901,,,,,
train,speech__fsd50k__train__speech__122903__0091.wav,speech,fsd50k_speech,FSD50K,train,122903,122903.wav,"Speech,Human_voice",,,,unchanged_from_hazard5v3s,freesound:122903,,,,,
train,speech__fsd50k__train__speech__122905__0188.wav,speech,fsd50k_speech,FSD50K,train,122905,122905.wav,"Speech,Human_voice",,,,unchanged_from_hazard5v3s,freesound:122905,,,,,
train,speech__fsd50k__train__speech__122910__0147.wav,speech,fsd50k_speech,FSD50K,train,122910,122910.wav,"Speech,Human_voice",,,,unchanged_from_hazard5v3s,freesound:122910,,,,,
train,speech__fsd50k__train__speech__122912__0156.wav,speech,fsd50k_speech,FSD50K,train,122912,122912.wav,"Speech,Human_voice",,,,unchanged_from_hazard5v3s,freesound:122912,,,,,
train,speech__fsd50k__train__speech__124805__0165.wav,speech,fsd50k_speech,FSD50K,train,124805,124805.wav,"Screaming,Human_voice",,,,unchanged_from_hazard5v3s,freesound:124805,,,,,
train,speech__fsd50k__train__speech__125130__0002.wav,speech,fsd50k_speech,FSD50K,train,125130,125130.wav,"Screaming,Human_voice",,,,unchanged_from_hazard5v3s,freesound:125130,,,,,
train,speech__fsd50k__train__speech__130707__0121.wav,speech,fsd50k_speech,FSD50K,train,130707,130707.wav,"Speech_synthesizer,Speech,Human_voice",,,,unchanged_from_hazard5v3s,freesound:130707,,,,,
train,speech__fsd50k__train__speech__130709__0073.wav,speech,fsd50k_speech,FSD50K,train,130709,130709.wav,"Speech_synthesizer,Speech,Human_voice",,,,unchanged_from_hazard5v3s,freesound:130709,,,,,
train,speech__fsd50k__train__speech__130717__0081.wav,speech,fsd50k_speech,FSD50K,train,130717,130717.wav,"Speech_synthesizer,Speech,Human_voice",,,,unchanged_from_hazard5v3s,freesound:130717,,,,,
train,speech__fsd50k__train__speech__137917__0082.wav,speech,fsd50k_speech,FSD50K,train,137917,137917.wav,"Speech,Human_voice",,,,unchanged_from_hazard5v3s,freesound:137917,,,,,
train,speech__fsd50k__train__speech__139046__0014.wav,speech,fsd50k_speech,FSD50K,train,139046,139046.wav,"Speech,Human_voice",,,,unchanged_from_hazard5v3s,freesound:139046,,,,,
train,speech__fsd50k__train__speech__139049__0070.wav,speech,fsd50k_speech,FSD50K,train,139049,139049.wav,"Speech,Human_voice",,,,unchanged_from_hazard5v3s,freesound:139049,,,,,
train,speech__fsd50k__train__speech__149919__0028.wav,speech,fsd50k_speech,FSD50K,train,149919,149919.wav,"Screaming,Human_voice",,,,unchanged_from_hazard5v3s,freesound:149919,,,,,
train,speech__fsd50k__train__speech__161370__0050.wav,speech,fsd50k_speech,FSD50K,train,161370,161370.wav,"Yell,Shout,Human_voice",,,,unchanged_from_hazard5v3s,freesound:161370,,,,,
train,speech__fsd50k__train__speech__165236__0041.wav,speech,fsd50k_speech,FSD50K,train,165236,165236.wav,"Conversation,Speech,Human_voice",,,,unchanged_from_hazard5v3s,freesound:165236,,,,,
train,speech__fsd50k__train__speech__166619__0104.wav,speech,fsd50k_speech,FSD50K,train,166619,166619.wav,"Screaming,Human_voice",,,,unchanged_from_hazard5v3s,freesound:166619,,,,,
train,speech__fsd50k__train__speech__168305__0190.wav,speech,fsd50k_speech,FSD50K,train,168305,168305.wav,"Whispering,Human_voice",,,,unchanged_from_hazard5v3s,freesound:168305,,,,,
train,speech__fsd50k__train__speech__175233__0126.wav,speech,fsd50k_speech,FSD50K,train,175233,175233.wav,"Speech,Human_voice",,,,unchanged_from_hazard5v3s,freesound:175233,,,,,
train,speech__fsd50k__train__speech__180299__0026.wav,speech,fsd50k_speech,FSD50K,train,180299,180299.wav,"Screaming,Human_voice",,,,unchanged_from_hazard5v3s,freesound:180299,,,,,
train,speech__fsd50k__train__speech__18274__0149.wav,speech,fsd50k_speech,FSD50K,train,18274,18274.wav,"Child_speech_and_kid_speaking,Speech,Human_voice",,,,unchanged_from_hazard5v3s,freesound:18274,,,,,
train,speech__fsd50k__train__speech__18286__0015.wav,speech,fsd50k_speech,FSD50K,train,18286,18286.wav,"Speech,Human_voice",,,,unchanged_from_hazard5v3s,freesound:18286,,,,,
train,speech__fsd50k__train__speech__18287__0110.wav,speech,fsd50k_speech,FSD50K,train,18287,18287.wav,"Child_speech_and_kid_speaking,Speech,Human_voice",,,,unchanged_from_hazard5v3s,freesound:18287,,,,,
train,speech__fsd50k__train__speech__18288__0160.wav,speech,fsd50k_speech,FSD50K,train,18288,18288.wav,"Speech,Human_voice",,,,unchanged_from_hazard5v3s,freesound:18288,,,,,
train,speech__fsd50k__train__speech__187294__0006.wav,speech,fsd50k_speech,FSD50K,train,187294,187294.wav,"Shout,Human_voice",,,,unchanged_from_hazard5v3s,freesound:187294,,,,,
train,speech__fsd50k__train__speech__189358__0063.wav,speech,fsd50k_speech,FSD50K,train,189358,189358.wav,"Male_speech_and_man_speaking,Speech,Human_voice",,,,unchanged_from_hazard5v3s,freesound:189358,,,,,
train,speech__fsd50k__train__speech__189376__0157.wav,speech,fsd50k_speech,FSD50K,train,189376,189376.wav,"Male_speech_and_man_speaking,Speech,Human_voice",,,,unchanged_from_hazard5v3s,freesound:189376,,,,,
train,speech__fsd50k__train__speech__189379__0170.wav,speech,fsd50k_speech,FSD50K,train,189379,189379.wav,"Male_speech_and_man_speaking,Speech,Human_voice",,,,unchanged_from_hazard5v3s,freesound:189379,,,,,
train,speech__fsd50k__train__speech__194481__0101.wav,speech,fsd50k_speech,FSD50K,train,194481,194481.wav,"Child_speech_and_kid_speaking,Speech,Human_voice",,,,unchanged_from_hazard5v3s,freesound:194481,,,,,
train,speech__fsd50k__train__speech__195846__0076.wav,speech,fsd50k_speech,FSD50K,train,195846,195846.wav,"Speech,Human_voice",,,,unchanged_from_hazard5v3s,freesound:195846,,,,,
train,speech__fsd50k__train__speech__196844__0158.wav,speech,fsd50k_speech,FSD50K,train,196844,196844.wav,"Speech,Human_voice",,,,unchanged_from_hazard5v3s,freesound:196844,,,,,
train,speech__fsd50k__train__speech__196865__0039.wav,speech,fsd50k_speech,FSD50K,train,196865,196865.wav,"Speech,Human_voice",,,,unchanged_from_hazard5v3s,freesound:196865,,,,,
train,speech__fsd50k__train__speech__196884__0191.wav,speech,fsd50k_speech,FSD50K,train,196884,196884.wav,"Speech,Human_voice",,,,unchanged_from_hazard5v3s,freesound:196884,,,,,
train,speech__fsd50k__train__speech__207860__0038.wav,speech,fsd50k_speech,FSD50K,train,207860,207860.wav,"Yell,Crying_and_sobbing,Human_voice,Shout",,,,unchanged_from_hazard5v3s,freesound:207860,,,,,
train,speech__fsd50k__train__speech__21137__0057.wav,speech,fsd50k_speech,FSD50K,train,21137,21137.wav,"Conversation,Speech,Human_voice",,,,unchanged_from_hazard5v3s,freesound:21137,,,,,
train,speech__fsd50k__train__speech__219653__0010.wav,speech,fsd50k_speech,FSD50K,train,219653,219653.wav,"Screaming,Human_voice",,,,unchanged_from_hazard5v3s,freesound:219653,,,,,
train,speech__fsd50k__train__speech__219657__0162.wav,speech,fsd50k_speech,FSD50K,train,219657,219657.wav,"Screaming,Human_voice",,,,unchanged_from_hazard5v3s,freesound:219657,,,,,
train,speech__fsd50k__train__speech__219663__0042.wav,speech,fsd50k_speech,FSD50K,train,219663,219663.wav,"Screaming,Human_voice",,,,unchanged_from_hazard5v3s,freesound:219663,,,,,
train,speech__fsd50k__train__speech__219941__0145.wav,speech,fsd50k_speech,FSD50K,train,219941,219941.wav,"Speech,Human_voice",,,,unchanged_from_hazard5v3s,freesound:219941,,,,,
train,speech__fsd50k__train__speech__220818__0161.wav,speech,fsd50k_speech,FSD50K,train,220818,220818.wav,"Screaming,Yell,Human_voice,Shout",,,,unchanged_from_hazard5v3s,freesound:220818,,,,,
train,speech__fsd50k__train__speech__221150__0143.wav,speech,fsd50k_speech,FSD50K,train,221150,221150.wav,"Screaming,Human_voice",,,,unchanged_from_hazard5v3s,freesound:221150,,,,,
train,speech__fsd50k__train__speech__223521__0030.wav,speech,fsd50k_speech,FSD50K,train,223521,223521.wav,"Male_speech_and_man_speaking,Yell,Laughter,Speech,Human_voice,Shout",,,,unchanged_from_hazard5v3s,freesound:223521,,,,,
train,speech__fsd50k__train__speech__233029__0163.wav,speech,fsd50k_speech,FSD50K,train,233029,233029.wav,"Speech,Human_voice",,,,unchanged_from_hazard5v3s,freesound:233029,,,,,
train,speech__fsd50k__train__speech__233032__0130.wav,speech,fsd50k_speech,FSD50K,train,233032,233032.wav,"Speech,Human_voice",,,,unchanged_from_hazard5v3s,freesound:233032,,,,,
train,speech__fsd50k__train__speech__234996__0148.wav,speech,fsd50k_speech,FSD50K,train,234996,234996.wav,"Female_speech_and_woman_speaking,Speech,Human_voice",,,,unchanged_from_hazard5v3s,freesound:234996,,,,,
train,speech__fsd50k__train__speech__235048__0033.wav,speech,fsd50k_speech,FSD50K,train,235048,235048.wav,"Female_speech_and_woman_speaking,Speech,Human_voice",,,,unchanged_from_hazard5v3s,freesound:235048,,,,,
train,speech__fsd50k__train__speech__235114__0078.wav,speech,fsd50k_speech,FSD50K,train,235114,235114.wav,"Female_speech_and_woman_speaking,Speech,Human_voice",,,,unchanged_from_hazard5v3s,freesound:235114,,,,,
train,speech__fsd50k__train__speech__235145__0119.wav,speech,fsd50k_speech,FSD50K,train,235145,235145.wav,"Speech,Human_voice",,,,unchanged_from_hazard5v3s,freesound:235145,,,,,
train,speech__fsd50k__train__speech__236364__0093.wav,speech,fsd50k_speech,FSD50K,train,236364,236364.wav,"Male_speech_and_man_speaking,Speech,Human_voice",,,,unchanged_from_hazard5v3s,freesound:236364,,,,,
train,speech__fsd50k__train__speech__236382__0024.wav,speech,fsd50k_speech,FSD50K,train,236382,236382.wav,"Whispering,Human_voice",,,,unchanged_from_hazard5v3s,freesound:236382,,,,,
train,speech__fsd50k__train__speech__236398__0102.wav,speech,fsd50k_speech,FSD50K,train,236398,236398.wav,"Male_speech_and_man_speaking,Speech,Human_voice",,,,unchanged_from_hazard5v3s,freesound:236398,,,,,
train,speech__fsd50k__train__speech__236418__0174.wav,speech,fsd50k_speech,FSD50K,train,236418,236418.wav,"Whispering,Human_voice",,,,unchanged_from_hazard5v3s,freesound:236418,,,,,
train,speech__fsd50k__train__speech__236428__0087.wav,speech,fsd50k_speech,FSD50K,train,236428,236428.wav,"Female_speech_and_woman_speaking,Speech,Human_voice",,,,unchanged_from_hazard5v3s,freesound:236428,,,,,
train,speech__fsd50k__train__speech__236454__0017.wav,speech,fsd50k_speech,FSD50K,train,236454,236454.wav,"Whispering,Human_voice",,,,unchanged_from_hazard5v3s,freesound:236454,,,,,
train,speech__fsd50k__train__speech__236455__0059.wav,speech,fsd50k_speech,FSD50K,train,236455,236455.wav,"Male_speech_and_man_speaking,Speech,Human_voice",,,,unchanged_from_hazard5v3s,freesound:236455,,,,,
train,speech__fsd50k__train__speech__236464__0171.wav,speech,fsd50k_speech,FSD50K,train,236464,236464.wav,"Whispering,Human_voice",,,,unchanged_from_hazard5v3s,freesound:236464,,,,,
train,speech__fsd50k__train__speech__236547__0048.wav,speech,fsd50k_speech,FSD50K,train,236547,236547.wav,"Whispering,Human_voice",,,,unchanged_from_hazard5v3s,freesound:236547,,,,,
train,speech__fsd50k__train__speech__236556__0018.wav,speech,fsd50k_speech,FSD50K,train,236556,236556.wav,"Male_speech_and_man_speaking,Speech,Human_voice",,,,unchanged_from_hazard5v3s,freesound:236556,,,,,
train,speech__fsd50k__train__speech__236580__0186.wav,speech,fsd50k_speech,FSD50K,train,236580,236580.wav,"Male_speech_and_man_speaking,Speech,Human_voice",,,,unchanged_from_hazard5v3s,freesound:236580,,,,,
train,speech__fsd50k__train__speech__236609__0179.wav,speech,fsd50k_speech,FSD50K,train,236609,236609.wav,"Whispering,Human_voice",,,,unchanged_from_hazard5v3s,freesound:236609,,,,,
train,speech__fsd50k__train__speech__236653__0064.wav,speech,fsd50k_speech,FSD50K,train,236653,236653.wav,"Male_speech_and_man_speaking,Speech,Human_voice",,,,unchanged_from_hazard5v3s,freesound:236653,,,,,
train,speech__fsd50k__train__speech__236660__0044.wav,speech,fsd50k_speech,FSD50K,train,236660,236660.wav,"Female_speech_and_woman_speaking,Speech,Human_voice",,,,unchanged_from_hazard5v3s,freesound:236660,,,,,
train,speech__fsd50k__train__speech__236680__0118.wav,speech,fsd50k_speech,FSD50K,train,236680,236680.wav,"Whispering,Human_voice",,,,unchanged_from_hazard5v3s,freesound:236680,,,,,
train,speech__fsd50k__train__speech__236682__0127.wav,speech,fsd50k_speech,FSD50K,train,236682,236682.wav,"Male_speech_and_man_speaking,Speech,Human_voice",,,,unchanged_from_hazard5v3s,freesound:236682,,,,,
train,speech__fsd50k__train__speech__241581__0115.wav,speech,fsd50k_speech,FSD50K,train,241581,241581.wav,"Female_speech_and_woman_speaking,Speech,Human_voice",,,,unchanged_from_hazard5v3s,freesound:241581,,,,,
train,speech__fsd50k__train__speech__242576__0137.wav,speech,fsd50k_speech,FSD50K,train,242576,242576.wav,"Conversation,Speech,Human_voice",,,,unchanged_from_hazard5v3s,freesound:242576,,,,,
train,speech__fsd50k__train__speech__242683__0077.wav,speech,fsd50k_speech,FSD50K,train,242683,242683.wav,"Female_speech_and_woman_speaking,Speech,Human_voice",,,,unchanged_from_hazard5v3s,freesound:242683,,,,,
train,speech__fsd50k__train__speech__24373__0100.wav,speech,fsd50k_speech,FSD50K,train,24373,24373.wav,"Chatter,Human_group_actions",,,,unchanged_from_hazard5v3s,freesound:24373,,,,,
train,speech__fsd50k__train__speech__245604__0173.wav,speech,fsd50k_speech,FSD50K,train,245604,245604.wav,"Yell,Shout,Human_voice",,,,unchanged_from_hazard5v3s,freesound:245604,,,,,
train,speech__fsd50k__train__speech__248047__0020.wav,speech,fsd50k_speech,FSD50K,train,248047,248047.wav,"Speech,Human_voice",,,,unchanged_from_hazard5v3s,freesound:248047,,,,,
train,speech__fsd50k__train__speech__249722__0043.wav,speech,fsd50k_speech,FSD50K,train,249722,249722.wav,"Male_speech_and_man_speaking,Speech,Human_voice",,,,unchanged_from_hazard5v3s,freesound:249722,,,,,
train,speech__fsd50k__train__speech__249807__0152.wav,speech,fsd50k_speech,FSD50K,train,249807,249807.wav,"Shout,Human_voice",,,,unchanged_from_hazard5v3s,freesound:249807,,,,,
train,speech__fsd50k__train__speech__25042__0095.wav,speech,fsd50k_speech,FSD50K,train,25042,25042.wav,"Chatter,Human_group_actions",,,,unchanged_from_hazard5v3s,freesound:25042,,,,,
train,speech__fsd50k__train__speech__254337__0182.wav,speech,fsd50k_speech,FSD50K,train,254337,254337.wav,"Yell,Shout,Human_voice",,,,unchanged_from_hazard5v3s,freesound:254337,,,,,
train,speech__fsd50k__train__speech__254389__0169.wav,speech,fsd50k_speech,FSD50K,train,254389,254389.wav,"Male_speech_and_man_speaking,Speech,Human_voice",,,,unchanged_from_hazard5v3s,freesound:254389,,,,,
train,speech__fsd50k__train__speech__254416__0184.wav,speech,fsd50k_speech,FSD50K,train,254416,254416.wav,"Speech,Human_voice",,,,unchanged_from_hazard5v3s,freesound:254416,,,,,
train,speech__fsd50k__train__speech__256337__0021.wav,speech,fsd50k_speech,FSD50K,train,256337,256337.wav,"Speech_synthesizer,Speech,Human_voice",,,,unchanged_from_hazard5v3s,freesound:256337,,,,,
train,speech__fsd50k__train__speech__256352__0166.wav,speech,fsd50k_speech,FSD50K,train,256352,256352.wav,"Speech_synthesizer,Speech,Human_voice",,,,unchanged_from_hazard5v3s,freesound:256352,,,,,
train,speech__fsd50k__train__speech__256355__0122.wav,speech,fsd50k_speech,FSD50K,train,256355,256355.wav,"Speech_synthesizer,Speech,Human_voice",,,,unchanged_from_hazard5v3s,freesound:256355,,,,,
train,speech__fsd50k__train__speech__256368__0151.wav,speech,fsd50k_speech,FSD50K,train,256368,256368.wav,"Speech_synthesizer,Speech,Human_voice",,,,unchanged_from_hazard5v3s,freesound:256368,,,,,
train,speech__fsd50k__train__speech__256779__0005.wav,speech,fsd50k_speech,FSD50K,train,256779,256779.wav,"Male_speech_and_man_speaking,Speech,Human_voice",,,,unchanged_from_hazard5v3s,freesound:256779,,,,,
train,speech__fsd50k__train__speech__256880__0094.wav,speech,fsd50k_speech,FSD50K,train,256880,256880.wav,"Male_speech_and_man_speaking,Speech,Human_voice",,,,unchanged_from_hazard5v3s,freesound:256880,,,,,
train,speech__fsd50k__train__speech__273153__0153.wav,speech,fsd50k_speech,FSD50K,train,273153,273153.wav,"Screaming,Human_voice",,,,unchanged_from_hazard5v3s,freesound:273153,,,,,
train,speech__fsd50k__train__speech__274872__0089.wav,speech,fsd50k_speech,FSD50K,train,274872,274872.wav,"Male_speech_and_man_speaking,Speech,Human_voice",,,,unchanged_from_hazard5v3s,freesound:274872,,,,,
train,speech__fsd50k__train__speech__274892__0106.wav,speech,fsd50k_speech,FSD50K,train,274892,274892.wav,"Male_speech_and_man_speaking,Aircraft,Speech,Human_voice,Vehicle",,,,unchanged_from_hazard5v3s,freesound:274892,,,,,
train,speech__fsd50k__train__speech__274978__0069.wav,speech,fsd50k_speech,FSD50K,train,274978,274978.wav,"Male_speech_and_man_speaking,Speech,Human_voice",,,,unchanged_from_hazard5v3s,freesound:274978,,,,,
train,speech__fsd50k__train__speech__278895__0009.wav,speech,fsd50k_speech,FSD50K,train,278895,278895.wav,"Yell,Shout,Human_voice",,,,unchanged_from_hazard5v3s,freesound:278895,,,,,
train,speech__fsd50k__train__speech__27969__0140.wav,speech,fsd50k_speech,FSD50K,train,27969,27969.wav,"Speech,Human_voice",,,,unchanged_from_hazard5v3s,freesound:27969,,,,,
train,speech__fsd50k__train__speech__27970__0054.wav,speech,fsd50k_speech,FSD50K,train,27970,27970.wav,"Speech,Human_voice",,,,unchanged_from_hazard5v3s,freesound:27970,,,,,
train,speech__fsd50k__train__speech__29654__0125.wav,speech,fsd50k_speech,FSD50K,train,29654,29654.wav,"Whispering,Human_voice",,,,unchanged_from_hazard5v3s,freesound:29654,,,,,
train,speech__fsd50k__train__speech__30277__0164.wav,speech,fsd50k_speech,FSD50K,train,30277,30277.wav,"Screaming,Human_voice",,,,unchanged_from_hazard5v3s,freesound:30277,,,,,
train,speech__fsd50k__train__speech__30597__0027.wav,speech,fsd50k_speech,FSD50K,train,30597,30597.wav,"Child_speech_and_kid_speaking,Speech,Human_voice",,,,unchanged_from_hazard5v3s,freesound:30597,,,,,
train,speech__fsd50k__train__speech__31345__0071.wav,speech,fsd50k_speech,FSD50K,train,31345,31345.wav,"Speech,Human_voice",,,,unchanged_from_hazard5v3s,freesound:31345,,,,,
train,speech__fsd50k__train__speech__316170__0178.wav,speech,fsd50k_speech,FSD50K,train,316170,316170.wav,"Speech,Human_voice",,,,unchanged_from_hazard5v3s,freesound:316170,,,,,
train,speech__fsd50k__train__speech__316411__0025.wav,speech,fsd50k_speech,FSD50K,train,316411,316411.wav,"Screech,Screaming,Human_voice",,,,unchanged_from_hazard5v3s,freesound:316411,,,,,
train,speech__fsd50k__train__speech__316443__0037.wav,speech,fsd50k_speech,FSD50K,train,316443,316443.wav,"Male_speech_and_man_speaking,Speech,Human_voice",,,,unchanged_from_hazard5v3s,freesound:316443,,,,,
train,speech__fsd50k__train__speech__31783__0086.wav,speech,fsd50k_speech,FSD50K,train,31783,31783.wav,"Child_speech_and_kid_speaking,Speech,Human_voice",,,,unchanged_from_hazard5v3s,freesound:31783,,,,,
train,speech__fsd50k__train__speech__33689__0062.wav,speech,fsd50k_speech,FSD50K,train,33689,33689.wav,"Female_speech_and_woman_speaking,Yell,Speech,Human_voice,Shout",,,,unchanged_from_hazard5v3s,freesound:33689,,,,,
train,speech__fsd50k__train__speech__341347__0097.wav,speech,fsd50k_speech,FSD50K,train,341347,341347.wav,"Speech,Human_voice",,,,unchanged_from_hazard5v3s,freesound:341347,,,,,
train,speech__fsd50k__train__speech__341509__0051.wav,speech,fsd50k_speech,FSD50K,train,341509,341509.wav,"Human_group_actions,Shout,Human_voice",,,,unchanged_from_hazard5v3s,freesound:341509,,,,,
train,speech__fsd50k__train__speech__342258__0109.wav,speech,fsd50k_speech,FSD50K,train,342258,342258.wav,"Speech,Human_voice",,,,unchanged_from_hazard5v3s,freesound:342258,,,,,
train,speech__fsd50k__train__speech__34318__0088.wav,speech,fsd50k_speech,FSD50K,train,34318,34318.wav,"Speech,Human_voice",,,,unchanged_from_hazard5v3s,freesound:34318,,,,,
train,speech__fsd50k__train__speech__343891__0142.wav,speech,fsd50k_speech,FSD50K,train,343891,343891.wav,"Yell,Shout,Human_voice",,,,unchanged_from_hazard5v3s,freesound:343891,,,,,
train,speech__fsd50k__train__speech__343915__0144.wav,speech,fsd50k_speech,FSD50K,train,343915,343915.wav,"Screaming,Human_voice",,,,unchanged_from_hazard5v3s,freesound:343915,,,,,
train,speech__fsd50k__train__speech__34420__0023.wav,speech,fsd50k_speech,FSD50K,train,34420,34420.wav,"Speech,Human_voice",,,,unchanged_from_hazard5v3s,freesound:34420,,,,,
train,speech__fsd50k__train__speech__349317__0003.wav,speech,fsd50k_speech,FSD50K,train,349317,349317.wav,"Speech_synthesizer,Speech,Human_voice",,,,unchanged_from_hazard5v3s,freesound:349317,,,,,
train,speech__fsd50k__train__speech__351110__0067.wav,speech,fsd50k_speech,FSD50K,train,351110,351110.wav,"Child_speech_and_kid_speaking,Speech,Human_voice",,,,unchanged_from_hazard5v3s,freesound:351110,,,,,
train,speech__fsd50k__train__speech__351337__0008.wav,speech,fsd50k_speech,FSD50K,train,351337,351337.wav,"Screaming,Human_voice",,,,unchanged_from_hazard5v3s,freesound:351337,,,,,
train,speech__fsd50k__train__speech__351339__0128.wav,speech,fsd50k_speech,FSD50K,train,351339,351339.wav,"Screaming,Human_voice",,,,unchanged_from_hazard5v3s,freesound:351339,,,,,
train,speech__fsd50k__train__speech__353294__0074.wav,speech,fsd50k_speech,FSD50K,train,353294,353294.wav,"Screaming,Human_voice",,,,unchanged_from_hazard5v3s,freesound:353294,,,,,
train,speech__fsd50k__train__speech__353295__0189.wav,speech,fsd50k_speech,FSD50K,train,353295,353295.wav,"Screaming,Human_voice",,,,unchanged_from_hazard5v3s,freesound:353295,,,,,
train,speech__fsd50k__train__speech__364897__0117.wav,speech,fsd50k_speech,FSD50K,train,364897,364897.wav,"Yell,Shout,Human_voice",,,,unchanged_from_hazard5v3s,freesound:364897,,,,,
train,speech__fsd50k__train__speech__367187__0116.wav,speech,fsd50k_speech,FSD50K,train,367187,367187.wav,"Male_speech_and_man_speaking,Speech,Human_voice",,,,unchanged_from_hazard5v3s,freesound:367187,,,,,
train,speech__fsd50k__train__speech__377264__0013.wav,speech,fsd50k_speech,FSD50K,train,377264,377264.wav,"Male_speech_and_man_speaking,Speech,Human_voice",,,,unchanged_from_hazard5v3s,freesound:377264,,,,,
train,speech__fsd50k__train__speech__379969__0047.wav,speech,fsd50k_speech,FSD50K,train,379969,379969.wav,"Yell,Shout,Human_voice",,,,unchanged_from_hazard5v3s,freesound:379969,,,,,
train,speech__fsd50k__train__speech__386538__0120.wav,speech,fsd50k_speech,FSD50K,train,386538,386538.wav,"Whispering,Human_voice",,,,unchanged_from_hazard5v3s,freesound:386538,,,,,
train,speech__fsd50k__train__speech__388383__0159.wav,speech,fsd50k_speech,FSD50K,train,388383,388383.wav,"Speech,Human_voice",,,,unchanged_from_hazard5v3s,freesound:388383,,,,,
train,speech__fsd50k__train__speech__400734__0187.wav,speech,fsd50k_speech,FSD50K,train,400734,400734.wav,"Male_speech_and_man_speaking,Speech,Human_voice",,,,unchanged_from_hazard5v3s,freesound:400734,,,,,
train,speech__fsd50k__train__speech__400748__0183.wav,speech,fsd50k_speech,FSD50K,train,400748,400748.wav,"Speech,Human_voice",,,,unchanged_from_hazard5v3s,freesound:400748,,,,,
train,speech__fsd50k__train__speech__410467__0098.wav,speech,fsd50k_speech,FSD50K,train,410467,410467.wav,"Squeak,Writing,Chatter,Cheering,Domestic_sounds_and_home_sounds,Human_group_actions",,,,unchanged_from_hazard5v3s,freesound:410467,,,,,
train,speech__fsd50k__train__speech__416636__0107.wav,speech,fsd50k_speech,FSD50K,train,416636,416636.wav,"Speech,Human_voice",,,,unchanged_from_hazard5v3s,freesound:416636,,,,,
train,speech__fsd50k__train__speech__416655__0096.wav,speech,fsd50k_speech,FSD50K,train,416655,416655.wav,"Speech,Human_voice",,,,unchanged_from_hazard5v3s,freesound:416655,,,,,
train,speech__fsd50k__train__speech__416672__0146.wav,speech,fsd50k_speech,FSD50K,train,416672,416672.wav,"Speech,Human_voice",,,,unchanged_from_hazard5v3s,freesound:416672,,,,,
train,speech__fsd50k__train__speech__416694__0032.wav,speech,fsd50k_speech,FSD50K,train,416694,416694.wav,"Child_speech_and_kid_speaking,Speech,Human_voice",,,,unchanged_from_hazard5v3s,freesound:416694,,,,,
train,speech__fsd50k__train__speech__416701__0099.wav,speech,fsd50k_speech,FSD50K,train,416701,416701.wav,"Child_speech_and_kid_speaking,Speech,Human_voice",,,,unchanged_from_hazard5v3s,freesound:416701,,,,,
train,speech__fsd50k__train__speech__421872__0046.wav,speech,fsd50k_speech,FSD50K,train,421872,421872.wav,"Shout,Human_voice",,,,unchanged_from_hazard5v3s,freesound:421872,,,,,
train,speech__fsd50k__train__speech__422909__0056.wav,speech,fsd50k_speech,FSD50K,train,422909,422909.wav,"Speech,Human_voice",,,,unchanged_from_hazard5v3s,freesound:422909,,,,,
train,speech__fsd50k__train__speech__426906__0085.wav,speech,fsd50k_speech,FSD50K,train,426906,426906.wav,"Male_speech_and_man_speaking,Speech,Human_voice",,,,unchanged_from_hazard5v3s,freesound:426906,,,,,
train,speech__fsd50k__train__speech__426908__0080.wav,speech,fsd50k_speech,FSD50K,train,426908,426908.wav,"Male_speech_and_man_speaking,Speech,Human_voice",,,,unchanged_from_hazard5v3s,freesound:426908,,,,,
train,speech__fsd50k__train__speech__427774__0129.wav,speech,fsd50k_speech,FSD50K,train,427774,427774.wav,"Screaming,Human_voice",,,,unchanged_from_hazard5v3s,freesound:427774,,,,,
train,speech__fsd50k__train__speech__430179__0180.wav,speech,fsd50k_speech,FSD50K,train,430179,430179.wav,"Speech,Human_voice",,,,unchanged_from_hazard5v3s,freesound:430179,,,,,
train,speech__fsd50k__train__speech__433704__0065.wav,speech,fsd50k_speech,FSD50K,train,433704,433704.wav,"Male_speech_and_man_speaking,Speech,Human_voice",,,,unchanged_from_hazard5v3s,freesound:433704,,,,,
train,speech__fsd50k__train__speech__44198__0181.wav,speech,fsd50k_speech,FSD50K,train,44198,44198.wav,"Speech,Human_voice",,,,unchanged_from_hazard5v3s,freesound:44198,,,,,
train,speech__fsd50k__train__speech__49724__0168.wav,speech,fsd50k_speech,FSD50K,train,49724,49724.wav,"Speech,Human_voice",,,,unchanged_from_hazard5v3s,freesound:49724,,,,,
train,speech__fsd50k__train__speech__58797__0011.wav,speech,fsd50k_speech,FSD50K,train,58797,58797.wav,"Screaming,Human_voice",,,,unchanged_from_hazard5v3s,freesound:58797,,,,,
train,speech__fsd50k__train__speech__60521__0172.wav,speech,fsd50k_speech,FSD50K,train,60521,60521.wav,"Shout,Human_voice",,,,unchanged_from_hazard5v3s,freesound:60521,,,,,
train,speech__fsd50k__train__speech__61219__0040.wav,speech,fsd50k_speech,FSD50K,train,61219,61219.wav,"Screaming,Human_voice",,,,unchanged_from_hazard5v3s,freesound:61219,,,,,
train,speech__fsd50k__train__speech__63337__0083.wav,speech,fsd50k_speech,FSD50K,train,63337,63337.wav,"Child_speech_and_kid_speaking,Speech,Human_voice",,,,unchanged_from_hazard5v3s,freesound:63337,,,,,
train,speech__fsd50k__train__speech__63340__0072.wav,speech,fsd50k_speech,FSD50K,train,63340,63340.wav,"Child_speech_and_kid_speaking,Speech,Human_voice",,,,unchanged_from_hazard5v3s,freesound:63340,,,,,
train,speech__fsd50k__train__speech__63708__0066.wav,speech,fsd50k_speech,FSD50K,train,63708,63708.wav,"Screaming,Human_voice",,,,unchanged_from_hazard5v3s,freesound:63708,,,,,
train,speech__fsd50k__train__speech__67340__0090.wav,speech,fsd50k_speech,FSD50K,train,67340,67340.wav,"Female_speech_and_woman_speaking,Yell,Speech,Human_voice,Shout",,,,unchanged_from_hazard5v3s,freesound:67340,,,,,
train,speech__fsd50k__train__speech__67628__0068.wav,speech,fsd50k_speech,FSD50K,train,67628,67628.wav,"Male_speech_and_man_speaking,Speech,Human_voice",,,,unchanged_from_hazard5v3s,freesound:67628,,,,,
train,speech__fsd50k__train__speech__67647__0175.wav,speech,fsd50k_speech,FSD50K,train,67647,67647.wav,"Male_speech_and_man_speaking,Speech,Human_voice",,,,unchanged_from_hazard5v3s,freesound:67647,,,,,
train,speech__fsd50k__train__speech__67655__0177.wav,speech,fsd50k_speech,FSD50K,train,67655,67655.wav,"Male_speech_and_man_speaking,Speech,Human_voice",,,,unchanged_from_hazard5v3s,freesound:67655,,,,,
train,speech__fsd50k__train__speech__67663__0141.wav,speech,fsd50k_speech,FSD50K,train,67663,67663.wav,"Male_speech_and_man_speaking,Speech,Human_voice",,,,unchanged_from_hazard5v3s,freesound:67663,,,,,
train,speech__fsd50k__train__speech__67665__0112.wav,speech,fsd50k_speech,FSD50K,train,67665,67665.wav,"Male_speech_and_man_speaking,Speech,Human_voice",,,,unchanged_from_hazard5v3s,freesound:67665,,,,,
train,speech__fsd50k__train__speech__74889__0139.wav,speech,fsd50k_speech,FSD50K,train,74889,74889.wav,"Whispering,Human_voice",,,,unchanged_from_hazard5v3s,freesound:74889,,,,,
train,speech__fsd50k__train__speech__76613__0031.wav,speech,fsd50k_speech,FSD50K,train,76613,76613.wav,"Conversation,Speech,Human_voice",,,,unchanged_from_hazard5v3s,freesound:76613,,,,,
train,speech__fsd50k__train__speech__76621__0012.wav,speech,fsd50k_speech,FSD50K,train,76621,76621.wav,"Male_speech_and_man_speaking,Speech,Human_voice",,,,unchanged_from_hazard5v3s,freesound:76621,,,,,
train,speech__fsd50k__train__speech__76648__0007.wav,speech,fsd50k_speech,FSD50K,train,76648,76648.wav,"Male_speech_and_man_speaking,Speech,Human_voice",,,,unchanged_from_hazard5v3s,freesound:76648,,,,,
train,speech__fsd50k__train__speech__77423__0185.wav,speech,fsd50k_speech,FSD50K,train,77423,77423.wav,"Child_speech_and_kid_speaking,Speech,Human_voice",,,,unchanged_from_hazard5v3s,freesound:77423,,,,,
train,speech__fsd50k__train__speech__77447__0052.wav,speech,fsd50k_speech,FSD50K,train,77447,77447.wav,"Speech,Human_voice",,,,unchanged_from_hazard5v3s,freesound:77447,,,,,
train,speech__fsd50k__train__speech__78490__0079.wav,speech,fsd50k_speech,FSD50K,train,78490,78490.wav,"Applause,Screaming,Crowd,Human_group_actions,Human_voice",,,,unchanged_from_hazard5v3s,freesound:78490,,,,,
train,speech__fsd50k__train__speech__80190__0108.wav,speech,fsd50k_speech,FSD50K,train,80190,80190.wav,"Female_speech_and_woman_speaking,Speech,Human_voice",,,,unchanged_from_hazard5v3s,freesound:80190,,,,,
train,speech__fsd50k__train__speech__80630__0135.wav,speech,fsd50k_speech,FSD50K,train,80630,80630.wav,"Female_speech_and_woman_speaking,Speech,Human_voice",,,,unchanged_from_hazard5v3s,freesound:80630,,,,,
train,speech__fsd50k__train__speech__80651__0034.wav,speech,fsd50k_speech,FSD50K,train,80651,80651.wav,"Female_speech_and_woman_speaking,Speech,Human_voice",,,,unchanged_from_hazard5v3s,freesound:80651,,,,,
train,speech__fsd50k__train__speech__80671__0167.wav,speech,fsd50k_speech,FSD50K,train,80671,80671.wav,"Female_speech_and_woman_speaking,Speech,Human_voice",,,,unchanged_from_hazard5v3s,freesound:80671,,,,,
train,speech__fsd50k__train__speech__82710__0055.wav,speech,fsd50k_speech,FSD50K,train,82710,82710.wav,"Child_speech_and_kid_speaking,Speech,Human_voice",,,,unchanged_from_hazard5v3s,freesound:82710,,,,,
train,speech__fsd50k__train__speech__86402__0035.wav,speech,fsd50k_speech,FSD50K,train,86402,86402.wav,"Female_speech_and_woman_speaking,Human_voice,Speech",,,,unchanged_from_hazard5v3s,freesound:86402,,,,,
train,speech__fsd50k__train__speech__86418__0058.wav,speech,fsd50k_speech,FSD50K,train,86418,86418.wav,"Female_speech_and_woman_speaking,Speech,Human_voice",,,,unchanged_from_hazard5v3s,freesound:86418,,,,,
train,speech__fsd50k__train__speech__86451__0045.wav,speech,fsd50k_speech,FSD50K,train,86451,86451.wav,"Female_speech_and_woman_speaking,Speech,Human_voice",,,,unchanged_from_hazard5v3s,freesound:86451,,,,,
train,speech__fsd50k__train__speech__92915__0036.wav,speech,fsd50k_speech,FSD50K,train,92915,92915.wav,"Child_speech_and_kid_speaking,Speech,Human_voice",,,,unchanged_from_hazard5v3s,freesound:92915,,,,,
train,speech__fsd50k__train__speech__92927__0133.wav,speech,fsd50k_speech,FSD50K,train,92927,92927.wav,"Child_speech_and_kid_speaking,Speech,Human_voice",,,,unchanged_from_hazard5v3s,freesound:92927,,,,,
train,speech__fsd50k__train__speech__92935__0114.wav,speech,fsd50k_speech,FSD50K,train,92935,92935.wav,"Child_speech_and_kid_speaking,Speech,Human_voice",,,,unchanged_from_hazard5v3s,freesound:92935,,,,,
train,speech__fsd50k__train__speech__92953__0029.wav,speech,fsd50k_speech,FSD50K,train,92953,92953.wav,"Child_speech_and_kid_speaking,Speech,Human_voice",,,,unchanged_from_hazard5v3s,freesound:92953,,,,,
train,speech__fsd50k__train__speech__93364__0060.wav,speech,fsd50k_speech,FSD50K,train,93364,93364.wav,"Female_speech_and_woman_speaking,Speech,Human_voice",,,,unchanged_from_hazard5v3s,freesound:93364,,,,,
train,speech__fsd50k__train__speech__93375__0022.wav,speech,fsd50k_speech,FSD50K,train,93375,93375.wav,"Female_speech_and_woman_speaking,Speech,Human_voice",,,,unchanged_from_hazard5v3s,freesound:93375,,,,,
train,speech__fsd50k__train__speech__93391__0134.wav,speech,fsd50k_speech,FSD50K,train,93391,93391.wav,"Female_speech_and_woman_speaking,Speech,Human_voice",,,,unchanged_from_hazard5v3s,freesound:93391,,,,,
train,speech__fsd50k__train__speech__93700__0105.wav,speech,fsd50k_speech,FSD50K,train,93700,93700.wav,"Female_speech_and_woman_speaking,Speech,Human_voice",,,,unchanged_from_hazard5v3s,freesound:93700,,,,,
train,speech__fsd50k__train__speech__93868__0092.wav,speech,fsd50k_speech,FSD50K,train,93868,93868.wav,"Male_speech_and_man_speaking,Speech,Human_voice",,,,unchanged_from_hazard5v3s,freesound:93868,,,,,
train,speech__fsd50k__train__speech__93870__0131.wav,speech,fsd50k_speech,FSD50K,train,93870,93870.wav,"Male_speech_and_man_speaking,Speech,Human_voice",,,,unchanged_from_hazard5v3s,freesound:93870,,,,,
train,speech__fsd50k__train__speech__93872__0004.wav,speech,fsd50k_speech,FSD50K,train,93872,93872.wav,"Male_speech_and_man_speaking,Speech,Human_voice",,,,unchanged_from_hazard5v3s,freesound:93872,,,,,
train,speech__fsd50k__train__speech__95679__0154.wav,speech,fsd50k_speech,FSD50K,train,95679,95679.wav,"Male_speech_and_man_speaking,Speech,Human_voice",,,,unchanged_from_hazard5v3s,freesound:95679,,,,,
train,speech__fsd50k__train__speech__95680__0061.wav,speech,fsd50k_speech,FSD50K,train,95680,95680.wav,"Male_speech_and_man_speaking,Speech,Human_voice",,,,unchanged_from_hazard5v3s,freesound:95680,,,,,
train,speech__fsd50k__train__speech__96543__0016.wav,speech,fsd50k_speech,FSD50K,train,96543,96543.wav,"Female_speech_and_woman_speaking,Speech,Human_voice",,,,unchanged_from_hazard5v3s,freesound:96543,,,,,
train,thunderstorm__esc50__fold_1__101296__0000__r0.wav,thunderstorm,,ESC-50,fold_1,101296,1-101296-A-19.wav,thunderstorm,,,,unchanged_from_hazard5v3s,esc-50:101296,,,,,
train,thunderstorm__esc50__fold_1__101296__0001__r0.wav,thunderstorm,,ESC-50,fold_1,101296,1-101296-B-19.wav,thunderstorm,,,,unchanged_from_hazard5v3s,esc-50:101296,,,,,
train,thunderstorm__esc50__fold_1__115521__0002__r0.wav,thunderstorm,,ESC-50,fold_1,115521,1-115521-A-19.wav,thunderstorm,,,,unchanged_from_hazard5v3s,esc-50:115521,,,,,
train,thunderstorm__esc50__fold_1__23222__0003__r0.wav,thunderstorm,,ESC-50,fold_1,23222,1-23222-A-19.wav,thunderstorm,,,,unchanged_from_hazard5v3s,esc-50:23222,,,,,
train,thunderstorm__esc50__fold_1__23222__0004__r0.wav,thunderstorm,,ESC-50,fold_1,23222,1-23222-B-19.wav,thunderstorm,,,,unchanged_from_hazard5v3s,esc-50:23222,,,,,
train,thunderstorm__esc50__fold_1__24524__0005__r0.wav,thunderstorm,,ESC-50,fold_1,24524,1-24524-A-19.wav,thunderstorm,,,,unchanged_from_hazard5v3s,esc-50:24524,,,,,
train,thunderstorm__esc50__fold_1__24524__0006__r0.wav,thunderstorm,,ESC-50,fold_1,24524,1-24524-B-19.wav,thunderstorm,,,,unchanged_from_hazard5v3s,esc-50:24524,,,,,
train,thunderstorm__esc50__fold_1__24524__0007__r0.wav,thunderstorm,,ESC-50,fold_1,24524,1-24524-C-19.wav,thunderstorm,,,,unchanged_from_hazard5v3s,esc-50:24524,,,,,
train,thunderstorm__esc50__fold_2__104105__0008__r0.wav,thunderstorm,,ESC-50,fold_2,104105,2-104105-A-19.wav,thunderstorm,,,,unchanged_from_hazard5v3s,esc-50:104105,,,,,
train,thunderstorm__esc50__fold_2__104105__0009__r0.wav,thunderstorm,,ESC-50,fold_2,104105,2-104105-B-19.wav,thunderstorm,,,,unchanged_from_hazard5v3s,esc-50:104105,,,,,
train,thunderstorm__esc50__fold_2__39441__0010__r0.wav,thunderstorm,,ESC-50,fold_2,39441,2-39441-A-19.wav,thunderstorm,,,,unchanged_from_hazard5v3s,esc-50:39441,,,,,
train,thunderstorm__esc50__fold_2__39443__0011__r0.wav,thunderstorm,,ESC-50,fold_2,39443,2-39443-A-19.wav,thunderstorm,,,,unchanged_from_hazard5v3s,esc-50:39443,,,,,
train,thunderstorm__esc50__fold_2__39443__0012__r0.wav,thunderstorm,,ESC-50,fold_2,39443,2-39443-B-19.wav,thunderstorm,,,,unchanged_from_hazard5v3s,esc-50:39443,,,,,
train,thunderstorm__esc50__fold_2__39945__0013__r0.wav,thunderstorm,,ESC-50,fold_2,39945,2-39945-A-19.wav,thunderstorm,,,,unchanged_from_hazard5v3s,esc-50:39945,,,,,
train,thunderstorm__esc50__fold_2__39945__0014__r0.wav,thunderstorm,,ESC-50,fold_2,39945,2-39945-B-19.wav,thunderstorm,,,,unchanged_from_hazard5v3s,esc-50:39945,,,,,
train,thunderstorm__esc50__fold_2__39945__0015__r0.wav,thunderstorm,,ESC-50,fold_2,39945,2-39945-C-19.wav,thunderstorm,,,,unchanged_from_hazard5v3s,esc-50:39945,,,,,
train,thunderstorm__esc50__fold_3__103050__0016__r0.wav,thunderstorm,,ESC-50,fold_3,103050,3-103050-A-19.wav,thunderstorm,,,,unchanged_from_hazard5v3s,esc-50:103050,,,,,
train,thunderstorm__esc50__fold_3__103051__0017__r0.wav,thunderstorm,,ESC-50,fold_3,103051,3-103051-A-19.wav,thunderstorm,,,,unchanged_from_hazard5v3s,esc-50:103051,,,,,
train,thunderstorm__esc50__fold_3__103051__0018__r0.wav,thunderstorm,,ESC-50,fold_3,103051,3-103051-B-19.wav,thunderstorm,,,,unchanged_from_hazard5v3s,esc-50:103051,,,,,
train,thunderstorm__esc50__fold_3__103051__0019__r0.wav,thunderstorm,,ESC-50,fold_3,103051,3-103051-C-19.wav,thunderstorm,,,,unchanged_from_hazard5v3s,esc-50:103051,,,,,
train,thunderstorm__esc50__fold_3__123224__0020__r0.wav,thunderstorm,,ESC-50,fold_3,123224,3-123224-A-19.wav,thunderstorm,,,,unchanged_from_hazard5v3s,esc-50:123224,,,,,
train,thunderstorm__esc50__fold_3__124600__0021__r0.wav,thunderstorm,,ESC-50,fold_3,124600,3-124600-A-19.wav,thunderstorm,,,,unchanged_from_hazard5v3s,esc-50:124600,,,,,
train,thunderstorm__esc50__fold_3__144891__0022__r0.wav,thunderstorm,,ESC-50,fold_3,144891,3-144891-A-19.wav,thunderstorm,,,,unchanged_from_hazard5v3s,esc-50:144891,,,,,
train,thunderstorm__esc50__fold_3__144891__0023__r0.wav,thunderstorm,,ESC-50,fold_3,144891,3-144891-B-19.wav,thunderstorm,,,,unchanged_from_hazard5v3s,esc-50:144891,,,,,
train,thunderstorm__fsd50k__dev__100011__0024__r0.wav,thunderstorm,,FSD50K,dev,100011,100011.wav,thunderstorm,,,,unchanged_from_hazard5v3s,freesound:100011,,,,,
train,thunderstorm__fsd50k__dev__105032__0025__r0.wav,thunderstorm,,FSD50K,dev,105032,105032.wav,thunderstorm,,,,unchanged_from_hazard5v3s,freesound:105032,,,,,
train,thunderstorm__fsd50k__dev__105296__0026__r0.wav,thunderstorm,,FSD50K,dev,105296,105296.wav,thunderstorm,,,,unchanged_from_hazard5v3s,freesound:105296,,,,,
train,thunderstorm__fsd50k__dev__105297__0027__r0.wav,thunderstorm,,FSD50K,dev,105297,105297.wav,thunderstorm,,,,unchanged_from_hazard5v3s,freesound:105297,,,,,
train,thunderstorm__fsd50k__dev__105298__0028__r0.wav,thunderstorm,,FSD50K,dev,105298,105298.wav,thunderstorm,,,,unchanged_from_hazard5v3s,freesound:105298,,,,,
train,thunderstorm__fsd50k__dev__105299__0029__r0.wav,thunderstorm,,FSD50K,dev,105299,105299.wav,thunderstorm,,,,unchanged_from_hazard5v3s,freesound:105299,,,,,
train,thunderstorm__fsd50k__dev__105301__0030__r0.wav,thunderstorm,,FSD50K,dev,105301,105301.wav,thunderstorm,,,,unchanged_from_hazard5v3s,freesound:105301,,,,,
train,thunderstorm__fsd50k__dev__105303__0031__r0.wav,thunderstorm,,FSD50K,dev,105303,105303.wav,thunderstorm,,,,unchanged_from_hazard5v3s,freesound:105303,,,,,
train,thunderstorm__fsd50k__dev__105304__0032__r0.wav,thunderstorm,,FSD50K,dev,105304,105304.wav,thunderstorm,,,,unchanged_from_hazard5v3s,freesound:105304,,,,,
train,thunderstorm__fsd50k__dev__105306__0033__r0.wav,thunderstorm,,FSD50K,dev,105306,105306.wav,thunderstorm,,,,unchanged_from_hazard5v3s,freesound:105306,,,,,
train,thunderstorm__fsd50k__dev__115521__0034__r0.wav,thunderstorm,,FSD50K,dev,115521,115521.wav,thunderstorm,,,,unchanged_from_hazard5v3s,freesound:115521,,,,,
train,thunderstorm__fsd50k__dev__117138__0035__r0.wav,thunderstorm,,FSD50K,dev,117138,117138.wav,thunderstorm,,,,unchanged_from_hazard5v3s,freesound:117138,,,,,
train,thunderstorm__fsd50k__dev__120393__0036__r0.wav,thunderstorm,,FSD50K,dev,120393,120393.wav,thunderstorm,,,,unchanged_from_hazard5v3s,freesound:120393,,,,,
train,thunderstorm__fsd50k__dev__121132__0037__r0.wav,thunderstorm,,FSD50K,dev,121132,121132.wav,thunderstorm,,,,unchanged_from_hazard5v3s,freesound:121132,,,,,
train,thunderstorm__fsd50k__dev__121568__0038__r0.wav,thunderstorm,,FSD50K,dev,121568,121568.wav,thunderstorm,,,,unchanged_from_hazard5v3s,freesound:121568,,,,,
train,thunderstorm__fsd50k__dev__121569__0039__r0.wav,thunderstorm,,FSD50K,dev,121569,121569.wav,thunderstorm,,,,unchanged_from_hazard5v3s,freesound:121569,,,,,
train,thunderstorm__fsd50k__dev__121572__0040__r0.wav,thunderstorm,,FSD50K,dev,121572,121572.wav,thunderstorm,,,,unchanged_from_hazard5v3s,freesound:121572,,,,,
train,thunderstorm__fsd50k__dev__121573__0041__r0.wav,thunderstorm,,FSD50K,dev,121573,121573.wav,thunderstorm,,,,unchanged_from_hazard5v3s,freesound:121573,,,,,
train,thunderstorm__fsd50k__dev__122089__0042__r0.wav,thunderstorm,,FSD50K,dev,122089,122089.wav,thunderstorm,,,,unchanged_from_hazard5v3s,freesound:122089,,,,,
train,thunderstorm__fsd50k__dev__122091__0043__r0.wav,thunderstorm,,FSD50K,dev,122091,122091.wav,thunderstorm,,,,unchanged_from_hazard5v3s,freesound:122091,,,,,
train,thunderstorm__fsd50k__dev__123358__0044__r0.wav,thunderstorm,,FSD50K,dev,123358,123358.wav,thunderstorm,,,,unchanged_from_hazard5v3s,freesound:123358,,,,,
train,thunderstorm__fsd50k__dev__123359__0045__r0.wav,thunderstorm,,FSD50K,dev,123359,123359.wav,thunderstorm,,,,unchanged_from_hazard5v3s,freesound:123359,,,,,
train,thunderstorm__fsd50k__dev__123360__0046__r0.wav,thunderstorm,,FSD50K,dev,123360,123360.wav,thunderstorm,,,,unchanged_from_hazard5v3s,freesound:123360,,,,,
train,thunderstorm__fsd50k__dev__124128__0047__r0.wav,thunderstorm,,FSD50K,dev,124128,124128.wav,thunderstorm,,,,unchanged_from_hazard5v3s,freesound:124128,,,,,
train,thunderstorm__fsd50k__dev__124129__0048__r0.wav,thunderstorm,,FSD50K,dev,124129,124129.wav,thunderstorm,,,,unchanged_from_hazard5v3s,freesound:124129,,,,,
train,thunderstorm__fsd50k__dev__127862__0049__r0.wav,thunderstorm,,FSD50K,dev,127862,127862.wav,thunderstorm,,,,unchanged_from_hazard5v3s,freesound:127862,,,,,
train,thunderstorm__fsd50k__dev__127975__0050__r0.wav,thunderstorm,,FSD50K,dev,127975,127975.wav,thunderstorm,,,,unchanged_from_hazard5v3s,freesound:127975,,,,,
train,thunderstorm__fsd50k__dev__127976__0051__r0.wav,thunderstorm,,FSD50K,dev,127976,127976.wav,thunderstorm,,,,unchanged_from_hazard5v3s,freesound:127976,,,,,
train,thunderstorm__fsd50k__dev__127978__0052__r0.wav,thunderstorm,,FSD50K,dev,127978,127978.wav,thunderstorm,,,,unchanged_from_hazard5v3s,freesound:127978,,,,,
train,thunderstorm__fsd50k__dev__135594__0053__r0.wav,thunderstorm,,FSD50K,dev,135594,135594.wav,thunderstorm,,,,unchanged_from_hazard5v3s,freesound:135594,,,,,
train,thunderstorm__fsd50k__dev__13585__0054__r0.wav,thunderstorm,,FSD50K,dev,13585,13585.wav,thunderstorm,,,,unchanged_from_hazard5v3s,freesound:13585,,,,,
train,thunderstorm__fsd50k__dev__136383__0055__r0.wav,thunderstorm,,FSD50K,dev,136383,136383.wav,thunderstorm,,,,unchanged_from_hazard5v3s,freesound:136383,,,,,
train,thunderstorm__fsd50k__dev__151189__0056__r0.wav,thunderstorm,,FSD50K,dev,151189,151189.wav,thunderstorm,,,,unchanged_from_hazard5v3s,freesound:151189,,,,,
train,thunderstorm__fsd50k__dev__151190__0057__r0.wav,thunderstorm,,FSD50K,dev,151190,151190.wav,thunderstorm,,,,unchanged_from_hazard5v3s,freesound:151190,,,,,
train,thunderstorm__fsd50k__dev__151191__0058__r0.wav,thunderstorm,,FSD50K,dev,151191,151191.wav,thunderstorm,,,,unchanged_from_hazard5v3s,freesound:151191,,,,,
train,thunderstorm__fsd50k__dev__151192__0059__r0.wav,thunderstorm,,FSD50K,dev,151192,151192.wav,thunderstorm,,,,unchanged_from_hazard5v3s,freesound:151192,,,,,
train,thunderstorm__fsd50k__dev__151193__0060__r0.wav,thunderstorm,,FSD50K,dev,151193,151193.wav,thunderstorm,,,,unchanged_from_hazard5v3s,freesound:151193,,,,,
train,thunderstorm__fsd50k__dev__151194__0061__r0.wav,thunderstorm,,FSD50K,dev,151194,151194.wav,thunderstorm,,,,unchanged_from_hazard5v3s,freesound:151194,,,,,
train,thunderstorm__fsd50k__dev__151195__0062__r0.wav,thunderstorm,,FSD50K,dev,151195,151195.wav,thunderstorm,,,,unchanged_from_hazard5v3s,freesound:151195,,,,,
train,thunderstorm__fsd50k__dev__151196__0063__r0.wav,thunderstorm,,FSD50K,dev,151196,151196.wav,thunderstorm,,,,unchanged_from_hazard5v3s,freesound:151196,,,,,
train,thunderstorm__fsd50k__dev__151197__0064__r0.wav,thunderstorm,,FSD50K,dev,151197,151197.wav,thunderstorm,,,,unchanged_from_hazard5v3s,freesound:151197,,,,,
train,thunderstorm__fsd50k__dev__151198__0065__r0.wav,thunderstorm,,FSD50K,dev,151198,151198.wav,thunderstorm,,,,unchanged_from_hazard5v3s,freesound:151198,,,,,
train,thunderstorm__fsd50k__dev__151199__0066__r0.wav,thunderstorm,,FSD50K,dev,151199,151199.wav,thunderstorm,,,,unchanged_from_hazard5v3s,freesound:151199,,,,,
train,thunderstorm__fsd50k__dev__151201__0067__r0.wav,thunderstorm,,FSD50K,dev,151201,151201.wav,thunderstorm,,,,unchanged_from_hazard5v3s,freesound:151201,,,,,
train,thunderstorm__fsd50k__dev__151849__0068__r0.wav,thunderstorm,,FSD50K,dev,151849,151849.wav,thunderstorm,,,,unchanged_from_hazard5v3s,freesound:151849,,,,,
train,thunderstorm__fsd50k__dev__158980__0069__r0.wav,thunderstorm,,FSD50K,dev,158980,158980.wav,thunderstorm,,,,unchanged_from_hazard5v3s,freesound:158980,,,,,
train,thunderstorm__fsd50k__dev__158981__0070__r0.wav,thunderstorm,,FSD50K,dev,158981,158981.wav,thunderstorm,,,,unchanged_from_hazard5v3s,freesound:158981,,,,,
train,thunderstorm__fsd50k__dev__158982__0071__r0.wav,thunderstorm,,FSD50K,dev,158982,158982.wav,thunderstorm,,,,unchanged_from_hazard5v3s,freesound:158982,,,,,
train,thunderstorm__fsd50k__dev__158984__0072__r0.wav,thunderstorm,,FSD50K,dev,158984,158984.wav,thunderstorm,,,,unchanged_from_hazard5v3s,freesound:158984,,,,,
train,thunderstorm__fsd50k__dev__158986__0073__r0.wav,thunderstorm,,FSD50K,dev,158986,158986.wav,thunderstorm,,,,unchanged_from_hazard5v3s,freesound:158986,,,,,
train,thunderstorm__fsd50k__dev__158987__0074__r0.wav,thunderstorm,,FSD50K,dev,158987,158987.wav,thunderstorm,,,,unchanged_from_hazard5v3s,freesound:158987,,,,,
train,thunderstorm__fsd50k__dev__158989__0075__r0.wav,thunderstorm,,FSD50K,dev,158989,158989.wav,thunderstorm,,,,unchanged_from_hazard5v3s,freesound:158989,,,,,
train,thunderstorm__fsd50k__dev__159684__0076__r0.wav,thunderstorm,,FSD50K,dev,159684,159684.wav,thunderstorm,,,,unchanged_from_hazard5v3s,freesound:159684,,,,,
train,thunderstorm__fsd50k__dev__159685__0077__r0.wav,thunderstorm,,FSD50K,dev,159685,159685.wav,thunderstorm,,,,unchanged_from_hazard5v3s,freesound:159685,,,,,
train,thunderstorm__fsd50k__dev__159686__0078__r0.wav,thunderstorm,,FSD50K,dev,159686,159686.wav,thunderstorm,,,,unchanged_from_hazard5v3s,freesound:159686,,,,,
train,thunderstorm__fsd50k__dev__159692__0079__r0.wav,thunderstorm,,FSD50K,dev,159692,159692.wav,thunderstorm,,,,unchanged_from_hazard5v3s,freesound:159692,,,,,
train,thunderstorm__fsd50k__dev__159693__0080__r0.wav,thunderstorm,,FSD50K,dev,159693,159693.wav,thunderstorm,,,,unchanged_from_hazard5v3s,freesound:159693,,,,,
train,thunderstorm__fsd50k__dev__160154__0081__r0.wav,thunderstorm,,FSD50K,dev,160154,160154.wav,thunderstorm,,,,unchanged_from_hazard5v3s,freesound:160154,,,,,
train,thunderstorm__fsd50k__dev__160155__0082__r0.wav,thunderstorm,,FSD50K,dev,160155,160155.wav,thunderstorm,,,,unchanged_from_hazard5v3s,freesound:160155,,,,,
train,thunderstorm__fsd50k__dev__160156__0083__r0.wav,thunderstorm,,FSD50K,dev,160156,160156.wav,thunderstorm,,,,unchanged_from_hazard5v3s,freesound:160156,,,,,
train,thunderstorm__fsd50k__dev__160157__0084__r0.wav,thunderstorm,,FSD50K,dev,160157,160157.wav,thunderstorm,,,,unchanged_from_hazard5v3s,freesound:160157,,,,,
train,thunderstorm__fsd50k__dev__160770__0085__r0.wav,thunderstorm,,FSD50K,dev,160770,160770.wav,thunderstorm,,,,unchanged_from_hazard5v3s,freesound:160770,,,,,
train,thunderstorm__fsd50k__dev__160910__0086__r0.wav,thunderstorm,,FSD50K,dev,160910,160910.wav,thunderstorm,,,,unchanged_from_hazard5v3s,freesound:160910,,,,,
train,thunderstorm__fsd50k__dev__160911__0087__r0.wav,thunderstorm,,FSD50K,dev,160911,160911.wav,thunderstorm,,,,unchanged_from_hazard5v3s,freesound:160911,,,,,
train,thunderstorm__fsd50k__dev__161503__0088__r0.wav,thunderstorm,,FSD50K,dev,161503,161503.wav,thunderstorm,,,,unchanged_from_hazard5v3s,freesound:161503,,,,,
train,thunderstorm__fsd50k__dev__165812__0089__r0.wav,thunderstorm,,FSD50K,dev,165812,165812.wav,thunderstorm,,,,unchanged_from_hazard5v3s,freesound:165812,,,,,
train,thunderstorm__fsd50k__dev__169155__0090__r0.wav,thunderstorm,,FSD50K,dev,169155,169155.wav,thunderstorm,,,,unchanged_from_hazard5v3s,freesound:169155,,,,,
train,thunderstorm__fsd50k__dev__17057__0091__r0.wav,thunderstorm,,FSD50K,dev,17057,17057.wav,thunderstorm,,,,unchanged_from_hazard5v3s,freesound:17057,,,,,
train,thunderstorm__fsd50k__dev__17059__0092__r0.wav,thunderstorm,,FSD50K,dev,17059,17059.wav,thunderstorm,,,,unchanged_from_hazard5v3s,freesound:17059,,,,,
train,thunderstorm__fsd50k__dev__17153__0093__r0.wav,thunderstorm,,FSD50K,dev,17153,17153.wav,thunderstorm,,,,unchanged_from_hazard5v3s,freesound:17153,,,,,
train,thunderstorm__fsd50k__dev__17154__0094__r0.wav,thunderstorm,,FSD50K,dev,17154,17154.wav,thunderstorm,,,,unchanged_from_hazard5v3s,freesound:17154,,,,,
train,thunderstorm__fsd50k__dev__18045__0095__r0.wav,thunderstorm,,FSD50K,dev,18045,18045.wav,thunderstorm,,,,unchanged_from_hazard5v3s,freesound:18045,,,,,
train,thunderstorm__fsd50k__dev__18046__0096__r0.wav,thunderstorm,,FSD50K,dev,18046,18046.wav,thunderstorm,,,,unchanged_from_hazard5v3s,freesound:18046,,,,,
train,thunderstorm__fsd50k__dev__18047__0097__r0.wav,thunderstorm,,FSD50K,dev,18047,18047.wav,thunderstorm,,,,unchanged_from_hazard5v3s,freesound:18047,,,,,
train,thunderstorm__fsd50k__dev__187772__0098__r0.wav,thunderstorm,,FSD50K,dev,187772,187772.wav,thunderstorm,,,,unchanged_from_hazard5v3s,freesound:187772,,,,,
train,thunderstorm__fsd50k__dev__189728__0099__r0.wav,thunderstorm,,FSD50K,dev,189728,189728.wav,thunderstorm,,,,unchanged_from_hazard5v3s,freesound:189728,,,,,
train,thunderstorm__fsd50k__dev__189729__0100__r0.wav,thunderstorm,,FSD50K,dev,189729,189729.wav,thunderstorm,,,,unchanged_from_hazard5v3s,freesound:189729,,,,,
train,thunderstorm__fsd50k__dev__192195__0101__r0.wav,thunderstorm,,FSD50K,dev,192195,192195.wav,thunderstorm,,,,unchanged_from_hazard5v3s,freesound:192195,,,,,
train,thunderstorm__fsd50k__dev__193333__0102__r0.wav,thunderstorm,,FSD50K,dev,193333,193333.wav,thunderstorm,,,,unchanged_from_hazard5v3s,freesound:193333,,,,,
train,thunderstorm__fsd50k__dev__193334__0103__r0.wav,thunderstorm,,FSD50K,dev,193334,193334.wav,thunderstorm,,,,unchanged_from_hazard5v3s,freesound:193334,,,,,
train,thunderstorm__fsd50k__dev__194842__0104__r0.wav,thunderstorm,,FSD50K,dev,194842,194842.wav,thunderstorm,,,,unchanged_from_hazard5v3s,freesound:194842,,,,,
train,thunderstorm__fsd50k__dev__194872__0105__r0.wav,thunderstorm,,FSD50K,dev,194872,194872.wav,thunderstorm,,,,unchanged_from_hazard5v3s,freesound:194872,,,,,
train,thunderstorm__fsd50k__dev__194904__0106__r0.wav,thunderstorm,,FSD50K,dev,194904,194904.wav,thunderstorm,,,,unchanged_from_hazard5v3s,freesound:194904,,,,,
train,thunderstorm__fsd50k__dev__195433__0107__r0.wav,thunderstorm,,FSD50K,dev,195433,195433.wav,thunderstorm,,,,unchanged_from_hazard5v3s,freesound:195433,,,,,
train,thunderstorm__fsd50k__dev__195436__0108__r0.wav,thunderstorm,,FSD50K,dev,195436,195436.wav,thunderstorm,,,,unchanged_from_hazard5v3s,freesound:195436,,,,,
train,thunderstorm__fsd50k__dev__195439__0109__r0.wav,thunderstorm,,FSD50K,dev,195439,195439.wav,thunderstorm,,,,unchanged_from_hazard5v3s,freesound:195439,,,,,
train,thunderstorm__fsd50k__dev__195985__0110__r0.wav,thunderstorm,,FSD50K,dev,195985,195985.wav,thunderstorm,,,,unchanged_from_hazard5v3s,freesound:195985,,,,,
train,thunderstorm__fsd50k__dev__196033__0111__r0.wav,thunderstorm,,FSD50K,dev,196033,196033.wav,thunderstorm,,,,unchanged_from_hazard5v3s,freesound:196033,,,,,
train,thunderstorm__fsd50k__dev__196034__0112__r0.wav,thunderstorm,,FSD50K,dev,196034,196034.wav,thunderstorm,,,,unchanged_from_hazard5v3s,freesound:196034,,,,,
train,thunderstorm__fsd50k__dev__199754__0113__r0.wav,thunderstorm,,FSD50K,dev,199754,199754.wav,thunderstorm,,,,unchanged_from_hazard5v3s,freesound:199754,,,,,
train,thunderstorm__fsd50k__dev__199755__0114__r0.wav,thunderstorm,,FSD50K,dev,199755,199755.wav,thunderstorm,,,,unchanged_from_hazard5v3s,freesound:199755,,,,,
train,thunderstorm__fsd50k__dev__199757__0115__r0.wav,thunderstorm,,FSD50K,dev,199757,199757.wav,thunderstorm,,,,unchanged_from_hazard5v3s,freesound:199757,,,,,
train,thunderstorm__fsd50k__dev__199771__0116__r0.wav,thunderstorm,,FSD50K,dev,199771,199771.wav,thunderstorm,,,,unchanged_from_hazard5v3s,freesound:199771,,,,,
train,thunderstorm__fsd50k__dev__199943__0117__r0.wav,thunderstorm,,FSD50K,dev,199943,199943.wav,thunderstorm,,,,unchanged_from_hazard5v3s,freesound:199943,,,,,
train,thunderstorm__fsd50k__dev__199944__0118__r0.wav,thunderstorm,,FSD50K,dev,199944,199944.wav,thunderstorm,,,,unchanged_from_hazard5v3s,freesound:199944,,,,,
train,thunderstorm__fsd50k__dev__199945__0119__r0.wav,thunderstorm,,FSD50K,dev,199945,199945.wav,thunderstorm,,,,unchanged_from_hazard5v3s,freesound:199945,,,,,
train,thunderstorm__fsd50k__dev__199946__0120__r0.wav,thunderstorm,,FSD50K,dev,199946,199946.wav,thunderstorm,,,,unchanged_from_hazard5v3s,freesound:199946,,,,,
train,thunderstorm__fsd50k__dev__199947__0121__r0.wav,thunderstorm,,FSD50K,dev,199947,199947.wav,thunderstorm,,,,unchanged_from_hazard5v3s,freesound:199947,,,,,
train,thunderstorm__fsd50k__dev__199948__0122__r0.wav,thunderstorm,,FSD50K,dev,199948,199948.wav,thunderstorm,,,,unchanged_from_hazard5v3s,freesound:199948,,,,,
train,thunderstorm__fsd50k__dev__199950__0123__r0.wav,thunderstorm,,FSD50K,dev,199950,199950.wav,thunderstorm,,,,unchanged_from_hazard5v3s,freesound:199950,,,,,
train,thunderstorm__fsd50k__dev__199953__0124__r0.wav,thunderstorm,,FSD50K,dev,199953,199953.wav,thunderstorm,,,,unchanged_from_hazard5v3s,freesound:199953,,,,,
train,thunderstorm__fsd50k__dev__199955__0125__r0.wav,thunderstorm,,FSD50K,dev,199955,199955.wav,thunderstorm,,,,unchanged_from_hazard5v3s,freesound:199955,,,,,
train,thunderstorm__fsd50k__dev__199956__0126__r0.wav,thunderstorm,,FSD50K,dev,199956,199956.wav,thunderstorm,,,,unchanged_from_hazard5v3s,freesound:199956,,,,,
train,thunderstorm__fsd50k__dev__199957__0127__r0.wav,thunderstorm,,FSD50K,dev,199957,199957.wav,thunderstorm,,,,unchanged_from_hazard5v3s,freesound:199957,,,,,
train,thunderstorm__fsd50k__dev__199958__0128__r0.wav,thunderstorm,,FSD50K,dev,199958,199958.wav,thunderstorm,,,,unchanged_from_hazard5v3s,freesound:199958,,,,,
train,thunderstorm__fsd50k__dev__199959__0129__r0.wav,thunderstorm,,FSD50K,dev,199959,199959.wav,thunderstorm,,,,unchanged_from_hazard5v3s,freesound:199959,,,,,
train,thunderstorm__fsd50k__dev__199960__0130__r0.wav,thunderstorm,,FSD50K,dev,199960,199960.wav,thunderstorm,,,,unchanged_from_hazard5v3s,freesound:199960,,,,,
train,thunderstorm__fsd50k__dev__20048__0131__r0.wav,thunderstorm,,FSD50K,dev,20048,20048.wav,thunderstorm,,,,unchanged_from_hazard5v3s,freesound:20048,,,,,
train,thunderstorm__fsd50k__dev__203718__0132__r0.wav,thunderstorm,,FSD50K,dev,203718,203718.wav,thunderstorm,,,,unchanged_from_hazard5v3s,freesound:203718,,,,,
train,thunderstorm__fsd50k__dev__213015__0133__r0.wav,thunderstorm,,FSD50K,dev,213015,213015.wav,thunderstorm,,,,unchanged_from_hazard5v3s,freesound:213015,,,,,
train,thunderstorm__fsd50k__dev__213028__0134__r0.wav,thunderstorm,,FSD50K,dev,213028,213028.wav,thunderstorm,,,,unchanged_from_hazard5v3s,freesound:213028,,,,,
train,thunderstorm__fsd50k__dev__213029__0135__r0.wav,thunderstorm,,FSD50K,dev,213029,213029.wav,thunderstorm,,,,unchanged_from_hazard5v3s,freesound:213029,,,,,
train,thunderstorm__fsd50k__dev__214052__0136__r0.wav,thunderstorm,,FSD50K,dev,214052,214052.wav,thunderstorm,,,,unchanged_from_hazard5v3s,freesound:214052,,,,,
train,thunderstorm__fsd50k__dev__216255__0137__r0.wav,thunderstorm,,FSD50K,dev,216255,216255.wav,thunderstorm,,,,unchanged_from_hazard5v3s,freesound:216255,,,,,
train,thunderstorm__fsd50k__dev__216257__0138__r0.wav,thunderstorm,,FSD50K,dev,216257,216257.wav,thunderstorm,,,,unchanged_from_hazard5v3s,freesound:216257,,,,,
train,thunderstorm__fsd50k__dev__216268__0139__r0.wav,thunderstorm,,FSD50K,dev,216268,216268.wav,thunderstorm,,,,unchanged_from_hazard5v3s,freesound:216268,,,,,
train,thunderstorm__fsd50k__dev__216269__0140__r0.wav,thunderstorm,,FSD50K,dev,216269,216269.wav,thunderstorm,,,,unchanged_from_hazard5v3s,freesound:216269,,,,,
train,thunderstorm__fsd50k__dev__22926__0141__r0.wav,thunderstorm,,FSD50K,dev,22926,22926.wav,thunderstorm,,,,unchanged_from_hazard5v3s,freesound:22926,,,,,
train,thunderstorm__fsd50k__dev__22927__0142__r0.wav,thunderstorm,,FSD50K,dev,22927,22927.wav,thunderstorm,,,,unchanged_from_hazard5v3s,freesound:22927,,,,,
train,thunderstorm__fsd50k__dev__22928__0143__r0.wav,thunderstorm,,FSD50K,dev,22928,22928.wav,thunderstorm,,,,unchanged_from_hazard5v3s,freesound:22928,,,,,
train,thunderstorm__fsd50k__dev__22929__0144__r0.wav,thunderstorm,,FSD50K,dev,22929,22929.wav,thunderstorm,,,,unchanged_from_hazard5v3s,freesound:22929,,,,,
train,thunderstorm__fsd50k__dev__22930__0145__r0.wav,thunderstorm,,FSD50K,dev,22930,22930.wav,thunderstorm,,,,unchanged_from_hazard5v3s,freesound:22930,,,,,
train,thunderstorm__fsd50k__dev__22931__0146__r0.wav,thunderstorm,,FSD50K,dev,22931,22931.wav,thunderstorm,,,,unchanged_from_hazard5v3s,freesound:22931,,,,,
train,thunderstorm__fsd50k__dev__22932__0147__r0.wav,thunderstorm,,FSD50K,dev,22932,22932.wav,thunderstorm,,,,unchanged_from_hazard5v3s,freesound:22932,,,,,
train,thunderstorm__fsd50k__dev__22933__0148__r0.wav,thunderstorm,,FSD50K,dev,22933,22933.wav,thunderstorm,,,,unchanged_from_hazard5v3s,freesound:22933,,,,,
train,thunderstorm__fsd50k__dev__22934__0149__r0.wav,thunderstorm,,FSD50K,dev,22934,22934.wav,thunderstorm,,,,unchanged_from_hazard5v3s,freesound:22934,,,,,
train,thunderstorm__fsd50k__dev__22935__0150__r0.wav,thunderstorm,,FSD50K,dev,22935,22935.wav,thunderstorm,,,,unchanged_from_hazard5v3s,freesound:22935,,,,,
train,thunderstorm__fsd50k__dev__22937__0151__r0.wav,thunderstorm,,FSD50K,dev,22937,22937.wav,thunderstorm,,,,unchanged_from_hazard5v3s,freesound:22937,,,,,
train,thunderstorm__fsd50k__dev__22938__0152__r0.wav,thunderstorm,,FSD50K,dev,22938,22938.wav,thunderstorm,,,,unchanged_from_hazard5v3s,freesound:22938,,,,,
train,thunderstorm__fsd50k__dev__236996__0153__r0.wav,thunderstorm,,FSD50K,dev,236996,236996.wav,thunderstorm,,,,unchanged_from_hazard5v3s,freesound:236996,,,,,
train,thunderstorm__fsd50k__dev__237409__0154__r0.wav,thunderstorm,,FSD50K,dev,237409,237409.wav,thunderstorm,,,,unchanged_from_hazard5v3s,freesound:237409,,,,,
train,thunderstorm__fsd50k__dev__237410__0155__r0.wav,thunderstorm,,FSD50K,dev,237410,237410.wav,thunderstorm,,,,unchanged_from_hazard5v3s,freesound:237410,,,,,
train,thunderstorm__fsd50k__dev__237411__0156__r0.wav,thunderstorm,,FSD50K,dev,237411,237411.wav,thunderstorm,,,,unchanged_from_hazard5v3s,freesound:237411,,,,,
train,thunderstorm__fsd50k__dev__237412__0157__r0.wav,thunderstorm,,FSD50K,dev,237412,237412.wav,thunderstorm,,,,unchanged_from_hazard5v3s,freesound:237412,,,,,
train,thunderstorm__fsd50k__dev__237542__0158__r0.wav,thunderstorm,,FSD50K,dev,237542,237542.wav,thunderstorm,,,,unchanged_from_hazard5v3s,freesound:237542,,,,,
train,thunderstorm__fsd50k__dev__237725__0159__r0.wav,thunderstorm,,FSD50K,dev,237725,237725.wav,thunderstorm,,,,unchanged_from_hazard5v3s,freesound:237725,,,,,
train,thunderstorm__fsd50k__dev__237730__0160__r0.wav,thunderstorm,,FSD50K,dev,237730,237730.wav,thunderstorm,,,,unchanged_from_hazard5v3s,freesound:237730,,,,,
train,thunderstorm__fsd50k__dev__237731__0161__r0.wav,thunderstorm,,FSD50K,dev,237731,237731.wav,thunderstorm,,,,unchanged_from_hazard5v3s,freesound:237731,,,,,
train,thunderstorm__fsd50k__dev__237732__0162__r0.wav,thunderstorm,,FSD50K,dev,237732,237732.wav,thunderstorm,,,,unchanged_from_hazard5v3s,freesound:237732,,,,,
train,thunderstorm__fsd50k__dev__238626__0163__r0.wav,thunderstorm,,FSD50K,dev,238626,238626.wav,thunderstorm,,,,unchanged_from_hazard5v3s,freesound:238626,,,,,
train,thunderstorm__fsd50k__dev__238689__0164__r0.wav,thunderstorm,,FSD50K,dev,238689,238689.wav,thunderstorm,,,,unchanged_from_hazard5v3s,freesound:238689,,,,,
train,thunderstorm__fsd50k__dev__238690__0165__r0.wav,thunderstorm,,FSD50K,dev,238690,238690.wav,thunderstorm,,,,unchanged_from_hazard5v3s,freesound:238690,,,,,
train,thunderstorm__fsd50k__dev__238791__0166__r0.wav,thunderstorm,,FSD50K,dev,238791,238791.wav,thunderstorm,,,,unchanged_from_hazard5v3s,freesound:238791,,,,,
train,thunderstorm__fsd50k__dev__238793__0167__r0.wav,thunderstorm,,FSD50K,dev,238793,238793.wav,thunderstorm,,,,unchanged_from_hazard5v3s,freesound:238793,,,,,
train,thunderstorm__fsd50k__dev__238794__0168__r0.wav,thunderstorm,,FSD50K,dev,238794,238794.wav,thunderstorm,,,,unchanged_from_hazard5v3s,freesound:238794,,,,,
train,thunderstorm__fsd50k__dev__238806__0169__r0.wav,thunderstorm,,FSD50K,dev,238806,238806.wav,thunderstorm,,,,unchanged_from_hazard5v3s,freesound:238806,,,,,
train,thunderstorm__fsd50k__dev__240368__0170__r0.wav,thunderstorm,,FSD50K,dev,240368,240368.wav,thunderstorm,,,,unchanged_from_hazard5v3s,freesound:240368,,,,,
train,thunderstorm__fsd50k__dev__240790__0171__r0.wav,thunderstorm,,FSD50K,dev,240790,240790.wav,thunderstorm,,,,unchanged_from_hazard5v3s,freesound:240790,,,,,
train,thunderstorm__fsd50k__dev__240791__0172__r0.wav,thunderstorm,,FSD50K,dev,240791,240791.wav,thunderstorm,,,,unchanged_from_hazard5v3s,freesound:240791,,,,,
train,thunderstorm__fsd50k__dev__240792__0173__r0.wav,thunderstorm,,FSD50K,dev,240792,240792.wav,thunderstorm,,,,unchanged_from_hazard5v3s,freesound:240792,,,,,
train,thunderstorm__fsd50k__dev__240793__0174__r0.wav,thunderstorm,,FSD50K,dev,240793,240793.wav,thunderstorm,,,,unchanged_from_hazard5v3s,freesound:240793,,,,,
train,thunderstorm__fsd50k__dev__242013__0175__r0.wav,thunderstorm,,FSD50K,dev,242013,242013.wav,thunderstorm,,,,unchanged_from_hazard5v3s,freesound:242013,,,,,
train,thunderstorm__fsd50k__dev__242014__0176__r0.wav,thunderstorm,,FSD50K,dev,242014,242014.wav,thunderstorm,,,,unchanged_from_hazard5v3s,freesound:242014,,,,,
train,thunderstorm__fsd50k__dev__242015__0177__r0.wav,thunderstorm,,FSD50K,dev,242015,242015.wav,thunderstorm,,,,unchanged_from_hazard5v3s,freesound:242015,,,,,
train,thunderstorm__fsd50k__dev__242016__0178__r0.wav,thunderstorm,,FSD50K,dev,242016,242016.wav,thunderstorm,,,,unchanged_from_hazard5v3s,freesound:242016,,,,,
train,thunderstorm__fsd50k__dev__242017__0179__r0.wav,thunderstorm,,FSD50K,dev,242017,242017.wav,thunderstorm,,,,unchanged_from_hazard5v3s,freesound:242017,,,,,
train,thunderstorm__fsd50k__dev__242018__0180__r0.wav,thunderstorm,,FSD50K,dev,242018,242018.wav,thunderstorm,,,,unchanged_from_hazard5v3s,freesound:242018,,,,,
train,thunderstorm__fsd50k__dev__242603__0181__r0.wav,thunderstorm,,FSD50K,dev,242603,242603.wav,thunderstorm,,,,unchanged_from_hazard5v3s,freesound:242603,,,,,
train,thunderstorm__fsd50k__dev__243778__0182__r0.wav,thunderstorm,,FSD50K,dev,243778,243778.wav,thunderstorm,,,,unchanged_from_hazard5v3s,freesound:243778,,,,,
train,thunderstorm__fsd50k__dev__243779__0183__r0.wav,thunderstorm,,FSD50K,dev,243779,243779.wav,thunderstorm,,,,unchanged_from_hazard5v3s,freesound:243779,,,,,
train,thunderstorm__fsd50k__dev__243780__0184__r0.wav,thunderstorm,,FSD50K,dev,243780,243780.wav,thunderstorm,,,,unchanged_from_hazard5v3s,freesound:243780,,,,,
train,thunderstorm__fsd50k__dev__244053__0185__r0.wav,thunderstorm,,FSD50K,dev,244053,244053.wav,thunderstorm,,,,unchanged_from_hazard5v3s,freesound:244053,,,,,
train,thunderstorm__fsd50k__dev__244054__0186__r0.wav,thunderstorm,,FSD50K,dev,244054,244054.wav,thunderstorm,,,,unchanged_from_hazard5v3s,freesound:244054,,,,,
train,thunderstorm__fsd50k__dev__244581__0187__r0.wav,thunderstorm,,FSD50K,dev,244581,244581.wav,thunderstorm,,,,unchanged_from_hazard5v3s,freesound:244581,,,,,
train,thunderstorm__fsd50k__dev__249508__0188__r0.wav,thunderstorm,,FSD50K,dev,249508,249508.wav,thunderstorm,,,,unchanged_from_hazard5v3s,freesound:249508,,,,,
train,thunderstorm__fsd50k__dev__249950__0189__r0.wav,thunderstorm,,FSD50K,dev,249950,249950.wav,thunderstorm,,,,unchanged_from_hazard5v3s,freesound:249950,,,,,
train,thunderstorm__fsd50k__dev__250107__0190__r0.wav,thunderstorm,,FSD50K,dev,250107,250107.wav,thunderstorm,,,,unchanged_from_hazard5v3s,freesound:250107,,,,,
train,thunderstorm__fsd50k__dev__251629__0191__r0.wav,thunderstorm,,FSD50K,dev,251629,251629.wav,thunderstorm,,,,unchanged_from_hazard5v3s,freesound:251629,,,,,
validation,dog_bark__esc50__fold_4__182395__0000__r0.wav,dog_bark,,ESC-50,fold_4,182395,4-182395-A-0.wav,dog_bark,,,,unchanged_from_hazard5v3s,esc-50:182395,,,,,
validation,dog_bark__esc50__fold_4__183992__0001__r0.wav,dog_bark,,ESC-50,fold_4,183992,4-183992-A-0.wav,dog_bark,,,,unchanged_from_hazard5v3s,esc-50:183992,,,,,
validation,dog_bark__esc50__fold_4__184575__0002__r0.wav,dog_bark,,ESC-50,fold_4,184575,4-184575-A-0.wav,dog_bark,,,,unchanged_from_hazard5v3s,esc-50:184575,,,,,
validation,dog_bark__esc50__fold_4__191687__0003__r0.wav,dog_bark,,ESC-50,fold_4,191687,4-191687-A-0.wav,dog_bark,,,,unchanged_from_hazard5v3s,esc-50:191687,,,,,
validation,dog_bark__esc50__fold_4__192236__0004__r0.wav,dog_bark,,ESC-50,fold_4,192236,4-192236-A-0.wav,dog_bark,,,,unchanged_from_hazard5v3s,esc-50:192236,,,,,
validation,dog_bark__esc50__fold_4__194754__0005__r0.wav,dog_bark,,ESC-50,fold_4,194754,4-194754-A-0.wav,dog_bark,,,,unchanged_from_hazard5v3s,esc-50:194754,,,,,
validation,dog_bark__esc50__fold_4__199261__0006__r0.wav,dog_bark,,ESC-50,fold_4,199261,4-199261-A-0.wav,dog_bark,,,,unchanged_from_hazard5v3s,esc-50:199261,,,,,
validation,dog_bark__esc50__fold_4__207124__0007__r0.wav,dog_bark,,ESC-50,fold_4,207124,4-207124-A-0.wav,dog_bark,,,,unchanged_from_hazard5v3s,esc-50:207124,,,,,
validation,dog_bark__fsd50k__dev__107190__0008__r0.wav,dog_bark,,FSD50K,dev,107190,107190.wav,dog_bark,,,,unchanged_from_hazard5v3s,freesound:107190,,,,,
validation,dog_bark__fsd50k__dev__108631__0009__r0.wav,dog_bark,,FSD50K,dev,108631,108631.wav,dog_bark,,,,unchanged_from_hazard5v3s,freesound:108631,,,,,
validation,dog_bark__fsd50k__dev__116400__0010__r0.wav,dog_bark,,FSD50K,dev,116400,116400.wav,dog_bark,,,,unchanged_from_hazard5v3s,freesound:116400,,,,,
validation,dog_bark__fsd50k__dev__11722__0011__r0.wav,dog_bark,,FSD50K,dev,11722,11722.wav,dog_bark,,,,unchanged_from_hazard5v3s,freesound:11722,,,,,
validation,dog_bark__fsd50k__dev__117271__0012__r0.wav,dog_bark,,FSD50K,dev,117271,117271.wav,dog_bark,,,,unchanged_from_hazard5v3s,freesound:117271,,,,,
validation,dog_bark__fsd50k__dev__119420__0013__r0.wav,dog_bark,,FSD50K,dev,119420,119420.wav,dog_bark,,,,unchanged_from_hazard5v3s,freesound:119420,,,,,
validation,dog_bark__fsd50k__dev__121888__0014__r0.wav,dog_bark,,FSD50K,dev,121888,121888.wav,dog_bark,,,,unchanged_from_hazard5v3s,freesound:121888,,,,,
validation,dog_bark__fsd50k__dev__128042__0015__r0.wav,dog_bark,,FSD50K,dev,128042,128042.wav,dog_bark,,,,unchanged_from_hazard5v3s,freesound:128042,,,,,
validation,dog_bark__fsd50k__dev__128891__0016__r0.wav,dog_bark,,FSD50K,dev,128891,128891.wav,dog_bark,,,,unchanged_from_hazard5v3s,freesound:128891,,,,,
validation,dog_bark__fsd50k__dev__131258__0017__r0.wav,dog_bark,,FSD50K,dev,131258,131258.wav,dog_bark,,,,unchanged_from_hazard5v3s,freesound:131258,,,,,
validation,dog_bark__fsd50k__dev__142641__0018__r0.wav,dog_bark,,FSD50K,dev,142641,142641.wav,dog_bark,,,,unchanged_from_hazard5v3s,freesound:142641,,,,,
validation,dog_bark__fsd50k__dev__144028__0019__r0.wav,dog_bark,,FSD50K,dev,144028,144028.wav,dog_bark,,,,unchanged_from_hazard5v3s,freesound:144028,,,,,
validation,dog_bark__fsd50k__dev__146343__0020__r0.wav,dog_bark,,FSD50K,dev,146343,146343.wav,dog_bark,,,,unchanged_from_hazard5v3s,freesound:146343,,,,,
validation,dog_bark__fsd50k__dev__147672__0021__r0.wav,dog_bark,,FSD50K,dev,147672,147672.wav,dog_bark,,,,unchanged_from_hazard5v3s,freesound:147672,,,,,
validation,dog_bark__fsd50k__dev__157950__0022__r0.wav,dog_bark,,FSD50K,dev,157950,157950.wav,dog_bark,,,,unchanged_from_hazard5v3s,freesound:157950,,,,,
validation,dog_bark__fsd50k__dev__162148__0023__r0.wav,dog_bark,,FSD50K,dev,162148,162148.wav,dog_bark,,,,unchanged_from_hazard5v3s,freesound:162148,,,,,
validation,dog_bark__fsd50k__dev__167487__0024__r0.wav,dog_bark,,FSD50K,dev,167487,167487.wav,dog_bark,,,,unchanged_from_hazard5v3s,freesound:167487,,,,,
validation,dog_bark__fsd50k__dev__170015__0025__r0.wav,dog_bark,,FSD50K,dev,170015,170015.wav,dog_bark,,,,unchanged_from_hazard5v3s,freesound:170015,,,,,
validation,dog_bark__fsd50k__dev__178118__0026__r0.wav,dog_bark,,FSD50K,dev,178118,178118.wav,dog_bark,,,,unchanged_from_hazard5v3s,freesound:178118,,,,,
validation,dog_bark__fsd50k__dev__180052__0027__r0.wav,dog_bark,,FSD50K,dev,180052,180052.wav,dog_bark,,,,unchanged_from_hazard5v3s,freesound:180052,,,,,
validation,dog_bark__fsd50k__dev__182395__0028__r0.wav,dog_bark,,FSD50K,dev,182395,182395.wav,dog_bark,,,,unchanged_from_hazard5v3s,freesound:182395,,,,,
validation,dog_bark__fsd50k__dev__184880__0029__r0.wav,dog_bark,,FSD50K,dev,184880,184880.wav,dog_bark,,,,unchanged_from_hazard5v3s,freesound:184880,,,,,
validation,dog_bark__fsd50k__dev__196127__0030__r0.wav,dog_bark,,FSD50K,dev,196127,196127.wav,dog_bark,,,,unchanged_from_hazard5v3s,freesound:196127,,,,,
validation,dog_bark__fsd50k__dev__211548__0031__r0.wav,dog_bark,,FSD50K,dev,211548,211548.wav,dog_bark,,,,unchanged_from_hazard5v3s,freesound:211548,,,,,
validation,dog_bark__fsd50k__dev__220901__0032__r0.wav,dog_bark,,FSD50K,dev,220901,220901.wav,dog_bark,,,,unchanged_from_hazard5v3s,freesound:220901,,,,,
validation,dog_bark__fsd50k__dev__220904__0033__r0.wav,dog_bark,,FSD50K,dev,220904,220904.wav,dog_bark,,,,unchanged_from_hazard5v3s,freesound:220904,,,,,
validation,dog_bark__fsd50k__dev__221207__0034__r0.wav,dog_bark,,FSD50K,dev,221207,221207.wav,dog_bark,,,,unchanged_from_hazard5v3s,freesound:221207,,,,,
validation,dog_bark__fsd50k__dev__232271__0035__r0.wav,dog_bark,,FSD50K,dev,232271,232271.wav,dog_bark,,,,unchanged_from_hazard5v3s,freesound:232271,,,,,
validation,dog_bark__fsd50k__dev__235913__0036__r0.wav,dog_bark,,FSD50K,dev,235913,235913.wav,dog_bark,,,,unchanged_from_hazard5v3s,freesound:235913,,,,,
validation,dog_bark__fsd50k__dev__236967__0037__r0.wav,dog_bark,,FSD50K,dev,236967,236967.wav,dog_bark,,,,unchanged_from_hazard5v3s,freesound:236967,,,,,
validation,dog_bark__fsd50k__dev__244469__0038__r0.wav,dog_bark,,FSD50K,dev,244469,244469.wav,dog_bark,,,,unchanged_from_hazard5v3s,freesound:244469,,,,,
validation,dog_bark__fsd50k__dev__261286__0039__r0.wav,dog_bark,,FSD50K,dev,261286,261286.wav,dog_bark,,,,unchanged_from_hazard5v3s,freesound:261286,,,,,
validation,dog_bark__fsd50k__dev__264332__0040__r0.wav,dog_bark,,FSD50K,dev,264332,264332.wav,dog_bark,,,,unchanged_from_hazard5v3s,freesound:264332,,,,,
validation,dog_bark__fsd50k__dev__266603__0041__r0.wav,dog_bark,,FSD50K,dev,266603,266603.wav,dog_bark,,,,unchanged_from_hazard5v3s,freesound:266603,,,,,
validation,dog_bark__fsd50k__dev__327138__0042__r0.wav,dog_bark,,FSD50K,dev,327138,327138.wav,dog_bark,,,,unchanged_from_hazard5v3s,freesound:327138,,,,,
validation,dog_bark__fsd50k__dev__348332__0043__r0.wav,dog_bark,,FSD50K,dev,348332,348332.wav,dog_bark,,,,unchanged_from_hazard5v3s,freesound:348332,,,,,
validation,dog_bark__fsd50k__dev__34872__0044__r0.wav,dog_bark,,FSD50K,dev,34872,34872.wav,dog_bark,,,,unchanged_from_hazard5v3s,freesound:34872,,,,,
validation,dog_bark__fsd50k__dev__35296__0045__r0.wav,dog_bark,,FSD50K,dev,35296,35296.wav,dog_bark,,,,unchanged_from_hazard5v3s,freesound:35296,,,,,
validation,dog_bark__fsd50k__dev__360411__0046__r0.wav,dog_bark,,FSD50K,dev,360411,360411.wav,dog_bark,,,,unchanged_from_hazard5v3s,freesound:360411,,,,,
validation,dog_bark__fsd50k__dev__364662__0047__r0.wav,dog_bark,,FSD50K,dev,364662,364662.wav,dog_bark,,,,unchanged_from_hazard5v3s,freesound:364662,,,,,
validation,dog_bark__fsd50k__dev__365089__0048__r0.wav,dog_bark,,FSD50K,dev,365089,365089.wav,dog_bark,,,,unchanged_from_hazard5v3s,freesound:365089,,,,,
validation,dog_bark__fsd50k__dev__36902__0049__r0.wav,dog_bark,,FSD50K,dev,36902,36902.wav,dog_bark,,,,unchanged_from_hazard5v3s,freesound:36902,,,,,
validation,dog_bark__fsd50k__dev__369648__0050__r0.wav,dog_bark,,FSD50K,dev,369648,369648.wav,dog_bark,,,,unchanged_from_hazard5v3s,freesound:369648,,,,,
validation,dog_bark__fsd50k__dev__370714__0051__r0.wav,dog_bark,,FSD50K,dev,370714,370714.wav,dog_bark,,,,unchanged_from_hazard5v3s,freesound:370714,,,,,
validation,dog_bark__fsd50k__dev__379531__0052__r0.wav,dog_bark,,FSD50K,dev,379531,379531.wav,dog_bark,,,,unchanged_from_hazard5v3s,freesound:379531,,,,,
validation,dog_bark__fsd50k__dev__381434__0053__r0.wav,dog_bark,,FSD50K,dev,381434,381434.wav,dog_bark,,,,unchanged_from_hazard5v3s,freesound:381434,,,,,
validation,dog_bark__fsd50k__dev__381692__0054__r0.wav,dog_bark,,FSD50K,dev,381692,381692.wav,dog_bark,,,,unchanged_from_hazard5v3s,freesound:381692,,,,,
validation,dog_bark__fsd50k__dev__381799__0055__r0.wav,dog_bark,,FSD50K,dev,381799,381799.wav,dog_bark,,,,unchanged_from_hazard5v3s,freesound:381799,,,,,
validation,dog_bark__fsd50k__dev__389254__0056__r0.wav,dog_bark,,FSD50K,dev,389254,389254.wav,dog_bark,,,,unchanged_from_hazard5v3s,freesound:389254,,,,,
validation,dog_bark__fsd50k__dev__398724__0057__r0.wav,dog_bark,,FSD50K,dev,398724,398724.wav,dog_bark,,,,unchanged_from_hazard5v3s,freesound:398724,,,,,
validation,dog_bark__fsd50k__dev__400576__0058__r0.wav,dog_bark,,FSD50K,dev,400576,400576.wav,dog_bark,,,,unchanged_from_hazard5v3s,freesound:400576,,,,,
validation,dog_bark__fsd50k__dev__404233__0059__r0.wav,dog_bark,,FSD50K,dev,404233,404233.wav,dog_bark,,,,unchanged_from_hazard5v3s,freesound:404233,,,,,
validation,glass_breaking__esc50__fold_4__204115__0000__r0.wav,glass_breaking,,ESC-50,fold_4,204115,4-204115-A-39.wav,glass_breaking,,,,explicit_ESC50_glass_breaking,esc-50:204115,,,,,
validation,glass_breaking__esc50__fold_4__204119__0001__r0.wav,glass_breaking,,ESC-50,fold_4,204119,4-204119-A-39.wav,glass_breaking,,,,explicit_ESC50_glass_breaking,esc-50:204119,,,,,
validation,glass_breaking__esc50__fold_4__204121__0002__r0.wav,glass_breaking,,ESC-50,fold_4,204121,4-204121-A-39.wav,glass_breaking,,,,explicit_ESC50_glass_breaking,esc-50:204121,,,,,
validation,glass_breaking__esc50__fold_4__204123__0003__r0.wav,glass_breaking,,ESC-50,fold_4,204123,4-204123-A-39.wav,glass_breaking,,,,explicit_ESC50_glass_breaking,esc-50:204123,,,,,
validation,glass_breaking__esc50__fold_4__204777__0004__r0.wav,glass_breaking,,ESC-50,fold_4,204777,4-204777-A-39.wav,glass_breaking,,,,explicit_ESC50_glass_breaking,esc-50:204777,,,,,
validation,glass_breaking__esc50__fold_4__204777__0005__r0.wav,glass_breaking,,ESC-50,fold_4,204777,4-204777-B-39.wav,glass_breaking,,,,explicit_ESC50_glass_breaking,esc-50:204777,,,,,
validation,glass_breaking__esc50__fold_4__204777__0006__r0.wav,glass_breaking,,ESC-50,fold_4,204777,4-204777-C-39.wav,glass_breaking,,,,explicit_ESC50_glass_breaking,esc-50:204777,,,,,
validation,glass_breaking__esc50__fold_4__212698__0007__r0.wav,glass_breaking,,ESC-50,fold_4,212698,4-212698-A-39.wav,glass_breaking,,,,explicit_ESC50_glass_breaking,esc-50:212698,,,,,
validation,glass_breaking__fsd50k__dev__115922__0010__r0.wav,glass_breaking,,FSD50K,dev,115922,115922.wav,"Shatter,Glass","Glass Breaking, Peaked mic, distortion.wav",issalcake,http://creativecommons.org/publicdomain/zero/1.0/,explicit_AudioSet_Shatter_label,freesound:115922,,,,,
validation,glass_breaking__fsd50k__dev__118515__0031__r0.wav,glass_breaking,,FSD50K,dev,118515,118515.wav,"Shatter,Glass",Windshield_Hit_02.wav,thefsoundman,http://creativecommons.org/publicdomain/zero/1.0/,explicit_AudioSet_Shatter_label,freesound:118515,,,,,
validation,glass_breaking__fsd50k__dev__126465__0028__r0.wav,glass_breaking,,FSD50K,dev,126465,126465.wav,"Shatter,Glass",lightbulb_smash.wav,pillonoise,http://creativecommons.org/publicdomain/zero/1.0/,explicit_AudioSet_Shatter_label,freesound:126465,,,,,
validation,glass_breaking__fsd50k__dev__127543__0058__r0.wav,glass_breaking,,FSD50K,dev,127543,127543.wav,"Shatter,Glass",Glass-Hit.wav,romulofs,http://creativecommons.org/publicdomain/zero/1.0/,explicit_AudioSet_Shatter_label,freesound:127543,,,,,
validation,glass_breaking__fsd50k__dev__144321__0055__r0.wav,glass_breaking,,FSD50K,dev,144321,144321.wav,"Shatter,Glass",crash.mp3,fumiya112,http://creativecommons.org/publicdomain/zero/1.0/,explicit_AudioSet_Shatter_label,freesound:144321,,,,,
validation,glass_breaking__fsd50k__dev__145209__0014__r0.wav,glass_breaking,,FSD50K,dev,145209,145209.wav,"Shatter,Glass",shotgun sounds,lensflare8642,http://creativecommons.org/publicdomain/zero/1.0/,explicit_AudioSet_Shatter_label,freesound:145209,,,,,
validation,glass_breaking__fsd50k__dev__147867__0040__r0.wav,glass_breaking,,FSD50K,dev,147867,147867.wav,"Shatter,Chink_and_clink,Glass",shatter.wav,letssfx,http://creativecommons.org/publicdomain/zero/1.0/,explicit_AudioSet_Shatter_label,freesound:147867,,,,,
validation,glass_breaking__fsd50k__dev__159197__0039__r0.wav,glass_breaking,,FSD50K,dev,159197,159197.wav,"Shatter,Chink_and_clink,Glass",Glass breaking.mp3,justBrando,http://creativecommons.org/publicdomain/zero/1.0/,explicit_AudioSet_Shatter_label,freesound:159197,,,,,
validation,glass_breaking__fsd50k__dev__161309__0009__r0.wav,glass_breaking,,FSD50K,dev,161309,161309.wav,"Shatter,Glass",Bottle breaking.aif,Chela Sivesta,http://creativecommons.org/licenses/by/3.0/,explicit_AudioSet_Shatter_label,freesound:161309,,,,,
validation,glass_breaking__fsd50k__dev__163364__0033__r0.wav,glass_breaking,,FSD50K,dev,163364,163364.wav,"Shatter,Glass",breaking_small_window.wav,MikaF,http://creativecommons.org/publicdomain/zero/1.0/,explicit_AudioSet_Shatter_label,freesound:163364,,,,,
validation,glass_breaking__fsd50k__dev__199906__0050__r0.wav,glass_breaking,,FSD50K,dev,199906,199906.wav,"Shatter,Glass",Breaking Glass Stereo,GN2013,http://creativecommons.org/publicdomain/zero/1.0/,explicit_AudioSet_Shatter_label,freesound:199906,,,,,
validation,glass_breaking__fsd50k__dev__202093__0025__r0.wav,glass_breaking,,FSD50K,dev,202093,202093.wav,"Shatter,Glass",Bottle Shattering.wav,spookymodem,http://creativecommons.org/publicdomain/zero/1.0/,explicit_AudioSet_Shatter_label,freesound:202093,,,,,
validation,glass_breaking__fsd50k__dev__204777__0022__r0.wav,glass_breaking,,FSD50K,dev,204777,204777.wav,"Shatter,Chink_and_clink,Glass",Breaking Glass ,ngruber,http://creativecommons.org/publicdomain/zero/1.0/,explicit_AudioSet_Shatter_label,freesound:204777,,,,,
validation,glass_breaking__fsd50k__dev__208696__0018__r0.wav,glass_breaking,,FSD50K,dev,208696,208696.wav,"Shatter,Crushing,Glass",Glass smash under boot (+ footsteps),peridactyloptrix,http://creativecommons.org/publicdomain/zero/1.0/,explicit_AudioSet_Shatter_label,freesound:208696,,,,,
validation,glass_breaking__fsd50k__dev__212698__0036__r0.wav,glass_breaking,,FSD50K,dev,212698,212698.wav,"Shatter,Glass",Breaking a glass bottle,dasebr,http://creativecommons.org/publicdomain/zero/1.0/,explicit_AudioSet_Shatter_label,freesound:212698,,,,,
validation,glass_breaking__fsd50k__dev__223552__0013__r0.wav,glass_breaking,,FSD50K,dev,223552,223552.wav,"Shatter,Glass",Glass Bottle Break.wav,captainvince,http://creativecommons.org/licenses/by/3.0/,explicit_AudioSet_Shatter_label,freesound:223552,,,,,
validation,glass_breaking__fsd50k__dev__244238__0043__r0.wav,glass_breaking,,FSD50K,dev,244238,244238.wav,"Shatter,Glass",Glass Smash.wav,chewiesmissus,http://creativecommons.org/publicdomain/zero/1.0/,explicit_AudioSet_Shatter_label,freesound:244238,,,,,
validation,glass_breaking__fsd50k__dev__245410__0059__r0.wav,glass_breaking,,FSD50K,dev,245410,245410.wav,"Shatter,Chink_and_clink,Glass",breaking glass.wav,Spankous,http://creativecommons.org/publicdomain/zero/1.0/,explicit_AudioSet_Shatter_label,freesound:245410,,,,,
validation,glass_breaking__fsd50k__dev__249874__0044__r0.wav,glass_breaking,,FSD50K,dev,249874,249874.wav,"Shatter,Glass",CRASH!.mp3,reddagger,http://creativecommons.org/publicdomain/zero/1.0/,explicit_AudioSet_Shatter_label,freesound:249874,,,,,
validation,glass_breaking__fsd50k__dev__260433__0057__r0.wav,glass_breaking,,FSD50K,dev,260433,260433.wav,"Shatter,Glass",Glass Break - Small Jar 01,RoganDerrick,http://creativecommons.org/licenses/by/3.0/,explicit_AudioSet_Shatter_label,freesound:260433,,,,,
validation,glass_breaking__fsd50k__dev__272065__0049__r0.wav,glass_breaking,,FSD50K,dev,272065,272065.wav,"Shatter,Glass",Thrown Object,Bexhillcollege,http://creativecommons.org/publicdomain/zero/1.0/,explicit_AudioSet_Shatter_label,freesound:272065,,,,,
validation,glass_breaking__fsd50k__dev__272489__0024__r0.wav,glass_breaking,,FSD50K,dev,272489,272489.wav,"Shatter,Liquid,Glass",Glass_breaking_with_water_layered.wav,Ferguido,http://creativecommons.org/publicdomain/zero/1.0/,explicit_AudioSet_Shatter_label,freesound:272489,,,,,
validation,glass_breaking__fsd50k__dev__273647__0035__r0.wav,glass_breaking,,FSD50K,dev,273647,273647.wav,"Shatter,Glass",Glass Bottle Shatter.wav,qyxs,http://creativecommons.org/publicdomain/zero/1.0/,explicit_AudioSet_Shatter_label,freesound:273647,,,,,
validation,glass_breaking__fsd50k__dev__276938__0026__r0.wav,glass_breaking,,FSD50K,dev,276938,276938.wav,"Shatter,Glass",breaking_glass_mirror_Rode_NTG3.wav,gladkiy,http://creativecommons.org/publicdomain/zero/1.0/,explicit_AudioSet_Shatter_label,freesound:276938,,,,,
validation,glass_breaking__fsd50k__dev__321143__0051__r0.wav,glass_breaking,,FSD50K,dev,321143,321143.wav,"Shatter,Chink_and_clink,Glass",Concrete and Glass breaking in dumpster,rodincoil,http://creativecommons.org/publicdomain/zero/1.0/,explicit_AudioSet_Shatter_label,freesound:321143,,,,,
validation,glass_breaking__fsd50k__dev__326422__0011__r0.wav,glass_breaking,,FSD50K,dev,326422,326422.wav,"Shatter,Glass",GLASS breaking- loud glass shattering (SFX).wav,mickfire,http://creativecommons.org/licenses/by-nc/3.0/,explicit_AudioSet_Shatter_label,freesound:326422,,,,,
validation,glass_breaking__fsd50k__dev__327591__0054__r0.wav,glass_breaking,,FSD50K,dev,327591,327591.wav,"Shatter,Glass",Glass bottle breaking.wav,JanevdMerwe1995,http://creativecommons.org/licenses/by-nc/3.0/,explicit_AudioSet_Shatter_label,freesound:327591,,,,,
validation,glass_breaking__fsd50k__dev__328611__0021__r0.wav,glass_breaking,,FSD50K,dev,328611,328611.wav,"Shatter,Chink_and_clink,Glass",Glass breaking ,leandrocordeiro,http://creativecommons.org/publicdomain/zero/1.0/,explicit_AudioSet_Shatter_label,freesound:328611,,,,,
validation,glass_breaking__fsd50k__dev__352331__0053__r0.wav,glass_breaking,,FSD50K,dev,352331,352331.wav,"Shatter,Glass",ZOOM0140.WAV,xaxas200,http://creativecommons.org/licenses/by/3.0/,explicit_AudioSet_Shatter_label,freesound:352331,,,,,
validation,glass_breaking__fsd50k__dev__353626__0016__r0.wav,glass_breaking,,FSD50K,dev,353626,353626.wav,"Shatter,Chink_and_clink,Glass",Smashing Glass,drmarkreuter,http://creativecommons.org/publicdomain/zero/1.0/,explicit_AudioSet_Shatter_label,freesound:353626,,,,,
validation,glass_breaking__fsd50k__dev__353928__0038__r0.wav,glass_breaking,,FSD50K,dev,353928,353928.wav,"Shatter,Explosion,Boom,Glass",Explosion,frolickingdp1,http://creativecommons.org/publicdomain/zero/1.0/,explicit_AudioSet_Shatter_label,freesound:353928,,,,,
validation,glass_breaking__fsd50k__dev__355340__0045__r0.wav,glass_breaking,,FSD50K,dev,355340,355340.wav,"Shatter,Glass",Glass breaking,Samgd14,http://creativecommons.org/licenses/by/3.0/,explicit_AudioSet_Shatter_label,freesound:355340,,,,,
validation,glass_breaking__fsd50k__dev__360410__0023__r0.wav,glass_breaking,,FSD50K,dev,360410,360410.wav,"Shatter,Chink_and_clink,Glass",Neon bulb breaking on the ground.wav,Nakhas,http://creativecommons.org/licenses/by-nc/3.0/,explicit_AudioSet_Shatter_label,freesound:360410,,,,,
validation,glass_breaking__fsd50k__dev__366179__0012__r0.wav,glass_breaking,,FSD50K,dev,366179,366179.wav,"Shatter,Glass",Glass Beer Bottle Breaking With Rock.wav,160033,http://creativecommons.org/licenses/by-nc/3.0/,explicit_AudioSet_Shatter_label,freesound:366179,,,,,
validation,glass_breaking__fsd50k__dev__367624__0034__r0.wav,glass_breaking,,FSD50K,dev,367624,367624.wav,"Shatter,Glass",Crash.wav,FxKid2,http://creativecommons.org/publicdomain/zero/1.0/,explicit_AudioSet_Shatter_label,freesound:367624,,,,,
validation,glass_breaking__fsd50k__dev__371093__0017__r0.wav,glass_breaking,,FSD50K,dev,371093,371093.wav,"Shatter,Glass",glass break 2.wav,mccormick_iain,http://creativecommons.org/publicdomain/zero/1.0/,explicit_AudioSet_Shatter_label,freesound:371093,,,,,
validation,glass_breaking__fsd50k__dev__372919__0008__r0.wav,glass_breaking,,FSD50K,dev,372919,372919.wav,"Shatter,Glass",Glass Falling and Breaking,shortshorts,http://creativecommons.org/licenses/by/3.0/,explicit_AudioSet_Shatter_label,freesound:372919,,,,,
validation,glass_breaking__fsd50k__dev__376197__0029__r0.wav,glass_breaking,,FSD50K,dev,376197,376197.wav,"Shatter,Glass",BottleDump1b.wav,AlanCat,http://creativecommons.org/publicdomain/zero/1.0/,explicit_AudioSet_Shatter_label,freesound:376197,,,,,
validation,glass_breaking__fsd50k__dev__378321__0019__r0.wav,glass_breaking,,FSD50K,dev,378321,378321.wav,"Shatter,Chink_and_clink,Glass",broken_glass.wav,13F_Panska_Tlolkova_Matilda,http://creativecommons.org/publicdomain/zero/1.0/,explicit_AudioSet_Shatter_label,freesound:378321,,,,,
validation,glass_breaking__fsd50k__dev__379015__0020__r0.wav,glass_breaking,,FSD50K,dev,379015,379015.wav,"Shatter,Glass",Glass.wav,13FPanska_Cerny_Jan,http://creativecommons.org/publicdomain/zero/1.0/,explicit_AudioSet_Shatter_label,freesound:379015,,,,,
validation,glass_breaking__fsd50k__dev__380840__0027__r0.wav,glass_breaking,,FSD50K,dev,380840,380840.wav,"Shatter,Walk_and_footsteps,Chirp_and_tweet,Chink_and_clink,Glass,Bird_vocalization_and_bird_call_and_bird_song,Bird,Wild_animals,Animal",Glass bottels falling.,Getos,http://creativecommons.org/publicdomain/zero/1.0/,explicit_AudioSet_Shatter_label,freesound:380840,,,,,
validation,glass_breaking__fsd50k__dev__387177__0052__r0.wav,glass_breaking,,FSD50K,dev,387177,387177.wav,"Shatter,Crushing,Glass",Smashing a glass,pfranzen,http://creativecommons.org/licenses/by/3.0/,explicit_AudioSet_Shatter_label,freesound:387177,,,,,
validation,glass_breaking__fsd50k__dev__401619__0048__r0.wav,glass_breaking,,FSD50K,dev,401619,401619.wav,"Shatter,Glass",Bottle Smash,Roxis_Boy,http://creativecommons.org/publicdomain/zero/1.0/,explicit_AudioSet_Shatter_label,freesound:401619,,,,,
validation,glass_breaking__fsd50k__dev__408218__0056__r0.wav,glass_breaking,,FSD50K,dev,408218,408218.wav,"Shatter,Glass",Breaking Wine Glass.wav,ramiro1007,http://creativecommons.org/licenses/by-nc/3.0/,explicit_AudioSet_Shatter_label,freesound:408218,,,,,
validation,glass_breaking__fsd50k__dev__41348__0037__r0.wav,glass_breaking,,FSD50K,dev,41348,41348.wav,"Shatter,Glass",glass shatter.wav,datasoundsample,http://creativecommons.org/licenses/by/3.0/,explicit_AudioSet_Shatter_label,freesound:41348,,,,,
validation,glass_breaking__fsd50k__dev__420356__0047__r0.wav,glass_breaking,,FSD50K,dev,420356,420356.wav,"Shatter,Glass",Crash.wav,Eponn,http://creativecommons.org/publicdomain/zero/1.0/,explicit_AudioSet_Shatter_label,freesound:420356,,,,,
validation,glass_breaking__fsd50k__dev__426204__0041__r0.wav,glass_breaking,,FSD50K,dev,426204,426204.wav,"Shatter,Crushing,Glass",Chipping Large Ice Block 2.wav,kev_durr,http://creativecommons.org/licenses/by/3.0/,explicit_AudioSet_Shatter_label,freesound:426204,,,,,
validation,glass_breaking__fsd50k__dev__430702__0046__r0.wav,glass_breaking,,FSD50K,dev,430702,430702.wav,"Shatter,Glass",47. Jarrón rompiendose.wav,juanj105,http://creativecommons.org/publicdomain/zero/1.0/,explicit_AudioSet_Shatter_label,freesound:430702,,,,,
validation,glass_breaking__fsd50k__dev__47012__0032__r0.wav,glass_breaking,,FSD50K,dev,47012,47012.wav,"Shatter,Glass",Glass Break 2.WAV,Hydrophobiciguana,http://creativecommons.org/licenses/sampling+/1.0/,explicit_AudioSet_Shatter_label,freesound:47012,,,,,
validation,glass_breaking__fsd50k__dev__68449__0030__r0.wav,glass_breaking,,FSD50K,dev,68449,68449.wav,"Shatter,Chink_and_clink,Glass",broken_bottle_01.wav,cdrk,http://creativecommons.org/licenses/by/3.0/,explicit_AudioSet_Shatter_label,freesound:68449,,,,,
validation,glass_breaking__fsd50k__dev__85550__0015__r0.wav,glass_breaking,,FSD50K,dev,85550,85550.wav,"Shatter,Glass",glass hitting table.aif,MAJ061785,http://creativecommons.org/licenses/by/3.0/,explicit_AudioSet_Shatter_label,freesound:85550,,,,,
validation,glass_breaking__fsd50k__dev__92019__0042__r0.wav,glass_breaking,,FSD50K,dev,92019,92019.wav,"Shatter,Glass",1004_crash.wav,FatLane,http://creativecommons.org/licenses/by/3.0/,explicit_AudioSet_Shatter_label,freesound:92019,,,,,
validation,gunshot_gunfire__fsd50k__dev__100465__0000__r0.wav,gunshot_gunfire,,FSD50K,dev,100465,100465.wav,gunshot_gunfire,,,,unchanged_from_hazard5v3s,freesound:100465,,,,,
validation,gunshot_gunfire__fsd50k__dev__115295__0001__r0.wav,gunshot_gunfire,,FSD50K,dev,115295,115295.wav,gunshot_gunfire,,,,unchanged_from_hazard5v3s,freesound:115295,,,,,
validation,gunshot_gunfire__fsd50k__dev__128979__0002__r0.wav,gunshot_gunfire,,FSD50K,dev,128979,128979.wav,gunshot_gunfire,,,,unchanged_from_hazard5v3s,freesound:128979,,,,,
validation,gunshot_gunfire__fsd50k__dev__128981__0003__r0.wav,gunshot_gunfire,,FSD50K,dev,128981,128981.wav,gunshot_gunfire,,,,unchanged_from_hazard5v3s,freesound:128981,,,,,
validation,gunshot_gunfire__fsd50k__dev__137034__0004__r0.wav,gunshot_gunfire,,FSD50K,dev,137034,137034.wav,gunshot_gunfire,,,,unchanged_from_hazard5v3s,freesound:137034,,,,,
validation,gunshot_gunfire__fsd50k__dev__138679__0005__r0.wav,gunshot_gunfire,,FSD50K,dev,138679,138679.wav,gunshot_gunfire,,,,unchanged_from_hazard5v3s,freesound:138679,,,,,
validation,gunshot_gunfire__fsd50k__dev__146323__0006__r0.wav,gunshot_gunfire,,FSD50K,dev,146323,146323.wav,gunshot_gunfire,,,,unchanged_from_hazard5v3s,freesound:146323,,,,,
validation,gunshot_gunfire__fsd50k__dev__147317__0007__r0.wav,gunshot_gunfire,,FSD50K,dev,147317,147317.wav,gunshot_gunfire,,,,unchanged_from_hazard5v3s,freesound:147317,,,,,
validation,gunshot_gunfire__fsd50k__dev__147901__0008__r0.wav,gunshot_gunfire,,FSD50K,dev,147901,147901.wav,gunshot_gunfire,,,,unchanged_from_hazard5v3s,freesound:147901,,,,,
validation,gunshot_gunfire__fsd50k__dev__148166__0009__r0.wav,gunshot_gunfire,,FSD50K,dev,148166,148166.wav,gunshot_gunfire,,,,unchanged_from_hazard5v3s,freesound:148166,,,,,
validation,gunshot_gunfire__fsd50k__dev__149177__0010__r0.wav,gunshot_gunfire,,FSD50K,dev,149177,149177.wav,gunshot_gunfire,,,,unchanged_from_hazard5v3s,freesound:149177,,,,,
validation,gunshot_gunfire__fsd50k__dev__150139__0011__r0.wav,gunshot_gunfire,,FSD50K,dev,150139,150139.wav,gunshot_gunfire,,,,unchanged_from_hazard5v3s,freesound:150139,,,,,
validation,gunshot_gunfire__fsd50k__dev__155654__0012__r0.wav,gunshot_gunfire,,FSD50K,dev,155654,155654.wav,gunshot_gunfire,,,,unchanged_from_hazard5v3s,freesound:155654,,,,,
validation,gunshot_gunfire__fsd50k__dev__155790__0013__r0.wav,gunshot_gunfire,,FSD50K,dev,155790,155790.wav,gunshot_gunfire,,,,unchanged_from_hazard5v3s,freesound:155790,,,,,
validation,gunshot_gunfire__fsd50k__dev__156904__0014__r0.wav,gunshot_gunfire,,FSD50K,dev,156904,156904.wav,gunshot_gunfire,,,,unchanged_from_hazard5v3s,freesound:156904,,,,,
validation,gunshot_gunfire__fsd50k__dev__160590__0015__r0.wav,gunshot_gunfire,,FSD50K,dev,160590,160590.wav,gunshot_gunfire,,,,unchanged_from_hazard5v3s,freesound:160590,,,,,
validation,gunshot_gunfire__fsd50k__dev__161195__0016__r0.wav,gunshot_gunfire,,FSD50K,dev,161195,161195.wav,gunshot_gunfire,,,,unchanged_from_hazard5v3s,freesound:161195,,,,,
validation,gunshot_gunfire__fsd50k__dev__161475__0017__r0.wav,gunshot_gunfire,,FSD50K,dev,161475,161475.wav,gunshot_gunfire,,,,unchanged_from_hazard5v3s,freesound:161475,,,,,
validation,gunshot_gunfire__fsd50k__dev__162455__0018__r0.wav,gunshot_gunfire,,FSD50K,dev,162455,162455.wav,gunshot_gunfire,,,,unchanged_from_hazard5v3s,freesound:162455,,,,,
validation,gunshot_gunfire__fsd50k__dev__164020__0019__r0.wav,gunshot_gunfire,,FSD50K,dev,164020,164020.wav,gunshot_gunfire,,,,unchanged_from_hazard5v3s,freesound:164020,,,,,
validation,gunshot_gunfire__fsd50k__dev__165795__0020__r0.wav,gunshot_gunfire,,FSD50K,dev,165795,165795.wav,gunshot_gunfire,,,,unchanged_from_hazard5v3s,freesound:165795,,,,,
validation,gunshot_gunfire__fsd50k__dev__180961__0021__r0.wav,gunshot_gunfire,,FSD50K,dev,180961,180961.wav,gunshot_gunfire,,,,unchanged_from_hazard5v3s,freesound:180961,,,,,
validation,gunshot_gunfire__fsd50k__dev__184651__0022__r0.wav,gunshot_gunfire,,FSD50K,dev,184651,184651.wav,gunshot_gunfire,,,,unchanged_from_hazard5v3s,freesound:184651,,,,,
validation,gunshot_gunfire__fsd50k__dev__187534__0023__r0.wav,gunshot_gunfire,,FSD50K,dev,187534,187534.wav,gunshot_gunfire,,,,unchanged_from_hazard5v3s,freesound:187534,,,,,
validation,gunshot_gunfire__fsd50k__dev__197322__0024__r0.wav,gunshot_gunfire,,FSD50K,dev,197322,197322.wav,gunshot_gunfire,,,,unchanged_from_hazard5v3s,freesound:197322,,,,,
validation,gunshot_gunfire__fsd50k__dev__198952__0025__r0.wav,gunshot_gunfire,,FSD50K,dev,198952,198952.wav,gunshot_gunfire,,,,unchanged_from_hazard5v3s,freesound:198952,,,,,
validation,gunshot_gunfire__fsd50k__dev__201667__0026__r0.wav,gunshot_gunfire,,FSD50K,dev,201667,201667.wav,gunshot_gunfire,,,,unchanged_from_hazard5v3s,freesound:201667,,,,,
validation,gunshot_gunfire__fsd50k__dev__212600__0027__r0.wav,gunshot_gunfire,,FSD50K,dev,212600,212600.wav,gunshot_gunfire,,,,unchanged_from_hazard5v3s,freesound:212600,,,,,
validation,gunshot_gunfire__fsd50k__dev__212602__0028__r0.wav,gunshot_gunfire,,FSD50K,dev,212602,212602.wav,gunshot_gunfire,,,,unchanged_from_hazard5v3s,freesound:212602,,,,,
validation,gunshot_gunfire__fsd50k__dev__217805__0029__r0.wav,gunshot_gunfire,,FSD50K,dev,217805,217805.wav,gunshot_gunfire,,,,unchanged_from_hazard5v3s,freesound:217805,,,,,
validation,gunshot_gunfire__fsd50k__dev__220612__0030__r0.wav,gunshot_gunfire,,FSD50K,dev,220612,220612.wav,gunshot_gunfire,,,,unchanged_from_hazard5v3s,freesound:220612,,,,,
validation,gunshot_gunfire__fsd50k__dev__220613__0031__r0.wav,gunshot_gunfire,,FSD50K,dev,220613,220613.wav,gunshot_gunfire,,,,unchanged_from_hazard5v3s,freesound:220613,,,,,
validation,gunshot_gunfire__fsd50k__dev__221640__0032__r0.wav,gunshot_gunfire,,FSD50K,dev,221640,221640.wav,gunshot_gunfire,,,,unchanged_from_hazard5v3s,freesound:221640,,,,,
validation,gunshot_gunfire__fsd50k__dev__238159__0033__r0.wav,gunshot_gunfire,,FSD50K,dev,238159,238159.wav,gunshot_gunfire,,,,unchanged_from_hazard5v3s,freesound:238159,,,,,
validation,gunshot_gunfire__fsd50k__dev__255216__0034__r0.wav,gunshot_gunfire,,FSD50K,dev,255216,255216.wav,gunshot_gunfire,,,,unchanged_from_hazard5v3s,freesound:255216,,,,,
validation,gunshot_gunfire__fsd50k__dev__257963__0035__r0.wav,gunshot_gunfire,,FSD50K,dev,257963,257963.wav,gunshot_gunfire,,,,unchanged_from_hazard5v3s,freesound:257963,,,,,
validation,gunshot_gunfire__fsd50k__dev__260939__0036__r0.wav,gunshot_gunfire,,FSD50K,dev,260939,260939.wav,gunshot_gunfire,,,,unchanged_from_hazard5v3s,freesound:260939,,,,,
validation,gunshot_gunfire__fsd50k__dev__266105__0037__r0.wav,gunshot_gunfire,,FSD50K,dev,266105,266105.wav,gunshot_gunfire,,,,unchanged_from_hazard5v3s,freesound:266105,,,,,
validation,gunshot_gunfire__fsd50k__dev__273303__0038__r0.wav,gunshot_gunfire,,FSD50K,dev,273303,273303.wav,gunshot_gunfire,,,,unchanged_from_hazard5v3s,freesound:273303,,,,,
validation,gunshot_gunfire__fsd50k__dev__329716__0039__r0.wav,gunshot_gunfire,,FSD50K,dev,329716,329716.wav,gunshot_gunfire,,,,unchanged_from_hazard5v3s,freesound:329716,,,,,
validation,gunshot_gunfire__fsd50k__dev__345844__0040__r0.wav,gunshot_gunfire,,FSD50K,dev,345844,345844.wav,gunshot_gunfire,,,,unchanged_from_hazard5v3s,freesound:345844,,,,,
validation,gunshot_gunfire__fsd50k__dev__350264__0041__r0.wav,gunshot_gunfire,,FSD50K,dev,350264,350264.wav,gunshot_gunfire,,,,unchanged_from_hazard5v3s,freesound:350264,,,,,
validation,gunshot_gunfire__fsd50k__dev__353093__0042__r0.wav,gunshot_gunfire,,FSD50K,dev,353093,353093.wav,gunshot_gunfire,,,,unchanged_from_hazard5v3s,freesound:353093,,,,,
validation,gunshot_gunfire__fsd50k__dev__35799__0043__r0.wav,gunshot_gunfire,,FSD50K,dev,35799,35799.wav,gunshot_gunfire,,,,unchanged_from_hazard5v3s,freesound:35799,,,,,
validation,gunshot_gunfire__fsd50k__dev__35800__0044__r0.wav,gunshot_gunfire,,FSD50K,dev,35800,35800.wav,gunshot_gunfire,,,,unchanged_from_hazard5v3s,freesound:35800,,,,,
validation,gunshot_gunfire__fsd50k__dev__36815__0045__r0.wav,gunshot_gunfire,,FSD50K,dev,36815,36815.wav,gunshot_gunfire,,,,unchanged_from_hazard5v3s,freesound:36815,,,,,
validation,gunshot_gunfire__fsd50k__dev__368736__0046__r0.wav,gunshot_gunfire,,FSD50K,dev,368736,368736.wav,gunshot_gunfire,,,,unchanged_from_hazard5v3s,freesound:368736,,,,,
validation,gunshot_gunfire__fsd50k__dev__368805__0047__r0.wav,gunshot_gunfire,,FSD50K,dev,368805,368805.wav,gunshot_gunfire,,,,unchanged_from_hazard5v3s,freesound:368805,,,,,
validation,gunshot_gunfire__fsd50k__dev__369124__0048__r0.wav,gunshot_gunfire,,FSD50K,dev,369124,369124.wav,gunshot_gunfire,,,,unchanged_from_hazard5v3s,freesound:369124,,,,,
validation,gunshot_gunfire__fsd50k__dev__369126__0049__r0.wav,gunshot_gunfire,,FSD50K,dev,369126,369126.wav,gunshot_gunfire,,,,unchanged_from_hazard5v3s,freesound:369126,,,,,
validation,gunshot_gunfire__fsd50k__dev__369395__0050__r0.wav,gunshot_gunfire,,FSD50K,dev,369395,369395.wav,gunshot_gunfire,,,,unchanged_from_hazard5v3s,freesound:369395,,,,,
validation,gunshot_gunfire__fsd50k__dev__371158__0051__r0.wav,gunshot_gunfire,,FSD50K,dev,371158,371158.wav,gunshot_gunfire,,,,unchanged_from_hazard5v3s,freesound:371158,,,,,
validation,gunshot_gunfire__fsd50k__dev__52593__0052__r0.wav,gunshot_gunfire,,FSD50K,dev,52593,52593.wav,gunshot_gunfire,,,,unchanged_from_hazard5v3s,freesound:52593,,,,,
validation,gunshot_gunfire__fsd50k__dev__89147__0053__r0.wav,gunshot_gunfire,,FSD50K,dev,89147,89147.wav,gunshot_gunfire,,,,unchanged_from_hazard5v3s,freesound:89147,,,,,
validation,siren__esc50__fold_4__102871__0000__r0.wav,siren,,ESC-50,fold_4,102871,4-102871-A-42.wav,siren,,,,unchanged_from_hazard5v3s,esc-50:102871,,,,,
validation,siren__esc50__fold_4__111671__0001__r0.wav,siren,,ESC-50,fold_4,111671,4-111671-A-42.wav,siren,,,,unchanged_from_hazard5v3s,esc-50:111671,,,,,
validation,siren__esc50__fold_4__111671__0002__r0.wav,siren,,ESC-50,fold_4,111671,4-111671-B-42.wav,siren,,,,unchanged_from_hazard5v3s,esc-50:111671,,,,,
validation,siren__esc50__fold_4__121532__0003__r0.wav,siren,,ESC-50,fold_4,121532,4-121532-A-42.wav,siren,,,,unchanged_from_hazard5v3s,esc-50:121532,,,,,
validation,siren__esc50__fold_4__67358__0004__r0.wav,siren,,ESC-50,fold_4,67358,4-67358-A-42.wav,siren,,,,unchanged_from_hazard5v3s,esc-50:67358,,,,,
validation,siren__esc50__fold_4__80761__0005__r0.wav,siren,,ESC-50,fold_4,80761,4-80761-A-42.wav,siren,,,,unchanged_from_hazard5v3s,esc-50:80761,,,,,
validation,siren__esc50__fold_4__90014__0006__r0.wav,siren,,ESC-50,fold_4,90014,4-90014-A-42.wav,siren,,,,unchanged_from_hazard5v3s,esc-50:90014,,,,,
validation,siren__esc50__fold_4__90014__0007__r0.wav,siren,,ESC-50,fold_4,90014,4-90014-B-42.wav,siren,,,,unchanged_from_hazard5v3s,esc-50:90014,,,,,
validation,siren__fsd50k__dev__181601__0008__r0.wav,siren,,FSD50K,dev,181601,181601.wav,siren,,,,unchanged_from_hazard5v3s,freesound:181601,,,,,
validation,siren__fsd50k__dev__268221__0009__r0.wav,siren,,FSD50K,dev,268221,268221.wav,siren,,,,unchanged_from_hazard5v3s,freesound:268221,,,,,
validation,siren__fsd50k__dev__320767__0010__r0.wav,siren,,FSD50K,dev,320767,320767.wav,siren,,,,unchanged_from_hazard5v3s,freesound:320767,,,,,
validation,siren__fsd50k__dev__324275__0011__r0.wav,siren,,FSD50K,dev,324275,324275.wav,siren,,,,unchanged_from_hazard5v3s,freesound:324275,,,,,
validation,siren__fsd50k__dev__34733__0012__r0.wav,siren,,FSD50K,dev,34733,34733.wav,siren,,,,unchanged_from_hazard5v3s,freesound:34733,,,,,
validation,siren__fsd50k__dev__34952__0013__r0.wav,siren,,FSD50K,dev,34952,34952.wav,siren,,,,unchanged_from_hazard5v3s,freesound:34952,,,,,
validation,siren__fsd50k__dev__353265__0014__r0.wav,siren,,FSD50K,dev,353265,353265.wav,siren,,,,unchanged_from_hazard5v3s,freesound:353265,,,,,
validation,siren__fsd50k__dev__353956__0015__r0.wav,siren,,FSD50K,dev,353956,353956.wav,siren,,,,unchanged_from_hazard5v3s,freesound:353956,,,,,
validation,siren__fsd50k__dev__382620__0016__r0.wav,siren,,FSD50K,dev,382620,382620.wav,siren,,,,unchanged_from_hazard5v3s,freesound:382620,,,,,
validation,siren__fsd50k__dev__388972__0017__r0.wav,siren,,FSD50K,dev,388972,388972.wav,siren,,,,unchanged_from_hazard5v3s,freesound:388972,,,,,
validation,siren__fsd50k__dev__421017__0018__r0.wav,siren,,FSD50K,dev,421017,421017.wav,siren,,,,unchanged_from_hazard5v3s,freesound:421017,,,,,
validation,siren__fsd50k__dev__62878__0019__r0.wav,siren,,FSD50K,dev,62878,62878.wav,siren,,,,unchanged_from_hazard5v3s,freesound:62878,,,,,
validation,speech__fsd50k__val__speech__12712__0017.wav,speech,fsd50k_speech,FSD50K,val,12712,12712.wav,"Whispering,Human_voice",,,,unchanged_from_hazard5v3s,freesound:12712,,,,,
validation,speech__fsd50k__val__speech__132738__0023.wav,speech,fsd50k_speech,FSD50K,val,132738,132738.wav,"Screaming,Yell,Laughter,Human_voice,Shout",,,,unchanged_from_hazard5v3s,freesound:132738,,,,,
validation,speech__fsd50k__val__speech__139086__0020.wav,speech,fsd50k_speech,FSD50K,val,139086,139086.wav,"Screaming,Human_voice",,,,unchanged_from_hazard5v3s,freesound:139086,,,,,
validation,speech__fsd50k__val__speech__149825__0000.wav,speech,fsd50k_speech,FSD50K,val,149825,149825.wav,"Screaming,Human_voice",,,,unchanged_from_hazard5v3s,freesound:149825,,,,,
validation,speech__fsd50k__val__speech__174948__0018.wav,speech,fsd50k_speech,FSD50K,val,174948,174948.wav,"Speech,Human_voice",,,,unchanged_from_hazard5v3s,freesound:174948,,,,,
validation,speech__fsd50k__val__speech__174955__0015.wav,speech,fsd50k_speech,FSD50K,val,174955,174955.wav,"Speech,Human_voice",,,,unchanged_from_hazard5v3s,freesound:174955,,,,,
validation,speech__fsd50k__val__speech__19188__0014.wav,speech,fsd50k_speech,FSD50K,val,19188,19188.wav,"Yell,Shout,Human_voice",,,,unchanged_from_hazard5v3s,freesound:19188,,,,,
validation,speech__fsd50k__val__speech__19199__0016.wav,speech,fsd50k_speech,FSD50K,val,19199,19199.wav,"Whispering,Human_voice",,,,unchanged_from_hazard5v3s,freesound:19199,,,,,
validation,speech__fsd50k__val__speech__219772__0011.wav,speech,fsd50k_speech,FSD50K,val,219772,219772.wav,"Female_speech_and_woman_speaking,Speech,Human_voice",,,,unchanged_from_hazard5v3s,freesound:219772,,,,,
validation,speech__fsd50k__val__speech__220372__0013.wav,speech,fsd50k_speech,FSD50K,val,220372,220372.wav,"Speech_synthesizer,Speech,Human_voice",,,,unchanged_from_hazard5v3s,freesound:220372,,,,,
validation,speech__fsd50k__val__speech__239902__0005.wav,speech,fsd50k_speech,FSD50K,val,239902,239902.wav,"Screaming,Human_voice",,,,unchanged_from_hazard5v3s,freesound:239902,,,,,
validation,speech__fsd50k__val__speech__255880__0022.wav,speech,fsd50k_speech,FSD50K,val,255880,255880.wav,"Whispering,Human_voice",,,,unchanged_from_hazard5v3s,freesound:255880,,,,,
validation,speech__fsd50k__val__speech__257344__0009.wav,speech,fsd50k_speech,FSD50K,val,257344,257344.wav,"Whispering,Speech,Human_voice",,,,unchanged_from_hazard5v3s,freesound:257344,,,,,
validation,speech__fsd50k__val__speech__258371__0007.wav,speech,fsd50k_speech,FSD50K,val,258371,258371.wav,"Male_speech_and_man_speaking,Female_speech_and_woman_speaking,Conversation,Speech,Human_voice",,,,unchanged_from_hazard5v3s,freesound:258371,,,,,
validation,speech__fsd50k__val__speech__259674__0010.wav,speech,fsd50k_speech,FSD50K,val,259674,259674.wav,"Male_speech_and_man_speaking,Tick,Speech,Human_voice",,,,unchanged_from_hazard5v3s,freesound:259674,,,,,
validation,speech__fsd50k__val__speech__316648__0019.wav,speech,fsd50k_speech,FSD50K,val,316648,316648.wav,"Yell,Shout,Human_voice",,,,unchanged_from_hazard5v3s,freesound:316648,,,,,
validation,speech__fsd50k__val__speech__371385__0008.wav,speech,fsd50k_speech,FSD50K,val,371385,371385.wav,"Male_speech_and_man_speaking,Speech,Human_voice",,,,unchanged_from_hazard5v3s,freesound:371385,,,,,
validation,speech__fsd50k__val__speech__379393__0012.wav,speech,fsd50k_speech,FSD50K,val,379393,379393.wav,"Speech_synthesizer,Child_speech_and_kid_speaking,Speech,Human_voice",,,,unchanged_from_hazard5v3s,freesound:379393,,,,,
validation,speech__fsd50k__val__speech__411018__0021.wav,speech,fsd50k_speech,FSD50K,val,411018,411018.wav,"Female_speech_and_woman_speaking,Singing,Speech,Human_voice",,,,unchanged_from_hazard5v3s,freesound:411018,,,,,
validation,speech__fsd50k__val__speech__60689__0001.wav,speech,fsd50k_speech,FSD50K,val,60689,60689.wav,"Crowd,Speech,Human_voice,Human_group_actions",,,,unchanged_from_hazard5v3s,freesound:60689,,,,,
validation,speech__fsd50k__val__speech__63276__0002.wav,speech,fsd50k_speech,FSD50K,val,63276,63276.wav,"Child_speech_and_kid_speaking,Shout,Human_voice,Speech",,,,unchanged_from_hazard5v3s,freesound:63276,,,,,
validation,speech__fsd50k__val__speech__87703__0003.wav,speech,fsd50k_speech,FSD50K,val,87703,87703.wav,"Male_speech_and_man_speaking,Speech,Human_voice",,,,unchanged_from_hazard5v3s,freesound:87703,,,,,
validation,speech__fsd50k__val__speech__87704__0004.wav,speech,fsd50k_speech,FSD50K,val,87704,87704.wav,"Male_speech_and_man_speaking,Speech,Human_voice",,,,unchanged_from_hazard5v3s,freesound:87704,,,,,
validation,speech__fsd50k__val__speech__90177__0006.wav,speech,fsd50k_speech,FSD50K,val,90177,90177.wav,"Chatter,Human_group_actions",,,,unchanged_from_hazard5v3s,freesound:90177,,,,,
validation,thunderstorm__esc50__fold_4__125070__0000__r0.wav,thunderstorm,,ESC-50,fold_4,125070,4-125070-A-19.wav,thunderstorm,,,,unchanged_from_hazard5v3s,esc-50:125070,,,,,
validation,thunderstorm__esc50__fold_4__125071__0001__r0.wav,thunderstorm,,ESC-50,fold_4,125071,4-125071-A-19.wav,thunderstorm,,,,unchanged_from_hazard5v3s,esc-50:125071,,,,,
validation,thunderstorm__esc50__fold_4__125072__0002__r0.wav,thunderstorm,,ESC-50,fold_4,125072,4-125072-A-19.wav,thunderstorm,,,,unchanged_from_hazard5v3s,esc-50:125072,,,,,
validation,thunderstorm__esc50__fold_4__125072__0003__r0.wav,thunderstorm,,ESC-50,fold_4,125072,4-125072-B-19.wav,thunderstorm,,,,unchanged_from_hazard5v3s,esc-50:125072,,,,,
validation,thunderstorm__esc50__fold_4__156993__0004__r0.wav,thunderstorm,,ESC-50,fold_4,156993,4-156993-A-19.wav,thunderstorm,,,,unchanged_from_hazard5v3s,esc-50:156993,,,,,
validation,thunderstorm__esc50__fold_4__161519__0005__r0.wav,thunderstorm,,ESC-50,fold_4,161519,4-161519-A-19.wav,thunderstorm,,,,unchanged_from_hazard5v3s,esc-50:161519,,,,,
validation,thunderstorm__esc50__fold_4__165813__0006__r0.wav,thunderstorm,,ESC-50,fold_4,165813,4-165813-A-19.wav,thunderstorm,,,,unchanged_from_hazard5v3s,esc-50:165813,,,,,
validation,thunderstorm__esc50__fold_4__165813__0007__r0.wav,thunderstorm,,ESC-50,fold_4,165813,4-165813-B-19.wav,thunderstorm,,,,unchanged_from_hazard5v3s,esc-50:165813,,,,,
validation,thunderstorm__fsd50k__dev__124587__0008__r0.wav,thunderstorm,,FSD50K,dev,124587,124587.wav,thunderstorm,,,,unchanged_from_hazard5v3s,freesound:124587,,,,,
validation,thunderstorm__fsd50k__dev__125634__0009__r0.wav,thunderstorm,,FSD50K,dev,125634,125634.wav,thunderstorm,,,,unchanged_from_hazard5v3s,freesound:125634,,,,,
validation,thunderstorm__fsd50k__dev__128343__0010__r0.wav,thunderstorm,,FSD50K,dev,128343,128343.wav,thunderstorm,,,,unchanged_from_hazard5v3s,freesound:128343,,,,,
validation,thunderstorm__fsd50k__dev__135104__0011__r0.wav,thunderstorm,,FSD50K,dev,135104,135104.wav,thunderstorm,,,,unchanged_from_hazard5v3s,freesound:135104,,,,,
validation,thunderstorm__fsd50k__dev__155833__0012__r0.wav,thunderstorm,,FSD50K,dev,155833,155833.wav,thunderstorm,,,,unchanged_from_hazard5v3s,freesound:155833,,,,,
validation,thunderstorm__fsd50k__dev__163287__0013__r0.wav,thunderstorm,,FSD50K,dev,163287,163287.wav,thunderstorm,,,,unchanged_from_hazard5v3s,freesound:163287,,,,,
validation,thunderstorm__fsd50k__dev__165299__0014__r0.wav,thunderstorm,,FSD50K,dev,165299,165299.wav,thunderstorm,,,,unchanged_from_hazard5v3s,freesound:165299,,,,,
validation,thunderstorm__fsd50k__dev__165874__0015__r0.wav,thunderstorm,,FSD50K,dev,165874,165874.wav,thunderstorm,,,,unchanged_from_hazard5v3s,freesound:165874,,,,,
validation,thunderstorm__fsd50k__dev__186907__0016__r0.wav,thunderstorm,,FSD50K,dev,186907,186907.wav,thunderstorm,,,,unchanged_from_hazard5v3s,freesound:186907,,,,,
validation,thunderstorm__fsd50k__dev__189794__0017__r0.wav,thunderstorm,,FSD50K,dev,189794,189794.wav,thunderstorm,,,,unchanged_from_hazard5v3s,freesound:189794,,,,,
validation,thunderstorm__fsd50k__dev__191992__0018__r0.wav,thunderstorm,,FSD50K,dev,191992,191992.wav,thunderstorm,,,,unchanged_from_hazard5v3s,freesound:191992,,,,,
validation,thunderstorm__fsd50k__dev__193170__0019__r0.wav,thunderstorm,,FSD50K,dev,193170,193170.wav,thunderstorm,,,,unchanged_from_hazard5v3s,freesound:193170,,,,,
validation,thunderstorm__fsd50k__dev__194849__0020__r0.wav,thunderstorm,,FSD50K,dev,194849,194849.wav,thunderstorm,,,,unchanged_from_hazard5v3s,freesound:194849,,,,,
validation,thunderstorm__fsd50k__dev__195344__0021__r0.wav,thunderstorm,,FSD50K,dev,195344,195344.wav,thunderstorm,,,,unchanged_from_hazard5v3s,freesound:195344,,,,,
validation,thunderstorm__fsd50k__dev__195738__0022__r0.wav,thunderstorm,,FSD50K,dev,195738,195738.wav,thunderstorm,,,,unchanged_from_hazard5v3s,freesound:195738,,,,,
validation,thunderstorm__fsd50k__dev__198496__0023__r0.wav,thunderstorm,,FSD50K,dev,198496,198496.wav,thunderstorm,,,,unchanged_from_hazard5v3s,freesound:198496,,,,,
validation,thunderstorm__fsd50k__dev__203721__0024__r0.wav,thunderstorm,,FSD50K,dev,203721,203721.wav,thunderstorm,,,,unchanged_from_hazard5v3s,freesound:203721,,,,,
validation,thunderstorm__fsd50k__dev__203830__0025__r0.wav,thunderstorm,,FSD50K,dev,203830,203830.wav,thunderstorm,,,,unchanged_from_hazard5v3s,freesound:203830,,,,,
validation,thunderstorm__fsd50k__dev__205832__0026__r0.wav,thunderstorm,,FSD50K,dev,205832,205832.wav,thunderstorm,,,,unchanged_from_hazard5v3s,freesound:205832,,,,,
validation,thunderstorm__fsd50k__dev__210044__0027__r0.wav,thunderstorm,,FSD50K,dev,210044,210044.wav,thunderstorm,,,,unchanged_from_hazard5v3s,freesound:210044,,,,,
validation,thunderstorm__fsd50k__dev__21847__0028__r0.wav,thunderstorm,,FSD50K,dev,21847,21847.wav,thunderstorm,,,,unchanged_from_hazard5v3s,freesound:21847,,,,,
validation,thunderstorm__fsd50k__dev__22033__0029__r0.wav,thunderstorm,,FSD50K,dev,22033,22033.wav,thunderstorm,,,,unchanged_from_hazard5v3s,freesound:22033,,,,,
validation,thunderstorm__fsd50k__dev__222601__0030__r0.wav,thunderstorm,,FSD50K,dev,222601,222601.wav,thunderstorm,,,,unchanged_from_hazard5v3s,freesound:222601,,,,,
validation,thunderstorm__fsd50k__dev__22874__0031__r0.wav,thunderstorm,,FSD50K,dev,22874,22874.wav,thunderstorm,,,,unchanged_from_hazard5v3s,freesound:22874,,,,,
validation,thunderstorm__fsd50k__dev__237519__0032__r0.wav,thunderstorm,,FSD50K,dev,237519,237519.wav,thunderstorm,,,,unchanged_from_hazard5v3s,freesound:237519,,,,,
validation,thunderstorm__fsd50k__dev__242048__0033__r0.wav,thunderstorm,,FSD50K,dev,242048,242048.wav,thunderstorm,,,,unchanged_from_hazard5v3s,freesound:242048,,,,,
validation,thunderstorm__fsd50k__dev__242981__0034__r0.wav,thunderstorm,,FSD50K,dev,242981,242981.wav,thunderstorm,,,,unchanged_from_hazard5v3s,freesound:242981,,,,,
validation,thunderstorm__fsd50k__dev__243757__0035__r0.wav,thunderstorm,,FSD50K,dev,243757,243757.wav,thunderstorm,,,,unchanged_from_hazard5v3s,freesound:243757,,,,,
validation,thunderstorm__fsd50k__dev__243965__0036__r0.wav,thunderstorm,,FSD50K,dev,243965,243965.wav,thunderstorm,,,,unchanged_from_hazard5v3s,freesound:243965,,,,,
validation,thunderstorm__fsd50k__dev__243968__0037__r0.wav,thunderstorm,,FSD50K,dev,243968,243968.wav,thunderstorm,,,,unchanged_from_hazard5v3s,freesound:243968,,,,,
validation,thunderstorm__fsd50k__dev__244693__0038__r0.wav,thunderstorm,,FSD50K,dev,244693,244693.wav,thunderstorm,,,,unchanged_from_hazard5v3s,freesound:244693,,,,,
validation,thunderstorm__fsd50k__dev__248110__0039__r0.wav,thunderstorm,,FSD50K,dev,248110,248110.wav,thunderstorm,,,,unchanged_from_hazard5v3s,freesound:248110,,,,,
validation,thunderstorm__fsd50k__dev__253763__0040__r0.wav,thunderstorm,,FSD50K,dev,253763,253763.wav,thunderstorm,,,,unchanged_from_hazard5v3s,freesound:253763,,,,,
validation,thunderstorm__fsd50k__dev__259316__0041__r0.wav,thunderstorm,,FSD50K,dev,259316,259316.wav,thunderstorm,,,,unchanged_from_hazard5v3s,freesound:259316,,,,,
validation,thunderstorm__fsd50k__dev__29675__0042__r0.wav,thunderstorm,,FSD50K,dev,29675,29675.wav,thunderstorm,,,,unchanged_from_hazard5v3s,freesound:29675,,,,,
validation,thunderstorm__fsd50k__dev__31452__0043__r0.wav,thunderstorm,,FSD50K,dev,31452,31452.wav,thunderstorm,,,,unchanged_from_hazard5v3s,freesound:31452,,,,,
validation,thunderstorm__fsd50k__dev__328391__0044__r0.wav,thunderstorm,,FSD50K,dev,328391,328391.wav,thunderstorm,,,,unchanged_from_hazard5v3s,freesound:328391,,,,,
validation,thunderstorm__fsd50k__dev__33246__0045__r0.wav,thunderstorm,,FSD50K,dev,33246,33246.wav,thunderstorm,,,,unchanged_from_hazard5v3s,freesound:33246,,,,,
validation,thunderstorm__fsd50k__dev__341960__0046__r0.wav,thunderstorm,,FSD50K,dev,341960,341960.wav,thunderstorm,,,,unchanged_from_hazard5v3s,freesound:341960,,,,,
validation,thunderstorm__fsd50k__dev__344434__0047__r0.wav,thunderstorm,,FSD50K,dev,344434,344434.wav,thunderstorm,,,,unchanged_from_hazard5v3s,freesound:344434,,,,,
validation,thunderstorm__fsd50k__dev__344435__0048__r0.wav,thunderstorm,,FSD50K,dev,344435,344435.wav,thunderstorm,,,,unchanged_from_hazard5v3s,freesound:344435,,,,,
validation,thunderstorm__fsd50k__dev__345920__0049__r0.wav,thunderstorm,,FSD50K,dev,345920,345920.wav,thunderstorm,,,,unchanged_from_hazard5v3s,freesound:345920,,,,,
validation,thunderstorm__fsd50k__dev__359151__0050__r0.wav,thunderstorm,,FSD50K,dev,359151,359151.wav,thunderstorm,,,,unchanged_from_hazard5v3s,freesound:359151,,,,,
validation,thunderstorm__fsd50k__dev__363252__0051__r0.wav,thunderstorm,,FSD50K,dev,363252,363252.wav,thunderstorm,,,,unchanged_from_hazard5v3s,freesound:363252,,,,,
validation,thunderstorm__fsd50k__dev__367510__0052__r0.wav,thunderstorm,,FSD50K,dev,367510,367510.wav,thunderstorm,,,,unchanged_from_hazard5v3s,freesound:367510,,,,,
validation,thunderstorm__fsd50k__dev__37299__0053__r0.wav,thunderstorm,,FSD50K,dev,37299,37299.wav,thunderstorm,,,,unchanged_from_hazard5v3s,freesound:37299,,,,,
validation,thunderstorm__fsd50k__dev__37304__0054__r0.wav,thunderstorm,,FSD50K,dev,37304,37304.wav,thunderstorm,,,,unchanged_from_hazard5v3s,freesound:37304,,,,,
validation,thunderstorm__fsd50k__dev__375999__0055__r0.wav,thunderstorm,,FSD50K,dev,375999,375999.wav,thunderstorm,,,,unchanged_from_hazard5v3s,freesound:375999,,,,,
validation,thunderstorm__fsd50k__dev__394070__0056__r0.wav,thunderstorm,,FSD50K,dev,394070,394070.wav,thunderstorm,,,,unchanged_from_hazard5v3s,freesound:394070,,,,,
validation,thunderstorm__fsd50k__dev__394071__0057__r0.wav,thunderstorm,,FSD50K,dev,394071,394071.wav,thunderstorm,,,,unchanged_from_hazard5v3s,freesound:394071,,,,,
validation,thunderstorm__fsd50k__dev__399870__0058__r0.wav,thunderstorm,,FSD50K,dev,399870,399870.wav,thunderstorm,,,,unchanged_from_hazard5v3s,freesound:399870,,,,,
validation,thunderstorm__fsd50k__dev__414050__0059__r0.wav,thunderstorm,,FSD50K,dev,414050,414050.wav,thunderstorm,,,,unchanged_from_hazard5v3s,freesound:414050,,,,,
train,other__fsd50k__train__189784__hard3s.wav,other,high_tonal_non_siren,FSD50K,train,189784,189784.wav,Bell,,,,hard_negative,fsd50k:189784,glass_breaking,0.9981227517127991,other_candidate__fsd50k__train__189784__0130.wav,0.000000,3.000
train,other__fsd50k__train__234178__hard3s.wav,other,high_tonal_non_siren,FSD50K,train,234178,234178.wav,Squeak,,,,hard_negative,fsd50k:234178,gunshot_gunfire,0.9311307072639465,other_candidate__fsd50k__train__234178__0118.wav,4.722676,3.000
train,other__fsd50k__train__104096__hard3s.wav,other,high_tonal_non_siren,FSD50K,train,104096,104096.wav,Squeak,,,,hard_negative,fsd50k:104096,siren,0.9981107711791992,other_candidate__fsd50k__train__104096__0030.wav,0.000000,3.000
train,other__fsd50k__train__122770__hard3s.wav,other,high_tonal_non_siren,FSD50K,train,122770,122770.wav,"Squeak,Door,Domestic_sounds_and_home_sounds",,,,hard_negative,fsd50k:122770,speech,0.942444920539856,other_candidate__fsd50k__train__122770__0170.wav,1.880000,3.000
train,other__fsd50k__train__346154__hard3s.wav,other,high_tonal_non_siren,FSD50K,train,346154,346154.wav,"Squeak,Slam,Wood,Door,Domestic_sounds_and_home_sounds",,,,hard_negative,fsd50k:346154,thunderstorm,0.9553054571151733,other_candidate__fsd50k__train__346154__0121.wav,4.040000,3.000
train,other__fsd50k__train__131012__hard3s.wav,other,high_tonal_non_siren,FSD50K,train,131012,131012.wav,"Wind_chime,Chime,Bell",,,,hard_negative,fsd50k:131012,glass_breaking,0.9957590699195862,other_candidate__fsd50k__train__131012__0198.wav,0.000000,3.000
train,other__fsd50k__train__13840__hard3s.wav,other,high_tonal_non_siren,FSD50K,train,13840,13840.wav,Squeak,,,,hard_negative,fsd50k:13840,gunshot_gunfire,0.8743720054626465,other_candidate__fsd50k__train__13840__0006.wav,4.760000,3.000
train,other__fsd50k__train__261092__hard3s.wav,other,high_tonal_non_siren,FSD50K,train,261092,261092.wav,Squeak,,,,hard_negative,fsd50k:261092,siren,0.9914512038230896,other_candidate__fsd50k__train__261092__0050.wav,3.320000,3.000
train,other__fsd50k__train__151589__hard3s.wav,other,high_tonal_non_siren,FSD50K,train,151589,151589.wav,"Squeak,Door,Domestic_sounds_and_home_sounds",,,,hard_negative,fsd50k:151589,speech,0.8896239995956421,other_candidate__fsd50k__train__151589__0142.wav,0.000000,3.000
train,other__fsd50k__train__81736__hard3s.wav,other,high_tonal_non_siren,FSD50K,train,81736,81736.wav,"Dishes_and_pots_and_pans,Bell,Domestic_sounds_and_home_sounds",,,,hard_negative,fsd50k:81736,thunderstorm,0.8467510938644409,other_candidate__fsd50k__train__81736__0069.wav,3.665057,3.000
train,other__fsd50k__train__29966__hard3s.wav,other,high_tonal_non_siren,FSD50K,train,29966,29966.wav,"Chime,Bell",,,,hard_negative,fsd50k:29966,glass_breaking,0.9937384128570557,other_candidate__fsd50k__train__29966__0018.wav,0.000000,3.000
train,other__fsd50k__train__216878__hard3s.wav,other,high_tonal_non_siren,FSD50K,train,216878,216878.wav,Squeak,,,,hard_negative,fsd50k:216878,gunshot_gunfire,0.8139542937278748,other_candidate__fsd50k__train__216878__0157.wav,0.000000,3.000
train,other__fsd50k__train__109718__hard3s.wav,other,high_tonal_non_siren,FSD50K,train,109718,109718.wav,Bell,,,,hard_negative,fsd50k:109718,siren,0.9912028312683105,other_candidate__fsd50k__train__109718__0079.wav,0.000000,3.000
train,other__fsd50k__train__264135__hard3s.wav,other,high_tonal_non_siren,FSD50K,train,264135,264135.wav,Squeak,,,,hard_negative,fsd50k:264135,speech,0.8858284950256348,other_candidate__fsd50k__train__264135__0054.wav,0.000000,3.000
train,other__fsd50k__train__261088__hard3s.wav,other,high_tonal_non_siren,FSD50K,train,261088,261088.wav,Squeak,,,,hard_negative,fsd50k:261088,thunderstorm,0.6321478486061096,other_candidate__fsd50k__train__261088__0067.wav,4.131429,3.000
train,other__fsd50k__train__234210__hard3s.wav,other,high_tonal_non_siren,FSD50K,train,234210,234210.wav,Squeak,,,,hard_negative,fsd50k:234210,glass_breaking,0.9874661564826965,other_candidate__fsd50k__train__234210__0187.wav,2.600000,3.000
train,other__fsd50k__train__104525__hard3s.wav,other,high_tonal_non_siren,FSD50K,train,104525,104525.wav,"Squeak,Slam,Wood,Door,Domestic_sounds_and_home_sounds",,,,hard_negative,fsd50k:104525,gunshot_gunfire,0.6481491327285767,other_candidate__fsd50k__train__104525__0186.wav,0.000000,3.000
train,other__esc50__fold_3__117793__hard3s.wav,other,high_tonal_non_siren,ESC-50,fold_3,117793,3-117793-A-37.wav,clock_alarm,,,,hard_negative,esc-50:117793,siren,0.9596261978149414,other_candidate__esc50__fold_3__117793__0108.wav,0.000000,3.000
train,other__fsd50k__train__151837__hard3s.wav,other,high_tonal_non_siren,FSD50K,train,151837,151837.wav,Squeak,,,,hard_negative,fsd50k:151837,speech,0.6685451865196228,other_candidate__fsd50k__train__151837__0206.wav,0.000000,3.000
train,other__fsd50k__train__261089__hard3s.wav,other,high_tonal_non_siren,FSD50K,train,261089,261089.wav,"Squeak,Door,Wood,Domestic_sounds_and_home_sounds",,,,hard_negative,fsd50k:261089,thunderstorm,0.5860287547111511,other_candidate__fsd50k__train__261089__0131.wav,4.575510,3.000
train,other__fsd50k__train__57743__hard3s.wav,other,high_tonal_non_siren,FSD50K,train,57743,57743.wav,"Door,Bell,Domestic_sounds_and_home_sounds",,,,hard_negative,fsd50k:57743,glass_breaking,0.9855501651763916,other_candidate__fsd50k__train__57743__0080.wav,0.000000,3.000
train,other__fsd50k__train__382827__hard3s.wav,other,high_tonal_non_siren,FSD50K,train,382827,382827.wav,"Cowbell,Bell",,,,hard_negative,fsd50k:382827,gunshot_gunfire,0.5741989016532898,other_candidate__fsd50k__train__382827__0165.wav,0.000000,3.000
train,other__fsd50k__train__57471__hard3s.wav,other,high_tonal_non_siren,FSD50K,train,57471,57471.wav,Squeak,,,,hard_negative,fsd50k:57471,siren,0.9539657235145569,other_candidate__fsd50k__train__57471__0021.wav,0.000000,3.000
train,other__fsd50k__train__59063__hard3s.wav,other,high_tonal_non_siren,FSD50K,train,59063,59063.wav,"Church_bell,Organ,Bell,Keyboard_(musical),Musical_instrument,Music",,,,hard_negative,fsd50k:59063,speech,0.6464064121246338,other_candidate__fsd50k__train__59063__0048.wav,0.000000,3.000
train,other__fsd50k__train__77069__hard3s.wav,other,high_tonal_non_siren,FSD50K,train,77069,77069.wav,"Church_bell,Bell",,,,hard_negative,fsd50k:77069,thunderstorm,0.5651357173919678,other_candidate__fsd50k__train__77069__0003.wav,1.880000,3.000
train,other__fsd50k__train__72663__hard3s.wav,other,high_tonal_non_siren,FSD50K,train,72663,72663.wav,Squeak,,,,hard_negative,fsd50k:72663,glass_breaking,0.9837870001792908,other_candidate__fsd50k__train__72663__0057.wav,6.610000,3.000
train,other__fsd50k__train__91150__hard3s.wav,other,high_tonal_non_siren,FSD50K,train,91150,91150.wav,"Cowbell,Bell",,,,hard_negative,fsd50k:91150,gunshot_gunfire,0.41129767894744873,other_candidate__fsd50k__train__91150__0010.wav,0.000000,3.000
train,other__fsd50k__train__125094__hard3s.wav,other,high_tonal_non_siren,FSD50K,train,125094,125094.wav,Squeak,,,,hard_negative,fsd50k:125094,siren,0.9522791504859924,other_candidate__fsd50k__train__125094__0215.wav,0.000000,3.000
train,other__fsd50k__train__49168__hard3s.wav,other,high_tonal_non_siren,FSD50K,train,49168,49168.wav,"Wind_chime,Chime,Bell",,,,hard_negative,fsd50k:49168,speech,0.6146227717399597,other_candidate__fsd50k__train__49168__0218.wav,1.880000,3.000
train,other__fsd50k__train__128321__hard3s.wav,other,high_tonal_non_siren,FSD50K,train,128321,128321.wav,Squeak,,,,hard_negative,fsd50k:128321,thunderstorm,0.3792991042137146,other_candidate__fsd50k__train__128321__0023.wav,0.000000,3.000
train,other__fsd50k__train__51707__hard3s.wav,other,high_tonal_non_siren,FSD50K,train,51707,51707.wav,"Chime,Bell",,,,hard_negative,fsd50k:51707,glass_breaking,0.9832081198692322,other_candidate__fsd50k__train__51707__0033.wav,4.040000,3.000
train,other__fsd50k__train__128322__hard3s.wav,other,high_tonal_non_siren,FSD50K,train,128322,128322.wav,Squeak,,,,hard_negative,fsd50k:128322,gunshot_gunfire,0.3996877372264862,other_candidate__fsd50k__train__128322__0146.wav,0.000000,3.000
train,other__fsd50k__train__125090__hard3s.wav,other,high_tonal_non_siren,FSD50K,train,125090,125090.wav,Squeak,,,,hard_negative,fsd50k:125090,siren,0.949521005153656,other_candidate__fsd50k__train__125090__0205.wav,0.000000,3.000
train,other__fsd50k__train__145031__hard3s.wav,other,high_tonal_non_siren,FSD50K,train,145031,145031.wav,Squeak,,,,hard_negative,fsd50k:145031,speech,0.343189001083374,other_candidate__fsd50k__train__145031__0149.wav,0.000000,3.000
train,other__fsd50k__train__377640__hard3s.wav,other,high_tonal_non_siren,FSD50K,train,377640,377640.wav,Bell,,,,hard_negative,fsd50k:377640,glass_breaking,0.9803128838539124,other_candidate__fsd50k__train__377640__0046.wav,1.880000,3.000
train,other__fsd50k__train__90983__hard3s.wav,other,high_tonal_non_siren,FSD50K,train,90983,90983.wav,"Cowbell,Bell",,,,hard_negative,fsd50k:90983,gunshot_gunfire,0.27972063422203064,other_candidate__fsd50k__train__90983__0163.wav,0.000000,3.000
train,other__fsd50k__train__257553__hard3s.wav,other,high_tonal_non_siren,FSD50K,train,257553,257553.wav,"Wind_chime,Percussion,Chime,Bell,Musical_instrument,Music",,,,hard_negative,fsd50k:257553,siren,0.9489396810531616,other_candidate__fsd50k__train__257553__0166.wav,0.000000,3.000
train,other__fsd50k__train__235474__hard3s.wav,other,high_tonal_non_siren,FSD50K,train,235474,235474.wav,Bell,,,,hard_negative,fsd50k:235474,glass_breaking,0.9787413477897644,other_candidate__fsd50k__train__235474__0075.wav,6.843175,3.000
train,other__fsd50k__train__426217__hard3s.wav,other,high_tonal_non_siren,FSD50K,train,426217,426217.wav,"Church_bell,Bell",,,,hard_negative,fsd50k:426217,siren,0.948915958404541,other_candidate__fsd50k__train__426217__0155.wav,7.640000,3.000
train,other__fsd50k__train__44166__hard3s.wav,other,high_tonal_non_siren,FSD50K,train,44166,44166.wav,"Wind_chime,Chime,Bell",,,,hard_negative,fsd50k:44166,glass_breaking,0.9743474125862122,other_candidate__fsd50k__train__44166__0141.wav,3.320000,3.000
train,other__fsd50k__train__69486__hard3s.wav,other,high_tonal_non_siren,FSD50K,train,69486,69486.wav,Squeak,,,,hard_negative,fsd50k:69486,siren,0.9451719522476196,other_candidate__fsd50k__train__69486__0160.wav,0.000000,3.000
train,other__fsd50k__train__361427__hard3s.wav,other,high_tonal_non_siren,FSD50K,train,361427,361427.wav,"Wind_chime,Chime,Bell",,,,hard_negative,fsd50k:361427,glass_breaking,0.973239004611969,other_candidate__fsd50k__train__361427__0137.wav,0.000000,3.000
train,other__esc50__fold_1__54747__hard3s.wav,other,high_tonal_non_siren,ESC-50,fold_1,54747,1-54747-A-46.wav,church_bells,,,,hard_negative,esc-50:54747,siren,0.9340847730636597,other_candidate__esc50__fold_1__54747__0062.wav,0.440000,3.000
train,other__fsd50k__train__90549__hard3s.wav,other,high_tonal_non_siren,FSD50K,train,90549,90549.wav,"Cowbell,Bell",,,,hard_negative,fsd50k:90549,glass_breaking,0.9724035263061523,other_candidate__fsd50k__train__90549__0214.wav,0.000000,3.000
train,other__fsd50k__train__104097__hard3s.wav,other,high_tonal_non_siren,FSD50K,train,104097,104097.wav,"Squeak,Screech",,,,hard_negative,fsd50k:104097,siren,0.9333523511886597,other_candidate__fsd50k__train__104097__0119.wav,0.000000,3.000
train,other__fsd50k__train__90548__hard3s.wav,other,high_tonal_non_siren,FSD50K,train,90548,90548.wav,"Cowbell,Bell",,,,diversity,fsd50k:90548,glass_breaking,0.9683812260627747,other_candidate__fsd50k__train__90548__0036.wav,0.000000,3.000
train,other__fsd50k__train__90972__hard3s.wav,other,high_tonal_non_siren,FSD50K,train,90972,90972.wav,"Cowbell,Bell",,,,diversity,fsd50k:90972,glass_breaking,0.7052160501480103,other_candidate__fsd50k__train__90972__0132.wav,0.000000,3.000
train,other__fsd50k__train__51711__hard3s.wav,other,high_tonal_non_siren,FSD50K,train,51711,51711.wav,"Chime,Bell",,,,diversity,fsd50k:51711,glass_breaking,0.9600838422775269,other_candidate__fsd50k__train__51711__0184.wav,0.840000,3.000
train,other__fsd50k__train__57197__hard3s.wav,other,high_tonal_non_siren,FSD50K,train,57197,57197.wav,"Church_bell,Bell",,,,diversity,fsd50k:57197,siren,0.7765722274780273,other_candidate__fsd50k__train__57197__0203.wav,5.480000,3.000
train,other__fsd50k__train__274085__hard3s.wav,other,high_tonal_non_siren,FSD50K,train,274085,274085.wav,Squeak,,,,diversity,fsd50k:274085,siren,0.5960153341293335,other_candidate__fsd50k__train__274085__0005.wav,0.000000,3.000
train,other__fsd50k__train__34061__hard3s.wav,other,high_tonal_non_siren,FSD50K,train,34061,34061.wav,Squeak,,,,diversity,fsd50k:34061,siren,0.7307413816452026,other_candidate__fsd50k__train__34061__0042.wav,0.000000,3.000
train,other__fsd50k__train__32634__hard3s.wav,other,high_tonal_non_siren,FSD50K,train,32634,32634.wav,"Bell,Mechanisms",,,,diversity,fsd50k:32634,glass_breaking,0.9717753529548645,other_candidate__fsd50k__train__32634__0038.wav,0.440000,3.000
train,other__fsd50k__train__30153__hard3s.wav,other,high_tonal_non_siren,FSD50K,train,30153,30153.wav,Bell,,,,diversity,fsd50k:30153,siren,0.6924741268157959,other_candidate__fsd50k__train__30153__0066.wav,0.333333,3.000
train,other__fsd50k__train__29792__hard3s.wav,other,high_tonal_non_siren,FSD50K,train,29792,29792.wav,Bell,,,,diversity,fsd50k:29792,siren,0.5237786173820496,other_candidate__fsd50k__train__29792__0162.wav,0.000000,3.000
train,other__fsd50k__train__90546__hard3s.wav,other,high_tonal_non_siren,FSD50K,train,90546,90546.wav,"Cowbell,Bell",,,,diversity,fsd50k:90546,glass_breaking,0.9641386866569519,other_candidate__fsd50k__train__90546__0233.wav,0.000000,3.000
train,other__fsd50k__train__51700__hard3s.wav,other,high_tonal_non_siren,FSD50K,train,51700,51700.wav,"Chime,Bell",,,,diversity,fsd50k:51700,glass_breaking,0.9604383707046509,other_candidate__fsd50k__train__51700__0112.wav,4.760000,3.000
train,other__fsd50k__train__57507__hard3s.wav,other,high_tonal_non_siren,FSD50K,train,57507,57507.wav,Squeak,,,,diversity,fsd50k:57507,siren,0.8490663170814514,other_candidate__fsd50k__train__57507__0225.wav,0.000000,3.000
train,other__fsd50k__train__90565__hard3s.wav,other,high_tonal_non_siren,FSD50K,train,90565,90565.wav,"Cowbell,Bell",,,,diversity,fsd50k:90565,glass_breaking,0.9044381976127625,other_candidate__fsd50k__train__90565__0097.wav,0.000000,3.000
train,other__fsd50k__train__68941__hard3s.wav,other,high_tonal_non_siren,FSD50K,train,68941,68941.wav,Squeak,,,,diversity,fsd50k:68941,glass_breaking,0.8734496831893921,other_candidate__fsd50k__train__68941__0125.wav,0.000000,3.000
train,other__fsd50k__train__382828__hard3s.wav,other,high_tonal_non_siren,FSD50K,train,382828,382828.wav,"Cowbell,Bell",,,,diversity,fsd50k:382828,glass_breaking,0.512160062789917,other_candidate__fsd50k__train__382828__0074.wav,0.000000,3.000
train,other__fsd50k__train__155191__hard3s.wav,other,high_tonal_non_siren,FSD50K,train,155191,155191.wav,Squeak,,,,diversity,fsd50k:155191,glass_breaking,0.813810408115387,other_candidate__fsd50k__train__155191__0152.wav,0.000000,3.000
train,other__fsd50k__train__377658__hard3s.wav,other,high_tonal_non_siren,FSD50K,train,377658,377658.wav,Bell,,,,diversity,fsd50k:377658,glass_breaking,0.9202979803085327,other_candidate__fsd50k__train__377658__0091.wav,1.160000,3.000
train,other__esc50__fold_3__111102__hard3s.wav,other,high_tonal_non_siren,ESC-50,fold_3,111102,3-111102-B-46.wav,church_bells,,,,diversity,esc-50:111102,siren,0.8505496382713318,other_candidate__esc50__fold_3__111102__0090.wav,1.880000,3.000
train,other__fsd50k__train__90536__hard3s.wav,other,high_tonal_non_siren,FSD50K,train,90536,90536.wav,"Cowbell,Bell",,,,diversity,fsd50k:90536,glass_breaking,0.7783414721488953,other_candidate__fsd50k__train__90536__0236.wav,0.000000,3.000
train,other__fsd50k__train__90971__hard3s.wav,other,high_tonal_non_siren,FSD50K,train,90971,90971.wav,"Cowbell,Bell",,,,diversity,fsd50k:90971,siren,0.37163078784942627,other_candidate__fsd50k__train__90971__0004.wav,0.000000,3.000
train,other__fsd50k__train__68935__hard3s.wav,other,high_tonal_non_siren,FSD50K,train,68935,68935.wav,Squeak,,,,diversity,fsd50k:68935,glass_breaking,0.49943962693214417,other_candidate__fsd50k__train__68935__0059.wav,0.000000,3.000
train,other__fsd50k__train__10712__hard3s.wav,other,high_tonal_non_siren,FSD50K,train,10712,10712.wav,Bell,,,,diversity,fsd50k:10712,glass_breaking,0.9299899339675903,other_candidate__fsd50k__train__10712__0012.wav,0.000000,3.000
train,other__fsd50k__train__10449__hard3s.wav,other,high_tonal_non_siren,FSD50K,train,10449,10449.wav,Bell,,,,diversity,fsd50k:10449,glass_breaking,0.941611111164093,other_candidate__fsd50k__train__10449__0196.wav,0.000000,3.000
train,other__fsd50k__train__91184__hard3s.wav,other,high_tonal_non_siren,FSD50K,train,91184,91184.wav,"Cowbell,Bell",,,,diversity,fsd50k:91184,siren,0.37634509801864624,other_candidate__fsd50k__train__91184__0229.wav,0.000000,3.000
train,other__fsd50k__train__335752__hard3s.wav,other,high_tonal_non_siren,FSD50K,train,335752,335752.wav,Squeak,,,,diversity,fsd50k:335752,siren,0.8391638398170471,other_candidate__fsd50k__train__335752__0227.wav,0.000000,3.000
train,other__fsd50k__train__377055__hard3s.wav,other,clapping_applause,FSD50K,train,377055,377055.wav,"Applause,Human_group_actions",,,,hard_negative,fsd50k:377055,dog_bark,0.7738029956817627,other_candidate__fsd50k__train__377055__0369.wav,0.000000,3.000
train,other__fsd50k__train__274644__hard3s.wav,other,clapping_applause,FSD50K,train,274644,274644.wav,"Applause,Human_group_actions",,,,hard_negative,fsd50k:274644,glass_breaking,0.9129793643951416,other_candidate__fsd50k__train__274644__0356.wav,0.000000,3.000
train,other__fsd50k__train__180767__hard3s.wav,other,clapping_applause,FSD50K,train,180767,180767.wav,"Clapping,Hands",,,,hard_negative,fsd50k:180767,gunshot_gunfire,0.9958891272544861,other_candidate__fsd50k__train__180767__0336.wav,0.000000,3.000
train,other__fsd50k__train__118701__hard3s.wav,other,clapping_applause,FSD50K,train,118701,118701.wav,"Applause,Keyboard_(musical),Musical_instrument,Music,Human_group_actions",,,,hard_negative,fsd50k:118701,siren,0.6277619004249573,other_candidate__fsd50k__train__118701__0454.wav,0.000000,3.000
train,other__fsd50k__train__32866__hard3s.wav,other,clapping_applause,FSD50K,train,32866,32866.wav,"Applause,Cheering,Human_group_actions",,,,hard_negative,fsd50k:32866,speech,0.988742470741272,other_candidate__fsd50k__train__32866__0449.wav,2.600000,3.000
train,other__fsd50k__train__75059__hard3s.wav,other,clapping_applause,FSD50K,train,75059,75059.wav,"Applause,Human_group_actions",,,,hard_negative,fsd50k:75059,thunderstorm,0.9288569092750549,other_candidate__fsd50k__train__75059__0453.wav,0.440000,3.000
train,other__fsd50k__train__65519__hard3s.wav,other,clapping_applause,FSD50K,train,65519,65519.wav,"Applause,Cheering,Human_group_actions",,,,hard_negative,fsd50k:65519,glass_breaking,0.8981013894081116,other_candidate__fsd50k__train__65519__0274.wav,3.320000,3.000
train,other__fsd50k__train__377782__hard3s.wav,other,clapping_applause,FSD50K,train,377782,377782.wav,"Clapping,Hands",,,,hard_negative,fsd50k:377782,gunshot_gunfire,0.9751180410385132,other_candidate__fsd50k__train__377782__0455.wav,0.000000,3.000
train,other__fsd50k__train__242223__hard3s.wav,other,clapping_applause,FSD50K,train,242223,242223.wav,"Applause,Human_group_actions",,,,hard_negative,fsd50k:242223,speech,0.9817065596580505,other_candidate__fsd50k__train__242223__0351.wav,2.600000,3.000
train,other__fsd50k__train__367636__hard3s.wav,other,clapping_applause,FSD50K,train,367636,367636.wav,"Applause,Crowd,Human_group_actions",,,,hard_negative,fsd50k:367636,thunderstorm,0.8333571553230286,other_candidate__fsd50k__train__367636__0294.wav,1.160000,3.000
train,other__fsd50k__train__35103__hard3s.wav,other,clapping_applause,FSD50K,train,35103,35103.wav,"Applause,Human_group_actions",,,,hard_negative,fsd50k:35103,glass_breaking,0.8138093948364258,other_candidate__fsd50k__train__35103__0325.wav,2.641882,3.000
train,other__fsd50k__train__161586__hard3s.wav,other,clapping_applause,FSD50K,train,161586,161586.wav,"Clapping,Hands",,,,hard_negative,fsd50k:161586,gunshot_gunfire,0.9717845916748047,other_candidate__fsd50k__train__161586__0374.wav,0.000000,3.000
train,other__fsd50k__train__24372__hard3s.wav,other,clapping_applause,FSD50K,train,24372,24372.wav,"Applause,Human_group_actions",,,,hard_negative,fsd50k:24372,speech,0.9802614450454712,other_candidate__fsd50k__train__24372__0470.wav,6.344558,3.000
train,other__fsd50k__train__274638__hard3s.wav,other,clapping_applause,FSD50K,train,274638,274638.wav,"Applause,Human_group_actions",,,,hard_negative,fsd50k:274638,thunderstorm,0.8032180070877075,other_candidate__fsd50k__train__274638__0380.wav,3.320000,3.000
train,other__fsd50k__train__241906__hard3s.wav,other,clapping_applause,FSD50K,train,241906,241906.wav,"Applause,Human_group_actions",,,,hard_negative,fsd50k:241906,glass_breaking,0.8060174584388733,other_candidate__fsd50k__train__241906__0332.wav,5.512313,3.000
train,other__fsd50k__train__161588__hard3s.wav,other,clapping_applause,FSD50K,train,161588,161588.wav,"Clapping,Hands",,,,hard_negative,fsd50k:161588,gunshot_gunfire,0.9578267335891724,other_candidate__fsd50k__train__161588__0317.wav,0.000000,3.000
train,other__fsd50k__train__262975__hard3s.wav,other,clapping_applause,FSD50K,train,262975,262975.wav,"Applause,Crowd,Laughter,Human_group_actions,Human_voice",,,,hard_negative,fsd50k:262975,speech,0.9789530038833618,other_candidate__fsd50k__train__262975__0291.wav,0.440000,3.000
train,other__fsd50k__train__241894__hard3s.wav,other,clapping_applause,FSD50K,train,241894,241894.wav,"Applause,Human_group_actions",,,,hard_negative,fsd50k:241894,thunderstorm,0.603240430355072,other_candidate__fsd50k__train__241894__0301.wav,1.867574,3.000
train,other__fsd50k__train__241896__hard3s.wav,other,clapping_applause,FSD50K,train,241896,241896.wav,"Applause,Human_group_actions",,,,hard_negative,fsd50k:241896,glass_breaking,0.7848145365715027,other_candidate__fsd50k__train__241896__0420.wav,0.000000,3.000
train,other__fsd50k__train__180768__hard3s.wav,other,clapping_applause,FSD50K,train,180768,180768.wav,"Clapping,Hands",,,,hard_negative,fsd50k:180768,gunshot_gunfire,0.9448367953300476,other_candidate__fsd50k__train__180768__0272.wav,0.000000,3.000
train,other__fsd50k__train__191913__hard3s.wav,other,clapping_applause,FSD50K,train,191913,191913.wav,"Applause,Crowd,Cheering,Human_group_actions",,,,hard_negative,fsd50k:191913,speech,0.9742053151130676,other_candidate__fsd50k__train__191913__0345.wav,5.480000,3.000
train,other__fsd50k__train__75060__hard3s.wav,other,clapping_applause,FSD50K,train,75060,75060.wav,"Applause,Cheering,Human_group_actions",,,,hard_negative,fsd50k:75060,thunderstorm,0.597883403301239,other_candidate__fsd50k__train__75060__0264.wav,0.440000,3.000
train,other__fsd50k__train__60900__hard3s.wav,other,clapping_applause,FSD50K,train,60900,60900.wav,"Applause,Cheering,Human_group_actions",,,,hard_negative,fsd50k:60900,glass_breaking,0.781682014465332,other_candidate__fsd50k__train__60900__0439.wav,0.000000,3.000
train,other__fsd50k__train__189829__hard3s.wav,other,clapping_applause,FSD50K,train,189829,189829.wav,"Applause,Human_group_actions",,,,hard_negative,fsd50k:189829,gunshot_gunfire,0.9350862503051758,other_candidate__fsd50k__train__189829__0258.wav,6.920000,3.000
train,other__fsd50k__train__41456__hard3s.wav,other,clapping_applause,FSD50K,train,41456,41456.wav,"Applause,Cheering,Human_group_actions",,,,hard_negative,fsd50k:41456,speech,0.9739378094673157,other_candidate__fsd50k__train__41456__0330.wav,1.880000,3.000
train,other__fsd50k__train__241903__hard3s.wav,other,clapping_applause,FSD50K,train,241903,241903.wav,"Applause,Crowd,Human_group_actions",,,,hard_negative,fsd50k:241903,thunderstorm,0.5277181267738342,other_candidate__fsd50k__train__241903__0293.wav,0.000000,3.000
train,other__fsd50k__train__194262__hard3s.wav,other,clapping_applause,FSD50K,train,194262,194262.wav,"Clapping,Hands",,,,hard_negative,fsd50k:194262,glass_breaking,0.774034857749939,other_candidate__fsd50k__train__194262__0271.wav,0.000000,3.000
train,other__fsd50k__train__326763__hard3s.wav,other,clapping_applause,FSD50K,train,326763,326763.wav,"Applause,Human_group_actions",,,,hard_negative,fsd50k:326763,gunshot_gunfire,0.9261735081672668,other_candidate__fsd50k__train__326763__0459.wav,1.880000,3.000
train,other__fsd50k__train__242036__hard3s.wav,other,clapping_applause,FSD50K,train,242036,242036.wav,"Applause,Crowd,Human_group_actions",,,,hard_negative,fsd50k:242036,speech,0.9725083708763123,other_candidate__fsd50k__train__242036__0411.wav,7.640000,3.000
train,other__fsd50k__train__187671__hard3s.wav,other,clapping_applause,FSD50K,train,187671,187671.wav,"Clapping,Hands",,,,hard_negative,fsd50k:187671,glass_breaking,0.7168030738830566,other_candidate__fsd50k__train__187671__0422.wav,0.887868,3.000
train,other__fsd50k__train__148995__hard3s.wav,other,clapping_applause,FSD50K,train,148995,148995.wav,"Clapping,Hands",,,,hard_negative,fsd50k:148995,gunshot_gunfire,0.9152424335479736,other_candidate__fsd50k__train__148995__0405.wav,0.000000,3.000
train,other__fsd50k__train__221937__hard3s.wav,other,clapping_applause,FSD50K,train,221937,221937.wav,"Applause,Cheering,Human_group_actions",,,,hard_negative,fsd50k:221937,speech,0.9712381362915039,other_candidate__fsd50k__train__221937__0295.wav,0.288526,3.000
train,other__fsd50k__train__76779__hard3s.wav,other,clapping_applause,FSD50K,train,76779,76779.wav,"Clapping,Hands",,,,hard_negative,fsd50k:76779,glass_breaking,0.714962899684906,other_candidate__fsd50k__train__76779__0355.wav,0.000000,3.000
train,other__fsd50k__train__180761__hard3s.wav,other,clapping_applause,FSD50K,train,180761,180761.wav,"Clapping,Hands",,,,hard_negative,fsd50k:180761,gunshot_gunfire,0.9142784476280212,other_candidate__fsd50k__train__180761__0313.wav,0.000000,3.000
train,other__fsd50k__train__377036__hard3s.wav,other,clapping_applause,FSD50K,train,377036,377036.wav,"Applause,Human_group_actions",,,,hard_negative,fsd50k:377036,speech,0.9649534821510315,other_candidate__fsd50k__train__377036__0407.wav,5.480000,3.000
train,other__fsd50k__train__404555__hard3s.wav,other,clapping_applause,FSD50K,train,404555,404555.wav,"Clapping,Hands",,,,hard_negative,fsd50k:404555,glass_breaking,0.6980676054954529,other_candidate__fsd50k__train__404555__0392.wav,0.000000,3.000
train,other__fsd50k__train__361224__hard3s.wav,other,clapping_applause,FSD50K,train,361224,361224.wav,"Applause,Crowd,Cheering,Human_group_actions",,,,hard_negative,fsd50k:361224,gunshot_gunfire,0.9137224555015564,other_candidate__fsd50k__train__361224__0327.wav,0.000000,3.000
train,other__fsd50k__train__189830__hard3s.wav,other,clapping_applause,FSD50K,train,189830,189830.wav,"Applause,Crowd,Cheering,Human_group_actions",,,,hard_negative,fsd50k:189830,speech,0.9603449106216431,other_candidate__fsd50k__train__189830__0409.wav,5.480000,3.000
train,other__fsd50k__train__175056__hard3s.wav,other,clapping_applause,FSD50K,train,175056,175056.wav,"Clapping,Hands",,,,hard_negative,fsd50k:175056,glass_breaking,0.6735054850578308,other_candidate__fsd50k__train__175056__0245.wav,0.000000,3.000
train,other__fsd50k__train__180770__hard3s.wav,other,clapping_applause,FSD50K,train,180770,180770.wav,"Clapping,Hands",,,,hard_negative,fsd50k:180770,gunshot_gunfire,0.9095953702926636,other_candidate__fsd50k__train__180770__0340.wav,0.000000,3.000
train,other__fsd50k__train__32864__hard3s.wav,other,clapping_applause,FSD50K,train,32864,32864.wav,"Applause,Crowd,Cheering,Human_group_actions",,,,hard_negative,fsd50k:32864,speech,0.9592959880828857,other_candidate__fsd50k__train__32864__0337.wav,1.880000,3.000
train,other__fsd50k__train__241910__hard3s.wav,other,clapping_applause,FSD50K,train,241910,241910.wav,"Applause,Human_group_actions",,,,hard_negative,fsd50k:241910,glass_breaking,0.656333327293396,other_candidate__fsd50k__train__241910__0257.wav,4.171066,3.000
train,other__fsd50k__train__330296__hard3s.wav,other,clapping_applause,FSD50K,train,330296,330296.wav,"Clapping,Hands",,,,hard_negative,fsd50k:330296,gunshot_gunfire,0.9047339558601379,other_candidate__fsd50k__train__330296__0359.wav,0.000000,3.000
train,other__fsd50k__train__333404__hard3s.wav,other,clapping_applause,FSD50K,train,333404,333404.wav,"Applause,Crowd,Cheering,Human_group_actions",,,,hard_negative,fsd50k:333404,speech,0.9553040266036987,other_candidate__fsd50k__train__333404__0283.wav,0.440000,3.000
train,other__fsd50k__train__231895__hard3s.wav,other,clapping_applause,FSD50K,train,231895,231895.wav,"Clapping,Hands",,,,hard_negative,fsd50k:231895,glass_breaking,0.6468673944473267,other_candidate__fsd50k__train__231895__0468.wav,0.000000,3.000
train,other__fsd50k__train__219169__hard3s.wav,other,clapping_applause,FSD50K,train,219169,219169.wav,"Clapping,Hands",,,,diversity,fsd50k:219169,gunshot_gunfire,0.6232210993766785,other_candidate__fsd50k__train__219169__0290.wav,0.000000,3.000
train,other__fsd50k__train__42852__hard3s.wav,other,clapping_applause,FSD50K,train,42852,42852.wav,"Applause,Crowd,Human_group_actions",,,,diversity,fsd50k:42852,speech,0.9400367736816406,other_candidate__fsd50k__train__42852__0393.wav,4.760000,3.000
train,other__fsd50k__train__189837__hard3s.wav,other,clapping_applause,FSD50K,train,189837,189837.wav,"Applause,Human_group_actions",,,,diversity,fsd50k:189837,speech,0.6589792370796204,other_candidate__fsd50k__train__189837__0260.wav,3.320000,3.000
train,other__fsd50k__train__30035__hard3s.wav,other,clapping_applause,FSD50K,train,30035,30035.wav,"Applause,Human_group_actions",,,,diversity,fsd50k:30035,speech,0.8770259022712708,other_candidate__fsd50k__train__30035__0323.wav,3.791497,3.000
train,other__fsd50k__train__21179__hard3s.wav,other,clapping_applause,FSD50K,train,21179,21179.wav,"Clapping,Hands",,,,diversity,fsd50k:21179,glass_breaking,0.4325837194919586,other_candidate__fsd50k__train__21179__0324.wav,0.000000,3.000
train,other__fsd50k__train__63530__hard3s.wav,other,clapping_applause,FSD50K,train,63530,63530.wav,"Clapping,Hands",,,,diversity,fsd50k:63530,gunshot_gunfire,0.8164300918579102,other_candidate__fsd50k__train__63530__0372.wav,0.000000,3.000
train,other__fsd50k__train__326758__hard3s.wav,other,clapping_applause,FSD50K,train,326758,326758.wav,"Applause,Human_group_actions",,,,diversity,fsd50k:326758,speech,0.8516780138015747,other_candidate__fsd50k__train__326758__0342.wav,0.000000,3.000
train,other__fsd50k__train__404554__hard3s.wav,other,clapping_applause,FSD50K,train,404554,404554.wav,"Clapping,Hands",,,,diversity,fsd50k:404554,speech,0.4494144320487976,other_candidate__fsd50k__train__404554__0285.wav,0.000000,3.000
train,other__fsd50k__train__75058__hard3s.wav,other,clapping_applause,FSD50K,train,75058,75058.wav,"Applause,Cheering,Human_group_actions",,,,diversity,fsd50k:75058,speech,0.6554695963859558,other_candidate__fsd50k__train__75058__0276.wav,5.480000,3.000
train,other__fsd50k__train__241892__hard3s.wav,other,clapping_applause,FSD50K,train,241892,241892.wav,"Applause,Human_group_actions",,,,diversity,fsd50k:241892,speech,0.653693675994873,other_candidate__fsd50k__train__241892__0354.wav,3.320000,3.000
train,other__fsd50k__train__164435__hard3s.wav,other,clapping_applause,FSD50K,train,164435,164435.wav,"Clapping,Hands",,,,diversity,fsd50k:164435,speech,0.6804743409156799,other_candidate__fsd50k__train__164435__0469.wav,1.880000,3.000
train,other__fsd50k__train__61650__hard3s.wav,other,clapping_applause,FSD50K,train,61650,61650.wav,"Applause,Human_group_actions",,,,diversity,fsd50k:61650,speech,0.8205100893974304,other_candidate__fsd50k__train__61650__0247.wav,0.440000,3.000
train,other__fsd50k__train__228362__hard3s.wav,other,clapping_applause,FSD50K,train,228362,228362.wav,"Clapping,Hands",,,,diversity,fsd50k:228362,speech,0.8600961565971375,other_candidate__fsd50k__train__228362__0304.wav,0.000000,3.000
train,other__fsd50k__train__187961__hard3s.wav,other,clapping_applause,FSD50K,train,187961,187961.wav,"Clapping,Hands",,,,diversity,fsd50k:187961,gunshot_gunfire,0.5090537667274475,other_candidate__fsd50k__train__187961__0472.wav,0.000000,3.000
train,other__fsd50k__train__189836__hard3s.wav,other,clapping_applause,FSD50K,train,189836,189836.wav,"Applause,Human_group_actions",,,,diversity,fsd50k:189836,speech,0.9239518642425537,other_candidate__fsd50k__train__189836__0292.wav,7.640000,3.000
train,other__fsd50k__train__160141__hard3s.wav,other,clapping_applause,FSD50K,train,160141,160141.wav,"Clapping,Hands",,,,diversity,fsd50k:160141,gunshot_gunfire,0.5997222065925598,other_candidate__fsd50k__train__160141__0268.wav,0.000000,3.000
train,other__fsd50k__train__189831__hard3s.wav,other,clapping_applause,FSD50K,train,189831,189831.wav,"Applause,Crowd,Cheering,Human_group_actions",,,,diversity,fsd50k:189831,speech,0.9551149010658264,other_candidate__fsd50k__train__189831__0448.wav,4.040000,3.000
train,other__fsd50k__train__241247__hard3s.wav,other,clapping_applause,FSD50K,train,241247,241247.wav,"Applause,Clapping,Human_group_actions,Hands",,,,diversity,fsd50k:241247,speech,0.7087553143501282,other_candidate__fsd50k__train__241247__0390.wav,0.436553,3.000
train,other__fsd50k__train__404543__hard3s.wav,other,clapping_applause,FSD50K,train,404543,404543.wav,"Clapping,Hands",,,,diversity,fsd50k:404543,speech,0.5542754530906677,other_candidate__fsd50k__train__404543__0446.wav,0.000000,3.000
train,other__fsd50k__train__324194__hard3s.wav,other,clapping_applause,FSD50K,train,324194,324194.wav,"Applause,Human_group_actions",,,,diversity,fsd50k:324194,speech,0.9008290767669678,other_candidate__fsd50k__train__324194__0348.wav,2.600000,3.000
train,other__fsd50k__train__73083__hard3s.wav,other,clapping_applause,FSD50K,train,73083,73083.wav,"Clapping,Hands",,,,diversity,fsd50k:73083,gunshot_gunfire,0.7083413600921631,other_candidate__fsd50k__train__73083__0475.wav,0.000000,3.000
train,other__fsd50k__train__274588__hard3s.wav,other,clapping_applause,FSD50K,train,274588,274588.wav,"Applause,Human_group_actions",,,,diversity,fsd50k:274588,speech,0.685194730758667,other_candidate__fsd50k__train__274588__0424.wav,5.480000,3.000
train,other__fsd50k__train__187963__hard3s.wav,other,clapping_applause,FSD50K,train,187963,187963.wav,"Clapping,Hands",,,,diversity,fsd50k:187963,gunshot_gunfire,0.7740053534507751,other_candidate__fsd50k__train__187963__0478.wav,0.000000,3.000
train,other__fsd50k__train__404549__hard3s.wav,other,clapping_applause,FSD50K,train,404549,404549.wav,"Clapping,Hands",,,,diversity,fsd50k:404549,glass_breaking,0.557796835899353,other_candidate__fsd50k__train__404549__0363.wav,0.000000,3.000
train,other__fsd50k__train__432327__hard3s.wav,other,clapping_applause,FSD50K,train,432327,432327.wav,"Applause,Human_group_actions",,,,diversity,fsd50k:432327,speech,0.9035907983779907,other_candidate__fsd50k__train__432327__0430.wav,0.000000,3.000
train,other__fsd50k__train__382235__hard3s.wav,other,impulsive,FSD50K,train,382235,382235.wav,"Hammer,Tools",,,,hard_negative,fsd50k:382235,glass_breaking,0.9923221468925476,other_candidate__fsd50k__train__382235__0632.wav,0.000000,3.000
train,other__fsd50k__train__251426__hard3s.wav,other,impulsive,FSD50K,train,251426,251426.wav,"Knock,Door,Domestic_sounds_and_home_sounds",,,,hard_negative,fsd50k:251426,gunshot_gunfire,0.9976377487182617,other_candidate__fsd50k__train__251426__0701.wav,5.480000,3.000
train,other__fsd50k__train__329018__hard3s.wav,other,impulsive,FSD50K,train,329018,329018.wav,"Knock,Door,Wood,Domestic_sounds_and_home_sounds",,,,hard_negative,fsd50k:329018,speech,0.9864365458488464,other_candidate__fsd50k__train__329018__0646.wav,0.000000,3.000
train,other__fsd50k__train__212390__hard3s.wav,other,impulsive,FSD50K,train,212390,212390.wav,"Hammer,Tools",,,,hard_negative,fsd50k:212390,thunderstorm,0.9656540751457214,other_candidate__fsd50k__train__212390__0492.wav,4.040000,3.000
train,other__fsd50k__train__21750__hard3s.wav,other,impulsive,FSD50K,train,21750,21750.wav,"Hammer,Tools",,,,hard_negative,fsd50k:21750,glass_breaking,0.9900257587432861,other_candidate__fsd50k__train__21750__0555.wav,2.600000,3.000
train,other__esc50__fold_1__25777__hard3s.wav,other,impulsive,ESC-50,fold_1,25777,1-25777-A-48.wav,fireworks,,,,hard_negative,esc-50:25777,gunshot_gunfire,0.9943689703941345,other_candidate__esc50__fold_1__25777__0610.wav,2.000000,3.000
train,other__fsd50k__train__422165__hard3s.wav,other,impulsive,FSD50K,train,422165,422165.wav,"Slam,Door,Domestic_sounds_and_home_sounds",,,,hard_negative,fsd50k:422165,speech,0.9455395936965942,other_candidate__fsd50k__train__422165__0517.wav,1.880000,3.000
train,other__fsd50k__train__335737__hard3s.wav,other,impulsive,FSD50K,train,335737,335737.wav,"Slam,Door,Domestic_sounds_and_home_sounds",,,,hard_negative,fsd50k:335737,thunderstorm,0.9201604723930359,other_candidate__fsd50k__train__335737__0604.wav,0.440000,3.000
train,other__fsd50k__train__410827__hard3s.wav,other,impulsive,FSD50K,train,410827,410827.wav,"Knock,Door,Domestic_sounds_and_home_sounds",,,,hard_negative,fsd50k:410827,glass_breaking,0.9811328053474426,other_candidate__fsd50k__train__410827__0620.wav,7.640000,3.000
train,other__fsd50k__train__367129__hard3s.wav,other,impulsive,FSD50K,train,367129,367129.wav,"Knock,Door,Domestic_sounds_and_home_sounds",,,,hard_negative,fsd50k:367129,gunshot_gunfire,0.991551399230957,other_candidate__fsd50k__train__367129__0677.wav,4.040000,3.000
train,other__fsd50k__train__333036__hard3s.wav,other,impulsive,FSD50K,train,333036,333036.wav,"Slam,Door,Domestic_sounds_and_home_sounds",,,,hard_negative,fsd50k:333036,speech,0.8199672102928162,other_candidate__fsd50k__train__333036__0708.wav,4.760000,3.000
train,other__fsd50k__train__337097__hard3s.wav,other,impulsive,FSD50K,train,337097,337097.wav,"Hammer,Tools",,,,hard_negative,fsd50k:337097,thunderstorm,0.8934516906738281,other_candidate__fsd50k__train__337097__0489.wav,3.320000,3.000
train,other__fsd50k__train__67709__hard3s.wav,other,impulsive,FSD50K,train,67709,67709.wav,"Hammer,Tools",,,,hard_negative,fsd50k:67709,glass_breaking,0.9729918241500854,other_candidate__fsd50k__train__67709__0527.wav,4.760000,3.000
train,other__fsd50k__train__218774__hard3s.wav,other,impulsive,FSD50K,train,218774,218774.wav,"Hammer,Tools",,,,hard_negative,fsd50k:218774,gunshot_gunfire,0.990254819393158,other_candidate__fsd50k__train__218774__0531.wav,0.000000,3.000
train,other__fsd50k__train__193854__hard3s.wav,other,impulsive,FSD50K,train,193854,193854.wav,"Knock,Wood,Door,Domestic_sounds_and_home_sounds",,,,hard_negative,fsd50k:193854,speech,0.7518907785415649,other_candidate__fsd50k__train__193854__0699.wav,0.000000,3.000
train,other__fsd50k__train__46076__hard3s.wav,other,impulsive,FSD50K,train,46076,46076.wav,"Slam,Door,Domestic_sounds_and_home_sounds",,,,hard_negative,fsd50k:46076,thunderstorm,0.8215578198432922,other_candidate__fsd50k__train__46076__0606.wav,1.880000,3.000
train,other__fsd50k__train__341916__hard3s.wav,other,impulsive,FSD50K,train,341916,341916.wav,Crack,,,,hard_negative,fsd50k:341916,glass_breaking,0.9580293893814087,other_candidate__fsd50k__train__341916__0558.wav,0.000000,3.000
train,other__fsd50k__train__31371__hard3s.wav,other,impulsive,FSD50K,train,31371,31371.wav,"Knock,Door,Domestic_sounds_and_home_sounds",,,,hard_negative,fsd50k:31371,gunshot_gunfire,0.9761000871658325,other_candidate__fsd50k__train__31371__0505.wav,4.760000,3.000
train,other__fsd50k__train__52265__hard3s.wav,other,impulsive,FSD50K,train,52265,52265.wav,"Slam,Door,Domestic_sounds_and_home_sounds",,,,hard_negative,fsd50k:52265,speech,0.6131035089492798,other_candidate__fsd50k__train__52265__0600.wav,0.111474,3.000
train,other__fsd50k__train__161190__hard3s.wav,other,impulsive,FSD50K,train,161190,161190.wav,"Slam,Door,Domestic_sounds_and_home_sounds",,,,hard_negative,fsd50k:161190,thunderstorm,0.7643918991088867,other_candidate__fsd50k__train__161190__0488.wav,1.160000,3.000
train,other__fsd50k__train__406048__hard3s.wav,other,impulsive,FSD50K,train,406048,406048.wav,"Hammer,Tools",,,,hard_negative,fsd50k:406048,glass_breaking,0.946469247341156,other_candidate__fsd50k__train__406048__0706.wav,0.440000,3.000
train,other__fsd50k__train__349290__hard3s.wav,other,impulsive,FSD50K,train,349290,349290.wav,"Knock,Door,Domestic_sounds_and_home_sounds",,,,hard_negative,fsd50k:349290,gunshot_gunfire,0.9750016331672668,other_candidate__fsd50k__train__349290__0522.wav,0.000000,3.000
train,other__fsd50k__train__411526__hard3s.wav,other,impulsive,FSD50K,train,411526,411526.wav,"Slam,Door,Domestic_sounds_and_home_sounds",,,,hard_negative,fsd50k:411526,speech,0.6121335029602051,other_candidate__fsd50k__train__411526__0508.wav,0.000000,3.000
train,other__fsd50k__train__340749__hard3s.wav,other,impulsive,FSD50K,train,340749,340749.wav,"Sliding_door,Slam,Door,Domestic_sounds_and_home_sounds",,,,hard_negative,fsd50k:340749,thunderstorm,0.7577472925186157,other_candidate__fsd50k__train__340749__0672.wav,6.072313,3.000
train,other__fsd50k__train__237403__hard3s.wav,other,impulsive,FSD50K,train,237403,237403.wav,"Slam,Wood,Door,Domestic_sounds_and_home_sounds",,,,hard_negative,fsd50k:237403,glass_breaking,0.9456011056900024,other_candidate__fsd50k__train__237403__0639.wav,0.440000,3.000
train,other__fsd50k__train__190027__hard3s.wav,other,impulsive,FSD50K,train,190027,190027.wav,"Knock,Wood,Door,Domestic_sounds_and_home_sounds",,,,hard_negative,fsd50k:190027,gunshot_gunfire,0.9694818258285522,other_candidate__fsd50k__train__190027__0615.wav,0.489909,3.000
train,other__fsd50k__train__193859__hard3s.wav,other,impulsive,FSD50K,train,193859,193859.wav,"Knock,Wood,Percussion,Musical_instrument,Music,Door,Domestic_sounds_and_home_sounds",,,,hard_negative,fsd50k:193859,speech,0.4199649393558502,other_candidate__fsd50k__train__193859__0707.wav,0.000000,3.000
train,other__fsd50k__train__354098__hard3s.wav,other,impulsive,FSD50K,train,354098,354098.wav,"Crack,Crackle",,,,hard_negative,fsd50k:354098,thunderstorm,0.7122170925140381,other_candidate__fsd50k__train__354098__0569.wav,1.160000,3.000
train,other__fsd50k__train__194238__hard3s.wav,other,impulsive,FSD50K,train,194238,194238.wav,"Slam,Door,Domestic_sounds_and_home_sounds",,,,hard_negative,fsd50k:194238,glass_breaking,0.945266604423523,other_candidate__fsd50k__train__194238__0651.wav,2.600000,3.000
train,other__fsd50k__train__413270__hard3s.wav,other,impulsive,FSD50K,train,413270,413270.wav,"Knock,Door,Wood,Domestic_sounds_and_home_sounds",,,,hard_negative,fsd50k:413270,gunshot_gunfire,0.9579173922538757,other_candidate__fsd50k__train__413270__0501.wav,0.000000,3.000
train,other__fsd50k__train__88676__hard3s.wav,other,impulsive,FSD50K,train,88676,88676.wav,"Finger_snapping,Hands",,,,hard_negative,fsd50k:88676,speech,0.2886980473995209,other_candidate__fsd50k__train__88676__0570.wav,0.000000,3.000
train,other__fsd50k__train__390973__hard3s.wav,other,impulsive,FSD50K,train,390973,390973.wav,"Slam,Door,Domestic_sounds_and_home_sounds",,,,hard_negative,fsd50k:390973,thunderstorm,0.7033373713493347,other_candidate__fsd50k__train__390973__0534.wav,0.000000,3.000
train,other__fsd50k__train__219522__hard3s.wav,other,impulsive,FSD50K,train,219522,219522.wav,"Crack,Crackle",,,,hard_negative,fsd50k:219522,glass_breaking,0.9436377286911011,other_candidate__fsd50k__train__219522__0623.wav,4.040000,3.000
train,other__fsd50k__train__275912__hard3s.wav,other,impulsive,FSD50K,train,275912,275912.wav,"Knock,Door,Domestic_sounds_and_home_sounds",,,,hard_negative,fsd50k:275912,gunshot_gunfire,0.9556663632392883,other_candidate__fsd50k__train__275912__0702.wav,0.000000,3.000
train,other__fsd50k__train__60031__hard3s.wav,other,impulsive,FSD50K,train,60031,60031.wav,"Slam,Door,Domestic_sounds_and_home_sounds",,,,hard_negative,fsd50k:60031,thunderstorm,0.6593303680419922,other_candidate__fsd50k__train__60031__0510.wav,1.880000,3.000
train,other__fsd50k__train__346798__hard3s.wav,other,impulsive,FSD50K,train,346798,346798.wav,"Finger_snapping,Hands",,,,hard_negative,fsd50k:346798,glass_breaking,0.9394853115081787,other_candidate__fsd50k__train__346798__0689.wav,0.000000,3.000
train,other__fsd50k__train__211496__hard3s.wav,other,impulsive,FSD50K,train,211496,211496.wav,"Knock,Door,Domestic_sounds_and_home_sounds",,,,hard_negative,fsd50k:211496,gunshot_gunfire,0.9529997706413269,other_candidate__fsd50k__train__211496__0593.wav,0.000000,3.000
train,other__fsd50k__train__193870__hard3s.wav,other,impulsive,FSD50K,train,193870,193870.wav,"Knock,Door,Domestic_sounds_and_home_sounds",,,,hard_negative,fsd50k:193870,thunderstorm,0.5266166925430298,other_candidate__fsd50k__train__193870__0529.wav,0.000000,3.000
train,other__fsd50k__train__364849__hard3s.wav,other,impulsive,FSD50K,train,364849,364849.wav,"Hammer,Wood,Tools",,,,hard_negative,fsd50k:364849,glass_breaking,0.9304651618003845,other_candidate__fsd50k__train__364849__0645.wav,0.000000,3.000
train,other__fsd50k__train__106861__hard3s.wav,other,impulsive,FSD50K,train,106861,106861.wav,"Hammer,Tools",,,,hard_negative,fsd50k:106861,gunshot_gunfire,0.9473153352737427,other_candidate__fsd50k__train__106861__0572.wav,0.000000,3.000
train,other__fsd50k__train__68702__hard3s.wav,other,impulsive,FSD50K,train,68702,68702.wav,"Knock,Door,Domestic_sounds_and_home_sounds",,,,hard_negative,fsd50k:68702,thunderstorm,0.5082759261131287,other_candidate__fsd50k__train__68702__0709.wav,0.000000,3.000
train,other__fsd50k__train__114235__hard3s.wav,other,impulsive,FSD50K,train,114235,114235.wav,Crack,,,,hard_negative,fsd50k:114235,glass_breaking,0.9302404522895813,other_candidate__fsd50k__train__114235__0688.wav,6.138050,3.000
train,other__fsd50k__train__426736__hard3s.wav,other,impulsive,FSD50K,train,426736,426736.wav,"Knock,Door,Domestic_sounds_and_home_sounds",,,,hard_negative,fsd50k:426736,gunshot_gunfire,0.9394280910491943,other_candidate__fsd50k__train__426736__0579.wav,3.279841,3.000
train,other__fsd50k__train__212747__hard3s.wav,other,impulsive,FSD50K,train,212747,212747.wav,"Sliding_door,Slam,Wood,Door,Domestic_sounds_and_home_sounds",,,,hard_negative,fsd50k:212747,thunderstorm,0.4443286061286926,other_candidate__fsd50k__train__212747__0586.wav,0.000000,3.000
train,other__fsd50k__train__324508__hard3s.wav,other,impulsive,FSD50K,train,324508,324508.wav,"Slam,Wood,Door,Domestic_sounds_and_home_sounds",,,,hard_negative,fsd50k:324508,glass_breaking,0.9283677935600281,other_candidate__fsd50k__train__324508__0659.wav,0.000000,3.000
train,other__fsd50k__train__361758__hard3s.wav,other,impulsive,FSD50K,train,361758,361758.wav,"Finger_snapping,Hands",,,,diversity,fsd50k:361758,gunshot_gunfire,0.6177322864532471,other_candidate__fsd50k__train__361758__0683.wav,0.000000,3.000
train,other__fsd50k__train__193832__hard3s.wav,other,impulsive,FSD50K,train,193832,193832.wav,"Knock,Door,Domestic_sounds_and_home_sounds",,,,diversity,fsd50k:193832,gunshot_gunfire,0.5418801307678223,other_candidate__fsd50k__train__193832__0714.wav,0.000000,3.000
train,other__fsd50k__train__333249__hard3s.wav,other,impulsive,FSD50K,train,333249,333249.wav,"Slam,Door,Domestic_sounds_and_home_sounds",,,,diversity,fsd50k:333249,gunshot_gunfire,0.9258254170417786,other_candidate__fsd50k__train__333249__0551.wav,1.880000,3.000
train,other__fsd50k__train__193850__hard3s.wav,other,impulsive,FSD50K,train,193850,193850.wav,"Knock,Door,Domestic_sounds_and_home_sounds",,,,diversity,fsd50k:193850,glass_breaking,0.3629835247993469,other_candidate__fsd50k__train__193850__0601.wav,0.000000,3.000
train,other__fsd50k__train__361755__hard3s.wav,other,impulsive,FSD50K,train,361755,361755.wav,"Finger_snapping,Hands",,,,diversity,fsd50k:361755,glass_breaking,0.8741577863693237,other_candidate__fsd50k__train__361755__0550.wav,0.000000,3.000
train,other__fsd50k__train__346796__hard3s.wav,other,impulsive,FSD50K,train,346796,346796.wav,"Finger_snapping,Hands",,,,diversity,fsd50k:346796,gunshot_gunfire,0.5297543406486511,other_candidate__fsd50k__train__346796__0595.wav,0.000000,3.000
train,other__fsd50k__train__161600__hard3s.wav,other,impulsive,FSD50K,train,161600,161600.wav,"Slam,Wood,Door,Domestic_sounds_and_home_sounds",,,,diversity,fsd50k:161600,gunshot_gunfire,0.48064908385276794,other_candidate__fsd50k__train__161600__0658.wav,0.000000,3.000
train,other__fsd50k__train__210210__hard3s.wav,other,impulsive,FSD50K,train,210210,210210.wav,"Hammer,Tools",,,,diversity,fsd50k:210210,gunshot_gunfire,0.658575177192688,other_candidate__fsd50k__train__210210__0626.wav,0.000000,3.000
train,other__fsd50k__train__234613__hard3s.wav,other,impulsive,FSD50K,train,234613,234613.wav,Crack,,,,diversity,fsd50k:234613,glass_breaking,0.5369288325309753,other_candidate__fsd50k__train__234613__0530.wav,0.000000,3.000
train,other__fsd50k__train__177506__hard3s.wav,other,impulsive,FSD50K,train,177506,177506.wav,"Finger_snapping,Hands",,,,diversity,fsd50k:177506,glass_breaking,0.7027004957199097,other_candidate__fsd50k__train__177506__0603.wav,0.000000,3.000
train,other__fsd50k__train__88683__hard3s.wav,other,impulsive,FSD50K,train,88683,88683.wav,"Finger_snapping,Hands",,,,diversity,fsd50k:88683,glass_breaking,0.36698997020721436,other_candidate__fsd50k__train__88683__0493.wav,0.000000,3.000
train,other__fsd50k__train__361747__hard3s.wav,other,impulsive,FSD50K,train,361747,361747.wav,"Finger_snapping,Hands",,,,diversity,fsd50k:361747,gunshot_gunfire,0.572743833065033,other_candidate__fsd50k__train__361747__0539.wav,0.000000,3.000
train,other__fsd50k__train__317526__hard3s.wav,other,impulsive,FSD50K,train,317526,317526.wav,"Slam,Door,Wood,Domestic_sounds_and_home_sounds",,,,diversity,fsd50k:317526,gunshot_gunfire,0.6970632672309875,other_candidate__fsd50k__train__317526__0608.wav,0.000000,3.000
train,other__fsd50k__train__72676__hard3s.wav,other,impulsive,FSD50K,train,72676,72676.wav,"Slam,Door,Domestic_sounds_and_home_sounds",,,,diversity,fsd50k:72676,gunshot_gunfire,0.8431158661842346,other_candidate__fsd50k__train__72676__0532.wav,0.000000,3.000
train,other__fsd50k__train__144945__hard3s.wav,other,impulsive,FSD50K,train,144945,144945.wav,Crack,,,,diversity,fsd50k:144945,glass_breaking,0.44936051964759827,other_candidate__fsd50k__train__144945__0629.wav,0.000000,3.000
train,other__fsd50k__train__349292__hard3s.wav,other,impulsive,FSD50K,train,349292,349292.wav,"Knock,Wood,Door,Domestic_sounds_and_home_sounds",,,,diversity,fsd50k:349292,gunshot_gunfire,0.4901077151298523,other_candidate__fsd50k__train__349292__0543.wav,0.000000,3.000
train,other__fsd50k__train__88689__hard3s.wav,other,impulsive,FSD50K,train,88689,88689.wav,"Finger_snapping,Hands",,,,diversity,fsd50k:88689,glass_breaking,0.5475326776504517,other_candidate__fsd50k__train__88689__0502.wav,0.000000,3.000
train,other__fsd50k__train__144890__hard3s.wav,other,impulsive,FSD50K,train,144890,144890.wav,Crack,,,,diversity,fsd50k:144890,glass_breaking,0.8316513895988464,other_candidate__fsd50k__train__144890__0633.wav,1.054694,3.000
train,other__fsd50k__train__164571__hard3s.wav,other,impulsive,FSD50K,train,164571,164571.wav,"Knock,Door,Domestic_sounds_and_home_sounds",,,,diversity,fsd50k:164571,gunshot_gunfire,0.905965268611908,other_candidate__fsd50k__train__164571__0480.wav,0.000000,3.000
train,other__fsd50k__train__103998__hard3s.wav,other,impulsive,FSD50K,train,103998,103998.wav,"Knock,Door,Wood,Domestic_sounds_and_home_sounds",,,,diversity,fsd50k:103998,gunshot_gunfire,0.7699933052062988,other_candidate__fsd50k__train__103998__0711.wav,0.000000,3.000
train,other__fsd50k__train__11582__hard3s.wav,other,impulsive,FSD50K,train,11582,11582.wav,"Slam,Door,Domestic_sounds_and_home_sounds",,,,diversity,fsd50k:11582,glass_breaking,0.505013108253479,other_candidate__fsd50k__train__11582__0541.wav,0.000000,3.000
train,other__fsd50k__train__364719__hard3s.wav,other,impulsive,FSD50K,train,364719,364719.wav,"Finger_snapping,Hands",,,,diversity,fsd50k:364719,glass_breaking,0.39915263652801514,other_candidate__fsd50k__train__364719__0700.wav,0.000000,3.000
train,other__fsd50k__train__346833__hard3s.wav,other,impulsive,FSD50K,train,346833,346833.wav,"Slam,Door,Domestic_sounds_and_home_sounds",,,,diversity,fsd50k:346833,glass_breaking,0.6752549409866333,other_candidate__fsd50k__train__346833__0674.wav,0.000000,3.000
train,other__fsd50k__train__70314__hard3s.wav,other,impulsive,FSD50K,train,70314,70314.wav,"Hammer,Tools",,,,diversity,fsd50k:70314,gunshot_gunfire,0.7268813252449036,other_candidate__fsd50k__train__70314__0535.wav,4.040000,3.000
train,other__fsd50k__train__264153__hard3s.wav,other,impulsive,FSD50K,train,264153,264153.wav,"Slam,Microwave_oven,Door,Domestic_sounds_and_home_sounds",,,,diversity,fsd50k:264153,gunshot_gunfire,0.5797159671783447,other_candidate__fsd50k__train__264153__0582.wav,0.000000,3.000
train,other__fsd50k__train__266999__hard3s.wav,other,metallic_fragile,FSD50K,train,266999,266999.wav,"Cutlery_and_silverware,Domestic_sounds_and_home_sounds",,,,hard_negative,fsd50k:266999,glass_breaking,0.9964975714683533,other_candidate__fsd50k__train__266999__0819.wav,0.000000,3.000
train,other__fsd50k__train__257938__hard3s.wav,other,metallic_fragile,FSD50K,train,257938,257938.wav,"Dishes_and_pots_and_pans,Domestic_sounds_and_home_sounds",,,,hard_negative,fsd50k:257938,gunshot_gunfire,0.9842192530632019,other_candidate__fsd50k__train__257938__0769.wav,0.000000,3.000
train,other__fsd50k__train__417724__hard3s.wav,other,metallic_fragile,FSD50K,train,417724,417724.wav,"Dishes_and_pots_and_pans,Domestic_sounds_and_home_sounds",,,,hard_negative,fsd50k:417724,siren,0.9835553765296936,other_candidate__fsd50k__train__417724__0945.wav,1.880000,3.000
train,other__fsd50k__train__80979__hard3s.wav,other,metallic_fragile,FSD50K,train,80979,80979.wav,"Coin_(dropping),Domestic_sounds_and_home_sounds",,,,hard_negative,fsd50k:80979,speech,0.9474059343338013,other_candidate__fsd50k__train__80979__0748.wav,1.880000,3.000
train,other__fsd50k__train__341432__hard3s.wav,other,metallic_fragile,FSD50K,train,341432,341432.wav,"Dishes_and_pots_and_pans,Domestic_sounds_and_home_sounds",,,,hard_negative,fsd50k:341432,thunderstorm,0.7642461061477661,other_candidate__fsd50k__train__341432__0729.wav,4.040000,3.000
train,other__fsd50k__train__182694__hard3s.wav,other,metallic_fragile,FSD50K,train,182694,182694.wav,"Cutlery_and_silverware,Domestic_sounds_and_home_sounds",,,,hard_negative,fsd50k:182694,glass_breaking,0.9962984919548035,other_candidate__fsd50k__train__182694__0862.wav,1.160000,3.000
train,other__fsd50k__train__201252__hard3s.wav,other,metallic_fragile,FSD50K,train,201252,201252.wav,"Coin_(dropping),Domestic_sounds_and_home_sounds",,,,hard_negative,fsd50k:201252,gunshot_gunfire,0.9515356421470642,other_candidate__fsd50k__train__201252__0909.wav,1.160000,3.000
train,other__fsd50k__train__85164__hard3s.wav,other,metallic_fragile,FSD50K,train,85164,85164.wav,"Coin_(dropping),Domestic_sounds_and_home_sounds",,,,hard_negative,fsd50k:85164,siren,0.8774941563606262,other_candidate__fsd50k__train__85164__0899.wav,0.000000,3.000
train,other__fsd50k__train__80949__hard3s.wav,other,metallic_fragile,FSD50K,train,80949,80949.wav,"Dishes_and_pots_and_pans,Domestic_sounds_and_home_sounds",,,,hard_negative,fsd50k:80949,speech,0.8749289512634277,other_candidate__fsd50k__train__80949__0869.wav,0.000000,3.000
train,other__fsd50k__train__33921__hard3s.wav,other,metallic_fragile,FSD50K,train,33921,33921.wav,"Dishes_and_pots_and_pans,Domestic_sounds_and_home_sounds",,,,hard_negative,fsd50k:33921,thunderstorm,0.7137060165405273,other_candidate__fsd50k__train__33921__0952.wav,0.995397,3.000
train,other__fsd50k__train__376862__hard3s.wav,other,metallic_fragile,FSD50K,train,376862,376862.wav,"Cutlery_and_silverware,Domestic_sounds_and_home_sounds",,,,hard_negative,fsd50k:376862,glass_breaking,0.9959499835968018,other_candidate__fsd50k__train__376862__0920.wav,4.040000,3.000
train,other__fsd50k__train__423332__hard3s.wav,other,metallic_fragile,FSD50K,train,423332,423332.wav,"Coin_(dropping),Domestic_sounds_and_home_sounds",,,,hard_negative,fsd50k:423332,gunshot_gunfire,0.9423720836639404,other_candidate__fsd50k__train__423332__0859.wav,0.000000,3.000
train,other__fsd50k__train__15565__hard3s.wav,other,metallic_fragile,FSD50K,train,15565,15565.wav,"Keys_jangling,Domestic_sounds_and_home_sounds",,,,hard_negative,fsd50k:15565,siren,0.8561155796051025,other_candidate__fsd50k__train__15565__0942.wav,2.600000,3.000
train,other__fsd50k__train__81740__hard3s.wav,other,metallic_fragile,FSD50K,train,81740,81740.wav,"Dishes_and_pots_and_pans,Domestic_sounds_and_home_sounds",,,,hard_negative,fsd50k:81740,speech,0.7470902800559998,other_candidate__fsd50k__train__81740__0764.wav,0.440000,3.000
train,other__esc50__fold_2__85471__hard3s.wav,other,metallic_fragile,ESC-50,fold_2,85471,2-85471-A-34.wav,can_opening,,,,hard_negative,esc-50:85471,thunderstorm,0.6327788233757019,other_candidate__esc50__fold_2__85471__0749.wav,1.880000,3.000
train,other__fsd50k__train__68699__hard3s.wav,other,metallic_fragile,FSD50K,train,68699,68699.wav,"Keys_jangling,Domestic_sounds_and_home_sounds",,,,hard_negative,fsd50k:68699,glass_breaking,0.9957728981971741,other_candidate__fsd50k__train__68699__0750.wav,6.200000,3.000
train,other__fsd50k__train__266441__hard3s.wav,other,metallic_fragile,FSD50K,train,266441,266441.wav,"Keys_jangling,Domestic_sounds_and_home_sounds",,,,hard_negative,fsd50k:266441,gunshot_gunfire,0.8779650926589966,other_candidate__fsd50k__train__266441__0951.wav,1.048980,3.000
train,other__fsd50k__train__97551__hard3s.wav,other,metallic_fragile,FSD50K,train,97551,97551.wav,"Dishes_and_pots_and_pans,Domestic_sounds_and_home_sounds",,,,hard_negative,fsd50k:97551,siren,0.5299612879753113,other_candidate__fsd50k__train__97551__0850.wav,0.000000,3.000
train,other__fsd50k__train__195601__hard3s.wav,other,metallic_fragile,FSD50K,train,195601,195601.wav,"Coin_(dropping),Domestic_sounds_and_home_sounds",,,,hard_negative,fsd50k:195601,speech,0.7465717196464539,other_candidate__fsd50k__train__195601__0875.wav,0.000000,3.000
train,other__fsd50k__train__182713__hard3s.wav,other,metallic_fragile,FSD50K,train,182713,182713.wav,"Keys_jangling,Domestic_sounds_and_home_sounds",,,,hard_negative,fsd50k:182713,glass_breaking,0.9945080876350403,other_candidate__fsd50k__train__182713__0882.wav,0.440000,3.000
train,other__fsd50k__train__264987__hard3s.wav,other,metallic_fragile,FSD50K,train,264987,264987.wav,"Coin_(dropping),Domestic_sounds_and_home_sounds",,,,hard_negative,fsd50k:264987,gunshot_gunfire,0.8417530059814453,other_candidate__fsd50k__train__264987__0837.wav,0.000000,3.000
train,other__fsd50k__train__195602__hard3s.wav,other,metallic_fragile,FSD50K,train,195602,195602.wav,"Coin_(dropping),Domestic_sounds_and_home_sounds",,,,hard_negative,fsd50k:195602,speech,0.6844568848609924,other_candidate__fsd50k__train__195602__0775.wav,0.000000,3.000
train,other__fsd50k__train__105023__hard3s.wav,other,metallic_fragile,FSD50K,train,105023,105023.wav,"Dishes_and_pots_and_pans,Domestic_sounds_and_home_sounds",,,,hard_negative,fsd50k:105023,glass_breaking,0.994040310382843,other_candidate__fsd50k__train__105023__0925.wav,0.440000,3.000
train,other__fsd50k__train__33923__hard3s.wav,other,metallic_fragile,FSD50K,train,33923,33923.wav,"Dishes_and_pots_and_pans,Domestic_sounds_and_home_sounds",,,,hard_negative,fsd50k:33923,gunshot_gunfire,0.790299654006958,other_candidate__fsd50k__train__33923__0735.wav,0.000000,3.000
train,other__fsd50k__train__47138__hard3s.wav,other,metallic_fragile,FSD50K,train,47138,47138.wav,"Coin_(dropping),Domestic_sounds_and_home_sounds",,,,hard_negative,fsd50k:47138,speech,0.598764181137085,other_candidate__fsd50k__train__47138__0732.wav,0.000000,3.000
train,other__fsd50k__train__417454__hard3s.wav,other,metallic_fragile,FSD50K,train,417454,417454.wav,"Cutlery_and_silverware,Domestic_sounds_and_home_sounds",,,,hard_negative,fsd50k:417454,glass_breaking,0.9937891364097595,other_candidate__fsd50k__train__417454__0956.wav,0.703560,3.000
train,other__fsd50k__train__121615__hard3s.wav,other,metallic_fragile,FSD50K,train,121615,121615.wav,"Coin_(dropping),Domestic_sounds_and_home_sounds",,,,hard_negative,fsd50k:121615,gunshot_gunfire,0.7558608055114746,other_candidate__fsd50k__train__121615__0940.wav,0.000000,3.000
train,other__fsd50k__train__202010__hard3s.wav,other,metallic_fragile,FSD50K,train,202010,202010.wav,"Dishes_and_pots_and_pans,Domestic_sounds_and_home_sounds",,,,hard_negative,fsd50k:202010,speech,0.5723243951797485,other_candidate__fsd50k__train__202010__0922.wav,0.000000,3.000
train,other__fsd50k__train__20840__hard3s.wav,other,metallic_fragile,FSD50K,train,20840,20840.wav,"Dishes_and_pots_and_pans,Domestic_sounds_and_home_sounds",,,,hard_negative,fsd50k:20840,glass_breaking,0.9937117099761963,other_candidate__fsd50k__train__20840__0953.wav,0.440000,3.000
train,other__fsd50k__train__276101__hard3s.wav,other,metallic_fragile,FSD50K,train,276101,276101.wav,"Coin_(dropping),Domestic_sounds_and_home_sounds",,,,hard_negative,fsd50k:276101,gunshot_gunfire,0.7438496351242065,other_candidate__fsd50k__train__276101__0889.wav,0.000000,3.000
train,other__fsd50k__train__423338__hard3s.wav,other,metallic_fragile,FSD50K,train,423338,423338.wav,"Coin_(dropping),Domestic_sounds_and_home_sounds",,,,hard_negative,fsd50k:423338,speech,0.5303962826728821,other_candidate__fsd50k__train__423338__0817.wav,0.000000,3.000
train,other__fsd50k__train__267005__hard3s.wav,other,metallic_fragile,FSD50K,train,267005,267005.wav,"Cutlery_and_silverware,Domestic_sounds_and_home_sounds",,,,hard_negative,fsd50k:267005,glass_breaking,0.9933607578277588,other_candidate__fsd50k__train__267005__0772.wav,0.000000,3.000
train,other__fsd50k__train__153364__hard3s.wav,other,metallic_fragile,FSD50K,train,153364,153364.wav,"Coin_(dropping),Domestic_sounds_and_home_sounds",,,,hard_negative,fsd50k:153364,gunshot_gunfire,0.7322758436203003,other_candidate__fsd50k__train__153364__0854.wav,0.000000,3.000
train,other__fsd50k__train__121605__hard3s.wav,other,metallic_fragile,FSD50K,train,121605,121605.wav,"Coin_(dropping),Domestic_sounds_and_home_sounds",,,,hard_negative,fsd50k:121605,speech,0.4798718988895416,other_candidate__fsd50k__train__121605__0807.wav,0.000000,3.000
train,other__fsd50k__train__412380__hard3s.wav,other,metallic_fragile,FSD50K,train,412380,412380.wav,"Cutlery_and_silverware,Domestic_sounds_and_home_sounds",,,,hard_negative,fsd50k:412380,glass_breaking,0.9933503270149231,other_candidate__fsd50k__train__412380__0871.wav,0.000000,3.000
train,other__fsd50k__train__29917__hard3s.wav,other,metallic_fragile,FSD50K,train,29917,29917.wav,"Cutlery_and_silverware,Domestic_sounds_and_home_sounds",,,,hard_negative,fsd50k:29917,gunshot_gunfire,0.7265647053718567,other_candidate__fsd50k__train__29917__0828.wav,0.000000,3.000
train,other__fsd50k__train__336591__hard3s.wav,other,metallic_fragile,FSD50K,train,336591,336591.wav,"Cutlery_and_silverware,Domestic_sounds_and_home_sounds",,,,hard_negative,fsd50k:336591,speech,0.44596999883651733,other_candidate__fsd50k__train__336591__0743.wav,0.000000,3.000
train,other__fsd50k__train__367273__hard3s.wav,other,metallic_fragile,FSD50K,train,367273,367273.wav,"Coin_(dropping),Domestic_sounds_and_home_sounds",,,,hard_negative,fsd50k:367273,glass_breaking,0.993196964263916,other_candidate__fsd50k__train__367273__0838.wav,6.200000,3.000
train,other__fsd50k__train__47140__hard3s.wav,other,metallic_fragile,FSD50K,train,47140,47140.wav,"Coin_(dropping),Domestic_sounds_and_home_sounds",,,,hard_negative,fsd50k:47140,gunshot_gunfire,0.6685702800750732,other_candidate__fsd50k__train__47140__0857.wav,7.134331,3.000
train,other__fsd50k__train__266990__hard3s.wav,other,metallic_fragile,FSD50K,train,266990,266990.wav,"Cutlery_and_silverware,Dishes_and_pots_and_pans,Domestic_sounds_and_home_sounds",,,,hard_negative,fsd50k:266990,glass_breaking,0.992911159992218,other_candidate__fsd50k__train__266990__0723.wav,0.000000,3.000
train,other__fsd50k__train__336585__hard3s.wav,other,metallic_fragile,FSD50K,train,336585,336585.wav,"Coin_(dropping),Domestic_sounds_and_home_sounds",,,,hard_negative,fsd50k:336585,gunshot_gunfire,0.6115014553070068,other_candidate__fsd50k__train__336585__0799.wav,0.000000,3.000
train,other__fsd50k__train__12894__hard3s.wav,other,metallic_fragile,FSD50K,train,12894,12894.wav,"Cutlery_and_silverware,Domestic_sounds_and_home_sounds",,,,hard_negative,fsd50k:12894,glass_breaking,0.9924361109733582,other_candidate__fsd50k__train__12894__0935.wav,0.000000,3.000
train,other__fsd50k__train__336581__hard3s.wav,other,metallic_fragile,FSD50K,train,336581,336581.wav,"Coin_(dropping),Domestic_sounds_and_home_sounds",,,,hard_negative,fsd50k:336581,gunshot_gunfire,0.5923675298690796,other_candidate__fsd50k__train__336581__0913.wav,0.000000,3.000
train,other__fsd50k__train__209004__hard3s.wav,other,metallic_fragile,FSD50K,train,209004,209004.wav,"Dishes_and_pots_and_pans,Domestic_sounds_and_home_sounds",,,,hard_negative,fsd50k:209004,glass_breaking,0.9917042255401611,other_candidate__fsd50k__train__209004__0786.wav,0.000000,3.000
train,other__fsd50k__train__329963__hard3s.wav,other,metallic_fragile,FSD50K,train,329963,329963.wav,"Dishes_and_pots_and_pans,Domestic_sounds_and_home_sounds",,,,hard_negative,fsd50k:329963,gunshot_gunfire,0.5657585859298706,other_candidate__fsd50k__train__329963__0790.wav,0.000000,3.000
train,other__fsd50k__train__156184__hard3s.wav,other,metallic_fragile,FSD50K,train,156184,156184.wav,"Keys_jangling,Domestic_sounds_and_home_sounds",,,,diversity,fsd50k:156184,glass_breaking,0.9099885821342468,other_candidate__fsd50k__train__156184__0834.wav,6.920000,3.000
train,other__fsd50k__train__349276__hard3s.wav,other,metallic_fragile,FSD50K,train,349276,349276.wav,"Coin_(dropping),Domestic_sounds_and_home_sounds",,,,diversity,fsd50k:349276,gunshot_gunfire,0.5077499747276306,other_candidate__fsd50k__train__349276__0782.wav,0.000000,3.000
train,other__fsd50k__train__194664__hard3s.wav,other,metallic_fragile,FSD50K,train,194664,194664.wav,"Keys_jangling,Domestic_sounds_and_home_sounds",,,,diversity,fsd50k:194664,glass_breaking,0.9735187888145447,other_candidate__fsd50k__train__194664__0745.wav,0.000000,3.000
train,other__fsd50k__train__97525__hard3s.wav,other,metallic_fragile,FSD50K,train,97525,97525.wav,"Dishes_and_pots_and_pans,Domestic_sounds_and_home_sounds",,,,diversity,fsd50k:97525,glass_breaking,0.6407515406608582,other_candidate__fsd50k__train__97525__0776.wav,0.000000,3.000
train,other__fsd50k__train__138043__hard3s.wav,other,metallic_fragile,FSD50K,train,138043,138043.wav,"Keys_jangling,Domestic_sounds_and_home_sounds",,,,diversity,fsd50k:138043,glass_breaking,0.8454170227050781,other_candidate__fsd50k__train__138043__0880.wav,0.000000,3.000
train,other__fsd50k__train__125535__hard3s.wav,other,metallic_fragile,FSD50K,train,125535,125535.wav,"Keys_jangling,Domestic_sounds_and_home_sounds",,,,diversity,fsd50k:125535,glass_breaking,0.9484057426452637,other_candidate__fsd50k__train__125535__0829.wav,0.440000,3.000
train,other__fsd50k__train__367301__hard3s.wav,other,metallic_fragile,FSD50K,train,367301,367301.wav,"Keys_jangling,Domestic_sounds_and_home_sounds",,,,diversity,fsd50k:367301,glass_breaking,0.9688997268676758,other_candidate__fsd50k__train__367301__0911.wav,0.000000,3.000
train,other__fsd50k__train__274819__hard3s.wav,other,metallic_fragile,FSD50K,train,274819,274819.wav,"Keys_jangling,Domestic_sounds_and_home_sounds",,,,diversity,fsd50k:274819,glass_breaking,0.9887759685516357,other_candidate__fsd50k__train__274819__0757.wav,0.000000,3.000
train,other__fsd50k__train__185741__hard3s.wav,other,metallic_fragile,FSD50K,train,185741,185741.wav,"Coin_(dropping),Domestic_sounds_and_home_sounds",,,,diversity,fsd50k:185741,glass_breaking,0.9835675954818726,other_candidate__fsd50k__train__185741__0866.wav,0.000000,3.000
train,other__fsd50k__train__234607__hard3s.wav,other,metallic_fragile,FSD50K,train,234607,234607.wav,"Cutlery_and_silverware,Dishes_and_pots_and_pans,Domestic_sounds_and_home_sounds",,,,diversity,fsd50k:234607,glass_breaking,0.980087399482727,other_candidate__fsd50k__train__234607__0864.wav,0.000000,3.000
train,other__fsd50k__train__35010__hard3s.wav,other,metallic_fragile,FSD50K,train,35010,35010.wav,"Coin_(dropping),Domestic_sounds_and_home_sounds",,,,diversity,fsd50k:35010,glass_breaking,0.9759058952331543,other_candidate__fsd50k__train__35010__0901.wav,0.440000,3.000
train,other__fsd50k__train__71803__hard3s.wav,other,metallic_fragile,FSD50K,train,71803,71803.wav,"Dishes_and_pots_and_pans,Domestic_sounds_and_home_sounds",,,,diversity,fsd50k:71803,glass_breaking,0.8325412273406982,other_candidate__fsd50k__train__71803__0845.wav,0.000000,3.000
train,other__fsd50k__train__97556__hard3s.wav,other,metallic_fragile,FSD50K,train,97556,97556.wav,"Dishes_and_pots_and_pans,Domestic_sounds_and_home_sounds",,,,diversity,fsd50k:97556,glass_breaking,0.9611964225769043,other_candidate__fsd50k__train__97556__0892.wav,0.000000,3.000
train,other__fsd50k__train__33925__hard3s.wav,other,metallic_fragile,FSD50K,train,33925,33925.wav,"Dishes_and_pots_and_pans,Domestic_sounds_and_home_sounds",,,,diversity,fsd50k:33925,glass_breaking,0.8409635424613953,other_candidate__fsd50k__train__33925__0835.wav,0.440000,3.000
train,other__fsd50k__train__51669__hard3s.wav,other,metallic_fragile,FSD50K,train,51669,51669.wav,"Coin_(dropping),Domestic_sounds_and_home_sounds",,,,diversity,fsd50k:51669,glass_breaking,0.8462091684341431,other_candidate__fsd50k__train__51669__0874.wav,0.000000,3.000
train,other__fsd50k__train__240687__hard3s.wav,other,metallic_fragile,FSD50K,train,240687,240687.wav,"Keys_jangling,Domestic_sounds_and_home_sounds",,,,diversity,fsd50k:240687,glass_breaking,0.9878475666046143,other_candidate__fsd50k__train__240687__0877.wav,6.920000,3.000
train,other__fsd50k__train__51161__hard3s.wav,other,metallic_fragile,FSD50K,train,51161,51161.wav,"Dishes_and_pots_and_pans,Domestic_sounds_and_home_sounds",,,,diversity,fsd50k:51161,glass_breaking,0.9798529148101807,other_candidate__fsd50k__train__51161__0741.wav,0.000000,3.000
train,other__fsd50k__train__207523__hard3s.wav,other,metallic_fragile,FSD50K,train,207523,207523.wav,"Coin_(dropping),Domestic_sounds_and_home_sounds",,,,diversity,fsd50k:207523,glass_breaking,0.899202287197113,other_candidate__fsd50k__train__207523__0730.wav,1.160000,3.000
train,other__fsd50k__train__234588__hard3s.wav,other,metallic_fragile,FSD50K,train,234588,234588.wav,"Dishes_and_pots_and_pans,Domestic_sounds_and_home_sounds",,,,diversity,fsd50k:234588,glass_breaking,0.9731271266937256,other_candidate__fsd50k__train__234588__0734.wav,0.000000,3.000
train,other__fsd50k__train__405699__hard3s.wav,other,metallic_fragile,FSD50K,train,405699,405699.wav,"Keys_jangling,Domestic_sounds_and_home_sounds",,,,diversity,fsd50k:405699,glass_breaking,0.9523369073867798,other_candidate__fsd50k__train__405699__0831.wav,0.000000,3.000
train,other__esc50__fold_3__148932__hard3s.wav,other,metallic_fragile,ESC-50,fold_3,148932,3-148932-A-34.wav,can_opening,,,,diversity,esc-50:148932,glass_breaking,0.54143887758255,other_candidate__esc50__fold_3__148932__0724.wav,0.000000,3.000
train,other__fsd50k__train__181758__hard3s.wav,other,metallic_fragile,FSD50K,train,181758,181758.wav,"Coin_(dropping),Domestic_sounds_and_home_sounds",,,,diversity,fsd50k:181758,glass_breaking,0.7533595561981201,other_candidate__fsd50k__train__181758__0721.wav,0.000000,3.000
train,other__fsd50k__train__97509__hard3s.wav,other,metallic_fragile,FSD50K,train,97509,97509.wav,"Dishes_and_pots_and_pans,Domestic_sounds_and_home_sounds",,,,diversity,fsd50k:97509,glass_breaking,0.7886224985122681,other_candidate__fsd50k__train__97509__0791.wav,0.000000,3.000
train,other__fsd50k__train__12826__hard3s.wav,other,metallic_fragile,FSD50K,train,12826,12826.wav,"Cutlery_and_silverware,Domestic_sounds_and_home_sounds",,,,diversity,fsd50k:12826,glass_breaking,0.9751424193382263,other_candidate__fsd50k__train__12826__0905.wav,0.000000,3.000
train,other__fsd50k__train__326795__hard3s.wav,other,metallic_fragile,FSD50K,train,326795,326795.wav,"Cutlery_and_silverware,Domestic_sounds_and_home_sounds",,,,diversity,fsd50k:326795,glass_breaking,0.8002387285232544,other_candidate__fsd50k__train__326795__0927.wav,0.000000,3.000
train,other__esc50__fold_1__27405__hard3s.wav,other,human_non_speech,ESC-50,fold_1,27405,1-27405-A-28.wav,snoring,,,,hard_negative,esc-50:27405,dog_bark,0.9013032913208008,other_candidate__esc50__fold_1__27405__1069.wav,0.000000,3.000
train,other__fsd50k__train__244243__hard3s.wav,other,human_non_speech,FSD50K,train,244243,244243.wav,Chewing_and_mastication,,,,hard_negative,fsd50k:244243,glass_breaking,0.9621796011924744,other_candidate__fsd50k__train__244243__1131.wav,0.440000,3.000
train,other__fsd50k__train__9661__hard3s.wav,other,human_non_speech,FSD50K,train,9661,9661.wav,"Sigh,Human_voice",,,,hard_negative,fsd50k:9661,gunshot_gunfire,0.6632146239280701,other_candidate__fsd50k__train__9661__1000.wav,0.000000,3.000
train,other__fsd50k__train__166275__hard3s.wav,other,human_non_speech,FSD50K,train,166275,166275.wav,Walk_and_footsteps,,,,hard_negative,fsd50k:166275,siren,0.977200448513031,other_candidate__fsd50k__train__166275__1062.wav,5.480000,3.000
train,other__fsd50k__train__142603__hard3s.wav,other,human_non_speech,FSD50K,train,142603,142603.wav,"Cough,Respiratory_sounds",,,,hard_negative,fsd50k:142603,speech,0.998954176902771,other_candidate__fsd50k__train__142603__1144.wav,0.000000,3.000
train,other__fsd50k__train__75270__hard3s.wav,other,human_non_speech,FSD50K,train,75270,75270.wav,Walk_and_footsteps,,,,hard_negative,fsd50k:75270,thunderstorm,0.8904423713684082,other_candidate__fsd50k__train__75270__0967.wav,4.930499,3.000
train,other__fsd50k__train__216228__hard3s.wav,other,human_non_speech,FSD50K,train,216228,216228.wav,Burping_and_eructation,,,,hard_negative,fsd50k:216228,dog_bark,0.7961910963058472,other_candidate__fsd50k__train__216228__1073.wav,0.000000,3.000
train,other__fsd50k__train__72732__hard3s.wav,other,human_non_speech,FSD50K,train,72732,72732.wav,Chewing_and_mastication,,,,hard_negative,fsd50k:72732,glass_breaking,0.9610278010368347,other_candidate__fsd50k__train__72732__0966.wav,0.000000,3.000
train,other__fsd50k__train__421141__hard3s.wav,other,human_non_speech,FSD50K,train,421141,421141.wav,Walk_and_footsteps,,,,hard_negative,fsd50k:421141,gunshot_gunfire,0.5417208671569824,other_candidate__fsd50k__train__421141__1030.wav,0.000000,3.000
train,other__fsd50k__train__432467__hard3s.wav,other,human_non_speech,FSD50K,train,432467,432467.wav,Walk_and_footsteps,,,,hard_negative,fsd50k:432467,siren,0.9592471718788147,other_candidate__fsd50k__train__432467__1175.wav,3.703696,3.000
train,other__fsd50k__train__390361__hard3s.wav,other,human_non_speech,FSD50K,train,390361,390361.wav,"Cough,Respiratory_sounds",,,,hard_negative,fsd50k:390361,speech,0.9989330172538757,other_candidate__fsd50k__train__390361__1180.wav,0.000000,3.000
train,other__esc50__fold_2__84965__hard3s.wav,other,human_non_speech,ESC-50,fold_2,84965,2-84965-A-23.wav,breathing,,,,hard_negative,esc-50:84965,thunderstorm,0.7576982378959656,other_candidate__esc50__fold_2__84965__1042.wav,0.000000,3.000
train,other__fsd50k__train__333399__hard3s.wav,other,human_non_speech,FSD50K,train,333399,333399.wav,"Gasp,Breathing,Respiratory_sounds",,,,hard_negative,fsd50k:333399,dog_bark,0.7791485786437988,other_candidate__fsd50k__train__333399__1008.wav,0.000000,3.000
train,other__fsd50k__train__166304__hard3s.wav,other,human_non_speech,FSD50K,train,166304,166304.wav,Walk_and_footsteps,,,,hard_negative,fsd50k:166304,glass_breaking,0.9443824887275696,other_candidate__fsd50k__train__166304__1140.wav,0.000000,3.000
train,other__fsd50k__train__166510__hard3s.wav,other,human_non_speech,FSD50K,train,166510,166510.wav,Walk_and_footsteps,,,,hard_negative,fsd50k:166510,gunshot_gunfire,0.5319420099258423,other_candidate__fsd50k__train__166510__1017.wav,0.000000,3.000
train,other__fsd50k__train__241493__hard3s.wav,other,human_non_speech,FSD50K,train,241493,241493.wav,"Laughter,Human_voice",,,,hard_negative,fsd50k:241493,siren,0.6682417392730713,other_candidate__fsd50k__train__241493__0964.wav,0.000000,3.000
train,other__fsd50k__train__252236__hard3s.wav,other,human_non_speech,FSD50K,train,252236,252236.wav,"Breathing,Respiratory_sounds",,,,hard_negative,fsd50k:252236,speech,0.9983636736869812,other_candidate__fsd50k__train__252236__1198.wav,0.000000,3.000
train,other__fsd50k__train__94367__hard3s.wav,other,human_non_speech,FSD50K,train,94367,94367.wav,Walk_and_footsteps,,,,hard_negative,fsd50k:94367,thunderstorm,0.747894823551178,other_candidate__fsd50k__train__94367__1149.wav,0.000000,3.000
train,other__fsd50k__train__382906__hard3s.wav,other,human_non_speech,FSD50K,train,382906,382906.wav,"Laughter,Human_voice",,,,hard_negative,fsd50k:382906,dog_bark,0.7678937315940857,other_candidate__fsd50k__train__382906__1121.wav,0.000000,3.000
train,other__fsd50k__train__117254__hard3s.wav,other,human_non_speech,FSD50K,train,117254,117254.wav,Chewing_and_mastication,,,,hard_negative,fsd50k:117254,glass_breaking,0.9265971183776855,other_candidate__fsd50k__train__117254__1082.wav,0.000000,3.000
train,other__fsd50k__train__269864__hard3s.wav,other,human_non_speech,FSD50K,train,269864,269864.wav,Walk_and_footsteps,,,,hard_negative,fsd50k:269864,gunshot_gunfire,0.41532570123672485,other_candidate__fsd50k__train__269864__1022.wav,0.000000,3.000
train,other__fsd50k__train__202301__hard3s.wav,other,human_non_speech,FSD50K,train,202301,202301.wav,"Giggle,Laughter,Human_voice",,,,hard_negative,fsd50k:202301,siren,0.5450979471206665,other_candidate__fsd50k__train__202301__1005.wav,0.000000,3.000
train,other__fsd50k__train__51136__hard3s.wav,other,human_non_speech,FSD50K,train,51136,51136.wav,"Cough,Respiratory_sounds",,,,hard_negative,fsd50k:51136,speech,0.9983519315719604,other_candidate__fsd50k__train__51136__1061.wav,1.160000,3.000
train,other__fsd50k__train__195457__hard3s.wav,other,human_non_speech,FSD50K,train,195457,195457.wav,Walk_and_footsteps,,,,hard_negative,fsd50k:195457,thunderstorm,0.7380533814430237,other_candidate__fsd50k__train__195457__1197.wav,6.200000,3.000
train,other__fsd50k__train__101176__hard3s.wav,other,human_non_speech,FSD50K,train,101176,101176.wav,Burping_and_eructation,,,,hard_negative,fsd50k:101176,dog_bark,0.7652246356010437,other_candidate__fsd50k__train__101176__1108.wav,0.000000,3.000
train,other__fsd50k__train__365011__hard3s.wav,other,human_non_speech,FSD50K,train,365011,365011.wav,Walk_and_footsteps,,,,hard_negative,fsd50k:365011,glass_breaking,0.9230726957321167,other_candidate__fsd50k__train__365011__1182.wav,4.040000,3.000
train,other__fsd50k__train__45577__hard3s.wav,other,human_non_speech,FSD50K,train,45577,45577.wav,"Cough,Respiratory_sounds",,,,hard_negative,fsd50k:45577,speech,0.9981313347816467,other_candidate__fsd50k__train__45577__1068.wav,0.440000,3.000
train,other__fsd50k__train__321980__hard3s.wav,other,human_non_speech,FSD50K,train,321980,321980.wav,Walk_and_footsteps,,,,hard_negative,fsd50k:321980,thunderstorm,0.7171614170074463,other_candidate__fsd50k__train__321980__1092.wav,0.440000,3.000
train,other__fsd50k__train__391176__hard3s.wav,other,human_non_speech,FSD50K,train,391176,391176.wav,"Breathing,Respiratory_sounds",,,,hard_negative,fsd50k:391176,dog_bark,0.7305610775947571,other_candidate__fsd50k__train__391176__1097.wav,0.000000,3.000
train,other__fsd50k__train__324767__hard3s.wav,other,human_non_speech,FSD50K,train,324767,324767.wav,Chewing_and_mastication,,,,hard_negative,fsd50k:324767,glass_breaking,0.9139253497123718,other_candidate__fsd50k__train__324767__0968.wav,2.600000,3.000
train,other__fsd50k__train__101174__hard3s.wav,other,human_non_speech,FSD50K,train,101174,101174.wav,Burping_and_eructation,,,,hard_negative,fsd50k:101174,speech,0.9980543851852417,other_candidate__fsd50k__train__101174__1090.wav,0.000000,3.000
train,other__fsd50k__train__321847__hard3s.wav,other,human_non_speech,FSD50K,train,321847,321847.wav,Walk_and_footsteps,,,,hard_negative,fsd50k:321847,thunderstorm,0.6912733912467957,other_candidate__fsd50k__train__321847__1134.wav,6.766916,3.000
train,other__fsd50k__train__252785__hard3s.wav,other,human_non_speech,FSD50K,train,252785,252785.wav,"Laughter,Human_voice",,,,hard_negative,fsd50k:252785,dog_bark,0.7029314637184143,other_candidate__fsd50k__train__252785__1026.wav,0.000000,3.000
train,other__fsd50k__train__393775__hard3s.wav,other,human_non_speech,FSD50K,train,393775,393775.wav,Chewing_and_mastication,,,,hard_negative,fsd50k:393775,glass_breaking,0.9058840870857239,other_candidate__fsd50k__train__393775__0960.wav,7.640000,3.000
train,other__fsd50k__train__45575__hard3s.wav,other,human_non_speech,FSD50K,train,45575,45575.wav,"Cough,Respiratory_sounds",,,,hard_negative,fsd50k:45575,speech,0.9980056881904602,other_candidate__fsd50k__train__45575__1110.wav,1.880000,3.000
train,other__fsd50k__train__239573__hard3s.wav,other,human_non_speech,FSD50K,train,239573,239573.wav,"Laughter,Human_voice",,,,hard_negative,fsd50k:239573,thunderstorm,0.6825189590454102,other_candidate__fsd50k__train__239573__1078.wav,0.000000,3.000
train,other__fsd50k__train__35534__hard3s.wav,other,human_non_speech,FSD50K,train,35534,35534.wav,Walk_and_footsteps,,,,hard_negative,fsd50k:35534,dog_bark,0.6967675685882568,other_candidate__fsd50k__train__35534__1190.wav,5.480000,3.000
train,other__fsd50k__train__275015__hard3s.wav,other,human_non_speech,FSD50K,train,275015,275015.wav,Chewing_and_mastication,,,,hard_negative,fsd50k:275015,glass_breaking,0.9023891091346741,other_candidate__fsd50k__train__275015__1174.wav,0.000000,3.000
train,other__fsd50k__train__207327__hard3s.wav,other,human_non_speech,FSD50K,train,207327,207327.wav,"Laughter,Human_voice",,,,hard_negative,fsd50k:207327,speech,0.9978613257408142,other_candidate__fsd50k__train__207327__0973.wav,4.040000,3.000
train,other__fsd50k__train__388509__hard3s.wav,other,human_non_speech,FSD50K,train,388509,388509.wav,Walk_and_footsteps,,,,hard_negative,fsd50k:388509,thunderstorm,0.6732460260391235,other_candidate__fsd50k__train__388509__0984.wav,1.880000,3.000
train,other__fsd50k__train__323693__hard3s.wav,other,human_non_speech,FSD50K,train,323693,323693.wav,"Human_voice,Cough,Respiratory_sounds",,,,hard_negative,fsd50k:323693,dog_bark,0.6218735575675964,other_candidate__fsd50k__train__323693__1070.wav,0.000000,3.000
train,other__fsd50k__train__180043__hard3s.wav,other,human_non_speech,FSD50K,train,180043,180043.wav,"Cough,Respiratory_sounds",,,,hard_negative,fsd50k:180043,glass_breaking,0.9000577926635742,other_candidate__fsd50k__train__180043__1153.wav,5.480000,3.000
train,other__fsd50k__train__240373__hard3s.wav,other,human_non_speech,FSD50K,train,240373,240373.wav,"Cough,Respiratory_sounds",,,,hard_negative,fsd50k:240373,speech,0.9974116683006287,other_candidate__fsd50k__train__240373__0981.wav,0.000000,3.000
train,other__fsd50k__train__360423__hard3s.wav,other,human_non_speech,FSD50K,train,360423,360423.wav,"Breathing,Respiratory_sounds",,,,hard_negative,fsd50k:360423,thunderstorm,0.6028904318809509,other_candidate__fsd50k__train__360423__1003.wav,4.040000,3.000
train,other__fsd50k__train__235792__hard3s.wav,other,human_non_speech,FSD50K,train,235792,235792.wav,"Breathing,Respiratory_sounds",,,,hard_negative,fsd50k:235792,dog_bark,0.579974889755249,other_candidate__fsd50k__train__235792__1177.wav,0.000000,3.000
train,other__fsd50k__train__196073__hard3s.wav,other,human_non_speech,FSD50K,train,196073,196073.wav,"Laughter,Human_voice",,,,diversity,fsd50k:196073,speech,0.9664881825447083,other_candidate__fsd50k__train__196073__1071.wav,0.000000,3.000
train,other__fsd50k__train__344632__hard3s.wav,other,human_non_speech,FSD50K,train,344632,344632.wav,"Cough,Respiratory_sounds",,,,diversity,fsd50k:344632,speech,0.9959458708763123,other_candidate__fsd50k__train__344632__1122.wav,1.880000,3.000
train,other__fsd50k__train__337001__hard3s.wav,other,human_non_speech,FSD50K,train,337001,337001.wav,"Laughter,Human_voice",,,,diversity,fsd50k:337001,speech,0.9721755385398865,other_candidate__fsd50k__train__337001__0980.wav,4.190000,3.000
train,other__esc50__fold_2__98676__hard3s.wav,other,human_non_speech,ESC-50,fold_2,98676,2-98676-A-24.wav,coughing,,,,diversity,esc-50:98676,speech,0.6638991832733154,other_candidate__esc50__fold_2__98676__1161.wav,0.000000,3.000
train,other__fsd50k__train__196086__hard3s.wav,other,human_non_speech,FSD50K,train,196086,196086.wav,"Laughter,Human_voice",,,,diversity,fsd50k:196086,speech,0.9068943858146667,other_candidate__fsd50k__train__196086__1046.wav,0.000000,3.000
train,other__fsd50k__train__399753__hard3s.wav,other,human_non_speech,FSD50K,train,399753,399753.wav,Burping_and_eructation,,,,diversity,fsd50k:399753,speech,0.8015684485435486,other_candidate__fsd50k__train__399753__1170.wav,0.000000,3.000
train,other__fsd50k__train__156839__hard3s.wav,other,human_non_speech,FSD50K,train,156839,156839.wav,Burping_and_eructation,,,,diversity,fsd50k:156839,speech,0.6509326696395874,other_candidate__fsd50k__train__156839__1024.wav,0.000000,3.000
train,other__fsd50k__train__276615__hard3s.wav,other,human_non_speech,FSD50K,train,276615,276615.wav,"Sneeze,Respiratory_sounds",,,,diversity,fsd50k:276615,speech,0.9920446872711182,other_candidate__fsd50k__train__276615__1138.wav,1.880000,3.000
train,other__fsd50k__train__101151__hard3s.wav,other,human_non_speech,FSD50K,train,101151,101151.wav,Burping_and_eructation,,,,diversity,fsd50k:101151,speech,0.9963871240615845,other_candidate__fsd50k__train__101151__1160.wav,0.000000,3.000
train,other__fsd50k__train__272563__hard3s.wav,other,human_non_speech,FSD50K,train,272563,272563.wav,Walk_and_footsteps,,,,diversity,fsd50k:272563,speech,0.7559754252433777,other_candidate__fsd50k__train__272563__1193.wav,6.200000,3.000
train,other__fsd50k__train__216223__hard3s.wav,other,human_non_speech,FSD50K,train,216223,216223.wav,Burping_and_eructation,,,,diversity,fsd50k:216223,speech,0.8051843047142029,other_candidate__fsd50k__train__216223__1051.wav,0.000000,3.000
train,other__fsd50k__train__31153__hard3s.wav,other,human_non_speech,FSD50K,train,31153,31153.wav,Walk_and_footsteps,,,,diversity,fsd50k:31153,thunderstorm,0.5005048513412476,other_candidate__fsd50k__train__31153__0985.wav,4.760000,3.000
train,other__fsd50k__train__61356__hard3s.wav,other,human_non_speech,FSD50K,train,61356,61356.wav,Burping_and_eructation,,,,diversity,fsd50k:61356,speech,0.982889711856842,other_candidate__fsd50k__train__61356__0972.wav,0.000000,3.000
train,other__fsd50k__train__109625__hard3s.wav,other,human_non_speech,FSD50K,train,109625,109625.wav,"Laughter,Human_voice",,,,diversity,fsd50k:109625,speech,0.9903055429458618,other_candidate__fsd50k__train__109625__1195.wav,2.600000,3.000
train,other__fsd50k__train__169844__hard3s.wav,other,human_non_speech,FSD50K,train,169844,169844.wav,"Breathing,Respiratory_sounds",,,,diversity,fsd50k:169844,speech,0.863841712474823,other_candidate__fsd50k__train__169844__1002.wav,0.000000,3.000
train,other__fsd50k__train__343991__hard3s.wav,other,human_non_speech,FSD50K,train,343991,343991.wav,"Giggle,Laughter,Human_voice",,,,diversity,fsd50k:343991,speech,0.9661573171615601,other_candidate__fsd50k__train__343991__1096.wav,0.000000,3.000
train,other__fsd50k__train__270498__hard3s.wav,other,human_non_speech,FSD50K,train,270498,270498.wav,"Breathing,Respiratory_sounds",,,,diversity,fsd50k:270498,speech,0.7230783104896545,other_candidate__fsd50k__train__270498__1095.wav,0.000000,3.000
train,other__fsd50k__train__8157__hard3s.wav,other,human_non_speech,FSD50K,train,8157,8157.wav,"Laughter,Human_voice",,,,diversity,fsd50k:8157,speech,0.9919909834861755,other_candidate__fsd50k__train__8157__1048.wav,1.880000,3.000
train,other__fsd50k__train__60782__hard3s.wav,other,human_non_speech,FSD50K,train,60782,60782.wav,"Crowd,Laughter,Human_group_actions,Human_voice",,,,diversity,fsd50k:60782,speech,0.957426905632019,other_candidate__fsd50k__train__60782__1006.wav,1.160000,3.000
train,other__fsd50k__train__334052__hard3s.wav,other,human_non_speech,FSD50K,train,334052,334052.wav,"Human_voice,Cough,Respiratory_sounds",,,,diversity,fsd50k:334052,speech,0.8389943838119507,other_candidate__fsd50k__train__334052__1127.wav,0.000000,3.000
train,other__fsd50k__train__124792__hard3s.wav,other,human_non_speech,FSD50K,train,124792,124792.wav,"Sigh,Breathing,Respiratory_sounds,Human_voice",,,,diversity,fsd50k:124792,speech,0.917489767074585,other_candidate__fsd50k__train__124792__1106.wav,0.000000,3.000
train,other__fsd50k__train__179405__hard3s.wav,other,human_non_speech,FSD50K,train,179405,179405.wav,"Breathing,Respiratory_sounds",,,,diversity,fsd50k:179405,speech,0.9128844141960144,other_candidate__fsd50k__train__179405__1148.wav,6.200000,3.000
train,other__fsd50k__train__180040__hard3s.wav,other,human_non_speech,FSD50K,train,180040,180040.wav,"Cough,Respiratory_sounds",,,,diversity,fsd50k:180040,speech,0.991578221321106,other_candidate__fsd50k__train__180040__1181.wav,1.880000,3.000
train,other__fsd50k__train__215367__hard3s.wav,other,human_non_speech,FSD50K,train,215367,215367.wav,Burping_and_eructation,,,,diversity,fsd50k:215367,dog_bark,0.4043431580066681,other_candidate__fsd50k__train__215367__1038.wav,0.000000,3.000
train,other__fsd50k__train__262980__hard3s.wav,other,human_non_speech,FSD50K,train,262980,262980.wav,"Laughter,Human_voice",,,,diversity,fsd50k:262980,speech,0.9844180345535278,other_candidate__fsd50k__train__262980__1137.wav,3.320000,3.000
train,other__fsd50k__train__322449__hard3s.wav,other,animal_non_target,FSD50K,train,322449,322449.wav,"Livestock_and_farm_animals_and_working_animals,Animal",,,,hard_negative,fsd50k:322449,dog_bark,0.9932436347007751,other_candidate__fsd50k__train__322449__1399.wav,0.000000,3.000
train,other__fsd50k__train__173913__hard3s.wav,other,animal_non_target,FSD50K,train,173913,173913.wav,"Bird,Wild_animals,Animal",,,,hard_negative,fsd50k:173913,glass_breaking,0.9515177607536316,other_candidate__fsd50k__train__173913__1225.wav,0.000000,3.000
train,other__fsd50k__train__85535__hard3s.wav,other,animal_non_target,FSD50K,train,85535,85535.wav,"Fowl,Livestock_and_farm_animals_and_working_animals,Animal",,,,hard_negative,fsd50k:85535,gunshot_gunfire,0.9176801443099976,other_candidate__fsd50k__train__85535__1299.wav,1.880000,3.000
train,other__esc50__fold_3__160993__hard3s.wav,other,animal_non_target,ESC-50,fold_3,160993,3-160993-A-3.wav,cow,,,,hard_negative,esc-50:160993,siren,0.9969797730445862,other_candidate__esc50__fold_3__160993__1335.wav,0.000000,3.000
train,other__fsd50k__train__332979__hard3s.wav,other,animal_non_target,FSD50K,train,332979,332979.wav,"Meow,Cat,Domestic_animals_and_pets,Animal",,,,hard_negative,fsd50k:332979,speech,0.9852049350738525,other_candidate__fsd50k__train__332979__1417.wav,0.000000,3.000
train,other__fsd50k__train__376392__hard3s.wav,other,animal_non_target,FSD50K,train,376392,376392.wav,"Purr,Cat,Domestic_animals_and_pets,Animal",,,,hard_negative,fsd50k:376392,thunderstorm,0.9766333103179932,other_candidate__fsd50k__train__376392__1232.wav,0.000000,3.000
train,other__fsd50k__train__57791__hard3s.wav,other,animal_non_target,FSD50K,train,57791,57791.wav,"Livestock_and_farm_animals_and_working_animals,Animal",,,,hard_negative,fsd50k:57791,dog_bark,0.9816245436668396,other_candidate__fsd50k__train__57791__1281.wav,0.000000,3.000
train,other__fsd50k__train__17302__hard3s.wav,other,animal_non_target,FSD50K,train,17302,17302.wav,"Livestock_and_farm_animals_and_working_animals,Animal",,,,hard_negative,fsd50k:17302,glass_breaking,0.8834627866744995,other_candidate__fsd50k__train__17302__1339.wav,4.760000,3.000
train,other__fsd50k__train__379087__hard3s.wav,other,animal_non_target,FSD50K,train,379087,379087.wav,"Gull_and_seagull,Bird,Wild_animals,Animal",,,,hard_negative,fsd50k:379087,gunshot_gunfire,0.8244114518165588,other_candidate__fsd50k__train__379087__1394.wav,4.760000,3.000
train,other__fsd50k__train__164485__hard3s.wav,other,animal_non_target,FSD50K,train,164485,164485.wav,"Cricket,Insect,Wild_animals,Animal",,,,hard_negative,fsd50k:164485,siren,0.9776859283447266,other_candidate__fsd50k__train__164485__1243.wav,0.000000,3.000
train,other__fsd50k__train__180699__hard3s.wav,other,animal_non_target,FSD50K,train,180699,180699.wav,"Cat,Domestic_animals_and_pets,Animal",,,,hard_negative,fsd50k:180699,speech,0.9714745283126831,other_candidate__fsd50k__train__180699__1305.wav,4.760000,3.000
train,other__fsd50k__train__28327__hard3s.wav,other,animal_non_target,FSD50K,train,28327,28327.wav,"Bird_vocalization_and_bird_call_and_bird_song,Bird,Wild_animals,Animal",,,,hard_negative,fsd50k:28327,thunderstorm,0.9571859240531921,other_candidate__fsd50k__train__28327__1427.wav,0.000000,3.000
train,other__fsd50k__train__54058__hard3s.wav,other,animal_non_target,FSD50K,train,54058,54058.wav,"Meow,Animal,Cat,Domestic_animals_and_pets",,,,hard_negative,fsd50k:54058,dog_bark,0.9544104337692261,other_candidate__fsd50k__train__54058__1357.wav,0.000000,3.000
train,other__fsd50k__train__132990__hard3s.wav,other,animal_non_target,FSD50K,train,132990,132990.wav,"Bird,Wild_animals,Animal",,,,hard_negative,fsd50k:132990,glass_breaking,0.8115532398223877,other_candidate__fsd50k__train__132990__1259.wav,0.000000,3.000
train,other__fsd50k__train__405500__hard3s.wav,other,animal_non_target,FSD50K,train,405500,405500.wav,"Bird,Fowl,Wild_animals,Animal,Livestock_and_farm_animals_and_working_animals",,,,hard_negative,fsd50k:405500,gunshot_gunfire,0.8120449781417847,other_candidate__fsd50k__train__405500__1409.wav,0.000000,3.000
train,other__fsd50k__train__59186__hard3s.wav,other,animal_non_target,FSD50K,train,59186,59186.wav,"Bird,Wild_animals,Animal",,,,hard_negative,fsd50k:59186,siren,0.968411922454834,other_candidate__fsd50k__train__59186__1373.wav,0.000000,3.000
train,other__fsd50k__train__273911__hard3s.wav,other,animal_non_target,FSD50K,train,273911,273911.wav,"Livestock_and_farm_animals_and_working_animals,Animal",,,,hard_negative,fsd50k:273911,speech,0.9669609665870667,other_candidate__fsd50k__train__273911__1322.wav,4.760000,3.000
train,other__fsd50k__train__386869__hard3s.wav,other,animal_non_target,FSD50K,train,386869,386869.wav,"Bird,Wild_animals,Animal",,,,hard_negative,fsd50k:386869,thunderstorm,0.9557106494903564,other_candidate__fsd50k__train__386869__1241.wav,3.320000,3.000
train,other__fsd50k__train__200336__hard3s.wav,other,animal_non_target,FSD50K,train,200336,200336.wav,"Cat,Domestic_animals_and_pets,Animal",,,,hard_negative,fsd50k:200336,dog_bark,0.9520084261894226,other_candidate__fsd50k__train__200336__1324.wav,3.320000,3.000
train,other__fsd50k__train__240476__hard3s.wav,other,animal_non_target,FSD50K,train,240476,240476.wav,"Bird,Wild_animals,Animal",,,,hard_negative,fsd50k:240476,glass_breaking,0.7764901518821716,other_candidate__fsd50k__train__240476__1250.wav,0.000000,3.000
train,other__fsd50k__train__321696__hard3s.wav,other,animal_non_target,FSD50K,train,321696,321696.wav,"Livestock_and_farm_animals_and_working_animals,Animal",,,,hard_negative,fsd50k:321696,gunshot_gunfire,0.7732965350151062,other_candidate__fsd50k__train__321696__1265.wav,0.000000,3.000
train,other__fsd50k__train__429150__hard3s.wav,other,animal_non_target,FSD50K,train,429150,429150.wav,"Bird,Wild_animals,Animal",,,,hard_negative,fsd50k:429150,siren,0.9613558053970337,other_candidate__fsd50k__train__429150__1377.wav,7.640000,3.000
train,other__fsd50k__train__211691__hard3s.wav,other,animal_non_target,FSD50K,train,211691,211691.wav,"Meow,Cat,Domestic_animals_and_pets,Animal",,,,hard_negative,fsd50k:211691,speech,0.9665202498435974,other_candidate__fsd50k__train__211691__1321.wav,0.000000,3.000
train,other__fsd50k__train__321692__hard3s.wav,other,animal_non_target,FSD50K,train,321692,321692.wav,"Livestock_and_farm_animals_and_working_animals,Animal",,,,hard_negative,fsd50k:321692,thunderstorm,0.9431011080741882,other_candidate__fsd50k__train__321692__1415.wav,4.760000,3.000
train,other__fsd50k__train__318092__hard3s.wav,other,animal_non_target,FSD50K,train,318092,318092.wav,"Bird,Wild_animals,Animal",,,,hard_negative,fsd50k:318092,dog_bark,0.9510910511016846,other_candidate__fsd50k__train__318092__1240.wav,6.920000,3.000
train,other__fsd50k__train__27973__hard3s.wav,other,animal_non_target,FSD50K,train,27973,27973.wav,"Chirp_and_tweet,Bird_vocalization_and_bird_call_and_bird_song,Bird,Wild_animals,Animal",,,,hard_negative,fsd50k:27973,glass_breaking,0.7463535666465759,other_candidate__fsd50k__train__27973__1230.wav,4.040000,3.000
train,other__fsd50k__train__125638__hard3s.wav,other,animal_non_target,FSD50K,train,125638,125638.wav,"Insect,Wild_animals,Animal",,,,hard_negative,fsd50k:125638,gunshot_gunfire,0.5380372405052185,other_candidate__fsd50k__train__125638__1304.wav,0.000000,3.000
train,other__fsd50k__train__38111__hard3s.wav,other,animal_non_target,FSD50K,train,38111,38111.wav,"Cricket,Insect,Wild_animals,Animal",,,,hard_negative,fsd50k:38111,siren,0.9577785730361938,other_candidate__fsd50k__train__38111__1343.wav,0.440000,3.000
train,other__fsd50k__train__213143__hard3s.wav,other,animal_non_target,FSD50K,train,213143,213143.wav,"Crow,Bird,Wild_animals,Animal",,,,hard_negative,fsd50k:213143,speech,0.9633145928382874,other_candidate__fsd50k__train__213143__1325.wav,1.160000,3.000
train,other__fsd50k__train__71201__hard3s.wav,other,animal_non_target,FSD50K,train,71201,71201.wav,"Bird_vocalization_and_bird_call_and_bird_song,Bird,Wild_animals,Animal",,,,hard_negative,fsd50k:71201,thunderstorm,0.9374595284461975,other_candidate__fsd50k__train__71201__1431.wav,4.040000,3.000
train,other__fsd50k__train__202595__hard3s.wav,other,animal_non_target,FSD50K,train,202595,202595.wav,"Bird,Wild_animals,Animal",,,,hard_negative,fsd50k:202595,dog_bark,0.9508382678031921,other_candidate__fsd50k__train__202595__1233.wav,0.440000,3.000
train,other__fsd50k__train__164475__hard3s.wav,other,animal_non_target,FSD50K,train,164475,164475.wav,"Bird,Wild_animals,Animal",,,,hard_negative,fsd50k:164475,glass_breaking,0.7305808663368225,other_candidate__fsd50k__train__164475__1436.wav,0.935578,3.000
train,other__fsd50k__train__69080__hard3s.wav,other,animal_non_target,FSD50K,train,69080,69080.wav,"Bird_vocalization_and_bird_call_and_bird_song,Bird,Wild_animals,Animal",,,,hard_negative,fsd50k:69080,gunshot_gunfire,0.40100547671318054,other_candidate__fsd50k__train__69080__1430.wav,0.000000,3.000
train,other__fsd50k__train__386973__hard3s.wav,other,animal_non_target,FSD50K,train,386973,386973.wav,"Bird,Wild_animals,Animal",,,,hard_negative,fsd50k:386973,siren,0.9493995904922485,other_candidate__fsd50k__train__386973__1275.wav,4.040000,3.000
train,other__fsd50k__train__13563__hard3s.wav,other,animal_non_target,FSD50K,train,13563,13563.wav,"Frog,Wild_animals,Animal",,,,hard_negative,fsd50k:13563,speech,0.9477998614311218,other_candidate__fsd50k__train__13563__1326.wav,1.880000,3.000
train,other__fsd50k__train__33257__hard3s.wav,other,animal_non_target,FSD50K,train,33257,33257.wav,"Bird_vocalization_and_bird_call_and_bird_song,Bird,Wild_animals,Animal",,,,hard_negative,fsd50k:33257,thunderstorm,0.9374358057975769,other_candidate__fsd50k__train__33257__1366.wav,3.320000,3.000
train,other__fsd50k__train__20418__hard3s.wav,other,animal_non_target,FSD50K,train,20418,20418.wav,"Gull_and_seagull,Rain,Bird_vocalization_and_bird_call_and_bird_song,Water,Bird,Wild_animals,Animal",,,,hard_negative,fsd50k:20418,dog_bark,0.9089088439941406,other_candidate__fsd50k__train__20418__1222.wav,0.440000,3.000
train,other__fsd50k__train__243682__hard3s.wav,other,animal_non_target,FSD50K,train,243682,243682.wav,"Cricket,Insect,Wild_animals,Animal",,,,hard_negative,fsd50k:243682,glass_breaking,0.6741952300071716,other_candidate__fsd50k__train__243682__1279.wav,1.880000,3.000
train,other__fsd50k__train__49142__hard3s.wav,other,animal_non_target,FSD50K,train,49142,49142.wav,"Buzz,Bird,Insect,Wild_animals,Animal",,,,hard_negative,fsd50k:49142,siren,0.9204674363136292,other_candidate__fsd50k__train__49142__1258.wav,5.480000,3.000
train,other__esc50__fold_3__146965__hard3s.wav,other,animal_non_target,ESC-50,fold_3,146965,3-146965-A-5.wav,cat,,,,hard_negative,esc-50:146965,speech,0.9400187730789185,other_candidate__esc50__fold_3__146965__1203.wav,0.000000,3.000
train,other__fsd50k__train__388973__hard3s.wav,other,animal_non_target,FSD50K,train,388973,388973.wav,"Bird,Wild_animals,Animal",,,,hard_negative,fsd50k:388973,thunderstorm,0.927744448184967,other_candidate__fsd50k__train__388973__1251.wav,1.880000,3.000
train,other__fsd50k__train__272364__hard3s.wav,other,animal_non_target,FSD50K,train,272364,272364.wav,"Bird_vocalization_and_bird_call_and_bird_song,Bird,Wild_animals,Animal",,,,hard_negative,fsd50k:272364,dog_bark,0.898643970489502,other_candidate__fsd50k__train__272364__1298.wav,7.640000,3.000
train,other__fsd50k__train__121973__hard3s.wav,other,animal_non_target,FSD50K,train,121973,121973.wav,"Chirp_and_tweet,Bird_vocalization_and_bird_call_and_bird_song,Bird,Wild_animals,Animal",,,,hard_negative,fsd50k:121973,glass_breaking,0.6728909015655518,other_candidate__fsd50k__train__121973__1389.wav,0.000000,3.000
train,other__fsd50k__train__55152__hard3s.wav,other,animal_non_target,FSD50K,train,55152,55152.wav,"Meow,Cat,Domestic_animals_and_pets,Animal",,,,hard_negative,fsd50k:55152,siren,0.9068509340286255,other_candidate__fsd50k__train__55152__1323.wav,4.760000,3.000
train,other__fsd50k__train__60759__hard3s.wav,other,animal_non_target,FSD50K,train,60759,60759.wav,"Cricket,Human_voice,Insect,Wild_animals,Animal",,,,hard_negative,fsd50k:60759,speech,0.912013590335846,other_candidate__fsd50k__train__60759__1288.wav,0.000000,3.000
train,other__fsd50k__train__221672__hard3s.wav,other,animal_non_target,FSD50K,train,221672,221672.wav,"Bird,Wild_animals,Animal",,,,diversity,fsd50k:221672,dog_bark,0.7911582589149475,other_candidate__fsd50k__train__221672__1426.wav,0.440000,3.000
train,other__fsd50k__train__263483__hard3s.wav,other,animal_non_target,FSD50K,train,263483,263483.wav,"Crow,Bird,Wild_animals,Animal",,,,diversity,fsd50k:263483,thunderstorm,0.8642503023147583,other_candidate__fsd50k__train__263483__1224.wav,7.640000,3.000
train,other__fsd50k__train__216215__hard3s.wav,other,animal_non_target,FSD50K,train,216215,216215.wav,"Cricket,Insect,Wild_animals,Animal",,,,diversity,fsd50k:216215,glass_breaking,0.5407929420471191,other_candidate__fsd50k__train__216215__1246.wav,1.880000,3.000
train,other__fsd50k__train__105236__hard3s.wav,other,animal_non_target,FSD50K,train,105236,105236.wav,"Buzz,Insect,Wild_animals,Animal",,,,diversity,fsd50k:105236,thunderstorm,0.674210250377655,other_candidate__fsd50k__train__105236__1349.wav,1.880000,3.000
train,other__fsd50k__train__250991__hard3s.wav,other,animal_non_target,FSD50K,train,250991,250991.wav,"Chirp_and_tweet,Bird_vocalization_and_bird_call_and_bird_song,Bird,Wild_animals,Animal",,,,diversity,fsd50k:250991,thunderstorm,0.7841132283210754,other_candidate__fsd50k__train__250991__1237.wav,0.000000,3.000
train,other__fsd50k__train__146700__hard3s.wav,other,animal_non_target,FSD50K,train,146700,146700.wav,"Bird,Wild_animals,Animal",,,,diversity,fsd50k:146700,thunderstorm,0.9132882952690125,other_candidate__fsd50k__train__146700__1351.wav,4.040000,3.000
train,other__fsd50k__train__353228__hard3s.wav,other,animal_non_target,FSD50K,train,353228,353228.wav,"Chirp_and_tweet,Bird_vocalization_and_bird_call_and_bird_song,Bird,Wild_animals,Animal",,,,diversity,fsd50k:353228,siren,0.3755607604980469,other_candidate__fsd50k__train__353228__1226.wav,0.000000,3.000
train,other__fsd50k__train__361453__hard3s.wav,other,animal_non_target,FSD50K,train,361453,361453.wav,"Buzz,Insect,Wild_animals,Animal",,,,diversity,fsd50k:361453,siren,0.616772472858429,other_candidate__fsd50k__train__361453__1301.wav,5.480000,3.000
train,other__esc50__fold_3__134049__hard3s.wav,other,animal_non_target,ESC-50,fold_3,134049,3-134049-A-1.wav,rooster,,,,diversity,esc-50:134049,siren,0.5308576822280884,other_candidate__esc50__fold_3__134049__1419.wav,0.000000,3.000
train,other__fsd50k__train__232360__hard3s.wav,other,animal_non_target,FSD50K,train,232360,232360.wav,"Meow,Cat,Domestic_animals_and_pets,Animal",,,,diversity,fsd50k:232360,speech,0.8932567238807678,other_candidate__fsd50k__train__232360__1289.wav,0.000000,3.000
train,other__fsd50k__train__180733__hard3s.wav,other,animal_non_target,FSD50K,train,180733,180733.wav,"Bird_vocalization_and_bird_call_and_bird_song,Crow,Bird,Wild_animals,Animal",,,,diversity,fsd50k:180733,siren,0.708811342716217,other_candidate__fsd50k__train__180733__1345.wav,0.000000,3.000
train,other__fsd50k__train__389742__hard3s.wav,other,animal_non_target,FSD50K,train,389742,389742.wav,"Chirp_and_tweet,Bird_vocalization_and_bird_call_and_bird_song,Bird,Wild_animals,Animal",,,,diversity,fsd50k:389742,siren,0.8234354853630066,other_candidate__fsd50k__train__389742__1208.wav,0.000000,3.000
train,other__esc50__fold_3__104761__hard3s.wav,other,animal_non_target,ESC-50,fold_3,104761,3-104761-B-7.wav,insects,,,,diversity,esc-50:104761,siren,0.8565221428871155,other_candidate__esc50__fold_3__104761__1422.wav,2.000000,3.000
train,other__fsd50k__train__23236__hard3s.wav,other,animal_non_target,FSD50K,train,23236,23236.wav,"Bird,Wild_animals,Animal",,,,diversity,fsd50k:23236,siren,0.4779895842075348,other_candidate__fsd50k__train__23236__1363.wav,0.000000,3.000
train,other__fsd50k__train__66514__hard3s.wav,other,animal_non_target,FSD50K,train,66514,66514.wav,"Meow,Cat,Domestic_animals_and_pets,Animal",,,,diversity,fsd50k:66514,siren,0.5326113700866699,other_candidate__fsd50k__train__66514__1334.wav,0.000000,3.000
train,other__fsd50k__train__32244__hard3s.wav,other,animal_non_target,FSD50K,train,32244,32244.wav,"Cricket,Insect,Wild_animals,Animal",,,,diversity,fsd50k:32244,siren,0.7628492116928101,other_candidate__fsd50k__train__32244__1387.wav,0.000000,3.000
train,other__fsd50k__train__213136__hard3s.wav,other,animal_non_target,FSD50K,train,213136,213136.wav,"Meow,Cat,Domestic_animals_and_pets,Animal",,,,diversity,fsd50k:213136,speech,0.43464624881744385,other_candidate__fsd50k__train__213136__1416.wav,0.000000,3.000
train,other__fsd50k__train__204333__hard3s.wav,other,animal_non_target,FSD50K,train,204333,204333.wav,"Fowl,Livestock_and_farm_animals_and_working_animals,Animal",,,,diversity,fsd50k:204333,speech,0.889611542224884,other_candidate__fsd50k__train__204333__1254.wav,6.200000,3.000
train,other__fsd50k__train__57796__hard3s.wav,other,animal_non_target,FSD50K,train,57796,57796.wav,"Livestock_and_farm_animals_and_working_animals,Animal",,,,diversity,fsd50k:57796,speech,0.8791795969009399,other_candidate__fsd50k__train__57796__1206.wav,0.440000,3.000
train,other__fsd50k__train__51095__hard3s.wav,other,animal_non_target,FSD50K,train,51095,51095.wav,"Chirp_and_tweet,Bird,Wild_animals,Animal,Bird_vocalization_and_bird_call_and_bird_song",,,,diversity,fsd50k:51095,thunderstorm,0.6589038968086243,other_candidate__fsd50k__train__51095__1331.wav,6.200000,3.000
train,other__fsd50k__train__32046__hard3s.wav,other,animal_non_target,FSD50K,train,32046,32046.wav,"Bird_vocalization_and_bird_call_and_bird_song,Bird,Wild_animals,Animal",,,,diversity,fsd50k:32046,thunderstorm,0.8070536851882935,other_candidate__fsd50k__train__32046__1384.wav,1.160000,3.000
train,other__fsd50k__train__233093__hard3s.wav,other,animal_non_target,FSD50K,train,233093,233093.wav,"Chicken_and_rooster,Fowl,Livestock_and_farm_animals_and_working_animals,Animal",,,,diversity,fsd50k:233093,dog_bark,0.5000193119049072,other_candidate__fsd50k__train__233093__1388.wav,0.000000,3.000
train,other__fsd50k__train__62213__hard3s.wav,other,animal_non_target,FSD50K,train,62213,62213.wav,"Meow,Cat,Domestic_animals_and_pets,Animal",,,,diversity,fsd50k:62213,speech,0.7342305183410645,other_candidate__fsd50k__train__62213__1227.wav,0.000000,3.000
train,other__fsd50k__train__403063__hard3s.wav,other,animal_non_target,FSD50K,train,403063,403063.wav,"Bird,Wild_animals,Animal",,,,diversity,fsd50k:403063,speech,0.6419758796691895,other_candidate__fsd50k__train__403063__1209.wav,0.935193,3.000
train,other__fsd50k__train__189545__hard3s.wav,other,animal_non_target,FSD50K,train,189545,189545.wav,"Bird,Wild_animals,Animal",,,,diversity,fsd50k:189545,speech,0.5620243549346924,other_candidate__fsd50k__train__189545__1381.wav,0.000000,3.000
train,other__fsd50k__train__377880__hard3s.wav,other,weather_ambient,FSD50K,train,377880,377880.wav,"Rain,Water",,,,hard_negative,fsd50k:377880,glass_breaking,0.9807400703430176,other_candidate__fsd50k__train__377880__1650.wav,5.480000,3.000
train,other__fsd50k__train__378714__hard3s.wav,other,weather_ambient,FSD50K,train,378714,378714.wav,"Waves_and_surf,Ocean,Water",,,,hard_negative,fsd50k:378714,gunshot_gunfire,0.7650184631347656,other_candidate__fsd50k__train__378714__1525.wav,2.600000,3.000
train,other__fsd50k__train__407021__hard3s.wav,other,weather_ambient,FSD50K,train,407021,407021.wav,Wind,,,,hard_negative,fsd50k:407021,siren,0.990565299987793,other_candidate__fsd50k__train__407021__1511.wav,2.600000,3.000
train,other__fsd50k__train__98781__hard3s.wav,other,weather_ambient,FSD50K,train,98781,98781.wav,"Toilet_flush,Gurgling,Domestic_sounds_and_home_sounds,Water",,,,hard_negative,fsd50k:98781,speech,0.9867129325866699,other_candidate__fsd50k__train__98781__1467.wav,5.480000,3.000
train,other__fsd50k__train__208849__hard3s.wav,other,weather_ambient,FSD50K,train,208849,208849.wav,Wind,,,,hard_negative,fsd50k:208849,thunderstorm,0.9967589974403381,other_candidate__fsd50k__train__208849__1557.wav,3.320000,3.000
train,other__fsd50k__train__273870__hard3s.wav,other,weather_ambient,FSD50K,train,273870,273870.wav,"Raindrop,Drip,Rain,Water,Liquid",,,,hard_negative,fsd50k:273870,glass_breaking,0.9624342918395996,other_candidate__fsd50k__train__273870__1589.wav,0.000000,3.000
train,other__fsd50k__train__368919__hard3s.wav,other,weather_ambient,FSD50K,train,368919,368919.wav,"Ocean,Water",,,,hard_negative,fsd50k:368919,gunshot_gunfire,0.7390734553337097,other_candidate__fsd50k__train__368919__1648.wav,1.880000,3.000
train,other__fsd50k__train__407029__hard3s.wav,other,weather_ambient,FSD50K,train,407029,407029.wav,Wind,,,,hard_negative,fsd50k:407029,siren,0.9881520867347717,other_candidate__fsd50k__train__407029__1538.wav,5.480000,3.000
train,other__fsd50k__train__100643__hard3s.wav,other,weather_ambient,FSD50K,train,100643,100643.wav,Wind,,,,hard_negative,fsd50k:100643,speech,0.8756381273269653,other_candidate__fsd50k__train__100643__1476.wav,1.880000,3.000
train,other__esc50__fold_2__82367__hard3s.wav,other,weather_ambient,ESC-50,fold_2,82367,2-82367-A-10.wav,rain,,,,hard_negative,esc-50:82367,thunderstorm,0.996260941028595,other_candidate__esc50__fold_2__82367__1458.wav,1.160000,3.000
train,other__fsd50k__train__347303__hard3s.wav,other,weather_ambient,FSD50K,train,347303,347303.wav,"Rain,Water",,,,hard_negative,fsd50k:347303,glass_breaking,0.9553273320198059,other_candidate__fsd50k__train__347303__1519.wav,3.320000,3.000
train,other__fsd50k__train__109719__hard3s.wav,other,weather_ambient,FSD50K,train,109719,109719.wav,"Rain,Water",,,,hard_negative,fsd50k:109719,gunshot_gunfire,0.5470956563949585,other_candidate__fsd50k__train__109719__1655.wav,0.000000,3.000
train,other__fsd50k__train__188572__hard3s.wav,other,weather_ambient,FSD50K,train,188572,188572.wav,Wind,,,,hard_negative,fsd50k:188572,siren,0.9847496747970581,other_candidate__fsd50k__train__188572__1578.wav,7.640000,3.000
train,other__fsd50k__train__263948__hard3s.wav,other,weather_ambient,FSD50K,train,263948,263948.wav,"Water,Liquid",,,,hard_negative,fsd50k:263948,speech,0.8522400259971619,other_candidate__fsd50k__train__263948__1593.wav,0.925351,3.000
train,other__esc50__fold_2__87781__hard3s.wav,other,weather_ambient,ESC-50,fold_2,87781,2-87781-A-10.wav,rain,,,,hard_negative,esc-50:87781,thunderstorm,0.995944082736969,other_candidate__esc50__fold_2__87781__1554.wav,0.000000,3.000
train,other__fsd50k__train__427602__hard3s.wav,other,weather_ambient,FSD50K,train,427602,427602.wav,"Rain,Water",,,,hard_negative,fsd50k:427602,glass_breaking,0.9551193714141846,other_candidate__fsd50k__train__427602__1520.wav,7.640000,3.000
train,other__fsd50k__train__53685__hard3s.wav,other,weather_ambient,FSD50K,train,53685,53685.wav,"Water,Splash_and_splatter,Liquid",,,,hard_negative,fsd50k:53685,gunshot_gunfire,0.4743608236312866,other_candidate__fsd50k__train__53685__1543.wav,0.000000,3.000
train,other__fsd50k__train__182920__hard3s.wav,other,weather_ambient,FSD50K,train,182920,182920.wav,Wind,,,,hard_negative,fsd50k:182920,siren,0.9773141741752625,other_candidate__fsd50k__train__182920__1523.wav,0.000000,3.000
train,other__fsd50k__train__153329__hard3s.wav,other,weather_ambient,FSD50K,train,153329,153329.wav,"Stream,Water",,,,hard_negative,fsd50k:153329,speech,0.8186126351356506,other_candidate__fsd50k__train__153329__1652.wav,6.920000,3.000
train,other__fsd50k__train__34067__hard3s.wav,other,weather_ambient,FSD50K,train,34067,34067.wav,"Rain,Water",,,,hard_negative,fsd50k:34067,thunderstorm,0.9959399700164795,other_candidate__fsd50k__train__34067__1560.wav,1.160000,3.000
train,other__fsd50k__train__129298__hard3s.wav,other,weather_ambient,FSD50K,train,129298,129298.wav,"Drip,Rain,Water,Liquid",,,,hard_negative,fsd50k:129298,glass_breaking,0.9271669387817383,other_candidate__fsd50k__train__129298__1607.wav,1.880000,3.000
train,other__fsd50k__train__398712__hard3s.wav,other,weather_ambient,FSD50K,train,398712,398712.wav,"Water,Splash_and_splatter,Liquid",,,,hard_negative,fsd50k:398712,gunshot_gunfire,0.4345536530017853,other_candidate__fsd50k__train__398712__1614.wav,0.000000,3.000
train,other__esc50__fold_1__91359__hard3s.wav,other,weather_ambient,ESC-50,fold_1,91359,1-91359-A-11.wav,sea_waves,,,,hard_negative,esc-50:91359,siren,0.9618263840675354,other_candidate__esc50__fold_1__91359__1579.wav,1.160000,3.000
train,other__fsd50k__train__268658__hard3s.wav,other,weather_ambient,FSD50K,train,268658,268658.wav,Water,,,,hard_negative,fsd50k:268658,speech,0.8169007301330566,other_candidate__fsd50k__train__268658__1495.wav,4.040000,3.000
train,other__esc50__fold_1__137296__hard3s.wav,other,weather_ambient,ESC-50,fold_1,137296,1-137296-A-16.wav,wind,,,,hard_negative,esc-50:137296,thunderstorm,0.9951871633529663,other_candidate__esc50__fold_1__137296__1503.wav,0.440000,3.000
train,other__fsd50k__train__179905__hard3s.wav,other,weather_ambient,FSD50K,train,179905,179905.wav,"Wind,Boat_and_Water_vehicle,Vehicle",,,,hard_negative,fsd50k:179905,glass_breaking,0.9055085182189941,other_candidate__fsd50k__train__179905__1664.wav,4.760000,3.000
train,other__fsd50k__train__50785__hard3s.wav,other,weather_ambient,FSD50K,train,50785,50785.wav,"Water,Splash_and_splatter,Liquid",,,,hard_negative,fsd50k:50785,gunshot_gunfire,0.37971240282058716,other_candidate__fsd50k__train__50785__1553.wav,0.000000,3.000
train,other__fsd50k__train__407010__hard3s.wav,other,weather_ambient,FSD50K,train,407010,407010.wav,Wind,,,,hard_negative,fsd50k:407010,siren,0.9481338858604431,other_candidate__fsd50k__train__407010__1464.wav,1.160000,3.000
train,other__fsd50k__train__337483__hard3s.wav,other,weather_ambient,FSD50K,train,337483,337483.wav,"Gurgling,Water",,,,hard_negative,fsd50k:337483,speech,0.8066778779029846,other_candidate__fsd50k__train__337483__1596.wav,3.320000,3.000
train,other__fsd50k__train__240718__hard3s.wav,other,weather_ambient,FSD50K,train,240718,240718.wav,"Rain,Water",,,,hard_negative,fsd50k:240718,thunderstorm,0.9946739673614502,other_candidate__fsd50k__train__240718__1475.wav,1.160000,3.000
train,other__fsd50k__train__420220__hard3s.wav,other,weather_ambient,FSD50K,train,420220,420220.wav,"Raindrop,Rain,Water",,,,hard_negative,fsd50k:420220,glass_breaking,0.9003220796585083,other_candidate__fsd50k__train__420220__1571.wav,0.000000,3.000
train,other__fsd50k__train__319637__hard3s.wav,other,weather_ambient,FSD50K,train,319637,319637.wav,"Fill_(with_liquid),Water,Liquid",,,,hard_negative,fsd50k:319637,gunshot_gunfire,0.28593316674232483,other_candidate__fsd50k__train__319637__1597.wav,0.000000,3.000
train,other__fsd50k__train__204347__hard3s.wav,other,weather_ambient,FSD50K,train,204347,204347.wav,Wind,,,,hard_negative,fsd50k:204347,siren,0.9381781220436096,other_candidate__fsd50k__train__204347__1534.wav,0.000000,3.000
train,other__fsd50k__train__60995__hard3s.wav,other,weather_ambient,FSD50K,train,60995,60995.wav,"Stream,Water",,,,hard_negative,fsd50k:60995,speech,0.7901849150657654,other_candidate__fsd50k__train__60995__1576.wav,0.000000,3.000
train,other__fsd50k__train__118514__hard3s.wav,other,weather_ambient,FSD50K,train,118514,118514.wav,"Rain,Water",,,,hard_negative,fsd50k:118514,thunderstorm,0.9943974018096924,other_candidate__fsd50k__train__118514__1618.wav,6.920000,3.000
train,other__esc50__fold_1__67152__hard3s.wav,other,weather_ambient,ESC-50,fold_1,67152,1-67152-A-17.wav,pouring_water,,,,hard_negative,esc-50:67152,glass_breaking,0.8932437896728516,other_candidate__esc50__fold_1__67152__1656.wav,0.000000,3.000
train,other__fsd50k__train__100035__hard3s.wav,other,weather_ambient,FSD50K,train,100035,100035.wav,Water,,,,hard_negative,fsd50k:100035,siren,0.9362367391586304,other_candidate__fsd50k__train__100035__1635.wav,2.600000,3.000
train,other__fsd50k__train__317654__hard3s.wav,other,weather_ambient,FSD50K,train,317654,317654.wav,"Gurgling,Liquid,Water",,,,hard_negative,fsd50k:317654,speech,0.7428992986679077,other_candidate__fsd50k__train__317654__1477.wav,0.000000,3.000
train,other__fsd50k__train__256862__hard3s.wav,other,weather_ambient,FSD50K,train,256862,256862.wav,Wind,,,,hard_negative,fsd50k:256862,thunderstorm,0.9923772811889648,other_candidate__fsd50k__train__256862__1544.wav,6.920000,3.000
train,other__fsd50k__train__50845__hard3s.wav,other,weather_ambient,FSD50K,train,50845,50845.wav,"Drip,Water,Liquid",,,,hard_negative,fsd50k:50845,glass_breaking,0.8878984451293945,other_candidate__fsd50k__train__50845__1628.wav,6.381043,3.000
train,other__fsd50k__train__276923__hard3s.wav,other,weather_ambient,FSD50K,train,276923,276923.wav,"Ocean,Water",,,,hard_negative,fsd50k:276923,siren,0.9259057641029358,other_candidate__fsd50k__train__276923__1443.wav,0.440000,3.000
train,other__fsd50k__train__51414__hard3s.wav,other,weather_ambient,FSD50K,train,51414,51414.wav,"Bathtub_(filling_or_washing),Gurgling,Domestic_sounds_and_home_sounds,Water",,,,hard_negative,fsd50k:51414,speech,0.7381010055541992,other_candidate__fsd50k__train__51414__1510.wav,0.000000,3.000
train,other__fsd50k__train__60127__hard3s.wav,other,weather_ambient,FSD50K,train,60127,60127.wav,"Rain,Water",,,,hard_negative,fsd50k:60127,thunderstorm,0.991844117641449,other_candidate__fsd50k__train__60127__1531.wav,3.320000,3.000
train,other__fsd50k__train__254130__hard3s.wav,other,weather_ambient,FSD50K,train,254130,254130.wav,"Ocean,Water",,,,hard_negative,fsd50k:254130,glass_breaking,0.8876743912696838,other_candidate__fsd50k__train__254130__1530.wav,1.880000,3.000
train,other__fsd50k__train__386033__hard3s.wav,other,weather_ambient,FSD50K,train,386033,386033.wav,Wind,,,,hard_negative,fsd50k:386033,siren,0.8725006580352783,other_candidate__fsd50k__train__386033__1651.wav,1.160000,3.000
train,other__fsd50k__train__59053__hard3s.wav,other,weather_ambient,FSD50K,train,59053,59053.wav,"Rain,Water",,,,diversity,fsd50k:59053,thunderstorm,0.9898508787155151,other_candidate__fsd50k__train__59053__1673.wav,6.200000,3.000
train,other__fsd50k__train__46269__hard3s.wav,other,weather_ambient,FSD50K,train,46269,46269.wav,"Raindrop,Drip,Rain,Water,Liquid",,,,diversity,fsd50k:46269,glass_breaking,0.7559510469436646,other_candidate__fsd50k__train__46269__1666.wav,0.000000,3.000
train,other__fsd50k__train__271897__hard3s.wav,other,weather_ambient,FSD50K,train,271897,271897.wav,"Stream,Water",,,,diversity,fsd50k:271897,thunderstorm,0.8967230916023254,other_candidate__fsd50k__train__271897__1504.wav,0.000000,3.000
train,other__fsd50k__train__157963__hard3s.wav,other,weather_ambient,FSD50K,train,157963,157963.wav,"Stream,Water",,,,diversity,fsd50k:157963,thunderstorm,0.9084649085998535,other_candidate__fsd50k__train__157963__1590.wav,4.760000,3.000
train,other__fsd50k__train__179907__hard3s.wav,other,weather_ambient,FSD50K,train,179907,179907.wav,Wind,,,,diversity,fsd50k:179907,thunderstorm,0.4674735963344574,other_candidate__fsd50k__train__179907__1457.wav,0.440000,3.000
train,other__fsd50k__train__319220__hard3s.wav,other,weather_ambient,FSD50K,train,319220,319220.wav,"Stream,Water",,,,diversity,fsd50k:319220,thunderstorm,0.9733868837356567,other_candidate__fsd50k__train__319220__1497.wav,7.640000,3.000
train,other__fsd50k__train__53763__hard3s.wav,other,weather_ambient,FSD50K,train,53763,53763.wav,"Water,Splash_and_splatter,Liquid",,,,diversity,fsd50k:53763,glass_breaking,0.4219359755516052,other_candidate__fsd50k__train__53763__1447.wav,0.000000,3.000
train,other__fsd50k__train__171668__hard3s.wav,other,weather_ambient,FSD50K,train,171668,171668.wav,"Stream,Water",,,,diversity,fsd50k:171668,thunderstorm,0.9312458634376526,other_candidate__fsd50k__train__171668__1513.wav,0.395578,3.000
train,other__fsd50k__train__98788__hard3s.wav,other,weather_ambient,FSD50K,train,98788,98788.wav,"Toilet_flush,Gurgling,Domestic_sounds_and_home_sounds,Water",,,,diversity,fsd50k:98788,glass_breaking,0.6261418461799622,other_candidate__fsd50k__train__98788__1489.wav,1.880000,3.000
train,other__fsd50k__train__349441__hard3s.wav,other,weather_ambient,FSD50K,train,349441,349441.wav,Water,,,,diversity,fsd50k:349441,thunderstorm,0.8811037540435791,other_candidate__fsd50k__train__349441__1536.wav,4.040000,3.000
train,other__fsd50k__train__274877__hard3s.wav,other,weather_ambient,FSD50K,train,274877,274877.wav,"Rain,Water",,,,diversity,fsd50k:274877,thunderstorm,0.9690687656402588,other_candidate__fsd50k__train__274877__1549.wav,0.440000,3.000
train,other__fsd50k__train__274005__hard3s.wav,other,weather_ambient,FSD50K,train,274005,274005.wav,"Raindrop,Drip,Rain,Water,Liquid",,,,diversity,fsd50k:274005,thunderstorm,0.2732921242713928,other_candidate__fsd50k__train__274005__1582.wav,0.000000,3.000
train,other__fsd50k__train__134956__hard3s.wav,other,weather_ambient,FSD50K,train,134956,134956.wav,"Rain,Water",,,,diversity,fsd50k:134956,thunderstorm,0.6945298314094543,other_candidate__fsd50k__train__134956__1623.wav,0.440000,3.000
train,other__esc50__fold_1__51436__hard3s.wav,other,weather_ambient,ESC-50,fold_1,51436,1-51436-A-17.wav,pouring_water,,,,diversity,esc-50:51436,glass_breaking,0.5064656734466553,other_candidate__esc50__fold_1__51436__1672.wav,0.000000,3.000
train,other__fsd50k__train__378707__hard3s.wav,other,weather_ambient,FSD50K,train,378707,378707.wav,"Waves_and_surf,Ocean,Water",,,,diversity,fsd50k:378707,thunderstorm,0.9792801737785339,other_candidate__fsd50k__train__378707__1455.wav,0.440000,3.000
train,other__fsd50k__train__203232__hard3s.wav,other,weather_ambient,FSD50K,train,203232,203232.wav,"Rain,Water",,,,diversity,fsd50k:203232,thunderstorm,0.9246150851249695,other_candidate__fsd50k__train__203232__1665.wav,4.760000,3.000
train,other__fsd50k__train__404317__hard3s.wav,other,weather_ambient,FSD50K,train,404317,404317.wav,"Rain,Water",,,,diversity,fsd50k:404317,thunderstorm,0.9571784138679504,other_candidate__fsd50k__train__404317__1490.wav,0.440000,3.000
train,other__fsd50k__train__127669__hard3s.wav,other,weather_ambient,FSD50K,train,127669,127669.wav,"Ocean,Water",,,,diversity,fsd50k:127669,thunderstorm,0.9740210175514221,other_candidate__fsd50k__train__127669__1537.wav,0.000000,3.000
train,other__fsd50k__train__182923__hard3s.wav,other,weather_ambient,FSD50K,train,182923,182923.wav,Wind,,,,diversity,fsd50k:182923,thunderstorm,0.741931676864624,other_candidate__fsd50k__train__182923__1465.wav,0.000000,3.000
train,other__fsd50k__train__71190__hard3s.wav,other,weather_ambient,FSD50K,train,71190,71190.wav,Wind,,,,diversity,fsd50k:71190,speech,0.49026477336883545,other_candidate__fsd50k__train__71190__1616.wav,0.000000,3.000
train,other__fsd50k__train__398741__hard3s.wav,other,weather_ambient,FSD50K,train,398741,398741.wav,"Rain,Water",,,,diversity,fsd50k:398741,thunderstorm,0.8911514282226562,other_candidate__fsd50k__train__398741__1566.wav,3.320000,3.000
train,other__fsd50k__train__208862__hard3s.wav,other,weather_ambient,FSD50K,train,208862,208862.wav,Wind,,,,diversity,fsd50k:208862,thunderstorm,0.8497530817985535,other_candidate__fsd50k__train__208862__1556.wav,0.440000,3.000
train,other__fsd50k__train__274000__hard3s.wav,other,weather_ambient,FSD50K,train,274000,274000.wav,"Raindrop,Drip,Water_tap_and_faucet,Rain,Water,Liquid,Domestic_sounds_and_home_sounds",,,,diversity,fsd50k:274000,glass_breaking,0.33080101013183594,other_candidate__fsd50k__train__274000__1453.wav,0.000000,3.000
train,other__fsd50k__train__398344__hard3s.wav,other,weather_ambient,FSD50K,train,398344,398344.wav,"Drip,Trickle_and_dribble,Water,Splash_and_splatter,Liquid,Pour",,,,diversity,fsd50k:398344,thunderstorm,0.9300479888916016,other_candidate__fsd50k__train__398344__1588.wav,0.000000,3.000
train,other__fsd50k__train__337482__hard3s.wav,other,weather_ambient,FSD50K,train,337482,337482.wav,"Gurgling,Water",,,,diversity,fsd50k:337482,thunderstorm,0.5837251543998718,other_candidate__fsd50k__train__337482__1473.wav,0.000000,3.000
train,other__fsd50k__train__218300__hard3s.wav,other,domestic_mechanical,FSD50K,train,218300,218300.wav,"Mechanisms,Bicycle,Vehicle",,,,hard_negative,fsd50k:218300,glass_breaking,0.9805657863616943,other_candidate__fsd50k__train__218300__1890.wav,7.640000,3.000
train,other__fsd50k__train__21827__hard3s.wav,other,domestic_mechanical,FSD50K,train,21827,21827.wav,"Skateboard,Vehicle",,,,hard_negative,fsd50k:21827,gunshot_gunfire,0.9773530960083008,other_candidate__fsd50k__train__21827__1885.wav,0.000000,3.000
train,other__fsd50k__train__98685__hard3s.wav,other,domestic_mechanical,FSD50K,train,98685,98685.wav,"Train,Rail_transport,Vehicle",,,,hard_negative,fsd50k:98685,siren,0.9981815814971924,other_candidate__fsd50k__train__98685__1859.wav,0.000000,3.000
train,other__fsd50k__train__423448__hard3s.wav,other,domestic_mechanical,FSD50K,train,423448,423448.wav,"Engine,Mechanisms",,,,hard_negative,fsd50k:423448,speech,0.9577512741088867,other_candidate__fsd50k__train__423448__1736.wav,0.440000,3.000
train,other__fsd50k__train__16691__hard3s.wav,other,domestic_mechanical,FSD50K,train,16691,16691.wav,"Motor_vehicle_(road),Vehicle",,,,hard_negative,fsd50k:16691,thunderstorm,0.9929331541061401,other_candidate__fsd50k__train__16691__1806.wav,6.200000,3.000
train,other__fsd50k__train__322128__hard3s.wav,other,domestic_mechanical,FSD50K,train,322128,322128.wav,"Sliding_door,Door,Domestic_sounds_and_home_sounds",,,,hard_negative,fsd50k:322128,glass_breaking,0.9722503423690796,other_candidate__fsd50k__train__322128__1682.wav,3.320000,3.000
train,other__fsd50k__train__277302__hard3s.wav,other,domestic_mechanical,FSD50K,train,277302,277302.wav,"Typewriter,Typing,Domestic_sounds_and_home_sounds",,,,hard_negative,fsd50k:277302,gunshot_gunfire,0.9702152609825134,other_candidate__fsd50k__train__277302__1808.wav,0.000000,3.000
train,other__fsd50k__train__363862__hard3s.wav,other,domestic_mechanical,FSD50K,train,363862,363862.wav,"Car,Motor_vehicle_(road),Vehicle",,,,hard_negative,fsd50k:363862,siren,0.9963313937187195,other_candidate__fsd50k__train__363862__1888.wav,0.000000,3.000
train,other__fsd50k__train__76119__hard3s.wav,other,domestic_mechanical,FSD50K,train,76119,76119.wav,"Race_car_and_auto_racing,Car,Motor_vehicle_(road),Vehicle",,,,hard_negative,fsd50k:76119,speech,0.9463825225830078,other_candidate__fsd50k__train__76119__1700.wav,0.440000,3.000
train,other__fsd50k__train__263960__hard3s.wav,other,domestic_mechanical,FSD50K,train,263960,263960.wav,"Fixed-wing_aircraft_and_airplane,Aircraft,Vehicle",,,,hard_negative,fsd50k:263960,thunderstorm,0.9638617038726807,other_candidate__fsd50k__train__263960__1710.wav,4.760000,3.000
train,other__fsd50k__train__388314__hard3s.wav,other,domestic_mechanical,FSD50K,train,388314,388314.wav,"Clock,Mechanisms",,,,hard_negative,fsd50k:388314,glass_breaking,0.9450249075889587,other_candidate__fsd50k__train__388314__1882.wav,0.000000,3.000
train,other__fsd50k__train__423648__hard3s.wav,other,domestic_mechanical,FSD50K,train,423648,423648.wav,"Computer_keyboard,Typing,Domestic_sounds_and_home_sounds",,,,hard_negative,fsd50k:423648,gunshot_gunfire,0.9653879404067993,other_candidate__fsd50k__train__423648__1915.wav,0.000000,3.000
train,other__fsd50k__train__180672__hard3s.wav,other,domestic_mechanical,FSD50K,train,180672,180672.wav,"Motorcycle,Motor_vehicle_(road),Vehicle",,,,hard_negative,fsd50k:180672,siren,0.993446409702301,other_candidate__fsd50k__train__180672__1834.wav,1.160000,3.000
train,other__fsd50k__train__170022__hard3s.wav,other,domestic_mechanical,FSD50K,train,170022,170022.wav,"Mechanical_fan,Mechanisms",,,,hard_negative,fsd50k:170022,speech,0.7812145948410034,other_candidate__fsd50k__train__170022__1723.wav,6.920000,3.000
train,other__fsd50k__train__113666__hard3s.wav,other,domestic_mechanical,FSD50K,train,113666,113666.wav,"Fixed-wing_aircraft_and_airplane,Aircraft,Vehicle",,,,hard_negative,fsd50k:113666,thunderstorm,0.9611825346946716,other_candidate__fsd50k__train__113666__1846.wav,0.000000,3.000
train,other__fsd50k__train__131379__hard3s.wav,other,domestic_mechanical,FSD50K,train,131379,131379.wav,"Bicycle,Vehicle",,,,hard_negative,fsd50k:131379,glass_breaking,0.9433448314666748,other_candidate__fsd50k__train__131379__1830.wav,0.440000,3.000
train,other__fsd50k__train__321073__hard3s.wav,other,domestic_mechanical,FSD50K,train,321073,321073.wav,"Motorcycle,Motor_vehicle_(road),Vehicle",,,,hard_negative,fsd50k:321073,gunshot_gunfire,0.9607833623886108,other_candidate__fsd50k__train__321073__1865.wav,2.600000,3.000
train,other__fsd50k__train__406164__hard3s.wav,other,domestic_mechanical,FSD50K,train,406164,406164.wav,"Motor_vehicle_(road),Vehicle",,,,hard_negative,fsd50k:406164,siren,0.9933337569236755,other_candidate__fsd50k__train__406164__1728.wav,0.000000,3.000
train,other__fsd50k__train__366201__hard3s.wav,other,domestic_mechanical,FSD50K,train,366201,366201.wav,Engine,,,,hard_negative,fsd50k:366201,speech,0.7779873609542847,other_candidate__fsd50k__train__366201__1797.wav,0.000000,3.000
train,other__fsd50k__train__377286__hard3s.wav,other,domestic_mechanical,FSD50K,train,377286,377286.wav,Vehicle,,,,hard_negative,fsd50k:377286,thunderstorm,0.9465218782424927,other_candidate__fsd50k__train__377286__1753.wav,1.880000,3.000
train,other__fsd50k__train__130388__hard3s.wav,other,domestic_mechanical,FSD50K,train,130388,130388.wav,"Clock,Mechanisms",,,,hard_negative,fsd50k:130388,glass_breaking,0.9415029883384705,other_candidate__fsd50k__train__130388__1767.wav,0.000000,3.000
train,other__fsd50k__train__379915__hard3s.wav,other,domestic_mechanical,FSD50K,train,379915,379915.wav,"Idling,Engine_starting,Motorcycle,Accelerating_and_revving_and_vroom,Engine,Motor_vehicle_(road),Vehicle",,,,hard_negative,fsd50k:379915,gunshot_gunfire,0.9599814414978027,other_candidate__fsd50k__train__379915__1877.wav,3.320000,3.000
train,other__fsd50k__train__77910__hard3s.wav,other,domestic_mechanical,FSD50K,train,77910,77910.wav,"Race_car_and_auto_racing,Car,Motor_vehicle_(road),Vehicle",,,,hard_negative,fsd50k:77910,siren,0.9930822849273682,other_candidate__fsd50k__train__77910__1724.wav,0.440000,3.000
train,other__esc50__fold_1__9886__hard3s.wav,other,domestic_mechanical,ESC-50,fold_1,9886,1-9886-A-49.wav,hand_saw,,,,hard_negative,esc-50:9886,speech,0.7131342887878418,other_candidate__esc50__fold_1__9886__1739.wav,1.880000,3.000
train,other__fsd50k__train__413904__hard3s.wav,other,domestic_mechanical,FSD50K,train,413904,413904.wav,"Accelerating_and_revving_and_vroom,Engine",,,,hard_negative,fsd50k:413904,thunderstorm,0.945081353187561,other_candidate__fsd50k__train__413904__1833.wav,3.320000,3.000
train,other__fsd50k__train__120787__hard3s.wav,other,domestic_mechanical,FSD50K,train,120787,120787.wav,"Clock,Mechanisms",,,,hard_negative,fsd50k:120787,glass_breaking,0.9365823268890381,other_candidate__fsd50k__train__120787__1872.wav,1.160000,3.000
train,other__fsd50k__train__233463__hard3s.wav,other,domestic_mechanical,FSD50K,train,233463,233463.wav,"Car_passing_by,Car,Motor_vehicle_(road),Vehicle",,,,hard_negative,fsd50k:233463,gunshot_gunfire,0.9589934349060059,other_candidate__fsd50k__train__233463__1891.wav,7.640000,3.000
train,other__fsd50k__train__190465__hard3s.wav,other,domestic_mechanical,FSD50K,train,190465,190465.wav,"Run,Train,Rail_transport,Vehicle",,,,hard_negative,fsd50k:190465,siren,0.9919946193695068,other_candidate__fsd50k__train__190465__1860.wav,0.440000,3.000
train,other__fsd50k__train__162708__hard3s.wav,other,domestic_mechanical,FSD50K,train,162708,162708.wav,"Subway_and_metro_and_underground,Rail_transport,Vehicle",,,,hard_negative,fsd50k:162708,speech,0.682833194732666,other_candidate__fsd50k__train__162708__1868.wav,0.000000,3.000
train,other__fsd50k__train__128614__hard3s.wav,other,domestic_mechanical,FSD50K,train,128614,128614.wav,"Engine,Aircraft,Vehicle",,,,hard_negative,fsd50k:128614,thunderstorm,0.9428375959396362,other_candidate__fsd50k__train__128614__1822.wav,0.000000,3.000
train,other__fsd50k__train__169786__hard3s.wav,other,domestic_mechanical,FSD50K,train,169786,169786.wav,"Bicycle,Vehicle",,,,hard_negative,fsd50k:169786,glass_breaking,0.9306638240814209,other_candidate__fsd50k__train__169786__1792.wav,6.920000,3.000
train,other__fsd50k__train__268575__hard3s.wav,other,domestic_mechanical,FSD50K,train,268575,268575.wav,"Typing,Domestic_sounds_and_home_sounds",,,,hard_negative,fsd50k:268575,gunshot_gunfire,0.9530248045921326,other_candidate__fsd50k__train__268575__1684.wav,2.600000,3.000
train,other__fsd50k__train__425529__hard3s.wav,other,domestic_mechanical,FSD50K,train,425529,425529.wav,"Car_passing_by,Car,Motor_vehicle_(road),Vehicle",,,,hard_negative,fsd50k:425529,siren,0.991927981376648,other_candidate__fsd50k__train__425529__1685.wav,6.920000,3.000
train,other__fsd50k__train__387814__hard3s.wav,other,domestic_mechanical,FSD50K,train,387814,387814.wav,Engine,,,,hard_negative,fsd50k:387814,speech,0.6696301102638245,other_candidate__fsd50k__train__387814__1819.wav,4.760000,3.000
train,other__fsd50k__train__165899__hard3s.wav,other,domestic_mechanical,FSD50K,train,165899,165899.wav,Vehicle,,,,hard_negative,fsd50k:165899,thunderstorm,0.9249342679977417,other_candidate__fsd50k__train__165899__1807.wav,4.040000,3.000
train,other__fsd50k__train__407649__hard3s.wav,other,domestic_mechanical,FSD50K,train,407649,407649.wav,Engine,,,,hard_negative,fsd50k:407649,glass_breaking,0.9284334778785706,other_candidate__fsd50k__train__407649__1780.wav,0.000000,3.000
train,other__fsd50k__train__350360__hard3s.wav,other,domestic_mechanical,FSD50K,train,350360,350360.wav,"Computer_keyboard,Typing,Domestic_sounds_and_home_sounds",,,,hard_negative,fsd50k:350360,gunshot_gunfire,0.9399899244308472,other_candidate__fsd50k__train__350360__1785.wav,0.000000,3.000
train,other__fsd50k__train__393663__hard3s.wav,other,domestic_mechanical,FSD50K,train,393663,393663.wav,"Truck,Motor_vehicle_(road),Vehicle",,,,hard_negative,fsd50k:393663,siren,0.9904152154922485,other_candidate__fsd50k__train__393663__1709.wav,0.000000,3.000
train,other__fsd50k__train__113341__hard3s.wav,other,domestic_mechanical,FSD50K,train,113341,113341.wav,"Bus,Vehicle,Motor_vehicle_(road)",,,,hard_negative,fsd50k:113341,speech,0.6680044531822205,other_candidate__fsd50k__train__113341__1886.wav,0.440000,3.000
train,other__fsd50k__train__236904__hard3s.wav,other,domestic_mechanical,FSD50K,train,236904,236904.wav,"Motor_vehicle_(road),Vehicle",,,,hard_negative,fsd50k:236904,thunderstorm,0.9224284887313843,other_candidate__fsd50k__train__236904__1835.wav,1.880000,3.000
train,other__fsd50k__train__329624__hard3s.wav,other,domestic_mechanical,FSD50K,train,329624,329624.wav,"Motor_vehicle_(road),Vehicle",,,,hard_negative,fsd50k:329624,glass_breaking,0.9192940592765808,other_candidate__fsd50k__train__329624__1918.wav,2.600000,3.000
train,other__esc50__fold_3__155570__hard3s.wav,other,domestic_mechanical,ESC-50,fold_3,155570,3-155570-A-32.wav,keyboard_typing,,,,hard_negative,esc-50:155570,gunshot_gunfire,0.9148368835449219,other_candidate__esc50__fold_3__155570__1774.wav,0.440000,3.000
train,other__fsd50k__train__80374__hard3s.wav,other,domestic_mechanical,FSD50K,train,80374,80374.wav,"Train,Rail_transport,Vehicle",,,,hard_negative,fsd50k:80374,siren,0.985622227191925,other_candidate__fsd50k__train__80374__1849.wav,3.320000,3.000
train,other__fsd50k__train__388568__hard3s.wav,other,domestic_mechanical,FSD50K,train,388568,388568.wav,"Train,Rail_transport,Vehicle",,,,hard_negative,fsd50k:388568,speech,0.4665519595146179,other_candidate__fsd50k__train__388568__1722.wav,0.000000,3.000
train,other__fsd50k__train__340705__hard3s.wav,other,domestic_mechanical,FSD50K,train,340705,340705.wav,Engine,,,,diversity,fsd50k:340705,siren,0.2657199501991272,other_candidate__fsd50k__train__340705__1717.wav,0.000000,3.000
train,other__esc50__fold_2__184077__hard3s.wav,other,domestic_mechanical,ESC-50,fold_2,184077,2-184077-A-49.wav,hand_saw,,,,diversity,esc-50:184077,gunshot_gunfire,0.5623709559440613,other_candidate__esc50__fold_2__184077__1862.wav,0.440000,3.000
train,other__fsd50k__train__117944__hard3s.wav,other,domestic_mechanical,FSD50K,train,117944,117944.wav,"Printer,Mechanisms",,,,diversity,fsd50k:117944,siren,0.6320264935493469,other_candidate__fsd50k__train__117944__1696.wav,0.000000,3.000
train,other__fsd50k__train__211512__hard3s.wav,other,domestic_mechanical,FSD50K,train,211512,211512.wav,"Traffic_noise_and_roadway_noise,Motor_vehicle_(road),Vehicle",,,,diversity,fsd50k:211512,siren,0.9854575395584106,other_candidate__fsd50k__train__211512__1887.wav,6.200000,3.000
train,other__fsd50k__train__58176__hard3s.wav,other,domestic_mechanical,FSD50K,train,58176,58176.wav,"Car_passing_by,Car,Motor_vehicle_(road),Vehicle",,,,diversity,fsd50k:58176,siren,0.968066930770874,other_candidate__fsd50k__train__58176__1820.wav,0.000000,3.000
train,other__esc50__fold_3__170312__hard3s.wav,other,domestic_mechanical,ESC-50,fold_3,170312,3-170312-A-31.wav,mouse_click,,,,diversity,esc-50:170312,glass_breaking,0.916128933429718,other_candidate__esc50__fold_3__170312__1703.wav,0.000000,3.000
train,other__fsd50k__train__262898__hard3s.wav,other,domestic_mechanical,FSD50K,train,262898,262898.wav,"Car_passing_by,Car,Motor_vehicle_(road),Vehicle",,,,diversity,fsd50k:262898,thunderstorm,0.8054367303848267,other_candidate__fsd50k__train__262898__1711.wav,1.880000,3.000
train,other__fsd50k__train__233689__hard3s.wav,other,domestic_mechanical,FSD50K,train,233689,233689.wav,"Motor_vehicle_(road),Vehicle",,,,diversity,fsd50k:233689,thunderstorm,0.6443251967430115,other_candidate__fsd50k__train__233689__1821.wav,1.880000,3.000
train,other__fsd50k__train__77917__hard3s.wav,other,domestic_mechanical,FSD50K,train,77917,77917.wav,"Race_car_and_auto_racing,Car,Motor_vehicle_(road),Vehicle",,,,diversity,fsd50k:77917,siren,0.9706034064292908,other_candidate__fsd50k__train__77917__1858.wav,5.480000,3.000
train,other__fsd50k__train__96716__hard3s.wav,other,domestic_mechanical,FSD50K,train,96716,96716.wav,"Clock,Mechanisms",,,,diversity,fsd50k:96716,siren,0.7957699298858643,other_candidate__fsd50k__train__96716__1777.wav,6.200000,3.000
train,other__fsd50k__train__154675__hard3s.wav,other,domestic_mechanical,FSD50K,train,154675,154675.wav,"Sliding_door,Door,Domestic_sounds_and_home_sounds",,,,diversity,fsd50k:154675,thunderstorm,0.6182445883750916,other_candidate__fsd50k__train__154675__1694.wav,4.760000,3.000
train,other__fsd50k__train__121901__hard3s.wav,other,domestic_mechanical,FSD50K,train,121901,121901.wav,"Truck,Motor_vehicle_(road),Vehicle",,,,diversity,fsd50k:121901,thunderstorm,0.8467106819152832,other_candidate__fsd50k__train__121901__1852.wav,3.320000,3.000
train,other__fsd50k__train__36830__hard3s.wav,other,domestic_mechanical,FSD50K,train,36830,36830.wav,"Accelerating_and_revving_and_vroom,Car,Motor_vehicle_(road),Vehicle,Engine",,,,diversity,fsd50k:36830,thunderstorm,0.7903896570205688,other_candidate__fsd50k__train__36830__1871.wav,3.733333,3.000
train,other__fsd50k__train__21799__hard3s.wav,other,domestic_mechanical,FSD50K,train,21799,21799.wav,"Skateboard,Vehicle",,,,diversity,fsd50k:21799,gunshot_gunfire,0.8058188557624817,other_candidate__fsd50k__train__21799__1899.wav,0.000000,3.000
train,other__fsd50k__train__24968__hard3s.wav,other,domestic_mechanical,FSD50K,train,24968,24968.wav,"Train,Rail_transport,Vehicle",,,,diversity,fsd50k:24968,siren,0.9252476692199707,other_candidate__fsd50k__train__24968__1778.wav,0.440000,3.000
train,other__fsd50k__train__315728__hard3s.wav,other,domestic_mechanical,FSD50K,train,315728,315728.wav,"Door,Car,Domestic_sounds_and_home_sounds,Motor_vehicle_(road),Vehicle",,,,diversity,fsd50k:315728,gunshot_gunfire,0.7485142350196838,other_candidate__fsd50k__train__315728__1814.wav,0.000000,3.000
train,other__fsd50k__train__118248__hard3s.wav,other,domestic_mechanical,FSD50K,train,118248,118248.wav,"Car,Motor_vehicle_(road),Vehicle",,,,diversity,fsd50k:118248,gunshot_gunfire,0.4592296779155731,other_candidate__fsd50k__train__118248__1853.wav,0.000000,3.000
train,other__fsd50k__train__386948__hard3s.wav,other,domestic_mechanical,FSD50K,train,386948,386948.wav,"Accelerating_and_revving_and_vroom,Engine",,,,diversity,fsd50k:386948,siren,0.6677598357200623,other_candidate__fsd50k__train__386948__1811.wav,1.880000,3.000
train,other__fsd50k__train__425868__hard3s.wav,other,domestic_mechanical,FSD50K,train,425868,425868.wav,"Car_passing_by,Car,Motor_vehicle_(road),Vehicle",,,,diversity,fsd50k:425868,siren,0.9678639769554138,other_candidate__fsd50k__train__425868__1813.wav,1.880000,3.000
train,other__fsd50k__train__258002__hard3s.wav,other,domestic_mechanical,FSD50K,train,258002,258002.wav,"Motor_vehicle_(road),Vehicle",,,,diversity,fsd50k:258002,siren,0.9562082886695862,other_candidate__fsd50k__train__258002__1690.wav,2.600000,3.000
train,other__fsd50k__train__202604__hard3s.wav,other,domestic_mechanical,FSD50K,train,202604,202604.wav,"Sliding_door,Door,Domestic_sounds_and_home_sounds",,,,diversity,fsd50k:202604,glass_breaking,0.706389307975769,other_candidate__fsd50k__train__202604__1839.wav,0.000000,3.000
train,other__fsd50k__train__193399__hard3s.wav,other,domestic_mechanical,FSD50K,train,193399,193399.wav,"Bicycle,Vehicle",,,,diversity,fsd50k:193399,thunderstorm,0.8441859483718872,other_candidate__fsd50k__train__193399__1730.wav,6.920000,3.000
train,other__fsd50k__train__50899__hard3s.wav,other,domestic_mechanical,FSD50K,train,50899,50899.wav,"Car,Motor_vehicle_(road),Vehicle",,,,diversity,fsd50k:50899,glass_breaking,0.6885461211204529,other_candidate__fsd50k__train__50899__1861.wav,0.000000,3.000
train,other__fsd50k__train__372515__hard3s.wav,other,domestic_mechanical,FSD50K,train,372515,372515.wav,"Clock,Mechanisms",,,,diversity,fsd50k:372515,glass_breaking,0.8647975325584412,other_candidate__fsd50k__train__372515__1773.wav,0.000000,3.000
train,other__fsd50k__train__192394__hard3s.wav,other,domestic_mechanical,FSD50K,train,192394,192394.wav,"Motorcycle,Motor_vehicle_(road),Vehicle",,,,diversity,fsd50k:192394,siren,0.757914125919342,other_candidate__fsd50k__train__192394__1795.wav,0.000000,3.000
train,other__fsd50k__train__12703__hard3s.wav,other,domestic_mechanical,FSD50K,train,12703,12703.wav,"Subway_and_metro_and_underground,Rail_transport,Vehicle",,,,diversity,fsd50k:12703,siren,0.860735297203064,other_candidate__fsd50k__train__12703__1919.wav,1.160000,3.000
train,other__fsd50k__train__44927__hard3s.wav,other,music,FSD50K,train,44927,44927.wav,"Female_singing,Singing,Human_voice",,,,hard_negative,fsd50k:44927,dog_bark,0.9869332313537598,other_candidate__fsd50k__train__44927__2009.wav,0.000000,3.000
train,other__fsd50k__train__210675__hard3s.wav,other,music,FSD50K,train,210675,210675.wav,"Tambourine,Percussion,Musical_instrument,Music",,,,hard_negative,fsd50k:210675,glass_breaking,0.9961754083633423,other_candidate__fsd50k__train__210675__1944.wav,0.000000,3.000
train,other__fsd50k__train__238569__hard3s.wav,other,music,FSD50K,train,238569,238569.wav,"Scratching_(performance_technique),Musical_instrument,Music",,,,hard_negative,fsd50k:238569,gunshot_gunfire,0.6962742209434509,other_candidate__fsd50k__train__238569__1988.wav,5.480000,3.000
train,other__fsd50k__train__247058__hard3s.wav,other,music,FSD50K,train,247058,247058.wav,"Trumpet,Brass_instrument,Musical_instrument,Music",,,,hard_negative,fsd50k:247058,siren,0.9974886178970337,other_candidate__fsd50k__train__247058__1955.wav,0.000000,3.000
train,other__fsd50k__train__360741__hard3s.wav,other,music,FSD50K,train,360741,360741.wav,"Singing,Human_voice",,,,hard_negative,fsd50k:360741,speech,0.9571568965911865,other_candidate__fsd50k__train__360741__1943.wav,2.600000,3.000
train,other__fsd50k__train__176501__hard3s.wav,other,music,FSD50K,train,176501,176501.wav,"Piano,Keyboard_(musical),Musical_instrument,Music",,,,hard_negative,fsd50k:176501,thunderstorm,0.9235844612121582,other_candidate__fsd50k__train__176501__1981.wav,3.320000,3.000
train,other__fsd50k__train__30084__hard3s.wav,other,music,FSD50K,train,30084,30084.wav,"Singing,Human_voice",,,,hard_negative,fsd50k:30084,dog_bark,0.9209915995597839,other_candidate__fsd50k__train__30084__1975.wav,0.000000,3.000
train,other__fsd50k__train__210674__hard3s.wav,other,music,FSD50K,train,210674,210674.wav,"Tambourine,Percussion,Musical_instrument,Music",,,,hard_negative,fsd50k:210674,glass_breaking,0.9870794415473938,other_candidate__fsd50k__train__210674__1958.wav,0.000000,3.000
train,other__fsd50k__train__200645__hard3s.wav,other,music,FSD50K,train,200645,200645.wav,"Snare_drum,Drum,Percussion,Musical_instrument,Music",,,,hard_negative,fsd50k:200645,gunshot_gunfire,0.5858244895935059,other_candidate__fsd50k__train__200645__2043.wav,0.000000,3.000
train,other__fsd50k__train__357047__hard3s.wav,other,music,FSD50K,train,357047,357047.wav,"Wind_instrument_and_woodwind_instrument,Musical_instrument,Music",,,,hard_negative,fsd50k:357047,siren,0.9967635869979858,other_candidate__fsd50k__train__357047__1977.wav,4.817710,3.000
train,other__fsd50k__train__107604__hard3s.wav,other,music,FSD50K,train,107604,107604.wav,"Singing,Human_voice",,,,hard_negative,fsd50k:107604,speech,0.9488670229911804,other_candidate__fsd50k__train__107604__2105.wav,6.920000,3.000
train,other__fsd50k__train__58064__hard3s.wav,other,music,FSD50K,train,58064,58064.wav,"Strum,Guitar,Plucked_string_instrument,Musical_instrument,Music",,,,hard_negative,fsd50k:58064,thunderstorm,0.8792967796325684,other_candidate__fsd50k__train__58064__2134.wav,4.760000,3.000
train,other__fsd50k__train__18438__hard3s.wav,other,music,FSD50K,train,18438,18438.wav,"Acoustic_guitar,Guitar,Plucked_string_instrument,Musical_instrument,Music",,,,hard_negative,fsd50k:18438,dog_bark,0.6321447491645813,other_candidate__fsd50k__train__18438__2098.wav,0.440000,3.000
train,other__fsd50k__train__140516__hard3s.wav,other,music,FSD50K,train,140516,140516.wav,"Hi-hat,Cymbal,Percussion,Musical_instrument,Music",,,,hard_negative,fsd50k:140516,glass_breaking,0.9843050837516785,other_candidate__fsd50k__train__140516__2065.wav,0.000000,3.000
train,other__fsd50k__train__351327__hard3s.wav,other,music,FSD50K,train,351327,351327.wav,"Piano,Keyboard_(musical),Musical_instrument,Music",,,,hard_negative,fsd50k:351327,gunshot_gunfire,0.5644491910934448,other_candidate__fsd50k__train__351327__1920.wav,0.000000,3.000
train,other__fsd50k__train__119365__hard3s.wav,other,music,FSD50K,train,119365,119365.wav,"Wind_instrument_and_woodwind_instrument,Musical_instrument,Music",,,,hard_negative,fsd50k:119365,siren,0.9963582158088684,other_candidate__fsd50k__train__119365__2028.wav,0.000000,3.000
train,other__fsd50k__train__218794__hard3s.wav,other,music,FSD50K,train,218794,218794.wav,"Guitar,Plucked_string_instrument,Musical_instrument,Music",,,,hard_negative,fsd50k:218794,speech,0.9265094995498657,other_candidate__fsd50k__train__218794__2079.wav,4.040000,3.000
train,other__fsd50k__train__381473__hard3s.wav,other,music,FSD50K,train,381473,381473.wav,"Keyboard_(musical),Musical_instrument,Music",,,,hard_negative,fsd50k:381473,thunderstorm,0.8521889448165894,other_candidate__fsd50k__train__381473__2128.wav,6.920000,3.000
train,other__fsd50k__train__246732__hard3s.wav,other,music,FSD50K,train,246732,246732.wav,"Bowed_string_instrument,Musical_instrument,Music",,,,hard_negative,fsd50k:246732,dog_bark,0.5714867115020752,other_candidate__fsd50k__train__246732__1967.wav,0.000000,3.000
train,other__fsd50k__train__204637__hard3s.wav,other,music,FSD50K,train,204637,204637.wav,"Marimba_and_xylophone,Mallet_percussion,Percussion,Musical_instrument,Music",,,,hard_negative,fsd50k:204637,glass_breaking,0.9795746207237244,other_candidate__fsd50k__train__204637__1931.wav,0.000000,3.000
train,other__fsd50k__train__383567__hard3s.wav,other,music,FSD50K,train,383567,383567.wav,"Bowed_string_instrument,Musical_instrument,Music",,,,hard_negative,fsd50k:383567,gunshot_gunfire,0.5563230514526367,other_candidate__fsd50k__train__383567__2116.wav,0.000000,3.000
train,other__fsd50k__train__7647__hard3s.wav,other,music,FSD50K,train,7647,7647.wav,"Musical_instrument,Music",,,,hard_negative,fsd50k:7647,siren,0.9952734112739563,other_candidate__fsd50k__train__7647__2006.wav,0.000000,3.000
train,other__fsd50k__train__19525__hard3s.wav,other,music,FSD50K,train,19525,19525.wav,"Singing,Human_voice",,,,hard_negative,fsd50k:19525,speech,0.9131714105606079,other_candidate__fsd50k__train__19525__1956.wav,0.000000,3.000
train,other__fsd50k__train__33188__hard3s.wav,other,music,FSD50K,train,33188,33188.wav,"Mallet_percussion,Percussion,Musical_instrument,Music",,,,hard_negative,fsd50k:33188,thunderstorm,0.8207419514656067,other_candidate__fsd50k__train__33188__1966.wav,4.478413,3.000
train,other__fsd50k__train__40290__hard3s.wav,other,music,FSD50K,train,40290,40290.wav,"Bass_guitar,Guitar,Plucked_string_instrument,Musical_instrument,Music",,,,hard_negative,fsd50k:40290,dog_bark,0.4249277710914612,other_candidate__fsd50k__train__40290__2074.wav,0.000000,3.000
train,other__fsd50k__train__101910__hard3s.wav,other,music,FSD50K,train,101910,101910.wav,"Drum,Drum_kit,Percussion,Musical_instrument,Music",,,,hard_negative,fsd50k:101910,glass_breaking,0.9788917303085327,other_candidate__fsd50k__train__101910__2027.wav,0.000000,3.000
train,other__fsd50k__train__416424__hard3s.wav,other,music,FSD50K,train,416424,416424.wav,"Piano,Keyboard_(musical),Musical_instrument,Music",,,,hard_negative,fsd50k:416424,gunshot_gunfire,0.5396212935447693,other_candidate__fsd50k__train__416424__2157.wav,0.000000,3.000
train,other__fsd50k__train__247622__hard3s.wav,other,music,FSD50K,train,247622,247622.wav,"Bowed_string_instrument,Musical_instrument,Music",,,,hard_negative,fsd50k:247622,siren,0.9949707984924316,other_candidate__fsd50k__train__247622__1936.wav,0.440000,3.000
train,other__fsd50k__train__40467__hard3s.wav,other,music,FSD50K,train,40467,40467.wav,"Electric_guitar,Guitar,Plucked_string_instrument,Musical_instrument,Music",,,,hard_negative,fsd50k:40467,speech,0.9130646586418152,other_candidate__fsd50k__train__40467__2156.wav,0.000000,3.000
train,other__fsd50k__train__354266__hard3s.wav,other,music,FSD50K,train,354266,354266.wav,"Bowed_string_instrument,Musical_instrument,Music",,,,hard_negative,fsd50k:354266,thunderstorm,0.7581073641777039,other_candidate__fsd50k__train__354266__1957.wav,1.095692,3.000
train,other__fsd50k__train__387765__hard3s.wav,other,music,FSD50K,train,387765,387765.wav,"Tambourine,Percussion,Musical_instrument,Music",,,,hard_negative,fsd50k:387765,glass_breaking,0.9743490815162659,other_candidate__fsd50k__train__387765__2082.wav,0.000000,3.000
train,other__fsd50k__train__383550__hard3s.wav,other,music,FSD50K,train,383550,383550.wav,"Bowed_string_instrument,Musical_instrument,Music",,,,hard_negative,fsd50k:383550,gunshot_gunfire,0.48150700330734253,other_candidate__fsd50k__train__383550__2108.wav,0.000000,3.000
train,other__fsd50k__train__247083__hard3s.wav,other,music,FSD50K,train,247083,247083.wav,"Trumpet,Brass_instrument,Musical_instrument,Music",,,,hard_negative,fsd50k:247083,siren,0.9946393370628357,other_candidate__fsd50k__train__247083__2149.wav,2.500000,3.000
train,other__fsd50k__train__266480__hard3s.wav,other,music,FSD50K,train,266480,266480.wav,"Bass_guitar,Guitar,Plucked_string_instrument,Musical_instrument,Music",,,,hard_negative,fsd50k:266480,speech,0.868144154548645,other_candidate__fsd50k__train__266480__2146.wav,0.000000,3.000
train,other__fsd50k__train__266481__hard3s.wav,other,music,FSD50K,train,266481,266481.wav,"Bass_guitar,Guitar,Plucked_string_instrument,Musical_instrument,Music",,,,hard_negative,fsd50k:266481,thunderstorm,0.6869630813598633,other_candidate__fsd50k__train__266481__1991.wav,3.320000,3.000
train,other__fsd50k__train__204634__hard3s.wav,other,music,FSD50K,train,204634,204634.wav,"Marimba_and_xylophone,Mallet_percussion,Percussion,Musical_instrument,Music",,,,hard_negative,fsd50k:204634,glass_breaking,0.9655739665031433,other_candidate__fsd50k__train__204634__2036.wav,0.000000,3.000
train,other__fsd50k__train__39191__hard3s.wav,other,music,FSD50K,train,39191,39191.wav,"Piano,Keyboard_(musical),Musical_instrument,Music",,,,hard_negative,fsd50k:39191,gunshot_gunfire,0.45529764890670776,other_candidate__fsd50k__train__39191__2093.wav,0.000000,3.000
train,other__fsd50k__train__354515__hard3s.wav,other,music,FSD50K,train,354515,354515.wav,"Wind_instrument_and_woodwind_instrument,Musical_instrument,Music",,,,hard_negative,fsd50k:354515,siren,0.9945756196975708,other_candidate__fsd50k__train__354515__2047.wav,1.160000,3.000
train,other__fsd50k__train__38238__hard3s.wav,other,music,FSD50K,train,38238,38238.wav,"Guitar,Plucked_string_instrument,Musical_instrument,Music",,,,hard_negative,fsd50k:38238,speech,0.8652839064598083,other_candidate__fsd50k__train__38238__2050.wav,0.000000,3.000
train,other__fsd50k__train__239752__hard3s.wav,other,music,FSD50K,train,239752,239752.wav,"Bass_guitar,Guitar,Plucked_string_instrument,Musical_instrument,Music",,,,hard_negative,fsd50k:239752,thunderstorm,0.6709951162338257,other_candidate__fsd50k__train__239752__2071.wav,0.440000,3.000
train,other__fsd50k__train__101901__hard3s.wav,other,music,FSD50K,train,101901,101901.wav,"Drum,Drum_kit,Percussion,Musical_instrument,Music",,,,hard_negative,fsd50k:101901,glass_breaking,0.9516094923019409,other_candidate__fsd50k__train__101901__2067.wav,0.000000,3.000
train,other__fsd50k__train__96090__hard3s.wav,other,music,FSD50K,train,96090,96090.wav,"Marimba_and_xylophone,Mallet_percussion,Percussion,Musical_instrument,Music",,,,hard_negative,fsd50k:96090,gunshot_gunfire,0.4315243363380432,other_candidate__fsd50k__train__96090__2032.wav,0.000000,3.000
train,other__fsd50k__train__119240__hard3s.wav,other,music,FSD50K,train,119240,119240.wav,"Wind_instrument_and_woodwind_instrument,Musical_instrument,Music",,,,hard_negative,fsd50k:119240,siren,0.9940246939659119,other_candidate__fsd50k__train__119240__2097.wav,0.000000,3.000
train,other__fsd50k__train__162988__hard3s.wav,other,music,FSD50K,train,162988,162988.wav,"Bass_guitar,Guitar,Plucked_string_instrument,Musical_instrument,Music",,,,hard_negative,fsd50k:162988,speech,0.8471429944038391,other_candidate__fsd50k__train__162988__2059.wav,0.000000,3.000
train,other__fsd50k__train__383703__hard3s.wav,other,music,FSD50K,train,383703,383703.wav,"Bowed_string_instrument,Musical_instrument,Music",,,,hard_negative,fsd50k:383703,thunderstorm,0.6543477773666382,other_candidate__fsd50k__train__383703__2089.wav,1.160000,3.000
train,other__fsd50k__train__372406__hard3s.wav,other,music,FSD50K,train,372406,372406.wav,"Bowed_string_instrument,Musical_instrument,Music",,,,diversity,fsd50k:372406,siren,0.9302830696105957,other_candidate__fsd50k__train__372406__2155.wav,0.000000,3.000
train,other__fsd50k__train__23586__hard3s.wav,other,music,FSD50K,train,23586,23586.wav,"Gong,Percussion,Musical_instrument,Music",,,,diversity,fsd50k:23586,siren,0.8026832342147827,other_candidate__fsd50k__train__23586__2037.wav,0.000000,3.000
train,other__fsd50k__train__316903__hard3s.wav,other,music,FSD50K,train,316903,316903.wav,"Piano,Keyboard_(musical),Musical_instrument,Music",,,,diversity,fsd50k:316903,gunshot_gunfire,0.309347927570343,other_candidate__fsd50k__train__316903__1952.wav,0.000000,3.000
train,other__fsd50k__train__46160__hard3s.wav,other,music,FSD50K,train,46160,46160.wav,"Hi-hat,Cymbal,Percussion,Musical_instrument,Music",,,,diversity,fsd50k:46160,glass_breaking,0.9463594555854797,other_candidate__fsd50k__train__46160__2125.wav,0.000000,3.000
train,other__fsd50k__train__11990__hard3s.wav,other,music,FSD50K,train,11990,11990.wav,"Guitar,Plucked_string_instrument,Musical_instrument,Music",,,,diversity,fsd50k:11990,speech,0.40687844157218933,other_candidate__fsd50k__train__11990__2141.wav,0.000000,3.000
train,other__fsd50k__train__354530__hard3s.wav,other,music,FSD50K,train,354530,354530.wav,"Wind_instrument_and_woodwind_instrument,Musical_instrument,Music",,,,diversity,fsd50k:354530,siren,0.9721188545227051,other_candidate__fsd50k__train__354530__2075.wav,4.040000,3.000
train,other__fsd50k__train__373920__hard3s.wav,other,music,FSD50K,train,373920,373920.wav,"Drum,Percussion,Musical_instrument,Music",,,,diversity,fsd50k:373920,glass_breaking,0.8437600135803223,other_candidate__fsd50k__train__373920__1953.wav,1.880000,3.000
train,other__fsd50k__train__143106__hard3s.wav,other,music,FSD50K,train,143106,143106.wav,"Snare_drum,Drum,Percussion,Musical_instrument,Music",,,,diversity,fsd50k:143106,glass_breaking,0.8678836226463318,other_candidate__fsd50k__train__143106__1933.wav,0.000000,3.000
train,other__fsd50k__train__247985__hard3s.wav,other,music,FSD50K,train,247985,247985.wav,"Bowed_string_instrument,Musical_instrument,Music",,,,diversity,fsd50k:247985,siren,0.9929354786872864,other_candidate__fsd50k__train__247985__2063.wav,1.137868,3.000
train,other__fsd50k__train__358727__hard3s.wav,other,music,FSD50K,train,358727,358727.wav,"Wind_instrument_and_woodwind_instrument,Musical_instrument,Music",,,,diversity,fsd50k:358727,siren,0.9445876479148865,other_candidate__fsd50k__train__358727__2054.wav,0.000000,3.000
train,other__fsd50k__train__248626__hard3s.wav,other,music,FSD50K,train,248626,248626.wav,"Wind_instrument_and_woodwind_instrument,Musical_instrument,Music",,,,diversity,fsd50k:248626,siren,0.7728711366653442,other_candidate__fsd50k__train__248626__2124.wav,6.200000,3.000
train,other__fsd50k__train__359323__hard3s.wav,other,music,FSD50K,train,359323,359323.wav,"Wind_instrument_and_woodwind_instrument,Musical_instrument,Music",,,,diversity,fsd50k:359323,siren,0.9911695718765259,other_candidate__fsd50k__train__359323__2091.wav,1.880000,3.000
train,other__fsd50k__train__246639__hard3s.wav,other,music,FSD50K,train,246639,246639.wav,"Wind_instrument_and_woodwind_instrument,Musical_instrument,Music",,,,diversity,fsd50k:246639,siren,0.9666447639465332,other_candidate__fsd50k__train__246639__2000.wav,4.500000,3.000
train,other__fsd50k__train__358054__hard3s.wav,other,music,FSD50K,train,358054,358054.wav,"Bowed_string_instrument,Musical_instrument,Music",,,,diversity,fsd50k:358054,siren,0.79387366771698,other_candidate__fsd50k__train__358054__2095.wav,0.000000,3.000
train,other__fsd50k__train__150598__hard3s.wav,other,music,FSD50K,train,150598,150598.wav,"Snare_drum,Drum,Percussion,Musical_instrument,Music",,,,diversity,fsd50k:150598,glass_breaking,0.8258561491966248,other_candidate__fsd50k__train__150598__2085.wav,0.000000,3.000
train,other__fsd50k__train__93912__hard3s.wav,other,music,FSD50K,train,93912,93912.wav,"Hi-hat,Cymbal,Percussion,Musical_instrument,Music",,,,diversity,fsd50k:93912,glass_breaking,0.8590192198753357,other_candidate__fsd50k__train__93912__2090.wav,3.320000,3.000
train,other__fsd50k__train__247522__hard3s.wav,other,music,FSD50K,train,247522,247522.wav,"Bowed_string_instrument,Musical_instrument,Music",,,,diversity,fsd50k:247522,siren,0.978894829750061,other_candidate__fsd50k__train__247522__2049.wav,0.440000,3.000
train,other__fsd50k__train__53951__hard3s.wav,other,music,FSD50K,train,53951,53951.wav,"Guitar,Plucked_string_instrument,Musical_instrument,Music",,,,diversity,fsd50k:53951,speech,0.762204647064209,other_candidate__fsd50k__train__53951__1978.wav,0.000000,3.000
train,other__fsd50k__train__354327__hard3s.wav,other,music,FSD50K,train,354327,354327.wav,"Bowed_string_instrument,Musical_instrument,Music",,,,diversity,fsd50k:354327,speech,0.48411381244659424,other_candidate__fsd50k__train__354327__2042.wav,0.000000,3.000
train,other__fsd50k__train__358328__hard3s.wav,other,music,FSD50K,train,358328,358328.wav,"Bowed_string_instrument,Musical_instrument,Music",,,,diversity,fsd50k:358328,siren,0.7830079197883606,other_candidate__fsd50k__train__358328__1982.wav,0.440000,3.000
train,other__fsd50k__train__181541__hard3s.wav,other,music,FSD50K,train,181541,181541.wav,"Guitar,Plucked_string_instrument,Musical_instrument,Music",,,,diversity,fsd50k:181541,siren,0.8465744256973267,other_candidate__fsd50k__train__181541__2015.wav,1.160000,3.000
train,other__fsd50k__train__58072__hard3s.wav,other,music,FSD50K,train,58072,58072.wav,"Strum,Guitar,Plucked_string_instrument,Musical_instrument,Music",,,,diversity,fsd50k:58072,speech,0.6869744658470154,other_candidate__fsd50k__train__58072__1971.wav,0.000000,3.000
train,other__fsd50k__train__357542__hard3s.wav,other,music,FSD50K,train,357542,357542.wav,"Trumpet,Brass_instrument,Musical_instrument,Music",,,,diversity,fsd50k:357542,siren,0.9914449453353882,other_candidate__fsd50k__train__357542__2045.wav,0.000000,3.000
train,other__fsd50k__train__333763__hard3s.wav,other,music,FSD50K,train,333763,333763.wav,"Organ,Keyboard_(musical),Musical_instrument,Music",,,,diversity,fsd50k:333763,thunderstorm,0.3742285370826721,other_candidate__fsd50k__train__333763__1924.wav,0.000000,3.000
train,other__fsd50k__train__154299__hard3s.wav,other,music,FSD50K,train,154299,154299.wav,"Wind_instrument_and_woodwind_instrument,Musical_instrument,Music",,,,diversity,fsd50k:154299,siren,0.8470333218574524,other_candidate__fsd50k__train__154299__1974.wav,0.000000,3.000
validation,other_candidate__fsd50k__val__45643__2195.wav,other,high_tonal_non_siren,FSD50K,val,45643,45643.wav,Squeak,,,,hard_negative,fsd50k:45643,dog_bark,0.7515078186988831,other_candidate__fsd50k__val__45643__2195.wav,,
validation,other_candidate__fsd50k__val__231275__2296.wav,other,high_tonal_non_siren,FSD50K,val,231275,231275.wav,"Cowbell,Bell",,,,hard_negative,fsd50k:231275,glass_breaking,0.9988828301429749,other_candidate__fsd50k__val__231275__2296.wav,,
validation,other_candidate__fsd50k__val__204465__2278.wav,other,high_tonal_non_siren,FSD50K,val,204465,204465.wav,"Typewriter,Bell,Typing,Domestic_sounds_and_home_sounds",,,,hard_negative,fsd50k:204465,gunshot_gunfire,0.9597119688987732,other_candidate__fsd50k__val__204465__2278.wav,,
validation,other_candidate__esc50__fold_4__147657__2316.wav,other,high_tonal_non_siren,ESC-50,fold_4,147657,4-147657-A-46.wav,church_bells,,,,hard_negative,esc-50:147657,siren,0.9842542409896851,other_candidate__esc50__fold_4__147657__2316.wav,,
validation,other_candidate__fsd50k__val__36161__2217.wav,other,high_tonal_non_siren,FSD50K,val,36161,36161.wav,"Applause,Trumpet,Crowd,Bell,Human_group_actions,Brass_instrument,Musical_instrument,Music",,,,hard_negative,fsd50k:36161,speech,0.8548591732978821,other_candidate__fsd50k__val__36161__2217.wav,,
validation,other_candidate__fsd50k__val__14643__2225.wav,other,high_tonal_non_siren,FSD50K,val,14643,14643.wav,"Wind_chime,Chime,Bell",,,,hard_negative,fsd50k:14643,thunderstorm,0.9941880702972412,other_candidate__fsd50k__val__14643__2225.wav,,
validation,other_candidate__fsd50k__val__425195__2247.wav,other,high_tonal_non_siren,FSD50K,val,425195,425195.wav,"Church_bell,Bell",,,,hard_negative,fsd50k:425195,dog_bark,0.7450926303863525,other_candidate__fsd50k__val__425195__2247.wav,,
validation,other_candidate__fsd50k__val__14640__2192.wav,other,high_tonal_non_siren,FSD50K,val,14640,14640.wav,"Wind_chime,Chime,Bell",,,,diversity,fsd50k:14640,thunderstorm,0.987431526184082,other_candidate__fsd50k__val__14640__2192.wav,,
validation,other_candidate__fsd50k__val__250506__2359.wav,other,high_tonal_non_siren,FSD50K,val,250506,250506.wav,"Squeak,Walk_and_footsteps,Sliding_door,Slam,Door,Domestic_sounds_and_home_sounds",,,,diversity,fsd50k:250506,thunderstorm,0.9722276926040649,other_candidate__fsd50k__val__250506__2359.wav,,
validation,other_candidate__esc50__fold_4__209698__2287.wav,other,high_tonal_non_siren,ESC-50,fold_4,209698,4-209698-A-37.wav,clock_alarm,,,,diversity,esc-50:209698,siren,0.9523200392723083,other_candidate__esc50__fold_4__209698__2287.wav,,
validation,other_candidate__fsd50k__val__366728__2171.wav,other,high_tonal_non_siren,FSD50K,val,366728,366728.wav,Squeak,,,,diversity,fsd50k:366728,glass_breaking,0.8415851593017578,other_candidate__fsd50k__val__366728__2171.wav,,
validation,other_candidate__esc50__fold_4__125825__2368.wav,other,high_tonal_non_siren,ESC-50,fold_4,125825,4-125825-A-46.wav,church_bells,,,,diversity,esc-50:125825,glass_breaking,0.6403538584709167,other_candidate__esc50__fold_4__125825__2368.wav,,
validation,other_candidate__fsd50k__val__394657__2310.wav,other,high_tonal_non_siren,FSD50K,val,394657,394657.wav,"Church_bell,Bird_vocalization_and_bird_call_and_bird_song,Bird,Wild_animals,Animal,Bell",,,,diversity,fsd50k:394657,glass_breaking,0.9086716771125793,other_candidate__fsd50k__val__394657__2310.wav,,
validation,other_candidate__fsd50k__val__218537__2365.wav,other,high_tonal_non_siren,FSD50K,val,218537,218537.wav,Squeak,,,,diversity,fsd50k:218537,glass_breaking,0.7482234239578247,other_candidate__fsd50k__val__218537__2365.wav,,
validation,other_candidate__fsd50k__val__70056__2232.wav,other,high_tonal_non_siren,FSD50K,val,70056,70056.wav,"Cowbell,Livestock_and_farm_animals_and_working_animals,Bell,Animal",,,,diversity,fsd50k:70056,glass_breaking,0.9883737564086914,other_candidate__fsd50k__val__70056__2232.wav,,
validation,other_candidate__fsd50k__val__2780__2435.wav,other,clapping_applause,FSD50K,val,2780,2780.wav,"Clapping,Hands",,,,hard_negative,fsd50k:2780,glass_breaking,0.8508743047714233,other_candidate__fsd50k__val__2780__2435.wav,,
validation,other_candidate__fsd50k__val__175536__2466.wav,other,clapping_applause,FSD50K,val,175536,175536.wav,"Clapping,Hands",,,,hard_negative,fsd50k:175536,gunshot_gunfire,0.9729974269866943,other_candidate__fsd50k__val__175536__2466.wav,,
validation,other_candidate__fsd50k__val__391869__2442.wav,other,clapping_applause,FSD50K,val,391869,391869.wav,"Applause,Human_group_actions",,,,hard_negative,fsd50k:391869,siren,0.9915103912353516,other_candidate__fsd50k__val__391869__2442.wav,,
validation,other_candidate__fsd50k__val__18665__2429.wav,other,clapping_applause,FSD50K,val,18665,18665.wav,"Applause,Cheering,Human_group_actions",,,,hard_negative,fsd50k:18665,speech,0.988381564617157,other_candidate__fsd50k__val__18665__2429.wav,,
validation,other_candidate__fsd50k__val__51743__2496.wav,other,clapping_applause,FSD50K,val,51743,51743.wav,"Applause,Human_group_actions",,,,hard_negative,fsd50k:51743,thunderstorm,0.8246447443962097,other_candidate__fsd50k__val__51743__2496.wav,,
validation,other_candidate__fsd50k__val__36162__2480.wav,other,clapping_applause,FSD50K,val,36162,36162.wav,"Applause,Human_group_actions",,,,hard_negative,fsd50k:36162,glass_breaking,0.800997793674469,other_candidate__fsd50k__val__36162__2480.wav,,
validation,other_candidate__fsd50k__val__411042__2452.wav,other,clapping_applause,FSD50K,val,411042,411042.wav,"Clapping,Hands",,,,hard_negative,fsd50k:411042,gunshot_gunfire,0.9694803357124329,other_candidate__fsd50k__val__411042__2452.wav,,
validation,other_candidate__fsd50k__val__102101__2489.wav,other,clapping_applause,FSD50K,val,102101,102101.wav,"Applause,Crowd,Cheering,Human_group_actions",,,,diversity,fsd50k:102101,speech,0.8722982406616211,other_candidate__fsd50k__val__102101__2489.wav,,
validation,other_candidate__fsd50k__val__61288__2390.wav,other,clapping_applause,FSD50K,val,61288,61288.wav,"Clapping,Hands",,,,diversity,fsd50k:61288,speech,0.7743262052536011,other_candidate__fsd50k__val__61288__2390.wav,,
validation,other_candidate__fsd50k__val__171128__2464.wav,other,clapping_applause,FSD50K,val,171128,171128.wav,"Applause,Human_group_actions",,,,diversity,fsd50k:171128,speech,0.8613113760948181,other_candidate__fsd50k__val__171128__2464.wav,,
validation,other_candidate__fsd50k__val__221567__2460.wav,other,clapping_applause,FSD50K,val,221567,221567.wav,"Applause,Crowd,Cheering,Human_group_actions",,,,diversity,fsd50k:221567,speech,0.8638443946838379,other_candidate__fsd50k__val__221567__2460.wav,,
validation,other_candidate__fsd50k__val__139334__2412.wav,other,clapping_applause,FSD50K,val,139334,139334.wav,"Tap,Clapping,Hands",,,,diversity,fsd50k:139334,gunshot_gunfire,0.546872079372406,other_candidate__fsd50k__val__139334__2412.wav,,
validation,other_candidate__fsd50k__val__81202__2446.wav,other,clapping_applause,FSD50K,val,81202,81202.wav,"Applause,Clapping,Human_group_actions,Hands",,,,diversity,fsd50k:81202,gunshot_gunfire,0.88301682472229,other_candidate__fsd50k__val__81202__2446.wav,,
validation,other_candidate__fsd50k__val__178610__2482.wav,other,clapping_applause,FSD50K,val,178610,178610.wav,"Applause,Human_group_actions",,,,diversity,fsd50k:178610,thunderstorm,0.505730152130127,other_candidate__fsd50k__val__178610__2482.wav,,
validation,other_candidate__fsd50k__val__262660__2465.wav,other,clapping_applause,FSD50K,val,262660,262660.wav,"Clapping,Hands",,,,diversity,fsd50k:262660,gunshot_gunfire,0.8402319550514221,other_candidate__fsd50k__val__262660__2465.wav,,
validation,other_candidate__fsd50k__val__395863__2529.wav,other,impulsive,FSD50K,val,395863,395863.wav,"Hammer,Tools",,,,hard_negative,fsd50k:395863,glass_breaking,0.9949836730957031,other_candidate__fsd50k__val__395863__2529.wav,,
validation,other_candidate__fsd50k__val__256512__2616.wav,other,impulsive,FSD50K,val,256512,256512.wav,"Knock,Door,Domestic_sounds_and_home_sounds",,,,hard_negative,fsd50k:256512,gunshot_gunfire,0.9851690530776978,other_candidate__fsd50k__val__256512__2616.wav,,
validation,other_candidate__fsd50k__val__160679__2517.wav,other,impulsive,FSD50K,val,160679,160679.wav,"Hammer,Engine,Tools",,,,hard_negative,fsd50k:160679,siren,0.9308955669403076,other_candidate__fsd50k__val__160679__2517.wav,,
validation,other_candidate__fsd50k__val__187865__2642.wav,other,impulsive,FSD50K,val,187865,187865.wav,"Hammer,Tools",,,,hard_negative,fsd50k:187865,speech,0.905532717704773,other_candidate__fsd50k__val__187865__2642.wav,,
validation,other_candidate__fsd50k__val__262632__2596.wav,other,impulsive,FSD50K,val,262632,262632.wav,Crack,,,,hard_negative,fsd50k:262632,thunderstorm,0.8366312384605408,other_candidate__fsd50k__val__262632__2596.wav,,
validation,other_candidate__fsd50k__val__389692__2665.wav,other,impulsive,FSD50K,val,389692,389692.wav,"Hammer,Tools",,,,hard_negative,fsd50k:389692,glass_breaking,0.9945789575576782,other_candidate__fsd50k__val__389692__2665.wav,,
validation,other_candidate__fsd50k__val__151088__2585.wav,other,impulsive,FSD50K,val,151088,151088.wav,"Knock,Door,Domestic_sounds_and_home_sounds",,,,hard_negative,fsd50k:151088,gunshot_gunfire,0.9850532412528992,other_candidate__fsd50k__val__151088__2585.wav,,
validation,other_candidate__fsd50k__val__250539__2608.wav,other,impulsive,FSD50K,val,250539,250539.wav,"Knock,Door,Domestic_sounds_and_home_sounds",,,,diversity,fsd50k:250539,gunshot_gunfire,0.7970662117004395,other_candidate__fsd50k__val__250539__2608.wav,,
validation,other_candidate__fsd50k__val__236798__2604.wav,other,impulsive,FSD50K,val,236798,236798.wav,"Finger_snapping,Hands",,,,diversity,fsd50k:236798,glass_breaking,0.6136387586593628,other_candidate__fsd50k__val__236798__2604.wav,,
validation,other_candidate__fsd50k__val__22740__2605.wav,other,impulsive,FSD50K,val,22740,22740.wav,"Finger_snapping,Hands",,,,diversity,fsd50k:22740,gunshot_gunfire,0.8116178512573242,other_candidate__fsd50k__val__22740__2605.wav,,
validation,other_candidate__fsd50k__val__387981__2559.wav,other,impulsive,FSD50K,val,387981,387981.wav,"Chirp_and_tweet,Slam,Car,Motor_vehicle_(road),Vehicle,Bird_vocalization_and_bird_call_and_bird_song,Bird,Wild_animals,Animal,Door,Domestic_sounds_and_home_sounds",,,,diversity,fsd50k:387981,gunshot_gunfire,0.5122867226600647,other_candidate__fsd50k__val__387981__2559.wav,,
validation,other_candidate__fsd50k__val__251007__2580.wav,other,impulsive,FSD50K,val,251007,251007.wav,"Slam,Door,Domestic_sounds_and_home_sounds",,,,diversity,fsd50k:251007,gunshot_gunfire,0.8797188997268677,other_candidate__fsd50k__val__251007__2580.wav,,
validation,other_candidate__fsd50k__val__318614__2602.wav,other,impulsive,FSD50K,val,318614,318614.wav,"Knock,Door,Domestic_sounds_and_home_sounds",,,,diversity,fsd50k:318614,gunshot_gunfire,0.7517123222351074,other_candidate__fsd50k__val__318614__2602.wav,,
validation,other_candidate__fsd50k__val__319812__2582.wav,other,impulsive,FSD50K,val,319812,319812.wav,"Finger_snapping,Hands",,,,diversity,fsd50k:319812,gunshot_gunfire,0.40464022755622864,other_candidate__fsd50k__val__319812__2582.wav,,
validation,other_candidate__fsd50k__val__434339__2542.wav,other,impulsive,FSD50K,val,434339,434339.wav,"Hammer,Tools",,,,diversity,fsd50k:434339,glass_breaking,0.97444087266922,other_candidate__fsd50k__val__434339__2542.wav,,
validation,other_candidate__fsd50k__val__395745__2742.wav,other,metallic_fragile,FSD50K,val,395745,395745.wav,"Cutlery_and_silverware,Dishes_and_pots_and_pans,Domestic_sounds_and_home_sounds",,,,hard_negative,fsd50k:395745,glass_breaking,0.9956932663917542,other_candidate__fsd50k__val__395745__2742.wav,,
validation,other_candidate__fsd50k__val__419469__2739.wav,other,metallic_fragile,FSD50K,val,419469,419469.wav,"Coin_(dropping),Domestic_sounds_and_home_sounds",,,,hard_negative,fsd50k:419469,gunshot_gunfire,0.8915934562683105,other_candidate__fsd50k__val__419469__2739.wav,,
validation,other_candidate__fsd50k__val__131935__2745.wav,other,metallic_fragile,FSD50K,val,131935,131935.wav,"Coin_(dropping),Domestic_sounds_and_home_sounds",,,,hard_negative,fsd50k:131935,siren,0.8562214374542236,other_candidate__fsd50k__val__131935__2745.wav,,
validation,other_candidate__fsd50k__val__432422__2690.wav,other,metallic_fragile,FSD50K,val,432422,432422.wav,"Coin_(dropping),Domestic_sounds_and_home_sounds",,,,hard_negative,fsd50k:432422,speech,0.9987396597862244,other_candidate__fsd50k__val__432422__2690.wav,,
validation,other_candidate__fsd50k__val__94206__2811.wav,other,metallic_fragile,FSD50K,val,94206,94206.wav,"Dishes_and_pots_and_pans,Domestic_sounds_and_home_sounds",,,,hard_negative,fsd50k:94206,thunderstorm,0.9676902890205383,other_candidate__fsd50k__val__94206__2811.wav,,
validation,other_candidate__fsd50k__val__323809__2670.wav,other,metallic_fragile,FSD50K,val,323809,323809.wav,"Coin_(dropping),Domestic_sounds_and_home_sounds",,,,hard_negative,fsd50k:323809,glass_breaking,0.9943291544914246,other_candidate__fsd50k__val__323809__2670.wav,,
validation,other_candidate__fsd50k__val__365538__2796.wav,other,metallic_fragile,FSD50K,val,365538,365538.wav,"Cutlery_and_silverware,Domestic_sounds_and_home_sounds",,,,hard_negative,fsd50k:365538,gunshot_gunfire,0.8766232132911682,other_candidate__fsd50k__val__365538__2796.wav,,
validation,other_candidate__fsd50k__val__174080__2825.wav,other,metallic_fragile,FSD50K,val,174080,174080.wav,"Coin_(dropping),Domestic_sounds_and_home_sounds",,,,diversity,fsd50k:174080,thunderstorm,0.3480914831161499,other_candidate__fsd50k__val__174080__2825.wav,,
validation,other_candidate__fsd50k__val__387957__2666.wav,other,metallic_fragile,FSD50K,val,387957,387957.wav,"Cutlery_and_silverware,Domestic_sounds_and_home_sounds",,,,diversity,fsd50k:387957,glass_breaking,0.8730044364929199,other_candidate__fsd50k__val__387957__2666.wav,,
validation,other_candidate__fsd50k__val__134885__2801.wav,other,metallic_fragile,FSD50K,val,134885,134885.wav,"Keys_jangling,Domestic_sounds_and_home_sounds",,,,diversity,fsd50k:134885,glass_breaking,0.9239833354949951,other_candidate__fsd50k__val__134885__2801.wav,,
validation,other_candidate__fsd50k__val__16428__2675.wav,other,metallic_fragile,FSD50K,val,16428,16428.wav,"Coin_(dropping),Domestic_sounds_and_home_sounds",,,,diversity,fsd50k:16428,speech,0.38666805624961853,other_candidate__fsd50k__val__16428__2675.wav,,
validation,other_candidate__fsd50k__val__185145__2738.wav,other,metallic_fragile,FSD50K,val,185145,185145.wav,"Coin_(dropping),Domestic_sounds_and_home_sounds",,,,diversity,fsd50k:185145,glass_breaking,0.8839346766471863,other_candidate__fsd50k__val__185145__2738.wav,,
validation,other_candidate__fsd50k__val__94267__2732.wav,other,metallic_fragile,FSD50K,val,94267,94267.wav,"Dishes_and_pots_and_pans,Domestic_sounds_and_home_sounds",,,,diversity,fsd50k:94267,glass_breaking,0.966501772403717,other_candidate__fsd50k__val__94267__2732.wav,,
validation,other_candidate__fsd50k__val__94269__2817.wav,other,metallic_fragile,FSD50K,val,94269,94269.wav,"Dishes_and_pots_and_pans,Domestic_sounds_and_home_sounds",,,,diversity,fsd50k:94269,glass_breaking,0.6443008780479431,other_candidate__fsd50k__val__94269__2817.wav,,
validation,other_candidate__fsd50k__val__167564__2795.wav,other,metallic_fragile,FSD50K,val,167564,167564.wav,"Coin_(dropping),Domestic_sounds_and_home_sounds",,,,diversity,fsd50k:167564,glass_breaking,0.8294544816017151,other_candidate__fsd50k__val__167564__2795.wav,,
validation,other_candidate__esc50__fold_4__172500__2959.wav,other,human_non_speech,ESC-50,fold_4,172500,4-172500-B-27.wav,brushing_teeth,,,,hard_negative,esc-50:172500,dog_bark,0.9358643293380737,other_candidate__esc50__fold_4__172500__2959.wav,,
validation,other_candidate__fsd50k__val__392340__3002.wav,other,human_non_speech,FSD50K,val,392340,392340.wav,Chewing_and_mastication,,,,hard_negative,fsd50k:392340,glass_breaking,0.9716297388076782,other_candidate__fsd50k__val__392340__3002.wav,,
validation,other_candidate__fsd50k__val__173596__3009.wav,other,human_non_speech,FSD50K,val,173596,173596.wav,"Walk_and_footsteps,Run",,,,hard_negative,fsd50k:173596,gunshot_gunfire,0.8770222067832947,other_candidate__fsd50k__val__173596__3009.wav,,
validation,other_candidate__fsd50k__val__241721__2968.wav,other,human_non_speech,FSD50K,val,241721,241721.wav,"Walk_and_footsteps,Car_passing_by,Engine,Car,Motor_vehicle_(road),Vehicle",,,,hard_negative,fsd50k:241721,siren,0.9703238606452942,other_candidate__fsd50k__val__241721__2968.wav,,
validation,other_candidate__fsd50k__val__325569__2832.wav,other,human_non_speech,FSD50K,val,325569,325569.wav,"Cough,Respiratory_sounds",,,,hard_negative,fsd50k:325569,speech,0.9994025230407715,other_candidate__fsd50k__val__325569__2832.wav,,
validation,other_candidate__esc50__fold_4__194979__2992.wav,other,human_non_speech,ESC-50,fold_4,194979,4-194979-A-25.wav,footsteps,,,,hard_negative,esc-50:194979,thunderstorm,0.9742770195007324,other_candidate__esc50__fold_4__194979__2992.wav,,
validation,other_candidate__fsd50k__val__265483__2879.wav,other,human_non_speech,FSD50K,val,265483,265483.wav,Chewing_and_mastication,,,,hard_negative,fsd50k:265483,dog_bark,0.9033195376396179,other_candidate__fsd50k__val__265483__2879.wav,,
validation,other_candidate__fsd50k__val__19212__2893.wav,other,human_non_speech,FSD50K,val,19212,19212.wav,"Giggle,Laughter,Human_voice",,,,diversity,fsd50k:19212,speech,0.9628130793571472,other_candidate__fsd50k__val__19212__2893.wav,,
validation,other_candidate__esc50__fold_4__207116__2835.wav,other,human_non_speech,ESC-50,fold_4,207116,4-207116-A-23.wav,breathing,,,,diversity,esc-50:207116,thunderstorm,0.47051993012428284,other_candidate__esc50__fold_4__207116__2835.wav,,
validation,other_candidate__fsd50k__val__199567__2979.wav,other,human_non_speech,FSD50K,val,199567,199567.wav,"Walk_and_footsteps,Chirp_and_tweet,Bird_vocalization_and_bird_call_and_bird_song,Bird,Wild_animals,Animal",,,,diversity,fsd50k:199567,glass_breaking,0.5322843194007874,other_candidate__fsd50k__val__199567__2979.wav,,
validation,other_candidate__fsd50k__val__413645__2878.wav,other,human_non_speech,FSD50K,val,413645,413645.wav,Chewing_and_mastication,,,,diversity,fsd50k:413645,glass_breaking,0.826277494430542,other_candidate__fsd50k__val__413645__2878.wav,,
validation,other_candidate__fsd50k__val__342201__3042.wav,other,human_non_speech,FSD50K,val,342201,342201.wav,Burping_and_eructation,,,,diversity,fsd50k:342201,speech,0.8955885171890259,other_candidate__fsd50k__val__342201__3042.wav,,
validation,other_candidate__fsd50k__val__379297__2991.wav,other,human_non_speech,FSD50K,val,379297,379297.wav,"Walk_and_footsteps,Run",,,,diversity,fsd50k:379297,thunderstorm,0.8270900845527649,other_candidate__fsd50k__val__379297__2991.wav,,
validation,other_candidate__fsd50k__val__254884__2957.wav,other,human_non_speech,FSD50K,val,254884,254884.wav,"Sneeze,Respiratory_sounds",,,,diversity,fsd50k:254884,speech,0.7624226212501526,other_candidate__fsd50k__val__254884__2957.wav,,
validation,other_candidate__esc50__fold_4__185619__2894.wav,other,human_non_speech,ESC-50,fold_4,185619,4-185619-A-21.wav,sneezing,,,,diversity,esc-50:185619,speech,0.9180764555931091,other_candidate__esc50__fold_4__185619__2894.wav,,
validation,other_candidate__fsd50k__val__17909__3138.wav,other,animal_non_target,FSD50K,val,17909,17909.wav,"Livestock_and_farm_animals_and_working_animals,Animal",,,,hard_negative,fsd50k:17909,dog_bark,0.9916852712631226,other_candidate__fsd50k__val__17909__3138.wav,,
validation,other_candidate__fsd50k__val__157398__3195.wav,other,animal_non_target,FSD50K,val,157398,157398.wav,"Livestock_and_farm_animals_and_working_animals,Animal",,,,hard_negative,fsd50k:157398,glass_breaking,0.9942799806594849,other_candidate__fsd50k__val__157398__3195.wav,,
validation,other_candidate__fsd50k__val__32679__3112.wav,other,animal_non_target,FSD50K,val,32679,32679.wav,"Livestock_and_farm_animals_and_working_animals,Animal",,,,hard_negative,fsd50k:32679,gunshot_gunfire,0.9519999027252197,other_candidate__fsd50k__val__32679__3112.wav,,
validation,other_candidate__fsd50k__val__345761__3118.wav,other,animal_non_target,FSD50K,val,345761,345761.wav,"Chirp_and_tweet,Car_passing_by,Engine,Bird_vocalization_and_bird_call_and_bird_song,Bird,Wild_animals,Animal,Car,Motor_vehicle_(road),Vehicle",,,,hard_negative,fsd50k:345761,siren,0.9936989545822144,other_candidate__fsd50k__val__345761__3118.wav,,
validation,other_candidate__fsd50k__val__120160__3197.wav,other,animal_non_target,FSD50K,val,120160,120160.wav,"Meow,Cat,Domestic_animals_and_pets,Animal",,,,hard_negative,fsd50k:120160,speech,0.990580141544342,other_candidate__fsd50k__val__120160__3197.wav,,
validation,other_candidate__fsd50k__val__275640__3128.wav,other,animal_non_target,FSD50K,val,275640,275640.wav,"Cricket,Wind,Insect,Wild_animals,Animal",,,,hard_negative,fsd50k:275640,thunderstorm,0.9706539511680603,other_candidate__fsd50k__val__275640__3128.wav,,
validation,other_candidate__fsd50k__val__76796__3200.wav,other,animal_non_target,FSD50K,val,76796,76796.wav,"Livestock_and_farm_animals_and_working_animals,Animal",,,,hard_negative,fsd50k:76796,dog_bark,0.9858706593513489,other_candidate__fsd50k__val__76796__3200.wav,,
validation,other_candidate__fsd50k__val__77241__3250.wav,other,animal_non_target,FSD50K,val,77241,77241.wav,"Livestock_and_farm_animals_and_working_animals,Animal",,,,diversity,fsd50k:77241,siren,0.9485720992088318,other_candidate__fsd50k__val__77241__3250.wav,,
validation,other_candidate__esc50__fold_4__196671__3164.wav,other,animal_non_target,ESC-50,fold_4,196671,4-196671-A-8.wav,sheep,,,,diversity,esc-50:196671,speech,0.9465240240097046,other_candidate__esc50__fold_4__196671__3164.wav,,
validation,other_candidate__fsd50k__val__263786__3220.wav,other,animal_non_target,FSD50K,val,263786,263786.wav,"Gull_and_seagull,Bird,Wild_animals,Animal",,,,diversity,fsd50k:263786,dog_bark,0.9477681517601013,other_candidate__fsd50k__val__263786__3220.wav,,
validation,other_candidate__fsd50k__val__29535__3214.wav,other,animal_non_target,FSD50K,val,29535,29535.wav,"Chicken_and_rooster,Fowl,Livestock_and_farm_animals_and_working_animals,Animal",,,,diversity,fsd50k:29535,thunderstorm,0.7639028429985046,other_candidate__fsd50k__val__29535__3214.wav,,
validation,other_candidate__esc50__fold_4__208021__3301.wav,other,animal_non_target,ESC-50,fold_4,208021,4-208021-A-1.wav,rooster,,,,diversity,esc-50:208021,dog_bark,0.6299191117286682,other_candidate__esc50__fold_4__208021__3301.wav,,
validation,other_candidate__fsd50k__val__39990__3160.wav,other,animal_non_target,FSD50K,val,39990,39990.wav,"Meow,Cat,Domestic_animals_and_pets,Animal",,,,diversity,fsd50k:39990,speech,0.9027056694030762,other_candidate__fsd50k__val__39990__3160.wav,,
validation,other_candidate__fsd50k__val__117250__3168.wav,other,animal_non_target,FSD50K,val,117250,117250.wav,"Livestock_and_farm_animals_and_working_animals,Animal",,,,diversity,fsd50k:117250,speech,0.822202742099762,other_candidate__fsd50k__val__117250__3168.wav,,
validation,other_candidate__esc50__fold_4__147240__3279.wav,other,animal_non_target,ESC-50,fold_4,147240,4-147240-A-2.wav,pig,,,,diversity,esc-50:147240,speech,0.9798163175582886,other_candidate__esc50__fold_4__147240__3279.wav,,
validation,other_candidate__fsd50k__val__42973__3347.wav,other,weather_ambient,FSD50K,val,42973,42973.wav,Wind,,,,hard_negative,fsd50k:42973,dog_bark,0.8047819137573242,other_candidate__fsd50k__val__42973__3347.wav,,
validation,other_candidate__esc50__fold_4__180453__3334.wav,other,weather_ambient,ESC-50,fold_4,180453,4-180453-A-17.wav,pouring_water,,,,hard_negative,esc-50:180453,glass_breaking,0.9866644144058228,other_candidate__esc50__fold_4__180453__3334.wav,,
validation,other_candidate__fsd50k__val__351745__3353.wav,other,weather_ambient,FSD50K,val,351745,351745.wav,"Waves_and_surf,Ocean,Water",,,,hard_negative,fsd50k:351745,gunshot_gunfire,0.7787054181098938,other_candidate__fsd50k__val__351745__3353.wav,,
validation,other_candidate__esc50__fold_4__144085__3380.wav,other,weather_ambient,ESC-50,fold_4,144085,4-144085-A-16.wav,wind,,,,hard_negative,esc-50:144085,siren,0.996340811252594,other_candidate__esc50__fold_4__144085__3380.wav,,
validation,other_candidate__fsd50k__val__188501__3373.wav,other,weather_ambient,FSD50K,val,188501,188501.wav,Wind,,,,hard_negative,fsd50k:188501,speech,0.9746860265731812,other_candidate__fsd50k__val__188501__3373.wav,,
validation,other_candidate__esc50__fold_4__181286__3358.wav,other,weather_ambient,ESC-50,fold_4,181286,4-181286-A-10.wav,rain,,,,hard_negative,esc-50:181286,thunderstorm,0.9984955787658691,other_candidate__esc50__fold_4__181286__3358.wav,,
validation,other_candidate__fsd50k__val__181355__3414.wav,other,weather_ambient,FSD50K,val,181355,181355.wav,"Sink_(filling_or_washing),Water,Hands,Domestic_sounds_and_home_sounds",,,,hard_negative,fsd50k:181355,glass_breaking,0.9536691308021545,other_candidate__fsd50k__val__181355__3414.wav,,
validation,other_candidate__fsd50k__val__170898__3394.wav,other,weather_ambient,FSD50K,val,170898,170898.wav,"Stream,Gurgling,Water",,,,diversity,fsd50k:170898,thunderstorm,0.9012271761894226,other_candidate__fsd50k__val__170898__3394.wav,,
validation,other_candidate__fsd50k__val__395105__3431.wav,other,weather_ambient,FSD50K,val,395105,395105.wav,"Stream,Water",,,,diversity,fsd50k:395105,thunderstorm,0.9706493616104126,other_candidate__fsd50k__val__395105__3431.wav,,
validation,other_candidate__fsd50k__val__368470__3458.wav,other,weather_ambient,FSD50K,val,368470,368470.wav,Wind,,,,diversity,fsd50k:368470,thunderstorm,0.99164879322052,other_candidate__fsd50k__val__368470__3458.wav,,
validation,other_candidate__fsd50k__val__345997__3364.wav,other,weather_ambient,FSD50K,val,345997,345997.wav,"Stream,Gurgling,Water",,,,diversity,fsd50k:345997,thunderstorm,0.7250613570213318,other_candidate__fsd50k__val__345997__3364.wav,,
validation,other_candidate__esc50__fold_4__195497__3346.wav,other,weather_ambient,ESC-50,fold_4,195497,4-195497-B-11.wav,sea_waves,,,,diversity,esc-50:195497,thunderstorm,0.9420738220214844,other_candidate__esc50__fold_4__195497__3346.wav,,
validation,other_candidate__fsd50k__val__47388__3474.wav,other,weather_ambient,FSD50K,val,47388,47388.wav,"Raindrop,Drip,Rain,Water,Liquid",,,,diversity,fsd50k:47388,glass_breaking,0.5790303945541382,other_candidate__fsd50k__val__47388__3474.wav,,
validation,other_candidate__fsd50k__val__57654__3444.wav,other,weather_ambient,FSD50K,val,57654,57654.wav,Wind,,,,diversity,fsd50k:57654,thunderstorm,0.8787750005722046,other_candidate__fsd50k__val__57654__3444.wav,,
validation,other_candidate__fsd50k__val__340295__3382.wav,other,weather_ambient,FSD50K,val,340295,340295.wav,"Toilet_flush,Gurgling,Domestic_sounds_and_home_sounds,Water",,,,diversity,fsd50k:340295,glass_breaking,0.9216739535331726,other_candidate__fsd50k__val__340295__3382.wav,,
validation,other_candidate__fsd50k__val__253580__3529.wav,other,domestic_mechanical,FSD50K,val,253580,253580.wav,"Boat_and_Water_vehicle,Vehicle",,,,hard_negative,fsd50k:253580,dog_bark,0.8649469017982483,other_candidate__fsd50k__val__253580__3529.wav,,
validation,other_candidate__fsd50k__val__434660__3717.wav,other,domestic_mechanical,FSD50K,val,434660,434660.wav,"Engine_starting,Engine",,,,hard_negative,fsd50k:434660,glass_breaking,0.9745315909385681,other_candidate__fsd50k__val__434660__3717.wav,,
validation,other_candidate__fsd50k__val__196702__3725.wav,other,domestic_mechanical,FSD50K,val,196702,196702.wav,"Skateboard,Vehicle",,,,hard_negative,fsd50k:196702,gunshot_gunfire,0.9935454726219177,other_candidate__fsd50k__val__196702__3725.wav,,
validation,other_candidate__fsd50k__val__385821__3689.wav,other,domestic_mechanical,FSD50K,val,385821,385821.wav,"Train,Rail_transport,Vehicle",,,,hard_negative,fsd50k:385821,siren,0.9981070756912231,other_candidate__fsd50k__val__385821__3689.wav,,
validation,other_candidate__fsd50k__val__372002__3565.wav,other,domestic_mechanical,FSD50K,val,372002,372002.wav,"Train,Rail_transport,Vehicle",,,,hard_negative,fsd50k:372002,speech,0.9989789724349976,other_candidate__fsd50k__val__372002__3565.wav,,
validation,other_candidate__fsd50k__val__46504__3729.wav,other,domestic_mechanical,FSD50K,val,46504,46504.wav,"Idling,Engine",,,,hard_negative,fsd50k:46504,thunderstorm,0.969325840473175,other_candidate__fsd50k__val__46504__3729.wav,,
validation,other_candidate__fsd50k__val__366441__3713.wav,other,domestic_mechanical,FSD50K,val,366441,366441.wav,"Tick-tock,Clock,Mechanisms",,,,hard_negative,fsd50k:366441,glass_breaking,0.9727714657783508,other_candidate__fsd50k__val__366441__3713.wav,,
validation,other_candidate__esc50__fold_4__204612__3619.wav,other,domestic_mechanical,ESC-50,fold_4,204612,4-204612-A-31.wav,mouse_click,,,,diversity,esc-50:204612,glass_breaking,0.7840631604194641,other_candidate__esc50__fold_4__204612__3619.wav,,
validation,other_candidate__fsd50k__val__182324__3577.wav,other,domestic_mechanical,FSD50K,val,182324,182324.wav,"Sliding_door,Door,Domestic_sounds_and_home_sounds",,,,diversity,fsd50k:182324,glass_breaking,0.47824954986572266,other_candidate__fsd50k__val__182324__3577.wav,,
validation,other_candidate__fsd50k__val__157611__3496.wav,other,domestic_mechanical,FSD50K,val,157611,157611.wav,"Sawing,Engine,Tools",,,,diversity,fsd50k:157611,siren,0.6495322585105896,other_candidate__fsd50k__val__157611__3496.wav,,
validation,other_candidate__fsd50k__val__34855__3549.wav,other,domestic_mechanical,FSD50K,val,34855,34855.wav,"Tick-tock,Clock,Mechanisms",,,,diversity,fsd50k:34855,glass_breaking,0.7751075029373169,other_candidate__fsd50k__val__34855__3549.wav,,
validation,other_candidate__fsd50k__val__410472__3540.wav,other,domestic_mechanical,FSD50K,val,410472,410472.wav,"Skateboard,Vehicle",,,,diversity,fsd50k:410472,glass_breaking,0.6863350868225098,other_candidate__fsd50k__val__410472__3540.wav,,
validation,other_candidate__fsd50k__val__429939__3566.wav,other,domestic_mechanical,FSD50K,val,429939,429939.wav,"Subway_and_metro_and_underground,Rail_transport,Vehicle",,,,diversity,fsd50k:429939,speech,0.9296087622642517,other_candidate__fsd50k__val__429939__3566.wav,,
validation,other_candidate__esc50__fold_4__160036__3655.wav,other,domestic_mechanical,ESC-50,fold_4,160036,4-160036-A-33.wav,door_wood_creaks,,,,diversity,esc-50:160036,gunshot_gunfire,0.8036493062973022,other_candidate__esc50__fold_4__160036__3655.wav,,
validation,other_candidate__fsd50k__val__110135__3710.wav,other,domestic_mechanical,FSD50K,val,110135,110135.wav,"Bus,Motor_vehicle_(road),Vehicle",,,,diversity,fsd50k:110135,speech,0.7658060193061829,other_candidate__fsd50k__val__110135__3710.wav,,
validation,other_candidate__fsd50k__val__238499__3922.wav,other,music,FSD50K,val,238499,238499.wav,"Female_singing,Singing,Human_voice",,,,hard_negative,fsd50k:238499,dog_bark,0.9848398566246033,other_candidate__fsd50k__val__238499__3922.wav,,
validation,other_candidate__fsd50k__val__186501__3930.wav,other,music,FSD50K,val,186501,186501.wav,"Marimba_and_xylophone,Keyboard_(musical),Musical_instrument,Music,Mallet_percussion,Percussion",,,,hard_negative,fsd50k:186501,glass_breaking,0.9889483451843262,other_candidate__fsd50k__val__186501__3930.wav,,
validation,other_candidate__fsd50k__val__74177__3896.wav,other,music,FSD50K,val,74177,74177.wav,"Snare_drum,Drum,Percussion,Musical_instrument,Music",,,,hard_negative,fsd50k:74177,gunshot_gunfire,0.8877735733985901,other_candidate__fsd50k__val__74177__3896.wav,,
validation,other_candidate__fsd50k__val__99961__3886.wav,other,music,FSD50K,val,99961,99961.wav,"Trumpet,Brass_instrument,Musical_instrument,Music",,,,hard_negative,fsd50k:99961,siren,0.9981060028076172,other_candidate__fsd50k__val__99961__3886.wav,,
validation,other_candidate__fsd50k__val__180049__3910.wav,other,music,FSD50K,val,180049,180049.wav,"Male_singing,Singing,Human_voice",,,,hard_negative,fsd50k:180049,speech,0.9497247338294983,other_candidate__fsd50k__val__180049__3910.wav,,
validation,other_candidate__fsd50k__val__51837__3876.wav,other,music,FSD50K,val,51837,51837.wav,"Gong,Percussion,Musical_instrument,Music",,,,hard_negative,fsd50k:51837,thunderstorm,0.865912139415741,other_candidate__fsd50k__val__51837__3876.wav,,
validation,other_candidate__fsd50k__val__427987__3831.wav,other,music,FSD50K,val,427987,427987.wav,"Singing,Human_voice",,,,hard_negative,fsd50k:427987,dog_bark,0.9836719632148743,other_candidate__fsd50k__val__427987__3831.wav,,
validation,other_candidate__fsd50k__val__130414__3947.wav,other,music,FSD50K,val,130414,130414.wav,"Tabla,Drum,Percussion,Musical_instrument,Music",,,,diversity,fsd50k:130414,speech,0.3287382423877716,other_candidate__fsd50k__val__130414__3947.wav,,
validation,other_candidate__fsd50k__val__101383__3815.wav,other,music,FSD50K,val,101383,101383.wav,"Piano,Keyboard_(musical),Musical_instrument,Music",,,,diversity,fsd50k:101383,glass_breaking,0.8757907152175903,other_candidate__fsd50k__val__101383__3815.wav,,
validation,other_candidate__fsd50k__val__109368__3805.wav,other,music,FSD50K,val,109368,109368.wav,"Marimba_and_xylophone,Mallet_percussion,Percussion,Musical_instrument,Music",,,,diversity,fsd50k:109368,glass_breaking,0.9096808433532715,other_candidate__fsd50k__val__109368__3805.wav,,
validation,other_candidate__fsd50k__val__374133__3935.wav,other,music,FSD50K,val,374133,374133.wav,"Trumpet,Brass_instrument,Musical_instrument,Music",,,,diversity,fsd50k:374133,siren,0.9672363996505737,other_candidate__fsd50k__val__374133__3935.wav,,
validation,other_candidate__fsd50k__val__179055__3856.wav,other,music,FSD50K,val,179055,179055.wav,"Wind_instrument_and_woodwind_instrument,Drum,Musical_instrument,Music,Percussion",,,,diversity,fsd50k:179055,siren,0.8822166323661804,other_candidate__fsd50k__val__179055__3856.wav,,
validation,other_candidate__fsd50k__val__341793__3758.wav,other,music,FSD50K,val,341793,341793.wav,"Musical_instrument,Music",,,,diversity,fsd50k:341793,speech,0.7311124205589294,other_candidate__fsd50k__val__341793__3758.wav,,
validation,other_candidate__fsd50k__val__144481__3913.wav,other,music,FSD50K,val,144481,144481.wav,"Snare_drum,Drum,Percussion,Musical_instrument,Music",,,,diversity,fsd50k:144481,glass_breaking,0.5672405362129211,other_candidate__fsd50k__val__144481__3913.wav,,
validation,other_candidate__fsd50k__val__412332__3891.wav,other,music,FSD50K,val,412332,412332.wav,"Piano,Keyboard_(musical),Musical_instrument,Music",,,,diversity,fsd50k:412332,speech,0.6653140187263489,other_candidate__fsd50k__val__412332__3891.wav,,
