dataset_role,other_group,source_dataset,source_partition,source_id,source_filename,source_labels,filename,stimulus_sha256,patch_count,hardness_score,hardest_predicted_class,hardest_patch_within_clip,mean_top_class,mean_top_score,mean_score_dog_bark,mean_score_glass_breaking,mean_score_gunshot_gunfire,mean_score_siren,mean_score_speech,mean_score_thunderstorm,selection_tier,candidate_filename,excerpt_start_s,excerpt_duration_s
train,high_tonal_non_siren,FSD50K,train,189784,189784.wav,Bell,other__fsd50k__train__189784__hard3s.wav,3830cd9dc6a181c9a072fda8978c01216b09b9ed5caee7c408b3bf931f0909a9,13,0.9981227517127991,glass_breaking,1,glass_breaking,0.8311319947242737,0.0021164061035960913,0.8311319947242737,0.09844708442687988,0.007955050095915794,0.015087416395545006,0.045262012630701065,hard_negative,other_candidate__fsd50k__train__189784__0130.wav,0.000000,3.000
train,high_tonal_non_siren,FSD50K,train,234178,234178.wav,Squeak,other__fsd50k__train__234178__hard3s.wav,14ba665e35a461591da60679f3dca1216dd472156689c0553e64af2608254989,10,0.9311307072639465,gunshot_gunfire,9,gunshot_gunfire,0.3668283522129059,0.1093524843454361,0.08521374315023422,0.3668283522129059,0.14688655734062195,0.19554537534713745,0.09617345035076141,hard_negative,other_candidate__fsd50k__train__234178__0118.wav,4.722676,3.000
train,high_tonal_non_siren,FSD50K,train,104096,104096.wav,Squeak,other__fsd50k__train__104096__hard3s.wav,d9f8f37bb242ff7ed7a0c4debe6960d080b0d0e30a00518e42af6fb07e7f1252,3,0.9981107711791992,siren,1,siren,0.525733232498169,0.12077629566192627,0.02554362080991268,0.016007449477910995,0.525733232498169,0.29301801323890686,0.018921399489045143,hard_negative,other_candidate__fsd50k__train__104096__0030.wav,0.000000,3.000
train,high_tonal_non_siren,FSD50K,train,122770,122770.wav,"Squeak,Door,Domestic_sounds_and_home_sounds",other__fsd50k__train__122770__hard3s.wav,a0c90859d8f8d71e0612a18ffa6b4f11e11d775f5ad9d3da82f60696925f2a90,8,0.942444920539856,speech,4,speech,0.42964255809783936,0.1954563856124878,0.036284420639276505,0.012701205909252167,0.31794464588165283,0.42964255809783936,0.007970836013555527,hard_negative,other_candidate__fsd50k__train__122770__0170.wav,1.880000,3.000
train,high_tonal_non_siren,FSD50K,train,346154,346154.wav,"Squeak,Slam,Wood,Door,Domestic_sounds_and_home_sounds",other__fsd50k__train__346154__hard3s.wav,719d031c54a3d42a53442e0f9972a9930898cb066b4eb8fc75fb2dc7cf991121,10,0.9553054571151733,thunderstorm,7,glass_breaking,0.31288519501686096,0.03111753799021244,0.31288519501686096,0.14012542366981506,0.04787103086709976,0.24575772881507874,0.22224311530590057,hard_negative,other_candidate__fsd50k__train__346154__0121.wav,4.040000,3.000
train,high_tonal_non_siren,FSD50K,train,131012,131012.wav,"Wind_chime,Chime,Bell",other__fsd50k__train__131012__hard3s.wav,961916d851e1e7d100d7739a4ed8c8c079cb03ea8b5622f2bf5beac3d1a918ab,6,0.9957590699195862,glass_breaking,0,glass_breaking,0.9484438300132751,0.0031573872547596693,0.9484438300132751,0.0021311724558472633,0.03055448830127716,0.013144942931830883,0.002568227471783757,hard_negative,other_candidate__fsd50k__train__131012__0198.wav,0.000000,3.000
train,high_tonal_non_siren,FSD50K,train,13840,13840.wav,Squeak,other__fsd50k__train__13840__hard3s.wav,d722305791f7d94820fb8ae76968dfee93817d45b3f1d5c23f61ced2de479746,10,0.8743720054626465,gunshot_gunfire,8,speech,0.317243367433548,0.09045485407114029,0.158875972032547,0.17394296824932098,0.023905497044324875,0.317243367433548,0.2355773001909256,hard_negative,other_candidate__fsd50k__train__13840__0006.wav,4.760000,3.000
train,high_tonal_non_siren,FSD50K,train,261092,261092.wav,Squeak,other__fsd50k__train__261092__hard3s.wav,7c78b59a6063d86fdae82b1c9ebf4d082a755cefe32979dc411b5638880951a0,10,0.9914512038230896,siren,6,siren,0.5637869238853455,0.12525708973407745,0.11037631332874298,0.03476894646883011,0.5637869238853455,0.11211569607257843,0.05369510129094124,hard_negative,other_candidate__fsd50k__train__261092__0050.wav,3.320000,3.000
train,high_tonal_non_siren,FSD50K,train,151589,151589.wav,"Squeak,Door,Domestic_sounds_and_home_sounds",other__fsd50k__train__151589__hard3s.wav,5a7fa05b1c0a0601be9e9b59d8b08b802aea194199cf4677bc8dcee2183defc3,8,0.8896239995956421,speech,1,speech,0.515661895275116,0.03122800402343273,0.09393592178821564,0.19152382016181946,0.12182863056659698,0.515661895275116,0.04582174867391586,hard_negative,other_candidate__fsd50k__train__151589__0142.wav,0.000000,3.000
train,high_tonal_non_siren,FSD50K,train,81736,81736.wav,"Dishes_and_pots_and_pans,Bell,Domestic_sounds_and_home_sounds",other__fsd50k__train__81736__hard3s.wav,809908a7afc644148d70d91b5343154257e0cec8ede6dd5b401f2ef00f241356,8,0.8467510938644409,thunderstorm,7,thunderstorm,0.34119224548339844,0.08140106499195099,0.18155968189239502,0.09368938952684402,0.22270499169826508,0.07945267111063004,0.34119224548339844,hard_negative,other_candidate__fsd50k__train__81736__0069.wav,3.665057,3.000
train,high_tonal_non_siren,FSD50K,train,29966,29966.wav,"Chime,Bell",other__fsd50k__train__29966__hard3s.wav,e8a1c1c6ad0602f0cfa1d599838e24e006adf1eb77720d0f57fb150f0e57356b,13,0.9937384128570557,glass_breaking,1,glass_breaking,0.7416603565216064,0.006646889727562666,0.7416603565216064,0.08889876306056976,0.10674844682216644,0.01799040287733078,0.0380551815032959,hard_negative,other_candidate__fsd50k__train__29966__0018.wav,0.000000,3.000
train,high_tonal_non_siren,FSD50K,train,216878,216878.wav,Squeak,other__fsd50k__train__216878__hard3s.wav,49f3adc6e60a5f56cf435ab8ed4261721156e8f1bf723ff754c723a42cf4b92a,3,0.8139542937278748,gunshot_gunfire,0,siren,0.3449718654155731,0.013790718279778957,0.1608818918466568,0.2800593078136444,0.3449718654155731,0.1658329963684082,0.034463196992874146,hard_negative,other_candidate__fsd50k__train__216878__0157.wav,0.000000,3.000
train,high_tonal_non_siren,FSD50K,train,109718,109718.wav,Bell,other__fsd50k__train__109718__hard3s.wav,0db2fe6f95bfb8fa45e9c871235452ef7077f6052ec1da67abcf69797e73dc01,13,0.9912028312683105,siren,0,siren,0.9212649464607239,0.0039029514882713556,0.01620541699230671,0.01762739196419716,0.9212649464607239,0.02799731120467186,0.013001937419176102,hard_negative,other_candidate__fsd50k__train__109718__0079.wav,0.000000,3.000
train,high_tonal_non_siren,FSD50K,train,264135,264135.wav,Squeak,other__fsd50k__train__264135__hard3s.wav,b47eb3477c3a905a328ff72a329055e643651a47a857f0e5eeab23cb91b0a26a,1,0.8858284950256348,speech,0,speech,0.8858284950256348,0.06664039939641953,0.008349931798875332,0.021535076200962067,0.011176017113029957,0.8858284950256348,0.00646999990567565,hard_negative,other_candidate__fsd50k__train__264135__0054.wav,0.000000,3.000
train,high_tonal_non_siren,FSD50K,train,261088,261088.wav,Squeak,other__fsd50k__train__261088__hard3s.wav,ba4587450498b5f99d080a1422113c812c414e8a781c7ad226d040aa13c4e131,9,0.6321478486061096,thunderstorm,8,gunshot_gunfire,0.28387513756752014,0.02440115064382553,0.25880715250968933,0.28387513756752014,0.07303030043840408,0.1273961365222931,0.23249009251594543,hard_negative,other_candidate__fsd50k__train__261088__0067.wav,4.131429,3.000
train,high_tonal_non_siren,FSD50K,train,234210,234210.wav,Squeak,other__fsd50k__train__234210__hard3s.wav,6237450a8a0d4c207b87522ea4108ed54ea1275ba1e89c3e5ef890e83b25be6a,11,0.9874661564826965,glass_breaking,5,glass_breaking,0.4785248637199402,0.08804013580083847,0.4785248637199402,0.21819359064102173,0.05762690678238869,0.08012135326862335,0.0774931013584137,hard_negative,other_candidate__fsd50k__train__234210__0187.wav,2.600000,3.000
train,high_tonal_non_siren,FSD50K,train,104525,104525.wav,"Squeak,Slam,Wood,Door,Domestic_sounds_and_home_sounds",other__fsd50k__train__104525__hard3s.wav,73b27b6e7d83ea145a2f3442217fe4f7007fe1f0e47625a06ac9484d281d5669,2,0.6481491327285767,gunshot_gunfire,1,gunshot_gunfire,0.3369361460208893,0.16975271701812744,0.042339373379945755,0.3369361460208893,0.16442060470581055,0.25638848543167114,0.030162649229168892,hard_negative,other_candidate__fsd50k__train__104525__0186.wav,0.000000,3.000
train,high_tonal_non_siren,ESC-50,fold_3,117793,3-117793-A-37.wav,clock_alarm,other__esc50__fold_3__117793__hard3s.wav,403a522c137b94195bdf3d9175aa3432a76018e41fd049f74cbd6da900f38cd4,2,0.9596261978149414,siren,1,siren,0.9316409826278687,0.000266951450612396,0.0027859872207045555,0.0049562277272343636,0.9316409826278687,0.060010332614183426,0.00033951469231396914,hard_negative,other_candidate__esc50__fold_3__117793__0108.wav,0.000000,3.000
train,high_tonal_non_siren,FSD50K,train,151837,151837.wav,Squeak,other__fsd50k__train__151837__hard3s.wav,2b14bf731b1cd6df49aceebed9a61504494afe1c712f3095fb081c065c0e234b,2,0.6685451865196228,speech,0,speech,0.6459136009216309,0.13307718932628632,0.10270726680755615,0.07619086652994156,0.03168835863471031,0.6459136009216309,0.010422700084745884,hard_negative,other_candidate__fsd50k__train__151837__0206.wav,0.000000,3.000
train,high_tonal_non_siren,FSD50K,train,261089,261089.wav,"Squeak,Door,Wood,Domestic_sounds_and_home_sounds",other__fsd50k__train__261089__hard3s.wav,26145e2584ab5464fc9e227e8e8b1d9a926da02b308f072bfebe7a4eb95d44f3,10,0.5860287547111511,thunderstorm,8,glass_breaking,0.31383100152015686,0.02436290867626667,0.31383100152015686,0.21990267932415009,0.10573817789554596,0.10980759561061859,0.22635765373706818,hard_negative,other_candidate__fsd50k__train__261089__0131.wav,4.575510,3.000
train,high_tonal_non_siren,FSD50K,train,57743,57743.wav,"Door,Bell,Domestic_sounds_and_home_sounds",other__fsd50k__train__57743__hard3s.wav,437ff6835521d198925dcf73babcdd5141ae453190fef01e35677d0a10280d8a,7,0.9855501651763916,glass_breaking,0,siren,0.4388331472873688,0.03060298226773739,0.36493581533432007,0.0584561750292778,0.4388331472873688,0.036242444068193436,0.07092944532632828,hard_negative,other_candidate__fsd50k__train__57743__0080.wav,0.000000,3.000
train,high_tonal_non_siren,FSD50K,train,382827,382827.wav,"Cowbell,Bell",other__fsd50k__train__382827__hard3s.wav,a8e99cd20f3a62c7ade3bdf99a79f3cc1a60420b268e03ae486b6affa8e63ccc,1,0.5741989016532898,gunshot_gunfire,0,gunshot_gunfire,0.5741989016532898,0.002518022432923317,0.3575449287891388,0.5741989016532898,0.010816345922648907,0.006735172588378191,0.04818667471408844,hard_negative,other_candidate__fsd50k__train__382827__0165.wav,0.000000,3.000
train,high_tonal_non_siren,FSD50K,train,57471,57471.wav,Squeak,other__fsd50k__train__57471__hard3s.wav,ed4aa0f6fe16927e4f660d79058d4e56b5eac6b542063c04eed357dd7304e13d,6,0.9539657235145569,siren,1,siren,0.906278669834137,0.011850007809698582,0.020745359361171722,0.016100948676466942,0.906278669834137,0.03393347188830376,0.011091495864093304,hard_negative,other_candidate__fsd50k__train__57471__0021.wav,0.000000,3.000
train,high_tonal_non_siren,FSD50K,train,59063,59063.wav,"Church_bell,Organ,Bell,Keyboard_(musical),Musical_instrument,Music",other__fsd50k__train__59063__hard3s.wav,e7fc8754b311b3ab50f5511521017aa6989b2e0a6a2fc7dce3f15e1ee1e1a0e3,13,0.6464064121246338,speech,0,speech,0.4035927355289459,0.10621006786823273,0.058888692408800125,0.16092635691165924,0.10980156809091568,0.4035927355289459,0.1605806052684784,hard_negative,other_candidate__fsd50k__train__59063__0048.wav,0.000000,3.000
train,high_tonal_non_siren,FSD50K,train,77069,77069.wav,"Church_bell,Bell",other__fsd50k__train__77069__hard3s.wav,bb655b85d2d92d7c948a6b6172fd145d3b7de36037c93d1122861206f23ff703,8,0.5651357173919678,thunderstorm,4,siren,0.29018300771713257,0.037493996322155,0.18017320334911346,0.1115964874625206,0.29018300771713257,0.1250360906124115,0.2555171847343445,hard_negative,other_candidate__fsd50k__train__77069__0003.wav,1.880000,3.000
train,high_tonal_non_siren,FSD50K,train,72663,72663.wav,Squeak,other__fsd50k__train__72663__hard3s.wav,5800b38d4b98dd1d351c6ca63e647f1cb5cf7903d961fa56359b4738a081e110,12,0.9837870001792908,glass_breaking,11,glass_breaking,0.5621797442436218,0.03439471125602722,0.5621797442436218,0.04045089706778526,0.18041716516017914,0.1620454639196396,0.020512063056230545,hard_negative,other_candidate__fsd50k__train__72663__0057.wav,6.610000,3.000
train,high_tonal_non_siren,FSD50K,train,91150,91150.wav,"Cowbell,Bell",other__fsd50k__train__91150__hard3s.wav,fb61e22e0a0b1174ce9d39ddeb0603aa65d77bd4c6378d8ce41ade12861d53f7,1,0.41129767894744873,gunshot_gunfire,0,gunshot_gunfire,0.41129767894744873,0.007203167304396629,0.35551193356513977,0.41129767894744873,0.1482660323381424,0.02229022979736328,0.05543098226189613,hard_negative,other_candidate__fsd50k__train__91150__0010.wav,0.000000,3.000
train,high_tonal_non_siren,FSD50K,train,125094,125094.wav,Squeak,other__fsd50k__train__125094__hard3s.wav,d5c27d29f233566116590a6209e534918034bd8c6612666c32ec9e4d30b57411,13,0.9522791504859924,siren,1,speech,0.27310916781425476,0.06470400840044022,0.22781214118003845,0.20516261458396912,0.16248632967472076,0.27310916781425476,0.06672567874193192,hard_negative,other_candidate__fsd50k__train__125094__0215.wav,0.000000,3.000
train,high_tonal_non_siren,FSD50K,train,49168,49168.wav,"Wind_chime,Chime,Bell",other__fsd50k__train__49168__hard3s.wav,572c355ac1a82b1d61f88850397db2955d2ec780e7d14f0ffb9c35a2f4b39c30,8,0.6146227717399597,speech,4,speech,0.35048919916152954,0.04383787140250206,0.3490492105484009,0.0995936170220375,0.06265789270401001,0.35048919916152954,0.09437225759029388,hard_negative,other_candidate__fsd50k__train__49168__0218.wav,1.880000,3.000
train,high_tonal_non_siren,FSD50K,train,128321,128321.wav,Squeak,other__fsd50k__train__128321__hard3s.wav,68e52c81f86190242f0452c460eb4473d32cf3b8f507db9c659435c94d00132e,1,0.3792991042137146,thunderstorm,0,thunderstorm,0.3792991042137146,0.03301200270652771,0.2833855152130127,0.15818645060062408,0.014278574846684933,0.13183832168579102,0.3792991042137146,hard_negative,other_candidate__fsd50k__train__128321__0023.wav,0.000000,3.000
train,high_tonal_non_siren,FSD50K,train,51707,51707.wav,"Chime,Bell",other__fsd50k__train__51707__hard3s.wav,2ecb83f8ea3953ec0d7c9105945d2969c453dd0ec40ed2a00b98dc5186257ff2,13,0.9832081198692322,glass_breaking,7,glass_breaking,0.8990532159805298,0.001674767816439271,0.8990532159805298,0.05300392955541611,0.010725455358624458,0.013083456084132195,0.022459205240011215,hard_negative,other_candidate__fsd50k__train__51707__0033.wav,4.040000,3.000
train,high_tonal_non_siren,FSD50K,train,128322,128322.wav,Squeak,other__fsd50k__train__128322__hard3s.wav,c0211170b8793bac33344ac44d96ca912df8482434099114ab853e48c3a2d09e,1,0.3996877372264862,gunshot_gunfire,0,gunshot_gunfire,0.3996877372264862,0.024163272231817245,0.28793278336524963,0.3996877372264862,0.006749357096850872,0.23138651251792908,0.05008021369576454,hard_negative,other_candidate__fsd50k__train__128322__0146.wav,0.000000,3.000
train,high_tonal_non_siren,FSD50K,train,125090,125090.wav,Squeak,other__fsd50k__train__125090__hard3s.wav,a89f7845c54752e00b2d79049895ff2c7046e84ae62ceba25bbc65041d635a4a,6,0.949521005153656,siren,1,siren,0.5395063757896423,0.07520505040884018,0.17111025750637054,0.0339033417403698,0.5395063757896423,0.1582302749156952,0.022044630721211433,hard_negative,other_candidate__fsd50k__train__125090__0205.wav,0.000000,3.000
train,high_tonal_non_siren,FSD50K,train,145031,145031.wav,Squeak,other__fsd50k__train__145031__hard3s.wav,4b646780289e029050dcd88cc71c2071e8c7cc3b8d1c3a719e8570c159aa9761,1,0.343189001083374,speech,0,speech,0.343189001083374,0.0333196185529232,0.3309084475040436,0.2216292917728424,0.05755497142672539,0.343189001083374,0.013398678973317146,hard_negative,other_candidate__fsd50k__train__145031__0149.wav,0.000000,3.000
train,high_tonal_non_siren,FSD50K,train,377640,377640.wav,Bell,other__fsd50k__train__377640__hard3s.wav,7fe0e186bf1726f001c4064c2a6ab3544c7f61d25b694f9b5118f91fe432f362,10,0.9803128838539124,glass_breaking,4,glass_breaking,0.4766465723514557,0.019366469234228134,0.4766465723514557,0.19389069080352783,0.17255517840385437,0.034442078322172165,0.10309900343418121,hard_negative,other_candidate__fsd50k__train__377640__0046.wav,1.880000,3.000
train,high_tonal_non_siren,FSD50K,train,90983,90983.wav,"Cowbell,Bell",other__fsd50k__train__90983__hard3s.wav,2bdb888b54d622b4bcfebe08fe785bf02eb2eedec3efeb1f89f015b8c380714e,1,0.27972063422203064,gunshot_gunfire,0,gunshot_gunfire,0.27972063422203064,0.03634924814105034,0.2507540285587311,0.27972063422203064,0.22478710114955902,0.1873457431793213,0.021043237298727036,hard_negative,other_candidate__fsd50k__train__90983__0163.wav,0.000000,3.000
train,high_tonal_non_siren,FSD50K,train,257553,257553.wav,"Wind_chime,Percussion,Chime,Bell,Musical_instrument,Music",other__fsd50k__train__257553__hard3s.wav,d5f963e31f0865f2108fdefbd6db4214d29d111dbb5fae4b1fcc2dc8b67bd25a,7,0.9489396810531616,siren,0,siren,0.271748811006546,0.07319562882184982,0.2446586936712265,0.18730664253234863,0.271748811006546,0.07687609642744064,0.14621412754058838,hard_negative,other_candidate__fsd50k__train__257553__0166.wav,0.000000,3.000
train,high_tonal_non_siren,FSD50K,train,235474,235474.wav,Bell,other__fsd50k__train__235474__hard3s.wav,954cc35baeb7e3e85e249bac587976a9afe9d25b9cf7d8edd5427347e3d4f070,13,0.9787413477897644,glass_breaking,12,glass_breaking,0.5801365971565247,0.010680202394723892,0.5801365971565247,0.13317012786865234,0.1512804925441742,0.04612269625067711,0.078609898686409,hard_negative,other_candidate__fsd50k__train__235474__0075.wav,6.843175,3.000
train,high_tonal_non_siren,FSD50K,train,426217,426217.wav,"Church_bell,Bell",other__fsd50k__train__426217__hard3s.wav,84737cb97336e67c9a91d34aa9096cdcc07d9733d7bfb902bc014e152d86d552,13,0.948915958404541,siren,12,siren,0.7599255442619324,0.005388196092098951,0.0401279591023922,0.019641481339931488,0.7599255442619324,0.033499374985694885,0.14141741394996643,hard_negative,other_candidate__fsd50k__train__426217__0155.wav,7.640000,3.000
train,high_tonal_non_siren,FSD50K,train,44166,44166.wav,"Wind_chime,Chime,Bell",other__fsd50k__train__44166__hard3s.wav,6291de143c51e9f07dbd1d00112f0a69353350e2a0b51e3df8462bf55861ac05,8,0.9743474125862122,glass_breaking,6,glass_breaking,0.8299232125282288,0.02880469150841236,0.8299232125282288,0.028496786952018738,0.0604831837117672,0.0487385168671608,0.003553716465830803,hard_negative,other_candidate__fsd50k__train__44166__0141.wav,3.320000,3.000
train,high_tonal_non_siren,FSD50K,train,69486,69486.wav,Squeak,other__fsd50k__train__69486__hard3s.wav,a2c0dd58ffc07190384850dec3133c7f96e3b0cab358eb1bc2b823c3ae41f858,2,0.9451719522476196,siren,1,siren,0.8126035928726196,0.01240054052323103,0.011147690005600452,0.0016541355289518833,0.8126035928726196,0.1614251285791397,0.0007689096382819116,hard_negative,other_candidate__fsd50k__train__69486__0160.wav,0.000000,3.000
train,high_tonal_non_siren,FSD50K,train,361427,361427.wav,"Wind_chime,Chime,Bell",other__fsd50k__train__361427__hard3s.wav,51e558825b9a1c3a862591c7d70232483897bc0c144f5b357c4f85606f37bb4c,5,0.973239004611969,glass_breaking,1,glass_breaking,0.9422459602355957,0.00314502464607358,0.9422459602355957,0.027938535436987877,0.011514614336192608,0.010368997231125832,0.004786879755556583,hard_negative,other_candidate__fsd50k__train__361427__0137.wav,0.000000,3.000
train,high_tonal_non_siren,ESC-50,fold_1,54747,1-54747-A-46.wav,church_bells,other__esc50__fold_1__54747__hard3s.wav,a0664359aa21e7b44f8de962632c9ed2bca9f86728056ae8dd14ae7ac5cd0330,6,0.9340847730636597,siren,2,siren,0.5764816403388977,0.006410130765289068,0.018272385001182556,0.11848295480012894,0.5764816403388977,0.052573055028915405,0.22777993977069855,hard_negative,other_candidate__esc50__fold_1__54747__0062.wav,0.440000,3.000
train,high_tonal_non_siren,FSD50K,train,90549,90549.wav,"Cowbell,Bell",other__fsd50k__train__90549__hard3s.wav,71e80644cc6eece7e9f6cf47ae08966d5f27ce3e8fa32a0a05e2d9be3f511833,1,0.9724035263061523,glass_breaking,0,glass_breaking,0.9724035263061523,0.0005960267153568566,0.9724035263061523,0.02043343335390091,0.003685885341838002,0.0025602749083191156,0.0003207981353625655,hard_negative,other_candidate__fsd50k__train__90549__0214.wav,0.000000,3.000
train,high_tonal_non_siren,FSD50K,train,104097,104097.wav,"Squeak,Screech",other__fsd50k__train__104097__hard3s.wav,3b757d9a8473733ee066693968d9c829b6c7a993557791672ae5e591ab31c127,2,0.9333523511886597,siren,0,siren,0.7806874513626099,0.006100251339375973,0.05453493073582649,0.007110861130058765,0.7806874513626099,0.1506584882736206,0.0009080964955501258,hard_negative,other_candidate__fsd50k__train__104097__0119.wav,0.000000,3.000
train,high_tonal_non_siren,FSD50K,train,90548,90548.wav,"Cowbell,Bell",other__fsd50k__train__90548__hard3s.wav,839a0bd6b961eb0202bc8dbbd67bb579e639e348cca2529b0a36809504a0f106,1,0.9683812260627747,glass_breaking,0,glass_breaking,0.9683812260627747,0.0005518419202417135,0.9683812260627747,0.024415677413344383,0.0035392886493355036,0.002742442302405834,0.0003696015919558704,diversity,other_candidate__fsd50k__train__90548__0036.wav,0.000000,3.000
train,high_tonal_non_siren,FSD50K,train,90972,90972.wav,"Cowbell,Bell",other__fsd50k__train__90972__hard3s.wav,92fbb3e22b6033c1b6ca4c252fd440eb921106b54f0085eea28d669c9a467523,1,0.7052160501480103,glass_breaking,0,glass_breaking,0.7052160501480103,0.006409586872905493,0.7052160501480103,0.10995641350746155,0.02057058736681938,0.14717185497283936,0.010675480589270592,diversity,other_candidate__fsd50k__train__90972__0132.wav,0.000000,3.000
train,high_tonal_non_siren,FSD50K,train,51711,51711.wav,"Chime,Bell",other__fsd50k__train__51711__hard3s.wav,1b7e1dfd43bc34c5601a7d67f15ecd51b10b604a25566002f809040b60c5422b,4,0.9600838422775269,glass_breaking,3,glass_breaking,0.7474672794342041,0.0029121171683073044,0.7474672794342041,0.13071025907993317,0.022463442757725716,0.03238210454583168,0.06406479328870773,diversity,other_candidate__fsd50k__train__51711__0184.wav,0.840000,3.000
train,high_tonal_non_siren,FSD50K,train,57197,57197.wav,"Church_bell,Bell",other__fsd50k__train__57197__hard3s.wav,fb764b7f4e213b30df02b9cae1db0758a61e43411f71e727314832d32776977b,13,0.7765722274780273,siren,9,siren,0.5433648228645325,0.012822631746530533,0.1380678117275238,0.1455744057893753,0.5433648228645325,0.05162474140524864,0.10854560881853104,diversity,other_candidate__fsd50k__train__57197__0203.wav,5.480000,3.000
train,high_tonal_non_siren,FSD50K,train,274085,274085.wav,Squeak,other__fsd50k__train__274085__hard3s.wav,875d10a59fc0a56b716d66ef634f064e200e3460932826f61f0296dbc6019184,2,0.5960153341293335,siren,0,siren,0.44928765296936035,0.08826729655265808,0.22841262817382812,0.014713382348418236,0.44928765296936035,0.2135225236415863,0.005796518642455339,diversity,other_candidate__fsd50k__train__274085__0005.wav,0.000000,3.000
train,high_tonal_non_siren,FSD50K,train,34061,34061.wav,Squeak,other__fsd50k__train__34061__hard3s.wav,ca807ef2c0e3d20808d81dcbb1ab4f4aaf4f01eebfcc414b76ab51c2abf8b083,7,0.7307413816452026,siren,1,siren,0.36116090416908264,0.051003966480493546,0.12271521240472794,0.061833251267671585,0.36116090416908264,0.30908066034317017,0.09420599043369293,diversity,other_candidate__fsd50k__train__34061__0042.wav,0.000000,3.000
train,high_tonal_non_siren,FSD50K,train,32634,32634.wav,"Bell,Mechanisms",other__fsd50k__train__32634__hard3s.wav,0af6257b1d0c747537736e28466c97780005577cd4101826e7656d297689b6c6,7,0.9717753529548645,glass_breaking,2,glass_breaking,0.4929456114768982,0.005214483942836523,0.4929456114768982,0.2877350449562073,0.05971169099211693,0.03329871967434883,0.12109442800283432,diversity,other_candidate__fsd50k__train__32634__0038.wav,0.440000,3.000
train,high_tonal_non_siren,FSD50K,train,30153,30153.wav,Bell,other__fsd50k__train__30153__hard3s.wav,7a0f9f99e155a65f5ce8b83f6862a60fb8330853fa8e31326dca1817e2bd38e1,4,0.6924741268157959,siren,2,siren,0.4809679388999939,0.010898372158408165,0.4543048143386841,0.01805475354194641,0.4809679388999939,0.030799750238656998,0.0049743931740522385,diversity,other_candidate__fsd50k__train__30153__0066.wav,0.333333,3.000
train,high_tonal_non_siren,FSD50K,train,29792,29792.wav,Bell,other__fsd50k__train__29792__hard3s.wav,aa2ec47d5a4d7e952328865e1670753c76480ed71ed230636d5d2a736690abb0,2,0.5237786173820496,siren,1,siren,0.38969898223876953,0.032523710280656815,0.31209835410118103,0.11417873948812485,0.38969898223876953,0.13899235427379608,0.012507827021181583,diversity,other_candidate__fsd50k__train__29792__0162.wav,0.000000,3.000
train,high_tonal_non_siren,FSD50K,train,90546,90546.wav,"Cowbell,Bell",other__fsd50k__train__90546__hard3s.wav,53dc4f8ac5300fecbc4f3859db6c3825233e1efced3807f1b1f96a5a66e3d18e,3,0.9641386866569519,glass_breaking,0,glass_breaking,0.6460846066474915,0.0027406217996031046,0.6460846066474915,0.22014975547790527,0.004335588309913874,0.09788250923156738,0.028806909918785095,diversity,other_candidate__fsd50k__train__90546__0233.wav,0.000000,3.000
train,high_tonal_non_siren,FSD50K,train,51700,51700.wav,"Chime,Bell",other__fsd50k__train__51700__hard3s.wav,15a394ad46a4b63fd404cba29bec7a1477be00ed5a86d37db9324fb2760fbd3f,11,0.9604383707046509,glass_breaking,8,glass_breaking,0.8018518686294556,0.003265523351728916,0.8018518686294556,0.10445602238178253,0.030789213255047798,0.024385320022702217,0.035252127796411514,diversity,other_candidate__fsd50k__train__51700__0112.wav,4.760000,3.000
train,high_tonal_non_siren,FSD50K,train,57507,57507.wav,Squeak,other__fsd50k__train__57507__hard3s.wav,000f81f923bfa5a37ba396dab334280a9b517c73075fa61b51020916c60e332b,2,0.8490663170814514,siren,0,siren,0.5801010131835938,0.03385122865438461,0.07607900351285934,0.07432222366333008,0.5801010131835938,0.2110905796289444,0.02455591782927513,diversity,other_candidate__fsd50k__train__57507__0225.wav,0.000000,3.000
train,high_tonal_non_siren,FSD50K,train,90565,90565.wav,"Cowbell,Bell",other__fsd50k__train__90565__hard3s.wav,247ab417178fc027042f53b8e4ade655c6fd4907839b1cf3bfe86175d64c2a9f,1,0.9044381976127625,glass_breaking,0,glass_breaking,0.9044381976127625,0.008220279589295387,0.9044381976127625,0.01369127631187439,0.05670733377337456,0.016427502036094666,0.0005154031096026301,diversity,other_candidate__fsd50k__train__90565__0097.wav,0.000000,3.000
train,high_tonal_non_siren,FSD50K,train,68941,68941.wav,Squeak,other__fsd50k__train__68941__hard3s.wav,14895c2b75b691dfa03bc20e8bb0db5970e8d5bafb1474bf000f78d657634c89,3,0.8734496831893921,glass_breaking,2,glass_breaking,0.49010053277015686,0.029237357899546623,0.49010053277015686,0.06331128627061844,0.08865958452224731,0.3108748495578766,0.017816398292779922,diversity,other_candidate__fsd50k__train__68941__0125.wav,0.000000,3.000
train,high_tonal_non_siren,FSD50K,train,382828,382828.wav,"Cowbell,Bell",other__fsd50k__train__382828__hard3s.wav,e809e3ab6a2f74134ce0428fb5e9daf0717ed8c9c3b9823128a7b3f6c8cd7861,1,0.512160062789917,glass_breaking,0,glass_breaking,0.512160062789917,0.016665054485201836,0.512160062789917,0.3189142644405365,0.07985536009073257,0.03096282109618187,0.0414423868060112,diversity,other_candidate__fsd50k__train__382828__0074.wav,0.000000,3.000
train,high_tonal_non_siren,FSD50K,train,155191,155191.wav,Squeak,other__fsd50k__train__155191__hard3s.wav,cc052bc39be8d53d18ea50aa85f9858637b0c36aa88f048bb8277577c14b516c,5,0.813810408115387,glass_breaking,0,glass_breaking,0.5270729660987854,0.0268155075609684,0.5270729660987854,0.1002640500664711,0.015668684616684914,0.17230311036109924,0.15787570178508759,diversity,other_candidate__fsd50k__train__155191__0152.wav,0.000000,3.000
train,high_tonal_non_siren,FSD50K,train,377658,377658.wav,Bell,other__fsd50k__train__377658__hard3s.wav,660cebb2b6a0a4a686405887b20343bd3ed74e8b68095a7fd0a4566390ec3372,9,0.9202979803085327,glass_breaking,3,glass_breaking,0.6445682644844055,0.01759749837219715,0.6445682644844055,0.12049661576747894,0.10851523280143738,0.06720341742038727,0.04161896929144859,diversity,other_candidate__fsd50k__train__377658__0091.wav,1.160000,3.000
train,high_tonal_non_siren,ESC-50,fold_3,111102,3-111102-B-46.wav,church_bells,other__esc50__fold_3__111102__hard3s.wav,ae91dd8bd047cd9046ab7f429a4a34d32254749dc9bdde00ed6a22444fa5d37a,6,0.8505496382713318,siren,4,siren,0.6634084582328796,0.004882536828517914,0.009685817174613476,0.03134329617023468,0.6634084582328796,0.09312433004379272,0.1975555568933487,diversity,other_candidate__esc50__fold_3__111102__0090.wav,1.880000,3.000
train,high_tonal_non_siren,FSD50K,train,90536,90536.wav,"Cowbell,Bell",other__fsd50k__train__90536__hard3s.wav,777484f8ba6f89f6035065e92bfde72e7ff2e51c1bb3b18f968675edf25f0357,3,0.7783414721488953,glass_breaking,0,glass_breaking,0.5841522216796875,0.003742612898349762,0.5841522216796875,0.25822970271110535,0.0065367803908884525,0.10281118005514145,0.04452752694487572,diversity,other_candidate__fsd50k__train__90536__0236.wav,0.000000,3.000
train,high_tonal_non_siren,FSD50K,train,90971,90971.wav,"Cowbell,Bell",other__fsd50k__train__90971__hard3s.wav,fe68b1d158becb4415fac5731688ac74c6fdd6b6997fb6a5260144c8a14e95a1,1,0.37163078784942627,siren,0,siren,0.37163078784942627,0.02899513766169548,0.14944231510162354,0.22312815487384796,0.37163078784942627,0.2151438146829605,0.011659693904221058,diversity,other_candidate__fsd50k__train__90971__0004.wav,0.000000,3.000
train,high_tonal_non_siren,FSD50K,train,68935,68935.wav,Squeak,other__fsd50k__train__68935__hard3s.wav,904eb313fb6190a0b2f899a565967a0bdded79a1a23ca8fd45fd870c51c4bc70,1,0.49943962693214417,glass_breaking,0,glass_breaking,0.49943962693214417,0.022558679804205894,0.49943962693214417,0.18003977835178375,0.05215556174516678,0.19365087151527405,0.05215556174516678,diversity,other_candidate__fsd50k__train__68935__0059.wav,0.000000,3.000
train,high_tonal_non_siren,FSD50K,train,10712,10712.wav,Bell,other__fsd50k__train__10712__hard3s.wav,2bba6d1283557c8706b48450a8f1c56692c1c0e02d33217faf0186bf442b0e23,1,0.9299899339675903,glass_breaking,0,glass_breaking,0.9299899339675903,0.0033989744260907173,0.9299899339675903,0.03375638276338577,0.014600533060729504,0.017518481239676476,0.0007356583373621106,diversity,other_candidate__fsd50k__train__10712__0012.wav,0.000000,3.000
train,high_tonal_non_siren,FSD50K,train,10449,10449.wav,Bell,other__fsd50k__train__10449__hard3s.wav,75f5975a2e7f6524bbf98a9eed074a06a41b7e4edbb77ce0544865d15776bc05,6,0.941611111164093,glass_breaking,0,glass_breaking,0.5354052186012268,0.011719667352735996,0.5354052186012268,0.21382875740528107,0.02261337637901306,0.18982841074466705,0.026604535058140755,diversity,other_candidate__fsd50k__train__10449__0196.wav,0.000000,3.000
train,high_tonal_non_siren,FSD50K,train,91184,91184.wav,"Cowbell,Bell",other__fsd50k__train__91184__hard3s.wav,38d76e786bef1c60ef025e0b37f2d51ca7072dc284707e7ea485463463b199e3,1,0.37634509801864624,siren,0,siren,0.37634509801864624,0.01020609587430954,0.3498929738998413,0.10512185841798782,0.37634509801864624,0.15695448219776154,0.001479473547078669,diversity,other_candidate__fsd50k__train__91184__0229.wav,0.000000,3.000
train,high_tonal_non_siren,FSD50K,train,335752,335752.wav,Squeak,other__fsd50k__train__335752__hard3s.wav,e075162ca8766f7dabe095d0336255ea4bc6f113c8de7f716f3f2a44867ee69c,3,0.8391638398170471,siren,0,siren,0.6111864447593689,0.00853269174695015,0.1773844212293625,0.008053131401538849,0.6111864447593689,0.19319768249988556,0.0016456173034384847,diversity,other_candidate__fsd50k__train__335752__0227.wav,0.000000,3.000
train,clapping_applause,FSD50K,train,377055,377055.wav,"Applause,Human_group_actions",other__fsd50k__train__377055__hard3s.wav,fbc1638daca484f9fc3b9b917cbcee9fe32b6473d805ee0c21f8d27e44658a73,13,0.7738029956817627,dog_bark,0,speech,0.2842259109020233,0.1536828577518463,0.24307630956172943,0.1268601268529892,0.05143822729587555,0.2842259109020233,0.1407165825366974,hard_negative,other_candidate__fsd50k__train__377055__0369.wav,0.000000,3.000
train,clapping_applause,FSD50K,train,274644,274644.wav,"Applause,Human_group_actions",other__fsd50k__train__274644__hard3s.wav,20296bd58c2c30dbad283f09209d30d6063fffe15f55acfe3b220cf5c3b02c89,13,0.9129793643951416,glass_breaking,0,speech,0.5800186991691589,0.038875285536050797,0.1811452955007553,0.1518854796886444,0.030593521893024445,0.5800186991691589,0.01748175173997879,hard_negative,other_candidate__fsd50k__train__274644__0356.wav,0.000000,3.000
train,clapping_applause,FSD50K,train,180767,180767.wav,"Clapping,Hands",other__fsd50k__train__180767__hard3s.wav,d64b7da174bfc4ba9264bfbff3ed645dee16ae2991886fbfe09b675b475d07b9,2,0.9958891272544861,gunshot_gunfire,0,gunshot_gunfire,0.5760182738304138,0.02527567185461521,0.10994940251111984,0.5760182738304138,0.09374292194843292,0.11678165197372437,0.07823207974433899,hard_negative,other_candidate__fsd50k__train__180767__0336.wav,0.000000,3.000
train,clapping_applause,FSD50K,train,118701,118701.wav,"Applause,Keyboard_(musical),Musical_instrument,Music,Human_group_actions",other__fsd50k__train__118701__hard3s.wav,8f20e27bbef8afe53bc96b6684a16da9f84dda79819efcb9d210b03a5b74cadc,13,0.6277619004249573,siren,0,thunderstorm,0.30392029881477356,0.10690266638994217,0.046454329043626785,0.11918764561414719,0.22660009562969208,0.19693496823310852,0.30392029881477356,hard_negative,other_candidate__fsd50k__train__118701__0454.wav,0.000000,3.000
train,clapping_applause,FSD50K,train,32866,32866.wav,"Applause,Cheering,Human_group_actions",other__fsd50k__train__32866__hard3s.wav,9ae98df4b832770150a18185b2e9fb27a576f21103cee0b55825d1f4d67bbd78,13,0.988742470741272,speech,5,speech,0.8281139731407166,0.022841671481728554,0.04394107684493065,0.07542063295841217,0.0266374833881855,0.8281139731407166,0.0030451524071395397,hard_negative,other_candidate__fsd50k__train__32866__0449.wav,2.600000,3.000
train,clapping_applause,FSD50K,train,75059,75059.wav,"Applause,Human_group_actions",other__fsd50k__train__75059__hard3s.wav,dcbff94f73e95aaef0b7ff045df45edce1d08efa2042f539a95a2e43f7f326b3,13,0.9288569092750549,thunderstorm,2,thunderstorm,0.40635254979133606,0.03851176053285599,0.09056436270475388,0.19899919629096985,0.08991125226020813,0.17566095292568207,0.40635254979133606,hard_negative,other_candidate__fsd50k__train__75059__0453.wav,0.440000,3.000
train,clapping_applause,FSD50K,train,65519,65519.wav,"Applause,Cheering,Human_group_actions",other__fsd50k__train__65519__hard3s.wav,55834a1e3e304c915eb49b1d38505ed7f4f93582dc63e47a5931f06ae87b2637,12,0.8981013894081116,glass_breaking,6,glass_breaking,0.495884507894516,0.013407248072326183,0.495884507894516,0.2584051489830017,0.08767648786306381,0.10083364695310593,0.043792951852083206,hard_negative,other_candidate__fsd50k__train__65519__0274.wav,3.320000,3.000
train,clapping_applause,FSD50K,train,377782,377782.wav,"Clapping,Hands",other__fsd50k__train__377782__hard3s.wav,8ecb8e2cb45c6fd325add8583967706487824ff56c24ffe072382f836a32c5ae,1,0.9751180410385132,gunshot_gunfire,0,gunshot_gunfire,0.9751180410385132,0.00011596532567637041,0.01905025914311409,0.9751180410385132,0.00011596532567637041,0.004770140163600445,0.0008296711021102965,hard_negative,other_candidate__fsd50k__train__377782__0455.wav,0.000000,3.000
train,clapping_applause,FSD50K,train,242223,242223.wav,"Applause,Human_group_actions",other__fsd50k__train__242223__hard3s.wav,1875d5d7de26b8988f54cea4e3bda0ff60401e2711f7db851421830e53dd88ae,13,0.9817065596580505,speech,5,speech,0.8964790105819702,0.013845796696841717,0.023386899381875992,0.01828616112470627,0.043768201023340225,0.8964790105819702,0.004233942367136478,hard_negative,other_candidate__fsd50k__train__242223__0351.wav,2.600000,3.000
train,clapping_applause,FSD50K,train,367636,367636.wav,"Applause,Crowd,Human_group_actions",other__fsd50k__train__367636__hard3s.wav,6d38a89d6a4fde9a0a5212a9115b80ff8e4a70848a93c8c5b882ff0b22d85c0f,9,0.8333571553230286,thunderstorm,3,speech,0.4043627977371216,0.020154671743512154,0.15764687955379486,0.18184016644954681,0.07012870907783508,0.4043627977371216,0.16586679220199585,hard_negative,other_candidate__fsd50k__train__367636__0294.wav,1.160000,3.000
train,clapping_applause,FSD50K,train,35103,35103.wav,"Applause,Human_group_actions",other__fsd50k__train__35103__hard3s.wav,1d34cbef54dc76ba50f1fa2669a5791737637a62b29849d0e07b18c25f7a0d61,7,0.8138093948364258,glass_breaking,6,speech,0.40871331095695496,0.059214331209659576,0.25780126452445984,0.17972971498966217,0.026548277586698532,0.40871331095695496,0.06799308955669403,hard_negative,other_candidate__fsd50k__train__35103__0325.wav,2.641882,3.000
train,clapping_applause,FSD50K,train,161586,161586.wav,"Clapping,Hands",other__fsd50k__train__161586__hard3s.wav,f75330c30a452f46cd4ef2808a8aa42a97fc31e77aedf1f9f3801e0aba97a29c,4,0.9717845916748047,gunshot_gunfire,0,gunshot_gunfire,0.7336784601211548,0.014693185687065125,0.023534927517175674,0.7336784601211548,0.015443886630237103,0.16833540797233582,0.04431416466832161,hard_negative,other_candidate__fsd50k__train__161586__0374.wav,0.000000,3.000
train,clapping_applause,FSD50K,train,24372,24372.wav,"Applause,Human_group_actions",other__fsd50k__train__24372__hard3s.wav,463acc5ec75015a67c2b260d1f8092cba849aa605de0680617cfa23f051f46ba,12,0.9802614450454712,speech,11,speech,0.5668459534645081,0.03059653379023075,0.08091431111097336,0.2194039672613144,0.08128125220537186,0.5668459534645081,0.020957985892891884,hard_negative,other_candidate__fsd50k__train__24372__0470.wav,6.344558,3.000
train,clapping_applause,FSD50K,train,274638,274638.wav,"Applause,Human_group_actions",other__fsd50k__train__274638__hard3s.wav,451b30887ceb6588f7dd9cbac90711846b568e3b5a411255789d70d2fd792168,10,0.8032180070877075,thunderstorm,6,thunderstorm,0.3018839955329895,0.037630822509527206,0.1680113524198532,0.21340684592723846,0.03212400898337364,0.24694295227527618,0.3018839955329895,hard_negative,other_candidate__fsd50k__train__274638__0380.wav,3.320000,3.000
train,clapping_applause,FSD50K,train,241906,241906.wav,"Applause,Human_group_actions",other__fsd50k__train__241906__hard3s.wav,4c695089640d135cc573aa1e07ca365e728ba59d0e395a21096879546fda93b0,11,0.8060174584388733,glass_breaking,10,speech,0.3375709354877472,0.07078533619642258,0.1733846664428711,0.2378169596195221,0.05399137735366821,0.3375709354877472,0.12645068764686584,hard_negative,other_candidate__fsd50k__train__241906__0332.wav,5.512313,3.000
train,clapping_applause,FSD50K,train,161588,161588.wav,"Clapping,Hands",other__fsd50k__train__161588__hard3s.wav,632ff1b3e5edf27aebc4401d35fec96a98d315e78187745d1aea447af205794a,5,0.9578267335891724,gunshot_gunfire,0,gunshot_gunfire,0.49803614616394043,0.008111374452710152,0.15156647562980652,0.49803614616394043,0.012155812233686447,0.16420064866542816,0.16592951118946075,hard_negative,other_candidate__fsd50k__train__161588__0317.wav,0.000000,3.000
train,clapping_applause,FSD50K,train,262975,262975.wav,"Applause,Crowd,Laughter,Human_group_actions,Human_voice",other__fsd50k__train__262975__hard3s.wav,57a8efbf4656d2f6355c5f1426d9afe9668d63847075da588641ed17774c51d0,10,0.9789530038833618,speech,2,speech,0.8260968923568726,0.032747600227594376,0.0433930903673172,0.07761650532484055,0.01528843678534031,0.8260968923568726,0.004857432562857866,hard_negative,other_candidate__fsd50k__train__262975__0291.wav,0.440000,3.000
train,clapping_applause,FSD50K,train,241894,241894.wav,"Applause,Human_group_actions",other__fsd50k__train__241894__hard3s.wav,4692a7c4aa43a124e1ac0bae77ad1ce6410fdc241949e43d4dc412c9e37f87e8,6,0.603240430355072,thunderstorm,5,thunderstorm,0.27152541279792786,0.06451777368783951,0.14533014595508575,0.24859704077243805,0.06975357979536057,0.20027600228786469,0.27152541279792786,hard_negative,other_candidate__fsd50k__train__241894__0301.wav,1.867574,3.000
train,clapping_applause,FSD50K,train,241896,241896.wav,"Applause,Human_group_actions",other__fsd50k__train__241896__hard3s.wav,851111724a612cc41c1c52c70b8d58592ad7e5258489245a5891a71b8e4bcb2c,13,0.7848145365715027,glass_breaking,0,speech,0.41418832540512085,0.03685280680656433,0.1551661342382431,0.25301727652549744,0.05493011698126793,0.41418832540512085,0.08584533631801605,hard_negative,other_candidate__fsd50k__train__241896__0420.wav,0.000000,3.000
train,clapping_applause,FSD50K,train,180768,180768.wav,"Clapping,Hands",other__fsd50k__train__180768__hard3s.wav,30b790a710a73a6a2f3cb44a1cdd15caca7e7490e28b95cf0f56c48b0a21f21e,1,0.9448367953300476,gunshot_gunfire,0,gunshot_gunfire,0.9448367953300476,9.712378232507035e-05,0.053105637431144714,0.9448367953300476,9.712378232507035e-05,0.0007474027806892991,0.001115926424972713,hard_negative,other_candidate__fsd50k__train__180768__0272.wav,0.000000,3.000
train,clapping_applause,FSD50K,train,191913,191913.wav,"Applause,Crowd,Cheering,Human_group_actions",other__fsd50k__train__191913__hard3s.wav,e38b380ac13e2054e60935b0234abb97b1f9cfed627aa2ed8fcc0f285575601a,13,0.9742053151130676,speech,9,speech,0.788598895072937,0.014487799257040024,0.05201517790555954,0.08827365189790726,0.03478984534740448,0.788598895072937,0.021834721788764,hard_negative,other_candidate__fsd50k__train__191913__0345.wav,5.480000,3.000
train,clapping_applause,FSD50K,train,75060,75060.wav,"Applause,Cheering,Human_group_actions",other__fsd50k__train__75060__hard3s.wav,f75a5c47cd557e9063277c73f0d414594f2c62b769b30e7cfa33812571c497fb,13,0.597883403301239,thunderstorm,2,speech,0.27581924200057983,0.037055861204862595,0.09734679758548737,0.24212227761745453,0.1959068924188614,0.27581924200057983,0.1517488658428192,hard_negative,other_candidate__fsd50k__train__75060__0264.wav,0.440000,3.000
train,clapping_applause,FSD50K,train,60900,60900.wav,"Applause,Cheering,Human_group_actions",other__fsd50k__train__60900__hard3s.wav,04747e0fbd2b56e30307a6dd547f1a0503d05ba43285c361a67372dfd8cef7da,13,0.781682014465332,glass_breaking,0,glass_breaking,0.35138124227523804,0.042023394256830215,0.35138124227523804,0.19946855306625366,0.133334681391716,0.21105489134788513,0.06273719668388367,hard_negative,other_candidate__fsd50k__train__60900__0439.wav,0.000000,3.000
train,clapping_applause,FSD50K,train,189829,189829.wav,"Applause,Human_group_actions",other__fsd50k__train__189829__hard3s.wav,d4a6721a20a486c06647ea02536a02489ed29b400e4a437f2db29bafce538f3d,13,0.9350862503051758,gunshot_gunfire,11,speech,0.44693294167518616,0.03127262368798256,0.08254174888134003,0.2838945686817169,0.08824312686920166,0.44693294167518616,0.06711496412754059,hard_negative,other_candidate__fsd50k__train__189829__0258.wav,6.920000,3.000
train,clapping_applause,FSD50K,train,41456,41456.wav,"Applause,Cheering,Human_group_actions",other__fsd50k__train__41456__hard3s.wav,8016ba490b7027034687a53af7cee2f0112f10d0b1cf4cfcf221bc1c93c9aa3c,13,0.9739378094673157,speech,4,speech,0.48567941784858704,0.10682936757802963,0.10900084674358368,0.07786614447832108,0.15099316835403442,0.48567941784858704,0.06963108479976654,hard_negative,other_candidate__fsd50k__train__41456__0330.wav,1.880000,3.000
train,clapping_applause,FSD50K,train,241903,241903.wav,"Applause,Crowd,Human_group_actions",other__fsd50k__train__241903__hard3s.wav,31b27573145232e882bf350c06e27789b22861f8d9c9e69354fb7e2ec99b6a1a,5,0.5277181267738342,thunderstorm,0,gunshot_gunfire,0.3120560646057129,0.07930608838796616,0.11964783817529678,0.3120560646057129,0.05682632327079773,0.21881277859210968,0.21335092186927795,hard_negative,other_candidate__fsd50k__train__241903__0293.wav,0.000000,3.000
train,clapping_applause,FSD50K,train,194262,194262.wav,"Clapping,Hands",other__fsd50k__train__194262__hard3s.wav,4ce388b48017e213a05d4c46cd2b374a1169dd462ac768963ac5b7fcfbf3b07d,4,0.774034857749939,glass_breaking,1,glass_breaking,0.6214436292648315,0.0020319370087236166,0.6214436292648315,0.2752528488636017,0.006476239766925573,0.02178172767162323,0.07301364839076996,hard_negative,other_candidate__fsd50k__train__194262__0271.wav,0.000000,3.000
train,clapping_applause,FSD50K,train,326763,326763.wav,"Applause,Human_group_actions",other__fsd50k__train__326763__hard3s.wav,5e86dfb499233ea7eec02e1641bfc08f7a8169d9e967ac34dac1ca966d895f39,9,0.9261735081672668,gunshot_gunfire,4,gunshot_gunfire,0.4242105185985565,0.013819199055433273,0.11820921301841736,0.4242105185985565,0.040656398981809616,0.28145864605903625,0.12164599448442459,hard_negative,other_candidate__fsd50k__train__326763__0459.wav,1.880000,3.000
train,clapping_applause,FSD50K,train,242036,242036.wav,"Applause,Crowd,Human_group_actions",other__fsd50k__train__242036__hard3s.wav,d382807dc99ef8506fd279409c9579078c8019fb8d5e1eb0d0bc82730771ee96,13,0.9725083708763123,speech,12,speech,0.7977281808853149,0.05386368930339813,0.07390867173671722,0.041495658457279205,0.02013378217816353,0.7977281808853149,0.01287011243402958,hard_negative,other_candidate__fsd50k__train__242036__0411.wav,7.640000,3.000
train,clapping_applause,FSD50K,train,187671,187671.wav,"Clapping,Hands",other__fsd50k__train__187671__hard3s.wav,8ae59a99ef80611f3b018f48c593764986339e693415fdbc9983c62e9d46dcaf,5,0.7168030738830566,glass_breaking,3,glass_breaking,0.534245491027832,0.01136710587888956,0.534245491027832,0.28197184205055237,0.005107913166284561,0.12039172649383545,0.04691595211625099,hard_negative,other_candidate__fsd50k__train__187671__0422.wav,0.887868,3.000
train,clapping_applause,FSD50K,train,148995,148995.wav,"Clapping,Hands",other__fsd50k__train__148995__hard3s.wav,4927a7be83dc1e45e129beb662d61624826e43bfad99558f0a0b5f0666d80594,1,0.9152424335479736,gunshot_gunfire,0,gunshot_gunfire,0.9152424335479736,8.433899347437546e-05,0.08261363208293915,0.9152424335479736,8.433899347437546e-05,0.0018004127778112888,0.00017479895905125886,hard_negative,other_candidate__fsd50k__train__148995__0405.wav,0.000000,3.000
train,clapping_applause,FSD50K,train,221937,221937.wav,"Applause,Cheering,Human_group_actions",other__fsd50k__train__221937__hard3s.wav,e47ae350d0b509a4e193fed68405964b974d3e49640a59260f4abc6a3138929b,4,0.9712381362915039,speech,2,speech,0.8242350220680237,0.012185574509203434,0.033528704196214676,0.027327172458171844,0.08419696986675262,0.8242350220680237,0.018526503816246986,hard_negative,other_candidate__fsd50k__train__221937__0295.wav,0.288526,3.000
train,clapping_applause,FSD50K,train,76779,76779.wav,"Clapping,Hands",other__fsd50k__train__76779__hard3s.wav,26529e467a707a44d14f4e006b0a657a38bb8b3d209e54d5b68220b0e2a2a336,3,0.714962899684906,glass_breaking,0,glass_breaking,0.3525736629962921,0.014555216766893864,0.3525736629962921,0.32163092494010925,0.11383027583360672,0.11953019350767136,0.07787975668907166,hard_negative,other_candidate__fsd50k__train__76779__0355.wav,0.000000,3.000
train,clapping_applause,FSD50K,train,180761,180761.wav,"Clapping,Hands",other__fsd50k__train__180761__hard3s.wav,f3977295940559af4292bbc342463c357bded3568bb7e80578a4e01894a31c09,2,0.9142784476280212,gunshot_gunfire,0,gunshot_gunfire,0.5658940672874451,0.00651401886716485,0.11001993715763092,0.5658940672874451,0.02955120988190174,0.1190558522939682,0.1689649075269699,hard_negative,other_candidate__fsd50k__train__180761__0313.wav,0.000000,3.000
train,clapping_applause,FSD50K,train,377036,377036.wav,"Applause,Human_group_actions",other__fsd50k__train__377036__hard3s.wav,2e78a422ca40ed57bf95e3527023d5688ce1d25c8d3b0123c645e5a813eb6bad,13,0.9649534821510315,speech,9,speech,0.760197103023529,0.0497475266456604,0.0735698863863945,0.046747028827667236,0.06121272221207619,0.760197103023529,0.008525722660124302,hard_negative,other_candidate__fsd50k__train__377036__0407.wav,5.480000,3.000
train,clapping_applause,FSD50K,train,404555,404555.wav,"Clapping,Hands",other__fsd50k__train__404555__hard3s.wav,0fcf80ad1bd76e867c1a8bef53a2ced5a75dc9a53c965210d7790f5b5ce32bd3,1,0.6980676054954529,glass_breaking,0,glass_breaking,0.6980676054954529,0.05063607171177864,0.6980676054954529,0.11288116127252579,0.017600294202566147,0.036477942019701004,0.08433683216571808,hard_negative,other_candidate__fsd50k__train__404555__0392.wav,0.000000,3.000
train,clapping_applause,FSD50K,train,361224,361224.wav,"Applause,Crowd,Cheering,Human_group_actions",other__fsd50k__train__361224__hard3s.wav,2f875af9fe0273aa8bf6a8e241863ed1d446ff6bda1fb29ee1f2944902f28d62,7,0.9137224555015564,gunshot_gunfire,0,gunshot_gunfire,0.3699788749217987,0.010355162434279919,0.3585546910762787,0.3699788749217987,0.048929452896118164,0.08002414554357529,0.13215765357017517,hard_negative,other_candidate__fsd50k__train__361224__0327.wav,0.000000,3.000
train,clapping_applause,FSD50K,train,189830,189830.wav,"Applause,Crowd,Cheering,Human_group_actions",other__fsd50k__train__189830__hard3s.wav,7cc651aa4bb09bf0b2d30c8ab0a3228b449527000216d611d9d681d3f87e83d2,13,0.9603449106216431,speech,9,speech,0.858027994632721,0.040527842938899994,0.014097585342824459,0.029590466991066933,0.05353819578886032,0.858027994632721,0.004217959009110928,hard_negative,other_candidate__fsd50k__train__189830__0409.wav,5.480000,3.000
train,clapping_applause,FSD50K,train,175056,175056.wav,"Clapping,Hands",other__fsd50k__train__175056__hard3s.wav,73286f25302a4373235b533963e255604968f62cc7e930fb76089b628e4f37bb,1,0.6735054850578308,glass_breaking,0,glass_breaking,0.6735054850578308,0.006348548457026482,0.6735054850578308,0.27083396911621094,0.003543773666024208,0.010573817417025566,0.035194434225559235,hard_negative,other_candidate__fsd50k__train__175056__0245.wav,0.000000,3.000
train,clapping_applause,FSD50K,train,180770,180770.wav,"Clapping,Hands",other__fsd50k__train__180770__hard3s.wav,5520bd23648797a4b63bd81f039645aa5e6327ea257b02c56104001463eef84d,1,0.9095953702926636,gunshot_gunfire,0,gunshot_gunfire,0.9095953702926636,0.000232517093536444,0.06597976386547089,0.9095953702926636,0.000232517093536444,0.004136862698942423,0.01982295885682106,hard_negative,other_candidate__fsd50k__train__180770__0340.wav,0.000000,3.000
train,clapping_applause,FSD50K,train,32864,32864.wav,"Applause,Crowd,Cheering,Human_group_actions",other__fsd50k__train__32864__hard3s.wav,c2cdef6157cc811a3f910b40f22e08b2ddf07516f6eef26bcba629e1f7f623ad,11,0.9592959880828857,speech,4,speech,0.7798921465873718,0.04582516849040985,0.04724932089447975,0.08024701476097107,0.04311118647456169,0.7798921465873718,0.0036752037703990936,hard_negative,other_candidate__fsd50k__train__32864__0337.wav,1.880000,3.000
train,clapping_applause,FSD50K,train,241910,241910.wav,"Applause,Human_group_actions",other__fsd50k__train__241910__hard3s.wav,a1bde5ad4e44eb294736bdf776011333659c48a3540cfe4385c53df3826dc5d9,9,0.656333327293396,glass_breaking,8,glass_breaking,0.3649342954158783,0.031981900334358215,0.3649342954158783,0.16379179060459137,0.01616666652262211,0.12705296277999878,0.2960723638534546,hard_negative,other_candidate__fsd50k__train__241910__0257.wav,4.171066,3.000
train,clapping_applause,FSD50K,train,330296,330296.wav,"Clapping,Hands",other__fsd50k__train__330296__hard3s.wav,1367ddd245914e08991d1ece9e09a17b089a8b857edaf300cc52af37387a0019,3,0.9047339558601379,gunshot_gunfire,1,gunshot_gunfire,0.5722654461860657,0.0025452447589486837,0.26933884620666504,0.5722654461860657,0.0021548005752265453,0.11494550108909607,0.03875020146369934,hard_negative,other_candidate__fsd50k__train__330296__0359.wav,0.000000,3.000
train,clapping_applause,FSD50K,train,333404,333404.wav,"Applause,Crowd,Cheering,Human_group_actions",other__fsd50k__train__333404__hard3s.wav,e23a64407e7762e0390690182c704d42cafabc0fc1d56ebb5e2a44deb35aa61d,5,0.9553040266036987,speech,2,speech,0.9083606004714966,0.007145044393837452,0.01252717338502407,0.040552686899900436,0.02745424211025238,0.9083606004714966,0.003960219211876392,hard_negative,other_candidate__fsd50k__train__333404__0283.wav,0.440000,3.000
train,clapping_applause,FSD50K,train,231895,231895.wav,"Clapping,Hands",other__fsd50k__train__231895__hard3s.wav,f83e47a5074d332de9bb2948293e661b995fdeb13e1c4b83996d172a165e24a1,1,0.6468673944473267,glass_breaking,0,glass_breaking,0.6468673944473267,0.0002213228290202096,0.6468673944473267,0.34816205501556396,0.000493386818561703,0.0034036124125123024,0.0008522565476596355,hard_negative,other_candidate__fsd50k__train__231895__0468.wav,0.000000,3.000
train,clapping_applause,FSD50K,train,219169,219169.wav,"Clapping,Hands",other__fsd50k__train__219169__hard3s.wav,49cdbb006cf4d53958bd1409992e86166acbdc6f65a4a8e7520f8bbfadb370c6,1,0.6232210993766785,gunshot_gunfire,0,gunshot_gunfire,0.6232210993766785,0.00815464835613966,0.1941893845796585,0.6232210993766785,0.0019688373431563377,0.09717186540365219,0.07529427111148834,diversity,other_candidate__fsd50k__train__219169__0290.wav,0.000000,3.000
train,clapping_applause,FSD50K,train,42852,42852.wav,"Applause,Crowd,Human_group_actions",other__fsd50k__train__42852__hard3s.wav,6a82025b943821ae70e3445a7239deda653fc99ab6e692216b36b3223cfe774f,11,0.9400367736816406,speech,8,speech,0.806959867477417,0.04075082764029503,0.02671194262802601,0.056881438940763474,0.05321575701236725,0.806959867477417,0.015480220317840576,diversity,other_candidate__fsd50k__train__42852__0393.wav,4.760000,3.000
train,clapping_applause,FSD50K,train,189837,189837.wav,"Applause,Human_group_actions",other__fsd50k__train__189837__hard3s.wav,9c60fef23fb29880adb07e9c481d3a84ee31a0e8cab24b6068284a609596d35a,13,0.6589792370796204,speech,6,speech,0.43616482615470886,0.0383974127471447,0.07395622134208679,0.322363018989563,0.08595208823680878,0.43616482615470886,0.043166425079107285,diversity,other_candidate__fsd50k__train__189837__0260.wav,3.320000,3.000
train,clapping_applause,FSD50K,train,30035,30035.wav,"Applause,Human_group_actions",other__fsd50k__train__30035__hard3s.wav,e13f197f45e5212d6caa89f59f2897701f7dcc599d16116c74d7f2b1edc4f556,9,0.8770259022712708,speech,8,speech,0.6224318146705627,0.0429217666387558,0.06554653495550156,0.2409321665763855,0.012973879463970661,0.6224318146705627,0.015193913131952286,diversity,other_candidate__fsd50k__train__30035__0323.wav,3.791497,3.000
train,clapping_applause,FSD50K,train,21179,21179.wav,"Clapping,Hands",other__fsd50k__train__21179__hard3s.wav,9e7cc47ba6436570dd60abcfdfbcfca9af55768db2e1b852cdf7ccc02b455cfd,1,0.4325837194919586,glass_breaking,0,glass_breaking,0.4325837194919586,0.022604921832680702,0.4325837194919586,0.32319602370262146,0.050392329692840576,0.050392329692840576,0.12083060294389725,diversity,other_candidate__fsd50k__train__21179__0324.wav,0.000000,3.000
train,clapping_applause,FSD50K,train,63530,63530.wav,"Clapping,Hands",other__fsd50k__train__63530__hard3s.wav,23bac6f5e546ce31b7c42785bcecf360d321e8fa0d42d9155d15ed4cd384e20e,1,0.8164300918579102,gunshot_gunfire,0,gunshot_gunfire,0.8164300918579102,0.00016171374591067433,0.17670433223247528,0.8164300918579102,0.00016171374591067433,0.005963123869150877,0.0005789491115137935,diversity,other_candidate__fsd50k__train__63530__0372.wav,0.000000,3.000
train,clapping_applause,FSD50K,train,326758,326758.wav,"Applause,Human_group_actions",other__fsd50k__train__326758__hard3s.wav,81d8ef70f638f0199f5807c6c2eaa1b9eb6c1eb2dad90d010ecf0475db6569d3,9,0.8516780138015747,speech,1,speech,0.6822819113731384,0.023527363315224648,0.056249525398015976,0.18569636344909668,0.047540195286273956,0.6822819113731384,0.0047046649269759655,diversity,other_candidate__fsd50k__train__326758__0342.wav,0.000000,3.000
train,clapping_applause,FSD50K,train,404554,404554.wav,"Clapping,Hands",other__fsd50k__train__404554__hard3s.wav,a5dbe552b89adb34c7e767881c6652ad5149c6186072d71b7010d08f34fb1c56,1,0.4494144320487976,speech,0,speech,0.4494144320487976,0.054295871406793594,0.23323172330856323,0.18742799758911133,0.03506392240524292,0.4494144320487976,0.04056604951620102,diversity,other_candidate__fsd50k__train__404554__0285.wav,0.000000,3.000
train,clapping_applause,FSD50K,train,75058,75058.wav,"Applause,Cheering,Human_group_actions",other__fsd50k__train__75058__hard3s.wav,3370b33eab320a816cfb130e457a318a7f48f8abdfb2e917752f8585fd9e9e1a,13,0.6554695963859558,speech,9,speech,0.29151415824890137,0.09253333508968353,0.09187431633472443,0.21549466252326965,0.09079241752624512,0.29151415824890137,0.21779115498065948,diversity,other_candidate__fsd50k__train__75058__0276.wav,5.480000,3.000
train,clapping_applause,FSD50K,train,241892,241892.wav,"Applause,Human_group_actions",other__fsd50k__train__241892__hard3s.wav,aef16fc362204f3b899a0dbd41fc5187e721b5290efc8029f00a557b82b4140e,13,0.653693675994873,speech,6,speech,0.4641262888908386,0.04776051267981529,0.0660630539059639,0.3565446436405182,0.045480288565158844,0.4641262888908386,0.02002522721886635,diversity,other_candidate__fsd50k__train__241892__0354.wav,3.320000,3.000
train,clapping_applause,FSD50K,train,164435,164435.wav,"Clapping,Hands",other__fsd50k__train__164435__hard3s.wav,45f6e1cc0c2ba280f08d17b4b002aa05605c0fc75f8373b2d2e82171a8b1d2fc,13,0.6804743409156799,speech,4,gunshot_gunfire,0.3906029462814331,0.022343674674630165,0.20393380522727966,0.3906029462814331,0.01639672927558422,0.19068963825702667,0.1760331690311432,diversity,other_candidate__fsd50k__train__164435__0469.wav,1.880000,3.000
train,clapping_applause,FSD50K,train,61650,61650.wav,"Applause,Human_group_actions",other__fsd50k__train__61650__hard3s.wav,6d2086fcef2a142f28d91c3632bcd5ca0977b270c04d39ff20c596776643727b,10,0.8205100893974304,speech,2,speech,0.44876497983932495,0.05418200045824051,0.0987798422574997,0.18932011723518372,0.05802767723798752,0.44876497983932495,0.15092535316944122,diversity,other_candidate__fsd50k__train__61650__0247.wav,0.440000,3.000
train,clapping_applause,FSD50K,train,228362,228362.wav,"Clapping,Hands",other__fsd50k__train__228362__hard3s.wav,945d4d1526f50594bed4041d8c124e81107b76bd88b6e7ff3d8814c7c19ce39c,1,0.8600961565971375,speech,0,speech,0.8600961565971375,0.007267813663929701,0.02601938508450985,0.08981826156377792,0.012104899622499943,0.8600961565971375,0.0046935067512094975,diversity,other_candidate__fsd50k__train__228362__0304.wav,0.000000,3.000
train,clapping_applause,FSD50K,train,187961,187961.wav,"Clapping,Hands",other__fsd50k__train__187961__hard3s.wav,156d3ace8792c937da71c67b662a0c04a66ce12cfb5d8a302e0370fc7b2854a0,1,0.5090537667274475,gunshot_gunfire,0,gunshot_gunfire,0.5090537667274475,0.0017297463491559029,0.456338495016098,0.5090537667274475,0.0039991652593016624,0.004147580359131098,0.024731213226914406,diversity,other_candidate__fsd50k__train__187961__0472.wav,0.000000,3.000
train,clapping_applause,FSD50K,train,189836,189836.wav,"Applause,Human_group_actions",other__fsd50k__train__189836__hard3s.wav,7a7e93a29e5d16c76273587a0167cea0b99cd76002ba362303b5973b7e599cb0,13,0.9239518642425537,speech,12,speech,0.3913489878177643,0.032287709414958954,0.12301845848560333,0.31821000576019287,0.04007944092154503,0.3913489878177643,0.09505537152290344,diversity,other_candidate__fsd50k__train__189836__0292.wav,7.640000,3.000
train,clapping_applause,FSD50K,train,160141,160141.wav,"Clapping,Hands",other__fsd50k__train__160141__hard3s.wav,0b96d8555760ce74cfb964c823ea8b6091a4f6b38692f1ce27823dbd60a0bf35,3,0.5997222065925598,gunshot_gunfire,0,gunshot_gunfire,0.3634144961833954,0.006235931068658829,0.288176029920578,0.3634144961833954,0.021054266020655632,0.14348381757736206,0.17763547599315643,diversity,other_candidate__fsd50k__train__160141__0268.wav,0.000000,3.000
train,clapping_applause,FSD50K,train,189831,189831.wav,"Applause,Crowd,Cheering,Human_group_actions",other__fsd50k__train__189831__hard3s.wav,640cef35d64f5930407c154d40f8aeb187ebe5992a6ca9077f2cc91428c180c5,11,0.9551149010658264,speech,7,speech,0.8559851050376892,0.009783651679754257,0.014154129661619663,0.031000899150967598,0.07879631966352463,0.8559851050376892,0.010279870592057705,diversity,other_candidate__fsd50k__train__189831__0448.wav,4.040000,3.000
train,clapping_applause,FSD50K,train,241247,241247.wav,"Applause,Clapping,Human_group_actions,Hands",other__fsd50k__train__241247__hard3s.wav,39cf90c154348945cbed38d6264030de0ff85fdd9001be932ce8937383c923a3,4,0.7087553143501282,speech,3,speech,0.4893531799316406,0.13512596487998962,0.2451525628566742,0.0488663911819458,0.06112641841173172,0.4893531799316406,0.02037547156214714,diversity,other_candidate__fsd50k__train__241247__0390.wav,0.436553,3.000
train,clapping_applause,FSD50K,train,404543,404543.wav,"Clapping,Hands",other__fsd50k__train__404543__hard3s.wav,05a2a5b3262c8a4236e5752090cd87c333ca72645345093ac30dedf0f8407cd8,1,0.5542754530906677,speech,0,speech,0.5542754530906677,0.06003008037805557,0.17270661890506744,0.15482188761234283,0.03876703605055809,0.5542754530906677,0.019398923963308334,diversity,other_candidate__fsd50k__train__404543__0446.wav,0.000000,3.000
train,clapping_applause,FSD50K,train,324194,324194.wav,"Applause,Human_group_actions",other__fsd50k__train__324194__hard3s.wav,7a5eda13da7e4f75ef476f782a98e0a6dc20fdeeee6b7e100b35df91a6564da0,10,0.9008290767669678,speech,5,speech,0.7105399966239929,0.04074286296963692,0.046152662485837936,0.11724294722080231,0.0778406485915184,0.7105399966239929,0.007480846252292395,diversity,other_candidate__fsd50k__train__324194__0348.wav,2.600000,3.000
train,clapping_applause,FSD50K,train,73083,73083.wav,"Clapping,Hands",other__fsd50k__train__73083__hard3s.wav,7e1d3a0fc4b81d253f5564a16fb18ff4cd34a9290de490117684787f3270b9ca,1,0.7083413600921631,gunshot_gunfire,0,gunshot_gunfire,0.7083413600921631,0.0002703523205127567,0.2553454041481018,0.7083413600921631,0.0016120581422001123,0.0012491138186305761,0.033181723207235336,diversity,other_candidate__fsd50k__train__73083__0475.wav,0.000000,3.000
train,clapping_applause,FSD50K,train,274588,274588.wav,"Applause,Human_group_actions",other__fsd50k__train__274588__hard3s.wav,abcb7becadf01380588fb49d30ff4cc3a92c59d4d3efc159d6ca04ed70b72af9,13,0.685194730758667,speech,9,speech,0.4054984748363495,0.04815586283802986,0.12796613574028015,0.2968375086784363,0.049431558698415756,0.4054984748363495,0.07211048156023026,diversity,other_candidate__fsd50k__train__274588__0424.wav,5.480000,3.000
train,clapping_applause,FSD50K,train,187963,187963.wav,"Clapping,Hands",other__fsd50k__train__187963__hard3s.wav,00faa58089c92de95d07ab251029a36f55e686b771099972b933658781d69b1e,1,0.7740053534507751,gunshot_gunfire,0,gunshot_gunfire,0.7740053534507751,0.00875396654009819,0.08693861216306686,0.7740053534507751,0.0063063097186386585,0.023414986208081245,0.10058075189590454,diversity,other_candidate__fsd50k__train__187963__0478.wav,0.000000,3.000
train,clapping_applause,FSD50K,train,404549,404549.wav,"Clapping,Hands",other__fsd50k__train__404549__hard3s.wav,2fb5ac79c2c96d6043cfcb76613c3dc0854a1b7e1f33724222f548db60b473cf,1,0.557796835899353,glass_breaking,0,glass_breaking,0.557796835899353,0.05616532266139984,0.557796835899353,0.1802539974451065,0.029148008674383163,0.04196276515722275,0.13467304408550262,diversity,other_candidate__fsd50k__train__404549__0363.wav,0.000000,3.000
train,clapping_applause,FSD50K,train,432327,432327.wav,"Applause,Human_group_actions",other__fsd50k__train__432327__hard3s.wav,8985a87a9fc2dcc70e63e8f839f7e8939bdb33c32066391a85bc28409b6609b6,9,0.9035907983779907,speech,0,speech,0.5767077803611755,0.06886652112007141,0.04786891117691994,0.19473332166671753,0.09876096248626709,0.5767077803611755,0.013062476180493832,diversity,other_candidate__fsd50k__train__432327__0430.wav,0.000000,3.000
train,impulsive,FSD50K,train,382235,382235.wav,"Hammer,Tools",other__fsd50k__train__382235__hard3s.wav,2437755099a3bc0ef16e19d9c5c47b58d6b1596c13cd5e35f440f0891633cebf,7,0.9923221468925476,glass_breaking,1,glass_breaking,0.9105505347251892,0.006467715837061405,0.9105505347251892,0.028569774702191353,0.007658515591174364,0.029263069853186607,0.017490413039922714,hard_negative,other_candidate__fsd50k__train__382235__0632.wav,0.000000,3.000
train,impulsive,FSD50K,train,251426,251426.wav,"Knock,Door,Domestic_sounds_and_home_sounds",other__fsd50k__train__251426__hard3s.wav,092c07470013e7abaf229db019aff0080d1941e5e4d7664cd3ab7d1e5742a2b9,13,0.9976377487182617,gunshot_gunfire,9,gunshot_gunfire,0.6384364366531372,0.00358166778460145,0.25117605924606323,0.6384364366531372,0.004251496866345406,0.08313469588756561,0.019419539719820023,hard_negative,other_candidate__fsd50k__train__251426__0701.wav,5.480000,3.000
train,impulsive,FSD50K,train,329018,329018.wav,"Knock,Door,Wood,Domestic_sounds_and_home_sounds",other__fsd50k__train__329018__hard3s.wav,571e0601de3ecb3d553a1b8ee40898d6765d9130af3c5213c2b3b4ea976b604d,12,0.9864365458488464,speech,1,gunshot_gunfire,0.35890135169029236,0.006705837789922953,0.27191272377967834,0.35890135169029236,0.004921031650155783,0.29647353291511536,0.06108551844954491,hard_negative,other_candidate__fsd50k__train__329018__0646.wav,0.000000,3.000
train,impulsive,FSD50K,train,212390,212390.wav,"Hammer,Tools",other__fsd50k__train__212390__hard3s.wav,13a4a8410169196e08e0d0a68613b95c656a52b0a400d322e8192aeb0e2735f1,13,0.9656540751457214,thunderstorm,7,glass_breaking,0.2957858741283417,0.03212361037731171,0.2957858741283417,0.2402210235595703,0.030914101749658585,0.2454177439212799,0.1555376648902893,hard_negative,other_candidate__fsd50k__train__212390__0492.wav,4.040000,3.000
train,impulsive,FSD50K,train,21750,21750.wav,"Hammer,Tools",other__fsd50k__train__21750__hard3s.wav,1fa1d4e8f6f7939fc037e98d3ba6faf97868388d839274cb3af3621c7fd47f03,13,0.9900257587432861,glass_breaking,5,glass_breaking,0.6498421430587769,0.0016461876221001148,0.6498421430587769,0.2782420516014099,0.007362974341958761,0.0570601150393486,0.005846518091857433,hard_negative,other_candidate__fsd50k__train__21750__0555.wav,2.600000,3.000
train,impulsive,ESC-50,fold_1,25777,1-25777-A-48.wav,fireworks,other__esc50__fold_1__25777__hard3s.wav,b8e4b7411b687d7aea986070bee7ea02b2f13a6aec6c176961b7e53263a2c3af,6,0.9943689703941345,gunshot_gunfire,5,gunshot_gunfire,0.760941207408905,0.002874697558581829,0.13171379268169403,0.760941207408905,0.002936331555247307,0.02068561501801014,0.0808483436703682,hard_negative,other_candidate__esc50__fold_1__25777__0610.wav,2.000000,3.000
train,impulsive,FSD50K,train,422165,422165.wav,"Slam,Door,Domestic_sounds_and_home_sounds",other__fsd50k__train__422165__hard3s.wav,542ae5655eda56eaedee10eb21716c026af0732fcd31ec3bd8da4fade6466a1f,10,0.9455395936965942,speech,4,speech,0.3170503079891205,0.07787029445171356,0.14771471917629242,0.1978377401828766,0.06323156505823135,0.3170503079891205,0.1962953507900238,hard_negative,other_candidate__fsd50k__train__422165__0517.wav,1.880000,3.000
train,impulsive,FSD50K,train,335737,335737.wav,"Slam,Door,Domestic_sounds_and_home_sounds",other__fsd50k__train__335737__hard3s.wav,f2afd98283df8a4ccf27c993420a7b14615c3b72b1e2cdcafaef1fdcdd525d58,9,0.9201604723930359,thunderstorm,2,thunderstorm,0.35333043336868286,0.014952427707612514,0.18927070498466492,0.31074759364128113,0.018887251615524292,0.11281151324510574,0.35333043336868286,hard_negative,other_candidate__fsd50k__train__335737__0604.wav,0.440000,3.000
train,impulsive,FSD50K,train,410827,410827.wav,"Knock,Door,Domestic_sounds_and_home_sounds",other__fsd50k__train__410827__hard3s.wav,38f2c7dac9e23f22684f9543eafe43d96eabe44862441cef7046e2253848cb10,13,0.9811328053474426,glass_breaking,12,glass_breaking,0.844908595085144,0.02646094560623169,0.844908595085144,0.015949510037899017,0.009675015695393085,0.05602344125509262,0.046982541680336,hard_negative,other_candidate__fsd50k__train__410827__0620.wav,7.640000,3.000
train,impulsive,FSD50K,train,367129,367129.wav,"Knock,Door,Domestic_sounds_and_home_sounds",other__fsd50k__train__367129__hard3s.wav,2dcc29b846d889d223ef2289b379cbf5c2bbe4e5c74c7e646bddd330a9ef27c5,13,0.991551399230957,gunshot_gunfire,7,gunshot_gunfire,0.46221545338630676,0.0034541874192655087,0.41471293568611145,0.46221545338630676,0.0028381955344229937,0.0934101864695549,0.023369012400507927,hard_negative,other_candidate__fsd50k__train__367129__0677.wav,4.040000,3.000
train,impulsive,FSD50K,train,333036,333036.wav,"Slam,Door,Domestic_sounds_and_home_sounds",other__fsd50k__train__333036__hard3s.wav,c8c987d3014459ccb9a027455ccc8bc748bf9c6d2ec2a421f59fe809022034b8,12,0.8199672102928162,speech,8,speech,0.38244226574897766,0.06219427287578583,0.1430116891860962,0.10606075078248978,0.2393697053194046,0.38244226574897766,0.06692131608724594,hard_negative,other_candidate__fsd50k__train__333036__0708.wav,4.760000,3.000
train,impulsive,FSD50K,train,337097,337097.wav,"Hammer,Tools",other__fsd50k__train__337097__hard3s.wav,24d641947caf73cff1d639dc653cdc7e42882d028927495e1284e50ae799d971,13,0.8934516906738281,thunderstorm,6,thunderstorm,0.42244747281074524,0.009444599971175194,0.1292416751384735,0.09686566144227982,0.10869842022657394,0.23330220580101013,0.42244747281074524,hard_negative,other_candidate__fsd50k__train__337097__0489.wav,3.320000,3.000
train,impulsive,FSD50K,train,67709,67709.wav,"Hammer,Tools",other__fsd50k__train__67709__hard3s.wav,c1004451ff1d2d895c903a969abb55ce58d1365f8ae65e3a060646fc6e20ebe4,10,0.9729918241500854,glass_breaking,8,glass_breaking,0.6370710134506226,0.009397213347256184,0.6370710134506226,0.15204691886901855,0.005089459475129843,0.13303376734256744,0.06336168944835663,hard_negative,other_candidate__fsd50k__train__67709__0527.wav,4.760000,3.000
train,impulsive,FSD50K,train,218774,218774.wav,"Hammer,Tools",other__fsd50k__train__218774__hard3s.wav,f9a0021b963f1e855ff32807c89f6c589a4176c3efbf1a7bd10242b9315303ca,1,0.990254819393158,gunshot_gunfire,0,gunshot_gunfire,0.990254819393158,9.125133510679007e-05,0.006483732257038355,0.990254819393158,9.125133510679007e-05,0.0014553879154846072,0.001623511197976768,hard_negative,other_candidate__fsd50k__train__218774__0531.wav,0.000000,3.000
train,impulsive,FSD50K,train,193854,193854.wav,"Knock,Wood,Door,Domestic_sounds_and_home_sounds",other__fsd50k__train__193854__hard3s.wav,575bf0810af61d2bd9c8efabd3f470a86f44c2f9937a96a9d1b87fb92f268fc7,2,0.7518907785415649,speech,0,speech,0.536802351474762,0.023193474858999252,0.0937771275639534,0.20308427512645721,0.029030798003077507,0.536802351474762,0.11411195993423462,hard_negative,other_candidate__fsd50k__train__193854__0699.wav,0.000000,3.000
train,impulsive,FSD50K,train,46076,46076.wav,"Slam,Door,Domestic_sounds_and_home_sounds",other__fsd50k__train__46076__hard3s.wav,da29012ca6a184ad54cd76bbd9112bdb8da5abd7f63529962e24cba6a672f582,6,0.8215578198432922,thunderstorm,4,gunshot_gunfire,0.3933872878551483,0.019164999946951866,0.11459056288003922,0.3933872878551483,0.036682069301605225,0.11345058679580688,0.3227245509624481,hard_negative,other_candidate__fsd50k__train__46076__0606.wav,1.880000,3.000
train,impulsive,FSD50K,train,341916,341916.wav,Crack,other__fsd50k__train__341916__hard3s.wav,afea1bf6e7ec31dd08da1f11b3eb84e09ba9b9a88d012dbad3a42f08ffeb2d80,1,0.9580293893814087,glass_breaking,0,glass_breaking,0.9580293893814087,0.0001640231057535857,0.9580293893814087,0.03477414697408676,0.0006793603533878922,0.00604827469214797,0.00030474632512778044,hard_negative,other_candidate__fsd50k__train__341916__0558.wav,0.000000,3.000
train,impulsive,FSD50K,train,31371,31371.wav,"Knock,Door,Domestic_sounds_and_home_sounds",other__fsd50k__train__31371__hard3s.wav,5521dd45b4ec1c88520719bcebabeff1350c453db8fec6a9135f880f8212562a,13,0.9761000871658325,gunshot_gunfire,8,gunshot_gunfire,0.5043801069259644,0.003440610831603408,0.2872408628463745,0.5043801069259644,0.005030966829508543,0.15363247692584991,0.046274956315755844,hard_negative,other_candidate__fsd50k__train__31371__0505.wav,4.760000,3.000
train,impulsive,FSD50K,train,52265,52265.wav,"Slam,Door,Domestic_sounds_and_home_sounds",other__fsd50k__train__52265__hard3s.wav,68d0b5e604e2790c248b10d39e1ce4ffc268e9c937152adb9df76564a4990a4a,3,0.6131035089492798,speech,2,speech,0.3243410885334015,0.11890199035406113,0.14996755123138428,0.11100190877914429,0.19104118645191193,0.3243410885334015,0.10474630445241928,hard_negative,other_candidate__fsd50k__train__52265__0600.wav,0.111474,3.000
train,impulsive,FSD50K,train,161190,161190.wav,"Slam,Door,Domestic_sounds_and_home_sounds",other__fsd50k__train__161190__hard3s.wav,c59d17319c637a632b03043361e67f59648b6a7092ce86b5cc5f5785c468beda,6,0.7643918991088867,thunderstorm,3,glass_breaking,0.34108757972717285,0.009942794218659401,0.34108757972717285,0.26082149147987366,0.021518008783459663,0.11152783781290054,0.2551022469997406,hard_negative,other_candidate__fsd50k__train__161190__0488.wav,1.160000,3.000
train,impulsive,FSD50K,train,406048,406048.wav,"Hammer,Tools",other__fsd50k__train__406048__hard3s.wav,b5af741eb0efc109159688a8cf4d47a2a2fa0462eee73b36becdf35c1fba2c6e,4,0.946469247341156,glass_breaking,2,glass_breaking,0.8200522661209106,0.005063500255346298,0.8200522661209106,0.11436554044485092,0.0037937373854219913,0.04133879020810127,0.01538613997399807,hard_negative,other_candidate__fsd50k__train__406048__0706.wav,0.440000,3.000
train,impulsive,FSD50K,train,349290,349290.wav,"Knock,Door,Domestic_sounds_and_home_sounds",other__fsd50k__train__349290__hard3s.wav,32c23192e0564a8bdd9ff2af87f2da28a0c7c83fe7f2db038b8c52d18d57a14e,2,0.9750016331672668,gunshot_gunfire,0,gunshot_gunfire,0.5596305131912231,0.0008252951665781438,0.42388808727264404,0.5596305131912231,0.001938756788149476,0.005763647612184286,0.00795368105173111,hard_negative,other_candidate__fsd50k__train__349290__0522.wav,0.000000,3.000
train,impulsive,FSD50K,train,411526,411526.wav,"Slam,Door,Domestic_sounds_and_home_sounds",other__fsd50k__train__411526__hard3s.wav,77a9c35fba70b4017188f385d68aaaa78d3bf66197b901eb8014945460c27e99,10,0.6121335029602051,speech,1,glass_breaking,0.4355749487876892,0.025749068707227707,0.4355749487876892,0.12906667590141296,0.0137369679287076,0.198212668299675,0.19765964150428772,hard_negative,other_candidate__fsd50k__train__411526__0508.wav,0.000000,3.000
train,impulsive,FSD50K,train,340749,340749.wav,"Sliding_door,Slam,Door,Domestic_sounds_and_home_sounds",other__fsd50k__train__340749__hard3s.wav,4388bf90462beed3b519c2e47e5795596b157099b1b5fcc9c5117cf27952f7dd,12,0.7577472925186157,thunderstorm,10,thunderstorm,0.40385058522224426,0.03943474590778351,0.17646807432174683,0.15514738857746124,0.026986747980117798,0.19811247289180756,0.40385058522224426,hard_negative,other_candidate__fsd50k__train__340749__0672.wav,6.072313,3.000
train,impulsive,FSD50K,train,237403,237403.wav,"Slam,Wood,Door,Domestic_sounds_and_home_sounds",other__fsd50k__train__237403__hard3s.wav,2498679d6143b29222908e8592b7c40003ab71f98a035e8c0087a75e69e42168,10,0.9456011056900024,glass_breaking,2,glass_breaking,0.3605397045612335,0.01351948082447052,0.3605397045612335,0.2903566360473633,0.012656532227993011,0.18226537108421326,0.140662282705307,hard_negative,other_candidate__fsd50k__train__237403__0639.wav,0.440000,3.000
train,impulsive,FSD50K,train,190027,190027.wav,"Knock,Wood,Door,Domestic_sounds_and_home_sounds",other__fsd50k__train__190027__hard3s.wav,7ab6ff32c922ccece9205ae6f2ebddb06fdc46e17d08c073c59ea65ac498b9d0,4,0.9694818258285522,gunshot_gunfire,3,gunshot_gunfire,0.9525387287139893,0.00025257980450987816,0.03781069815158844,0.9525387287139893,0.00025257980450987816,0.007695378735661507,0.001450129086151719,hard_negative,other_candidate__fsd50k__train__190027__0615.wav,0.489909,3.000
train,impulsive,FSD50K,train,193859,193859.wav,"Knock,Wood,Percussion,Musical_instrument,Music,Door,Domestic_sounds_and_home_sounds",other__fsd50k__train__193859__hard3s.wav,512fa388f368a33105614ed403600685abdc44993b896b5b1f8b7c781fc02c89,2,0.4199649393558502,speech,1,gunshot_gunfire,0.37206965684890747,0.018433552235364914,0.2245228886604309,0.37206965684890747,0.032513998448848724,0.24286118149757385,0.10959871113300323,hard_negative,other_candidate__fsd50k__train__193859__0707.wav,0.000000,3.000
train,impulsive,FSD50K,train,354098,354098.wav,"Crack,Crackle",other__fsd50k__train__354098__hard3s.wav,8a18eae55a01d19d0c6591d6d9148e82eb5b72b7a930ea9da6ff237388d8047c,12,0.7122170925140381,thunderstorm,3,thunderstorm,0.43984997272491455,0.019747145473957062,0.2499527782201767,0.11978259682655334,0.013878144323825836,0.1567893773317337,0.43984997272491455,hard_negative,other_candidate__fsd50k__train__354098__0569.wav,1.160000,3.000
train,impulsive,FSD50K,train,194238,194238.wav,"Slam,Door,Domestic_sounds_and_home_sounds",other__fsd50k__train__194238__hard3s.wav,9d6871ceb7466fbb703d6e0c26d9978a7184cf23201729707de9436d417b035b,12,0.945266604423523,glass_breaking,5,glass_breaking,0.49169978499412537,0.021684950217604637,0.49169978499412537,0.1609528511762619,0.012777085416018963,0.1397644728422165,0.1731209009885788,hard_negative,other_candidate__fsd50k__train__194238__0651.wav,2.600000,3.000
train,impulsive,FSD50K,train,413270,413270.wav,"Knock,Door,Wood,Domestic_sounds_and_home_sounds",other__fsd50k__train__413270__hard3s.wav,a676dd2e3c9961ce0428277ff6a5bd0cbb36b0a620e54ba15bbcab1b39c6e106,3,0.9579173922538757,gunshot_gunfire,1,gunshot_gunfire,0.6177880167961121,0.004110355395823717,0.2969150245189667,0.6177880167961121,0.0012343189446255565,0.038917288184165955,0.041034992784261703,hard_negative,other_candidate__fsd50k__train__413270__0501.wav,0.000000,3.000
train,impulsive,FSD50K,train,88676,88676.wav,"Finger_snapping,Hands",other__fsd50k__train__88676__hard3s.wav,69e8c04fd20ecd9522b0fb04470dbe7ffe2e42730f5d3d20bc8123821e0be961,1,0.2886980473995209,speech,0,speech,0.2886980473995209,0.0520767979323864,0.21569480001926422,0.1933584362268448,0.10034684836864471,0.2886980473995209,0.1498250663280487,hard_negative,other_candidate__fsd50k__train__88676__0570.wav,0.000000,3.000
train,impulsive,FSD50K,train,390973,390973.wav,"Slam,Door,Domestic_sounds_and_home_sounds",other__fsd50k__train__390973__hard3s.wav,04957a2b55b81e6debd883ca42669b09a57af1704cb0af41dac5a1b6ae0a412e,8,0.7033373713493347,thunderstorm,0,thunderstorm,0.4144606292247772,0.03245672956109047,0.2391606867313385,0.13120265305042267,0.11774764955043793,0.06497164815664291,0.4144606292247772,hard_negative,other_candidate__fsd50k__train__390973__0534.wav,0.000000,3.000
train,impulsive,FSD50K,train,219522,219522.wav,"Crack,Crackle",other__fsd50k__train__219522__hard3s.wav,41004ede445f6881ba604d58cb45eebafd5967602b9e982a20c8882916746916,13,0.9436377286911011,glass_breaking,7,glass_breaking,0.6338165998458862,0.014042655937373638,0.6338165998458862,0.07740016281604767,0.006339435465633869,0.1043548509478569,0.1640462875366211,hard_negative,other_candidate__fsd50k__train__219522__0623.wav,4.040000,3.000
train,impulsive,FSD50K,train,275912,275912.wav,"Knock,Door,Domestic_sounds_and_home_sounds",other__fsd50k__train__275912__hard3s.wav,664c072595ebbf124f56b2cec58ae4f515eea799ed865a424722c40694c4493d,2,0.9556663632392883,gunshot_gunfire,0,gunshot_gunfire,0.8369768857955933,0.00296801864169538,0.08476252853870392,0.8369768857955933,0.0015584096545353532,0.05083826556801796,0.022895919159054756,hard_negative,other_candidate__fsd50k__train__275912__0702.wav,0.000000,3.000
train,impulsive,FSD50K,train,60031,60031.wav,"Slam,Door,Domestic_sounds_and_home_sounds",other__fsd50k__train__60031__hard3s.wav,343a53569c30c81d2a96e7ba9f870040a9d448aa5a9c681dc4f1a3ce88b97641,11,0.6593303680419922,thunderstorm,4,glass_breaking,0.2633039355278015,0.02300061658024788,0.2633039355278015,0.22516950964927673,0.02092519961297512,0.2170964628458023,0.2505042850971222,hard_negative,other_candidate__fsd50k__train__60031__0510.wav,1.880000,3.000
train,impulsive,FSD50K,train,346798,346798.wav,"Finger_snapping,Hands",other__fsd50k__train__346798__hard3s.wav,ba9ad5ee6bb6ba4543b76b4c01c568085a83a9eca6fd27da5f6d26a32394d80c,1,0.9394853115081787,glass_breaking,0,glass_breaking,0.9394853115081787,0.004431375302374363,0.9394853115081787,0.03170418366789818,0.000385681283660233,0.021234190091490746,0.002759348601102829,hard_negative,other_candidate__fsd50k__train__346798__0689.wav,0.000000,3.000
train,impulsive,FSD50K,train,211496,211496.wav,"Knock,Door,Domestic_sounds_and_home_sounds",other__fsd50k__train__211496__hard3s.wav,d1d7a18a688590f34b7579b4a4e3e25434ffc707b714c32944273cd0ff6c3182,1,0.9529997706413269,gunshot_gunfire,0,gunshot_gunfire,0.9529997706413269,0.00030314642935991287,0.028829872608184814,0.9529997706413269,0.00030314642935991287,0.014961780048906803,0.002602305728942156,hard_negative,other_candidate__fsd50k__train__211496__0593.wav,0.000000,3.000
train,impulsive,FSD50K,train,193870,193870.wav,"Knock,Door,Domestic_sounds_and_home_sounds",other__fsd50k__train__193870__hard3s.wav,80d71bf15d9e46a1e2d9c3985e9ebbdf1305f0035585ef5e0559108fceb54b6d,2,0.5266166925430298,thunderstorm,1,thunderstorm,0.44137927889823914,0.012025712057948112,0.10844957083463669,0.3356945514678955,0.02261156216263771,0.07983936369419098,0.44137927889823914,hard_negative,other_candidate__fsd50k__train__193870__0529.wav,0.000000,3.000
train,impulsive,FSD50K,train,364849,364849.wav,"Hammer,Wood,Tools",other__fsd50k__train__364849__hard3s.wav,cfa0f5ec27e192fade5df4df62e5c991a1b1519b34d8711602101215fff613da,2,0.9304651618003845,glass_breaking,1,glass_breaking,0.8869681358337402,0.004816229920834303,0.8869681358337402,0.03874904662370682,0.006901652552187443,0.03558437153697014,0.026980556547641754,hard_negative,other_candidate__fsd50k__train__364849__0645.wav,0.000000,3.000
train,impulsive,FSD50K,train,106861,106861.wav,"Hammer,Tools",other__fsd50k__train__106861__hard3s.wav,e6166ebb339cf765b95ecaf2f2d1541494c29875dd34bcd668386120093dd65d,1,0.9473153352737427,gunshot_gunfire,0,gunshot_gunfire,0.9473153352737427,8.729448745725676e-05,0.04950252175331116,0.9473153352737427,8.729448745725676e-05,0.00022513877775054425,0.0027823459822684526,hard_negative,other_candidate__fsd50k__train__106861__0572.wav,0.000000,3.000
train,impulsive,FSD50K,train,68702,68702.wav,"Knock,Door,Domestic_sounds_and_home_sounds",other__fsd50k__train__68702__hard3s.wav,8cf1ce0e475f3ef2e624f6c338de79e33d99e7c4fd83e9bf1a078b5436ba447e,1,0.5082759261131287,thunderstorm,0,thunderstorm,0.5082759261131287,0.009929860942065716,0.00574857834726572,0.2452387660741806,0.04758177697658539,0.1832251101732254,0.5082759261131287,hard_negative,other_candidate__fsd50k__train__68702__0709.wav,0.000000,3.000
train,impulsive,FSD50K,train,114235,114235.wav,Crack,other__fsd50k__train__114235__hard3s.wav,a4868bbd67ba54bcfeba03aa39d9413abd5acc893f5d13c85b70f4e683534b4b,12,0.9302404522895813,glass_breaking,11,glass_breaking,0.5159069895744324,0.014130611903965473,0.5159069895744324,0.14498984813690186,0.03139418736100197,0.05921640619635582,0.23436200618743896,hard_negative,other_candidate__fsd50k__train__114235__0688.wav,6.138050,3.000
train,impulsive,FSD50K,train,426736,426736.wav,"Knock,Door,Domestic_sounds_and_home_sounds",other__fsd50k__train__426736__hard3s.wav,f0ac98a1d7aa9baef26eea25f115344156b21e1ea174aed4b4fa4924a931083d,8,0.9394280910491943,gunshot_gunfire,7,gunshot_gunfire,0.5259736776351929,0.016045276075601578,0.24543868005275726,0.5259736776351929,0.0075496225617825985,0.12530682981014252,0.07968589663505554,hard_negative,other_candidate__fsd50k__train__426736__0579.wav,3.279841,3.000
train,impulsive,FSD50K,train,212747,212747.wav,"Sliding_door,Slam,Wood,Door,Domestic_sounds_and_home_sounds",other__fsd50k__train__212747__hard3s.wav,224904ce31371604176d97ebff7aebca58f717f06da4e289ed36a96dbd343b81,3,0.4443286061286926,thunderstorm,0,thunderstorm,0.3840782940387726,0.00869362335652113,0.2261563092470169,0.11058106273412704,0.12594835460186005,0.1445424109697342,0.3840782940387726,hard_negative,other_candidate__fsd50k__train__212747__0586.wav,0.000000,3.000
train,impulsive,FSD50K,train,324508,324508.wav,"Slam,Wood,Door,Domestic_sounds_and_home_sounds",other__fsd50k__train__324508__hard3s.wav,253eca3da949fb5f2eb66eeacadeaafe995c572ec48e263779ae2553b1fa08e4,5,0.9283677935600281,glass_breaking,1,glass_breaking,0.5502699613571167,0.0028813451062887907,0.5502699613571167,0.29463544487953186,0.007230723742395639,0.048026613891124725,0.09695594012737274,hard_negative,other_candidate__fsd50k__train__324508__0659.wav,0.000000,3.000
train,impulsive,FSD50K,train,361758,361758.wav,"Finger_snapping,Hands",other__fsd50k__train__361758__hard3s.wav,0eeed34ff01ecc983096e9bf2f05f7115f350a13f3703f9c1ac66aefb58f24d8,1,0.6177322864532471,gunshot_gunfire,0,gunshot_gunfire,0.6177322864532471,0.0006306333234533668,0.3448196053504944,0.6177322864532471,0.0006306333234533668,0.033477939665317535,0.0027089298237115145,diversity,other_candidate__fsd50k__train__361758__0683.wav,0.000000,3.000
train,impulsive,FSD50K,train,193832,193832.wav,"Knock,Door,Domestic_sounds_and_home_sounds",other__fsd50k__train__193832__hard3s.wav,18859e1a213ca564805ee388e30cdadb1428565d2ea3a81fc22f935b3a53270c,1,0.5418801307678223,gunshot_gunfire,0,gunshot_gunfire,0.5418801307678223,0.0017754004802554846,0.36292970180511475,0.5418801307678223,0.004578887950628996,0.015806205570697784,0.07302970439195633,diversity,other_candidate__fsd50k__train__193832__0714.wav,0.000000,3.000
train,impulsive,FSD50K,train,333249,333249.wav,"Slam,Door,Domestic_sounds_and_home_sounds",other__fsd50k__train__333249__hard3s.wav,abadfb0a551b92753af767d8c5071f0a83983829617236b759a552ff3a26cae3,9,0.9258254170417786,gunshot_gunfire,4,gunshot_gunfire,0.5322709083557129,0.0072176288813352585,0.2246646285057068,0.5322709083557129,0.00873592123389244,0.0695330873131752,0.15757781267166138,diversity,other_candidate__fsd50k__train__333249__0551.wav,1.880000,3.000
train,impulsive,FSD50K,train,193850,193850.wav,"Knock,Door,Domestic_sounds_and_home_sounds",other__fsd50k__train__193850__hard3s.wav,e1bf86ce1569d05b44ef0e3db49cd6750a1e9875603ff336f6c8cf3ba0b6f32f,1,0.3629835247993469,glass_breaking,0,glass_breaking,0.3629835247993469,0.008204134181141853,0.3629835247993469,0.3499946594238281,0.027307054027915,0.06313379853963852,0.18837684392929077,diversity,other_candidate__fsd50k__train__193850__0601.wav,0.000000,3.000
train,impulsive,FSD50K,train,361755,361755.wav,"Finger_snapping,Hands",other__fsd50k__train__361755__hard3s.wav,f4f24cc59459e27b3e33b2bcdaca1df99232cd472c8c710f40da3135de4039c8,1,0.8741577863693237,glass_breaking,0,glass_breaking,0.8741577863693237,0.005321288947016001,0.8741577863693237,0.07608164101839066,0.003975691739469767,0.02458605170249939,0.015877513214945793,diversity,other_candidate__fsd50k__train__361755__0550.wav,0.000000,3.000
train,impulsive,FSD50K,train,346796,346796.wav,"Finger_snapping,Hands",other__fsd50k__train__346796__hard3s.wav,b25dfef83c39c3e611dcc92feb260bbdd57d43e8bd2ec97922bed10014a9e238,1,0.5297543406486511,gunshot_gunfire,0,gunshot_gunfire,0.5297543406486511,0.0031093964353203773,0.3816320598125458,0.5297543406486511,0.009622040204703808,0.046106766909360886,0.029775450006127357,diversity,other_candidate__fsd50k__train__346796__0595.wav,0.000000,3.000
train,impulsive,FSD50K,train,161600,161600.wav,"Slam,Wood,Door,Domestic_sounds_and_home_sounds",other__fsd50k__train__161600__hard3s.wav,8f953a9eb91ea35065f65c77a09146992ae7c38c9e0842d805a74f927c218b04,1,0.48064908385276794,gunshot_gunfire,0,gunshot_gunfire,0.48064908385276794,0.0020323568023741245,0.4308752417564392,0.48064908385276794,0.005241596605628729,0.014020148664712906,0.0671815499663353,diversity,other_candidate__fsd50k__train__161600__0658.wav,0.000000,3.000
train,impulsive,FSD50K,train,210210,210210.wav,"Hammer,Tools",other__fsd50k__train__210210__hard3s.wav,fe3842e846d257884bd08423ae7214db32e0a067b09f49023ccb318c3d30d144,4,0.658575177192688,gunshot_gunfire,1,gunshot_gunfire,0.4172266125679016,0.007520727347582579,0.318804532289505,0.4172266125679016,0.0068261693231761456,0.1432671993970871,0.10635476559400558,diversity,other_candidate__fsd50k__train__210210__0626.wav,0.000000,3.000
train,impulsive,FSD50K,train,234613,234613.wav,Crack,other__fsd50k__train__234613__hard3s.wav,8764d8a2feca49c2e496bf8791148e472c7f39f60d2804d455bb9521528831d2,2,0.5369288325309753,glass_breaking,1,glass_breaking,0.5002913475036621,0.016865219920873642,0.5002913475036621,0.17121544480323792,0.03848940134048462,0.0950741395354271,0.1780644655227661,diversity,other_candidate__fsd50k__train__234613__0530.wav,0.000000,3.000
train,impulsive,FSD50K,train,177506,177506.wav,"Finger_snapping,Hands",other__fsd50k__train__177506__hard3s.wav,a70d1487ba8f0c896119e9c7723ca2520c2b6e4523b4ae86fe3e506f4181d3dc,1,0.7027004957199097,glass_breaking,0,glass_breaking,0.7027004957199097,0.024593614041805267,0.7027004957199097,0.12222084403038025,0.014237689785659313,0.030603811144828796,0.10564360022544861,diversity,other_candidate__fsd50k__train__177506__0603.wav,0.000000,3.000
train,impulsive,FSD50K,train,88683,88683.wav,"Finger_snapping,Hands",other__fsd50k__train__88683__hard3s.wav,8a8713285f32d351e4a8bab450bd078d2aa6dd1111c974ac96df0d68a609696d,1,0.36698997020721436,glass_breaking,0,glass_breaking,0.36698997020721436,0.04433778300881386,0.36698997020721436,0.14757615327835083,0.033126067370176315,0.25491711497306824,0.1530529409646988,diversity,other_candidate__fsd50k__train__88683__0493.wav,0.000000,3.000
train,impulsive,FSD50K,train,361747,361747.wav,"Finger_snapping,Hands",other__fsd50k__train__361747__hard3s.wav,c27b13096d80f0bf9b5b19edb4accdb428fee9d59f2ecf4550c73213810adb09,1,0.572743833065033,gunshot_gunfire,0,gunshot_gunfire,0.572743833065033,0.002801781054586172,0.15425588190555573,0.572743833065033,0.0016821975586935878,0.24772705137729645,0.02078920789062977,diversity,other_candidate__fsd50k__train__361747__0539.wav,0.000000,3.000
train,impulsive,FSD50K,train,317526,317526.wav,"Slam,Door,Wood,Domestic_sounds_and_home_sounds",other__fsd50k__train__317526__hard3s.wav,e496377693343079644fd677f1760edb5332600d43e09191b0b677b3060f0ef4,1,0.6970632672309875,gunshot_gunfire,0,gunshot_gunfire,0.6970632672309875,0.0020473343320190907,0.24228811264038086,0.6970632672309875,0.0028419638983905315,0.013618080876767635,0.04214122146368027,diversity,other_candidate__fsd50k__train__317526__0608.wav,0.000000,3.000
train,impulsive,FSD50K,train,72676,72676.wav,"Slam,Door,Domestic_sounds_and_home_sounds",other__fsd50k__train__72676__hard3s.wav,62008a58e5733c5ab9ea351dad4eb11c2034ef43ddba0e8a23a3786931b13e1e,10,0.8431158661842346,gunshot_gunfire,0,gunshot_gunfire,0.4453369975090027,0.006508973427116871,0.3171151280403137,0.4453369975090027,0.018710734322667122,0.10398765653371811,0.10834047943353653,diversity,other_candidate__fsd50k__train__72676__0532.wav,0.000000,3.000
train,impulsive,FSD50K,train,144945,144945.wav,Crack,other__fsd50k__train__144945__hard3s.wav,5b5dd3a484dd347ba245e0b947dc0b33d22b484c24740fd6c315c72d4b037272,1,0.44936051964759827,glass_breaking,0,glass_breaking,0.44936051964759827,0.0037970971316099167,0.44936051964759827,0.4177763760089874,0.03636084496974945,0.022641340270638466,0.07006373256444931,diversity,other_candidate__fsd50k__train__144945__0629.wav,0.000000,3.000
train,impulsive,FSD50K,train,349292,349292.wav,"Knock,Wood,Door,Domestic_sounds_and_home_sounds",other__fsd50k__train__349292__hard3s.wav,481636463055c588cf6fd636d43d4cb93af9e2b61c1dea1060ffe51b00742de9,1,0.4901077151298523,gunshot_gunfire,0,gunshot_gunfire,0.4901077151298523,0.007694528438150883,0.43935438990592957,0.4901077151298523,0.002397536765784025,0.042656153440475464,0.017789723351597786,diversity,other_candidate__fsd50k__train__349292__0543.wav,0.000000,3.000
train,impulsive,FSD50K,train,88689,88689.wav,"Finger_snapping,Hands",other__fsd50k__train__88689__hard3s.wav,8df03db879a3c1d0931db9faf6a464834000ac198aa8b62dc037cbb5f18cf63e,1,0.5475326776504517,glass_breaking,0,glass_breaking,0.5475326776504517,0.010696794837713242,0.5475326776504517,0.1706056296825409,0.011505480855703354,0.1321948915719986,0.12746448814868927,diversity,other_candidate__fsd50k__train__88689__0502.wav,0.000000,3.000
train,impulsive,FSD50K,train,144890,144890.wav,Crack,other__fsd50k__train__144890__hard3s.wav,c54c4863193487338b7d52e531634ca3541b2775a02420e037d5281c81bcec32,5,0.8316513895988464,glass_breaking,3,glass_breaking,0.6021454930305481,0.007463975343853235,0.6021454930305481,0.24030479788780212,0.014295442029833794,0.10318551957607269,0.03260478749871254,diversity,other_candidate__fsd50k__train__144890__0633.wav,1.054694,3.000
train,impulsive,FSD50K,train,164571,164571.wav,"Knock,Door,Domestic_sounds_and_home_sounds",other__fsd50k__train__164571__hard3s.wav,e300611e9287ec0554921dc9bd75390c338bf40b905dec1f2d77436df38c3661,1,0.905965268611908,gunshot_gunfire,0,gunshot_gunfire,0.905965268611908,0.00046281045069918036,0.026426274329423904,0.905965268611908,0.00046281045069918036,0.009879774414002895,0.05680309236049652,diversity,other_candidate__fsd50k__train__164571__0480.wav,0.000000,3.000
train,impulsive,FSD50K,train,103998,103998.wav,"Knock,Door,Wood,Domestic_sounds_and_home_sounds",other__fsd50k__train__103998__hard3s.wav,d4b4d80d62140f005d6d7a1254a5ad52badc2d3786fdc12532de11dd0ab0cfc9,3,0.7699933052062988,gunshot_gunfire,1,gunshot_gunfire,0.6733668446540833,0.0023715775460004807,0.18885506689548492,0.6733668446540833,0.006268433760851622,0.03291337564587593,0.09622464329004288,diversity,other_candidate__fsd50k__train__103998__0711.wav,0.000000,3.000
train,impulsive,FSD50K,train,11582,11582.wav,"Slam,Door,Domestic_sounds_and_home_sounds",other__fsd50k__train__11582__hard3s.wav,3922c569ff681e4be67b931b530791b755b21d91cd430e841bc1930007336032,1,0.505013108253479,glass_breaking,0,glass_breaking,0.505013108253479,0.01061200350522995,0.505013108253479,0.3773101270198822,0.014203703962266445,0.0472763292491436,0.04558460786938667,diversity,other_candidate__fsd50k__train__11582__0541.wav,0.000000,3.000
train,impulsive,FSD50K,train,364719,364719.wav,"Finger_snapping,Hands",other__fsd50k__train__364719__hard3s.wav,d09057d55ec54094f8b6a4a63c7a1f24117f09f689c34d214dd5ceb4ac9243f4,1,0.39915263652801514,glass_breaking,0,glass_breaking,0.39915263652801514,0.012075052596628666,0.39915263652801514,0.30928605794906616,0.011226334609091282,0.1438879370689392,0.12437191605567932,diversity,other_candidate__fsd50k__train__364719__0700.wav,0.000000,3.000
train,impulsive,FSD50K,train,346833,346833.wav,"Slam,Door,Domestic_sounds_and_home_sounds",other__fsd50k__train__346833__hard3s.wav,50d358703956bc5752415596f4c1659756e44731b3999335941b50e256c9abc6,3,0.6752549409866333,glass_breaking,1,glass_breaking,0.5056469440460205,0.010633200407028198,0.5056469440460205,0.24513395130634308,0.02113744057714939,0.13408491015434265,0.08336356282234192,diversity,other_candidate__fsd50k__train__346833__0674.wav,0.000000,3.000
train,impulsive,FSD50K,train,70314,70314.wav,"Hammer,Tools",other__fsd50k__train__70314__hard3s.wav,2e6e8dd02da40f3111f92528001418d7646edec6020d27314d93633a6c592193,13,0.7268813252449036,gunshot_gunfire,7,gunshot_gunfire,0.44942614436149597,0.015903599560260773,0.3074963688850403,0.44942614436149597,0.02378302440047264,0.0805000439286232,0.12289083003997803,diversity,other_candidate__fsd50k__train__70314__0535.wav,4.040000,3.000
train,impulsive,FSD50K,train,264153,264153.wav,"Slam,Microwave_oven,Door,Domestic_sounds_and_home_sounds",other__fsd50k__train__264153__hard3s.wav,e9e433c8e71120d8c7880c3e63074c5bb008f1f8162c977930318c5d0c6e5bf4,1,0.5797159671783447,gunshot_gunfire,0,gunshot_gunfire,0.5797159671783447,0.007052242755889893,0.3120192885398865,0.5797159671783447,0.009789417497813702,0.05232761427760124,0.03909549489617348,diversity,other_candidate__fsd50k__train__264153__0582.wav,0.000000,3.000
train,metallic_fragile,FSD50K,train,266999,266999.wav,"Cutlery_and_silverware,Domestic_sounds_and_home_sounds",other__fsd50k__train__266999__hard3s.wav,392956bbeb910f9a44329eab72d296e973181d78ecd8dad10edcb1e06384b3fd,1,0.9964975714683533,glass_breaking,0,glass_breaking,0.9964975714683533,0.0002123026642948389,0.9964975714683533,0.000847861694637686,0.0005279505858197808,0.0018224730156362057,9.182660141959786e-05,hard_negative,other_candidate__fsd50k__train__266999__0819.wav,0.000000,3.000
train,metallic_fragile,FSD50K,train,257938,257938.wav,"Dishes_and_pots_and_pans,Domestic_sounds_and_home_sounds",other__fsd50k__train__257938__hard3s.wav,1927b14460fae60a724d721621d9da4dc843e6a903499ef2623e8cc2ffc4dea3,1,0.9842192530632019,gunshot_gunfire,0,gunshot_gunfire,0.9842192530632019,9.069516090676188e-05,0.006931401323527098,0.9842192530632019,9.069516090676188e-05,0.0006488763610832393,0.008019055239856243,hard_negative,other_candidate__fsd50k__train__257938__0769.wav,0.000000,3.000
train,metallic_fragile,FSD50K,train,417724,417724.wav,"Dishes_and_pots_and_pans,Domestic_sounds_and_home_sounds",other__fsd50k__train__417724__hard3s.wav,2decf8b6d3f94e41684939dd6a056de58909f87aa4ef2b62fb5cedbe4e1f413f,12,0.9835553765296936,siren,4,siren,0.5625907182693481,0.07590743899345398,0.02234712243080139,0.09793242812156677,0.5625907182693481,0.14687789976596832,0.0943443700671196,hard_negative,other_candidate__fsd50k__train__417724__0945.wav,1.880000,3.000
train,metallic_fragile,FSD50K,train,80979,80979.wav,"Coin_(dropping),Domestic_sounds_and_home_sounds",other__fsd50k__train__80979__hard3s.wav,64c438764a2b6118c4943eeaf8593c4dcdbb0d22a6e18ea99730a48a0835abbf,13,0.9474059343338013,speech,4,speech,0.560588002204895,0.04911675304174423,0.24079629778862,0.03914013132452965,0.025271911174058914,0.560588002204895,0.0850868970155716,hard_negative,other_candidate__fsd50k__train__80979__0748.wav,1.880000,3.000
train,metallic_fragile,FSD50K,train,341432,341432.wav,"Dishes_and_pots_and_pans,Domestic_sounds_and_home_sounds",other__fsd50k__train__341432__hard3s.wav,dcffc8be8899007425d3748a7a99a1ca6bba88ab2885967ca552c79fcb347740,9,0.7642461061477661,thunderstorm,7,thunderstorm,0.3172023296356201,0.01834808476269245,0.2100730538368225,0.07896194607019424,0.06494522839784622,0.3104693591594696,0.3172023296356201,hard_negative,other_candidate__fsd50k__train__341432__0729.wav,4.040000,3.000
train,metallic_fragile,FSD50K,train,182694,182694.wav,"Cutlery_and_silverware,Domestic_sounds_and_home_sounds",other__fsd50k__train__182694__hard3s.wav,292f7b078fb0c440ced5648e8bdb82473f6dceabd0c2438c199430c48fe6558e,13,0.9962984919548035,glass_breaking,3,glass_breaking,0.7741496562957764,0.01067184004932642,0.7741496562957764,0.02460426092147827,0.017223484814167023,0.16435058414936066,0.009000196121633053,hard_negative,other_candidate__fsd50k__train__182694__0862.wav,1.160000,3.000
train,metallic_fragile,FSD50K,train,201252,201252.wav,"Coin_(dropping),Domestic_sounds_and_home_sounds",other__fsd50k__train__201252__hard3s.wav,e773fe46ee5bf6be35483d2f9f14ae65d93836ac9947f876dd3951247ea10924,7,0.9515356421470642,gunshot_gunfire,3,glass_breaking,0.4467260539531708,0.0020265912171453238,0.4467260539531708,0.41989654302597046,0.011220286600291729,0.05910658463835716,0.061023976653814316,hard_negative,other_candidate__fsd50k__train__201252__0909.wav,1.160000,3.000
train,metallic_fragile,FSD50K,train,85164,85164.wav,"Coin_(dropping),Domestic_sounds_and_home_sounds",other__fsd50k__train__85164__hard3s.wav,dd7e0f90b495a70690e84ed23da7a0a7bd1f542373feed717f44e43f4aefe8f4,7,0.8774941563606262,siren,1,glass_breaking,0.3110128939151764,0.02393532730638981,0.3110128939151764,0.10751308500766754,0.24820365011692047,0.18142636120319366,0.12790872156620026,hard_negative,other_candidate__fsd50k__train__85164__0899.wav,0.000000,3.000
train,metallic_fragile,FSD50K,train,80949,80949.wav,"Dishes_and_pots_and_pans,Domestic_sounds_and_home_sounds",other__fsd50k__train__80949__hard3s.wav,3961cb55cbb04a5ea63cd67850a3b5f85173b12616fe14badb66a3154accc535,3,0.8749289512634277,speech,0,speech,0.6442786455154419,0.004368636291474104,0.29106763005256653,0.04322922229766846,0.008742084726691246,0.6442786455154419,0.008313748985528946,hard_negative,other_candidate__fsd50k__train__80949__0869.wav,0.000000,3.000
train,metallic_fragile,FSD50K,train,33921,33921.wav,"Dishes_and_pots_and_pans,Domestic_sounds_and_home_sounds",other__fsd50k__train__33921__hard3s.wav,5f5259b2a973b0c0035a1f7b900e5faf9610f9d856bad9cda1d3dbb7d07f8efd,5,0.7137060165405273,thunderstorm,4,thunderstorm,0.513426661491394,0.02721458673477173,0.14095811545848846,0.2135590761899948,0.03779718652367592,0.06704438477754593,0.513426661491394,hard_negative,other_candidate__fsd50k__train__33921__0952.wav,0.995397,3.000
train,metallic_fragile,FSD50K,train,376862,376862.wav,"Cutlery_and_silverware,Domestic_sounds_and_home_sounds",other__fsd50k__train__376862__hard3s.wav,a710177f175e1ef25d64ec440a694309c29e2b17fb4d502df53ec6cb6700cd7b,8,0.9959499835968018,glass_breaking,7,glass_breaking,0.9846382141113281,0.002895109821110964,0.9846382141113281,0.004774217959493399,0.002453963039442897,0.004592136945575476,0.0006463956087827682,hard_negative,other_candidate__fsd50k__train__376862__0920.wav,4.040000,3.000
train,metallic_fragile,FSD50K,train,423332,423332.wav,"Coin_(dropping),Domestic_sounds_and_home_sounds",other__fsd50k__train__423332__hard3s.wav,de5f4794544399df29178b09f8575ec0cd4486584e69176679af1455de6995ea,1,0.9423720836639404,gunshot_gunfire,0,gunshot_gunfire,0.9423720836639404,0.0001250172354048118,0.05107174441218376,0.9423720836639404,0.0008624272886663675,0.002481203991919756,0.003087560646235943,hard_negative,other_candidate__fsd50k__train__423332__0859.wav,0.000000,3.000
train,metallic_fragile,FSD50K,train,15565,15565.wav,"Keys_jangling,Domestic_sounds_and_home_sounds",other__fsd50k__train__15565__hard3s.wav,3ad3ca689c86ad6b36db7ec6d0dbc4f880f3aae571017dd44623c7b0b2b8edb5,13,0.8561155796051025,siren,5,glass_breaking,0.28348156809806824,0.02435033582150936,0.28348156809806824,0.12572380900382996,0.24410715699195862,0.07601270079612732,0.24632447957992554,hard_negative,other_candidate__fsd50k__train__15565__0942.wav,2.600000,3.000
train,metallic_fragile,FSD50K,train,81740,81740.wav,"Dishes_and_pots_and_pans,Domestic_sounds_and_home_sounds",other__fsd50k__train__81740__hard3s.wav,245dec9f3aaa8c9aa20da513292522fdb6e7d3b04e15821ee88f2d48d5e82281,12,0.7470902800559998,speech,2,speech,0.3679026663303375,0.21046723425388336,0.16436977684497833,0.06560177356004715,0.07957736402750015,0.3679026663303375,0.11208108812570572,hard_negative,other_candidate__fsd50k__train__81740__0764.wav,0.440000,3.000
train,metallic_fragile,ESC-50,fold_2,85471,2-85471-A-34.wav,can_opening,other__esc50__fold_2__85471__hard3s.wav,5d8ac3badc149635ca5b210ed8ad50d9bb63cf050af078b5e2742b3235021b09,6,0.6327788233757019,thunderstorm,4,glass_breaking,0.3981037139892578,0.012780203483998775,0.3981037139892578,0.21019025146961212,0.01844777539372444,0.14456810057163239,0.21590997278690338,hard_negative,other_candidate__esc50__fold_2__85471__0749.wav,1.880000,3.000
train,metallic_fragile,FSD50K,train,68699,68699.wav,"Keys_jangling,Domestic_sounds_and_home_sounds",other__fsd50k__train__68699__hard3s.wav,03e9b1ba13b40505f580b54f6b76adb4abe3d87307d56a1d2219183ce227f3a6,12,0.9957728981971741,glass_breaking,10,glass_breaking,0.9868655800819397,0.001978407148271799,0.9868655800819397,0.004034128040075302,0.0021716475021094084,0.004381573759019375,0.0005686309887096286,hard_negative,other_candidate__fsd50k__train__68699__0750.wav,6.200000,3.000
train,metallic_fragile,FSD50K,train,266441,266441.wav,"Keys_jangling,Domestic_sounds_and_home_sounds",other__fsd50k__train__266441__hard3s.wav,70bf9134b3f5438d6a57b7f34faaade523214732a797390de8494f5d930cc42c,5,0.8779650926589966,gunshot_gunfire,4,gunshot_gunfire,0.4774858355522156,0.0029954477213323116,0.26409339904785156,0.4774858355522156,0.023672157898545265,0.01726791076362133,0.21448521316051483,hard_negative,other_candidate__fsd50k__train__266441__0951.wav,1.048980,3.000
train,metallic_fragile,FSD50K,train,97551,97551.wav,"Dishes_and_pots_and_pans,Domestic_sounds_and_home_sounds",other__fsd50k__train__97551__hard3s.wav,3ffded82eea18006f0a28a7862f88b5062b233c6599ce5ba78a98d0bc4a61e96,1,0.5299612879753113,siren,0,siren,0.5299612879753113,0.005180874839425087,0.14273333549499512,0.2054852396249771,0.5299612879753113,0.11470233649015427,0.0019369302317500114,hard_negative,other_candidate__fsd50k__train__97551__0850.wav,0.000000,3.000
train,metallic_fragile,FSD50K,train,195601,195601.wav,"Coin_(dropping),Domestic_sounds_and_home_sounds",other__fsd50k__train__195601__hard3s.wav,018d40d4545fc57089248fa08c30a21a843d9ebb3c9d22a15df333ea6d6d05e5,8,0.7465717196464539,speech,1,glass_breaking,0.3308906853199005,0.012585892342031002,0.3308906853199005,0.2082337886095047,0.11255910992622375,0.2645970284938812,0.07113350182771683,hard_negative,other_candidate__fsd50k__train__195601__0875.wav,0.000000,3.000
train,metallic_fragile,FSD50K,train,182713,182713.wav,"Keys_jangling,Domestic_sounds_and_home_sounds",other__fsd50k__train__182713__hard3s.wav,9202f1b5a9823827d4f487b8de0398dca8acad9a2b6e0c1fb0ed6dae6f1d5709,13,0.9945080876350403,glass_breaking,2,glass_breaking,0.969385027885437,0.0065750363282859325,0.969385027885437,0.0049452632665634155,0.0026883925311267376,0.015534679405391216,0.0008716813172213733,hard_negative,other_candidate__fsd50k__train__182713__0882.wav,0.440000,3.000
train,metallic_fragile,FSD50K,train,264987,264987.wav,"Coin_(dropping),Domestic_sounds_and_home_sounds",other__fsd50k__train__264987__hard3s.wav,ec3a1c0c1c0b6b9e19cae37297c4f31b4ff800ea5b69b38538a5a7989a74bb53,5,0.8417530059814453,gunshot_gunfire,0,gunshot_gunfire,0.4679870009422302,0.00251013389788568,0.4150710701942444,0.4679870009422302,0.02797546610236168,0.038908131420612335,0.047548215836286545,hard_negative,other_candidate__fsd50k__train__264987__0837.wav,0.000000,3.000
train,metallic_fragile,FSD50K,train,195602,195602.wav,"Coin_(dropping),Domestic_sounds_and_home_sounds",other__fsd50k__train__195602__hard3s.wav,53f4063863471c97c44d420ab2a18a2c0f25049cc35b015f06bb6ba5e9664916,5,0.6844568848609924,speech,0,speech,0.32994943857192993,0.05459319427609444,0.22051110863685608,0.16734091937541962,0.1561616063117981,0.32994943857192993,0.07144372165203094,hard_negative,other_candidate__fsd50k__train__195602__0775.wav,0.000000,3.000
train,metallic_fragile,FSD50K,train,105023,105023.wav,"Dishes_and_pots_and_pans,Domestic_sounds_and_home_sounds",other__fsd50k__train__105023__hard3s.wav,1ee83b71f247b7618a560514c80ac11f91042b1b99ef2a06c066cf9bce2e6d8a,4,0.994040310382843,glass_breaking,2,glass_breaking,0.6515065431594849,0.06154290586709976,0.6515065431594849,0.03268207609653473,0.05363033711910248,0.1023784726858139,0.09825964272022247,hard_negative,other_candidate__fsd50k__train__105023__0925.wav,0.440000,3.000
train,metallic_fragile,FSD50K,train,33923,33923.wav,"Dishes_and_pots_and_pans,Domestic_sounds_and_home_sounds",other__fsd50k__train__33923__hard3s.wav,85d5c7cfe973f69ef2e0bcf26c9c564b24f51455723384ad1a765ffaa21926c1,4,0.790299654006958,gunshot_gunfire,0,gunshot_gunfire,0.3254854083061218,0.05945048853754997,0.10006453841924667,0.3254854083061218,0.015675682574510574,0.19959823787212372,0.29972559213638306,hard_negative,other_candidate__fsd50k__train__33923__0735.wav,0.000000,3.000
train,metallic_fragile,FSD50K,train,47138,47138.wav,"Coin_(dropping),Domestic_sounds_and_home_sounds",other__fsd50k__train__47138__hard3s.wav,8960164efe41c87fb93425ebfbe2ae3260017d0aa38f179f407815690cd40d2b,4,0.598764181137085,speech,0,speech,0.3773382306098938,0.08276822417974472,0.220160573720932,0.2055526077747345,0.03571074455976486,0.3773382306098938,0.07846960425376892,hard_negative,other_candidate__fsd50k__train__47138__0732.wav,0.000000,3.000
train,metallic_fragile,FSD50K,train,417454,417454.wav,"Cutlery_and_silverware,Domestic_sounds_and_home_sounds",other__fsd50k__train__417454__hard3s.wav,c27e4bb9b66f1da3e476172ee78068f99aefa397b0457074ab4c912aad5bd204,4,0.9937891364097595,glass_breaking,3,glass_breaking,0.9161670804023743,0.002234186977148056,0.9161670804023743,0.03395539149641991,0.0033702009823173285,0.041024453938007355,0.0032487129792571068,hard_negative,other_candidate__fsd50k__train__417454__0956.wav,0.703560,3.000
train,metallic_fragile,FSD50K,train,121615,121615.wav,"Coin_(dropping),Domestic_sounds_and_home_sounds",other__fsd50k__train__121615__hard3s.wav,84ab8ce43e6e1bde88bdbde687750b2c39dccd5fa63f73e6460178df9b7f78ac,4,0.7558608055114746,gunshot_gunfire,0,gunshot_gunfire,0.3507928252220154,0.040552884340286255,0.128270223736763,0.3507928252220154,0.1723475158214569,0.15031781792640686,0.1577187478542328,hard_negative,other_candidate__fsd50k__train__121615__0940.wav,0.000000,3.000
train,metallic_fragile,FSD50K,train,202010,202010.wav,"Dishes_and_pots_and_pans,Domestic_sounds_and_home_sounds",other__fsd50k__train__202010__hard3s.wav,fec0a97858299bbe2bdb0b1355da4cf062a251396df19ac8c3047ab9a042d4b2,5,0.5723243951797485,speech,0,siren,0.25995323061943054,0.20176121592521667,0.10785573720932007,0.07683692127466202,0.25995323061943054,0.2505863308906555,0.10300656408071518,hard_negative,other_candidate__fsd50k__train__202010__0922.wav,0.000000,3.000
train,metallic_fragile,FSD50K,train,20840,20840.wav,"Dishes_and_pots_and_pans,Domestic_sounds_and_home_sounds",other__fsd50k__train__20840__hard3s.wav,08ba44d255c752caca95e3925f46288dbba4d9d40190c80605e554e4fed18b47,6,0.9937117099761963,glass_breaking,2,glass_breaking,0.955650806427002,0.001164375920780003,0.955650806427002,0.0339866541326046,0.00398446898907423,0.004573455546051264,0.0006402575527317822,hard_negative,other_candidate__fsd50k__train__20840__0953.wav,0.440000,3.000
train,metallic_fragile,FSD50K,train,276101,276101.wav,"Coin_(dropping),Domestic_sounds_and_home_sounds",other__fsd50k__train__276101__hard3s.wav,43c83145f78c32811af3ae1cd982f9ada2a78eaa84a8c1af85f6b729cf55330d,1,0.7438496351242065,gunshot_gunfire,0,gunshot_gunfire,0.7438496351242065,0.0016322911251336336,0.13417933881282806,0.7438496351242065,0.0036388079170137644,0.03613823279738426,0.08056166768074036,hard_negative,other_candidate__fsd50k__train__276101__0889.wav,0.000000,3.000
train,metallic_fragile,FSD50K,train,423338,423338.wav,"Coin_(dropping),Domestic_sounds_and_home_sounds",other__fsd50k__train__423338__hard3s.wav,66a0b5612b31738e0f748e52c72a372fe8d2c0685c4307d9a890a864ffce2524,2,0.5303962826728821,speech,0,speech,0.35009872913360596,0.00564265763387084,0.2374451756477356,0.21042197942733765,0.09927298128604889,0.35009872913360596,0.09711847454309464,hard_negative,other_candidate__fsd50k__train__423338__0817.wav,0.000000,3.000
train,metallic_fragile,FSD50K,train,267005,267005.wav,"Cutlery_and_silverware,Domestic_sounds_and_home_sounds",other__fsd50k__train__267005__hard3s.wav,6f3aa484bd6d909c819a056c83fd4cde25f50f9304dfa5c511c085d4ae8a5528,1,0.9933607578277588,glass_breaking,0,glass_breaking,0.9933607578277588,0.00014174422540236264,0.9933607578277588,0.004049984738230705,0.00047178869135677814,0.0018841588171198964,9.15375494514592e-05,hard_negative,other_candidate__fsd50k__train__267005__0772.wav,0.000000,3.000
train,metallic_fragile,FSD50K,train,153364,153364.wav,"Coin_(dropping),Domestic_sounds_and_home_sounds",other__fsd50k__train__153364__hard3s.wav,f969dbcbc0be12e09db79e9190ecd9e7f1577732f0957c731f0b7f8f28f52e89,1,0.7322758436203003,gunshot_gunfire,0,gunshot_gunfire,0.7322758436203003,0.002488246886059642,0.061452463269233704,0.7322758436203003,0.017165089026093483,0.05925346538424492,0.1273648887872696,hard_negative,other_candidate__fsd50k__train__153364__0854.wav,0.000000,3.000
train,metallic_fragile,FSD50K,train,121605,121605.wav,"Coin_(dropping),Domestic_sounds_and_home_sounds",other__fsd50k__train__121605__hard3s.wav,c1f3614893e429e1f05efc8a82066292e34a903ce229244302c5442a73ee4e85,1,0.4798718988895416,speech,0,speech,0.4798718988895416,0.016794899478554726,0.14952322840690613,0.09310583025217056,0.24903817474842072,0.4798718988895416,0.011666006408631802,hard_negative,other_candidate__fsd50k__train__121605__0807.wav,0.000000,3.000
train,metallic_fragile,FSD50K,train,412380,412380.wav,"Cutlery_and_silverware,Domestic_sounds_and_home_sounds",other__fsd50k__train__412380__hard3s.wav,e8d4321208b04c2d1da034d662281d969d433eb65eeaf93f89c1de05a9fffd76,1,0.9933503270149231,glass_breaking,0,glass_breaking,0.9933503270149231,0.00026335084112361073,0.9933503270149231,0.00313812424428761,0.0014599374262616038,0.0012619206681847572,0.0005262831691652536,hard_negative,other_candidate__fsd50k__train__412380__0871.wav,0.000000,3.000
train,metallic_fragile,FSD50K,train,29917,29917.wav,"Cutlery_and_silverware,Domestic_sounds_and_home_sounds",other__fsd50k__train__29917__hard3s.wav,0479d5896c722539f83a3f0a316a889a135ad90d850ff801661c6363a9b80a46,2,0.7265647053718567,gunshot_gunfire,0,gunshot_gunfire,0.4289654791355133,0.013994812965393066,0.3057692050933838,0.4289654791355133,0.03087647631764412,0.10754553228616714,0.11284846067428589,hard_negative,other_candidate__fsd50k__train__29917__0828.wav,0.000000,3.000
train,metallic_fragile,FSD50K,train,336591,336591.wav,"Cutlery_and_silverware,Domestic_sounds_and_home_sounds",other__fsd50k__train__336591__hard3s.wav,de565334667ad664d349cc497baa9b871dadf422b3b7b14a38d63f05553cc4f4,1,0.44596999883651733,speech,0,speech,0.44596999883651733,0.08652810752391815,0.37168756127357483,0.03881466016173363,0.04490532726049423,0.44596999883651733,0.012094256468117237,hard_negative,other_candidate__fsd50k__train__336591__0743.wav,0.000000,3.000
train,metallic_fragile,FSD50K,train,367273,367273.wav,"Coin_(dropping),Domestic_sounds_and_home_sounds",other__fsd50k__train__367273__hard3s.wav,93df5a39b4da3f84a2214800d48cd69f1c899c2cd21e80d5eeebeb2d89e172b8,13,0.993196964263916,glass_breaking,10,glass_breaking,0.8491291403770447,0.013635342940688133,0.8491291403770447,0.05263885110616684,0.022120224311947823,0.05544121563434601,0.007035065907984972,hard_negative,other_candidate__fsd50k__train__367273__0838.wav,6.200000,3.000
train,metallic_fragile,FSD50K,train,47140,47140.wav,"Coin_(dropping),Domestic_sounds_and_home_sounds",other__fsd50k__train__47140__hard3s.wav,a2380f52a35f4ce267e9caad2ea50b8b491087d61a3d5b7a5e5d36c52c5bf321,13,0.6685702800750732,gunshot_gunfire,12,gunshot_gunfire,0.3556641936302185,0.022195806726813316,0.28404322266578674,0.3556641936302185,0.04408587887883186,0.12143638730049133,0.17257459461688995,hard_negative,other_candidate__fsd50k__train__47140__0857.wav,7.134331,3.000
train,metallic_fragile,FSD50K,train,266990,266990.wav,"Cutlery_and_silverware,Dishes_and_pots_and_pans,Domestic_sounds_and_home_sounds",other__fsd50k__train__266990__hard3s.wav,4b69db4f3c4e0aaaff1fb5ef15616554b2f5caaaf8d659fce13aa4af2d2d3a06,1,0.992911159992218,glass_breaking,0,glass_breaking,0.992911159992218,9.149611287284642e-05,0.992911159992218,0.005418272688984871,0.0007302261656150222,0.0007573256152682006,9.149611287284642e-05,hard_negative,other_candidate__fsd50k__train__266990__0723.wav,0.000000,3.000
train,metallic_fragile,FSD50K,train,336585,336585.wav,"Coin_(dropping),Domestic_sounds_and_home_sounds",other__fsd50k__train__336585__hard3s.wav,6cd1671df76f98431d63320f712615640a1df29acffca57bd45087c8956832d6,2,0.6115014553070068,gunshot_gunfire,1,gunshot_gunfire,0.49443018436431885,0.0053741056472063065,0.23812095820903778,0.49443018436431885,0.0803695097565651,0.05648971349000931,0.12521551549434662,hard_negative,other_candidate__fsd50k__train__336585__0799.wav,0.000000,3.000
train,metallic_fragile,FSD50K,train,12894,12894.wav,"Cutlery_and_silverware,Domestic_sounds_and_home_sounds",other__fsd50k__train__12894__hard3s.wav,cec830fdd526496ac8652e4df52509a415e0cce953063046f0ef0bfca2c54776,1,0.9924361109733582,glass_breaking,0,glass_breaking,0.9924361109733582,0.0003652282466646284,0.9924361109733582,0.0011302009224891663,0.0009419500129297376,0.005035028792917728,9.14523407118395e-05,hard_negative,other_candidate__fsd50k__train__12894__0935.wav,0.000000,3.000
train,metallic_fragile,FSD50K,train,336581,336581.wav,"Coin_(dropping),Domestic_sounds_and_home_sounds",other__fsd50k__train__336581__hard3s.wav,627584301b855ef42076dbb9fa8bbb14414869aa1206457c1cecd7c4b77c7f26,1,0.5923675298690796,gunshot_gunfire,0,gunshot_gunfire,0.5923675298690796,0.0008706083754077554,0.33066093921661377,0.5923675298690796,0.023127036169171333,0.02984684705734253,0.023127036169171333,hard_negative,other_candidate__fsd50k__train__336581__0913.wav,0.000000,3.000
train,metallic_fragile,FSD50K,train,209004,209004.wav,"Dishes_and_pots_and_pans,Domestic_sounds_and_home_sounds",other__fsd50k__train__209004__hard3s.wav,8fce4ad72ecbd5af8e45bcceed0f060231ba985fa24efcc90c6cb4c0f80efab5,1,0.9917042255401611,glass_breaking,0,glass_breaking,0.9917042255401611,0.00011371754226274788,0.9917042255401611,0.005612525157630444,0.0007293385569937527,0.001748804934322834,9.138489986071363e-05,hard_negative,other_candidate__fsd50k__train__209004__0786.wav,0.000000,3.000
train,metallic_fragile,FSD50K,train,329963,329963.wav,"Dishes_and_pots_and_pans,Domestic_sounds_and_home_sounds",other__fsd50k__train__329963__hard3s.wav,06e41c67f045ad074a7dab0fd203e6c61f0a288d085dad4c3293ee4c78c81ad1,1,0.5657585859298706,gunshot_gunfire,0,gunshot_gunfire,0.5657585859298706,0.01534279715269804,0.30450698733329773,0.5657585859298706,0.05296295881271362,0.03678892180323601,0.024639755487442017,hard_negative,other_candidate__fsd50k__train__329963__0790.wav,0.000000,3.000
train,metallic_fragile,FSD50K,train,156184,156184.wav,"Keys_jangling,Domestic_sounds_and_home_sounds",other__fsd50k__train__156184__hard3s.wav,b7f5bf367da8c1de6c504958b073765c70c17a578cc1e7170509a24dc46e9dab,13,0.9099885821342468,glass_breaking,11,glass_breaking,0.6937769651412964,0.014023439027369022,0.6937769651412964,0.11635876446962357,0.037009451538324356,0.10241581499576569,0.036415524780750275,diversity,other_candidate__fsd50k__train__156184__0834.wav,6.920000,3.000
train,metallic_fragile,FSD50K,train,349276,349276.wav,"Coin_(dropping),Domestic_sounds_and_home_sounds",other__fsd50k__train__349276__hard3s.wav,bbf442eacfb43eef696528b348f60e62ebbb3a08d18b32f4c73379c1f38a2d94,1,0.5077499747276306,gunshot_gunfire,0,gunshot_gunfire,0.5077499747276306,0.0007195418584160507,0.4551697373390198,0.5077499747276306,0.009919587522745132,0.009919587522745132,0.016521554440259933,diversity,other_candidate__fsd50k__train__349276__0782.wav,0.000000,3.000
train,metallic_fragile,FSD50K,train,194664,194664.wav,"Keys_jangling,Domestic_sounds_and_home_sounds",other__fsd50k__train__194664__hard3s.wav,e704a003b75ccffd4d64a659c7738f304092e5de55685c30badca90e1ba16c86,3,0.9735187888145447,glass_breaking,1,glass_breaking,0.8841109871864319,0.0032874972093850374,0.8841109871864319,0.018063554540276527,0.010107056237757206,0.009241570718586445,0.07518927752971649,diversity,other_candidate__fsd50k__train__194664__0745.wav,0.000000,3.000
train,metallic_fragile,FSD50K,train,97525,97525.wav,"Dishes_and_pots_and_pans,Domestic_sounds_and_home_sounds",other__fsd50k__train__97525__hard3s.wav,5e1f9cc8b33dcc3b36c2809d1a5694b6666e006c576613872f3e819cebea0428,4,0.6407515406608582,glass_breaking,1,glass_breaking,0.48159360885620117,0.0281384140253067,0.48159360885620117,0.09352059662342072,0.007162970490753651,0.20646686851978302,0.1831175684928894,diversity,other_candidate__fsd50k__train__97525__0776.wav,0.000000,3.000
train,metallic_fragile,FSD50K,train,138043,138043.wav,"Keys_jangling,Domestic_sounds_and_home_sounds",other__fsd50k__train__138043__hard3s.wav,09efdcb2c6d981a5f3b74572412ecf26e8d2e8fb4e04e5d6d5fe178c89f27f07,13,0.8454170227050781,glass_breaking,0,glass_breaking,0.6617662906646729,0.013427197933197021,0.6617662906646729,0.11741618067026138,0.00965114589780569,0.11082654446363449,0.08691273629665375,diversity,other_candidate__fsd50k__train__138043__0880.wav,0.000000,3.000
train,metallic_fragile,FSD50K,train,125535,125535.wav,"Keys_jangling,Domestic_sounds_and_home_sounds",other__fsd50k__train__125535__hard3s.wav,3fd8de1f5cfeec33f4975dc7d5a57b96b81889fb6f8e0c49573c7bf89f31a7ca,13,0.9484057426452637,glass_breaking,2,glass_breaking,0.8246698379516602,0.0013484421651810408,0.8246698379516602,0.08240174502134323,0.00268853222951293,0.052739474922418594,0.036151912063360214,diversity,other_candidate__fsd50k__train__125535__0829.wav,0.440000,3.000
train,metallic_fragile,FSD50K,train,367301,367301.wav,"Keys_jangling,Domestic_sounds_and_home_sounds",other__fsd50k__train__367301__hard3s.wav,18837a8e05455166a4eae8e40b3111bfc5640e85609af611ffec44cc94df6054,1,0.9688997268676758,glass_breaking,0,glass_breaking,0.9688997268676758,0.003174475161358714,0.9688997268676758,0.014142247848212719,0.003292286302894354,0.007076743524521589,0.003414469538256526,diversity,other_candidate__fsd50k__train__367301__0911.wav,0.000000,3.000
train,metallic_fragile,FSD50K,train,274819,274819.wav,"Keys_jangling,Domestic_sounds_and_home_sounds",other__fsd50k__train__274819__hard3s.wav,97fdf366ba7ee10240fc82bed97dace038980cc4dc77e8fce04d7a448114cbaf,2,0.9887759685516357,glass_breaking,0,glass_breaking,0.9884603023529053,0.0014286774676293135,0.9884603023529053,0.0027782924007624388,0.0022093220613896847,0.004450508393347263,0.0006729344604536891,diversity,other_candidate__fsd50k__train__274819__0757.wav,0.000000,3.000
train,metallic_fragile,FSD50K,train,185741,185741.wav,"Coin_(dropping),Domestic_sounds_and_home_sounds",other__fsd50k__train__185741__hard3s.wav,afdeb4c84b4eb0bcb8740b158c1460792e05356f78d0a8b1f7b683c18c51bf0e,3,0.9835675954818726,glass_breaking,0,glass_breaking,0.7878148555755615,0.0075022331438958645,0.7878148555755615,0.10778820514678955,0.013043013401329517,0.018518896773457527,0.06533270329236984,diversity,other_candidate__fsd50k__train__185741__0866.wav,0.000000,3.000
train,metallic_fragile,FSD50K,train,234607,234607.wav,"Cutlery_and_silverware,Dishes_and_pots_and_pans,Domestic_sounds_and_home_sounds",other__fsd50k__train__234607__hard3s.wav,7efcc03a64a2b7cc894beb452a37fd89cd55dda34f180bd19a26578f059bbaa5,1,0.980087399482727,glass_breaking,0,glass_breaking,0.980087399482727,0.0005792398005723953,0.980087399482727,0.009936860762536526,0.002878600498661399,0.006417160388082266,0.00010074734018417075,diversity,other_candidate__fsd50k__train__234607__0864.wav,0.000000,3.000
train,metallic_fragile,FSD50K,train,35010,35010.wav,"Coin_(dropping),Domestic_sounds_and_home_sounds",other__fsd50k__train__35010__hard3s.wav,1a08959007fcae724887c72bcd203ff96969e8a1fbed00d0538d8520da143ed6,12,0.9759058952331543,glass_breaking,2,glass_breaking,0.8562504649162292,0.00801337044686079,0.8562504649162292,0.031606338918209076,0.00256341858766973,0.0800144299864769,0.02155192755162716,diversity,other_candidate__fsd50k__train__35010__0901.wav,0.440000,3.000
train,metallic_fragile,FSD50K,train,71803,71803.wav,"Dishes_and_pots_and_pans,Domestic_sounds_and_home_sounds",other__fsd50k__train__71803__hard3s.wav,76597ea7053d9ca6db0c8b8ee7d1d241d95cb324255cb817b902e5684cdc465e,1,0.8325412273406982,glass_breaking,0,glass_breaking,0.8325412273406982,0.001965030562132597,0.8325412273406982,0.09351353347301483,0.012151932343840599,0.048530541360378265,0.011297810822725296,diversity,other_candidate__fsd50k__train__71803__0845.wav,0.000000,3.000
train,metallic_fragile,FSD50K,train,97556,97556.wav,"Dishes_and_pots_and_pans,Domestic_sounds_and_home_sounds",other__fsd50k__train__97556__hard3s.wav,14ac1cbd7b00b95a89dfd34d3bfd8c3112571fe6747f1f87838e4818d99e37a9,2,0.9611964225769043,glass_breaking,0,glass_breaking,0.8165980577468872,0.010368471033871174,0.8165980577468872,0.03433024883270264,0.01507197692990303,0.11363302171230316,0.009998143650591373,diversity,other_candidate__fsd50k__train__97556__0892.wav,0.000000,3.000
train,metallic_fragile,FSD50K,train,33925,33925.wav,"Dishes_and_pots_and_pans,Domestic_sounds_and_home_sounds",other__fsd50k__train__33925__hard3s.wav,34ff8ecf26cf19edc488c6d3a86bc857960f75e66c1c7adad03eeb5c183212f6,4,0.8409635424613953,glass_breaking,2,glass_breaking,0.5783063173294067,0.014546554535627365,0.5783063173294067,0.2825445532798767,0.019222009927034378,0.08540481328964233,0.019975755363702774,diversity,other_candidate__fsd50k__train__33925__0835.wav,0.440000,3.000
train,metallic_fragile,FSD50K,train,51669,51669.wav,"Coin_(dropping),Domestic_sounds_and_home_sounds",other__fsd50k__train__51669__hard3s.wav,2e546da56e65a5f499ce0dacdaacd273347b9d0e6758f85767e7ec7493f7ac17,1,0.8462091684341431,glass_breaking,0,glass_breaking,0.8462091684341431,0.00034738919930532575,0.8462091684341431,0.07364915311336517,0.004789097234606743,0.07101373374462128,0.003991409204900265,diversity,other_candidate__fsd50k__train__51669__0874.wav,0.000000,3.000
train,metallic_fragile,FSD50K,train,240687,240687.wav,"Keys_jangling,Domestic_sounds_and_home_sounds",other__fsd50k__train__240687__hard3s.wav,cf4529cc29664d2f21ffb0404a82f19963c361a395e02900defa352fe546a0d8,13,0.9878475666046143,glass_breaking,11,glass_breaking,0.5937331914901733,0.015258600004017353,0.5937331914901733,0.14974667131900787,0.012357435189187527,0.0694354698061943,0.1594686359167099,diversity,other_candidate__fsd50k__train__240687__0877.wav,6.920000,3.000
train,metallic_fragile,FSD50K,train,51161,51161.wav,"Dishes_and_pots_and_pans,Domestic_sounds_and_home_sounds",other__fsd50k__train__51161__hard3s.wav,ff532ed3d401c84d8c0b51d659682e864bf4fd20ca89c565c3875669ca3e63d5,1,0.9798529148101807,glass_breaking,0,glass_breaking,0.9798529148101807,0.0008038674131967127,0.9798529148101807,0.00385196041315794,0.0025798885617405176,0.012821060605347157,9.029280772665516e-05,diversity,other_candidate__fsd50k__train__51161__0741.wav,0.000000,3.000
train,metallic_fragile,FSD50K,train,207523,207523.wav,"Coin_(dropping),Domestic_sounds_and_home_sounds",other__fsd50k__train__207523__hard3s.wav,0b6e0a37dcfe966fba41471525fe83dc8be2e2bbc89a65f5fab89dacb3abd06b,11,0.899202287197113,glass_breaking,3,glass_breaking,0.5945315361022949,0.018039219081401825,0.5945315361022949,0.11408552527427673,0.013481386937201023,0.1486135572195053,0.11124882102012634,diversity,other_candidate__fsd50k__train__207523__0730.wav,1.160000,3.000
train,metallic_fragile,FSD50K,train,234588,234588.wav,"Dishes_and_pots_and_pans,Domestic_sounds_and_home_sounds",other__fsd50k__train__234588__hard3s.wav,255b539f199a9023b51dc4c916f881848a327af2bc18dd0632b844f08d1085cb,1,0.9731271266937256,glass_breaking,0,glass_breaking,0.9731271266937256,0.0008905732538551092,0.9731271266937256,0.014203951694071293,0.008844584226608276,0.0021354136988520622,0.0007983496179804206,diversity,other_candidate__fsd50k__train__234588__0734.wav,0.000000,3.000
train,metallic_fragile,FSD50K,train,405699,405699.wav,"Keys_jangling,Domestic_sounds_and_home_sounds",other__fsd50k__train__405699__hard3s.wav,debc898d6c45374b49e277c3db88eed1da79ed8f9f9b5c3ba325974172629500,1,0.9523369073867798,glass_breaking,0,glass_breaking,0.9523369073867798,0.0002182331372750923,0.9523369073867798,0.04147590324282646,0.0024177145678550005,0.0005426988936960697,0.0030085574835538864,diversity,other_candidate__fsd50k__train__405699__0831.wav,0.000000,3.000
train,metallic_fragile,ESC-50,fold_3,148932,3-148932-A-34.wav,can_opening,other__esc50__fold_3__148932__hard3s.wav,8fe54b6705e8f910c96dea45cc1c49397ee5df5fb926e48ee159b10ed9e8f9f4,1,0.54143887758255,glass_breaking,0,glass_breaking,0.54143887758255,0.0008559183334000409,0.54143887758255,0.3250814378261566,0.06541378051042557,0.01269172877073288,0.05451821908354759,diversity,other_candidate__esc50__fold_3__148932__0724.wav,0.000000,3.000
train,metallic_fragile,FSD50K,train,181758,181758.wav,"Coin_(dropping),Domestic_sounds_and_home_sounds",other__fsd50k__train__181758__hard3s.wav,0de6c3692813ceff8f08b95cbd2459bfddaee8cc9e84cdb8e615b43476a03804,2,0.7533595561981201,glass_breaking,0,glass_breaking,0.5882369875907898,0.004859571345150471,0.5882369875907898,0.2412707507610321,0.025774937123060226,0.12484197318553925,0.015015842393040657,diversity,other_candidate__fsd50k__train__181758__0721.wav,0.000000,3.000
train,metallic_fragile,FSD50K,train,97509,97509.wav,"Dishes_and_pots_and_pans,Domestic_sounds_and_home_sounds",other__fsd50k__train__97509__hard3s.wav,2c377606c222e10c3275d6d1365a1e85236e0609b470f2bbe3831a356e1c9ecd,6,0.7886224985122681,glass_breaking,0,glass_breaking,0.6295443773269653,0.015319542028009892,0.6295443773269653,0.046451669186353683,0.11030032485723495,0.19590143859386444,0.0024826908484101295,diversity,other_candidate__fsd50k__train__97509__0791.wav,0.000000,3.000
train,metallic_fragile,FSD50K,train,12826,12826.wav,"Cutlery_and_silverware,Domestic_sounds_and_home_sounds",other__fsd50k__train__12826__hard3s.wav,320dd34460f4bef121b0ad6f8c3000422f99fc80402e720a988a7fc7c653f46e,1,0.9751424193382263,glass_breaking,0,glass_breaking,0.9751424193382263,0.00035886396653950214,0.9751424193382263,0.007386659737676382,0.011438119225203991,0.005518794059753418,0.0001552182948216796,diversity,other_candidate__fsd50k__train__12826__0905.wav,0.000000,3.000
train,metallic_fragile,FSD50K,train,326795,326795.wav,"Cutlery_and_silverware,Domestic_sounds_and_home_sounds",other__fsd50k__train__326795__hard3s.wav,1ed43d2c342edbd3e66f40e3885a13cf2c5b9fa8d4325ca5e028e109f67fe37c,1,0.8002387285232544,glass_breaking,0,glass_breaking,0.8002387285232544,0.0014111688360571861,0.8002387285232544,0.18629392981529236,0.003914655186235905,0.003774575423449278,0.004366867709904909,diversity,other_candidate__fsd50k__train__326795__0927.wav,0.000000,3.000
train,human_non_speech,ESC-50,fold_1,27405,1-27405-A-28.wav,snoring,other__esc50__fold_1__27405__hard3s.wav,4f097ec29f8432366d7209aa324e9f2ce31189242c511f3d30cd2c356e2bdecb,6,0.9013032913208008,dog_bark,0,speech,0.3459344208240509,0.27526915073394775,0.04332834482192993,0.04213523492217064,0.021151108667254448,0.3459344208240509,0.2721817195415497,hard_negative,other_candidate__esc50__fold_1__27405__1069.wav,0.000000,3.000
train,human_non_speech,FSD50K,train,244243,244243.wav,Chewing_and_mastication,other__fsd50k__train__244243__hard3s.wav,d7d18d21608cb8d7acba5b3734d3ad4c5fa69a0c24a630985992bbc2a73c95a6,12,0.9621796011924744,glass_breaking,2,glass_breaking,0.5643101334571838,0.011431076563894749,0.5643101334571838,0.08727636188268661,0.0025949496775865555,0.2010924071073532,0.13329504430294037,hard_negative,other_candidate__fsd50k__train__244243__1131.wav,0.440000,3.000
train,human_non_speech,FSD50K,train,9661,9661.wav,"Sigh,Human_voice",other__fsd50k__train__9661__hard3s.wav,839c0c1344d75d07418de34ab36379d48c05ae91f9e746a4cbf64c49ad534f03,4,0.6632146239280701,gunshot_gunfire,0,gunshot_gunfire,0.31721943616867065,0.1093808114528656,0.005562335718423128,0.31721943616867065,0.0986035168170929,0.31090542674064636,0.15832838416099548,hard_negative,other_candidate__fsd50k__train__9661__1000.wav,0.000000,3.000
train,human_non_speech,FSD50K,train,166275,166275.wav,Walk_and_footsteps,other__fsd50k__train__166275__hard3s.wav,18ce9aeb57722e1524ead096c3b5df017b3f8a8734f8ee52b9504f9b688ab794,12,0.977200448513031,siren,9,siren,0.41665661334991455,0.006092684343457222,0.23366446793079376,0.1383916437625885,0.41665661334991455,0.05094287917017937,0.15425170958042145,hard_negative,other_candidate__fsd50k__train__166275__1062.wav,5.480000,3.000
train,human_non_speech,FSD50K,train,142603,142603.wav,"Cough,Respiratory_sounds",other__fsd50k__train__142603__hard3s.wav,127b3c4eb813bbb4a37c9d281c70148b1699c04ec0ad4e706a1e8b23d34c4107,2,0.998954176902771,speech,1,speech,0.5776805877685547,0.0021668258123099804,0.2510926127433777,0.07037957012653351,0.0013193608028814197,0.5776805877685547,0.09736096858978271,hard_negative,other_candidate__fsd50k__train__142603__1144.wav,0.000000,3.000
train,human_non_speech,FSD50K,train,75270,75270.wav,Walk_and_footsteps,other__fsd50k__train__75270__hard3s.wav,7862c28be1c57b2690a7cf933d3519f1952e85467f329fe07978024236f5f6b9,10,0.8904423713684082,thunderstorm,9,thunderstorm,0.7567042112350464,0.021077804267406464,0.054274123162031174,0.08081589639186859,0.022827964276075363,0.06429998576641083,0.7567042112350464,hard_negative,other_candidate__fsd50k__train__75270__0967.wav,4.930499,3.000
train,human_non_speech,FSD50K,train,216228,216228.wav,Burping_and_eructation,other__fsd50k__train__216228__hard3s.wav,6206c3e9db7943b18af0dd8c05e454e59586638b57e4963c4e82106daff84795,2,0.7961910963058472,dog_bark,0,dog_bark,0.7442519664764404,0.7442519664764404,0.00035484053660184145,0.009213095530867577,0.019540853798389435,0.21877416968345642,0.007865098305046558,hard_negative,other_candidate__fsd50k__train__216228__1073.wav,0.000000,3.000
train,human_non_speech,FSD50K,train,72732,72732.wav,Chewing_and_mastication,other__fsd50k__train__72732__hard3s.wav,c22d341698571eccdd03d622592c94ec44079860f0553df4ab9b95b94d4bc1a2,13,0.9610278010368347,glass_breaking,1,speech,0.5402525663375854,0.047990087419748306,0.38688531517982483,0.0100927809253335,0.008998923003673553,0.5402525663375854,0.0057802991941571236,hard_negative,other_candidate__fsd50k__train__72732__0966.wav,0.000000,3.000
train,human_non_speech,FSD50K,train,421141,421141.wav,Walk_and_footsteps,other__fsd50k__train__421141__hard3s.wav,90feb07cbc72d048c3ed11be1ef3be03ee0efe3f0d064726652a9aa842e018ab,1,0.5417208671569824,gunshot_gunfire,0,gunshot_gunfire,0.5417208671569824,0.01058325543999672,0.10900656133890152,0.5417208671569824,0.013658339157700539,0.07300823926925659,0.2520226836204529,hard_negative,other_candidate__fsd50k__train__421141__1030.wav,0.000000,3.000
train,human_non_speech,FSD50K,train,432467,432467.wav,Walk_and_footsteps,other__fsd50k__train__432467__hard3s.wav,2aab1de5017abce2aba9e46f4084225b1407bef4363068d2d9102532410677fb,8,0.9592471718788147,siren,7,siren,0.8231885433197021,0.004939570091664791,0.030535170808434486,0.029878156259655952,0.8231885433197021,0.03954135626554489,0.07191719114780426,hard_negative,other_candidate__fsd50k__train__432467__1175.wav,3.703696,3.000
train,human_non_speech,FSD50K,train,390361,390361.wav,"Cough,Respiratory_sounds",other__fsd50k__train__390361__hard3s.wav,e1ac78a58bdb36021f644289df45f60f8a8150ba3a4f0b002ad6330c08a39f08,2,0.9989330172538757,speech,0,speech,0.9617345333099365,0.006510320585221052,0.027065258473157883,0.0038519008085131645,0.0004393426643218845,0.9617345333099365,0.0003986125811934471,hard_negative,other_candidate__fsd50k__train__390361__1180.wav,0.000000,3.000
train,human_non_speech,ESC-50,fold_2,84965,2-84965-A-23.wav,breathing,other__esc50__fold_2__84965__hard3s.wav,15b9a8404c40cd53bfc8d9febad349dfa8d27161519ef94e0ec12a76dd1a3051,6,0.7576982378959656,thunderstorm,0,speech,0.36078116297721863,0.0737139955163002,0.07711651176214218,0.03187983110547066,0.24663756787776947,0.36078116297721863,0.20987088978290558,hard_negative,other_candidate__esc50__fold_2__84965__1042.wav,0.000000,3.000
train,human_non_speech,FSD50K,train,333399,333399.wav,"Gasp,Breathing,Respiratory_sounds",other__fsd50k__train__333399__hard3s.wav,95ac736257ea206ef0008c2f092baedf739fc6fbca0fab31aff293c6dd6ad744,4,0.7791485786437988,dog_bark,1,dog_bark,0.48495128750801086,0.48495128750801086,0.011411427520215511,0.012175291776657104,0.05661943554878235,0.3857235312461853,0.0491190180182457,hard_negative,other_candidate__fsd50k__train__333399__1008.wav,0.000000,3.000
train,human_non_speech,FSD50K,train,166304,166304.wav,Walk_and_footsteps,other__fsd50k__train__166304__hard3s.wav,48ecb1dddfab8b80fd707c0bec1d0788abb3c5ca0aa3ecafe49fdf6eca38712f,3,0.9443824887275696,glass_breaking,0,glass_breaking,0.8767566680908203,0.00032573050702922046,0.8767566680908203,0.07174788415431976,0.00045210644020698965,0.044340264052152634,0.006377348210662603,hard_negative,other_candidate__fsd50k__train__166304__1140.wav,0.000000,3.000
train,human_non_speech,FSD50K,train,166510,166510.wav,Walk_and_footsteps,other__fsd50k__train__166510__hard3s.wav,7627653243050061a010866dcb16ddd058fe8daf19082e6ca0bd85a9d8f656bf,1,0.5319420099258423,gunshot_gunfire,0,gunshot_gunfire,0.5319420099258423,0.004494910594075918,0.15409782528877258,0.5319420099258423,0.003010512562468648,0.04979725182056427,0.2566574513912201,hard_negative,other_candidate__fsd50k__train__166510__1017.wav,0.000000,3.000
train,human_non_speech,FSD50K,train,241493,241493.wav,"Laughter,Human_voice",other__fsd50k__train__241493__hard3s.wav,ea44cdc955a84ee7f3fa4f2d976d3036c165d9db19f66344d2ddd717097cb528,1,0.6682417392730713,siren,0,siren,0.6682417392730713,0.014041979797184467,0.17997610569000244,0.020965686067938805,0.6682417392730713,0.11206837743520737,0.004706117790192366,hard_negative,other_candidate__fsd50k__train__241493__0964.wav,0.000000,3.000
train,human_non_speech,FSD50K,train,252236,252236.wav,"Breathing,Respiratory_sounds",other__fsd50k__train__252236__hard3s.wav,3768b0c3e570d66df4071595b8ae9254bd2fe1c7d1efadd143207b5987f7c621,1,0.9983636736869812,speech,0,speech,0.9983636736869812,0.0012682895176112652,9.199856140185148e-05,9.199856140185148e-05,9.199856140185148e-05,0.9983636736869812,9.199856140185148e-05,hard_negative,other_candidate__fsd50k__train__252236__1198.wav,0.000000,3.000
train,human_non_speech,FSD50K,train,94367,94367.wav,Walk_and_footsteps,other__fsd50k__train__94367__hard3s.wav,9894f961807507bd0d08d2cbd129be339e64513216badd0596f05308559b3889,12,0.747894823551178,thunderstorm,0,thunderstorm,0.4938119351863861,0.021712912246584892,0.11503923684358597,0.12801998853683472,0.017475374042987823,0.22394059598445892,0.4938119351863861,hard_negative,other_candidate__fsd50k__train__94367__1149.wav,0.000000,3.000
train,human_non_speech,FSD50K,train,382906,382906.wav,"Laughter,Human_voice",other__fsd50k__train__382906__hard3s.wav,2b0001188c97c7d875f56b23daa75f3077272801d7d3f254b9b636332d8e86a5,2,0.7678937315940857,dog_bark,1,dog_bark,0.6068986654281616,0.6068986654281616,0.0038367360830307007,0.014829589053988457,0.041189633309841156,0.3271948993206024,0.006050475873053074,hard_negative,other_candidate__fsd50k__train__382906__1121.wav,0.000000,3.000
train,human_non_speech,FSD50K,train,117254,117254.wav,Chewing_and_mastication,other__fsd50k__train__117254__hard3s.wav,0f69b5adca4f7159f899c0365b6cf580436f570082a0ab211eb66e5eb32e42c1,9,0.9265971183776855,glass_breaking,1,speech,0.3807845413684845,0.09341923147439957,0.2518715262413025,0.053296882659196854,0.003798689693212509,0.3807845413684845,0.2168291211128235,hard_negative,other_candidate__fsd50k__train__117254__1082.wav,0.000000,3.000
train,human_non_speech,FSD50K,train,269864,269864.wav,Walk_and_footsteps,other__fsd50k__train__269864__hard3s.wav,a93c9c7bc133f306046adf68e5bd83e86cc3eecc405540d00563764ca5bfc0a8,1,0.41532570123672485,gunshot_gunfire,0,gunshot_gunfire,0.41532570123672485,0.0015742876566946507,0.333761066198349,0.41532570123672485,0.01126321405172348,0.014535865746438503,0.22353984415531158,hard_negative,other_candidate__fsd50k__train__269864__1022.wav,0.000000,3.000
train,human_non_speech,FSD50K,train,202301,202301.wav,"Giggle,Laughter,Human_voice",other__fsd50k__train__202301__hard3s.wav,f9d9e09d326d84c74ce74867ec01144fbda3c49f7a47222d843f1aa4de1ce759,1,0.5450979471206665,siren,0,siren,0.5450979471206665,0.03063785657286644,0.24451927840709686,0.03676088899374008,0.5450979471206665,0.10197661072015762,0.04100743681192398,hard_negative,other_candidate__fsd50k__train__202301__1005.wav,0.000000,3.000
train,human_non_speech,FSD50K,train,51136,51136.wav,"Cough,Respiratory_sounds",other__fsd50k__train__51136__hard3s.wav,54e2f3193a4aa3a7c45db0624d78094df8a2fac27ad2e923514181162aa3dec4,7,0.9983519315719604,speech,3,speech,0.9725551009178162,0.022421734407544136,0.00344825373031199,0.001175837591290474,0.00020668221986852586,0.9725551009178162,0.0001923996169352904,hard_negative,other_candidate__fsd50k__train__51136__1061.wav,1.160000,3.000
train,human_non_speech,FSD50K,train,195457,195457.wav,Walk_and_footsteps,other__fsd50k__train__195457__hard3s.wav,e99f99c71170d8a83b8ac60d531150781aaf0594aec47b82447fb88e82a8535c,13,0.7380533814430237,thunderstorm,10,thunderstorm,0.5188236236572266,0.012664515525102615,0.20025676488876343,0.13952182233333588,0.02401028946042061,0.10472297668457031,0.5188236236572266,hard_negative,other_candidate__fsd50k__train__195457__1197.wav,6.200000,3.000
train,human_non_speech,FSD50K,train,101176,101176.wav,Burping_and_eructation,other__fsd50k__train__101176__hard3s.wav,47a3479cc04fb417f3bda5fb826416ad091a84a66a8a24d7f4feab7466910d7d,1,0.7652246356010437,dog_bark,0,dog_bark,0.7652246356010437,0.7652246356010437,0.0007812059484422207,0.026781879365444183,0.010012718848884106,0.1916104555130005,0.005589121952652931,hard_negative,other_candidate__fsd50k__train__101176__1108.wav,0.000000,3.000
train,human_non_speech,FSD50K,train,365011,365011.wav,Walk_and_footsteps,other__fsd50k__train__365011__hard3s.wav,0f5c28c7f5e486475fca1e1a335fa96be1c2094de193cb1ce0f565c6579e7a36,12,0.9230726957321167,glass_breaking,7,glass_breaking,0.47795164585113525,0.01691172644495964,0.47795164585113525,0.11337900161743164,0.0071320743300020695,0.14313273131847382,0.2414928823709488,hard_negative,other_candidate__fsd50k__train__365011__1182.wav,4.040000,3.000
train,human_non_speech,FSD50K,train,45577,45577.wav,"Cough,Respiratory_sounds",other__fsd50k__train__45577__hard3s.wav,d7d94e304f056ee2ab45f11e1e8f9086de72f620505ab642f561b48bfc11b988,13,0.9981313347816467,speech,2,speech,0.9747666716575623,0.019520260393619537,0.003450492164120078,0.0006212768494151533,0.0009900144068524241,0.9747666716575623,0.0006513624684885144,hard_negative,other_candidate__fsd50k__train__45577__1068.wav,0.440000,3.000
train,human_non_speech,FSD50K,train,321980,321980.wav,Walk_and_footsteps,other__fsd50k__train__321980__hard3s.wav,e94ee1859801e06f68ce2bd8c55f3455ca25c5c416f81249088160af5060b556,7,0.7171614170074463,thunderstorm,2,thunderstorm,0.517961859703064,0.0686153993010521,0.09453998506069183,0.08629485219717026,0.017695294693112373,0.21489253640174866,0.517961859703064,hard_negative,other_candidate__fsd50k__train__321980__1092.wav,0.440000,3.000
train,human_non_speech,FSD50K,train,391176,391176.wav,"Breathing,Respiratory_sounds",other__fsd50k__train__391176__hard3s.wav,8f12537355376957a124f2c525b782c67feeee223e4a80e4070912a43149a6a6,7,0.7305610775947571,dog_bark,0,speech,0.5398860573768616,0.36099734902381897,0.03323126584291458,0.03213348612189293,0.005767303518950939,0.5398860573768616,0.027984604239463806,hard_negative,other_candidate__fsd50k__train__391176__1097.wav,0.000000,3.000
train,human_non_speech,FSD50K,train,324767,324767.wav,Chewing_and_mastication,other__fsd50k__train__324767__hard3s.wav,33b2b1d255004a61af998418886380fece26d3d1fe2f7852b171f09528257550,9,0.9139253497123718,glass_breaking,5,glass_breaking,0.5954440236091614,0.008293932303786278,0.5954440236091614,0.1309759020805359,0.009472532197833061,0.07641837745904922,0.1793951392173767,hard_negative,other_candidate__fsd50k__train__324767__0968.wav,2.600000,3.000
train,human_non_speech,FSD50K,train,101174,101174.wav,Burping_and_eructation,other__fsd50k__train__101174__hard3s.wav,60a2ef9a02007c2bc7b4354aaed165ea49bc4f128c72552d1df89161a5fe1408,8,0.9980543851852417,speech,1,speech,0.7217257022857666,0.10232140123844147,0.10131873935461044,0.03628084063529968,0.032000016421079636,0.7217257022857666,0.006353260483592749,hard_negative,other_candidate__fsd50k__train__101174__1090.wav,0.000000,3.000
train,human_non_speech,FSD50K,train,321847,321847.wav,Walk_and_footsteps,other__fsd50k__train__321847__hard3s.wav,f25db9810fc4e3373c0b403daff49544bf6013f57cb9590f7f9bffcc62039633,13,0.6912733912467957,thunderstorm,11,thunderstorm,0.5103693008422852,0.0041314237751066685,0.15494850277900696,0.2603263258934021,0.005649281665682793,0.06457510590553284,0.5103693008422852,hard_negative,other_candidate__fsd50k__train__321847__1134.wav,6.766916,3.000
train,human_non_speech,FSD50K,train,252785,252785.wav,"Laughter,Human_voice",other__fsd50k__train__252785__hard3s.wav,1dee1ae5e275f6dec0ca6dfc02e280db087e93beb4ec5735c5788ccf26a03926,5,0.7029314637184143,dog_bark,0,dog_bark,0.3967805504798889,0.3967805504798889,0.04687200486660004,0.07874615490436554,0.11212819814682007,0.32106390595436096,0.044409170746803284,hard_negative,other_candidate__fsd50k__train__252785__1026.wav,0.000000,3.000
train,human_non_speech,FSD50K,train,393775,393775.wav,Chewing_and_mastication,other__fsd50k__train__393775__hard3s.wav,5a13b88a800f9191b1a595bdc4d38e0a8c51f6a3a592323b5178522c028ed0d7,13,0.9058840870857239,glass_breaking,12,glass_breaking,0.4866578280925751,0.019365422427654266,0.4866578280925751,0.0725196823477745,0.008233306929469109,0.33627572655677795,0.07694797217845917,hard_negative,other_candidate__fsd50k__train__393775__0960.wav,7.640000,3.000
train,human_non_speech,FSD50K,train,45575,45575.wav,"Cough,Respiratory_sounds",other__fsd50k__train__45575__hard3s.wav,f58913197c5518236bcd6fea74c21e2c89aac558994dd7ccb6e87276fea9196a,13,0.9980056881904602,speech,4,speech,0.9610077738761902,0.035610903054475784,0.0015246531693264842,0.0007530275033786893,0.000828683318104595,0.9610077738761902,0.00027494438108988106,hard_negative,other_candidate__fsd50k__train__45575__1110.wav,1.880000,3.000
train,human_non_speech,FSD50K,train,239573,239573.wav,"Laughter,Human_voice",other__fsd50k__train__239573__hard3s.wav,28d391add2fb996156b5c420abddce637bac179f55f500f976361f12894fa8a1,2,0.6825189590454102,thunderstorm,1,thunderstorm,0.35934484004974365,0.014908361248672009,0.071645088493824,0.231564462184906,0.025230450555682182,0.2973068058490753,0.35934484004974365,hard_negative,other_candidate__fsd50k__train__239573__1078.wav,0.000000,3.000
train,human_non_speech,FSD50K,train,35534,35534.wav,Walk_and_footsteps,other__fsd50k__train__35534__hard3s.wav,2f42e78f54ee73bcdf6d47688cd7fb2a1a7a140698d64a801ba76c25ebf1de1f,13,0.6967675685882568,dog_bark,9,glass_breaking,0.29676753282546997,0.11859221011400223,0.29676753282546997,0.13627131283283234,0.01692947745323181,0.26919645071029663,0.16224299371242523,hard_negative,other_candidate__fsd50k__train__35534__1190.wav,5.480000,3.000
train,human_non_speech,FSD50K,train,275015,275015.wav,Chewing_and_mastication,other__fsd50k__train__275015__hard3s.wav,83fb5a37cdc8fcd6f4131269cce5e04b32633ee3b0e39a13e0fc83c007b962e3,1,0.9023891091346741,glass_breaking,0,glass_breaking,0.9023891091346741,0.0004285824252292514,0.9023891091346741,0.07572834193706512,0.0024641058407723904,0.009840775281190872,0.009149097837507725,hard_negative,other_candidate__fsd50k__train__275015__1174.wav,0.000000,3.000
train,human_non_speech,FSD50K,train,207327,207327.wav,"Laughter,Human_voice",other__fsd50k__train__207327__hard3s.wav,c4c1240b66ca7f02c7adecfaa486b86e45ad411808736b533c011d8621bd38c5,13,0.9978613257408142,speech,7,speech,0.7700411081314087,0.17894960939884186,0.02065245620906353,0.004255060572177172,0.0223874319344759,0.7700411081314087,0.0037142629735171795,hard_negative,other_candidate__fsd50k__train__207327__0973.wav,4.040000,3.000
train,human_non_speech,FSD50K,train,388509,388509.wav,Walk_and_footsteps,other__fsd50k__train__388509__hard3s.wav,5e7f2d040ad48a5ee2d88bc7ea59325a203d05f0574fe22b9eafe9590cacb61c,10,0.6732460260391235,thunderstorm,4,thunderstorm,0.33617377281188965,0.030125979334115982,0.3127109706401825,0.16406288743019104,0.00572571437805891,0.15120071172714233,0.33617377281188965,hard_negative,other_candidate__fsd50k__train__388509__0984.wav,1.880000,3.000
train,human_non_speech,FSD50K,train,323693,323693.wav,"Human_voice,Cough,Respiratory_sounds",other__fsd50k__train__323693__hard3s.wav,72d25d57e3d4af785b8e7051cdd467267bddc4310c39f35e4784117f06bb1f24,1,0.6218735575675964,dog_bark,0,dog_bark,0.6218735575675964,0.6218735575675964,0.002037489553913474,0.009413846768438816,0.013552594929933548,0.31118398904800415,0.04193856194615364,hard_negative,other_candidate__fsd50k__train__323693__1070.wav,0.000000,3.000
train,human_non_speech,FSD50K,train,180043,180043.wav,"Cough,Respiratory_sounds",other__fsd50k__train__180043__hard3s.wav,def87b5b5c28a28ac23d119f1b362233e6f88ec1a2b430c5477617f21f605263,13,0.9000577926635742,glass_breaking,9,speech,0.3736032247543335,0.03919592127203941,0.291654497385025,0.12418167293071747,0.009623484686017036,0.3736032247543335,0.16174118220806122,hard_negative,other_candidate__fsd50k__train__180043__1153.wav,5.480000,3.000
train,human_non_speech,FSD50K,train,240373,240373.wav,"Cough,Respiratory_sounds",other__fsd50k__train__240373__hard3s.wav,cb75364ed8553a1459522751d56895b5245a85f2ab405047b800775514d5a4a5,1,0.9974116683006287,speech,0,speech,0.9974116683006287,0.0007072872249409556,0.0008486394071951509,0.0008486394071951509,9.191083518089727e-05,0.9974116683006287,9.191083518089727e-05,hard_negative,other_candidate__fsd50k__train__240373__0981.wav,0.000000,3.000
train,human_non_speech,FSD50K,train,360423,360423.wav,"Breathing,Respiratory_sounds",other__fsd50k__train__360423__hard3s.wav,c91358ead376837023632e37a060ffc18734a8bb30c072ed95d514f2bd02c768,12,0.6028904318809509,thunderstorm,7,speech,0.33089420199394226,0.09513109922409058,0.15276244282722473,0.09845563024282455,0.042800869792699814,0.33089420199394226,0.2799557149410248,hard_negative,other_candidate__fsd50k__train__360423__1003.wav,4.040000,3.000
train,human_non_speech,FSD50K,train,235792,235792.wav,"Breathing,Respiratory_sounds",other__fsd50k__train__235792__hard3s.wav,acaebf61ee089e16b7b3b644ad2ccb970fd6c3b0c665a5526cd8089632bc0727,2,0.579974889755249,dog_bark,0,dog_bark,0.3432323932647705,0.3432323932647705,0.016307808458805084,0.10587745904922485,0.02861279994249344,0.3387524485588074,0.16721709072589874,hard_negative,other_candidate__fsd50k__train__235792__1177.wav,0.000000,3.000
train,human_non_speech,FSD50K,train,196073,196073.wav,"Laughter,Human_voice",other__fsd50k__train__196073__hard3s.wav,e4f6c1b0a584d7f9dd7abcffcbe7da8231b3a25b0d3b6cfe99aeda30442d41e2,4,0.9664881825447083,speech,0,speech,0.9090918302536011,0.02439853362739086,0.044849783182144165,0.004858990665525198,0.006302577909082174,0.9090918302536011,0.010498302057385445,diversity,other_candidate__fsd50k__train__196073__1071.wav,0.000000,3.000
train,human_non_speech,FSD50K,train,344632,344632.wav,"Cough,Respiratory_sounds",other__fsd50k__train__344632__hard3s.wav,eb88a71b3571615467bafa240e1857d79f6756bd6583e10f850389acb501ab42,11,0.9959458708763123,speech,4,speech,0.7287492156028748,0.18313533067703247,0.05693111568689346,0.01405735407024622,0.003677070839330554,0.7287492156028748,0.013449919410049915,diversity,other_candidate__fsd50k__train__344632__1122.wav,1.880000,3.000
train,human_non_speech,FSD50K,train,337001,337001.wav,"Laughter,Human_voice",other__fsd50k__train__337001__hard3s.wav,da62bd96b5935d48456eb67ec1fa729dc685ce60a48f6ff268ef49b6a9db74d9,9,0.9721755385398865,speech,8,speech,0.8977829813957214,0.027969446033239365,0.011588212102651596,0.02299685589969158,0.03241266310214996,0.8977829813957214,0.007249830290675163,diversity,other_candidate__fsd50k__train__337001__0980.wav,4.190000,3.000
train,human_non_speech,ESC-50,fold_2,98676,2-98676-A-24.wav,coughing,other__esc50__fold_2__98676__hard3s.wav,2f0994190ebc5214e14e9e55684d9321695d273a609d4e8e4388601b42b15812,1,0.6638991832733154,speech,0,speech,0.6638991832733154,0.33221346139907837,0.0016251412453129888,0.0013059846824035048,0.0007290035136975348,0.6638991832733154,0.00022715017257723957,diversity,other_candidate__esc50__fold_2__98676__1161.wav,0.000000,3.000
train,human_non_speech,FSD50K,train,196086,196086.wav,"Laughter,Human_voice",other__fsd50k__train__196086__hard3s.wav,9666a5993d62d9cc03fc823ef1741998e2cff5518885629a37f17a9fd264a41d,1,0.9068943858146667,speech,0,speech,0.9068943858146667,0.03291806951165199,0.047390300780534744,0.0036974565591663122,0.007947653532028198,0.9068943858146667,0.0011520897969603539,diversity,other_candidate__fsd50k__train__196086__1046.wav,0.000000,3.000
train,human_non_speech,FSD50K,train,399753,399753.wav,Burping_and_eructation,other__fsd50k__train__399753__hard3s.wav,2af45ee3ff9d1b06f4cba5c039aeebf5109217b3ba391d85ae186549bfb7ae58,1,0.8015684485435486,speech,0,speech,0.8015684485435486,0.15552212297916412,0.0009818492690101266,0.0072853174060583115,0.03366048261523247,0.8015684485435486,0.0009818492690101266,diversity,other_candidate__fsd50k__train__399753__1170.wav,0.000000,3.000
train,human_non_speech,FSD50K,train,156839,156839.wav,Burping_and_eructation,other__fsd50k__train__156839__hard3s.wav,2487a1ff221e68bccbeab1190da9db69b82e561de1e9557e9c530c54689e78a9,5,0.6509326696395874,speech,0,speech,0.33139359951019287,0.01452651433646679,0.31446373462677,0.20836158096790314,0.006864074617624283,0.33139359951019287,0.12439048290252686,diversity,other_candidate__fsd50k__train__156839__1024.wav,0.000000,3.000
train,human_non_speech,FSD50K,train,276615,276615.wav,"Sneeze,Respiratory_sounds",other__fsd50k__train__276615__hard3s.wav,59c8ef7eb45ca27bd8c919a92c6ca3e4f348686bfa2829b8981183b4fb10296b,13,0.9920446872711182,speech,4,speech,0.8773619532585144,0.034512829035520554,0.0473942756652832,0.007662145420908928,0.027400510385632515,0.8773619532585144,0.005668323952704668,diversity,other_candidate__fsd50k__train__276615__1138.wav,1.880000,3.000
train,human_non_speech,FSD50K,train,101151,101151.wav,Burping_and_eructation,other__fsd50k__train__101151__hard3s.wav,951e769e71e09f1b2b10e9113d66155f2d3a45c2f1f6b1570e9d753d53144d29,1,0.9963871240615845,speech,0,speech,0.9963871240615845,0.0010940968059003353,0.0002841261448338628,0.0016335650580003858,0.0003169478150084615,0.9963871240615845,0.0002841261448338628,diversity,other_candidate__fsd50k__train__101151__1160.wav,0.000000,3.000
train,human_non_speech,FSD50K,train,272563,272563.wav,Walk_and_footsteps,other__fsd50k__train__272563__hard3s.wav,9fd1e7ea9e27b0e280309380f47b718c5ca456c09c77201038acdcc9f1fde1f2,13,0.7559754252433777,speech,10,speech,0.4040186107158661,0.06793532520532608,0.2820073366165161,0.11109697073698044,0.008210801519453526,0.4040186107158661,0.12673097848892212,diversity,other_candidate__fsd50k__train__272563__1193.wav,6.200000,3.000
train,human_non_speech,FSD50K,train,216223,216223.wav,Burping_and_eructation,other__fsd50k__train__216223__hard3s.wav,682d26153a677a34403815877e84e3c5a46232c5ac7fba855c60a520a758f5a6,2,0.8051843047142029,speech,1,speech,0.6819713711738586,0.2546343207359314,0.0027201089542359114,0.0480341836810112,0.009988382458686829,0.6819713711738586,0.002651624381542206,diversity,other_candidate__fsd50k__train__216223__1051.wav,0.000000,3.000
train,human_non_speech,FSD50K,train,31153,31153.wav,Walk_and_footsteps,other__fsd50k__train__31153__hard3s.wav,21876aa7fdf56b937ba7c6f04db752ed52317f195d4d473d1e11264e2011c886,11,0.5005048513412476,thunderstorm,8,thunderstorm,0.3635901212692261,0.03605986014008522,0.17050307989120483,0.15882663428783417,0.020152894780039787,0.25086748600006104,0.3635901212692261,diversity,other_candidate__fsd50k__train__31153__0985.wav,4.760000,3.000
train,human_non_speech,FSD50K,train,61356,61356.wav,Burping_and_eructation,other__fsd50k__train__61356__hard3s.wav,a507a94aa131f3d084e8698014405be3b687a65b528417878bd779085e0d183a,3,0.982889711856842,speech,1,speech,0.9590814709663391,0.020141858607530594,0.0008070984040386975,0.004638310521841049,0.014524181373417377,0.9590814709663391,0.0008070984040386975,diversity,other_candidate__fsd50k__train__61356__0972.wav,0.000000,3.000
train,human_non_speech,FSD50K,train,109625,109625.wav,"Laughter,Human_voice",other__fsd50k__train__109625__hard3s.wav,fe25918140a9541f97f1a60905718ff9d5a2de2385d0919b2f6496c5861738a9,8,0.9903055429458618,speech,5,speech,0.9066510200500488,0.010338135994970798,0.05884069576859474,0.013001954182982445,0.005636768881231546,0.9066510200500488,0.005531389266252518,diversity,other_candidate__fsd50k__train__109625__1195.wav,2.600000,3.000
train,human_non_speech,FSD50K,train,169844,169844.wav,"Breathing,Respiratory_sounds",other__fsd50k__train__169844__hard3s.wav,fedd57add48ec9100d439b2dab46129e87aa62db8804f82b0f62dca235583602,6,0.863841712474823,speech,0,speech,0.653317928314209,0.2666557729244232,0.010953390039503574,0.009153974242508411,0.051019832491874695,0.653317928314209,0.008899117819964886,diversity,other_candidate__fsd50k__train__169844__1002.wav,0.000000,3.000
train,human_non_speech,FSD50K,train,343991,343991.wav,"Giggle,Laughter,Human_voice",other__fsd50k__train__343991__hard3s.wav,8a21e609990da5ac76f14dd030da1c6784e6435298798951f1df18c3e191304d,1,0.9661573171615601,speech,0,speech,0.9661573171615601,0.007318598218262196,0.018199777230620384,0.0014199715806171298,0.005881320685148239,0.9661573171615601,0.0010229392210021615,diversity,other_candidate__fsd50k__train__343991__1096.wav,0.000000,3.000
train,human_non_speech,FSD50K,train,270498,270498.wav,"Breathing,Respiratory_sounds",other__fsd50k__train__270498__hard3s.wav,3f9a20f70f3b381b51dbf6cd40b943b0a7001318cd7b06eac6ac0630a6bf65c9,2,0.7230783104896545,speech,1,speech,0.7102718949317932,0.16666540503501892,0.01327531598508358,0.04185803607106209,0.003731133881956339,0.7102718949317932,0.06419815868139267,diversity,other_candidate__fsd50k__train__270498__1095.wav,0.000000,3.000
train,human_non_speech,FSD50K,train,8157,8157.wav,"Laughter,Human_voice",other__fsd50k__train__8157__hard3s.wav,28f79806a793b9da0841e0accd84509ef59a43a8a3f69e87d03e6530adb4a73b,13,0.9919909834861755,speech,4,speech,0.9291409850120544,0.03858589380979538,0.019193831831216812,0.0025973403826355934,0.007487790659070015,0.9291409850120544,0.0029941448010504246,diversity,other_candidate__fsd50k__train__8157__1048.wav,1.880000,3.000
train,human_non_speech,FSD50K,train,60782,60782.wav,"Crowd,Laughter,Human_group_actions,Human_voice",other__fsd50k__train__60782__hard3s.wav,491c1f3fe3bdc2d6c10ea213e594e9b912947db1eac8eddcfecd4ff4f5f83767,9,0.957426905632019,speech,3,speech,0.9049908518791199,0.03882785513997078,0.014399758540093899,0.01764073595404625,0.01745048351585865,0.9049908518791199,0.006690341513603926,diversity,other_candidate__fsd50k__train__60782__1006.wav,1.160000,3.000
train,human_non_speech,FSD50K,train,334052,334052.wav,"Human_voice,Cough,Respiratory_sounds",other__fsd50k__train__334052__hard3s.wav,e20f3ea61456bea2b7d3c8343898af15dd6f531e57fbb48e43e6273e0d82d680,1,0.8389943838119507,speech,0,speech,0.8389943838119507,0.056580983102321625,0.04546920210123062,0.021153463050723076,0.028312982991337776,0.8389943838119507,0.009488989599049091,diversity,other_candidate__fsd50k__train__334052__1127.wav,0.000000,3.000
train,human_non_speech,FSD50K,train,124792,124792.wav,"Sigh,Breathing,Respiratory_sounds,Human_voice",other__fsd50k__train__124792__hard3s.wav,70aaf152e2d80bec32157df182f0ac8732f9235a6eec66033d456a90c6e67ea3,3,0.917489767074585,speech,1,speech,0.830936849117279,0.0828857347369194,0.01586000621318817,0.011212099343538284,0.009529664181172848,0.830936849117279,0.049575645476579666,diversity,other_candidate__fsd50k__train__124792__1106.wav,0.000000,3.000
train,human_non_speech,FSD50K,train,179405,179405.wav,"Breathing,Respiratory_sounds",other__fsd50k__train__179405__hard3s.wav,48c406d0d304474343c31742305810ccea5d060caa89203db2f0f982bf63d8dc,13,0.9128844141960144,speech,10,speech,0.4124033749103546,0.2539953291416168,0.06791482865810394,0.024789195507764816,0.02221018262207508,0.4124033749103546,0.21868707239627838,diversity,other_candidate__fsd50k__train__179405__1148.wav,6.200000,3.000
train,human_non_speech,FSD50K,train,180040,180040.wav,"Cough,Respiratory_sounds",other__fsd50k__train__180040__hard3s.wav,be6d0e9e09de4cdd42b44559225694a9ed4dd2702681c184a4078a4ecc1a1173,7,0.991578221321106,speech,4,speech,0.5873830914497375,0.10682598501443863,0.14564149081707,0.11905737966299057,0.015482230111956596,0.5873830914497375,0.02560976706445217,diversity,other_candidate__fsd50k__train__180040__1181.wav,1.880000,3.000
train,human_non_speech,FSD50K,train,215367,215367.wav,Burping_and_eructation,other__fsd50k__train__215367__hard3s.wav,ea1396c3369961ddb9df75731cb9472b198a24b8c5e39dafcc4ac4ac0f7a0515,1,0.4043431580066681,dog_bark,0,dog_bark,0.4043431580066681,0.4043431580066681,0.03271818161010742,0.05861348286271095,0.12148086726665497,0.36247122287750244,0.020373113453388214,diversity,other_candidate__fsd50k__train__215367__1038.wav,0.000000,3.000
train,human_non_speech,FSD50K,train,262980,262980.wav,"Laughter,Human_voice",other__fsd50k__train__262980__hard3s.wav,a0bad8bd962b8fec8c93ac84a3bcd3b55b311281ef5ec03d84da92f03ceb0548,9,0.9844180345535278,speech,6,speech,0.9395960569381714,0.028424249961972237,0.008975631557404995,0.018771812319755554,0.0024722283706068993,0.9395960569381714,0.0017600343562662601,diversity,other_candidate__fsd50k__train__262980__1137.wav,3.320000,3.000
train,animal_non_target,FSD50K,train,322449,322449.wav,"Livestock_and_farm_animals_and_working_animals,Animal",other__fsd50k__train__322449__hard3s.wav,fa7e56dc28cc19fe1047b0ebd000932f60b85a80332df0620e47d5150fef15bd,3,0.9932436347007751,dog_bark,0,dog_bark,0.4639723598957062,0.4639723598957062,0.11608392000198364,0.03662072494626045,0.048768866807222366,0.2683529853820801,0.06620115786790848,hard_negative,other_candidate__fsd50k__train__322449__1399.wav,0.000000,3.000
train,animal_non_target,FSD50K,train,173913,173913.wav,"Bird,Wild_animals,Animal",other__fsd50k__train__173913__hard3s.wav,566c6028af125b13186488792bb74cffa6cb1781a9a6e9aea3da92a8005a89f6,7,0.9515177607536316,glass_breaking,1,glass_breaking,0.6120960116386414,0.020394552499055862,0.6120960116386414,0.11926470696926117,0.06461457908153534,0.13627342879772186,0.04735667258501053,hard_negative,other_candidate__fsd50k__train__173913__1225.wav,0.000000,3.000
train,animal_non_target,FSD50K,train,85535,85535.wav,"Fowl,Livestock_and_farm_animals_and_working_animals,Animal",other__fsd50k__train__85535__hard3s.wav,475bf69060a999e63d779e97ae2dca0de59dd0a3c67acb167bfc4cf0f720a3bc,13,0.9176801443099976,gunshot_gunfire,4,gunshot_gunfire,0.7101846933364868,0.02821829542517662,0.004641302395612001,0.7101846933364868,0.16573026776313782,0.03869831562042236,0.05252707377076149,hard_negative,other_candidate__fsd50k__train__85535__1299.wav,1.880000,3.000
train,animal_non_target,ESC-50,fold_3,160993,3-160993-A-3.wav,cow,other__esc50__fold_3__160993__hard3s.wav,61ef8f7b6e36aa50fe8e1e10c5d1c4867e7c185e85e2385a71e9090e4801cdbe,6,0.9969797730445862,siren,0,siren,0.817609965801239,0.06861472129821777,0.0058951652608811855,0.006644396111369133,0.817609965801239,0.0863402858376503,0.014895472675561905,hard_negative,other_candidate__esc50__fold_3__160993__1335.wav,0.000000,3.000
train,animal_non_target,FSD50K,train,332979,332979.wav,"Meow,Cat,Domestic_animals_and_pets,Animal",other__fsd50k__train__332979__hard3s.wav,ee486a469b8a5573afb5f75e64ec7fd67b89e9840fea81aa1e12ae0ac8d20b53,1,0.9852049350738525,speech,0,speech,0.9852049350738525,0.0026902477256953716,0.00041946000419557095,0.0005219679442234337,0.010743897408246994,0.9852049350738525,0.00041946000419557095,hard_negative,other_candidate__fsd50k__train__332979__1417.wav,0.000000,3.000
train,animal_non_target,FSD50K,train,376392,376392.wav,"Purr,Cat,Domestic_animals_and_pets,Animal",other__fsd50k__train__376392__hard3s.wav,6dc25f94df155ca66bb2d0f9b85c129d7ed4905f5343818c6996bfab8cce66f3,13,0.9766333103179932,thunderstorm,1,thunderstorm,0.5634152889251709,0.2823408246040344,0.0011539524421095848,0.007558797020465136,0.028682511299848557,0.11684855818748474,0.5634152889251709,hard_negative,other_candidate__fsd50k__train__376392__1232.wav,0.000000,3.000
train,animal_non_target,FSD50K,train,57791,57791.wav,"Livestock_and_farm_animals_and_working_animals,Animal",other__fsd50k__train__57791__hard3s.wav,039da6e019774a221ab174127d8275e395ed743580552cfb0bbf747fa647e726,5,0.9816245436668396,dog_bark,1,dog_bark,0.5170547366142273,0.5170547366142273,0.0040801954455673695,0.016323547810316086,0.04162198677659035,0.38694557547569275,0.03397390991449356,hard_negative,other_candidate__fsd50k__train__57791__1281.wav,0.000000,3.000
train,animal_non_target,FSD50K,train,17302,17302.wav,"Livestock_and_farm_animals_and_working_animals,Animal",other__fsd50k__train__17302__hard3s.wav,78c16f4f9447a0c0ccbf8f0cdaba4c476e3fcdc26ae889b5477bbf41451ca0c8,13,0.8834627866744995,glass_breaking,8,glass_breaking,0.3573622405529022,0.03640320524573326,0.3573622405529022,0.06125559285283089,0.033995144069194794,0.3107503652572632,0.20023347437381744,hard_negative,other_candidate__fsd50k__train__17302__1339.wav,4.760000,3.000
train,animal_non_target,FSD50K,train,379087,379087.wav,"Gull_and_seagull,Bird,Wild_animals,Animal",other__fsd50k__train__379087__hard3s.wav,c0e2a7694c238920d1a67ded3b0d45668ec78a646b900350a4195d4c50b3fe50,13,0.8244114518165588,gunshot_gunfire,8,speech,0.37001731991767883,0.21370679140090942,0.05902891606092453,0.1537863314151764,0.07769724726676941,0.37001731991767883,0.12576338648796082,hard_negative,other_candidate__fsd50k__train__379087__1394.wav,4.760000,3.000
train,animal_non_target,FSD50K,train,164485,164485.wav,"Cricket,Insect,Wild_animals,Animal",other__fsd50k__train__164485__hard3s.wav,14d159dff7857d4941d652f15d014229d46c104d478440cb75446b6f71441eab,1,0.9776859283447266,siren,0,siren,0.9776859283447266,0.0005992645164951682,0.004287427756935358,0.0032032618764787912,0.9776859283447266,0.013759838417172432,0.0004643440479412675,hard_negative,other_candidate__fsd50k__train__164485__1243.wav,0.000000,3.000
train,animal_non_target,FSD50K,train,180699,180699.wav,"Cat,Domestic_animals_and_pets,Animal",other__fsd50k__train__180699__hard3s.wav,e1fe832bd22ed453d700017651f71946b236ffced1386359bed30a8c0767c4c6,13,0.9714745283126831,speech,8,speech,0.550979733467102,0.20528505742549896,0.008639944717288017,0.034100357443094254,0.17574575543403625,0.550979733467102,0.025249166414141655,hard_negative,other_candidate__fsd50k__train__180699__1305.wav,4.760000,3.000
train,animal_non_target,FSD50K,train,28327,28327.wav,"Bird_vocalization_and_bird_call_and_bird_song,Bird,Wild_animals,Animal",other__fsd50k__train__28327__hard3s.wav,72cb30466e6e893b75d70fec0e71a59b5cc4e29608aa1846dbe99846a6a22802,13,0.9571859240531921,thunderstorm,1,thunderstorm,0.5168511867523193,0.01602967455983162,0.10589161515235901,0.12134421616792679,0.12539170682430267,0.1144915372133255,0.5168511867523193,hard_negative,other_candidate__fsd50k__train__28327__1427.wav,0.000000,3.000
train,animal_non_target,FSD50K,train,54058,54058.wav,"Meow,Animal,Cat,Domestic_animals_and_pets",other__fsd50k__train__54058__hard3s.wav,4703fc1fa832e2662ca45df1794d9da8895f2912008acc04032316e35fe126df,1,0.9544104337692261,dog_bark,0,dog_bark,0.9544104337692261,0.9544104337692261,0.00032654733513481915,0.0006067084614187479,0.024063434451818466,0.01864570938050747,0.0019471371779218316,hard_negative,other_candidate__fsd50k__train__54058__1357.wav,0.000000,3.000
train,animal_non_target,FSD50K,train,132990,132990.wav,"Bird,Wild_animals,Animal",other__fsd50k__train__132990__hard3s.wav,bd3b692ea7256fcec1249fef8a40245b8dd249225c5a543c43e07a15c6dab70c,8,0.8115532398223877,glass_breaking,1,speech,0.41026991605758667,0.050773344933986664,0.4082290530204773,0.03001677617430687,0.028543850407004356,0.41026991605758667,0.0721670538187027,hard_negative,other_candidate__fsd50k__train__132990__1259.wav,0.000000,3.000
train,animal_non_target,FSD50K,train,405500,405500.wav,"Bird,Fowl,Wild_animals,Animal,Livestock_and_farm_animals_and_working_animals",other__fsd50k__train__405500__hard3s.wav,aa7f8fcc6100b598bdbe019b6c648141b1502ac7ee88bc76cd86db297e41d6fd,1,0.8120449781417847,gunshot_gunfire,0,gunshot_gunfire,0.8120449781417847,0.02947525680065155,0.002660562051460147,0.8120449781417847,0.028420524671673775,0.08794745057821274,0.03945134952664375,hard_negative,other_candidate__fsd50k__train__405500__1409.wav,0.000000,3.000
train,animal_non_target,FSD50K,train,59186,59186.wav,"Bird,Wild_animals,Animal",other__fsd50k__train__59186__hard3s.wav,dd9dafd0bc701a7db419d79f4b98cb65bf72552bac9ac1b9d49b0bb5b93512b4,6,0.968411922454834,siren,0,siren,0.3556804955005646,0.09018706530332565,0.01828061230480671,0.03690318018198013,0.3556804955005646,0.3277563750743866,0.1711922436952591,hard_negative,other_candidate__fsd50k__train__59186__1373.wav,0.000000,3.000
train,animal_non_target,FSD50K,train,273911,273911.wav,"Livestock_and_farm_animals_and_working_animals,Animal",other__fsd50k__train__273911__hard3s.wav,53e25eb2cbbc4a7df48fe8a5227c465189e45c91fce46c529d6ecf17d321379f,13,0.9669609665870667,speech,8,speech,0.6392502188682556,0.023366333916783333,0.05245532467961311,0.06171984225511551,0.08534137904644012,0.6392502188682556,0.13786685466766357,hard_negative,other_candidate__fsd50k__train__273911__1322.wav,4.760000,3.000
train,animal_non_target,FSD50K,train,386869,386869.wav,"Bird,Wild_animals,Animal",other__fsd50k__train__386869__hard3s.wav,a0ab1e9dea78513dc4fc0dd943c5f2d47ba556af11db94c2c0822c665d666b54,13,0.9557106494903564,thunderstorm,6,thunderstorm,0.7726895213127136,0.017923783510923386,0.028825901448726654,0.07259338349103928,0.07221705466508865,0.035750456154346466,0.7726895213127136,hard_negative,other_candidate__fsd50k__train__386869__1241.wav,3.320000,3.000
train,animal_non_target,FSD50K,train,200336,200336.wav,"Cat,Domestic_animals_and_pets,Animal",other__fsd50k__train__200336__hard3s.wav,c1142e59c2366f987a28eabf258dbadbbd59095b4e4ad358a7cec1d2655fa6e4,13,0.9520084261894226,dog_bark,6,dog_bark,0.4420061707496643,0.4420061707496643,0.06529577821493149,0.01811288483440876,0.01977633684873581,0.0704251155257225,0.3843837082386017,hard_negative,other_candidate__fsd50k__train__200336__1324.wav,3.320000,3.000
train,animal_non_target,FSD50K,train,240476,240476.wav,"Bird,Wild_animals,Animal",other__fsd50k__train__240476__hard3s.wav,e2f1c08b5da54cd1122dbbe1375987598031b40be53722331ebc73e2c00ee843,1,0.7764901518821716,glass_breaking,0,glass_breaking,0.7764901518821716,0.0006370294140651822,0.7764901518821716,0.19443130493164062,0.012190643697977066,0.006804844364523888,0.009446000680327415,hard_negative,other_candidate__fsd50k__train__240476__1250.wav,0.000000,3.000
train,animal_non_target,FSD50K,train,321696,321696.wav,"Livestock_and_farm_animals_and_working_animals,Animal",other__fsd50k__train__321696__hard3s.wav,3aadc674708f4c4fafeadb4035531815343e840ce2d51a8180d67d04f74c9ff8,2,0.7732965350151062,gunshot_gunfire,0,gunshot_gunfire,0.3923914432525635,0.07447806745767593,0.005598122254014015,0.3923914432525635,0.11810757219791412,0.36360007524490356,0.04582468792796135,hard_negative,other_candidate__fsd50k__train__321696__1265.wav,0.000000,3.000
train,animal_non_target,FSD50K,train,429150,429150.wav,"Bird,Wild_animals,Animal",other__fsd50k__train__429150__hard3s.wav,4a392cefd8fece21dfa0cff6d5f78aef4212af226b996e44f80aead5a146345e,13,0.9613558053970337,siren,12,siren,0.5497971177101135,0.07839865982532501,0.00460601132363081,0.031592048704624176,0.5497971177101135,0.10780230909585953,0.22780385613441467,hard_negative,other_candidate__fsd50k__train__429150__1377.wav,7.640000,3.000
train,animal_non_target,FSD50K,train,211691,211691.wav,"Meow,Cat,Domestic_animals_and_pets,Animal",other__fsd50k__train__211691__hard3s.wav,716db719417630bf802c111926820a3a690ed561608a3bfb51f7c0becd5f52ff,13,0.9665202498435974,speech,0,dog_bark,0.4774383008480072,0.4774383008480072,0.045314133167266846,0.02398313209414482,0.14404082298278809,0.25004202127456665,0.05918160825967789,hard_negative,other_candidate__fsd50k__train__211691__1321.wav,0.000000,3.000
train,animal_non_target,FSD50K,train,321692,321692.wav,"Livestock_and_farm_animals_and_working_animals,Animal",other__fsd50k__train__321692__hard3s.wav,0448440aadfd5758b0ec8414e6ed26adb56f968b5a78acbb9f9dca7cb2c301f1,13,0.9431011080741882,thunderstorm,8,thunderstorm,0.7350173592567444,0.013736688531935215,0.02521546371281147,0.1451985239982605,0.016276875510811806,0.0645551010966301,0.7350173592567444,hard_negative,other_candidate__fsd50k__train__321692__1415.wav,4.760000,3.000
train,animal_non_target,FSD50K,train,318092,318092.wav,"Bird,Wild_animals,Animal",other__fsd50k__train__318092__hard3s.wav,147d203f038e88f717a9eacb45848f0481419414602a01e0663eb8abc89e8fa0,13,0.9510910511016846,dog_bark,11,dog_bark,0.39167749881744385,0.39167749881744385,0.05567312240600586,0.06479765474796295,0.2046056091785431,0.24468261003494263,0.03856349736452103,hard_negative,other_candidate__fsd50k__train__318092__1240.wav,6.920000,3.000
train,animal_non_target,FSD50K,train,27973,27973.wav,"Chirp_and_tweet,Bird_vocalization_and_bird_call_and_bird_song,Bird,Wild_animals,Animal",other__fsd50k__train__27973__hard3s.wav,a8f177210bc6a907ead30df183234e5360bdd38cd965fd28f250d8b449db0e5c,13,0.7463535666465759,glass_breaking,7,glass_breaking,0.32923808693885803,0.03234558925032616,0.32923808693885803,0.13974441587924957,0.207144632935524,0.16501475870609283,0.12651251256465912,hard_negative,other_candidate__fsd50k__train__27973__1230.wav,4.040000,3.000
train,animal_non_target,FSD50K,train,125638,125638.wav,"Insect,Wild_animals,Animal",other__fsd50k__train__125638__hard3s.wav,f0a2078fef441f38bf795011e95019c0027c2ea3ba099bd184ee4fe93c0ce450,1,0.5380372405052185,gunshot_gunfire,0,gunshot_gunfire,0.5380372405052185,0.002537819091230631,0.25959834456443787,0.5380372405052185,0.06043396145105362,0.027109384536743164,0.11228323727846146,hard_negative,other_candidate__fsd50k__train__125638__1304.wav,0.000000,3.000
train,animal_non_target,FSD50K,train,38111,38111.wav,"Cricket,Insect,Wild_animals,Animal",other__fsd50k__train__38111__hard3s.wav,05f7590bbcc3ba133709f952a96a00867e61f32c2c3c88e6fac6fe32bc687227,13,0.9577785730361938,siren,2,siren,0.5712260007858276,0.013942359015345573,0.04111992567777634,0.0676797553896904,0.5712260007858276,0.23994508385658264,0.06608693301677704,hard_negative,other_candidate__fsd50k__train__38111__1343.wav,0.440000,3.000
train,animal_non_target,FSD50K,train,213143,213143.wav,"Crow,Bird,Wild_animals,Animal",other__fsd50k__train__213143__hard3s.wav,035e4e188a2aeb0ded420b44f58b38a7d99a721128df80ff13fd892aa28798c7,13,0.9633145928382874,speech,3,speech,0.8347390294075012,0.08237092941999435,0.05072232708334923,0.012947984971106052,0.01587839424610138,0.8347390294075012,0.003341295290738344,hard_negative,other_candidate__fsd50k__train__213143__1325.wav,1.160000,3.000
train,animal_non_target,FSD50K,train,71201,71201.wav,"Bird_vocalization_and_bird_call_and_bird_song,Bird,Wild_animals,Animal",other__fsd50k__train__71201__hard3s.wav,c24a8ea26411d3b30a0ac6ed1b6237423cc02c1bd0fac20554aaf6b272b1efe7,13,0.9374595284461975,thunderstorm,7,thunderstorm,0.713243842124939,0.010262756608426571,0.012338628992438316,0.13493701815605164,0.09947728365659714,0.029740404337644577,0.713243842124939,hard_negative,other_candidate__fsd50k__train__71201__1431.wav,4.040000,3.000
train,animal_non_target,FSD50K,train,202595,202595.wav,"Bird,Wild_animals,Animal",other__fsd50k__train__202595__hard3s.wav,494dac69731290d6debfa04a6a1661a5b1ef2ce8e7d89999abc2b5c02802c235,13,0.9508382678031921,dog_bark,2,dog_bark,0.7073981165885925,0.7073981165885925,0.001937744440510869,0.0006375961238518357,0.20575356483459473,0.08236288279294968,0.0019100743811577559,hard_negative,other_candidate__fsd50k__train__202595__1233.wav,0.440000,3.000
train,animal_non_target,FSD50K,train,164475,164475.wav,"Bird,Wild_animals,Animal",other__fsd50k__train__164475__hard3s.wav,5fb9b990ebbfd7db543c578cb989a37a5a8f46b05ec18f3ef041071532211611,5,0.7305808663368225,glass_breaking,4,glass_breaking,0.44769272208213806,0.037623368203639984,0.44769272208213806,0.16647236049175262,0.030749190598726273,0.11810412257909775,0.1993582546710968,hard_negative,other_candidate__fsd50k__train__164475__1436.wav,0.935578,3.000
train,animal_non_target,FSD50K,train,69080,69080.wav,"Bird_vocalization_and_bird_call_and_bird_song,Bird,Wild_animals,Animal",other__fsd50k__train__69080__hard3s.wav,2df3a0b3b62b55bd1f37f6e878415a90ec62d83db3f48c76ccc231fda9d4d3e8,3,0.40100547671318054,gunshot_gunfire,0,gunshot_gunfire,0.3785109519958496,0.019517013803124428,0.07531663030385971,0.3785109519958496,0.1244739294052124,0.07698235660791397,0.325199156999588,hard_negative,other_candidate__fsd50k__train__69080__1430.wav,0.000000,3.000
train,animal_non_target,FSD50K,train,386973,386973.wav,"Bird,Wild_animals,Animal",other__fsd50k__train__386973__hard3s.wav,cb8eb086870b416d189ffa85547ab24baaa0d6c941d5d0d843183b0fe3273347,12,0.9493995904922485,siren,7,siren,0.482109934091568,0.018522335216403008,0.23941902816295624,0.022124089300632477,0.482109934091568,0.21598608791828156,0.021838530898094177,hard_negative,other_candidate__fsd50k__train__386973__1275.wav,4.040000,3.000
train,animal_non_target,FSD50K,train,13563,13563.wav,"Frog,Wild_animals,Animal",other__fsd50k__train__13563__hard3s.wav,273e47f7e6fa6c6fedf904ab387b9a664b7a6619de405ad1a2f61327bd00f056,13,0.9477998614311218,speech,4,speech,0.5417174696922302,0.16198302805423737,0.03832366690039635,0.116256482899189,0.039899155497550964,0.5417174696922302,0.10182023048400879,hard_negative,other_candidate__fsd50k__train__13563__1326.wav,1.880000,3.000
train,animal_non_target,FSD50K,train,33257,33257.wav,"Bird_vocalization_and_bird_call_and_bird_song,Bird,Wild_animals,Animal",other__fsd50k__train__33257__hard3s.wav,afa1c51810e38a356468f8a1f7bc061bc848835b66409ccb7b6957fb262691bd,13,0.9374358057975769,thunderstorm,6,thunderstorm,0.7603281736373901,0.006207614205777645,0.0048230416141450405,0.08708453923463821,0.11401596665382385,0.02754073031246662,0.7603281736373901,hard_negative,other_candidate__fsd50k__train__33257__1366.wav,3.320000,3.000
train,animal_non_target,FSD50K,train,20418,20418.wav,"Gull_and_seagull,Rain,Bird_vocalization_and_bird_call_and_bird_song,Water,Bird,Wild_animals,Animal",other__fsd50k__train__20418__hard3s.wav,9f7c1e4bc7d2cc6e139bce9116c304368c4a942e638e6ef53110dc41f9cba0ae,6,0.9089088439941406,dog_bark,2,dog_bark,0.4799577295780182,0.4799577295780182,0.04346419498324394,0.05537218973040581,0.10327675938606262,0.0932505801320076,0.22467851638793945,hard_negative,other_candidate__fsd50k__train__20418__1222.wav,0.440000,3.000
train,animal_non_target,FSD50K,train,243682,243682.wav,"Cricket,Insect,Wild_animals,Animal",other__fsd50k__train__243682__hard3s.wav,73d5275eaefad0ff136850989a5f1caacb2a6ddc08fa0e6e7c7a5364e617b70b,13,0.6741952300071716,glass_breaking,4,glass_breaking,0.44691500067710876,0.008887765929102898,0.44691500067710876,0.17990919947624207,0.009574704803526402,0.15449602901935577,0.20021730661392212,hard_negative,other_candidate__fsd50k__train__243682__1279.wav,1.880000,3.000
train,animal_non_target,FSD50K,train,49142,49142.wav,"Buzz,Bird,Insect,Wild_animals,Animal",other__fsd50k__train__49142__hard3s.wav,56ee059517599e3a725fad77997f61c748db2a1ba226fecf611ac2eb40ffa4ef,13,0.9204674363136292,siren,9,siren,0.42397505044937134,0.3429907262325287,0.0049199266359210014,0.017522867769002914,0.42397505044937134,0.06974204629659653,0.14084939658641815,hard_negative,other_candidate__fsd50k__train__49142__1258.wav,5.480000,3.000
train,animal_non_target,ESC-50,fold_3,146965,3-146965-A-5.wav,cat,other__esc50__fold_3__146965__hard3s.wav,055f22434ebd4aaa2963ec9463f29d02b9c2caa5eeabe58042047c648a136bdd,6,0.9400187730789185,speech,0,dog_bark,0.4574314057826996,0.4574314057826996,0.008267192170023918,0.016825752332806587,0.09001860022544861,0.28061917424201965,0.14683784544467926,hard_negative,other_candidate__esc50__fold_3__146965__1203.wav,0.000000,3.000
train,animal_non_target,FSD50K,train,388973,388973.wav,"Bird,Wild_animals,Animal",other__fsd50k__train__388973__hard3s.wav,17753641deae5e194e2368a508c12025643c58687aba652174bd8e5fce3a3c3c,5,0.927744448184967,thunderstorm,4,thunderstorm,0.7201224565505981,0.0024694069288671017,0.02001364901661873,0.1481647491455078,0.09335914999246597,0.015870604664087296,0.7201224565505981,hard_negative,other_candidate__fsd50k__train__388973__1251.wav,1.880000,3.000
train,animal_non_target,FSD50K,train,272364,272364.wav,"Bird_vocalization_and_bird_call_and_bird_song,Bird,Wild_animals,Animal",other__fsd50k__train__272364__hard3s.wav,cd645709f355ff43c03dad78667697620ebef00a97350ad61c9cfc8bcaafbfd4,13,0.898643970489502,dog_bark,12,thunderstorm,0.5333799719810486,0.15430523455142975,0.052960656583309174,0.10200782865285873,0.11386870592832565,0.04347759857773781,0.5333799719810486,hard_negative,other_candidate__fsd50k__train__272364__1298.wav,7.640000,3.000
train,animal_non_target,FSD50K,train,121973,121973.wav,"Chirp_and_tweet,Bird_vocalization_and_bird_call_and_bird_song,Bird,Wild_animals,Animal",other__fsd50k__train__121973__hard3s.wav,c4d7c7fe70f049451720db450fb4b1635bc007b89e5ce57f93fb15ed5802f54a,3,0.6728909015655518,glass_breaking,2,glass_breaking,0.4816540777683258,0.02632167749106884,0.4816540777683258,0.12232068181037903,0.194693922996521,0.1250508427619934,0.04995877668261528,hard_negative,other_candidate__fsd50k__train__121973__1389.wav,0.000000,3.000
train,animal_non_target,FSD50K,train,55152,55152.wav,"Meow,Cat,Domestic_animals_and_pets,Animal",other__fsd50k__train__55152__hard3s.wav,ad4af6b35259d073adf75d395ad4f02d3771ec967c6aa92cfd677200c7ac0a2f,13,0.9068509340286255,siren,8,siren,0.4361463189125061,0.08068522065877914,0.17227330803871155,0.0359787680208683,0.4361463189125061,0.21794825792312622,0.05696819722652435,hard_negative,other_candidate__fsd50k__train__55152__1323.wav,4.760000,3.000
train,animal_non_target,FSD50K,train,60759,60759.wav,"Cricket,Human_voice,Insect,Wild_animals,Animal",other__fsd50k__train__60759__hard3s.wav,1762c25ed0f46ae3db4b348882a73c0525b8fc1baa8f46a8f124fa97c3f9f5f2,6,0.912013590335846,speech,1,speech,0.6370810270309448,0.059360623359680176,0.015835179015994072,0.04664193093776703,0.13835956156253815,0.6370810270309448,0.10272166877985,hard_negative,other_candidate__fsd50k__train__60759__1288.wav,0.000000,3.000
train,animal_non_target,FSD50K,train,221672,221672.wav,"Bird,Wild_animals,Animal",other__fsd50k__train__221672__hard3s.wav,c2fab93e570c7af3668ff80522ba5d7586cf5cc8ed8bbec0d15feaa1919cc191,13,0.7911582589149475,dog_bark,2,dog_bark,0.38325944542884827,0.38325944542884827,0.02516479417681694,0.028173966333270073,0.11549067497253418,0.1530138999223709,0.29489725828170776,diversity,other_candidate__fsd50k__train__221672__1426.wav,0.440000,3.000
train,animal_non_target,FSD50K,train,263483,263483.wav,"Crow,Bird,Wild_animals,Animal",other__fsd50k__train__263483__hard3s.wav,d43bec1405d6569db1c1ea439c189df9fb4442c6fc8b89101de41d0976e40f6e,13,0.8642503023147583,thunderstorm,12,thunderstorm,0.6283924579620361,0.046512965112924576,0.12307581305503845,0.10227422416210175,0.05372179299592972,0.04602279141545296,0.6283924579620361,diversity,other_candidate__fsd50k__train__263483__1224.wav,7.640000,3.000
train,animal_non_target,FSD50K,train,216215,216215.wav,"Cricket,Insect,Wild_animals,Animal",other__fsd50k__train__216215__hard3s.wav,4b3bef89f6ab024f0f889e1a5f47d7312f1f5687a47fb718ca6eccfe6545b87e,6,0.5407929420471191,glass_breaking,4,thunderstorm,0.301332950592041,0.004601586144417524,0.28928396105766296,0.11532919853925705,0.01216242928057909,0.27728986740112305,0.301332950592041,diversity,other_candidate__fsd50k__train__216215__1246.wav,1.880000,3.000
train,animal_non_target,FSD50K,train,105236,105236.wav,"Buzz,Insect,Wild_animals,Animal",other__fsd50k__train__105236__hard3s.wav,4fbaa5ba2bb7f62956404954c8c90b731da3244e38340d0c62c9eabf7c9b7604,13,0.674210250377655,thunderstorm,4,thunderstorm,0.2644447684288025,0.1365295648574829,0.10365115851163864,0.08367712050676346,0.25102725625038147,0.1606701761484146,0.2644447684288025,diversity,other_candidate__fsd50k__train__105236__1349.wav,1.880000,3.000
train,animal_non_target,FSD50K,train,250991,250991.wav,"Chirp_and_tweet,Bird_vocalization_and_bird_call_and_bird_song,Bird,Wild_animals,Animal",other__fsd50k__train__250991__hard3s.wav,3cb89219c176e9aa123106c36ac9dd7e2752808715a946ddad1327aa08b7d90c,13,0.7841132283210754,thunderstorm,1,thunderstorm,0.5117790699005127,0.0223072599619627,0.14096656441688538,0.15740332007408142,0.021143317222595215,0.14640042185783386,0.5117790699005127,diversity,other_candidate__fsd50k__train__250991__1237.wav,0.000000,3.000
train,animal_non_target,FSD50K,train,146700,146700.wav,"Bird,Wild_animals,Animal",other__fsd50k__train__146700__hard3s.wav,a694239b91f436d3ab002ab22629e66a86efb0a1c4069fcda74d72e28062e6b5,10,0.9132882952690125,thunderstorm,7,thunderstorm,0.6953868865966797,0.03521626442670822,0.03693462535738945,0.073064424097538,0.08127597719430923,0.07812181860208511,0.6953868865966797,diversity,other_candidate__fsd50k__train__146700__1351.wav,4.040000,3.000
train,animal_non_target,FSD50K,train,353228,353228.wav,"Chirp_and_tweet,Bird_vocalization_and_bird_call_and_bird_song,Bird,Wild_animals,Animal",other__fsd50k__train__353228__hard3s.wav,bab64154787c07505fc95119782bfb98336e23fc70e40e82ad0a51ccdd466069,1,0.3755607604980469,siren,0,siren,0.3755607604980469,0.11283347010612488,0.07837595790624619,0.1258677840232849,0.3755607604980469,0.2910057306289673,0.016356315463781357,diversity,other_candidate__fsd50k__train__353228__1226.wav,0.000000,3.000
train,animal_non_target,FSD50K,train,361453,361453.wav,"Buzz,Insect,Wild_animals,Animal",other__fsd50k__train__361453__hard3s.wav,93321651f71e81ead628cdea3d04c53aa4d77e7bf412478ed1aa1d08cb6c0f33,13,0.616772472858429,siren,9,siren,0.255146861076355,0.18907009065151215,0.11102248728275299,0.052923884242773056,0.255146861076355,0.23887374997138977,0.15296293795108795,diversity,other_candidate__fsd50k__train__361453__1301.wav,5.480000,3.000
train,animal_non_target,ESC-50,fold_3,134049,3-134049-A-1.wav,rooster,other__esc50__fold_3__134049__hard3s.wav,2ccd86599da9a402b116d814d765b0fd1a568ee11923394bfc0a3af4db1581fa,4,0.5308576822280884,siren,1,siren,0.4177789092063904,0.3964068591594696,0.02597924880683422,0.012727986089885235,0.4177789092063904,0.14274758100509644,0.004359480459243059,diversity,other_candidate__esc50__fold_3__134049__1419.wav,0.000000,3.000
train,animal_non_target,FSD50K,train,232360,232360.wav,"Meow,Cat,Domestic_animals_and_pets,Animal",other__fsd50k__train__232360__hard3s.wav,ef635070c0e2eceb775f23102e75d976307828b8248b5f33253896dcfa3c86a5,1,0.8932567238807678,speech,0,speech,0.8932567238807678,0.025123218074440956,0.00701749324798584,0.00811865646392107,0.056006282567977905,0.8932567238807678,0.010477620176970959,diversity,other_candidate__fsd50k__train__232360__1289.wav,0.000000,3.000
train,animal_non_target,FSD50K,train,180733,180733.wav,"Bird_vocalization_and_bird_call_and_bird_song,Crow,Bird,Wild_animals,Animal",other__fsd50k__train__180733__hard3s.wav,fe5496958c71660d2e00a25ae37eca3c6024559fbe204d64e9f6d40d450197b6,13,0.708811342716217,siren,1,siren,0.27324560284614563,0.0973689928650856,0.04780077934265137,0.09921752661466599,0.27324560284614563,0.22767527401447296,0.25469183921813965,diversity,other_candidate__fsd50k__train__180733__1345.wav,0.000000,3.000
train,animal_non_target,FSD50K,train,389742,389742.wav,"Chirp_and_tweet,Bird_vocalization_and_bird_call_and_bird_song,Bird,Wild_animals,Animal",other__fsd50k__train__389742__hard3s.wav,1a32df298f9a689b99d5bde1c73d538cb0eb7bae336af27d8d6805feae2b15d6,3,0.8234354853630066,siren,2,siren,0.5062148571014404,0.026790469884872437,0.26200589537620544,0.07196702808141708,0.5062148571014404,0.0997794046998024,0.03324237838387489,diversity,other_candidate__fsd50k__train__389742__1208.wav,0.000000,3.000
train,animal_non_target,ESC-50,fold_3,104761,3-104761-B-7.wav,insects,other__esc50__fold_3__104761__hard3s.wav,b13051656d00b823f59a0678fcd133880f6f7858de77c254066188f01190f94d,6,0.8565221428871155,siren,5,siren,0.4628211557865143,0.26103875041007996,0.008545228280127048,0.025819092988967896,0.4628211557865143,0.19748549163341522,0.04429027438163757,diversity,other_candidate__esc50__fold_3__104761__1422.wav,2.000000,3.000
train,animal_non_target,FSD50K,train,23236,23236.wav,"Bird,Wild_animals,Animal",other__fsd50k__train__23236__hard3s.wav,606f76b65099fc18a309c8cbe79b617422f9526d8cb050a21fe17cd1aa416f1e,6,0.4779895842075348,siren,0,siren,0.339458703994751,0.06902486085891724,0.1416974812746048,0.188970685005188,0.339458703994751,0.18240271508693695,0.07844559103250504,diversity,other_candidate__fsd50k__train__23236__1363.wav,0.000000,3.000
train,animal_non_target,FSD50K,train,66514,66514.wav,"Meow,Cat,Domestic_animals_and_pets,Animal",other__fsd50k__train__66514__hard3s.wav,5d55f9cff1b0fabc79b7586b3de0eb2fb696e2c8c826a8fa5f34f09d9fa0ee30,1,0.5326113700866699,siren,0,siren,0.5326113700866699,0.014443882741034031,0.0031261658295989037,0.027831926941871643,0.5326113700866699,0.3979296088218689,0.02405698038637638,diversity,other_candidate__fsd50k__train__66514__1334.wav,0.000000,3.000
train,animal_non_target,FSD50K,train,32244,32244.wav,"Cricket,Insect,Wild_animals,Animal",other__fsd50k__train__32244__hard3s.wav,b8267f414651cabf426e1f8ad0bbe885dd2fdca37e679c046544dffa81a931bb,3,0.7628492116928101,siren,1,siren,0.7290089726448059,0.011603894643485546,0.09153164178133011,0.02386431396007538,0.7290089726448059,0.1413945108652115,0.002596556907519698,diversity,other_candidate__fsd50k__train__32244__1387.wav,0.000000,3.000
train,animal_non_target,FSD50K,train,213136,213136.wav,"Meow,Cat,Domestic_animals_and_pets,Animal",other__fsd50k__train__213136__hard3s.wav,683cbeb42bb59fe3ba8d98a0539f252fef502d44ba8571af16e631db69511f54,1,0.43464624881744385,speech,0,speech,0.43464624881744385,0.3756936490535736,0.000687098246999085,0.0028458633460104465,0.16852812469005585,0.43464624881744385,0.017599085345864296,diversity,other_candidate__fsd50k__train__213136__1416.wav,0.000000,3.000
train,animal_non_target,FSD50K,train,204333,204333.wav,"Fowl,Livestock_and_farm_animals_and_working_animals,Animal",other__fsd50k__train__204333__hard3s.wav,41c88e41aa2e8150df33e644627eb65f0620de903f91b67f4239e7acd8916835,13,0.889611542224884,speech,10,speech,0.45541685819625854,0.13306905329227448,0.024788621813058853,0.18963129818439484,0.15810783207416534,0.45541685819625854,0.03898636996746063,diversity,other_candidate__fsd50k__train__204333__1254.wav,6.200000,3.000
train,animal_non_target,FSD50K,train,57796,57796.wav,"Livestock_and_farm_animals_and_working_animals,Animal",other__fsd50k__train__57796__hard3s.wav,7a24740e4fb5a3d1cac876b3613d65ee0f3f0b59461580a7b324518c36af9c11,13,0.8791795969009399,speech,2,speech,0.4808371365070343,0.051198773086071014,0.19699826836585999,0.04045757278800011,0.12566998600959778,0.4808371365070343,0.10483825206756592,diversity,other_candidate__fsd50k__train__57796__1206.wav,0.440000,3.000
train,animal_non_target,FSD50K,train,51095,51095.wav,"Chirp_and_tweet,Bird,Wild_animals,Animal,Bird_vocalization_and_bird_call_and_bird_song",other__fsd50k__train__51095__hard3s.wav,069831fdff92573507a1312db5a3cdc858d99230641f37fce137889c74059e5e,13,0.6589038968086243,thunderstorm,10,thunderstorm,0.38539835810661316,0.0868060290813446,0.06008092686533928,0.16721192002296448,0.20765212178230286,0.09285067021846771,0.38539835810661316,diversity,other_candidate__fsd50k__train__51095__1331.wav,6.200000,3.000
train,animal_non_target,FSD50K,train,32046,32046.wav,"Bird_vocalization_and_bird_call_and_bird_song,Bird,Wild_animals,Animal",other__fsd50k__train__32046__hard3s.wav,75e0b017af71870fd0d481f853a373a9c9952a35750c849f668f06f23202dbfd,13,0.8070536851882935,thunderstorm,3,thunderstorm,0.5348930954933167,0.030253611505031586,0.06812150031328201,0.13584767282009125,0.14141249656677246,0.08947170525789261,0.5348930954933167,diversity,other_candidate__fsd50k__train__32046__1384.wav,1.160000,3.000
train,animal_non_target,FSD50K,train,233093,233093.wav,"Chicken_and_rooster,Fowl,Livestock_and_farm_animals_and_working_animals,Animal",other__fsd50k__train__233093__hard3s.wav,0c8bfafd3132d26109cc10eec72ba288cc74244e3e73be64c154069abe4f9428,1,0.5000193119049072,dog_bark,0,dog_bark,0.5000193119049072,0.5000193119049072,0.03497226536273956,0.07517261803150177,0.039012182503938675,0.25020840764045715,0.1006152555346489,diversity,other_candidate__fsd50k__train__233093__1388.wav,0.000000,3.000
train,animal_non_target,FSD50K,train,62213,62213.wav,"Meow,Cat,Domestic_animals_and_pets,Animal",other__fsd50k__train__62213__hard3s.wav,da9c4d3621eeb5d6bb7b391b0bd703ce86a5a2bcbfbb62e4c676bdbaa2b52b5f,1,0.7342305183410645,speech,0,speech,0.7342305183410645,0.15322689712047577,0.00772044388577342,0.008006964810192585,0.08247098326683044,0.7342305183410645,0.01434419397264719,diversity,other_candidate__fsd50k__train__62213__1227.wav,0.000000,3.000
train,animal_non_target,FSD50K,train,403063,403063.wav,"Bird,Wild_animals,Animal",other__fsd50k__train__403063__hard3s.wav,21097310f26997109585271a69a779cdcafcd99816d1bc6a8e18017e1c37ed90,5,0.6419758796691895,speech,3,speech,0.2703016698360443,0.07708503305912018,0.2690965235233307,0.07179848849773407,0.24836869537830353,0.2703016698360443,0.0633496344089508,diversity,other_candidate__fsd50k__train__403063__1209.wav,0.935193,3.000
train,animal_non_target,FSD50K,train,189545,189545.wav,"Bird,Wild_animals,Animal",other__fsd50k__train__189545__hard3s.wav,ca9b6f9061b77cb9a6c8533026d86dbe17c3058e777814256e91fd7e73f7f109,2,0.5620243549346924,speech,0,speech,0.40242189168930054,0.04302544519305229,0.15233339369297028,0.025875668972730637,0.3591919243335724,0.40242189168930054,0.017151670530438423,diversity,other_candidate__fsd50k__train__189545__1381.wav,0.000000,3.000
train,weather_ambient,FSD50K,train,377880,377880.wav,"Rain,Water",other__fsd50k__train__377880__hard3s.wav,12d76dff98d9bbcac40948c47c8dbba2389606e241deff777806ab1356b29101,13,0.9807400703430176,glass_breaking,9,glass_breaking,0.6075960397720337,0.017028341069817543,0.6075960397720337,0.059038203209638596,0.014592619612812996,0.11919915676116943,0.18254555761814117,hard_negative,other_candidate__fsd50k__train__377880__1650.wav,5.480000,3.000
train,weather_ambient,FSD50K,train,378714,378714.wav,"Waves_and_surf,Ocean,Water",other__fsd50k__train__378714__hard3s.wav,b480c5821260f8f63647227abaca681dc4873460e1caddcd7635ec19a8183571,13,0.7650184631347656,gunshot_gunfire,5,glass_breaking,0.3393886685371399,0.008474753238260746,0.3393886685371399,0.2756471037864685,0.060146015137434006,0.062993124127388,0.2533503770828247,hard_negative,other_candidate__fsd50k__train__378714__1525.wav,2.600000,3.000
train,weather_ambient,FSD50K,train,407021,407021.wav,Wind,other__fsd50k__train__407021__hard3s.wav,3f718429ca15d29c06d1ff1a7e718b9a907afb456afdd79f4529d4e127bafe59,8,0.990565299987793,siren,5,siren,0.7756064534187317,0.004726049955934286,0.0006733423797413707,0.016866622492671013,0.7756064534187317,0.026301849633455276,0.17582564055919647,hard_negative,other_candidate__fsd50k__train__407021__1511.wav,2.600000,3.000
train,weather_ambient,FSD50K,train,98781,98781.wav,"Toilet_flush,Gurgling,Domestic_sounds_and_home_sounds,Water",other__fsd50k__train__98781__hard3s.wav,e84a40171f93629ac905ba6ef3019147b7d5332631bfb43f1a2cf971dbb114ad,13,0.9867129325866699,speech,9,speech,0.5392923355102539,0.009920352138578892,0.05366538465023041,0.11716841161251068,0.016017043963074684,0.5392923355102539,0.26393648982048035,hard_negative,other_candidate__fsd50k__train__98781__1467.wav,5.480000,3.000
train,weather_ambient,FSD50K,train,208849,208849.wav,Wind,other__fsd50k__train__208849__hard3s.wav,3408bfa3e727da99585b64f3cf14e355d870f7428708c33d2faa7905e173bcda,8,0.9967589974403381,thunderstorm,6,thunderstorm,0.8718175888061523,0.00487736240029335,0.008131835609674454,0.04019634425640106,0.020987678319215775,0.05398917570710182,0.8718175888061523,hard_negative,other_candidate__fsd50k__train__208849__1557.wav,3.320000,3.000
train,weather_ambient,FSD50K,train,273870,273870.wav,"Raindrop,Drip,Rain,Water,Liquid",other__fsd50k__train__273870__hard3s.wav,ca1a03273ea3c37da316f982916dbd75486769d1dda6d686b2e299494f24d004,1,0.9624342918395996,glass_breaking,0,glass_breaking,0.9624342918395996,0.0012680207146331668,0.9624342918395996,0.0029316581785678864,0.0004097651981282979,0.004882819950580597,0.02807343564927578,hard_negative,other_candidate__fsd50k__train__273870__1589.wav,0.000000,3.000
train,weather_ambient,FSD50K,train,368919,368919.wav,"Ocean,Water",other__fsd50k__train__368919__hard3s.wav,cbd79e9daab27cc3f3f6060f87f026da0b4cec8189a83829b86333accabe0d66,13,0.7390734553337097,gunshot_gunfire,4,siren,0.3690146803855896,0.1412406712770462,0.06209489330649376,0.14812053740024567,0.3690146803855896,0.11795612424612045,0.16157303750514984,hard_negative,other_candidate__fsd50k__train__368919__1648.wav,1.880000,3.000
train,weather_ambient,FSD50K,train,407029,407029.wav,Wind,other__fsd50k__train__407029__hard3s.wav,acaa0100da54a4ffbe4a2d9e1ff95ea3158602428c896c75edcdb4725d451ee9,11,0.9881520867347717,siren,9,siren,0.8121961951255798,0.009916197508573532,0.0004833715211134404,0.013875419273972511,0.8121961951255798,0.04451034590601921,0.11901846528053284,hard_negative,other_candidate__fsd50k__train__407029__1538.wav,5.480000,3.000
train,weather_ambient,FSD50K,train,100643,100643.wav,Wind,other__fsd50k__train__100643__hard3s.wav,6e474958c9ae858d8696fb823b1b7162ed1820e4b5851d29821c2e90d4cbb07c,8,0.8756381273269653,speech,4,speech,0.46073058247566223,0.0439375638961792,0.09578928351402283,0.10777509957551956,0.10564594715833664,0.46073058247566223,0.18612149357795715,hard_negative,other_candidate__fsd50k__train__100643__1476.wav,1.880000,3.000
train,weather_ambient,ESC-50,fold_2,82367,2-82367-A-10.wav,rain,other__esc50__fold_2__82367__hard3s.wav,2cce637e5f60368db490c8ec980eb0cc7dbdd623c077bcd456a2fb60afdd4820,6,0.996260941028595,thunderstorm,3,thunderstorm,0.880519449710846,0.010583244264125824,0.0443434901535511,0.018481479957699776,0.01567176729440689,0.030400564894080162,0.880519449710846,hard_negative,other_candidate__esc50__fold_2__82367__1458.wav,1.160000,3.000
train,weather_ambient,FSD50K,train,347303,347303.wav,"Rain,Water",other__fsd50k__train__347303__hard3s.wav,a0e48d23054252d4b923bbe32b679fb561e9f6f7b175a991cf5771c6090a3fcd,13,0.9553273320198059,glass_breaking,6,glass_breaking,0.689275860786438,0.001159699517302215,0.689275860786438,0.23793374001979828,0.005183035973459482,0.04607544466853142,0.020372161641716957,hard_negative,other_candidate__fsd50k__train__347303__1519.wav,3.320000,3.000
train,weather_ambient,FSD50K,train,109719,109719.wav,"Rain,Water",other__fsd50k__train__109719__hard3s.wav,06898b2aba2b07257f9bfdd7a3ccf1d7fa97a44febb56ca7ff502d8fc83d2242,6,0.5470956563949585,gunshot_gunfire,1,gunshot_gunfire,0.422459214925766,0.00140060530975461,0.014806901104748249,0.422459214925766,0.15961520373821259,0.08337538689374924,0.3183426856994629,hard_negative,other_candidate__fsd50k__train__109719__1655.wav,0.000000,3.000
train,weather_ambient,FSD50K,train,188572,188572.wav,Wind,other__fsd50k__train__188572__hard3s.wav,35ebbeb06108e17e689f8c37551c028f3e4e5e4f62437133d9b8260bfa30b9ae,13,0.9847496747970581,siren,12,thunderstorm,0.6747264266014099,0.0237440075725317,0.005498288199305534,0.014362058602273464,0.24885496497154236,0.032814305275678635,0.6747264266014099,hard_negative,other_candidate__fsd50k__train__188572__1578.wav,7.640000,3.000
train,weather_ambient,FSD50K,train,263948,263948.wav,"Water,Liquid",other__fsd50k__train__263948__hard3s.wav,2885065165db4df7b39ad0547004337aea4b158f4ab9ea68ab6c5650a11e458c,5,0.8522400259971619,speech,3,speech,0.441944420337677,0.03163875266909599,0.36417290568351746,0.057310670614242554,0.02010597102344036,0.441944420337677,0.08482726663351059,hard_negative,other_candidate__fsd50k__train__263948__1593.wav,0.925351,3.000
train,weather_ambient,ESC-50,fold_2,87781,2-87781-A-10.wav,rain,other__esc50__fold_2__87781__hard3s.wav,81fe7ce5da401a69a542439a5c8277864468a0bf09bf1378b0accac15c033638,6,0.995944082736969,thunderstorm,1,thunderstorm,0.8756811618804932,0.0028990034479647875,0.024302488192915916,0.04072433337569237,0.04556429386138916,0.010828674770891666,0.8756811618804932,hard_negative,other_candidate__esc50__fold_2__87781__1554.wav,0.000000,3.000
train,weather_ambient,FSD50K,train,427602,427602.wav,"Rain,Water",other__fsd50k__train__427602__hard3s.wav,311d215a94085eb8291e0861112a605cd498e64a589ad52a475db66040d65f5a,13,0.9551193714141846,glass_breaking,12,glass_breaking,0.48542162775993347,0.014246806502342224,0.48542162775993347,0.11066455394029617,0.05485105514526367,0.05380072444677353,0.2810153067111969,hard_negative,other_candidate__fsd50k__train__427602__1520.wav,7.640000,3.000
train,weather_ambient,FSD50K,train,53685,53685.wav,"Water,Splash_and_splatter,Liquid",other__fsd50k__train__53685__hard3s.wav,b349ed20b436c5e04437ea6463507fa67d84614fc73beb3bdf5072564e17cdfb,1,0.4743608236312866,gunshot_gunfire,0,gunshot_gunfire,0.4743608236312866,0.007723691873252392,0.32949864864349365,0.4743608236312866,0.02666199393570423,0.0954521894454956,0.06630261987447739,hard_negative,other_candidate__fsd50k__train__53685__1543.wav,0.000000,3.000
train,weather_ambient,FSD50K,train,182920,182920.wav,Wind,other__fsd50k__train__182920__hard3s.wav,76360b0e79c37195e4ff8b490e5cd3e400655ec66aa1fa51d2c3f01b63ac27af,13,0.9773141741752625,siren,0,speech,0.29604580998420715,0.017718728631734848,0.09867104142904282,0.13722652196884155,0.2496950626373291,0.29604580998420715,0.20064280927181244,hard_negative,other_candidate__fsd50k__train__182920__1523.wav,0.000000,3.000
train,weather_ambient,FSD50K,train,153329,153329.wav,"Stream,Water",other__fsd50k__train__153329__hard3s.wav,ffb70431ada79d3d9c01fe48560972c01430eb51c4ee310a622251a5d8fdf94b,13,0.8186126351356506,speech,11,speech,0.4795472323894501,0.032729510217905045,0.046271808445453644,0.12462182343006134,0.18335868418216705,0.4795472323894501,0.13347090780735016,hard_negative,other_candidate__fsd50k__train__153329__1652.wav,6.920000,3.000
train,weather_ambient,FSD50K,train,34067,34067.wav,"Rain,Water",other__fsd50k__train__34067__hard3s.wav,4ea83d1c3ab45e9c150b525d3a68393d9b1299bb60fca6509504981b17e3d43a,12,0.9959399700164795,thunderstorm,3,thunderstorm,0.9807669520378113,0.0004555253544822335,0.004180969670414925,0.00428812624886632,0.006764913443475962,0.0035435024183243513,0.9807669520378113,hard_negative,other_candidate__fsd50k__train__34067__1560.wav,1.160000,3.000
train,weather_ambient,FSD50K,train,129298,129298.wav,"Drip,Rain,Water,Liquid",other__fsd50k__train__129298__hard3s.wav,ee4234d18a24e945201ceaaeb98a3833fecdfbaadae6e16e230d810a5c720bcd,13,0.9271669387817383,glass_breaking,4,glass_breaking,0.6460755467414856,0.02397206611931324,0.6460755467414856,0.01957220770418644,0.01034567877650261,0.21790601313114166,0.08212848007678986,hard_negative,other_candidate__fsd50k__train__129298__1607.wav,1.880000,3.000
train,weather_ambient,FSD50K,train,398712,398712.wav,"Water,Splash_and_splatter,Liquid",other__fsd50k__train__398712__hard3s.wav,f023f27b5d1a2abda29c1ea96c1cc565d9621fdcff325a15fb9cc4b39aace650,2,0.4345536530017853,gunshot_gunfire,0,gunshot_gunfire,0.3608735203742981,0.02595190890133381,0.13580645620822906,0.3608735203742981,0.03001408651471138,0.13821163773536682,0.3091423511505127,hard_negative,other_candidate__fsd50k__train__398712__1614.wav,0.000000,3.000
train,weather_ambient,ESC-50,fold_1,91359,1-91359-A-11.wav,sea_waves,other__esc50__fold_1__91359__hard3s.wav,dc68614d5082a595bce514b13304d91451cc6d570dddfb84a9283e5d77fc3148,6,0.9618263840675354,siren,3,siren,0.7842170596122742,0.0011568496702238917,0.029207266867160797,0.06096189096570015,0.7842170596122742,0.01947234384715557,0.10498466342687607,hard_negative,other_candidate__esc50__fold_1__91359__1579.wav,1.160000,3.000
train,weather_ambient,FSD50K,train,268658,268658.wav,Water,other__fsd50k__train__268658__hard3s.wav,94d7ebc12f7666031e3f16beb55afc213ab901139ef5abca3d4e303f84df83c9,10,0.8169007301330566,speech,7,speech,0.42651525139808655,0.034635160118341446,0.23677590489387512,0.10729923099279404,0.09610743820667267,0.42651525139808655,0.09866701066493988,hard_negative,other_candidate__fsd50k__train__268658__1495.wav,4.040000,3.000
train,weather_ambient,ESC-50,fold_1,137296,1-137296-A-16.wav,wind,other__esc50__fold_1__137296__hard3s.wav,73e2dd5e66dda29f76a54b53c3c8e33441d105fc35c1d231bfbd8f7a18442969,6,0.9951871633529663,thunderstorm,2,thunderstorm,0.9847440719604492,9.806517482502386e-05,9.806517482502386e-05,0.006451104301959276,0.005945349577814341,0.0026633506640791893,0.9847440719604492,hard_negative,other_candidate__esc50__fold_1__137296__1503.wav,0.440000,3.000
train,weather_ambient,FSD50K,train,179905,179905.wav,"Wind,Boat_and_Water_vehicle,Vehicle",other__fsd50k__train__179905__hard3s.wav,891474118e66098d1451456e2ed2037f641c884dbcac5a2b0a63c3e69944c89b,11,0.9055085182189941,glass_breaking,8,glass_breaking,0.3924970328807831,0.01625106669962406,0.3924970328807831,0.078117236495018,0.08460943400859833,0.11549942940473557,0.3130258321762085,hard_negative,other_candidate__fsd50k__train__179905__1664.wav,4.760000,3.000
train,weather_ambient,FSD50K,train,50785,50785.wav,"Water,Splash_and_splatter,Liquid",other__fsd50k__train__50785__hard3s.wav,56b0a1eb1e95cc0b3983a808f17adc347f8e07f856057159a37c8c44f0bb74b7,1,0.37971240282058716,gunshot_gunfire,0,gunshot_gunfire,0.37971240282058716,0.019842099398374557,0.21195635199546814,0.37971240282058716,0.03965267911553383,0.21195635199546814,0.1368800848722458,hard_negative,other_candidate__fsd50k__train__50785__1553.wav,0.000000,3.000
train,weather_ambient,FSD50K,train,407010,407010.wav,Wind,other__fsd50k__train__407010__hard3s.wav,9233c4f4569b874f3c3539bce53dd4c2e1749573c359a103ba1bfd5377c506a2,13,0.9481338858604431,siren,3,siren,0.45114535093307495,0.023693783208727837,0.012853275053203106,0.04876171797513962,0.45114535093307495,0.0593031644821167,0.40424269437789917,hard_negative,other_candidate__fsd50k__train__407010__1464.wav,1.160000,3.000
train,weather_ambient,FSD50K,train,337483,337483.wav,"Gurgling,Water",other__fsd50k__train__337483__hard3s.wav,daed5a87bbf53935727c8bc3ebe7e0c7dbf487bf7ab8c181d096fd8836bd5e8a,9,0.8066778779029846,speech,6,speech,0.7019603252410889,0.07591794431209564,0.0780179426074028,0.0657234713435173,0.03482048586010933,0.7019603252410889,0.04355975240468979,hard_negative,other_candidate__fsd50k__train__337483__1596.wav,3.320000,3.000
train,weather_ambient,FSD50K,train,240718,240718.wav,"Rain,Water",other__fsd50k__train__240718__hard3s.wav,6026730afa1d44ea6e76affadfa8120d2162fef09a59fea5a17341404d70b2eb,13,0.9946739673614502,thunderstorm,3,thunderstorm,0.7749929428100586,0.0118846595287323,0.08089113980531693,0.06861626356840134,0.031095633283257484,0.03251936659216881,0.7749929428100586,hard_negative,other_candidate__fsd50k__train__240718__1475.wav,1.160000,3.000
train,weather_ambient,FSD50K,train,420220,420220.wav,"Raindrop,Rain,Water",other__fsd50k__train__420220__hard3s.wav,53128281c2dac67a1c2441ad80f2b35b7b7a8c09232458d692f0abbfcbec65c4,3,0.9003220796585083,glass_breaking,2,glass_breaking,0.6252040266990662,0.012092121876776218,0.6252040266990662,0.1260443925857544,0.05259990692138672,0.10342002660036087,0.0806395635008812,hard_negative,other_candidate__fsd50k__train__420220__1571.wav,0.000000,3.000
train,weather_ambient,FSD50K,train,319637,319637.wav,"Fill_(with_liquid),Water,Liquid",other__fsd50k__train__319637__hard3s.wav,74b423004cfb50aef35f369ff0c546280d58a7c34fc719855d3349dc46de0a97,2,0.28593316674232483,gunshot_gunfire,1,gunshot_gunfire,0.26679956912994385,0.08823005855083466,0.06798078119754791,0.26679956912994385,0.17346490919589996,0.19350320100784302,0.21002145111560822,hard_negative,other_candidate__fsd50k__train__319637__1597.wav,0.000000,3.000
train,weather_ambient,FSD50K,train,204347,204347.wav,Wind,other__fsd50k__train__204347__hard3s.wav,052f2aa3ab853f538df14b2446d9b2cbe57693a1d86556969cf77b59defb2fb8,13,0.9381781220436096,siren,1,thunderstorm,0.6281226277351379,0.10004390776157379,0.04935965687036514,0.04572869837284088,0.1251806914806366,0.05156445875763893,0.6281226277351379,hard_negative,other_candidate__fsd50k__train__204347__1534.wav,0.000000,3.000
train,weather_ambient,FSD50K,train,60995,60995.wav,"Stream,Water",other__fsd50k__train__60995__hard3s.wav,5245532db4d72e25bf1695d00ac2efbfb057bb7573e774e267c89c2d657ed1ee,13,0.7901849150657654,speech,1,speech,0.540897786617279,0.03311211243271828,0.02930791862308979,0.15326543152332306,0.07283813506364822,0.540897786617279,0.17057856917381287,hard_negative,other_candidate__fsd50k__train__60995__1576.wav,0.000000,3.000
train,weather_ambient,FSD50K,train,118514,118514.wav,"Rain,Water",other__fsd50k__train__118514__hard3s.wav,9c9a094cef995ace742d83d0299c29b22334f5c02b05e31dca7be74d885e895a,13,0.9943974018096924,thunderstorm,11,thunderstorm,0.7993504405021667,0.04211360216140747,0.06219284236431122,0.025718240067362785,0.023452911525964737,0.047171931713819504,0.7993504405021667,hard_negative,other_candidate__fsd50k__train__118514__1618.wav,6.920000,3.000
train,weather_ambient,ESC-50,fold_1,67152,1-67152-A-17.wav,pouring_water,other__esc50__fold_1__67152__hard3s.wav,f36846074aa0a4ba6ce6041cef2e26c808ca8de5e3ca655525a0ff3fcd01d112,2,0.8932437896728516,glass_breaking,0,glass_breaking,0.7883800268173218,0.011857287958264351,0.7883800268173218,0.042349547147750854,0.02244834415614605,0.11917664110660553,0.015788132324814796,hard_negative,other_candidate__esc50__fold_1__67152__1656.wav,0.000000,3.000
train,weather_ambient,FSD50K,train,100035,100035.wav,Water,other__fsd50k__train__100035__hard3s.wav,79144331c55c6f612c16682301b05559558483d3463ea675500b951f0fc7f808,13,0.9362367391586304,siren,5,siren,0.583436131477356,0.049337632954120636,0.054317574948072433,0.05995199456810951,0.583436131477356,0.09836118668317795,0.1545955091714859,hard_negative,other_candidate__fsd50k__train__100035__1635.wav,2.600000,3.000
train,weather_ambient,FSD50K,train,317654,317654.wav,"Gurgling,Liquid,Water",other__fsd50k__train__317654__hard3s.wav,21bd540413b809bb6074b53485a1ece5becc781261b1a1f661d67801f96cb5fd,1,0.7428992986679077,speech,0,speech,0.7428992986679077,0.02417302317917347,0.15503601729869843,0.03480055555701256,0.013010595925152302,0.7428992986679077,0.030080433934926987,hard_negative,other_candidate__fsd50k__train__317654__1477.wav,0.000000,3.000
train,weather_ambient,FSD50K,train,256862,256862.wav,Wind,other__fsd50k__train__256862__hard3s.wav,3b4515cfa06a5e0ef6fac76ceeadd6afa2bc02e0c354a9ccd12705848b0485ec,13,0.9923772811889648,thunderstorm,11,thunderstorm,0.610275149345398,0.0031865104101598263,0.012694516219198704,0.09315750002861023,0.18587380647659302,0.09481256455183029,0.610275149345398,hard_negative,other_candidate__fsd50k__train__256862__1544.wav,6.920000,3.000
train,weather_ambient,FSD50K,train,50845,50845.wav,"Drip,Water,Liquid",other__fsd50k__train__50845__hard3s.wav,263e89a2b93dea262a63950c3ef4984780ebed75e6510928359c7b0c9cb02080,12,0.8878984451293945,glass_breaking,11,glass_breaking,0.45009681582450867,0.017764423042535782,0.45009681582450867,0.07617584615945816,0.060802239924669266,0.35086333751678467,0.044297341257333755,hard_negative,other_candidate__fsd50k__train__50845__1628.wav,6.381043,3.000
train,weather_ambient,FSD50K,train,276923,276923.wav,"Ocean,Water",other__fsd50k__train__276923__hard3s.wav,295cc4156226e4b4c603481e112f7b890adbcdeae9c8d155eafe0872dff48379,13,0.9259057641029358,siren,2,siren,0.6985077261924744,0.005269932094961405,0.008378792554140091,0.045938607305288315,0.6985077261924744,0.03187722712755203,0.21002767980098724,hard_negative,other_candidate__fsd50k__train__276923__1443.wav,0.440000,3.000
train,weather_ambient,FSD50K,train,51414,51414.wav,"Bathtub_(filling_or_washing),Gurgling,Domestic_sounds_and_home_sounds,Water",other__fsd50k__train__51414__hard3s.wav,6cd45ee3a46301d65287a004fddd1ee1d66f3c75d9081dddcfe94ca5c8b4c9b3,8,0.7381010055541992,speech,0,speech,0.45680323243141174,0.06253696233034134,0.09896202385425568,0.0963139683008194,0.11330511420965195,0.45680323243141174,0.1720786988735199,hard_negative,other_candidate__fsd50k__train__51414__1510.wav,0.000000,3.000
train,weather_ambient,FSD50K,train,60127,60127.wav,"Rain,Water",other__fsd50k__train__60127__hard3s.wav,e2e23b3693f5176687a33e34881ba658f5553a4160ed4087ec78d1a76cfc390f,13,0.991844117641449,thunderstorm,6,thunderstorm,0.9176177382469177,0.0030343991238623857,0.018341513350605965,0.0308372899889946,0.013372584246098995,0.016796516254544258,0.9176177382469177,hard_negative,other_candidate__fsd50k__train__60127__1531.wav,3.320000,3.000
train,weather_ambient,FSD50K,train,254130,254130.wav,"Ocean,Water",other__fsd50k__train__254130__hard3s.wav,117cec95815dd173d5e3aa4ad04e8f3c497381ec4de4b823ef1ab1de1619d971,13,0.8876743912696838,glass_breaking,4,glass_breaking,0.3709435760974884,0.054905813187360764,0.3709435760974884,0.12718969583511353,0.07805982232093811,0.2323795109987259,0.13652156293392181,hard_negative,other_candidate__fsd50k__train__254130__1530.wav,1.880000,3.000
train,weather_ambient,FSD50K,train,386033,386033.wav,Wind,other__fsd50k__train__386033__hard3s.wav,964a96dbf85a5b4c0d3ef41911e41db070fad96e46bd4b82ae9f56b87a32b859,11,0.8725006580352783,siren,3,siren,0.5426622033119202,0.00929526798427105,0.007864183746278286,0.06525435298681259,0.5426622033119202,0.06782606244087219,0.3070979118347168,hard_negative,other_candidate__fsd50k__train__386033__1651.wav,1.160000,3.000
train,weather_ambient,FSD50K,train,59053,59053.wav,"Rain,Water",other__fsd50k__train__59053__hard3s.wav,d431ba74b7564935d741f55e99895592f0773a60bc1cd0df10a2f81a14c60ab7,13,0.9898508787155151,thunderstorm,10,thunderstorm,0.7853397727012634,0.04466608911752701,0.034919049590826035,0.04720570147037506,0.04067734256386757,0.04719202220439911,0.7853397727012634,diversity,other_candidate__fsd50k__train__59053__1673.wav,6.200000,3.000
train,weather_ambient,FSD50K,train,46269,46269.wav,"Raindrop,Drip,Rain,Water,Liquid",other__fsd50k__train__46269__hard3s.wav,6dfd23c648ace454d8a98516404061bfb18f8b6b7d9856797b36b459de9f685a,1,0.7559510469436646,glass_breaking,0,glass_breaking,0.7559510469436646,0.011443495750427246,0.7559510469436646,0.10566120594739914,0.018377674743533134,0.04739735648036003,0.06116918846964836,diversity,other_candidate__fsd50k__train__46269__1666.wav,0.000000,3.000
train,weather_ambient,FSD50K,train,271897,271897.wav,"Stream,Water",other__fsd50k__train__271897__hard3s.wav,7b357cb4012c283ed595a0bd930547f91a037ffeea0d7f7e46fddb089b7d4eb9,13,0.8967230916023254,thunderstorm,1,thunderstorm,0.7860556244850159,0.005911464802920818,0.0028225111309438944,0.08499971032142639,0.0065350765362381935,0.11367551982402802,0.7860556244850159,diversity,other_candidate__fsd50k__train__271897__1504.wav,0.000000,3.000
train,weather_ambient,FSD50K,train,157963,157963.wav,"Stream,Water",other__fsd50k__train__157963__hard3s.wav,0c1a953ca02cabde7f1fc52df5528a228c1c859c64b4d4c9c3c1e54b578133e3,13,0.9084649085998535,thunderstorm,8,thunderstorm,0.5813023447990417,0.039898112416267395,0.034519873559474945,0.13798703253269196,0.051359500735998154,0.1549331247806549,0.5813023447990417,diversity,other_candidate__fsd50k__train__157963__1590.wav,4.760000,3.000
train,weather_ambient,FSD50K,train,179907,179907.wav,Wind,other__fsd50k__train__179907__hard3s.wav,f6091c4fd0d653c0fb007e24517cdc6dc39a1958df5d22b80cf692b755062c41,7,0.4674735963344574,thunderstorm,2,siren,0.3344319462776184,0.012122632935643196,0.11446594446897507,0.09865125268697739,0.3344319462776184,0.11157306283712387,0.32875508069992065,diversity,other_candidate__fsd50k__train__179907__1457.wav,0.440000,3.000
train,weather_ambient,FSD50K,train,319220,319220.wav,"Stream,Water",other__fsd50k__train__319220__hard3s.wav,3b9931c94d3be33609dd31e640224c2ffa4bc0231793d6ff93e7772fb4ad7c20,13,0.9733868837356567,thunderstorm,12,thunderstorm,0.7421098351478577,0.005979609675705433,0.005825747735798359,0.030721254646778107,0.17165128886699677,0.04371221736073494,0.7421098351478577,diversity,other_candidate__fsd50k__train__319220__1497.wav,7.640000,3.000
train,weather_ambient,FSD50K,train,53763,53763.wav,"Water,Splash_and_splatter,Liquid",other__fsd50k__train__53763__hard3s.wav,11355bb79f07e109f531690aa8fcfef0a39f3f78f1d709bb23a0af77ea37ef87,2,0.4219359755516052,glass_breaking,1,gunshot_gunfire,0.3856249451637268,0.010779845528304577,0.259808212518692,0.3856249451637268,0.05089455842971802,0.16446441411972046,0.12842801213264465,diversity,other_candidate__fsd50k__train__53763__1447.wav,0.000000,3.000
train,weather_ambient,FSD50K,train,171668,171668.wav,"Stream,Water",other__fsd50k__train__171668__hard3s.wav,432c7c7e0664f6ab3b777d2f5f21062c726605e3977d38063122539e590f8ea3,4,0.9312458634376526,thunderstorm,2,thunderstorm,0.7372055053710938,0.00912320427596569,0.09951281547546387,0.04429730400443077,0.0700957328081131,0.039765384048223495,0.7372055053710938,diversity,other_candidate__fsd50k__train__171668__1513.wav,0.395578,3.000
train,weather_ambient,FSD50K,train,98788,98788.wav,"Toilet_flush,Gurgling,Domestic_sounds_and_home_sounds,Water",other__fsd50k__train__98788__hard3s.wav,a9242d5dece71d7778eba5a3e12b7b67e5c183e8747c92e695606349fd1caa7d,12,0.6261418461799622,glass_breaking,4,speech,0.3510932922363281,0.06464656442403793,0.2535848915576935,0.09388419985771179,0.05687718465924263,0.3510932922363281,0.17991386353969574,diversity,other_candidate__fsd50k__train__98788__1489.wav,1.880000,3.000
train,weather_ambient,FSD50K,train,349441,349441.wav,Water,other__fsd50k__train__349441__hard3s.wav,84821134b67e6f1adfbd576b8807222ba1fdc830b011a39b037bbeb69eeba490,13,0.8811037540435791,thunderstorm,7,thunderstorm,0.6083961725234985,0.0018125250935554504,0.004785825498402119,0.017402492463588715,0.3112561106681824,0.056346792727708817,0.6083961725234985,diversity,other_candidate__fsd50k__train__349441__1536.wav,4.040000,3.000
train,weather_ambient,FSD50K,train,274877,274877.wav,"Rain,Water",other__fsd50k__train__274877__hard3s.wav,ec3dc117965056740d193e2d3e0116a52624bbacc1c95cce3cab8359197afe66,13,0.9690687656402588,thunderstorm,2,thunderstorm,0.8472391963005066,0.0036463788710534573,0.015411516651511192,0.022692950442433357,0.09150677174329758,0.01950313337147236,0.8472391963005066,diversity,other_candidate__fsd50k__train__274877__1549.wav,0.440000,3.000
train,weather_ambient,FSD50K,train,274005,274005.wav,"Raindrop,Drip,Rain,Water,Liquid",other__fsd50k__train__274005__hard3s.wav,c76cf79f818bdcf938ea6d5bfec065c96d457c488cefaab6b6fe08e94055c7e1,1,0.2732921242713928,thunderstorm,0,thunderstorm,0.2732921242713928,0.07360517233610153,0.10989782214164734,0.14709343016147614,0.21962107717990875,0.17649030685424805,0.2732921242713928,diversity,other_candidate__fsd50k__train__274005__1582.wav,0.000000,3.000
train,weather_ambient,FSD50K,train,134956,134956.wav,"Rain,Water",other__fsd50k__train__134956__hard3s.wav,53a8f713719a1549f79735b7809f58a30260aa2867239c52276cc231975838d8,13,0.6945298314094543,thunderstorm,2,thunderstorm,0.5860310196876526,0.025047192350029945,0.16019296646118164,0.09738890826702118,0.10325372219085693,0.028086211532354355,0.5860310196876526,diversity,other_candidate__fsd50k__train__134956__1623.wav,0.440000,3.000
train,weather_ambient,ESC-50,fold_1,51436,1-51436-A-17.wav,pouring_water,other__esc50__fold_1__51436__hard3s.wav,39f57dcdf3c76e30f7ffce0e1a3c91b4afbc081d6e86b0503fb03207119c64e2,6,0.5064656734466553,glass_breaking,0,glass_breaking,0.41159573197364807,0.0179306473582983,0.41159573197364807,0.06256367266178131,0.024830473586916924,0.36180830001831055,0.12127112597227097,diversity,other_candidate__esc50__fold_1__51436__1672.wav,0.000000,3.000
train,weather_ambient,FSD50K,train,378707,378707.wav,"Waves_and_surf,Ocean,Water",other__fsd50k__train__378707__hard3s.wav,00a4212b17e9c7e976d85b853b589e6b5149f1bf538328d86a95b0093a344f69,13,0.9792801737785339,thunderstorm,2,thunderstorm,0.8833858966827393,0.003032342065125704,0.020020339637994766,0.02761199325323105,0.054639723151922226,0.011309691704809666,0.8833858966827393,diversity,other_candidate__fsd50k__train__378707__1455.wav,0.440000,3.000
train,weather_ambient,FSD50K,train,203232,203232.wav,"Rain,Water",other__fsd50k__train__203232__hard3s.wav,bb78336b4ad6bd6cbd7897ed3cc5c8e0dfa6c5960ea6d025040d8fd1b183e212,13,0.9246150851249695,thunderstorm,8,thunderstorm,0.7852189540863037,0.003037077374756336,0.012128393165767193,0.0667773112654686,0.10280019789934158,0.03003799542784691,0.7852189540863037,diversity,other_candidate__fsd50k__train__203232__1665.wav,4.760000,3.000
train,weather_ambient,FSD50K,train,404317,404317.wav,"Rain,Water",other__fsd50k__train__404317__hard3s.wav,7a1d8a11469f0ce7f6b61444f62e714e74010753b47f17ca9d5a39b27b310c91,13,0.9571784138679504,thunderstorm,2,thunderstorm,0.7423492074012756,0.0005417440552264452,0.003893966553732753,0.08521007746458054,0.13134078681468964,0.03666428104043007,0.7423492074012756,diversity,other_candidate__fsd50k__train__404317__1490.wav,0.440000,3.000
train,weather_ambient,FSD50K,train,127669,127669.wav,"Ocean,Water",other__fsd50k__train__127669__hard3s.wav,1d48e29f53a38a6bf4c057d1ec12fe05f328164645490689c41ec5107b779980,13,0.9740210175514221,thunderstorm,0,thunderstorm,0.9262112975120544,0.002133116591721773,0.0008992221555672586,0.014285823330283165,0.035355810075998306,0.021114783361554146,0.9262112975120544,diversity,other_candidate__fsd50k__train__127669__1537.wav,0.000000,3.000
train,weather_ambient,FSD50K,train,182923,182923.wav,Wind,other__fsd50k__train__182923__hard3s.wav,7cead651b62b2607b168fdd90930c17731da815150c4205427262d7f9699157c,5,0.741931676864624,thunderstorm,0,thunderstorm,0.4106684625148773,0.005228565540164709,0.20691075921058655,0.22805175185203552,0.12011300027370453,0.02902751788496971,0.4106684625148773,diversity,other_candidate__fsd50k__train__182923__1465.wav,0.000000,3.000
train,weather_ambient,FSD50K,train,71190,71190.wav,Wind,other__fsd50k__train__71190__hard3s.wav,3b4a252021b4861c7f24984de536d17c9d07c34c82a0cce1230d49bfdad5bd6b,13,0.49026477336883545,speech,1,speech,0.36059826612472534,0.005047577433288097,0.29169657826423645,0.19034501910209656,0.007112783379852772,0.36059826612472534,0.1451997458934784,diversity,other_candidate__fsd50k__train__71190__1616.wav,0.000000,3.000
train,weather_ambient,FSD50K,train,398741,398741.wav,"Rain,Water",other__fsd50k__train__398741__hard3s.wav,53a870707b11419bc542780206ebbd9617f98134be178db601d42a086b8f8390,13,0.8911514282226562,thunderstorm,6,thunderstorm,0.7347129583358765,0.024373624473810196,0.060794711112976074,0.04551124572753906,0.08091403543949127,0.05369343236088753,0.7347129583358765,diversity,other_candidate__fsd50k__train__398741__1566.wav,3.320000,3.000
train,weather_ambient,FSD50K,train,208862,208862.wav,Wind,other__fsd50k__train__208862__hard3s.wav,aa70b1cc363058f28a264855c730674e3f332591aa4529b65e76f2b3a1263a7a,5,0.8497530817985535,thunderstorm,2,thunderstorm,0.6847871541976929,0.05390962213277817,0.06453055143356323,0.05386580154299736,0.04045338183641434,0.1024535521864891,0.6847871541976929,diversity,other_candidate__fsd50k__train__208862__1556.wav,0.440000,3.000
train,weather_ambient,FSD50K,train,274000,274000.wav,"Raindrop,Drip,Water_tap_and_faucet,Rain,Water,Liquid,Domestic_sounds_and_home_sounds",other__fsd50k__train__274000__hard3s.wav,66ad3f82c32cff173196712f4608b89ec895ff05240e26459ae7125344614d7a,1,0.33080101013183594,glass_breaking,0,glass_breaking,0.33080101013183594,0.012915028259158134,0.33080101013183594,0.057536281645298004,0.015496119856834412,0.3075500428676605,0.2757015526294708,diversity,other_candidate__fsd50k__train__274000__1453.wav,0.000000,3.000
train,weather_ambient,FSD50K,train,398344,398344.wav,"Drip,Trickle_and_dribble,Water,Splash_and_splatter,Liquid,Pour",other__fsd50k__train__398344__hard3s.wav,6cb283e7315eddeb5239756ff8e0187b202f807d16622a5ffe6c709047f9ad36,13,0.9300479888916016,thunderstorm,0,thunderstorm,0.7077967524528503,0.04610456898808479,0.060075242072343826,0.06484274566173553,0.01592962071299553,0.10525108128786087,0.7077967524528503,diversity,other_candidate__fsd50k__train__398344__1588.wav,0.000000,3.000
train,weather_ambient,FSD50K,train,337482,337482.wav,"Gurgling,Water",other__fsd50k__train__337482__hard3s.wav,fd74ff6e99f30c52d5f935212484e54efdbb770b421e0630098603ee88cd303a,3,0.5837251543998718,thunderstorm,0,thunderstorm,0.28284433484077454,0.029714813455939293,0.25503119826316833,0.14480817317962646,0.021627599373459816,0.26597389578819275,0.28284433484077454,diversity,other_candidate__fsd50k__train__337482__1473.wav,0.000000,3.000
train,domestic_mechanical,FSD50K,train,218300,218300.wav,"Mechanisms,Bicycle,Vehicle",other__fsd50k__train__218300__hard3s.wav,5e20f4cf8168d3a623a8a032404af44b306b2299a9bcdbc6ea06f20eb4d8cdec,13,0.9805657863616943,glass_breaking,12,glass_breaking,0.8368109464645386,0.008092082105576992,0.8368109464645386,0.03487164527177811,0.04963412508368492,0.06391146779060364,0.006679774262011051,hard_negative,other_candidate__fsd50k__train__218300__1890.wav,7.640000,3.000
train,domestic_mechanical,FSD50K,train,21827,21827.wav,"Skateboard,Vehicle",other__fsd50k__train__21827__hard3s.wav,bfe28cfe414401c7547747ccfae7d8ca62e65e60312b256590cf80553f022b66,1,0.9773530960083008,gunshot_gunfire,0,gunshot_gunfire,0.9773530960083008,9.006245090859011e-05,0.009909139014780521,0.9773530960083008,0.00020077287626918405,0.00011623113095993176,0.012330734170973301,hard_negative,other_candidate__fsd50k__train__21827__1885.wav,0.000000,3.000
train,domestic_mechanical,FSD50K,train,98685,98685.wav,"Train,Rail_transport,Vehicle",other__fsd50k__train__98685__hard3s.wav,50f17ba1a4981e8c7b54e9ced705ff7fa002ea05aec8dd8b5e03f5dd9670c462,13,0.9981815814971924,siren,1,siren,0.388853520154953,0.0136697543784976,0.07614351809024811,0.0735788345336914,0.388853520154953,0.2855023443698883,0.1622520238161087,hard_negative,other_candidate__fsd50k__train__98685__1859.wav,0.000000,3.000
train,domestic_mechanical,FSD50K,train,423448,423448.wav,"Engine,Mechanisms",other__fsd50k__train__423448__hard3s.wav,4e18ff8747a5b1946e86eb68ed8021d3af0fcfd92e1f845a7dca4d466ffc3192,13,0.9577512741088867,speech,2,speech,0.5305067300796509,0.008606314659118652,0.05433790013194084,0.0728563517332077,0.13322806358337402,0.5305067300796509,0.2004646509885788,hard_negative,other_candidate__fsd50k__train__423448__1736.wav,0.440000,3.000
train,domestic_mechanical,FSD50K,train,16691,16691.wav,"Motor_vehicle_(road),Vehicle",other__fsd50k__train__16691__hard3s.wav,59a67f870a1c70266590b6fdc7a8521ae54dc473e56975230e9e21269666fb85,13,0.9929331541061401,thunderstorm,10,thunderstorm,0.679775595664978,0.013911578804254532,0.043008215725421906,0.03936926648020744,0.13487564027309418,0.08905967324972153,0.679775595664978,hard_negative,other_candidate__fsd50k__train__16691__1806.wav,6.200000,3.000
train,domestic_mechanical,FSD50K,train,322128,322128.wav,"Sliding_door,Door,Domestic_sounds_and_home_sounds",other__fsd50k__train__322128__hard3s.wav,1501f691bb7639c8ccab00f618a454bf474d24a9607608af222e482e90ccace3,8,0.9722503423690796,glass_breaking,6,glass_breaking,0.531058132648468,0.01926283724606037,0.531058132648468,0.11310609430074692,0.08625660836696625,0.1912284791469574,0.05908782407641411,hard_negative,other_candidate__fsd50k__train__322128__1682.wav,3.320000,3.000
train,domestic_mechanical,FSD50K,train,277302,277302.wav,"Typewriter,Typing,Domestic_sounds_and_home_sounds",other__fsd50k__train__277302__hard3s.wav,e63c3ad297975778a0d7d0d38a925f91dc8c92ee92a98cc759e0ff0b7551957f,6,0.9702152609825134,gunshot_gunfire,1,gunshot_gunfire,0.9145300984382629,0.00015967358194757253,0.041471075266599655,0.9145300984382629,0.0017926612636074424,0.03911883756518364,0.002927663503214717,hard_negative,other_candidate__fsd50k__train__277302__1808.wav,0.000000,3.000
train,domestic_mechanical,FSD50K,train,363862,363862.wav,"Car,Motor_vehicle_(road),Vehicle",other__fsd50k__train__363862__hard3s.wav,458a598ddee9008d901f1fc43086a690424d0f2cdd48c330b82691c91289cc69,1,0.9963313937187195,siren,0,siren,0.9963313937187195,9.181128552882001e-05,0.0003169300907757133,0.0003408904012758285,0.9963313937187195,0.002186332829296589,0.0007327415514737368,hard_negative,other_candidate__fsd50k__train__363862__1888.wav,0.000000,3.000
train,domestic_mechanical,FSD50K,train,76119,76119.wav,"Race_car_and_auto_racing,Car,Motor_vehicle_(road),Vehicle",other__fsd50k__train__76119__hard3s.wav,0afb15a627605897fce7a2fee2c24fdd4adb2af548f1f4a85451b8a92e1236ca,13,0.9463825225830078,speech,2,siren,0.4092161953449249,0.017770634964108467,0.029795430600643158,0.06237121671438217,0.4092161953449249,0.3937719464302063,0.0870746374130249,hard_negative,other_candidate__fsd50k__train__76119__1700.wav,0.440000,3.000
train,domestic_mechanical,FSD50K,train,263960,263960.wav,"Fixed-wing_aircraft_and_airplane,Aircraft,Vehicle",other__fsd50k__train__263960__hard3s.wav,c10f635195c0112e252fe8483467e4de59136e5c701ab91d94f53bb2a7802853,13,0.9638617038726807,thunderstorm,8,thunderstorm,0.5332924723625183,0.00794022437185049,0.015058274380862713,0.15790463984012604,0.2517715096473694,0.03403284028172493,0.5332924723625183,hard_negative,other_candidate__fsd50k__train__263960__1710.wav,4.760000,3.000
train,domestic_mechanical,FSD50K,train,388314,388314.wav,"Clock,Mechanisms",other__fsd50k__train__388314__hard3s.wav,35c81211cd1192004165b9d07f0d012492a249504e49236aedf1dd937cce0c95,13,0.9450249075889587,glass_breaking,0,glass_breaking,0.47356027364730835,0.017115429043769836,0.47356027364730835,0.18676148355007172,0.155153289437294,0.057778194546699524,0.10963129252195358,hard_negative,other_candidate__fsd50k__train__388314__1882.wav,0.000000,3.000
train,domestic_mechanical,FSD50K,train,423648,423648.wav,"Computer_keyboard,Typing,Domestic_sounds_and_home_sounds",other__fsd50k__train__423648__hard3s.wav,a44a9003dbdcddce0d208a11314c547b39aa7eab521c51162a6fb79314e02dc3,3,0.9653879404067993,gunshot_gunfire,1,gunshot_gunfire,0.9142017364501953,0.0002988112100865692,0.004816368222236633,0.9142017364501953,0.0017083855345845222,0.014568139798939228,0.06440651416778564,hard_negative,other_candidate__fsd50k__train__423648__1915.wav,0.000000,3.000
train,domestic_mechanical,FSD50K,train,180672,180672.wav,"Motorcycle,Motor_vehicle_(road),Vehicle",other__fsd50k__train__180672__hard3s.wav,b72166a76f25631bb7ca5b1e7969729913c491fa17d69ba4b980defd5e42ab12,6,0.993446409702301,siren,3,siren,0.6633367538452148,0.13090026378631592,0.006679171696305275,0.04014628008008003,0.6633367538452148,0.1266811341047287,0.0322563536465168,hard_negative,other_candidate__fsd50k__train__180672__1834.wav,1.160000,3.000
train,domestic_mechanical,FSD50K,train,170022,170022.wav,"Mechanical_fan,Mechanisms",other__fsd50k__train__170022__hard3s.wav,ea017a382e01c89963ed670ead6348d24a58e55b996946a4efa3cb459c01825d,13,0.7812145948410034,speech,11,speech,0.3566591143608093,0.05058767646551132,0.16831932961940765,0.16735896468162537,0.03933405503630638,0.3566591143608093,0.21774087846279144,hard_negative,other_candidate__fsd50k__train__170022__1723.wav,6.920000,3.000
train,domestic_mechanical,FSD50K,train,113666,113666.wav,"Fixed-wing_aircraft_and_airplane,Aircraft,Vehicle",other__fsd50k__train__113666__hard3s.wav,1a037aa2de993a0dd1f1e558022980e943ad553902616bcaf61a004e454c4ec6,6,0.9611825346946716,thunderstorm,0,thunderstorm,0.6198268532752991,0.002879234729334712,0.013552497141063213,0.13760192692279816,0.12003312259912491,0.10610634833574295,0.6198268532752991,hard_negative,other_candidate__fsd50k__train__113666__1846.wav,0.000000,3.000
train,domestic_mechanical,FSD50K,train,131379,131379.wav,"Bicycle,Vehicle",other__fsd50k__train__131379__hard3s.wav,00404b429c906f9a56345e5ac38d1bde2285b60f046818fb61e7cbf899234995,13,0.9433448314666748,glass_breaking,2,glass_breaking,0.8673807978630066,0.003278065472841263,0.8673807978630066,0.026368439197540283,0.029619824141263962,0.07145288586616516,0.0019000201718881726,hard_negative,other_candidate__fsd50k__train__131379__1830.wav,0.440000,3.000
train,domestic_mechanical,FSD50K,train,321073,321073.wav,"Motorcycle,Motor_vehicle_(road),Vehicle",other__fsd50k__train__321073__hard3s.wav,bef9f522c80c687a4e48864b635cf3931ad10e424ca67b4680e72cdedfbb66af,7,0.9607833623886108,gunshot_gunfire,5,gunshot_gunfire,0.7071353793144226,0.0029729546513408422,0.22624483704566956,0.7071353793144226,0.007924569770693779,0.048838891088962555,0.006883338559418917,hard_negative,other_candidate__fsd50k__train__321073__1865.wav,2.600000,3.000
train,domestic_mechanical,FSD50K,train,406164,406164.wav,"Motor_vehicle_(road),Vehicle",other__fsd50k__train__406164__hard3s.wav,e942998969fa423dc70febf9e6595735ce29c17dce80ba6a177609e223ac6feb,4,0.9933337569236755,siren,0,siren,0.9074230194091797,0.0007193326018750668,0.0033406876027584076,0.01022240612655878,0.9074230194091797,0.04106459766626358,0.0372299924492836,hard_negative,other_candidate__fsd50k__train__406164__1728.wav,0.000000,3.000
train,domestic_mechanical,FSD50K,train,366201,366201.wav,Engine,other__fsd50k__train__366201__hard3s.wav,51884b24a0097d95f79db5f8b69c48d19929517e9290067fa826d279d555cc4b,2,0.7779873609542847,speech,0,speech,0.5295082330703735,0.08591160178184509,0.06759461015462875,0.046624090522527695,0.06665255129337311,0.5295082330703735,0.20370890200138092,hard_negative,other_candidate__fsd50k__train__366201__1797.wav,0.000000,3.000
train,domestic_mechanical,FSD50K,train,377286,377286.wav,Vehicle,other__fsd50k__train__377286__hard3s.wav,5b4cc490d5cc4b1d84b754c4ef559ef11bf26b14a2a0b1947012f7da0741ebce,7,0.9465218782424927,thunderstorm,4,thunderstorm,0.8532162308692932,0.007640776224434376,0.013334071263670921,0.041489869356155396,0.06076749414205551,0.023551492020487785,0.8532162308692932,hard_negative,other_candidate__fsd50k__train__377286__1753.wav,1.880000,3.000
train,domestic_mechanical,FSD50K,train,130388,130388.wav,"Clock,Mechanisms",other__fsd50k__train__130388__hard3s.wav,ce7a2b71af67baac1a84a1bc82f44751e4d9cbec3951dad105059cab4b972058,7,0.9415029883384705,glass_breaking,0,glass_breaking,0.8001836538314819,0.0042447675950825214,0.8001836538314819,0.057706136256456375,0.052178941667079926,0.04632409289479256,0.039362482726573944,hard_negative,other_candidate__fsd50k__train__130388__1767.wav,0.000000,3.000
train,domestic_mechanical,FSD50K,train,379915,379915.wav,"Idling,Engine_starting,Motorcycle,Accelerating_and_revving_and_vroom,Engine,Motor_vehicle_(road),Vehicle",other__fsd50k__train__379915__hard3s.wav,daa8810a5e4a77976a0e84b8cb0ca09930fb301f6e82964dbbb33554221375c2,13,0.9599814414978027,gunshot_gunfire,6,gunshot_gunfire,0.5248461365699768,0.0017706257058307528,0.1133250892162323,0.5248461365699768,0.07575327903032303,0.08944161236286163,0.1948631852865219,hard_negative,other_candidate__fsd50k__train__379915__1877.wav,3.320000,3.000
train,domestic_mechanical,FSD50K,train,77910,77910.wav,"Race_car_and_auto_racing,Car,Motor_vehicle_(road),Vehicle",other__fsd50k__train__77910__hard3s.wav,876440b9176c7ab2dd701fdc4baf966a67d9cae87d2cdce1522783f571003244,13,0.9930822849273682,siren,2,siren,0.38973096013069153,0.029064344242215157,0.02343013696372509,0.05279338359832764,0.38973096013069153,0.13556049764156342,0.36942070722579956,hard_negative,other_candidate__fsd50k__train__77910__1724.wav,0.440000,3.000
train,domestic_mechanical,ESC-50,fold_1,9886,1-9886-A-49.wav,hand_saw,other__esc50__fold_1__9886__hard3s.wav,a58f08da432f03b8516219c3999628ddd92c77afba1af7df02afe1138cb8a779,6,0.7131342887878418,speech,4,speech,0.37127915024757385,0.19065028429031372,0.30654993653297424,0.05640670284628868,0.05512769892811775,0.37127915024757385,0.019986214116215706,hard_negative,other_candidate__esc50__fold_1__9886__1739.wav,1.880000,3.000
train,domestic_mechanical,FSD50K,train,413904,413904.wav,"Accelerating_and_revving_and_vroom,Engine",other__fsd50k__train__413904__hard3s.wav,78918108dd85f863e252a963ef0f58612828c43e0ce9348ebb8534bae1d74d58,13,0.945081353187561,thunderstorm,6,thunderstorm,0.4591614603996277,0.014915992505848408,0.015266437083482742,0.060727559030056,0.23928683996200562,0.21064163744449615,0.4591614603996277,hard_negative,other_candidate__fsd50k__train__413904__1833.wav,3.320000,3.000
train,domestic_mechanical,FSD50K,train,120787,120787.wav,"Clock,Mechanisms",other__fsd50k__train__120787__hard3s.wav,28b97c6c05491900c55ae60822471ddc054ec6d8ff25f8b0cc1511f7e6b96e3a,10,0.9365823268890381,glass_breaking,3,glass_breaking,0.7635814547538757,0.004252142738550901,0.7635814547538757,0.020550033077597618,0.035686515271663666,0.07597978413105011,0.09995006769895554,hard_negative,other_candidate__fsd50k__train__120787__1872.wav,1.160000,3.000
train,domestic_mechanical,FSD50K,train,233463,233463.wav,"Car_passing_by,Car,Motor_vehicle_(road),Vehicle",other__fsd50k__train__233463__hard3s.wav,863c53260d17a55bd41284bf92a614688e8313b6f49966fbdd5613f59357b0f1,13,0.9589934349060059,gunshot_gunfire,12,siren,0.5249415040016174,0.005260618403553963,0.05267338082194328,0.1664484441280365,0.5249415040016174,0.025419097393751144,0.22525697946548462,hard_negative,other_candidate__fsd50k__train__233463__1891.wav,7.640000,3.000
train,domestic_mechanical,FSD50K,train,190465,190465.wav,"Run,Train,Rail_transport,Vehicle",other__fsd50k__train__190465__hard3s.wav,4e1cd020df7cb62c82868bb40f61d6cb2df2cce3d143e917a45601667adfcbb7,13,0.9919946193695068,siren,2,siren,0.37671276926994324,0.01644311472773552,0.20513547956943512,0.056191109120845795,0.37671276926994324,0.18186712265014648,0.16365043818950653,hard_negative,other_candidate__fsd50k__train__190465__1860.wav,0.440000,3.000
train,domestic_mechanical,FSD50K,train,162708,162708.wav,"Subway_and_metro_and_underground,Rail_transport,Vehicle",other__fsd50k__train__162708__hard3s.wav,321140c354977692d63943c900ec3545b92c0964eae171eaa6b7d28f0233089b,4,0.682833194732666,speech,0,speech,0.49549585580825806,0.00847841426730156,0.10160987824201584,0.09353455156087875,0.21505621075630188,0.49549585580825806,0.0858251079916954,hard_negative,other_candidate__fsd50k__train__162708__1868.wav,0.000000,3.000
train,domestic_mechanical,FSD50K,train,128614,128614.wav,"Engine,Aircraft,Vehicle",other__fsd50k__train__128614__hard3s.wav,e0ba9326e9891cc54eee65f6af1bbec82f79a36a314d116c343be76e1c4c7758,6,0.9428375959396362,thunderstorm,1,thunderstorm,0.7686583399772644,0.0004696270916610956,0.0011283766943961382,0.0766364187002182,0.1415909379720688,0.011516260914504528,0.7686583399772644,hard_negative,other_candidate__fsd50k__train__128614__1822.wav,0.000000,3.000
train,domestic_mechanical,FSD50K,train,169786,169786.wav,"Bicycle,Vehicle",other__fsd50k__train__169786__hard3s.wav,6444df9d0f83e3b6ab32c783067b207e049ab33a311210d19cd1f07528ee4f8b,13,0.9306638240814209,glass_breaking,11,glass_breaking,0.5729578733444214,0.003867802442982793,0.5729578733444214,0.09646432846784592,0.029932858422398567,0.06677071750164032,0.2300063669681549,hard_negative,other_candidate__fsd50k__train__169786__1792.wav,6.920000,3.000
train,domestic_mechanical,FSD50K,train,268575,268575.wav,"Typing,Domestic_sounds_and_home_sounds",other__fsd50k__train__268575__hard3s.wav,814a9e988f0f3d5369e2cf8e1e6d2b2856820558bdcd86bcf4276bef34a358e4,13,0.9530248045921326,gunshot_gunfire,5,gunshot_gunfire,0.6740912795066833,0.0049823918379843235,0.15427245199680328,0.6740912795066833,0.006680996157228947,0.0786132887005806,0.08135963976383209,hard_negative,other_candidate__fsd50k__train__268575__1684.wav,2.600000,3.000
train,domestic_mechanical,FSD50K,train,425529,425529.wav,"Car_passing_by,Car,Motor_vehicle_(road),Vehicle",other__fsd50k__train__425529__hard3s.wav,579d9c25fe4539588ff039a0aed37106856782ecca74f9cb1320b6ce46907d55,13,0.991927981376648,siren,11,siren,0.4930860698223114,0.01495326030999422,0.04215933382511139,0.0780288353562355,0.4930860698223114,0.0425368957221508,0.32923561334609985,hard_negative,other_candidate__fsd50k__train__425529__1685.wav,6.920000,3.000
train,domestic_mechanical,FSD50K,train,387814,387814.wav,Engine,other__fsd50k__train__387814__hard3s.wav,a78796d258f5dd5788e144d5fb525eae739712fbe37072abf9ff0010623dd440,13,0.6696301102638245,speech,8,speech,0.3226758539676666,0.015104210935533047,0.07087360322475433,0.15022870898246765,0.25297319889068604,0.3226758539676666,0.1881445050239563,hard_negative,other_candidate__fsd50k__train__387814__1819.wav,4.760000,3.000
train,domestic_mechanical,FSD50K,train,165899,165899.wav,Vehicle,other__fsd50k__train__165899__hard3s.wav,d925e422f046774b7cfb0baf17206b0986b2860e142d90e63d971749e3bf3787,13,0.9249342679977417,thunderstorm,7,thunderstorm,0.7199579477310181,0.023500662297010422,0.05620304495096207,0.08992389589548111,0.048602644354104996,0.06181182339787483,0.7199579477310181,hard_negative,other_candidate__fsd50k__train__165899__1807.wav,4.040000,3.000
train,domestic_mechanical,FSD50K,train,407649,407649.wav,Engine,other__fsd50k__train__407649__hard3s.wav,b6f8ebade8b4c1821df544eef3ddec03af61390775253a3170f2b0713ce21b53,7,0.9284334778785706,glass_breaking,0,glass_breaking,0.6401733160018921,0.008432402275502682,0.6401733160018921,0.0782126858830452,0.03423922136425972,0.0789114236831665,0.16003096103668213,hard_negative,other_candidate__fsd50k__train__407649__1780.wav,0.000000,3.000
train,domestic_mechanical,FSD50K,train,350360,350360.wav,"Computer_keyboard,Typing,Domestic_sounds_and_home_sounds",other__fsd50k__train__350360__hard3s.wav,34ec49ae65e1212ffa550c77c72302fecdd7017d06384971e0e083cc5b916388,1,0.9399899244308472,gunshot_gunfire,0,gunshot_gunfire,0.9399899244308472,0.0006427157204598188,0.04093816131353378,0.9399899244308472,0.002566781360656023,0.0035630217753350735,0.01229946594685316,hard_negative,other_candidate__fsd50k__train__350360__1785.wav,0.000000,3.000
train,domestic_mechanical,FSD50K,train,393663,393663.wav,"Truck,Motor_vehicle_(road),Vehicle",other__fsd50k__train__393663__hard3s.wav,e922b9933cb80f8e2e8030d0e056405d4c388e06f79ab0ed3e1815d263447a20,6,0.9904152154922485,siren,1,siren,0.4567672312259674,0.0019490435952320695,0.018190434202551842,0.2425960749387741,0.4567672312259674,0.03183792158961296,0.24865931272506714,hard_negative,other_candidate__fsd50k__train__393663__1709.wav,0.000000,3.000
train,domestic_mechanical,FSD50K,train,113341,113341.wav,"Bus,Vehicle,Motor_vehicle_(road)",other__fsd50k__train__113341__hard3s.wav,9e24e1c7ac9341866839be6ed5c26be40674c96aa690da262ba5bc3b9cdc9987,13,0.6680044531822205,speech,2,siren,0.40261703729629517,0.00837249867618084,0.005820114631205797,0.13367977738380432,0.40261703729629517,0.20411700010299683,0.2453935295343399,hard_negative,other_candidate__fsd50k__train__113341__1886.wav,0.440000,3.000
train,domestic_mechanical,FSD50K,train,236904,236904.wav,"Motor_vehicle_(road),Vehicle",other__fsd50k__train__236904__hard3s.wav,46738d96bf509300b1d2abfc1b2ac6536b9ccc9a15540454eb8537f4d1d29c78,13,0.9224284887313843,thunderstorm,4,thunderstorm,0.46879643201828003,0.015344768762588501,0.1758728176355362,0.1617717146873474,0.022590521723031998,0.15562373399734497,0.46879643201828003,hard_negative,other_candidate__fsd50k__train__236904__1835.wav,1.880000,3.000
train,domestic_mechanical,FSD50K,train,329624,329624.wav,"Motor_vehicle_(road),Vehicle",other__fsd50k__train__329624__hard3s.wav,c83666b6453d3ec672339caf9382b14a7fdae172d003588a09bf4e0f45aa7354,13,0.9192940592765808,glass_breaking,5,glass_breaking,0.325900137424469,0.015593214891850948,0.325900137424469,0.2131703495979309,0.012446941807866096,0.26927298307418823,0.16361640393733978,hard_negative,other_candidate__fsd50k__train__329624__1918.wav,2.600000,3.000
train,domestic_mechanical,ESC-50,fold_3,155570,3-155570-A-32.wav,keyboard_typing,other__esc50__fold_3__155570__hard3s.wav,d9a50c67926f09ea4f9b1530182634ebf958f4cb17508ab1c2d3e89d93a73b37,6,0.9148368835449219,gunshot_gunfire,2,gunshot_gunfire,0.5455203056335449,0.005343997851014137,0.046394992619752884,0.5455203056335449,0.007409932557493448,0.08534292131662369,0.3099878430366516,hard_negative,other_candidate__esc50__fold_3__155570__1774.wav,0.440000,3.000
train,domestic_mechanical,FSD50K,train,80374,80374.wav,"Train,Rail_transport,Vehicle",other__fsd50k__train__80374__hard3s.wav,e531055b2164def37f58c73032c49aed969a4a27ea0f594f0475df0c5687e5f3,13,0.985622227191925,siren,6,siren,0.7265612483024597,0.008370114490389824,0.06776539981365204,0.0676528662443161,0.7265612483024597,0.052916526794433594,0.0767337903380394,hard_negative,other_candidate__fsd50k__train__80374__1849.wav,3.320000,3.000
train,domestic_mechanical,FSD50K,train,388568,388568.wav,"Train,Rail_transport,Vehicle",other__fsd50k__train__388568__hard3s.wav,66b6c36c694fd16a5f5087f59e35290d29e57223f6cfd2fb216283c82b4fa3cd,4,0.4665519595146179,speech,0,thunderstorm,0.30288901925086975,0.04562287777662277,0.09623857587575912,0.11956661939620972,0.18847745656967163,0.24720540642738342,0.30288901925086975,hard_negative,other_candidate__fsd50k__train__388568__1722.wav,0.000000,3.000
train,domestic_mechanical,FSD50K,train,340705,340705.wav,Engine,other__fsd50k__train__340705__hard3s.wav,1f9ef3ae1d41f13ab5a9e8e61d945d1175d7e67d06ab55f562591fb6bca180d4,1,0.2657199501991272,siren,0,siren,0.2657199501991272,0.04793189465999603,0.23820319771766663,0.09578767418861389,0.2657199501991272,0.15383011102676392,0.19852718710899353,diversity,other_candidate__fsd50k__train__340705__1717.wav,0.000000,3.000
train,domestic_mechanical,ESC-50,fold_2,184077,2-184077-A-49.wav,hand_saw,other__esc50__fold_2__184077__hard3s.wav,e35bd5d16020ec5e0f8d89315d45c7df8dabaac3eb7b587467c347fd0ca32e2a,6,0.5623709559440613,gunshot_gunfire,2,glass_breaking,0.3177918791770935,0.08669976145029068,0.3177918791770935,0.26276764273643494,0.00937832985073328,0.3088783025741577,0.014484104700386524,diversity,other_candidate__esc50__fold_2__184077__1862.wav,0.440000,3.000
train,domestic_mechanical,FSD50K,train,117944,117944.wav,"Printer,Mechanisms",other__fsd50k__train__117944__hard3s.wav,45117d7878f970be6f17c77c4a1e14d47c678c4c37d5dd5f19b44a36c4f4379e,1,0.6320264935493469,siren,0,siren,0.6320264935493469,0.0035769380629062653,0.17022231221199036,0.11400812119245529,0.6320264935493469,0.06363961100578308,0.016526589170098305,diversity,other_candidate__fsd50k__train__117944__1696.wav,0.000000,3.000
train,domestic_mechanical,FSD50K,train,211512,211512.wav,"Traffic_noise_and_roadway_noise,Motor_vehicle_(road),Vehicle",other__fsd50k__train__211512__hard3s.wav,d00c961b579c3381cf48a5c88269f3cf0af4405d2c41ead1059553452ee515ce,13,0.9854575395584106,siren,10,siren,0.7081526517868042,0.0034498446621000767,0.018809519708156586,0.041973114013671875,0.7081526517868042,0.15635459125041962,0.07126025855541229,diversity,other_candidate__fsd50k__train__211512__1887.wav,6.200000,3.000
train,domestic_mechanical,FSD50K,train,58176,58176.wav,"Car_passing_by,Car,Motor_vehicle_(road),Vehicle",other__fsd50k__train__58176__hard3s.wav,1355e0a57902aa60272300bdf24f44017fb2cb2ae028003a294bed8e4ed2cc7a,13,0.968066930770874,siren,1,siren,0.6077797412872314,0.0025421390309929848,0.04093097150325775,0.07644402235746384,0.6077797412872314,0.057715050876140594,0.21458803117275238,diversity,other_candidate__fsd50k__train__58176__1820.wav,0.000000,3.000
train,domestic_mechanical,ESC-50,fold_3,170312,3-170312-A-31.wav,mouse_click,other__esc50__fold_3__170312__hard3s.wav,dcd791e1cc5390daa7b9a1019b6a150e81ad6fd8d32c4991311304112204e534,4,0.916128933429718,glass_breaking,0,glass_breaking,0.6127834916114807,0.005876902956515551,0.6127834916114807,0.17881157994270325,0.01602393202483654,0.1294640600681305,0.0570400170981884,diversity,other_candidate__esc50__fold_3__170312__1703.wav,0.000000,3.000
train,domestic_mechanical,FSD50K,train,262898,262898.wav,"Car_passing_by,Car,Motor_vehicle_(road),Vehicle",other__fsd50k__train__262898__hard3s.wav,4f1a1020d88749d8b20846bc1275ddc988cbd008c04b6dc487c141582569a1e5,13,0.8054367303848267,thunderstorm,4,thunderstorm,0.48750653862953186,0.0050160447135567665,0.01681169867515564,0.05561451241374016,0.3671802878379822,0.06787088513374329,0.48750653862953186,diversity,other_candidate__fsd50k__train__262898__1711.wav,1.880000,3.000
train,domestic_mechanical,FSD50K,train,233689,233689.wav,"Motor_vehicle_(road),Vehicle",other__fsd50k__train__233689__hard3s.wav,00391975c60ccda6e8fffbeb98951a044b6d66a099b7a78e02ab9923f1b86fde,13,0.6443251967430115,thunderstorm,4,siren,0.35480254888534546,0.016585616394877434,0.1223752349615097,0.10465817898511887,0.35480254888534546,0.06887537986040115,0.3327030539512634,diversity,other_candidate__fsd50k__train__233689__1821.wav,1.880000,3.000
train,domestic_mechanical,FSD50K,train,77917,77917.wav,"Race_car_and_auto_racing,Car,Motor_vehicle_(road),Vehicle",other__fsd50k__train__77917__hard3s.wav,42ea3c4df405359eac6b8084d22ae07334efd9b06035f611af5b0df0ba54a4e4,12,0.9706034064292908,siren,9,siren,0.8032960891723633,0.01443700771778822,0.01015144307166338,0.025366581976413727,0.8032960891723633,0.05331945791840553,0.09342940896749496,diversity,other_candidate__fsd50k__train__77917__1858.wav,5.480000,3.000
train,domestic_mechanical,FSD50K,train,96716,96716.wav,"Clock,Mechanisms",other__fsd50k__train__96716__hard3s.wav,4c7ea6ba9c16797acc9edc8b758636d9d404c9017bdda612b23e383a91a59b93,13,0.7957699298858643,siren,10,siren,0.45047616958618164,0.009822915308177471,0.27507102489471436,0.10123060643672943,0.45047616958618164,0.06158457696437836,0.10181467235088348,diversity,other_candidate__fsd50k__train__96716__1777.wav,6.200000,3.000
train,domestic_mechanical,FSD50K,train,154675,154675.wav,"Sliding_door,Door,Domestic_sounds_and_home_sounds",other__fsd50k__train__154675__hard3s.wav,811b986e5108ed30bd47f4a8e9947dff3acab311ed5b1c491450fd5903d80514,13,0.6182445883750916,thunderstorm,8,glass_breaking,0.31659796833992004,0.04003902152180672,0.31659796833992004,0.13805542886257172,0.06697148829698563,0.20676755905151367,0.23156848549842834,diversity,other_candidate__fsd50k__train__154675__1694.wav,4.760000,3.000
train,domestic_mechanical,FSD50K,train,121901,121901.wav,"Truck,Motor_vehicle_(road),Vehicle",other__fsd50k__train__121901__hard3s.wav,e378c390dd899ed5b6167cc8235163f561b615e481ddb1a8cd2595910cb56fe9,13,0.8467106819152832,thunderstorm,6,thunderstorm,0.6688834428787231,0.01623435877263546,0.058978740125894547,0.0610407218337059,0.09153943508863449,0.10332325845956802,0.6688834428787231,diversity,other_candidate__fsd50k__train__121901__1852.wav,3.320000,3.000
train,domestic_mechanical,FSD50K,train,36830,36830.wav,"Accelerating_and_revving_and_vroom,Car,Motor_vehicle_(road),Vehicle,Engine",other__fsd50k__train__36830__hard3s.wav,c9628edd9914ea608e4d6a2d7de283ee4c641d139c7ff07e560f0ef8a70bd3bc,8,0.7903896570205688,thunderstorm,7,siren,0.3480413258075714,0.007563932798802853,0.08561587333679199,0.1644994467496872,0.3480413258075714,0.06960083544254303,0.32467857003211975,diversity,other_candidate__fsd50k__train__36830__1871.wav,3.733333,3.000
train,domestic_mechanical,FSD50K,train,21799,21799.wav,"Skateboard,Vehicle",other__fsd50k__train__21799__hard3s.wav,a1d20199345449333680bd6230bb4160521d338f557946da6f0883467e797f4a,1,0.8058188557624817,gunshot_gunfire,0,gunshot_gunfire,0.8058188557624817,0.00047624585567973554,0.18088020384311676,0.8058188557624817,0.0006856246618553996,0.0019725426100194454,0.01016657892614603,diversity,other_candidate__fsd50k__train__21799__1899.wav,0.000000,3.000
train,domestic_mechanical,FSD50K,train,24968,24968.wav,"Train,Rail_transport,Vehicle",other__fsd50k__train__24968__hard3s.wav,ca20b9a48667d7725ba2c69c6eac78a558dfaade9a844b7118c51d5967aa2dcf,13,0.9252476692199707,siren,2,siren,0.532213568687439,0.005445186514407396,0.06475040316581726,0.10845940560102463,0.532213568687439,0.057199619710445404,0.2319319248199463,diversity,other_candidate__fsd50k__train__24968__1778.wav,0.440000,3.000
train,domestic_mechanical,FSD50K,train,315728,315728.wav,"Door,Car,Domestic_sounds_and_home_sounds,Motor_vehicle_(road),Vehicle",other__fsd50k__train__315728__hard3s.wav,4fc93345dc8421af7475d1ef6506a9a6a810e161edae7a3a566796568ec7d861,3,0.7485142350196838,gunshot_gunfire,0,gunshot_gunfire,0.45872578024864197,0.002064791275188327,0.019050544127821922,0.45872578024864197,0.2130635529756546,0.015600991435348988,0.29149433970451355,diversity,other_candidate__fsd50k__train__315728__1814.wav,0.000000,3.000
train,domestic_mechanical,FSD50K,train,118248,118248.wav,"Car,Motor_vehicle_(road),Vehicle",other__fsd50k__train__118248__hard3s.wav,ea975f6ccefb2c36f4ed279ff950ae84d8b461306abc3088198bff0355c5cf26,1,0.4592296779155731,gunshot_gunfire,0,gunshot_gunfire,0.4592296779155731,0.00558652775362134,0.2965675890445709,0.4592296779155731,0.013395361602306366,0.05967613682150841,0.16554471850395203,diversity,other_candidate__fsd50k__train__118248__1853.wav,0.000000,3.000
train,domestic_mechanical,FSD50K,train,386948,386948.wav,"Accelerating_and_revving_and_vroom,Engine",other__fsd50k__train__386948__hard3s.wav,76b3137a855578423ad3ae7e773cb52c9b30ad55bf0fee4621d97cab784400f6,11,0.6677598357200623,siren,4,siren,0.3908858597278595,0.016064872965216637,0.009043363854289055,0.13220229744911194,0.3908858597278595,0.15527856349945068,0.2965250313282013,diversity,other_candidate__fsd50k__train__386948__1811.wav,1.880000,3.000
train,domestic_mechanical,FSD50K,train,425868,425868.wav,"Car_passing_by,Car,Motor_vehicle_(road),Vehicle",other__fsd50k__train__425868__hard3s.wav,a535dc7d3e2e1b3bd81b96259d1c7b074f3f7bffbd8ccfd5b78327e574859fdd,13,0.9678639769554138,siren,4,siren,0.6173362731933594,0.021202445030212402,0.04250754788517952,0.07238667458295822,0.6173362731933594,0.08877559006214142,0.15779146552085876,diversity,other_candidate__fsd50k__train__425868__1813.wav,1.880000,3.000
train,domestic_mechanical,FSD50K,train,258002,258002.wav,"Motor_vehicle_(road),Vehicle",other__fsd50k__train__258002__hard3s.wav,b895fac83d15879d94226062ec38b3622147fd02c2fba8e0ed5816a58e079cf5,13,0.9562082886695862,siren,5,siren,0.501923143863678,0.007222469430416822,0.06997284293174744,0.1322670727968216,0.501923143863678,0.0381835401058197,0.2504309117794037,diversity,other_candidate__fsd50k__train__258002__1690.wav,2.600000,3.000
train,domestic_mechanical,FSD50K,train,202604,202604.wav,"Sliding_door,Door,Domestic_sounds_and_home_sounds",other__fsd50k__train__202604__hard3s.wav,116be91d1849b7b8b4ce17b20969ff1c1cafaf5810aa123258f196fd57f3cdfb,3,0.706389307975769,glass_breaking,2,speech,0.4236593544483185,0.06357122212648392,0.35831212997436523,0.061480578035116196,0.034066226333379745,0.4236593544483185,0.058910470455884933,diversity,other_candidate__fsd50k__train__202604__1839.wav,0.000000,3.000
train,domestic_mechanical,FSD50K,train,193399,193399.wav,"Bicycle,Vehicle",other__fsd50k__train__193399__hard3s.wav,75b37dcacc9a04e4f9e7245b5956c08c2dc7c94537bda6d0ebdb5e99688b67d9,13,0.8441859483718872,thunderstorm,11,thunderstorm,0.5855318307876587,0.004801075905561447,0.21788400411605835,0.06201164424419403,0.07267910987138748,0.057092368602752686,0.5855318307876587,diversity,other_candidate__fsd50k__train__193399__1730.wav,6.920000,3.000
train,domestic_mechanical,FSD50K,train,50899,50899.wav,"Car,Motor_vehicle_(road),Vehicle",other__fsd50k__train__50899__hard3s.wav,903337ca3737cca86ef0e8623aa13938e4510e9d8dfd875da4714d1c3f9fbf70,4,0.6885461211204529,glass_breaking,1,glass_breaking,0.3609647750854492,0.004701124969869852,0.3609647750854492,0.2756471037864685,0.04487178102135658,0.09324577450752258,0.2205694168806076,diversity,other_candidate__fsd50k__train__50899__1861.wav,0.000000,3.000
train,domestic_mechanical,FSD50K,train,372515,372515.wav,"Clock,Mechanisms",other__fsd50k__train__372515__hard3s.wav,e90884e42bd06874b3c6d97491280760df5d62a233838708b7bdbadaa0e7de24,13,0.8647975325584412,glass_breaking,0,glass_breaking,0.6797590851783752,0.007225480861961842,0.6797590851783752,0.18424735963344574,0.05634891614317894,0.02731996774673462,0.045099131762981415,diversity,other_candidate__fsd50k__train__372515__1773.wav,0.000000,3.000
train,domestic_mechanical,FSD50K,train,192394,192394.wav,"Motorcycle,Motor_vehicle_(road),Vehicle",other__fsd50k__train__192394__hard3s.wav,64f6ed9f0ce555fd2081f67d8cb04aa352ace51ec57923c511a1daf6048131a5,10,0.757914125919342,siren,0,siren,0.2988453507423401,0.026495039463043213,0.13653896749019623,0.20076867938041687,0.2988453507423401,0.2895371913909912,0.0478147454559803,diversity,other_candidate__fsd50k__train__192394__1795.wav,0.000000,3.000
train,domestic_mechanical,FSD50K,train,12703,12703.wav,"Subway_and_metro_and_underground,Rail_transport,Vehicle",other__fsd50k__train__12703__hard3s.wav,b76b4dd518e0ff831ae39d4763de8aa1af681b8dba26cbfc3093c0537aa5c155,13,0.860735297203064,siren,3,siren,0.4854260981082916,0.014824038371443748,0.0073824478313326836,0.052026014775037766,0.4854260981082916,0.14366251230239868,0.29667890071868896,diversity,other_candidate__fsd50k__train__12703__1919.wav,1.160000,3.000
train,music,FSD50K,train,44927,44927.wav,"Female_singing,Singing,Human_voice",other__fsd50k__train__44927__hard3s.wav,d650a38b4bd2098e0ee946435909dfbbc08323d47249bc1d26b83bd05be8be66,2,0.9869332313537598,dog_bark,1,dog_bark,0.9833129644393921,0.9833129644393921,0.00019585533300414681,9.061164746526629e-05,0.004341493360698223,0.0119297094643116,0.000129338659462519,hard_negative,other_candidate__fsd50k__train__44927__2009.wav,0.000000,3.000
train,music,FSD50K,train,210675,210675.wav,"Tambourine,Percussion,Musical_instrument,Music",other__fsd50k__train__210675__hard3s.wav,0db0a2c665a9b1bfca4ef1e1ee116cb02c7972aec5e9edb177f164444256c316,1,0.9961754083633423,glass_breaking,0,glass_breaking,0.9961754083633423,0.0002546492905821651,0.9961754083633423,0.0018894975073635578,0.00017688344814814627,0.0014116985257714987,9.1796915512532e-05,hard_negative,other_candidate__fsd50k__train__210675__1944.wav,0.000000,3.000
train,music,FSD50K,train,238569,238569.wav,"Scratching_(performance_technique),Musical_instrument,Music",other__fsd50k__train__238569__hard3s.wav,091d9081651a9721ba1a0e77254828a513d88da953c7d24ef17e1364ad279778,13,0.6962742209434509,gunshot_gunfire,9,gunshot_gunfire,0.3035060465335846,0.04386182129383087,0.25907206535339355,0.3035060465335846,0.078968845307827,0.280603289604187,0.033987946808338165,hard_negative,other_candidate__fsd50k__train__238569__1988.wav,5.480000,3.000
train,music,FSD50K,train,247058,247058.wav,"Trumpet,Brass_instrument,Musical_instrument,Music",other__fsd50k__train__247058__hard3s.wav,30c10c7a60ab1df9b12f1840b7c24031f04a2e85e737b6e46c29797990ae879c,4,0.9974886178970337,siren,0,siren,0.9949057102203369,0.0023243476171046495,9.167991083813831e-05,0.0001098673528758809,0.9949057102203369,0.0024767525028437376,9.167991083813831e-05,hard_negative,other_candidate__fsd50k__train__247058__1955.wav,0.000000,3.000
train,music,FSD50K,train,360741,360741.wav,"Singing,Human_voice",other__fsd50k__train__360741__hard3s.wav,65cf25c86ea7af2dfbd5b081b100092e714620c23ac3505544af09fb21a81d06,13,0.9571568965911865,speech,5,dog_bark,0.6602205038070679,0.6602205038070679,0.002148330444470048,0.00339482887648046,0.056910693645477295,0.2731512188911438,0.004174460656940937,hard_negative,other_candidate__fsd50k__train__360741__1943.wav,2.600000,3.000
train,music,FSD50K,train,176501,176501.wav,"Piano,Keyboard_(musical),Musical_instrument,Music",other__fsd50k__train__176501__hard3s.wav,87ef10f0b7e010e0370aa973ff7149743b6deb2038c04a8862e003c430c3a8f7,10,0.9235844612121582,thunderstorm,6,thunderstorm,0.4784392714500427,0.019480865448713303,0.031025875359773636,0.05995737388730049,0.3681115508079529,0.042985014617443085,0.4784392714500427,hard_negative,other_candidate__fsd50k__train__176501__1981.wav,3.320000,3.000
train,music,FSD50K,train,30084,30084.wav,"Singing,Human_voice",other__fsd50k__train__30084__hard3s.wav,d91baaa634509c3d7c038510126e7cecb9e0be636a08d8eb701775a81366988e,4,0.9209915995597839,dog_bark,1,dog_bark,0.6887946724891663,0.6887946724891663,0.0008691364782862365,0.00037738477112725377,0.24096959829330444,0.06837648898363113,0.0006127238157205284,hard_negative,other_candidate__fsd50k__train__30084__1975.wav,0.000000,3.000
train,music,FSD50K,train,210674,210674.wav,"Tambourine,Percussion,Musical_instrument,Music",other__fsd50k__train__210674__hard3s.wav,38b65a04290390c2fdb2967f786a6d9fae1de7f428734219d81b78ba9730efc0,1,0.9870794415473938,glass_breaking,0,glass_breaking,0.9870794415473938,0.00010146608110517263,0.9870794415473938,0.0050078523345291615,0.00024329515872523189,0.007477082312107086,9.095872519537807e-05,hard_negative,other_candidate__fsd50k__train__210674__1958.wav,0.000000,3.000
train,music,FSD50K,train,200645,200645.wav,"Snare_drum,Drum,Percussion,Musical_instrument,Music",other__fsd50k__train__200645__hard3s.wav,7d09cf1446a46b068dbee7b4384d01e35856e90b3dd6a25aee88b592a87eea4c,1,0.5858244895935059,gunshot_gunfire,0,gunshot_gunfire,0.5858244895935059,0.008868140168488026,0.2533847987651825,0.5858244895935059,0.038093723356723785,0.05898744985461235,0.054841410368680954,hard_negative,other_candidate__fsd50k__train__200645__2043.wav,0.000000,3.000
train,music,FSD50K,train,357047,357047.wav,"Wind_instrument_and_woodwind_instrument,Musical_instrument,Music",other__fsd50k__train__357047__hard3s.wav,9393c48554d5d79d333278cfd1faddcf141536ae380131420703721cd7921ffb,10,0.9967635869979858,siren,9,siren,0.9196618795394897,0.06273600459098816,0.0009678046335466206,0.0019285001326352358,0.9196618795394897,0.014006835408508778,0.0006989177782088518,hard_negative,other_candidate__fsd50k__train__357047__1977.wav,4.817710,3.000
train,music,FSD50K,train,107604,107604.wav,"Singing,Human_voice",other__fsd50k__train__107604__hard3s.wav,d11863cc2eb1b162cec51354be40d3ad17e2db1bc2d7d28608d08ee2d1d228aa,13,0.9488670229911804,speech,11,speech,0.524269700050354,0.06198887526988983,0.3163861930370331,0.04102396219968796,0.033453382551670074,0.524269700050354,0.022877875715494156,hard_negative,other_candidate__fsd50k__train__107604__2105.wav,6.920000,3.000
train,music,FSD50K,train,58064,58064.wav,"Strum,Guitar,Plucked_string_instrument,Musical_instrument,Music",other__fsd50k__train__58064__hard3s.wav,6aa46d7374bec51ae4071099f50e037a4f082b22375a1ffabe32860f7b4b7be7,13,0.8792967796325684,thunderstorm,8,thunderstorm,0.5014709830284119,0.062373362481594086,0.0667712464928627,0.054867230355739594,0.019019771367311478,0.2954973876476288,0.5014709830284119,hard_negative,other_candidate__fsd50k__train__58064__2134.wav,4.760000,3.000
train,music,FSD50K,train,18438,18438.wav,"Acoustic_guitar,Guitar,Plucked_string_instrument,Musical_instrument,Music",other__fsd50k__train__18438__hard3s.wav,1676e37c2f02ed261236ce34f5c5858ed154d83b74edd04bb5f1ebfe3e7cfe6b,7,0.6321447491645813,dog_bark,2,speech,0.3528042137622833,0.2781883776187897,0.026264401152729988,0.05006015673279762,0.013186775147914886,0.3528042137622833,0.27949604392051697,hard_negative,other_candidate__fsd50k__train__18438__2098.wav,0.440000,3.000
train,music,FSD50K,train,140516,140516.wav,"Hi-hat,Cymbal,Percussion,Musical_instrument,Music",other__fsd50k__train__140516__hard3s.wav,4a097782772cf2594119969886db442afa6cc54e22c2c1ce0e63e52c92251385,1,0.9843050837516785,glass_breaking,0,glass_breaking,0.9843050837516785,0.0001685217284830287,0.9843050837516785,0.0038694627583026886,0.0034687588922679424,0.00801975466310978,0.0001685217284830287,hard_negative,other_candidate__fsd50k__train__140516__2065.wav,0.000000,3.000
train,music,FSD50K,train,351327,351327.wav,"Piano,Keyboard_(musical),Musical_instrument,Music",other__fsd50k__train__351327__hard3s.wav,3e9ce721bd3fa3c2ff67bafb552d71b4411ccce2348c6fe3697d5f5e813dbdf7,2,0.5644491910934448,gunshot_gunfire,0,glass_breaking,0.34140050411224365,0.03265943378210068,0.34140050411224365,0.31231895089149475,0.06297111511230469,0.18767888844013214,0.06297111511230469,hard_negative,other_candidate__fsd50k__train__351327__1920.wav,0.000000,3.000
train,music,FSD50K,train,119365,119365.wav,"Wind_instrument_and_woodwind_instrument,Musical_instrument,Music",other__fsd50k__train__119365__hard3s.wav,22a06df4cb0f46a82f3931a56e6df5eeadb043a715ea398e43936e8c5ce51593,5,0.9963582158088684,siren,0,siren,0.9070298075675964,0.044005416333675385,0.02781943418085575,0.001691382029093802,0.9070298075675964,0.01903242990374565,0.00042152730748057365,hard_negative,other_candidate__fsd50k__train__119365__2028.wav,0.000000,3.000
train,music,FSD50K,train,218794,218794.wav,"Guitar,Plucked_string_instrument,Musical_instrument,Music",other__fsd50k__train__218794__hard3s.wav,f19cf659ec97b4a79b261812c1db751d6f2ad27b7f04dfcce25d73e64a6d5c60,13,0.9265094995498657,speech,7,speech,0.566601037979126,0.08371587842702866,0.09705474972724915,0.046830467879772186,0.058847229927778244,0.566601037979126,0.14695066213607788,hard_negative,other_candidate__fsd50k__train__218794__2079.wav,4.040000,3.000
train,music,FSD50K,train,381473,381473.wav,"Keyboard_(musical),Musical_instrument,Music",other__fsd50k__train__381473__hard3s.wav,3c620dd2aecafebe044e73693ecc01a92eea5ab69322d7466d3d3a09c3b30cf1,13,0.8521889448165894,thunderstorm,11,thunderstorm,0.3570128083229065,0.07391706854104996,0.021940289065241814,0.07873055338859558,0.21089087426662445,0.2575083374977112,0.3570128083229065,hard_negative,other_candidate__fsd50k__train__381473__2128.wav,6.920000,3.000
train,music,FSD50K,train,246732,246732.wav,"Bowed_string_instrument,Musical_instrument,Music",other__fsd50k__train__246732__hard3s.wav,c3385ae85a23b1267b35904a1f4d98a993e65bb62fc5e9c40b25d9cd6894c479,5,0.5714867115020752,dog_bark,1,siren,0.3180702328681946,0.2826469838619232,0.01758640632033348,0.0327058769762516,0.3180702328681946,0.21936340630054474,0.1296270191669464,hard_negative,other_candidate__fsd50k__train__246732__1967.wav,0.000000,3.000
train,music,FSD50K,train,204637,204637.wav,"Marimba_and_xylophone,Mallet_percussion,Percussion,Musical_instrument,Music",other__fsd50k__train__204637__hard3s.wav,2dc51c5010f4a4b891733e4a6d5d2e9d5d5c3af4b4f700eeb51f50b037871060,1,0.9795746207237244,glass_breaking,0,glass_breaking,0.9795746207237244,9.026715997606516e-05,0.9795746207237244,0.019137324765324593,0.0003475954581517726,0.0006697816425003111,0.0001803908817237243,hard_negative,other_candidate__fsd50k__train__204637__1931.wav,0.000000,3.000
train,music,FSD50K,train,383567,383567.wav,"Bowed_string_instrument,Musical_instrument,Music",other__fsd50k__train__383567__hard3s.wav,752f81c8a9833bf26d062d922efde12b566fd787fb624a19a320f9d32d8f375e,1,0.5563230514526367,gunshot_gunfire,0,gunshot_gunfire,0.5563230514526367,0.010479615069925785,0.21570664644241333,0.5563230514526367,0.0836372971534729,0.0836372971534729,0.050216060131788254,hard_negative,other_candidate__fsd50k__train__383567__2116.wav,0.000000,3.000
train,music,FSD50K,train,7647,7647.wav,"Musical_instrument,Music",other__fsd50k__train__7647__hard3s.wav,b3d548f62167181161823deb2d70cc0c61ee70ba401a88860916d72060299b17,7,0.9952734112739563,siren,1,siren,0.9834221005439758,0.0010602660477161407,0.0009296874632127583,0.005698963068425655,0.9834221005439758,0.007350921165198088,0.001538032665848732,hard_negative,other_candidate__fsd50k__train__7647__2006.wav,0.000000,3.000
train,music,FSD50K,train,19525,19525.wav,"Singing,Human_voice",other__fsd50k__train__19525__hard3s.wav,3f031a34d0ca6e0235035c47539780324596ec7b94e40331239194f71e96ce77,13,0.9131714105606079,speech,0,speech,0.35039663314819336,0.2718518376350403,0.009244134649634361,0.031633250415325165,0.30455124378204346,0.35039663314819336,0.03232283145189285,hard_negative,other_candidate__fsd50k__train__19525__1956.wav,0.000000,3.000
train,music,FSD50K,train,33188,33188.wav,"Mallet_percussion,Percussion,Musical_instrument,Music",other__fsd50k__train__33188__hard3s.wav,cdc07c6bdf412c9cb826f2fda889390cb045c00eef2dbe3d8effe5de956fea11,10,0.8207419514656067,thunderstorm,8,siren,0.28046220541000366,0.06225863844156265,0.11260757595300674,0.2392318993806839,0.28046220541000366,0.07055260241031647,0.2348870486021042,hard_negative,other_candidate__fsd50k__train__33188__1966.wav,4.478413,3.000
train,music,FSD50K,train,40290,40290.wav,"Bass_guitar,Guitar,Plucked_string_instrument,Musical_instrument,Music",other__fsd50k__train__40290__hard3s.wav,952aac89c71d1a23ffa0bb48e3428f2666469769c151f405768b5707e94b96a2,2,0.4249277710914612,dog_bark,0,dog_bark,0.36839210987091064,0.36839210987091064,0.014870373532176018,0.055846765637397766,0.029021885246038437,0.272256076335907,0.2596127986907959,hard_negative,other_candidate__fsd50k__train__40290__2074.wav,0.000000,3.000
train,music,FSD50K,train,101910,101910.wav,"Drum,Drum_kit,Percussion,Musical_instrument,Music",other__fsd50k__train__101910__hard3s.wav,df43be8f938050b3823c51db30df430bec54aaa002ced64f622a3fb2bf5ab2f2,4,0.9788917303085327,glass_breaking,1,glass_breaking,0.9589069485664368,0.001464861212298274,0.9589069485664368,0.008534040302038193,0.011583724059164524,0.0165701974183321,0.0029401492793112993,hard_negative,other_candidate__fsd50k__train__101910__2027.wav,0.000000,3.000
train,music,FSD50K,train,416424,416424.wav,"Piano,Keyboard_(musical),Musical_instrument,Music",other__fsd50k__train__416424__hard3s.wav,d0905cc774e79abe1decd55fbe83647dc5bd2b174503691bc97b0affa51e4e5c,1,0.5396212935447693,gunshot_gunfire,0,gunshot_gunfire,0.5396212935447693,0.009801255539059639,0.40316691994667053,0.5396212935447693,0.008168726228177547,0.015740320086479187,0.023501425981521606,hard_negative,other_candidate__fsd50k__train__416424__2157.wav,0.000000,3.000
train,music,FSD50K,train,247622,247622.wav,"Bowed_string_instrument,Musical_instrument,Music",other__fsd50k__train__247622__hard3s.wav,651f45a016c82c310d741fd3c6644d797bc2cce72085ef80ccda7756028fcc95,8,0.9949707984924316,siren,2,siren,0.882416307926178,0.003685724688693881,0.08921181410551071,0.006617599166929722,0.882416307926178,0.017140531912446022,0.0009279922815039754,hard_negative,other_candidate__fsd50k__train__247622__1936.wav,0.440000,3.000
train,music,FSD50K,train,40467,40467.wav,"Electric_guitar,Guitar,Plucked_string_instrument,Musical_instrument,Music",other__fsd50k__train__40467__hard3s.wav,37443a6961d347785f58f0c94c7b3732620bdbed7f450ef76b9980ae6accab84,4,0.9130646586418152,speech,1,speech,0.8774250149726868,0.02660912647843361,0.03564605116844177,0.012496422044932842,0.018573930487036705,0.8774250149726868,0.02924945205450058,hard_negative,other_candidate__fsd50k__train__40467__2156.wav,0.000000,3.000
train,music,FSD50K,train,354266,354266.wav,"Bowed_string_instrument,Musical_instrument,Music",other__fsd50k__train__354266__hard3s.wav,e0b04d1181ef37c62d078b72f7b6d549d6f27be2c43916f892594f7c82c1cb85,5,0.7581073641777039,thunderstorm,3,thunderstorm,0.5098941922187805,0.07165838032960892,0.05594434589147568,0.09197480976581573,0.024197202175855637,0.2463310956954956,0.5098941922187805,hard_negative,other_candidate__fsd50k__train__354266__1957.wav,1.095692,3.000
train,music,FSD50K,train,387765,387765.wav,"Tambourine,Percussion,Musical_instrument,Music",other__fsd50k__train__387765__hard3s.wav,391a6d7855b11af6655f055fd823dfe4e5cea7f4f9ca7c0ae655cd182893d949,1,0.9743490815162659,glass_breaking,0,glass_breaking,0.9743490815162659,0.001597433933056891,0.9743490815162659,0.0158646572381258,0.0022997367195785046,0.0039724730886518955,0.001916683977469802,hard_negative,other_candidate__fsd50k__train__387765__2082.wav,0.000000,3.000
train,music,FSD50K,train,383550,383550.wav,"Bowed_string_instrument,Musical_instrument,Music",other__fsd50k__train__383550__hard3s.wav,5af9689671e8079bdbb24b3568f24bd98cdd0417007bd51b7876b53883a66214,1,0.48150700330734253,gunshot_gunfire,0,gunshot_gunfire,0.48150700330734253,0.02022005431354046,0.11209384351968765,0.48150700330734253,0.06257104128599167,0.15003268420696259,0.17357535660266876,hard_negative,other_candidate__fsd50k__train__383550__2108.wav,0.000000,3.000
train,music,FSD50K,train,247083,247083.wav,"Trumpet,Brass_instrument,Musical_instrument,Music",other__fsd50k__train__247083__hard3s.wav,fbdcca29cc38783957aaa3b579a23a161a106149bb6a47160a062fb3edf84aa4,7,0.9946393370628357,siren,5,siren,0.9696000218391418,0.002087776316329837,0.0010546086123213172,0.008881993591785431,0.9696000218391418,0.012079005129635334,0.006296644918620586,hard_negative,other_candidate__fsd50k__train__247083__2149.wav,2.500000,3.000
train,music,FSD50K,train,266480,266480.wav,"Bass_guitar,Guitar,Plucked_string_instrument,Musical_instrument,Music",other__fsd50k__train__266480__hard3s.wav,7ed9e4c53661747bd46653a6a60620c8c4cbb8a4811604a54056fe7be08041df,13,0.868144154548645,speech,0,speech,0.4347560703754425,0.12001658976078033,0.047846801578998566,0.07627104967832565,0.039193350821733475,0.4347560703754425,0.2819161117076874,hard_negative,other_candidate__fsd50k__train__266480__2146.wav,0.000000,3.000
train,music,FSD50K,train,266481,266481.wav,"Bass_guitar,Guitar,Plucked_string_instrument,Musical_instrument,Music",other__fsd50k__train__266481__hard3s.wav,eeb2c6662addba6e2ab2a2261d04b206844c80da00cb08ac1142427cf05718dd,13,0.6869630813598633,thunderstorm,6,speech,0.3266819715499878,0.07151202857494354,0.22274552285671234,0.07152535021305084,0.021538738161325455,0.3266819715499878,0.28599637746810913,hard_negative,other_candidate__fsd50k__train__266481__1991.wav,3.320000,3.000
train,music,FSD50K,train,204634,204634.wav,"Marimba_and_xylophone,Mallet_percussion,Percussion,Musical_instrument,Music",other__fsd50k__train__204634__hard3s.wav,6c25a392821a8e64bc84506502453ee30c3c465d970f7ac7d1c12a64c8e5156b,1,0.9655739665031433,glass_breaking,0,glass_breaking,0.9655739665031433,0.0011404186952859163,0.9655739665031433,0.023473747074604034,0.005877770017832518,0.0030503764282912016,0.0008836608612909913,hard_negative,other_candidate__fsd50k__train__204634__2036.wav,0.000000,3.000
train,music,FSD50K,train,39191,39191.wav,"Piano,Keyboard_(musical),Musical_instrument,Music",other__fsd50k__train__39191__hard3s.wav,ebe17292e4120a339eea46088c58327f4345a2f94ca2c71bcf6316d2d9082afc,1,0.45529764890670776,gunshot_gunfire,0,gunshot_gunfire,0.45529764890670776,0.009567318484187126,0.24505387246608734,0.45529764890670776,0.1765354424715042,0.0659998282790184,0.0475458987057209,hard_negative,other_candidate__fsd50k__train__39191__2093.wav,0.000000,3.000
train,music,FSD50K,train,354515,354515.wav,"Wind_instrument_and_woodwind_instrument,Musical_instrument,Music",other__fsd50k__train__354515__hard3s.wav,9782c3f307a6d172010ea7954e2672a5d5468115d402a73f20cd12dc6183af8c,8,0.9945756196975708,siren,3,siren,0.699118971824646,0.021780218929052353,0.05518866330385208,0.04154166579246521,0.699118971824646,0.17805325984954834,0.004317146725952625,hard_negative,other_candidate__fsd50k__train__354515__2047.wav,1.160000,3.000
train,music,FSD50K,train,38238,38238.wav,"Guitar,Plucked_string_instrument,Musical_instrument,Music",other__fsd50k__train__38238__hard3s.wav,5479250f5afee3d9118d54790175c44446eba8d66b64baf0e44b450bba4562c6,7,0.8652839064598083,speech,0,speech,0.5532141923904419,0.09117307513952255,0.11438164860010147,0.028110530227422714,0.030071675777435303,0.5532141923904419,0.18304888904094696,hard_negative,other_candidate__fsd50k__train__38238__2050.wav,0.000000,3.000
train,music,FSD50K,train,239752,239752.wav,"Bass_guitar,Guitar,Plucked_string_instrument,Musical_instrument,Music",other__fsd50k__train__239752__hard3s.wav,6e04b38bbe502eb3576edd2c6bdce79563de9ba40fc005c430ec33d3a6bcda23,8,0.6709951162338257,thunderstorm,2,thunderstorm,0.38221874833106995,0.08284632116556168,0.02928045578300953,0.0930040180683136,0.13952580094337463,0.27312469482421875,0.38221874833106995,hard_negative,other_candidate__fsd50k__train__239752__2071.wav,0.440000,3.000
train,music,FSD50K,train,101901,101901.wav,"Drum,Drum_kit,Percussion,Musical_instrument,Music",other__fsd50k__train__101901__hard3s.wav,e1e10fb099a1c66d078fcc8e62e085d5b2e6f5d337cfc2c7626d561b1e070dfa,9,0.9516094923019409,glass_breaking,1,glass_breaking,0.8720917701721191,0.0018523428589105606,0.8720917701721191,0.020040297880768776,0.016160612925887108,0.07060252875089645,0.019252466037869453,hard_negative,other_candidate__fsd50k__train__101901__2067.wav,0.000000,3.000
train,music,FSD50K,train,96090,96090.wav,"Marimba_and_xylophone,Mallet_percussion,Percussion,Musical_instrument,Music",other__fsd50k__train__96090__hard3s.wav,eac7b203bcf181fe8588cba4ed3bfd631632e60510e44e150441e893eca84bc9,1,0.4315243363380432,gunshot_gunfire,0,gunshot_gunfire,0.4315243363380432,0.008743283338844776,0.259088397026062,0.4315243363380432,0.06728275865316391,0.025154441595077515,0.20820680260658264,hard_negative,other_candidate__fsd50k__train__96090__2032.wav,0.000000,3.000
train,music,FSD50K,train,119240,119240.wav,"Wind_instrument_and_woodwind_instrument,Musical_instrument,Music",other__fsd50k__train__119240__hard3s.wav,1ac9fc44be35c30c1015fbb6adfe80bc45c5a7426e494163d47ba0f17df9d95b,5,0.9940246939659119,siren,1,siren,0.8787258267402649,0.04756991192698479,0.017592143267393112,0.0006447210325859487,0.8787258267402649,0.05505318567156792,0.00041425746167078614,hard_negative,other_candidate__fsd50k__train__119240__2097.wav,0.000000,3.000
train,music,FSD50K,train,162988,162988.wav,"Bass_guitar,Guitar,Plucked_string_instrument,Musical_instrument,Music",other__fsd50k__train__162988__hard3s.wav,73841ce0f2df51f7dfe864e0c2770c06cd50ade6d21f86e6529a2558f5810c65,7,0.8471429944038391,speech,0,speech,0.556939423084259,0.16400472819805145,0.024849463254213333,0.040912825614213943,0.04759592190384865,0.556939423084259,0.16569767892360687,hard_negative,other_candidate__fsd50k__train__162988__2059.wav,0.000000,3.000
train,music,FSD50K,train,383703,383703.wav,"Bowed_string_instrument,Musical_instrument,Music",other__fsd50k__train__383703__hard3s.wav,a4f43d60049d1551f203e43b6eda75a2f0cc5918e47e11a73f61948c957653f0,7,0.6543477773666382,thunderstorm,3,speech,0.33140990138053894,0.04803495481610298,0.25183194875717163,0.13497114181518555,0.023175690323114395,0.33140990138053894,0.21057641506195068,hard_negative,other_candidate__fsd50k__train__383703__2089.wav,1.160000,3.000
train,music,FSD50K,train,372406,372406.wav,"Bowed_string_instrument,Musical_instrument,Music",other__fsd50k__train__372406__hard3s.wav,bb9837580afbebd73009e0cd727531a5ffddd6fd5d82b98d78cedf76c938d174,4,0.9302830696105957,siren,0,siren,0.8338413834571838,0.03675897419452667,0.002319003688171506,0.012801031582057476,0.8338413834571838,0.07189356535673141,0.0423860140144825,diversity,other_candidate__fsd50k__train__372406__2155.wav,0.000000,3.000
train,music,FSD50K,train,23586,23586.wav,"Gong,Percussion,Musical_instrument,Music",other__fsd50k__train__23586__hard3s.wav,b40a91105bf5fc4a87750ad1b1f984cb349f45bc81675f045f52b9f33a81b9fa,5,0.8026832342147827,siren,0,thunderstorm,0.47134050726890564,0.04583119601011276,0.04483017697930336,0.07860822975635529,0.19935384392738342,0.160036101937294,0.47134050726890564,diversity,other_candidate__fsd50k__train__23586__2037.wav,0.000000,3.000
train,music,FSD50K,train,316903,316903.wav,"Piano,Keyboard_(musical),Musical_instrument,Music",other__fsd50k__train__316903__hard3s.wav,b5cb4c0d986fb6b4e2eeaad679c78fb21e865e1ce61bd7cd75441291260c5e01,1,0.309347927570343,gunshot_gunfire,0,gunshot_gunfire,0.309347927570343,0.04484299197793007,0.2673899531364441,0.309347927570343,0.19977489113807678,0.13380125164985657,0.04484299197793007,diversity,other_candidate__fsd50k__train__316903__1952.wav,0.000000,3.000
train,music,FSD50K,train,46160,46160.wav,"Hi-hat,Cymbal,Percussion,Musical_instrument,Music",other__fsd50k__train__46160__hard3s.wav,128ffb2b808a6f5a9da2aaae5cd92f87b891a972e7d6b678c5e30afc48922525,1,0.9463594555854797,glass_breaking,0,glass_breaking,0.9463594555854797,0.0012931140372529626,0.9463594555854797,0.006196325644850731,0.012842354364693165,0.033121366053819656,0.00018744940462056547,diversity,other_candidate__fsd50k__train__46160__2125.wav,0.000000,3.000
train,music,FSD50K,train,11990,11990.wav,"Guitar,Plucked_string_instrument,Musical_instrument,Music",other__fsd50k__train__11990__hard3s.wav,bdae318134d334a8c950f070d98562005197378a6f5b566aa3683074959ebbd5,1,0.40687844157218933,speech,0,speech,0.40687844157218933,0.13636378943920135,0.09472046792507172,0.17598582804203033,0.09472046792507172,0.40687844157218933,0.09133103489875793,diversity,other_candidate__fsd50k__train__11990__2141.wav,0.000000,3.000
train,music,FSD50K,train,354530,354530.wav,"Wind_instrument_and_woodwind_instrument,Musical_instrument,Music",other__fsd50k__train__354530__hard3s.wav,c54b386407a8fc0d120437fcbc34a1c2ba12f162762c5c3b436ea3ec0736df16,8,0.9721188545227051,siren,7,siren,0.8994675278663635,0.022848067805171013,0.00611455412581563,0.0008683408959768713,0.8994675278663635,0.07027747482061386,0.00042399161611683667,diversity,other_candidate__fsd50k__train__354530__2075.wav,4.040000,3.000
train,music,FSD50K,train,373920,373920.wav,"Drum,Percussion,Musical_instrument,Music",other__fsd50k__train__373920__hard3s.wav,54f3b6a01e29501fd6540f4f64f10deff31260995b9eff31390a1300893802fb,6,0.8437600135803223,glass_breaking,4,glass_breaking,0.3363763093948364,0.023675769567489624,0.3363763093948364,0.1159554123878479,0.0217287540435791,0.1873410940170288,0.31492266058921814,diversity,other_candidate__fsd50k__train__373920__1953.wav,1.880000,3.000
train,music,FSD50K,train,143106,143106.wav,"Snare_drum,Drum,Percussion,Musical_instrument,Music",other__fsd50k__train__143106__hard3s.wav,005956190db86a906c1962b50eaccd8e36b0454dffab42e4fc4131968a7a4a77,1,0.8678836226463318,glass_breaking,0,glass_breaking,0.8678836226463318,0.00023008788411971182,0.8678836226463318,0.12580819427967072,0.0009883587481454015,0.004403123632073402,0.000686529790982604,diversity,other_candidate__fsd50k__train__143106__1933.wav,0.000000,3.000
train,music,FSD50K,train,247985,247985.wav,"Bowed_string_instrument,Musical_instrument,Music",other__fsd50k__train__247985__hard3s.wav,f4d74c969942166bc2a533b68e1edda04219d6d5d06a1616193cafa7ae8cdc9b,5,0.9929354786872864,siren,3,siren,0.9722779393196106,0.004150668624788523,0.004454770125448704,0.008149086497724056,0.9722779393196106,0.008284181356430054,0.002683341735973954,diversity,other_candidate__fsd50k__train__247985__2063.wav,1.137868,3.000
train,music,FSD50K,train,358727,358727.wav,"Wind_instrument_and_woodwind_instrument,Musical_instrument,Music",other__fsd50k__train__358727__hard3s.wav,05e8bb223d001c6d7f26939cfcdb9bb9946353ef35b17136dc6c9397900170ba,10,0.9445876479148865,siren,0,siren,0.8725055456161499,0.08579695224761963,0.014776727184653282,0.004563634283840656,0.8725055456161499,0.0197146013379097,0.0026424741372466087,diversity,other_candidate__fsd50k__train__358727__2054.wav,0.000000,3.000
train,music,FSD50K,train,248626,248626.wav,"Wind_instrument_and_woodwind_instrument,Musical_instrument,Music",other__fsd50k__train__248626__hard3s.wav,c7624b77a6a34de8dfa5166363ebcb20c9746e2d1c3f3899bff87fcee63ee49b,12,0.7728711366653442,siren,10,siren,0.5750930905342102,0.36519530415534973,0.0012534629786387086,0.003856566036120057,0.5750930905342102,0.048954010009765625,0.0056474958546459675,diversity,other_candidate__fsd50k__train__248626__2124.wav,6.200000,3.000
train,music,FSD50K,train,359323,359323.wav,"Wind_instrument_and_woodwind_instrument,Musical_instrument,Music",other__fsd50k__train__359323__hard3s.wav,e3afdac1a62e56da978a32c6f8db019146b5a419847e7dcb43155d3a0e406d3a,6,0.9911695718765259,siren,4,siren,0.9420079588890076,0.014989699237048626,0.005457236897200346,0.007767768111079931,0.9420079588890076,0.018687309697270393,0.01109004020690918,diversity,other_candidate__fsd50k__train__359323__2091.wav,1.880000,3.000
train,music,FSD50K,train,246639,246639.wav,"Wind_instrument_and_woodwind_instrument,Musical_instrument,Music",other__fsd50k__train__246639__hard3s.wav,fde2c1c8dc784564f7f02fce59a2774e97d66a0277287b55f20b0be6b8fdd26b,10,0.9666447639465332,siren,8,siren,0.6464313864707947,0.055777210742235184,0.044745516031980515,0.034232255071401596,0.6464313864707947,0.20012104511260986,0.01869254931807518,diversity,other_candidate__fsd50k__train__246639__2000.wav,4.500000,3.000
train,music,FSD50K,train,358054,358054.wav,"Bowed_string_instrument,Musical_instrument,Music",other__fsd50k__train__358054__hard3s.wav,09f5ebf37c7b6a682a2162ea07fe4290e30d20ea9d6d94ca3fad15f6b019471d,12,0.79387366771698,siren,1,siren,0.330931693315506,0.09976763278245926,0.1848279982805252,0.12058181315660477,0.330931693315506,0.21099598705768585,0.052894849330186844,diversity,other_candidate__fsd50k__train__358054__2095.wav,0.000000,3.000
train,music,FSD50K,train,150598,150598.wav,"Snare_drum,Drum,Percussion,Musical_instrument,Music",other__fsd50k__train__150598__hard3s.wav,e7b7e5ecf6deaadcb568d534dc9988ca8adeff8ed42a0e6b7b9aa4d9e4f9afc8,1,0.8258561491966248,glass_breaking,0,glass_breaking,0.8258561491966248,0.0016245772130787373,0.8258561491966248,0.1602344661951065,0.002425610087811947,0.00672876788303256,0.0031303989235311747,diversity,other_candidate__fsd50k__train__150598__2085.wav,0.000000,3.000
train,music,FSD50K,train,93912,93912.wav,"Hi-hat,Cymbal,Percussion,Musical_instrument,Music",other__fsd50k__train__93912__hard3s.wav,d3a0f537951e28286ff2f1a0bf949fe5350a7525bf8c8a8fe02f34b88208146d,7,0.8590192198753357,glass_breaking,6,glass_breaking,0.6925028562545776,0.007653322070837021,0.6925028562545776,0.08175349235534668,0.0505802258849144,0.07155298441648483,0.09595713764429092,diversity,other_candidate__fsd50k__train__93912__2090.wav,3.320000,3.000
train,music,FSD50K,train,247522,247522.wav,"Bowed_string_instrument,Musical_instrument,Music",other__fsd50k__train__247522__hard3s.wav,5858814dee92d0c1f9b41c46ae74ba1e586fd2b56a6b03e91407b7283c102820,6,0.978894829750061,siren,2,siren,0.8996970653533936,0.023127630352973938,0.009292102418839931,0.025597503408789635,0.8996970653533936,0.0322309285402298,0.01005474478006363,diversity,other_candidate__fsd50k__train__247522__2049.wav,0.440000,3.000
train,music,FSD50K,train,53951,53951.wav,"Guitar,Plucked_string_instrument,Musical_instrument,Music",other__fsd50k__train__53951__hard3s.wav,cf3dadfc162e8af7490e76015e74ce7898b5b58bd6dda46984bfd35b0ec659d2,3,0.762204647064209,speech,2,speech,0.7132205963134766,0.012255203910171986,0.16828294098377228,0.027672553434967995,0.06761129945516586,0.7132205963134766,0.010957463644444942,diversity,other_candidate__fsd50k__train__53951__1978.wav,0.000000,3.000
train,music,FSD50K,train,354327,354327.wav,"Bowed_string_instrument,Musical_instrument,Music",other__fsd50k__train__354327__hard3s.wav,2c359a62d7ffe93b7bdab6be9d32c717dafc81bc095036bd899753051cab0ebc,3,0.48411381244659424,speech,1,speech,0.41303887963294983,0.10413127392530441,0.07592248916625977,0.15816126763820648,0.02899058721959591,0.41303887963294983,0.21975547075271606,diversity,other_candidate__fsd50k__train__354327__2042.wav,0.000000,3.000
train,music,FSD50K,train,358328,358328.wav,"Bowed_string_instrument,Musical_instrument,Music",other__fsd50k__train__358328__hard3s.wav,34c237d5981e98a08002dc62444ae353f9504180e8514c4ec3a9a8ec815d5f9a,6,0.7830079197883606,siren,2,siren,0.5151785612106323,0.1112295463681221,0.01861914061009884,0.023317009210586548,0.5151785612106323,0.22539205849170685,0.10626363754272461,diversity,other_candidate__fsd50k__train__358328__1982.wav,0.440000,3.000
train,music,FSD50K,train,181541,181541.wav,"Guitar,Plucked_string_instrument,Musical_instrument,Music",other__fsd50k__train__181541__hard3s.wav,b967a625f2234c13a0e922788ee19fda6bf28a506268e140968a2815f273ef0d,11,0.8465744256973267,siren,3,siren,0.43447810411453247,0.1219671294093132,0.01849060133099556,0.030899135395884514,0.43447810411453247,0.3080587089061737,0.08610629290342331,diversity,other_candidate__fsd50k__train__181541__2015.wav,1.160000,3.000
train,music,FSD50K,train,58072,58072.wav,"Strum,Guitar,Plucked_string_instrument,Musical_instrument,Music",other__fsd50k__train__58072__hard3s.wav,ae27fcdb67e99fab45c8e80a5de478f3fa5374db5a40485afc91ab8d4c6d8e4b,13,0.6869744658470154,speech,0,speech,0.4169253706932068,0.10052604973316193,0.13504299521446228,0.06415523588657379,0.02838459424674511,0.4169253706932068,0.25496581196784973,diversity,other_candidate__fsd50k__train__58072__1971.wav,0.000000,3.000
train,music,FSD50K,train,357542,357542.wav,"Trumpet,Brass_instrument,Musical_instrument,Music",other__fsd50k__train__357542__hard3s.wav,6da54f32d939df07d94e5248ce15711840b6b1e92753c9791e46e2d914c6ecb0,4,0.9914449453353882,siren,1,siren,0.9757535457611084,0.0008839679649099708,0.0015690497821196914,0.004148157779127359,0.9757535457611084,0.014741477556526661,0.0029038498178124428,diversity,other_candidate__fsd50k__train__357542__2045.wav,0.000000,3.000
train,music,FSD50K,train,333763,333763.wav,"Organ,Keyboard_(musical),Musical_instrument,Music",other__fsd50k__train__333763__hard3s.wav,ec7a4fa2f758e63212dca694cdf3594267aab47e7d32bfaad8a05f0da06f0f7b,1,0.3742285370826721,thunderstorm,0,thunderstorm,0.3742285370826721,0.020281272009015083,0.0650896355509758,0.2166476994752884,0.2899734675884247,0.03377944976091385,0.3742285370826721,diversity,other_candidate__fsd50k__train__333763__1924.wav,0.000000,3.000
train,music,FSD50K,train,154299,154299.wav,"Wind_instrument_and_woodwind_instrument,Musical_instrument,Music",other__fsd50k__train__154299__hard3s.wav,52bcb2944c10cd81a9e07357044835c0161698259ffb56cce7363c4c1f2b2434,1,0.8470333218574524,siren,0,siren,0.8470333218574524,0.03688974305987358,0.004971667658537626,0.02858426794409752,0.8470333218574524,0.044262226670980453,0.038258787244558334,diversity,other_candidate__fsd50k__train__154299__1974.wav,0.000000,3.000
validation,high_tonal_non_siren,FSD50K,val,45643,45643.wav,Squeak,other_candidate__fsd50k__val__45643__2195.wav,eac696ee5e0539228ef92aa49b010fafe83b149c9069de42fead1fb21277dc9d,11,0.7515078186988831,dog_bark,2,speech,0.3024921417236328,0.1504695862531662,0.21672216057777405,0.19873085618019104,0.03340340778231621,0.3024921417236328,0.0981818363070488,hard_negative,other_candidate__fsd50k__val__45643__2195.wav,,
validation,high_tonal_non_siren,FSD50K,val,231275,231275.wav,"Cowbell,Bell",other_candidate__fsd50k__val__231275__2296.wav,40da9351affaecd25a3ec58942d24f0566c42bcac55b58dc94260fcfd3faa80e,13,0.9988828301429749,glass_breaking,5,glass_breaking,0.9742701649665833,0.001760357990860939,0.9742701649665833,0.008044598624110222,0.0032795267179608345,0.010576088912785053,0.0020692592952400446,hard_negative,other_candidate__fsd50k__val__231275__2296.wav,,
validation,high_tonal_non_siren,FSD50K,val,204465,204465.wav,"Typewriter,Bell,Typing,Domestic_sounds_and_home_sounds",other_candidate__fsd50k__val__204465__2278.wav,f8af6885bda7543c7cc4140904f67bc9a5320e0f2c94a61286e84d3fb6505d18,10,0.9597119688987732,gunshot_gunfire,3,gunshot_gunfire,0.5490255951881409,0.004749675747007132,0.2956054210662842,0.5490255951881409,0.006059391424059868,0.10496549308300018,0.03959442302584648,hard_negative,other_candidate__fsd50k__val__204465__2278.wav,,
validation,high_tonal_non_siren,ESC-50,fold_4,147657,4-147657-A-46.wav,church_bells,other_candidate__esc50__fold_4__147657__2316.wav,1ccb7137cf0c9ff4226cc7a9d6200af0b1f9cd6b06b8799493f8cfd4be8feb2e,6,0.9842542409896851,siren,5,siren,0.8028586506843567,0.007268109824508429,0.005729103926569223,0.028291374444961548,0.8028586506843567,0.091280497610569,0.06457224488258362,hard_negative,other_candidate__esc50__fold_4__147657__2316.wav,,
validation,high_tonal_non_siren,FSD50K,val,36161,36161.wav,"Applause,Trumpet,Crowd,Bell,Human_group_actions,Brass_instrument,Musical_instrument,Music",other_candidate__fsd50k__val__36161__2217.wav,bc80ec8e205f6ac83d4468e227d35ad652704da1e3d48353cac51d655fefeb90,11,0.8548591732978821,speech,6,speech,0.49761950969696045,0.031484030187129974,0.13514076173305511,0.08701425045728683,0.20071066915988922,0.49761950969696045,0.04803076758980751,hard_negative,other_candidate__fsd50k__val__36161__2217.wav,,
validation,high_tonal_non_siren,FSD50K,val,14643,14643.wav,"Wind_chime,Chime,Bell",other_candidate__fsd50k__val__14643__2225.wav,b4b9055e97611642fe06eadc08af7c29606ea614cd3817261934b2b3875a0db5,13,0.9941880702972412,thunderstorm,0,thunderstorm,0.8653274178504944,0.009154794737696648,0.020444761961698532,0.06285605579614639,0.019795311614871025,0.022421615198254585,0.8653274178504944,hard_negative,other_candidate__fsd50k__val__14643__2225.wav,,
validation,high_tonal_non_siren,FSD50K,val,425195,425195.wav,"Church_bell,Bell",other_candidate__fsd50k__val__425195__2247.wav,02f65c43500f649d8918d2023aee1adb36111de7b307a7b9e1ba1072e4886d75,13,0.7450926303863525,dog_bark,1,siren,0.3949073553085327,0.2508070766925812,0.0522124357521534,0.105882927775383,0.3949073553085327,0.15161222219467163,0.04457793012261391,hard_negative,other_candidate__fsd50k__val__425195__2247.wav,,
validation,high_tonal_non_siren,FSD50K,val,14640,14640.wav,"Wind_chime,Chime,Bell",other_candidate__fsd50k__val__14640__2192.wav,b941f9e4115bf9ccfd5d9da3e2c6e4a1b4b0bc65070f8fc60b6ccd3fa7a2f6f7,13,0.987431526184082,thunderstorm,10,thunderstorm,0.7950668334960938,0.0027209739200770855,0.0804499089717865,0.10317493230104446,0.007771332748234272,0.010816024616360664,0.7950668334960938,diversity,other_candidate__fsd50k__val__14640__2192.wav,,
validation,high_tonal_non_siren,FSD50K,val,250506,250506.wav,"Squeak,Walk_and_footsteps,Sliding_door,Slam,Door,Domestic_sounds_and_home_sounds",other_candidate__fsd50k__val__250506__2359.wav,22c59e5ad281bb677c0e9a4646a4a2601fc63fb2c9e9a480715831323bee5bd8,13,0.9722276926040649,thunderstorm,2,thunderstorm,0.4209372401237488,0.016299806535243988,0.1307395100593567,0.11890272796154022,0.1407579630613327,0.1723627746105194,0.4209372401237488,diversity,other_candidate__fsd50k__val__250506__2359.wav,,
validation,high_tonal_non_siren,ESC-50,fold_4,209698,4-209698-A-37.wav,clock_alarm,other_candidate__esc50__fold_4__209698__2287.wav,b8b67daf8895617ba9f2b6b266e6cdc32845ddcc9153b017d06874a95d780945,2,0.9523200392723083,siren,0,siren,0.915451169013977,0.0013746808981522918,0.038815196603536606,0.0015420056879520416,0.915451169013977,0.04262615740299225,0.00019082364451605827,diversity,other_candidate__esc50__fold_4__209698__2287.wav,,
validation,high_tonal_non_siren,FSD50K,val,366728,366728.wav,Squeak,other_candidate__fsd50k__val__366728__2171.wav,85a9b3ed664e08fed4f9db27778c83291d972c6d6e090c9b4bb5d7bc322a509a,13,0.8415851593017578,glass_breaking,7,glass_breaking,0.36090418696403503,0.07371971756219864,0.36090418696403503,0.1793035864830017,0.07210873067378998,0.23797307908535004,0.07599062472581863,diversity,other_candidate__fsd50k__val__366728__2171.wav,,
validation,high_tonal_non_siren,ESC-50,fold_4,125825,4-125825-A-46.wav,church_bells,other_candidate__esc50__fold_4__125825__2368.wav,796a0d8975ce9db3eb4e6d8ce438f6dbbd4ad4a1a8a6a18de4521face6eeb28a,6,0.6403538584709167,glass_breaking,0,glass_breaking,0.35602307319641113,0.008130502887070179,0.35602307319641113,0.2515106499195099,0.2665770351886749,0.07737351208925247,0.04038521647453308,diversity,other_candidate__esc50__fold_4__125825__2368.wav,,
validation,high_tonal_non_siren,FSD50K,val,394657,394657.wav,"Church_bell,Bird_vocalization_and_bird_call_and_bird_song,Bird,Wild_animals,Animal,Bell",other_candidate__fsd50k__val__394657__2310.wav,72330bfb4cde3a2aae054b9f3751c4f85780daff835a28669fbcbd2f9244f04e,13,0.9086716771125793,glass_breaking,0,glass_breaking,0.6233044266700745,0.01720373146235943,0.6233044266700745,0.08463626354932785,0.16268929839134216,0.0744272768497467,0.03773892670869827,diversity,other_candidate__fsd50k__val__394657__2310.wav,,
validation,high_tonal_non_siren,FSD50K,val,218537,218537.wav,Squeak,other_candidate__fsd50k__val__218537__2365.wav,e08dabc7598147da48ca78f444cab95cd6bc9a72e9f4c6c2c50740eae1e85a64,13,0.7482234239578247,glass_breaking,9,glass_breaking,0.33985579013824463,0.13061855733394623,0.33985579013824463,0.07304314523935318,0.1560317575931549,0.26530101895332336,0.03514973819255829,diversity,other_candidate__fsd50k__val__218537__2365.wav,,
validation,high_tonal_non_siren,FSD50K,val,70056,70056.wav,"Cowbell,Livestock_and_farm_animals_and_working_animals,Bell,Animal",other_candidate__fsd50k__val__70056__2232.wav,a51d7cf875e56b861f58c5f9054be0e3280490451ce4c445619bdd7307b93fb8,1,0.9883737564086914,glass_breaking,0,glass_breaking,0.9883737564086914,9.445798787055537e-05,0.9883737564086914,0.009662287309765816,9.445798787055537e-05,0.0016805644845589995,9.445798787055537e-05,diversity,other_candidate__fsd50k__val__70056__2232.wav,,
validation,clapping_applause,FSD50K,val,2780,2780.wav,"Clapping,Hands",other_candidate__fsd50k__val__2780__2435.wav,5f5f55ecbb1a06caffe77dd0623cbb851ba2dad760b71917d0f24849fa653e1b,1,0.8508743047714233,glass_breaking,0,glass_breaking,0.8508743047714233,0.006684533786028624,0.8508743047714233,0.1066131442785263,0.004815501626580954,0.026695672422647476,0.004316830541938543,hard_negative,other_candidate__fsd50k__val__2780__2435.wav,,
validation,clapping_applause,FSD50K,val,175536,175536.wav,"Clapping,Hands",other_candidate__fsd50k__val__175536__2466.wav,d7fb5367ef47392a58f91cfb0ca94692a24ac93800d7b7e2e6fb302e079bf8ed,1,0.9729974269866943,gunshot_gunfire,0,gunshot_gunfire,0.9729974269866943,8.96610799827613e-05,0.02453206665813923,0.9729974269866943,8.96610799827613e-05,0.0018455346580594778,0.00044558089575730264,hard_negative,other_candidate__fsd50k__val__175536__2466.wav,,
validation,clapping_applause,FSD50K,val,391869,391869.wav,"Applause,Human_group_actions",other_candidate__fsd50k__val__391869__2442.wav,1abf3fd0ee42956750941d1f9a5c92805f62bad79fc719b8e3f099a45f9df49b,13,0.9915103912353516,siren,3,speech,0.43376821279525757,0.05849223583936691,0.0708715170621872,0.06132153794169426,0.36377888917922974,0.43376821279525757,0.011767624877393246,hard_negative,other_candidate__fsd50k__val__391869__2442.wav,,
validation,clapping_applause,FSD50K,val,18665,18665.wav,"Applause,Cheering,Human_group_actions",other_candidate__fsd50k__val__18665__2429.wav,8b4a950eb6d4b02c1973e9f9234a17032a52f0d88cb424e9241d64c597cbbc96,13,0.988381564617157,speech,0,speech,0.7791220545768738,0.018358327448368073,0.045435164123773575,0.07225565612316132,0.08217616379261017,0.7791220545768738,0.00265273405238986,hard_negative,other_candidate__fsd50k__val__18665__2429.wav,,
validation,clapping_applause,FSD50K,val,51743,51743.wav,"Applause,Human_group_actions",other_candidate__fsd50k__val__51743__2496.wav,b976d9401a23261ceb538e572946a83831cdd7e965e0ca398469590eb9a720ce,4,0.8246447443962097,thunderstorm,3,thunderstorm,0.7127430438995361,0.008136186748743057,0.04205571487545967,0.1363803893327713,0.05228296294808388,0.04840170964598656,0.7127430438995361,hard_negative,other_candidate__fsd50k__val__51743__2496.wav,,
validation,clapping_applause,FSD50K,val,36162,36162.wav,"Applause,Human_group_actions",other_candidate__fsd50k__val__36162__2480.wav,1959d56a3b36165ffcb1237f29859d6a836410b891be129ee1d58165ab08f528,13,0.800997793674469,glass_breaking,0,glass_breaking,0.4378444254398346,0.02391953207552433,0.4378444254398346,0.09139586240053177,0.1176537573337555,0.1629263013601303,0.16626013815402985,hard_negative,other_candidate__fsd50k__val__36162__2480.wav,,
validation,clapping_applause,FSD50K,val,411042,411042.wav,"Clapping,Hands",other_candidate__fsd50k__val__411042__2452.wav,62b4cf0fc5f4d5107fb80835814cef52ca56fd1f262e16af7c9c490ccd10f50a,6,0.9694803357124329,gunshot_gunfire,5,gunshot_gunfire,0.8756470680236816,0.00015274992620106786,0.1183246299624443,0.8756470680236816,0.00011604856263147667,0.004426160361617804,0.0013333811657503247,hard_negative,other_candidate__fsd50k__val__411042__2452.wav,,
validation,clapping_applause,FSD50K,val,102101,102101.wav,"Applause,Crowd,Cheering,Human_group_actions",other_candidate__fsd50k__val__102101__2489.wav,6b8efad24098b9a16c6767cc931848f92c4017988de0e2db93eb8c9c8b04f95a,9,0.8722982406616211,speech,8,speech,0.4494917094707489,0.026002246886491776,0.15663757920265198,0.13319545984268188,0.07611146569252014,0.4494917094707489,0.15856151282787323,diversity,other_candidate__fsd50k__val__102101__2489.wav,,
validation,clapping_applause,FSD50K,val,61288,61288.wav,"Clapping,Hands",other_candidate__fsd50k__val__61288__2390.wav,6a308c30fcd8cc7915759b8bae24752bf6ee033942962c0342991600a4f1927f,6,0.7743262052536011,speech,0,speech,0.4397144019603729,0.017357639968395233,0.22251330316066742,0.25788071751594543,0.002320599975064397,0.4397144019603729,0.06021331623196602,diversity,other_candidate__fsd50k__val__61288__2390.wav,,
validation,clapping_applause,FSD50K,val,171128,171128.wav,"Applause,Human_group_actions",other_candidate__fsd50k__val__171128__2464.wav,a0003ab01515ccfc01b4c2a7526a26a9ae351319b5f423a0c8192cf7fd0951ea,13,0.8613113760948181,speech,10,speech,0.659815788269043,0.03663714975118637,0.06895904988050461,0.09262867271900177,0.12424512952566147,0.659815788269043,0.017714211717247963,diversity,other_candidate__fsd50k__val__171128__2464.wav,,
validation,clapping_applause,FSD50K,val,221567,221567.wav,"Applause,Crowd,Cheering,Human_group_actions",other_candidate__fsd50k__val__221567__2460.wav,1bc6083608bb81e58a964cadf63a42772c1ac2ea09a3dcdd420052621875d728,11,0.8638443946838379,speech,0,speech,0.5284225940704346,0.02781757526099682,0.2099505513906479,0.08067338168621063,0.1171993687748909,0.5284225940704346,0.03593654930591583,diversity,other_candidate__fsd50k__val__221567__2460.wav,,
validation,clapping_applause,FSD50K,val,139334,139334.wav,"Tap,Clapping,Hands",other_candidate__fsd50k__val__139334__2412.wav,bbc51594b2938a0a0c446ab5110ab1b78c6bddf35be5a844092f720e3c5660c9,10,0.546872079372406,gunshot_gunfire,8,gunshot_gunfire,0.32543864846229553,0.060509033501148224,0.18534238636493683,0.32543864846229553,0.013935675844550133,0.18610718846321106,0.22866709530353546,diversity,other_candidate__fsd50k__val__139334__2412.wav,,
validation,clapping_applause,FSD50K,val,81202,81202.wav,"Applause,Clapping,Human_group_actions,Hands",other_candidate__fsd50k__val__81202__2446.wav,fa230f4295ba4509c4fa0b3e1fac92816906f7f29582e089335e7818a9bbe83f,12,0.88301682472229,gunshot_gunfire,3,gunshot_gunfire,0.45441368222236633,0.02485942654311657,0.18625803291797638,0.45441368222236633,0.004153622779995203,0.25462037324905396,0.07569482177495956,diversity,other_candidate__fsd50k__val__81202__2446.wav,,
validation,clapping_applause,FSD50K,val,178610,178610.wav,"Applause,Human_group_actions",other_candidate__fsd50k__val__178610__2482.wav,dbf89a9ca8950e0a04d7bd7cb6c7cf8d73b71093bb5f57de7e5ee165d166ef80,5,0.505730152130127,thunderstorm,1,thunderstorm,0.2516418993473053,0.056727685034275055,0.07600536942481995,0.21716788411140442,0.17927102744579315,0.21918615698814392,0.2516418993473053,diversity,other_candidate__fsd50k__val__178610__2482.wav,,
validation,clapping_applause,FSD50K,val,262660,262660.wav,"Clapping,Hands",other_candidate__fsd50k__val__262660__2465.wav,883cc8c52af8473f445e9166c039a8a7c0963efad5c49f0613d760c1afa9038b,1,0.8402319550514221,gunshot_gunfire,0,gunshot_gunfire,0.8402319550514221,0.0005341264186426997,0.04897885024547577,0.8402319550514221,0.0005341264186426997,0.10918675363063812,0.0005341264186426997,diversity,other_candidate__fsd50k__val__262660__2465.wav,,
validation,impulsive,FSD50K,val,395863,395863.wav,"Hammer,Tools",other_candidate__fsd50k__val__395863__2529.wav,d0d92677f310f4700aa5e30c663df12027f2df2bba4f3c349d3fd2081e013906,13,0.9949836730957031,glass_breaking,10,glass_breaking,0.6660693883895874,0.0038491585291922092,0.6660693883895874,0.07705716788768768,0.16832786798477173,0.036011554300785065,0.04868483915925026,hard_negative,other_candidate__fsd50k__val__395863__2529.wav,,
validation,impulsive,FSD50K,val,256512,256512.wav,"Knock,Door,Domestic_sounds_and_home_sounds",other_candidate__fsd50k__val__256512__2616.wav,b2c90416eb7bbfa70098310957e0b9bdd38cdd7e5902479641d65871c3579cee,10,0.9851690530776978,gunshot_gunfire,8,gunshot_gunfire,0.7812484502792358,0.004606111906468868,0.06236255168914795,0.7812484502792358,0.004555701278150082,0.12879471480846405,0.018432414159178734,hard_negative,other_candidate__fsd50k__val__256512__2616.wav,,
validation,impulsive,FSD50K,val,160679,160679.wav,"Hammer,Engine,Tools",other_candidate__fsd50k__val__160679__2517.wav,09f4e1be632a1316e76b6742e27e495faff3b94b14eb0ce7c5e7588477463c2e,13,0.9308955669403076,siren,11,siren,0.4353932738304138,0.011310765519738197,0.24584300816059113,0.1035492867231369,0.4353932738304138,0.09366754442453384,0.11023613065481186,hard_negative,other_candidate__fsd50k__val__160679__2517.wav,,
validation,impulsive,FSD50K,val,187865,187865.wav,"Hammer,Tools",other_candidate__fsd50k__val__187865__2642.wav,42f559541ae688279120f141db767c251679757438bdf6ec57d007837c884b59,9,0.905532717704773,speech,8,glass_breaking,0.2931511104106903,0.04913030564785004,0.2931511104106903,0.046536851674318314,0.21952801942825317,0.28800833225250244,0.10364536195993423,hard_negative,other_candidate__fsd50k__val__187865__2642.wav,,
validation,impulsive,FSD50K,val,262632,262632.wav,Crack,other_candidate__fsd50k__val__262632__2596.wav,e91624980651001d220c1aae099b9c602b4c708a13250b7b1db50f7defa6d9ab,13,0.8366312384605408,thunderstorm,4,thunderstorm,0.6194058656692505,0.040185097604990005,0.10219110548496246,0.10968875885009766,0.05812949314713478,0.07039964944124222,0.6194058656692505,hard_negative,other_candidate__fsd50k__val__262632__2596.wav,,
validation,impulsive,FSD50K,val,389692,389692.wav,"Hammer,Tools",other_candidate__fsd50k__val__389692__2665.wav,0fabd818a251842e8f205443cf6aa2279adbd43e787f29c798e03838d90ef114,8,0.9945789575576782,glass_breaking,1,glass_breaking,0.9019029140472412,0.0024879048578441143,0.9019029140472412,0.035158272832632065,0.03314771130681038,0.014787117950618267,0.012516079470515251,hard_negative,other_candidate__fsd50k__val__389692__2665.wav,,
validation,impulsive,FSD50K,val,151088,151088.wav,"Knock,Door,Domestic_sounds_and_home_sounds",other_candidate__fsd50k__val__151088__2585.wav,ada4c0d95d74d330d0395f314be8b476003d26f105909afef7fd17d8e9f9a9a0,1,0.9850532412528992,gunshot_gunfire,0,gunshot_gunfire,0.9850532412528992,0.00015679585339967161,0.007461734116077423,0.9850532412528992,0.00015679585339967161,0.00693727470934391,0.0002341075596632436,hard_negative,other_candidate__fsd50k__val__151088__2585.wav,,
validation,impulsive,FSD50K,val,250539,250539.wav,"Knock,Door,Domestic_sounds_and_home_sounds",other_candidate__fsd50k__val__250539__2608.wav,8de665b3e25b855de4231a2c796a16f9d10b8467d4df3ffca9326125bffc618d,13,0.7970662117004395,gunshot_gunfire,3,gunshot_gunfire,0.6640052795410156,0.0025173979811370373,0.1667681783437729,0.6640052795410156,0.009967055171728134,0.021758556365966797,0.13498350977897644,diversity,other_candidate__fsd50k__val__250539__2608.wav,,
validation,impulsive,FSD50K,val,236798,236798.wav,"Finger_snapping,Hands",other_candidate__fsd50k__val__236798__2604.wav,36b535a9340635cf92d7765fc1b9cef072f69e75d7fe2e35c7b888251d666a15,5,0.6136387586593628,glass_breaking,2,glass_breaking,0.517270028591156,0.03306414559483528,0.517270028591156,0.040161602199077606,0.007963811978697777,0.3893721401691437,0.012168342247605324,diversity,other_candidate__fsd50k__val__236798__2604.wav,,
validation,impulsive,FSD50K,val,22740,22740.wav,"Finger_snapping,Hands",other_candidate__fsd50k__val__22740__2605.wav,8b766a0d55f552e439191b55521f51e0b76a8d3a2cbb84dc534d9cca9cfa151f,1,0.8116178512573242,gunshot_gunfire,0,gunshot_gunfire,0.8116178512573242,0.0002776914625428617,0.17566277086734772,0.8116178512573242,0.0002776914625428617,0.011013874784111977,0.0011501586996018887,diversity,other_candidate__fsd50k__val__22740__2605.wav,,
validation,impulsive,FSD50K,val,387981,387981.wav,"Chirp_and_tweet,Slam,Car,Motor_vehicle_(road),Vehicle,Bird_vocalization_and_bird_call_and_bird_song,Bird,Wild_animals,Animal,Door,Domestic_sounds_and_home_sounds",other_candidate__fsd50k__val__387981__2559.wav,d1d5ffbe59f133ab8afed9eac6eb3e33c934ef7ccef1f884d023061b3ff96ad5,3,0.5122867226600647,gunshot_gunfire,0,gunshot_gunfire,0.4340353012084961,0.010735518299043179,0.17807263135910034,0.4340353012084961,0.06468480825424194,0.05414621904492378,0.2583254873752594,diversity,other_candidate__fsd50k__val__387981__2559.wav,,
validation,impulsive,FSD50K,val,251007,251007.wav,"Slam,Door,Domestic_sounds_and_home_sounds",other_candidate__fsd50k__val__251007__2580.wav,ffd7f0b612065bf8bf8442287887f85e275a71fbcdc9bf1d60bf0bbe5990419b,6,0.8797188997268677,gunshot_gunfire,5,gunshot_gunfire,0.4126467704772949,0.004540953319519758,0.34857073426246643,0.4126467704772949,0.010730545036494732,0.13036741316318512,0.09314355999231339,diversity,other_candidate__fsd50k__val__251007__2580.wav,,
validation,impulsive,FSD50K,val,318614,318614.wav,"Knock,Door,Domestic_sounds_and_home_sounds",other_candidate__fsd50k__val__318614__2602.wav,75544f9270e5c29514e4c766e90a23ae9e54cd1a1aecdf6816bce59b3541934d,3,0.7517123222351074,gunshot_gunfire,0,gunshot_gunfire,0.6396862864494324,0.00666681258007884,0.1936383992433548,0.6396862864494324,0.004876407794654369,0.07845952361822128,0.07667253166437149,diversity,other_candidate__fsd50k__val__318614__2602.wav,,
validation,impulsive,FSD50K,val,319812,319812.wav,"Finger_snapping,Hands",other_candidate__fsd50k__val__319812__2582.wav,0a367bfcdddd5d9eee26a3f68b8a240c4c539a303995c6d3113d664b0dbd445d,1,0.40464022755622864,gunshot_gunfire,0,gunshot_gunfire,0.40464022755622864,0.021929429844021797,0.09769531339406967,0.40464022755622864,0.001840314012952149,0.376199334859848,0.09769531339406967,diversity,other_candidate__fsd50k__val__319812__2582.wav,,
validation,impulsive,FSD50K,val,434339,434339.wav,"Hammer,Tools",other_candidate__fsd50k__val__434339__2542.wav,fdacfca30ee444a16460da72874baf48a12ae738345c94e773c1d9b1d53741ae,13,0.97444087266922,glass_breaking,5,glass_breaking,0.7768010497093201,0.00483431201428175,0.7768010497093201,0.14431004226207733,0.01050871517509222,0.03948742896318436,0.02405848726630211,diversity,other_candidate__fsd50k__val__434339__2542.wav,,
validation,metallic_fragile,FSD50K,val,395745,395745.wav,"Cutlery_and_silverware,Dishes_and_pots_and_pans,Domestic_sounds_and_home_sounds",other_candidate__fsd50k__val__395745__2742.wav,a1787b9a89487d65defa92cc46f28e0fb8ad9444f5de34245baf4e3123e721c7,9,0.9956932663917542,glass_breaking,6,glass_breaking,0.7723575234413147,0.014548957347869873,0.7723575234413147,0.02628696709871292,0.01280851662158966,0.13784055411815643,0.03615744784474373,hard_negative,other_candidate__fsd50k__val__395745__2742.wav,,
validation,metallic_fragile,FSD50K,val,419469,419469.wav,"Coin_(dropping),Domestic_sounds_and_home_sounds",other_candidate__fsd50k__val__419469__2739.wav,1f0566365274d21f61fb41eeef10ee226d51f543e07dd63d6d7e4a654e6a4b9f,6,0.8915934562683105,gunshot_gunfire,3,glass_breaking,0.44722291827201843,0.007786385715007782,0.44722291827201843,0.3139398396015167,0.13491123914718628,0.050497498363256454,0.045642171055078506,hard_negative,other_candidate__fsd50k__val__419469__2739.wav,,
validation,metallic_fragile,FSD50K,val,131935,131935.wav,"Coin_(dropping),Domestic_sounds_and_home_sounds",other_candidate__fsd50k__val__131935__2745.wav,de16cd5c6348216df932818e22bcb6d58c644e6c63dd49f2997d5d4d2b9cff72,8,0.8562214374542236,siren,2,siren,0.43488386273384094,0.021930424496531487,0.08281105756759644,0.20029792189598083,0.43488386273384094,0.1794082522392273,0.08066855370998383,hard_negative,other_candidate__fsd50k__val__131935__2745.wav,,
validation,metallic_fragile,FSD50K,val,432422,432422.wav,"Coin_(dropping),Domestic_sounds_and_home_sounds",other_candidate__fsd50k__val__432422__2690.wav,c8dd4a787b794b0120943be2ae432145c58d4d4191d8f1b0bd168ea0030ea1f5,13,0.9987396597862244,speech,4,glass_breaking,0.4242381453514099,0.006351702380925417,0.4242381453514099,0.11332786828279495,0.012010893784463406,0.40608757734298706,0.03798387572169304,hard_negative,other_candidate__fsd50k__val__432422__2690.wav,,
validation,metallic_fragile,FSD50K,val,94206,94206.wav,"Dishes_and_pots_and_pans,Domestic_sounds_and_home_sounds",other_candidate__fsd50k__val__94206__2811.wav,7376471a496d86f63090dfed7b39360b08a6e03f076369a9266d0eb7f5554a54,10,0.9676902890205383,thunderstorm,8,thunderstorm,0.5374143123626709,0.023389652371406555,0.02236323058605194,0.1368570625782013,0.05840668827295303,0.22156909108161926,0.5374143123626709,hard_negative,other_candidate__fsd50k__val__94206__2811.wav,,
validation,metallic_fragile,FSD50K,val,323809,323809.wav,"Coin_(dropping),Domestic_sounds_and_home_sounds",other_candidate__fsd50k__val__323809__2670.wav,788166479bc828d15f09d210064f3c4e6f4c86e1fc47ca13bba2efa2026176f9,1,0.9943291544914246,glass_breaking,0,glass_breaking,0.9943291544914246,0.0012631642166525126,0.9943291544914246,0.0010918366024270654,0.0008774140733294189,0.0023468954022973776,9.162678179563954e-05,hard_negative,other_candidate__fsd50k__val__323809__2670.wav,,
validation,metallic_fragile,FSD50K,val,365538,365538.wav,"Cutlery_and_silverware,Domestic_sounds_and_home_sounds",other_candidate__fsd50k__val__365538__2796.wav,5c1e579181643852d1117784f462f2ae05f6738359f22831298bd8b9accc3864,1,0.8766232132911682,gunshot_gunfire,0,gunshot_gunfire,0.8766232132911682,0.00020088294695597142,0.0984649583697319,0.8766232132911682,0.00035987471346743405,0.023773130029439926,0.0005779403727501631,hard_negative,other_candidate__fsd50k__val__365538__2796.wav,,
validation,metallic_fragile,FSD50K,val,174080,174080.wav,"Coin_(dropping),Domestic_sounds_and_home_sounds",other_candidate__fsd50k__val__174080__2825.wav,0fa146d7936dfc4e7cbb1190b96f7fd66b7506c3e8e1e4aa6d053c87acefa857,1,0.3480914831161499,thunderstorm,0,thunderstorm,0.3480914831161499,0.020290963351726532,0.10846176743507385,0.20899511873722076,0.13997657597064972,0.17418411374092102,0.3480914831161499,diversity,other_candidate__fsd50k__val__174080__2825.wav,,
validation,metallic_fragile,FSD50K,val,387957,387957.wav,"Cutlery_and_silverware,Domestic_sounds_and_home_sounds",other_candidate__fsd50k__val__387957__2666.wav,7241c3112ea94ab0142dcf2d0bb0ae96ae0adf85047eeeb9ef31580bbf0079c6,9,0.8730044364929199,glass_breaking,3,glass_breaking,0.4886361360549927,0.02026403322815895,0.4886361360549927,0.14004290103912354,0.01840745285153389,0.25639867782592773,0.076250821352005,diversity,other_candidate__fsd50k__val__387957__2666.wav,,
validation,metallic_fragile,FSD50K,val,134885,134885.wav,"Keys_jangling,Domestic_sounds_and_home_sounds",other_candidate__fsd50k__val__134885__2801.wav,4d9903ce425c401586f1aac9deec645f5a33a66f018b4df60a10ad5d5c59158d,13,0.9239833354949951,glass_breaking,12,glass_breaking,0.7378462553024292,0.008842761628329754,0.7378462553024292,0.12580156326293945,0.009816006757318974,0.05802558362483978,0.05966790392994881,diversity,other_candidate__fsd50k__val__134885__2801.wav,,
validation,metallic_fragile,FSD50K,val,16428,16428.wav,"Coin_(dropping),Domestic_sounds_and_home_sounds",other_candidate__fsd50k__val__16428__2675.wav,a28be00cf4cb37f26a6e78b97c9c48db06134c8cfbda3398cd5956cd64e7d1c6,1,0.38666805624961853,speech,0,speech,0.38666805624961853,0.0389341339468956,0.179888054728508,0.23215657472610474,0.07233764231204987,0.38666805624961853,0.09001553058624268,diversity,other_candidate__fsd50k__val__16428__2675.wav,,
validation,metallic_fragile,FSD50K,val,185145,185145.wav,"Coin_(dropping),Domestic_sounds_and_home_sounds",other_candidate__fsd50k__val__185145__2738.wav,65f2096c1e23f02ec3c5462f87a8fcb3348cea19b2e6a2ef99213ad6f2b58130,13,0.8839346766471863,glass_breaking,9,glass_breaking,0.5431210994720459,0.014594621025025845,0.5431210994720459,0.12387076765298843,0.01275700330734253,0.22602306306362152,0.079633429646492,diversity,other_candidate__fsd50k__val__185145__2738.wav,,
validation,metallic_fragile,FSD50K,val,94267,94267.wav,"Dishes_and_pots_and_pans,Domestic_sounds_and_home_sounds",other_candidate__fsd50k__val__94267__2732.wav,d80812a7636db70929285a8e10e648857ae2d03c5584d5f22c20c1241fc733d4,6,0.966501772403717,glass_breaking,1,glass_breaking,0.46867501735687256,0.057138681411743164,0.46867501735687256,0.05512259900569916,0.11882687360048294,0.07648695260286331,0.2237498164176941,diversity,other_candidate__fsd50k__val__94267__2732.wav,,
validation,metallic_fragile,FSD50K,val,94269,94269.wav,"Dishes_and_pots_and_pans,Domestic_sounds_and_home_sounds",other_candidate__fsd50k__val__94269__2817.wav,aa93419a9432845ec966b4c7b41b3c9fd9cd6ca107e84848a60d77d6a274ff71,7,0.6443008780479431,glass_breaking,0,glass_breaking,0.4028140902519226,0.03759586066007614,0.4028140902519226,0.12971682846546173,0.07045739144086838,0.2547588348388672,0.10465695708990097,diversity,other_candidate__fsd50k__val__94269__2817.wav,,
validation,metallic_fragile,FSD50K,val,167564,167564.wav,"Coin_(dropping),Domestic_sounds_and_home_sounds",other_candidate__fsd50k__val__167564__2795.wav,8ad5d24fb0075084abc249e1d3a16a2b97404756dd75225eee51d5e1a90fd422,1,0.8294544816017151,glass_breaking,0,glass_breaking,0.8294544816017151,0.0006561308400705457,0.8294544816017151,0.08983298391103745,0.027991047129034996,0.04334363341331482,0.008721725083887577,diversity,other_candidate__fsd50k__val__167564__2795.wav,,
validation,human_non_speech,ESC-50,fold_4,172500,4-172500-B-27.wav,brushing_teeth,other_candidate__esc50__fold_4__172500__2959.wav,270f65cfb8606ba1103c8c16f4be1df82740b16102fd32b9d12762b66fadb2dd,6,0.9358643293380737,dog_bark,1,dog_bark,0.34958234429359436,0.34958234429359436,0.21581518650054932,0.05808413028717041,0.041578467935323715,0.2481517642736435,0.08678809553384781,hard_negative,other_candidate__esc50__fold_4__172500__2959.wav,,
validation,human_non_speech,FSD50K,val,392340,392340.wav,Chewing_and_mastication,other_candidate__fsd50k__val__392340__3002.wav,c8907e732939194f1f7c479cce97b8e980520f44a9c8db8c60b0280df90d8cbe,10,0.9716297388076782,glass_breaking,9,glass_breaking,0.5635319948196411,0.02342500165104866,0.5635319948196411,0.04682181403040886,0.004962830804288387,0.18096664547920227,0.18029171228408813,hard_negative,other_candidate__fsd50k__val__392340__3002.wav,,
validation,human_non_speech,FSD50K,val,173596,173596.wav,"Walk_and_footsteps,Run",other_candidate__fsd50k__val__173596__3009.wav,af6f63775e4c7d5ee63d4ddb088ae26fcdb12af7968e4344d4e6e7150a8b584f,12,0.8770222067832947,gunshot_gunfire,4,glass_breaking,0.4616568088531494,0.010161266662180424,0.4616568088531494,0.40527579188346863,0.0056658294051885605,0.07168124616146088,0.04555903375148773,hard_negative,other_candidate__fsd50k__val__173596__3009.wav,,
validation,human_non_speech,FSD50K,val,241721,241721.wav,"Walk_and_footsteps,Car_passing_by,Engine,Car,Motor_vehicle_(road),Vehicle",other_candidate__fsd50k__val__241721__2968.wav,42e59f2d299fb8f1006183fdae527100512e57406f6c506e9fb2fb56ffb46e15,13,0.9703238606452942,siren,8,siren,0.4867996871471405,0.010634331963956356,0.039786919951438904,0.14047707617282867,0.4867996871471405,0.027409682050347328,0.2948923707008362,hard_negative,other_candidate__fsd50k__val__241721__2968.wav,,
validation,human_non_speech,FSD50K,val,325569,325569.wav,"Cough,Respiratory_sounds",other_candidate__fsd50k__val__325569__2832.wav,8891507a01c6083a1b02b8fa448bf7738ebf0862864d9e73747a988b55539931,5,0.9994025230407715,speech,2,speech,0.9702932238578796,0.020799893885850906,0.0033272099681198597,0.0027010685298591852,0.0013766472693532705,0.9702932238578796,0.0015020293649286032,hard_negative,other_candidate__fsd50k__val__325569__2832.wav,,
validation,human_non_speech,ESC-50,fold_4,194979,4-194979-A-25.wav,footsteps,other_candidate__esc50__fold_4__194979__2992.wav,ef46de922532c82310795bd5bd705a1837eb051b73997cddd0d39c1d8283d8e9,6,0.9742770195007324,thunderstorm,1,thunderstorm,0.7949716448783875,0.007820107974112034,0.04238881170749664,0.08629965782165527,0.011427869088947773,0.057091955095529556,0.7949716448783875,hard_negative,other_candidate__esc50__fold_4__194979__2992.wav,,
validation,human_non_speech,FSD50K,val,265483,265483.wav,Chewing_and_mastication,other_candidate__fsd50k__val__265483__2879.wav,0193c3b0b3d587d68cdbec76a21cec1daabcc2aadb21998ce12c0351bc5fec34,4,0.9033195376396179,dog_bark,1,speech,0.38752901554107666,0.34246641397476196,0.02788463607430458,0.03140784054994583,0.013522183522582054,0.38752901554107666,0.19718989729881287,hard_negative,other_candidate__fsd50k__val__265483__2879.wav,,
validation,human_non_speech,FSD50K,val,19212,19212.wav,"Giggle,Laughter,Human_voice",other_candidate__fsd50k__val__19212__2893.wav,cd39f0fd6302494a485e6b620917e48f7d4429466cf1c4a8fcc61514cf19f6c6,1,0.9628130793571472,speech,0,speech,0.9628130793571472,0.008437702432274818,0.010499713942408562,0.01511585246771574,0.0010964658576995134,0.9628130793571472,0.002037178026512265,diversity,other_candidate__fsd50k__val__19212__2893.wav,,
validation,human_non_speech,ESC-50,fold_4,207116,4-207116-A-23.wav,breathing,other_candidate__esc50__fold_4__207116__2835.wav,968b86fb269eeee6546d2a9f49a113810aefb42909460b975821f5fc025425dd,6,0.47051993012428284,thunderstorm,5,gunshot_gunfire,0.2834506928920746,0.03569604456424713,0.15647445619106293,0.2834506928920746,0.055334825068712234,0.21564120054244995,0.2534027695655823,diversity,other_candidate__esc50__fold_4__207116__2835.wav,,
validation,human_non_speech,FSD50K,val,199567,199567.wav,"Walk_and_footsteps,Chirp_and_tweet,Bird_vocalization_and_bird_call_and_bird_song,Bird,Wild_animals,Animal",other_candidate__fsd50k__val__199567__2979.wav,a3c7e1a8371294a66d2ec089a456e66bfa0818c85362fccf819d9e6fd966d3d5,5,0.5322843194007874,glass_breaking,4,glass_breaking,0.2968362867832184,0.06412401795387268,0.2968362867832184,0.13591548800468445,0.13318496942520142,0.13950470089912415,0.2304345816373825,diversity,other_candidate__fsd50k__val__199567__2979.wav,,
validation,human_non_speech,FSD50K,val,413645,413645.wav,Chewing_and_mastication,other_candidate__fsd50k__val__413645__2878.wav,8eb1dd64f4fe8a365f722736be88ba9e6e9847877385acb517d7210f340e9691,13,0.826277494430542,glass_breaking,9,speech,0.3226766288280487,0.08939342945814133,0.2790612578392029,0.0363021157681942,0.003833751194179058,0.3226766288280487,0.26873281598091125,diversity,other_candidate__fsd50k__val__413645__2878.wav,,
validation,human_non_speech,FSD50K,val,342201,342201.wav,Burping_and_eructation,other_candidate__fsd50k__val__342201__3042.wav,9e602ccb1be1f2242f05a48485e5c20b327257b6de0b2f64e14ea3b2c6628555,1,0.8955885171890259,speech,0,speech,0.8955885171890259,0.045124854892492294,0.007567724213004112,0.01050497218966484,0.040451936423778534,0.8955885171890259,0.000762004463467747,diversity,other_candidate__fsd50k__val__342201__3042.wav,,
validation,human_non_speech,FSD50K,val,379297,379297.wav,"Walk_and_footsteps,Run",other_candidate__fsd50k__val__379297__2991.wav,9c6ab55ef97dd2ea1be3aa932496497de8f1f996087e8d54de564958f7b59f08,13,0.8270900845527649,thunderstorm,4,thunderstorm,0.4507357180118561,0.018082983791828156,0.26913926005363464,0.154414564371109,0.01229043398052454,0.09533699601888657,0.4507357180118561,diversity,other_candidate__fsd50k__val__379297__2991.wav,,
validation,human_non_speech,FSD50K,val,254884,254884.wav,"Sneeze,Respiratory_sounds",other_candidate__fsd50k__val__254884__2957.wav,3ce20ac7d37771fc1c28b8879488e3888398f95ece3d3708520095ebadccc767,4,0.7624226212501526,speech,1,speech,0.4407885670661926,0.08558561652898788,0.17872437834739685,0.12739168107509613,0.0031868694350123405,0.4407885670661926,0.1643228828907013,diversity,other_candidate__fsd50k__val__254884__2957.wav,,
validation,human_non_speech,ESC-50,fold_4,185619,4-185619-A-21.wav,sneezing,other_candidate__esc50__fold_4__185619__2894.wav,3c07f7c7150ca66a8f690bfc56ccbcdab63d94b870c2e0e9c6ec150f56316c91,3,0.9180764555931091,speech,2,speech,0.7968997955322266,0.12069928646087646,0.025183288380503654,0.0137540427967906,0.00407128082588315,0.7968997955322266,0.0393923781812191,diversity,other_candidate__esc50__fold_4__185619__2894.wav,,
validation,animal_non_target,FSD50K,val,17909,17909.wav,"Livestock_and_farm_animals_and_working_animals,Animal",other_candidate__fsd50k__val__17909__3138.wav,41ab54871ef71c2e98f6212b1e75b8c4bd1e5417efcbdd87bd57905371c7a9c6,13,0.9916852712631226,dog_bark,7,dog_bark,0.8055925965309143,0.8055925965309143,0.006533982697874308,0.0039361449889838696,0.006930687464773655,0.1732097566127777,0.0037968517281115055,hard_negative,other_candidate__fsd50k__val__17909__3138.wav,,
validation,animal_non_target,FSD50K,val,157398,157398.wav,"Livestock_and_farm_animals_and_working_animals,Animal",other_candidate__fsd50k__val__157398__3195.wav,2e02a89d523275c23f8cb8f20a5ce2553fd474a5de091f65a17d66a6b5d6b621,13,0.9942799806594849,glass_breaking,3,glass_breaking,0.9060662984848022,0.005399199202656746,0.9060662984848022,0.017681758850812912,0.05178304761648178,0.008832037448883057,0.010237605310976505,hard_negative,other_candidate__fsd50k__val__157398__3195.wav,,
validation,animal_non_target,FSD50K,val,32679,32679.wav,"Livestock_and_farm_animals_and_working_animals,Animal",other_candidate__fsd50k__val__32679__3112.wav,be8b2c2cfabcf90d8a8c1fb8f6bd7934eb2d31ab875d1363ee8800a995488c44,13,0.9519999027252197,gunshot_gunfire,8,gunshot_gunfire,0.7252534627914429,0.002117799362167716,0.17219246923923492,0.7252534627914429,0.0016222060658037663,0.04731166362762451,0.051502425223588943,hard_negative,other_candidate__fsd50k__val__32679__3112.wav,,
validation,animal_non_target,FSD50K,val,345761,345761.wav,"Chirp_and_tweet,Car_passing_by,Engine,Bird_vocalization_and_bird_call_and_bird_song,Bird,Wild_animals,Animal,Car,Motor_vehicle_(road),Vehicle",other_candidate__fsd50k__val__345761__3118.wav,06292606a61ad6ba4645c194de3f51150090fb3906a6955db67eb9d4972d53b5,13,0.9936989545822144,siren,11,siren,0.7303225994110107,0.0036448128521442413,0.07902704924345016,0.028958503156900406,0.7303225994110107,0.022527435794472694,0.1355196088552475,hard_negative,other_candidate__fsd50k__val__345761__3118.wav,,
validation,animal_non_target,FSD50K,val,120160,120160.wav,"Meow,Cat,Domestic_animals_and_pets,Animal",other_candidate__fsd50k__val__120160__3197.wav,9e0ed895261e25b0accf8a53ef81f2f9efe44184f369d9552d1124eb7c4abf26,11,0.990580141544342,speech,2,speech,0.74656081199646,0.15778064727783203,0.008242973126471043,0.0075868768617510796,0.07185424119234085,0.74656081199646,0.007974570617079735,hard_negative,other_candidate__fsd50k__val__120160__3197.wav,,
validation,animal_non_target,FSD50K,val,275640,275640.wav,"Cricket,Wind,Insect,Wild_animals,Animal",other_candidate__fsd50k__val__275640__3128.wav,681951d3105337b37a2f7278b48202d7ed94d0165aa9019e1abef022a7ab59c1,4,0.9706539511680603,thunderstorm,1,thunderstorm,0.8427963256835938,0.001242379774339497,0.002234760671854019,0.058208175003528595,0.08796326816082001,0.007555066607892513,0.8427963256835938,hard_negative,other_candidate__fsd50k__val__275640__3128.wav,,
validation,animal_non_target,FSD50K,val,76796,76796.wav,"Livestock_and_farm_animals_and_working_animals,Animal",other_candidate__fsd50k__val__76796__3200.wav,8492fccd0c100d6aa30c89ca2c81fa4899106924b561c34e31d90b4b1b446809,3,0.9858706593513489,dog_bark,1,dog_bark,0.6662482619285583,0.6662482619285583,0.009405390359461308,0.0055890572257339954,0.005277080461382866,0.2682790756225586,0.045201096683740616,hard_negative,other_candidate__fsd50k__val__76796__3200.wav,,
validation,animal_non_target,FSD50K,val,77241,77241.wav,"Livestock_and_farm_animals_and_working_animals,Animal",other_candidate__fsd50k__val__77241__3250.wav,ec86f263c9c76b0aec71ea563b6ea4e9d1539047e0b04c1c6901894d388b6e2a,5,0.9485720992088318,siren,2,siren,0.5530169010162354,0.2654667794704437,0.0026513796765357256,0.03350336477160454,0.5530169010162354,0.07980537414550781,0.06555619090795517,diversity,other_candidate__fsd50k__val__77241__3250.wav,,
validation,animal_non_target,ESC-50,fold_4,196671,4-196671-A-8.wav,sheep,other_candidate__esc50__fold_4__196671__3164.wav,7472a672fed08973c3812bcee6dbdb7de83934614b17ef70e0b34b62af2c2b57,6,0.9465240240097046,speech,0,speech,0.6604425311088562,0.021199868991971016,0.009566353633999825,0.07175837457180023,0.18657951056957245,0.6604425311088562,0.050453413277864456,diversity,other_candidate__esc50__fold_4__196671__3164.wav,,
validation,animal_non_target,FSD50K,val,263786,263786.wav,"Gull_and_seagull,Bird,Wild_animals,Animal",other_candidate__fsd50k__val__263786__3220.wav,7135d6191d128d140049304a5a27ff7a29cb8296f12f346559a89ea68ed57796,1,0.9477681517601013,dog_bark,0,dog_bark,0.9477681517601013,0.9477681517601013,0.001343099749647081,0.00022524638916365802,0.00926532968878746,0.04127691686153412,0.00012123386113671586,diversity,other_candidate__fsd50k__val__263786__3220.wav,,
validation,animal_non_target,FSD50K,val,29535,29535.wav,"Chicken_and_rooster,Fowl,Livestock_and_farm_animals_and_working_animals,Animal",other_candidate__fsd50k__val__29535__3214.wav,41d4f8ba31d2373b1a507f2580ec035428928f0658e0b45a4cb1be64cac5aec0,8,0.7639028429985046,thunderstorm,6,thunderstorm,0.3041617274284363,0.1450548768043518,0.12651479244232178,0.09339331835508347,0.13205496966838837,0.1988202929496765,0.3041617274284363,diversity,other_candidate__fsd50k__val__29535__3214.wav,,
validation,animal_non_target,ESC-50,fold_4,208021,4-208021-A-1.wav,rooster,other_candidate__esc50__fold_4__208021__3301.wav,b3daaeacca340f005fe7a337c1ab2b22f28c8ea1f477dc5f6aeb06e5a3a1a582,3,0.6299191117286682,dog_bark,2,dog_bark,0.5240514874458313,0.5240514874458313,0.021325508132576942,0.00558697571977973,0.3203461468219757,0.12241864204406738,0.00627124821767211,diversity,other_candidate__esc50__fold_4__208021__3301.wav,,
validation,animal_non_target,FSD50K,val,39990,39990.wav,"Meow,Cat,Domestic_animals_and_pets,Animal",other_candidate__fsd50k__val__39990__3160.wav,da46e3dddee03eba63f50da78ad7f864a388ef18a3bbb8240f7d26db6c893c2a,12,0.9027056694030762,speech,4,speech,0.38521456718444824,0.0953994169831276,0.03683057799935341,0.05655466392636299,0.1331573724746704,0.38521456718444824,0.29284337162971497,diversity,other_candidate__fsd50k__val__39990__3160.wav,,
validation,animal_non_target,FSD50K,val,117250,117250.wav,"Livestock_and_farm_animals_and_working_animals,Animal",other_candidate__fsd50k__val__117250__3168.wav,2f2e9961ffddc573531684491827eb13dbf58cd1e417d75857f016c1228ecec3,2,0.822202742099762,speech,0,speech,0.6722146272659302,0.28749555349349976,0.001564046018756926,0.02872881293296814,0.003922565840184689,0.6722146272659302,0.006074422039091587,diversity,other_candidate__fsd50k__val__117250__3168.wav,,
validation,animal_non_target,ESC-50,fold_4,147240,4-147240-A-2.wav,pig,other_candidate__esc50__fold_4__147240__3279.wav,e37e3876cb219618a9f0bb90d1cac1b50a964dd2805bab6cb4cf07e981a84005,6,0.9798163175582886,speech,5,speech,0.7146947383880615,0.10198015719652176,0.042236074805259705,0.053047504276037216,0.012218847870826721,0.7146947383880615,0.07582273334264755,diversity,other_candidate__esc50__fold_4__147240__3279.wav,,
validation,weather_ambient,FSD50K,val,42973,42973.wav,Wind,other_candidate__fsd50k__val__42973__3347.wav,e078d3e23bb0dba45ed5bb9620aa76209e7c59b2e74de3475119bb2984c7add8,13,0.8047819137573242,dog_bark,0,thunderstorm,0.3455047011375427,0.15426136553287506,0.04053787514567375,0.10472983866930008,0.1521291583776474,0.20283706486225128,0.3455047011375427,hard_negative,other_candidate__fsd50k__val__42973__3347.wav,,
validation,weather_ambient,ESC-50,fold_4,180453,4-180453-A-17.wav,pouring_water,other_candidate__esc50__fold_4__180453__3334.wav,50a25a3b6348ad0000b265cc8d9b27846f41bb14d9784caabe996233dd62cf6a,6,0.9866644144058228,glass_breaking,5,glass_breaking,0.49069198966026306,0.03168034180998802,0.49069198966026306,0.05341928079724312,0.012154725380241871,0.2672945559024811,0.14475911855697632,hard_negative,other_candidate__esc50__fold_4__180453__3334.wav,,
validation,weather_ambient,FSD50K,val,351745,351745.wav,"Waves_and_surf,Ocean,Water",other_candidate__fsd50k__val__351745__3353.wav,6d6a24dceb3bcb56ed6167ba49267ae3db510523714e6e03b1a1d28279d9af59,13,0.7787054181098938,gunshot_gunfire,6,gunshot_gunfire,0.3605490028858185,0.0028926911763846874,0.044790275394916534,0.3605490028858185,0.22220078110694885,0.05786466225981712,0.31170254945755005,hard_negative,other_candidate__fsd50k__val__351745__3353.wav,,
validation,weather_ambient,ESC-50,fold_4,144085,4-144085-A-16.wav,wind,other_candidate__esc50__fold_4__144085__3380.wav,b757e037f324d9c0986290237792ae24d2df71988e9c4f972d1252c9de8ac088,6,0.996340811252594,siren,2,siren,0.9871930480003357,0.0017480775713920593,0.00011875847121700644,0.0006923775072209537,0.9871930480003357,0.002332785865291953,0.007914998568594456,hard_negative,other_candidate__esc50__fold_4__144085__3380.wav,,
validation,weather_ambient,FSD50K,val,188501,188501.wav,Wind,other_candidate__fsd50k__val__188501__3373.wav,9d9d4ffb0c16d511dfd1346986363a206820b9d6f6ed4a68a65b81c406939981,13,0.9746860265731812,speech,1,speech,0.5037520527839661,0.023811381310224533,0.28784504532814026,0.044528521597385406,0.03228781744837761,0.5037520527839661,0.10777518153190613,hard_negative,other_candidate__fsd50k__val__188501__3373.wav,,
validation,weather_ambient,ESC-50,fold_4,181286,4-181286-A-10.wav,rain,other_candidate__esc50__fold_4__181286__3358.wav,f4adde0e7a70a466a161325824b020a28ae3aaf76568436116c82b6b25d76fdf,6,0.9984955787658691,thunderstorm,2,thunderstorm,0.9043429493904114,0.0007487900438718498,0.009732731617987156,0.025107042863965034,0.05266547575592995,0.007402936462312937,0.9043429493904114,hard_negative,other_candidate__esc50__fold_4__181286__3358.wav,,
validation,weather_ambient,FSD50K,val,181355,181355.wav,"Sink_(filling_or_washing),Water,Hands,Domestic_sounds_and_home_sounds",other_candidate__fsd50k__val__181355__3414.wav,77bbcc3e561fcecc23289ecfbcd2a7d88ac0782114c4ba4381144c51293bd2f5,10,0.9536691308021545,glass_breaking,8,glass_breaking,0.6144587993621826,0.015514167957007885,0.6144587993621826,0.07046861946582794,0.00985764805227518,0.2672686278820038,0.02243211679160595,hard_negative,other_candidate__fsd50k__val__181355__3414.wav,,
validation,weather_ambient,FSD50K,val,170898,170898.wav,"Stream,Gurgling,Water",other_candidate__fsd50k__val__170898__3394.wav,5728accc02e706f2347d444777702758eba98446b212b183fbb3bce09729a2bf,13,0.9012271761894226,thunderstorm,2,thunderstorm,0.6213782429695129,0.04225906357169151,0.028684156015515327,0.08544082939624786,0.10649506747722626,0.11574260145425797,0.6213782429695129,diversity,other_candidate__fsd50k__val__170898__3394.wav,,
validation,weather_ambient,FSD50K,val,395105,395105.wav,"Stream,Water",other_candidate__fsd50k__val__395105__3431.wav,1f686b91144062fce3133936fa2c0b88e49d580a093bc28d198799d9744857f9,13,0.9706493616104126,thunderstorm,10,thunderstorm,0.8948937058448792,0.000784723088145256,0.0017274412093684077,0.004736772738397121,0.0834842175245285,0.01437316183000803,0.8948937058448792,diversity,other_candidate__fsd50k__val__395105__3431.wav,,
validation,weather_ambient,FSD50K,val,368470,368470.wav,Wind,other_candidate__fsd50k__val__368470__3458.wav,7eadd3dee4a03237458090f945c3c552de0606cf9e479a928e036e6bcb7c99de,7,0.99164879322052,thunderstorm,1,thunderstorm,0.9176024794578552,0.012677131220698357,0.006474691908806562,0.03512908145785332,0.009225993417203426,0.018890628591179848,0.9176024794578552,diversity,other_candidate__fsd50k__val__368470__3458.wav,,
validation,weather_ambient,FSD50K,val,345997,345997.wav,"Stream,Gurgling,Water",other_candidate__fsd50k__val__345997__3364.wav,47cf6cd8b5142ef9f92e89623d4bdce93daf63c60447dd0e089443401227bc38,13,0.7250613570213318,thunderstorm,12,thunderstorm,0.5685715675354004,0.04557867720723152,0.011019038036465645,0.14637991786003113,0.06383012235164642,0.16462065279483795,0.5685715675354004,diversity,other_candidate__fsd50k__val__345997__3364.wav,,
validation,weather_ambient,ESC-50,fold_4,195497,4-195497-B-11.wav,sea_waves,other_candidate__esc50__fold_4__195497__3346.wav,e227f80e99d397ec87eeb3d6d773c89238ddd10d6aae8d6cba0cd6988b054099,6,0.9420738220214844,thunderstorm,3,thunderstorm,0.8536551594734192,0.0007622608100064099,0.003905574092641473,0.03558790311217308,0.08989294618368149,0.016196170821785927,0.8536551594734192,diversity,other_candidate__esc50__fold_4__195497__3346.wav,,
validation,weather_ambient,FSD50K,val,47388,47388.wav,"Raindrop,Drip,Rain,Water,Liquid",other_candidate__fsd50k__val__47388__3474.wav,2665b9f718fbb57a8df12e9352dc5f70753a21ef9dbacf12f6ee354b3e3fb1d7,1,0.5790303945541382,glass_breaking,0,glass_breaking,0.5790303945541382,0.03375287353992462,0.5790303945541382,0.08705108612775803,0.07255153357982635,0.04049844294786453,0.18711568415164948,diversity,other_candidate__fsd50k__val__47388__3474.wav,,
validation,weather_ambient,FSD50K,val,57654,57654.wav,Wind,other_candidate__fsd50k__val__57654__3444.wav,21764143c13ef22b81aee9a2928d5ab3f5eddb82efc07a93c3841b52a8e39988,5,0.8787750005722046,thunderstorm,1,thunderstorm,0.7766351103782654,0.004496254958212376,0.05129824951291084,0.11953993141651154,0.012555000372231007,0.035475485026836395,0.7766351103782654,diversity,other_candidate__fsd50k__val__57654__3444.wav,,
validation,weather_ambient,FSD50K,val,340295,340295.wav,"Toilet_flush,Gurgling,Domestic_sounds_and_home_sounds,Water",other_candidate__fsd50k__val__340295__3382.wav,212316890361f980832be86542fae354c75be1602b10d6c71c82f6c057a34b74,13,0.9216739535331726,glass_breaking,0,glass_breaking,0.4631069600582123,0.008822895586490631,0.4631069600582123,0.04452718794345856,0.029555004090070724,0.40582987666130066,0.04815808683633804,diversity,other_candidate__fsd50k__val__340295__3382.wav,,
validation,domestic_mechanical,FSD50K,val,253580,253580.wav,"Boat_and_Water_vehicle,Vehicle",other_candidate__fsd50k__val__253580__3529.wav,853b0d080736242297b45dfa5d216f22f2668b317d374e4652497f10b5cbdf71,9,0.8649469017982483,dog_bark,4,dog_bark,0.2869251072406769,0.2869251072406769,0.03790461644530296,0.12627215683460236,0.27015992999076843,0.19875295460224152,0.07998529821634293,hard_negative,other_candidate__fsd50k__val__253580__3529.wav,,
validation,domestic_mechanical,FSD50K,val,434660,434660.wav,"Engine_starting,Engine",other_candidate__fsd50k__val__434660__3717.wav,30ec877158b4f61a0092307eac1ff6f30d39faef14482e6fa1bb400f0674c17f,13,0.9745315909385681,glass_breaking,1,glass_breaking,0.7399858832359314,0.019129745662212372,0.7399858832359314,0.05957593768835068,0.04108869284391403,0.05306254327297211,0.08715710043907166,hard_negative,other_candidate__fsd50k__val__434660__3717.wav,,
validation,domestic_mechanical,FSD50K,val,196702,196702.wav,"Skateboard,Vehicle",other_candidate__fsd50k__val__196702__3725.wav,1adb2da28e679ad89da3e357f158bbb8cc84a92084d7cbf1a79df58eef01451e,13,0.9935454726219177,gunshot_gunfire,2,gunshot_gunfire,0.6658604741096497,0.0021648292895406485,0.06462709605693817,0.6658604741096497,0.06465459614992142,0.024600932374596596,0.17809203267097473,hard_negative,other_candidate__fsd50k__val__196702__3725.wav,,
validation,domestic_mechanical,FSD50K,val,385821,385821.wav,"Train,Rail_transport,Vehicle",other_candidate__fsd50k__val__385821__3689.wav,9aab6a24a2d87ea896c641b86bcaec8c5f73b5b733972cef008915bba90c5cb7,8,0.9981070756912231,siren,4,siren,0.9603848457336426,0.00028314796509221196,0.0014729934046044946,0.006308233365416527,0.9603848457336426,0.029158536344766617,0.0023922573309391737,hard_negative,other_candidate__fsd50k__val__385821__3689.wav,,
validation,domestic_mechanical,FSD50K,val,372002,372002.wav,"Train,Rail_transport,Vehicle",other_candidate__fsd50k__val__372002__3565.wav,6dbc897b535af9e9703d88c2607948cbadadbd57be07ec7d7c5e5238f3a0fb53,13,0.9989789724349976,speech,12,speech,0.9784478545188904,0.009249157272279263,0.004204903729259968,0.002034128177911043,0.005076833069324493,0.9784478545188904,0.0009871094953268766,hard_negative,other_candidate__fsd50k__val__372002__3565.wav,,
validation,domestic_mechanical,FSD50K,val,46504,46504.wav,"Idling,Engine",other_candidate__fsd50k__val__46504__3729.wav,6a6abd796f51d9b10a339d24ff0105f550b58938683bb765c1490cc6877b9b21,13,0.969325840473175,thunderstorm,5,thunderstorm,0.8266424536705017,0.008669019676744938,0.005793585442006588,0.10748428851366043,0.027088679373264313,0.02432185411453247,0.8266424536705017,hard_negative,other_candidate__fsd50k__val__46504__3729.wav,,
validation,domestic_mechanical,FSD50K,val,366441,366441.wav,"Tick-tock,Clock,Mechanisms",other_candidate__fsd50k__val__366441__3713.wav,e039bae11163eec815dedabb83422489eda36e72aef235436108ad5a042c0934,13,0.9727714657783508,glass_breaking,4,glass_breaking,0.868574857711792,0.01026834174990654,0.868574857711792,0.04643414542078972,0.00358205521479249,0.0543089434504509,0.01683167740702629,hard_negative,other_candidate__fsd50k__val__366441__3713.wav,,
validation,domestic_mechanical,ESC-50,fold_4,204612,4-204612-A-31.wav,mouse_click,other_candidate__esc50__fold_4__204612__3619.wav,b195ad3f28843f354d9335970d76ec5cf48e0316d0c581ffe1fd1a1d9075efe8,6,0.7840631604194641,glass_breaking,2,glass_breaking,0.5263480544090271,0.0032627948094159365,0.5263480544090271,0.32329052686691284,0.008691763505339622,0.0490504615008831,0.08935637027025223,diversity,other_candidate__esc50__fold_4__204612__3619.wav,,
validation,domestic_mechanical,FSD50K,val,182324,182324.wav,"Sliding_door,Door,Domestic_sounds_and_home_sounds",other_candidate__fsd50k__val__182324__3577.wav,ea070bc9c6f396708027cb7f2bc8d91807dae63e5ba0e41df98d5ac0f1a563de,2,0.47824954986572266,glass_breaking,0,glass_breaking,0.29061225056648254,0.0066216192208230495,0.29061225056648254,0.28168922662734985,0.09674245119094849,0.10733824223279953,0.21699616312980652,diversity,other_candidate__fsd50k__val__182324__3577.wav,,
validation,domestic_mechanical,FSD50K,val,157611,157611.wav,"Sawing,Engine,Tools",other_candidate__fsd50k__val__157611__3496.wav,ea2dc66580d1bc35c17bed2628d61267fcbc15c9bf92b58dc96422c00602ba6d,13,0.6495322585105896,siren,0,siren,0.37046992778778076,0.038953203707933426,0.08496692776679993,0.21878567337989807,0.37046992778778076,0.12933005392551422,0.1574942022562027,diversity,other_candidate__fsd50k__val__157611__3496.wav,,
validation,domestic_mechanical,FSD50K,val,34855,34855.wav,"Tick-tock,Clock,Mechanisms",other_candidate__fsd50k__val__34855__3549.wav,47706a199fe4acc8a7e905b284e2f012d6c8cb10ad5b1e9d9d6a1056893542dc,3,0.7751075029373169,glass_breaking,2,glass_breaking,0.677287757396698,0.0006317207007668912,0.677287757396698,0.27467676997184753,0.0043623922392725945,0.010650320909917355,0.03239107504487038,diversity,other_candidate__fsd50k__val__34855__3549.wav,,
validation,domestic_mechanical,FSD50K,val,410472,410472.wav,"Skateboard,Vehicle",other_candidate__fsd50k__val__410472__3540.wav,fb72c386899744e8e82c32ad9323f9a51d22152206211b69afabbfa8641c8bf4,13,0.6863350868225098,glass_breaking,0,thunderstorm,0.2522173225879669,0.030159583315253258,0.21452437341213226,0.1814848780632019,0.1760266125202179,0.14558717608451843,0.2522173225879669,diversity,other_candidate__fsd50k__val__410472__3540.wav,,
validation,domestic_mechanical,FSD50K,val,429939,429939.wav,"Subway_and_metro_and_underground,Rail_transport,Vehicle",other_candidate__fsd50k__val__429939__3566.wav,fd5529a1c84dcf4650d9cbff4ba451915cb3c492872425e15cdba07f5140eb84,13,0.9296087622642517,speech,2,speech,0.49862098693847656,0.03372009098529816,0.02481268160045147,0.08098232746124268,0.17515641450881958,0.49862098693847656,0.18670746684074402,diversity,other_candidate__fsd50k__val__429939__3566.wav,,
validation,domestic_mechanical,ESC-50,fold_4,160036,4-160036-A-33.wav,door_wood_creaks,other_candidate__esc50__fold_4__160036__3655.wav,d532368c1c87cc38716046c5653d590ea71563a945df3d2e5ad2d197952c0045,6,0.8036493062973022,gunshot_gunfire,2,gunshot_gunfire,0.5051296949386597,0.00609806040301919,0.07257743179798126,0.5051296949386597,0.12363157421350479,0.17208969593048096,0.12047350406646729,diversity,other_candidate__esc50__fold_4__160036__3655.wav,,
validation,domestic_mechanical,FSD50K,val,110135,110135.wav,"Bus,Motor_vehicle_(road),Vehicle",other_candidate__fsd50k__val__110135__3710.wav,468063cfe88695175b979094ea3e9873f605c66c3a5dd0496cd506bdd2af5077,9,0.7658060193061829,speech,1,speech,0.501099169254303,0.002092353068292141,0.05212251469492912,0.10244736075401306,0.238295316696167,0.501099169254303,0.10394331812858582,diversity,other_candidate__fsd50k__val__110135__3710.wav,,
validation,music,FSD50K,val,238499,238499.wav,"Female_singing,Singing,Human_voice",other_candidate__fsd50k__val__238499__3922.wav,ec125fbff37cfdbea29a4c64e3242a36f111e3b255c4d3e8f474469573c2ace4,13,0.9848398566246033,dog_bark,8,dog_bark,0.8170416951179504,0.8170416951179504,0.055302008986473083,0.005892989691346884,0.037183865904808044,0.07441376149654388,0.010165722109377384,hard_negative,other_candidate__fsd50k__val__238499__3922.wav,,
validation,music,FSD50K,val,186501,186501.wav,"Marimba_and_xylophone,Keyboard_(musical),Musical_instrument,Music,Mallet_percussion,Percussion",other_candidate__fsd50k__val__186501__3930.wav,a74de28e3b06363708aa392752ce9c5ca9900d44a7c7d007dc912be0b9ca6b9f,2,0.9889483451843262,glass_breaking,0,glass_breaking,0.9186964631080627,0.004770404193550348,0.9186964631080627,0.02196318656206131,0.017067156732082367,0.026348870247602463,0.01115389820188284,hard_negative,other_candidate__fsd50k__val__186501__3930.wav,,
validation,music,FSD50K,val,74177,74177.wav,"Snare_drum,Drum,Percussion,Musical_instrument,Music",other_candidate__fsd50k__val__74177__3896.wav,a3201bfb65d9b84c042d4b774da50f204b9e0f87f2dde79bf15dc38ab9647e26,1,0.8877735733985901,gunshot_gunfire,0,gunshot_gunfire,0.8877735733985901,0.001169653725810349,0.08013419806957245,0.8877735733985901,0.010040679946541786,0.00968138501048088,0.011200557462871075,hard_negative,other_candidate__fsd50k__val__74177__3896.wav,,
validation,music,FSD50K,val,99961,99961.wav,"Trumpet,Brass_instrument,Musical_instrument,Music",other_candidate__fsd50k__val__99961__3886.wav,686db0bbbae6e41b7bb97ef0c709eca466ab5068d88e7fffa2e61db2327f7d70,10,0.9981060028076172,siren,8,siren,0.9265314340591431,0.002878410741686821,0.011619028635323048,0.0244264155626297,0.9265314340591431,0.025970641523599625,0.008574074134230614,hard_negative,other_candidate__fsd50k__val__99961__3886.wav,,
validation,music,FSD50K,val,180049,180049.wav,"Male_singing,Singing,Human_voice",other_candidate__fsd50k__val__180049__3910.wav,e2494ebf21323ac014f550ce8a941abf0bd3cac979dad58e3e987fbff5cca89d,13,0.9497247338294983,speech,8,speech,0.5839941501617432,0.2866063714027405,0.01624157838523388,0.026469917967915535,0.07815229147672653,0.5839941501617432,0.008535655215382576,hard_negative,other_candidate__fsd50k__val__180049__3910.wav,,
validation,music,FSD50K,val,51837,51837.wav,"Gong,Percussion,Musical_instrument,Music",other_candidate__fsd50k__val__51837__3876.wav,8cfb7929b5d2c55f917c4222af6523caa1759295e04a67a9ebce53bf834f49f1,13,0.865912139415741,thunderstorm,11,thunderstorm,0.5446507334709167,0.008044775575399399,0.007419114001095295,0.09088008105754852,0.19540609419345856,0.15359915792942047,0.5446507334709167,hard_negative,other_candidate__fsd50k__val__51837__3876.wav,,
validation,music,FSD50K,val,427987,427987.wav,"Singing,Human_voice",other_candidate__fsd50k__val__427987__3831.wav,99ea7c21555c476d9fcbaf35ba558bef1ff2d1d4663e78cf6ba02403bb58812a,12,0.9836719632148743,dog_bark,0,dog_bark,0.8831017017364502,0.8831017017364502,0.0027169918175786734,0.0039594476111233234,0.07168606668710709,0.0336434431374073,0.004892407450824976,hard_negative,other_candidate__fsd50k__val__427987__3831.wav,,
validation,music,FSD50K,val,130414,130414.wav,"Tabla,Drum,Percussion,Musical_instrument,Music",other_candidate__fsd50k__val__130414__3947.wav,eaf4426b1172a9b28140573e6a39105734b27d5c71124c7f416d6bacc1c52c3f,1,0.3287382423877716,speech,0,speech,0.3287382423877716,0.09876611828804016,0.11426418274641037,0.2641782760620117,0.12290263175964355,0.3287382423877716,0.07115056365728378,diversity,other_candidate__fsd50k__val__130414__3947.wav,,
validation,music,FSD50K,val,101383,101383.wav,"Piano,Keyboard_(musical),Musical_instrument,Music",other_candidate__fsd50k__val__101383__3815.wav,df2d945e3e2f2053333e238990cf64dd360d09409da1fbbcc095d094ab005a48,7,0.8757907152175903,glass_breaking,1,speech,0.3637259900569916,0.017002061009407043,0.30700674653053284,0.09156084805727005,0.2169823795557022,0.3637259900569916,0.003721954533830285,diversity,other_candidate__fsd50k__val__101383__3815.wav,,
validation,music,FSD50K,val,109368,109368.wav,"Marimba_and_xylophone,Mallet_percussion,Percussion,Musical_instrument,Music",other_candidate__fsd50k__val__109368__3805.wav,86da011490e0b227cff22fc0fdfbf93b2a6c22b38970b9eeb0bcf2719f264505,4,0.9096808433532715,glass_breaking,2,glass_breaking,0.7633281946182251,0.009141803719103336,0.7633281946182251,0.16127130389213562,0.02347540855407715,0.041231587529182434,0.0015517609426751733,diversity,other_candidate__fsd50k__val__109368__3805.wav,,
validation,music,FSD50K,val,374133,374133.wav,"Trumpet,Brass_instrument,Musical_instrument,Music",other_candidate__fsd50k__val__374133__3935.wav,bbd7c3157948717ee8bfad55243107a7eb2a7d8b56ceb097dbbe839b88a531fb,12,0.9672363996505737,siren,0,siren,0.9087903499603271,0.0464838482439518,0.002904171822592616,0.008412200957536697,0.9087903499603271,0.03135519474744797,0.002054234268143773,diversity,other_candidate__fsd50k__val__374133__3935.wav,,
validation,music,FSD50K,val,179055,179055.wav,"Wind_instrument_and_woodwind_instrument,Drum,Musical_instrument,Music,Percussion",other_candidate__fsd50k__val__179055__3856.wav,be03fcadec10e9b8bde1e759fe5c2832105db942355f024e35b2ce6666cb41c9,11,0.8822166323661804,siren,0,siren,0.499811053276062,0.11079053580760956,0.15611591935157776,0.05088755860924721,0.499811053276062,0.15329845249652863,0.029096471145749092,diversity,other_candidate__fsd50k__val__179055__3856.wav,,
validation,music,FSD50K,val,341793,341793.wav,"Musical_instrument,Music",other_candidate__fsd50k__val__341793__3758.wav,d9ef7a146b4213f60cd72aadd47424ff94089f955e93a9aa19d98af94d1acd9b,9,0.7311124205589294,speech,1,speech,0.4471112787723541,0.02549927681684494,0.041915412992239,0.084444560110569,0.3763136863708496,0.4471112787723541,0.024715745821595192,diversity,other_candidate__fsd50k__val__341793__3758.wav,,
validation,music,FSD50K,val,144481,144481.wav,"Snare_drum,Drum,Percussion,Musical_instrument,Music",other_candidate__fsd50k__val__144481__3913.wav,e73667ed8acb0a41237bba9ae7ce006d30f69c4e0b706b3c57ec4b63e8724d08,7,0.5672405362129211,glass_breaking,6,glass_breaking,0.3463190197944641,0.08142675459384918,0.3463190197944641,0.12695921957492828,0.13983239233493805,0.25288495421409607,0.05257758870720863,diversity,other_candidate__fsd50k__val__144481__3913.wav,,
validation,music,FSD50K,val,412332,412332.wav,"Piano,Keyboard_(musical),Musical_instrument,Music",other_candidate__fsd50k__val__412332__3891.wav,c83c229ea513288d2973bd83c0128b0ad71b8ca6bef1259bcbd3c57f738c3ac8,11,0.6653140187263489,speech,0,speech,0.3910556733608246,0.08637478947639465,0.1569424718618393,0.13671286404132843,0.20864933729171753,0.3910556733608246,0.02026488445699215,diversity,other_candidate__fsd50k__val__412332__3891.wav,,
