patch_id,clip_id,filename,actual_class,predicted_class,correct,score_dog_bark,score_glass_breaking,score_gunshot_gunfire,score_siren,score_speech,score_thunderstorm
0,0,dog_bark__esc50__fold_4__182395__0000__r0.wav,dog_bark,dog_bark,1,0.8099437952041626,0.0026036431081593037,0.03642287850379944,0.029408449307084084,0.10614140331745148,0.01547981332987547
1,1,dog_bark__esc50__fold_4__183992__0001__r0.wav,dog_bark,dog_bark,1,0.9680965542793274,0.00233978359028697,0.0016975502949208021,0.0024247081018984318,0.024609290063381195,0.0008320491760969162
2,1,dog_bark__esc50__fold_4__183992__0001__r0.wav,dog_bark,dog_bark,1,0.993943989276886,0.0014072259655222297,0.0005374081083573401,0.0013103772653266788,0.0017428735736757517,0.0010580210946500301
3,1,dog_bark__esc50__fold_4__183992__0001__r0.wav,dog_bark,dog_bark,1,0.5540451407432556,0.001161094754934311,0.008549761027097702,0.017443262040615082,0.40196844935417175,0.016832320019602776
4,1,dog_bark__esc50__fold_4__183992__0001__r0.wav,dog_bark,thunderstorm,0,0.06059342622756958,0.07241756469011307,0.18962842226028442,0.08351773023605347,0.06059342622756958,0.5332493782043457
5,1,dog_bark__esc50__fold_4__183992__0001__r0.wav,dog_bark,dog_bark,1,0.9799177050590515,0.0005689830868504941,0.001291885506361723,0.0030397134833037853,0.014591994695365429,0.0005896345246583223
6,1,dog_bark__esc50__fold_4__183992__0001__r0.wav,dog_bark,dog_bark,1,0.9951144456863403,0.0006663730018772185,0.0002732909342739731,0.0010221665725111961,0.0017449259757995605,0.0011788442498072982
7,2,dog_bark__esc50__fold_4__184575__0002__r0.wav,dog_bark,dog_bark,1,0.9844632148742676,0.0013449856778606772,0.002465700265020132,0.005598415620625019,0.004520254675298929,0.001607444486580789
8,2,dog_bark__esc50__fold_4__184575__0002__r0.wav,dog_bark,dog_bark,1,0.9880301356315613,0.0028539460618048906,0.0015567652881145477,0.00470129307359457,0.0023043248802423477,0.0005536001990549266
9,2,dog_bark__esc50__fold_4__184575__0002__r0.wav,dog_bark,dog_bark,1,0.9787236452102661,0.007143503986299038,0.0021255244500935078,0.004184621851891279,0.007143503986299038,0.0006791851483285427
10,2,dog_bark__esc50__fold_4__184575__0002__r0.wav,dog_bark,dog_bark,1,0.8395534157752991,0.021341687068343163,0.02291901782155037,0.08572202920913696,0.014418103732168674,0.016045719385147095
11,2,dog_bark__esc50__fold_4__184575__0002__r0.wav,dog_bark,dog_bark,1,0.9406348466873169,0.010531174950301647,0.004475774243474007,0.029614446684718132,0.011720006354153156,0.0030237622559070587
12,2,dog_bark__esc50__fold_4__184575__0002__r0.wav,dog_bark,dog_bark,1,0.9924253225326538,0.00040343223372474313,0.0003625096578616649,0.0018033720552921295,0.004893600475043058,0.0001117783976951614
13,3,dog_bark__esc50__fold_4__191687__0003__r0.wav,dog_bark,dog_bark,1,0.9964724779129028,0.0006439113640226424,0.00017840761574916542,0.0007166005671024323,0.001876448979601264,0.00011223423643969
14,3,dog_bark__esc50__fold_4__191687__0003__r0.wav,dog_bark,dog_bark,1,0.9973040819168091,0.0006444487371481955,0.00013424748613033444,0.0007432298734784126,0.001061597722582519,0.00011232789984205738
15,3,dog_bark__esc50__fold_4__191687__0003__r0.wav,dog_bark,dog_bark,1,0.9958490133285522,0.0001545991253806278,0.00011216401617275551,0.001685053575783968,0.002086969092488289,0.00011216401617275551
16,3,dog_bark__esc50__fold_4__191687__0003__r0.wav,dog_bark,dog_bark,1,0.9942923784255981,0.00031492047128267586,0.0001160533502115868,0.002490318613126874,0.0026743742637336254,0.00011198868742212653
17,3,dog_bark__esc50__fold_4__191687__0003__r0.wav,dog_bark,dog_bark,1,0.990960419178009,0.00033706275280565023,0.00011161340808030218,0.00408854428678751,0.004390722140669823,0.00011161340808030218
18,4,dog_bark__esc50__fold_4__192236__0004__r0.wav,dog_bark,dog_bark,1,0.9974128603935242,0.0002643282641656697,0.0001662859576754272,0.0005588573985733092,0.0014633911196142435,0.00013426212535705417
19,4,dog_bark__esc50__fold_4__192236__0004__r0.wav,dog_bark,dog_bark,1,0.9939433932304382,0.0007676102686673403,0.00015430329949595034,0.0019396200077608228,0.0030832213815301657,0.00011194938269909471
20,4,dog_bark__esc50__fold_4__192236__0004__r0.wav,dog_bark,dog_bark,1,0.9821096658706665,0.0029398086480796337,0.0011634384281933308,0.0008440926321782172,0.012236769311130047,0.0007062717340886593
21,4,dog_bark__esc50__fold_4__192236__0004__r0.wav,dog_bark,dog_bark,1,0.9374537467956543,0.0006741579854860902,0.0006505459314212203,0.00069862708915025,0.06021518632769585,0.0003076950670219958
22,4,dog_bark__esc50__fold_4__192236__0004__r0.wav,dog_bark,dog_bark,1,0.9923890233039856,0.0005762245273217559,0.00011177430860698223,0.001740147010423243,0.0050710346549749374,0.00011177430860698223
23,4,dog_bark__esc50__fold_4__192236__0004__r0.wav,dog_bark,dog_bark,1,0.9972758889198303,0.0001441655185772106,0.00011232472752453759,0.0006678203935734928,0.0016874679131433368,0.00011232472752453759
24,5,dog_bark__esc50__fold_4__194754__0005__r0.wav,dog_bark,dog_bark,1,0.887137770652771,0.010292724706232548,0.013689887709915638,0.04439781233668327,0.020263778045773506,0.02421802654862404
25,5,dog_bark__esc50__fold_4__194754__0005__r0.wav,dog_bark,dog_bark,1,0.9740961194038391,0.0029158226680010557,0.004472655244171619,0.007635201793164015,0.003244980936869979,0.007635201793164015
26,5,dog_bark__esc50__fold_4__194754__0005__r0.wav,dog_bark,dog_bark,1,0.989799976348877,0.0007921552169136703,0.001091851037926972,0.003070368431508541,0.003940724302083254,0.0013049138942733407
27,5,dog_bark__esc50__fold_4__194754__0005__r0.wav,dog_bark,dog_bark,1,0.9886877536773682,0.0016143423272296786,0.0009125501965172589,0.0037984310183674097,0.004539651796221733,0.00044728376087732613
28,5,dog_bark__esc50__fold_4__194754__0005__r0.wav,dog_bark,dog_bark,1,0.9871360063552856,0.0005530992057174444,0.0016703105065971613,0.003288420382887125,0.004697038326412439,0.002655125455930829
29,5,dog_bark__esc50__fold_4__194754__0005__r0.wav,dog_bark,thunderstorm,0,0.027509955689311028,0.08016791194677353,0.10289312154054642,0.07203599065542221,0.03658974915742874,0.6808032989501953
30,6,dog_bark__esc50__fold_4__199261__0006__r0.wav,dog_bark,dog_bark,1,0.9956920742988586,0.00025463011115789413,0.00012480631994549185,0.001138216000981629,0.0026781391352415085,0.00011214633559575304
31,6,dog_bark__esc50__fold_4__199261__0006__r0.wav,dog_bark,speech,0,0.2081727534532547,0.024513356387615204,0.00970123428851366,0.053708598017692566,0.6996312737464905,0.0042726993560791016
32,6,dog_bark__esc50__fold_4__199261__0006__r0.wav,dog_bark,speech,0,0.2575554847717285,0.059708986431360245,0.04489212483167648,0.06187616288661957,0.5445380210876465,0.03142920508980751
33,6,dog_bark__esc50__fold_4__199261__0006__r0.wav,dog_bark,dog_bark,1,0.9923487901687622,0.0004996194620616734,0.00037563827936537564,0.0013557591009885073,0.005254876334220171,0.0001654416846577078
34,6,dog_bark__esc50__fold_4__199261__0006__r0.wav,dog_bark,dog_bark,1,0.9925895929336548,0.0006888073985464871,0.0012185311643406749,0.001679538399912417,0.003550972556695342,0.0002725975355133414
35,6,dog_bark__esc50__fold_4__199261__0006__r0.wav,dog_bark,dog_bark,1,0.9709965586662292,0.0011099856346845627,0.0014246334321796894,0.007887151092290878,0.01790790632367134,0.0006738229421898723
36,7,dog_bark__esc50__fold_4__207124__0007__r0.wav,dog_bark,dog_bark,1,0.9959900975227356,0.00017207555356435478,0.00016604876145720482,0.0005783154629170895,0.002981357742100954,0.00011217990686418489
37,7,dog_bark__esc50__fold_4__207124__0007__r0.wav,dog_bark,dog_bark,1,0.8648391962051392,0.005671991501003504,0.01116672158241272,0.06880082935094833,0.0375293530523777,0.011992041952908039
38,7,dog_bark__esc50__fold_4__207124__0007__r0.wav,dog_bark,dog_bark,1,0.9969885945320129,0.00020586041500791907,0.00013420500908978283,0.0009882233571261168,0.00157088041305542,0.00011229237134102732
39,7,dog_bark__esc50__fold_4__207124__0007__r0.wav,dog_bark,dog_bark,1,0.9978563189506531,0.00011239010200370103,0.00016053327999543399,0.0002942982828244567,0.0014640417648479342,0.00011239010200370103
40,7,dog_bark__esc50__fold_4__207124__0007__r0.wav,dog_bark,dog_bark,1,0.9957654476165771,0.0001914576132548973,0.0002833956677932292,0.0006668089190497994,0.0029806853272020817,0.00011215460108360276
41,7,dog_bark__esc50__fold_4__207124__0007__r0.wav,dog_bark,dog_bark,1,0.9894988536834717,0.0007374131237156689,0.000850443437229842,0.007755931932479143,0.0008206574129872024,0.00033656563027761877
42,8,dog_bark__fsd50k__dev__107190__0008__r0.wav,dog_bark,dog_bark,1,0.9346509575843811,0.007867480628192425,0.008755615912377834,0.014423089101910591,0.014423089101910591,0.019879769533872604
43,9,dog_bark__fsd50k__dev__108631__0009__r0.wav,dog_bark,thunderstorm,0,0.029848039150238037,0.047446440905332565,0.04418107494711876,0.08099514245986938,0.03205406293272972,0.7654751539230347
44,9,dog_bark__fsd50k__dev__108631__0009__r0.wav,dog_bark,thunderstorm,0,0.008847743272781372,0.12826523184776306,0.05451304465532303,0.33586782217025757,0.025783570483326912,0.4467225670814514
45,9,dog_bark__fsd50k__dev__108631__0009__r0.wav,dog_bark,thunderstorm,0,0.24479351937770844,0.0678246021270752,0.03833966702222824,0.04748434200882912,0.08400194346904755,0.5175559520721436
46,9,dog_bark__fsd50k__dev__108631__0009__r0.wav,dog_bark,thunderstorm,0,0.013531035743653774,0.035431575030088425,0.06495509296655655,0.1762610673904419,0.026639191433787346,0.6831820607185364
47,9,dog_bark__fsd50k__dev__108631__0009__r0.wav,dog_bark,thunderstorm,0,0.03312762454152107,0.027718639001250267,0.058604270219802856,0.22714819014072418,0.058604270219802856,0.5947970151901245
48,9,dog_bark__fsd50k__dev__108631__0009__r0.wav,dog_bark,siren,0,0.002660752972587943,0.008326878771185875,0.044485196471214294,0.8277091383934021,0.026059146970510483,0.09075890481472015
49,9,dog_bark__fsd50k__dev__108631__0009__r0.wav,dog_bark,siren,0,0.001655365340411663,0.012631761841475964,0.10727167129516602,0.4795123338699341,0.011762416921555996,0.38716641068458557
50,9,dog_bark__fsd50k__dev__108631__0009__r0.wav,dog_bark,thunderstorm,0,0.0011756402673199773,0.015314391814172268,0.08786182105541229,0.3405495285987854,0.01376095600426197,0.5413376092910767
51,9,dog_bark__fsd50k__dev__108631__0009__r0.wav,dog_bark,siren,0,0.0018040153663605452,0.015320091508328915,0.09439071267843246,0.5225720405578613,0.025236720219254494,0.34067633748054504
52,9,dog_bark__fsd50k__dev__108631__0009__r0.wav,dog_bark,siren,0,0.00034103207872249186,0.001821916550397873,0.022099699825048447,0.8693726658821106,0.003991807345300913,0.10237286984920502
53,9,dog_bark__fsd50k__dev__108631__0009__r0.wav,dog_bark,siren,0,0.0005236353608779609,0.001698206178843975,0.02212156541645527,0.901818573474884,0.004608226474374533,0.06922990828752518
54,9,dog_bark__fsd50k__dev__108631__0009__r0.wav,dog_bark,siren,0,0.0003791493072640151,0.0003791493072640151,0.04837169870734215,0.8087280988693237,0.006116989068686962,0.1360248476266861
55,9,dog_bark__fsd50k__dev__108631__0009__r0.wav,dog_bark,siren,0,0.00016619688540231436,0.0006216116016730666,0.015941692516207695,0.961962878704071,0.00356631469912827,0.01774130016565323
56,10,dog_bark__fsd50k__dev__116400__0010__r0.wav,dog_bark,dog_bark,1,0.9196661710739136,0.025106022134423256,0.00802231952548027,0.023378174751996994,0.017576850950717926,0.006250491365790367
57,10,dog_bark__fsd50k__dev__116400__0010__r0.wav,dog_bark,dog_bark,1,0.9905688762664795,0.0008215448469854891,0.0006633290904574096,0.001676119165495038,0.0058375936932861805,0.000432439090218395
58,10,dog_bark__fsd50k__dev__116400__0010__r0.wav,dog_bark,speech,0,0.32877597212791443,0.00455887708812952,0.009638628922402859,0.024355169385671616,0.6246064305305481,0.008064858615398407
59,10,dog_bark__fsd50k__dev__116400__0010__r0.wav,dog_bark,dog_bark,1,0.9596061110496521,0.00565512478351593,0.004731772467494011,0.008370717987418175,0.019695697352290154,0.0019405810162425041
60,10,dog_bark__fsd50k__dev__116400__0010__r0.wav,dog_bark,dog_bark,1,0.9873883128166199,0.0006156941526569426,0.0011696916772052646,0.0027521986048668623,0.005418385379016399,0.00265580415725708
61,10,dog_bark__fsd50k__dev__116400__0010__r0.wav,dog_bark,dog_bark,1,0.6311216354370117,0.011231983080506325,0.0484493188560009,0.035150740295648575,0.1516231894493103,0.12242315709590912
62,10,dog_bark__fsd50k__dev__116400__0010__r0.wav,dog_bark,thunderstorm,0,0.003553400281816721,0.06380026787519455,0.10891252011060715,0.003553400281816721,0.04628809541463852,0.7738922834396362
63,10,dog_bark__fsd50k__dev__116400__0010__r0.wav,dog_bark,dog_bark,1,0.9788195490837097,0.004657466895878315,0.0012016267282888293,0.002632756484672427,0.012195775285363197,0.0004928078851662576
64,10,dog_bark__fsd50k__dev__116400__0010__r0.wav,dog_bark,dog_bark,1,0.9762365221977234,0.0006308350712060928,0.0005093468353152275,0.004482480697333813,0.01800454594194889,0.00013618120283354074
65,10,dog_bark__fsd50k__dev__116400__0010__r0.wav,dog_bark,speech,0,0.18767473101615906,0.05996914207935333,0.08876636624336243,0.004442410543560982,0.5277553796768188,0.1313920021057129
66,10,dog_bark__fsd50k__dev__116400__0010__r0.wav,dog_bark,speech,0,0.38903436064720154,0.03833084553480148,0.01812971755862236,0.1433655470609665,0.4031546413898468,0.007984841242432594
67,10,dog_bark__fsd50k__dev__116400__0010__r0.wav,dog_bark,dog_bark,1,0.5878175497055054,0.02292066067457199,0.014942488633096218,0.1628657877445221,0.20171213150024414,0.009741338901221752
68,10,dog_bark__fsd50k__dev__116400__0010__r0.wav,dog_bark,dog_bark,1,0.9935469031333923,0.0005371933802962303,0.0007673040963709354,0.001870939857326448,0.001870939857326448,0.0014066637959331274
69,11,dog_bark__fsd50k__dev__11722__0011__r0.wav,dog_bark,dog_bark,1,0.8611235022544861,0.026161598041653633,0.006065032444894314,0.07623858749866486,0.028095168992877007,0.0023161873687058687
70,11,dog_bark__fsd50k__dev__11722__0011__r0.wav,dog_bark,glass_breaking,0,0.1417822688817978,0.3336033225059509,0.07463037222623825,0.1469283550977707,0.18857815861701965,0.11447741836309433
71,12,dog_bark__fsd50k__dev__117271__0012__r0.wav,dog_bark,dog_bark,1,0.9956710338592529,0.00017202043090946972,0.00022879682364873588,0.0014096711529418826,0.002406428102403879,0.00011214397090952843
72,12,dog_bark__fsd50k__dev__117271__0012__r0.wav,dog_bark,dog_bark,1,0.9814658164978027,0.003907543607056141,0.0018481900915503502,0.008561402559280396,0.0035111773759126663,0.0007058086921460927
73,12,dog_bark__fsd50k__dev__117271__0012__r0.wav,dog_bark,dog_bark,1,0.9339383244514465,0.003588089719414711,0.004138072021305561,0.04052788391709328,0.01249661110341549,0.005311092361807823
74,12,dog_bark__fsd50k__dev__117271__0012__r0.wav,dog_bark,dog_bark,1,0.9972569346427917,0.00011232258839299902,0.000246098090428859,0.0009204595116898417,0.0013147449353709817,0.0001493952004238963
75,12,dog_bark__fsd50k__dev__117271__0012__r0.wav,dog_bark,dog_bark,1,0.993983805179596,0.00012022833834635094,0.0002729804255068302,0.0015112925320863724,0.003957381471991539,0.00015430957137141377
76,12,dog_bark__fsd50k__dev__117271__0012__r0.wav,dog_bark,dog_bark,1,0.9800630807876587,0.0009045897168107331,0.0013875734293833375,0.0074129183776676655,0.008249739184975624,0.0019819503650069237
77,12,dog_bark__fsd50k__dev__117271__0012__r0.wav,dog_bark,dog_bark,1,0.9917313456535339,0.0001539598888484761,0.0005758426268585026,0.002153773559257388,0.005251606926321983,0.00013349733490031213
78,12,dog_bark__fsd50k__dev__117271__0012__r0.wav,dog_bark,dog_bark,1,0.9313709735870361,0.0011033316841349006,0.003102651797235012,0.004276476334780455,0.057729147374629974,0.002417392795905471
79,12,dog_bark__fsd50k__dev__117271__0012__r0.wav,dog_bark,dog_bark,1,0.9936588406562805,0.00035024769022129476,0.0006420932477340102,0.0015656339237466455,0.0035547977313399315,0.00022833443654235452
80,12,dog_bark__fsd50k__dev__117271__0012__r0.wav,dog_bark,dog_bark,1,0.3140936493873596,0.15395203232765198,0.20476463437080383,0.09684953093528748,0.13349060714244843,0.09684953093528748
81,12,dog_bark__fsd50k__dev__117271__0012__r0.wav,dog_bark,dog_bark,1,0.9738842248916626,0.001036668079905212,0.0015901708975434303,0.0034840544685721397,0.015028517693281174,0.004976476542651653
82,12,dog_bark__fsd50k__dev__117271__0012__r0.wav,dog_bark,dog_bark,1,0.9666043519973755,0.0006246108678169549,0.004282806068658829,0.005304331425577402,0.02207893133163452,0.001104964641854167
83,12,dog_bark__fsd50k__dev__117271__0012__r0.wav,dog_bark,dog_bark,1,0.9838809370994568,0.0001527411659481004,0.0019199836533516645,0.003162781009450555,0.008893977850675583,0.0019896700978279114
84,13,dog_bark__fsd50k__dev__119420__0013__r0.wav,dog_bark,dog_bark,1,0.9966541528701782,0.0006916280253790319,0.0003513034898787737,0.00019162848184350878,0.0008876839419826865,0.001223520957864821
85,13,dog_bark__fsd50k__dev__119420__0013__r0.wav,dog_bark,dog_bark,1,0.7922134399414062,0.008869475685060024,0.017461754381656647,0.0726834163069725,0.09001965820789337,0.018752334639430046
86,13,dog_bark__fsd50k__dev__119420__0013__r0.wav,dog_bark,dog_bark,1,0.730248212814331,0.006146907806396484,0.019236881285905838,0.0719500333070755,0.08007224649190903,0.0923457220196724
87,13,dog_bark__fsd50k__dev__119420__0013__r0.wav,dog_bark,dog_bark,1,0.9621647000312805,0.005670203361660242,0.0009883210295811296,0.01242337841540575,0.01838909648358822,0.00036421255208551884
88,13,dog_bark__fsd50k__dev__119420__0013__r0.wav,dog_bark,dog_bark,1,0.9777681231498718,0.001908054924570024,0.0012439037673175335,0.006645380053669214,0.011755982413887978,0.0006785220466554165
89,13,dog_bark__fsd50k__dev__119420__0013__r0.wav,dog_bark,thunderstorm,0,0.160546213388443,0.2840135097503662,0.07070909440517426,0.006260146386921406,0.02700323611497879,0.45146793127059937
90,13,dog_bark__fsd50k__dev__119420__0013__r0.wav,dog_bark,dog_bark,1,0.9901835322380066,0.002663322491571307,0.00041713076643645763,0.0018646062817424536,0.004546519834548235,0.00032500227098353207
91,13,dog_bark__fsd50k__dev__119420__0013__r0.wav,dog_bark,dog_bark,1,0.9932030439376831,0.0005976285901851952,0.0003145754453726113,0.0007670384948141873,0.004897435195744038,0.0002202359464718029
92,13,dog_bark__fsd50k__dev__119420__0013__r0.wav,dog_bark,dog_bark,1,0.9942031502723694,0.0007149685989134014,0.00035043954267166555,0.001220512087456882,0.0031959626358002424,0.0003148922114633024
93,14,dog_bark__fsd50k__dev__121888__0014__r0.wav,dog_bark,dog_bark,1,0.9784914255142212,0.000811528239864856,0.0027273998130112886,0.004824893083423376,0.012634187936782837,0.0005105233285576105
94,15,dog_bark__fsd50k__dev__128042__0015__r0.wav,dog_bark,dog_bark,1,0.9941496849060059,0.0001119726148317568,0.0001119726148317568,0.003195790806785226,0.0023185971658676863,0.0001119726148317568
95,15,dog_bark__fsd50k__dev__128042__0015__r0.wav,dog_bark,dog_bark,1,0.9933607578277588,0.00020511132606770843,0.00011188376083737239,0.0009501416352577507,0.0052602351643145084,0.00011188376083737239
96,15,dog_bark__fsd50k__dev__128042__0015__r0.wav,dog_bark,speech,0,0.017101896926760674,0.2227766513824463,0.036157771944999695,0.0013605129206553102,0.6727657914161682,0.04983733966946602
97,15,dog_bark__fsd50k__dev__128042__0015__r0.wav,dog_bark,glass_breaking,0,0.011587713845074177,0.3814160227775574,0.2486535757780075,0.0038371027912944555,0.04654376208782196,0.30796176195144653
98,15,dog_bark__fsd50k__dev__128042__0015__r0.wav,dog_bark,dog_bark,1,0.9946025013923645,0.0010971487499773502,0.00029333861311897635,0.0010587220313027501,0.0026752084959298372,0.0002731503627728671
99,15,dog_bark__fsd50k__dev__128042__0015__r0.wav,dog_bark,dog_bark,1,0.9945911169052124,0.00011202233872609213,0.00011202233872609213,0.004406808875501156,0.0006660225335508585,0.00011202233872609213
100,15,dog_bark__fsd50k__dev__128042__0015__r0.wav,dog_bark,dog_bark,1,0.987147867679596,0.00018315309716854244,0.00018980068853124976,0.002068734262138605,0.00993085652589798,0.0004795936984010041
101,15,dog_bark__fsd50k__dev__128042__0015__r0.wav,dog_bark,speech,0,0.11329172551631927,0.01652262732386589,0.0011810993310064077,0.0038304333575069904,0.8645064830780029,0.0006676477496512234
102,16,dog_bark__fsd50k__dev__128891__0016__r0.wav,dog_bark,dog_bark,1,0.6093807816505432,0.0003799846163019538,0.011646611616015434,0.015490632504224777,0.3569714426994324,0.0061304629780352116
103,16,dog_bark__fsd50k__dev__128891__0016__r0.wav,dog_bark,dog_bark,1,0.9730231761932373,0.0015331199392676353,0.002269325079396367,0.013492143712937832,0.008487756364047527,0.0011945109581574798
104,16,dog_bark__fsd50k__dev__128891__0016__r0.wav,dog_bark,dog_bark,1,0.9471545815467834,0.01685638539493084,0.0025475865695625544,0.004196630325168371,0.025856435298919678,0.0033884295262396336
105,16,dog_bark__fsd50k__dev__128891__0016__r0.wav,dog_bark,gunshot_gunfire,0,0.03893604874610901,0.006098179612308741,0.5849408507347107,0.16795113682746887,0.13560660183429718,0.06646715849637985
106,16,dog_bark__fsd50k__dev__128891__0016__r0.wav,dog_bark,dog_bark,1,0.5410426259040833,0.030133739113807678,0.031227460131049156,0.32844290137290955,0.06371040642261505,0.005442970432341099
107,16,dog_bark__fsd50k__dev__128891__0016__r0.wav,dog_bark,dog_bark,1,0.9775805473327637,0.003892074804753065,0.00227995403110981,0.0057610515505075455,0.007662513758987188,0.0028237621299922466
108,16,dog_bark__fsd50k__dev__128891__0016__r0.wav,dog_bark,dog_bark,1,0.9728023409843445,0.0004560706438496709,0.0021893458906561136,0.008188622072339058,0.015556682832539082,0.0008068099268712103
109,16,dog_bark__fsd50k__dev__128891__0016__r0.wav,dog_bark,dog_bark,1,0.9882015585899353,0.0030654100701212883,0.00027139243320561945,0.004225145559757948,0.003934360574930906,0.00030202907510101795
110,16,dog_bark__fsd50k__dev__128891__0016__r0.wav,dog_bark,dog_bark,1,0.4485572874546051,0.015165887773036957,0.022448550909757614,0.02682914398610592,0.30303820967674255,0.18396100401878357
111,16,dog_bark__fsd50k__dev__128891__0016__r0.wav,dog_bark,glass_breaking,0,0.04714298993349075,0.7082347273826599,0.040877316147089005,0.026648832485079765,0.15843914449214935,0.018656976521015167
112,16,dog_bark__fsd50k__dev__128891__0016__r0.wav,dog_bark,thunderstorm,0,0.2021598368883133,0.004003958776593208,0.02216697297990322,0.030553391203284264,0.15199361741542816,0.5891222357749939
113,16,dog_bark__fsd50k__dev__128891__0016__r0.wav,dog_bark,dog_bark,1,0.6972174644470215,0.006081881932914257,0.00900240521878004,0.022747540846467018,0.09136885404586792,0.17358192801475525
114,16,dog_bark__fsd50k__dev__128891__0016__r0.wav,dog_bark,dog_bark,1,0.9878278970718384,0.0020701594185084105,0.00037392694503068924,0.002563927788287401,0.006478604860603809,0.0006855030660517514
115,17,dog_bark__fsd50k__dev__131258__0017__r0.wav,dog_bark,glass_breaking,0,0.07702897489070892,0.36977389454841614,0.08883596211671829,0.2244732677936554,0.07702897489070892,0.16285888850688934
116,17,dog_bark__fsd50k__dev__131258__0017__r0.wav,dog_bark,siren,0,0.08911015838384628,0.06942909955978394,0.0923444852232933,0.3709152638912201,0.11852139979600906,0.2596795856952667
117,17,dog_bark__fsd50k__dev__131258__0017__r0.wav,dog_bark,siren,0,0.01896478980779648,0.1668986976146698,0.14996913075447083,0.3656739294528961,0.11275410652160645,0.18573936820030212
118,17,dog_bark__fsd50k__dev__131258__0017__r0.wav,dog_bark,glass_breaking,0,0.2119351625442505,0.3749229311943054,0.07017926126718521,0.03967070206999779,0.13816525042057037,0.16512668132781982
119,17,dog_bark__fsd50k__dev__131258__0017__r0.wav,dog_bark,dog_bark,1,0.7842264175415039,0.009098729118704796,0.014463347382843494,0.03654639050364494,0.03283926472067833,0.12282585352659225
120,17,dog_bark__fsd50k__dev__131258__0017__r0.wav,dog_bark,dog_bark,1,0.40728759765625,0.20687651634216309,0.049700841307640076,0.1397624909877777,0.15009216964244843,0.04628032073378563
121,17,dog_bark__fsd50k__dev__131258__0017__r0.wav,dog_bark,gunshot_gunfire,0,0.0063307140953838825,0.23190216720104218,0.29763951897621155,0.18724174797534943,0.04498370364308357,0.23190216720104218
122,17,dog_bark__fsd50k__dev__131258__0017__r0.wav,dog_bark,siren,0,0.022670665755867958,0.27499333024024963,0.09106006473302841,0.4529953598976135,0.023493502289056778,0.13478712737560272
123,17,dog_bark__fsd50k__dev__131258__0017__r0.wav,dog_bark,thunderstorm,0,0.059046898037195206,0.015787042677402496,0.09726770222187042,0.0476754754781723,0.01105258334428072,0.7691702842712402
124,17,dog_bark__fsd50k__dev__131258__0017__r0.wav,dog_bark,glass_breaking,0,0.04709934815764427,0.6135363578796387,0.10319437831640244,0.147398442029953,0.02149680256843567,0.06727470457553864
125,17,dog_bark__fsd50k__dev__131258__0017__r0.wav,dog_bark,thunderstorm,0,0.09047561138868332,0.2054264098405838,0.14382004737854004,0.08424888551235199,0.056917205452919006,0.41911187767982483
126,17,dog_bark__fsd50k__dev__131258__0017__r0.wav,dog_bark,dog_bark,1,0.6721931099891663,0.006296965293586254,0.03743825480341911,0.03364066407084465,0.05742746964097023,0.19300344586372375
127,17,dog_bark__fsd50k__dev__131258__0017__r0.wav,dog_bark,thunderstorm,0,0.2729966640472412,0.02022312767803669,0.11196058988571167,0.1080392375588417,0.037074122577905655,0.4497062563896179
128,18,dog_bark__fsd50k__dev__142641__0018__r0.wav,dog_bark,thunderstorm,0,0.03782423585653305,0.017263509333133698,0.09222789853811264,0.03053992986679077,0.11837176233530045,0.7037726640701294
129,18,dog_bark__fsd50k__dev__142641__0018__r0.wav,dog_bark,thunderstorm,0,0.24209719896316528,0.006609025876969099,0.05816240981221199,0.07464970648288727,0.10662645101547241,0.5118552446365356
130,19,dog_bark__fsd50k__dev__144028__0019__r0.wav,dog_bark,speech,0,0.3129885792732239,0.013106310740113258,0.0036313473246991634,0.007149206940084696,0.6617376804351807,0.0013867825036868453
131,19,dog_bark__fsd50k__dev__144028__0019__r0.wav,dog_bark,speech,0,0.16927310824394226,0.2889637351036072,0.030575323849916458,0.024687035009264946,0.47600871324539185,0.010492054745554924
132,19,dog_bark__fsd50k__dev__144028__0019__r0.wav,dog_bark,speech,0,0.12022314220666885,0.10424453020095825,0.011845367960631847,0.014670691452920437,0.7407232522964478,0.008293000981211662
133,19,dog_bark__fsd50k__dev__144028__0019__r0.wav,dog_bark,dog_bark,1,0.5142061710357666,0.11100403964519501,0.010553964413702488,0.01618899405002594,0.18949340283870697,0.15855343639850616
134,19,dog_bark__fsd50k__dev__144028__0019__r0.wav,dog_bark,dog_bark,1,0.487210214138031,0.1613326072692871,0.005454713013023138,0.010362827219069004,0.30649858713150024,0.029141049832105637
135,19,dog_bark__fsd50k__dev__144028__0019__r0.wav,dog_bark,dog_bark,1,0.9055731296539307,0.010887960903346539,0.002350433962419629,0.005939145106822252,0.06951814889907837,0.005731129553169012
136,19,dog_bark__fsd50k__dev__144028__0019__r0.wav,dog_bark,dog_bark,1,0.5821882486343384,0.002317887032404542,0.004403506405651569,0.0026731728576123714,0.40759292244911194,0.0008242621552199125
137,19,dog_bark__fsd50k__dev__144028__0019__r0.wav,dog_bark,dog_bark,1,0.8004728555679321,0.0042388178408145905,0.0018668960547074676,0.007498663384467363,0.1855732947587967,0.00034945146762765944
138,19,dog_bark__fsd50k__dev__144028__0019__r0.wav,dog_bark,dog_bark,1,0.9801021218299866,0.0026362063363194466,0.00023339361359830946,0.0017809791024774313,0.015124469995498657,0.00012285217235330492
139,19,dog_bark__fsd50k__dev__144028__0019__r0.wav,dog_bark,dog_bark,1,0.5530205368995667,0.1193830743432045,0.03953197970986366,0.07510258257389069,0.2037971317768097,0.009164681658148766
140,19,dog_bark__fsd50k__dev__144028__0019__r0.wav,dog_bark,gunshot_gunfire,0,0.0480884313583374,0.20743004977703094,0.40837740898132324,0.23922492563724518,0.07644137740135193,0.020437702536582947
141,19,dog_bark__fsd50k__dev__144028__0019__r0.wav,dog_bark,gunshot_gunfire,0,0.08590514212846756,0.03523116931319237,0.6325656771659851,0.08590514212846756,0.07448769360780716,0.08590514212846756
142,19,dog_bark__fsd50k__dev__144028__0019__r0.wav,dog_bark,gunshot_gunfire,0,0.057865679264068604,0.029392128810286522,0.5873008966445923,0.18109190464019775,0.10236702114343643,0.041982460767030716
143,20,dog_bark__fsd50k__dev__146343__0020__r0.wav,dog_bark,dog_bark,1,0.988761842250824,0.0016144632827490568,0.0005540101556107402,0.0011713188141584396,0.007750155404210091,0.00014812259178142995
144,20,dog_bark__fsd50k__dev__146343__0020__r0.wav,dog_bark,dog_bark,1,0.9960646033287048,0.0002834808256011456,0.00017833459423854947,0.0007163072004914284,0.0025853062979876995,0.00017208843200933188
145,20,dog_bark__fsd50k__dev__146343__0020__r0.wav,dog_bark,dog_bark,1,0.9958904981613159,0.0002371533337282017,0.0003387396573089063,0.0018096687272191048,0.001569150248542428,0.00015460557187907398
146,20,dog_bark__fsd50k__dev__146343__0020__r0.wav,dog_bark,dog_bark,1,0.9960386753082275,0.0003387900651432574,0.00022888129751663655,0.0012671473668888211,0.002014256315305829,0.00011218537838431075
147,20,dog_bark__fsd50k__dev__146343__0020__r0.wav,dog_bark,dog_bark,1,0.9896140694618225,0.0007642668206244707,0.00027178035816177726,0.007485159207135439,0.0016745035536587238,0.00019027487724088132
148,20,dog_bark__fsd50k__dev__146343__0020__r0.wav,dog_bark,dog_bark,1,0.9903898239135742,0.0003136844024993479,0.0004643160500563681,0.005434856750071049,0.003072198014706373,0.00032506996649317443
149,20,dog_bark__fsd50k__dev__146343__0020__r0.wav,dog_bark,dog_bark,1,0.9948567152023315,0.0004833389539271593,0.0005986236501485109,0.0006203511729836464,0.0015675213653594255,0.0018734063487499952
150,20,dog_bark__fsd50k__dev__146343__0020__r0.wav,dog_bark,dog_bark,1,0.9946252703666687,0.00035058832145296037,0.0009180305059999228,0.0008249091333709657,0.0018729704897850752,0.0014081905828788877
151,21,dog_bark__fsd50k__dev__147672__0021__r0.wav,dog_bark,dog_bark,1,0.9209239482879639,0.008324866183102131,0.0026601082645356655,0.012322471477091312,0.05508236214518547,0.0006863080780021846
152,21,dog_bark__fsd50k__dev__147672__0021__r0.wav,dog_bark,dog_bark,1,0.4423261880874634,0.2883622646331787,0.07989612966775894,0.09548698365688324,0.07179178297519684,0.022136706858873367
153,21,dog_bark__fsd50k__dev__147672__0021__r0.wav,dog_bark,gunshot_gunfire,0,0.2324267327785492,0.10993314534425735,0.3565252423286438,0.0643981397151947,0.10993314534425735,0.12678369879722595
154,21,dog_bark__fsd50k__dev__147672__0021__r0.wav,dog_bark,siren,0,0.15853291749954224,0.07770442962646484,0.08344747871160507,0.44580650329589844,0.12351897358894348,0.11098969727754593
155,21,dog_bark__fsd50k__dev__147672__0021__r0.wav,dog_bark,gunshot_gunfire,0,0.1606602668762207,0.12517645955085754,0.22948026657104492,0.14436350762844086,0.15503324568271637,0.1852862685918808
156,22,dog_bark__fsd50k__dev__157950__0022__r0.wav,dog_bark,dog_bark,1,0.9868494272232056,0.0011281076585873961,0.00041572621557861567,0.0028505355585366488,0.008608363568782806,0.00014783609367441386
157,23,dog_bark__fsd50k__dev__162148__0023__r0.wav,dog_bark,dog_bark,1,0.9957869648933411,0.0011796409962698817,0.00033870444167405367,0.0011796409962698817,0.0013604563428089023,0.00015458949201274663
158,24,dog_bark__fsd50k__dev__167487__0024__r0.wav,dog_bark,thunderstorm,0,0.021493662148714066,0.036691512912511826,0.2515849471092224,0.11899459362030029,0.02001442201435566,0.5512209534645081
159,24,dog_bark__fsd50k__dev__167487__0024__r0.wav,dog_bark,thunderstorm,0,0.018822545185685158,0.0157492533326149,0.23660290241241455,0.15984517335891724,0.012270836159586906,0.556709349155426
160,24,dog_bark__fsd50k__dev__167487__0024__r0.wav,dog_bark,thunderstorm,0,0.010576251894235611,0.028699539601802826,0.2039284110069275,0.029741212725639343,0.016812017187476158,0.7102425694465637
161,24,dog_bark__fsd50k__dev__167487__0024__r0.wav,dog_bark,thunderstorm,0,0.011587384156882763,0.04654243588447571,0.15094220638275146,0.03034205175936222,0.009695425629615784,0.7508904337882996
162,24,dog_bark__fsd50k__dev__167487__0024__r0.wav,dog_bark,thunderstorm,0,0.01502856146544218,0.00497649097815156,0.05825020745396614,0.0063871778547763824,0.008495296351611614,0.906862199306488
163,24,dog_bark__fsd50k__dev__167487__0024__r0.wav,dog_bark,thunderstorm,0,0.011802858673036098,0.013611995615065098,0.12413961440324783,0.02163763716816902,0.007425046060234308,0.8213829398155212
164,24,dog_bark__fsd50k__dev__167487__0024__r0.wav,dog_bark,thunderstorm,0,0.01905979961156845,0.009014900773763657,0.25729262828826904,0.11331897228956223,0.017126448452472687,0.5841873288154602
165,24,dog_bark__fsd50k__dev__167487__0024__r0.wav,dog_bark,thunderstorm,0,0.018532434478402138,0.024649152532219887,0.2501736581325531,0.055966321378946304,0.018532434478402138,0.6321460008621216
166,24,dog_bark__fsd50k__dev__167487__0024__r0.wav,dog_bark,thunderstorm,0,0.041930072009563446,0.05011226609349251,0.25834113359451294,0.23213601112365723,0.03508384898304939,0.3823966681957245
167,25,dog_bark__fsd50k__dev__170015__0025__r0.wav,dog_bark,speech,0,0.0828959196805954,0.1519692838191986,0.08902265876531601,0.00976139772683382,0.34504884481430054,0.32130181789398193
168,25,dog_bark__fsd50k__dev__170015__0025__r0.wav,dog_bark,dog_bark,1,0.9916341304779053,0.0018019343260675669,0.0007658268441446126,0.0006881443550810218,0.00409132381901145,0.0010185915743932128
169,25,dog_bark__fsd50k__dev__170015__0025__r0.wav,dog_bark,dog_bark,1,0.5238711833953857,0.25677385926246643,0.03613666445016861,0.06624769419431686,0.05744285508990288,0.05952777713537216
170,26,dog_bark__fsd50k__dev__178118__0026__r0.wav,dog_bark,siren,0,0.06298913806676865,0.013121502473950386,0.05659977346658707,0.6393008828163147,0.0508585087954998,0.17713019251823425
171,26,dog_bark__fsd50k__dev__178118__0026__r0.wav,dog_bark,siren,0,0.006678512319922447,0.0037752059288322926,0.02588568814098835,0.8221995830535889,0.012687793001532555,0.12877322733402252
172,26,dog_bark__fsd50k__dev__178118__0026__r0.wav,dog_bark,siren,0,0.0036559123545885086,0.005039052106440067,0.09047472476959229,0.666213870048523,0.021736012771725655,0.2128804326057434
173,26,dog_bark__fsd50k__dev__178118__0026__r0.wav,dog_bark,siren,0,0.0037582803051918745,0.0049987188540399075,0.10726436227560043,0.7354862093925476,0.015643594786524773,0.1328487992286682
174,26,dog_bark__fsd50k__dev__178118__0026__r0.wav,dog_bark,thunderstorm,0,0.07305901497602463,0.03845630958676338,0.042797524482011795,0.0680309385061264,0.009238896891474724,0.768417239189148
175,26,dog_bark__fsd50k__dev__178118__0026__r0.wav,dog_bark,thunderstorm,0,0.023591607809066772,0.004914456512778997,0.040272895246744156,0.1453535258769989,0.00933645199984312,0.7765310406684875
176,26,dog_bark__fsd50k__dev__178118__0026__r0.wav,dog_bark,siren,0,0.007175837643444538,0.0066819824278354645,0.08399375528097153,0.7938146591186523,0.01813211664557457,0.09020160883665085
177,26,dog_bark__fsd50k__dev__178118__0026__r0.wav,dog_bark,siren,0,0.0012250721920281649,0.001749841496348381,0.10942235589027405,0.6986468434333801,0.008704913780093193,0.18025100231170654
178,26,dog_bark__fsd50k__dev__178118__0026__r0.wav,dog_bark,siren,0,0.0006667039124295115,0.0015137629816308618,0.03134520724415779,0.5627942085266113,0.009665168821811676,0.39401501417160034
179,26,dog_bark__fsd50k__dev__178118__0026__r0.wav,dog_bark,siren,0,0.002874257043004036,0.0044088964350521564,0.059516727924346924,0.6259825229644775,0.011140529066324234,0.29607710242271423
180,26,dog_bark__fsd50k__dev__178118__0026__r0.wav,dog_bark,thunderstorm,0,0.19222672283649445,0.023457208648324013,0.08466210216283798,0.1445254385471344,0.03350526839494705,0.5216232538223267
181,26,dog_bark__fsd50k__dev__178118__0026__r0.wav,dog_bark,siren,0,0.006392929702997208,0.00204278202727437,0.096041738986969,0.47777771949768066,0.01797739416360855,0.3997674882411957
182,26,dog_bark__fsd50k__dev__178118__0026__r0.wav,dog_bark,siren,0,0.001613318920135498,0.0024747110437601805,0.06576935201883316,0.8267329335212708,0.012757749296724796,0.09065186232328415
183,27,dog_bark__fsd50k__dev__180052__0027__r0.wav,dog_bark,dog_bark,1,0.9907321333885193,0.0006177792674861848,0.0007383322226814926,0.0013061428908258677,0.0060504707507789135,0.0005551141803152859
184,27,dog_bark__fsd50k__dev__180052__0027__r0.wav,dog_bark,dog_bark,1,0.9912693500518799,0.0004990760353393853,0.0001116482017096132,0.0015071653760969639,0.0065011754631996155,0.0001116482017096132
185,27,dog_bark__fsd50k__dev__180052__0027__r0.wav,dog_bark,dog_bark,1,0.9953274726867676,0.000338548154104501,0.00011210527009097859,0.001022385316900909,0.003087514778599143,0.00011210527009097859
186,27,dog_bark__fsd50k__dev__180052__0027__r0.wav,dog_bark,dog_bark,1,0.9954381585121155,0.000557750987354666,0.0002130004286300391,0.0009866865584626794,0.0025836804416030645,0.0002207315556006506
187,27,dog_bark__fsd50k__dev__180052__0027__r0.wav,dog_bark,dog_bark,1,0.9771331548690796,0.005758414976298809,0.004818197805434465,0.004649442620575428,0.004818197805434465,0.0028224699199199677
188,27,dog_bark__fsd50k__dev__180052__0027__r0.wav,dog_bark,dog_bark,1,0.9966312050819397,0.00011225211346754804,0.00011225211346754804,0.0003512953990139067,0.0026806651148945093,0.00011225211346754804
189,27,dog_bark__fsd50k__dev__180052__0027__r0.wav,dog_bark,dog_bark,1,0.9894150495529175,0.002000861568376422,0.00026220871950499713,0.002307554939761758,0.005830794107168913,0.00018357373483013362
190,27,dog_bark__fsd50k__dev__180052__0027__r0.wav,dog_bark,dog_bark,1,0.9800254106521606,0.0053779808804392815,0.0005896993679925799,0.0019818730652332306,0.011783122085034847,0.00024184578796848655
191,27,dog_bark__fsd50k__dev__180052__0027__r0.wav,dog_bark,dog_bark,1,0.9930830001831055,0.0005369425634853542,0.00038956038770265877,0.0010200798278674483,0.004725335631519556,0.00024506807676516473
192,27,dog_bark__fsd50k__dev__180052__0027__r0.wav,dog_bark,dog_bark,1,0.9957642555236816,0.0004837798769585788,0.0002734693989623338,0.00041948171565309167,0.0027755452319979668,0.00028339531854726374
193,27,dog_bark__fsd50k__dev__180052__0027__r0.wav,dog_bark,dog_bark,1,0.9980689883232117,0.00016056749154813588,0.00013922674406785518,0.00037780357524752617,0.0011409331345930696,0.00011241405445616692
194,27,dog_bark__fsd50k__dev__180052__0027__r0.wav,dog_bark,dog_bark,1,0.9890907406806946,0.0001481718645663932,0.00033642680500634015,0.0007112920866347849,0.009601893834769726,0.00011140282003907487
195,27,dog_bark__fsd50k__dev__180052__0027__r0.wav,dog_bark,dog_bark,1,0.9874985814094543,0.0035327596124261618,0.0016124006360769272,0.002386676147580147,0.004375383723527193,0.000594196084421128
196,28,dog_bark__fsd50k__dev__182395__0028__r0.wav,dog_bark,dog_bark,1,0.9966805577278137,0.0005018003867007792,0.00022902879572939128,0.0009533170377835631,0.0013616771902889013,0.0002737210597842932
197,29,dog_bark__fsd50k__dev__184880__0029__r0.wav,dog_bark,thunderstorm,0,0.04195390269160271,0.014396661892533302,0.055800989270210266,0.004940276965498924,0.10229738056659698,0.7806108593940735
198,29,dog_bark__fsd50k__dev__184880__0029__r0.wav,dog_bark,thunderstorm,0,0.024101078510284424,0.036969251930713654,0.1905856877565384,0.02984960749745369,0.054721903055906296,0.663772463798523
199,29,dog_bark__fsd50k__dev__184880__0029__r0.wav,dog_bark,thunderstorm,0,0.009676739573478699,0.008695166558027267,0.31851518154144287,0.020459095016121864,0.24816718697547913,0.39448660612106323
200,29,dog_bark__fsd50k__dev__184880__0029__r0.wav,dog_bark,thunderstorm,0,0.0050097196362912655,0.015128916129469872,0.1284780502319336,0.00376655301079154,0.08375769853591919,0.7638590335845947
201,29,dog_bark__fsd50k__dev__184880__0029__r0.wav,dog_bark,thunderstorm,0,0.23565685749053955,0.0022877100855112076,0.035615965723991394,0.005780650302767754,0.20433621108531952,0.5163226127624512
202,29,dog_bark__fsd50k__dev__184880__0029__r0.wav,dog_bark,gunshot_gunfire,0,0.07607255131006241,0.030105937272310257,0.4364440441131592,0.10118065029382706,0.1497676521539688,0.20642922818660736
203,29,dog_bark__fsd50k__dev__184880__0029__r0.wav,dog_bark,thunderstorm,0,0.08210273832082748,0.0033176157157868147,0.09468743205070496,0.010382544249296188,0.26626816391944885,0.5432415008544922
204,29,dog_bark__fsd50k__dev__184880__0029__r0.wav,dog_bark,thunderstorm,0,0.05826112627983093,0.022249452769756317,0.15255919098854065,0.013996888883411884,0.1823294460773468,0.5706039071083069
205,29,dog_bark__fsd50k__dev__184880__0029__r0.wav,dog_bark,thunderstorm,0,0.06864747405052185,0.014819244854152203,0.06864747405052185,0.008681021630764008,0.11718712747097015,0.7220176458358765
206,29,dog_bark__fsd50k__dev__184880__0029__r0.wav,dog_bark,thunderstorm,0,0.01039279717952013,0.007021208759397268,0.23949521780014038,0.017741400748491287,0.0982210785150528,0.6271282434463501
207,30,dog_bark__fsd50k__dev__196127__0030__r0.wav,dog_bark,dog_bark,1,0.9948200583457947,0.0020848126150667667,0.0006661758525297046,0.0014595870161429048,0.0003265240811742842,0.0006428436026908457
208,30,dog_bark__fsd50k__dev__196127__0030__r0.wav,dog_bark,dog_bark,1,0.984672486782074,0.0054034823551774025,0.0017892841715365648,0.0054034823551774025,0.0018542285542935133,0.0008770122658461332
209,30,dog_bark__fsd50k__dev__196127__0030__r0.wav,dog_bark,dog_bark,1,0.9592352509498596,0.011129211634397507,0.007001262158155441,0.012385553680360317,0.006291082128882408,0.00395765108987689
210,30,dog_bark__fsd50k__dev__196127__0030__r0.wav,dog_bark,siren,0,0.1862182766199112,0.023548785597085953,0.16732902824878693,0.4381580054759979,0.04473782703280449,0.14000798761844635
211,30,dog_bark__fsd50k__dev__196127__0030__r0.wav,dog_bark,dog_bark,1,0.9273423552513123,0.013325435109436512,0.00900245364755392,0.03883220627903938,0.00396493636071682,0.007532559335231781
212,30,dog_bark__fsd50k__dev__196127__0030__r0.wav,dog_bark,dog_bark,1,0.9900099635124207,0.002759507391601801,0.0014016561908647418,0.004545724950730801,0.00043219508370384574,0.0008508830796927214
213,30,dog_bark__fsd50k__dev__196127__0030__r0.wav,dog_bark,glass_breaking,0,0.0814339891076088,0.6673338413238525,0.07061078399419785,0.027944421395659447,0.008616550825536251,0.1440604329109192
214,30,dog_bark__fsd50k__dev__196127__0030__r0.wav,dog_bark,dog_bark,1,0.8861252069473267,0.03580661863088608,0.020240649580955505,0.02252555452287197,0.015770254656672478,0.0195317305624485
215,30,dog_bark__fsd50k__dev__196127__0030__r0.wav,dog_bark,dog_bark,1,0.9534410834312439,0.013700461015105247,0.005048844963312149,0.02423674240708351,0.0015022659208625555,0.0020706173963844776
216,30,dog_bark__fsd50k__dev__196127__0030__r0.wav,dog_bark,dog_bark,1,0.7590941786766052,0.08031994849443436,0.04079749062657356,0.06258029490709305,0.010157099924981594,0.04705093055963516
217,30,dog_bark__fsd50k__dev__196127__0030__r0.wav,dog_bark,dog_bark,1,0.9334226846694946,0.029387375339865685,0.006574247498065233,0.022094866260886192,0.002176967216655612,0.0063439905643463135
218,30,dog_bark__fsd50k__dev__196127__0030__r0.wav,dog_bark,dog_bark,1,0.9708260893821716,0.00496084988117218,0.0051409052684903145,0.008171986788511276,0.0024315444752573967,0.008468590676784515
219,30,dog_bark__fsd50k__dev__196127__0030__r0.wav,dog_bark,gunshot_gunfire,0,0.01746504008769989,0.08090364187955856,0.48100805282592773,0.008871142752468586,0.29199856519699097,0.11975360661745071
220,31,dog_bark__fsd50k__dev__211548__0031__r0.wav,dog_bark,dog_bark,1,0.9697052836418152,0.005514490883797407,0.003117211861535907,0.01665327325463295,0.004146062768995762,0.0008636815473437309
221,32,dog_bark__fsd50k__dev__220901__0032__r0.wav,dog_bark,dog_bark,1,0.5915952920913696,0.10685819387435913,0.027569426223635674,0.023905230686068535,0.2030084729194641,0.04706336930394173
222,32,dog_bark__fsd50k__dev__220901__0032__r0.wav,dog_bark,speech,0,0.12655529379844666,0.0886019915342331,0.29777535796165466,0.008424032479524612,0.47334378957748413,0.005299469921737909
223,32,dog_bark__fsd50k__dev__220901__0032__r0.wav,dog_bark,speech,0,0.21414509415626526,0.013755119405686855,0.0034245264250785112,0.018295058980584145,0.7458253502845764,0.004554808139801025
224,32,dog_bark__fsd50k__dev__220901__0032__r0.wav,dog_bark,dog_bark,1,0.6567469239234924,0.035296838730573654,0.023010794073343277,0.018579306080937386,0.16350622475147247,0.1028599664568901
225,32,dog_bark__fsd50k__dev__220901__0032__r0.wav,dog_bark,dog_bark,1,0.8261873126029968,0.01321207731962204,0.00407389085739851,0.004221756011247635,0.13409438729286194,0.018210597336292267
226,32,dog_bark__fsd50k__dev__220901__0032__r0.wav,dog_bark,dog_bark,1,0.8276031017303467,0.008941165171563625,0.009950505569577217,0.008034205064177513,0.10099148750305176,0.044479500502347946
227,32,dog_bark__fsd50k__dev__220901__0032__r0.wav,dog_bark,dog_bark,1,0.804380476474762,0.004574326332658529,0.006084104999899864,0.007271353155374527,0.14020419120788574,0.03748560696840286
228,32,dog_bark__fsd50k__dev__220901__0032__r0.wav,dog_bark,dog_bark,1,0.9733589291572571,0.00015110768435988575,0.0006754623027518392,0.0009998196037486196,0.02145451307296753,0.0033602151088416576
229,32,dog_bark__fsd50k__dev__220901__0032__r0.wav,dog_bark,dog_bark,1,0.3702394962310791,0.03917514532804489,0.025539148598909378,0.05595610290765762,0.32103174924850464,0.18805839121341705
230,32,dog_bark__fsd50k__dev__220901__0032__r0.wav,dog_bark,speech,0,0.29719626903533936,0.01158851943910122,0.004586190450936556,0.005289161577820778,0.6747891902923584,0.006550720427185297
231,32,dog_bark__fsd50k__dev__220901__0032__r0.wav,dog_bark,dog_bark,1,0.95337975025177,0.0011294040596112609,0.006714808288961649,0.009255219250917435,0.02177685871720314,0.007744050584733486
232,32,dog_bark__fsd50k__dev__220901__0032__r0.wav,dog_bark,dog_bark,1,0.7188501358032227,0.020336199551820755,0.03471563383936882,0.1011662483215332,0.1125866025686264,0.012345201335847378
233,32,dog_bark__fsd50k__dev__220901__0032__r0.wav,dog_bark,dog_bark,1,0.913554847240448,0.016848523169755936,0.0012481091544032097,0.0022881021723151207,0.06301707029342651,0.0030433014035224915
234,33,dog_bark__fsd50k__dev__220904__0033__r0.wav,dog_bark,gunshot_gunfire,0,0.017599891871213913,0.0844874382019043,0.4055778980255127,0.3776651620864868,0.07325839251279831,0.041411254554986954
235,34,dog_bark__fsd50k__dev__221207__0034__r0.wav,dog_bark,dog_bark,1,0.9900306463241577,0.002392795868217945,0.0006173418369144201,0.0025696451775729656,0.003941643051803112,0.00044789127423428
236,34,dog_bark__fsd50k__dev__221207__0034__r0.wav,dog_bark,dog_bark,1,0.988741934299469,0.0009800491388887167,0.001999501371756196,0.00295966281555593,0.0026594451628625393,0.0026594451628625393
237,34,dog_bark__fsd50k__dev__221207__0034__r0.wav,dog_bark,dog_bark,1,0.9924110174179077,0.0003892967652063817,0.000517785781994462,0.002866600174456835,0.0034259865060448647,0.0003892967652063817
238,34,dog_bark__fsd50k__dev__221207__0034__r0.wav,dog_bark,dog_bark,1,0.9812840819358826,0.0011624604230746627,0.001044544973410666,0.003268925938755274,0.012670246884226799,0.0005697765154764056
239,35,dog_bark__fsd50k__dev__232271__0035__r0.wav,dog_bark,dog_bark,1,0.5928989052772522,0.00882888212800026,0.014543783850967884,0.03674964979290962,0.2906075716018677,0.056371212005615234
240,35,dog_bark__fsd50k__dev__232271__0035__r0.wav,dog_bark,speech,0,0.15806831419467926,0.003610555548220873,0.0893523246049881,0.0925954282283783,0.413908451795578,0.24246497452259064
241,35,dog_bark__fsd50k__dev__232271__0035__r0.wav,dog_bark,siren,0,0.001195301185362041,0.0019000506727024913,0.07474543154239655,0.6816684007644653,0.0582369863986969,0.1822538673877716
242,35,dog_bark__fsd50k__dev__232271__0035__r0.wav,dog_bark,siren,0,0.002860644133761525,0.0012599090114235878,0.033484067767858505,0.7996248006820679,0.04615209624171257,0.11661845445632935
243,35,dog_bark__fsd50k__dev__232271__0035__r0.wav,dog_bark,siren,0,0.000564825430046767,0.0018317903159186244,0.026555359363555908,0.905809760093689,0.023025941103696823,0.04221239686012268
244,35,dog_bark__fsd50k__dev__232271__0035__r0.wav,dog_bark,siren,0,0.0013784801121801138,0.003129861783236265,0.17586591839790344,0.5910537838935852,0.06480947881937027,0.16376245021820068
245,35,dog_bark__fsd50k__dev__232271__0035__r0.wav,dog_bark,siren,0,0.0015908414497971535,0.011714215390384197,0.052363429218530655,0.8152145147323608,0.06485302001237869,0.05426400154829025
246,35,dog_bark__fsd50k__dev__232271__0035__r0.wav,dog_bark,thunderstorm,0,0.1849735826253891,0.025120211765170097,0.03341125696897507,0.06125131621956825,0.11636484414339066,0.5788788199424744
247,35,dog_bark__fsd50k__dev__232271__0035__r0.wav,dog_bark,thunderstorm,0,0.3262937366962433,0.06797146052122116,0.051104262471199036,0.10426314175128937,0.0872393399477005,0.36312803626060486
248,35,dog_bark__fsd50k__dev__232271__0035__r0.wav,dog_bark,dog_bark,1,0.3710707426071167,0.07197923213243484,0.08914752304553986,0.1367456614971161,0.08914752304553986,0.24190926551818848
249,35,dog_bark__fsd50k__dev__232271__0035__r0.wav,dog_bark,dog_bark,1,0.8440952301025391,0.0049743992276489735,0.03291364759206772,0.021457141265273094,0.03176087141036987,0.06479866057634354
250,36,dog_bark__fsd50k__dev__235913__0036__r0.wav,dog_bark,speech,0,0.08690781891345978,0.020147809758782387,0.005386807024478912,0.003511780174449086,0.882060706615448,0.0019851266406476498
251,36,dog_bark__fsd50k__dev__235913__0036__r0.wav,dog_bark,dog_bark,1,0.9261571168899536,0.012842289172112942,0.004406885709613562,0.002772323787212372,0.051582954823970795,0.0022384205367416143
252,36,dog_bark__fsd50k__dev__235913__0036__r0.wav,dog_bark,dog_bark,1,0.8558700084686279,0.010290366597473621,0.002751277294009924,0.003172993427142501,0.12044952809810638,0.0074658202938735485
253,36,dog_bark__fsd50k__dev__235913__0036__r0.wav,dog_bark,glass_breaking,0,0.012627964839339256,0.4793682098388672,0.038135334849357605,0.004181568045169115,0.31251078844070435,0.1531762033700943
254,36,dog_bark__fsd50k__dev__235913__0036__r0.wav,dog_bark,speech,0,0.3937692940235138,0.05951227620244026,0.014297466725111008,0.018350372090935707,0.5053911805152893,0.00867935549467802
255,37,dog_bark__fsd50k__dev__236967__0037__r0.wav,dog_bark,dog_bark,1,0.4687817096710205,0.037293143570423126,0.3401085138320923,0.015849683433771133,0.1209457591176033,0.017021114006638527
256,38,dog_bark__fsd50k__dev__244469__0038__r0.wav,dog_bark,dog_bark,1,0.9312350153923035,0.002888699294999242,0.0063291192054748535,0.003981579560786486,0.05374826863408089,0.0018172484124079347
257,38,dog_bark__fsd50k__dev__244469__0038__r0.wav,dog_bark,dog_bark,1,0.9331082701683044,0.003221262479200959,0.003584900638088584,0.0029995671939104795,0.05581113323569298,0.001274823909625411
258,38,dog_bark__fsd50k__dev__244469__0038__r0.wav,dog_bark,dog_bark,1,0.9895988702774048,0.0006867320043966174,0.0007642550626769662,0.001615829998627305,0.007222880143672228,0.00011146005272166803
259,38,dog_bark__fsd50k__dev__244469__0038__r0.wav,dog_bark,dog_bark,1,0.9926459789276123,0.0014563972363248467,0.0005763737135566771,0.0005972933722659945,0.004398190416395664,0.000325810513459146
260,38,dog_bark__fsd50k__dev__244469__0038__r0.wav,dog_bark,dog_bark,1,0.930899977684021,0.00029484229162335396,0.0006459979340434074,0.0038407444953918457,0.06421353667974472,0.00010484870290383697
261,38,dog_bark__fsd50k__dev__244469__0038__r0.wav,dog_bark,dog_bark,1,0.9941375255584717,0.0012204315280541778,0.0008245045901276171,0.0004041282518301159,0.0027710110880434513,0.0006424025632441044
262,38,dog_bark__fsd50k__dev__244469__0038__r0.wav,dog_bark,glass_breaking,0,0.03428662195801735,0.38727131485939026,0.06995172798633575,0.0021251875441521406,0.17056524753570557,0.335799902677536
263,38,dog_bark__fsd50k__dev__244469__0038__r0.wav,dog_bark,dog_bark,1,0.9939325451850891,0.001096409629099071,0.00044965650886297226,0.0007676018867641687,0.0035557770170271397,0.00019804142357315868
264,38,dog_bark__fsd50k__dev__244469__0038__r0.wav,dog_bark,dog_bark,1,0.9908818006515503,0.002761936280876398,0.0006178725743666291,0.0003370360063854605,0.004549725912511349,0.000851632037665695
265,38,dog_bark__fsd50k__dev__244469__0038__r0.wav,dog_bark,dog_bark,1,0.9609595537185669,0.006081655155867338,0.0015690673608332872,0.0033174101263284683,0.027185451239347458,0.0008869573357515037
266,38,dog_bark__fsd50k__dev__244469__0038__r0.wav,dog_bark,dog_bark,1,0.9069271087646484,0.00115378072950989,0.0007794755510985851,0.0011956575326621532,0.08935786038637161,0.0005860480014234781
267,38,dog_bark__fsd50k__dev__244469__0038__r0.wav,dog_bark,speech,0,0.35744959115982056,0.0327950194478035,0.004453706089407206,0.014443855732679367,0.5888251662254333,0.0020327335223555565
268,38,dog_bark__fsd50k__dev__244469__0038__r0.wav,dog_bark,dog_bark,1,0.9498958587646484,0.001208445057272911,0.003279216354712844,0.004853897728025913,0.038383468985557556,0.0023791224230080843
269,39,dog_bark__fsd50k__dev__261286__0039__r0.wav,dog_bark,dog_bark,1,0.9589459300041199,0.004562903195619583,0.0005568059859797359,0.0006654604221694171,0.030190935358405113,0.0050779953598976135
270,39,dog_bark__fsd50k__dev__261286__0039__r0.wav,dog_bark,speech,0,0.3473675549030304,0.0834529846906662,0.016775518655776978,0.013070438988506794,0.47878706455230713,0.060546450316905975
271,39,dog_bark__fsd50k__dev__261286__0039__r0.wav,dog_bark,dog_bark,1,0.996277391910553,0.0002640273596625775,0.00011221226304769516,0.0008262793417088687,0.0024078937713056803,0.00011221226304769516
272,39,dog_bark__fsd50k__dev__261286__0039__r0.wav,dog_bark,glass_breaking,0,0.008948310278356075,0.5595625638961792,0.07076115906238556,0.0017987682949751616,0.11248195171356201,0.24644719064235687
273,39,dog_bark__fsd50k__dev__261286__0039__r0.wav,dog_bark,dog_bark,1,0.9829026460647583,0.00827364157885313,0.001391593599691987,0.002212077146396041,0.004513089079409838,0.0007068419945426285
274,39,dog_bark__fsd50k__dev__261286__0039__r0.wav,dog_bark,dog_bark,1,0.9945998191833496,0.00014899714733473957,0.00011202331370441243,0.0006201909855008125,0.004406847525388002,0.00011202331370441243
275,40,dog_bark__fsd50k__dev__264332__0040__r0.wav,dog_bark,gunshot_gunfire,0,0.14281970262527466,0.026733439415693283,0.5341761112213135,0.09310732781887054,0.08366287499666214,0.11950048059225082
276,40,dog_bark__fsd50k__dev__264332__0040__r0.wav,dog_bark,dog_bark,1,0.600233793258667,0.12503693997859955,0.0570685938000679,0.13915196061134338,0.03995399922132492,0.038554638624191284
277,40,dog_bark__fsd50k__dev__264332__0040__r0.wav,dog_bark,dog_bark,1,0.9794403910636902,0.002127080922946334,0.0027300450019538403,0.005772011820226908,0.008543734438717365,0.0013866918161511421
278,40,dog_bark__fsd50k__dev__264332__0040__r0.wav,dog_bark,dog_bark,1,0.9481269121170044,0.008570772595703602,0.014118596911430359,0.006677811965346336,0.0136240990832448,0.008881855756044388
279,40,dog_bark__fsd50k__dev__264332__0040__r0.wav,dog_bark,dog_bark,1,0.9731770157814026,0.0006068326183594763,0.002352062612771988,0.010145655833184719,0.012565569020807743,0.001152856508269906
280,40,dog_bark__fsd50k__dev__264332__0040__r0.wav,dog_bark,dog_bark,1,0.9801819920539856,0.0006563735660165548,0.0016004539793357253,0.01311537716537714,0.003765752771869302,0.0006801971467211843
281,40,dog_bark__fsd50k__dev__264332__0040__r0.wav,dog_bark,dog_bark,1,0.7331051230430603,0.025686196982860565,0.0863267034292221,0.06263138353824615,0.06043775752186775,0.03181280195713043
282,41,dog_bark__fsd50k__dev__266603__0041__r0.wav,dog_bark,dog_bark,1,0.532356321811676,0.05061500146985054,0.11089710891246796,0.06049194931983948,0.056328773498535156,0.18931084871292114
283,41,dog_bark__fsd50k__dev__266603__0041__r0.wav,dog_bark,dog_bark,1,0.5433083176612854,0.015370138920843601,0.01115127932280302,0.3541947305202484,0.06870566308498383,0.007269765716046095
284,41,dog_bark__fsd50k__dev__266603__0041__r0.wav,dog_bark,dog_bark,1,0.9088354706764221,0.003749711439013481,0.003137468360364437,0.07230088114738464,0.01054446492344141,0.0014319841284304857
285,41,dog_bark__fsd50k__dev__266603__0041__r0.wav,dog_bark,dog_bark,1,0.8680151104927063,0.015447950921952724,0.02054661698639393,0.013394796289503574,0.06204897165298462,0.02054661698639393
286,41,dog_bark__fsd50k__dev__266603__0041__r0.wav,dog_bark,dog_bark,1,0.9708696603775024,0.007609912194311619,0.0017024129629135132,0.008468971587717533,0.007343381643295288,0.004005654715001583
287,41,dog_bark__fsd50k__dev__266603__0041__r0.wav,dog_bark,dog_bark,1,0.8039482235908508,0.01650085300207138,0.004571868572384119,0.020436592400074005,0.14521490037441254,0.009327545762062073
288,41,dog_bark__fsd50k__dev__266603__0041__r0.wav,dog_bark,dog_bark,1,0.9778083562850952,0.006645653862506151,0.0012003853917121887,0.003143260022625327,0.008839082904160023,0.0023632559459656477
289,41,dog_bark__fsd50k__dev__266603__0041__r0.wav,dog_bark,dog_bark,1,0.9549213647842407,0.005430418066680431,0.002568477066233754,0.027014631778001785,0.008329852484166622,0.0017352222930639982
290,41,dog_bark__fsd50k__dev__266603__0041__r0.wav,dog_bark,dog_bark,1,0.9809003472328186,0.006433171220123768,0.003768512513488531,0.0036365222185850143,0.0007575376075692475,0.00450389739125967
291,41,dog_bark__fsd50k__dev__266603__0041__r0.wav,dog_bark,dog_bark,1,0.9801115393638611,0.000971494650002569,0.000656326359603554,0.01624245196580887,0.0017186184413731098,0.00029955647187307477
292,41,dog_bark__fsd50k__dev__266603__0041__r0.wav,dog_bark,dog_bark,1,0.9849485754966736,0.0034002247266471386,0.00031196101917885244,0.009561683051288128,0.0016666091978549957,0.00011093628563685343
293,41,dog_bark__fsd50k__dev__266603__0041__r0.wav,dog_bark,dog_bark,1,0.7859410047531128,0.0037397027481347322,0.0014281626790761948,0.20277291536331177,0.00573642598465085,0.0003818398108705878
294,41,dog_bark__fsd50k__dev__266603__0041__r0.wav,dog_bark,dog_bark,1,0.9834209084510803,0.008578456938266754,0.0009747749427333474,0.003394950879737735,0.0021357254590839148,0.001495232223533094
295,42,dog_bark__fsd50k__dev__327138__0042__r0.wav,dog_bark,thunderstorm,0,0.03053862974047661,0.06230505555868149,0.0889938697218895,0.046843986958265305,0.09222396463155746,0.6790944337844849
296,42,dog_bark__fsd50k__dev__327138__0042__r0.wav,dog_bark,thunderstorm,0,0.046705905348062515,0.048401132225990295,0.04049833118915558,0.035115793347358704,0.048401132225990295,0.7808776497840881
297,42,dog_bark__fsd50k__dev__327138__0042__r0.wav,dog_bark,dog_bark,1,0.942282497882843,0.0009339982061646879,0.005170863121747971,0.010180121287703514,0.03945782035589218,0.001974711427465081
298,42,dog_bark__fsd50k__dev__327138__0042__r0.wav,dog_bark,dog_bark,1,0.9700798392295837,0.00010926159302471206,0.001234122784808278,0.013939551077783108,0.013939551077783108,0.0006976206204853952
299,42,dog_bark__fsd50k__dev__327138__0042__r0.wav,dog_bark,dog_bark,1,0.9700024127960205,0.0003419092099647969,0.00107001222204417,0.016658375039696693,0.011254134587943554,0.0006731330649927258
300,42,dog_bark__fsd50k__dev__327138__0042__r0.wav,dog_bark,dog_bark,1,0.9475134015083313,0.00016964202222879976,0.003512745723128319,0.01570223458111286,0.029830999672412872,0.003270991612225771
301,42,dog_bark__fsd50k__dev__327138__0042__r0.wav,dog_bark,dog_bark,1,0.9701350927352905,0.0001353300758637488,0.0035966134164482355,0.012087569572031498,0.009088023565709591,0.004957318771630526
302,42,dog_bark__fsd50k__dev__327138__0042__r0.wav,dog_bark,dog_bark,1,0.9819126129150391,0.00011059433745685965,0.0009391916100867093,0.00558391073718667,0.010993307456374168,0.0004603417473845184
303,42,dog_bark__fsd50k__dev__327138__0042__r0.wav,dog_bark,dog_bark,1,0.9899808764457703,0.0001115030754590407,0.0005352653097361326,0.0034175971522927284,0.0056297932751476765,0.000324935739627108
304,42,dog_bark__fsd50k__dev__327138__0042__r0.wav,dog_bark,dog_bark,1,0.8736995458602905,0.0017049714224413037,0.01554911583662033,0.025613993406295776,0.07464278489351273,0.008789549581706524
305,42,dog_bark__fsd50k__dev__327138__0042__r0.wav,dog_bark,dog_bark,1,0.9757831692695618,0.0005871467292308807,0.001038689399138093,0.0071220421232283115,0.01505782175809145,0.00041106436401605606
306,42,dog_bark__fsd50k__dev__327138__0042__r0.wav,dog_bark,siren,0,0.024141162633895874,0.027841519564390182,0.14352993667125702,0.4334477484226227,0.26312682032585144,0.1079128161072731
307,42,dog_bark__fsd50k__dev__327138__0042__r0.wav,dog_bark,thunderstorm,0,0.04107898101210594,0.09000378847122192,0.1380590796470642,0.06766923516988754,0.06766923516988754,0.5955196619033813
308,43,dog_bark__fsd50k__dev__348332__0043__r0.wav,dog_bark,dog_bark,1,0.7007805109024048,0.05986979231238365,0.015446414239704609,0.16246166825294495,0.05574941635131836,0.005692256614565849
309,43,dog_bark__fsd50k__dev__348332__0043__r0.wav,dog_bark,dog_bark,1,0.7590808868408203,0.017968056723475456,0.001331042847596109,0.175977423787117,0.04540219530463219,0.00024042256700340658
310,43,dog_bark__fsd50k__dev__348332__0043__r0.wav,dog_bark,dog_bark,1,0.868593692779541,0.017203280702233315,0.004282994661480188,0.051952384412288666,0.055792130529880524,0.0021754917688667774
311,44,dog_bark__fsd50k__dev__34872__0044__r0.wav,dog_bark,dog_bark,1,0.8735017776489258,0.01792842149734497,0.028499023988842964,0.028499023988842964,0.04694632068276405,0.004625534638762474
312,44,dog_bark__fsd50k__dev__34872__0044__r0.wav,dog_bark,dog_bark,1,0.950954794883728,0.024173540994524956,0.0016674923244863749,0.004689113236963749,0.017538288608193398,0.0009768063900992274
313,44,dog_bark__fsd50k__dev__34872__0044__r0.wav,dog_bark,dog_bark,1,0.9920046925544739,0.0005175737896934152,0.0004994462360627949,0.0031888955272734165,0.003677689703181386,0.00011173102393513545
314,44,dog_bark__fsd50k__dev__34872__0044__r0.wav,dog_bark,dog_bark,1,0.9927287101745605,0.00037578208139166236,0.0007139082881622016,0.0005562328733503819,0.005447691306471825,0.0001777373399818316
315,44,dog_bark__fsd50k__dev__34872__0044__r0.wav,dog_bark,dog_bark,1,0.9495394825935364,0.001165682217106223,0.019489077851176262,0.004852076526731253,0.02413756400346756,0.0008160999859683216
316,44,dog_bark__fsd50k__dev__34872__0044__r0.wav,dog_bark,dog_bark,1,0.9878432750701904,0.0011292437557131052,0.001501956139691174,0.0015564708737656474,0.007471765391528606,0.0004973510513082147
317,44,dog_bark__fsd50k__dev__34872__0044__r0.wav,dog_bark,dog_bark,1,0.9235137701034546,0.0005556952673941851,0.0010557060595601797,0.005639963783323765,0.06841231882572174,0.0008225404308177531
318,44,dog_bark__fsd50k__dev__34872__0044__r0.wav,dog_bark,dog_bark,1,0.9194837212562561,0.00047973630717024207,0.0004971487214788795,0.0035325565841048956,0.07580292969942093,0.00020388918346725404
319,44,dog_bark__fsd50k__dev__34872__0044__r0.wav,dog_bark,dog_bark,1,0.7530561089515686,0.00259968894533813,0.008737086318433285,0.008431073278188705,0.22406911849975586,0.0031069889664649963
320,44,dog_bark__fsd50k__dev__34872__0044__r0.wav,dog_bark,dog_bark,1,0.9821414947509766,0.0001106201161746867,0.00015800510300323367,0.0006124224746599793,0.01686684601008892,0.0001106201161746867
321,44,dog_bark__fsd50k__dev__34872__0044__r0.wav,dog_bark,dog_bark,1,0.9825575947761536,0.001441595726646483,0.0033919706474989653,0.004053875338286161,0.0074317860417068005,0.0011232014512643218
322,44,dog_bark__fsd50k__dev__34872__0044__r0.wav,dog_bark,dog_bark,1,0.8962436318397522,0.004745962098240852,0.0034432706888765097,0.0019463999196887016,0.0663921982049942,0.027228573337197304
323,45,dog_bark__fsd50k__dev__35296__0045__r0.wav,dog_bark,dog_bark,1,0.5132938623428345,0.006627601571381092,0.017984548583626747,0.05431177094578743,0.279990553855896,0.1277916133403778
324,45,dog_bark__fsd50k__dev__35296__0045__r0.wav,dog_bark,dog_bark,1,0.724858283996582,0.0044267624616622925,0.01041584275662899,0.03895748406648636,0.02050616964697838,0.2008354812860489
325,45,dog_bark__fsd50k__dev__35296__0045__r0.wav,dog_bark,thunderstorm,0,0.07755333930253983,0.002622107742354274,0.014008241705596447,0.2427048534154892,0.027578692883253098,0.635532796382904
326,45,dog_bark__fsd50k__dev__35296__0045__r0.wav,dog_bark,thunderstorm,0,0.024506933987140656,0.004587285220623016,0.06417244672775269,0.10200852155685425,0.02631821483373642,0.7784066200256348
327,45,dog_bark__fsd50k__dev__35296__0045__r0.wav,dog_bark,dog_bark,1,0.8502874970436096,0.002733331872150302,0.009519658051431179,0.018741806969046593,0.028748534619808197,0.08996913582086563
328,45,dog_bark__fsd50k__dev__35296__0045__r0.wav,dog_bark,siren,0,0.08268515765666962,0.002028262009844184,0.0013222693232819438,0.9012275338172913,0.009395561181008816,0.0033411486074328423
329,45,dog_bark__fsd50k__dev__35296__0045__r0.wav,dog_bark,thunderstorm,0,0.3346284031867981,0.006171490531414747,0.027587026357650757,0.08946773409843445,0.14221791923046112,0.3999274671077728
330,45,dog_bark__fsd50k__dev__35296__0045__r0.wav,dog_bark,siren,0,0.13096307218074799,0.03378848358988762,0.03760277479887009,0.5076085329055786,0.12194989621639252,0.1680872142314911
331,45,dog_bark__fsd50k__dev__35296__0045__r0.wav,dog_bark,thunderstorm,0,0.017094824463129044,0.04168279469013214,0.08504141122102737,0.08504141122102737,0.022737054154276848,0.7484025955200195
332,45,dog_bark__fsd50k__dev__35296__0045__r0.wav,dog_bark,thunderstorm,0,0.01943030022084713,0.032007452100515366,0.09000735729932785,0.07012812048196793,0.024064762517809868,0.7643620371818542
333,45,dog_bark__fsd50k__dev__35296__0045__r0.wav,dog_bark,dog_bark,1,0.7782041430473328,0.0013645753497257829,0.010412801057100296,0.04491575434803963,0.07667504251003265,0.08842777460813522
334,45,dog_bark__fsd50k__dev__35296__0045__r0.wav,dog_bark,thunderstorm,0,0.10653061419725418,0.031697798520326614,0.050386831164360046,0.24187955260276794,0.05811011418700218,0.5113950967788696
335,45,dog_bark__fsd50k__dev__35296__0045__r0.wav,dog_bark,siren,0,0.15360459685325623,0.010595654137432575,0.044103723019361496,0.374538391828537,0.103772833943367,0.3133848011493683
336,46,dog_bark__fsd50k__dev__360411__0046__r0.wav,dog_bark,dog_bark,1,0.9676070213317871,0.0027949532959610224,0.0015799214597791433,0.0026025979313999414,0.022904030978679657,0.002511444268748164
337,46,dog_bark__fsd50k__dev__360411__0046__r0.wav,dog_bark,dog_bark,1,0.9415818452835083,0.008511606603860855,0.002818494336679578,0.010541771538555622,0.034188125282526016,0.002358298981562257
338,46,dog_bark__fsd50k__dev__360411__0046__r0.wav,dog_bark,dog_bark,1,0.9846267104148865,0.003165178233757615,0.0006832815706729889,0.0015514027327299118,0.009558558464050293,0.00041478985804133117
339,46,dog_bark__fsd50k__dev__360411__0046__r0.wav,dog_bark,dog_bark,1,0.9165421724319458,0.0011660129530355334,0.0020627290941774845,0.0007601495599374175,0.07830294221639633,0.0011660129530355334
340,46,dog_bark__fsd50k__dev__360411__0046__r0.wav,dog_bark,dog_bark,1,0.8638530373573303,0.009005920961499214,0.002679679775610566,0.0033188294619321823,0.11731499433517456,0.00382753973826766
341,46,dog_bark__fsd50k__dev__360411__0046__r0.wav,dog_bark,dog_bark,1,0.38687974214553833,0.02765560708940029,0.04396136477589607,0.18962791562080383,0.3123732805252075,0.0395020917057991
342,46,dog_bark__fsd50k__dev__360411__0046__r0.wav,dog_bark,thunderstorm,0,0.006474656984210014,0.1660473495721817,0.1082499623298645,0.006474656984210014,0.2288680374622345,0.48388537764549255
343,46,dog_bark__fsd50k__dev__360411__0046__r0.wav,dog_bark,glass_breaking,0,0.0234624445438385,0.4688163697719574,0.16671544313430786,0.0234624445438385,0.2297888994216919,0.0877545177936554
344,46,dog_bark__fsd50k__dev__360411__0046__r0.wav,dog_bark,thunderstorm,0,0.005787455942481756,0.07274939119815826,0.22767075896263123,0.005787455942481756,0.07020137459039688,0.6178036332130432
345,46,dog_bark__fsd50k__dev__360411__0046__r0.wav,dog_bark,dog_bark,1,0.9890096783638,0.0016734808450564742,0.0001481597137171775,0.0020726360380649567,0.006721783429384232,0.0003743743000086397
346,46,dog_bark__fsd50k__dev__360411__0046__r0.wav,dog_bark,dog_bark,1,0.9733356833457947,0.00685536116361618,0.0009309878223575652,0.00515419477596879,0.013023769482970238,0.0006999620236456394
347,46,dog_bark__fsd50k__dev__360411__0046__r0.wav,dog_bark,dog_bark,1,0.7718106508255005,0.027042344212532043,0.009279697202146053,0.04957549273967743,0.13452723622322083,0.0077645317651331425
348,46,dog_bark__fsd50k__dev__360411__0046__r0.wav,dog_bark,glass_breaking,0,0.010010595433413982,0.35385745763778687,0.20002734661102295,0.010010595433413982,0.27570366859436035,0.15039031207561493
349,47,dog_bark__fsd50k__dev__364662__0047__r0.wav,dog_bark,dog_bark,1,0.5310075879096985,0.04377666860818863,0.016717955470085144,0.016132419928908348,0.182217538356781,0.21014782786369324
350,47,dog_bark__fsd50k__dev__364662__0047__r0.wav,dog_bark,dog_bark,1,0.9957501888275146,0.00017827830743044615,0.00031538220355287194,0.002162501448765397,0.0012667803093791008,0.00032682938035577536
351,47,dog_bark__fsd50k__dev__364662__0047__r0.wav,dog_bark,dog_bark,1,0.9919188618659973,0.00019071801216341555,0.0005968558834865689,0.002969171153381467,0.002969171153381467,0.0013551716692745686
352,47,dog_bark__fsd50k__dev__364662__0047__r0.wav,dog_bark,dog_bark,1,0.9863090515136719,0.0011274905409663916,0.0016104583628475666,0.004863441456109285,0.0037892921827733517,0.002300310879945755
353,47,dog_bark__fsd50k__dev__364662__0047__r0.wav,dog_bark,dog_bark,1,0.9906815886497498,0.00011158199777128175,0.0008514599176123738,0.00394423445686698,0.0036727844271808863,0.0007382945041172206
354,47,dog_bark__fsd50k__dev__364662__0047__r0.wav,dog_bark,thunderstorm,0,0.0493602380156517,0.001499601756222546,0.0118585005402565,0.004693038295954466,0.014172559604048729,0.9184160232543945
355,47,dog_bark__fsd50k__dev__364662__0047__r0.wav,dog_bark,dog_bark,1,0.9613337516784668,0.0002835266350302845,0.0016856917645782232,0.0035639838315546513,0.007808662485331297,0.025324352085590363
356,47,dog_bark__fsd50k__dev__364662__0047__r0.wav,dog_bark,thunderstorm,0,0.06183797866106033,0.007026684004813433,0.013349254615604877,0.0035691135562956333,0.017755230888724327,0.8964616656303406
357,47,dog_bark__fsd50k__dev__364662__0047__r0.wav,dog_bark,glass_breaking,0,0.01616981439292431,0.4782501459121704,0.06494844704866409,0.03942731395363808,0.38614729046821594,0.015056973323225975
358,47,dog_bark__fsd50k__dev__364662__0047__r0.wav,dog_bark,thunderstorm,0,0.34446245431900024,0.004776387941092253,0.020603010430932045,0.023761043325066566,0.19471657276153564,0.41168051958084106
359,47,dog_bark__fsd50k__dev__364662__0047__r0.wav,dog_bark,dog_bark,1,0.9958816766738892,0.00011216769780730829,0.0003906582132913172,0.0024942990858107805,0.000987126142717898,0.00013405601202975959
360,47,dog_bark__fsd50k__dev__364662__0047__r0.wav,dog_bark,dog_bark,1,0.9870779514312744,0.0002524272131267935,0.0007098445785231888,0.006028154399245977,0.005416682455688715,0.0005150032811798155
361,47,dog_bark__fsd50k__dev__364662__0047__r0.wav,dog_bark,dog_bark,1,0.9649752378463745,0.00015524342597927898,0.003707329975441098,0.012023279443383217,0.015431521460413933,0.003707329975441098
362,48,dog_bark__fsd50k__dev__365089__0048__r0.wav,dog_bark,dog_bark,1,0.9836947917938232,0.000787269149441272,0.0016644884599372745,0.003395896404981613,0.009549515321850777,0.0009079421870410442
363,48,dog_bark__fsd50k__dev__365089__0048__r0.wav,dog_bark,dog_bark,1,0.9868249297142029,0.0015004078159108758,0.0009781490080058575,0.0021431180648505688,0.007734973449259996,0.0008184397593140602
364,48,dog_bark__fsd50k__dev__365089__0048__r0.wav,dog_bark,dog_bark,1,0.989459753036499,0.00019024520588573068,0.00032476469641551375,0.001735010533593595,0.008037122897803783,0.000253036298090592
365,48,dog_bark__fsd50k__dev__365089__0048__r0.wav,dog_bark,dog_bark,1,0.9839866161346436,0.000845705799292773,0.0007599208038300276,0.0017880378291010857,0.012260154820978642,0.00035942718386650085
366,48,dog_bark__fsd50k__dev__365089__0048__r0.wav,dog_bark,dog_bark,1,0.9507876038551331,0.001253481488674879,0.00061439024284482,0.0025573582388460636,0.04430844634771347,0.0004786945937667042
367,48,dog_bark__fsd50k__dev__365089__0048__r0.wav,dog_bark,dog_bark,1,0.6595221757888794,0.015611421316862106,0.005753063131123781,0.04549387842416763,0.27048131823539734,0.0031381703447550535
368,48,dog_bark__fsd50k__dev__365089__0048__r0.wav,dog_bark,dog_bark,1,0.9868289828300476,0.00011114807421108708,0.0002267649833811447,0.001255430863238871,0.011449359357357025,0.00012818492541555315
369,48,dog_bark__fsd50k__dev__365089__0048__r0.wav,dog_bark,dog_bark,1,0.7080212831497192,0.04086499661207199,0.01865135319530964,0.02002985216677189,0.20329061150550842,0.00914190337061882
370,48,dog_bark__fsd50k__dev__365089__0048__r0.wav,dog_bark,dog_bark,1,0.9715496301651001,0.00033046043245121837,0.00035488425055518746,0.002036045538261533,0.025593461468815804,0.00013552739983424544
371,48,dog_bark__fsd50k__dev__365089__0048__r0.wav,dog_bark,dog_bark,1,0.9355531930923462,0.004295681603252888,0.0016404857160523534,0.009082162752747536,0.046820804476737976,0.002607717178761959
372,49,dog_bark__fsd50k__dev__36902__0049__r0.wav,dog_bark,dog_bark,1,0.9934796094894409,0.000403860816732049,0.00021258134802337736,0.004561654292047024,0.0008239589515142143,0.0005183432949706912
373,49,dog_bark__fsd50k__dev__36902__0049__r0.wav,dog_bark,dog_bark,1,0.993019163608551,0.0011351605644449592,0.0005369080463424325,0.0034280859399586916,0.000823577051050961,0.0010570365702733397
374,49,dog_bark__fsd50k__dev__36902__0049__r0.wav,dog_bark,dog_bark,1,0.9943895936012268,0.0005571634392254055,0.00036322715459391475,0.001872526714578271,0.0014589554630219936,0.0013585472479462624
375,49,dog_bark__fsd50k__dev__36902__0049__r0.wav,dog_bark,dog_bark,1,0.9910054206848145,0.0010548930149525404,0.00028204097179695964,0.006735347211360931,0.0007385358330793679,0.00018386881856713444
376,49,dog_bark__fsd50k__dev__36902__0049__r0.wav,dog_bark,dog_bark,1,0.9850801825523376,0.0008773754234425724,0.00021078407007735223,0.012719261460006237,0.0009422213188372552,0.00017019067308865488
377,49,dog_bark__fsd50k__dev__36902__0049__r0.wav,dog_bark,dog_bark,1,0.9871153831481934,0.0004795779241248965,0.0009441680158488452,0.004867419600486755,0.0035313887055963278,0.003062040777876973
378,49,dog_bark__fsd50k__dev__36902__0049__r0.wav,dog_bark,dog_bark,1,0.9777379035949707,0.0034978408366441727,0.0022803209722042084,0.008838450536131859,0.002824216615408659,0.004821179900318384
379,50,dog_bark__fsd50k__dev__369648__0050__r0.wav,dog_bark,dog_bark,1,0.9839708209037781,0.0004954013857059181,0.00011082615674240515,0.012259958311915398,0.0030522863380610943,0.00011082615674240515
380,50,dog_bark__fsd50k__dev__369648__0050__r0.wav,dog_bark,dog_bark,1,0.9791834950447083,0.001202073530294001,0.00011028695007553324,0.018714357167482376,0.0006795042427256703,0.00011028695007553324
381,50,dog_bark__fsd50k__dev__369648__0050__r0.wav,dog_bark,dog_bark,1,0.3000115156173706,0.06711553782224655,0.029559582471847534,0.3000115156173706,0.23375026881694794,0.06955154985189438
382,50,dog_bark__fsd50k__dev__369648__0050__r0.wav,dog_bark,dog_bark,1,0.9675723910331726,0.0023385167587548494,0.0006958174053579569,0.019859198480844498,0.009064016863703728,0.00047008320689201355
383,51,dog_bark__fsd50k__dev__370714__0051__r0.wav,dog_bark,dog_bark,1,0.973427414894104,0.009118865244090557,0.0028117657639086246,0.00497414218261838,0.0068560075014829636,0.0028117657639086246
384,51,dog_bark__fsd50k__dev__370714__0051__r0.wav,dog_bark,dog_bark,1,0.9949970245361328,0.0006904780748300254,0.00019825351773761213,0.0020851835142821074,0.0016246441518887877,0.000404477643314749
385,51,dog_bark__fsd50k__dev__370714__0051__r0.wav,dog_bark,speech,0,0.0042801471427083015,0.0021740454249083996,0.03634792938828468,0.0065654246136546135,0.9321699738502502,0.018462466076016426
386,51,dog_bark__fsd50k__dev__370714__0051__r0.wav,dog_bark,speech,0,0.17680798470973969,0.058547407388687134,0.17061538994312286,0.05649680644273758,0.36072444915771484,0.17680798470973969
387,51,dog_bark__fsd50k__dev__370714__0051__r0.wav,dog_bark,thunderstorm,0,0.14660315215587616,0.24149875342845917,0.03919646888971329,0.0420934297144413,0.2094016820192337,0.32120653986930847
388,51,dog_bark__fsd50k__dev__370714__0051__r0.wav,dog_bark,dog_bark,1,0.9806020259857178,0.0006566548254340887,0.00165925535839051,0.0040458086878061295,0.011377112939953804,0.00165925535839051
389,51,dog_bark__fsd50k__dev__370714__0051__r0.wav,dog_bark,speech,0,0.012431052513420582,0.0015720055671408772,0.007026981562376022,0.07659066468477249,0.8964996337890625,0.005879637319594622
390,51,dog_bark__fsd50k__dev__370714__0051__r0.wav,dog_bark,speech,0,0.24353338778018951,0.0006788134924136102,0.03814230114221573,0.024865813553333282,0.6848340630531311,0.007945562712848186
391,51,dog_bark__fsd50k__dev__370714__0051__r0.wav,dog_bark,dog_bark,1,0.49152594804763794,0.17479118704795837,0.02939918264746666,0.03390549123287201,0.21648193895816803,0.05389617756009102
392,51,dog_bark__fsd50k__dev__370714__0051__r0.wav,dog_bark,speech,0,0.06745029985904694,0.03426051512360573,0.25227853655815125,0.111110620200634,0.41557741165161133,0.11932267248630524
393,51,dog_bark__fsd50k__dev__370714__0051__r0.wav,dog_bark,dog_bark,1,0.9856799840927124,0.0018561257747933269,0.00032352408743463457,0.0024687477853149176,0.008910240605473518,0.0007612285553477705
394,51,dog_bark__fsd50k__dev__370714__0051__r0.wav,dog_bark,glass_breaking,0,0.07990685850381851,0.2884009778499603,0.09896602481603622,0.19483914971351624,0.16894347965717316,0.16894347965717316
395,51,dog_bark__fsd50k__dev__370714__0051__r0.wav,dog_bark,speech,0,0.13553039729595184,0.04330706596374512,0.053636543452739716,0.1868055909872055,0.4891582429409027,0.0915621891617775
396,52,dog_bark__fsd50k__dev__379531__0052__r0.wav,dog_bark,dog_bark,1,0.9757585525512695,0.002920797560364008,0.004811417311429977,0.00687242578715086,0.007925831712782383,0.001710985554382205
397,52,dog_bark__fsd50k__dev__379531__0052__r0.wav,dog_bark,dog_bark,1,0.9818390607833862,0.01313754916191101,0.0012944185873493552,0.0012490827357396483,0.0017216476844623685,0.0007582622347399592
398,52,dog_bark__fsd50k__dev__379531__0052__r0.wav,dog_bark,dog_bark,1,0.9727370142936707,0.0032404533121734858,0.0009641849319450557,0.004159025382250547,0.018591150641441345,0.0003080932656303048
399,52,dog_bark__fsd50k__dev__379531__0052__r0.wav,dog_bark,dog_bark,1,0.9040040373802185,0.009424506686627865,0.016088441014289856,0.023814119398593903,0.0436573252081871,0.0030114848632365465
400,52,dog_bark__fsd50k__dev__379531__0052__r0.wav,dog_bark,dog_bark,1,0.9710429310798645,0.0010336436098441482,0.0018949310760945082,0.005930227693170309,0.019930431619286537,0.0001677654800005257
401,52,dog_bark__fsd50k__dev__379531__0052__r0.wav,dog_bark,dog_bark,1,0.9743404984474182,0.0017705095233395696,0.0014814260648563504,0.00227239727973938,0.01929769106209278,0.0008374152821488678
402,52,dog_bark__fsd50k__dev__379531__0052__r0.wav,dog_bark,glass_breaking,0,0.15609587728977203,0.3544183671474457,0.19332748651504517,0.04481903463602066,0.03618764504790306,0.21515163779258728
403,52,dog_bark__fsd50k__dev__379531__0052__r0.wav,dog_bark,gunshot_gunfire,0,0.004008536227047443,0.22523824870586395,0.42790618538856506,0.004008536227047443,0.03925922140479088,0.2995792031288147
404,52,dog_bark__fsd50k__dev__379531__0052__r0.wav,dog_bark,glass_breaking,0,0.012969654984772205,0.5479177832603455,0.13163398206233978,0.0016401164466515183,0.06451999396085739,0.2413184940814972
405,52,dog_bark__fsd50k__dev__379531__0052__r0.wav,dog_bark,thunderstorm,0,0.030532432720065117,0.09901998937129974,0.06689634919166565,0.004452893976122141,0.01607144996523857,0.783026933670044
406,52,dog_bark__fsd50k__dev__379531__0052__r0.wav,dog_bark,speech,0,0.008448326960206032,0.22452761232852936,0.04677218198776245,0.003226347966119647,0.45808228850364685,0.25894320011138916
407,52,dog_bark__fsd50k__dev__379531__0052__r0.wav,dog_bark,speech,0,0.011789320968091488,0.2716771066188812,0.05864818021655083,0.011789320968091488,0.5952426791191101,0.05085337534546852
408,52,dog_bark__fsd50k__dev__379531__0052__r0.wav,dog_bark,glass_breaking,0,0.004392705392092466,0.5218502283096313,0.06145041063427925,0.0024830943439155817,0.0312129408121109,0.3786105513572693
409,53,dog_bark__fsd50k__dev__381434__0053__r0.wav,dog_bark,dog_bark,1,0.8411223292350769,0.005136793479323387,0.009758845902979374,0.05402757227420807,0.08287425339221954,0.007080197334289551
410,53,dog_bark__fsd50k__dev__381434__0053__r0.wav,dog_bark,speech,0,0.2384638637304306,0.1300768256187439,0.12552094459533691,0.07352939248085022,0.3790622055530548,0.053346727043390274
411,53,dog_bark__fsd50k__dev__381434__0053__r0.wav,dog_bark,speech,0,0.13149701058864594,0.0502176433801651,0.06921648979187012,0.19464194774627686,0.4746009111404419,0.0798259899020195
412,53,dog_bark__fsd50k__dev__381434__0053__r0.wav,dog_bark,speech,0,0.150442436337471,0.028160296380519867,0.03133922442793846,0.16742543876171112,0.6042742729187012,0.018358319997787476
413,53,dog_bark__fsd50k__dev__381434__0053__r0.wav,dog_bark,dog_bark,1,0.5200559496879578,0.03852485492825508,0.055027253925800323,0.11226687580347061,0.22102512419223785,0.05309996008872986
414,53,dog_bark__fsd50k__dev__381434__0053__r0.wav,dog_bark,siren,0,0.018734987825155258,0.09320072829723358,0.23550225794315338,0.4166141748428345,0.1284613311290741,0.10748652368783951
415,54,dog_bark__fsd50k__dev__381692__0054__r0.wav,dog_bark,thunderstorm,0,0.001561171724461019,0.0023108473978936672,0.20640289783477783,0.007766345050185919,0.009967872872948647,0.7719908952713013
416,54,dog_bark__fsd50k__dev__381692__0054__r0.wav,dog_bark,thunderstorm,0,0.0009761739056557417,0.0008167874766513705,0.10420537739992142,0.004210739396512508,0.00485616410151124,0.8849347233772278
417,54,dog_bark__fsd50k__dev__381692__0054__r0.wav,dog_bark,speech,0,0.037219151854515076,0.009602545760571957,0.19883814454078674,0.022594092413783073,0.5024299621582031,0.22931605577468872
418,54,dog_bark__fsd50k__dev__381692__0054__r0.wav,dog_bark,thunderstorm,0,0.3242758810520172,0.008542376570403576,0.12383834272623062,0.03195030614733696,0.12383834272623062,0.38755476474761963
419,54,dog_bark__fsd50k__dev__381692__0054__r0.wav,dog_bark,thunderstorm,0,0.19642607867717743,0.003255182411521673,0.17650136351585388,0.0805576965212822,0.14251022040843964,0.4007493853569031
420,54,dog_bark__fsd50k__dev__381692__0054__r0.wav,dog_bark,thunderstorm,0,0.001427227514795959,0.000724941783118993,0.08612257987260818,0.0011120067210868,0.00479665445163846,0.9058166146278381
421,54,dog_bark__fsd50k__dev__381692__0054__r0.wav,dog_bark,thunderstorm,0,0.036670584231615067,0.00820357445627451,0.06487192958593369,0.002815091051161289,0.01171763427555561,0.8757212162017822
422,54,dog_bark__fsd50k__dev__381692__0054__r0.wav,dog_bark,thunderstorm,0,0.009398862719535828,0.0015254826284945011,0.07981719076633453,0.0037196290213614702,0.003994541242718697,0.9015442728996277
423,54,dog_bark__fsd50k__dev__381692__0054__r0.wav,dog_bark,thunderstorm,0,0.0021318518556654453,0.025859182700514793,0.2119104117155075,0.01685817539691925,0.005198151804506779,0.7380422949790955
424,54,dog_bark__fsd50k__dev__381692__0054__r0.wav,dog_bark,thunderstorm,0,0.0196917075663805,0.015342550352215767,0.04975758120417595,0.012837458401918411,0.008987569250166416,0.8933830857276917
425,54,dog_bark__fsd50k__dev__381692__0054__r0.wav,dog_bark,thunderstorm,0,0.06263788789510727,0.06726736575365067,0.0775781124830246,0.03070177137851715,0.054312825202941895,0.7075020670890808
426,54,dog_bark__fsd50k__dev__381692__0054__r0.wav,dog_bark,thunderstorm,0,0.03911115974187851,0.004605529829859734,0.06442765146493912,0.009067126549780369,0.0435262955725193,0.8392622470855713
427,54,dog_bark__fsd50k__dev__381692__0054__r0.wav,dog_bark,thunderstorm,0,0.046608779579401016,0.03631465509533882,0.20104758441448212,0.053752969950437546,0.1358245611190796,0.5264514684677124
428,55,dog_bark__fsd50k__dev__381799__0055__r0.wav,dog_bark,siren,0,0.007098023779690266,0.0009301807731389999,0.06473301351070404,0.8432400822639465,0.0695173516869545,0.014481416903436184
429,56,dog_bark__fsd50k__dev__389254__0056__r0.wav,dog_bark,speech,0,0.2526386082172394,0.006422145292162895,0.013102486729621887,0.03310774639248848,0.6855559349060059,0.009173117578029633
430,56,dog_bark__fsd50k__dev__389254__0056__r0.wav,dog_bark,speech,0,0.3615146279335022,0.008257626555860043,0.009523356333374977,0.01874907687306404,0.5955215096473694,0.006433828268200159
431,57,dog_bark__fsd50k__dev__398724__0057__r0.wav,dog_bark,dog_bark,1,0.885317862033844,0.002845940412953496,0.005034598987549543,0.06328583508729935,0.04275490716099739,0.0007609034655615687
432,57,dog_bark__fsd50k__dev__398724__0057__r0.wav,dog_bark,dog_bark,1,0.5914278626441956,0.006165808532387018,0.06964351236820221,0.13711048662662506,0.1638660877943039,0.031786270439624786
433,57,dog_bark__fsd50k__dev__398724__0057__r0.wav,dog_bark,glass_breaking,0,0.013978919945657253,0.657221257686615,0.2100069522857666,0.03408518061041832,0.02222088910639286,0.062486808747053146
434,57,dog_bark__fsd50k__dev__398724__0057__r0.wav,dog_bark,glass_breaking,0,0.134468674659729,0.30531343817710876,0.11251300573348999,0.08459275960922241,0.11659674346446991,0.24651527404785156
435,57,dog_bark__fsd50k__dev__398724__0057__r0.wav,dog_bark,dog_bark,1,0.8666749000549316,0.029302598908543587,0.014883875846862793,0.03897405415773392,0.03897405415773392,0.011190423741936684
436,57,dog_bark__fsd50k__dev__398724__0057__r0.wav,dog_bark,dog_bark,1,0.6227890849113464,0.08764724433422089,0.017618641257286072,0.19900457561016083,0.05921309068799019,0.013727348297834396
437,58,dog_bark__fsd50k__dev__400576__0058__r0.wav,dog_bark,dog_bark,1,0.8229411840438843,0.09351126849651337,0.020919399335980415,0.016299091279506683,0.019479675218462944,0.026849426329135895
438,58,dog_bark__fsd50k__dev__400576__0058__r0.wav,dog_bark,thunderstorm,0,0.04878445714712143,0.12326999008655548,0.11076593399047852,0.014515643939375877,0.08943431824445724,0.6132296919822693
439,58,dog_bark__fsd50k__dev__400576__0058__r0.wav,dog_bark,speech,0,0.0039741164073348045,0.33053502440452576,0.14557698369026184,0.004922012332826853,0.4093734323978424,0.10561840236186981
440,58,dog_bark__fsd50k__dev__400576__0058__r0.wav,dog_bark,speech,0,0.010029270313680172,0.07930909097194672,0.3073994219303131,0.028203047811985016,0.36738502979278564,0.20767417550086975
441,58,dog_bark__fsd50k__dev__400576__0058__r0.wav,dog_bark,speech,0,0.05444438382983208,0.20363354682922363,0.09981037676334381,0.05444438382983208,0.5332229733467102,0.05444438382983208
442,58,dog_bark__fsd50k__dev__400576__0058__r0.wav,dog_bark,dog_bark,1,0.9785143733024597,0.008236703462898731,0.00205064145848155,0.00665045203641057,0.004037193953990936,0.0005105352611280978
443,58,dog_bark__fsd50k__dev__400576__0058__r0.wav,dog_bark,dog_bark,1,0.9320656061172485,0.026368044316768646,0.002996215596795082,0.008731396868824959,0.028316866606473923,0.0015218890039250255
444,58,dog_bark__fsd50k__dev__400576__0058__r0.wav,dog_bark,speech,0,0.022329946979880333,0.20364618301391602,0.09294694662094116,0.007940740324556828,0.49655619263648987,0.17657998204231262
445,58,dog_bark__fsd50k__dev__400576__0058__r0.wav,dog_bark,dog_bark,1,0.9827243685722351,0.004845765419304371,0.003273723879829049,0.0037755202502012253,0.005021648947149515,0.0003589661209844053
446,58,dog_bark__fsd50k__dev__400576__0058__r0.wav,dog_bark,dog_bark,1,0.9767870306968689,0.003752709599211812,0.0028214699123054743,0.007129373028874397,0.007388139143586159,0.0021213185973465443
447,58,dog_bark__fsd50k__dev__400576__0058__r0.wav,dog_bark,dog_bark,1,0.992679238319397,0.0014054353814572096,0.0007138726650737226,0.0016208597226068377,0.003191063879057765,0.00038940200465731323
448,58,dog_bark__fsd50k__dev__400576__0058__r0.wav,dog_bark,dog_bark,1,0.987237811088562,0.001611974905245006,0.001348776393570006,0.0030624205246567726,0.006029130890965462,0.0007099595386534929
449,59,dog_bark__fsd50k__dev__404233__0059__r0.wav,dog_bark,dog_bark,1,0.9951925277709961,0.0006664252723567188,0.00048350211000069976,0.0010977995116263628,0.0024052716325968504,0.00015449721831828356
450,60,glass_breaking__esc50__fold_4__204115__0000__r0.wav,glass_breaking,glass_breaking,1,0.005381508730351925,0.980668306350708,0.005576835013926029,0.0022070487029850483,0.005381508730351925,0.0007848469540476799
451,61,glass_breaking__esc50__fold_4__204119__0001__r0.wav,glass_breaking,glass_breaking,1,0.0007316838600672781,0.94742351770401,0.03694270923733711,0.005016979295760393,0.007426135241985321,0.0024590573739260435
452,62,glass_breaking__esc50__fold_4__204121__0002__r0.wav,glass_breaking,glass_breaking,1,0.0007716241525486112,0.9641463160514832,0.032598137855529785,0.0004854203434661031,0.001751985284499824,0.0002465628494974226
453,62,glass_breaking__esc50__fold_4__204121__0002__r0.wav,glass_breaking,glass_breaking,1,0.1115742102265358,0.5960697531700134,0.07537778466939926,0.06773173809051514,0.08388694375753403,0.06535948067903519
454,63,glass_breaking__esc50__fold_4__204123__0003__r0.wav,glass_breaking,glass_breaking,1,0.0009216315811499953,0.9635538458824158,0.03257810324430466,0.000889351824298501,0.0013641995610669255,0.0006929275114089251
455,63,glass_breaking__esc50__fold_4__204123__0003__r0.wav,glass_breaking,glass_breaking,1,0.007277158088982105,0.8958995938301086,0.05358560383319855,0.007277158088982105,0.030290696769952774,0.005669908132404089
456,64,glass_breaking__esc50__fold_4__204777__0004__r0.wav,glass_breaking,gunshot_gunfire,0,0.0030689197592437267,0.15494981408119202,0.7708269953727722,0.0036677864845842123,0.003938867244869471,0.06354757398366928
457,64,glass_breaking__esc50__fold_4__204777__0004__r0.wav,glass_breaking,glass_breaking,1,0.0012575023574754596,0.8270649313926697,0.1604316681623459,0.0025655615609139204,0.0028551812283694744,0.00582515262067318
458,64,glass_breaking__esc50__fold_4__204777__0004__r0.wav,glass_breaking,gunshot_gunfire,0,0.022485993802547455,0.29291218519210815,0.38958919048309326,0.17781394720077515,0.020205095410346985,0.09699361771345139
459,64,glass_breaking__esc50__fold_4__204777__0004__r0.wav,glass_breaking,glass_breaking,1,0.005759057123214006,0.734738290309906,0.1530560702085495,0.07774286717176437,0.013076040893793106,0.01562768593430519
460,64,glass_breaking__esc50__fold_4__204777__0004__r0.wav,glass_breaking,gunshot_gunfire,0,0.0035159336403012276,0.02090379223227501,0.4648423492908478,0.27230173349380493,0.06091659516096115,0.1775195449590683
461,64,glass_breaking__esc50__fold_4__204777__0004__r0.wav,glass_breaking,glass_breaking,1,0.0010228470200672746,0.927245557308197,0.0639614686369896,0.001568972016684711,0.0005383993266150355,0.005662756506353617
462,65,glass_breaking__esc50__fold_4__204777__0005__r0.wav,glass_breaking,glass_breaking,1,0.007352706044912338,0.5901201367378235,0.26933908462524414,0.09242484718561172,0.007896133698523045,0.03286713361740112
463,65,glass_breaking__esc50__fold_4__204777__0005__r0.wav,glass_breaking,glass_breaking,1,0.00628263596445322,0.9243952631950378,0.043078526854515076,0.007508621085435152,0.003952335566282272,0.014782581478357315
464,65,glass_breaking__esc50__fold_4__204777__0005__r0.wav,glass_breaking,glass_breaking,1,0.06101776659488678,0.37594491243362427,0.11592113226652145,0.0935966894030571,0.09031852334737778,0.26320090889930725
465,65,glass_breaking__esc50__fold_4__204777__0005__r0.wav,glass_breaking,thunderstorm,0,0.05924147367477417,0.04956867918372154,0.10113024711608887,0.07603466510772705,0.06832198798656464,0.6457028985023499
466,65,glass_breaking__esc50__fold_4__204777__0005__r0.wav,glass_breaking,gunshot_gunfire,0,0.001433804864063859,0.01307610608637333,0.46221816539764404,0.2907763719558716,0.09978117048740387,0.1327144056558609
467,65,glass_breaking__esc50__fold_4__204777__0005__r0.wav,glass_breaking,gunshot_gunfire,0,0.0015135911526158452,0.02530578337609768,0.58315509557724,0.26616013050079346,0.03881717845797539,0.08504817634820938
468,66,glass_breaking__esc50__fold_4__204777__0006__r0.wav,glass_breaking,gunshot_gunfire,0,0.0007438104366883636,0.010782971978187561,0.7241247892379761,0.1802808791399002,0.04651249945163727,0.03755497187376022
469,66,glass_breaking__esc50__fold_4__204777__0006__r0.wav,glass_breaking,gunshot_gunfire,0,0.006273539736866951,0.18555070459842682,0.6236026287078857,0.02804318442940712,0.01702376827597618,0.13950610160827637
470,66,glass_breaking__esc50__fold_4__204777__0006__r0.wav,glass_breaking,siren,0,0.00107938377186656,0.0017157882684841752,0.09303291141986847,0.7900556921958923,0.11118724942207336,0.0029289978556334972
471,66,glass_breaking__esc50__fold_4__204777__0006__r0.wav,glass_breaking,thunderstorm,0,0.0028694244101643562,0.06612401455640793,0.265596866607666,0.23865573108196259,0.004561237059533596,0.4221928119659424
472,67,glass_breaking__esc50__fold_4__212698__0007__r0.wav,glass_breaking,gunshot_gunfire,0,0.00012140723265474662,0.019879771396517754,0.9685745239257812,0.001189050148241222,0.0008324600057676435,0.009402730502188206
473,67,glass_breaking__esc50__fold_4__212698__0007__r0.wav,glass_breaking,gunshot_gunfire,0,0.002380148973315954,0.23659171164035797,0.6894615888595581,0.010639443062245846,0.00799925159662962,0.0529279001057148
474,68,glass_breaking__fsd50k__dev__115922__0010__r0.wav,glass_breaking,speech,0,0.06841739267110825,0.12103346735239029,0.04622170329093933,0.009978093206882477,0.7195976972579956,0.034751735627651215
475,68,glass_breaking__fsd50k__dev__115922__0010__r0.wav,glass_breaking,glass_breaking,1,0.010333594866096973,0.5406803488731384,0.19227094948291779,0.007234601769596338,0.05720954015851021,0.19227094948291779
476,68,glass_breaking__fsd50k__dev__115922__0010__r0.wav,glass_breaking,glass_breaking,1,0.027346188202500343,0.4411885738372803,0.041947007179260254,0.00785177480429411,0.04047784209251404,0.4411885738372803
477,68,glass_breaking__fsd50k__dev__115922__0010__r0.wav,glass_breaking,thunderstorm,0,0.019277743995189667,0.26023468375205994,0.0721028670668602,0.0019683402497321367,0.03410320356488228,0.6123132109642029
478,68,glass_breaking__fsd50k__dev__115922__0010__r0.wav,glass_breaking,thunderstorm,0,0.03632311522960663,0.3312619924545288,0.062006667256355286,0.004127416294068098,0.10969260334968567,0.4565882980823517
479,68,glass_breaking__fsd50k__dev__115922__0010__r0.wav,glass_breaking,thunderstorm,0,0.09258513897657394,0.1276128590106964,0.06481931358575821,0.007909830659627914,0.17589262127876282,0.531180202960968
480,68,glass_breaking__fsd50k__dev__115922__0010__r0.wav,glass_breaking,speech,0,0.002137136412784457,0.11587903648614883,0.010259219445288181,0.002137136412784457,0.8532794117927551,0.016308052465319633
481,68,glass_breaking__fsd50k__dev__115922__0010__r0.wav,glass_breaking,gunshot_gunfire,0,0.002172743435949087,0.03264138847589493,0.8077935576438904,0.004127765540033579,0.01246548630297184,0.14079906046390533
482,68,glass_breaking__fsd50k__dev__115922__0010__r0.wav,glass_breaking,gunshot_gunfire,0,0.0002720175252761692,0.008953605778515339,0.9557861089706421,0.0006176202441565692,0.0008821827359497547,0.03348838910460472
483,68,glass_breaking__fsd50k__dev__115922__0010__r0.wav,glass_breaking,glass_breaking,1,0.013197321444749832,0.8552182912826538,0.045963674783706665,0.010282530449330807,0.016345113515853882,0.058993007987737656
484,68,glass_breaking__fsd50k__dev__115922__0010__r0.wav,glass_breaking,glass_breaking,1,0.012926205061376095,0.49068963527679443,0.062051624059677124,0.0011043243575841188,0.06430382281541824,0.36892440915107727
485,68,glass_breaking__fsd50k__dev__115922__0010__r0.wav,glass_breaking,thunderstorm,0,0.01223705243319273,0.26258736848831177,0.01686669886112213,0.0013905033702030778,0.17118652164936066,0.5357319116592407
486,68,glass_breaking__fsd50k__dev__115922__0010__r0.wav,glass_breaking,thunderstorm,0,0.012037363834679127,0.4409441649913788,0.04192377254366875,0.0011444800766184926,0.030416354537010193,0.4735338091850281
487,69,glass_breaking__fsd50k__dev__118515__0031__r0.wav,glass_breaking,gunshot_gunfire,0,0.0018167661037296057,0.2770121395587921,0.6517893075942993,0.0027867841999977827,0.006795094348490238,0.059799883514642715
488,70,glass_breaking__fsd50k__dev__126465__0028__r0.wav,glass_breaking,glass_breaking,1,0.0009822481079027057,0.990960419178009,0.005437987856566906,0.0009146478842012584,0.001561382319778204,0.0001432525459676981
489,70,glass_breaking__fsd50k__dev__126465__0028__r0.wav,glass_breaking,glass_breaking,1,0.0019778145942837,0.9780178666114807,0.011347130872309208,0.0059728240594267845,0.0017149472841992974,0.0009694193722680211
490,70,glass_breaking__fsd50k__dev__126465__0028__r0.wav,glass_breaking,glass_breaking,1,0.003556873882189393,0.862096905708313,0.0790950283408165,0.028126927092671394,0.014286709018051624,0.01283752080053091
491,70,glass_breaking__fsd50k__dev__126465__0028__r0.wav,glass_breaking,glass_breaking,1,0.008374201133847237,0.8626261353492737,0.07637161761522293,0.006296135485172272,0.021928200498223305,0.024403607472777367
492,70,glass_breaking__fsd50k__dev__126465__0028__r0.wav,glass_breaking,glass_breaking,1,0.021515779197216034,0.9089584946632385,0.010545892640948296,0.027614861726760864,0.027614861726760864,0.0037502190098166466
493,70,glass_breaking__fsd50k__dev__126465__0028__r0.wav,glass_breaking,glass_breaking,1,0.0023188714403659105,0.9258394241333008,0.021915365010499954,0.030206602066755295,0.0038198670372366905,0.015899939462542534
494,70,glass_breaking__fsd50k__dev__126465__0028__r0.wav,glass_breaking,glass_breaking,1,0.03498164191842079,0.4094628095626831,0.03375643119215965,0.3426068425178528,0.017146142199635506,0.16204611957073212
495,70,glass_breaking__fsd50k__dev__126465__0028__r0.wav,glass_breaking,glass_breaking,1,0.024129701778292656,0.7942423224449158,0.03446583077311516,0.08403900265693665,0.010255181230604649,0.05286799371242523
496,70,glass_breaking__fsd50k__dev__126465__0028__r0.wav,glass_breaking,glass_breaking,1,0.004485234152525663,0.9096079468727112,0.014036636799573898,0.045522358268499374,0.004816730972379446,0.021531157195568085
497,70,glass_breaking__fsd50k__dev__126465__0028__r0.wav,glass_breaking,glass_breaking,1,0.001053776009939611,0.9552837014198303,0.04145415127277374,0.0006397005636245012,0.0008817185298539698,0.0006869801436550915
498,70,glass_breaking__fsd50k__dev__126465__0028__r0.wav,glass_breaking,glass_breaking,1,0.000996177433989942,0.9698132276535034,0.022956253960728645,0.0026085320860147476,0.0029030009172856808,0.0007227425812743604
499,70,glass_breaking__fsd50k__dev__126465__0028__r0.wav,glass_breaking,glass_breaking,1,0.002879433799535036,0.9282480478286743,0.038870133459568024,0.016519907861948013,0.007813583128154278,0.005668876226991415
500,70,glass_breaking__fsd50k__dev__126465__0028__r0.wav,glass_breaking,glass_breaking,1,0.0009944236371666193,0.9681057333946228,0.020591342821717262,0.0038543525151908398,0.0033420801628381014,0.0031120700296014547
501,71,glass_breaking__fsd50k__dev__127543__0058__r0.wav,glass_breaking,glass_breaking,1,0.012876112945377827,0.4887881278991699,0.42382434010505676,0.024461954832077026,0.0388847179710865,0.011164776049554348
502,72,glass_breaking__fsd50k__dev__144321__0055__r0.wav,glass_breaking,glass_breaking,1,0.002458027796819806,0.8509641289710999,0.12861035764217377,0.004669744987040758,0.00377043173648417,0.009527233429253101
503,72,glass_breaking__fsd50k__dev__144321__0055__r0.wav,glass_breaking,glass_breaking,1,0.00032591790659353137,0.8922498226165771,0.10506676882505417,0.00048242384218610823,0.0011351078283041716,0.0007400023168884218
504,73,glass_breaking__fsd50k__dev__145209__0014__r0.wav,glass_breaking,gunshot_gunfire,0,0.0004849049437325448,0.23978272080421448,0.7504051923751831,0.0024122504983097315,0.0016296780668199062,0.005285225808620453
505,73,glass_breaking__fsd50k__dev__145209__0014__r0.wav,glass_breaking,gunshot_gunfire,0,0.00010960438521578908,0.025634918361902237,0.97312331199646,0.00010960438521578908,0.0007252094219438732,0.00029742062906734645
506,73,glass_breaking__fsd50k__dev__145209__0014__r0.wav,glass_breaking,gunshot_gunfire,0,0.00010735213436419144,0.044417452067136765,0.9531266689300537,0.0006854289676994085,0.0010895577725023031,0.0005735139129683375
507,73,glass_breaking__fsd50k__dev__145209__0014__r0.wav,glass_breaking,gunshot_gunfire,0,0.00010361835302319378,0.0785963237285614,0.9199762940406799,0.00010737921547843143,0.0010516622569411993,0.00016471180424559861
508,73,glass_breaking__fsd50k__dev__145209__0014__r0.wav,glass_breaking,gunshot_gunfire,0,0.00010444550571264699,0.0711875930428505,0.9273201823234558,0.00010444550571264699,0.0010985330445691943,0.0001847688836278394
509,73,glass_breaking__fsd50k__dev__145209__0014__r0.wav,glass_breaking,gunshot_gunfire,0,0.00010141144593944773,0.09872753918170929,0.9003822207450867,0.0001212007919093594,0.0005228013033047318,0.00014485181600321084
510,73,glass_breaking__fsd50k__dev__145209__0014__r0.wav,glass_breaking,gunshot_gunfire,0,0.0001099183937185444,0.019328800961375237,0.9759112596511841,0.0010388258378952742,0.0004741345182992518,0.003137161722406745
511,73,glass_breaking__fsd50k__dev__145209__0014__r0.wav,glass_breaking,gunshot_gunfire,0,0.000265633687376976,0.014925858937203884,0.8691195249557495,0.008743473328649998,0.00460232887417078,0.10234306007623672
512,73,glass_breaking__fsd50k__dev__145209__0014__r0.wav,glass_breaking,gunshot_gunfire,0,0.00011282347986707464,0.019839657470583916,0.9666202664375305,0.0008609337965026498,0.0005226346547715366,0.012043775990605354
513,73,glass_breaking__fsd50k__dev__145209__0014__r0.wav,glass_breaking,gunshot_gunfire,0,0.00010577712237136438,0.05617208033800125,0.9391429424285889,0.0003194376768078655,0.0006517181172966957,0.0036080852150917053
514,73,glass_breaking__fsd50k__dev__145209__0014__r0.wav,glass_breaking,gunshot_gunfire,0,0.0001268014602828771,0.006875383667647839,0.9761784672737122,0.0010768250795081258,0.004813488107174635,0.010929109528660774
515,73,glass_breaking__fsd50k__dev__145209__0014__r0.wav,glass_breaking,gunshot_gunfire,0,0.0020933011546730995,0.3681001663208008,0.525778591632843,0.008113564923405647,0.004270762205123901,0.09164363145828247
516,73,glass_breaking__fsd50k__dev__145209__0014__r0.wav,glass_breaking,gunshot_gunfire,0,0.0010619015665724874,0.27640074491500854,0.6739556789398193,0.01653209887444973,0.020475300028920174,0.01157420501112938
517,74,glass_breaking__fsd50k__dev__147867__0040__r0.wav,glass_breaking,glass_breaking,1,0.024425704032182693,0.5628742575645447,0.08815760165452957,0.026230979710817337,0.28590473532676697,0.012406721711158752
518,75,glass_breaking__fsd50k__dev__159197__0039__r0.wav,glass_breaking,glass_breaking,1,0.006028198171406984,0.8558936715126038,0.10444372892379761,0.009582423605024815,0.0037922735791653395,0.020259693264961243
519,75,glass_breaking__fsd50k__dev__159197__0039__r0.wav,glass_breaking,glass_breaking,1,0.0025554175954312086,0.9845490455627441,0.00540280481800437,0.0035222074948251247,0.003398845437914133,0.0005716722807846963
520,75,glass_breaking__fsd50k__dev__159197__0039__r0.wav,glass_breaking,glass_breaking,1,0.0007625158759765327,0.987346887588501,0.0045334952883422375,0.005818606354296207,0.0009443894377909601,0.0005941048148088157
521,75,glass_breaking__fsd50k__dev__159197__0039__r0.wav,glass_breaking,glass_breaking,1,0.0035617018584161997,0.9607186317443848,0.020434221252799034,0.008999812416732311,0.002321952022612095,0.003963773138821125
522,75,glass_breaking__fsd50k__dev__159197__0039__r0.wav,glass_breaking,glass_breaking,1,0.0007096449844539165,0.9868004322052002,0.008607936091721058,0.001925680902786553,0.0009781246772035956,0.0009781246772035956
523,75,glass_breaking__fsd50k__dev__159197__0039__r0.wav,glass_breaking,glass_breaking,1,0.0014440780505537987,0.9842495322227478,0.007714786566793919,0.004208248108625412,0.001085728290490806,0.0012975964928045869
524,75,glass_breaking__fsd50k__dev__159197__0039__r0.wav,glass_breaking,glass_breaking,1,0.0027970585506409407,0.9683358073234558,0.011234798468649387,0.012065150775015354,0.0021029647905379534,0.0034642049577087164
525,75,glass_breaking__fsd50k__dev__159197__0039__r0.wav,glass_breaking,glass_breaking,1,0.00017833329911809415,0.996057391166687,0.0024947391357272863,0.0003154794976580888,0.00018480615108273923,0.0007692428771406412
526,75,glass_breaking__fsd50k__dev__159197__0039__r0.wav,glass_breaking,glass_breaking,1,0.00044273139792494476,0.9786255359649658,0.010202458128333092,0.0010795245179906487,0.0019790432415902615,0.007670704275369644
527,76,glass_breaking__fsd50k__dev__161309__0009__r0.wav,glass_breaking,gunshot_gunfire,0,0.03213871270418167,0.3761861026287079,0.43384790420532227,0.015752693638205528,0.05486353486776352,0.08721107244491577
528,76,glass_breaking__fsd50k__dev__161309__0009__r0.wav,glass_breaking,speech,0,0.008641830645501614,0.08167289942502975,0.053244370967149734,0.002965482184663415,0.744845986366272,0.10862940549850464
529,77,glass_breaking__fsd50k__dev__163364__0033__r0.wav,glass_breaking,glass_breaking,1,0.0023886545095592737,0.92029869556427,0.07321281731128693,0.000534365710336715,0.0007107356796041131,0.0028547747060656548
530,77,glass_breaking__fsd50k__dev__163364__0033__r0.wav,glass_breaking,gunshot_gunfire,0,0.002967359498143196,0.08469084650278091,0.8595597743988037,0.002763138385489583,0.005439923144876957,0.044578976929187775
531,77,glass_breaking__fsd50k__dev__163364__0033__r0.wav,glass_breaking,glass_breaking,1,0.003587594022974372,0.9677026867866516,0.014933127909898758,0.004771696403622627,0.007585088722407818,0.0014198007993400097
532,77,glass_breaking__fsd50k__dev__163364__0033__r0.wav,glass_breaking,glass_breaking,1,0.003671003272756934,0.9220535159111023,0.06591183692216873,0.002760040108114481,0.0017993312794715166,0.0038042471278458834
533,77,glass_breaking__fsd50k__dev__163364__0033__r0.wav,glass_breaking,glass_breaking,1,0.004515294451266527,0.9833829998970032,0.00827768538147211,0.0012964541092514992,0.0014428066788241267,0.0010847724042832851
534,77,glass_breaking__fsd50k__dev__163364__0033__r0.wav,glass_breaking,glass_breaking,1,0.0005645399796776474,0.9722656607627869,0.02143041603267193,0.0025235358625650406,0.0008659619488753378,0.0023498600348830223
535,77,glass_breaking__fsd50k__dev__163364__0033__r0.wav,glass_breaking,glass_breaking,1,0.006855490151792765,0.9733539819717407,0.012567853555083275,0.003128940938040614,0.003128940938040614,0.0009647965198382735
536,77,glass_breaking__fsd50k__dev__163364__0033__r0.wav,glass_breaking,glass_breaking,1,0.00015308678848668933,0.9515698552131653,0.047622375190258026,0.00028064698562957346,0.00017036829376593232,0.00020361364295240492
537,77,glass_breaking__fsd50k__dev__163364__0033__r0.wav,glass_breaking,glass_breaking,1,0.00476906169205904,0.9671683311462402,0.01783730648458004,0.005307426676154137,0.0032219025306403637,0.0016959226923063397
538,77,glass_breaking__fsd50k__dev__163364__0033__r0.wav,glass_breaking,glass_breaking,1,0.004379077348858118,0.9203128814697266,0.05911419540643692,0.008027960546314716,0.004873417783528566,0.003292403882369399
539,77,glass_breaking__fsd50k__dev__163364__0033__r0.wav,glass_breaking,glass_breaking,1,0.0003960976900998503,0.9743826985359192,0.0239015594124794,0.00020849505381193012,0.0007007149397395551,0.0004104744002688676
540,77,glass_breaking__fsd50k__dev__163364__0033__r0.wav,glass_breaking,glass_breaking,1,0.0021410530898720026,0.9858740568161011,0.005606438964605331,0.0021410530898720026,0.003925093915313482,0.00031225415295921266
541,77,glass_breaking__fsd50k__dev__163364__0033__r0.wav,glass_breaking,glass_breaking,1,0.0014487362932413816,0.9874244332313538,0.005045665893703699,0.003793577430769801,0.0019268986070528626,0.000360682955943048
542,78,glass_breaking__fsd50k__dev__199906__0050__r0.wav,glass_breaking,glass_breaking,1,0.0004469068080652505,0.987854540348053,0.011059831827878952,0.00011126358731416985,0.00041614961810410023,0.00011126358731416985
543,79,glass_breaking__fsd50k__dev__202093__0025__r0.wav,glass_breaking,glass_breaking,1,0.0015293033793568611,0.970600962638855,0.022974899038672447,0.002184391487389803,0.001475740340538323,0.0012347857700660825
544,80,glass_breaking__fsd50k__dev__204777__0022__r0.wav,glass_breaking,gunshot_gunfire,0,0.005531758535653353,0.37148237228393555,0.5498683452606201,0.029552655294537544,0.02562488056719303,0.017940102145075798
545,80,glass_breaking__fsd50k__dev__204777__0022__r0.wav,glass_breaking,glass_breaking,1,0.0002665698993951082,0.9038397073745728,0.09228593856096268,0.00018009039922617376,0.003120221896097064,0.00030742972739972174
546,80,glass_breaking__fsd50k__dev__204777__0022__r0.wav,glass_breaking,glass_breaking,1,0.00024351819592993706,0.9522406458854675,0.04598682001233101,0.00024351819592993706,0.0010504191741347313,0.00023498920199926943
547,80,glass_breaking__fsd50k__dev__204777__0022__r0.wav,glass_breaking,glass_breaking,1,0.0013251411728560925,0.4587611258029938,0.07185135036706924,0.4426932632923126,0.01853766292333603,0.006831430830061436
548,80,glass_breaking__fsd50k__dev__204777__0022__r0.wav,glass_breaking,glass_breaking,1,0.020708149299025536,0.7319979667663574,0.09592676907777786,0.08932487666606903,0.04701821506023407,0.015024088323116302
549,80,glass_breaking__fsd50k__dev__204777__0022__r0.wav,glass_breaking,glass_breaking,1,0.0012109236558899283,0.9518442153930664,0.03985821455717087,0.0010132072493433952,0.0006605324451811612,0.005412918981164694
550,80,glass_breaking__fsd50k__dev__204777__0022__r0.wav,glass_breaking,glass_breaking,1,0.0026596183888614178,0.8885053396224976,0.07324904948472977,0.0054261647164821625,0.0011713715502992272,0.028988532721996307
551,80,glass_breaking__fsd50k__dev__204777__0022__r0.wav,glass_breaking,gunshot_gunfire,0,0.002398780779913068,0.04010529816150665,0.6948586702346802,0.043069418519735336,0.012815154157578945,0.2067526876926422
552,80,glass_breaking__fsd50k__dev__204777__0022__r0.wav,glass_breaking,glass_breaking,1,0.010246279649436474,0.9151882529258728,0.03443589806556702,0.0074338349513709545,0.010246279649436474,0.022449523210525513
553,80,glass_breaking__fsd50k__dev__204777__0022__r0.wav,glass_breaking,glass_breaking,1,0.20401883125305176,0.26185208559036255,0.06290839612483978,0.08985567092895508,0.11951295286417007,0.26185208559036255
554,80,glass_breaking__fsd50k__dev__204777__0022__r0.wav,glass_breaking,glass_breaking,1,0.0034336454700678587,0.8937382698059082,0.08199803531169891,0.010745667852461338,0.0014081966364756227,0.008676234632730484
555,80,glass_breaking__fsd50k__dev__204777__0022__r0.wav,glass_breaking,glass_breaking,1,0.0006534538115374744,0.659249484539032,0.3348572850227356,0.002044997876510024,0.0014836776535958052,0.0017110957996919751
556,80,glass_breaking__fsd50k__dev__204777__0022__r0.wav,glass_breaking,glass_breaking,1,0.013641192577779293,0.6413431167602539,0.1977556049823761,0.05102097615599632,0.07032373547554016,0.025915445759892464
557,81,glass_breaking__fsd50k__dev__208696__0018__r0.wav,glass_breaking,glass_breaking,1,0.10730859637260437,0.3872997462749481,0.09304645657539368,0.009845269843935966,0.3127124011516571,0.0897875428199768
558,81,glass_breaking__fsd50k__dev__208696__0018__r0.wav,glass_breaking,glass_breaking,1,0.047311048954725266,0.5537794828414917,0.12388595193624496,0.01358418632298708,0.22711442410945892,0.03432491049170494
559,81,glass_breaking__fsd50k__dev__208696__0018__r0.wav,glass_breaking,glass_breaking,1,0.028388159349560738,0.44195806980133057,0.288122296333313,0.028388159349560738,0.06679528206586838,0.1463480144739151
560,81,glass_breaking__fsd50k__dev__208696__0018__r0.wav,glass_breaking,glass_breaking,1,0.001794906216673553,0.9531698822975159,0.031098291277885437,0.002956741489470005,0.008023364469408989,0.002956741489470005
561,81,glass_breaking__fsd50k__dev__208696__0018__r0.wav,glass_breaking,glass_breaking,1,0.0021293486934155226,0.7639321684837341,0.16491353511810303,0.002934944350272417,0.04735080152750015,0.01873921789228916
562,81,glass_breaking__fsd50k__dev__208696__0018__r0.wav,glass_breaking,glass_breaking,1,0.005023393779993057,0.8225537538528442,0.12882868945598602,0.0079851895570755,0.022454943507909775,0.013153971172869205
563,82,glass_breaking__fsd50k__dev__212698__0036__r0.wav,glass_breaking,gunshot_gunfire,0,0.00012979698658455163,0.027278311550617218,0.9642420411109924,0.0007717007538303733,0.0005402715760283172,0.007037805858999491
564,82,glass_breaking__fsd50k__dev__212698__0036__r0.wav,glass_breaking,glass_breaking,1,0.002870905678719282,0.4700953960418701,0.45363059639930725,0.006518441718071699,0.02526525966823101,0.04161935672163963
565,83,glass_breaking__fsd50k__dev__223552__0013__r0.wav,glass_breaking,glass_breaking,1,0.029693033546209335,0.5331300497055054,0.2521597445011139,0.016196902841329575,0.010189292021095753,0.15863092243671417
566,84,glass_breaking__fsd50k__dev__244238__0043__r0.wav,glass_breaking,glass_breaking,1,0.001016911817714572,0.48524466156959534,0.46824923157691956,0.018921054899692535,0.017618868499994278,0.0089492779225111
567,85,glass_breaking__fsd50k__dev__245410__0059__r0.wav,glass_breaking,glass_breaking,1,0.002556140534579754,0.9848276376724243,0.008902535773813725,0.0012528847437351942,0.0007339319563470781,0.001726888120174408
568,85,glass_breaking__fsd50k__dev__245410__0059__r0.wav,glass_breaking,glass_breaking,1,0.004158318042755127,0.9385080933570862,0.037923313677310944,0.006378550548106432,0.0025243298150599003,0.010507363826036453
569,85,glass_breaking__fsd50k__dev__245410__0059__r0.wav,glass_breaking,glass_breaking,1,0.003438422456383705,0.8636357188224792,0.09138154238462448,0.008384005166590214,0.011975354515016079,0.02118494175374508
570,86,glass_breaking__fsd50k__dev__249874__0044__r0.wav,glass_breaking,glass_breaking,1,0.0012371803168207407,0.8136986494064331,0.16356778144836426,0.0027106530033051968,0.01730715110898018,0.0014786013634875417
571,87,glass_breaking__fsd50k__dev__260433__0057__r0.wav,glass_breaking,glass_breaking,1,0.0005451667821034789,0.9729787111282349,0.02386711910367012,0.001035704161040485,0.0008980509010143578,0.0006751984474249184
572,88,glass_breaking__fsd50k__dev__272065__0049__r0.wav,glass_breaking,glass_breaking,1,0.0005365478573367,0.9923530220985413,0.005254898685961962,0.0007663820288144052,0.0008528964826837182,0.000236310952459462
573,88,glass_breaking__fsd50k__dev__272065__0049__r0.wav,glass_breaking,glass_breaking,1,0.0010006797965615988,0.9400754570960999,0.054258525371551514,0.0012393590295687318,0.0011540644336491823,0.0022720596753060818
574,89,glass_breaking__fsd50k__dev__272489__0024__r0.wav,glass_breaking,glass_breaking,1,0.0014060742687433958,0.9931305050849915,0.0020812719594687223,0.0013568270951509476,0.0014060742687433958,0.0006192747969180346
575,89,glass_breaking__fsd50k__dev__272489__0024__r0.wav,glass_breaking,glass_breaking,1,0.08301709592342377,0.4596046805381775,0.17551931738853455,0.02652708999812603,0.11857808381319046,0.13675370812416077
576,90,glass_breaking__fsd50k__dev__273647__0035__r0.wav,glass_breaking,glass_breaking,1,0.03394631668925285,0.5881491899490356,0.2167426198720932,0.04204309731721878,0.04204309731721878,0.07707569003105164
577,90,glass_breaking__fsd50k__dev__273647__0035__r0.wav,glass_breaking,thunderstorm,0,0.17570476233959198,0.23369693756103516,0.20263677835464478,0.0366017110645771,0.07205953449010849,0.279300332069397
578,90,glass_breaking__fsd50k__dev__273647__0035__r0.wav,glass_breaking,glass_breaking,1,0.03614063560962677,0.4383831024169922,0.20008417963981628,0.0204294566065073,0.029180560261011124,0.2757819890975952
579,91,glass_breaking__fsd50k__dev__276938__0026__r0.wav,glass_breaking,thunderstorm,0,0.005698175169527531,0.16853336989879608,0.1746503859758377,0.005698175169527531,0.11799103021621704,0.5274287462234497
580,91,glass_breaking__fsd50k__dev__276938__0026__r0.wav,glass_breaking,glass_breaking,1,0.0014304984360933304,0.9749939441680908,0.020011523738503456,0.0013320486759766936,0.0008999109268188477,0.0013320486759766936
581,92,glass_breaking__fsd50k__dev__321143__0051__r0.wav,glass_breaking,glass_breaking,1,0.0013857069425284863,0.7358680367469788,0.2189548760652542,0.007143659051507711,0.02487996406853199,0.011767719872295856
582,92,glass_breaking__fsd50k__dev__321143__0051__r0.wav,glass_breaking,glass_breaking,1,0.004533710889518261,0.987393856048584,0.003931144718080759,0.0017942292615771294,0.0017313879216089845,0.0006156976451165974
583,92,glass_breaking__fsd50k__dev__321143__0051__r0.wav,glass_breaking,glass_breaking,1,0.026343299075961113,0.5263804793357849,0.05981291085481644,0.002689765300601721,0.13580623269081116,0.24896733462810516
584,92,glass_breaking__fsd50k__dev__321143__0051__r0.wav,glass_breaking,gunshot_gunfire,0,0.008038428612053394,0.19893115758895874,0.5209095478057861,0.008038428612053394,0.12968763709068298,0.13439476490020752
585,93,glass_breaking__fsd50k__dev__326422__0011__r0.wav,glass_breaking,gunshot_gunfire,0,0.0007872604764997959,0.38929587602615356,0.5971508026123047,0.00316214794293046,0.005398057401180267,0.004205829929560423
586,93,glass_breaking__fsd50k__dev__326422__0011__r0.wav,glass_breaking,glass_breaking,1,0.029336337000131607,0.7523521780967712,0.10972411930561066,0.03383300453424454,0.022857045754790306,0.05189729854464531
587,93,glass_breaking__fsd50k__dev__326422__0011__r0.wav,glass_breaking,gunshot_gunfire,0,0.004951055161654949,0.20183700323104858,0.38344866037368774,0.004951055161654949,0.13635791838169098,0.26845428347587585
588,93,glass_breaking__fsd50k__dev__326422__0011__r0.wav,glass_breaking,gunshot_gunfire,0,0.00934251956641674,0.03494299575686455,0.52495276927948,0.026271848008036613,0.15619783103466034,0.24829207360744476
589,93,glass_breaking__fsd50k__dev__326422__0011__r0.wav,glass_breaking,glass_breaking,1,0.014720013365149498,0.8571333289146423,0.09069349616765976,0.009944608435034752,0.021025437861680984,0.006483112461864948
590,93,glass_breaking__fsd50k__dev__326422__0011__r0.wav,glass_breaking,gunshot_gunfire,0,0.01826781965792179,0.3398982584476471,0.3919978439807892,0.010701174847781658,0.04002467542886734,0.1991102546453476
591,94,glass_breaking__fsd50k__dev__327591__0054__r0.wav,glass_breaking,gunshot_gunfire,0,0.005332494620233774,0.08011071383953094,0.8731673955917358,0.0024338248185813427,0.009433427825570107,0.029522111639380455
592,94,glass_breaking__fsd50k__dev__327591__0054__r0.wav,glass_breaking,gunshot_gunfire,0,0.005167772062122822,0.18930205702781677,0.386214941740036,0.01402317639440298,0.1149168610572815,0.2903752028942108
593,94,glass_breaking__fsd50k__dev__327591__0054__r0.wav,glass_breaking,glass_breaking,1,0.0401720330119133,0.3292011022567749,0.29580822587013245,0.03609713912010193,0.07631856203079224,0.22240304946899414
594,94,glass_breaking__fsd50k__dev__327591__0054__r0.wav,glass_breaking,thunderstorm,0,0.025170018896460533,0.3278754949569702,0.14440564811229706,0.02261687070131302,0.028011390939354897,0.45192059874534607
595,94,glass_breaking__fsd50k__dev__327591__0054__r0.wav,glass_breaking,glass_breaking,1,0.015387502498924732,0.4551120400428772,0.38080260157585144,0.011569077149033546,0.03888159245252609,0.09824711829423904
596,94,glass_breaking__fsd50k__dev__327591__0054__r0.wav,glass_breaking,gunshot_gunfire,0,0.005213033873587847,0.23650746047496796,0.2539874315261841,0.005213033873587847,0.24509163200855255,0.2539874315261841
597,94,glass_breaking__fsd50k__dev__327591__0054__r0.wav,glass_breaking,glass_breaking,1,0.029017725959420204,0.5027570724487305,0.2464248389005661,0.017615368589758873,0.11655396968126297,0.08763096481561661
598,94,glass_breaking__fsd50k__dev__327591__0054__r0.wav,glass_breaking,glass_breaking,1,0.02797098457813263,0.42021140456199646,0.13427338004112244,0.013229711912572384,0.039952557533979416,0.3643620014190674
599,94,glass_breaking__fsd50k__dev__327591__0054__r0.wav,glass_breaking,glass_breaking,1,0.0027282950468361378,0.5339206457138062,0.2810414731502533,0.0027282950468361378,0.14275139570236206,0.0368298776447773
600,94,glass_breaking__fsd50k__dev__327591__0054__r0.wav,glass_breaking,glass_breaking,1,0.00580395245924592,0.7673417925834656,0.1979742795228958,0.007449199911206961,0.015197895467281342,0.006232916843146086
601,94,glass_breaking__fsd50k__dev__327591__0054__r0.wav,glass_breaking,gunshot_gunfire,0,0.004430227912962437,0.1310316026210785,0.5454103946685791,0.02729567140340805,0.14071595668792725,0.15111608803272247
602,94,glass_breaking__fsd50k__dev__327591__0054__r0.wav,glass_breaking,thunderstorm,0,0.08528710901737213,0.2233278453350067,0.1803186982870102,0.17400313913822174,0.105629563331604,0.2314336746931076
603,94,glass_breaking__fsd50k__dev__327591__0054__r0.wav,glass_breaking,glass_breaking,1,0.01163704227656126,0.6776146292686462,0.15709112584590912,0.00242415489628911,0.1061282828450203,0.04510479047894478
604,95,glass_breaking__fsd50k__dev__328611__0021__r0.wav,glass_breaking,glass_breaking,1,0.0018990442622452974,0.5122402906417847,0.4602805972099304,0.005153214558959007,0.0011528253089636564,0.01927412673830986
605,95,glass_breaking__fsd50k__dev__328611__0021__r0.wav,glass_breaking,glass_breaking,1,0.0018417286919429898,0.9780345559120178,0.01564035378396511,0.0011586109176278114,0.0021240278147161007,0.001200663042254746
606,95,glass_breaking__fsd50k__dev__328611__0021__r0.wav,glass_breaking,glass_breaking,1,0.0010370727395638824,0.9072132110595703,0.07217182219028473,0.002272218931466341,0.008498584851622581,0.008807043544948101
607,95,glass_breaking__fsd50k__dev__328611__0021__r0.wav,glass_breaking,glass_breaking,1,0.012156449258327484,0.3117612600326538,0.28013738989830017,0.022285858169198036,0.08335387706756592,0.29030516743659973
608,95,glass_breaking__fsd50k__dev__328611__0021__r0.wav,glass_breaking,gunshot_gunfire,0,0.003986029420047998,0.20855934917926788,0.5864844918251038,0.0053016371093690395,0.12660710513591766,0.06906140595674515
609,95,glass_breaking__fsd50k__dev__328611__0021__r0.wav,glass_breaking,gunshot_gunfire,0,0.003765249624848366,0.10746335238218307,0.7635950446128845,0.001845525810495019,0.08372874557971954,0.03960201144218445
610,95,glass_breaking__fsd50k__dev__328611__0021__r0.wav,glass_breaking,gunshot_gunfire,0,0.0028573893941938877,0.2644827663898468,0.5395989418029785,0.0032953687477856874,0.11648570001125336,0.07327987253665924
611,95,glass_breaking__fsd50k__dev__328611__0021__r0.wav,glass_breaking,gunshot_gunfire,0,0.0015436752000823617,0.16478537023067474,0.6618847846984863,0.0037639862857759,0.11536704748868942,0.05265513435006142
612,95,glass_breaking__fsd50k__dev__328611__0021__r0.wav,glass_breaking,gunshot_gunfire,0,0.002523945178836584,0.24209821224212646,0.6339442729949951,0.0017670256784185767,0.08307704329490662,0.03658948093652725
613,95,glass_breaking__fsd50k__dev__328611__0021__r0.wav,glass_breaking,thunderstorm,0,0.006775000132620335,0.09821680188179016,0.31852781772613525,0.010028358548879623,0.041742388159036636,0.5247095823287964
614,95,glass_breaking__fsd50k__dev__328611__0021__r0.wav,glass_breaking,thunderstorm,0,0.008656629361212254,0.13476981222629547,0.22200578451156616,0.006989507935941219,0.04624684154987335,0.5813313722610474
615,95,glass_breaking__fsd50k__dev__328611__0021__r0.wav,glass_breaking,gunshot_gunfire,0,0.015625983476638794,0.3235643804073334,0.38670438528060913,0.0038903045933693647,0.13269928097724915,0.13751567900180817
616,95,glass_breaking__fsd50k__dev__328611__0021__r0.wav,glass_breaking,glass_breaking,1,0.008258098736405373,0.6395725011825562,0.09327620267868042,0.0013889800757169724,0.04571903869509697,0.21178515255451202
617,96,glass_breaking__fsd50k__dev__352331__0053__r0.wav,glass_breaking,speech,0,0.00011203047324670479,0.0006202305667102337,0.0005775450845248997,0.0038213885854929686,0.9946633577346802,0.00020538030366878957
618,96,glass_breaking__fsd50k__dev__352331__0053__r0.wav,glass_breaking,speech,0,0.009573481976985931,0.03334255516529083,0.026921341195702553,0.03217475116252899,0.8861309289932251,0.011856921948492527
619,96,glass_breaking__fsd50k__dev__352331__0053__r0.wav,glass_breaking,thunderstorm,0,0.011930841021239758,0.13004031777381897,0.12548573315143585,0.00544540211558342,0.032375335693359375,0.6947222948074341
620,96,glass_breaking__fsd50k__dev__352331__0053__r0.wav,glass_breaking,gunshot_gunfire,0,0.0002481830306351185,0.022167498245835304,0.970481812953949,0.0004549827426671982,0.0009282581158913672,0.005719217471778393
621,96,glass_breaking__fsd50k__dev__352331__0053__r0.wav,glass_breaking,glass_breaking,1,0.00027670679264701903,0.9722627401351929,0.026541858911514282,0.0003079430607613176,0.00039523589657619596,0.0002155925758415833
622,96,glass_breaking__fsd50k__dev__352331__0053__r0.wav,glass_breaking,glass_breaking,1,0.011059346608817577,0.4672146439552307,0.3156428337097168,0.00892950315028429,0.05308986455202103,0.1440637856721878
623,96,glass_breaking__fsd50k__dev__352331__0053__r0.wav,glass_breaking,thunderstorm,0,0.0061097885482013226,0.015438386239111423,0.2872526943683624,0.0061097885482013226,0.05572045221924782,0.6293688416481018
624,97,glass_breaking__fsd50k__dev__353626__0016__r0.wav,glass_breaking,glass_breaking,1,0.00187534315045923,0.927346408367157,0.05747970566153526,0.008687187917530537,0.00140997429843992,0.0032013715244829655
625,97,glass_breaking__fsd50k__dev__353626__0016__r0.wav,glass_breaking,glass_breaking,1,0.0023076217621564865,0.9894437789916992,0.003668195568025112,0.0010532307205721736,0.0034157431218773127,0.00011144258314743638
626,98,glass_breaking__fsd50k__dev__353928__0038__r0.wav,glass_breaking,gunshot_gunfire,0,0.000689346285071224,0.049714095890522,0.8613395094871521,0.014274157583713531,0.0029735034331679344,0.07100950181484222
627,98,glass_breaking__fsd50k__dev__353928__0038__r0.wav,glass_breaking,gunshot_gunfire,0,0.0017939320532605052,0.01105283759534359,0.6435969471931458,0.12484308332204819,0.02026265859603882,0.19845056533813477
628,98,glass_breaking__fsd50k__dev__353928__0038__r0.wav,glass_breaking,thunderstorm,0,0.017239827662706375,0.012507762759923935,0.26839640736579895,0.0798603743314743,0.0339408703148365,0.5880547165870667
629,98,glass_breaking__fsd50k__dev__353928__0038__r0.wav,glass_breaking,thunderstorm,0,0.040796227753162384,0.030672596767544746,0.32260704040527344,0.056230656802654266,0.07217039167881012,0.4775230884552002
630,98,glass_breaking__fsd50k__dev__353928__0038__r0.wav,glass_breaking,thunderstorm,0,0.0144675737246871,0.017918342724442482,0.3710317313671112,0.04068390280008316,0.062406063079833984,0.49349245429039
631,98,glass_breaking__fsd50k__dev__353928__0038__r0.wav,glass_breaking,thunderstorm,0,0.005970193538814783,0.011342127807438374,0.18298779428005219,0.0048204343765974045,0.00555931031703949,0.7893202304840088
632,98,glass_breaking__fsd50k__dev__353928__0038__r0.wav,glass_breaking,thunderstorm,0,0.012839452363550663,0.024392304942011833,0.09123241901397705,0.004405914340168238,0.00490328436717391,0.8622266054153442
633,98,glass_breaking__fsd50k__dev__353928__0038__r0.wav,glass_breaking,thunderstorm,0,0.023360958322882652,0.12480268627405167,0.06807713955640793,0.0029541803523898125,0.01186590176075697,0.7689390778541565
634,99,glass_breaking__fsd50k__dev__355340__0045__r0.wav,glass_breaking,glass_breaking,1,0.003853851230815053,0.5670364499092102,0.3567163944244385,0.00814802385866642,0.006348432507365942,0.057896871119737625
635,99,glass_breaking__fsd50k__dev__355340__0045__r0.wav,glass_breaking,gunshot_gunfire,0,0.015478035435080528,0.4262835383415222,0.4577895998954773,0.004444131162017584,0.03157835453748703,0.06442629545927048
636,99,glass_breaking__fsd50k__dev__355340__0045__r0.wav,glass_breaking,glass_breaking,1,0.0038645658642053604,0.5486975312232971,0.4125376045703888,0.005326645448803902,0.006597145460546017,0.022976558655500412
637,99,glass_breaking__fsd50k__dev__355340__0045__r0.wav,glass_breaking,glass_breaking,1,0.009488708339631557,0.9101622700691223,0.039496131241321564,0.02313658408820629,0.008227583952248096,0.009488708339631557
638,99,glass_breaking__fsd50k__dev__355340__0045__r0.wav,glass_breaking,gunshot_gunfire,0,0.0004890643176622689,0.04526830092072487,0.9373621940612793,0.0013752855593338609,0.002035698387771845,0.013469415716826916
639,99,glass_breaking__fsd50k__dev__355340__0045__r0.wav,glass_breaking,glass_breaking,1,0.003216557903215289,0.545810878276825,0.3821249008178711,0.007568328641355038,0.011202643625438213,0.05007665231823921
640,99,glass_breaking__fsd50k__dev__355340__0045__r0.wav,glass_breaking,glass_breaking,1,0.0042065829038619995,0.9838600158691406,0.007180993445217609,0.0012970829848200083,0.0028419005684554577,0.0006134940776973963
641,99,glass_breaking__fsd50k__dev__355340__0045__r0.wav,glass_breaking,glass_breaking,1,0.0031981677748262882,0.7751551866531372,0.20724894106388092,0.005083804950118065,0.004408129025250673,0.00490574911236763
642,99,glass_breaking__fsd50k__dev__355340__0045__r0.wav,glass_breaking,glass_breaking,1,0.004543181974440813,0.6006547808647156,0.3778653144836426,0.003939355257898569,0.002307650400325656,0.01068977452814579
643,100,glass_breaking__fsd50k__dev__360410__0023__r0.wav,glass_breaking,glass_breaking,1,0.0031664613634347916,0.9850258231163025,0.0013945996761322021,0.006460228003561497,0.0036518166307359934,0.0003010584623552859
644,100,glass_breaking__fsd50k__dev__360410__0023__r0.wav,glass_breaking,glass_breaking,1,0.0023951162584125996,0.9909906387329102,0.0011739591136574745,0.0007126583368517458,0.00455022556707263,0.0001774261618265882
645,100,glass_breaking__fsd50k__dev__360410__0023__r0.wav,glass_breaking,glass_breaking,1,0.0018086674390360713,0.9604776501655579,0.02622014284133911,0.0025834219995886087,0.0038239825516939163,0.00508610624819994
646,100,glass_breaking__fsd50k__dev__360410__0023__r0.wav,glass_breaking,glass_breaking,1,0.003774687647819519,0.9825076460838318,0.008570490404963493,0.0024608024396002293,0.0013910343404859304,0.001295299967750907
647,100,glass_breaking__fsd50k__dev__360410__0023__r0.wav,glass_breaking,glass_breaking,1,0.0019233683124184608,0.9856153726577759,0.006019222550094128,0.0019931774586439133,0.004214087966829538,0.00023470650194212794
648,100,glass_breaking__fsd50k__dev__360410__0023__r0.wav,glass_breaking,glass_breaking,1,0.0017921088729053736,0.9862269759178162,0.006702870596200228,0.0027489615604281425,0.002066804328933358,0.00046236440539360046
649,100,glass_breaking__fsd50k__dev__360410__0023__r0.wav,glass_breaking,glass_breaking,1,0.007286732085049152,0.8060821890830994,0.15088501572608948,0.0025004742201417685,0.031431421637535095,0.0018141327891498804
650,101,glass_breaking__fsd50k__dev__366179__0012__r0.wav,glass_breaking,glass_breaking,1,0.0015279751969501376,0.9697579741477966,0.026473481208086014,0.0005835212650708854,0.00042335395119152963,0.0012337133521214128
651,101,glass_breaking__fsd50k__dev__366179__0012__r0.wav,glass_breaking,glass_breaking,1,0.0011639767326414585,0.9481506943702698,0.045789312571287155,0.0010838700691238046,0.0009739266242831945,0.0028381571173667908
652,102,glass_breaking__fsd50k__dev__367624__0034__r0.wav,glass_breaking,gunshot_gunfire,0,0.002535466104745865,0.14763793349266052,0.683906078338623,0.02573341503739357,0.012171386741101742,0.12801571190357208
653,103,glass_breaking__fsd50k__dev__371093__0017__r0.wav,glass_breaking,glass_breaking,1,0.000280816457234323,0.9187964797019958,0.078495554625988,0.0002349657006561756,0.0006375989760272205,0.0015546755166724324
654,104,glass_breaking__fsd50k__dev__372919__0008__r0.wav,glass_breaking,glass_breaking,1,0.01040736585855484,0.9633165001869202,0.009351682849228382,0.00870808120816946,0.00782476831227541,0.0003915993438567966
655,104,glass_breaking__fsd50k__dev__372919__0008__r0.wav,glass_breaking,glass_breaking,1,0.001454274053685367,0.9911988377571106,0.0018011434003710747,0.0008828250574879348,0.004551181569695473,0.00011164025636389852
656,104,glass_breaking__fsd50k__dev__372919__0008__r0.wav,glass_breaking,glass_breaking,1,0.0004993765032850206,0.9918661713600159,0.005845238920301199,0.0012618391774594784,0.0003890830557793379,0.00013836147263646126
657,104,glass_breaking__fsd50k__dev__372919__0008__r0.wav,glass_breaking,glass_breaking,1,0.001730209682136774,0.9867218732833862,0.005414728540927172,0.0028501669876277447,0.0031719133257865906,0.00011113601067336276
658,104,glass_breaking__fsd50k__dev__372919__0008__r0.wav,glass_breaking,glass_breaking,1,0.006357863545417786,0.96941739320755,0.007332397159188986,0.008160129189491272,0.008456302806735039,0.0002758969785645604
659,104,glass_breaking__fsd50k__dev__372919__0008__r0.wav,glass_breaking,glass_breaking,1,0.00011108307808171958,0.9862518906593323,0.01273438986390829,0.0004791583924088627,0.0003123737988062203,0.00011108307808171958
660,104,glass_breaking__fsd50k__dev__372919__0008__r0.wav,glass_breaking,glass_breaking,1,0.0015568624949082732,0.9880918264389038,0.0064803361892700195,0.0011295279255136847,0.0025646130088716745,0.00017690715321805328
661,104,glass_breaking__fsd50k__dev__372919__0008__r0.wav,glass_breaking,glass_breaking,1,0.001772075891494751,0.9752020239830017,0.008208821527659893,0.011314461007714272,0.0033665779046714306,0.00013603689149022102
662,104,glass_breaking__fsd50k__dev__372919__0008__r0.wav,glass_breaking,glass_breaking,1,0.00010966791887767613,0.9736874103546143,0.0256497785449028,0.00010966791887767613,0.0001458643382648006,0.00029759304015897214
663,104,glass_breaking__fsd50k__dev__372919__0008__r0.wav,glass_breaking,glass_breaking,1,0.0020110025070607662,0.9944297671318054,0.0018726023845374584,0.0006900844164192677,0.0006200849311426282,0.0003764260036405176
664,104,glass_breaking__fsd50k__dev__372919__0008__r0.wav,glass_breaking,glass_breaking,1,0.00011124202137580141,0.9876630902290344,0.011874952353537083,0.00011124202137580141,0.00012829326442442834,0.00011124202137580141
665,104,glass_breaking__fsd50k__dev__372919__0008__r0.wav,glass_breaking,glass_breaking,1,0.0012604621006175876,0.9907838106155396,0.005838860757648945,0.0004988315631635487,0.0015064270701259375,0.000111593515612185
666,104,glass_breaking__fsd50k__dev__372919__0008__r0.wav,glass_breaking,glass_breaking,1,0.0002118105039699003,0.9898771643638611,0.008948181755840778,0.0002118105039699003,0.000639649573713541,0.00011149139754706994
667,105,glass_breaking__fsd50k__dev__376197__0029__r0.wav,glass_breaking,glass_breaking,1,0.0043459669686853886,0.8813645243644714,0.07529762387275696,0.01808980666100979,0.009521986357867718,0.011380095034837723
668,105,glass_breaking__fsd50k__dev__376197__0029__r0.wav,glass_breaking,glass_breaking,1,0.0133839575573802,0.9314150214195251,0.02542675845324993,0.01543545164167881,0.009041993878781796,0.005296742543578148
669,105,glass_breaking__fsd50k__dev__376197__0029__r0.wav,glass_breaking,glass_breaking,1,0.03463885560631752,0.5791282057762146,0.06127770245075226,0.04947666823863983,0.1206403523683548,0.15483829379081726
670,105,glass_breaking__fsd50k__dev__376197__0029__r0.wav,glass_breaking,glass_breaking,1,0.003959153313189745,0.9259897470474243,0.03877556696534157,0.0070039196871221066,0.019005728885531425,0.005265890620648861
671,105,glass_breaking__fsd50k__dev__376197__0029__r0.wav,glass_breaking,glass_breaking,1,0.011154990643262863,0.42345306277275085,0.28607818484306335,0.15058386325836182,0.07122312486171722,0.057506758719682693
672,105,glass_breaking__fsd50k__dev__376197__0029__r0.wav,glass_breaking,gunshot_gunfire,0,0.0029995092190802097,0.21631783246994019,0.6532607674598694,0.002793075516819954,0.03269317373633385,0.09193561971187592
673,105,glass_breaking__fsd50k__dev__376197__0029__r0.wav,glass_breaking,gunshot_gunfire,0,0.0028768109623342752,0.014830675907433033,0.8041438460350037,0.08508668839931488,0.04321868345141411,0.04984324425458908
674,105,glass_breaking__fsd50k__dev__376197__0029__r0.wav,glass_breaking,glass_breaking,1,0.007129476871341467,0.5521630644798279,0.3730326294898987,0.011333021335303783,0.029675990343093872,0.026665767654776573
675,105,glass_breaking__fsd50k__dev__376197__0029__r0.wav,glass_breaking,glass_breaking,1,0.002750176237896085,0.91875821352005,0.04281581938266754,0.016351019963622093,0.0181968342512846,0.0011278936872258782
676,105,glass_breaking__fsd50k__dev__376197__0029__r0.wav,glass_breaking,glass_breaking,1,0.021074265241622925,0.6936712861061096,0.0461735762655735,0.1394401490688324,0.09420356154441833,0.005437164101749659
677,105,glass_breaking__fsd50k__dev__376197__0029__r0.wav,glass_breaking,speech,0,0.028720250353217125,0.09652359038591385,0.08076346665620804,0.028720250353217125,0.7365521788597107,0.028720250353217125
678,106,glass_breaking__fsd50k__dev__378321__0019__r0.wav,glass_breaking,glass_breaking,1,0.008631831035017967,0.3276715874671936,0.2944338023662567,0.008631831035017967,0.13926124572753906,0.22136972844600677
679,106,glass_breaking__fsd50k__dev__378321__0019__r0.wav,glass_breaking,glass_breaking,1,0.0050867884419858456,0.8329343199729919,0.14009623229503632,0.004908625967800617,0.012403259053826332,0.004570805002003908
680,106,glass_breaking__fsd50k__dev__378321__0019__r0.wav,glass_breaking,glass_breaking,1,0.004374425392597914,0.887135922908783,0.035847462713718414,0.008924725465476513,0.06341579556465149,0.0003017482813447714
681,106,glass_breaking__fsd50k__dev__378321__0019__r0.wav,glass_breaking,glass_breaking,1,0.005357475485652685,0.8772578239440918,0.03944995626807213,0.0034926566295325756,0.07232179492712021,0.002120236400514841
682,106,glass_breaking__fsd50k__dev__378321__0019__r0.wav,glass_breaking,glass_breaking,1,0.008597513660788536,0.7957943677902222,0.13870762288570404,0.012280319817364216,0.029943449422717094,0.014676688238978386
683,106,glass_breaking__fsd50k__dev__378321__0019__r0.wav,glass_breaking,glass_breaking,1,0.022550059482455254,0.7971063256263733,0.09057564288377762,0.01756960153579712,0.020998114719986916,0.05120028927922249
684,106,glass_breaking__fsd50k__dev__378321__0019__r0.wav,glass_breaking,glass_breaking,1,0.0036010791081935167,0.44333314895629883,0.16930535435676575,0.0018291224259883165,0.04861178994178772,0.3333195149898529
685,107,glass_breaking__fsd50k__dev__379015__0020__r0.wav,glass_breaking,glass_breaking,1,0.0009311871835961938,0.9065424203872681,0.07211846113204956,0.00534241134300828,0.009119957685470581,0.005945499520748854
686,107,glass_breaking__fsd50k__dev__379015__0020__r0.wav,glass_breaking,glass_breaking,1,0.0012525537749752402,0.9168071746826172,0.06553681194782257,0.00436239643022418,0.004854853730648756,0.007186157163232565
687,107,glass_breaking__fsd50k__dev__379015__0020__r0.wav,glass_breaking,glass_breaking,1,0.007084365468472242,0.9038206338882446,0.028455400839447975,0.025568995624780655,0.02380928210914135,0.01126131322234869
688,107,glass_breaking__fsd50k__dev__379015__0020__r0.wav,glass_breaking,glass_breaking,1,0.010217619128525257,0.8806643486022949,0.060748279094696045,0.011783775873482227,0.008859620429575443,0.027726367115974426
689,107,glass_breaking__fsd50k__dev__379015__0020__r0.wav,glass_breaking,glass_breaking,1,0.0038516547065228224,0.9008473753929138,0.06214050576090813,0.009732473641633987,0.006813752930611372,0.0166141577064991
690,107,glass_breaking__fsd50k__dev__379015__0020__r0.wav,glass_breaking,glass_breaking,1,0.005012306850403547,0.7919923067092896,0.1332099586725235,0.014094983227550983,0.013124932534992695,0.04256559908390045
691,107,glass_breaking__fsd50k__dev__379015__0020__r0.wav,glass_breaking,glass_breaking,1,0.012754806317389011,0.9532346725463867,0.008023910224437714,0.01758032664656639,0.00647863931953907,0.0019276951206848025
692,107,glass_breaking__fsd50k__dev__379015__0020__r0.wav,glass_breaking,glass_breaking,1,0.011508820578455925,0.8601154685020447,0.05933081731200218,0.011926542036235332,0.040082961320877075,0.017035361379384995
693,107,glass_breaking__fsd50k__dev__379015__0020__r0.wav,glass_breaking,glass_breaking,1,0.013741977512836456,0.693832516670227,0.1727392077445984,0.0210791677236557,0.025192536413669586,0.07341461628675461
694,107,glass_breaking__fsd50k__dev__379015__0020__r0.wav,glass_breaking,glass_breaking,1,0.0003505262720864266,0.9596189856529236,0.03362268581986427,0.0034330207854509354,0.0014079404063522816,0.0015668785199522972
695,107,glass_breaking__fsd50k__dev__379015__0020__r0.wav,glass_breaking,glass_breaking,1,0.0014478332595899701,0.9868090152740479,0.005225541070103645,0.0023850095458328724,0.00392881641164422,0.00020375852182041854
696,107,glass_breaking__fsd50k__dev__379015__0020__r0.wav,glass_breaking,glass_breaking,1,0.03144048526883125,0.42442238330841064,0.1218622699379921,0.23991605639457703,0.041817557066679,0.14054131507873535
697,107,glass_breaking__fsd50k__dev__379015__0020__r0.wav,glass_breaking,glass_breaking,1,0.0023042967077344656,0.9880180358886719,0.004871868062764406,0.001449607196263969,0.0030648407991975546,0.0002913966600317508
698,108,glass_breaking__fsd50k__dev__380840__0027__r0.wav,glass_breaking,thunderstorm,0,0.006716110277920961,0.3910731375217438,0.06125003099441528,0.005619521252810955,0.03341054543852806,0.5019307136535645
699,108,glass_breaking__fsd50k__dev__380840__0027__r0.wav,glass_breaking,glass_breaking,1,0.005001562647521496,0.594182014465332,0.13774897158145905,0.0015422117430716753,0.12377626448869705,0.13774897158145905
700,108,glass_breaking__fsd50k__dev__380840__0027__r0.wav,glass_breaking,thunderstorm,0,0.031998660415410995,0.29182350635528564,0.19024622440338135,0.007418235298246145,0.030877921730279922,0.4476354718208313
701,108,glass_breaking__fsd50k__dev__380840__0027__r0.wav,glass_breaking,gunshot_gunfire,0,0.010763471014797688,0.2760372459888458,0.3671446144580841,0.009671663865447044,0.10541639477014542,0.23096664249897003
702,108,glass_breaking__fsd50k__dev__380840__0027__r0.wav,glass_breaking,thunderstorm,0,0.008853464387357235,0.11532898992300034,0.11532898992300034,0.0009039770229719579,0.049015119671821594,0.7105693817138672
703,108,glass_breaking__fsd50k__dev__380840__0027__r0.wav,glass_breaking,thunderstorm,0,0.009387346915900707,0.24074552953243256,0.15145035088062286,0.001820930396206677,0.06912405788898468,0.5274718403816223
704,108,glass_breaking__fsd50k__dev__380840__0027__r0.wav,glass_breaking,gunshot_gunfire,0,0.0012928179930895567,0.1331731379032135,0.7917733788490295,0.01312130969017744,0.01808548904955387,0.04255383089184761
705,108,glass_breaking__fsd50k__dev__380840__0027__r0.wav,glass_breaking,glass_breaking,1,0.00022714539954904467,0.8882164359092712,0.1083880364894867,0.0007911023567430675,0.0015574811259284616,0.0008198156720027328
706,108,glass_breaking__fsd50k__dev__380840__0027__r0.wav,glass_breaking,glass_breaking,1,0.00015763973351567984,0.9798704385757446,0.01940721645951271,0.00011036432260880247,0.0002788719430100173,0.00017543519788887352
707,108,glass_breaking__fsd50k__dev__380840__0027__r0.wav,glass_breaking,thunderstorm,0,0.001467023859731853,0.03762293606996536,0.01980370096862316,0.0007722022128291428,0.04187007248401642,0.898464024066925
708,108,glass_breaking__fsd50k__dev__380840__0027__r0.wav,glass_breaking,thunderstorm,0,0.002448911778628826,0.03550173342227936,0.11110343784093857,0.002448911778628826,0.21107351779937744,0.6374234557151794
709,108,glass_breaking__fsd50k__dev__380840__0027__r0.wav,glass_breaking,thunderstorm,0,0.06185314804315567,0.16196505725383759,0.22324126958847046,0.007028407882899046,0.07392310351133347,0.4719890058040619
710,108,glass_breaking__fsd50k__dev__380840__0027__r0.wav,glass_breaking,thunderstorm,0,0.0243691299110651,0.15014399588108063,0.17944295704364777,0.006751920562237501,0.05733877420425415,0.5819531679153442
711,109,glass_breaking__fsd50k__dev__387177__0052__r0.wav,glass_breaking,glass_breaking,1,0.003073947038501501,0.8592485189437866,0.10485311597585678,0.006271482910960913,0.010705959051847458,0.01584695838391781
712,109,glass_breaking__fsd50k__dev__387177__0052__r0.wav,glass_breaking,speech,0,0.20756326615810394,0.23099444806575775,0.06175970658659935,0.05355135351419449,0.40863966941833496,0.037491559982299805
713,109,glass_breaking__fsd50k__dev__387177__0052__r0.wav,glass_breaking,speech,0,0.1677732914686203,0.10937512665987015,0.16189710795879364,0.0915166586637497,0.36759015917778015,0.10184768587350845
714,109,glass_breaking__fsd50k__dev__387177__0052__r0.wav,glass_breaking,thunderstorm,0,0.1307750791311264,0.2969270348548889,0.04994194209575653,0.023621533066034317,0.15629440546035767,0.34244000911712646
715,109,glass_breaking__fsd50k__dev__387177__0052__r0.wav,glass_breaking,thunderstorm,0,0.02999010682106018,0.06809306144714355,0.023366428911685944,0.0016118172788992524,0.020996225997805595,0.85594242811203
716,109,glass_breaking__fsd50k__dev__387177__0052__r0.wav,glass_breaking,thunderstorm,0,0.0023825790267437696,0.05689777806401253,0.03843923658132553,0.0007089279824867845,0.015764588490128517,0.8858068585395813
717,110,glass_breaking__fsd50k__dev__401619__0048__r0.wav,glass_breaking,glass_breaking,1,0.0013254259247332811,0.9361674785614014,0.054032955318689346,0.003349123289808631,0.003231823444366455,0.0018931818194687366
718,110,glass_breaking__fsd50k__dev__401619__0048__r0.wav,glass_breaking,glass_breaking,1,0.0012058510910719633,0.9822606444358826,0.01515777874737978,0.00041379311005584896,0.0007861213525757194,0.00017586314061190933
719,111,glass_breaking__fsd50k__dev__408218__0056__r0.wav,glass_breaking,glass_breaking,1,0.004114206880331039,0.9622546434402466,0.02446078695356846,0.0026821435894817114,0.0015711820451542735,0.0049170502461493015
720,112,glass_breaking__fsd50k__dev__41348__0037__r0.wav,glass_breaking,glass_breaking,1,0.0036823113914579153,0.8612403869628906,0.11696018278598785,0.008067920804023743,0.004400874953716993,0.00564839132130146
721,113,glass_breaking__fsd50k__dev__420356__0047__r0.wav,glass_breaking,gunshot_gunfire,0,0.0006754830828867853,0.11878153681755066,0.758404016494751,0.023040900006890297,0.009792440570890903,0.08930577337741852
722,113,glass_breaking__fsd50k__dev__420356__0047__r0.wav,glass_breaking,gunshot_gunfire,0,0.016207341104745865,0.045576248317956924,0.4967588186264038,0.04397997260093689,0.023990115150809288,0.37348753213882446
723,114,glass_breaking__fsd50k__dev__426204__0041__r0.wav,glass_breaking,glass_breaking,1,0.0023613967932760715,0.8175106048583984,0.15857835114002228,0.0025359252467751503,0.01619153469800949,0.00282219797372818
724,115,glass_breaking__fsd50k__dev__430702__0046__r0.wav,glass_breaking,glass_breaking,1,0.18625150620937347,0.6040340662002563,0.02440786547958851,0.029170788824558258,0.07112795859575272,0.08500778675079346
725,115,glass_breaking__fsd50k__dev__430702__0046__r0.wav,glass_breaking,dog_bark,0,0.626332700252533,0.040231041610240936,0.015363913960754871,0.03248323127627373,0.23919141292572021,0.046397656202316284
726,116,glass_breaking__fsd50k__dev__47012__0032__r0.wav,glass_breaking,thunderstorm,0,0.03919011726975441,0.06011470407247543,0.278470516204834,0.03919011726975441,0.2502235472202301,0.33281099796295166
727,116,glass_breaking__fsd50k__dev__47012__0032__r0.wav,glass_breaking,thunderstorm,0,0.16823118925094604,0.0014674937119707465,0.03763498738408089,0.03149004280567169,0.08545087277889252,0.6757254004478455
728,116,glass_breaking__fsd50k__dev__47012__0032__r0.wav,glass_breaking,glass_breaking,1,0.12703286111354828,0.3097477853298187,0.2591730058193207,0.040591783821582794,0.12703286111354828,0.13642168045043945
729,116,glass_breaking__fsd50k__dev__47012__0032__r0.wav,glass_breaking,thunderstorm,0,0.05240986868739128,0.023920593783259392,0.1148296520113945,0.04709360748529434,0.2105119377374649,0.5512343049049377
730,116,glass_breaking__fsd50k__dev__47012__0032__r0.wav,glass_breaking,thunderstorm,0,0.007841359823942184,0.008726551197469234,0.11367574334144592,0.02830115146934986,0.062007635831832886,0.7794474959373474
731,116,glass_breaking__fsd50k__dev__47012__0032__r0.wav,glass_breaking,thunderstorm,0,0.002068054862320423,0.011864859610795975,0.40471315383911133,0.05117920786142349,0.028930405154824257,0.501244306564331
732,116,glass_breaking__fsd50k__dev__47012__0032__r0.wav,glass_breaking,thunderstorm,0,0.010490457527339458,0.02140268124639988,0.08596702665090561,0.15207956731319427,0.0255791787058115,0.7044811248779297
733,116,glass_breaking__fsd50k__dev__47012__0032__r0.wav,glass_breaking,siren,0,0.0108874486759305,0.18863442540168762,0.16356344521045685,0.3583664298057556,0.10289596766233444,0.17565222084522247
734,116,glass_breaking__fsd50k__dev__47012__0032__r0.wav,glass_breaking,thunderstorm,0,0.03719773888587952,0.2211570292711258,0.14417719841003418,0.1548331379890442,0.03719773888587952,0.40543705224990845
735,116,glass_breaking__fsd50k__dev__47012__0032__r0.wav,glass_breaking,siren,0,0.010653510689735413,0.027896661311388016,0.13391660153865814,0.41909486055374146,0.018186455592513084,0.39025184512138367
736,116,glass_breaking__fsd50k__dev__47012__0032__r0.wav,glass_breaking,thunderstorm,0,0.001109069213271141,0.008166668936610222,0.05802932754158974,0.05214305967092514,0.008770255371928215,0.8717816472053528
737,116,glass_breaking__fsd50k__dev__47012__0032__r0.wav,glass_breaking,thunderstorm,0,0.0419311597943306,0.032670147716999054,0.0666537880897522,0.11378369480371475,0.018467670306563377,0.7264934778213501
738,116,glass_breaking__fsd50k__dev__47012__0032__r0.wav,glass_breaking,glass_breaking,1,0.0013480780180543661,0.6432688236236572,0.35088905692100525,0.0010503382654860616,0.000789695477578789,0.0026540241669863462
739,117,glass_breaking__fsd50k__dev__68449__0030__r0.wav,glass_breaking,glass_breaking,1,0.0009852604707702994,0.9939994812011719,0.0015661707147955894,0.00046600832138210535,0.0028711885679513216,0.00011195569823030382
740,118,glass_breaking__fsd50k__dev__85550__0015__r0.wav,glass_breaking,glass_breaking,1,0.003303803503513336,0.9917538166046143,0.002574117621406913,0.0008523814612999558,0.0014041251270100474,0.00011170276411576197
741,118,glass_breaking__fsd50k__dev__85550__0015__r0.wav,glass_breaking,glass_breaking,1,0.002388586988672614,0.9882891178131104,0.00648162979632616,0.0009452906670048833,0.0010151556925848126,0.0008802334778010845
742,119,glass_breaking__fsd50k__dev__92019__0042__r0.wav,glass_breaking,thunderstorm,0,0.00946474727243185,0.11897362023591995,0.38584446907043457,0.028582697734236717,0.012147720903158188,0.4449867010116577
743,119,glass_breaking__fsd50k__dev__92019__0042__r0.wav,glass_breaking,thunderstorm,0,0.0025442831683903933,0.0410480871796608,0.13795523345470428,0.07007258385419846,0.011373135261237621,0.7370066046714783
744,119,glass_breaking__fsd50k__dev__92019__0042__r0.wav,glass_breaking,glass_breaking,1,0.03879250958561897,0.5426759719848633,0.04804519563913345,0.04020050913095474,0.09127594530582428,0.23900984227657318
745,119,glass_breaking__fsd50k__dev__92019__0042__r0.wav,glass_breaking,glass_breaking,1,0.004274194128811359,0.9646603465080261,0.01290768850594759,0.00241610174998641,0.005684910342097282,0.010056866332888603
746,119,glass_breaking__fsd50k__dev__92019__0042__r0.wav,glass_breaking,glass_breaking,1,0.04493206739425659,0.7249096035957336,0.05766896530985832,0.05976211279630661,0.08237188309431076,0.030355390161275864
747,119,glass_breaking__fsd50k__dev__92019__0042__r0.wav,glass_breaking,glass_breaking,1,0.03411151096224785,0.346210777759552,0.1580154448747635,0.2602981626987457,0.1471404731273651,0.0542236752808094
748,119,glass_breaking__fsd50k__dev__92019__0042__r0.wav,glass_breaking,glass_breaking,1,0.002214984269812703,0.9497233629226685,0.034483738243579865,0.0077143507078289986,0.002214984269812703,0.003648733953014016
749,119,glass_breaking__fsd50k__dev__92019__0042__r0.wav,glass_breaking,glass_breaking,1,0.00020982316345907748,0.9131020307540894,0.08377458900213242,0.00022533077572006732,0.000705177488271147,0.0019830118399113417
750,119,glass_breaking__fsd50k__dev__92019__0042__r0.wav,glass_breaking,glass_breaking,1,0.0013154863845556974,0.7774382829666138,0.18677489459514618,0.0013154863845556974,0.015397865325212479,0.017758050933480263
751,120,gunshot_gunfire__fsd50k__dev__100465__0000__r0.wav,gunshot_gunfire,gunshot_gunfire,1,0.015833964571356773,0.08459076285362244,0.5211837291717529,0.1990358680486679,0.04000971466302872,0.13934600353240967
752,121,gunshot_gunfire__fsd50k__dev__115295__0001__r0.wav,gunshot_gunfire,gunshot_gunfire,1,0.0007884027436375618,0.006234501488506794,0.6896809935569763,0.2633835971355438,0.037066880613565445,0.0028455134015530348
753,122,gunshot_gunfire__fsd50k__dev__128979__0002__r0.wav,gunshot_gunfire,gunshot_gunfire,1,0.00010895791638176888,0.0001860005868365988,0.967383623123169,0.00028531093266792595,0.0015795567305758595,0.030456583946943283
754,122,gunshot_gunfire__fsd50k__dev__128979__0002__r0.wav,gunshot_gunfire,gunshot_gunfire,1,0.0008849291480146348,0.0018709659343585372,0.7741206288337708,0.007787770591676235,0.008363356813788414,0.20697233080863953
755,123,gunshot_gunfire__fsd50k__dev__128981__0003__r0.wav,gunshot_gunfire,gunshot_gunfire,1,0.008707454428076744,0.034974776208400726,0.4555964767932892,0.017764989286661148,0.04331687092781067,0.43963944911956787
756,123,gunshot_gunfire__fsd50k__dev__128981__0003__r0.wav,gunshot_gunfire,gunshot_gunfire,1,0.00023004523245617747,0.00152211869135499,0.966041088104248,0.00384613242931664,0.005493653006851673,0.02286696434020996
757,123,gunshot_gunfire__fsd50k__dev__128981__0003__r0.wav,gunshot_gunfire,gunshot_gunfire,1,0.00019430967222433537,0.009135495871305466,0.8762819170951843,0.0013806918868795037,0.0021947489585727453,0.11081285029649734
758,123,gunshot_gunfire__fsd50k__dev__128981__0003__r0.wav,gunshot_gunfire,gunshot_gunfire,1,0.00011067642481066287,0.00021789396123494953,0.9826413989067078,0.00011067642481066287,0.000634973868727684,0.016284378245472908
759,123,gunshot_gunfire__fsd50k__dev__128981__0003__r0.wav,gunshot_gunfire,gunshot_gunfire,1,0.00010784447658807039,0.000794116931501776,0.9574979543685913,0.0004488956183195114,0.0010562185198068619,0.04009496420621872
760,123,gunshot_gunfire__fsd50k__dev__128981__0003__r0.wav,gunshot_gunfire,gunshot_gunfire,1,0.000110641100036446,0.0010836084838956594,0.9823278188705444,0.0015477805864065886,0.000814709987025708,0.014115548692643642
761,123,gunshot_gunfire__fsd50k__dev__128981__0003__r0.wav,gunshot_gunfire,gunshot_gunfire,1,0.00010742134327301756,0.0017959820106625557,0.953741192817688,0.0002527546603232622,0.0012133370619267225,0.04288938269019127
762,123,gunshot_gunfire__fsd50k__dev__128981__0003__r0.wav,gunshot_gunfire,thunderstorm,0,0.009898060001432896,0.05287900194525719,0.314389169216156,0.05287900194525719,0.0332656055688858,0.5366892218589783
763,123,gunshot_gunfire__fsd50k__dev__128981__0003__r0.wav,gunshot_gunfire,gunshot_gunfire,1,0.0001098352440749295,0.014012737199664116,0.9751729965209961,0.0003691366291604936,0.0008685514330863953,0.009466784074902534
764,123,gunshot_gunfire__fsd50k__dev__128981__0003__r0.wav,gunshot_gunfire,gunshot_gunfire,1,0.00010952408774755895,0.0007509805727750063,0.9724103808403015,0.0005257652373984456,0.0023502097465097904,0.023853179067373276
765,123,gunshot_gunfire__fsd50k__dev__128981__0003__r0.wav,gunshot_gunfire,gunshot_gunfire,1,0.0001093558530556038,0.002346599707379937,0.970916748046875,0.0005440114764496684,0.0005065712612122297,0.025576790794730186
766,123,gunshot_gunfire__fsd50k__dev__128981__0003__r0.wav,gunshot_gunfire,gunshot_gunfire,1,0.00028832178213633597,0.008837134577333927,0.943352997303009,0.005970227997750044,0.0020487087313085794,0.039502646774053574
767,123,gunshot_gunfire__fsd50k__dev__128981__0003__r0.wav,gunshot_gunfire,gunshot_gunfire,1,0.009976348839700222,0.134673073887825,0.6019986271858215,0.051430556923151016,0.029072491452097893,0.1728488653898239
768,124,gunshot_gunfire__fsd50k__dev__137034__0004__r0.wav,gunshot_gunfire,gunshot_gunfire,1,0.0001565220591146499,0.010143008083105087,0.9729230999946594,0.002112927148118615,0.0016462611965835094,0.013018248602747917
769,124,gunshot_gunfire__fsd50k__dev__137034__0004__r0.wav,gunshot_gunfire,gunshot_gunfire,1,0.00010973754251608625,0.002272315789014101,0.9743055701255798,0.0007260904530994594,0.00033139780862256885,0.022254839539527893
770,125,gunshot_gunfire__fsd50k__dev__138679__0005__r0.wav,gunshot_gunfire,gunshot_gunfire,1,0.00031523036886937916,0.021937480196356773,0.960411548614502,0.0016250914195552468,0.0014091032790020108,0.014301535673439503
771,126,gunshot_gunfire__fsd50k__dev__146323__0006__r0.wav,gunshot_gunfire,gunshot_gunfire,1,0.002575154881924391,0.29521164298057556,0.6702830791473389,0.010343489237129688,0.0019361268496140838,0.019650492817163467
772,126,gunshot_gunfire__fsd50k__dev__146323__0006__r0.wav,gunshot_gunfire,gunshot_gunfire,1,0.0006808592588640749,0.15366590023040771,0.7921857237815857,0.001782858045771718,0.01059988234192133,0.041084785014390945
773,127,gunshot_gunfire__fsd50k__dev__147317__0007__r0.wav,gunshot_gunfire,gunshot_gunfire,1,0.00010998507787007838,0.0016523192171007395,0.976503312587738,0.002721858210861683,0.001003049430437386,0.01800946705043316
774,128,gunshot_gunfire__fsd50k__dev__147901__0008__r0.wav,gunshot_gunfire,gunshot_gunfire,1,0.00011152475781273097,0.001401887508109212,0.99017333984375,0.00017727982776705176,0.00037481478648260236,0.007761219050735235
775,129,gunshot_gunfire__fsd50k__dev__148166__0009__r0.wav,gunshot_gunfire,gunshot_gunfire,1,0.00014452551840804517,0.002171223284676671,0.8983539342880249,0.0005405560950748622,0.000284534296952188,0.0985051617026329
776,130,gunshot_gunfire__fsd50k__dev__149177__0010__r0.wav,gunshot_gunfire,gunshot_gunfire,1,0.00011880625243065879,0.006441869772970676,0.9478241801261902,0.0010455474257469177,0.0003992863930761814,0.044170357286930084
777,131,gunshot_gunfire__fsd50k__dev__150139__0011__r0.wav,gunshot_gunfire,gunshot_gunfire,1,0.0001343178009847179,0.0030952661763876677,0.962878406047821,0.0027812947519123554,0.0028822438325732946,0.02822842448949814
778,131,gunshot_gunfire__fsd50k__dev__150139__0011__r0.wav,gunshot_gunfire,gunshot_gunfire,1,0.00011036400246666744,0.0048316786997020245,0.9798675775527954,0.0015439040726050735,0.0014376488979905844,0.012208833359181881
779,132,gunshot_gunfire__fsd50k__dev__155654__0012__r0.wav,gunshot_gunfire,gunshot_gunfire,1,0.00020243713515810668,0.01059203315526247,0.9804095029830933,0.00025982214719988406,0.0011207459028810263,0.007415538188070059
780,132,gunshot_gunfire__fsd50k__dev__155654__0012__r0.wav,gunshot_gunfire,gunshot_gunfire,1,0.00011115099914604798,0.0046957009471952915,0.9868549108505249,0.00011115099914604798,0.0002111638168571517,0.008015964180231094
781,132,gunshot_gunfire__fsd50k__dev__155654__0012__r0.wav,gunshot_gunfire,thunderstorm,0,0.041327401995658875,0.03336844593286514,0.20559093356132507,0.04766206815838814,0.051184702664613724,0.6208664774894714
782,132,gunshot_gunfire__fsd50k__dev__155654__0012__r0.wav,gunshot_gunfire,thunderstorm,0,0.025902794674038887,0.09688197821378708,0.2823277413845062,0.020181844010949135,0.03834133222699165,0.5363643169403076
783,132,gunshot_gunfire__fsd50k__dev__155654__0012__r0.wav,gunshot_gunfire,gunshot_gunfire,1,0.003000756027176976,0.17473134398460388,0.491357684135437,0.003000756027176976,0.007582398131489754,0.3203269839286804
784,133,gunshot_gunfire__fsd50k__dev__155790__0013__r0.wav,gunshot_gunfire,gunshot_gunfire,1,0.0003504981577862054,0.0022378815338015556,0.9259340763092041,0.008370156399905682,0.011536839418113232,0.051570530980825424
785,133,gunshot_gunfire__fsd50k__dev__155790__0013__r0.wav,gunshot_gunfire,thunderstorm,0,0.001219561672769487,0.02112995646893978,0.4074220657348633,0.025253236293792725,0.0030816241633147,0.5418936014175415
786,134,gunshot_gunfire__fsd50k__dev__156904__0014__r0.wav,gunshot_gunfire,gunshot_gunfire,1,0.00010973744792863727,0.002192727057263255,0.974304735660553,0.0005862571415491402,0.0013311071088537574,0.021475359797477722
787,135,gunshot_gunfire__fsd50k__dev__160590__0015__r0.wav,gunshot_gunfire,gunshot_gunfire,1,0.000430368265369907,0.003924900200217962,0.8248623609542847,0.014679959043860435,0.026912106201052666,0.12919026613235474
788,136,gunshot_gunfire__fsd50k__dev__161195__0016__r0.wav,gunshot_gunfire,gunshot_gunfire,1,0.00011040469689760357,0.004833460319787264,0.9802289009094238,0.0006802297430112958,0.0014903789851814508,0.012656621634960175
789,137,gunshot_gunfire__fsd50k__dev__161475__0017__r0.wav,gunshot_gunfire,gunshot_gunfire,1,0.0002525705494917929,0.007208571769297123,0.953046441078186,0.017576860263943672,0.007208571769297123,0.014706959016621113
790,137,gunshot_gunfire__fsd50k__dev__161475__0017__r0.wav,gunshot_gunfire,gunshot_gunfire,1,0.0006106868968345225,0.024895569309592247,0.8194515109062195,0.004660032223910093,0.002367003122344613,0.14801521599292755
791,138,gunshot_gunfire__fsd50k__dev__162455__0018__r0.wav,gunshot_gunfire,gunshot_gunfire,1,0.00015775968495290726,0.0012928061187267303,0.8205035328865051,0.0004436318704392761,0.00047642027493566275,0.17712585628032684
792,138,gunshot_gunfire__fsd50k__dev__162455__0018__r0.wav,gunshot_gunfire,gunshot_gunfire,1,0.0003028519276995212,0.0018005884485319257,0.6694318652153015,0.010330353863537312,0.0015065936604514718,0.31662777066230774
793,138,gunshot_gunfire__fsd50k__dev__162455__0018__r0.wav,gunshot_gunfire,gunshot_gunfire,1,0.0002497176465112716,0.004646345041692257,0.8466999530792236,0.009823557920753956,0.0011567713227123022,0.13742366433143616
794,139,gunshot_gunfire__fsd50k__dev__164020__0019__r0.wav,gunshot_gunfire,gunshot_gunfire,1,0.008392385207116604,0.006309807300567627,0.47156551480293274,0.30742403864860535,0.17377962172031403,0.03252861648797989
795,139,gunshot_gunfire__fsd50k__dev__164020__0019__r0.wav,gunshot_gunfire,gunshot_gunfire,1,0.0131180789321661,0.14817018806934357,0.4474608600139618,0.05460313707590103,0.034350235015153885,0.3022974729537964
796,140,gunshot_gunfire__fsd50k__dev__165795__0020__r0.wav,gunshot_gunfire,gunshot_gunfire,1,0.0005542103317566216,0.013715328648686409,0.8576573729515076,0.07868771255016327,0.014729012735188007,0.03465630114078522
797,141,gunshot_gunfire__fsd50k__dev__180961__0021__r0.wav,gunshot_gunfire,gunshot_gunfire,1,0.0001120876258937642,0.0024925186298787594,0.9951707720756531,0.0001120876258937642,0.0003041591262444854,0.001808360917493701
798,141,gunshot_gunfire__fsd50k__dev__180961__0021__r0.wav,gunshot_gunfire,gunshot_gunfire,1,0.00011213196557946503,0.00023707568470854312,0.9955644607543945,0.00011213196557946503,0.00028333847876638174,0.0036908870097249746
799,141,gunshot_gunfire__fsd50k__dev__180961__0021__r0.wav,gunshot_gunfire,thunderstorm,0,0.06903831660747528,0.00937570072710514,0.07414085417985916,0.004279200453311205,0.0350671261548996,0.8080987930297852
800,142,gunshot_gunfire__fsd50k__dev__184651__0022__r0.wav,gunshot_gunfire,gunshot_gunfire,1,0.000674166192766279,0.015535715036094189,0.756925106048584,0.005524644628167152,0.004008215386420488,0.21733210980892181
801,143,gunshot_gunfire__fsd50k__dev__187534__0023__r0.wav,gunshot_gunfire,gunshot_gunfire,1,0.00011144260497530922,0.006724734790623188,0.9894439578056335,0.00011144260497530922,0.0008503962308168411,0.0027579283341765404
802,143,gunshot_gunfire__fsd50k__dev__187534__0023__r0.wav,gunshot_gunfire,gunshot_gunfire,1,0.00011136458488181233,0.0006165440427139401,0.988751232624054,0.00018345058197155595,0.0023060066159814596,0.00803136732429266
803,144,gunshot_gunfire__fsd50k__dev__197322__0024__r0.wav,gunshot_gunfire,gunshot_gunfire,1,0.00011046317376894876,0.00952090509235859,0.9807480573654175,0.00038472170126624405,0.0006805899902246892,0.008555141277611256
804,144,gunshot_gunfire__fsd50k__dev__197322__0024__r0.wav,gunshot_gunfire,gunshot_gunfire,1,0.0001116241401177831,0.0012608080869540572,0.9910557270050049,0.00014326632663141936,0.00044835504377260804,0.006980166304856539
805,144,gunshot_gunfire__fsd50k__dev__197322__0024__r0.wav,gunshot_gunfire,gunshot_gunfire,1,0.00029780168551951647,0.01400119997560978,0.9743700623512268,0.0015909642679616809,0.0009319771779701114,0.00880800187587738
806,144,gunshot_gunfire__fsd50k__dev__197322__0024__r0.wav,gunshot_gunfire,gunshot_gunfire,1,0.00011056042421841994,0.003270016750320792,0.9816115498542786,0.0017212487291544676,0.0006120920297689736,0.012674475088715553
807,144,gunshot_gunfire__fsd50k__dev__197322__0024__r0.wav,gunshot_gunfire,gunshot_gunfire,1,0.00011119987175334245,0.005228082183748484,0.9872888326644897,0.00018317924696020782,0.00023510500614065677,0.006953635718673468
808,144,gunshot_gunfire__fsd50k__dev__197322__0024__r0.wav,gunshot_gunfire,gunshot_gunfire,1,0.00011079452087869868,0.010255255736410618,0.9836899638175964,0.00023424800019711256,0.00031156238401308656,0.005398090463131666
809,144,gunshot_gunfire__fsd50k__dev__197322__0024__r0.wav,gunshot_gunfire,thunderstorm,0,0.009754929691553116,0.027431588619947433,0.30984294414520264,0.015506436116993427,0.005321101285517216,0.632142961025238
810,144,gunshot_gunfire__fsd50k__dev__197322__0024__r0.wav,gunshot_gunfire,thunderstorm,0,0.006829539779573679,0.023785950616002083,0.08896452188491821,0.001233600894920528,0.007876375690102577,0.8713100552558899
811,144,gunshot_gunfire__fsd50k__dev__197322__0024__r0.wav,gunshot_gunfire,gunshot_gunfire,1,0.0055606248788535595,0.014050742611289024,0.8181622624397278,0.014050742611289024,0.010564032942056656,0.13761164247989655
812,144,gunshot_gunfire__fsd50k__dev__197322__0024__r0.wav,gunshot_gunfire,gunshot_gunfire,1,0.00010640360414981842,0.002126111648976803,0.9447051882743835,0.0002887350565288216,0.00015749868180137128,0.05261598527431488
813,144,gunshot_gunfire__fsd50k__dev__197322__0024__r0.wav,gunshot_gunfire,gunshot_gunfire,1,0.00010853832645807415,0.01777256838977337,0.963658332824707,0.0005027842125855386,0.00018528431246522814,0.01777256838977337
814,144,gunshot_gunfire__fsd50k__dev__197322__0024__r0.wav,gunshot_gunfire,thunderstorm,0,0.008606935851275921,0.015226063318550587,0.36360982060432434,0.0036579701118171215,0.009926212020218372,0.5989729762077332
815,144,gunshot_gunfire__fsd50k__dev__197322__0024__r0.wav,gunshot_gunfire,thunderstorm,0,0.0033546185586601496,0.030593669041991234,0.2996315062046051,0.002036439720541239,0.007893172092735767,0.6564906239509583
816,145,gunshot_gunfire__fsd50k__dev__198952__0025__r0.wav,gunshot_gunfire,thunderstorm,0,0.10121806710958481,0.2650437653064728,0.07610068470239639,0.00584202166646719,0.19927282631397247,0.35252267122268677
817,145,gunshot_gunfire__fsd50k__dev__198952__0025__r0.wav,gunshot_gunfire,gunshot_gunfire,1,0.00010854059655684978,0.030339933931827545,0.9636784791946411,0.00023781177878845483,0.00548021774739027,0.00015503480972256511
818,145,gunshot_gunfire__fsd50k__dev__198952__0025__r0.wav,gunshot_gunfire,glass_breaking,0,0.021411694586277008,0.5491189956665039,0.20970411598682404,0.031693603843450546,0.09571187943220139,0.09235963225364685
819,145,gunshot_gunfire__fsd50k__dev__198952__0025__r0.wav,gunshot_gunfire,gunshot_gunfire,1,0.0001099125511245802,0.02229033038020134,0.9758593440055847,0.0001099125511245802,0.0012865351745858788,0.00034397366107441485
820,145,gunshot_gunfire__fsd50k__dev__198952__0025__r0.wav,gunshot_gunfire,gunshot_gunfire,1,0.00010780808952404186,0.04153621569275856,0.9571748971939087,0.00010780808952404186,0.0005175276892259717,0.0005557776312343776
821,145,gunshot_gunfire__fsd50k__dev__198952__0025__r0.wav,gunshot_gunfire,gunshot_gunfire,1,0.00021620171901304275,0.02001184970140457,0.9750097990036011,0.00010981686500599608,0.0028163364622741938,0.0018360328394919634
822,145,gunshot_gunfire__fsd50k__dev__198952__0025__r0.wav,gunshot_gunfire,gunshot_gunfire,1,0.00010958411439787596,0.025630177929997444,0.9729433655738831,0.00010958411439787596,0.0006996798911131918,0.0005076286033727229
823,145,gunshot_gunfire__fsd50k__dev__198952__0025__r0.wav,gunshot_gunfire,speech,0,0.08622013032436371,0.23396554589271545,0.06036313995718956,0.018612733110785484,0.5312227606773376,0.06961560249328613
824,145,gunshot_gunfire__fsd50k__dev__198952__0025__r0.wav,gunshot_gunfire,speech,0,0.08428706973791122,0.17196287214756012,0.08734632283449173,0.025989586487412453,0.5011240243911743,0.12929007411003113
825,145,gunshot_gunfire__fsd50k__dev__198952__0025__r0.wav,gunshot_gunfire,gunshot_gunfire,1,0.00010846944496734068,0.03496750071644783,0.9630467295646667,0.00010846944496734068,0.0001392173726344481,0.0016295495443046093
826,145,gunshot_gunfire__fsd50k__dev__198952__0025__r0.wav,gunshot_gunfire,thunderstorm,0,0.11892810463905334,0.12771792709827423,0.21802543103694916,0.031797148287296295,0.20302043855190277,0.3005109429359436
827,145,gunshot_gunfire__fsd50k__dev__198952__0025__r0.wav,gunshot_gunfire,gunshot_gunfire,1,0.0010136236669495702,0.03582986444234848,0.9522354006767273,0.0004626318986993283,0.0008789050043560565,0.009579632431268692
828,145,gunshot_gunfire__fsd50k__dev__198952__0025__r0.wav,gunshot_gunfire,gunshot_gunfire,1,0.000108344953332562,0.0349273681640625,0.9619414210319519,0.000108344953332562,0.0003271923051215708,0.002587358932942152
829,146,gunshot_gunfire__fsd50k__dev__201667__0026__r0.wav,gunshot_gunfire,gunshot_gunfire,1,0.00011134657688671723,0.004226812161505222,0.9885913729667664,0.0003877984418068081,0.0012576730223372579,0.0054249875247478485
830,146,gunshot_gunfire__fsd50k__dev__201667__0026__r0.wav,gunshot_gunfire,gunshot_gunfire,1,0.00011227501090615988,0.0006917531136423349,0.9968344569206238,0.00011227501090615988,0.00062158441869542,0.0016276444075629115
831,146,gunshot_gunfire__fsd50k__dev__201667__0026__r0.wav,gunshot_gunfire,gunshot_gunfire,1,0.00010897003812715411,0.00460356380790472,0.9674912691116333,0.000582157343160361,0.0008024050621315837,0.026411602273583412
832,147,gunshot_gunfire__fsd50k__dev__212600__0027__r0.wav,gunshot_gunfire,gunshot_gunfire,1,0.00011105199519079179,0.008600744418799877,0.9859759211540222,0.00017034541815519333,0.0006148134707473218,0.004527200013399124
833,148,gunshot_gunfire__fsd50k__dev__212602__0028__r0.wav,gunshot_gunfire,gunshot_gunfire,1,0.0009631920256651938,0.05222586542367935,0.7050090432167053,0.2024257332086563,0.023836610838770866,0.015539618209004402
834,149,gunshot_gunfire__fsd50k__dev__217805__0029__r0.wav,gunshot_gunfire,gunshot_gunfire,1,0.0001101436500903219,0.005178423598408699,0.9779111742973328,0.0009026034967973828,0.00025916003505699337,0.015638381242752075
835,150,gunshot_gunfire__fsd50k__dev__220612__0030__r0.wav,gunshot_gunfire,gunshot_gunfire,1,0.000479772686958313,0.006476567592471838,0.9529293775558472,0.00037380916182883084,0.023375310003757477,0.0163651704788208
836,151,gunshot_gunfire__fsd50k__dev__220613__0031__r0.wav,gunshot_gunfire,gunshot_gunfire,1,0.0027554479893296957,0.10459916293621063,0.8571674227714539,0.008936221711337566,0.0069625466130673885,0.01957920379936695
837,152,gunshot_gunfire__fsd50k__dev__221640__0032__r0.wav,gunshot_gunfire,gunshot_gunfire,1,0.0006590859848074615,0.021694175899028778,0.7668523192405701,0.0043609123677015305,0.008585537783801556,0.19784802198410034
838,152,gunshot_gunfire__fsd50k__dev__221640__0032__r0.wav,gunshot_gunfire,gunshot_gunfire,1,0.0001066378245013766,0.0001066378245013766,0.9467846751213074,0.00016357441199943423,0.0001066378245013766,0.05273180454969406
839,152,gunshot_gunfire__fsd50k__dev__221640__0032__r0.wav,gunshot_gunfire,gunshot_gunfire,1,0.00010508964624023065,0.0005227883812040091,0.9330391883850098,0.0006029213545843959,0.001368942903354764,0.0643611028790474
840,153,gunshot_gunfire__fsd50k__dev__238159__0033__r0.wav,gunshot_gunfire,gunshot_gunfire,1,0.00535499956458807,0.02860833704471588,0.3861905634403229,0.137332946062088,0.3861905634403229,0.05632258579134941
841,154,gunshot_gunfire__fsd50k__dev__255216__0034__r0.wav,gunshot_gunfire,gunshot_gunfire,1,0.00039144407492130995,0.011577633209526539,0.89666348695755,0.025366520509123802,0.0063153463415801525,0.059685561805963516
842,154,gunshot_gunfire__fsd50k__dev__255216__0034__r0.wav,gunshot_gunfire,gunshot_gunfire,1,0.0024523797910660505,0.0585646778345108,0.8192726373672485,0.01681538112461567,0.006421657744795084,0.09647335112094879
843,154,gunshot_gunfire__fsd50k__dev__255216__0034__r0.wav,gunshot_gunfire,gunshot_gunfire,1,0.0005396220949478447,0.01976705901324749,0.8968016505241394,0.010782499797642231,0.005675617139786482,0.06643353402614594
844,155,gunshot_gunfire__fsd50k__dev__257963__0035__r0.wav,gunshot_gunfire,gunshot_gunfire,1,0.0006903612520545721,0.05159437656402588,0.7479607462882996,0.005268008913844824,0.0015125772915780544,0.1929740011692047
845,155,gunshot_gunfire__fsd50k__dev__257963__0035__r0.wav,gunshot_gunfire,thunderstorm,0,0.005908872000873089,0.019163114950060844,0.39680707454681396,0.0254879891872406,0.005701916292309761,0.5469310283660889
846,156,gunshot_gunfire__fsd50k__dev__260939__0036__r0.wav,gunshot_gunfire,gunshot_gunfire,1,0.00141719204839319,0.006113077513873577,0.9320935606956482,0.007571152411401272,0.021290648728609085,0.031514428555965424
847,156,gunshot_gunfire__fsd50k__dev__260939__0036__r0.wav,gunshot_gunfire,gunshot_gunfire,1,0.00010064223897643387,0.00013871831470169127,0.893552839756012,0.0005376671906560659,0.0004498785128816962,0.10522017627954483
848,156,gunshot_gunfire__fsd50k__dev__260939__0036__r0.wav,gunshot_gunfire,gunshot_gunfire,1,0.0002109146153088659,0.00022650309256277978,0.7151332497596741,0.0010124857071787119,0.0004006939707323909,0.2830161154270172
849,157,gunshot_gunfire__fsd50k__dev__266105__0037__r0.wav,gunshot_gunfire,gunshot_gunfire,1,0.0002800773363560438,0.002062359359115362,0.9841058850288391,0.0025542674120515585,0.009553502313792706,0.001443867338821292
850,158,gunshot_gunfire__fsd50k__dev__273303__0038__r0.wav,gunshot_gunfire,gunshot_gunfire,1,0.002174896653741598,0.03768195956945419,0.8085936903953552,0.02055468037724495,0.01719857007265091,0.113796167075634
851,158,gunshot_gunfire__fsd50k__dev__273303__0038__r0.wav,gunshot_gunfire,gunshot_gunfire,1,0.0010683779837563634,0.03776535019278526,0.8702775835990906,0.00142100069206208,0.0037209508009254932,0.08574684709310532
852,158,gunshot_gunfire__fsd50k__dev__273303__0038__r0.wav,gunshot_gunfire,thunderstorm,0,0.004709299653768539,0.006490967236459255,0.46811410784721375,0.006490967236459255,0.01148281805217266,0.502711832523346
853,159,gunshot_gunfire__fsd50k__dev__329716__0039__r0.wav,gunshot_gunfire,gunshot_gunfire,1,0.002934148069471121,0.06296207010746002,0.9127575755119324,0.0017188061028718948,0.012213200330734253,0.007414090912789106
854,160,gunshot_gunfire__fsd50k__dev__345844__0040__r0.wav,gunshot_gunfire,thunderstorm,0,0.016109740361571312,0.014475631527602673,0.16350388526916504,0.004793395288288593,0.04371512681245804,0.7574021816253662
855,160,gunshot_gunfire__fsd50k__dev__345844__0040__r0.wav,gunshot_gunfire,thunderstorm,0,0.008740704506635666,0.0031082758214324713,0.04506049305200577,0.003221093211323023,0.006810212507843971,0.9330592155456543
856,160,gunshot_gunfire__fsd50k__dev__345844__0040__r0.wav,gunshot_gunfire,thunderstorm,0,0.005551639478653669,0.013062600046396255,0.09281805157661438,0.003138211090117693,0.008217539638280869,0.8772119879722595
857,160,gunshot_gunfire__fsd50k__dev__345844__0040__r0.wav,gunshot_gunfire,thunderstorm,0,0.0021089937072247267,0.011267007328569889,0.25054696202278137,0.0008054078789427876,0.005142418667674065,0.7301292419433594
858,160,gunshot_gunfire__fsd50k__dev__345844__0040__r0.wav,gunshot_gunfire,thunderstorm,0,0.017290549352765083,0.017290549352765083,0.1468351185321808,0.007615245413035154,0.02652241289615631,0.784446120262146
859,160,gunshot_gunfire__fsd50k__dev__345844__0040__r0.wav,gunshot_gunfire,thunderstorm,0,0.00019386094936635345,0.0006287123542279005,0.025630392134189606,0.00024010012566577643,0.0003553963324520737,0.9729515314102173
860,160,gunshot_gunfire__fsd50k__dev__345844__0040__r0.wav,gunshot_gunfire,thunderstorm,0,0.00023719506862107664,0.003563410136848688,0.0324978306889534,0.0005783594097010791,0.0019437626469880342,0.9611794352531433
861,161,gunshot_gunfire__fsd50k__dev__350264__0041__r0.wav,gunshot_gunfire,gunshot_gunfire,1,0.00033143084147013724,0.04876508191227913,0.8755630254745483,0.003246001899242401,0.0024405033327639103,0.0696539431810379
862,162,gunshot_gunfire__fsd50k__dev__353093__0042__r0.wav,gunshot_gunfire,gunshot_gunfire,1,0.00029414205346256495,0.014851240441203117,0.9623962044715881,0.0008882833644747734,0.0011001541279256344,0.02046990394592285
863,162,gunshot_gunfire__fsd50k__dev__353093__0042__r0.wav,gunshot_gunfire,gunshot_gunfire,1,0.0001228664768859744,0.005008832551538944,0.9802162051200867,0.0006563964416272938,0.001339183421805501,0.012656457722187042
864,162,gunshot_gunfire__fsd50k__dev__353093__0042__r0.wav,gunshot_gunfire,gunshot_gunfire,1,0.00018079385336022824,0.012141110375523567,0.9403035640716553,0.004979276563972235,0.0015910663641989231,0.040804099291563034
865,162,gunshot_gunfire__fsd50k__dev__353093__0042__r0.wav,gunshot_gunfire,gunshot_gunfire,1,0.00028214455232955515,0.014762530103325844,0.9566475749015808,0.002312112832441926,0.001677474589087069,0.024318253621459007
866,162,gunshot_gunfire__fsd50k__dev__353093__0042__r0.wav,gunshot_gunfire,gunshot_gunfire,1,0.00013180013047531247,0.004658911377191544,0.9791231155395508,0.0009365234873257577,0.001080073299817741,0.014069498516619205
867,162,gunshot_gunfire__fsd50k__dev__353093__0042__r0.wav,gunshot_gunfire,gunshot_gunfire,1,0.00012151830014772713,0.005513099022209644,0.9694606065750122,0.0009958152659237385,0.0009609373519197106,0.022947905585169792
868,162,gunshot_gunfire__fsd50k__dev__353093__0042__r0.wav,gunshot_gunfire,gunshot_gunfire,1,0.0008654218981973827,0.04528108239173889,0.7570559978485107,0.01168252807110548,0.0032368614338338375,0.18187817931175232
869,162,gunshot_gunfire__fsd50k__dev__353093__0042__r0.wav,gunshot_gunfire,gunshot_gunfire,1,0.0016152814496308565,0.015265827998518944,0.6223342418670654,0.003938586451113224,0.005055058281868696,0.35179102420806885
870,163,gunshot_gunfire__fsd50k__dev__35799__0043__r0.wav,gunshot_gunfire,gunshot_gunfire,1,0.003608228638768196,0.06957288831472397,0.530896782875061,0.35866546630859375,0.00661479914560914,0.030641870573163033
871,164,gunshot_gunfire__fsd50k__dev__35800__0044__r0.wav,gunshot_gunfire,siren,0,0.0012528413208201528,0.004210573621094227,0.11190269142389297,0.85390704870224,0.02249441295862198,0.006232493557035923
872,164,gunshot_gunfire__fsd50k__dev__35800__0044__r0.wav,gunshot_gunfire,siren,0,0.0011289996327832341,0.03222255781292915,0.2132040411233902,0.578546941280365,0.1721445471048355,0.00275287008844316
873,164,gunshot_gunfire__fsd50k__dev__35800__0044__r0.wav,gunshot_gunfire,siren,0,0.0036334116011857986,0.06760470569133759,0.2715442180633545,0.46354925632476807,0.18345099687576294,0.010217429138720036
874,164,gunshot_gunfire__fsd50k__dev__35800__0044__r0.wav,gunshot_gunfire,gunshot_gunfire,1,0.002483048476278782,0.07086823880672455,0.5218408703804016,0.31678634881973267,0.06838613003492355,0.019635368138551712
875,164,gunshot_gunfire__fsd50k__dev__35800__0044__r0.wav,gunshot_gunfire,gunshot_gunfire,1,0.0008054323843680322,0.007612042594701052,0.49327871203422546,0.4593302011489868,0.03654124587774277,0.0024323342368006706
876,164,gunshot_gunfire__fsd50k__dev__35800__0044__r0.wav,gunshot_gunfire,gunshot_gunfire,1,0.0010707401670515537,0.02381029911339283,0.90385901927948,0.056023888289928436,0.006143058650195599,0.009092958644032478
877,165,gunshot_gunfire__fsd50k__dev__36815__0045__r0.wav,gunshot_gunfire,gunshot_gunfire,1,0.00010892811405938119,0.002510177670046687,0.967119038105011,0.0004869170079473406,0.0003931449318770319,0.029381822794675827
878,165,gunshot_gunfire__fsd50k__dev__36815__0045__r0.wav,gunshot_gunfire,gunshot_gunfire,1,0.00010883311915677041,0.00048649238306097686,0.9662756323814392,0.0004371444811113179,0.0033357623033225536,0.029356200248003006
879,165,gunshot_gunfire__fsd50k__dev__36815__0045__r0.wav,gunshot_gunfire,gunshot_gunfire,1,0.0005440124659799039,0.006838340777903795,0.9040980935096741,0.0063677094876766205,0.002108575077727437,0.08004329353570938
880,165,gunshot_gunfire__fsd50k__dev__36815__0045__r0.wav,gunshot_gunfire,gunshot_gunfire,1,0.00011067042942158878,0.0052031902596354485,0.9825881719589233,0.00012316378706600517,0.0009739494998939335,0.01100087072700262
881,165,gunshot_gunfire__fsd50k__dev__36815__0045__r0.wav,gunshot_gunfire,gunshot_gunfire,1,0.0001081142108887434,0.003434000303968787,0.9598928093910217,0.0010217747185379267,0.000690294720698148,0.03485298529267311
882,165,gunshot_gunfire__fsd50k__dev__36815__0045__r0.wav,gunshot_gunfire,gunshot_gunfire,1,0.00015723380784038454,0.006642515771090984,0.9100837707519531,0.001840432407334447,0.0007028468535281718,0.08057322353124619
883,165,gunshot_gunfire__fsd50k__dev__36815__0045__r0.wav,gunshot_gunfire,gunshot_gunfire,1,0.00029865955002605915,0.4459967613220215,0.5330281853675842,0.010187344625592232,0.009153980761766434,0.001335030421614647
884,165,gunshot_gunfire__fsd50k__dev__36815__0045__r0.wav,gunshot_gunfire,gunshot_gunfire,1,0.0005783000960946083,0.1864277571439743,0.7759932279586792,0.01772504299879074,0.0054654465056955814,0.013810249045491219
885,165,gunshot_gunfire__fsd50k__dev__36815__0045__r0.wav,gunshot_gunfire,gunshot_gunfire,1,0.006998314987868071,0.2303534597158432,0.6477712392807007,0.05943123623728752,0.025258423760533333,0.030187329277396202
886,165,gunshot_gunfire__fsd50k__dev__36815__0045__r0.wav,gunshot_gunfire,gunshot_gunfire,1,0.00011053081834688783,0.0013893935829401016,0.9813486933708191,0.00042841394315473735,0.0004600773681886494,0.016262954100966454
887,165,gunshot_gunfire__fsd50k__dev__36815__0045__r0.wav,gunshot_gunfire,gunshot_gunfire,1,0.0001104290276998654,0.0025447651278227568,0.9804449081420898,0.00022529797570314258,0.0015448137419298291,0.015129758976399899
888,166,gunshot_gunfire__fsd50k__dev__368736__0046__r0.wav,gunshot_gunfire,gunshot_gunfire,1,0.0021393068600445986,0.06105755269527435,0.6196964383125305,0.020218325778841972,0.0037845298647880554,0.2931039333343506
889,167,gunshot_gunfire__fsd50k__dev__368805__0047__r0.wav,gunshot_gunfire,gunshot_gunfire,1,0.00010969907452818006,0.00235396483913064,0.9739640355110168,0.0007794814300723374,0.0005457188817672431,0.022247038781642914
890,167,gunshot_gunfire__fsd50k__dev__368805__0047__r0.wav,gunshot_gunfire,gunshot_gunfire,1,0.00011051328328903764,0.0030436692759394646,0.981192946434021,0.0003848962369374931,0.0006570505211129785,0.014610985293984413
891,167,gunshot_gunfire__fsd50k__dev__368805__0047__r0.wav,gunshot_gunfire,gunshot_gunfire,1,0.000110869892523624,0.004519776441156864,0.9843591451644897,0.0005135847604833543,0.00023440734366886318,0.010262232273817062
892,167,gunshot_gunfire__fsd50k__dev__368805__0047__r0.wav,gunshot_gunfire,gunshot_gunfire,1,0.00010969099821522832,0.002619503764435649,0.973892331123352,0.0002159539144486189,0.00010969099821522832,0.02305280789732933
893,168,gunshot_gunfire__fsd50k__dev__369124__0048__r0.wav,gunshot_gunfire,gunshot_gunfire,1,0.00017858821956906468,0.00609168503433466,0.9625443816184998,0.002326364628970623,0.0016286995960399508,0.027230285108089447
894,169,gunshot_gunfire__fsd50k__dev__369126__0049__r0.wav,gunshot_gunfire,gunshot_gunfire,1,0.00011152415390824899,0.000281802611425519,0.9901679754257202,0.0003748127492144704,0.0025700016412883997,0.006493952125310898
895,170,gunshot_gunfire__fsd50k__dev__369395__0050__r0.wav,gunshot_gunfire,gunshot_gunfire,1,0.00851921271532774,0.04391863942146301,0.4619257152080536,0.335134357213974,0.047164611518383026,0.1033373698592186
896,170,gunshot_gunfire__fsd50k__dev__369395__0050__r0.wav,gunshot_gunfire,gunshot_gunfire,1,0.0030295297037810087,0.2519719898700714,0.636690080165863,0.06273190677165985,0.008828478865325451,0.036747951060533524
897,170,gunshot_gunfire__fsd50k__dev__369395__0050__r0.wav,gunshot_gunfire,glass_breaking,0,0.005851864814758301,0.8017571568489075,0.15552254021167755,0.006993789691478014,0.017053155228495598,0.012821399606764317
898,170,gunshot_gunfire__fsd50k__dev__369395__0050__r0.wav,gunshot_gunfire,glass_breaking,0,0.0011636641575023532,0.9823002219200134,0.010997647419571877,0.0007064087549224496,0.0017849734285846353,0.0030471039935946465
899,170,gunshot_gunfire__fsd50k__dev__369395__0050__r0.wav,gunshot_gunfire,glass_breaking,0,0.0016510123386979103,0.9757305383682251,0.015057009644806385,0.004025709815323353,0.0005090830381959677,0.0030267247930169106
900,170,gunshot_gunfire__fsd50k__dev__369395__0050__r0.wav,gunshot_gunfire,thunderstorm,0,0.0325477197766304,0.180192768573761,0.10185877233743668,0.0024985908530652523,0.0325477197766304,0.6503543853759766
901,171,gunshot_gunfire__fsd50k__dev__371158__0051__r0.wav,gunshot_gunfire,gunshot_gunfire,1,0.004942083731293678,0.13134367763996124,0.6771091222763062,0.02057110331952572,0.009060094133019447,0.1569739431142807
902,172,gunshot_gunfire__fsd50k__dev__52593__0052__r0.wav,gunshot_gunfire,gunshot_gunfire,1,0.00376812182366848,0.07529298961162567,0.6866620182991028,0.06299936026334763,0.07802578806877136,0.09325167536735535
903,172,gunshot_gunfire__fsd50k__dev__52593__0052__r0.wav,gunshot_gunfire,gunshot_gunfire,1,0.00454483600333333,0.044511690735816956,0.48515552282333374,0.17878775298595428,0.07332392036914825,0.21367621421813965
904,173,gunshot_gunfire__fsd50k__dev__89147__0053__r0.wav,gunshot_gunfire,gunshot_gunfire,1,0.0004836201260332018,0.011144707910716534,0.9269272089004517,0.007802464999258518,0.003824353450909257,0.04981767013669014
905,173,gunshot_gunfire__fsd50k__dev__89147__0053__r0.wav,gunshot_gunfire,thunderstorm,0,0.0033585582859814167,0.0055325389839708805,0.35852178931236267,0.11456120759248734,0.02386467158794403,0.4941612780094147
906,174,siren__esc50__fold_4__102871__0000__r0.wav,siren,siren,1,0.00011233408440602943,0.00011233408440602943,0.00031589175341650844,0.9973589777946472,0.0017488617449998856,0.00035155192017555237
907,174,siren__esc50__fold_4__102871__0000__r0.wav,siren,siren,1,0.00011218267900403589,0.00011218267900403589,0.0006669758586212993,0.9960147142410278,0.002494632266461849,0.0005993203958496451
908,174,siren__esc50__fold_4__102871__0000__r0.wav,siren,siren,1,0.00011213832476641983,0.00011213832476641983,0.0005578533746302128,0.9956209063529968,0.0026779475156217813,0.0009189494303427637
909,174,siren__esc50__fold_4__102871__0000__r0.wav,siren,siren,1,0.00011213202378712595,0.00011213202378712595,0.0012221839278936386,0.9955649971961975,0.001809077337384224,0.0011793780140578747
910,174,siren__esc50__fold_4__102871__0000__r0.wav,siren,siren,1,0.00011231641110498458,0.00011231641110498458,0.0006218135822564363,0.9972020387649536,0.0015161855844780803,0.00043533483403734863
911,174,siren__esc50__fold_4__102871__0000__r0.wav,siren,siren,1,0.00011237713624723256,0.00011237713624723256,0.0005205667694099247,0.9977412223815918,0.0010620630346238613,0.0004513795720413327
912,175,siren__esc50__fold_4__111671__0001__r0.wav,siren,siren,1,0.0001124099871958606,0.0001124099871958606,0.0001124099871958606,0.9980328679084778,0.0015174488071352243,0.0001124099871958606
913,175,siren__esc50__fold_4__111671__0001__r0.wav,siren,siren,1,0.00011233695840928704,0.00011233695840928704,0.00011233695840928704,0.9973844885826111,0.0021660507190972567,0.00011233695840928704
914,175,siren__esc50__fold_4__111671__0001__r0.wav,siren,siren,1,0.0002734425070229918,0.0015138505259528756,0.00011214343248866498,0.9956662654876709,0.002322134096175432,0.00011214343248866498
915,175,siren__esc50__fold_4__111671__0001__r0.wav,siren,siren,1,0.00011236072168685496,0.00012066519411746413,0.00011236072168685496,0.997595489025116,0.001946746837347746,0.00011236072168685496
916,175,siren__esc50__fold_4__111671__0001__r0.wav,siren,siren,1,0.00016619719099253416,0.0007168938755057752,0.00016619719099253416,0.9968804121017456,0.0019453513668850064,0.0001249552733497694
917,175,siren__esc50__fold_4__111671__0001__r0.wav,siren,siren,1,0.00034988956758752465,0.0011347302934154868,0.00011586081382120028,0.9926428198814392,0.0056449309922754765,0.00011180289584444836
918,176,siren__esc50__fold_4__111671__0002__r0.wav,siren,siren,1,0.00011253171396674588,0.00011253171396674588,0.00011253171396674588,0.9991136193275452,0.00043616932816803455,0.00011253171396674588
919,176,siren__esc50__fold_4__111671__0002__r0.wav,siren,siren,1,0.00011254763376200572,0.00011254763376200572,0.00011254763376200572,0.9992550015449524,0.00029471077141352,0.00011254763376200572
920,176,siren__esc50__fold_4__111671__0002__r0.wav,siren,siren,1,0.00011255305435042828,0.00011255305435042828,0.00011255305435042828,0.9993031024932861,0.0002466030418872833,0.00011255305435042828
921,176,siren__esc50__fold_4__111671__0002__r0.wav,siren,siren,1,0.0001125510098063387,0.0001125510098063387,0.0001125510098063387,0.9992849230766296,0.0002648243971634656,0.0001125510098063387
922,176,siren__esc50__fold_4__111671__0002__r0.wav,siren,siren,1,0.00011254643322899938,0.00011254643322899938,0.00011254643322899938,0.9992443323135376,0.00030540412990376353,0.00011254643322899938
923,176,siren__esc50__fold_4__111671__0002__r0.wav,siren,siren,1,0.00011254390119574964,0.00011254390119574964,0.00011254390119574964,0.9992218017578125,0.0003279688535258174,0.00011254390119574964
924,177,siren__esc50__fold_4__121532__0003__r0.wav,siren,siren,1,0.005855520721524954,0.00011191191879333928,0.00011191191879333928,0.9936107993125916,0.00019797732238657773,0.00011191191879333928
925,177,siren__esc50__fold_4__121532__0003__r0.wav,siren,siren,1,0.0005798294441774487,0.00011247358634136617,0.00011247358634136617,0.9985975623130798,0.00048515640082769096,0.00011247358634136617
926,177,siren__esc50__fold_4__121532__0003__r0.wav,siren,siren,1,0.00019213164341636002,0.00011254945275140926,0.00011254945275140926,0.9992710947990417,0.00019910513947252184,0.00011254945275140926
927,177,siren__esc50__fold_4__121532__0003__r0.wav,siren,siren,1,0.0001991209719562903,0.00011255840217927471,0.00011255840217927471,0.9993506073951721,0.00011255840217927471,0.00011255840217927471
928,177,siren__esc50__fold_4__121532__0003__r0.wav,siren,siren,1,0.0003161019994877279,0.0006925777997821569,0.00011240885214647278,0.9980227947235107,0.0007437655003741384,0.00011240885214647278
929,177,siren__esc50__fold_4__121532__0003__r0.wav,siren,siren,1,0.0007434998406097293,0.0006003142334520817,0.00011236870341235772,0.9976663589477539,0.0006923304172232747,0.00018510466907173395
930,178,siren__esc50__fold_4__67358__0004__r0.wav,siren,siren,1,0.0043091485276818275,0.0028092290740460157,0.0037364286836236715,0.9725492596626282,0.015007917769253254,0.0015879912534728646
931,178,siren__esc50__fold_4__67358__0004__r0.wav,siren,siren,1,0.004978400655090809,0.0021926281042397022,0.0017703655175864697,0.9742607474327087,0.016145501285791397,0.0006524084019474685
932,178,siren__esc50__fold_4__67358__0004__r0.wav,siren,siren,1,0.027011428028345108,0.0158231221139431,0.00960551481693983,0.9213663935661316,0.02180948480963707,0.004384090192615986
933,178,siren__esc50__fold_4__67358__0004__r0.wav,siren,siren,1,0.05106053873896599,0.007997119799256325,0.002138146199285984,0.9167773127555847,0.02094079740345478,0.0010860435431823134
934,178,siren__esc50__fold_4__67358__0004__r0.wav,siren,siren,1,0.00039005372673273087,0.0013109002029523253,0.00015996767615433782,0.9943406581878662,0.0036863498389720917,0.00011199412983842194
935,179,siren__esc50__fold_4__80761__0005__r0.wav,siren,siren,1,0.0076128714717924595,0.0038668597117066383,0.10649793595075607,0.7046549320220947,0.030578216537833214,0.1467892825603485
936,179,siren__esc50__fold_4__80761__0005__r0.wav,siren,siren,1,0.000742166128475219,0.00013405534264165908,0.0005013956688344479,0.995876669883728,0.00240692519582808,0.0003387349715922028
937,179,siren__esc50__fold_4__80761__0005__r0.wav,siren,siren,1,0.00011256621655775234,0.00011256621655775234,0.00011256621655775234,0.9994199275970459,0.00012982042971998453,0.00011256621655775234
938,179,siren__esc50__fold_4__80761__0005__r0.wav,siren,siren,1,0.0001607635640539229,0.00011255132994847372,0.00011255132994847372,0.9992877840995789,0.00021382415434345603,0.00011255132994847372
939,179,siren__esc50__fold_4__80761__0005__r0.wav,siren,siren,1,0.002740359166637063,0.0095441285520792,0.000875647587236017,0.9831402897834778,0.0035171678755432367,0.00018240936333313584
940,179,siren__esc50__fold_4__80761__0005__r0.wav,siren,siren,1,0.0005797959165647626,0.0003277449868619442,0.00011246708163525909,0.9985398054122925,0.0003277449868619442,0.00011246708163525909
941,180,siren__esc50__fold_4__90014__0006__r0.wav,siren,siren,1,0.00011177221313118935,0.0011344188824295998,0.0003756464284379035,0.9923703670501709,0.00584821030497551,0.00015965070633683354
942,180,siren__esc50__fold_4__90014__0006__r0.wav,siren,siren,1,0.00061007373733446,0.006191871594637632,0.0038952368777245283,0.9783747792243958,0.0076687391847372055,0.0032592343632131815
943,180,siren__esc50__fold_4__90014__0006__r0.wav,siren,siren,1,0.0020063871052116156,0.012810513377189636,0.0023139275144785643,0.9238654971122742,0.057263948023319244,0.0017397233750671148
944,180,siren__esc50__fold_4__90014__0006__r0.wav,siren,siren,1,0.00010990969167323783,0.0019042805070057511,0.0004740969743579626,0.9758339524269104,0.021509068086743355,0.00016859320749063045
945,180,siren__esc50__fold_4__90014__0006__r0.wav,siren,siren,1,0.004822788294404745,0.05256601795554161,0.025765078142285347,0.8480716347694397,0.05256601795554161,0.016208520159125328
946,180,siren__esc50__fold_4__90014__0006__r0.wav,siren,siren,1,0.00011116435052827,0.0017306507797911763,0.0004157784569542855,0.9869734644889832,0.010289487428963184,0.0004795089771505445
947,181,siren__esc50__fold_4__90014__0007__r0.wav,siren,siren,1,0.0004000290937256068,0.00420741131529212,0.0027429042384028435,0.9840537905693054,0.006930850446224213,0.0016650951001793146
948,181,siren__esc50__fold_4__90014__0007__r0.wav,siren,siren,1,0.00011078902753069997,0.0013926392421126366,0.0005318375187925994,0.9836411476135254,0.014134420081973076,0.0001891264400910586
949,181,siren__esc50__fold_4__90014__0007__r0.wav,siren,siren,1,0.0004968835855834186,0.001995805185288191,0.0028507239185273647,0.9869146943092346,0.005816059187054634,0.0019259039545431733
950,181,siren__esc50__fold_4__90014__0007__r0.wav,siren,siren,1,0.00011181516310898587,0.00011181516310898587,0.00016550885629840195,0.9927517175674438,0.006747215986251831,0.00011181516310898587
951,181,siren__esc50__fold_4__90014__0007__r0.wav,siren,siren,1,0.0002019822713918984,0.004334213212132454,0.007139730732887983,0.9782066345214844,0.007667420897632837,0.0024500300642102957
952,181,siren__esc50__fold_4__90014__0007__r0.wav,siren,siren,1,0.00034536299062892795,0.0012028308119624853,0.0039009128231555223,0.9798004031181335,0.009178566746413708,0.0055718994699418545
953,182,siren__fsd50k__dev__181601__0008__r0.wav,siren,siren,1,0.00011235442070756108,0.0004354821576271206,0.00011235442070756108,0.9975395202636719,0.0016879140166565776,0.00011235442070756108
954,182,siren__fsd50k__dev__181601__0008__r0.wav,siren,siren,1,0.00032454959000460804,0.005623103119432926,0.00043166877003386617,0.9888043999671936,0.004704976920038462,0.00011137057299492881
955,182,siren__fsd50k__dev__181601__0008__r0.wav,siren,siren,1,0.00017810297140385956,0.002675661351531744,0.0005008389707654715,0.9947709441184998,0.0016832294641062617,0.00019126638653688133
956,182,siren__fsd50k__dev__181601__0008__r0.wav,siren,siren,1,0.00019103052909485996,0.0006195327150635421,0.0004827012890018523,0.9935442209243774,0.0048991176299750805,0.0002633030235301703
957,182,siren__fsd50k__dev__181601__0008__r0.wav,siren,siren,1,0.0014942889101803303,0.004054877441376448,0.00013709685299545527,0.9828004837036133,0.011402620002627373,0.00011069433821830899
958,182,siren__fsd50k__dev__181601__0008__r0.wav,siren,siren,1,0.0006873545935377479,0.0016172949690371752,0.00011156110122101381,0.990496039390564,0.006976224482059479,0.00011156110122101381
959,182,siren__fsd50k__dev__181601__0008__r0.wav,siren,siren,1,0.00011217087740078568,0.00031543278601020575,0.00011217087740078568,0.9959099292755127,0.00343806529417634,0.00011217087740078568
960,182,siren__fsd50k__dev__181601__0008__r0.wav,siren,siren,1,0.0010061109205707908,0.005375008564442396,0.0004431198467500508,0.9794837236404419,0.013581727631390095,0.00011032076872652397
961,182,siren__fsd50k__dev__181601__0008__r0.wav,siren,siren,1,0.00033787582651712,0.0024008203763514757,0.00011594345414778218,0.9933508038520813,0.003682680195197463,0.00011188264033989981
962,182,siren__fsd50k__dev__181601__0008__r0.wav,siren,siren,1,0.0003380898851901293,0.0005980961723253131,0.001357987872324884,0.9939801692962646,0.003083335468545556,0.0006423008744604886
963,182,siren__fsd50k__dev__181601__0008__r0.wav,siren,siren,1,0.004722657147794962,0.03477545082569122,0.008972068317234516,0.9242123961448669,0.02434646524488926,0.0029709707014262676
964,182,siren__fsd50k__dev__181601__0008__r0.wav,siren,siren,1,0.1749362051486969,0.2498714029788971,0.005507597699761391,0.4747040271759033,0.092081718146801,0.002899050945416093
965,182,siren__fsd50k__dev__181601__0008__r0.wav,siren,speech,0,0.09809810668230057,0.021176887676119804,0.005867449566721916,0.09809810668230057,0.7757367491722107,0.0010227012680843472
966,183,siren__fsd50k__dev__268221__0009__r0.wav,siren,siren,1,0.00011255758727202192,0.00011255758727202192,0.00011255758727202192,0.9993433356285095,0.00020634662359952927,0.00011255758727202192
967,184,siren__fsd50k__dev__320767__0010__r0.wav,siren,speech,0,0.036841828376054764,0.001042251824401319,0.005003279075026512,0.04403110221028328,0.9117437601089478,0.0013376992428675294
968,184,siren__fsd50k__dev__320767__0010__r0.wav,siren,siren,1,0.0036111639346927404,0.001708007650449872,0.00119578477460891,0.7589271068572998,0.2340121567249298,0.000545772782061249
969,184,siren__fsd50k__dev__320767__0010__r0.wav,siren,siren,1,0.0001939784997375682,0.0001407344825565815,0.0021142701152712107,0.9735414981842041,0.02304450422525406,0.0009649823768995702
970,184,siren__fsd50k__dev__320767__0010__r0.wav,siren,siren,1,0.0013146918499842286,0.00042009333265013993,0.005280653480440378,0.9285857677459717,0.0618104413151741,0.0025882951449602842
971,184,siren__fsd50k__dev__320767__0010__r0.wav,siren,siren,1,0.0020773769356310368,0.005439697299152613,0.027060801163315773,0.6696876287460327,0.27465033531188965,0.02108408883213997
972,184,siren__fsd50k__dev__320767__0010__r0.wav,siren,speech,0,0.0017976955277845263,0.0015041731530800462,0.03227710723876953,0.4515308737754822,0.48490291833877563,0.02798723429441452
973,184,siren__fsd50k__dev__320767__0010__r0.wav,siren,siren,1,0.00011179321154486388,0.00011179321154486388,0.0007396920118480921,0.9925568103790283,0.006061614491045475,0.00041813054122030735
974,184,siren__fsd50k__dev__320767__0010__r0.wav,siren,siren,1,0.009708702564239502,0.046606168150901794,0.017798524349927902,0.8671727776527405,0.03504078835248947,0.023673001676797867
975,184,siren__fsd50k__dev__320767__0010__r0.wav,siren,siren,1,0.004920829087495804,0.01243409514427185,0.01976524293422699,0.8057593703269958,0.14554204046726227,0.011578350327908993
976,184,siren__fsd50k__dev__320767__0010__r0.wav,siren,siren,1,0.005018037278205156,0.020887255668640137,0.008877137675881386,0.9476233124732971,0.01180708035826683,0.0057872021570801735
977,184,siren__fsd50k__dev__320767__0010__r0.wav,siren,siren,1,0.042208366096019745,0.003872500965371728,0.23367668688297272,0.4283887445926666,0.23367668688297272,0.058177050203084946
978,184,siren__fsd50k__dev__320767__0010__r0.wav,siren,speech,0,0.008113906718790531,0.008113906718790531,0.10199332982301712,0.3953227400779724,0.42454051971435547,0.06191561743617058
979,184,siren__fsd50k__dev__320767__0010__r0.wav,siren,siren,1,0.006200863514095545,0.0037642684765160084,0.04566027224063873,0.6619343757629395,0.2714706063270569,0.010969610884785652
980,185,siren__fsd50k__dev__324275__0011__r0.wav,siren,siren,1,0.04210823401808739,0.0008956308593042195,0.023802801966667175,0.8413886427879333,0.03165902942419052,0.06014561280608177
981,185,siren__fsd50k__dev__324275__0011__r0.wav,siren,siren,1,0.24614931643009186,0.004875209182500839,0.04948036000132561,0.6001927852630615,0.07589917629957199,0.02340320684015751
982,185,siren__fsd50k__dev__324275__0011__r0.wav,siren,dog_bark,0,0.6509060263633728,0.04180946201086044,0.03756846487522125,0.05762723088264465,0.1936747431755066,0.018414072692394257
983,185,siren__fsd50k__dev__324275__0011__r0.wav,siren,dog_bark,0,0.44499582052230835,0.0423089899122715,0.05240042880177498,0.06043236330151558,0.3858523666858673,0.014010011218488216
984,185,siren__fsd50k__dev__324275__0011__r0.wav,siren,thunderstorm,0,0.14942187070846558,0.04445994645357132,0.14942187070846558,0.07865165919065475,0.283870667219162,0.2941739559173584
985,185,siren__fsd50k__dev__324275__0011__r0.wav,siren,glass_breaking,0,0.009355288930237293,0.4723484516143799,0.21558646857738495,0.009355288930237293,0.2080356329679489,0.08531896770000458
986,186,siren__fsd50k__dev__34733__0012__r0.wav,siren,glass_breaking,0,0.030954871326684952,0.3031690716743469,0.14859738945960999,0.2628755271434784,0.21995392441749573,0.034449271857738495
987,186,siren__fsd50k__dev__34733__0012__r0.wav,siren,siren,1,0.014957496896386147,0.1316327005624771,0.0668611228466034,0.5479124188423157,0.22470824420452118,0.013928092084825039
988,186,siren__fsd50k__dev__34733__0012__r0.wav,siren,siren,1,0.026348255574703217,0.08855175226926804,0.0557069256901741,0.5859121084213257,0.2318764477968216,0.01160451490432024
989,186,siren__fsd50k__dev__34733__0012__r0.wav,siren,siren,1,0.013708580285310745,0.06819590926170349,0.03854955732822418,0.7702804803848267,0.10094361007213593,0.008321869187057018
990,186,siren__fsd50k__dev__34733__0012__r0.wav,siren,siren,1,0.008992984890937805,0.10908421874046326,0.06862367689609528,0.48761463165283203,0.3178867995738983,0.007797746453434229
991,186,siren__fsd50k__dev__34733__0012__r0.wav,siren,siren,1,0.008303826674818993,0.0905076265335083,0.05116184800863266,0.598853349685669,0.23699800670146942,0.01417534425854683
992,186,siren__fsd50k__dev__34733__0012__r0.wav,siren,siren,1,0.009036343544721603,0.1939052939414978,0.07673861086368561,0.3554776906967163,0.3554776906967163,0.009364325553178787
993,186,siren__fsd50k__dev__34733__0012__r0.wav,siren,siren,1,0.016783850267529488,0.22656913101673126,0.1530665159225464,0.4790249466896057,0.10716260969638824,0.01739303395152092
994,186,siren__fsd50k__dev__34733__0012__r0.wav,siren,siren,1,0.00011204779002582654,0.000886047724634409,0.00011204779002582654,0.9948170781135559,0.003960699308663607,0.00011204779002582654
995,186,siren__fsd50k__dev__34733__0012__r0.wav,siren,siren,1,0.00011233695840928704,0.00011233695840928704,0.00011233695840928704,0.9973844885826111,0.0021660507190972567,0.00011233695840928704
996,186,siren__fsd50k__dev__34733__0012__r0.wav,siren,siren,1,0.00011226294009247795,0.00025489486870355904,0.00011226294009247795,0.9967273473739624,0.002680923556908965,0.00011226294009247795
997,186,siren__fsd50k__dev__34733__0012__r0.wav,siren,siren,1,0.00011235370766371489,0.00011235370766371489,0.00011235370766371489,0.9975332021713257,0.0020172784570604563,0.00011235370766371489
998,186,siren__fsd50k__dev__34733__0012__r0.wav,siren,siren,1,0.0001122567118727602,0.0001122567118727602,0.0001122567118727602,0.9966720342636108,0.0028789083007723093,0.0001122567118727602
999,187,siren__fsd50k__dev__34952__0013__r0.wav,siren,siren,1,0.07551521807909012,0.0029445518739521503,0.004205871373414993,0.883911669254303,0.027828598394989967,0.005594039801508188
1000,187,siren__fsd50k__dev__34952__0013__r0.wav,siren,siren,1,0.009532934054732323,0.0008144275052472949,0.0005309432744979858,0.9819871783256531,0.006674058269709349,0.0004603767010848969
1001,187,siren__fsd50k__dev__34952__0013__r0.wav,siren,siren,1,0.032224930822849274,0.0017319279722869396,0.0016127332346513867,0.9531079530715942,0.009252584539353848,0.0020698951557278633
1002,187,siren__fsd50k__dev__34952__0013__r0.wav,siren,siren,1,0.018847176805138588,0.003404313465580344,0.005411496385931969,0.9515940546989441,0.01273285411298275,0.00801009964197874
1003,187,siren__fsd50k__dev__34952__0013__r0.wav,siren,siren,1,0.0003149649710394442,0.0005983685841783881,0.0004662114952225238,0.9944328665733337,0.003959169611334801,0.00022851230460219085
1004,187,siren__fsd50k__dev__34952__0013__r0.wav,siren,siren,1,0.01516022626310587,0.0019171311287209392,0.0036421548575162888,0.9480108618736267,0.019457707181572914,0.011811909265816212
1005,187,siren__fsd50k__dev__34952__0013__r0.wav,siren,siren,1,0.04597283899784088,0.10817071050405502,0.06336572766304016,0.3767373561859131,0.05494392663240433,0.3508094549179077
1006,187,siren__fsd50k__dev__34952__0013__r0.wav,siren,siren,1,0.057852379977703094,0.15698730945587158,0.07973967492580414,0.45748311281204224,0.03155721351504326,0.2163802981376648
1007,187,siren__fsd50k__dev__34952__0013__r0.wav,siren,thunderstorm,0,0.08400246500968933,0.13837692141532898,0.12885352969169617,0.024994637817144394,0.1243404820561409,0.4994319677352905
1008,187,siren__fsd50k__dev__34952__0013__r0.wav,siren,thunderstorm,0,0.02602572739124298,0.1341690868139267,0.21327520906925201,0.0706229880452156,0.03587203845381737,0.520034909248352
1009,187,siren__fsd50k__dev__34952__0013__r0.wav,siren,thunderstorm,0,0.03921959176659584,0.24164119362831116,0.1227385476231575,0.016668429598212242,0.18167763948440552,0.3980545401573181
1010,187,siren__fsd50k__dev__34952__0013__r0.wav,siren,thunderstorm,0,0.007250233553349972,0.09787262976169586,0.2655855417251587,0.0025782515294849873,0.08486457914113998,0.5418488383293152
1011,187,siren__fsd50k__dev__34952__0013__r0.wav,siren,thunderstorm,0,0.05229940265417099,0.14191879332065582,0.21769285202026367,0.04699435457587242,0.12752310931682587,0.41357144713401794
1012,188,siren__fsd50k__dev__353265__0014__r0.wav,siren,siren,1,0.00011235167039558291,0.00011235167039558291,0.0001442000939277932,0.997515082359314,0.0018784123240038753,0.00023754019639454782
1013,188,siren__fsd50k__dev__353265__0014__r0.wav,siren,siren,1,0.00011234127305215225,0.00011234127305215225,0.0003392608487047255,0.9974228143692017,0.00026433091261424124,0.0017489736201241612
1014,188,siren__fsd50k__dev__353265__0014__r0.wav,siren,siren,1,0.00011243596964050084,0.00014954600192140788,0.0003778772079385817,0.9982635378837585,0.00045161586604081094,0.0006450687651522458
1015,188,siren__fsd50k__dev__353265__0014__r0.wav,siren,siren,1,0.00011199280561413616,0.00017178856069222093,0.0005983060109429061,0.9943289160728455,0.0005376162007451057,0.004251343198120594
1016,188,siren__fsd50k__dev__353265__0014__r0.wav,siren,siren,1,0.00011168203491251916,0.00022785438341088593,0.0011746451491490006,0.9915697574615479,0.0006407432956621051,0.0062753790989518166
1017,188,siren__fsd50k__dev__353265__0014__r0.wav,siren,siren,1,0.0018739310326054692,0.001624870696105063,0.0219345074146986,0.9266480803489685,0.004735103342682123,0.043183501809835434
1018,188,siren__fsd50k__dev__353265__0014__r0.wav,siren,siren,1,0.028647499158978462,0.028647499158978462,0.05442432686686516,0.5724220275878906,0.014551130123436451,0.3013075292110443
1019,188,siren__fsd50k__dev__353265__0014__r0.wav,siren,siren,1,0.020874695852398872,0.02877221629023552,0.025853676721453667,0.687102198600769,0.009873307310044765,0.22752393782138824
1020,188,siren__fsd50k__dev__353265__0014__r0.wav,siren,siren,1,0.015044484287500381,0.014517557807266712,0.009807831607758999,0.9078230261802673,0.007374009117484093,0.04543301835656166
1021,188,siren__fsd50k__dev__353265__0014__r0.wav,siren,siren,1,0.00013892442802898586,0.000263927795458585,0.0007161901448853314,0.9959017634391785,0.001409997814334929,0.0015691679436713457
1022,188,siren__fsd50k__dev__353265__0014__r0.wav,siren,siren,1,0.00029340520268306136,0.0010218726238235831,0.0011785052483901381,0.9948282837867737,0.002011808566749096,0.0006661813240498304
1023,188,siren__fsd50k__dev__353265__0014__r0.wav,siren,siren,1,0.00019797313143499196,0.0010206004371866584,0.002401398029178381,0.9935897588729858,0.000984854414127767,0.0018054880201816559
1024,188,siren__fsd50k__dev__353265__0014__r0.wav,siren,siren,1,0.012035670690238476,0.012472509406507015,0.0338452123105526,0.8679856061935425,0.011614127084612846,0.06204686313867569
1025,189,siren__fsd50k__dev__353956__0015__r0.wav,siren,siren,1,0.003681734437122941,0.0004183575510978699,0.00020505659631453454,0.9930956959724426,0.0024873213842511177,0.0001118539075832814
1026,189,siren__fsd50k__dev__353956__0015__r0.wav,siren,siren,1,0.1298707127571106,0.053262192755937576,0.0018661762587726116,0.8001642227172852,0.014240417629480362,0.0005963135627098382
1027,189,siren__fsd50k__dev__353956__0015__r0.wav,siren,siren,1,0.02496280148625374,0.044160328805446625,0.0022902681957930326,0.9144196510314941,0.013616660609841347,0.00055022316519171
1028,189,siren__fsd50k__dev__353956__0015__r0.wav,siren,siren,1,0.08970389515161514,0.04556393250823021,0.0064123705960810184,0.8477805256843567,0.00983609538525343,0.0007031206041574478
1029,189,siren__fsd50k__dev__353956__0015__r0.wav,siren,siren,1,0.03589017689228058,0.006961869541555643,0.00022713930229656398,0.953838050365448,0.0029588141478598118,0.0001238995318999514
1030,189,siren__fsd50k__dev__353956__0015__r0.wav,siren,siren,1,0.05161494016647339,0.03364892676472664,0.0011376827023923397,0.8942732810974121,0.01902095228433609,0.0003041759773623198
1031,189,siren__fsd50k__dev__353956__0015__r0.wav,siren,siren,1,0.1852731704711914,0.06588487327098846,0.01148378849029541,0.7181127071380615,0.015828445553779602,0.003416960360482335
1032,189,siren__fsd50k__dev__353956__0015__r0.wav,siren,siren,1,0.016231581568717957,0.0019807207863777876,0.00016921891074161977,0.9794555902481079,0.002052613766863942,0.00011031759640900418
1033,189,siren__fsd50k__dev__353956__0015__r0.wav,siren,siren,1,0.050411406904459,0.03060252033174038,0.0014778963522985578,0.9051223397254944,0.011686853133141994,0.00069901515962556
1034,189,siren__fsd50k__dev__353956__0015__r0.wav,siren,siren,1,0.19504570960998535,0.05803515389561653,0.0032323074992746115,0.729512631893158,0.012983039952814579,0.0011911584297195077
1035,189,siren__fsd50k__dev__353956__0015__r0.wav,siren,siren,1,0.00626919511705637,0.0009818836115300655,0.00011157198605360463,0.9905926585197449,0.0019330811919644475,0.00011157198605360463
1036,189,siren__fsd50k__dev__353956__0015__r0.wav,siren,siren,1,0.15533879399299622,0.06370707601308823,0.003948755096644163,0.7456964254379272,0.02907681092619896,0.002232139464467764
1037,189,siren__fsd50k__dev__353956__0015__r0.wav,siren,siren,1,0.029793672263622284,0.0457012765109539,0.0027334876358509064,0.9131830334663391,0.008254890330135822,0.0003335642977617681
1038,190,siren__fsd50k__dev__382620__0016__r0.wav,siren,siren,1,0.003123527392745018,0.0029085599817335606,0.0021867973264306784,0.9716699123382568,0.019943302497267723,0.00016787380445748568
1039,190,siren__fsd50k__dev__382620__0016__r0.wav,siren,siren,1,0.00011168834316777065,0.00027233283617533743,0.0006407794426195323,0.9916257262229919,0.007237673737108707,0.00011168834316777065
1040,190,siren__fsd50k__dev__382620__0016__r0.wav,siren,siren,1,0.00011207503848709166,0.00011207503848709166,0.0006429980276152492,0.9950590133666992,0.003961662296205759,0.00011207503848709166
1041,191,siren__fsd50k__dev__388972__0017__r0.wav,siren,siren,1,0.0005850981106050313,0.011281703598797321,0.0033568309154361486,0.9723786115646362,0.00978227611631155,0.0026154322549700737
1042,191,siren__fsd50k__dev__388972__0017__r0.wav,siren,siren,1,0.0004254425875842571,0.014003676362335682,0.006863860413432121,0.9404094815254211,0.03294963017106056,0.005347892176359892
1043,191,siren__fsd50k__dev__388972__0017__r0.wav,siren,siren,1,0.0001619247195776552,0.017912646755576134,0.0014250102685764432,0.9712533950805664,0.008175583556294441,0.0010713926749303937
1044,191,siren__fsd50k__dev__388972__0017__r0.wav,siren,siren,1,0.00011025992716895416,0.01622309722006321,0.00042736396426334977,0.9789435267448425,0.004185561556369066,0.00011025992716895416
1045,191,siren__fsd50k__dev__388972__0017__r0.wav,siren,siren,1,0.0001107050702557899,0.009207562543451786,0.0008447682484984398,0.9828957319259644,0.006446257699280977,0.0004948601126670837
1046,191,siren__fsd50k__dev__388972__0017__r0.wav,siren,siren,1,0.0005086782621219754,0.03416002169251442,0.003881622338667512,0.9408077597618103,0.019309861585497856,0.0013319957070052624
1047,191,siren__fsd50k__dev__388972__0017__r0.wav,siren,siren,1,0.004605379421263933,0.06442554295063019,0.06216907128691673,0.8098410367965698,0.027381019666790962,0.031577982008457184
1048,191,siren__fsd50k__dev__388972__0017__r0.wav,siren,siren,1,0.00011235031706746668,0.00012957144645042717,0.0002643521875143051,0.9975031018257141,0.0018783897394314408,0.00011235031706746668
1049,191,siren__fsd50k__dev__388972__0017__r0.wav,siren,siren,1,0.00011247705697314814,0.00011247705697314814,0.00011247705697314814,0.9986283779144287,0.000921725295484066,0.00011247705697314814
1050,191,siren__fsd50k__dev__388972__0017__r0.wav,siren,siren,1,0.00011248418013565242,0.00011248418013565242,0.00011248418013565242,0.9986916184425354,0.0008583443122915924,0.00011248418013565242
1051,191,siren__fsd50k__dev__388972__0017__r0.wav,siren,siren,1,0.00011253171396674588,0.00011253171396674588,0.00011253171396674588,0.9991136193275452,0.00043616932816803455,0.00011253171396674588
1052,191,siren__fsd50k__dev__388972__0017__r0.wav,siren,siren,1,0.00011244767665630206,0.00011244767665630206,0.00011244767665630206,0.9983674883842468,0.0011826979462057352,0.00011244767665630206
1053,191,siren__fsd50k__dev__388972__0017__r0.wav,siren,siren,1,0.00011227260256418958,0.00012948182120453566,0.00023737303854431957,0.9968131184577942,0.002587249269708991,0.00012057056301273406
1054,192,siren__fsd50k__dev__421017__0018__r0.wav,siren,siren,1,0.0032868674024939537,0.0011279023019596934,0.007733758073300123,0.9521121382713318,0.022537261247634888,0.013202187605202198
1055,192,siren__fsd50k__dev__421017__0018__r0.wav,siren,siren,1,0.0005555434618145227,0.00028218122315593064,0.0007657219539396465,0.9914982914924622,0.006738697178661823,0.00015951041132211685
1056,192,siren__fsd50k__dev__421017__0018__r0.wav,siren,siren,1,0.0011544516310095787,0.0013314065290614963,0.0027163412887603045,0.9745235443115234,0.018625300377607346,0.0016489700647071004
1057,192,siren__fsd50k__dev__421017__0018__r0.wav,siren,speech,0,0.019480759277939796,0.011411705985665321,0.07824734598398209,0.3624666929244995,0.46521520614624023,0.06317824125289917
1058,192,siren__fsd50k__dev__421017__0018__r0.wav,siren,siren,1,0.00011210102820768952,0.00021296869090292603,0.000273339101113379,0.9952898025512695,0.0039625815115869045,0.00014910050958860666
1059,192,siren__fsd50k__dev__421017__0018__r0.wav,siren,siren,1,0.00011140176502522081,0.00011140176502522081,0.0007915801252238452,0.9890813827514648,0.009601803496479988,0.00030229799449443817
1060,192,siren__fsd50k__dev__421017__0018__r0.wav,siren,siren,1,0.00011188821372343227,0.00011188821372343227,0.00043367515900172293,0.9934003353118896,0.00564923882484436,0.0002929840702563524
1061,192,siren__fsd50k__dev__421017__0018__r0.wav,siren,siren,1,0.00011233277473365888,0.00011233277473365888,0.00037753040669485927,0.997347354888916,0.0018780964892357588,0.00017231004312634468
1062,192,siren__fsd50k__dev__421017__0018__r0.wav,siren,siren,1,0.0015894240932539105,0.0012833276996389031,0.020704513415694237,0.9393325448036194,0.010516589507460594,0.026573624461889267
1063,192,siren__fsd50k__dev__421017__0018__r0.wav,siren,siren,1,0.00013853043492417783,0.00011185184121131897,0.0021566967479884624,0.9930773973464966,0.0025775530375540257,0.0019379300065338612
1064,192,siren__fsd50k__dev__421017__0018__r0.wav,siren,siren,1,0.00017186879995279014,0.00011204511247342452,0.001459547784179449,0.9947933554649353,0.002772839041426778,0.0006903367466293275
1065,192,siren__fsd50k__dev__421017__0018__r0.wav,siren,siren,1,0.00011217733117518947,0.00032690062653273344,0.0006669440772384405,0.9959672689437866,0.002407144056633115,0.0005196412676014006
1066,192,siren__fsd50k__dev__421017__0018__r0.wav,siren,siren,1,0.00011244767665630206,0.00011244767665630206,0.00011244767665630206,0.9983674883842468,0.0011826979462057352,0.00011244767665630206
1067,193,siren__fsd50k__dev__62878__0019__r0.wav,siren,siren,1,0.00011240949243074283,0.00022130593424662948,0.00011240949243074283,0.9980284571647644,0.0014130087802186608,0.00011240949243074283
1068,193,siren__fsd50k__dev__62878__0019__r0.wav,siren,siren,1,0.00011242173059144989,0.00011242173059144989,0.00011242173059144989,0.9981371164321899,0.0014131625648587942,0.00011242173059144989
1069,193,siren__fsd50k__dev__62878__0019__r0.wav,siren,siren,1,0.00011244283814448863,0.00011244283814448863,0.00011244283814448863,0.9983245730400085,0.0012255716137588024,0.00011244283814448863
1070,193,siren__fsd50k__dev__62878__0019__r0.wav,siren,siren,1,0.00011244937195442617,0.00017874960030894727,0.00011244937195442617,0.998382568359375,0.0011013185139745474,0.00011244937195442617
1071,193,siren__fsd50k__dev__62878__0019__r0.wav,siren,siren,1,0.00011238254955969751,0.0005205918569117785,0.00011646150960586965,0.9977892637252808,0.0012693743919953704,0.00019184673146810383
1072,193,siren__fsd50k__dev__62878__0019__r0.wav,siren,siren,1,0.0001124732953030616,0.0001124732953030616,0.0001124732953030616,0.9985949397087097,0.0009551480761729181,0.0001124732953030616
1073,193,siren__fsd50k__dev__62878__0019__r0.wav,siren,siren,1,0.00011226198694203049,0.00016617024084553123,0.00011226198694203049,0.9967188239097595,0.002778206020593643,0.00011226198694203049
1074,193,siren__fsd50k__dev__62878__0019__r0.wav,siren,siren,1,0.00011245233326917514,0.00011245233326917514,0.00011245233326917514,0.998408854007721,0.0011413217289373279,0.00011245233326917514
1075,193,siren__fsd50k__dev__62878__0019__r0.wav,siren,siren,1,0.00027424367726780474,0.00029451274895109236,0.0001124720074585639,0.9985835552215576,0.0006226750556379557,0.0001124720074585639
1076,193,siren__fsd50k__dev__62878__0019__r0.wav,siren,siren,1,0.00011232512770220637,0.0001391166151734069,0.00011232512770220637,0.9972794651985168,0.0022444329224526882,0.00011232512770220637
1077,193,siren__fsd50k__dev__62878__0019__r0.wav,siren,siren,1,0.00011246938811382279,0.00011246938811382279,0.00011246938811382279,0.9985602498054504,0.000989781110547483,0.00011246938811382279
1078,193,siren__fsd50k__dev__62878__0019__r0.wav,siren,siren,1,0.0001124408736359328,0.0002061326667899266,0.0001124408736359328,0.9983071088790894,0.0011012352770194411,0.00016060579218901694
1079,194,speech__fsd50k__val__speech__12712__0017.wav,speech,thunderstorm,0,0.015647705644369125,0.002928987378254533,0.0381542406976223,0.040974169969558716,0.387241929769516,0.5150529146194458
1080,194,speech__fsd50k__val__speech__12712__0017.wav,speech,speech,1,0.10450299084186554,0.03460465744137764,0.03990885615348816,0.08744002878665924,0.62131667137146,0.11222667992115021
1081,194,speech__fsd50k__val__speech__12712__0017.wav,speech,speech,1,0.018745850771665573,0.018089285120368004,0.0808604508638382,0.10378198325634003,0.5162830352783203,0.26223933696746826
1082,194,speech__fsd50k__val__speech__12712__0017.wav,speech,thunderstorm,0,0.02084474079310894,0.012653916142880917,0.12393124401569366,0.08079353719949722,0.22719746828079224,0.5345790386199951
1083,194,speech__fsd50k__val__speech__12712__0017.wav,speech,speech,1,0.0758100301027298,0.0017316333251073956,0.031090987846255302,0.07856161892414093,0.6212467551231384,0.19155898690223694
1084,194,speech__fsd50k__val__speech__12712__0017.wav,speech,thunderstorm,0,0.006028345320373774,0.0011693609412759542,0.019550586119294167,0.05904103443026543,0.17205390334129333,0.7421567440032959
1085,194,speech__fsd50k__val__speech__12712__0017.wav,speech,thunderstorm,0,0.0013269996270537376,0.001110331155359745,0.048609718680381775,0.1416555643081665,0.12728658318519592,0.6800107955932617
1086,195,speech__fsd50k__val__speech__132738__0023.wav,speech,dog_bark,0,0.5628165006637573,0.0016257073730230331,0.01380586065351963,0.02442319504916668,0.3802298903465271,0.017098799347877502
1087,195,speech__fsd50k__val__speech__132738__0023.wav,speech,dog_bark,0,0.5546826720237732,0.016851691529154778,0.013129785656929016,0.018097175285220146,0.36160996556282043,0.035628773272037506
1088,195,speech__fsd50k__val__speech__132738__0023.wav,speech,dog_bark,0,0.5498555898666382,0.00879308395087719,0.0059404680505394936,0.012559663504362106,0.4134082794189453,0.009442966431379318
1089,195,speech__fsd50k__val__speech__132738__0023.wav,speech,siren,0,0.16349022090435028,0.16349022090435028,0.014999778009951115,0.4131118059158325,0.24199829995632172,0.0029096135403960943
1090,195,speech__fsd50k__val__speech__132738__0023.wav,speech,siren,0,0.16635245084762573,0.004876904655247927,0.0008202758617699146,0.7985669374465942,0.028995363041758537,0.0003879739670082927
1091,195,speech__fsd50k__val__speech__132738__0023.wav,speech,siren,0,0.04512765631079674,0.02461615391075611,0.004607728682458401,0.8701392412185669,0.0520448237657547,0.0034643150866031647
1092,195,speech__fsd50k__val__speech__132738__0023.wav,speech,siren,0,0.0017957977252081037,0.0031768467742949724,0.0007632187334820628,0.9882565140724182,0.00561998737975955,0.0003876670671161264
1093,195,speech__fsd50k__val__speech__132738__0023.wav,speech,siren,0,0.19117969274520874,0.010647879913449287,0.07300998270511627,0.30389928817749023,0.2367793768644333,0.18448375165462494
1094,195,speech__fsd50k__val__speech__132738__0023.wav,speech,glass_breaking,0,0.020280133932828903,0.5998199582099915,0.08441470563411713,0.020280133932828903,0.2549249827861786,0.020280133932828903
1095,195,speech__fsd50k__val__speech__132738__0023.wav,speech,gunshot_gunfire,0,0.00396004831418395,0.10524449497461319,0.39363688230514526,0.008372552692890167,0.13507817685604095,0.35370784997940063
1096,196,speech__fsd50k__val__speech__139086__0020.wav,speech,speech,1,0.0561310276389122,0.001767199719324708,0.0006284323753789067,0.0029111008625477552,0.9384565949440002,0.00010569981532171369
1097,196,speech__fsd50k__val__speech__139086__0020.wav,speech,speech,1,0.0291566401720047,0.003959598485380411,0.0014591763028874993,0.004406585358083248,0.9597067832946777,0.0013111631851643324
1098,196,speech__fsd50k__val__speech__139086__0020.wav,speech,speech,1,0.025509754195809364,0.023754116147756577,0.0011888016015291214,0.014420067891478539,0.9344552159309387,0.0006720016244798899
1099,196,speech__fsd50k__val__speech__139086__0020.wav,speech,speech,1,0.051861800253391266,0.0049308789893984795,0.0009229773422703147,0.043393947184085846,0.8985503315925598,0.0003401323047000915
1100,196,speech__fsd50k__val__speech__139086__0020.wav,speech,speech,1,0.15007807314395905,0.006512576714158058,0.0013091430300846696,0.010728140361607075,0.8308720588684082,0.0004999513039365411
1101,196,speech__fsd50k__val__speech__139086__0020.wav,speech,speech,1,0.012200035154819489,0.0021264750976115465,0.0008120839484035969,0.005568265449255705,0.9791614413261414,0.00013180529640521854
1102,197,speech__fsd50k__val__speech__149825__0000.wav,speech,siren,0,0.025867676362395287,0.00953266303986311,0.010237213224172592,0.8216274976730347,0.12868362665176392,0.0040514045394957066
1103,197,speech__fsd50k__val__speech__149825__0000.wav,speech,siren,0,0.01162378303706646,0.06209844723343849,0.027349917218089104,0.8687072396278381,0.02208278514444828,0.008137868717312813
1104,197,speech__fsd50k__val__speech__149825__0000.wav,speech,siren,0,0.051404546946287155,0.05928383767604828,0.12095115333795547,0.46880263090133667,0.23812226951122284,0.061435580253601074
1105,197,speech__fsd50k__val__speech__149825__0000.wav,speech,speech,1,0.0385039858520031,0.0016708652256056666,0.004534031730145216,0.001501379068940878,0.9528782963752747,0.0009114205022342503
1106,198,speech__fsd50k__val__speech__174948__0018.wav,speech,speech,1,0.2094578742980957,0.020637506619095802,0.005925544071942568,0.007881298661231995,0.7039503455162048,0.05214744061231613
1107,198,speech__fsd50k__val__speech__174948__0018.wav,speech,speech,1,0.041888702660799026,0.011606046929955482,0.0026906244456768036,0.007566237822175026,0.931488573551178,0.004759837873280048
1108,199,speech__fsd50k__val__speech__174955__0015.wav,speech,speech,1,0.002557178493589163,0.01632724143564701,0.01753396727144718,0.0080027487128973,0.9507207870483398,0.004858112893998623
1109,199,speech__fsd50k__val__speech__174955__0015.wav,speech,speech,1,0.01435542106628418,0.012011508457362652,0.06192229315638542,0.06192229315638542,0.7783747315406799,0.07141374796628952
1110,199,speech__fsd50k__val__speech__174955__0015.wav,speech,speech,1,0.0016423083143308759,0.0035982851404696703,0.08001592010259628,0.04857410490512848,0.8121119737625122,0.05405748263001442
1111,200,speech__fsd50k__val__speech__19188__0014.wav,speech,speech,1,0.017277292907238007,0.0015851438511162996,0.04365675896406174,0.11431704461574554,0.8122948408126831,0.010868953540921211
1112,201,speech__fsd50k__val__speech__19199__0016.wav,speech,speech,1,0.16685135662555695,0.007240446284413338,0.00674214493483305,0.003949505742639303,0.8009619116783142,0.014254613779485226
1113,202,speech__fsd50k__val__speech__219772__0011.wav,speech,speech,1,0.0032017016783356667,0.0002937473764177412,0.0001204708096338436,0.00028345914324745536,0.9959884285926819,0.00011217971768928692
1114,202,speech__fsd50k__val__speech__219772__0011.wav,speech,speech,1,0.00543130561709404,0.0012150362599641085,0.002001523971557617,0.0009466810151934624,0.9897426962852478,0.0006627758266404271
1115,202,speech__fsd50k__val__speech__219772__0011.wav,speech,speech,1,0.004232024308294058,0.0021496019326150417,0.001735625439323485,0.001735625439323485,0.9898104667663574,0.0003366716264281422
1116,202,speech__fsd50k__val__speech__219772__0011.wav,speech,speech,1,0.0009197928593493998,0.0007426564698107541,0.0012233743909746408,0.0004671968927141279,0.9965347051620483,0.00011224124318687245
1117,202,speech__fsd50k__val__speech__219772__0011.wav,speech,speech,1,0.0010226359590888023,0.0007967742276377976,0.002013311255723238,0.0004836861917283386,0.9955714344978333,0.00011213275138288736
1118,203,speech__fsd50k__val__speech__220372__0013.wav,speech,speech,1,0.0694197490811348,0.23330730199813843,0.06698836386203766,0.17541182041168213,0.41273120045661926,0.042141638696193695
1119,203,speech__fsd50k__val__speech__220372__0013.wav,speech,speech,1,0.01895134150981903,0.023471564054489136,0.029069943353533745,0.17283371090888977,0.6942121386528015,0.061461277306079865
1120,203,speech__fsd50k__val__speech__220372__0013.wav,speech,dog_bark,0,0.5333805084228516,0.009492502547800541,0.01218334212899208,0.31245094537734985,0.12365338951349258,0.008839205838739872
1121,203,speech__fsd50k__val__speech__220372__0013.wav,speech,speech,1,0.11976155638694763,0.235780268907547,0.06532731652259827,0.06532731652259827,0.4171060025691986,0.09669751673936844
1122,203,speech__fsd50k__val__speech__220372__0013.wav,speech,speech,1,0.0642164871096611,0.30826815962791443,0.07953322678804398,0.0642164871096611,0.34306764602661133,0.1406979113817215
1123,203,speech__fsd50k__val__speech__220372__0013.wav,speech,siren,0,0.07379046827554703,0.00308995577506721,0.02443464659154415,0.722696840763092,0.16167445480823517,0.014313661493360996
1124,203,speech__fsd50k__val__speech__220372__0013.wav,speech,siren,0,0.09034417569637299,0.07039056718349457,0.03450171649456024,0.4826512336730957,0.2728314697742462,0.04928077757358551
1125,203,speech__fsd50k__val__speech__220372__0013.wav,speech,speech,1,0.07394247502088547,0.09834751486778259,0.025373676791787148,0.17398124933242798,0.5642402172088623,0.06411493569612503
1126,203,speech__fsd50k__val__speech__220372__0013.wav,speech,thunderstorm,0,0.19266250729560852,0.09443294256925583,0.07901418954133987,0.0615629181265831,0.13488397002220154,0.43744349479675293
1127,203,speech__fsd50k__val__speech__220372__0013.wav,speech,speech,1,0.11893270909786224,0.042293574661016464,0.06722988188266754,0.2259475439786911,0.4950495660305023,0.05054669827222824
1128,203,speech__fsd50k__val__speech__220372__0013.wav,speech,speech,1,0.10942209511995316,0.02536727301776409,0.06642527133226395,0.367747962474823,0.38109564781188965,0.0499417707324028
1129,203,speech__fsd50k__val__speech__220372__0013.wav,speech,speech,1,0.09022391587495804,0.09022391587495804,0.028829943388700485,0.049215178936719894,0.6410979628562927,0.10040904581546783
1130,203,speech__fsd50k__val__speech__220372__0013.wav,speech,speech,1,0.14279288053512573,0.03194418549537659,0.024017196148633957,0.3739091753959656,0.40154433250427246,0.025792276486754417
1131,204,speech__fsd50k__val__speech__239902__0005.wav,speech,speech,1,0.008027222007513046,0.000497551285661757,0.00011130710481666028,0.00295816152356565,0.9882408976554871,0.00016475682787131518
1132,204,speech__fsd50k__val__speech__239902__0005.wav,speech,speech,1,0.009251447394490242,0.00019677594536915421,0.00019677594536915421,0.03715982288122177,0.952991247177124,0.00020391798170749098
1133,204,speech__fsd50k__val__speech__239902__0005.wav,speech,speech,1,0.056932635605335236,0.008916812017560005,0.00957584474235773,0.14908050000667572,0.7685468196868896,0.00694742426276207
1134,204,speech__fsd50k__val__speech__239902__0005.wav,speech,speech,1,0.16433487832546234,0.07500474900007248,0.02483673021197319,0.23472894728183746,0.4962768852710724,0.004817758221179247
1135,204,speech__fsd50k__val__speech__239902__0005.wav,speech,speech,1,0.39383983612060547,0.012849489226937294,0.005461066495627165,0.07916875183582306,0.5054817199707031,0.0031990581192076206
1136,205,speech__fsd50k__val__speech__255880__0022.wav,speech,speech,1,0.049657415598630905,0.1049884706735611,0.021104533225297928,0.005444974638521671,0.8011460304260254,0.017658643424510956
1137,205,speech__fsd50k__val__speech__255880__0022.wav,speech,speech,1,0.024490082636475563,0.23985354602336884,0.013358802534639835,0.006785431876778603,0.6989670395851135,0.016545113176107407
1138,206,speech__fsd50k__val__speech__257344__0009.wav,speech,speech,1,0.027915749698877335,0.0017931039910763502,0.03847711160778999,0.0067065926268696785,0.9188624024391174,0.006245031952857971
1139,206,speech__fsd50k__val__speech__257344__0009.wav,speech,speech,1,0.018774114549160004,0.0014935428043827415,0.08696766942739487,0.0055861696600914,0.882668137550354,0.004510369151830673
1140,206,speech__fsd50k__val__speech__257344__0009.wav,speech,speech,1,0.05471416935324669,0.013144753873348236,0.10394562035799026,0.02880006469786167,0.6877672672271729,0.11162811517715454
1141,206,speech__fsd50k__val__speech__257344__0009.wav,speech,speech,1,0.009258437901735306,0.001450059935450554,0.21335457265377045,0.00862125027924776,0.7430720925331116,0.02424360252916813
1142,206,speech__fsd50k__val__speech__257344__0009.wav,speech,speech,1,0.008885198272764683,0.0005128285265527666,0.02986154891550541,0.009207689203321934,0.9484837055206299,0.003048993181437254
1143,206,speech__fsd50k__val__speech__257344__0009.wav,speech,speech,1,0.013134602457284927,0.00019558791245799512,0.001915569300763309,0.002835426712408662,0.9816188216209412,0.0003000171564053744
1144,206,speech__fsd50k__val__speech__257344__0009.wav,speech,speech,1,0.0567445270717144,0.018132014200091362,0.1117156445980072,0.01947212964296341,0.7391785979270935,0.05475708842277527
1145,206,speech__fsd50k__val__speech__257344__0009.wav,speech,speech,1,0.03945072740316391,0.043904196470975876,0.17634771764278412,0.10330339521169662,0.4785342514514923,0.15845967829227448
1146,206,speech__fsd50k__val__speech__257344__0009.wav,speech,speech,1,0.03454449772834778,0.00957119558006525,0.22056187689304352,0.0233377143740654,0.6902531385421753,0.021731557324528694
1147,206,speech__fsd50k__val__speech__257344__0009.wav,speech,speech,1,0.0524786002933979,0.023113062605261803,0.24309764802455902,0.0524786002933979,0.5326253771781921,0.09620662033557892
1148,206,speech__fsd50k__val__speech__257344__0009.wav,speech,speech,1,0.005373508203774691,0.01136096753180027,0.022366879507899284,0.2713084816932678,0.6855500936508179,0.004040067549794912
1149,206,speech__fsd50k__val__speech__257344__0009.wav,speech,speech,1,0.024740595370531082,0.002811288461089134,0.0774262472987175,0.03662104532122612,0.8439079523086548,0.014492887072265148
1150,207,speech__fsd50k__val__speech__258371__0007.wav,speech,speech,1,0.014625639654695988,0.013619067147374153,0.007977967150509357,0.015156482346355915,0.947776734828949,0.0008441505488008261
1151,207,speech__fsd50k__val__speech__258371__0007.wav,speech,speech,1,0.054821375757455826,0.056811150163412094,0.032114025205373764,0.01949499547481537,0.8235880136489868,0.013170510530471802
1152,207,speech__fsd50k__val__speech__258371__0007.wav,speech,speech,1,0.038239069283008575,0.11966998875141144,0.12401348352432251,0.02012801542878151,0.6865715384483337,0.011377894319593906
1153,208,speech__fsd50k__val__speech__259674__0010.wav,speech,speech,1,0.0005193406250327826,0.07918661087751389,0.2661319971084595,0.0034362722653895617,0.6489170789718628,0.001808761153370142
1154,208,speech__fsd50k__val__speech__259674__0010.wav,speech,speech,1,0.0001123203692259267,0.0002133853849954903,0.0012686720583587885,0.0004511515435297042,0.9972372055053711,0.0007171505130827427
1155,208,speech__fsd50k__val__speech__259674__0010.wav,speech,speech,1,0.0005737804458476603,0.0030653425492346287,0.003796479431912303,0.003535196650773287,0.9881798028945923,0.0008493101340718567
1156,209,speech__fsd50k__val__speech__316648__0019.wav,speech,speech,1,0.0042343284003436565,0.00019732746295630932,0.003942911513149738,0.001092456979677081,0.990349292755127,0.00018374707724433392
1157,209,speech__fsd50k__val__speech__316648__0019.wav,speech,speech,1,0.006738429423421621,0.00011166954936925322,0.0009827421745285392,0.0005965791060589254,0.9914588928222656,0.00011166954936925322
1158,210,speech__fsd50k__val__speech__371385__0008.wav,speech,speech,1,0.0005586518091149628,0.0005999409477226436,0.0011811323929578066,0.0005019843811169267,0.9970459342002869,0.0001122988251154311
1159,211,speech__fsd50k__val__speech__379393__0012.wav,speech,speech,1,0.039786580950021744,0.013174745254218578,0.0029473211616277695,0.025937750935554504,0.91685551404953,0.001298083458095789
1160,212,speech__fsd50k__val__speech__411018__0021.wav,speech,speech,1,0.02495894394814968,0.009197782725095749,0.030912088230252266,0.012677575461566448,0.9142783284187317,0.0079753203317523
1161,212,speech__fsd50k__val__speech__411018__0021.wav,speech,speech,1,0.11668386310338974,0.04299991950392723,0.005437681917101145,0.05719223618507385,0.772051215171814,0.00563504733145237
1162,212,speech__fsd50k__val__speech__411018__0021.wav,speech,speech,1,0.03369245305657387,0.09818457812070847,0.14024265110492706,0.03491535037755966,0.6732281446456909,0.01973683200776577
1163,212,speech__fsd50k__val__speech__411018__0021.wav,speech,speech,1,0.31258803606033325,0.020807133987545967,0.010952314361929893,0.04558829590678215,0.5938526391983032,0.016211621463298798
1164,212,speech__fsd50k__val__speech__411018__0021.wav,speech,speech,1,0.33671990036964417,0.004505498800426722,0.0027350878808647394,0.013606210239231586,0.6396982669830322,0.0027350878808647394
1165,212,speech__fsd50k__val__speech__411018__0021.wav,speech,speech,1,0.38989928364753723,0.011430561542510986,0.01817002333700657,0.10424520075321198,0.46598386764526367,0.01027109008282423
1166,212,speech__fsd50k__val__speech__411018__0021.wav,speech,speech,1,0.08421637117862701,0.008007063530385494,0.0023824721574783325,0.018180176615715027,0.8857675790786743,0.001446292968466878
1167,212,speech__fsd50k__val__speech__411018__0021.wav,speech,speech,1,0.08959174156188965,0.0605267770588398,0.06272362917661667,0.07496345788240433,0.6597120761871338,0.05248228833079338
1168,212,speech__fsd50k__val__speech__411018__0021.wav,speech,speech,1,0.03407219797372818,0.007898945361375809,0.10662967711687088,0.029543735086917877,0.813669741153717,0.008185640908777714
1169,212,speech__fsd50k__val__speech__411018__0021.wav,speech,speech,1,0.06277430802583694,0.34753528237342834,0.09291857481002808,0.11508127301931381,0.3601493239402771,0.021541275084018707
1170,212,speech__fsd50k__val__speech__411018__0021.wav,speech,speech,1,0.0270330049097538,0.11252312362194061,0.025172535330057144,0.031176622956991196,0.7995479106903076,0.004546844866126776
1171,212,speech__fsd50k__val__speech__411018__0021.wav,speech,speech,1,0.09562922269105911,0.06460557878017426,0.10269705951213837,0.052163638174533844,0.6327409148216248,0.052163638174533844
1172,212,speech__fsd50k__val__speech__411018__0021.wav,speech,speech,1,0.05125074088573456,0.16039028763771057,0.011881441809237003,0.03224128112196922,0.7429790496826172,0.0012571780243888497
1173,213,speech__fsd50k__val__speech__60689__0001.wav,speech,speech,1,0.01287038717418909,0.020458778366446495,0.030283093452453613,0.023594694212079048,0.8956747055053711,0.017118319869041443
1174,213,speech__fsd50k__val__speech__60689__0001.wav,speech,speech,1,0.0092057716101408,0.02090185508131981,0.05671893060207367,0.06312176585197449,0.8222510814666748,0.027800606563687325
1175,213,speech__fsd50k__val__speech__60689__0001.wav,speech,speech,1,0.0037978922482579947,0.008029712364077568,0.016976861283183098,0.014204923063516617,0.9539240598678589,0.0030664815567433834
1176,213,speech__fsd50k__val__speech__60689__0001.wav,speech,speech,1,0.012238088063895702,0.03092356212437153,0.036957960575819016,0.02243552915751934,0.8516718149185181,0.04577307030558586
1177,213,speech__fsd50k__val__speech__60689__0001.wav,speech,speech,1,0.00405444810166955,0.012688476592302322,0.05281496047973633,0.022446496412158012,0.8830151557922363,0.024980410933494568
1178,213,speech__fsd50k__val__speech__60689__0001.wav,speech,speech,1,0.007812684401869774,0.0103912940248847,0.06402324140071869,0.041738174855709076,0.8047839999198914,0.07125063240528107
1179,213,speech__fsd50k__val__speech__60689__0001.wav,speech,speech,1,0.016258912160992622,0.01460967119783163,0.05272943526506424,0.02406645007431507,0.7921605706214905,0.10017503052949905
1180,213,speech__fsd50k__val__speech__60689__0001.wav,speech,speech,1,0.018513204529881477,0.008449682034552097,0.018513204529881477,0.040562305599451065,0.8704014420509338,0.043560225516557693
1181,213,speech__fsd50k__val__speech__60689__0001.wav,speech,speech,1,0.004739465191960335,0.012410489842295647,0.017105745151638985,0.011151619255542755,0.8950167298316956,0.05957594886422157
1182,213,speech__fsd50k__val__speech__60689__0001.wav,speech,speech,1,0.007868556305766106,0.008450109511613846,0.013432293199002743,0.010845464654266834,0.9347788095474243,0.024624811485409737
1183,213,speech__fsd50k__val__speech__60689__0001.wav,speech,speech,1,0.022868182510137558,0.026373418048024178,0.030415935441851616,0.01601012796163559,0.8376911878585815,0.06664111465215683
1184,213,speech__fsd50k__val__speech__60689__0001.wav,speech,speech,1,0.01471011433750391,0.03716994822025299,0.06345225125551224,0.015244030393660069,0.8265563249588013,0.04286734387278557
1185,213,speech__fsd50k__val__speech__60689__0001.wav,speech,speech,1,0.011115910485386848,0.013767246156930923,0.03871453180909157,0.06377428025007248,0.8016545176506042,0.07097356766462326
1186,214,speech__fsd50k__val__speech__63276__0002.wav,speech,dog_bark,0,0.547458291053772,0.0304910559207201,0.036441054195165634,0.19468124210834503,0.16880661249160767,0.022121740505099297
1187,214,speech__fsd50k__val__speech__63276__0002.wav,speech,dog_bark,0,0.4123319685459137,0.015514864586293697,0.03522676229476929,0.18819408118724823,0.20210325717926025,0.14662906527519226
1188,214,speech__fsd50k__val__speech__63276__0002.wav,speech,siren,0,0.10528410971164703,0.002404872328042984,0.03879891708493233,0.5237555503845215,0.24772579967975616,0.08203080296516418
1189,214,speech__fsd50k__val__speech__63276__0002.wav,speech,speech,1,0.2515978515148163,0.029626870527863503,0.0524112805724144,0.19602937996387482,0.4294990599155426,0.04083560034632683
1190,214,speech__fsd50k__val__speech__63276__0002.wav,speech,speech,1,0.0073067257180809975,0.003218089696019888,0.03151765465736389,0.44090667366981506,0.4906792938709259,0.026371540501713753
1191,214,speech__fsd50k__val__speech__63276__0002.wav,speech,siren,0,0.019415399059653282,0.09320269525051117,0.30226653814315796,0.37436237931251526,0.12396466732025146,0.08678828179836273
1192,214,speech__fsd50k__val__speech__63276__0002.wav,speech,speech,1,0.009215593338012695,0.013640925288200378,0.06785937398672104,0.18414205312728882,0.7137284278869629,0.011413676664233208
1193,214,speech__fsd50k__val__speech__63276__0002.wav,speech,speech,1,0.03755122050642967,0.10942957550287247,0.16785679757595062,0.21543920040130615,0.3188931941986084,0.15083004534244537
1194,214,speech__fsd50k__val__speech__63276__0002.wav,speech,speech,1,0.0402909591794014,0.07386355102062225,0.02277553640305996,0.18010357022285461,0.6736257672309875,0.009340636432170868
1195,214,speech__fsd50k__val__speech__63276__0002.wav,speech,speech,1,0.030466433614492416,0.0032236615661531687,0.016618777066469193,0.14625269174575806,0.7813345789909363,0.02210387773811817
1196,214,speech__fsd50k__val__speech__63276__0002.wav,speech,siren,0,0.06427644938230515,0.00872902013361454,0.040435608476400375,0.44072824716567993,0.4252919852733612,0.02053874544799328
1197,214,speech__fsd50k__val__speech__63276__0002.wav,speech,speech,1,0.14084608852863312,0.037657227367162704,0.062032610177993774,0.34342896938323975,0.38219761848449707,0.03383743017911911
1198,215,speech__fsd50k__val__speech__87703__0003.wav,speech,speech,1,0.009760013781487942,0.00045483477879315615,0.004454608540982008,0.01298135332763195,0.9701657295227051,0.0021834110375493765
1199,216,speech__fsd50k__val__speech__87704__0004.wav,speech,speech,1,0.01908254064619541,0.0007180206594057381,0.005287173204123974,0.010409110225737095,0.9634775519371033,0.0010255904635414481
1200,217,speech__fsd50k__val__speech__90177__0006.wav,speech,speech,1,0.01031001191586256,0.0169836338609457,0.028992513194680214,0.009600452147424221,0.9208807945251465,0.013232585974037647
1201,218,thunderstorm__esc50__fold_4__125070__0000__r0.wav,thunderstorm,thunderstorm,1,0.0001114501865231432,0.0006866712355986238,0.007756029721349478,0.0010533026652410626,0.0008813220192678273,0.9895113110542297
1202,218,thunderstorm__esc50__fold_4__125070__0000__r0.wav,thunderstorm,thunderstorm,1,0.00011099514085799456,0.00021086771448608488,0.01103314757347107,0.0017280165338888764,0.0014458703808486462,0.9854711294174194
1203,218,thunderstorm__esc50__fold_4__125070__0000__r0.wav,thunderstorm,thunderstorm,1,0.00011592326336540282,0.0006892152596265078,0.038726773113012314,0.0007670186460018158,0.0013093665475025773,0.9583917260169983
1204,218,thunderstorm__esc50__fold_4__125070__0000__r0.wav,thunderstorm,thunderstorm,1,0.0014156594406813383,0.009366861544549465,0.053739625960588455,0.02729635499417782,0.009706835262477398,0.8984746932983398
1205,218,thunderstorm__esc50__fold_4__125070__0000__r0.wav,thunderstorm,thunderstorm,1,0.001016302965581417,0.006488957908004522,0.02606384828686714,0.00960495788604021,0.0020734653808176517,0.9547524452209473
1206,218,thunderstorm__esc50__fold_4__125070__0000__r0.wav,thunderstorm,thunderstorm,1,0.07451608031988144,0.06234929710626602,0.09228946268558502,0.037849485874176025,0.07722070068120956,0.6557749509811401
1207,219,thunderstorm__esc50__fold_4__125071__0001__r0.wav,thunderstorm,thunderstorm,1,0.02897356078028679,0.015804443508386612,0.02178374119102955,0.004225547891110182,0.008933881297707558,0.920278787612915
1208,219,thunderstorm__esc50__fold_4__125071__0001__r0.wav,thunderstorm,thunderstorm,1,0.003507954766973853,0.011376678943634033,0.021613337099552155,0.009864628314971924,0.0074167074635624886,0.9462206959724426
1209,219,thunderstorm__esc50__fold_4__125071__0001__r0.wav,thunderstorm,thunderstorm,1,0.001038742484524846,0.0028187143616378307,0.01675850711762905,0.0014317294117063284,0.0021192466374486685,0.975832998752594
1210,219,thunderstorm__esc50__fold_4__125071__0001__r0.wav,thunderstorm,thunderstorm,1,0.0001123743859352544,0.0002551478974055499,0.0015169682446867228,0.0001343030307907611,0.00026440879446454346,0.9977167844772339
1211,219,thunderstorm__esc50__fold_4__125071__0001__r0.wav,thunderstorm,thunderstorm,1,0.0001118796062655747,0.000518262037076056,0.004898030776530504,0.00043364177690818906,0.0007143362308852375,0.9933238625526428
1212,219,thunderstorm__esc50__fold_4__125071__0001__r0.wav,thunderstorm,thunderstorm,1,0.0001243438891833648,0.0004330650845076889,0.005846044514328241,0.0010942809749394655,0.0004994453047402203,0.9920028448104858
1213,220,thunderstorm__esc50__fold_4__125072__0002__r0.wav,thunderstorm,thunderstorm,1,0.002410275163128972,0.012425565160810947,0.017126522958278656,0.0024977580178529024,0.003205798100680113,0.9623340368270874
1214,220,thunderstorm__esc50__fold_4__125072__0002__r0.wav,thunderstorm,thunderstorm,1,0.00011175616964465007,0.00013356418639887124,0.0056425719521939754,0.00037559252814389765,0.001508622895926237,0.9922279715538025
1215,220,thunderstorm__esc50__fold_4__125072__0002__r0.wav,thunderstorm,thunderstorm,1,0.00011090225598309189,0.00018268899293616414,0.012713661417365074,0.001048124162480235,0.001298119779676199,0.9846464991569519
1216,220,thunderstorm__esc50__fold_4__125072__0002__r0.wav,thunderstorm,thunderstorm,1,0.00011233798431931064,0.00011233798431931064,0.0017489225137978792,0.00011233798431931064,0.0005203854525461793,0.9973936080932617
1217,220,thunderstorm__esc50__fold_4__125072__0002__r0.wav,thunderstorm,thunderstorm,1,0.00011003888357663527,0.00036982103483751416,0.020052308216691017,0.002198750153183937,0.0002881414839066565,0.976980984210968
1218,220,thunderstorm__esc50__fold_4__125072__0002__r0.wav,thunderstorm,thunderstorm,1,0.003673552069813013,0.005437593441456556,0.07083242386579514,0.016421059146523476,0.013258636929094791,0.8903767466545105
1219,221,thunderstorm__esc50__fold_4__125072__0003__r0.wav,thunderstorm,thunderstorm,1,0.0026978268288075924,0.006125463172793388,0.040529780089855194,0.012059486471116543,0.004605421330779791,0.9339820146560669
1220,221,thunderstorm__esc50__fold_4__125072__0003__r0.wav,thunderstorm,thunderstorm,1,0.0003019616415258497,0.002474510809406638,0.00774403428658843,0.0005535726086236537,0.0009449958452023566,0.9879809021949768
1221,221,thunderstorm__esc50__fold_4__125072__0003__r0.wav,thunderstorm,thunderstorm,1,0.0003298782685305923,0.003726010909304023,0.01853574439883232,0.003117637475952506,0.0044531021267175674,0.9698376655578613
1222,221,thunderstorm__esc50__fold_4__125072__0003__r0.wav,thunderstorm,thunderstorm,1,0.00011094196088379249,0.0003471952513791621,0.011428127996623516,0.0023806351236999035,0.0007340596639551222,0.9849990010261536
1223,221,thunderstorm__esc50__fold_4__125072__0003__r0.wav,thunderstorm,thunderstorm,1,0.005089444108307362,0.02275019884109497,0.35418403148651123,0.0639752671122551,0.04809972271323204,0.5059013366699219
1224,221,thunderstorm__esc50__fold_4__125072__0003__r0.wav,thunderstorm,thunderstorm,1,0.009881556034088135,0.005998654756695032,0.2922641634941101,0.1432523876428604,0.10029171407222748,0.4483114182949066
1225,222,thunderstorm__esc50__fold_4__156993__0004__r0.wav,thunderstorm,thunderstorm,1,0.01398706715553999,0.2602488100528717,0.21775612235069275,0.040760282427072525,0.006855715997517109,0.46039196848869324
1226,222,thunderstorm__esc50__fold_4__156993__0004__r0.wav,thunderstorm,gunshot_gunfire,0,0.00026667455676943064,0.0032347391825169325,0.8725250959396362,0.005328572355210781,0.0043023801408708096,0.11434254795312881
1227,222,thunderstorm__esc50__fold_4__156993__0004__r0.wav,thunderstorm,thunderstorm,1,0.00025010862736962736,0.002201066119596362,0.07507894188165665,0.008840911090373993,0.002927538473159075,0.9107015132904053
1228,222,thunderstorm__esc50__fold_4__156993__0004__r0.wav,thunderstorm,thunderstorm,1,0.0007513617747463286,0.0015885704196989536,0.01670820638537407,0.0393131859600544,0.0028102537617087364,0.9388284683227539
1229,222,thunderstorm__esc50__fold_4__156993__0004__r0.wav,thunderstorm,thunderstorm,1,0.0025602253153920174,0.0020671698730438948,0.002384024439379573,0.0009777292143553495,0.005609437357634306,0.986401379108429
1230,222,thunderstorm__esc50__fold_4__156993__0004__r0.wav,thunderstorm,thunderstorm,1,0.00011250332318013534,0.00011250332318013534,0.00036486066528595984,0.00011250332318013534,0.00043605928658507764,0.99886155128479
1231,223,thunderstorm__esc50__fold_4__161519__0005__r0.wav,thunderstorm,thunderstorm,1,0.0001661123096710071,0.0005582738085649908,0.001810542424209416,0.0003512037801556289,0.0007425346993841231,0.9963712692260742
1232,223,thunderstorm__esc50__fold_4__161519__0005__r0.wav,thunderstorm,thunderstorm,1,0.000143023396958597,0.0005349378334358335,0.006968330591917038,0.0013043539365753531,0.0016740994760766625,0.9893752336502075
1233,223,thunderstorm__esc50__fold_4__161519__0005__r0.wav,thunderstorm,thunderstorm,1,0.00011255205026827753,0.00011255205026827753,0.0002555512764956802,0.00011255205026827753,0.00011255205026827753,0.9992941617965698
1234,223,thunderstorm__esc50__fold_4__161519__0005__r0.wav,thunderstorm,thunderstorm,1,0.00011254344281041995,0.00011254344281041995,0.0003279675147496164,0.00011254344281041995,0.00011662823817459866,0.9992177486419678
1235,223,thunderstorm__esc50__fold_4__161519__0005__r0.wav,thunderstorm,thunderstorm,1,0.0001122064859373495,0.00019849841191899031,0.0025857253931462765,0.0005386419943533838,0.0003388538025319576,0.9962260723114014
1236,223,thunderstorm__esc50__fold_4__161519__0005__r0.wav,thunderstorm,thunderstorm,1,0.00011250278475927189,0.00011250278475927189,0.0006931565585546196,0.00011250278475927189,0.00011250278475927189,0.998856782913208
1237,224,thunderstorm__esc50__fold_4__165813__0006__r0.wav,thunderstorm,thunderstorm,1,0.00433994410559535,0.005186835303902626,0.031957320868968964,0.00689877150580287,0.006423985119909048,0.9451931118965149
1238,224,thunderstorm__esc50__fold_4__165813__0006__r0.wav,thunderstorm,thunderstorm,1,0.00011151652142871171,0.0015053877141326666,0.005834831856191158,0.0007120179943740368,0.0017361334757879376,0.9901002049446106
1239,224,thunderstorm__esc50__fold_4__165813__0006__r0.wav,thunderstorm,thunderstorm,1,0.00015260845248121768,0.0006821708520874381,0.01363084651529789,0.0016633562045171857,0.0008448802982456982,0.9830260872840881
1240,224,thunderstorm__esc50__fold_4__165813__0006__r0.wav,thunderstorm,thunderstorm,1,0.011958462186157703,0.07912444323301315,0.10155386477708817,0.09799697250127792,0.03742425516247749,0.6719419360160828
1241,224,thunderstorm__esc50__fold_4__165813__0006__r0.wav,thunderstorm,thunderstorm,1,0.00011061935219913721,0.00011061935219913721,0.01686672866344452,0.00047715811524540186,0.000300174840958789,0.9821346998214722
1242,224,thunderstorm__esc50__fold_4__165813__0006__r0.wav,thunderstorm,thunderstorm,1,0.0007097947527654469,0.0035310068633407354,0.10077784955501556,0.03220231831073761,0.0069516622461378574,0.8558273911476135
1243,225,thunderstorm__esc50__fold_4__165813__0007__r0.wav,thunderstorm,thunderstorm,1,0.0008339554187841713,0.007605559658259153,0.11025737226009369,0.004455291200429201,0.004958235193043947,0.8718895316123962
1244,225,thunderstorm__esc50__fold_4__165813__0007__r0.wav,thunderstorm,thunderstorm,1,0.00013248050527181476,0.0006136917509138584,0.0811363235116005,0.0013933979207649827,0.0002800974471028894,0.9164440035820007
1245,225,thunderstorm__esc50__fold_4__165813__0007__r0.wav,thunderstorm,thunderstorm,1,9.316734212916344e-05,9.316734212916344e-05,0.1723143458366394,0.00021921601728536189,9.316734212916344e-05,0.8271868824958801
1246,225,thunderstorm__esc50__fold_4__165813__0007__r0.wav,thunderstorm,thunderstorm,1,0.0027005327865481377,0.0008629215881228447,0.01724253222346306,0.001890655723400414,0.00845137145370245,0.9688520431518555
1247,225,thunderstorm__esc50__fold_4__165813__0007__r0.wav,thunderstorm,thunderstorm,1,0.0813884511590004,0.018207404762506485,0.056980449706315994,0.054984744638204575,0.09727051109075546,0.6911684274673462
1248,225,thunderstorm__esc50__fold_4__165813__0007__r0.wav,thunderstorm,thunderstorm,1,0.2509130537509918,0.01730799861252308,0.12744808197021484,0.07736805826425552,0.08308621495962143,0.44387659430503845
1249,226,thunderstorm__fsd50k__dev__124587__0008__r0.wav,thunderstorm,thunderstorm,1,0.049008216708898544,0.119498111307621,0.058571625500917435,0.04563536122441292,0.016817381605505943,0.7104693055152893
1250,226,thunderstorm__fsd50k__dev__124587__0008__r0.wav,thunderstorm,thunderstorm,1,0.008816593326628208,0.016749704256653786,0.01864052563905716,0.005164704285562038,0.009468218311667442,0.9411602020263672
1251,226,thunderstorm__fsd50k__dev__124587__0008__r0.wav,thunderstorm,thunderstorm,1,0.008432443253695965,0.03153914213180542,0.014394903555512428,0.007311704568564892,0.005497298669070005,0.9328244924545288
1252,226,thunderstorm__fsd50k__dev__124587__0008__r0.wav,thunderstorm,thunderstorm,1,0.00015447961050085723,0.0033148811198771,0.0006663493695668876,0.0003507483343128115,0.00043440808076411486,0.9950791597366333
1253,226,thunderstorm__fsd50k__dev__124587__0008__r0.wav,thunderstorm,thunderstorm,1,0.0007456928142346442,0.02053726091980934,0.008127684704959393,0.0033333024475723505,0.0016931077698245645,0.9655630588531494
1254,226,thunderstorm__fsd50k__dev__124587__0008__r0.wav,thunderstorm,thunderstorm,1,0.003248329507187009,0.013047395274043083,0.004169134423136711,0.002530895872041583,0.0019028509268537164,0.9751013517379761
1255,226,thunderstorm__fsd50k__dev__124587__0008__r0.wav,thunderstorm,thunderstorm,1,0.006125896703451872,0.0420038066804409,0.008443504571914673,0.004772917367517948,0.004605747759342194,0.9340481758117676
1256,226,thunderstorm__fsd50k__dev__124587__0008__r0.wav,thunderstorm,thunderstorm,1,0.034337520599365234,0.2916017472743988,0.024912409484386444,0.011783067137002945,0.020844779908657074,0.6165204644203186
1257,226,thunderstorm__fsd50k__dev__124587__0008__r0.wav,thunderstorm,thunderstorm,1,0.0009718737564980984,0.011375860311090946,0.0037669516168534756,0.0018463600426912308,0.001544891158118844,0.9804940223693848
1258,226,thunderstorm__fsd50k__dev__124587__0008__r0.wav,thunderstorm,thunderstorm,1,0.0029335487633943558,0.00985912885516882,0.02403979003429413,0.00951381679624319,0.007960429415106773,0.9456931948661804
1259,226,thunderstorm__fsd50k__dev__124587__0008__r0.wav,thunderstorm,thunderstorm,1,0.008222577162086964,0.02077704854309559,0.029677046462893486,0.02153116837143898,0.010183803737163544,0.9096084237098694
1260,226,thunderstorm__fsd50k__dev__124587__0008__r0.wav,thunderstorm,thunderstorm,1,0.001521895988844335,0.0045959907583892345,0.016006940975785255,0.004129791632294655,0.007845751009881496,0.9658997058868408
1261,226,thunderstorm__fsd50k__dev__124587__0008__r0.wav,thunderstorm,thunderstorm,1,0.0001119787193601951,0.001511627109721303,0.0017433292232453823,0.0018721770029515028,0.0005570593639276922,0.9942038655281067
1262,227,thunderstorm__fsd50k__dev__125634__0009__r0.wav,thunderstorm,thunderstorm,1,0.0005851764581166208,0.002710725413635373,0.008186151273548603,0.013485011644661427,0.0025241668336093426,0.9725087881088257
1263,227,thunderstorm__fsd50k__dev__125634__0009__r0.wav,thunderstorm,thunderstorm,1,0.00046458153519779444,0.0022302018478512764,0.0050637125968933105,0.0004028349940199405,0.0008826088742353022,0.9909561276435852
1264,227,thunderstorm__fsd50k__dev__125634__0009__r0.wav,thunderstorm,thunderstorm,1,0.00011246560461586341,0.00011246560461586341,0.0003647383418865502,0.00011246560461586341,0.0007711498765274882,0.9985266923904419
1265,227,thunderstorm__fsd50k__dev__125634__0009__r0.wav,thunderstorm,thunderstorm,1,0.00011256721336394548,0.00011256721336394548,0.00011256721336394548,0.00011256721336394548,0.0001208869434776716,0.9994288086891174
1266,227,thunderstorm__fsd50k__dev__125634__0009__r0.wav,thunderstorm,thunderstorm,1,0.00011255101708229631,0.00011255101708229631,0.00011255101708229631,0.00011255101708229631,0.0002648244262672961,0.9992850422859192
1267,227,thunderstorm__fsd50k__dev__125634__0009__r0.wav,thunderstorm,thunderstorm,1,0.00046579516492784023,0.0012197038158774376,0.0020821401849389076,0.0011769848642870784,0.0015106250066310167,0.9935448169708252
1268,227,thunderstorm__fsd50k__dev__125634__0009__r0.wav,thunderstorm,thunderstorm,1,0.003480378305539489,0.0021127827931195498,0.017942210659384727,0.03174058347940445,0.005941304378211498,0.9387827515602112
1269,227,thunderstorm__fsd50k__dev__125634__0009__r0.wav,thunderstorm,thunderstorm,1,0.0001121695531764999,0.0001121695531764999,0.0013129535363987088,0.000621000595856458,0.001943434588611126,0.9958981871604919
1270,227,thunderstorm__fsd50k__dev__125634__0009__r0.wav,thunderstorm,thunderstorm,1,0.00021253364684525877,0.00043361246935091913,0.002671588445082307,0.0005565286846831441,0.002869043033570051,0.993256688117981
1271,227,thunderstorm__fsd50k__dev__125634__0009__r0.wav,thunderstorm,thunderstorm,1,0.0003286334977019578,0.0016348487697541714,0.004937100689858198,0.02545197121798992,0.0014690161915495992,0.9661784768104553
1272,227,thunderstorm__fsd50k__dev__125634__0009__r0.wav,thunderstorm,thunderstorm,1,0.00017206993652507663,0.000643578649032861,0.0006911446107551455,0.0012226657709106803,0.0013130318839102983,0.9959575533866882
1273,227,thunderstorm__fsd50k__dev__125634__0009__r0.wav,thunderstorm,thunderstorm,1,0.005120168440043926,0.0025096354074776173,0.015462461858987808,0.08260603994131088,0.025471249595284462,0.8688305020332336
1274,227,thunderstorm__fsd50k__dev__125634__0009__r0.wav,thunderstorm,thunderstorm,1,0.0312105230987072,0.014761947095394135,0.03234333544969559,0.026114555075764656,0.03599447011947632,0.859575092792511
1275,228,thunderstorm__fsd50k__dev__128343__0010__r0.wav,thunderstorm,gunshot_gunfire,0,0.007472868077456951,0.04287340119481087,0.5584872364997864,0.3156997859477997,0.059093695133924484,0.016373006626963615
1276,228,thunderstorm__fsd50k__dev__128343__0010__r0.wav,thunderstorm,gunshot_gunfire,0,0.012210533022880554,0.009858992882072926,0.7635583877563477,0.052670303732156754,0.14811284840106964,0.013588948175311089
1277,228,thunderstorm__fsd50k__dev__128343__0010__r0.wav,thunderstorm,gunshot_gunfire,0,0.03310602903366089,0.10360604524612427,0.4631267786026001,0.23523928225040436,0.1329752653837204,0.031946513801813126
1278,228,thunderstorm__fsd50k__dev__128343__0010__r0.wav,thunderstorm,gunshot_gunfire,0,0.0411650575697422,0.04747483506798744,0.5967674851417542,0.15396611392498016,0.107792429625988,0.052834127098321915
1279,228,thunderstorm__fsd50k__dev__128343__0010__r0.wav,thunderstorm,siren,0,0.017776085063815117,0.005103958770632744,0.20807047188282013,0.4399140775203705,0.22344869375228882,0.1056867241859436
1280,228,thunderstorm__fsd50k__dev__128343__0010__r0.wav,thunderstorm,thunderstorm,1,0.011935682035982609,0.015875110402703285,0.1554793417453766,0.306099534034729,0.14477890729904175,0.36583152413368225
1281,228,thunderstorm__fsd50k__dev__128343__0010__r0.wav,thunderstorm,thunderstorm,1,0.015449794009327888,0.012037517502903938,0.09185589104890823,0.2978987395763397,0.05576162040233612,0.526996374130249
1282,228,thunderstorm__fsd50k__dev__128343__0010__r0.wav,thunderstorm,siren,0,0.0041901720687747,0.002454576315358281,0.27153322100639343,0.44729557633399963,0.2271980345249176,0.04732845723628998
1283,228,thunderstorm__fsd50k__dev__128343__0010__r0.wav,thunderstorm,siren,0,0.003400250570848584,0.01142763439565897,0.2729004919528961,0.4495478570461273,0.18436725437641144,0.0783565491437912
1284,228,thunderstorm__fsd50k__dev__128343__0010__r0.wav,thunderstorm,gunshot_gunfire,0,0.0040765260346233845,0.004536713007837534,0.4673266112804413,0.35135895013809204,0.06815559417009354,0.10454558581113815
1285,228,thunderstorm__fsd50k__dev__128343__0010__r0.wav,thunderstorm,siren,0,0.014635967090725899,0.027805311605334282,0.13832274079322815,0.4485958218574524,0.0781906247138977,0.29244959354400635
1286,228,thunderstorm__fsd50k__dev__128343__0010__r0.wav,thunderstorm,siren,0,0.048203978687524796,0.02448458783328533,0.13555319607257843,0.5253996253013611,0.13080550730228424,0.13555319607257843
1287,228,thunderstorm__fsd50k__dev__128343__0010__r0.wav,thunderstorm,thunderstorm,1,0.00656235171481967,0.02053702063858509,0.07960079610347748,0.0715264081954956,0.013874484226107597,0.8078989386558533
1288,229,thunderstorm__fsd50k__dev__135104__0011__r0.wav,thunderstorm,thunderstorm,1,0.0027273132000118494,0.018045557662844658,0.0424598790705204,0.020082665607333183,0.005564275663346052,0.9111202955245972
1289,229,thunderstorm__fsd50k__dev__135104__0011__r0.wav,thunderstorm,thunderstorm,1,0.03498165309429169,0.06413024663925171,0.15089380741119385,0.06413024663925171,0.03498165309429169,0.6508824229240417
1290,229,thunderstorm__fsd50k__dev__135104__0011__r0.wav,thunderstorm,thunderstorm,1,0.022791247814893723,0.03141386806964874,0.061845965683460236,0.022791247814893723,0.02628469094634056,0.8348730206489563
1291,229,thunderstorm__fsd50k__dev__135104__0011__r0.wav,thunderstorm,thunderstorm,1,0.008585561066865921,0.03703393414616585,0.05104498192667961,0.012708351016044617,0.006228960584849119,0.8843982815742493
1292,229,thunderstorm__fsd50k__dev__135104__0011__r0.wav,thunderstorm,thunderstorm,1,0.0003897563728969544,0.001805475098080933,0.0024013807997107506,0.00036293239099904895,0.0014577715191990137,0.9935826659202576
1293,229,thunderstorm__fsd50k__dev__135104__0011__r0.wav,thunderstorm,thunderstorm,1,0.00804701168090105,0.003944218624383211,0.015287654474377632,0.024301255121827126,0.22966822981834412,0.7187516689300537
1294,229,thunderstorm__fsd50k__dev__135104__0011__r0.wav,thunderstorm,thunderstorm,1,0.00036046726745553315,0.0005937961977906525,0.006706996355205774,0.002850490855053067,0.0026543131098151207,0.9868339896202087
1295,229,thunderstorm__fsd50k__dev__135104__0011__r0.wav,thunderstorm,thunderstorm,1,0.00011247782094869763,0.00011247782094869763,0.00042069112532772124,0.00013930571731179953,0.0005798512720502913,0.9986351132392883
1296,229,thunderstorm__fsd50k__dev__135104__0011__r0.wav,thunderstorm,thunderstorm,1,0.0058921766467392445,0.025415979325771332,0.014888517558574677,0.01436705980449915,0.00841613207012415,0.9310201406478882
1297,229,thunderstorm__fsd50k__dev__135104__0011__r0.wav,thunderstorm,thunderstorm,1,0.00011214845289941877,0.0008868437726050615,0.0014097274979576468,0.0002546349132899195,0.001625809702090919,0.9957108497619629
1298,229,thunderstorm__fsd50k__dev__135104__0011__r0.wav,thunderstorm,thunderstorm,1,0.00011191115481778979,0.00011191115481778979,0.004099451005458832,0.00013374941772781312,0.0019389577209949493,0.9936040043830872
1299,229,thunderstorm__fsd50k__dev__135104__0011__r0.wav,thunderstorm,thunderstorm,1,0.0003006362239830196,0.00014219494187273085,0.012700721621513367,0.001606107340194285,0.001606107340194285,0.9836443066596985
1300,229,thunderstorm__fsd50k__dev__135104__0011__r0.wav,thunderstorm,thunderstorm,1,0.005330319982022047,0.0022654009517282248,0.04215092584490776,0.035268634557724,0.010494056157767773,0.9044906497001648
1301,230,thunderstorm__fsd50k__dev__155833__0012__r0.wav,thunderstorm,thunderstorm,1,0.004322391469031572,0.02002270147204399,0.22615867853164673,0.012154893949627876,0.0038839448243379593,0.7334573864936829
1302,230,thunderstorm__fsd50k__dev__155833__0012__r0.wav,thunderstorm,thunderstorm,1,0.00019838342268485576,0.0012222869554534554,0.06867990642786026,0.0013126250123605132,0.001460803090594709,0.9271259903907776
1303,230,thunderstorm__fsd50k__dev__155833__0012__r0.wav,thunderstorm,thunderstorm,1,0.00013710469647776335,0.001084191258996725,0.04580289497971535,0.004354814533144236,0.00018897544941864908,0.9484321475028992
1304,230,thunderstorm__fsd50k__dev__155833__0012__r0.wav,thunderstorm,thunderstorm,1,0.0002794984320644289,0.005200457759201527,0.3028179407119751,0.003390293335542083,0.0007584422710351646,0.687553346157074
1305,230,thunderstorm__fsd50k__dev__155833__0012__r0.wav,thunderstorm,thunderstorm,1,0.000853997771628201,0.011528311297297478,0.285297155380249,0.005452658515423536,0.001219813828356564,0.6956480741500854
1306,230,thunderstorm__fsd50k__dev__155833__0012__r0.wav,thunderstorm,thunderstorm,1,0.00011116656969534233,0.0005336499307304621,0.010289693251252174,0.0011282720370218158,0.000944051134865731,0.9869931936264038
1307,230,thunderstorm__fsd50k__dev__155833__0012__r0.wav,thunderstorm,thunderstorm,1,0.0012200151104480028,0.013297563418745995,0.05341164395213127,0.004728739615529776,0.0019393368856981397,0.9254027009010315
1308,230,thunderstorm__fsd50k__dev__155833__0012__r0.wav,thunderstorm,thunderstorm,1,0.00010890966223087162,0.0014187040505930781,0.029376845806837082,0.0015788570744916797,0.0005614564870484173,0.9669551849365234
1309,230,thunderstorm__fsd50k__dev__155833__0012__r0.wav,thunderstorm,thunderstorm,1,0.00011147166515002027,0.0003134665603283793,0.008330876007676125,0.0009466420742683113,0.000595521938521415,0.9897019863128662
1310,230,thunderstorm__fsd50k__dev__155833__0012__r0.wav,thunderstorm,thunderstorm,1,0.0033709355629980564,0.011740305460989475,0.17637601494789124,0.015615249052643776,0.0044835289008915424,0.7884140014648438
1311,230,thunderstorm__fsd50k__dev__155833__0012__r0.wav,thunderstorm,thunderstorm,1,0.0010180247481912374,0.03598542883992195,0.06365986913442612,0.007768339477479458,0.0010180247481912374,0.8905503153800964
1312,230,thunderstorm__fsd50k__dev__155833__0012__r0.wav,thunderstorm,thunderstorm,1,0.00029563013231381774,0.0023377728648483753,0.06213001161813736,0.0014706673100590706,0.0003794322838075459,0.933386504650116
1313,230,thunderstorm__fsd50k__dev__155833__0012__r0.wav,thunderstorm,thunderstorm,1,0.00010065120295621455,0.00010065120295621455,0.10522954910993576,0.0008248149533756077,0.00011201351298950613,0.8936324119567871
1314,231,thunderstorm__fsd50k__dev__163287__0013__r0.wav,thunderstorm,thunderstorm,1,0.02145225554704666,0.004468798637390137,0.02956828474998474,0.013495376333594322,0.02474045194685459,0.9062748551368713
1315,231,thunderstorm__fsd50k__dev__163287__0013__r0.wav,thunderstorm,thunderstorm,1,0.001248509855940938,0.0010446569649502635,0.0069120838306844234,0.006669991184026003,0.0027354771737009287,0.9813892245292664
1316,231,thunderstorm__fsd50k__dev__163287__0013__r0.wav,thunderstorm,thunderstorm,1,0.0050608511082828045,0.00583657855167985,0.02262238785624504,0.003543127328157425,0.007228706032037735,0.955708384513855
1317,231,thunderstorm__fsd50k__dev__163287__0013__r0.wav,thunderstorm,thunderstorm,1,0.021664315834641457,0.008573717437684536,0.021664315834641457,0.01269082073122263,0.020173329859972,0.9152335524559021
1318,231,thunderstorm__fsd50k__dev__163287__0013__r0.wav,thunderstorm,thunderstorm,1,0.00022909192193765193,0.0011396600166335702,0.0006442233570851386,0.00036416432703845203,0.000667605665512383,0.9969552755355835
1319,231,thunderstorm__fsd50k__dev__163287__0013__r0.wav,thunderstorm,thunderstorm,1,0.00013921011122874916,0.0006222798838280141,0.0003394400991965085,0.0001786721113603562,0.0007707043550908566,0.9979497790336609
1320,231,thunderstorm__fsd50k__dev__163287__0013__r0.wav,thunderstorm,thunderstorm,1,0.0005191717064008117,0.0021610185503959656,0.0011375019093975425,0.00022865810024086386,0.0008862706017680466,0.9950673580169678
1321,231,thunderstorm__fsd50k__dev__163287__0013__r0.wav,thunderstorm,thunderstorm,1,0.0002936055534519255,0.0014094397192820907,0.001808973029255867,0.00012478319695219398,0.0008556077373214066,0.9955075979232788
1322,231,thunderstorm__fsd50k__dev__163287__0013__r0.wav,thunderstorm,thunderstorm,1,0.00011254881974309683,0.00011254881974309683,0.00011254881974309683,0.00011254881974309683,0.0002843917754944414,0.9992654919624329
1323,231,thunderstorm__fsd50k__dev__163287__0013__r0.wav,thunderstorm,thunderstorm,1,0.00011256336438236758,0.00011256336438236758,0.00011256336438236758,0.00011256336438236758,0.00015514956612605602,0.9993946552276611
1324,231,thunderstorm__fsd50k__dev__163287__0013__r0.wav,thunderstorm,thunderstorm,1,0.00011232156975893304,0.0004353548283688724,0.0008270842372439802,0.0003158565377816558,0.0010615378851071,0.9972478747367859
1325,231,thunderstorm__fsd50k__dev__163287__0013__r0.wav,thunderstorm,thunderstorm,1,0.0004044999659527093,0.001059200381860137,0.001059200381860137,0.00048343377420678735,0.0019417832372710109,0.995051920413971
1326,231,thunderstorm__fsd50k__dev__163287__0013__r0.wav,thunderstorm,thunderstorm,1,0.00011244646884733811,0.00045165803749114275,0.0002645784115884453,0.00019195584172848612,0.0006225336692295969,0.9983567595481873
1327,232,thunderstorm__fsd50k__dev__165299__0014__r0.wav,thunderstorm,thunderstorm,1,0.00021112845570314676,0.002953515388071537,0.02791331335902214,0.01577874645590782,0.0010135113261640072,0.9521299004554749
1328,232,thunderstorm__fsd50k__dev__165299__0014__r0.wav,thunderstorm,thunderstorm,1,0.0014064445858821273,0.008665438741445541,0.2955802381038666,0.3174262046813965,0.04797416552901268,0.32894742488861084
1329,232,thunderstorm__fsd50k__dev__165299__0014__r0.wav,thunderstorm,thunderstorm,1,0.00615683663636446,0.03408587723970413,0.0647561103105545,0.31085869669914246,0.07206624001264572,0.512076199054718
1330,232,thunderstorm__fsd50k__dev__165299__0014__r0.wav,thunderstorm,thunderstorm,1,0.012730654329061508,0.029954303056001663,0.2933696210384369,0.1912541538476944,0.03844545781612396,0.4342458248138428
1331,232,thunderstorm__fsd50k__dev__165299__0014__r0.wav,thunderstorm,thunderstorm,1,0.009340205229818821,0.014847192913293839,0.0687769427895546,0.055531665682792664,0.04646461084485054,0.8050394058227539
1332,232,thunderstorm__fsd50k__dev__165299__0014__r0.wav,thunderstorm,thunderstorm,1,0.015419150702655315,0.002169990912079811,0.012013647705316544,0.024510294198989868,0.0794895812869072,0.8663973212242126
1333,232,thunderstorm__fsd50k__dev__165299__0014__r0.wav,thunderstorm,thunderstorm,1,0.00021240513888187706,0.00011586237087612972,0.0021557819563895464,0.001308679347857833,0.0035512105096131563,0.9926561117172241
1334,232,thunderstorm__fsd50k__dev__165299__0014__r0.wav,thunderstorm,thunderstorm,1,0.00012951623648405075,0.00011230244126636535,0.0007700311252847314,0.0003391435893718153,0.0015710213920101523,0.9970780611038208
1335,232,thunderstorm__fsd50k__dev__165299__0014__r0.wav,thunderstorm,thunderstorm,1,0.00011231272219447419,0.00011231272219447419,0.000920378603041172,0.00027385528665035963,0.0014117923565208912,0.9971693158149719
1336,232,thunderstorm__fsd50k__dev__165299__0014__r0.wav,thunderstorm,thunderstorm,1,0.00011241803440498188,0.00011241803440498188,0.0004849167598877102,0.00016057318134699017,0.0010252377251163125,0.9981043338775635
1337,232,thunderstorm__fsd50k__dev__165299__0014__r0.wav,thunderstorm,thunderstorm,1,0.00011254881974309683,0.00011254881974309683,0.00011254881974309683,0.00011254881974309683,0.0002843917754944414,0.9992654919624329
1338,232,thunderstorm__fsd50k__dev__165299__0014__r0.wav,thunderstorm,thunderstorm,1,0.00011246671783737838,0.0001606427103979513,0.0004059165366925299,0.0003162647190038115,0.0004681354039348662,0.9985365867614746
1339,232,thunderstorm__fsd50k__dev__165299__0014__r0.wav,thunderstorm,thunderstorm,1,0.00011245706991758198,0.00019894170691259205,0.0006225923425517976,0.00011245706991758198,0.0005026917206123471,0.9984508752822876
1340,233,thunderstorm__fsd50k__dev__165874__0015__r0.wav,thunderstorm,thunderstorm,1,0.0012493227841332555,0.0003223253588657826,0.01462341658771038,0.000731845386326313,0.0010453365975990891,0.9820277690887451
1341,233,thunderstorm__fsd50k__dev__165874__0015__r0.wav,thunderstorm,thunderstorm,1,0.00011173701204825193,0.0013078906340524554,0.006058567203581333,0.00017139619740191847,0.00029258811264298856,0.9920578598976135
1342,233,thunderstorm__fsd50k__dev__165874__0015__r0.wav,thunderstorm,thunderstorm,1,0.0016874666325747967,0.007278910838067532,0.026271145790815353,0.0017487137811258435,0.0006678201607428491,0.9623459577560425
1343,233,thunderstorm__fsd50k__dev__165874__0015__r0.wav,thunderstorm,thunderstorm,1,0.00010448098328197375,0.00031552344444207847,0.07121177017688751,0.0005784346139989793,0.00015465280739590526,0.927635133266449
1344,233,thunderstorm__fsd50k__dev__165874__0015__r0.wav,thunderstorm,thunderstorm,1,0.0003203016531188041,0.002275946317240596,0.020029345527291298,0.00111554772593081,0.0003966991207562387,0.9758622050285339
1345,233,thunderstorm__fsd50k__dev__165874__0015__r0.wav,thunderstorm,thunderstorm,1,0.00021140584431122988,0.0012128797825425863,0.009591169655323029,0.00031292307539843023,0.0006856127874925733,0.9879860281944275
1346,233,thunderstorm__fsd50k__dev__165874__0015__r0.wav,thunderstorm,thunderstorm,1,0.00011177925625815988,0.0001486725377617404,0.005848579108715057,0.0002824472321663052,0.0011756676249206066,0.9924329519271851
1347,233,thunderstorm__fsd50k__dev__165874__0015__r0.wav,thunderstorm,thunderstorm,1,0.00011083737626904622,0.00021821084374096245,0.014653833582997322,0.00041455551399849355,0.0005320695927366614,0.9840704202651978
1348,233,thunderstorm__fsd50k__dev__165874__0015__r0.wav,thunderstorm,thunderstorm,1,0.00011220719898119569,0.00011220719898119569,0.0033187230583280325,0.00011220719898119569,0.00011220719898119569,0.9962324500083923
1349,233,thunderstorm__fsd50k__dev__165874__0015__r0.wav,thunderstorm,thunderstorm,1,0.00011222025204915553,0.00011222025204915553,0.0032028586138039827,0.00011222025204915553,0.00011222025204915553,0.9963483214378357
1350,233,thunderstorm__fsd50k__dev__165874__0015__r0.wav,thunderstorm,thunderstorm,1,0.00011238384468015283,0.00011238384468015283,0.001749636372551322,0.00011238384468015283,0.00011238384468015283,0.9978007674217224
1351,233,thunderstorm__fsd50k__dev__165874__0015__r0.wav,thunderstorm,thunderstorm,1,0.0001118688378483057,0.0005370210856199265,0.005648260470479727,0.00012449748464860022,0.0003500959137454629,0.9932282567024231
1352,233,thunderstorm__fsd50k__dev__165874__0015__r0.wav,thunderstorm,thunderstorm,1,0.0027558740694075823,0.01823454163968563,0.19874753057956696,0.006963623221963644,0.002959558041766286,0.7703388333320618
1353,234,thunderstorm__fsd50k__dev__186907__0016__r0.wav,thunderstorm,thunderstorm,1,0.014178243465721607,0.0443711131811142,0.27338099479675293,0.07574529945850372,0.03457120805978775,0.5577531456947327
1354,234,thunderstorm__fsd50k__dev__186907__0016__r0.wav,thunderstorm,thunderstorm,1,0.03643462806940079,0.06679391860961914,0.13627327978610992,0.06921825557947159,0.06001860275864601,0.6312612891197205
1355,234,thunderstorm__fsd50k__dev__186907__0016__r0.wav,thunderstorm,thunderstorm,1,0.024405132979154587,0.07914853096008301,0.22257156670093536,0.033638324588537216,0.05742350220680237,0.5828129649162292
1356,234,thunderstorm__fsd50k__dev__186907__0016__r0.wav,thunderstorm,thunderstorm,1,0.02673083357512951,0.17686742544174194,0.0355534702539444,0.014070393517613411,0.010578804649412632,0.7361990809440613
1357,234,thunderstorm__fsd50k__dev__186907__0016__r0.wav,thunderstorm,thunderstorm,1,0.016619011759757996,0.06675271689891815,0.11395258456468582,0.028370069339871407,0.04673390835523605,0.7275717258453369
1358,234,thunderstorm__fsd50k__dev__186907__0016__r0.wav,thunderstorm,thunderstorm,1,0.029580440372228622,0.09257262200117111,0.0671628937125206,0.0341145321726799,0.017956970259547234,0.7586125731468201
1359,234,thunderstorm__fsd50k__dev__186907__0016__r0.wav,thunderstorm,thunderstorm,1,0.06141052767634392,0.23802517354488373,0.06594930589199066,0.03727959096431732,0.03727959096431732,0.5600558519363403
1360,234,thunderstorm__fsd50k__dev__186907__0016__r0.wav,thunderstorm,gunshot_gunfire,0,0.0004750075750052929,0.015635138377547264,0.7350887060165405,0.00794166885316372,0.005970933474600315,0.23488853871822357
1361,234,thunderstorm__fsd50k__dev__186907__0016__r0.wav,thunderstorm,siren,0,0.002796691143885255,0.026431184262037277,0.1362593024969101,0.4917890429496765,0.022115575149655342,0.3206081986427307
1362,234,thunderstorm__fsd50k__dev__186907__0016__r0.wav,thunderstorm,thunderstorm,1,0.0005977036780677736,0.00126369867939502,0.000984594807960093,0.0010573652107268572,0.0027687542606145144,0.9933278560638428
1363,234,thunderstorm__fsd50k__dev__186907__0016__r0.wav,thunderstorm,thunderstorm,1,0.00011255760182393715,0.00011255760182393715,0.00011255760182393715,0.00011255760182393715,0.00020634665270335972,0.9993434548377991
1364,234,thunderstorm__fsd50k__dev__186907__0016__r0.wav,thunderstorm,thunderstorm,1,0.0004037067119497806,0.0023161503486335278,0.0014570641797035933,0.0007141756359487772,0.0020083144772797823,0.9931005239486694
1365,234,thunderstorm__fsd50k__dev__186907__0016__r0.wav,thunderstorm,thunderstorm,1,0.010435081087052822,0.030409304425120354,0.009376587346196175,0.005692108999937773,0.012034570798277855,0.9320523142814636
1366,235,thunderstorm__fsd50k__dev__189794__0017__r0.wav,thunderstorm,thunderstorm,1,0.010664795525372028,0.026948118582367897,0.0242146048694849,0.0013975986512377858,0.0175680760294199,0.9192068576812744
1367,235,thunderstorm__fsd50k__dev__189794__0017__r0.wav,thunderstorm,thunderstorm,1,0.0011119763366878033,0.027518661692738533,0.016705354675650597,0.0004400680772960186,0.015555652789771557,0.9386682510375977
1368,235,thunderstorm__fsd50k__dev__189794__0017__r0.wav,thunderstorm,thunderstorm,1,0.024419216439127922,0.010754912160336971,0.021173710003495216,0.0038245483301579952,0.01285361684858799,0.9269740581512451
1369,235,thunderstorm__fsd50k__dev__189794__0017__r0.wav,thunderstorm,thunderstorm,1,0.00982186384499073,0.004028114024549723,0.02076592482626438,0.007652583997696638,0.015612834133207798,0.9421187043190002
1370,235,thunderstorm__fsd50k__dev__189794__0017__r0.wav,thunderstorm,thunderstorm,1,0.0006202569347806275,0.0017442081589251757,0.03611699864268303,0.000985960359685123,0.0006660991930402815,0.959866464138031
1371,235,thunderstorm__fsd50k__dev__189794__0017__r0.wav,thunderstorm,thunderstorm,1,0.0030012549832463264,0.0010672741336748004,0.017843788489699364,0.0018219284247606993,0.008746077306568623,0.9675197601318359
1372,235,thunderstorm__fsd50k__dev__189794__0017__r0.wav,thunderstorm,thunderstorm,1,0.00021129552624188364,0.0007359014707617462,0.010668317787349224,0.0005532866343855858,0.00036069974885322154,0.9874704480171204
1373,235,thunderstorm__fsd50k__dev__189794__0017__r0.wav,thunderstorm,thunderstorm,1,0.00012012301158392802,0.0009166346280835569,0.00440025981515646,0.0009843817679211497,0.0004655927186831832,0.9931129813194275
1374,235,thunderstorm__fsd50k__dev__189794__0017__r0.wav,thunderstorm,thunderstorm,1,0.0013400347670540214,0.0031530035194009542,0.012220941483974457,0.0010075033642351627,0.0014390747528523207,0.9808393716812134
1375,235,thunderstorm__fsd50k__dev__189794__0017__r0.wav,thunderstorm,thunderstorm,1,0.0005187682108953595,0.0007678809924982488,0.036102063953876495,0.0020837089978158474,0.001058393158018589,0.9594692587852478
1376,235,thunderstorm__fsd50k__dev__189794__0017__r0.wav,thunderstorm,thunderstorm,1,0.0014497959055006504,0.0010150093585252762,0.007745333481580019,0.0008801065851002932,0.0007631335174664855,0.9881466627120972
1377,235,thunderstorm__fsd50k__dev__189794__0017__r0.wav,thunderstorm,thunderstorm,1,0.0007373271510004997,0.0004021956992801279,0.006261542905122042,0.0012145953951403499,0.0020007977727800608,0.9893835186958313
1378,235,thunderstorm__fsd50k__dev__189794__0017__r0.wav,thunderstorm,thunderstorm,1,0.0007366568315774202,0.001861406140960753,0.0064829085022211075,0.0006387493340298533,0.0017962103011086583,0.9884840846061707
1379,236,thunderstorm__fsd50k__dev__191992__0018__r0.wav,thunderstorm,thunderstorm,1,0.0005048736347816885,0.0021777795627713203,0.02290535718202591,0.006124076899141073,0.0006252946914173663,0.9676625728607178
1380,236,thunderstorm__fsd50k__dev__191992__0018__r0.wav,thunderstorm,thunderstorm,1,0.00011178643035236746,0.0004653037467505783,0.005446417722851038,0.0013084691017866135,0.00017147199832834303,0.9924966096878052
1381,236,thunderstorm__fsd50k__dev__191992__0018__r0.wav,thunderstorm,thunderstorm,1,0.00018291643937118351,0.000572440680116415,0.01367031317204237,0.03216525912284851,0.002066061133518815,0.9513430595397949
1382,236,thunderstorm__fsd50k__dev__191992__0018__r0.wav,thunderstorm,thunderstorm,1,0.014264440163969994,0.006991671398282051,0.12113672494888306,0.3658221960067749,0.03870774805545807,0.45307716727256775
1383,236,thunderstorm__fsd50k__dev__191992__0018__r0.wav,thunderstorm,thunderstorm,1,0.002351597649976611,0.0010733018862083554,0.12750747799873352,0.333883672952652,0.023031316697597504,0.5121526122093201
1384,236,thunderstorm__fsd50k__dev__191992__0018__r0.wav,thunderstorm,thunderstorm,1,0.001590509433299303,0.0006294487393461168,0.35896846652030945,0.23401950299739838,0.019292745739221573,0.38549935817718506
1385,236,thunderstorm__fsd50k__dev__191992__0018__r0.wav,thunderstorm,thunderstorm,1,0.0010869837133213878,0.00043017719872295856,0.3763115108013153,0.05488181114196777,0.010272951796650887,0.5570164918899536
1386,236,thunderstorm__fsd50k__dev__191992__0018__r0.wav,thunderstorm,thunderstorm,1,0.00020949564350303262,0.00020949564350303262,0.2269745022058487,0.00854039378464222,0.001245543360710144,0.7628205418586731
1387,236,thunderstorm__fsd50k__dev__191992__0018__r0.wav,thunderstorm,thunderstorm,1,0.00011205134069314227,0.00011205134069314227,0.003559054108336568,0.0009182366193272173,0.00045007094740867615,0.9948486089706421
1388,236,thunderstorm__fsd50k__dev__191992__0018__r0.wav,thunderstorm,thunderstorm,1,0.00011221307795494795,0.00011221307795494795,0.0026797328609973192,0.0006671565934084356,0.00014402221131604165,0.9962846040725708
1389,236,thunderstorm__fsd50k__dev__191992__0018__r0.wav,thunderstorm,thunderstorm,1,0.00011187823838554323,0.00011187823838554323,0.005648735444992781,0.00046568590914830565,0.00035012533771805465,0.9933117628097534
1390,236,thunderstorm__fsd50k__dev__191992__0018__r0.wav,thunderstorm,thunderstorm,1,0.00011151739454362541,0.00011151739454362541,0.005834877956658602,0.00354209472425282,0.00029201305005699396,0.9901080131530762
1391,236,thunderstorm__fsd50k__dev__191992__0018__r0.wav,thunderstorm,thunderstorm,1,0.00013684046280104667,0.0006116870208643377,0.009189444594085217,0.008257303386926651,0.0008431063033640385,0.9809616208076477
1392,237,thunderstorm__fsd50k__dev__193170__0019__r0.wav,thunderstorm,thunderstorm,1,0.00018849261687137187,0.0064295269548892975,0.011786960065364838,0.0009048496140167117,0.000345554668456316,0.9803446531295776
1393,237,thunderstorm__fsd50k__dev__193170__0019__r0.wav,thunderstorm,thunderstorm,1,0.00011185949551872909,0.0011765116360038519,0.0040975590236485004,0.0013568473514169455,0.00011185949551872909,0.9931453466415405
1394,237,thunderstorm__fsd50k__dev__193170__0019__r0.wav,thunderstorm,thunderstorm,1,0.00025378240388818085,0.0021551763638854027,0.004556592553853989,0.00040341270505450666,0.00025378240388818085,0.9923772811889648
1395,237,thunderstorm__fsd50k__dev__193170__0019__r0.wav,thunderstorm,thunderstorm,1,0.001135864295065403,0.0005184243200346828,0.001939017791301012,0.0006895327824167907,0.0020823287777602673,0.993634819984436
1396,237,thunderstorm__fsd50k__dev__193170__0019__r0.wav,thunderstorm,thunderstorm,1,0.0013881734339520335,0.003634989494457841,0.01311945728957653,0.0009718667133711278,0.0003985791408922523,0.9804869294166565
1397,237,thunderstorm__fsd50k__dev__193170__0019__r0.wav,thunderstorm,thunderstorm,1,0.00011199670552741736,0.0005188045324757695,0.004102584905922413,0.00028299668338149786,0.0006200436619110405,0.99436354637146
1398,237,thunderstorm__fsd50k__dev__193170__0019__r0.wav,thunderstorm,thunderstorm,1,0.0001101621164707467,0.00041202991269528866,0.020803390070796013,0.00027836099616251886,0.0003210279974155128,0.9780751466751099
1399,238,thunderstorm__fsd50k__dev__194849__0020__r0.wav,thunderstorm,gunshot_gunfire,0,0.017653195187449455,0.08781912922859192,0.5221236944198608,0.017653195187449455,0.1993948221206665,0.15535598993301392
1400,238,thunderstorm__fsd50k__dev__194849__0020__r0.wav,thunderstorm,thunderstorm,1,0.006699034012854099,0.007194149307906628,0.2285056710243225,0.006699034012854099,0.035788644105196,0.7151134610176086
1401,238,thunderstorm__fsd50k__dev__194849__0020__r0.wav,thunderstorm,thunderstorm,1,0.09758563339710236,0.051366448402404785,0.0445394441485405,0.0347023606300354,0.05323082581162453,0.7185752391815186
1402,238,thunderstorm__fsd50k__dev__194849__0020__r0.wav,thunderstorm,thunderstorm,1,0.00023296673316508532,0.001842246507294476,0.01680103689432144,0.0016553753521293402,0.0011589366476982832,0.9783095121383667
1403,238,thunderstorm__fsd50k__dev__194849__0020__r0.wav,thunderstorm,thunderstorm,1,0.012718143872916698,0.08720526099205017,0.04274338483810425,0.01950867660343647,0.013658123090863228,0.8241664171218872
1404,238,thunderstorm__fsd50k__dev__194849__0020__r0.wav,thunderstorm,thunderstorm,1,0.0014956187224015594,0.007440235000103712,0.035716500133275986,0.0019195821369066834,0.004205790348351002,0.9492223262786865
1405,238,thunderstorm__fsd50k__dev__194849__0020__r0.wav,thunderstorm,thunderstorm,1,0.00012712954776361585,0.0013856495497748256,0.019384117797017097,0.00011023296974599361,0.00028864972409792244,0.9787042140960693
1406,238,thunderstorm__fsd50k__dev__194849__0020__r0.wav,thunderstorm,thunderstorm,1,0.00011101277050329372,0.00011101277050329372,0.012726330198347569,0.0005142465815879405,0.0009097257861867547,0.9856276512145996
1407,238,thunderstorm__fsd50k__dev__194849__0020__r0.wav,thunderstorm,thunderstorm,1,0.00011252266995143145,0.00011252266995143145,0.000468368292786181,0.00011252266995143145,0.0001607226295163855,0.9990333318710327
1408,238,thunderstorm__fsd50k__dev__194849__0020__r0.wav,thunderstorm,thunderstorm,1,0.0001097093554562889,0.0008078490500338376,0.024760762229561806,0.00015670420543756336,0.0001097093554562889,0.974055290222168
1409,238,thunderstorm__fsd50k__dev__194849__0020__r0.wav,thunderstorm,thunderstorm,1,9.864743333309889e-05,9.864743333309889e-05,0.12326023727655411,0.00036896253004670143,0.00033153643016703427,0.8758419752120972
1410,238,thunderstorm__fsd50k__dev__194849__0020__r0.wav,thunderstorm,thunderstorm,1,0.00012853907537646592,0.0007919595227576792,0.007756376173347235,0.0005954337539151311,0.0011722588678821921,0.9895554780960083
1411,238,thunderstorm__fsd50k__dev__194849__0020__r0.wav,thunderstorm,thunderstorm,1,0.00033430205076001585,0.0024616459850221872,0.012245924212038517,0.0009071565000340343,0.0012065678602084517,0.9828444719314575
1412,239,thunderstorm__fsd50k__dev__195344__0021__r0.wav,thunderstorm,thunderstorm,1,0.043210919946432114,0.02043788880109787,0.10536239296197891,0.032488081604242325,0.04983427748084068,0.7486664056777954
1413,239,thunderstorm__fsd50k__dev__195344__0021__r0.wav,thunderstorm,thunderstorm,1,0.02650713548064232,0.016675345599651337,0.03525594249367714,0.005722216796129942,0.011674490757286549,0.9041648507118225
1414,239,thunderstorm__fsd50k__dev__195344__0021__r0.wav,thunderstorm,thunderstorm,1,0.01094550359994173,0.060597196221351624,0.03950466215610504,0.0025374910328537226,0.00794113241136074,0.8784741163253784
1415,239,thunderstorm__fsd50k__dev__195344__0021__r0.wav,thunderstorm,thunderstorm,1,0.0028631084132939577,0.022640783339738846,0.044573988765478134,0.0006637531332671642,0.006273049861192703,0.9229852557182312
1416,239,thunderstorm__fsd50k__dev__195344__0021__r0.wav,thunderstorm,thunderstorm,1,0.014236843213438988,0.022630885243415833,0.029046067968010902,0.002861856948584318,0.00864255428314209,0.9225817918777466
1417,239,thunderstorm__fsd50k__dev__195344__0021__r0.wav,thunderstorm,thunderstorm,1,0.00661837961524725,0.01928689517080784,0.026583697646856308,0.0030207205563783646,0.004801739472895861,0.9396886229515076
1418,239,thunderstorm__fsd50k__dev__195344__0021__r0.wav,thunderstorm,thunderstorm,1,0.01196561474353075,0.014819626696407795,0.034869495779275894,0.004106052685528994,0.007527437526732683,0.9267117977142334
1419,239,thunderstorm__fsd50k__dev__195344__0021__r0.wav,thunderstorm,thunderstorm,1,0.05238134786486626,0.02857288345694542,0.02073008194565773,0.003246752778068185,0.01930338703095913,0.8757655620574951
1420,239,thunderstorm__fsd50k__dev__195344__0021__r0.wav,thunderstorm,thunderstorm,1,0.026470880955457687,0.10260026156902313,0.03397458791732788,0.01010901853442192,0.015506473369896412,0.8113387227058411
1421,239,thunderstorm__fsd50k__dev__195344__0021__r0.wav,thunderstorm,thunderstorm,1,0.00011240894673392177,0.0001988565782085061,0.0012252022279426455,0.00011240894673392177,0.00032757557346485555,0.9980236291885376
1422,239,thunderstorm__fsd50k__dev__195344__0021__r0.wav,thunderstorm,thunderstorm,1,0.00011058395466534421,0.00011058395466534421,0.016861332580447197,0.00015795344370417297,0.0009391033672727644,0.9818204045295715
1423,239,thunderstorm__fsd50k__dev__195344__0021__r0.wav,thunderstorm,thunderstorm,1,0.001771414652466774,0.003133713500574231,0.015043245628476143,0.0013318370329216123,0.0038811583071947098,0.9748386144638062
1424,239,thunderstorm__fsd50k__dev__195344__0021__r0.wav,thunderstorm,thunderstorm,1,0.003223326290026307,0.0023385733366012573,0.01390385627746582,0.006814933847635984,0.006123654078692198,0.9675957560539246
1425,240,thunderstorm__fsd50k__dev__195738__0022__r0.wav,thunderstorm,gunshot_gunfire,0,0.0008269750396721065,0.007541900500655174,0.7768908739089966,0.1454208791255951,0.009679809212684631,0.0596395842730999
1426,240,thunderstorm__fsd50k__dev__195738__0022__r0.wav,thunderstorm,gunshot_gunfire,0,0.0008450411260128021,0.008887937292456627,0.8834795355796814,0.047482576221227646,0.018133211880922318,0.04117176681756973
1427,240,thunderstorm__fsd50k__dev__195738__0022__r0.wav,thunderstorm,siren,0,0.025883710011839867,0.014118995517492294,0.13828010857105255,0.6879003643989563,0.10396573692560196,0.029851162806153297
1428,240,thunderstorm__fsd50k__dev__195738__0022__r0.wav,thunderstorm,siren,0,0.06383876502513885,0.0911845788359642,0.29572156071662903,0.36625632643699646,0.13987033069133759,0.043128468096256256
1429,240,thunderstorm__fsd50k__dev__195738__0022__r0.wav,thunderstorm,siren,0,0.018538929522037506,0.019909119233489037,0.18815864622592926,0.49270129203796387,0.03919602558016777,0.2414960265159607
1430,240,thunderstorm__fsd50k__dev__195738__0022__r0.wav,thunderstorm,gunshot_gunfire,0,0.02791936695575714,0.047660741955041885,0.41943594813346863,0.19838474690914154,0.10821454226970673,0.19838474690914154
1431,240,thunderstorm__fsd50k__dev__195738__0022__r0.wav,thunderstorm,siren,0,0.0077614192850887775,0.019611775875091553,0.255471408367157,0.32788994908332825,0.06137546896934509,0.32788994908332825
1432,240,thunderstorm__fsd50k__dev__195738__0022__r0.wav,thunderstorm,thunderstorm,1,0.01724686473608017,0.017872851341962814,0.2782515585422516,0.25002679228782654,0.03915930166840553,0.39744263887405396
1433,240,thunderstorm__fsd50k__dev__195738__0022__r0.wav,thunderstorm,thunderstorm,1,0.00508586410433054,0.0015682065859436989,0.2073328197002411,0.28577300906181335,0.012401005253195763,0.4878389835357666
1434,240,thunderstorm__fsd50k__dev__195738__0022__r0.wav,thunderstorm,siren,0,0.0026281436439603567,0.013074193149805069,0.21858786046504974,0.4007270932197571,0.02968517877161503,0.33529746532440186
1435,240,thunderstorm__fsd50k__dev__195738__0022__r0.wav,thunderstorm,siren,0,0.0014452358009293675,0.021711954846978188,0.13377252221107483,0.6654765009880066,0.023316651582717896,0.15427714586257935
1436,240,thunderstorm__fsd50k__dev__195738__0022__r0.wav,thunderstorm,siren,0,0.002631512936204672,0.016801854595541954,0.11520630866289139,0.5530423521995544,0.05074012279510498,0.26157787442207336
1437,240,thunderstorm__fsd50k__dev__195738__0022__r0.wav,thunderstorm,siren,0,0.002037612721323967,0.015548620373010635,0.05611829087138176,0.8430719375610352,0.03791264072060585,0.04531086981296539
1438,241,thunderstorm__fsd50k__dev__198496__0023__r0.wav,thunderstorm,thunderstorm,1,0.05167974531650543,0.021964026615023613,0.05960121750831604,0.0015150794060900807,0.16760307550430298,0.6976368427276611
1439,241,thunderstorm__fsd50k__dev__198496__0023__r0.wav,thunderstorm,thunderstorm,1,0.011695124208927155,0.03288755938410759,0.09248229116201401,0.0055315555073320866,0.01397730316966772,0.8434261679649353
1440,241,thunderstorm__fsd50k__dev__198496__0023__r0.wav,thunderstorm,thunderstorm,1,0.015526233240962029,0.013462673872709274,0.07723815739154816,0.010489276610314846,0.010869992896914482,0.8724137544631958
1441,241,thunderstorm__fsd50k__dev__198496__0023__r0.wav,thunderstorm,thunderstorm,1,0.009188194759190083,0.03690574690699577,0.19025826454162598,0.03690574690699577,0.01513567753136158,0.7116064429283142
1442,241,thunderstorm__fsd50k__dev__198496__0023__r0.wav,thunderstorm,thunderstorm,1,0.003944293595850468,0.00776531919836998,0.12982861697673798,0.01528794877231121,0.014235801063477993,0.8289380669593811
1443,241,thunderstorm__fsd50k__dev__198496__0023__r0.wav,thunderstorm,thunderstorm,1,0.0008350706775672734,0.004790973383933306,0.05411459505558014,0.02383360080420971,0.011681965552270412,0.9047437906265259
1444,241,thunderstorm__fsd50k__dev__198496__0023__r0.wav,thunderstorm,thunderstorm,1,0.0003167626273352653,0.0012277612695470452,0.03381400555372238,0.11776752024888992,0.010061235167086124,0.8368126749992371
1445,241,thunderstorm__fsd50k__dev__198496__0023__r0.wav,thunderstorm,thunderstorm,1,0.00011210507364012301,0.0004345156776253134,0.0030875091906636953,0.00018467038171365857,0.000855451391544193,0.9953256845474243
1446,241,thunderstorm__fsd50k__dev__198496__0023__r0.wav,thunderstorm,thunderstorm,1,0.012179059907793999,0.05444131791591644,0.23483334481716156,0.016198817640542984,0.06742652505636215,0.6149209141731262
1447,241,thunderstorm__fsd50k__dev__198496__0023__r0.wav,thunderstorm,thunderstorm,1,0.00011163060844410211,0.0003371147031430155,0.005438825581222773,0.0006877828272990882,0.0023115151561796665,0.9911131262779236
1448,241,thunderstorm__fsd50k__dev__198496__0023__r0.wav,thunderstorm,thunderstorm,1,0.00010585367999738082,0.00010585367999738082,0.058253008872270584,0.0013306010514497757,0.00038204865995794535,0.9398226737976074
1449,241,thunderstorm__fsd50k__dev__198496__0023__r0.wav,thunderstorm,thunderstorm,1,0.00021824495343025774,0.0003860853030346334,0.10049355030059814,0.00622889120131731,0.008284766227006912,0.8843883872032166
1450,241,thunderstorm__fsd50k__dev__198496__0023__r0.wav,thunderstorm,thunderstorm,1,0.0014799643540754914,0.0006518184090964496,0.279481440782547,0.006383843719959259,0.07743553072214127,0.634567379951477
1451,242,thunderstorm__fsd50k__dev__203721__0024__r0.wav,thunderstorm,gunshot_gunfire,0,0.0006866850890219212,0.001615720335394144,0.6225033402442932,0.008037704043090343,0.015269976109266281,0.3518866002559662
1452,242,thunderstorm__fsd50k__dev__203721__0024__r0.wav,thunderstorm,thunderstorm,1,0.0001658705878071487,0.00020543359278235584,0.27566128969192505,0.001311664585955441,0.0008251543040387332,0.7218306064605713
1453,242,thunderstorm__fsd50k__dev__203721__0024__r0.wav,thunderstorm,thunderstorm,1,0.003715753788128495,0.007059164345264435,0.0742465928196907,0.030449796468019485,0.015466583892703056,0.8690621256828308
1454,242,thunderstorm__fsd50k__dev__203721__0024__r0.wav,thunderstorm,thunderstorm,1,0.002532689366489649,0.021508147940039635,0.07490865141153336,0.017366046085953712,0.006872663274407387,0.8768117427825928
1455,242,thunderstorm__fsd50k__dev__203721__0024__r0.wav,thunderstorm,thunderstorm,1,0.00016201891412492841,0.0018300223164260387,0.08916162699460983,0.002266514115035534,0.0016443911008536816,0.9049354791641235
1456,242,thunderstorm__fsd50k__dev__203721__0024__r0.wav,thunderstorm,thunderstorm,1,0.009139148518443108,0.014527594670653343,0.11488081514835358,0.012155566364526749,0.0033679259940981865,0.845928966999054
1457,243,thunderstorm__fsd50k__dev__203830__0025__r0.wav,thunderstorm,thunderstorm,1,0.0036352293100208044,0.014601433649659157,0.07800614088773727,0.04255063831806183,0.010978070087730885,0.8502285480499268
1458,243,thunderstorm__fsd50k__dev__203830__0025__r0.wav,thunderstorm,thunderstorm,1,0.00011231352254981175,0.00011231352254981175,0.000988409505225718,0.00019868776143994182,0.0014118024846538901,0.9971764087677002
1459,243,thunderstorm__fsd50k__dev__203830__0025__r0.wav,thunderstorm,thunderstorm,1,0.00011242587788728997,0.00011242587788728997,0.0007438781321980059,0.0004057690966874361,0.0004515753244049847,0.9981739521026611
1460,243,thunderstorm__fsd50k__dev__203830__0025__r0.wav,thunderstorm,thunderstorm,1,0.00011256206198595464,0.00011256206198595464,0.00011256206198595464,0.00011256206198595464,0.0001666144235059619,0.9993830919265747
1461,243,thunderstorm__fsd50k__dev__203830__0025__r0.wav,thunderstorm,thunderstorm,1,0.023594200611114502,0.017739269882440567,0.025338012725114822,0.04027732089161873,0.08824732899665833,0.8048039078712463
1462,243,thunderstorm__fsd50k__dev__203830__0025__r0.wav,thunderstorm,thunderstorm,1,0.0001123139081755653,0.0016282083233818412,0.00036424637073650956,0.0002133731177309528,0.0005020517855882645,0.9971798658370972
1463,243,thunderstorm__fsd50k__dev__203830__0025__r0.wav,thunderstorm,thunderstorm,1,0.062319666147232056,0.02648601494729519,0.055998191237449646,0.07718399912118912,0.048555586487054825,0.7294564843177795
1464,243,thunderstorm__fsd50k__dev__203830__0025__r0.wav,thunderstorm,thunderstorm,1,0.00914668571203947,0.017376812174916267,0.01676820032298565,0.01676820032298565,0.030740369111299515,0.9091996550559998
1465,243,thunderstorm__fsd50k__dev__203830__0025__r0.wav,thunderstorm,thunderstorm,1,0.06339173018932343,0.1545698493719101,0.0873747244477272,0.045991696417331696,0.07054783403873444,0.5781241655349731
1466,243,thunderstorm__fsd50k__dev__203830__0025__r0.wav,thunderstorm,thunderstorm,1,0.09760952740907669,0.10482372343540192,0.06594344228506088,0.06140507385134697,0.12982599437236786,0.5403922200202942
1467,243,thunderstorm__fsd50k__dev__203830__0025__r0.wav,thunderstorm,thunderstorm,1,0.0004652004863601178,0.003305544378235936,0.0006411998765543103,0.001803101389668882,0.0015086964704096317,0.9922763705253601
1468,243,thunderstorm__fsd50k__dev__203830__0025__r0.wav,thunderstorm,thunderstorm,1,0.002114542294293642,0.009795235469937325,0.004314098507165909,0.004163000732660294,0.005946252029389143,0.9736668467521667
1469,243,thunderstorm__fsd50k__dev__203830__0025__r0.wav,thunderstorm,thunderstorm,1,0.0703120157122612,0.24488294124603271,0.06096698343753815,0.02500360831618309,0.08108943700790405,0.5177450180053711
1470,244,thunderstorm__fsd50k__dev__205832__0026__r0.wav,thunderstorm,thunderstorm,1,0.003038884373381734,0.02237693779170513,0.020836908370256424,0.0057732523418962955,0.002634993987157941,0.9453390836715698
1471,244,thunderstorm__fsd50k__dev__205832__0026__r0.wav,thunderstorm,thunderstorm,1,0.0009711426100693643,0.011367302387952805,0.004042318090796471,0.0022049963008612394,0.0016578236827626824,0.9797564148902893
1472,244,thunderstorm__fsd50k__dev__205832__0026__r0.wav,thunderstorm,thunderstorm,1,0.012022506445646286,0.007042704615741968,0.007042704615741968,0.001415708102285862,0.007563223596662283,0.9649131894111633
1473,244,thunderstorm__fsd50k__dev__205832__0026__r0.wav,thunderstorm,thunderstorm,1,0.0005173441022634506,0.003303171368315816,0.0020779890473932028,0.0011334976879879832,0.0014038564404472709,0.9915640354156494
1474,244,thunderstorm__fsd50k__dev__205832__0026__r0.wav,thunderstorm,thunderstorm,1,0.006792503409087658,0.03628800809383392,0.013858100399374962,0.006325030233711004,0.00610349839553237,0.9306329488754272
1475,244,thunderstorm__fsd50k__dev__205832__0026__r0.wav,thunderstorm,thunderstorm,1,0.000761201954446733,0.00669891620054841,0.0037867415230721235,0.0014986139722168446,0.0016093743033707142,0.9856451153755188
1476,244,thunderstorm__fsd50k__dev__205832__0026__r0.wav,thunderstorm,thunderstorm,1,0.000791834550909698,0.0060423314571380615,0.001797873410396278,0.0006169481785036623,0.0013517295010387897,0.9893993139266968
1477,244,thunderstorm__fsd50k__dev__205832__0026__r0.wav,thunderstorm,thunderstorm,1,0.024330390617251396,0.10127361863851547,0.03601384907960892,0.01643722504377365,0.021096689626574516,0.800848126411438
1478,244,thunderstorm__fsd50k__dev__205832__0026__r0.wav,thunderstorm,thunderstorm,1,0.0043217032216489315,0.08041129261255264,0.04084388539195061,0.022279448807239532,0.006396987475454807,0.8457466959953308
1479,244,thunderstorm__fsd50k__dev__205832__0026__r0.wav,thunderstorm,thunderstorm,1,0.014558514580130577,0.015086927451193333,0.008528284728527069,0.0066447085700929165,0.01175478845834732,0.9434268474578857
1480,244,thunderstorm__fsd50k__dev__205832__0026__r0.wav,thunderstorm,thunderstorm,1,0.0057460227981209755,0.03540261834859848,0.006626773159950972,0.00686729745939374,0.004476942587643862,0.9408803582191467
1481,244,thunderstorm__fsd50k__dev__205832__0026__r0.wav,thunderstorm,thunderstorm,1,0.0013445408549159765,0.005799693055450916,0.004360491875559092,0.0022952465806156397,0.0020624257158488035,0.9841375946998596
1482,244,thunderstorm__fsd50k__dev__205832__0026__r0.wav,thunderstorm,thunderstorm,1,0.011835982091724873,0.16557587683200836,0.029907505959272385,0.014659066684544086,0.011021406389772892,0.7670001983642578
1483,245,thunderstorm__fsd50k__dev__210044__0027__r0.wav,thunderstorm,thunderstorm,1,0.0010757108684629202,0.001972051104530692,0.032970789819955826,0.017984846606850624,0.004983036313205957,0.9410135746002197
1484,245,thunderstorm__fsd50k__dev__210044__0027__r0.wav,thunderstorm,thunderstorm,1,0.003902115160599351,0.002636207267642021,0.22721661627292633,0.016242293640971184,0.013114306144416332,0.7368884086608887
1485,246,thunderstorm__fsd50k__dev__21847__0028__r0.wav,thunderstorm,thunderstorm,1,0.02330435998737812,0.01690768264234066,0.03978253901004791,0.07293149828910828,0.02330435998737812,0.8237695693969727
1486,246,thunderstorm__fsd50k__dev__21847__0028__r0.wav,thunderstorm,thunderstorm,1,0.0002449497114866972,0.0015091935638338327,0.0030790644232183695,0.0005561626167036593,0.002007309114560485,0.9926033616065979
1487,246,thunderstorm__fsd50k__dev__21847__0028__r0.wav,thunderstorm,thunderstorm,1,0.00011216092389076948,0.0003906346682924777,0.001943285227753222,0.00041950587183237076,0.0013128526043146849,0.9958215951919556
1488,246,thunderstorm__fsd50k__dev__21847__0028__r0.wav,thunderstorm,thunderstorm,1,0.00011193048703717068,0.00023664970649406314,0.002770002232864499,0.0020096797961741686,0.0010962365195155144,0.9937756061553955
1489,246,thunderstorm__fsd50k__dev__21847__0028__r0.wav,thunderstorm,thunderstorm,1,0.005013678222894669,0.010984936729073524,0.03964698687195778,0.042577244341373444,0.020138178020715714,0.8816390037536621
1490,246,thunderstorm__fsd50k__dev__21847__0028__r0.wav,thunderstorm,thunderstorm,1,0.021566050127148628,0.06284651905298233,0.1328735649585724,0.09302543103694916,0.02868402749300003,0.6610044836997986
1491,246,thunderstorm__fsd50k__dev__21847__0028__r0.wav,thunderstorm,thunderstorm,1,0.01432894729077816,0.009014180861413479,0.028210071846842766,0.019750012084841728,0.06405144929885864,0.8646453022956848
1492,246,thunderstorm__fsd50k__dev__21847__0028__r0.wav,thunderstorm,thunderstorm,1,0.003956325817853212,0.0007405575597658753,0.023522108793258667,0.002870375756174326,0.009996955282986164,0.9589136242866516
1493,246,thunderstorm__fsd50k__dev__21847__0028__r0.wav,thunderstorm,thunderstorm,1,0.0006478557479567826,0.001696437131613493,0.005701419431716204,0.014406519941985607,0.01008607167750597,0.9674617052078247
1494,246,thunderstorm__fsd50k__dev__21847__0028__r0.wav,thunderstorm,thunderstorm,1,0.01625467650592327,0.012664628215134144,0.03963423892855644,0.03200135380029678,0.018089618533849716,0.8813555240631104
1495,246,thunderstorm__fsd50k__dev__21847__0028__r0.wav,thunderstorm,thunderstorm,1,0.0036985152401030064,0.021989313885569572,0.030308527871966362,0.02723415195941925,0.051739245653152466,0.8650302290916443
1496,246,thunderstorm__fsd50k__dev__21847__0028__r0.wav,thunderstorm,thunderstorm,1,0.022142231464385986,0.2783319354057312,0.1750955730676651,0.08281666040420532,0.05798035115003586,0.38363322615623474
1497,246,thunderstorm__fsd50k__dev__21847__0028__r0.wav,thunderstorm,glass_breaking,0,0.0008421234670095146,0.9455007910728455,0.03820587322115898,0.0028302264399826527,0.004662219900637865,0.007958809845149517
1498,247,thunderstorm__fsd50k__dev__22033__0029__r0.wav,thunderstorm,thunderstorm,1,0.0004498149792198092,0.005456219892948866,0.055377259850502014,0.005859483499079943,0.007002898491919041,0.9258543252944946
1499,247,thunderstorm__fsd50k__dev__22033__0029__r0.wav,thunderstorm,gunshot_gunfire,0,0.018069911748170853,0.03557508811354637,0.7366467118263245,0.05456953123211861,0.09653597325086594,0.05860269069671631
1500,247,thunderstorm__fsd50k__dev__22033__0029__r0.wav,thunderstorm,gunshot_gunfire,0,0.0024345892015844584,0.011277793906629086,0.41312023997306824,0.28922751545906067,0.05041259154677391,0.23352721333503723
1501,247,thunderstorm__fsd50k__dev__22033__0029__r0.wav,thunderstorm,gunshot_gunfire,0,0.021451888605952263,0.052306730300188065,0.7061006426811218,0.11460371315479279,0.06478279829025269,0.04075415059924126
1502,247,thunderstorm__fsd50k__dev__22033__0029__r0.wav,thunderstorm,gunshot_gunfire,0,0.009786207228899002,0.01348862238228321,0.5306243896484375,0.11053633689880371,0.024728070944547653,0.31083643436431885
1503,247,thunderstorm__fsd50k__dev__22033__0029__r0.wav,thunderstorm,thunderstorm,1,0.00011171014921274036,0.00048186330241151154,0.006276958622038364,0.000596795987803489,0.0007132543250918388,0.9918193817138672
1504,247,thunderstorm__fsd50k__dev__22033__0029__r0.wav,thunderstorm,thunderstorm,1,0.00011247010115766898,0.00011247010115766898,0.0007181064574979246,0.00011247010115766898,0.0003779919061344117,0.9985665678977966
1505,247,thunderstorm__fsd50k__dev__22033__0029__r0.wav,thunderstorm,thunderstorm,1,0.00011251401156187057,0.00011251401156187057,0.0003781394916586578,0.00011251401156187057,0.0003278817457612604,0.9989564418792725
1506,247,thunderstorm__fsd50k__dev__22033__0029__r0.wav,thunderstorm,thunderstorm,1,0.00016455880540888757,0.000496953260153532,0.005613143555819988,0.005416546016931534,0.0012557159643620253,0.9870530962944031
1507,247,thunderstorm__fsd50k__dev__22033__0029__r0.wav,thunderstorm,thunderstorm,1,0.00011475778592284769,0.00014728827227372676,0.008887754753232002,0.006924784742295742,0.0007327134371735156,0.9831925630569458
1508,247,thunderstorm__fsd50k__dev__22033__0029__r0.wav,thunderstorm,thunderstorm,1,0.00011166524200234562,0.0004030238196719438,0.0030753957107663155,0.004392761271446943,0.0005965560558252037,0.9914206266403198
1509,247,thunderstorm__fsd50k__dev__22033__0029__r0.wav,thunderstorm,thunderstorm,1,0.00011211759556317702,0.0002370453003095463,0.002161820884793997,0.0015684354584664106,0.0004836207954213023,0.9954368472099304
1510,247,thunderstorm__fsd50k__dev__22033__0029__r0.wav,thunderstorm,thunderstorm,1,0.00011212678509764373,0.0003509031666908413,0.002493389416486025,0.0009867660701274872,0.0005382593371905386,0.9955184459686279
1511,248,thunderstorm__fsd50k__dev__222601__0030__r0.wav,thunderstorm,gunshot_gunfire,0,0.009184389375150204,0.03198743611574173,0.5743252635002136,0.02404971234500408,0.2529491186141968,0.10750402510166168
1512,248,thunderstorm__fsd50k__dev__222601__0030__r0.wav,thunderstorm,thunderstorm,1,0.010701046325266361,0.01826760359108448,0.37826383113861084,0.11663614958524704,0.05516654625535011,0.4209648668766022
1513,248,thunderstorm__fsd50k__dev__222601__0030__r0.wav,thunderstorm,thunderstorm,1,0.0003142599598504603,0.0009834838565438986,0.017658164724707603,0.021103963255882263,0.0024850943591445684,0.9574549794197083
1514,248,thunderstorm__fsd50k__dev__222601__0030__r0.wav,thunderstorm,thunderstorm,1,0.003496539546176791,0.00448770634829998,0.05845876410603523,0.04891379550099373,0.006410044617950916,0.8782331347465515
1515,248,thunderstorm__fsd50k__dev__222601__0030__r0.wav,thunderstorm,thunderstorm,1,0.00029037485364824533,0.00026092035113833845,0.005030995700508356,0.004062111955136061,0.005802143830806017,0.9845534563064575
1516,248,thunderstorm__fsd50k__dev__222601__0030__r0.wav,thunderstorm,thunderstorm,1,0.0005920457188040018,0.00046128511894494295,0.012704344466328621,0.0017253051046282053,0.0005920457188040018,0.9839248657226562
1517,248,thunderstorm__fsd50k__dev__222601__0030__r0.wav,thunderstorm,thunderstorm,1,0.0006166486418806016,0.0002814471663441509,0.002566759707406163,0.0011304734507575631,0.006485760677605867,0.9889189600944519
1518,248,thunderstorm__fsd50k__dev__222601__0030__r0.wav,thunderstorm,thunderstorm,1,0.0004704945895355195,0.0018898110138252378,0.02643693797290325,0.0009599055629223585,0.0018236220348626375,0.9684191942214966
1519,248,thunderstorm__fsd50k__dev__222601__0030__r0.wav,thunderstorm,thunderstorm,1,0.0018273241585120559,0.006141307298094034,0.048564016819000244,0.0035975405480712652,0.0034715381916612387,0.9363982677459717
1520,248,thunderstorm__fsd50k__dev__222601__0030__r0.wav,thunderstorm,thunderstorm,1,0.0005264191422611475,0.0008986431057564914,0.02223918028175831,0.002040384104475379,0.0006756436196155846,0.973619818687439
1521,248,thunderstorm__fsd50k__dev__222601__0030__r0.wav,thunderstorm,thunderstorm,1,0.0002909705217462033,0.0019951164722442627,0.03986554965376854,0.004218182992190123,0.0016108911950141191,0.9520193338394165
1522,248,thunderstorm__fsd50k__dev__222601__0030__r0.wav,thunderstorm,thunderstorm,1,0.0008078968385234475,0.00024911179207265377,0.00616489676758647,0.005158307962119579,0.01350724883377552,0.9741125106811523
1523,248,thunderstorm__fsd50k__dev__222601__0030__r0.wav,thunderstorm,thunderstorm,1,0.0029631112702190876,0.0003367000026628375,0.018256425857543945,0.001401491230353713,0.021818971261382103,0.9552233219146729
1524,249,thunderstorm__fsd50k__dev__22874__0031__r0.wav,thunderstorm,thunderstorm,1,0.0011543240398168564,0.00595082575455308,0.3004571795463562,0.04876571521162987,0.030677972361445427,0.6129940748214722
1525,249,thunderstorm__fsd50k__dev__22874__0031__r0.wav,thunderstorm,gunshot_gunfire,0,0.006917580496519804,0.008267467841506004,0.5357518792152405,0.0320444256067276,0.06775010377168655,0.3492685556411743
1526,249,thunderstorm__fsd50k__dev__22874__0031__r0.wav,thunderstorm,thunderstorm,1,0.0010427827946841717,0.005570922512561083,0.21915261447429657,0.08369262516498566,0.028719482943415642,0.6618215441703796
1527,249,thunderstorm__fsd50k__dev__22874__0031__r0.wav,thunderstorm,thunderstorm,1,0.0002503568248357624,0.00034507401869632304,0.01681257039308548,0.06998120248317719,0.0010055945022031665,0.911605179309845
1528,249,thunderstorm__fsd50k__dev__22874__0031__r0.wav,thunderstorm,thunderstorm,1,0.001117052393965423,0.0003569403197616339,0.013075187802314758,0.004649657756090164,0.003622723976150155,0.9771784543991089
1529,249,thunderstorm__fsd50k__dev__22874__0031__r0.wav,thunderstorm,thunderstorm,1,0.00011178212298545986,0.00011178212298545986,0.004556965082883835,0.0014051226899027824,0.0013559088110923767,0.9924584031105042
1530,249,thunderstorm__fsd50k__dev__22874__0031__r0.wav,thunderstorm,thunderstorm,1,0.00011160458961967379,0.00040280490065924823,0.008048676885664463,0.00029224136960692704,0.0002625975466798991,0.990882158279419
1531,249,thunderstorm__fsd50k__dev__22874__0031__r0.wav,thunderstorm,thunderstorm,1,0.00011141230788780376,0.00014299445319920778,0.009602711535990238,0.0002815200132317841,0.0006864378228783607,0.9891749620437622
1532,249,thunderstorm__fsd50k__dev__22874__0031__r0.wav,thunderstorm,thunderstorm,1,0.0001743470347719267,0.0007520481012761593,0.023887084797024727,0.000867321970872581,0.0005265125655569136,0.9737926125526428
1533,249,thunderstorm__fsd50k__dev__22874__0031__r0.wav,thunderstorm,thunderstorm,1,0.00019100072677247226,0.00037603211239911616,0.004561239387840033,0.0005977406399324536,0.0008847760036587715,0.9933892488479614
1534,249,thunderstorm__fsd50k__dev__22874__0031__r0.wav,thunderstorm,thunderstorm,1,0.0023746995721012354,0.004844874609261751,0.04114371910691261,0.0022112680599093437,0.0012953461846336722,0.9481300115585327
1535,249,thunderstorm__fsd50k__dev__22874__0031__r0.wav,thunderstorm,thunderstorm,1,0.004723298363387585,0.002315109595656395,0.022673970088362694,0.003426826559007168,0.008973291143774986,0.9578875303268433
1536,249,thunderstorm__fsd50k__dev__22874__0031__r0.wav,thunderstorm,thunderstorm,1,0.018029432743787766,0.010191620327532291,0.042421936988830566,0.00597018375992775,0.01308063417673111,0.9103061556816101
1537,250,thunderstorm__fsd50k__dev__237519__0032__r0.wav,thunderstorm,thunderstorm,1,0.004613490309566259,0.017881732434034348,0.22477667033672333,0.004613490309566259,0.06930898874998093,0.6788056492805481
1538,250,thunderstorm__fsd50k__dev__237519__0032__r0.wav,thunderstorm,thunderstorm,1,0.02420215867459774,0.06805826723575592,0.029974788427352905,0.006244160700589418,0.0459790974855423,0.8255414962768555
1539,250,thunderstorm__fsd50k__dev__237519__0032__r0.wav,thunderstorm,thunderstorm,1,0.06411882489919662,0.15086692571640015,0.05364968255162239,0.022002652287483215,0.03497541323304176,0.6743864417076111
1540,250,thunderstorm__fsd50k__dev__237519__0032__r0.wav,thunderstorm,thunderstorm,1,0.005980779882520437,0.04403967782855034,0.02975250966846943,0.002931460039690137,0.005374110769480467,0.9119213819503784
1541,250,thunderstorm__fsd50k__dev__237519__0032__r0.wav,thunderstorm,thunderstorm,1,0.028205934911966324,0.04989757761359215,0.04028815031051636,0.008392575196921825,0.008697186596691608,0.8645185232162476
1542,250,thunderstorm__fsd50k__dev__237519__0032__r0.wav,thunderstorm,thunderstorm,1,0.00011199957225471735,0.0009511251701042056,0.0034328149631619453,0.0005773857701569796,0.0005376486806198955,0.994388997554779
1543,250,thunderstorm__fsd50k__dev__237519__0032__r0.wav,thunderstorm,thunderstorm,1,0.0004023618239443749,0.00626412546262145,0.19199694693088531,0.0012150970287621021,0.0009467278141528368,0.7991747260093689
1544,250,thunderstorm__fsd50k__dev__237519__0032__r0.wav,thunderstorm,thunderstorm,1,0.00011149505735374987,0.000361590733518824,0.009273267351090908,0.0001903317024698481,0.00015367708692792803,0.9899096488952637
1545,250,thunderstorm__fsd50k__dev__237519__0032__r0.wav,thunderstorm,thunderstorm,1,0.00011198496940778568,0.0002730561245698482,0.004565234296023846,0.00012462673475965858,0.0006658003549091518,0.9942593574523926
1546,250,thunderstorm__fsd50k__dev__237519__0032__r0.wav,thunderstorm,thunderstorm,1,0.0001119381922762841,0.00024525588378310204,0.005262794438749552,0.0003380435809958726,0.0001980237866519019,0.9938440322875977
1547,250,thunderstorm__fsd50k__dev__237519__0032__r0.wav,thunderstorm,thunderstorm,1,0.00011237253784202039,0.00011237253784202039,0.0018129575764760375,0.00011237253784202039,0.0001494616299169138,0.9977003931999207
1548,250,thunderstorm__fsd50k__dev__237519__0032__r0.wav,thunderstorm,thunderstorm,1,0.00011145470489282161,0.00011145470489282161,0.009955036453902721,0.00011145470489282161,0.00015919719589874148,0.9895513653755188
1549,250,thunderstorm__fsd50k__dev__237519__0032__r0.wav,thunderstorm,thunderstorm,1,0.0001287176419282332,0.00038871588185429573,0.0077671511098742485,0.0004482982330955565,0.00033705245004966855,0.9909301400184631
1550,251,thunderstorm__fsd50k__dev__242048__0033__r0.wav,thunderstorm,thunderstorm,1,0.04631182551383972,0.06383297592401505,0.3662230372428894,0.049734678119421005,0.0515398234128952,0.4223576784133911
1551,251,thunderstorm__fsd50k__dev__242048__0033__r0.wav,thunderstorm,siren,0,0.045351624488830566,0.10297165811061859,0.12306543439626694,0.46029096841812134,0.08615870773792267,0.18216150999069214
1552,251,thunderstorm__fsd50k__dev__242048__0033__r0.wav,thunderstorm,thunderstorm,1,0.00011210581578779966,0.0022400508169084787,0.0012662486406043172,0.00045028975000604987,0.0005989097990095615,0.9953323006629944
1553,251,thunderstorm__fsd50k__dev__242048__0033__r0.wav,thunderstorm,thunderstorm,1,0.000694691960234195,0.009718185290694237,0.03766735643148422,0.011614584363996983,0.008131424896419048,0.9321738481521606
1554,251,thunderstorm__fsd50k__dev__242048__0033__r0.wav,thunderstorm,siren,0,0.02095574326813221,0.04275400564074516,0.12022748589515686,0.404062956571579,0.1291133314371109,0.28288647532463074
1555,251,thunderstorm__fsd50k__dev__242048__0033__r0.wav,thunderstorm,siren,0,0.023159179836511612,0.08976422250270844,0.19667281210422516,0.33573731780052185,0.0835864469408989,0.27108001708984375
1556,251,thunderstorm__fsd50k__dev__242048__0033__r0.wav,thunderstorm,thunderstorm,1,0.007768060080707073,0.03472381830215454,0.0592765174806118,0.012796293012797832,0.026107056066393852,0.8593282699584961
1557,251,thunderstorm__fsd50k__dev__242048__0033__r0.wav,thunderstorm,thunderstorm,1,0.0031295425724238157,0.01860651560127735,0.31108298897743225,0.08931969851255417,0.027541374787688255,0.5503199100494385
1558,251,thunderstorm__fsd50k__dev__242048__0033__r0.wav,thunderstorm,thunderstorm,1,0.002778544556349516,0.018384534865617752,0.14538055658340454,0.10930419713258743,0.026259684935212135,0.6978924870491028
1559,251,thunderstorm__fsd50k__dev__242048__0033__r0.wav,thunderstorm,thunderstorm,1,0.0019579546060413122,0.016045009717345238,0.057909879833459854,0.012063419446349144,0.010460096411406994,0.9015636444091797
1560,251,thunderstorm__fsd50k__dev__242048__0033__r0.wav,thunderstorm,thunderstorm,1,0.001394564053043723,0.02503899857401848,0.14365394413471222,0.04429513216018677,0.0181661918759346,0.7674511671066284
1561,251,thunderstorm__fsd50k__dev__242048__0033__r0.wav,thunderstorm,thunderstorm,1,0.0021107119973748922,0.01610642857849598,0.13198867440223694,0.02849300391972065,0.03656992316246033,0.7847312092781067
1562,251,thunderstorm__fsd50k__dev__242048__0033__r0.wav,thunderstorm,thunderstorm,1,0.0020159706473350525,0.004915595520287752,0.03750992193818092,0.023597080260515213,0.036196157336235046,0.8957652449607849
1563,252,thunderstorm__fsd50k__dev__242981__0034__r0.wav,thunderstorm,thunderstorm,1,0.0008540214039385319,0.0029743886552751064,0.0226969663053751,0.22229187190532684,0.004099688027054071,0.7470830678939819
1564,252,thunderstorm__fsd50k__dev__242981__0034__r0.wav,thunderstorm,thunderstorm,1,0.00011925264698220417,0.0004963811370544136,0.007457197643816471,0.0052208187989890575,0.0007890478009358048,0.9859172701835632
1565,252,thunderstorm__fsd50k__dev__242981__0034__r0.wav,thunderstorm,thunderstorm,1,0.00041212362702935934,0.003144831396639347,0.0897560864686966,0.023997586220502853,0.003626873018220067,0.8790625333786011
1566,252,thunderstorm__fsd50k__dev__242981__0034__r0.wav,thunderstorm,thunderstorm,1,0.013733983039855957,0.01190862711519003,0.07337189465761185,0.19910074770450592,0.0787947028875351,0.6230900883674622
1567,252,thunderstorm__fsd50k__dev__242981__0034__r0.wav,thunderstorm,thunderstorm,1,0.00856747291982174,0.005998130422085524,0.024966824799776077,0.17740504443645477,0.16519562900066376,0.6178669333457947
1568,252,thunderstorm__fsd50k__dev__242981__0034__r0.wav,thunderstorm,thunderstorm,1,0.00027368601877242327,0.0008565058233216405,0.013818399980664253,0.01773550920188427,0.005667162127792835,0.96164870262146
1569,252,thunderstorm__fsd50k__dev__242981__0034__r0.wav,thunderstorm,thunderstorm,1,0.00047211203491315246,0.001281115342862904,0.06241803616285324,0.25071123242378235,0.004791645333170891,0.6803258657455444
1570,252,thunderstorm__fsd50k__dev__242981__0034__r0.wav,thunderstorm,thunderstorm,1,0.0013630925677716732,0.0024988949298858643,0.06408603489398956,0.0618414580821991,0.005098255816847086,0.8651121854782104
1571,252,thunderstorm__fsd50k__dev__242981__0034__r0.wav,thunderstorm,thunderstorm,1,0.00011225255730096251,0.0003640473878476769,0.0008265760261565447,0.0014622501330450177,0.0005996937397867441,0.9966351389884949
1572,252,thunderstorm__fsd50k__dev__242981__0034__r0.wav,thunderstorm,thunderstorm,1,0.0030581275932490826,0.003925017546862364,0.0045266421511769295,0.016930609941482544,0.020234432071447372,0.9513252377510071
1573,252,thunderstorm__fsd50k__dev__242981__0034__r0.wav,thunderstorm,siren,0,0.0016890699043869972,0.01040676236152649,0.03032677248120308,0.5070342421531677,0.026296105235815048,0.4242470860481262
1574,252,thunderstorm__fsd50k__dev__242981__0034__r0.wav,thunderstorm,thunderstorm,1,0.0008448635344393551,0.005205403547734022,0.020908275619149208,0.1976015716791153,0.009542825631797314,0.7658970952033997
1575,252,thunderstorm__fsd50k__dev__242981__0034__r0.wav,thunderstorm,thunderstorm,1,0.0010562643874436617,0.00239826668985188,0.021871868520975113,0.07894027233123779,0.0040940470062196255,0.8916393518447876
1576,253,thunderstorm__fsd50k__dev__243757__0035__r0.wav,thunderstorm,thunderstorm,1,0.0562334805727005,0.30041956901550293,0.04875960573554039,0.05052937567234039,0.08323682844638824,0.4608211815357208
1577,253,thunderstorm__fsd50k__dev__243757__0035__r0.wav,thunderstorm,thunderstorm,1,0.04767686128616333,0.05498477444052696,0.09057619422674179,0.15462130308151245,0.031081605702638626,0.6210592985153198
1578,253,thunderstorm__fsd50k__dev__243757__0035__r0.wav,thunderstorm,thunderstorm,1,0.006617568898946047,0.0021913121454417706,0.005155997350811958,0.008195976726710796,0.004163040313869715,0.9736760854721069
1579,253,thunderstorm__fsd50k__dev__243757__0035__r0.wav,thunderstorm,thunderstorm,1,0.0019518975168466568,0.001753903809003532,0.011604896746575832,0.01489453949034214,0.004592671524733305,0.9652020931243896
1580,253,thunderstorm__fsd50k__dev__243757__0035__r0.wav,thunderstorm,thunderstorm,1,0.003194365883246064,0.00836457870900631,0.01646774634718895,0.008668177761137486,0.004402891267091036,0.9589022397994995
1581,253,thunderstorm__fsd50k__dev__243757__0035__r0.wav,thunderstorm,thunderstorm,1,0.0008215693524107337,0.0022293967194855213,0.0014533930225297809,0.0013533676974475384,0.0035438488703221083,0.9905983805656433
1582,253,thunderstorm__fsd50k__dev__243757__0035__r0.wav,thunderstorm,thunderstorm,1,0.00011240813910262659,0.0002644882188178599,0.0009892421076074243,0.0001495089818490669,0.0004678915720432997,0.9980164766311646
1583,253,thunderstorm__fsd50k__dev__243757__0035__r0.wav,thunderstorm,thunderstorm,1,0.00011213394463993609,0.00011213394463993609,0.002013332908973098,0.00043462761095725,0.0017457458889111876,0.9955820441246033
1584,253,thunderstorm__fsd50k__dev__243757__0035__r0.wav,thunderstorm,thunderstorm,1,0.05198405683040619,0.16268520057201385,0.1747090369462967,0.07425180077552795,0.04507496580481529,0.4912949502468109
1585,253,thunderstorm__fsd50k__dev__243757__0035__r0.wav,thunderstorm,thunderstorm,1,0.004451356828212738,0.05399458855390549,0.08282366394996643,0.25919848680496216,0.031629689037799835,0.567902147769928
1586,253,thunderstorm__fsd50k__dev__243757__0035__r0.wav,thunderstorm,thunderstorm,1,0.00011198907304788008,0.00013870040129404515,0.0027714520692825317,0.0005982861039228737,0.002083713887259364,0.9942957758903503
1587,253,thunderstorm__fsd50k__dev__243757__0035__r0.wav,thunderstorm,thunderstorm,1,0.00011254520359216258,0.00011254520359216258,0.00011254520359216258,0.00011254520359216258,0.0003164854133501649,0.9992333650588989
1588,253,thunderstorm__fsd50k__dev__243757__0035__r0.wav,thunderstorm,thunderstorm,1,0.0001122589164879173,0.0001122589164879173,0.0021645459346473217,0.00048423040425404906,0.0004351119860075414,0.9966915845870972
1589,254,thunderstorm__fsd50k__dev__243965__0036__r0.wav,thunderstorm,thunderstorm,1,0.0002815574989654124,0.0025677660014480352,0.006041765213012695,0.0004980878438800573,0.0013042634818702936,0.989306628704071
1590,254,thunderstorm__fsd50k__dev__243965__0036__r0.wav,thunderstorm,thunderstorm,1,0.003976977430284023,0.044920388609170914,0.03377334773540497,0.041828881949186325,0.009357532486319542,0.8661428093910217
1591,254,thunderstorm__fsd50k__dev__243965__0036__r0.wav,thunderstorm,thunderstorm,1,0.000327497924445197,0.002781183458864689,0.031413786113262177,0.0012249122373759747,0.0014126668684184551,0.9628399014472961
1592,254,thunderstorm__fsd50k__dev__243965__0036__r0.wav,thunderstorm,thunderstorm,1,0.16826467216014862,0.07958578318357468,0.062008291482925415,0.0273102018982172,0.07679833471775055,0.5860327482223511
1593,255,thunderstorm__fsd50k__dev__243968__0037__r0.wav,thunderstorm,thunderstorm,1,0.23559996485710144,0.05660147964954376,0.16494469344615936,0.036899764090776443,0.10376489162445068,0.4021892845630646
1594,255,thunderstorm__fsd50k__dev__243968__0037__r0.wav,thunderstorm,gunshot_gunfire,0,0.02410300448536873,0.05280952900648117,0.41760531067848206,0.04579072445631027,0.05671260878443718,0.40297889709472656
1595,255,thunderstorm__fsd50k__dev__243968__0037__r0.wav,thunderstorm,thunderstorm,1,0.006387490779161453,0.010522092692553997,0.11468560993671417,0.11468560993671417,0.021467216312885284,0.7322520017623901
1596,255,thunderstorm__fsd50k__dev__243968__0037__r0.wav,thunderstorm,thunderstorm,1,0.030879061669111252,0.06079305708408356,0.100144162774086,0.2918342053890228,0.03561220318078995,0.4807372987270355
1597,256,thunderstorm__fsd50k__dev__244693__0038__r0.wav,thunderstorm,thunderstorm,1,0.00971074216067791,0.012463442981243134,0.006108919624239206,0.002172388369217515,0.004276885185390711,0.9652675986289978
1598,256,thunderstorm__fsd50k__dev__244693__0038__r0.wav,thunderstorm,thunderstorm,1,0.00011252692638663575,0.00011252692638663575,0.0004361507890280336,0.00011252692638663575,0.0001550993329146877,0.9990711212158203
1599,256,thunderstorm__fsd50k__dev__244693__0038__r0.wav,thunderstorm,thunderstorm,1,0.00011252214608248323,0.00011252214608248323,0.0005212385440245271,0.00011252214608248323,0.00011252214608248323,0.9990286827087402
1600,256,thunderstorm__fsd50k__dev__244693__0038__r0.wav,thunderstorm,thunderstorm,1,0.00011245381756452844,0.00011245381756452844,0.0011013620533049107,0.00013927598774898797,0.00011245381756452844,0.9984220266342163
1601,256,thunderstorm__fsd50k__dev__244693__0038__r0.wav,thunderstorm,thunderstorm,1,0.00011220408487133682,0.00011220408487133682,0.002877558581531048,0.00041966731077991426,0.00027359038358554244,0.9962047934532166
1602,256,thunderstorm__fsd50k__dev__244693__0038__r0.wav,thunderstorm,thunderstorm,1,0.00011247874499531463,0.00011247874499531463,0.0008894556085579097,0.00011247874499531463,0.0001297195558436215,0.9986433386802673
1603,256,thunderstorm__fsd50k__dev__244693__0038__r0.wav,thunderstorm,thunderstorm,1,0.00011256456491537392,0.00011256456491537392,0.00011256456491537392,0.00011256456491537392,0.00014447333524003625,0.9994052648544312
1604,256,thunderstorm__fsd50k__dev__244693__0038__r0.wav,thunderstorm,thunderstorm,1,0.00011243070184718817,0.000274142948910594,0.0008890757453627884,0.0001296641567023471,0.000377859512809664,0.9982168078422546
1605,256,thunderstorm__fsd50k__dev__244693__0038__r0.wav,thunderstorm,thunderstorm,1,0.027872418984770775,0.06558176875114441,0.02888406813144684,0.01064425427466631,0.012721359729766846,0.8542961478233337
1606,256,thunderstorm__fsd50k__dev__244693__0038__r0.wav,thunderstorm,thunderstorm,1,0.031156502664089203,0.10471140593290329,0.08761442452669144,0.03593217208981514,0.022604532539844513,0.7179810404777527
1607,256,thunderstorm__fsd50k__dev__244693__0038__r0.wav,thunderstorm,thunderstorm,1,0.020696129649877548,0.0625004768371582,0.13214196264743805,0.0040145753882825375,0.07469674944877625,0.7059500217437744
1608,257,thunderstorm__fsd50k__dev__248110__0039__r0.wav,thunderstorm,thunderstorm,1,0.002478021429851651,0.006724318023771048,0.11650459468364716,0.030058201402425766,0.016396092250943184,0.8278387784957886
1609,257,thunderstorm__fsd50k__dev__248110__0039__r0.wav,thunderstorm,thunderstorm,1,0.00791872851550579,0.013517950661480427,0.15822866559028625,0.07221776247024536,0.040823012590408325,0.7072938680648804
1610,257,thunderstorm__fsd50k__dev__248110__0039__r0.wav,thunderstorm,thunderstorm,1,0.014131516218185425,0.024123704060912132,0.16541048884391785,0.045830052345991135,0.03700396791100502,0.7135003209114075
1611,257,thunderstorm__fsd50k__dev__248110__0039__r0.wav,thunderstorm,thunderstorm,1,0.002243433613330126,0.0047431932762265205,0.03370337933301926,0.017740553244948387,0.013338209129869938,0.9282312989234924
1612,257,thunderstorm__fsd50k__dev__248110__0039__r0.wav,thunderstorm,thunderstorm,1,0.0007859622128307819,0.0018493123352527618,0.008877533487975597,0.002373536117374897,0.0040518296882510185,0.9820618033409119
1613,257,thunderstorm__fsd50k__dev__248110__0039__r0.wav,thunderstorm,thunderstorm,1,0.00453355023637414,0.011871288530528545,0.08741466701030731,0.08139859884977341,0.017571888864040375,0.7972100973129272
1614,257,thunderstorm__fsd50k__dev__248110__0039__r0.wav,thunderstorm,thunderstorm,1,0.00010474323789821938,0.00023782123753335327,0.06889011710882187,0.00045181141467764974,0.0003520233149174601,0.9299635887145996
1615,257,thunderstorm__fsd50k__dev__248110__0039__r0.wav,thunderstorm,thunderstorm,1,0.00011235779675189406,0.00012958006118424237,0.0009207479888573289,0.0002059803664451465,0.001061880262568593,0.9975695013999939
1616,257,thunderstorm__fsd50k__dev__248110__0039__r0.wav,thunderstorm,thunderstorm,1,0.00027341971872374415,0.00023708019580226392,0.0014607069315388799,0.0002833438338711858,0.0021621391642838717,0.9955833554267883
1617,257,thunderstorm__fsd50k__dev__248110__0039__r0.wav,thunderstorm,thunderstorm,1,0.019787559285759926,0.05564410239458084,0.09843692183494568,0.018425730988383293,0.02928955852985382,0.7784161567687988
1618,257,thunderstorm__fsd50k__dev__248110__0039__r0.wav,thunderstorm,thunderstorm,1,0.0001121404129662551,0.00030430234619416296,0.0010598257649689913,0.00039056321838870645,0.0024936923291534185,0.995639443397522
1619,257,thunderstorm__fsd50k__dev__248110__0039__r0.wav,thunderstorm,thunderstorm,1,0.0002630367816891521,0.0003498531586956233,0.003679672721773386,0.0008530568447895348,0.0023148420732468367,0.9925395846366882
1620,257,thunderstorm__fsd50k__dev__248110__0039__r0.wav,thunderstorm,thunderstorm,1,0.0005387646378949285,0.0015700358198955655,0.03137178719043732,0.03137178719043732,0.007272907067090273,0.9278746843338013
1621,258,thunderstorm__fsd50k__dev__253763__0040__r0.wav,thunderstorm,thunderstorm,1,0.00011194769467692822,0.00046597502660006285,0.0024022164288908243,0.0028709834441542625,0.00022039678879082203,0.9939284324645996
1622,258,thunderstorm__fsd50k__dev__253763__0040__r0.wav,thunderstorm,thunderstorm,1,0.0005074648070149124,0.0011522071436047554,0.017938019707798958,0.00533739197999239,0.0024360609240829945,0.9726288914680481
1623,258,thunderstorm__fsd50k__dev__253763__0040__r0.wav,thunderstorm,thunderstorm,1,0.00011148318299092352,0.0005351697909645736,0.008039921522140503,0.0009135807631537318,0.0005955834640190005,0.9898042678833008
1624,258,thunderstorm__fsd50k__dev__253763__0040__r0.wav,thunderstorm,thunderstorm,1,0.00011241598258493468,0.00011241598258493468,0.0004357207508292049,0.00011241598258493468,0.0011409526923671365,0.9980860948562622
1625,258,thunderstorm__fsd50k__dev__253763__0040__r0.wav,thunderstorm,thunderstorm,1,0.00011256336438236758,0.00011256336438236758,0.00011256336438236758,0.00011256336438236758,0.00015514956612605602,0.9993946552276611
1626,258,thunderstorm__fsd50k__dev__253763__0040__r0.wav,thunderstorm,thunderstorm,1,0.004335002973675728,0.003627194557338953,0.019377781078219414,0.019377781078219414,0.009165297262370586,0.9441168904304504
1627,258,thunderstorm__fsd50k__dev__253763__0040__r0.wav,thunderstorm,thunderstorm,1,0.00011237681610509753,0.00011237681610509753,0.0010248618200421333,0.00021349261805880815,0.0007985084666870534,0.9977383613586426
1628,258,thunderstorm__fsd50k__dev__253763__0040__r0.wav,thunderstorm,thunderstorm,1,0.00011229264055145904,0.00011229264055145904,0.0022437837906181812,0.00021333270706236362,0.0003272366593591869,0.9969910383224487
1629,258,thunderstorm__fsd50k__dev__253763__0040__r0.wav,thunderstorm,thunderstorm,1,0.00013831623073201627,0.00044857492321170866,0.00627520214766264,0.0007130547310225666,0.0008831305312924087,0.9915418028831482
1630,258,thunderstorm__fsd50k__dev__253763__0040__r0.wav,thunderstorm,thunderstorm,1,0.00011226200876990333,0.00011226200876990333,0.0024963964242488146,0.0003390214988030493,0.0002210155944339931,0.9967190623283386
1631,258,thunderstorm__fsd50k__dev__253763__0040__r0.wav,thunderstorm,thunderstorm,1,0.00011249603267060593,0.00011249603267060593,0.0006931149400770664,0.00011249603267060593,0.00017256046703550965,0.998796820640564
1632,258,thunderstorm__fsd50k__dev__253763__0040__r0.wav,thunderstorm,thunderstorm,1,0.00011246745998505503,0.00011246745998505503,0.000989764230325818,0.00011246745998505503,0.00012970654643140733,0.9985431432723999
1633,258,thunderstorm__fsd50k__dev__253763__0040__r0.wav,thunderstorm,thunderstorm,1,0.00011246970825595781,0.00011246970825595781,0.000559501932002604,0.00011246970825595781,0.0005399055662564933,0.9985631108283997
1634,259,thunderstorm__fsd50k__dev__259316__0041__r0.wav,thunderstorm,gunshot_gunfire,0,0.007924497127532959,0.015054907649755478,0.5135265588760376,0.2428876906633377,0.1278495341539383,0.09275685250759125
1635,259,thunderstorm__fsd50k__dev__259316__0041__r0.wav,thunderstorm,siren,0,0.011513084173202515,0.005445457063615322,0.06373949348926544,0.7731550931930542,0.10880877077579498,0.03733820095658302
1636,259,thunderstorm__fsd50k__dev__259316__0041__r0.wav,thunderstorm,gunshot_gunfire,0,0.006218810565769672,0.020168282091617584,0.3621158301830292,0.19060800969600677,0.058773234486579895,0.3621158301830292
1637,259,thunderstorm__fsd50k__dev__259316__0041__r0.wav,thunderstorm,thunderstorm,1,0.004976331721991301,0.02305195853114128,0.07747349143028259,0.06036251783370972,0.01928810402750969,0.8148475885391235
1638,259,thunderstorm__fsd50k__dev__259316__0041__r0.wav,thunderstorm,thunderstorm,1,0.0009680407238192856,0.0010395870776847005,0.05439388006925583,0.028631480410695076,0.0055538504384458065,0.9094131588935852
1639,259,thunderstorm__fsd50k__dev__259316__0041__r0.wav,thunderstorm,thunderstorm,1,0.0006033077952452004,0.005908738821744919,0.0055020879954099655,0.019858211278915405,0.0006033077952452004,0.9675242900848389
1640,259,thunderstorm__fsd50k__dev__259316__0041__r0.wav,thunderstorm,thunderstorm,1,0.00011205425835214555,0.0004343187320046127,0.0033141993917524815,0.0006662123487330973,0.000598634360358119,0.9948745369911194
1641,259,thunderstorm__fsd50k__dev__259316__0041__r0.wav,thunderstorm,thunderstorm,1,0.00011224855552427471,0.00011224855552427471,0.0028786989860236645,0.00018490674847271293,0.00011224855552427471,0.9965996146202087
1642,259,thunderstorm__fsd50k__dev__259316__0041__r0.wav,thunderstorm,thunderstorm,1,0.00011247705697314814,0.00011247705697314814,0.000921725295484066,0.00011247705697314814,0.00011247705697314814,0.9986283779144287
1643,259,thunderstorm__fsd50k__dev__259316__0041__r0.wav,thunderstorm,thunderstorm,1,0.00011077685485361144,0.0012512379325926304,0.013637877069413662,0.0013437150046229362,0.00012328222510404885,0.9835330843925476
1644,259,thunderstorm__fsd50k__dev__259316__0041__r0.wav,thunderstorm,thunderstorm,1,0.00011247814109083265,0.0002294785954291001,0.0006687325076200068,0.0001787953224265948,0.00017253302212338895,0.9986379742622375
1645,259,thunderstorm__fsd50k__dev__259316__0041__r0.wav,thunderstorm,thunderstorm,1,0.00011238180013606325,0.0007435865118168294,0.0008575631072744727,0.0001988085568882525,0.00030495738610625267,0.9977826476097107
1646,259,thunderstorm__fsd50k__dev__259316__0041__r0.wav,thunderstorm,thunderstorm,1,0.00011238355364184827,0.0007175539503805339,0.0007705872994847596,0.00011646255006780848,0.0004847680393140763,0.9977982044219971
1647,260,thunderstorm__fsd50k__dev__29675__0042__r0.wav,thunderstorm,thunderstorm,1,0.006203991826623678,0.03822427615523338,0.21930058300495148,0.023204255849123,0.026760997250676155,0.6863058805465698
1648,260,thunderstorm__fsd50k__dev__29675__0042__r0.wav,thunderstorm,thunderstorm,1,0.0019981716759502888,0.030018774792551994,0.12948638200759888,0.031108321622014046,0.009592129848897457,0.7977962493896484
1649,260,thunderstorm__fsd50k__dev__29675__0042__r0.wav,thunderstorm,thunderstorm,1,0.008323206566274166,0.04948514327406883,0.10462423413991928,0.042908187955617905,0.024254990741610527,0.7704042196273804
1650,260,thunderstorm__fsd50k__dev__29675__0042__r0.wav,thunderstorm,thunderstorm,1,0.015955325216054916,0.1404140293598175,0.09830453991889954,0.037541721016168594,0.03373362496495247,0.6740508079528809
1651,260,thunderstorm__fsd50k__dev__29675__0042__r0.wav,thunderstorm,thunderstorm,1,0.03668048605322838,0.060423605144023895,0.10314825177192688,0.10314825177192688,0.0380118228495121,0.6585875749588013
1652,260,thunderstorm__fsd50k__dev__29675__0042__r0.wav,thunderstorm,thunderstorm,1,0.0011730178957805037,0.002760025206953287,0.0038042261730879545,0.000851042743306607,0.0012155929580330849,0.990196168422699
1653,260,thunderstorm__fsd50k__dev__29675__0042__r0.wav,thunderstorm,thunderstorm,1,0.00011256815196247771,0.00011256815196247771,0.00011256815196247771,0.00011256815196247771,0.00011256815196247771,0.999437153339386
1654,260,thunderstorm__fsd50k__dev__29675__0042__r0.wav,thunderstorm,thunderstorm,1,0.0001320529408985749,0.0001320529408985749,0.014096492901444435,0.004194359760731459,0.0004438063479028642,0.9810011982917786
1655,260,thunderstorm__fsd50k__dev__29675__0042__r0.wav,thunderstorm,thunderstorm,1,0.00011244188499404117,0.00011244188499404117,0.0006451027002185583,0.0005397719796746969,0.00027417021919973195,0.9983160495758057
1656,260,thunderstorm__fsd50k__dev__29675__0042__r0.wav,thunderstorm,thunderstorm,1,0.00011192118108738214,0.0013100462965667248,0.001805675565265119,0.002579150954261422,0.0005002962425351143,0.9936929941177368
1657,260,thunderstorm__fsd50k__dev__29675__0042__r0.wav,thunderstorm,thunderstorm,1,0.0098781269043684,0.050924185663461685,0.056672871112823486,0.020884884521365166,0.010236660949885845,0.8514032363891602
1658,260,thunderstorm__fsd50k__dev__29675__0042__r0.wav,thunderstorm,gunshot_gunfire,0,0.0005964059964753687,0.03864855691790581,0.8594367504119873,0.015295282937586308,0.04301148280501366,0.04301148280501366
1659,260,thunderstorm__fsd50k__dev__29675__0042__r0.wav,thunderstorm,thunderstorm,1,0.0008357820333912969,0.011691916733980179,0.3220093846321106,0.08921869099140167,0.026546701788902283,0.5496975779533386
1660,261,thunderstorm__fsd50k__dev__31452__0043__r0.wav,thunderstorm,gunshot_gunfire,0,0.01488318108022213,0.14576444029808044,0.3309606611728668,0.12639120221138,0.09502707421779633,0.28697338700294495
1661,261,thunderstorm__fsd50k__dev__31452__0043__r0.wav,thunderstorm,thunderstorm,1,0.010834789834916592,0.06441763788461685,0.28795161843299866,0.052011888474226,0.03773544356226921,0.5470485687255859
1662,261,thunderstorm__fsd50k__dev__31452__0043__r0.wav,thunderstorm,thunderstorm,1,0.020823245868086815,0.08071020245552063,0.3481445014476776,0.09308145940303802,0.09645991027355194,0.36078065633773804
1663,261,thunderstorm__fsd50k__dev__31452__0043__r0.wav,thunderstorm,thunderstorm,1,0.0165236983448267,0.06636988371610641,0.3545718491077423,0.0851837694644928,0.053588174283504486,0.42376264929771423
1664,261,thunderstorm__fsd50k__dev__31452__0043__r0.wav,thunderstorm,gunshot_gunfire,0,0.011008731089532375,0.07548423856496811,0.40326401591300964,0.10039815306663513,0.047486305236816406,0.3623584806919098
1665,261,thunderstorm__fsd50k__dev__31452__0043__r0.wav,thunderstorm,thunderstorm,1,0.04382355511188507,0.086277537047863,0.2103729099035263,0.0696619376540184,0.05828772857785225,0.5315763354301453
1666,261,thunderstorm__fsd50k__dev__31452__0043__r0.wav,thunderstorm,thunderstorm,1,0.01118765864521265,0.037599723786115646,0.20816200971603394,0.037599723786115646,0.03035864420235157,0.6750922203063965
1667,261,thunderstorm__fsd50k__dev__31452__0043__r0.wav,thunderstorm,gunshot_gunfire,0,0.018017003312706947,0.14764538407325745,0.5930395126342773,0.04090790078043938,0.07236793637275696,0.12802216410636902
1668,261,thunderstorm__fsd50k__dev__31452__0043__r0.wav,thunderstorm,thunderstorm,1,0.0002692982670851052,0.005010667257010937,0.044096123427152634,0.0027332096360623837,0.0016592100728303194,0.946231484413147
1669,261,thunderstorm__fsd50k__dev__31452__0043__r0.wav,thunderstorm,thunderstorm,1,0.00011156380060128868,0.0007649664185009897,0.005837305914610624,0.0012601265916600823,0.0015060260193422437,0.9905200004577637
1670,261,thunderstorm__fsd50k__dev__31452__0043__r0.wav,thunderstorm,thunderstorm,1,0.00011222030298085883,0.00012942148896399885,0.0023237259592860937,0.00019852285913657397,0.000887411879375577,0.9963487386703491
1671,261,thunderstorm__fsd50k__dev__31452__0043__r0.wav,thunderstorm,thunderstorm,1,0.0008925814181566238,0.0009585503139533103,0.006572554353624582,0.015464731492102146,0.009059146046638489,0.9670524001121521
1672,261,thunderstorm__fsd50k__dev__31452__0043__r0.wav,thunderstorm,thunderstorm,1,0.00044212734792381525,0.001976342173293233,0.01133868470788002,0.036772601306438446,0.006409495137631893,0.9430606961250305
1673,262,thunderstorm__fsd50k__dev__328391__0044__r0.wav,thunderstorm,thunderstorm,1,0.004273085854947567,0.0015747023280709982,0.0184320118278265,0.006554596126079559,0.004755461122840643,0.964410126209259
1674,262,thunderstorm__fsd50k__dev__328391__0044__r0.wav,thunderstorm,thunderstorm,1,0.0038508272264152765,0.001955977873876691,0.035119038075208664,0.019156668335199356,0.006573691964149475,0.9333438277244568
1675,262,thunderstorm__fsd50k__dev__328391__0044__r0.wav,thunderstorm,thunderstorm,1,0.0037428829818964005,0.010907291434705257,0.05827067419886589,0.013508867472410202,0.0063894218765199184,0.9071808457374573
1676,262,thunderstorm__fsd50k__dev__328391__0044__r0.wav,thunderstorm,thunderstorm,1,0.011139558628201485,0.015911271795630455,0.07112456858158112,0.025292564183473587,0.01379653625190258,0.8627355098724365
1677,262,thunderstorm__fsd50k__dev__328391__0044__r0.wav,thunderstorm,thunderstorm,1,0.012012367136776447,0.022021722048521042,0.10571423172950745,0.033779677003622055,0.019787922501564026,0.806684136390686
1678,262,thunderstorm__fsd50k__dev__328391__0044__r0.wav,thunderstorm,thunderstorm,1,0.016654588282108307,0.005922526586800814,0.08585852384567261,0.017885509878396988,0.03278867527842522,0.8408902287483215
1679,262,thunderstorm__fsd50k__dev__328391__0044__r0.wav,thunderstorm,thunderstorm,1,0.007930181920528412,0.015065706335008144,0.21840667724609375,0.03420694172382355,0.04088204726576805,0.6835083961486816
1680,262,thunderstorm__fsd50k__dev__328391__0044__r0.wav,thunderstorm,thunderstorm,1,0.010894212871789932,0.01927235722541809,0.10295987129211426,0.034093670547008514,0.018597351387143135,0.8141825795173645
1681,262,thunderstorm__fsd50k__dev__328391__0044__r0.wav,thunderstorm,thunderstorm,1,0.007129616569727659,0.009826965630054474,0.07498759031295776,0.013544797897338867,0.01677546836435795,0.8777355551719666
1682,262,thunderstorm__fsd50k__dev__328391__0044__r0.wav,thunderstorm,thunderstorm,1,0.0030285855755209923,0.004988976288586855,0.03544984012842178,0.008218319155275822,0.006178933195769787,0.9421353340148926
1683,262,thunderstorm__fsd50k__dev__328391__0044__r0.wav,thunderstorm,thunderstorm,1,0.017945904284715652,0.008488048799335957,0.2601607143878937,0.24225589632987976,0.07208237051963806,0.39906713366508484
1684,262,thunderstorm__fsd50k__dev__328391__0044__r0.wav,thunderstorm,thunderstorm,1,0.0013762210728600621,0.018577933311462402,0.3218786418437958,0.013967795297503471,0.010501673445105553,0.6336978077888489
1685,262,thunderstorm__fsd50k__dev__328391__0044__r0.wav,thunderstorm,thunderstorm,1,0.003024623729288578,0.014519562013447285,0.24275299906730652,0.12777863442897797,0.020012743771076202,0.5919114351272583
1686,263,thunderstorm__fsd50k__dev__33246__0045__r0.wav,thunderstorm,gunshot_gunfire,0,0.0029436657205224037,0.08401459455490112,0.5558916330337524,0.0241226963698864,0.01879490166902542,0.31423255801200867
1687,263,thunderstorm__fsd50k__dev__33246__0045__r0.wav,thunderstorm,thunderstorm,1,0.007076331414282322,0.01989918015897274,0.28847721219062805,0.2247634381055832,0.03277983143925667,0.4270040988922119
1688,263,thunderstorm__fsd50k__dev__33246__0045__r0.wav,thunderstorm,thunderstorm,1,0.011387335136532784,0.005784052424132824,0.2624136805534363,0.2920367419719696,0.025855137035250664,0.4025229811668396
1689,263,thunderstorm__fsd50k__dev__33246__0045__r0.wav,thunderstorm,thunderstorm,1,0.001033676671795547,0.0021089124493300915,0.2172388881444931,0.018559368327260017,0.004458779003471136,0.7566003203392029
1690,263,thunderstorm__fsd50k__dev__33246__0045__r0.wav,thunderstorm,thunderstorm,1,0.02314908802509308,0.02971116453409195,0.12367077171802521,0.09635655581951141,0.04243815690279007,0.6846742033958435
1691,263,thunderstorm__fsd50k__dev__33246__0045__r0.wav,thunderstorm,thunderstorm,1,0.0018240028293803334,0.003996378276497126,0.03049556352198124,0.01494730357080698,0.046777915209531784,0.9019588828086853
1692,263,thunderstorm__fsd50k__dev__33246__0045__r0.wav,thunderstorm,thunderstorm,1,0.00019725805032067,0.00031356123508885503,0.005432722624391317,0.0010920726926997304,0.0029634302482008934,0.9900009632110596
1693,263,thunderstorm__fsd50k__dev__33246__0045__r0.wav,thunderstorm,thunderstorm,1,0.00011165784962940961,0.00011165784962940961,0.0039469157345592976,0.00296748336404562,0.0015072955284267664,0.9913550019264221
1694,263,thunderstorm__fsd50k__dev__33246__0045__r0.wav,thunderstorm,thunderstorm,1,0.00011177563283126801,0.00011177563283126801,0.00525515154004097,0.0014560375129804015,0.0006645557587035,0.9924007654190063
1695,263,thunderstorm__fsd50k__dev__33246__0045__r0.wav,thunderstorm,thunderstorm,1,0.00011247676593484357,0.00011247676593484357,0.0006008915370330215,0.00011247676593484357,0.0004359563463367522,0.9986257553100586
1696,263,thunderstorm__fsd50k__dev__33246__0045__r0.wav,thunderstorm,thunderstorm,1,0.00558259803801775,0.006212800275534391,0.032028522342443466,0.029824256896972656,0.012231436558067799,0.9141204357147217
1697,263,thunderstorm__fsd50k__dev__33246__0045__r0.wav,thunderstorm,thunderstorm,1,0.00011251106479903683,0.00011251106479903683,0.00019206611614208668,0.00011251106479903683,0.0005401040543802083,0.9989302754402161
1698,263,thunderstorm__fsd50k__dev__33246__0045__r0.wav,thunderstorm,thunderstorm,1,0.00011247439397266135,0.00011247439397266135,0.00033966285991482437,0.00011247439397266135,0.0007181339315138757,0.9986047148704529
1699,264,thunderstorm__fsd50k__dev__341960__0046__r0.wav,thunderstorm,thunderstorm,1,0.000634699419606477,0.016868140548467636,0.06538034230470657,0.11985880136489868,0.004199556075036526,0.7930585145950317
1700,264,thunderstorm__fsd50k__dev__341960__0046__r0.wav,thunderstorm,thunderstorm,1,0.00011223487672396004,0.0001546967978356406,0.002586379647254944,0.0003045586927328259,0.0003639900533016771,0.9964781403541565
1701,264,thunderstorm__fsd50k__dev__341960__0046__r0.wav,thunderstorm,thunderstorm,1,0.00011178092245245352,0.0004034413432236761,0.005848666187375784,0.0004996692878194153,0.0006887089693918824,0.9924477338790894
1702,264,thunderstorm__fsd50k__dev__341960__0046__r0.wav,thunderstorm,thunderstorm,1,0.00011139277194160968,0.00027161213802173734,0.009949504397809505,0.0002916867088060826,0.0003743712150026113,0.9890015125274658
1703,265,thunderstorm__fsd50k__dev__344434__0047__r0.wav,thunderstorm,thunderstorm,1,0.0028897314332425594,0.007046113256365061,0.057741355150938034,0.0767991691827774,0.0184505395591259,0.8370731472969055
1704,265,thunderstorm__fsd50k__dev__344434__0047__r0.wav,thunderstorm,thunderstorm,1,0.00011204379552509636,0.000620304374024272,0.001683247508481145,0.0011784500675275922,0.0016242925776168704,0.9947816729545593
1705,265,thunderstorm__fsd50k__dev__344434__0047__r0.wav,thunderstorm,thunderstorm,1,0.00011239182640565559,0.0001918625639518723,0.00043562715291045606,0.0007436528103426099,0.0006448155036196113,0.9978716373443604
1706,265,thunderstorm__fsd50k__dev__344434__0047__r0.wav,thunderstorm,thunderstorm,1,0.00011228108633076772,0.00012057967978762463,0.001515708863735199,0.0010239887051284313,0.0003390790952835232,0.9968884587287903
1707,265,thunderstorm__fsd50k__dev__344434__0047__r0.wav,thunderstorm,thunderstorm,1,0.00011191052908543497,0.00011191052908543497,0.001057653222233057,0.004099428188055754,0.0010206092847511172,0.993598461151123
1708,265,thunderstorm__fsd50k__dev__344434__0047__r0.wav,thunderstorm,thunderstorm,1,0.0003246010164730251,0.0034140765201300383,0.003294500056654215,0.003294500056654215,0.0007111987797543406,0.9889610409736633
1709,265,thunderstorm__fsd50k__dev__344434__0047__r0.wav,thunderstorm,thunderstorm,1,0.00011245101632084697,0.00017249141819775105,0.00021363358246162534,0.00030514522222802043,0.0007990357116796076,0.998397171497345
1710,265,thunderstorm__fsd50k__dev__344434__0047__r0.wav,thunderstorm,thunderstorm,1,0.00011254150012973696,0.00011254150012973696,0.00019211808103136718,0.00016074952145572752,0.00022156584600452334,0.9992005228996277
1711,265,thunderstorm__fsd50k__dev__344434__0047__r0.wav,thunderstorm,thunderstorm,1,0.0006689860601909459,0.0038381116464734077,0.035003066062927246,0.42458441853523254,0.010050253011286259,0.5258551836013794
1712,265,thunderstorm__fsd50k__dev__344434__0047__r0.wav,thunderstorm,thunderstorm,1,0.0001119132648454979,0.000576940830796957,0.0018055479740723968,0.001565577113069594,0.0023173680528998375,0.9936227202415466
1713,265,thunderstorm__fsd50k__dev__344434__0047__r0.wav,thunderstorm,thunderstorm,1,0.0024775199126452208,0.003179824212566018,0.06584400683641434,0.26447218656539917,0.06353787332773209,0.6004886031150818
1714,265,thunderstorm__fsd50k__dev__344434__0047__r0.wav,thunderstorm,thunderstorm,1,0.00021174782887101173,0.0015592117561027408,0.01324116438627243,0.029011309146881104,0.0010533786844462156,0.9549230933189392
1715,265,thunderstorm__fsd50k__dev__344434__0047__r0.wav,thunderstorm,thunderstorm,1,0.0002530926722101867,0.0010534824104979634,0.002478766953572631,0.004385049920529127,0.0021493190433830023,0.9896802306175232
1716,266,thunderstorm__fsd50k__dev__344435__0048__r0.wav,thunderstorm,glass_breaking,0,0.20261552929878235,0.3849276304244995,0.03659787029027939,0.013486916199326515,0.13688385486602783,0.22548817098140717
1717,266,thunderstorm__fsd50k__dev__344435__0048__r0.wav,thunderstorm,glass_breaking,0,0.18232333660125732,0.6127560138702393,0.05621868744492531,0.011711119674146175,0.06483586877584457,0.07215500622987747
1718,266,thunderstorm__fsd50k__dev__344435__0048__r0.wav,thunderstorm,speech,0,0.10420157015323639,0.22830495238304138,0.0729520246386528,0.011425778269767761,0.3379370868206024,0.24517866969108582
1719,266,thunderstorm__fsd50k__dev__344435__0048__r0.wav,thunderstorm,thunderstorm,1,0.03338764235377312,0.06573182344436646,0.0260135680437088,0.012750470079481602,0.03585527837276459,0.8262612223625183
1720,266,thunderstorm__fsd50k__dev__344435__0048__r0.wav,thunderstorm,thunderstorm,1,0.00016618630615994334,0.0015155973378568888,0.0006441327859647572,0.0002373735187575221,0.0006215723697096109,0.9968151450157166
1721,266,thunderstorm__fsd50k__dev__344435__0048__r0.wav,thunderstorm,thunderstorm,1,0.00011220456508453935,0.0004506864061113447,0.0006211944273672998,0.00028352192020975053,0.0023233999963849783,0.9962090253829956
1722,266,thunderstorm__fsd50k__dev__344435__0048__r0.wav,thunderstorm,thunderstorm,1,0.00011255919525865465,0.00011255919525865465,0.00011255919525865465,0.00011255919525865465,0.00019214829080738127,0.9993576407432556
1723,266,thunderstorm__fsd50k__dev__344435__0048__r0.wav,thunderstorm,thunderstorm,1,0.00011256815196247771,0.00011256815196247771,0.00011256815196247771,0.00011256815196247771,0.00011256815196247771,0.999437153339386
1724,266,thunderstorm__fsd50k__dev__344435__0048__r0.wav,thunderstorm,thunderstorm,1,0.00011256815196247771,0.00011256815196247771,0.00011256815196247771,0.00011256815196247771,0.00011256815196247771,0.999437153339386
1725,266,thunderstorm__fsd50k__dev__344435__0048__r0.wav,thunderstorm,thunderstorm,1,0.00011252240074099973,0.0001853578578447923,0.0002843250404112041,0.00011252240074099973,0.00027436655363999307,0.9990309476852417
1726,266,thunderstorm__fsd50k__dev__344435__0048__r0.wav,thunderstorm,thunderstorm,1,0.00011250362877035514,0.0001990240707527846,0.00013445749937091023,0.0001496359909651801,0.0005400684312917292,0.9988642930984497
1727,266,thunderstorm__fsd50k__dev__344435__0048__r0.wav,thunderstorm,thunderstorm,1,0.0002270920667797327,0.005423127207905054,0.004077371209859848,0.0008493720670230687,0.001170715200714767,0.9882523417472839
1728,266,thunderstorm__fsd50k__dev__344435__0048__r0.wav,thunderstorm,thunderstorm,1,0.0034902303013950586,0.007647072430700064,0.007924629375338554,0.0034902303013950586,0.0018371640471741557,0.9756105542182922
1729,267,thunderstorm__fsd50k__dev__345920__0049__r0.wav,thunderstorm,gunshot_gunfire,0,0.0001222557039000094,0.002919558435678482,0.9753445982933044,0.002919558435678482,0.004170174244791269,0.014523896388709545
1730,267,thunderstorm__fsd50k__dev__345920__0049__r0.wav,thunderstorm,thunderstorm,1,0.00013893736468162388,0.0011385612888261676,0.09813341498374939,0.005274177063256502,0.0003510708047542721,0.8949638605117798
1731,267,thunderstorm__fsd50k__dev__345920__0049__r0.wav,thunderstorm,thunderstorm,1,0.0007101790397427976,0.0010512074222788215,0.008021553047001362,0.0017945001600310206,0.0008795689209364355,0.987542986869812
1732,267,thunderstorm__fsd50k__dev__345920__0049__r0.wav,thunderstorm,thunderstorm,1,0.0001106722338590771,0.0001106722338590771,0.01687479205429554,0.0001106722338590771,0.00018892707885242999,0.9826042056083679
1733,268,thunderstorm__fsd50k__dev__359151__0050__r0.wav,thunderstorm,thunderstorm,1,0.1949273645877838,0.0339759960770607,0.04360717907547951,0.02842848375439644,0.0668901726603508,0.6321707963943481
1734,268,thunderstorm__fsd50k__dev__359151__0050__r0.wav,thunderstorm,thunderstorm,1,0.0039261081255972385,0.0013961612712591887,0.0009432243532501161,0.0006603557849302888,0.006945465225726366,0.9861288070678711
1735,268,thunderstorm__fsd50k__dev__359151__0050__r0.wav,thunderstorm,thunderstorm,1,0.0001124671907746233,0.000246414914727211,0.0005027369479648769,0.0001124671907746233,0.000485128810396418,0.9985407590866089
1736,268,thunderstorm__fsd50k__dev__359151__0050__r0.wav,thunderstorm,thunderstorm,1,0.00011247477232245728,0.00011247477232245728,0.0007992045138962567,0.00011247477232245728,0.00025537580950185657,0.9986080527305603
1737,268,thunderstorm__fsd50k__dev__359151__0050__r0.wav,thunderstorm,thunderstorm,1,0.00011254633864155039,0.00011254633864155039,0.0002744249068200588,0.00011254633864155039,0.00014444995031226426,0.9992434978485107
1738,268,thunderstorm__fsd50k__dev__359151__0050__r0.wav,thunderstorm,thunderstorm,1,0.00011250039824517444,0.00013933368609286845,0.0001990183664020151,0.00011250039824517444,0.0006010177894495428,0.9988356232643127
1739,268,thunderstorm__fsd50k__dev__359151__0050__r0.wav,thunderstorm,thunderstorm,1,0.00011252170224906877,0.00011252170224906877,0.0003781653649639338,0.00011660571180982515,0.0002554823877289891,0.9990247488021851
1740,268,thunderstorm__fsd50k__dev__359151__0050__r0.wav,thunderstorm,thunderstorm,1,0.00011254903074586764,0.00011254903074586764,0.0002555444370955229,0.00011254903074586764,0.00013939391646999866,0.9992673993110657
1741,268,thunderstorm__fsd50k__dev__359151__0050__r0.wav,thunderstorm,thunderstorm,1,0.00011252801050432026,0.00011252801050432026,0.00042087887413799763,0.00011252801050432026,0.0001607302692718804,0.9990807771682739
1742,268,thunderstorm__fsd50k__dev__359151__0050__r0.wav,thunderstorm,thunderstorm,1,0.00011239005834795535,0.00011239005834795535,0.001100737601518631,0.0005023921839892864,0.00031604914693161845,0.9978559613227844
1743,268,thunderstorm__fsd50k__dev__359151__0050__r0.wav,thunderstorm,thunderstorm,1,0.00011088499741163105,0.00019616064673755318,0.007716697175055742,0.006230593658983707,0.0012524593621492386,0.9844932556152344
1744,268,thunderstorm__fsd50k__dev__359151__0050__r0.wav,thunderstorm,thunderstorm,1,0.00011228049697820097,0.00011228049697820097,0.0016277240356430411,0.0001249556225957349,0.0011395777110010386,0.99688321352005
1745,268,thunderstorm__fsd50k__dev__359151__0050__r0.wav,thunderstorm,thunderstorm,1,0.00011244587949477136,0.0001724835456116125,0.0008580520516261458,0.00022137758787721395,0.00028413167456164956,0.9983515739440918
1746,269,thunderstorm__fsd50k__dev__363252__0051__r0.wav,thunderstorm,thunderstorm,1,0.013278808444738388,0.05146823450922966,0.149985671043396,0.053336307406425476,0.011931858025491238,0.7199991345405579
1747,269,thunderstorm__fsd50k__dev__363252__0051__r0.wav,thunderstorm,thunderstorm,1,0.02068992145359516,0.07738471031188965,0.031736791133880615,0.008793268352746964,0.017940066754817963,0.8434552550315857
1748,269,thunderstorm__fsd50k__dev__363252__0051__r0.wav,thunderstorm,thunderstorm,1,0.00858504418283701,0.020933154970407486,0.035734690725803375,0.005596780218183994,0.012707587331533432,0.9164426922798157
1749,269,thunderstorm__fsd50k__dev__363252__0051__r0.wav,thunderstorm,thunderstorm,1,0.00017663220933172852,0.0010882727801799774,0.009241852909326553,0.0023843985982239246,0.0005527743487618864,0.9865561723709106
1750,269,thunderstorm__fsd50k__dev__363252__0051__r0.wav,thunderstorm,thunderstorm,1,0.00011213559628231451,0.0002370833681197837,0.002875802107155323,0.0009868437191471457,0.00019142516248393804,0.995596706867218
1751,269,thunderstorm__fsd50k__dev__363252__0051__r0.wav,thunderstorm,thunderstorm,1,0.00011193363752681762,0.00011193363752681762,0.00526258023455739,0.00011193363752681762,0.000597989943344146,0.9938036203384399
1752,269,thunderstorm__fsd50k__dev__363252__0051__r0.wav,thunderstorm,thunderstorm,1,0.00011250476381974295,0.00011250476381974295,0.0003520860627759248,0.00011250476381974295,0.0004360649036243558,0.9988743662834167
1753,269,thunderstorm__fsd50k__dev__363252__0051__r0.wav,thunderstorm,thunderstorm,1,0.00011252496187807992,0.00017260483582504094,0.00011252496187807992,0.00011252496187807992,0.00043614316382445395,0.9990536570549011
1754,269,thunderstorm__fsd50k__dev__363252__0051__r0.wav,thunderstorm,thunderstorm,1,0.00011253172851866111,0.00011253172851866111,0.00011253172851866111,0.00011253172851866111,0.00043616938637569547,0.9991137385368347
1755,269,thunderstorm__fsd50k__dev__363252__0051__r0.wav,thunderstorm,thunderstorm,1,0.00011256336438236758,0.00011256336438236758,0.00011256336438236758,0.00011256336438236758,0.00015514956612605602,0.9993946552276611
1756,269,thunderstorm__fsd50k__dev__363252__0051__r0.wav,thunderstorm,thunderstorm,1,0.0005328638362698257,0.0056045325472950935,0.004213760606944561,0.002381939673796296,0.001728135161101818,0.9855388402938843
1757,269,thunderstorm__fsd50k__dev__363252__0051__r0.wav,thunderstorm,thunderstorm,1,0.00011250240640947595,0.00016069368575699627,0.0004682839789893478,0.00014963437570258975,0.0002554385573603213,0.9988534450531006
1758,269,thunderstorm__fsd50k__dev__363252__0051__r0.wav,thunderstorm,thunderstorm,1,0.0001125558846979402,0.0001125558846979402,0.0001125558846979402,0.0001125558846979402,0.00022159416403155774,0.9993282556533813
1759,270,thunderstorm__fsd50k__dev__367510__0052__r0.wav,thunderstorm,thunderstorm,1,0.01401670090854168,0.030710499733686447,0.024796178564429283,0.0041706194169819355,0.01799001730978489,0.9083160161972046
1760,270,thunderstorm__fsd50k__dev__367510__0052__r0.wav,thunderstorm,thunderstorm,1,0.005269100423902273,0.02814943715929985,0.10910627990961075,0.015912214294075966,0.00899480190128088,0.8325681686401367
1761,270,thunderstorm__fsd50k__dev__367510__0052__r0.wav,thunderstorm,thunderstorm,1,0.00314588425680995,0.020815089344978333,0.07785285264253616,0.012635908089578152,0.0061934529803693295,0.879356861114502
1762,270,thunderstorm__fsd50k__dev__367510__0052__r0.wav,thunderstorm,thunderstorm,1,0.0013831951655447483,0.004328738432377577,0.010554885491728783,0.00314056733623147,0.00362195516936481,0.9769706726074219
1763,270,thunderstorm__fsd50k__dev__367510__0052__r0.wav,thunderstorm,thunderstorm,1,0.003937843255698681,0.01421252079308033,0.19185812771320343,0.02030056156218052,0.026055164635181427,0.7436357736587524
1764,270,thunderstorm__fsd50k__dev__367510__0052__r0.wav,thunderstorm,thunderstorm,1,0.013204297982156277,0.016947323456406593,0.16016706824302673,0.023358996957540512,0.04437726363539696,0.7419450283050537
1765,270,thunderstorm__fsd50k__dev__367510__0052__r0.wav,thunderstorm,thunderstorm,1,0.002391888527199626,0.007757154293358326,0.15500013530254364,0.02104968950152397,0.014736992307007313,0.7990641593933105
1766,270,thunderstorm__fsd50k__dev__367510__0052__r0.wav,thunderstorm,thunderstorm,1,0.0011510528856888413,0.0036022465210407972,0.0469244122505188,0.007892499677836895,0.002806645818054676,0.9376232028007507
1767,270,thunderstorm__fsd50k__dev__367510__0052__r0.wav,thunderstorm,thunderstorm,1,0.00029116246150806546,0.002955117728561163,0.00670964689925313,0.0017310901312157512,0.0010890094563364983,0.9872239828109741
1768,270,thunderstorm__fsd50k__dev__367510__0052__r0.wav,thunderstorm,thunderstorm,1,0.00019871356198564172,0.0004845288349315524,0.0008882643887773156,0.0004054162127431482,0.0007171998731791973,0.9973058700561523
1769,270,thunderstorm__fsd50k__dev__367510__0052__r0.wav,thunderstorm,thunderstorm,1,0.0007338853902183473,0.003920679446309805,0.008590183220803738,0.0009419200359843671,0.0010482504731044173,0.9847651720046997
1770,270,thunderstorm__fsd50k__dev__367510__0052__r0.wav,thunderstorm,thunderstorm,1,0.00011253567936364561,0.00011662019824143499,0.00036496558459475636,0.00011253567936364561,0.0001444362715119496,0.9991488456726074
1771,270,thunderstorm__fsd50k__dev__367510__0052__r0.wav,thunderstorm,thunderstorm,1,0.00031463117920793593,0.0023167997132986784,0.0023167997132986784,0.0011355718597769737,0.0005371025763452053,0.9933789968490601
1772,271,thunderstorm__fsd50k__dev__37299__0053__r0.wav,thunderstorm,thunderstorm,1,0.0026564537547528744,0.03339210897684097,0.1294267177581787,0.008022255264222622,0.057003188878297806,0.7694992423057556
1773,271,thunderstorm__fsd50k__dev__37299__0053__r0.wav,thunderstorm,thunderstorm,1,0.00015609995170962065,0.00036729194107465446,0.06232495605945587,0.00018656118481885642,0.0006497559370473027,0.9363154172897339
1774,271,thunderstorm__fsd50k__dev__37299__0053__r0.wav,thunderstorm,thunderstorm,1,0.008095795288681984,0.0211991835385561,0.09820138663053513,0.009336723014712334,0.02921946719288826,0.8339475393295288
1775,271,thunderstorm__fsd50k__dev__37299__0053__r0.wav,thunderstorm,thunderstorm,1,0.008178616873919964,0.025595156475901604,0.23342441022396088,0.017291681841015816,0.03527856990695,0.6802316308021545
1776,271,thunderstorm__fsd50k__dev__37299__0053__r0.wav,thunderstorm,thunderstorm,1,0.0003532947739586234,0.002255739877000451,0.2679802179336548,0.001230456866323948,0.000993491499684751,0.7271867394447327
1777,271,thunderstorm__fsd50k__dev__37299__0053__r0.wav,thunderstorm,thunderstorm,1,0.0005167336203157902,0.0013056977186352015,0.03861825913190842,0.0027605779469013214,0.0010925066890195012,0.9557062983512878
1778,271,thunderstorm__fsd50k__dev__37299__0053__r0.wav,thunderstorm,thunderstorm,1,0.05680609494447708,0.13851191103458405,0.09357646852731705,0.09029899537563324,0.044259779155254364,0.5765467882156372
1779,271,thunderstorm__fsd50k__dev__37299__0053__r0.wav,thunderstorm,thunderstorm,1,0.0035934236366301775,0.01085181999951601,0.1880171149969101,0.0073313177563250065,0.007597410120069981,0.7826089262962341
1780,271,thunderstorm__fsd50k__dev__37299__0053__r0.wav,thunderstorm,gunshot_gunfire,0,0.00022259388060774654,0.001068550511263311,0.7282987833023071,0.001323418109677732,0.0006966116488911211,0.268390029668808
1781,271,thunderstorm__fsd50k__dev__37299__0053__r0.wav,thunderstorm,thunderstorm,1,0.0022370980586856604,0.04800450801849365,0.16719025373458862,0.0036851619370281696,0.004404281731694937,0.7744786739349365
1782,271,thunderstorm__fsd50k__dev__37299__0053__r0.wav,thunderstorm,thunderstorm,1,0.00615454837679863,0.01730705425143242,0.02751130238175392,0.007899182848632336,0.0027106378693133593,0.9384171962738037
1783,271,thunderstorm__fsd50k__dev__37299__0053__r0.wav,thunderstorm,thunderstorm,1,0.003954336512833834,0.005853208247572184,0.024363599717617035,0.00472598010674119,0.0026714869309216738,0.9584314227104187
1784,271,thunderstorm__fsd50k__dev__37299__0053__r0.wav,thunderstorm,thunderstorm,1,0.001075803185813129,0.0031350411009043455,0.00764425890520215,0.010536309331655502,0.002357076620683074,0.9752516150474548
1785,272,thunderstorm__fsd50k__dev__37304__0054__r0.wav,thunderstorm,thunderstorm,1,0.027245156466960907,0.06643263250589371,0.07939624786376953,0.13553619384765625,0.017139630392193794,0.6742501854896545
1786,272,thunderstorm__fsd50k__dev__37304__0054__r0.wav,thunderstorm,thunderstorm,1,0.06645360589027405,0.09836465865373611,0.048213135451078415,0.05177650973200798,0.036248981952667236,0.6989430785179138
1787,272,thunderstorm__fsd50k__dev__37304__0054__r0.wav,thunderstorm,thunderstorm,1,0.04093092307448387,0.04555150493979454,0.050693679600954056,0.03811397776007652,0.03549088537693024,0.7892190217971802
1788,272,thunderstorm__fsd50k__dev__37304__0054__r0.wav,thunderstorm,thunderstorm,1,0.01664622128009796,0.09896915405988693,0.03162438049912453,0.03162438049912453,0.01010518055409193,0.8110307455062866
1789,272,thunderstorm__fsd50k__dev__37304__0054__r0.wav,thunderstorm,thunderstorm,1,0.00046938430750742555,0.0016347733326256275,0.0228691678494215,0.007572792004793882,0.0013199439272284508,0.9661338925361633
1790,272,thunderstorm__fsd50k__dev__37304__0054__r0.wav,thunderstorm,thunderstorm,1,0.0004377241129986942,0.0018219973426312208,0.09199265390634537,0.059972070157527924,0.006814660504460335,0.8389609456062317
1791,272,thunderstorm__fsd50k__dev__37304__0054__r0.wav,thunderstorm,thunderstorm,1,0.0001110258890548721,0.0001110258890548721,0.011436773464083672,0.0024689086712896824,0.00012804400466848165,0.9857441782951355
1792,272,thunderstorm__fsd50k__dev__37304__0054__r0.wav,thunderstorm,thunderstorm,1,0.00011221381282666698,0.00011221381282666698,0.0023235916160047054,0.0008562811999581754,0.00030450153280980885,0.9962911605834961
1793,272,thunderstorm__fsd50k__dev__37304__0054__r0.wav,thunderstorm,thunderstorm,1,0.00011206802446395159,0.00011206802446395159,0.002676268806681037,0.0014598462730646133,0.000642957806121558,0.9949967861175537
1794,272,thunderstorm__fsd50k__dev__37304__0054__r0.wav,thunderstorm,thunderstorm,1,0.017248446121811867,0.03916288912296295,0.030513282865285873,0.05208878964185715,0.020614290609955788,0.8403722643852234
1795,272,thunderstorm__fsd50k__dev__37304__0054__r0.wav,thunderstorm,thunderstorm,1,0.00011242090113228187,0.00011242090113228187,0.0008578614215366542,0.00043573984294198453,0.000351823604432866,0.9981297850608826
1796,272,thunderstorm__fsd50k__dev__37304__0054__r0.wav,thunderstorm,thunderstorm,1,0.00011206718772882596,0.00023693873663432896,0.00277338526211679,0.0016246316954493523,0.0002636860008351505,0.9949893355369568
1797,272,thunderstorm__fsd50k__dev__37304__0054__r0.wav,thunderstorm,thunderstorm,1,0.0023878382053226233,0.014196758158504963,0.00959110353142023,0.01637282781302929,0.004076242446899414,0.9533752799034119
1798,273,thunderstorm__fsd50k__dev__375999__0055__r0.wav,thunderstorm,speech,0,0.2384951114654541,0.024351386353373528,0.12114052474498749,0.017667314037680626,0.4372221529483795,0.16112352907657623
1799,273,thunderstorm__fsd50k__dev__375999__0055__r0.wav,thunderstorm,thunderstorm,1,0.0031178216449916363,0.00592321390286088,0.22485025227069855,0.0033482550643384457,0.007079065311700106,0.7556813359260559
1800,273,thunderstorm__fsd50k__dev__375999__0055__r0.wav,thunderstorm,thunderstorm,1,0.00026483996771275997,0.0018159437458962202,0.2671889066696167,0.004588579759001732,0.0011023787083104253,0.7250393629074097
1801,273,thunderstorm__fsd50k__dev__375999__0055__r0.wav,thunderstorm,thunderstorm,1,0.00011160719441249967,0.00011160719441249967,0.19918926060199738,0.0004028139228466898,0.00011160719441249967,0.8000730872154236
1802,273,thunderstorm__fsd50k__dev__375999__0055__r0.wav,thunderstorm,thunderstorm,1,0.00010934351303149015,0.00010934351303149015,0.027464039623737335,0.001070900005288422,0.00043919458403252065,0.9708071947097778
1803,273,thunderstorm__fsd50k__dev__375999__0055__r0.wav,thunderstorm,thunderstorm,1,0.00011089486361015588,0.00011089486361015588,0.014661434106528759,0.0003596442402340472,0.0001762785395840183,0.9845808148384094
1804,273,thunderstorm__fsd50k__dev__375999__0055__r0.wav,thunderstorm,thunderstorm,1,0.0001097889689845033,0.00024054694222286344,0.023910867050290108,0.0005659895832650363,0.000410634238505736,0.9747621417045593
1805,273,thunderstorm__fsd50k__dev__375999__0055__r0.wav,thunderstorm,thunderstorm,1,0.0001116515340982005,0.0001116515340982005,0.00805206224322319,0.00031397235579788685,0.0001116515340982005,0.9912989735603333
1806,273,thunderstorm__fsd50k__dev__375999__0055__r0.wav,thunderstorm,thunderstorm,1,0.00010606720024952665,0.00016860449977684766,0.05435333773493767,0.0027201734483242035,0.0009334390633739531,0.9417183995246887
1807,273,thunderstorm__fsd50k__dev__375999__0055__r0.wav,thunderstorm,thunderstorm,1,0.00011254097626078874,0.00011254097626078874,0.00019211717881262302,0.00011254097626078874,0.00027441183920018375,0.9991958737373352
1808,273,thunderstorm__fsd50k__dev__375999__0055__r0.wav,thunderstorm,thunderstorm,1,0.00011246721987845376,0.00011246721987845376,0.0009550965041853487,0.00011246721987845376,0.00016647404117975384,0.998540997505188
1809,273,thunderstorm__fsd50k__dev__375999__0055__r0.wav,thunderstorm,thunderstorm,1,0.00011209792864974588,0.00012928036449011415,0.002979179145768285,0.0010978764621540904,0.00041927024722099304,0.9952622652053833
1810,273,thunderstorm__fsd50k__dev__375999__0055__r0.wav,thunderstorm,thunderstorm,1,0.00011164366151206195,0.00011164366151206195,0.00698138726875186,0.0009481026791036129,0.0006180891068652272,0.9912290573120117
1811,274,thunderstorm__fsd50k__dev__394070__0056__r0.wav,thunderstorm,thunderstorm,1,0.03203461319208145,0.21196040511131287,0.302755206823349,0.05667068436741829,0.04741764813661575,0.3491615056991577
1812,274,thunderstorm__fsd50k__dev__394070__0056__r0.wav,thunderstorm,gunshot_gunfire,0,0.0010117633501067758,0.015751533210277557,0.619644284248352,0.005601391661912203,0.007720567286014557,0.35027042031288147
1813,274,thunderstorm__fsd50k__dev__394070__0056__r0.wav,thunderstorm,thunderstorm,1,0.00011956930393353105,0.001257600262761116,0.0428970642387867,0.0013505482347682118,0.0004634463111869991,0.9539117217063904
1814,274,thunderstorm__fsd50k__dev__394070__0056__r0.wav,thunderstorm,thunderstorm,1,0.0005140064749866724,0.005406195763498545,0.3147979974746704,0.07562831789255142,0.005602417979389429,0.5980510711669922
1815,274,thunderstorm__fsd50k__dev__394070__0056__r0.wav,thunderstorm,thunderstorm,1,0.001017531380057335,0.008641097694635391,0.14971445500850677,0.009616564027965069,0.0021513206884264946,0.8288589715957642
1816,274,thunderstorm__fsd50k__dev__394070__0056__r0.wav,thunderstorm,thunderstorm,1,0.0011829221621155739,0.03498697280883789,0.342659056186676,0.013361242599785328,0.0016304566524922848,0.606179416179657
1817,275,thunderstorm__fsd50k__dev__394071__0057__r0.wav,thunderstorm,thunderstorm,1,0.028994662687182426,0.08153515309095383,0.11646132916212082,0.047762785106897354,0.057083167135715485,0.6681628823280334
1818,275,thunderstorm__fsd50k__dev__394071__0057__r0.wav,thunderstorm,thunderstorm,1,0.0001114869155571796,0.00043211973388679326,0.0009467715281061828,0.007758585270494223,0.0009136112639680505,0.9898373484611511
1819,275,thunderstorm__fsd50k__dev__394071__0057__r0.wav,thunderstorm,thunderstorm,1,0.00011231051030335948,0.000144147255923599,0.0008881252142600715,0.001314603490754962,0.00039115562685765326,0.997149646282196
1820,275,thunderstorm__fsd50k__dev__394071__0057__r0.wav,thunderstorm,thunderstorm,1,0.00010592969920253381,0.0003315092471893877,0.05829484015703201,0.0006077408907003701,0.00016248821339104325,0.9404975771903992
1821,275,thunderstorm__fsd50k__dev__394071__0057__r0.wav,thunderstorm,thunderstorm,1,0.00011164731404278427,0.0002446185681037605,0.005637075752019882,0.0023957707453519106,0.0003494026605039835,0.9912614822387695
1822,275,thunderstorm__fsd50k__dev__394071__0057__r0.wav,thunderstorm,thunderstorm,1,0.0001124064001487568,0.0001124064001487568,0.0015174004947766662,0.0001124064001487568,0.00014427033602260053,0.9980010390281677
1823,275,thunderstorm__fsd50k__dev__394071__0057__r0.wav,thunderstorm,thunderstorm,1,0.00011229871597606689,0.00043526626541279256,0.0012240008218213916,0.0005390847218222916,0.0006442813319154084,0.9970449805259705
1824,275,thunderstorm__fsd50k__dev__394071__0057__r0.wav,thunderstorm,thunderstorm,1,0.0001661376591073349,0.0009877621196210384,0.00019160332158207893,0.0007696027169004083,0.0013614624040201306,0.9965233206748962
1825,275,thunderstorm__fsd50k__dev__394071__0057__r0.wav,thunderstorm,thunderstorm,1,0.0434526763856411,0.16842114925384521,0.09520454704761505,0.10595190525054932,0.05989212542772293,0.5270776152610779
1826,275,thunderstorm__fsd50k__dev__394071__0057__r0.wav,thunderstorm,thunderstorm,1,0.0006187557009980083,0.003305616555735469,0.0006187557009980083,0.0013556898338720202,0.0018031408544629812,0.9922980666160583
1827,275,thunderstorm__fsd50k__dev__394071__0057__r0.wav,thunderstorm,thunderstorm,1,0.00011239601735724136,0.0006682442035526037,0.0002462589764036238,0.0005794295575469732,0.0004848217940889299,0.9979088306427002
1828,275,thunderstorm__fsd50k__dev__394071__0057__r0.wav,thunderstorm,thunderstorm,1,0.000848709954880178,0.005418899469077587,0.0023866361007094383,0.0020694343838840723,0.0017943893326446414,0.987481951713562
1829,275,thunderstorm__fsd50k__dev__394071__0057__r0.wav,thunderstorm,thunderstorm,1,0.0007145404815673828,0.002401441801339388,0.0005372263840399683,0.0010576632339507341,0.0016812614630907774,0.9936078786849976
1830,276,thunderstorm__fsd50k__dev__399870__0058__r0.wav,thunderstorm,thunderstorm,1,0.0008433610782958567,0.004505539778620005,0.006435520015656948,0.004669069778174162,0.0022885308135300875,0.9812580347061157
1831,276,thunderstorm__fsd50k__dev__399870__0058__r0.wav,thunderstorm,thunderstorm,1,0.0002183046017307788,0.0006831889622844756,0.01063615269958973,0.0028437296859920025,0.0011254141572862864,0.9844932556152344
1832,276,thunderstorm__fsd50k__dev__399870__0058__r0.wav,thunderstorm,thunderstorm,1,0.0034229611046612263,0.004889211151748896,0.26510119438171387,0.03866273909807205,0.041520263999700546,0.6464036703109741
1833,276,thunderstorm__fsd50k__dev__399870__0058__r0.wav,thunderstorm,thunderstorm,1,0.00011238210572628304,0.00012960810272488743,0.0012249096762388945,0.0004203331482131034,0.0003274973714724183,0.9977853298187256
1834,276,thunderstorm__fsd50k__dev__399870__0058__r0.wav,thunderstorm,thunderstorm,1,0.00011255205754423514,0.00011255205754423514,0.00011255205754423514,0.00011255205754423514,0.00025555130559951067,0.9992942810058594
1835,276,thunderstorm__fsd50k__dev__399870__0058__r0.wav,thunderstorm,thunderstorm,1,0.00011232081305934116,0.0003047919017262757,0.0011399867944419384,0.0007171533070504665,0.00048449740279465914,0.9972411394119263
1836,276,thunderstorm__fsd50k__dev__399870__0058__r0.wav,thunderstorm,thunderstorm,1,0.00013378354196902364,0.0010208755265921354,0.0018059746362268925,0.0018715248443186283,0.0013102632947266102,0.9938575625419617
1837,276,thunderstorm__fsd50k__dev__399870__0058__r0.wav,thunderstorm,thunderstorm,1,0.0005169722717255354,0.0010547295678406954,0.0038067451678216457,0.0016178758814930916,0.0021518634166568518,0.9908518195152283
1838,276,thunderstorm__fsd50k__dev__399870__0058__r0.wav,thunderstorm,thunderstorm,1,0.0001125379785662517,0.0001125379785662517,0.00023793410218786448,0.00012978786253370345,0.00023793410218786448,0.9991692304611206
1839,276,thunderstorm__fsd50k__dev__399870__0058__r0.wav,thunderstorm,thunderstorm,1,0.00011252911644987762,0.00019209693709854037,0.0001551023597130552,0.0001551023597130552,0.00029466228443197906,0.9990905523300171
1840,276,thunderstorm__fsd50k__dev__399870__0058__r0.wav,thunderstorm,thunderstorm,1,0.00011238497245358303,0.0010621370747685432,0.00019881415937561542,0.00045141103328205645,0.00036447684396989644,0.9978107810020447
1841,276,thunderstorm__fsd50k__dev__399870__0058__r0.wav,thunderstorm,thunderstorm,1,0.007609565742313862,0.10645171999931335,0.08003558963537216,0.032823964953422546,0.016672512516379356,0.7564067244529724
1842,277,thunderstorm__fsd50k__dev__414050__0059__r0.wav,thunderstorm,thunderstorm,1,0.0009091055835597217,0.0028450654353946447,0.008591844700276852,0.001253047725185752,0.0014451141469180584,0.9849557280540466
1843,277,thunderstorm__fsd50k__dev__414050__0059__r0.wav,thunderstorm,thunderstorm,1,0.00011249243107158691,0.00020622718147933483,0.00045184267219156027,0.00011249243107158691,0.0003520474710967392,0.9987648725509644
1844,277,thunderstorm__fsd50k__dev__414050__0059__r0.wav,thunderstorm,thunderstorm,1,0.0002530844940338284,0.0006627124967053533,0.005430786870419979,0.0019312381045892835,0.0020739741157740355,0.989648163318634
1845,277,thunderstorm__fsd50k__dev__414050__0059__r0.wav,thunderstorm,thunderstorm,1,0.00015440679271705449,0.0005775144672952592,0.07109849154949188,0.0010587305296212435,0.0009513370459899306,0.9261595010757446
1846,277,thunderstorm__fsd50k__dev__414050__0059__r0.wav,thunderstorm,thunderstorm,1,0.00010995032062055543,0.0005668213707394898,0.021517017856240273,0.000608714297413826,0.0010027324315160513,0.9761946797370911
1847,277,thunderstorm__fsd50k__dev__414050__0059__r0.wav,thunderstorm,thunderstorm,1,0.00010696957178879529,0.0002902708656620234,0.04925544187426567,0.00034691407927311957,0.00027029396733269095,0.9497300982475281
1848,277,thunderstorm__fsd50k__dev__414050__0059__r0.wav,thunderstorm,thunderstorm,1,0.00010913590085692704,0.0006724123377352953,0.028406821191310883,0.001323810312896967,0.0005239017773419619,0.9689638614654541
1849,277,thunderstorm__fsd50k__dev__414050__0059__r0.wav,thunderstorm,thunderstorm,1,0.00033254019217565656,0.0001269944477826357,0.013556497171521187,0.006411946844309568,0.0019078520126640797,0.9776641726493835
1850,277,thunderstorm__fsd50k__dev__414050__0059__r0.wav,thunderstorm,thunderstorm,1,0.00010735609976109117,0.00026176939718425274,0.044419094920158386,0.0011701287003234029,0.0008797601331025362,0.953161895275116
1851,277,thunderstorm__fsd50k__dev__414050__0059__r0.wav,thunderstorm,thunderstorm,1,0.0009351461194455624,0.0011581946164369583,0.14258672297000885,0.0046520596370100975,0.0029265598859637976,0.8477413058280945
1852,277,thunderstorm__fsd50k__dev__414050__0059__r0.wav,thunderstorm,thunderstorm,1,0.0002981737197842449,0.001381236594170332,0.011318931356072426,0.009139099158346653,0.002275305101647973,0.9755873084068298
1853,277,thunderstorm__fsd50k__dev__414050__0059__r0.wav,thunderstorm,thunderstorm,1,0.0013148325961083174,0.0034429447259753942,0.0575626865029335,0.00631179241463542,0.0026825268287211657,0.928685188293457
1854,277,thunderstorm__fsd50k__dev__414050__0059__r0.wav,thunderstorm,thunderstorm,1,0.00011070950858993456,0.0005507454625330865,0.013152215629816055,0.002375646959990263,0.0008754649315960705,0.9829351902008057
