clip_id,filename,actual_class,predicted_class,correct,patch_count,top1_score,top2_class,top2_score,top3_class,top3_score,score_dog_bark,score_glass_breaking,score_gunshot_gunfire,score_other,score_siren,score_speech,score_thunderstorm
0,dog_bark__esc50__fold_4__182395__0000__r0.wav,dog_bark,dog_bark,1,1,0.4506516754627228,other,0.27107930183410645,speech,0.20544245839118958,0.4506516754627228,0.002927267225459218,0.02134878747165203,0.27107930183410645,0.042696136981248856,0.20544245839118958,0.00585433654487133
1,dog_bark__esc50__fold_4__183992__0001__r0.wav,dog_bark,dog_bark,1,6,0.7507777810096741,speech,0.09037381410598755,thunderstorm,0.07686123996973038,0.7507777810096741,0.011619745753705502,0.015419620089232922,0.04608820006251335,0.008859583176672459,0.09037381410598755,0.07686123996973038
2,dog_bark__esc50__fold_4__184575__0002__r0.wav,dog_bark,dog_bark,1,6,0.9868819117546082,speech,0.004361218772828579,other,0.003553093411028385,0.9868819117546082,0.0005641023744828999,0.0009636380127631128,0.003553093411028385,0.0034080196637660265,0.004361218772828579,0.0002679189492482692
3,dog_bark__esc50__fold_4__191687__0003__r0.wav,dog_bark,dog_bark,1,5,0.9972060322761536,speech,0.00140976975671947,other,0.0012086433125659823,0.9972060322761536,2.2569034626940265e-05,8.398001227760687e-06,0.0012086433125659823,0.00013451679842546582,0.00140976975671947,1.0109046343131922e-05
4,dog_bark__esc50__fold_4__192236__0004__r0.wav,dog_bark,dog_bark,1,6,0.9882518649101257,speech,0.007961309514939785,other,0.0035353635903447866,0.9882518649101257,2.0231711459928192e-05,4.8644375056028366e-05,0.0035353635903447866,0.00011899347737198696,0.007961309514939785,6.362179556163028e-05
5,dog_bark__esc50__fold_4__194754__0005__r0.wav,dog_bark,dog_bark,1,6,0.8253958821296692,thunderstorm,0.08381427079439163,other,0.035780396312475204,0.8253958821296692,0.01751342974603176,0.014285250566899776,0.035780396312475204,0.011768482625484467,0.011442291550338268,0.08381427079439163
6,dog_bark__esc50__fold_4__199261__0006__r0.wav,dog_bark,dog_bark,1,6,0.7031468749046326,speech,0.23400835692882538,other,0.03379209712147713,0.7031468749046326,0.005530389025807381,0.0035028925631195307,0.03379209712147713,0.01855330914258957,0.23400835692882538,0.0014660712331533432
7,dog_bark__esc50__fold_4__207124__0007__r0.wav,dog_bark,dog_bark,1,6,0.9824422001838684,speech,0.008587710559368134,siren,0.005694749299436808,0.9824422001838684,0.00037405561306513846,0.0002593582612462342,0.0024518470745533705,0.005694749299436808,0.008587710559368134,0.00019008484377991408
8,dog_bark__fsd50k__dev__107190__0008__r0.wav,dog_bark,dog_bark,1,1,0.9790489673614502,speech,0.005536339711397886,siren,0.004602054599672556,0.9790489673614502,0.0020032417960464954,0.0018264084355905652,0.00333025841973722,0.004602054599672556,0.005536339711397886,0.0036526948679238558
9,dog_bark__fsd50k__dev__108631__0009__r0.wav,dog_bark,siren,0,13,0.34681907296180725,other,0.31053224205970764,thunderstorm,0.25162866711616516,0.01115474570542574,0.018678950145840645,0.027361441403627396,0.31053224205970764,0.34681907296180725,0.0338248610496521,0.25162866711616516
10,dog_bark__fsd50k__dev__116400__0010__r0.wav,dog_bark,dog_bark,1,13,0.6887099742889404,speech,0.13770833611488342,other,0.10339580476284027,0.6887099742889404,0.006793776527047157,0.0049146562814712524,0.10339580476284027,0.012535389512777328,0.13770833611488342,0.04594215005636215
11,dog_bark__fsd50k__dev__11722__0011__r0.wav,dog_bark,dog_bark,1,2,0.5218673348426819,other,0.19978269934654236,speech,0.11267554014921188,0.5218673348426819,0.04100378602743149,0.021205157041549683,0.19978269934654236,0.05720631405711174,0.11267554014921188,0.04625913128256798
12,dog_bark__fsd50k__dev__117271__0012__r0.wav,dog_bark,dog_bark,1,13,0.9185044169425964,other,0.04018016904592514,speech,0.012009511701762676,0.9185044169425964,0.00648812111467123,0.009378684684634209,0.04018016904592514,0.010045274160802364,0.012009511701762676,0.003393852850422263
13,dog_bark__fsd50k__dev__119420__0013__r0.wav,dog_bark,dog_bark,1,9,0.8617122769355774,thunderstorm,0.04852936416864395,speech,0.03023373708128929,0.8617122769355774,0.01991439051926136,0.005029851570725441,0.022832201793789864,0.011748123914003372,0.03023373708128929,0.04852936416864395
14,dog_bark__fsd50k__dev__121888__0014__r0.wav,dog_bark,dog_bark,1,1,0.9835447669029236,speech,0.010141272097826004,other,0.003669468220323324,0.9835447669029236,0.0002091250498779118,0.00043801520951092243,0.003669468220323324,0.0019215666688978672,0.010141272097826004,7.56688168621622e-05
15,dog_bark__fsd50k__dev__128042__0015__r0.wav,dog_bark,dog_bark,1,8,0.6299871206283569,speech,0.15626144409179688,glass_breaking,0.10022569447755814,0.6299871206283569,0.10022569447755814,0.007429158315062523,0.08473779261112213,0.0006345800356939435,0.15626144409179688,0.020724112167954445
16,dog_bark__fsd50k__dev__128891__0016__r0.wav,dog_bark,dog_bark,1,13,0.5975157618522644,speech,0.1618412882089615,other,0.11786709725856781,0.5975157618522644,0.04292292892932892,0.042397841811180115,0.11786709725856781,0.011939113028347492,0.1618412882089615,0.025515954941511154
17,dog_bark__fsd50k__dev__131258__0017__r0.wav,dog_bark,other,0,13,0.2972533404827118,dog_bark,0.20792627334594727,siren,0.16212333738803864,0.20792627334594727,0.06467746198177338,0.04665423184633255,0.2972533404827118,0.16212333738803864,0.0791555643081665,0.14220978319644928
18,dog_bark__fsd50k__dev__142641__0018__r0.wav,dog_bark,other,0,2,0.8441829085350037,thunderstorm,0.0620870366692543,speech,0.03776109963655472,0.017750870436429977,0.0034112660214304924,0.014976674690842628,0.8441829085350037,0.01983014866709709,0.03776109963655472,0.0620870366692543
19,dog_bark__fsd50k__dev__144028__0019__r0.wav,dog_bark,dog_bark,1,13,0.32379090785980225,speech,0.26732438802719116,other,0.1799335479736328,0.32379090785980225,0.0794982984662056,0.11605444550514221,0.1799335479736328,0.015319079160690308,0.26732438802719116,0.018079377710819244
20,dog_bark__fsd50k__dev__146343__0020__r0.wav,dog_bark,dog_bark,1,8,0.9962702989578247,speech,0.0016464805230498314,other,0.0012967627262696624,0.9962702989578247,7.69225152907893e-05,5.746249371441081e-05,0.0012967627262696624,0.0004954225150868297,0.0016464805230498314,0.00015656065079383552
21,dog_bark__fsd50k__dev__147672__0021__r0.wav,dog_bark,dog_bark,1,5,0.4488777220249176,other,0.20310604572296143,siren,0.13593406975269318,0.4488777220249176,0.026315361261367798,0.08622829616069794,0.20310604572296143,0.13593406975269318,0.05424049496650696,0.04529797285795212
22,dog_bark__fsd50k__dev__157950__0022__r0.wav,dog_bark,dog_bark,1,1,0.9876552224159241,speech,0.008865445852279663,other,0.002924663946032524,0.9876552224159241,8.334190351888537e-05,7.255379750858992e-05,0.002924663946032524,0.0003656197804957628,0.008865445852279663,3.3075739338528365e-05
23,dog_bark__fsd50k__dev__162148__0023__r0.wav,dog_bark,dog_bark,1,1,0.9967709183692932,other,0.0023427580017596483,speech,0.0007379640592262149,0.9967709183692932,2.2023688870831393e-05,1.917287227115594e-05,0.0023427580017596483,8.808895654510707e-05,0.0007379640592262149,1.917287227115594e-05
24,dog_bark__fsd50k__dev__167487__0024__r0.wav,dog_bark,other,0,9,0.4054534435272217,thunderstorm,0.35932958126068115,gunshot_gunfire,0.11151811480522156,0.018354488536715508,0.03160475939512253,0.11151811480522156,0.4054534435272217,0.059880051761865616,0.01385960727930069,0.35932958126068115
25,dog_bark__fsd50k__dev__170015__0025__r0.wav,dog_bark,dog_bark,1,3,0.5894561409950256,speech,0.16244764626026154,other,0.13005739450454712,0.5894561409950256,0.06318777054548264,0.012567378580570221,0.13005739450454712,0.004429697524756193,0.16244764626026154,0.0378539115190506
26,dog_bark__fsd50k__dev__178118__0026__r0.wav,dog_bark,siren,0,13,0.3955732583999634,other,0.23161816596984863,thunderstorm,0.2277078479528427,0.03976192697882652,0.010954717174172401,0.07605057209730148,0.23161816596984863,0.3955732583999634,0.01833348162472248,0.2277078479528427
27,dog_bark__fsd50k__dev__180052__0027__r0.wav,dog_bark,dog_bark,1,13,0.9936931133270264,speech,0.003114846535027027,other,0.0027110723312944174,0.9936931133270264,7.190964242909104e-05,0.00018058274872601032,0.0027110723312944174,0.00014022656250745058,0.003114846535027027,8.813372551230714e-05
28,dog_bark__fsd50k__dev__182395__0028__r0.wav,dog_bark,dog_bark,1,1,0.997051477432251,other,0.0016958045307546854,speech,0.0010200730757787824,0.997051477432251,1.3878289792046417e-05,1.5941854144330136e-05,0.0016958045307546854,0.0001606657460797578,0.0010200730757787824,4.206882294965908e-05
29,dog_bark__fsd50k__dev__184880__0029__r0.wav,dog_bark,other,0,10,0.697760283946991,speech,0.13090825080871582,thunderstorm,0.06532592326402664,0.014911778271198273,0.03727024048566818,0.04155435040593147,0.697760283946991,0.012269161641597748,0.13090825080871582,0.06532592326402664
30,dog_bark__fsd50k__dev__196127__0030__r0.wav,dog_bark,dog_bark,1,13,0.7986007332801819,other,0.07856837660074234,siren,0.03415650501847267,0.7986007332801819,0.01234707236289978,0.02825457975268364,0.07856837660074234,0.03415650501847267,0.025510083884000778,0.022562602534890175
31,dog_bark__fsd50k__dev__211548__0031__r0.wav,dog_bark,dog_bark,1,1,0.989197313785553,other,0.00443979213014245,speech,0.0032128377351909876,0.989197313785553,0.00046136602759361267,0.0005812784074805677,0.00443979213014245,0.0020240063313394785,0.0032128377351909876,8.347203402081504e-05
32,dog_bark__fsd50k__dev__220901__0032__r0.wav,dog_bark,dog_bark,1,13,0.31635600328445435,other,0.31242191791534424,speech,0.26632797718048096,0.31635600328445435,0.05462060496211052,0.016453897580504417,0.31242191791534424,0.013816027902066708,0.26632797718048096,0.020003587007522583
33,dog_bark__fsd50k__dev__220904__0033__r0.wav,dog_bark,siren,0,1,0.3443622589111328,gunshot_gunfire,0.31396421790122986,speech,0.09016800671815872,0.06833548098802567,0.08220856636762619,0.31396421790122986,0.06833548098802567,0.3443622589111328,0.09016800671815872,0.0326259583234787
34,dog_bark__fsd50k__dev__221207__0034__r0.wav,dog_bark,dog_bark,1,4,0.9906537532806396,speech,0.005243207793682814,siren,0.001734455581754446,0.9906537532806396,0.0003079086891375482,0.00023521421826444566,0.0016357629792764783,0.001734455581754446,0.005243207793682814,0.000189648344530724
35,dog_bark__fsd50k__dev__232271__0035__r0.wav,dog_bark,other,0,11,0.5538163781166077,dog_bark,0.15110859274864197,speech,0.13488124310970306,0.15110859274864197,0.012360528111457825,0.012623745948076248,0.5538163781166077,0.06040778011083603,0.13488124310970306,0.0748017355799675
36,dog_bark__fsd50k__dev__235913__0036__r0.wav,dog_bark,dog_bark,1,5,0.4748663008213043,speech,0.31022781133651733,other,0.17715391516685486,0.4748663008213043,0.024967683479189873,0.001385121955536306,0.17715391516685486,0.0046909586526453495,0.31022781133651733,0.006708188448101282
37,dog_bark__fsd50k__dev__236967__0037__r0.wav,dog_bark,dog_bark,1,1,0.41344645619392395,other,0.32815635204315186,gunshot_gunfire,0.17997026443481445,0.41344645619392395,0.005371009930968285,0.17997026443481445,0.32815635204315186,0.0017718678573146462,0.06819919496774673,0.003084918949753046
38,dog_bark__fsd50k__dev__244469__0038__r0.wav,dog_bark,dog_bark,1,13,0.8534693121910095,speech,0.07973814755678177,other,0.040027983486652374,0.8534693121910095,0.011059914715588093,0.0016184275737032294,0.040027983486652374,0.0010031096171587706,0.07973814755678177,0.013083077035844326
39,dog_bark__fsd50k__dev__261286__0039__r0.wav,dog_bark,dog_bark,1,6,0.6741415858268738,other,0.19357705116271973,speech,0.07557182759046555,0.6741415858268738,0.03392784297466278,0.0025143532548099756,0.19357705116271973,0.0017179334536194801,0.07557182759046555,0.018549466505646706
40,dog_bark__fsd50k__dev__264332__0040__r0.wav,dog_bark,dog_bark,1,7,0.8182274699211121,gunshot_gunfire,0.09013395756483078,other,0.04940188676118851,0.8182274699211121,0.0033935457468032837,0.09013395756483078,0.04940188676118851,0.010761124081909657,0.01816708967089653,0.009914891794323921
41,dog_bark__fsd50k__dev__266603__0041__r0.wav,dog_bark,dog_bark,1,13,0.9067165851593018,siren,0.02710006758570671,speech,0.026764778420329094,0.9067165851593018,0.0017655313713476062,0.0032421057112514973,0.02428712509572506,0.02710006758570671,0.026764778420329094,0.01012379489839077
42,dog_bark__fsd50k__dev__327138__0042__r0.wav,dog_bark,dog_bark,1,13,0.6499159336090088,speech,0.10092814266681671,thunderstorm,0.09676028043031693,0.6499159336090088,0.01422762218862772,0.02254917286336422,0.08562887459993362,0.02998998388648033,0.10092814266681671,0.09676028043031693
43,dog_bark__fsd50k__dev__348332__0043__r0.wav,dog_bark,dog_bark,1,3,0.9225552678108215,speech,0.0305490642786026,siren,0.025093277916312218,0.9225552678108215,0.0018436041427776217,0.004627530928701162,0.014686580747365952,0.025093277916312218,0.0305490642786026,0.0006447397754527628
44,dog_bark__fsd50k__dev__34872__0044__r0.wav,dog_bark,dog_bark,1,12,0.9048997759819031,other,0.0533345490694046,speech,0.03571424260735512,0.9048997759819031,0.0019496226450428367,0.0006937252474017441,0.0533345490694046,0.002333740470930934,0.03571424260735512,0.001074364292435348
45,dog_bark__fsd50k__dev__35296__0045__r0.wav,dog_bark,thunderstorm,0,13,0.34574559330940247,dog_bark,0.25790268182754517,siren,0.1619795262813568,0.25790268182754517,0.005891343578696251,0.016520095989108086,0.13829754292964935,0.1619795262813568,0.07366316765546799,0.34574559330940247
46,dog_bark__fsd50k__dev__360411__0046__r0.wav,dog_bark,dog_bark,1,13,0.5750693082809448,other,0.2639414072036743,speech,0.08372648060321808,0.5750693082809448,0.02234814316034317,0.0065290359780192375,0.2639414072036743,0.01039587426930666,0.08372648060321808,0.037989839911460876
47,dog_bark__fsd50k__dev__364662__0047__r0.wav,dog_bark,dog_bark,1,13,0.563029408454895,other,0.18732260167598724,thunderstorm,0.12084201723337173,0.563029408454895,0.03369085118174553,0.004708254709839821,0.18732260167598724,0.011178676038980484,0.07922811806201935,0.12084201723337173
48,dog_bark__fsd50k__dev__365089__0048__r0.wav,dog_bark,dog_bark,1,10,0.9082071185112,speech,0.0631815642118454,other,0.02205680124461651,0.9082071185112,0.0008880855748429894,0.00048080855049192905,0.02205680124461651,0.00475394306704402,0.0631815642118454,0.0004317205457482487
49,dog_bark__fsd50k__dev__36902__0049__r0.wav,dog_bark,dog_bark,1,7,0.9944497346878052,siren,0.0019959488417953253,speech,0.0016011048574000597,0.9944497346878052,0.00014708444359712303,9.71871122601442e-05,0.001209017587825656,0.0019959488417953253,0.0016011048574000597,0.0004998749936930835
50,dog_bark__fsd50k__dev__369648__0050__r0.wav,dog_bark,dog_bark,1,4,0.8013620376586914,speech,0.09933611750602722,siren,0.05808134749531746,0.8013620376586914,0.001426689326763153,0.0015274055767804384,0.02950434200465679,0.05808134749531746,0.09933611750602722,0.008762090466916561
51,dog_bark__fsd50k__dev__370714__0051__r0.wav,dog_bark,speech,0,13,0.3661404252052307,dog_bark,0.3569377362728119,other,0.10696171969175339,0.3569377362728119,0.10246129333972931,0.02728358283638954,0.10696171969175339,0.02051057666540146,0.3661404252052307,0.019704632461071014
52,dog_bark__fsd50k__dev__379531__0052__r0.wav,dog_bark,dog_bark,1,13,0.4784094989299774,other,0.24422286450862885,glass_breaking,0.11946665495634079,0.4784094989299774,0.11946665495634079,0.014604810625314713,0.24422286450862885,0.0036114586982876062,0.03778969869017601,0.1018950417637825
53,dog_bark__fsd50k__dev__381434__0053__r0.wav,dog_bark,dog_bark,1,6,0.3004407584667206,other,0.2938326895236969,speech,0.27146193385124207,0.3004407584667206,0.03850829228758812,0.03486989066004753,0.2938326895236969,0.049152206629514694,0.27146193385124207,0.011734222061932087
54,dog_bark__fsd50k__dev__381692__0054__r0.wav,dog_bark,thunderstorm,0,13,0.6295474171638489,speech,0.13269613683223724,gunshot_gunfire,0.11006501317024231,0.03731483966112137,0.011375978589057922,0.11006501317024231,0.06308098882436752,0.015919558703899384,0.13269613683223724,0.6295474171638489
55,dog_bark__fsd50k__dev__381799__0055__r0.wav,dog_bark,other,0,1,0.9376789331436157,speech,0.022211141884326935,siren,0.017629196867346764,3.444245157879777e-05,5.9966190747218207e-05,0.016833122819662094,0.9376789331436157,0.017629196867346764,0.022211141884326935,0.005553158465772867
56,dog_bark__fsd50k__dev__389254__0056__r0.wav,dog_bark,speech,0,2,0.8006422519683838,dog_bark,0.1398722231388092,other,0.0368853360414505,0.1398722231388092,0.0006764207500964403,0.0014575725654140115,0.0368853360414505,0.019258303567767143,0.8006422519683838,0.0012078789295628667
57,dog_bark__fsd50k__dev__398724__0057__r0.wav,dog_bark,dog_bark,1,6,0.5435722470283508,other,0.18959146738052368,speech,0.10534820705652237,0.5435722470283508,0.06528238952159882,0.0356430821120739,0.18959146738052368,0.032328683882951736,0.10534820705652237,0.028233954682946205
58,dog_bark__fsd50k__dev__400576__0058__r0.wav,dog_bark,dog_bark,1,12,0.5740423798561096,other,0.2597576081752777,thunderstorm,0.05508284643292427,0.5740423798561096,0.05005524680018425,0.006397470366209745,0.2597576081752777,0.0012999483151361346,0.05336451902985573,0.05508284643292427
59,dog_bark__fsd50k__dev__404233__0059__r0.wav,dog_bark,dog_bark,1,1,0.9951871633529663,other,0.0030863347928971052,speech,0.001543219666928053,0.9951871633529663,2.6452749807504006e-05,6.076996942283586e-05,0.0030863347928971052,7.31070977053605e-05,0.001543219666928053,2.3028576833894476e-05
60,glass_breaking__esc50__fold_4__204115__0000__r0.wav,glass_breaking,glass_breaking,1,1,0.9607484340667725,other,0.024960992857813835,speech,0.011379184201359749,0.0005645608180202544,0.9607484340667725,0.001129084499552846,0.024960992857813835,0.0011824807152152061,0.011379184201359749,3.528979868860915e-05
61,glass_breaking__esc50__fold_4__204119__0001__r0.wav,glass_breaking,glass_breaking,1,1,0.9416542053222656,other,0.04460912197828293,gunshot_gunfire,0.01064939796924591,1.195017193822423e-05,0.9416542053222656,0.01064939796924591,0.04460912197828293,0.0012137898011133075,0.0017566487658768892,0.0001048469275701791
62,glass_breaking__esc50__fold_4__204121__0002__r0.wav,glass_breaking,glass_breaking,1,2,0.7141092419624329,other,0.14517392218112946,gunshot_gunfire,0.03922588378190994,0.03215084597468376,0.7141092419624329,0.03922588378190994,0.14517392218112946,0.025675470009446144,0.03305555880069733,0.010609044693410397
63,glass_breaking__esc50__fold_4__204123__0003__r0.wav,glass_breaking,glass_breaking,1,2,0.8646395802497864,other,0.08940073102712631,gunshot_gunfire,0.02032577618956566,0.0009492082172073424,0.8646395802497864,0.02032577618956566,0.08940073102712631,0.00485648587346077,0.019142715260386467,0.0006855243700556457
64,glass_breaking__esc50__fold_4__204777__0004__r0.wav,glass_breaking,glass_breaking,1,6,0.46677982807159424,gunshot_gunfire,0.35293224453926086,siren,0.06739500910043716,0.0042585222981870174,0.46677982807159424,0.35293224453926086,0.06190076470375061,0.06739500910043716,0.015113201923668385,0.03162044659256935
65,glass_breaking__esc50__fold_4__204777__0005__r0.wav,glass_breaking,glass_breaking,1,6,0.35979774594306946,gunshot_gunfire,0.19627965986728668,other,0.17713312804698944,0.008098953403532505,0.35979774594306946,0.19627965986728668,0.17713312804698944,0.10802928358316422,0.0354929082095623,0.11516829580068588
66,glass_breaking__esc50__fold_4__204777__0006__r0.wav,glass_breaking,siren,0,4,0.2722834646701813,gunshot_gunfire,0.2550598382949829,glass_breaking,0.22430235147476196,0.0015744476113468409,0.22430235147476196,0.2550598382949829,0.15662813186645508,0.2722834646701813,0.05318388342857361,0.036967866122722626
67,glass_breaking__esc50__fold_4__212698__0007__r0.wav,glass_breaking,gunshot_gunfire,0,2,0.4725032448768616,glass_breaking,0.4217553734779358,other,0.09813104569911957,0.00023955371580086648,0.4217553734779358,0.4725032448768616,0.09813104569911957,0.002022424479946494,0.0009655820322223008,0.004382832441478968
68,glass_breaking__fsd50k__dev__115922__0010__r0.wav,glass_breaking,other,0,13,0.2534598112106323,glass_breaking,0.24859653413295746,speech,0.19676151871681213,0.02104496769607067,0.24859653413295746,0.13909167051315308,0.2534598112106323,0.0027521017473191023,0.19676151871681213,0.13829347491264343
69,glass_breaking__fsd50k__dev__118515__0031__r0.wav,glass_breaking,gunshot_gunfire,0,1,0.5635035037994385,glass_breaking,0.3893633484840393,other,0.032114382833242416,0.0003311295004095882,0.3893633484840393,0.5635035037994385,0.032114382833242416,0.0003161768545396626,0.00220177648589015,0.01216964889317751
70,glass_breaking__fsd50k__dev__126465__0028__r0.wav,glass_breaking,glass_breaking,1,13,0.6494832634925842,other,0.21824082732200623,siren,0.07271801680326462,0.004883401561528444,0.6494832634925842,0.017555104568600655,0.21824082732200623,0.07271801680326462,0.012138428166508675,0.02498091384768486
71,glass_breaking__fsd50k__dev__127543__0058__r0.wav,glass_breaking,glass_breaking,1,1,0.4732170104980469,gunshot_gunfire,0.29811468720436096,other,0.1878046989440918,0.01070309616625309,0.4732170104980469,0.29811468720436096,0.1878046989440918,0.01622253656387329,0.012875978834927082,0.0010620001703500748
72,glass_breaking__fsd50k__dev__144321__0055__r0.wav,glass_breaking,glass_breaking,1,2,0.9481126070022583,other,0.027131710201501846,gunshot_gunfire,0.02354609966278076,0.00017523890710435808,0.9481126070022583,0.02354609966278076,0.027131710201501846,0.00043832295341417193,0.000438633665908128,0.0001574389752931893
73,glass_breaking__fsd50k__dev__145209__0014__r0.wav,glass_breaking,gunshot_gunfire,0,13,0.6988356709480286,glass_breaking,0.1781952977180481,other,0.11515485495328903,0.0001662142458371818,0.1781952977180481,0.6988356709480286,0.11515485495328903,0.0006893363315612078,0.0008473194320686162,0.006111276336014271
74,glass_breaking__fsd50k__dev__147867__0040__r0.wav,glass_breaking,glass_breaking,1,1,0.4374634623527527,other,0.3636394441127777,speech,0.1443168669939041,0.0019634575583040714,0.4374634623527527,0.043406736105680466,0.3636394441127777,0.007853304967284203,0.1443168669939041,0.001356688211672008
75,glass_breaking__fsd50k__dev__159197__0039__r0.wav,glass_breaking,glass_breaking,1,9,0.8192371726036072,other,0.16478268802165985,gunshot_gunfire,0.008843716233968735,0.000328405003529042,0.8192371726036072,0.008843716233968735,0.16478268802165985,0.004427185747772455,0.001954002771526575,0.00042682301136665046
76,glass_breaking__fsd50k__dev__161309__0009__r0.wav,glass_breaking,other,0,2,0.48988673090934753,glass_breaking,0.37502729892730713,gunshot_gunfire,0.10202926397323608,0.002994219306856394,0.37502729892730713,0.10202926397323608,0.48988673090934753,0.0024116993881762028,0.013675355352461338,0.013975473120808601
77,glass_breaking__fsd50k__dev__163364__0033__r0.wav,glass_breaking,glass_breaking,1,13,0.9179299473762512,gunshot_gunfire,0.05309157818555832,other,0.02514919452369213,0.0007818450103513896,0.9179299473762512,0.05309157818555832,0.02514919452369213,0.0010567661374807358,0.001345995580777526,0.0006446932093240321
78,glass_breaking__fsd50k__dev__199906__0050__r0.wav,glass_breaking,glass_breaking,1,1,0.9898438453674316,other,0.009745349176228046,gunshot_gunfire,0.00030459341360256076,7.556227956229122e-06,0.9898438453674316,0.00030459341360256076,0.009745349176228046,7.556227956229122e-06,8.352658915100619e-05,7.556227956229122e-06
79,glass_breaking__fsd50k__dev__202093__0025__r0.wav,glass_breaking,glass_breaking,1,1,0.9352982044219971,other,0.04230723902583122,gunshot_gunfire,0.017584437504410744,0.0015907733468338847,0.9352982044219971,0.017584437504410744,0.04230723902583122,0.002004226902499795,0.0009136837907135487,0.00030141964089125395
80,glass_breaking__fsd50k__dev__204777__0022__r0.wav,glass_breaking,glass_breaking,1,13,0.7351334095001221,gunshot_gunfire,0.093398317694664,other,0.08670060336589813,0.00761124724522233,0.7351334095001221,0.093398317694664,0.08670060336589813,0.04047022759914398,0.01453826017677784,0.022147875279188156
81,glass_breaking__fsd50k__dev__208696__0018__r0.wav,glass_breaking,other,0,6,0.4248689115047455,glass_breaking,0.38479509949684143,speech,0.12446785718202591,0.00682606128975749,0.38479509949684143,0.048586681485176086,0.4248689115047455,0.004571440163999796,0.12446785718202591,0.005883902311325073
82,glass_breaking__fsd50k__dev__212698__0036__r0.wav,glass_breaking,gunshot_gunfire,0,2,0.40721356868743896,glass_breaking,0.30678024888038635,other,0.27203547954559326,0.0005959514528512955,0.30678024888038635,0.40721356868743896,0.27203547954559326,0.001971476711332798,0.008465302176773548,0.0029379543848335743
83,glass_breaking__fsd50k__dev__223552__0013__r0.wav,glass_breaking,glass_breaking,1,1,0.8679366707801819,gunshot_gunfire,0.04509782791137695,other,0.032634854316711426,0.008159262128174305,0.8679366707801819,0.04509782791137695,0.032634854316711426,0.00937246810644865,0.005637797061353922,0.031161190941929817
84,glass_breaking__fsd50k__dev__244238__0043__r0.wav,glass_breaking,glass_breaking,1,1,0.6315314769744873,gunshot_gunfire,0.33070996403694153,other,0.031332485377788544,0.00016917863104026765,0.6315314769744873,0.33070996403694153,0.031332485377788544,0.0027064939495176077,0.0032559523824602365,0.0002945492451544851
85,glass_breaking__fsd50k__dev__245410__0059__r0.wav,glass_breaking,glass_breaking,1,3,0.7435527443885803,other,0.20981834828853607,gunshot_gunfire,0.035158444195985794,0.001266846084035933,0.7435527443885803,0.035158444195985794,0.20981834828853607,0.002182456897571683,0.005014542490243912,0.0030065777245908976
86,glass_breaking__fsd50k__dev__249874__0044__r0.wav,glass_breaking,glass_breaking,1,1,0.85599684715271,gunshot_gunfire,0.07394084334373474,other,0.0674138218164444,1.247836735274177e-05,0.85599684715271,0.07394084334373474,0.0674138218164444,0.00028890909743495286,0.002311039250344038,3.611723877838813e-05
87,glass_breaking__fsd50k__dev__260433__0057__r0.wav,glass_breaking,glass_breaking,1,1,0.9449542164802551,other,0.0490996427834034,gunshot_gunfire,0.00559624470770359,2.3983291612239555e-05,0.9449542164802551,0.00559624470770359,0.0490996427834034,0.00010521436342969537,0.0001918470225064084,2.8852251489297487e-05
88,glass_breaking__fsd50k__dev__272065__0049__r0.wav,glass_breaking,glass_breaking,1,2,0.8644182682037354,other,0.11103798449039459,gunshot_gunfire,0.02310362085700035,7.578561053378507e-05,0.8644182682037354,0.02310362085700035,0.11103798449039459,0.0002857692597899586,0.0008972864015959203,0.00018130111857317388
89,glass_breaking__fsd50k__dev__272489__0024__r0.wav,glass_breaking,glass_breaking,1,2,0.6163232326507568,other,0.2882600426673889,gunshot_gunfire,0.03442583233118057,0.022646602243185043,0.6163232326507568,0.03442583233118057,0.2882600426673889,0.004941142164170742,0.018461989238858223,0.014941132627427578
90,glass_breaking__fsd50k__dev__273647__0035__r0.wav,glass_breaking,other,0,3,0.39664730429649353,glass_breaking,0.26471278071403503,thunderstorm,0.09608527272939682,0.0720910057425499,0.26471278071403503,0.09042798727750778,0.39664730429649353,0.021211156621575356,0.05882458761334419,0.09608527272939682
91,glass_breaking__fsd50k__dev__276938__0026__r0.wav,glass_breaking,glass_breaking,1,2,0.5529720783233643,other,0.2040455937385559,thunderstorm,0.20273643732070923,0.0001824606442824006,0.5529720783233643,0.012935505248606205,0.2040455937385559,0.00039196517900563776,0.026735903695225716,0.20273643732070923
92,glass_breaking__fsd50k__dev__321143__0051__r0.wav,glass_breaking,glass_breaking,1,4,0.61809241771698,other,0.29630178213119507,gunshot_gunfire,0.046288106590509415,0.0010815506102517247,0.61809241771698,0.046288106590509415,0.29630178213119507,0.000395209644921124,0.012778833508491516,0.025062020868062973
93,glass_breaking__fsd50k__dev__326422__0011__r0.wav,glass_breaking,other,0,6,0.4363299608230591,glass_breaking,0.4061150550842285,gunshot_gunfire,0.08414384722709656,0.010761336423456669,0.4061150550842285,0.08414384722709656,0.4363299608230591,0.0055978745222091675,0.027609167620539665,0.029442789033055305
94,glass_breaking__fsd50k__dev__327591__0054__r0.wav,glass_breaking,other,0,13,0.4033809304237366,glass_breaking,0.28747180104255676,gunshot_gunfire,0.13195279240608215,0.016750598326325417,0.28747180104255676,0.13195279240608215,0.4033809304237366,0.015263722278177738,0.057894203811883926,0.08728595077991486
95,glass_breaking__fsd50k__dev__328611__0021__r0.wav,glass_breaking,other,0,13,0.7553989887237549,glass_breaking,0.19601379334926605,gunshot_gunfire,0.021710647270083427,0.0005938473623245955,0.19601379334926605,0.021710647270083427,0.7553989887237549,0.0004540674271993339,0.020963873714208603,0.004864857532083988
96,glass_breaking__fsd50k__dev__352331__0053__r0.wav,glass_breaking,speech,0,7,0.3093610405921936,glass_breaking,0.22483956813812256,other,0.1905151754617691,0.003159046871587634,0.22483956813812256,0.14801713824272156,0.1905151754617691,0.001053204177878797,0.3093610405921936,0.12305473536252975
97,glass_breaking__fsd50k__dev__353626__0016__r0.wav,glass_breaking,glass_breaking,1,2,0.9140162467956543,other,0.06978107988834381,gunshot_gunfire,0.00822039321064949,0.0002899747923947871,0.9140162467956543,0.00822039321064949,0.06978107988834381,0.0015515841078013182,0.005894695874303579,0.000245968607487157
98,glass_breaking__fsd50k__dev__353928__0038__r0.wav,glass_breaking,thunderstorm,0,8,0.4895898103713989,gunshot_gunfire,0.3450402021408081,other,0.07422690838575363,0.005134588107466698,0.055243633687496185,0.3450402021408081,0.07422690838575363,0.01866857521235943,0.012096255086362362,0.4895898103713989
99,glass_breaking__fsd50k__dev__355340__0045__r0.wav,glass_breaking,glass_breaking,1,9,0.664480447769165,gunshot_gunfire,0.18466469645500183,other,0.127118781208992,0.004308650270104408,0.664480447769165,0.18466469645500183,0.127118781208992,0.008953984826803207,0.0060566565953195095,0.004416751209646463
100,glass_breaking__fsd50k__dev__360410__0023__r0.wav,glass_breaking,glass_breaking,1,7,0.9348792433738708,other,0.054118651896715164,gunshot_gunfire,0.005063850432634354,0.00038371485425159335,0.9348792433738708,0.005063850432634354,0.054118651896715164,0.0009114599088206887,0.004502581898123026,0.00014050165191292763
101,glass_breaking__fsd50k__dev__366179__0012__r0.wav,glass_breaking,glass_breaking,1,2,0.9223729968070984,other,0.055552177131175995,gunshot_gunfire,0.020467571914196014,0.0002415164199192077,0.9223729968070984,0.020467571914196014,0.055552177131175995,0.00039633302367292345,0.0007977488567121327,0.00017158486298285425
102,glass_breaking__fsd50k__dev__367624__0034__r0.wav,glass_breaking,gunshot_gunfire,0,1,0.7972220778465271,glass_breaking,0.16568292677402496,other,0.017217129468917847,0.00016185407002922148,0.16568292677402496,0.7972220778465271,0.017217129468917847,0.0017891376046463847,0.0014872117899358273,0.016439663246273994
103,glass_breaking__fsd50k__dev__371093__0017__r0.wav,glass_breaking,glass_breaking,1,1,0.9605159163475037,other,0.02495495229959488,gunshot_gunfire,0.014333239756524563,7.332345376198646e-06,0.9605159163475037,0.014333239756524563,0.02495495229959488,1.2189527296868619e-05,0.00014111559721641243,3.52812567143701e-05
104,glass_breaking__fsd50k__dev__372919__0008__r0.wav,glass_breaking,glass_breaking,1,13,0.8393778204917908,other,0.13644295930862427,speech,0.009955533780157566,0.0023162509314715862,0.8393778204917908,0.008815214969217777,0.13644295930862427,0.0030497198458760977,0.009955533780157566,4.244563388056122e-05
105,glass_breaking__fsd50k__dev__376197__0029__r0.wav,glass_breaking,glass_breaking,1,11,0.5376634001731873,other,0.23511730134487152,gunshot_gunfire,0.14989173412322998,0.007003775332123041,0.5376634001731873,0.14989173412322998,0.23511730134487152,0.021262386813759804,0.03981981799006462,0.009241587482392788
106,glass_breaking__fsd50k__dev__378321__0019__r0.wav,glass_breaking,other,0,7,0.4639637768268585,glass_breaking,0.4036734104156494,gunshot_gunfire,0.07001432031393051,0.003358909860253334,0.4036734104156494,0.07001432031393051,0.4639637768268585,0.004209720995277166,0.02122153900563717,0.03355831280350685
107,glass_breaking__fsd50k__dev__379015__0020__r0.wav,glass_breaking,glass_breaking,1,13,0.5008848905563354,other,0.36534106731414795,gunshot_gunfire,0.0765920951962471,0.007074231281876564,0.5008848905563354,0.0765920951962471,0.36534106731414795,0.017213094979524612,0.02130015753209591,0.011594465002417564
108,glass_breaking__fsd50k__dev__380840__0027__r0.wav,glass_breaking,other,0,13,0.4113445580005646,glass_breaking,0.28839653730392456,thunderstorm,0.1807662695646286,0.008207880891859531,0.28839653730392456,0.04504309594631195,0.4113445580005646,0.0023107908200472593,0.06393083930015564,0.1807662695646286
109,glass_breaking__fsd50k__dev__387177__0052__r0.wav,glass_breaking,other,0,6,0.4453181326389313,thunderstorm,0.22201800346374512,glass_breaking,0.21304018795490265,0.019189700484275818,0.21304018795490265,0.011568121612071991,0.4453181326389313,0.005024528596550226,0.08384129405021667,0.22201800346374512
110,glass_breaking__fsd50k__dev__401619__0048__r0.wav,glass_breaking,glass_breaking,1,2,0.7597237825393677,other,0.22583943605422974,gunshot_gunfire,0.011927435174584389,0.0003193856682628393,0.7597237825393677,0.011927435174584389,0.22583943605422974,0.0010448344983160496,0.000986402970738709,0.0001587932783877477
111,glass_breaking__fsd50k__dev__408218__0056__r0.wav,glass_breaking,glass_breaking,1,1,0.9586206078529358,other,0.022707194089889526,gunshot_gunfire,0.013659000396728516,0.001556816278025508,0.9586206078529358,0.013659000396728516,0.022707194089889526,0.0014865165576338768,0.0010757117997854948,0.0008941799751482904
112,glass_breaking__fsd50k__dev__41348__0037__r0.wav,glass_breaking,glass_breaking,1,1,0.8832013010978699,other,0.07989867776632309,gunshot_gunfire,0.02760467305779457,0.003295100759714842,0.8832013010978699,0.02760467305779457,0.07989867776632309,0.003450932912528515,0.001725523266941309,0.0008238305454142392
113,glass_breaking__fsd50k__dev__420356__0047__r0.wav,glass_breaking,glass_breaking,1,2,0.450438916683197,gunshot_gunfire,0.32397139072418213,other,0.1563565731048584,0.00637875497341156,0.450438916683197,0.32397139072418213,0.1563565731048584,0.0059978715144097805,0.007021876983344555,0.049834590405225754
114,glass_breaking__fsd50k__dev__426204__0041__r0.wav,glass_breaking,glass_breaking,1,1,0.8726013898849487,other,0.07197147607803345,gunshot_gunfire,0.0432928092777729,0.002834143117070198,0.8726013898849487,0.0432928092777729,0.07197147607803345,0.0012336818035691977,0.007832692936062813,0.00023375794989988208
115,glass_breaking__fsd50k__dev__430702__0046__r0.wav,glass_breaking,glass_breaking,1,2,0.4612550437450409,other,0.21324433386325836,speech,0.16250523924827576,0.12764962017536163,0.4612550437450409,0.003430436598137021,0.21324433386325836,0.01687462441623211,0.16250523924827576,0.015040704980492592
116,glass_breaking__fsd50k__dev__47012__0032__r0.wav,glass_breaking,thunderstorm,0,13,0.332185298204422,other,0.2136373519897461,glass_breaking,0.15200179815292358,0.013679915107786655,0.15200179815292358,0.11676498502492905,0.2136373519897461,0.10344456881284714,0.06828600913286209,0.332185298204422
117,glass_breaking__fsd50k__dev__68449__0030__r0.wav,glass_breaking,glass_breaking,1,1,0.9692064523696899,other,0.027618739753961563,speech,0.0030057618860155344,1.2881518159701955e-05,0.9692064523696899,0.00010791468957904726,0.027618739753961563,4.089395224582404e-05,0.0030057618860155344,7.398687102977419e-06
118,glass_breaking__fsd50k__dev__85550__0015__r0.wav,glass_breaking,glass_breaking,1,2,0.9791741371154785,other,0.019093744456768036,speech,0.0008811501320451498,9.66322113526985e-05,0.9791741371154785,0.00064969586674124,0.019093744456768036,8.456959039904177e-05,0.0008811501320451498,2.006551767408382e-05
119,glass_breaking__fsd50k__dev__92019__0042__r0.wav,glass_breaking,glass_breaking,1,9,0.4207402169704437,other,0.29089173674583435,gunshot_gunfire,0.1163828894495964,0.006219590548425913,0.4207402169704437,0.1163828894495964,0.29089173674583435,0.031140979379415512,0.034463196992874146,0.1001613587141037
120,gunshot_gunfire__fsd50k__dev__100465__0000__r0.wav,gunshot_gunfire,other,0,1,0.40316906571388245,gunshot_gunfire,0.2917516827583313,siren,0.20159131288528442,0.0069108279421925545,0.020948588848114014,0.2917516827583313,0.40316906571388245,0.20159131288528442,0.03175148740410805,0.043877098709344864
121,gunshot_gunfire__fsd50k__dev__115295__0001__r0.wav,gunshot_gunfire,gunshot_gunfire,1,1,0.5648108720779419,other,0.39026668667793274,siren,0.03530542552471161,4.766077472595498e-05,0.0005517585668712854,0.5648108720779419,0.39026668667793274,0.03530542552471161,0.008826949633657932,0.00019063038052991033
122,gunshot_gunfire__fsd50k__dev__128979__0002__r0.wav,gunshot_gunfire,gunshot_gunfire,1,2,0.9502767324447632,thunderstorm,0.03975273668766022,glass_breaking,0.005202475003898144,2.8561740691657178e-05,0.005202475003898144,0.9502767324447632,0.0035138498060405254,0.0004825206706300378,0.0007430881378240883,0.03975273668766022
123,gunshot_gunfire__fsd50k__dev__128981__0003__r0.wav,gunshot_gunfire,gunshot_gunfire,1,13,0.822665274143219,glass_breaking,0.08215821534395218,thunderstorm,0.06001745164394379,0.000750491046346724,0.08215821534395218,0.822665274143219,0.0260799340903759,0.004761761520057917,0.003566836006939411,0.06001745164394379
124,gunshot_gunfire__fsd50k__dev__137034__0004__r0.wav,gunshot_gunfire,gunshot_gunfire,1,2,0.9722844362258911,other,0.013440912589430809,thunderstorm,0.010869888588786125,7.244699372677132e-05,0.003131692996248603,0.9722844362258911,0.013440912589430809,8.777667244430631e-05,0.00011279023601673543,0.010869888588786125
125,gunshot_gunfire__fsd50k__dev__138679__0005__r0.wav,gunshot_gunfire,gunshot_gunfire,1,1,0.9832625389099121,other,0.005823115352541208,thunderstorm,0.005560166668146849,9.53083363128826e-05,0.004413155373185873,0.9832625389099121,0.005823115352541208,0.0001820030011003837,0.0006637030746787786,0.005560166668146849
126,gunshot_gunfire__fsd50k__dev__146323__0006__r0.wav,gunshot_gunfire,glass_breaking,0,2,0.47270897030830383,gunshot_gunfire,0.26803821325302124,other,0.2539704740047455,0.0009831089992076159,0.47270897030830383,0.26803821325302124,0.2539704740047455,0.001747932517901063,0.0010699265403673053,0.0014814066234976053
127,gunshot_gunfire__fsd50k__dev__147317__0007__r0.wav,gunshot_gunfire,gunshot_gunfire,1,1,0.9607054591178894,other,0.03144712373614311,thunderstorm,0.006240388844162226,7.333792382269166e-06,0.001296910224482417,0.9607054591178894,0.03144712373614311,8.89168368303217e-05,0.00021392907365225255,0.006240388844162226
128,gunshot_gunfire__fsd50k__dev__147901__0008__r0.wav,gunshot_gunfire,gunshot_gunfire,1,1,0.9843142032623291,other,0.012787058018147945,thunderstorm,0.0026574733201414347,7.514016033383086e-06,0.00016611447790637612,0.9843142032623291,0.012787058018147945,7.514016033383086e-06,6.010602373862639e-05,0.0026574733201414347
129,gunshot_gunfire__fsd50k__dev__148166__0009__r0.wav,gunshot_gunfire,gunshot_gunfire,1,1,0.9441139101982117,thunderstorm,0.04472564533352852,glass_breaking,0.007044478785246611,7.207136604847619e-06,0.007044478785246611,0.9441139101982117,0.004046098794788122,3.983521673944779e-05,2.2879910829942673e-05,0.04472564533352852
130,gunshot_gunfire__fsd50k__dev__149177__0010__r0.wav,gunshot_gunfire,gunshot_gunfire,1,1,0.9654054641723633,glass_breaking,0.019907809793949127,thunderstorm,0.010918006300926208,7.778577855788171e-05,0.019907809793949127,0.9654054641723633,0.0034391500521451235,0.00018714852922130376,6.465903425123543e-05,0.010918006300926208
131,gunshot_gunfire__fsd50k__dev__150139__0011__r0.wav,gunshot_gunfire,gunshot_gunfire,1,2,0.964693546295166,other,0.022806743159890175,thunderstorm,0.010476594790816307,1.2548704944492783e-05,0.0013414083514362574,0.964693546295166,0.022806743159890175,0.00011138963600387797,0.0005577268893830478,0.010476594790816307
132,gunshot_gunfire__fsd50k__dev__155654__0012__r0.wav,gunshot_gunfire,gunshot_gunfire,1,5,0.5046743154525757,other,0.19692003726959229,thunderstorm,0.1622198224067688,0.01476038433611393,0.07902655750513077,0.5046743154525757,0.19692003726959229,0.010652286000549793,0.031746573746204376,0.1622198224067688
133,gunshot_gunfire__fsd50k__dev__155790__0013__r0.wav,gunshot_gunfire,gunshot_gunfire,1,2,0.6543688774108887,thunderstorm,0.27078574895858765,glass_breaking,0.05017819255590439,6.130218389444053e-05,0.05017819255590439,0.6543688774108887,0.016685262322425842,0.007088059559464455,0.0008325373055413365,0.27078574895858765
134,gunshot_gunfire__fsd50k__dev__156904__0014__r0.wav,gunshot_gunfire,gunshot_gunfire,1,1,0.9746041297912598,thunderstorm,0.011543291620910168,other,0.011543291620910168,3.1164836400421336e-05,0.0019040991319343448,0.9746041297912598,0.011543291620910168,4.5103090087650344e-05,0.0003289403102826327,0.011543291620910168
135,gunshot_gunfire__fsd50k__dev__160590__0015__r0.wav,gunshot_gunfire,gunshot_gunfire,1,1,0.662962794303894,other,0.19039757549762726,thunderstorm,0.10935761779546738,4.870172051596455e-05,0.013671081513166428,0.662962794303894,0.19039757549762726,0.0028411962557584047,0.02072107046842575,0.10935761779546738
136,gunshot_gunfire__fsd50k__dev__161195__0016__r0.wav,gunshot_gunfire,gunshot_gunfire,1,1,0.974480152130127,other,0.020094940438866615,thunderstorm,0.0038075868505984545,7.438944976456696e-06,0.0011993816588073969,0.974480152130127,0.020094940438866615,3.263451799284667e-05,0.0003778026148211211,0.0038075868505984545
137,gunshot_gunfire__fsd50k__dev__161475__0017__r0.wav,gunshot_gunfire,gunshot_gunfire,1,2,0.847671627998352,other,0.07049902528524399,thunderstorm,0.053948238492012024,0.00015574658755213022,0.01803944818675518,0.847671627998352,0.07049902528524399,0.0059562441892921925,0.003729667514562607,0.053948238492012024
138,gunshot_gunfire__fsd50k__dev__162455__0018__r0.wav,gunshot_gunfire,gunshot_gunfire,1,3,0.7501656413078308,thunderstorm,0.23131103813648224,other,0.01146331150084734,0.00012596682063303888,0.003415625775232911,0.7501656413078308,0.01146331150084734,0.0029233500827103853,0.0005950951599515975,0.23131103813648224
139,gunshot_gunfire__fsd50k__dev__164020__0019__r0.wav,gunshot_gunfire,other,0,2,0.5029997229576111,glass_breaking,0.22697144746780396,gunshot_gunfire,0.17954543232917786,0.0003871018416248262,0.22697144746780396,0.17954543232917786,0.5029997229576111,0.017973970621824265,0.010134783573448658,0.06198759377002716
140,gunshot_gunfire__fsd50k__dev__165795__0020__r0.wav,gunshot_gunfire,gunshot_gunfire,1,1,0.8633813261985779,other,0.07810566574335098,glass_breaking,0.03399883210659027,0.00033472999348305166,0.03399883210659027,0.8633813261985779,0.07810566574335098,0.017803950235247612,0.002125212224200368,0.004250282887369394
141,gunshot_gunfire__fsd50k__dev__180961__0021__r0.wav,gunshot_gunfire,gunshot_gunfire,1,3,0.6804609894752502,thunderstorm,0.216993510723114,other,0.05737975239753723,0.023605868220329285,0.00311079528182745,0.6804609894752502,0.05737975239753723,0.0005147375050000846,0.01793430931866169,0.216993510723114
142,gunshot_gunfire__fsd50k__dev__184651__0022__r0.wav,gunshot_gunfire,gunshot_gunfire,1,1,0.8096908926963806,thunderstorm,0.1534201055765152,glass_breaking,0.030444784089922905,4.507837365963496e-05,0.030444784089922905,0.8096908926963806,0.005021954886615276,0.0006885923212394118,0.0006885923212394118,0.1534201055765152
143,gunshot_gunfire__fsd50k__dev__187534__0023__r0.wav,gunshot_gunfire,gunshot_gunfire,1,2,0.9696029424667358,other,0.029051784425973892,thunderstorm,0.0008530300110578537,7.401713446597569e-06,0.0004210749757476151,0.9696029424667358,0.029051784425973892,7.401713446597569e-06,5.640439849230461e-05,0.0008530300110578537
144,gunshot_gunfire__fsd50k__dev__197322__0024__r0.wav,gunshot_gunfire,gunshot_gunfire,1,13,0.7184121608734131,thunderstorm,0.20743773877620697,other,0.05936663597822189,0.0036337224300950766,0.006761789787560701,0.7184121608734131,0.05936663597822189,0.0006837808759883046,0.003704154398292303,0.20743773877620697
145,gunshot_gunfire__fsd50k__dev__198952__0025__r0.wav,gunshot_gunfire,gunshot_gunfire,1,13,0.5590417981147766,glass_breaking,0.1741933673620224,speech,0.11201227456331253,0.011964065954089165,0.1741933673620224,0.5590417981147766,0.10537589341402054,0.006903536152094603,0.11201227456331253,0.030509011819958687
146,gunshot_gunfire__fsd50k__dev__201667__0026__r0.wav,gunshot_gunfire,gunshot_gunfire,1,3,0.9549127221107483,other,0.030006101354956627,glass_breaking,0.00970754399895668,9.485041118750814e-06,0.00970754399895668,0.9549127221107483,0.030006101354956627,2.5095921955653466e-05,5.764489105786197e-05,0.005281419027596712
147,gunshot_gunfire__fsd50k__dev__212600__0027__r0.wav,gunshot_gunfire,gunshot_gunfire,1,1,0.9722639918327332,other,0.02526017650961876,glass_breaking,0.0012532457476481795,7.422027465509018e-06,0.0012532457476481795,0.9722639918327332,0.02526017650961876,7.422027465509018e-06,6.511839455924928e-05,0.0011426177807152271
148,gunshot_gunfire__fsd50k__dev__212602__0028__r0.wav,gunshot_gunfire,gunshot_gunfire,1,1,0.8814951777458191,other,0.04373405873775482,glass_breaking,0.036353737115859985,0.00039256809395737946,0.036353737115859985,0.8814951777458191,0.04373405873775482,0.028854304924607277,0.005725868046283722,0.0034442648757249117
149,gunshot_gunfire__fsd50k__dev__217805__0029__r0.wav,gunshot_gunfire,gunshot_gunfire,1,1,0.9732319116592407,thunderstorm,0.013241002336144447,other,0.012072171084582806,7.429416200466221e-06,0.0013138203648850322,0.9732319116592407,0.012072171084582806,6.223980017239228e-05,7.149425073293969e-05,0.013241002336144447
150,gunshot_gunfire__fsd50k__dev__220612__0030__r0.wav,gunshot_gunfire,gunshot_gunfire,1,1,0.5228623747825623,other,0.4150008261203766,glass_breaking,0.05690338462591171,6.687363929813728e-05,0.05690338462591171,0.5228623747825623,0.4150008261203766,6.097043660702184e-05,0.003242956707254052,0.0018626392120495439
151,gunshot_gunfire__fsd50k__dev__220613__0031__r0.wav,gunshot_gunfire,gunshot_gunfire,1,1,0.7103196382522583,other,0.16191519796848297,glass_breaking,0.10682634264230728,0.0027754323091357946,0.10682634264230728,0.7103196382522583,0.16191519796848297,0.006088094785809517,0.0036621540784835815,0.008413084782660007
152,gunshot_gunfire__fsd50k__dev__221640__0032__r0.wav,gunshot_gunfire,gunshot_gunfire,1,3,0.9026561379432678,thunderstorm,0.07509654760360718,glass_breaking,0.01250089704990387,1.2784716091118753e-05,0.01250089704990387,0.9026561379432678,0.0088717145845294,0.0001070353901013732,0.0007548979483544827,0.07509654760360718
153,gunshot_gunfire__fsd50k__dev__238159__0033__r0.wav,gunshot_gunfire,speech,0,1,0.4169834554195404,gunshot_gunfire,0.2751120328903198,glass_breaking,0.11434663087129593,0.0014183798339217901,0.11434663087129593,0.2751120328903198,0.07544216513633728,0.10425285995006561,0.4169834554195404,0.01244440395385027
154,gunshot_gunfire__fsd50k__dev__255216__0034__r0.wav,gunshot_gunfire,gunshot_gunfire,1,3,0.920550525188446,other,0.040706463158130646,thunderstorm,0.027529532089829445,0.00015409797197207808,0.008904651738703251,0.920550525188446,0.040706463158130646,0.0010226095328107476,0.0011321698548272252,0.027529532089829445
155,gunshot_gunfire__fsd50k__dev__257963__0035__r0.wav,gunshot_gunfire,gunshot_gunfire,1,2,0.5235128998756409,thunderstorm,0.3794517517089844,glass_breaking,0.04317893832921982,0.0006453788373619318,0.04317893832921982,0.5235128998756409,0.04228942096233368,0.009143218398094177,0.0017784109804779291,0.3794517517089844
156,gunshot_gunfire__fsd50k__dev__260939__0036__r0.wav,gunshot_gunfire,gunshot_gunfire,1,3,0.8277826905250549,thunderstorm,0.14317768812179565,other,0.022097503766417503,5.348770719137974e-05,0.005256993696093559,0.8277826905250549,0.022097503766417503,0.0005052873166278005,0.0011262201005592942,0.14317768812179565
157,gunshot_gunfire__fsd50k__dev__266105__0037__r0.wav,gunshot_gunfire,gunshot_gunfire,1,1,0.900245189666748,other,0.09354999661445618,speech,0.003683878341689706,1.813512972148601e-05,0.0016794005641713738,0.900245189666748,0.09354999661445618,0.0003182125510647893,0.003683878341689706,0.0005051196203567088
158,gunshot_gunfire__fsd50k__dev__273303__0038__r0.wav,gunshot_gunfire,gunshot_gunfire,1,3,0.7543619275093079,thunderstorm,0.16217385232448578,other,0.04249808192253113,0.000851103279273957,0.033172059804201126,0.7543619275093079,0.04249808192253113,0.0022956940811127424,0.004647243767976761,0.16217385232448578
159,gunshot_gunfire__fsd50k__dev__329716__0039__r0.wav,gunshot_gunfire,gunshot_gunfire,1,1,0.6389712691307068,glass_breaking,0.2535872757434845,other,0.10540014505386353,0.00037547637475654483,0.2535872757434845,0.6389712691307068,0.10540014505386353,9.83149220701307e-05,0.0011919966200366616,0.00037547637475654483
160,gunshot_gunfire__fsd50k__dev__345844__0040__r0.wav,gunshot_gunfire,thunderstorm,0,7,0.8074492812156677,gunshot_gunfire,0.08494866639375687,other,0.08350010961294174,0.001935439184308052,0.003875633468851447,0.08494866639375687,0.08350010961294174,0.0036571554373949766,0.01463370118290186,0.8074492812156677
161,gunshot_gunfire__fsd50k__dev__350264__0041__r0.wav,gunshot_gunfire,gunshot_gunfire,1,1,0.5995368957519531,glass_breaking,0.3139556050300598,other,0.062301553785800934,8.410440204897895e-05,0.3139556050300598,0.5995368957519531,0.062301553785800934,0.001019704039208591,0.0005592347006313503,0.022542892023921013
162,gunshot_gunfire__fsd50k__dev__353093__0042__r0.wav,gunshot_gunfire,gunshot_gunfire,1,8,0.8545380234718323,thunderstorm,0.07823002338409424,other,0.05034054443240166,0.0003508937079459429,0.012749962508678436,0.8545380234718323,0.05034054443240166,0.001960664987564087,0.00182991789188236,0.07823002338409424
163,gunshot_gunfire__fsd50k__dev__35799__0043__r0.wav,gunshot_gunfire,gunshot_gunfire,1,1,0.6033344864845276,siren,0.26262715458869934,other,0.09073664247989655,0.0009355799411423504,0.031349148601293564,0.6033344864845276,0.09073664247989655,0.26262715458869934,0.004501763265579939,0.00651514483615756
164,gunshot_gunfire__fsd50k__dev__35800__0044__r0.wav,gunshot_gunfire,gunshot_gunfire,1,6,0.5761467814445496,siren,0.21827983856201172,speech,0.10559412837028503,0.0010549853323027492,0.054135605692863464,0.5761467814445496,0.04356788471341133,0.21827983856201172,0.10559412837028503,0.0012207634281367064
165,gunshot_gunfire__fsd50k__dev__36815__0045__r0.wav,gunshot_gunfire,gunshot_gunfire,1,11,0.8022608160972595,other,0.11787077784538269,glass_breaking,0.05394700542092323,0.0003554198774509132,0.05394700542092323,0.8022608160972595,0.11787077784538269,0.0026111293118447065,0.0023184181191027164,0.020636415109038353
166,gunshot_gunfire__fsd50k__dev__368736__0046__r0.wav,gunshot_gunfire,gunshot_gunfire,1,1,0.6193410158157349,thunderstorm,0.2139798402786255,other,0.09314389526844025,0.0010058204643428326,0.06740320473909378,0.6193410158157349,0.09314389526844025,0.0040230113081634045,0.001103203627280891,0.2139798402786255
167,gunshot_gunfire__fsd50k__dev__368805__0047__r0.wav,gunshot_gunfire,gunshot_gunfire,1,4,0.9735190868377686,thunderstorm,0.01328467670828104,other,0.012181988917291164,1.2659777894441504e-05,0.0007227023015730083,0.9735190868377686,0.012181988917291164,7.354952686000615e-05,0.0002054205979220569,0.01328467670828104
168,gunshot_gunfire__fsd50k__dev__369124__0048__r0.wav,gunshot_gunfire,gunshot_gunfire,1,1,0.9621937274932861,other,0.023869706317782402,thunderstorm,0.009921123273670673,0.00012306362623348832,0.0029840136412531137,0.9621937274932861,0.023869706317782402,0.00016238140233326703,0.0007460535271093249,0.009921123273670673
169,gunshot_gunfire__fsd50k__dev__369126__0049__r0.wav,gunshot_gunfire,gunshot_gunfire,1,1,0.9653160572052002,other,0.033092375844717026,thunderstorm,0.0012442898005247116,7.368988462985726e-06,0.00010748152271844447,0.9653160572052002,0.033092375844717026,7.368988462985726e-06,0.00022512137365993112,0.0012442898005247116
170,gunshot_gunfire__fsd50k__dev__369395__0050__r0.wav,gunshot_gunfire,glass_breaking,0,6,0.46224427223205566,gunshot_gunfire,0.2622353136539459,other,0.13529248535633087,0.005382210481911898,0.46224427223205566,0.2622353136539459,0.13529248535633087,0.012441769242286682,0.016644207760691643,0.10575976967811584
171,gunshot_gunfire__fsd50k__dev__371158__0051__r0.wav,gunshot_gunfire,gunshot_gunfire,1,1,0.6455893516540527,glass_breaking,0.2810204029083252,thunderstorm,0.046355124562978745,0.0018254054011777043,0.2810204029083252,0.6455893516540527,0.016772914677858353,0.005794974975287914,0.002641805447638035,0.046355124562978745
172,gunshot_gunfire__fsd50k__dev__52593__0052__r0.wav,gunshot_gunfire,gunshot_gunfire,1,2,0.5235092639923096,other,0.32331204414367676,glass_breaking,0.08856377750635147,0.00037435838021337986,0.08856377750635147,0.5235092639923096,0.32331204414367676,0.02210414782166481,0.023189585655927658,0.018946874886751175
173,gunshot_gunfire__fsd50k__dev__89147__0053__r0.wav,gunshot_gunfire,gunshot_gunfire,1,2,0.6776273846626282,thunderstorm,0.23038947582244873,other,0.056710321456193924,0.00018562872719485313,0.013075735419988632,0.6776273846626282,0.056710321456193924,0.017817892134189606,0.004193576518446207,0.23038947582244873
174,siren__esc50__fold_4__102871__0000__r0.wav,siren,siren,1,6,0.9049392342567444,other,0.09382522851228714,speech,0.0011573182418942451,6.9080870161997154e-06,2.8059061150997877e-05,2.4150125682353973e-05,0.09382522851228714,0.9049392342567444,0.0011573182418942451,1.9018321836483665e-05
175,siren__esc50__fold_4__111671__0001__r0.wav,siren,siren,1,6,0.9841916561126709,speech,0.00978341419249773,other,0.005912804510444403,7.63423213356873e-06,8.941700798459351e-05,7.5722564361058176e-06,0.005912804510444403,0.9841916561126709,0.00978341419249773,7.5722564361058176e-06
176,siren__esc50__fold_4__111671__0002__r0.wav,siren,siren,1,6,0.9952909350395203,other,0.003238571807742119,speech,0.0014400890795513988,7.59780959924683e-06,7.59780959924683e-06,7.59780959924683e-06,0.003238571807742119,0.9952909350395203,0.0014400890795513988,7.59780959924683e-06
177,siren__esc50__fold_4__121532__0003__r0.wav,siren,siren,1,6,0.7085207104682922,other,0.2909633219242096,speech,0.0004720549623016268,1.463924581912579e-05,9.634490197640844e-06,8.470017746731173e-06,0.2909633219242096,0.7085207104682922,0.0004720549623016268,1.1165214345965069e-05
178,siren__esc50__fold_4__67358__0004__r0.wav,siren,siren,1,5,0.8646733164787292,speech,0.08196865022182465,glass_breaking,0.020841259509325027,0.011064290069043636,0.020841259509325027,0.0015796102816239,0.019572611898183823,0.8646733164787292,0.08196865022182465,0.00030030199559405446
179,siren__esc50__fold_4__80761__0005__r0.wav,siren,siren,1,6,0.7699841856956482,other,0.2121427208185196,speech,0.009367185644805431,0.000299270759569481,0.00024841626873239875,0.0040945191867649555,0.2121427208185196,0.7699841856956482,0.009367185644805431,0.0038636981043964624
180,siren__esc50__fold_4__90014__0006__r0.wav,siren,siren,1,6,0.7320945858955383,other,0.23609502613544464,speech,0.023740693926811218,7.146133430069312e-05,0.0060234833508729935,0.0016227696323767304,0.23609502613544464,0.7320945858955383,0.023740693926811218,0.0003519847523421049
181,siren__esc50__fold_4__90014__0007__r0.wav,siren,siren,1,6,0.7545416355133057,other,0.23352466523647308,speech,0.008621899411082268,1.551841887703631e-05,0.001787319197319448,0.0012677108170464635,0.23352466523647308,0.7545416355133057,0.008621899411082268,0.0002412612666375935
182,siren__fsd50k__dev__181601__0008__r0.wav,siren,siren,1,13,0.8074712157249451,speech,0.13807250559329987,other,0.029087968170642853,0.011264640837907791,0.013068797066807747,0.0008573717204853892,0.029087968170642853,0.8074712157249451,0.13807250559329987,0.0001774569391272962
183,siren__fsd50k__dev__268221__0009__r0.wav,siren,siren,1,1,0.9890124797821045,other,0.010679912753403187,speech,0.00027747248532250524,7.549881502200151e-06,7.549881502200151e-06,7.549881502200151e-06,0.010679912753403187,0.9890124797821045,0.00027747248532250524,7.549881502200151e-06
184,siren__fsd50k__dev__320767__0010__r0.wav,siren,siren,1,13,0.619166374206543,speech,0.3159814476966858,other,0.04274331033229828,0.002450337167829275,0.0048091900534927845,0.012070506811141968,0.04274331033229828,0.619166374206543,0.3159814476966858,0.0027788637671619654
185,siren__fsd50k__dev__324275__0011__r0.wav,siren,other,0,6,0.4996055066585541,speech,0.18860256671905518,siren,0.1339900940656662,0.0894906148314476,0.05233192443847656,0.017770759761333466,0.4996055066585541,0.1339900940656662,0.18860256671905518,0.018208539113402367
186,siren__fsd50k__dev__34733__0012__r0.wav,siren,other,0,13,0.5414824485778809,siren,0.38552144169807434,speech,0.052219901233911514,0.00046961355837993324,0.009455010294914246,0.01008578110486269,0.5414824485778809,0.38552144169807434,0.052219901233911514,0.0007658118847757578
187,siren__fsd50k__dev__34952__0013__r0.wav,siren,siren,1,13,0.4188792407512665,other,0.25355324149131775,thunderstorm,0.13089102506637573,0.023063628003001213,0.05844275653362274,0.038252755999565125,0.25355324149131775,0.4188792407512665,0.07691734284162521,0.13089102506637573
188,siren__fsd50k__dev__353265__0014__r0.wav,siren,siren,1,13,0.9127554297447205,other,0.04127868637442589,thunderstorm,0.02956930734217167,0.0020083640702068806,0.005314990878105164,0.0059931012801826,0.04127868637442589,0.9127554297447205,0.0030800779350101948,0.02956930734217167
189,siren__fsd50k__dev__353956__0015__r0.wav,siren,siren,1,13,0.8329328298568726,dog_bark,0.08381613343954086,other,0.04518072307109833,0.08381613343954086,0.007463599089533091,0.0005170049262233078,0.04518072307109833,0.8329328298568726,0.030029606074094772,6.0082875279476866e-05
190,siren__fsd50k__dev__382620__0016__r0.wav,siren,siren,1,3,0.9333817362785339,other,0.050895243883132935,speech,0.014214777387678623,8.346678805537522e-05,0.001291849184781313,0.00012165589578216895,0.050895243883132935,0.9333817362785339,0.014214777387678623,1.1267085028521251e-05
191,siren__fsd50k__dev__388972__0017__r0.wav,siren,siren,1,13,0.8340743184089661,other,0.15519171953201294,speech,0.0031650869641453028,0.0003366708115208894,0.00312724313698709,0.002884920686483383,0.15519171953201294,0.8340743184089661,0.0031650869641453028,0.001220098347403109
192,siren__fsd50k__dev__421017__0018__r0.wav,siren,siren,1,13,0.9070395231246948,speech,0.051582492887973785,other,0.0328761488199234,0.000719288713298738,0.001960944849997759,0.004392466973513365,0.0328761488199234,0.9070395231246948,0.051582492887973785,0.0014291858533397317
193,siren__fsd50k__dev__62878__0019__r0.wav,siren,siren,1,12,0.988029420375824,other,0.00740438885986805,speech,0.004488303791731596,7.54237589717377e-06,5.52972596779e-05,7.54237589717377e-06,0.00740438885986805,0.988029420375824,0.004488303791731596,7.54237589717377e-06
194,speech__fsd50k__val__speech__12712__0017.wav,speech,speech,1,7,0.7188100814819336,thunderstorm,0.10940723866224289,other,0.09865275770425797,0.009998118504881859,0.0026685246266424656,0.032713696360588074,0.09865275770425797,0.027749625965952873,0.7188100814819336,0.10940723866224289
195,speech__fsd50k__val__speech__132738__0023.wav,speech,other,0,10,0.5709516406059265,siren,0.1943008005619049,speech,0.1235775351524353,0.034870412200689316,0.022334899753332138,0.020838821306824684,0.5709516406059265,0.1943008005619049,0.1235775351524353,0.03312592953443527
196,speech__fsd50k__val__speech__139086__0020.wav,speech,speech,1,6,0.8289248943328857,other,0.16048850119113922,dog_bark,0.005587035324424505,0.005587035324424505,0.0025861288886517286,0.00010066223330795765,0.16048850119113922,0.0022713132202625275,0.8289248943328857,4.1455263271927834e-05
197,speech__fsd50k__val__speech__149825__0000.wav,speech,speech,1,4,0.4072064757347107,siren,0.3515036106109619,other,0.1985747218132019,0.009433271363377571,0.016384147107601166,0.014727327041327953,0.1985747218132019,0.3515036106109619,0.4072064757347107,0.0021704607643187046
198,speech__fsd50k__val__speech__174948__0018.wav,speech,speech,1,2,0.9524102210998535,other,0.026590414345264435,dog_bark,0.009464159607887268,0.009464159607887268,0.005767923779785633,0.0004338662256486714,0.026590414345264435,0.0027099803555756807,0.9524102210998535,0.0026234700344502926
199,speech__fsd50k__val__speech__174955__0015.wav,speech,speech,1,3,0.9516215920448303,other,0.02387011982500553,siren,0.00977935642004013,0.0010426462395116687,0.0017679344164207578,0.004960806109011173,0.02387011982500553,0.00977935642004013,0.9516215920448303,0.006957521662116051
200,speech__fsd50k__val__speech__19188__0014.wav,speech,speech,1,1,0.8342357873916626,other,0.06570004671812057,siren,0.06273327767848969,0.00821333471685648,0.0028376744594424963,0.019760845229029655,0.06570004671812057,0.06273327767848969,0.8342357873916626,0.0065189991146326065
201,speech__fsd50k__val__speech__19199__0016.wav,speech,speech,1,1,0.913192093372345,dog_bark,0.03766094893217087,other,0.03278597816824913,0.03766094893217087,0.007473462726920843,0.001956856343895197,0.03278597816824913,0.004098661243915558,0.913192093372345,0.0028320467099547386
202,speech__fsd50k__val__speech__219772__0011.wav,speech,speech,1,5,0.9948849678039551,other,0.003441856475546956,glass_breaking,0.0006438242271542549,0.0005467088194563985,0.0006438242271542549,0.00017196299450006336,0.003441856475546956,0.0002557329135015607,0.9948849678039551,5.486737791216001e-05
203,speech__fsd50k__val__speech__220372__0013.wav,speech,speech,1,13,0.44209954142570496,other,0.3467104136943817,siren,0.12972046434879303,0.040862128138542175,0.018150921911001205,0.012143120169639587,0.3467104136943817,0.12972046434879303,0.44209954142570496,0.010313346050679684
204,speech__fsd50k__val__speech__239902__0005.wav,speech,speech,1,5,0.6483050584793091,other,0.26651495695114136,siren,0.040156833827495575,0.029557276517152786,0.014263841323554516,0.0011023463448509574,0.26651495695114136,0.040156833827495575,0.6483050584793091,9.970959217753261e-05
205,speech__fsd50k__val__speech__255880__0022.wav,speech,speech,1,2,0.8608881235122681,other,0.12756936252117157,glass_breaking,0.0034024990163743496,0.0033516609109938145,0.0034024990163743496,0.0012767149601131678,0.12756936252117157,0.0020201201550662518,0.8608881235122681,0.0014915575738996267
206,speech__fsd50k__val__speech__257344__0009.wav,speech,speech,1,12,0.7715087532997131,other,0.08327480405569077,gunshot_gunfire,0.06976894289255142,0.005383983254432678,0.02656872756779194,0.06976894289255142,0.08327480405569077,0.02775081805884838,0.7715087532997131,0.01574389636516571
207,speech__fsd50k__val__speech__258371__0007.wav,speech,speech,1,3,0.6069799065589905,other,0.34299173951148987,glass_breaking,0.02093055285513401,0.006177469622343779,0.02093055285513401,0.013104990124702454,0.34299173951148987,0.00887329876422882,0.6069799065589905,0.0009420374408364296
208,speech__fsd50k__val__speech__259674__0010.wav,speech,speech,1,3,0.9413497447967529,other,0.02629626728594303,gunshot_gunfire,0.02532624639570713,5.374863394536078e-05,0.006125116255134344,0.02532624639570713,0.02629626728594303,0.0007662802818231285,0.9413497447967529,8.262841583928093e-05
209,speech__fsd50k__val__speech__316648__0019.wav,speech,speech,1,2,0.9889969825744629,other,0.009436073713004589,glass_breaking,0.0005991969956085086,0.0004082579107489437,0.0005991969956085086,0.00030603280174545944,0.009436073713004589,0.0002364878891967237,0.9889969825744629,1.698049709375482e-05
210,speech__fsd50k__val__speech__371385__0008.wav,speech,speech,1,1,0.9978564381599426,other,0.0015473588136956096,glass_breaking,0.0003367882454767823,3.1908373784972355e-05,0.0003367882454767823,7.330318476306275e-05,0.0015473588136956096,0.00014660153829026967,0.9978564381599426,7.617393748660106e-06
211,speech__fsd50k__val__speech__379393__0012.wav,speech,speech,1,1,0.9357356429100037,other,0.03684806078672409,siren,0.0175926610827446,0.001914618769660592,0.007657956797629595,0.00019895969307981431,0.03684806078672409,0.0175926610827446,0.9357356429100037,5.209573282627389e-05
212,speech__fsd50k__val__speech__411018__0021.wav,speech,speech,1,13,0.6982370018959045,other,0.1307125687599182,glass_breaking,0.06808009743690491,0.04004499688744545,0.06808009743690491,0.02127944491803646,0.1307125687599182,0.03825175017118454,0.6982370018959045,0.0033942312002182007
213,speech__fsd50k__val__speech__60689__0001.wav,speech,speech,1,13,0.8938480019569397,other,0.06993867456912994,gunshot_gunfire,0.011936547234654427,0.0069589470513165,0.004485767800360918,0.011936547234654427,0.06993867456912994,0.00599604332819581,0.8938480019569397,0.00683611910790205
214,speech__fsd50k__val__speech__63276__0002.wav,speech,speech,1,12,0.44874513149261475,other,0.22899775207042694,siren,0.15679027140140533,0.04500533267855644,0.056142374873161316,0.04621204361319542,0.22899775207042694,0.15679027140140533,0.44874513149261475,0.018107110634446144
215,speech__fsd50k__val__speech__87703__0003.wav,speech,speech,1,1,0.9652715921401978,other,0.025078509002923965,siren,0.006566569674760103,0.00020523973216768354,0.00028361898148432374,0.0022687234450131655,0.025078509002923965,0.006566569674760103,0.9652715921401978,0.00032579046091996133
216,speech__fsd50k__val__speech__87704__0004.wav,speech,speech,1,1,0.952491283416748,other,0.0392816886305809,siren,0.005386160686612129,0.0014770111301913857,0.00033668032847344875,0.0009304794948548079,0.0392816886305809,0.005386160686612129,0.952491283416748,9.669188148109242e-05
217,speech__fsd50k__val__speech__90177__0006.wav,speech,speech,1,1,0.9548520445823669,other,0.02849648892879486,gunshot_gunfire,0.005654861684888601,0.0034015546552836895,0.0047005778178572655,0.005654861684888601,0.02849648892879486,0.0014806726248934865,0.9548520445823669,0.001413811114616692
218,thunderstorm__esc50__fold_4__125070__0000__r0.wav,thunderstorm,thunderstorm,1,6,0.8283547759056091,other,0.07613864541053772,gunshot_gunfire,0.03280072659254074,0.017734328284859657,0.003194586606696248,0.03280072659254074,0.07613864541053772,0.01021325308829546,0.031563710421323776,0.8283547759056091
219,thunderstorm__esc50__fold_4__125071__0001__r0.wav,thunderstorm,thunderstorm,1,6,0.9447131752967834,other,0.02974274568259716,gunshot_gunfire,0.011619801633059978,0.0051387823186814785,0.002128116087988019,0.011619801633059978,0.02974274568259716,0.0012739214580506086,0.005383400712162256,0.9447131752967834
220,thunderstorm__esc50__fold_4__125072__0002__r0.wav,thunderstorm,thunderstorm,1,6,0.939831554889679,gunshot_gunfire,0.03044111281633377,other,0.017414487898349762,0.0004905957612209022,0.003859197022393346,0.03044111281633377,0.017414487898349762,0.0018778378143906593,0.006085151340812445,0.939831554889679
221,thunderstorm__esc50__fold_4__125072__0003__r0.wav,thunderstorm,thunderstorm,1,6,0.734233558177948,gunshot_gunfire,0.12026003748178482,other,0.1161559596657753,0.0002455563808325678,0.007397213485091925,0.12026003748178482,0.1161559596657753,0.011946172453463078,0.009761539287865162,0.734233558177948
222,thunderstorm__esc50__fold_4__156993__0004__r0.wav,thunderstorm,thunderstorm,1,6,0.6856322884559631,gunshot_gunfire,0.17880327999591827,glass_breaking,0.09315618872642517,0.0008627032511867583,0.09315618872642517,0.17880327999591827,0.027471274137496948,0.01033739186823368,0.003736835904419422,0.6856322884559631
223,thunderstorm__esc50__fold_4__161519__0005__r0.wav,thunderstorm,thunderstorm,1,6,0.988365650177002,other,0.007663396652787924,gunshot_gunfire,0.0019837466534227133,7.5449443102115765e-06,2.8240448955330066e-05,0.0019837466534227133,0.007663396652787924,5.4490050388267264e-05,0.0018968721851706505,0.988365650177002
224,thunderstorm__esc50__fold_4__165813__0006__r0.wav,thunderstorm,thunderstorm,1,6,0.8798568248748779,other,0.0490848533809185,gunshot_gunfire,0.04181874915957451,0.000984642538242042,0.01335867214947939,0.04181874915957451,0.0490848533809185,0.006549755576997995,0.008346468210220337,0.8798568248748779
225,thunderstorm__esc50__fold_4__165813__0007__r0.wav,thunderstorm,thunderstorm,1,6,0.778328001499176,gunshot_gunfire,0.08469843119382858,other,0.05357341095805168,0.037299226969480515,0.0035888543352484703,0.08469843119382858,0.05357341095805168,0.019503379240632057,0.02300872467458248,0.778328001499176
226,thunderstorm__fsd50k__dev__124587__0008__r0.wav,thunderstorm,thunderstorm,1,13,0.7755151391029358,other,0.16213703155517578,glass_breaking,0.01654258742928505,0.007398410700261593,0.01654258742928505,0.015148188918828964,0.16213703155517578,0.010573843494057655,0.012684907764196396,0.7755151391029358
227,thunderstorm__fsd50k__dev__125634__0009__r0.wav,thunderstorm,thunderstorm,1,13,0.9322049021720886,other,0.04033461958169937,siren,0.010696695186197758,0.0018738837679848075,0.0012823519064113498,0.005662378389388323,0.04033461958169937,0.010696695186197758,0.007945209741592407,0.9322049021720886
228,thunderstorm__fsd50k__dev__128343__0010__r0.wav,thunderstorm,other,0,13,0.38987258076667786,gunshot_gunfire,0.2670309841632843,thunderstorm,0.11450648307800293,0.007514051161706448,0.030026692897081375,0.2670309841632843,0.38987258076667786,0.09996029734611511,0.09108889847993851,0.11450648307800293
229,thunderstorm__fsd50k__dev__135104__0011__r0.wav,thunderstorm,thunderstorm,1,13,0.8159607648849487,other,0.08135997503995895,speech,0.049690067768096924,0.00488120224326849,0.015431596897542477,0.01968601532280445,0.08135997503995895,0.012990286573767662,0.049690067768096924,0.8159607648849487
230,thunderstorm__fsd50k__dev__155833__0012__r0.wav,thunderstorm,thunderstorm,1,13,0.9002558588981628,gunshot_gunfire,0.08097470551729202,other,0.010962525382637978,0.0002396905911155045,0.003901235992088914,0.08097470551729202,0.010962525382637978,0.002344252308830619,0.0013218199601396918,0.9002558588981628
231,thunderstorm__fsd50k__dev__163287__0013__r0.wav,thunderstorm,thunderstorm,1,13,0.9171457886695862,other,0.0665971115231514,speech,0.007012250833213329,0.0015142322517931461,0.0011148658813908696,0.002727434504777193,0.0665971115231514,0.0038882396183907986,0.007012250833213329,0.9171457886695862
232,thunderstorm__fsd50k__dev__165299__0014__r0.wav,thunderstorm,thunderstorm,1,13,0.7302679419517517,other,0.1418897807598114,gunshot_gunfire,0.05374475196003914,0.002511792816221714,0.006248300429433584,0.05374475196003914,0.1418897807598114,0.046330925077199936,0.01900649629533291,0.7302679419517517
233,thunderstorm__fsd50k__dev__165874__0015__r0.wav,thunderstorm,thunderstorm,1,13,0.9656976461410522,gunshot_gunfire,0.02140877954661846,other,0.010396345518529415,6.216294423211366e-05,0.00039219344034790993,0.02140877954661846,0.010396345518529415,0.00036243462818674743,0.0016804022016003728,0.9656976461410522
234,thunderstorm__fsd50k__dev__186907__0016__r0.wav,thunderstorm,thunderstorm,1,13,0.489003986120224,other,0.23422104120254517,gunshot_gunfire,0.11206912994384766,0.01927788369357586,0.04570098966360092,0.11206912994384766,0.23422104120254517,0.058046478778123856,0.04168051481246948,0.489003986120224
235,thunderstorm__fsd50k__dev__189794__0017__r0.wav,thunderstorm,thunderstorm,1,13,0.9157701134681702,other,0.04219340905547142,gunshot_gunfire,0.02164161577820778,0.001459375605918467,0.010300830006599426,0.02164161577820778,0.04219340905547142,0.001209864392876625,0.007424843031913042,0.9157701134681702
236,thunderstorm__fsd50k__dev__191992__0018__r0.wav,thunderstorm,thunderstorm,1,13,0.7592636942863464,gunshot_gunfire,0.12622256577014923,other,0.06276262551546097,0.0003655242035165429,0.0016545334365218878,0.12622256577014923,0.06276262551546097,0.04284568503499031,0.006885385140776634,0.7592636942863464
237,thunderstorm__fsd50k__dev__193170__0019__r0.wav,thunderstorm,thunderstorm,1,7,0.9693294167518616,gunshot_gunfire,0.016677485778927803,other,0.010631196200847626,0.00022217375226318836,0.001603056793101132,0.016677485778927803,0.010631196200847626,0.0008320959168486297,0.000704568752553314,0.9693294167518616
238,thunderstorm__fsd50k__dev__194849__0020__r0.wav,thunderstorm,thunderstorm,1,13,0.7719364166259766,other,0.16219662129878998,gunshot_gunfire,0.034377891570329666,0.005234271287918091,0.012352635152637959,0.034377891570329666,0.16219662129878998,0.002512419130653143,0.011389796622097492,0.7719364166259766
239,thunderstorm__fsd50k__dev__195344__0021__r0.wav,thunderstorm,thunderstorm,1,13,0.8665827512741089,other,0.06765958666801453,gunshot_gunfire,0.021043576300144196,0.011625210754573345,0.011234967038035393,0.021043576300144196,0.06765958666801453,0.005145458038896322,0.01670847274363041,0.8665827512741089
240,thunderstorm__fsd50k__dev__195738__0022__r0.wav,thunderstorm,other,0,13,0.4252217411994934,siren,0.23518484830856323,gunshot_gunfire,0.19741865992546082,0.006303294561803341,0.031043121591210365,0.19741865992546082,0.4252217411994934,0.23518484830856323,0.031843654811382294,0.07298466563224792
241,thunderstorm__fsd50k__dev__198496__0023__r0.wav,thunderstorm,thunderstorm,1,13,0.7203277349472046,gunshot_gunfire,0.11361895501613617,other,0.08906085044145584,0.002837392035871744,0.01608886569738388,0.11361895501613617,0.08906085044145584,0.019861677661538124,0.03820456564426422,0.7203277349472046
242,thunderstorm__fsd50k__dev__203721__0024__r0.wav,thunderstorm,thunderstorm,1,6,0.7521527409553528,gunshot_gunfire,0.20761023461818695,other,0.02579563856124878,0.0013067550025880337,0.005049827974289656,0.20761023461818695,0.02579563856124878,0.004061352461576462,0.004023462068289518,0.7521527409553528
243,thunderstorm__fsd50k__dev__203830__0025__r0.wav,thunderstorm,thunderstorm,1,13,0.7092691659927368,other,0.17626795172691345,speech,0.03783603385090828,0.013518148101866245,0.03035900741815567,0.021831927821040154,0.17626795172691345,0.010917776264250278,0.03783603385090828,0.7092691659927368
244,thunderstorm__fsd50k__dev__205832__0026__r0.wav,thunderstorm,thunderstorm,1,13,0.8033428192138672,other,0.14079813659191132,speech,0.021731464192271233,0.004326538182795048,0.011498156934976578,0.010841120034456253,0.14079813659191132,0.0074617606587708,0.021731464192271233,0.8033428192138672
245,thunderstorm__fsd50k__dev__210044__0027__r0.wav,thunderstorm,thunderstorm,1,2,0.8857048749923706,gunshot_gunfire,0.08181630820035934,other,0.02272895723581314,0.00012197039905004203,0.0014290427789092064,0.08181630820035934,0.02272895723581314,0.0030322810634970665,0.0051664924249053,0.8857048749923706
246,thunderstorm__fsd50k__dev__21847__0028__r0.wav,thunderstorm,thunderstorm,1,13,0.7161545157432556,other,0.11645606905221939,glass_breaking,0.06413677334785461,0.004677879624068737,0.06413677334785461,0.046842630952596664,0.11645606905221939,0.024910427629947662,0.02682170458137989,0.7161545157432556
247,thunderstorm__fsd50k__dev__22033__0029__r0.wav,thunderstorm,thunderstorm,1,13,0.6746602654457092,gunshot_gunfire,0.16563349962234497,other,0.11015356332063675,0.0015963477781042457,0.022854186594486237,0.16563349962234497,0.11015356332063675,0.018017422407865524,0.007084756623953581,0.6746602654457092
248,thunderstorm__fsd50k__dev__222601__0030__r0.wav,thunderstorm,thunderstorm,1,13,0.8076034784317017,other,0.094161257147789,gunshot_gunfire,0.08221789449453354,0.00028076543821953237,0.00331985205411911,0.08221789449453354,0.094161257147789,0.004824417177587748,0.007592353504151106,0.8076034784317017
249,thunderstorm__fsd50k__dev__22874__0031__r0.wav,thunderstorm,thunderstorm,1,13,0.7819532752037048,other,0.10698476433753967,gunshot_gunfire,0.0938711017370224,0.0005658729351125658,0.0036048830952495337,0.0938711017370224,0.10698476433753967,0.007627204526215792,0.005392931401729584,0.7819532752037048
250,thunderstorm__fsd50k__dev__237519__0032__r0.wav,thunderstorm,thunderstorm,1,13,0.8623040914535522,other,0.0826243907213211,gunshot_gunfire,0.0226125605404377,0.003907476551830769,0.014409453608095646,0.0226125605404377,0.0826243907213211,0.001349990488961339,0.012792074121534824,0.8623040914535522
251,thunderstorm__fsd50k__dev__242048__0033__r0.wav,thunderstorm,thunderstorm,1,13,0.5430104732513428,gunshot_gunfire,0.1448931246995926,other,0.1385328620672226,0.005560015328228474,0.029163602739572525,0.1448931246995926,0.1385328620672226,0.06708277761936188,0.07175719738006592,0.5430104732513428
252,thunderstorm__fsd50k__dev__242981__0034__r0.wav,thunderstorm,thunderstorm,1,13,0.5949143171310425,other,0.26567596197128296,siren,0.07882526516914368,0.0007400845061056316,0.003226866014301777,0.029339808970689774,0.26567596197128296,0.07882526516914368,0.027277735993266106,0.5949143171310425
253,thunderstorm__fsd50k__dev__243757__0035__r0.wav,thunderstorm,thunderstorm,1,13,0.7663455605506897,other,0.12278919667005539,glass_breaking,0.03505175560712814,0.006655714474618435,0.03505175560712814,0.025291170924901962,0.12278919667005539,0.024247344583272934,0.019619319587945938,0.7663455605506897
254,thunderstorm__fsd50k__dev__243965__0036__r0.wav,thunderstorm,thunderstorm,1,4,0.8303426504135132,other,0.055386535823345184,gunshot_gunfire,0.036949481815099716,0.017669225111603737,0.01222024392336607,0.036949481815099716,0.055386535823345184,0.01638076826930046,0.031051093712449074,0.8303426504135132
255,thunderstorm__fsd50k__dev__243968__0037__r0.wav,thunderstorm,thunderstorm,1,4,0.37773871421813965,gunshot_gunfire,0.2305024266242981,other,0.16856008768081665,0.02834433503448963,0.048493966460227966,0.2305024266242981,0.16856008768081665,0.07894426584243774,0.06741617619991302,0.37773871421813965
256,thunderstorm__fsd50k__dev__244693__0038__r0.wav,thunderstorm,thunderstorm,1,11,0.8812267184257507,other,0.06636311113834381,speech,0.015431458130478859,0.005740651860833168,0.009073344059288502,0.014620034955441952,0.06636311113834381,0.00754458736628294,0.015431458130478859,0.8812267184257507
257,thunderstorm__fsd50k__dev__248110__0039__r0.wav,thunderstorm,thunderstorm,1,13,0.7485567331314087,other,0.1726248562335968,gunshot_gunfire,0.037023089826107025,0.0017520423280075192,0.009119461290538311,0.037023089826107025,0.1726248562335968,0.017560509964823723,0.01336334552615881,0.7485567331314087
258,thunderstorm__fsd50k__dev__253763__0040__r0.wav,thunderstorm,thunderstorm,1,13,0.9764595627784729,other,0.013261942192912102,gunshot_gunfire,0.0063596549443900585,2.2866426661494188e-05,0.00015184316725935787,0.0063596549443900585,0.013261942192912102,0.0006062152679078281,0.0031378266867250204,0.9764595627784729
259,thunderstorm__fsd50k__dev__259316__0041__r0.wav,thunderstorm,thunderstorm,1,13,0.7835696935653687,other,0.09087229520082474,gunshot_gunfire,0.061896685510873795,0.0007207354065030813,0.002547549782320857,0.061896685510873795,0.09087229520082474,0.04620381072163582,0.014189187437295914,0.7835696935653687
260,thunderstorm__fsd50k__dev__29675__0042__r0.wav,thunderstorm,thunderstorm,1,13,0.5285519361495972,other,0.26113349199295044,gunshot_gunfire,0.1320890337228775,0.0036114975810050964,0.024904701858758926,0.1320890337228775,0.26113349199295044,0.024095574393868446,0.025613797828555107,0.5285519361495972
261,thunderstorm__fsd50k__dev__31452__0043__r0.wav,thunderstorm,thunderstorm,1,13,0.538977861404419,other,0.15554700791835785,gunshot_gunfire,0.11301375180482864,0.010671673342585564,0.07437887787818909,0.11301375180482864,0.15554700791835785,0.061502277851104736,0.04590849205851555,0.538977861404419
262,thunderstorm__fsd50k__dev__328391__0044__r0.wav,thunderstorm,thunderstorm,1,13,0.659469485282898,other,0.2345704734325409,gunshot_gunfire,0.05681677535176277,0.0015628912951797247,0.0068366434425115585,0.05681677535176277,0.2345704734325409,0.022756369784474373,0.017987508326768875,0.659469485282898
263,thunderstorm__fsd50k__dev__33246__0045__r0.wav,thunderstorm,thunderstorm,1,13,0.7304382920265198,gunshot_gunfire,0.10367760062217712,other,0.06845243275165558,0.0014957365347072482,0.04526034742593765,0.10367760062217712,0.06845243275165558,0.029066402465105057,0.02160920947790146,0.7304382920265198
264,thunderstorm__fsd50k__dev__341960__0046__r0.wav,thunderstorm,thunderstorm,1,4,0.8694679737091064,other,0.056965380907058716,gunshot_gunfire,0.03231291100382805,1.652682294661645e-05,0.009089543484151363,0.03231291100382805,0.056965380907058716,0.03145059198141098,0.0006969977985136211,0.8694679737091064
265,thunderstorm__fsd50k__dev__344434__0047__r0.wav,thunderstorm,thunderstorm,1,13,0.7924897074699402,other,0.12406694889068604,siren,0.05820903927087784,6.976954318815842e-05,0.005462870001792908,0.012768788263201714,0.12406694889068604,0.05820903927087784,0.006932863965630531,0.7924897074699402
266,thunderstorm__fsd50k__dev__344435__0048__r0.wav,thunderstorm,thunderstorm,1,13,0.7358184456825256,speech,0.08764338493347168,other,0.08759264647960663,0.012583596631884575,0.06358068436384201,0.00986833032220602,0.08759264647960663,0.0029128713067620993,0.08764338493347168,0.7358184456825256
267,thunderstorm__fsd50k__dev__345920__0049__r0.wav,thunderstorm,thunderstorm,1,4,0.7040866613388062,gunshot_gunfire,0.2848586440086365,other,0.008391816169023514,2.4150745957740583e-05,0.0012331901816651225,0.2848586440086365,0.008391816169023514,0.0011174492537975311,0.0002881156688090414,0.7040866613388062
268,thunderstorm__fsd50k__dev__359151__0050__r0.wav,thunderstorm,thunderstorm,1,13,0.9495852589607239,other,0.031590819358825684,speech,0.007530145812779665,0.004528457764536142,0.0013924880186095834,0.0031751119531691074,0.031590819358825684,0.0021977957803756,0.007530145812779665,0.9495852589607239
269,thunderstorm__fsd50k__dev__363252__0051__r0.wav,thunderstorm,thunderstorm,1,13,0.9145521521568298,other,0.04791171848773956,gunshot_gunfire,0.017359435558319092,0.0028436232823878527,0.006700741592794657,0.017359435558319092,0.04791171848773956,0.0040935734286904335,0.0065387459471821785,0.9145521521568298
270,thunderstorm__fsd50k__dev__367510__0052__r0.wav,thunderstorm,thunderstorm,1,13,0.8100203275680542,other,0.12655192613601685,gunshot_gunfire,0.028029965236783028,0.0009717947104945779,0.008177481591701508,0.028029965236783028,0.12655192613601685,0.012736194767057896,0.01351232174783945,0.8100203275680542
271,thunderstorm__fsd50k__dev__37299__0053__r0.wav,thunderstorm,thunderstorm,1,13,0.7462002038955688,gunshot_gunfire,0.16396833956241608,other,0.04062885046005249,0.003636585082858801,0.015739431604743004,0.16396833956241608,0.04062885046005249,0.005699510686099529,0.02412709966301918,0.7462002038955688
272,thunderstorm__fsd50k__dev__37304__0054__r0.wav,thunderstorm,thunderstorm,1,13,0.8095327615737915,other,0.09160342812538147,glass_breaking,0.030333030968904495,0.00747637776657939,0.030333030968904495,0.025411516427993774,0.09160342812538147,0.021506190299987793,0.014136718586087227,0.8095327615737915
273,thunderstorm__fsd50k__dev__375999__0055__r0.wav,thunderstorm,thunderstorm,1,13,0.8342953324317932,gunshot_gunfire,0.08714726567268372,other,0.059110455214977264,0.0016887906240299344,0.002182778436690569,0.08714726567268372,0.059110455214977264,0.0010834604036062956,0.014491869136691093,0.8342953324317932
274,thunderstorm__fsd50k__dev__394070__0056__r0.wav,thunderstorm,thunderstorm,1,6,0.5262954235076904,gunshot_gunfire,0.27699214220046997,glass_breaking,0.15374484658241272,0.000696559261996299,0.15374484658241272,0.27699214220046997,0.03274265676736832,0.007898485288023949,0.0016298467526212335,0.5262954235076904
275,thunderstorm__fsd50k__dev__394071__0057__r0.wav,thunderstorm,thunderstorm,1,13,0.8499518036842346,other,0.08021772652864456,gunshot_gunfire,0.02438071183860302,0.004159085918217897,0.017985571175813675,0.02438071183860302,0.08021772652864456,0.011534675024449825,0.01177036389708519,0.8499518036842346
276,thunderstorm__fsd50k__dev__399870__0058__r0.wav,thunderstorm,thunderstorm,1,12,0.8634459376335144,other,0.06361408531665802,gunshot_gunfire,0.05607325956225395,0.0006926118512637913,0.008333894424140453,0.05607325956225395,0.06361408531665802,0.0035368807148188353,0.004303439054638147,0.8634459376335144
277,thunderstorm__fsd50k__dev__414050__0059__r0.wav,thunderstorm,thunderstorm,1,13,0.9466924071311951,gunshot_gunfire,0.03772708401083946,other,0.011134091764688492,0.00014536012895405293,0.0006042790482752025,0.03772708401083946,0.011134091764688492,0.0016339011490345001,0.002062908373773098,0.9466924071311951
278,other_candidate__fsd50k__val__45643__2195.wav,other,other,1,11,0.4087943136692047,speech,0.15968941152095795,glass_breaking,0.15582069754600525,0.07141105830669403,0.15582069754600525,0.12747174501419067,0.4087943136692047,0.01426562387496233,0.15968941152095795,0.06254712492227554
279,other_candidate__fsd50k__val__231275__2296.wav,other,other,1,13,0.9164513945579529,glass_breaking,0.07439340651035309,speech,0.008263478055596352,8.188582432921976e-05,0.07439340651035309,0.0005737832980230451,0.9164513945579529,0.00017841675435192883,0.008263478055596352,5.76480888412334e-05
280,other_candidate__fsd50k__val__204465__2278.wav,other,other,1,10,0.7856659293174744,glass_breaking,0.09465253353118896,gunshot_gunfire,0.062276095151901245,0.0021902304142713547,0.09465253353118896,0.062276095151901245,0.7856659293174744,0.002936644945293665,0.033550675958395004,0.018727827817201614
281,other_candidate__esc50__fold_4__147657__2316.wav,other,other,1,6,0.6128003001213074,siren,0.3477236032485962,speech,0.024139637127518654,0.0005710007390007377,0.0010401682229712605,0.0048236665315926075,0.6128003001213074,0.3477236032485962,0.024139637127518654,0.008901636116206646
282,other_candidate__fsd50k__val__36161__2217.wav,other,other,1,11,0.6771104335784912,speech,0.14635756611824036,siren,0.09264175593852997,0.00928721483796835,0.04788250848650932,0.01671873778104782,0.6771104335784912,0.09264175593852997,0.14635756611824036,0.01000172644853592
283,other_candidate__fsd50k__val__14643__2225.wav,other,other,1,13,0.9408480525016785,thunderstorm,0.0475350096821785,speech,0.004851792473345995,0.00012111234536860138,0.0015244585229083896,0.0045539615675807,0.9408480525016785,0.0005655624554492533,0.004851792473345995,0.0475350096821785
284,other_candidate__fsd50k__val__425195__2247.wav,other,other,1,13,0.6847000122070312,dog_bark,0.11525792628526688,siren,0.0957014262676239,0.11525792628526688,0.0036831472534686327,0.010655990801751614,0.6847000122070312,0.0957014262676239,0.08711361885070801,0.002887875074520707
285,other_candidate__fsd50k__val__14640__2192.wav,other,other,1,13,0.9224310517311096,thunderstorm,0.04352862015366554,gunshot_gunfire,0.01954256184399128,0.00019322212028782815,0.005245956126600504,0.01954256184399128,0.9224310517311096,0.0008722873753868043,0.00818625744432211,0.04352862015366554
286,other_candidate__fsd50k__val__250506__2359.wav,other,thunderstorm,0,13,0.261687308549881,other,0.25046080350875854,speech,0.1787063479423523,0.012324427254498005,0.08265722543001175,0.09706629067659378,0.25046080350875854,0.1170976310968399,0.1787063479423523,0.261687308549881
287,other_candidate__esc50__fold_4__209698__2287.wav,other,siren,0,2,0.8323839902877808,other,0.11749321222305298,speech,0.03067605569958687,0.0006458485731855035,0.016470585018396378,0.002290649339556694,0.11749321222305298,0.8323839902877808,0.03067605569958687,3.9655351429246366e-05
288,other_candidate__fsd50k__val__366728__2171.wav,other,other,1,13,0.5804818272590637,glass_breaking,0.13977685570716858,speech,0.08560143411159515,0.023190317675471306,0.13977685570716858,0.05842951685190201,0.5804818272590637,0.04028460010886192,0.08560143411159515,0.07223543524742126
289,other_candidate__esc50__fold_4__125825__2368.wav,other,other,1,6,0.9886232018470764,speech,0.004572644364088774,gunshot_gunfire,0.004017025697976351,3.0918810807634145e-05,0.0012923720059916377,0.004017025697976351,0.9886232018470764,0.0014346843818202615,0.004572644364088774,2.9175869713071734e-05
290,other_candidate__fsd50k__val__394657__2310.wav,other,other,1,13,0.8410035371780396,glass_breaking,0.07659120857715607,siren,0.03508222475647926,0.001148379291407764,0.07659120857715607,0.01059652492403984,0.8410035371780396,0.03508222475647926,0.034261688590049744,0.0013164348201826215
291,other_candidate__fsd50k__val__218537__2365.wav,other,other,1,13,0.6847215890884399,speech,0.11795171350240707,glass_breaking,0.1113891676068306,0.04321752116084099,0.1113891676068306,0.023113571107387543,0.6847215890884399,0.013401628471910954,0.11795171350240707,0.006204837933182716
292,other_candidate__fsd50k__val__70056__2232.wav,other,other,1,1,0.9818969964981079,speech,0.008035736158490181,glass_breaking,0.007326396647840738,2.9980225008330308e-05,0.007326396647840738,0.0026509473100304604,0.9818969964981079,2.9980225008330308e-05,0.008035736158490181,2.9980225008330308e-05
293,other_candidate__fsd50k__val__2780__2435.wav,other,other,1,1,0.5938124656677246,glass_breaking,0.2835085988044739,gunshot_gunfire,0.08527194708585739,0.0026651963125914335,0.2835085988044739,0.08527194708585739,0.5938124656677246,0.0004604227433446795,0.033841706812381744,0.0004396318399813026
294,other_candidate__fsd50k__val__175536__2466.wav,other,other,1,1,0.539954423904419,gunshot_gunfire,0.4488345980644226,glass_breaking,0.009693210013210773,2.49882104981225e-05,0.009693210013210773,0.4488345980644226,0.539954423904419,2.49882104981225e-05,0.0013919530902057886,7.5745971116703e-05
295,other_candidate__fsd50k__val__391869__2442.wav,other,other,1,13,0.3731488585472107,siren,0.30982667207717896,speech,0.24872559309005737,0.021832624450325966,0.019920554012060165,0.02359953708946705,0.3731488585472107,0.30982667207717896,0.24872559309005737,0.0029461735393851995
296,other_candidate__fsd50k__val__18665__2429.wav,other,other,1,13,0.9092481136322021,speech,0.08232967555522919,siren,0.004272575490176678,0.0009582344209775329,0.0011415162589401007,0.001563909579999745,0.9092481136322021,0.004272575490176678,0.08232967555522919,0.00048595794942229986
297,other_candidate__fsd50k__val__51743__2496.wav,other,thunderstorm,0,4,0.4176117181777954,other,0.3822329044342041,gunshot_gunfire,0.13832712173461914,0.0006878384156152606,0.017029060050845146,0.13832712173461914,0.3822329044342041,0.024628078565001488,0.019483249634504318,0.4176117181777954
298,other_candidate__fsd50k__val__36162__2480.wav,other,other,1,13,0.6083212494850159,glass_breaking,0.17442218959331512,siren,0.07142854481935501,0.008293302729725838,0.17442218959331512,0.030291657894849777,0.6083212494850159,0.07142854481935501,0.07013154029846191,0.037111494690179825
299,other_candidate__fsd50k__val__411042__2452.wav,other,gunshot_gunfire,0,6,0.7083845734596252,other,0.24512426555156708,glass_breaking,0.04551270976662636,8.15834864624776e-05,0.04551270976662636,0.7083845734596252,0.24512426555156708,1.7722335542202927e-05,0.0006009834469296038,0.0002781206276267767
300,other_candidate__fsd50k__val__102101__2489.wav,other,other,1,9,0.8712128400802612,speech,0.04073787480592728,thunderstorm,0.03795839101076126,0.001266352366656065,0.03061642311513424,0.009153099730610847,0.8712128400802612,0.009054959751665592,0.04073787480592728,0.03795839101076126
301,other_candidate__fsd50k__val__61288__2390.wav,other,other,1,6,0.9353664517402649,speech,0.045150864869356155,glass_breaking,0.00975909736007452,0.0005062790005467832,0.00975909736007452,0.007120264694094658,0.9353664517402649,0.0002322197105968371,0.045150864869356155,0.0018648136174306273
302,other_candidate__fsd50k__val__171128__2464.wav,other,other,1,13,0.8551857471466064,speech,0.10614042729139328,gunshot_gunfire,0.014103475958108902,0.0010284603340551257,0.008677409030497074,0.014103475958108902,0.8551857471466064,0.013423429802060127,0.10614042729139328,0.0014411193551495671
303,other_candidate__fsd50k__val__221567__2460.wav,other,other,1,11,0.624268651008606,speech,0.14565911889076233,glass_breaking,0.09202539175748825,0.01974189095199108,0.09202539175748825,0.03261047229170799,0.624268651008606,0.059350598603487015,0.14565911889076233,0.026343854144215584
304,other_candidate__fsd50k__val__139334__2412.wav,other,other,1,10,0.8467025756835938,glass_breaking,0.04893709346652031,gunshot_gunfire,0.040129706263542175,0.0052217538468539715,0.04893709346652031,0.040129706263542175,0.8467025756835938,0.003772793337702751,0.018749700859189034,0.036486364901065826
305,other_candidate__fsd50k__val__81202__2446.wav,other,other,1,12,0.9100203514099121,gunshot_gunfire,0.037670936435461044,speech,0.023836635053157806,0.0038384839426726103,0.015948118641972542,0.037670936435461044,0.9100203514099121,0.0008707296219654381,0.023836635053157806,0.007814678363502026
306,other_candidate__fsd50k__val__178610__2482.wav,other,other,1,5,0.9350975751876831,thunderstorm,0.03768017143011093,siren,0.014334311708807945,0.0010278999106958508,0.0009672862361185253,0.005090815015137196,0.9350975751876831,0.014334311708807945,0.005801898427307606,0.03768017143011093
307,other_candidate__fsd50k__val__262660__2465.wav,other,other,1,1,0.9944354295730591,gunshot_gunfire,0.0046743787825107574,speech,0.0007710526697337627,7.591278972540749e-06,9.639132622396573e-05,0.0046743787825107574,0.9944354295730591,7.591278972540749e-06,0.0007710526697337627,7.591278972540749e-06
308,other_candidate__fsd50k__val__395863__2529.wav,other,other,1,13,0.48178955912590027,glass_breaking,0.33281585574150085,siren,0.10026197135448456,0.0009847285691648722,0.33281585574150085,0.04800909012556076,0.48178955912590027,0.10026197135448456,0.029884127900004387,0.00625468697398901
309,other_candidate__fsd50k__val__256512__2616.wav,other,other,1,10,0.9653447270393372,gunshot_gunfire,0.014866399578750134,speech,0.010644038207828999,0.00017126811144407839,0.007361178286373615,0.014866399578750134,0.9653447270393372,0.00017294604913331568,0.010644038207828999,0.0014395323814824224
310,other_candidate__fsd50k__val__160679__2517.wav,other,siren,0,13,0.3814709782600403,other,0.3310807943344116,glass_breaking,0.1499965488910675,0.005262067541480064,0.1499965488910675,0.04082685336470604,0.3310807943344116,0.3814709782600403,0.03180034086108208,0.05956238880753517
311,other_candidate__fsd50k__val__187865__2642.wav,other,other,1,9,0.32759803533554077,speech,0.23036479949951172,glass_breaking,0.18975041806697845,0.028322169557213783,0.18975041806697845,0.016092337667942047,0.32759803533554077,0.1803293079137802,0.23036479949951172,0.02754290960729122
312,other_candidate__fsd50k__val__262632__2596.wav,other,other,1,13,0.5273686051368713,thunderstorm,0.25265881419181824,speech,0.07078666239976883,0.031242094933986664,0.024367649108171463,0.053514089435338974,0.5273686051368713,0.040062062442302704,0.07078666239976883,0.25265881419181824
313,other_candidate__fsd50k__val__389692__2665.wav,other,other,1,8,0.6861191391944885,glass_breaking,0.2882077097892761,siren,0.011899708770215511,0.0008544492302462459,0.2882077097892761,0.005191653501242399,0.6861191391944885,0.011899708770215511,0.006768250372260809,0.0009591159177944064
314,other_candidate__fsd50k__val__151088__2585.wav,other,other,1,1,0.9452423453330994,gunshot_gunfire,0.05386989563703537,glass_breaking,0.0005554493400268257,1.3779364053334575e-05,0.0005554493400268257,0.05386989563703537,0.9452423453330994,1.3779364053334575e-05,0.0002908684255089611,1.3779364053334575e-05
315,other_candidate__fsd50k__val__250539__2608.wav,other,gunshot_gunfire,0,13,0.5867254734039307,other,0.17009490728378296,thunderstorm,0.1279936581850052,0.00044052168959751725,0.09552865475416183,0.5867254734039307,0.17009490728378296,0.004533873870968819,0.014682944864034653,0.1279936581850052
316,other_candidate__fsd50k__val__236798__2604.wav,other,other,1,5,0.8465185165405273,speech,0.09422087669372559,glass_breaking,0.04688774049282074,0.0035371563863009214,0.04688774049282074,0.006870450917631388,0.8465185165405273,0.0010099157225340605,0.09422087669372559,0.0009553582640364766
317,other_candidate__fsd50k__val__22740__2605.wav,other,other,1,1,0.5342006087303162,gunshot_gunfire,0.38657212257385254,glass_breaking,0.07671162486076355,2.5891098630381748e-05,0.07671162486076355,0.38657212257385254,0.5342006087303162,3.262035170337185e-05,0.002397640608251095,5.947968384134583e-05
318,other_candidate__fsd50k__val__387981__2559.wav,other,other,1,3,0.4201294481754303,gunshot_gunfire,0.22315335273742676,thunderstorm,0.17772485315799713,0.010501950979232788,0.10936502367258072,0.22315335273742676,0.4201294481754303,0.021108733490109444,0.038016658276319504,0.17772485315799713
319,other_candidate__fsd50k__val__251007__2580.wav,other,other,1,6,0.3893144428730011,gunshot_gunfire,0.26855453848838806,glass_breaking,0.20601414144039154,0.0011329035041853786,0.20601414144039154,0.26855453848838806,0.3893144428730011,0.007090529426932335,0.05500617250800133,0.07288733124732971
320,other_candidate__fsd50k__val__318614__2602.wav,other,other,1,3,0.8144423365592957,gunshot_gunfire,0.11331808567047119,glass_breaking,0.04019618034362793,0.0011267029913142323,0.04019618034362793,0.11331808567047119,0.8144423365592957,0.002019897336140275,0.016720520332455635,0.012176298536360264
321,other_candidate__fsd50k__val__319812__2582.wav,other,other,1,1,0.9334585070610046,speech,0.03509851545095444,gunshot_gunfire,0.02425198070704937,0.0003299527452327311,0.004595261067152023,0.02425198070704937,0.9334585070610046,7.18154406058602e-05,0.03509851545095444,0.0021939517464488745
322,other_candidate__fsd50k__val__434339__2542.wav,other,other,1,13,0.5031484365463257,glass_breaking,0.35792285203933716,gunshot_gunfire,0.0901651382446289,0.004180514253675938,0.35792285203933716,0.0901651382446289,0.5031484365463257,0.005820665042847395,0.012974669225513935,0.025787731632590294
323,other_candidate__fsd50k__val__395745__2742.wav,other,glass_breaking,0,9,0.7159306406974792,speech,0.11648634821176529,other,0.1112140417098999,0.009222691878676414,0.7159306406974792,0.013519520871341228,0.1112140417098999,0.00952695682644844,0.11648634821176529,0.024099819362163544
324,other_candidate__fsd50k__val__419469__2739.wav,other,other,1,6,0.5526402592658997,gunshot_gunfire,0.19631338119506836,glass_breaking,0.15163835883140564,0.00878616701811552,0.15163835883140564,0.19631338119506836,0.5526402592658997,0.06925737857818604,0.014013412408530712,0.007351031061261892
325,other_candidate__fsd50k__val__131935__2745.wav,other,other,1,8,0.6672218441963196,siren,0.1811043918132782,speech,0.05643118545413017,0.006907636299729347,0.021538570523262024,0.0432594008743763,0.6672218441963196,0.1811043918132782,0.05643118545413017,0.023536982014775276
326,other_candidate__fsd50k__val__432422__2690.wav,other,other,1,13,0.4051626920700073,speech,0.2743470072746277,glass_breaking,0.22669997811317444,0.004834098741412163,0.22669997811317444,0.05703475698828697,0.4051626920700073,0.008201814256608486,0.2743470072746277,0.023719685152173042
327,other_candidate__fsd50k__val__94206__2811.wav,other,other,1,10,0.8462423086166382,thunderstorm,0.10534999519586563,speech,0.034635864198207855,0.0020003519020974636,0.00091605877969414,0.009225228801369667,0.8462423086166382,0.0016301407013088465,0.034635864198207855,0.10534999519586563
328,other_candidate__fsd50k__val__323809__2670.wav,other,glass_breaking,0,1,0.8831479549407959,other,0.11562584340572357,speech,0.0009462693124078214,1.7790694982977584e-05,0.8831479549407959,0.00022590004664380103,0.11562584340572357,2.9575880034826696e-05,0.0009462693124078214,6.741737252013991e-06
329,other_candidate__fsd50k__val__365538__2796.wav,other,gunshot_gunfire,0,1,0.6347532868385315,other,0.31738731265068054,glass_breaking,0.0361749492585659,7.067555270623416e-05,0.0361749492585659,0.6347532868385315,0.31738731265068054,0.00014803082740399987,0.01139503438025713,7.067555270623416e-05
330,other_candidate__fsd50k__val__174080__2825.wav,other,other,1,1,0.70488041639328,speech,0.10122137516736984,gunshot_gunfire,0.07671250402927399,0.0009965588105842471,0.04614466428756714,0.07671250402927399,0.70488041639328,0.009156981483101845,0.10122137516736984,0.06088743731379509
331,other_candidate__fsd50k__val__387957__2666.wav,other,other,1,9,0.5987482070922852,glass_breaking,0.2120012640953064,speech,0.10214847326278687,0.017812449485063553,0.2120012640953064,0.03702763468027115,0.5987482070922852,0.004934212192893028,0.10214847326278687,0.027327802032232285
332,other_candidate__fsd50k__val__134885__2801.wav,other,other,1,13,0.4518389403820038,glass_breaking,0.4372662305831909,speech,0.043094001710414886,0.008613773621618748,0.4372662305831909,0.040791649371385574,0.4518389403820038,0.007574601098895073,0.043094001710414886,0.010820855386555195
333,other_candidate__fsd50k__val__16428__2675.wav,other,other,1,1,0.5036709308624268,glass_breaking,0.14465023577213287,speech,0.1318814754486084,0.016486844047904015,0.14465023577213287,0.1259261965751648,0.5036709308624268,0.04997607320547104,0.1318814754486084,0.0274082999676466
334,other_candidate__fsd50k__val__185145__2738.wav,other,other,1,13,0.5509584546089172,glass_breaking,0.25676169991493225,speech,0.12336507439613342,0.0069234613329172134,0.25676169991493225,0.028391452506184578,0.5509584546089172,0.004382511135190725,0.12336507439613342,0.029217366129159927
335,other_candidate__fsd50k__val__94267__2732.wav,other,glass_breaking,0,6,0.3419000804424286,other,0.23310287296772003,thunderstorm,0.1592913717031479,0.05541771277785301,0.3419000804424286,0.04668121039867401,0.23310287296772003,0.10153258591890335,0.06207416579127312,0.1592913717031479
336,other_candidate__fsd50k__val__94269__2817.wav,other,other,1,7,0.5802960395812988,glass_breaking,0.1711197793483734,speech,0.1308770477771759,0.023612473160028458,0.1711197793483734,0.02779420092701912,0.5802960395812988,0.048002731055021286,0.1308770477771759,0.018297741189599037
337,other_candidate__fsd50k__val__167564__2795.wav,other,other,1,1,0.6802024841308594,glass_breaking,0.23500724136829376,gunshot_gunfire,0.032223332673311234,0.0006959080928936601,0.23500724136829376,0.032223332673311234,0.6802024841308594,0.02678549662232399,0.024421043694019318,0.0006644832319580019
338,other_candidate__esc50__fold_4__172500__2959.wav,other,other,1,6,0.42930707335472107,dog_bark,0.22089004516601562,speech,0.2134256511926651,0.22089004516601562,0.0756918415427208,0.02095501311123371,0.42930707335472107,0.02223081700503826,0.2134256511926651,0.017499521374702454
339,other_candidate__fsd50k__val__392340__3002.wav,other,other,1,10,0.42474889755249023,glass_breaking,0.3302897810935974,speech,0.15833459794521332,0.01870019920170307,0.3302897810935974,0.012435004115104675,0.42474889755249023,0.0038988571614027023,0.15833459794521332,0.051592666655778885
340,other_candidate__fsd50k__val__173596__3009.wav,other,other,1,12,0.5958461165428162,glass_breaking,0.23691289126873016,gunshot_gunfire,0.1263725757598877,0.005727605894207954,0.23691289126873016,0.1263725757598877,0.5958461165428162,0.004521189723163843,0.024821875616908073,0.005797744262963533
341,other_candidate__fsd50k__val__241721__2968.wav,other,siren,0,13,0.3299369812011719,other,0.25789645314216614,thunderstorm,0.1961127370595932,0.006819802802056074,0.035333968698978424,0.15451326966285706,0.25789645314216614,0.3299369812011719,0.01938677206635475,0.1961127370595932
342,other_candidate__fsd50k__val__325569__2832.wav,other,other,1,5,0.7933502197265625,speech,0.19441355764865875,dog_bark,0.009407390840351582,0.009407390840351582,0.0009811364579945803,0.0004234833759255707,0.7933502197265625,0.0011004519183188677,0.19441355764865875,0.0003237993223592639
343,other_candidate__esc50__fold_4__194979__2992.wav,other,thunderstorm,0,6,0.4585682451725006,other,0.4089524447917938,gunshot_gunfire,0.050693657249212265,0.002773178042843938,0.029480718076229095,0.050693657249212265,0.4089524447917938,0.015195992775261402,0.03433573618531227,0.4585682451725006
344,other_candidate__fsd50k__val__265483__2879.wav,other,speech,0,4,0.3820909559726715,other,0.3383195400238037,dog_bark,0.13390658795833588,0.13390658795833588,0.015218343585729599,0.021854260936379433,0.3383195400238037,0.03551948815584183,0.3820909559726715,0.07309086620807648
345,other_candidate__fsd50k__val__19212__2893.wav,other,speech,0,1,0.48675358295440674,other,0.46477362513542175,gunshot_gunfire,0.018302183598279953,0.006037792656570673,0.018302183598279953,0.018302183598279953,0.46477362513542175,0.004575852304697037,0.48675358295440674,0.0012548057129606605
346,other_candidate__esc50__fold_4__207116__2835.wav,other,other,1,6,0.412534236907959,thunderstorm,0.1576012820005417,gunshot_gunfire,0.14948052167892456,0.010807231068611145,0.11662089079618454,0.14948052167892456,0.412534236907959,0.033805619925260544,0.11915025115013123,0.1576012820005417
347,other_candidate__fsd50k__val__199567__2979.wav,other,other,1,5,0.46505969762802124,glass_breaking,0.22468295693397522,thunderstorm,0.09783957898616791,0.032076239585876465,0.22468295693397522,0.045828066766262054,0.46505969762802124,0.03891494497656822,0.09559854865074158,0.09783957898616791
348,other_candidate__fsd50k__val__413645__2878.wav,other,other,1,13,0.5767622590065002,speech,0.258672297000885,glass_breaking,0.11719737946987152,0.016792437061667442,0.11719737946987152,0.006903199013322592,0.5767622590065002,0.0049821604043245316,0.258672297000885,0.01869026944041252
349,other_candidate__fsd50k__val__342201__3042.wav,other,other,1,1,0.9738699197769165,speech,0.02103208750486374,siren,0.003312641754746437,0.0013146817218512297,0.00017212437523994595,0.00028614536859095097,0.9738699197769165,0.003312641754746437,0.02103208750486374,1.2359008906059898e-05
350,other_candidate__fsd50k__val__379297__2991.wav,other,other,1,13,0.35068342089653015,thunderstorm,0.27458783984184265,glass_breaking,0.16225816309452057,0.0073945177718997,0.16225816309452057,0.08746032416820526,0.35068342089653015,0.014631439931690693,0.10298429429531097,0.27458783984184265
351,other_candidate__fsd50k__val__254884__2957.wav,other,other,1,4,0.39363741874694824,speech,0.2733818590641022,glass_breaking,0.14140638709068298,0.02182220295071602,0.14140638709068298,0.07161035388708115,0.39363741874694824,0.0032982248812913895,0.2733818590641022,0.0948435589671135
352,other_candidate__esc50__fold_4__185619__2894.wav,other,other,1,3,0.6541805863380432,speech,0.309738427400589,thunderstorm,0.013063952326774597,0.011834479868412018,0.004720732104033232,0.0031544379889965057,0.6541805863380432,0.003307415870949626,0.309738427400589,0.013063952326774597
353,other_candidate__fsd50k__val__17909__3138.wav,other,dog_bark,0,13,0.7013324499130249,other,0.1813158392906189,speech,0.10608117282390594,0.7013324499130249,0.003473943332210183,0.000877021171618253,0.1813158392906189,0.005841363687068224,0.10608117282390594,0.0010782710742205381
354,other_candidate__fsd50k__val__157398__3195.wav,other,other,1,13,0.7244570851325989,glass_breaking,0.25513604283332825,siren,0.014198706485331059,0.00034680223325267434,0.25513604283332825,0.001691240118816495,0.7244570851325989,0.014198706485331059,0.0037910393439233303,0.00037913298001512885
355,other_candidate__fsd50k__val__32679__3112.wav,other,other,1,13,0.8444252014160156,gunshot_gunfire,0.10304702073335648,glass_breaking,0.03280390053987503,0.0002148816711269319,0.03280390053987503,0.10304702073335648,0.8444252014160156,0.00031987210968509316,0.0033441486302763224,0.015844998881220818
356,other_candidate__fsd50k__val__345761__3118.wav,other,siren,0,13,0.5461640357971191,other,0.31664568185806274,thunderstorm,0.08685876429080963,0.0048798127099871635,0.015096390619874,0.011590956710278988,0.31664568185806274,0.5461640357971191,0.01876438595354557,0.08685876429080963
357,other_candidate__fsd50k__val__120160__3197.wav,other,speech,0,11,0.46529293060302734,other,0.4465952217578888,dog_bark,0.040212370455265045,0.040212370455265045,0.005336371250450611,0.007686424069106579,0.4465952217578888,0.031028319150209427,0.46529293060302734,0.003848382970318198
358,other_candidate__fsd50k__val__275640__3128.wav,other,thunderstorm,0,4,0.8445104956626892,gunshot_gunfire,0.08279424905776978,other,0.04286753386259079,0.0008436523494310677,0.002784179989248514,0.08279424905776978,0.04286753386259079,0.022569559514522552,0.00363028421998024,0.8445104956626892
359,other_candidate__fsd50k__val__76796__3200.wav,other,dog_bark,0,3,0.43669912219047546,other,0.3244476616382599,speech,0.2028830200433731,0.43669912219047546,0.0031983291264623404,0.0021990700624883175,0.3244476616382599,0.023583605885505676,0.2028830200433731,0.006989217828959227
360,other_candidate__fsd50k__val__77241__3250.wav,other,other,1,5,0.6763333678245544,siren,0.23492403328418732,dog_bark,0.030491864308714867,0.030491864308714867,0.0006196364411152899,0.0076209851540625095,0.6763333678245544,0.23492403328418732,0.02809808775782585,0.02191203646361828
361,other_candidate__esc50__fold_4__196671__3164.wav,other,other,1,6,0.7881142497062683,speech,0.1245373860001564,siren,0.039368901401758194,0.0018516142154112458,0.0018449114868417382,0.0239569079130888,0.7881142497062683,0.039368901401758194,0.1245373860001564,0.020326042547822
362,other_candidate__fsd50k__val__263786__3220.wav,other,dog_bark,0,1,0.8790820837020874,speech,0.09567096084356308,other,0.02180790714919567,0.8790820837020874,0.0007476052851416171,5.887743827770464e-05,0.02180790714919567,0.002603155095130205,0.09567096084356308,2.9439715945045464e-05
363,other_candidate__fsd50k__val__29535__3214.wav,other,other,1,8,0.5581306219100952,thunderstorm,0.30377501249313354,gunshot_gunfire,0.04716266691684723,0.01586686447262764,0.031830981373786926,0.04716266691684723,0.5581306219100952,0.02135583944618702,0.021878011524677277,0.30377501249313354
364,other_candidate__esc50__fold_4__208021__3301.wav,other,dog_bark,0,3,0.41002771258354187,other,0.35380998253822327,siren,0.16711919009685516,0.41002771258354187,0.014677542261779308,0.0004832920094486326,0.35380998253822327,0.16711919009685516,0.05116216465830803,0.002720078220590949
365,other_candidate__fsd50k__val__39990__3160.wav,other,other,1,12,0.32648026943206787,speech,0.2553563416004181,thunderstorm,0.19579465687274933,0.045032527297735214,0.02487337589263916,0.02621740847826004,0.32648026943206787,0.1262453943490982,0.2553563416004181,0.19579465687274933
366,other_candidate__fsd50k__val__117250__3168.wav,other,speech,0,2,0.5526697635650635,other,0.42479944229125977,gunshot_gunfire,0.009534187614917755,0.0085380207747221,0.0007155115017667413,0.009534187614917755,0.42479944229125977,0.0031024871859699488,0.5526697635650635,0.0006405765889212489
367,other_candidate__esc50__fold_4__147240__3279.wav,other,other,1,6,0.545228123664856,speech,0.39054742455482483,thunderstorm,0.02940323017537594,0.010809295810759068,0.013189260847866535,0.006524895783513784,0.545228123664856,0.00429772911593318,0.39054742455482483,0.02940323017537594
368,other_candidate__fsd50k__val__42973__3347.wav,other,other,1,13,0.44373777508735657,thunderstorm,0.1660020351409912,speech,0.1416494995355606,0.07355058938264847,0.022896381095051765,0.05414080619812012,0.44373777508735657,0.09802292287349701,0.1416494995355606,0.1660020351409912
369,other_candidate__esc50__fold_4__180453__3334.wav,other,other,1,6,0.6104128360748291,glass_breaking,0.23938940465450287,speech,0.1023736372590065,0.019082779064774513,0.23938940465450287,0.010823994874954224,0.6104128360748291,0.00535875977948308,0.1023736372590065,0.012558669783174992
370,other_candidate__fsd50k__val__351745__3353.wav,other,other,1,13,0.2822989821434021,gunshot_gunfire,0.2656634449958801,thunderstorm,0.19518320262432098,0.0005063693388365209,0.061458785086870193,0.2656634449958801,0.2822989821434021,0.1767072081565857,0.01818206161260605,0.19518320262432098
371,other_candidate__esc50__fold_4__144085__3380.wav,other,siren,0,6,0.7374592423439026,other,0.25387322902679443,speech,0.0053561474196612835,0.0001318129216087982,0.00013175615458749235,0.0007755097467452288,0.25387322902679443,0.7374592423439026,0.0053561474196612835,0.00227224244736135
372,other_candidate__fsd50k__val__188501__3373.wav,other,speech,0,13,0.5234422087669373,other,0.20110438764095306,glass_breaking,0.11838655918836594,0.027025757357478142,0.11838655918836594,0.022207021713256836,0.20110438764095306,0.02452227473258972,0.5234422087669373,0.08331183344125748
373,other_candidate__esc50__fold_4__181286__3358.wav,other,other,1,6,0.8246893882751465,thunderstorm,0.1438080072402954,siren,0.015269629657268524,9.3520873633679e-05,0.0035395256709307432,0.009441846050322056,0.8246893882751465,0.015269629657268524,0.0031581216026097536,0.1438080072402954
374,other_candidate__fsd50k__val__181355__3414.wav,other,other,1,10,0.5694416761398315,glass_breaking,0.334637850522995,speech,0.05844082683324814,0.007729793433099985,0.334637850522995,0.023507211357355118,0.5694416761398315,0.00450771301984787,0.05844082683324814,0.0017349084373563528
375,other_candidate__fsd50k__val__170898__3394.wav,other,other,1,13,0.7337378263473511,thunderstorm,0.1937955766916275,siren,0.03879353776574135,0.004732460714876652,0.006675980053842068,0.010023514740169048,0.7337378263473511,0.03879353776574135,0.012241191230714321,0.1937955766916275
376,other_candidate__fsd50k__val__395105__3431.wav,other,other,1,13,0.9581310749053955,thunderstorm,0.037783149629831314,siren,0.0032954474445432425,9.483979738433845e-06,9.136043081525713e-05,3.583854777389206e-05,0.9581310749053955,0.0032954474445432425,0.000653628318104893,0.037783149629831314
377,other_candidate__fsd50k__val__368470__3458.wav,other,thunderstorm,0,7,0.9253225326538086,other,0.050791509449481964,gunshot_gunfire,0.01154054794460535,0.0018997284350916743,0.0009469742071814835,0.01154054794460535,0.050791509449481964,0.004754259251058102,0.004744441714137793,0.9253225326538086
378,other_candidate__fsd50k__val__345997__3364.wav,other,other,1,13,0.7849898934364319,thunderstorm,0.16562142968177795,gunshot_gunfire,0.01626538299024105,0.0032256790436804295,0.0011311841662973166,0.01626538299024105,0.7849898934364319,0.015832485631108284,0.012933899648487568,0.16562142968177795
379,other_candidate__esc50__fold_4__195497__3346.wav,other,thunderstorm,0,6,0.44934991002082825,other,0.3671211004257202,siren,0.14320291578769684,0.00010100009239977226,0.007340885698795319,0.028240779414772987,0.3671211004257202,0.14320291578769684,0.00464343698695302,0.44934991002082825
380,other_candidate__fsd50k__val__47388__3474.wav,other,other,1,1,0.7255626320838928,glass_breaking,0.119683638215065,thunderstorm,0.04974491149187088,0.01641058176755905,0.119683638215065,0.02992292493581772,0.7255626320838928,0.02267763763666153,0.035997699946165085,0.04974491149187088
381,other_candidate__fsd50k__val__57654__3444.wav,other,thunderstorm,0,5,0.6992157697677612,other,0.14824995398521423,gunshot_gunfire,0.07131685316562653,0.001497185556218028,0.03315243497490883,0.07131685316562653,0.14824995398521423,0.012677754275500774,0.03389006108045578,0.6992157697677612
382,other_candidate__fsd50k__val__340295__3382.wav,other,other,1,13,0.8511940836906433,glass_breaking,0.11238538473844528,speech,0.016187164932489395,0.0010828734375536442,0.11238538473844528,0.004713835194706917,0.8511940836906433,0.00810637790709734,0.016187164932489395,0.006330333184450865
383,other_candidate__fsd50k__val__253580__3529.wav,other,other,1,9,0.680741548538208,dog_bark,0.18347926437854767,speech,0.08441738039255142,0.18347926437854767,0.00603569857776165,0.007851209491491318,0.680741548538208,0.030645158141851425,0.08441738039255142,0.006829671561717987
384,other_candidate__fsd50k__val__434660__3717.wav,other,glass_breaking,0,13,0.5760851502418518,other,0.2773696184158325,thunderstorm,0.05390297994017601,0.013790031895041466,0.5760851502418518,0.027170678600668907,0.2773696184158325,0.023190079256892204,0.028491465374827385,0.05390297994017601
385,other_candidate__fsd50k__val__196702__3725.wav,other,gunshot_gunfire,0,13,0.6559600234031677,other,0.15128694474697113,thunderstorm,0.08918870240449905,0.0004659949045162648,0.03247172385454178,0.6559600234031677,0.15128694474697113,0.05645563080906868,0.014171055518090725,0.08918870240449905
386,other_candidate__fsd50k__val__385821__3689.wav,other,other,1,8,0.7568655610084534,siren,0.22454725205898285,speech,0.017126407474279404,1.8672155420063064e-05,3.651264341897331e-05,0.0012864917516708374,0.7568655610084534,0.22454725205898285,0.017126407474279404,0.00011906867439392954
387,other_candidate__fsd50k__val__372002__3565.wav,other,speech,0,13,0.9855026006698608,other,0.00605127913877368,siren,0.0033239233307540417,0.002747519873082638,0.0015717686619609594,0.0004918760969303548,0.00605127913877368,0.0033239233307540417,0.9855026006698608,0.0003111260593868792
388,other_candidate__fsd50k__val__46504__3729.wav,other,thunderstorm,0,13,0.743348240852356,gunshot_gunfire,0.12094680964946747,other,0.08513577282428741,0.002152696019038558,0.0014009543228894472,0.12094680964946747,0.08513577282428741,0.01885991357266903,0.02815561555325985,0.743348240852356
389,other_candidate__fsd50k__val__366441__3713.wav,other,other,1,13,0.5622853636741638,glass_breaking,0.3709968328475952,thunderstorm,0.03941318765282631,0.004577866289764643,0.3709968328475952,0.009026757441461086,0.5622853636741638,0.00012153072020737454,0.013578481040894985,0.03941318765282631
390,other_candidate__esc50__fold_4__204612__3619.wav,other,glass_breaking,0,6,0.36025819182395935,other,0.30771949887275696,gunshot_gunfire,0.25885769724845886,0.002220395253971219,0.36025819182395935,0.25885769724845886,0.30771949887275696,0.006370147690176964,0.030818037688732147,0.033756062388420105
391,other_candidate__fsd50k__val__182324__3577.wav,other,other,1,2,0.5115705132484436,gunshot_gunfire,0.2273455411195755,glass_breaking,0.15695098042488098,0.003677915781736374,0.15695098042488098,0.2273455411195755,0.5115705132484436,0.01663373038172722,0.03927925229072571,0.04454204812645912
392,other_candidate__fsd50k__val__157611__3496.wav,other,other,1,13,0.6923867464065552,siren,0.12017561495304108,gunshot_gunfire,0.05339306965470314,0.00719576608389616,0.0437193438410759,0.05339306965470314,0.6923867464065552,0.12017561495304108,0.03834397345781326,0.04478545859456062
393,other_candidate__fsd50k__val__34855__3549.wav,other,other,1,3,0.7986857891082764,glass_breaking,0.11406249552965164,gunshot_gunfire,0.0823577418923378,7.825025386409834e-05,0.11406249552965164,0.0823577418923378,0.7986857891082764,0.000330208771629259,0.0024867295287549496,0.0019987907726317644
394,other_candidate__fsd50k__val__410472__3540.wav,other,other,1,13,0.6240800023078918,thunderstorm,0.10623937100172043,glass_breaking,0.06996709853410721,0.007924167439341545,0.06996709853410721,0.06000673770904541,0.6240800023078918,0.0699184462428093,0.06186415255069733,0.10623937100172043
395,other_candidate__fsd50k__val__429939__3566.wav,other,speech,0,13,0.5017661452293396,other,0.23068417608737946,siren,0.09278174489736557,0.02597493678331375,0.010688663460314274,0.04690050333738327,0.23068417608737946,0.09278174489736557,0.5017661452293396,0.09120381623506546
396,other_candidate__esc50__fold_4__160036__3655.wav,other,other,1,6,0.45587101578712463,gunshot_gunfire,0.32130980491638184,speech,0.06653046607971191,0.001077161985449493,0.05844216048717499,0.32130980491638184,0.45587101578712463,0.0417560450732708,0.06653046607971191,0.05501331016421318
397,other_candidate__fsd50k__val__110135__3710.wav,other,speech,0,9,0.6331539154052734,other,0.14170712232589722,siren,0.10939480364322662,0.0006596522871404886,0.027778685092926025,0.053775183856487274,0.14170712232589722,0.10939480364322662,0.6331539154052734,0.03353063017129898
398,other_candidate__fsd50k__val__238499__3922.wav,other,other,1,13,0.46866005659103394,dog_bark,0.44022810459136963,speech,0.05866018682718277,0.44022810459136963,0.0067613935098052025,0.000507402466610074,0.46866005659103394,0.021345216780900955,0.05866018682718277,0.0038376180455088615
399,other_candidate__fsd50k__val__186501__3930.wav,other,other,1,2,0.6656762361526489,glass_breaking,0.2641727328300476,speech,0.041200537234544754,0.004181414842605591,0.2641727328300476,0.015768611803650856,0.6656762361526489,0.007843690924346447,0.041200537234544754,0.0011567944893613458
400,other_candidate__fsd50k__val__74177__3896.wav,other,gunshot_gunfire,0,1,0.924936830997467,glass_breaking,0.03027629479765892,other,0.020919974893331528,0.0005435172352008522,0.03027629479765892,0.924936830997467,0.020919974893331528,0.006292179226875305,0.0151386559009552,0.0018925232579931617
401,other_candidate__fsd50k__val__99961__3886.wav,other,other,1,10,0.9422762989997864,siren,0.04909911006689072,speech,0.006083575077354908,4.506921686697751e-05,0.0010194883216172457,0.0010890609119087458,0.9422762989997864,0.04909911006689072,0.006083575077354908,0.0003874002140946686
402,other_candidate__fsd50k__val__180049__3910.wav,other,speech,0,13,0.56717449426651,other,0.2681258022785187,dog_bark,0.1263727992773056,0.1263727992773056,0.002341467421501875,0.00284436228685081,0.2681258022785187,0.03233224153518677,0.56717449426651,0.0008088378817774355
403,other_candidate__fsd50k__val__51837__3876.wav,other,other,1,13,0.919441819190979,speech,0.03211116045713425,thunderstorm,0.020313693210482597,0.0003082810726482421,0.0004900399944745004,0.015276508405804634,0.919441819190979,0.012058517895638943,0.03211116045713425,0.020313693210482597
404,other_candidate__fsd50k__val__427987__3831.wav,other,dog_bark,0,12,0.5145506262779236,other,0.40516790747642517,siren,0.056762490421533585,0.5145506262779236,0.0036188189405947924,0.0007121022208593786,0.40516790747642517,0.056762490421533585,0.01856253854930401,0.0006254626787267625
405,other_candidate__fsd50k__val__130414__3947.wav,other,other,1,1,0.507957935333252,speech,0.18379701673984528,gunshot_gunfire,0.12699802219867706,0.009550060145556927,0.11578746140003204,0.12699802219867706,0.507957935333252,0.04387729987502098,0.18379701673984528,0.012032183818519115
406,other_candidate__fsd50k__val__101383__3815.wav,other,other,1,7,0.6519826650619507,speech,0.20876172184944153,siren,0.06621908396482468,0.001774798147380352,0.05352252721786499,0.017551615834236145,0.6519826650619507,0.06621908396482468,0.20876172184944153,0.00018761682440526783
407,other_candidate__fsd50k__val__109368__3805.wav,other,other,1,4,0.9661176204681396,glass_breaking,0.012095470912754536,speech,0.010602453723549843,0.0007930292631499469,0.012095470912754536,0.006553491577506065,0.9661176204681396,0.003811736823990941,0.010602453723549843,2.6172860088991e-05
408,other_candidate__fsd50k__val__374133__3935.wav,other,other,1,12,0.7065430283546448,siren,0.23730038106441498,speech,0.03305383399128914,0.016368992626667023,0.0027723072562366724,0.0034872384276241064,0.7065430283546448,0.23730038106441498,0.03305383399128914,0.0004742302990052849
409,other_candidate__fsd50k__val__179055__3856.wav,other,other,1,11,0.5479983687400818,siren,0.19432377815246582,speech,0.10941699147224426,0.04779597744345665,0.06130088493227959,0.02939838357269764,0.5479983687400818,0.19432377815246582,0.10941699147224426,0.009765630587935448
410,other_candidate__fsd50k__val__341793__3758.wav,other,other,1,9,0.606593668460846,speech,0.24768294394016266,siren,0.06527754664421082,0.0007666407618671656,0.025670340284705162,0.0493786484003067,0.606593668460846,0.06527754664421082,0.24768294394016266,0.004630235489457846
411,other_candidate__fsd50k__val__144481__3913.wav,other,other,1,7,0.5993853807449341,glass_breaking,0.15547093749046326,speech,0.14805331826210022,0.022414999082684517,0.15547093749046326,0.02539263665676117,0.5993853807449341,0.03722737357020378,0.14805331826210022,0.012055332772433758
412,other_candidate__fsd50k__val__412332__3891.wav,other,other,1,11,0.8611254096031189,speech,0.09811436384916306,siren,0.02447313256561756,0.003208769019693136,0.007819213904440403,0.004890196491032839,0.8611254096031189,0.02447313256561756,0.09811436384916306,0.00036885004374198616
