dataset_role,filename,category,background_group,source_dataset,source_partition,source_id,source_filename,source_labels
train,dog_bark__esc50__fold_1__100032__0000__r0.wav,dog_bark,,ESC-50,fold_1,100032,1-100032-A-0.wav,dog_bark
train,dog_bark__esc50__fold_1__110389__0001__r0.wav,dog_bark,,ESC-50,fold_1,110389,1-110389-A-0.wav,dog_bark
train,dog_bark__esc50__fold_1__30226__0002__r0.wav,dog_bark,,ESC-50,fold_1,30226,1-30226-A-0.wav,dog_bark
train,dog_bark__esc50__fold_1__30344__0003__r0.wav,dog_bark,,ESC-50,fold_1,30344,1-30344-A-0.wav,dog_bark
train,dog_bark__esc50__fold_1__32318__0004__r0.wav,dog_bark,,ESC-50,fold_1,32318,1-32318-A-0.wav,dog_bark
train,dog_bark__esc50__fold_1__59513__0005__r0.wav,dog_bark,,ESC-50,fold_1,59513,1-59513-A-0.wav,dog_bark
train,dog_bark__esc50__fold_1__85362__0006__r0.wav,dog_bark,,ESC-50,fold_1,85362,1-85362-A-0.wav,dog_bark
train,dog_bark__esc50__fold_1__97392__0007__r0.wav,dog_bark,,ESC-50,fold_1,97392,1-97392-A-0.wav,dog_bark
train,dog_bark__esc50__fold_2__114280__0008__r0.wav,dog_bark,,ESC-50,fold_2,114280,2-114280-A-0.wav,dog_bark
train,dog_bark__esc50__fold_2__114587__0009__r0.wav,dog_bark,,ESC-50,fold_2,114587,2-114587-A-0.wav,dog_bark
train,dog_bark__esc50__fold_2__116400__0010__r0.wav,dog_bark,,ESC-50,fold_2,116400,2-116400-A-0.wav,dog_bark
train,dog_bark__esc50__fold_2__117271__0011__r0.wav,dog_bark,,ESC-50,fold_2,117271,2-117271-A-0.wav,dog_bark
train,dog_bark__esc50__fold_2__118072__0012__r0.wav,dog_bark,,ESC-50,fold_2,118072,2-118072-A-0.wav,dog_bark
train,dog_bark__esc50__fold_2__118964__0013__r0.wav,dog_bark,,ESC-50,fold_2,118964,2-118964-A-0.wav,dog_bark
train,dog_bark__esc50__fold_2__122104__0014__r0.wav,dog_bark,,ESC-50,fold_2,122104,2-122104-A-0.wav,dog_bark
train,dog_bark__esc50__fold_2__122104__0015__r0.wav,dog_bark,,ESC-50,fold_2,122104,2-122104-B-0.wav,dog_bark
train,dog_bark__esc50__fold_3__136288__0016__r0.wav,dog_bark,,ESC-50,fold_3,136288,3-136288-A-0.wav,dog_bark
train,dog_bark__esc50__fold_3__144028__0017__r0.wav,dog_bark,,ESC-50,fold_3,144028,3-144028-A-0.wav,dog_bark
train,dog_bark__esc50__fold_3__155312__0018__r0.wav,dog_bark,,ESC-50,fold_3,155312,3-155312-A-0.wav,dog_bark
train,dog_bark__esc50__fold_3__157695__0019__r0.wav,dog_bark,,ESC-50,fold_3,157695,3-157695-A-0.wav,dog_bark
train,dog_bark__esc50__fold_3__163459__0020__r0.wav,dog_bark,,ESC-50,fold_3,163459,3-163459-A-0.wav,dog_bark
train,dog_bark__esc50__fold_3__170015__0021__r0.wav,dog_bark,,ESC-50,fold_3,170015,3-170015-A-0.wav,dog_bark
train,dog_bark__esc50__fold_3__180256__0022__r0.wav,dog_bark,,ESC-50,fold_3,180256,3-180256-A-0.wav,dog_bark
train,dog_bark__esc50__fold_3__180977__0023__r0.wav,dog_bark,,ESC-50,fold_3,180977,3-180977-A-0.wav,dog_bark
train,dog_bark__fsd50k__dev__114280__0024__r0.wav,dog_bark,,FSD50K,dev,114280,114280.wav,dog_bark
train,dog_bark__fsd50k__dev__118961__0025__r0.wav,dog_bark,,FSD50K,dev,118961,118961.wav,dog_bark
train,dog_bark__fsd50k__dev__118962__0026__r0.wav,dog_bark,,FSD50K,dev,118962,118962.wav,dog_bark
train,dog_bark__fsd50k__dev__118963__0027__r0.wav,dog_bark,,FSD50K,dev,118963,118963.wav,dog_bark
train,dog_bark__fsd50k__dev__118964__0028__r0.wav,dog_bark,,FSD50K,dev,118964,118964.wav,dog_bark
train,dog_bark__fsd50k__dev__125554__0029__r0.wav,dog_bark,,FSD50K,dev,125554,125554.wav,dog_bark
train,dog_bark__fsd50k__dev__125574__0030__r0.wav,dog_bark,,FSD50K,dev,125574,125574.wav,dog_bark
train,dog_bark__fsd50k__dev__130030__0031__r0.wav,dog_bark,,FSD50K,dev,130030,130030.wav,dog_bark
train,dog_bark__fsd50k__dev__137803__0032__r0.wav,dog_bark,,FSD50K,dev,137803,137803.wav,dog_bark
train,dog_bark__fsd50k__dev__155309__0033__r0.wav,dog_bark,,FSD50K,dev,155309,155309.wav,dog_bark
train,dog_bark__fsd50k__dev__155311__0034__r0.wav,dog_bark,,FSD50K,dev,155311,155311.wav,dog_bark
train,dog_bark__fsd50k__dev__155312__0035__r0.wav,dog_bark,,FSD50K,dev,155312,155312.wav,dog_bark
train,dog_bark__fsd50k__dev__155317__0036__r0.wav,dog_bark,,FSD50K,dev,155317,155317.wav,dog_bark
train,dog_bark__fsd50k__dev__156418__0037__r0.wav,dog_bark,,FSD50K,dev,156418,156418.wav,dog_bark
train,dog_bark__fsd50k__dev__157322__0038__r0.wav,dog_bark,,FSD50K,dev,157322,157322.wav,dog_bark
train,dog_bark__fsd50k__dev__160092__0039__r0.wav,dog_bark,,FSD50K,dev,160092,160092.wav,dog_bark
train,dog_bark__fsd50k__dev__160093__0040__r0.wav,dog_bark,,FSD50K,dev,160093,160093.wav,dog_bark
train,dog_bark__fsd50k__dev__160094__0041__r0.wav,dog_bark,,FSD50K,dev,160094,160094.wav,dog_bark
train,dog_bark__fsd50k__dev__164311__0042__r0.wav,dog_bark,,FSD50K,dev,164311,164311.wav,dog_bark
train,dog_bark__fsd50k__dev__164488__0043__r0.wav,dog_bark,,FSD50K,dev,164488,164488.wav,dog_bark
train,dog_bark__fsd50k__dev__179096__0044__r0.wav,dog_bark,,FSD50K,dev,179096,179096.wav,dog_bark
train,dog_bark__fsd50k__dev__183992__0045__r0.wav,dog_bark,,FSD50K,dev,183992,183992.wav,dog_bark
train,dog_bark__fsd50k__dev__184725__0046__r0.wav,dog_bark,,FSD50K,dev,184725,184725.wav,dog_bark
train,dog_bark__fsd50k__dev__193394__0047__r0.wav,dog_bark,,FSD50K,dev,193394,193394.wav,dog_bark
train,dog_bark__fsd50k__dev__194753__0048__r0.wav,dog_bark,,FSD50K,dev,194753,194753.wav,dog_bark
train,dog_bark__fsd50k__dev__194754__0049__r0.wav,dog_bark,,FSD50K,dev,194754,194754.wav,dog_bark
train,dog_bark__fsd50k__dev__234030__0050__r0.wav,dog_bark,,FSD50K,dev,234030,234030.wav,dog_bark
train,dog_bark__fsd50k__dev__235864__0051__r0.wav,dog_bark,,FSD50K,dev,235864,235864.wav,dog_bark
train,dog_bark__fsd50k__dev__235865__0052__r0.wav,dog_bark,,FSD50K,dev,235865,235865.wav,dog_bark
train,dog_bark__fsd50k__dev__235867__0053__r0.wav,dog_bark,,FSD50K,dev,235867,235867.wav,dog_bark
train,dog_bark__fsd50k__dev__235869__0054__r0.wav,dog_bark,,FSD50K,dev,235869,235869.wav,dog_bark
train,dog_bark__fsd50k__dev__235871__0055__r0.wav,dog_bark,,FSD50K,dev,235871,235871.wav,dog_bark
train,dog_bark__fsd50k__dev__235872__0056__r0.wav,dog_bark,,FSD50K,dev,235872,235872.wav,dog_bark
train,dog_bark__fsd50k__dev__235884__0057__r0.wav,dog_bark,,FSD50K,dev,235884,235884.wav,dog_bark
train,dog_bark__fsd50k__dev__235885__0058__r0.wav,dog_bark,,FSD50K,dev,235885,235885.wav,dog_bark
train,dog_bark__fsd50k__dev__235886__0059__r0.wav,dog_bark,,FSD50K,dev,235886,235886.wav,dog_bark
train,dog_bark__fsd50k__dev__235890__0060__r0.wav,dog_bark,,FSD50K,dev,235890,235890.wav,dog_bark
train,dog_bark__fsd50k__dev__236011__0061__r0.wav,dog_bark,,FSD50K,dev,236011,236011.wav,dog_bark
train,dog_bark__fsd50k__dev__236013__0062__r0.wav,dog_bark,,FSD50K,dev,236013,236013.wav,dog_bark
train,dog_bark__fsd50k__dev__236016__0063__r0.wav,dog_bark,,FSD50K,dev,236016,236016.wav,dog_bark
train,dog_bark__fsd50k__dev__236017__0064__r0.wav,dog_bark,,FSD50K,dev,236017,236017.wav,dog_bark
train,dog_bark__fsd50k__dev__236018__0065__r0.wav,dog_bark,,FSD50K,dev,236018,236018.wav,dog_bark
train,dog_bark__fsd50k__dev__236019__0066__r0.wav,dog_bark,,FSD50K,dev,236019,236019.wav,dog_bark
train,dog_bark__fsd50k__dev__236020__0067__r0.wav,dog_bark,,FSD50K,dev,236020,236020.wav,dog_bark
train,dog_bark__fsd50k__dev__236021__0068__r0.wav,dog_bark,,FSD50K,dev,236021,236021.wav,dog_bark
train,dog_bark__fsd50k__dev__236022__0069__r0.wav,dog_bark,,FSD50K,dev,236022,236022.wav,dog_bark
train,dog_bark__fsd50k__dev__236025__0070__r0.wav,dog_bark,,FSD50K,dev,236025,236025.wav,dog_bark
train,dog_bark__fsd50k__dev__236026__0071__r0.wav,dog_bark,,FSD50K,dev,236026,236026.wav,dog_bark
train,dog_bark__fsd50k__dev__236027__0072__r0.wav,dog_bark,,FSD50K,dev,236027,236027.wav,dog_bark
train,dog_bark__fsd50k__dev__236028__0073__r0.wav,dog_bark,,FSD50K,dev,236028,236028.wav,dog_bark
train,dog_bark__fsd50k__dev__236029__0074__r0.wav,dog_bark,,FSD50K,dev,236029,236029.wav,dog_bark
train,dog_bark__fsd50k__dev__236030__0075__r0.wav,dog_bark,,FSD50K,dev,236030,236030.wav,dog_bark
train,dog_bark__fsd50k__dev__236031__0076__r0.wav,dog_bark,,FSD50K,dev,236031,236031.wav,dog_bark
train,dog_bark__fsd50k__dev__236032__0077__r0.wav,dog_bark,,FSD50K,dev,236032,236032.wav,dog_bark
train,dog_bark__fsd50k__dev__236034__0078__r0.wav,dog_bark,,FSD50K,dev,236034,236034.wav,dog_bark
train,dog_bark__fsd50k__dev__236035__0079__r0.wav,dog_bark,,FSD50K,dev,236035,236035.wav,dog_bark
train,dog_bark__fsd50k__dev__236037__0080__r0.wav,dog_bark,,FSD50K,dev,236037,236037.wav,dog_bark
train,dog_bark__fsd50k__dev__236038__0081__r0.wav,dog_bark,,FSD50K,dev,236038,236038.wav,dog_bark
train,dog_bark__fsd50k__dev__236039__0082__r0.wav,dog_bark,,FSD50K,dev,236039,236039.wav,dog_bark
train,dog_bark__fsd50k__dev__236040__0083__r0.wav,dog_bark,,FSD50K,dev,236040,236040.wav,dog_bark
train,dog_bark__fsd50k__dev__236041__0084__r0.wav,dog_bark,,FSD50K,dev,236041,236041.wav,dog_bark
train,dog_bark__fsd50k__dev__236042__0085__r0.wav,dog_bark,,FSD50K,dev,236042,236042.wav,dog_bark
train,dog_bark__fsd50k__dev__236043__0086__r0.wav,dog_bark,,FSD50K,dev,236043,236043.wav,dog_bark
train,dog_bark__fsd50k__dev__236044__0087__r0.wav,dog_bark,,FSD50K,dev,236044,236044.wav,dog_bark
train,dog_bark__fsd50k__dev__236045__0088__r0.wav,dog_bark,,FSD50K,dev,236045,236045.wav,dog_bark
train,dog_bark__fsd50k__dev__236046__0089__r0.wav,dog_bark,,FSD50K,dev,236046,236046.wav,dog_bark
train,dog_bark__fsd50k__dev__236047__0090__r0.wav,dog_bark,,FSD50K,dev,236047,236047.wav,dog_bark
train,dog_bark__fsd50k__dev__236048__0091__r0.wav,dog_bark,,FSD50K,dev,236048,236048.wav,dog_bark
train,dog_bark__fsd50k__dev__236049__0092__r0.wav,dog_bark,,FSD50K,dev,236049,236049.wav,dog_bark
train,dog_bark__fsd50k__dev__236050__0093__r0.wav,dog_bark,,FSD50K,dev,236050,236050.wav,dog_bark
train,dog_bark__fsd50k__dev__236051__0094__r0.wav,dog_bark,,FSD50K,dev,236051,236051.wav,dog_bark
train,dog_bark__fsd50k__dev__236052__0095__r0.wav,dog_bark,,FSD50K,dev,236052,236052.wav,dog_bark
train,dog_bark__fsd50k__dev__236053__0096__r0.wav,dog_bark,,FSD50K,dev,236053,236053.wav,dog_bark
train,dog_bark__fsd50k__dev__236054__0097__r0.wav,dog_bark,,FSD50K,dev,236054,236054.wav,dog_bark
train,dog_bark__fsd50k__dev__236055__0098__r0.wav,dog_bark,,FSD50K,dev,236055,236055.wav,dog_bark
train,dog_bark__fsd50k__dev__236056__0099__r0.wav,dog_bark,,FSD50K,dev,236056,236056.wav,dog_bark
train,dog_bark__fsd50k__dev__236057__0100__r0.wav,dog_bark,,FSD50K,dev,236057,236057.wav,dog_bark
train,dog_bark__fsd50k__dev__236058__0101__r0.wav,dog_bark,,FSD50K,dev,236058,236058.wav,dog_bark
train,dog_bark__fsd50k__dev__236059__0102__r0.wav,dog_bark,,FSD50K,dev,236059,236059.wav,dog_bark
train,dog_bark__fsd50k__dev__236060__0103__r0.wav,dog_bark,,FSD50K,dev,236060,236060.wav,dog_bark
train,dog_bark__fsd50k__dev__236061__0104__r0.wav,dog_bark,,FSD50K,dev,236061,236061.wav,dog_bark
train,dog_bark__fsd50k__dev__236062__0105__r0.wav,dog_bark,,FSD50K,dev,236062,236062.wav,dog_bark
train,dog_bark__fsd50k__dev__236064__0106__r0.wav,dog_bark,,FSD50K,dev,236064,236064.wav,dog_bark
train,dog_bark__fsd50k__dev__236065__0107__r0.wav,dog_bark,,FSD50K,dev,236065,236065.wav,dog_bark
train,dog_bark__fsd50k__dev__236066__0108__r0.wav,dog_bark,,FSD50K,dev,236066,236066.wav,dog_bark
train,dog_bark__fsd50k__dev__236067__0109__r0.wav,dog_bark,,FSD50K,dev,236067,236067.wav,dog_bark
train,dog_bark__fsd50k__dev__236068__0110__r0.wav,dog_bark,,FSD50K,dev,236068,236068.wav,dog_bark
train,dog_bark__fsd50k__dev__236071__0111__r0.wav,dog_bark,,FSD50K,dev,236071,236071.wav,dog_bark
train,dog_bark__fsd50k__dev__236074__0112__r0.wav,dog_bark,,FSD50K,dev,236074,236074.wav,dog_bark
train,dog_bark__fsd50k__dev__236075__0113__r0.wav,dog_bark,,FSD50K,dev,236075,236075.wav,dog_bark
train,dog_bark__fsd50k__dev__236076__0114__r0.wav,dog_bark,,FSD50K,dev,236076,236076.wav,dog_bark
train,dog_bark__fsd50k__dev__236077__0115__r0.wav,dog_bark,,FSD50K,dev,236077,236077.wav,dog_bark
train,dog_bark__fsd50k__dev__236078__0116__r0.wav,dog_bark,,FSD50K,dev,236078,236078.wav,dog_bark
train,dog_bark__fsd50k__dev__236084__0117__r0.wav,dog_bark,,FSD50K,dev,236084,236084.wav,dog_bark
train,dog_bark__fsd50k__dev__236085__0118__r0.wav,dog_bark,,FSD50K,dev,236085,236085.wav,dog_bark
train,dog_bark__fsd50k__dev__236086__0119__r0.wav,dog_bark,,FSD50K,dev,236086,236086.wav,dog_bark
train,dog_bark__fsd50k__dev__236087__0120__r0.wav,dog_bark,,FSD50K,dev,236087,236087.wav,dog_bark
train,dog_bark__fsd50k__dev__236088__0121__r0.wav,dog_bark,,FSD50K,dev,236088,236088.wav,dog_bark
train,dog_bark__fsd50k__dev__236089__0122__r0.wav,dog_bark,,FSD50K,dev,236089,236089.wav,dog_bark
train,dog_bark__fsd50k__dev__236090__0123__r0.wav,dog_bark,,FSD50K,dev,236090,236090.wav,dog_bark
train,dog_bark__fsd50k__dev__236093__0124__r0.wav,dog_bark,,FSD50K,dev,236093,236093.wav,dog_bark
train,dog_bark__fsd50k__dev__236094__0125__r0.wav,dog_bark,,FSD50K,dev,236094,236094.wav,dog_bark
train,dog_bark__fsd50k__dev__236095__0126__r0.wav,dog_bark,,FSD50K,dev,236095,236095.wav,dog_bark
train,dog_bark__fsd50k__dev__236096__0127__r0.wav,dog_bark,,FSD50K,dev,236096,236096.wav,dog_bark
train,dog_bark__fsd50k__dev__236097__0128__r0.wav,dog_bark,,FSD50K,dev,236097,236097.wav,dog_bark
train,dog_bark__fsd50k__dev__236098__0129__r0.wav,dog_bark,,FSD50K,dev,236098,236098.wav,dog_bark
train,dog_bark__fsd50k__dev__236099__0130__r0.wav,dog_bark,,FSD50K,dev,236099,236099.wav,dog_bark
train,dog_bark__fsd50k__dev__236100__0131__r0.wav,dog_bark,,FSD50K,dev,236100,236100.wav,dog_bark
train,dog_bark__fsd50k__dev__236101__0132__r0.wav,dog_bark,,FSD50K,dev,236101,236101.wav,dog_bark
train,dog_bark__fsd50k__dev__236105__0133__r0.wav,dog_bark,,FSD50K,dev,236105,236105.wav,dog_bark
train,dog_bark__fsd50k__dev__236106__0134__r0.wav,dog_bark,,FSD50K,dev,236106,236106.wav,dog_bark
train,dog_bark__fsd50k__dev__236107__0135__r0.wav,dog_bark,,FSD50K,dev,236107,236107.wav,dog_bark
train,dog_bark__fsd50k__dev__236108__0136__r0.wav,dog_bark,,FSD50K,dev,236108,236108.wav,dog_bark
train,dog_bark__fsd50k__dev__236109__0137__r0.wav,dog_bark,,FSD50K,dev,236109,236109.wav,dog_bark
train,dog_bark__fsd50k__dev__236110__0138__r0.wav,dog_bark,,FSD50K,dev,236110,236110.wav,dog_bark
train,dog_bark__fsd50k__dev__236111__0139__r0.wav,dog_bark,,FSD50K,dev,236111,236111.wav,dog_bark
train,dog_bark__fsd50k__dev__236112__0140__r0.wav,dog_bark,,FSD50K,dev,236112,236112.wav,dog_bark
train,dog_bark__fsd50k__dev__236113__0141__r0.wav,dog_bark,,FSD50K,dev,236113,236113.wav,dog_bark
train,dog_bark__fsd50k__dev__236116__0142__r0.wav,dog_bark,,FSD50K,dev,236116,236116.wav,dog_bark
train,dog_bark__fsd50k__dev__236117__0143__r0.wav,dog_bark,,FSD50K,dev,236117,236117.wav,dog_bark
train,dog_bark__fsd50k__dev__236118__0144__r0.wav,dog_bark,,FSD50K,dev,236118,236118.wav,dog_bark
train,dog_bark__fsd50k__dev__236119__0145__r0.wav,dog_bark,,FSD50K,dev,236119,236119.wav,dog_bark
train,dog_bark__fsd50k__dev__236120__0146__r0.wav,dog_bark,,FSD50K,dev,236120,236120.wav,dog_bark
train,dog_bark__fsd50k__dev__236121__0147__r0.wav,dog_bark,,FSD50K,dev,236121,236121.wav,dog_bark
train,dog_bark__fsd50k__dev__236123__0148__r0.wav,dog_bark,,FSD50K,dev,236123,236123.wav,dog_bark
train,dog_bark__fsd50k__dev__236124__0149__r0.wav,dog_bark,,FSD50K,dev,236124,236124.wav,dog_bark
train,dog_bark__fsd50k__dev__236125__0150__r0.wav,dog_bark,,FSD50K,dev,236125,236125.wav,dog_bark
train,dog_bark__fsd50k__dev__236126__0151__r0.wav,dog_bark,,FSD50K,dev,236126,236126.wav,dog_bark
train,dog_bark__fsd50k__dev__236127__0152__r0.wav,dog_bark,,FSD50K,dev,236127,236127.wav,dog_bark
train,dog_bark__fsd50k__dev__236128__0153__r0.wav,dog_bark,,FSD50K,dev,236128,236128.wav,dog_bark
train,dog_bark__fsd50k__dev__236129__0154__r0.wav,dog_bark,,FSD50K,dev,236129,236129.wav,dog_bark
train,dog_bark__fsd50k__dev__236130__0155__r0.wav,dog_bark,,FSD50K,dev,236130,236130.wav,dog_bark
train,dog_bark__fsd50k__dev__236131__0156__r0.wav,dog_bark,,FSD50K,dev,236131,236131.wav,dog_bark
train,dog_bark__fsd50k__dev__236132__0157__r0.wav,dog_bark,,FSD50K,dev,236132,236132.wav,dog_bark
train,dog_bark__fsd50k__dev__236134__0158__r0.wav,dog_bark,,FSD50K,dev,236134,236134.wav,dog_bark
train,dog_bark__fsd50k__dev__236135__0159__r0.wav,dog_bark,,FSD50K,dev,236135,236135.wav,dog_bark
train,dog_bark__fsd50k__dev__236136__0160__r0.wav,dog_bark,,FSD50K,dev,236136,236136.wav,dog_bark
train,dog_bark__fsd50k__dev__236137__0161__r0.wav,dog_bark,,FSD50K,dev,236137,236137.wav,dog_bark
train,dog_bark__fsd50k__dev__236138__0162__r0.wav,dog_bark,,FSD50K,dev,236138,236138.wav,dog_bark
train,dog_bark__fsd50k__dev__236139__0163__r0.wav,dog_bark,,FSD50K,dev,236139,236139.wav,dog_bark
train,dog_bark__fsd50k__dev__236140__0164__r0.wav,dog_bark,,FSD50K,dev,236140,236140.wav,dog_bark
train,dog_bark__fsd50k__dev__236141__0165__r0.wav,dog_bark,,FSD50K,dev,236141,236141.wav,dog_bark
train,dog_bark__fsd50k__dev__236142__0166__r0.wav,dog_bark,,FSD50K,dev,236142,236142.wav,dog_bark
train,dog_bark__fsd50k__dev__236144__0167__r0.wav,dog_bark,,FSD50K,dev,236144,236144.wav,dog_bark
train,dog_bark__fsd50k__dev__236145__0168__r0.wav,dog_bark,,FSD50K,dev,236145,236145.wav,dog_bark
train,dog_bark__fsd50k__dev__236146__0169__r0.wav,dog_bark,,FSD50K,dev,236146,236146.wav,dog_bark
train,dog_bark__fsd50k__dev__236147__0170__r0.wav,dog_bark,,FSD50K,dev,236147,236147.wav,dog_bark
train,dog_bark__fsd50k__dev__236148__0171__r0.wav,dog_bark,,FSD50K,dev,236148,236148.wav,dog_bark
train,dog_bark__fsd50k__dev__236149__0172__r0.wav,dog_bark,,FSD50K,dev,236149,236149.wav,dog_bark
train,dog_bark__fsd50k__dev__236150__0173__r0.wav,dog_bark,,FSD50K,dev,236150,236150.wav,dog_bark
train,dog_bark__fsd50k__dev__236151__0174__r0.wav,dog_bark,,FSD50K,dev,236151,236151.wav,dog_bark
train,dog_bark__fsd50k__dev__236153__0175__r0.wav,dog_bark,,FSD50K,dev,236153,236153.wav,dog_bark
train,dog_bark__fsd50k__dev__236154__0176__r0.wav,dog_bark,,FSD50K,dev,236154,236154.wav,dog_bark
train,dog_bark__fsd50k__dev__236155__0177__r0.wav,dog_bark,,FSD50K,dev,236155,236155.wav,dog_bark
train,dog_bark__fsd50k__dev__236156__0178__r0.wav,dog_bark,,FSD50K,dev,236156,236156.wav,dog_bark
train,dog_bark__fsd50k__dev__236157__0179__r0.wav,dog_bark,,FSD50K,dev,236157,236157.wav,dog_bark
train,dog_bark__fsd50k__dev__236158__0180__r0.wav,dog_bark,,FSD50K,dev,236158,236158.wav,dog_bark
train,dog_bark__fsd50k__dev__236159__0181__r0.wav,dog_bark,,FSD50K,dev,236159,236159.wav,dog_bark
train,dog_bark__fsd50k__dev__236162__0182__r0.wav,dog_bark,,FSD50K,dev,236162,236162.wav,dog_bark
train,dog_bark__fsd50k__dev__236163__0183__r0.wav,dog_bark,,FSD50K,dev,236163,236163.wav,dog_bark
train,dog_bark__fsd50k__dev__236164__0184__r0.wav,dog_bark,,FSD50K,dev,236164,236164.wav,dog_bark
train,dog_bark__fsd50k__dev__236165__0185__r0.wav,dog_bark,,FSD50K,dev,236165,236165.wav,dog_bark
train,dog_bark__fsd50k__dev__236166__0186__r0.wav,dog_bark,,FSD50K,dev,236166,236166.wav,dog_bark
train,dog_bark__fsd50k__dev__236167__0187__r0.wav,dog_bark,,FSD50K,dev,236167,236167.wav,dog_bark
train,dog_bark__fsd50k__dev__236169__0188__r0.wav,dog_bark,,FSD50K,dev,236169,236169.wav,dog_bark
train,dog_bark__fsd50k__dev__236170__0189__r0.wav,dog_bark,,FSD50K,dev,236170,236170.wav,dog_bark
train,dog_bark__fsd50k__dev__236171__0190__r0.wav,dog_bark,,FSD50K,dev,236171,236171.wav,dog_bark
train,dog_bark__fsd50k__dev__236172__0191__r0.wav,dog_bark,,FSD50K,dev,236172,236172.wav,dog_bark
train,glass_breaking__esc50__fold_1__20133__0000__r0.wav,glass_breaking,,ESC-50,fold_1,20133,1-20133-A-39.wav,glass_breaking
train,glass_breaking__esc50__fold_1__84536__0001__r0.wav,glass_breaking,,ESC-50,fold_1,84536,1-84536-A-39.wav,glass_breaking
train,glass_breaking__esc50__fold_1__84704__0002__r0.wav,glass_breaking,,ESC-50,fold_1,84704,1-84704-A-39.wav,glass_breaking
train,glass_breaking__esc50__fold_1__84705__0003__r0.wav,glass_breaking,,ESC-50,fold_1,84705,1-84705-A-39.wav,glass_breaking
train,glass_breaking__esc50__fold_1__85168__0004__r0.wav,glass_breaking,,ESC-50,fold_1,85168,1-85168-A-39.wav,glass_breaking
train,glass_breaking__esc50__fold_1__85184__0005__r0.wav,glass_breaking,,ESC-50,fold_1,85184,1-85184-A-39.wav,glass_breaking
train,glass_breaking__esc50__fold_1__88807__0006__r0.wav,glass_breaking,,ESC-50,fold_1,88807,1-88807-A-39.wav,glass_breaking
train,glass_breaking__esc50__fold_1__977__0007__r0.wav,glass_breaking,,ESC-50,fold_1,977,1-977-A-39.wav,glass_breaking
train,glass_breaking__esc50__fold_2__106881__0008__r0.wav,glass_breaking,,ESC-50,fold_2,106881,2-106881-A-39.wav,glass_breaking
train,glass_breaking__esc50__fold_2__112213__0009__r0.wav,glass_breaking,,ESC-50,fold_2,112213,2-112213-A-39.wav,glass_breaking
train,glass_breaking__esc50__fold_2__112213__0010__r0.wav,glass_breaking,,ESC-50,fold_2,112213,2-112213-B-39.wav,glass_breaking
train,glass_breaking__esc50__fold_2__141563__0011__r0.wav,glass_breaking,,ESC-50,fold_2,141563,2-141563-A-39.wav,glass_breaking
train,glass_breaking__esc50__fold_2__173559__0012__r0.wav,glass_breaking,,ESC-50,fold_2,173559,2-173559-A-39.wav,glass_breaking
train,glass_breaking__esc50__fold_2__173607__0013__r0.wav,glass_breaking,,ESC-50,fold_2,173607,2-173607-A-39.wav,glass_breaking
train,glass_breaking__esc50__fold_2__173618__0014__r0.wav,glass_breaking,,ESC-50,fold_2,173618,2-173618-A-39.wav,glass_breaking
train,glass_breaking__esc50__fold_2__250710__0015__r0.wav,glass_breaking,,ESC-50,fold_2,250710,2-250710-A-39.wav,glass_breaking
train,glass_breaking__esc50__fold_3__203371__0016__r0.wav,glass_breaking,,ESC-50,fold_3,203371,3-203371-A-39.wav,glass_breaking
train,glass_breaking__esc50__fold_3__203373__0017__r0.wav,glass_breaking,,ESC-50,fold_3,203373,3-203373-A-39.wav,glass_breaking
train,glass_breaking__esc50__fold_3__203374__0018__r0.wav,glass_breaking,,ESC-50,fold_3,203374,3-203374-A-39.wav,glass_breaking
train,glass_breaking__esc50__fold_3__203375__0019__r0.wav,glass_breaking,,ESC-50,fold_3,203375,3-203375-A-39.wav,glass_breaking
train,glass_breaking__esc50__fold_3__203377__0020__r0.wav,glass_breaking,,ESC-50,fold_3,203377,3-203377-A-39.wav,glass_breaking
train,glass_breaking__esc50__fold_3__216280__0021__r0.wav,glass_breaking,,ESC-50,fold_3,216280,3-216280-A-39.wav,glass_breaking
train,glass_breaking__esc50__fold_3__216281__0022__r0.wav,glass_breaking,,ESC-50,fold_3,216281,3-216281-A-39.wav,glass_breaking
train,glass_breaking__esc50__fold_3__216284__0023__r0.wav,glass_breaking,,ESC-50,fold_3,216284,3-216284-A-39.wav,glass_breaking
train,glass_breaking__fsd50k__dev__100733__0024__r0.wav,glass_breaking,,FSD50K,dev,100733,100733.wav,glass_breaking
train,glass_breaking__fsd50k__dev__100738__0025__r0.wav,glass_breaking,,FSD50K,dev,100738,100738.wav,glass_breaking
train,glass_breaking__fsd50k__dev__104670__0026__r0.wav,glass_breaking,,FSD50K,dev,104670,104670.wav,glass_breaking
train,glass_breaking__fsd50k__dev__104815__0027__r0.wav,glass_breaking,,FSD50K,dev,104815,104815.wav,glass_breaking
train,glass_breaking__fsd50k__dev__108408__0028__r0.wav,glass_breaking,,FSD50K,dev,108408,108408.wav,glass_breaking
train,glass_breaking__fsd50k__dev__110459__0029__r0.wav,glass_breaking,,FSD50K,dev,110459,110459.wav,glass_breaking
train,glass_breaking__fsd50k__dev__112546__0030__r0.wav,glass_breaking,,FSD50K,dev,112546,112546.wav,glass_breaking
train,glass_breaking__fsd50k__dev__113777__0031__r0.wav,glass_breaking,,FSD50K,dev,113777,113777.wav,glass_breaking
train,glass_breaking__fsd50k__dev__114193__0032__r0.wav,glass_breaking,,FSD50K,dev,114193,114193.wav,glass_breaking
train,glass_breaking__fsd50k__dev__114203__0033__r0.wav,glass_breaking,,FSD50K,dev,114203,114203.wav,glass_breaking
train,glass_breaking__fsd50k__dev__114371__0034__r0.wav,glass_breaking,,FSD50K,dev,114371,114371.wav,glass_breaking
train,glass_breaking__fsd50k__dev__114374__0035__r0.wav,glass_breaking,,FSD50K,dev,114374,114374.wav,glass_breaking
train,glass_breaking__fsd50k__dev__11585__0036__r0.wav,glass_breaking,,FSD50K,dev,11585,11585.wav,glass_breaking
train,glass_breaking__fsd50k__dev__118198__0037__r0.wav,glass_breaking,,FSD50K,dev,118198,118198.wav,glass_breaking
train,glass_breaking__fsd50k__dev__118199__0038__r0.wav,glass_breaking,,FSD50K,dev,118199,118199.wav,glass_breaking
train,glass_breaking__fsd50k__dev__118520__0039__r0.wav,glass_breaking,,FSD50K,dev,118520,118520.wav,glass_breaking
train,glass_breaking__fsd50k__dev__119133__0040__r0.wav,glass_breaking,,FSD50K,dev,119133,119133.wav,glass_breaking
train,glass_breaking__fsd50k__dev__119917__0041__r0.wav,glass_breaking,,FSD50K,dev,119917,119917.wav,glass_breaking
train,glass_breaking__fsd50k__dev__120528__0042__r0.wav,glass_breaking,,FSD50K,dev,120528,120528.wav,glass_breaking
train,glass_breaking__fsd50k__dev__121366__0043__r0.wav,glass_breaking,,FSD50K,dev,121366,121366.wav,glass_breaking
train,glass_breaking__fsd50k__dev__123008__0044__r0.wav,glass_breaking,,FSD50K,dev,123008,123008.wav,glass_breaking
train,glass_breaking__fsd50k__dev__124030__0045__r0.wav,glass_breaking,,FSD50K,dev,124030,124030.wav,glass_breaking
train,glass_breaking__fsd50k__dev__126531__0046__r0.wav,glass_breaking,,FSD50K,dev,126531,126531.wav,glass_breaking
train,glass_breaking__fsd50k__dev__126877__0047__r0.wav,glass_breaking,,FSD50K,dev,126877,126877.wav,glass_breaking
train,glass_breaking__fsd50k__dev__126878__0048__r0.wav,glass_breaking,,FSD50K,dev,126878,126878.wav,glass_breaking
train,glass_breaking__fsd50k__dev__126889__0049__r0.wav,glass_breaking,,FSD50K,dev,126889,126889.wav,glass_breaking
train,glass_breaking__fsd50k__dev__132634__0050__r0.wav,glass_breaking,,FSD50K,dev,132634,132634.wav,glass_breaking
train,glass_breaking__fsd50k__dev__135699__0051__r0.wav,glass_breaking,,FSD50K,dev,135699,135699.wav,glass_breaking
train,glass_breaking__fsd50k__dev__140613__0052__r0.wav,glass_breaking,,FSD50K,dev,140613,140613.wav,glass_breaking
train,glass_breaking__fsd50k__dev__140616__0053__r0.wav,glass_breaking,,FSD50K,dev,140616,140616.wav,glass_breaking
train,glass_breaking__fsd50k__dev__140617__0054__r0.wav,glass_breaking,,FSD50K,dev,140617,140617.wav,glass_breaking
train,glass_breaking__fsd50k__dev__141680__0055__r0.wav,glass_breaking,,FSD50K,dev,141680,141680.wav,glass_breaking
train,glass_breaking__fsd50k__dev__14361__0056__r0.wav,glass_breaking,,FSD50K,dev,14361,14361.wav,glass_breaking
train,glass_breaking__fsd50k__dev__14362__0057__r0.wav,glass_breaking,,FSD50K,dev,14362,14362.wav,glass_breaking
train,glass_breaking__fsd50k__dev__14363__0058__r0.wav,glass_breaking,,FSD50K,dev,14363,14363.wav,glass_breaking
train,glass_breaking__fsd50k__dev__145513__0059__r0.wav,glass_breaking,,FSD50K,dev,145513,145513.wav,glass_breaking
train,glass_breaking__fsd50k__dev__145558__0060__r0.wav,glass_breaking,,FSD50K,dev,145558,145558.wav,glass_breaking
train,glass_breaking__fsd50k__dev__145559__0061__r0.wav,glass_breaking,,FSD50K,dev,145559,145559.wav,glass_breaking
train,glass_breaking__fsd50k__dev__145562__0062__r0.wav,glass_breaking,,FSD50K,dev,145562,145562.wav,glass_breaking
train,glass_breaking__fsd50k__dev__145563__0063__r0.wav,glass_breaking,,FSD50K,dev,145563,145563.wav,glass_breaking
train,glass_breaking__fsd50k__dev__148073__0064__r0.wav,glass_breaking,,FSD50K,dev,148073,148073.wav,glass_breaking
train,glass_breaking__fsd50k__dev__148074__0065__r0.wav,glass_breaking,,FSD50K,dev,148074,148074.wav,glass_breaking
train,glass_breaking__fsd50k__dev__148075__0066__r0.wav,glass_breaking,,FSD50K,dev,148075,148075.wav,glass_breaking
train,glass_breaking__fsd50k__dev__151305__0067__r0.wav,glass_breaking,,FSD50K,dev,151305,151305.wav,glass_breaking
train,glass_breaking__fsd50k__dev__152753__0068__r0.wav,glass_breaking,,FSD50K,dev,152753,152753.wav,glass_breaking
train,glass_breaking__fsd50k__dev__152754__0069__r0.wav,glass_breaking,,FSD50K,dev,152754,152754.wav,glass_breaking
train,glass_breaking__fsd50k__dev__152758__0070__r0.wav,glass_breaking,,FSD50K,dev,152758,152758.wav,glass_breaking
train,glass_breaking__fsd50k__dev__15285__0071__r0.wav,glass_breaking,,FSD50K,dev,15285,15285.wav,glass_breaking
train,glass_breaking__fsd50k__dev__15394__0072__r0.wav,glass_breaking,,FSD50K,dev,15394,15394.wav,glass_breaking
train,glass_breaking__fsd50k__dev__156578__0073__r0.wav,glass_breaking,,FSD50K,dev,156578,156578.wav,glass_breaking
train,glass_breaking__fsd50k__dev__158140__0074__r0.wav,glass_breaking,,FSD50K,dev,158140,158140.wav,glass_breaking
train,glass_breaking__fsd50k__dev__158142__0075__r0.wav,glass_breaking,,FSD50K,dev,158142,158142.wav,glass_breaking
train,glass_breaking__fsd50k__dev__158991__0076__r0.wav,glass_breaking,,FSD50K,dev,158991,158991.wav,glass_breaking
train,glass_breaking__fsd50k__dev__158993__0077__r0.wav,glass_breaking,,FSD50K,dev,158993,158993.wav,glass_breaking
train,glass_breaking__fsd50k__dev__158995__0078__r0.wav,glass_breaking,,FSD50K,dev,158995,158995.wav,glass_breaking
train,glass_breaking__fsd50k__dev__158997__0079__r0.wav,glass_breaking,,FSD50K,dev,158997,158997.wav,glass_breaking
train,glass_breaking__fsd50k__dev__159002__0080__r0.wav,glass_breaking,,FSD50K,dev,159002,159002.wav,glass_breaking
train,glass_breaking__fsd50k__dev__159003__0081__r0.wav,glass_breaking,,FSD50K,dev,159003,159003.wav,glass_breaking
train,glass_breaking__fsd50k__dev__159004__0082__r0.wav,glass_breaking,,FSD50K,dev,159004,159004.wav,glass_breaking
train,glass_breaking__fsd50k__dev__159005__0083__r0.wav,glass_breaking,,FSD50K,dev,159005,159005.wav,glass_breaking
train,glass_breaking__fsd50k__dev__159007__0084__r0.wav,glass_breaking,,FSD50K,dev,159007,159007.wav,glass_breaking
train,glass_breaking__fsd50k__dev__159008__0085__r0.wav,glass_breaking,,FSD50K,dev,159008,159008.wav,glass_breaking
train,glass_breaking__fsd50k__dev__160759__0086__r0.wav,glass_breaking,,FSD50K,dev,160759,160759.wav,glass_breaking
train,glass_breaking__fsd50k__dev__162865__0087__r0.wav,glass_breaking,,FSD50K,dev,162865,162865.wav,glass_breaking
train,glass_breaking__fsd50k__dev__163731__0088__r0.wav,glass_breaking,,FSD50K,dev,163731,163731.wav,glass_breaking
train,glass_breaking__fsd50k__dev__164328__0089__r0.wav,glass_breaking,,FSD50K,dev,164328,164328.wav,glass_breaking
train,glass_breaking__fsd50k__dev__164329__0090__r0.wav,glass_breaking,,FSD50K,dev,164329,164329.wav,glass_breaking
train,glass_breaking__fsd50k__dev__164330__0091__r0.wav,glass_breaking,,FSD50K,dev,164330,164330.wav,glass_breaking
train,glass_breaking__fsd50k__dev__164332__0092__r0.wav,glass_breaking,,FSD50K,dev,164332,164332.wav,glass_breaking
train,glass_breaking__fsd50k__dev__164539__0093__r0.wav,glass_breaking,,FSD50K,dev,164539,164539.wav,glass_breaking
train,glass_breaking__fsd50k__dev__164540__0094__r0.wav,glass_breaking,,FSD50K,dev,164540,164540.wav,glass_breaking
train,glass_breaking__fsd50k__dev__164541__0095__r0.wav,glass_breaking,,FSD50K,dev,164541,164541.wav,glass_breaking
train,glass_breaking__fsd50k__dev__164542__0096__r0.wav,glass_breaking,,FSD50K,dev,164542,164542.wav,glass_breaking
train,glass_breaking__fsd50k__dev__166732__0097__r0.wav,glass_breaking,,FSD50K,dev,166732,166732.wav,glass_breaking
train,glass_breaking__fsd50k__dev__173557__0098__r0.wav,glass_breaking,,FSD50K,dev,173557,173557.wav,glass_breaking
train,glass_breaking__fsd50k__dev__173558__0099__r0.wav,glass_breaking,,FSD50K,dev,173558,173558.wav,glass_breaking
train,glass_breaking__fsd50k__dev__173559__0100__r0.wav,glass_breaking,,FSD50K,dev,173559,173559.wav,glass_breaking
train,glass_breaking__fsd50k__dev__173560__0101__r0.wav,glass_breaking,,FSD50K,dev,173560,173560.wav,glass_breaking
train,glass_breaking__fsd50k__dev__173576__0102__r0.wav,glass_breaking,,FSD50K,dev,173576,173576.wav,glass_breaking
train,glass_breaking__fsd50k__dev__173577__0103__r0.wav,glass_breaking,,FSD50K,dev,173577,173577.wav,glass_breaking
train,glass_breaking__fsd50k__dev__173579__0104__r0.wav,glass_breaking,,FSD50K,dev,173579,173579.wav,glass_breaking
train,glass_breaking__fsd50k__dev__173580__0105__r0.wav,glass_breaking,,FSD50K,dev,173580,173580.wav,glass_breaking
train,glass_breaking__fsd50k__dev__173581__0106__r0.wav,glass_breaking,,FSD50K,dev,173581,173581.wav,glass_breaking
train,glass_breaking__fsd50k__dev__173585__0107__r0.wav,glass_breaking,,FSD50K,dev,173585,173585.wav,glass_breaking
train,glass_breaking__fsd50k__dev__173591__0108__r0.wav,glass_breaking,,FSD50K,dev,173591,173591.wav,glass_breaking
train,glass_breaking__fsd50k__dev__173592__0109__r0.wav,glass_breaking,,FSD50K,dev,173592,173592.wav,glass_breaking
train,glass_breaking__fsd50k__dev__173593__0110__r0.wav,glass_breaking,,FSD50K,dev,173593,173593.wav,glass_breaking
train,glass_breaking__fsd50k__dev__173594__0111__r0.wav,glass_breaking,,FSD50K,dev,173594,173594.wav,glass_breaking
train,glass_breaking__fsd50k__dev__173595__0112__r0.wav,glass_breaking,,FSD50K,dev,173595,173595.wav,glass_breaking
train,glass_breaking__fsd50k__dev__173600__0113__r0.wav,glass_breaking,,FSD50K,dev,173600,173600.wav,glass_breaking
train,glass_breaking__fsd50k__dev__173601__0114__r0.wav,glass_breaking,,FSD50K,dev,173601,173601.wav,glass_breaking
train,glass_breaking__fsd50k__dev__173602__0115__r0.wav,glass_breaking,,FSD50K,dev,173602,173602.wav,glass_breaking
train,glass_breaking__fsd50k__dev__173604__0116__r0.wav,glass_breaking,,FSD50K,dev,173604,173604.wav,glass_breaking
train,glass_breaking__fsd50k__dev__173605__0117__r0.wav,glass_breaking,,FSD50K,dev,173605,173605.wav,glass_breaking
train,glass_breaking__fsd50k__dev__173606__0118__r0.wav,glass_breaking,,FSD50K,dev,173606,173606.wav,glass_breaking
train,glass_breaking__fsd50k__dev__173607__0119__r0.wav,glass_breaking,,FSD50K,dev,173607,173607.wav,glass_breaking
train,glass_breaking__fsd50k__dev__173608__0120__r0.wav,glass_breaking,,FSD50K,dev,173608,173608.wav,glass_breaking
train,glass_breaking__fsd50k__dev__173609__0121__r0.wav,glass_breaking,,FSD50K,dev,173609,173609.wav,glass_breaking
train,glass_breaking__fsd50k__dev__173610__0122__r0.wav,glass_breaking,,FSD50K,dev,173610,173610.wav,glass_breaking
train,glass_breaking__fsd50k__dev__173611__0123__r0.wav,glass_breaking,,FSD50K,dev,173611,173611.wav,glass_breaking
train,glass_breaking__fsd50k__dev__173613__0124__r0.wav,glass_breaking,,FSD50K,dev,173613,173613.wav,glass_breaking
train,glass_breaking__fsd50k__dev__173614__0125__r0.wav,glass_breaking,,FSD50K,dev,173614,173614.wav,glass_breaking
train,glass_breaking__fsd50k__dev__173618__0126__r0.wav,glass_breaking,,FSD50K,dev,173618,173618.wav,glass_breaking
train,glass_breaking__fsd50k__dev__173619__0127__r0.wav,glass_breaking,,FSD50K,dev,173619,173619.wav,glass_breaking
train,glass_breaking__fsd50k__dev__173621__0128__r0.wav,glass_breaking,,FSD50K,dev,173621,173621.wav,glass_breaking
train,glass_breaking__fsd50k__dev__173622__0129__r0.wav,glass_breaking,,FSD50K,dev,173622,173622.wav,glass_breaking
train,glass_breaking__fsd50k__dev__173623__0130__r0.wav,glass_breaking,,FSD50K,dev,173623,173623.wav,glass_breaking
train,glass_breaking__fsd50k__dev__174747__0131__r0.wav,glass_breaking,,FSD50K,dev,174747,174747.wav,glass_breaking
train,glass_breaking__fsd50k__dev__174749__0132__r0.wav,glass_breaking,,FSD50K,dev,174749,174749.wav,glass_breaking
train,glass_breaking__fsd50k__dev__174750__0133__r0.wav,glass_breaking,,FSD50K,dev,174750,174750.wav,glass_breaking
train,glass_breaking__fsd50k__dev__174863__0134__r0.wav,glass_breaking,,FSD50K,dev,174863,174863.wav,glass_breaking
train,glass_breaking__fsd50k__dev__174865__0135__r0.wav,glass_breaking,,FSD50K,dev,174865,174865.wav,glass_breaking
train,glass_breaking__fsd50k__dev__176226__0136__r0.wav,glass_breaking,,FSD50K,dev,176226,176226.wav,glass_breaking
train,glass_breaking__fsd50k__dev__176227__0137__r0.wav,glass_breaking,,FSD50K,dev,176227,176227.wav,glass_breaking
train,glass_breaking__fsd50k__dev__176650__0138__r0.wav,glass_breaking,,FSD50K,dev,176650,176650.wav,glass_breaking
train,glass_breaking__fsd50k__dev__178282__0139__r0.wav,glass_breaking,,FSD50K,dev,178282,178282.wav,glass_breaking
train,glass_breaking__fsd50k__dev__178582__0140__r0.wav,glass_breaking,,FSD50K,dev,178582,178582.wav,glass_breaking
train,glass_breaking__fsd50k__dev__179171__0141__r0.wav,glass_breaking,,FSD50K,dev,179171,179171.wav,glass_breaking
train,glass_breaking__fsd50k__dev__179172__0142__r0.wav,glass_breaking,,FSD50K,dev,179172,179172.wav,glass_breaking
train,glass_breaking__fsd50k__dev__179173__0143__r0.wav,glass_breaking,,FSD50K,dev,179173,179173.wav,glass_breaking
train,glass_breaking__fsd50k__dev__179174__0144__r0.wav,glass_breaking,,FSD50K,dev,179174,179174.wav,glass_breaking
train,glass_breaking__fsd50k__dev__179175__0145__r0.wav,glass_breaking,,FSD50K,dev,179175,179175.wav,glass_breaking
train,glass_breaking__fsd50k__dev__179177__0146__r0.wav,glass_breaking,,FSD50K,dev,179177,179177.wav,glass_breaking
train,glass_breaking__fsd50k__dev__179227__0147__r0.wav,glass_breaking,,FSD50K,dev,179227,179227.wav,glass_breaking
train,glass_breaking__fsd50k__dev__179228__0148__r0.wav,glass_breaking,,FSD50K,dev,179228,179228.wav,glass_breaking
train,glass_breaking__fsd50k__dev__179229__0149__r0.wav,glass_breaking,,FSD50K,dev,179229,179229.wav,glass_breaking
train,glass_breaking__fsd50k__dev__179230__0150__r0.wav,glass_breaking,,FSD50K,dev,179230,179230.wav,glass_breaking
train,glass_breaking__fsd50k__dev__179231__0151__r0.wav,glass_breaking,,FSD50K,dev,179231,179231.wav,glass_breaking
train,glass_breaking__fsd50k__dev__179232__0152__r0.wav,glass_breaking,,FSD50K,dev,179232,179232.wav,glass_breaking
train,glass_breaking__fsd50k__dev__179233__0153__r0.wav,glass_breaking,,FSD50K,dev,179233,179233.wav,glass_breaking
train,glass_breaking__fsd50k__dev__179234__0154__r0.wav,glass_breaking,,FSD50K,dev,179234,179234.wav,glass_breaking
train,glass_breaking__fsd50k__dev__179235__0155__r0.wav,glass_breaking,,FSD50K,dev,179235,179235.wav,glass_breaking
train,glass_breaking__fsd50k__dev__179236__0156__r0.wav,glass_breaking,,FSD50K,dev,179236,179236.wav,glass_breaking
train,glass_breaking__fsd50k__dev__179237__0157__r0.wav,glass_breaking,,FSD50K,dev,179237,179237.wav,glass_breaking
train,glass_breaking__fsd50k__dev__179239__0158__r0.wav,glass_breaking,,FSD50K,dev,179239,179239.wav,glass_breaking
train,glass_breaking__fsd50k__dev__179240__0159__r0.wav,glass_breaking,,FSD50K,dev,179240,179240.wav,glass_breaking
train,glass_breaking__fsd50k__dev__179241__0160__r0.wav,glass_breaking,,FSD50K,dev,179241,179241.wav,glass_breaking
train,glass_breaking__fsd50k__dev__179242__0161__r0.wav,glass_breaking,,FSD50K,dev,179242,179242.wav,glass_breaking
train,glass_breaking__fsd50k__dev__179249__0162__r0.wav,glass_breaking,,FSD50K,dev,179249,179249.wav,glass_breaking
train,glass_breaking__fsd50k__dev__179250__0163__r0.wav,glass_breaking,,FSD50K,dev,179250,179250.wav,glass_breaking
train,glass_breaking__fsd50k__dev__179251__0164__r0.wav,glass_breaking,,FSD50K,dev,179251,179251.wav,glass_breaking
train,glass_breaking__fsd50k__dev__179259__0165__r0.wav,glass_breaking,,FSD50K,dev,179259,179259.wav,glass_breaking
train,glass_breaking__fsd50k__dev__179263__0166__r0.wav,glass_breaking,,FSD50K,dev,179263,179263.wav,glass_breaking
train,glass_breaking__fsd50k__dev__179264__0167__r0.wav,glass_breaking,,FSD50K,dev,179264,179264.wav,glass_breaking
train,glass_breaking__fsd50k__dev__179265__0168__r0.wav,glass_breaking,,FSD50K,dev,179265,179265.wav,glass_breaking
train,glass_breaking__fsd50k__dev__179267__0169__r0.wav,glass_breaking,,FSD50K,dev,179267,179267.wav,glass_breaking
train,glass_breaking__fsd50k__dev__186531__0170__r0.wav,glass_breaking,,FSD50K,dev,186531,186531.wav,glass_breaking
train,glass_breaking__fsd50k__dev__188224__0171__r0.wav,glass_breaking,,FSD50K,dev,188224,188224.wav,glass_breaking
train,glass_breaking__fsd50k__dev__188225__0172__r0.wav,glass_breaking,,FSD50K,dev,188225,188225.wav,glass_breaking
train,glass_breaking__fsd50k__dev__188226__0173__r0.wav,glass_breaking,,FSD50K,dev,188226,188226.wav,glass_breaking
train,glass_breaking__fsd50k__dev__188518__0174__r0.wav,glass_breaking,,FSD50K,dev,188518,188518.wav,glass_breaking
train,glass_breaking__fsd50k__dev__188524__0175__r0.wav,glass_breaking,,FSD50K,dev,188524,188524.wav,glass_breaking
train,glass_breaking__fsd50k__dev__188903__0176__r0.wav,glass_breaking,,FSD50K,dev,188903,188903.wav,glass_breaking
train,glass_breaking__fsd50k__dev__191489__0177__r0.wav,glass_breaking,,FSD50K,dev,191489,191489.wav,glass_breaking
train,glass_breaking__fsd50k__dev__192060__0178__r0.wav,glass_breaking,,FSD50K,dev,192060,192060.wav,glass_breaking
train,glass_breaking__fsd50k__dev__194657__0179__r0.wav,glass_breaking,,FSD50K,dev,194657,194657.wav,glass_breaking
train,glass_breaking__fsd50k__dev__194682__0180__r0.wav,glass_breaking,,FSD50K,dev,194682,194682.wav,glass_breaking
train,glass_breaking__fsd50k__dev__194683__0181__r0.wav,glass_breaking,,FSD50K,dev,194683,194683.wav,glass_breaking
train,glass_breaking__fsd50k__dev__194684__0182__r0.wav,glass_breaking,,FSD50K,dev,194684,194684.wav,glass_breaking
train,glass_breaking__fsd50k__dev__194685__0183__r0.wav,glass_breaking,,FSD50K,dev,194685,194685.wav,glass_breaking
train,glass_breaking__fsd50k__dev__194698__0184__r0.wav,glass_breaking,,FSD50K,dev,194698,194698.wav,glass_breaking
train,glass_breaking__fsd50k__dev__195607__0185__r0.wav,glass_breaking,,FSD50K,dev,195607,195607.wav,glass_breaking
train,glass_breaking__fsd50k__dev__195624__0186__r0.wav,glass_breaking,,FSD50K,dev,195624,195624.wav,glass_breaking
train,glass_breaking__fsd50k__dev__197383__0187__r0.wav,glass_breaking,,FSD50K,dev,197383,197383.wav,glass_breaking
train,glass_breaking__fsd50k__dev__199400__0188__r0.wav,glass_breaking,,FSD50K,dev,199400,199400.wav,glass_breaking
train,glass_breaking__fsd50k__dev__20196__0189__r0.wav,glass_breaking,,FSD50K,dev,20196,20196.wav,glass_breaking
train,glass_breaking__fsd50k__dev__20197__0190__r0.wav,glass_breaking,,FSD50K,dev,20197,20197.wav,glass_breaking
train,glass_breaking__fsd50k__dev__203172__0191__r0.wav,glass_breaking,,FSD50K,dev,203172,203172.wav,glass_breaking
train,gunshot_gunfire__fsd50k__dev__100144__0000__r0.wav,gunshot_gunfire,,FSD50K,dev,100144,100144.wav,gunshot_gunfire
train,gunshot_gunfire__fsd50k__dev__101961__0001__r0.wav,gunshot_gunfire,,FSD50K,dev,101961,101961.wav,gunshot_gunfire
train,gunshot_gunfire__fsd50k__dev__101962__0002__r0.wav,gunshot_gunfire,,FSD50K,dev,101962,101962.wav,gunshot_gunfire
train,gunshot_gunfire__fsd50k__dev__103626__0003__r0.wav,gunshot_gunfire,,FSD50K,dev,103626,103626.wav,gunshot_gunfire
train,gunshot_gunfire__fsd50k__dev__108043__0004__r0.wav,gunshot_gunfire,,FSD50K,dev,108043,108043.wav,gunshot_gunfire
train,gunshot_gunfire__fsd50k__dev__108044__0005__r0.wav,gunshot_gunfire,,FSD50K,dev,108044,108044.wav,gunshot_gunfire
train,gunshot_gunfire__fsd50k__dev__108045__0006__r0.wav,gunshot_gunfire,,FSD50K,dev,108045,108045.wav,gunshot_gunfire
train,gunshot_gunfire__fsd50k__dev__108046__0007__r0.wav,gunshot_gunfire,,FSD50K,dev,108046,108046.wav,gunshot_gunfire
train,gunshot_gunfire__fsd50k__dev__108047__0008__r0.wav,gunshot_gunfire,,FSD50K,dev,108047,108047.wav,gunshot_gunfire
train,gunshot_gunfire__fsd50k__dev__118450__0009__r0.wav,gunshot_gunfire,,FSD50K,dev,118450,118450.wav,gunshot_gunfire
train,gunshot_gunfire__fsd50k__dev__127846__0010__r0.wav,gunshot_gunfire,,FSD50K,dev,127846,127846.wav,gunshot_gunfire
train,gunshot_gunfire__fsd50k__dev__128293__0011__r0.wav,gunshot_gunfire,,FSD50K,dev,128293,128293.wav,gunshot_gunfire
train,gunshot_gunfire__fsd50k__dev__128294__0012__r0.wav,gunshot_gunfire,,FSD50K,dev,128294,128294.wav,gunshot_gunfire
train,gunshot_gunfire__fsd50k__dev__128296__0013__r0.wav,gunshot_gunfire,,FSD50K,dev,128296,128296.wav,gunshot_gunfire
train,gunshot_gunfire__fsd50k__dev__128297__0014__r0.wav,gunshot_gunfire,,FSD50K,dev,128297,128297.wav,gunshot_gunfire
train,gunshot_gunfire__fsd50k__dev__128298__0015__r0.wav,gunshot_gunfire,,FSD50K,dev,128298,128298.wav,gunshot_gunfire
train,gunshot_gunfire__fsd50k__dev__128299__0016__r0.wav,gunshot_gunfire,,FSD50K,dev,128299,128299.wav,gunshot_gunfire
train,gunshot_gunfire__fsd50k__dev__128301__0017__r0.wav,gunshot_gunfire,,FSD50K,dev,128301,128301.wav,gunshot_gunfire
train,gunshot_gunfire__fsd50k__dev__132551__0018__r0.wav,gunshot_gunfire,,FSD50K,dev,132551,132551.wav,gunshot_gunfire
train,gunshot_gunfire__fsd50k__dev__136766__0019__r0.wav,gunshot_gunfire,,FSD50K,dev,136766,136766.wav,gunshot_gunfire
train,gunshot_gunfire__fsd50k__dev__139028__0020__r0.wav,gunshot_gunfire,,FSD50K,dev,139028,139028.wav,gunshot_gunfire
train,gunshot_gunfire__fsd50k__dev__145206__0021__r0.wav,gunshot_gunfire,,FSD50K,dev,145206,145206.wav,gunshot_gunfire
train,gunshot_gunfire__fsd50k__dev__145580__0022__r0.wav,gunshot_gunfire,,FSD50K,dev,145580,145580.wav,gunshot_gunfire
train,gunshot_gunfire__fsd50k__dev__145609__0023__r0.wav,gunshot_gunfire,,FSD50K,dev,145609,145609.wav,gunshot_gunfire
train,gunshot_gunfire__fsd50k__dev__148828__0024__r0.wav,gunshot_gunfire,,FSD50K,dev,148828,148828.wav,gunshot_gunfire
train,gunshot_gunfire__fsd50k__dev__148831__0025__r0.wav,gunshot_gunfire,,FSD50K,dev,148831,148831.wav,gunshot_gunfire
train,gunshot_gunfire__fsd50k__dev__148832__0026__r0.wav,gunshot_gunfire,,FSD50K,dev,148832,148832.wav,gunshot_gunfire
train,gunshot_gunfire__fsd50k__dev__148836__0027__r0.wav,gunshot_gunfire,,FSD50K,dev,148836,148836.wav,gunshot_gunfire
train,gunshot_gunfire__fsd50k__dev__148837__0028__r0.wav,gunshot_gunfire,,FSD50K,dev,148837,148837.wav,gunshot_gunfire
train,gunshot_gunfire__fsd50k__dev__148838__0029__r0.wav,gunshot_gunfire,,FSD50K,dev,148838,148838.wav,gunshot_gunfire
train,gunshot_gunfire__fsd50k__dev__151065__0030__r0.wav,gunshot_gunfire,,FSD50K,dev,151065,151065.wav,gunshot_gunfire
train,gunshot_gunfire__fsd50k__dev__151066__0031__r0.wav,gunshot_gunfire,,FSD50K,dev,151066,151066.wav,gunshot_gunfire
train,gunshot_gunfire__fsd50k__dev__151069__0032__r0.wav,gunshot_gunfire,,FSD50K,dev,151069,151069.wav,gunshot_gunfire
train,gunshot_gunfire__fsd50k__dev__151072__0033__r0.wav,gunshot_gunfire,,FSD50K,dev,151072,151072.wav,gunshot_gunfire
train,gunshot_gunfire__fsd50k__dev__151075__0034__r0.wav,gunshot_gunfire,,FSD50K,dev,151075,151075.wav,gunshot_gunfire
train,gunshot_gunfire__fsd50k__dev__157206__0035__r0.wav,gunshot_gunfire,,FSD50K,dev,157206,157206.wav,gunshot_gunfire
train,gunshot_gunfire__fsd50k__dev__157207__0036__r0.wav,gunshot_gunfire,,FSD50K,dev,157207,157207.wav,gunshot_gunfire
train,gunshot_gunfire__fsd50k__dev__157799__0037__r0.wav,gunshot_gunfire,,FSD50K,dev,157799,157799.wav,gunshot_gunfire
train,gunshot_gunfire__fsd50k__dev__157800__0038__r0.wav,gunshot_gunfire,,FSD50K,dev,157800,157800.wav,gunshot_gunfire
train,gunshot_gunfire__fsd50k__dev__157801__0039__r0.wav,gunshot_gunfire,,FSD50K,dev,157801,157801.wav,gunshot_gunfire
train,gunshot_gunfire__fsd50k__dev__158977__0040__r0.wav,gunshot_gunfire,,FSD50K,dev,158977,158977.wav,gunshot_gunfire
train,gunshot_gunfire__fsd50k__dev__158978__0041__r0.wav,gunshot_gunfire,,FSD50K,dev,158978,158978.wav,gunshot_gunfire
train,gunshot_gunfire__fsd50k__dev__158979__0042__r0.wav,gunshot_gunfire,,FSD50K,dev,158979,158979.wav,gunshot_gunfire
train,gunshot_gunfire__fsd50k__dev__159703__0043__r0.wav,gunshot_gunfire,,FSD50K,dev,159703,159703.wav,gunshot_gunfire
train,gunshot_gunfire__fsd50k__dev__159704__0044__r0.wav,gunshot_gunfire,,FSD50K,dev,159704,159704.wav,gunshot_gunfire
train,gunshot_gunfire__fsd50k__dev__159705__0045__r0.wav,gunshot_gunfire,,FSD50K,dev,159705,159705.wav,gunshot_gunfire
train,gunshot_gunfire__fsd50k__dev__159706__0046__r0.wav,gunshot_gunfire,,FSD50K,dev,159706,159706.wav,gunshot_gunfire
train,gunshot_gunfire__fsd50k__dev__159708__0047__r0.wav,gunshot_gunfire,,FSD50K,dev,159708,159708.wav,gunshot_gunfire
train,gunshot_gunfire__fsd50k__dev__159710__0048__r0.wav,gunshot_gunfire,,FSD50K,dev,159710,159710.wav,gunshot_gunfire
train,gunshot_gunfire__fsd50k__dev__160355__0049__r0.wav,gunshot_gunfire,,FSD50K,dev,160355,160355.wav,gunshot_gunfire
train,gunshot_gunfire__fsd50k__dev__160772__0050__r0.wav,gunshot_gunfire,,FSD50K,dev,160772,160772.wav,gunshot_gunfire
train,gunshot_gunfire__fsd50k__dev__160773__0051__r0.wav,gunshot_gunfire,,FSD50K,dev,160773,160773.wav,gunshot_gunfire
train,gunshot_gunfire__fsd50k__dev__161968__0052__r0.wav,gunshot_gunfire,,FSD50K,dev,161968,161968.wav,gunshot_gunfire
train,gunshot_gunfire__fsd50k__dev__161969__0053__r0.wav,gunshot_gunfire,,FSD50K,dev,161969,161969.wav,gunshot_gunfire
train,gunshot_gunfire__fsd50k__dev__161970__0054__r0.wav,gunshot_gunfire,,FSD50K,dev,161970,161970.wav,gunshot_gunfire
train,gunshot_gunfire__fsd50k__dev__162258__0055__r0.wav,gunshot_gunfire,,FSD50K,dev,162258,162258.wav,gunshot_gunfire
train,gunshot_gunfire__fsd50k__dev__162262__0056__r0.wav,gunshot_gunfire,,FSD50K,dev,162262,162262.wav,gunshot_gunfire
train,gunshot_gunfire__fsd50k__dev__162263__0057__r0.wav,gunshot_gunfire,,FSD50K,dev,162263,162263.wav,gunshot_gunfire
train,gunshot_gunfire__fsd50k__dev__162397__0058__r0.wav,gunshot_gunfire,,FSD50K,dev,162397,162397.wav,gunshot_gunfire
train,gunshot_gunfire__fsd50k__dev__162398__0059__r0.wav,gunshot_gunfire,,FSD50K,dev,162398,162398.wav,gunshot_gunfire
train,gunshot_gunfire__fsd50k__dev__162403__0060__r0.wav,gunshot_gunfire,,FSD50K,dev,162403,162403.wav,gunshot_gunfire
train,gunshot_gunfire__fsd50k__dev__162431__0061__r0.wav,gunshot_gunfire,,FSD50K,dev,162431,162431.wav,gunshot_gunfire
train,gunshot_gunfire__fsd50k__dev__162434__0062__r0.wav,gunshot_gunfire,,FSD50K,dev,162434,162434.wav,gunshot_gunfire
train,gunshot_gunfire__fsd50k__dev__162436__0063__r0.wav,gunshot_gunfire,,FSD50K,dev,162436,162436.wav,gunshot_gunfire
train,gunshot_gunfire__fsd50k__dev__163455__0064__r0.wav,gunshot_gunfire,,FSD50K,dev,163455,163455.wav,gunshot_gunfire
train,gunshot_gunfire__fsd50k__dev__163456__0065__r0.wav,gunshot_gunfire,,FSD50K,dev,163456,163456.wav,gunshot_gunfire
train,gunshot_gunfire__fsd50k__dev__163460__0066__r0.wav,gunshot_gunfire,,FSD50K,dev,163460,163460.wav,gunshot_gunfire
train,gunshot_gunfire__fsd50k__dev__164646__0067__r0.wav,gunshot_gunfire,,FSD50K,dev,164646,164646.wav,gunshot_gunfire
train,gunshot_gunfire__fsd50k__dev__164666__0068__r0.wav,gunshot_gunfire,,FSD50K,dev,164666,164666.wav,gunshot_gunfire
train,gunshot_gunfire__fsd50k__dev__164667__0069__r0.wav,gunshot_gunfire,,FSD50K,dev,164667,164667.wav,gunshot_gunfire
train,gunshot_gunfire__fsd50k__dev__164937__0070__r0.wav,gunshot_gunfire,,FSD50K,dev,164937,164937.wav,gunshot_gunfire
train,gunshot_gunfire__fsd50k__dev__165391__0071__r0.wav,gunshot_gunfire,,FSD50K,dev,165391,165391.wav,gunshot_gunfire
train,gunshot_gunfire__fsd50k__dev__165393__0072__r0.wav,gunshot_gunfire,,FSD50K,dev,165393,165393.wav,gunshot_gunfire
train,gunshot_gunfire__fsd50k__dev__165394__0073__r0.wav,gunshot_gunfire,,FSD50K,dev,165394,165394.wav,gunshot_gunfire
train,gunshot_gunfire__fsd50k__dev__165478__0074__r0.wav,gunshot_gunfire,,FSD50K,dev,165478,165478.wav,gunshot_gunfire
train,gunshot_gunfire__fsd50k__dev__165540__0075__r0.wav,gunshot_gunfire,,FSD50K,dev,165540,165540.wav,gunshot_gunfire
train,gunshot_gunfire__fsd50k__dev__166076__0076__r0.wav,gunshot_gunfire,,FSD50K,dev,166076,166076.wav,gunshot_gunfire
train,gunshot_gunfire__fsd50k__dev__166192__0077__r0.wav,gunshot_gunfire,,FSD50K,dev,166192,166192.wav,gunshot_gunfire
train,gunshot_gunfire__fsd50k__dev__171475__0078__r0.wav,gunshot_gunfire,,FSD50K,dev,171475,171475.wav,gunshot_gunfire
train,gunshot_gunfire__fsd50k__dev__178180__0079__r0.wav,gunshot_gunfire,,FSD50K,dev,178180,178180.wav,gunshot_gunfire
train,gunshot_gunfire__fsd50k__dev__182051__0080__r0.wav,gunshot_gunfire,,FSD50K,dev,182051,182051.wav,gunshot_gunfire
train,gunshot_gunfire__fsd50k__dev__182429__0081__r0.wav,gunshot_gunfire,,FSD50K,dev,182429,182429.wav,gunshot_gunfire
train,gunshot_gunfire__fsd50k__dev__182431__0082__r0.wav,gunshot_gunfire,,FSD50K,dev,182431,182431.wav,gunshot_gunfire
train,gunshot_gunfire__fsd50k__dev__182435__0083__r0.wav,gunshot_gunfire,,FSD50K,dev,182435,182435.wav,gunshot_gunfire
train,gunshot_gunfire__fsd50k__dev__182790__0084__r0.wav,gunshot_gunfire,,FSD50K,dev,182790,182790.wav,gunshot_gunfire
train,gunshot_gunfire__fsd50k__dev__182806__0085__r0.wav,gunshot_gunfire,,FSD50K,dev,182806,182806.wav,gunshot_gunfire
train,gunshot_gunfire__fsd50k__dev__184275__0086__r0.wav,gunshot_gunfire,,FSD50K,dev,184275,184275.wav,gunshot_gunfire
train,gunshot_gunfire__fsd50k__dev__184418__0087__r0.wav,gunshot_gunfire,,FSD50K,dev,184418,184418.wav,gunshot_gunfire
train,gunshot_gunfire__fsd50k__dev__187702__0088__r0.wav,gunshot_gunfire,,FSD50K,dev,187702,187702.wav,gunshot_gunfire
train,gunshot_gunfire__fsd50k__dev__187767__0089__r0.wav,gunshot_gunfire,,FSD50K,dev,187767,187767.wav,gunshot_gunfire
train,gunshot_gunfire__fsd50k__dev__191449__0090__r0.wav,gunshot_gunfire,,FSD50K,dev,191449,191449.wav,gunshot_gunfire
train,gunshot_gunfire__fsd50k__dev__198121__0091__r0.wav,gunshot_gunfire,,FSD50K,dev,198121,198121.wav,gunshot_gunfire
train,gunshot_gunfire__fsd50k__dev__201713__0092__r0.wav,gunshot_gunfire,,FSD50K,dev,201713,201713.wav,gunshot_gunfire
train,gunshot_gunfire__fsd50k__dev__204009__0093__r0.wav,gunshot_gunfire,,FSD50K,dev,204009,204009.wav,gunshot_gunfire
train,gunshot_gunfire__fsd50k__dev__204010__0094__r0.wav,gunshot_gunfire,,FSD50K,dev,204010,204010.wav,gunshot_gunfire
train,gunshot_gunfire__fsd50k__dev__205011__0095__r0.wav,gunshot_gunfire,,FSD50K,dev,205011,205011.wav,gunshot_gunfire
train,gunshot_gunfire__fsd50k__dev__212594__0096__r0.wav,gunshot_gunfire,,FSD50K,dev,212594,212594.wav,gunshot_gunfire
train,gunshot_gunfire__fsd50k__dev__215842__0097__r0.wav,gunshot_gunfire,,FSD50K,dev,215842,215842.wav,gunshot_gunfire
train,gunshot_gunfire__fsd50k__dev__215843__0098__r0.wav,gunshot_gunfire,,FSD50K,dev,215843,215843.wav,gunshot_gunfire
train,gunshot_gunfire__fsd50k__dev__215845__0099__r0.wav,gunshot_gunfire,,FSD50K,dev,215845,215845.wav,gunshot_gunfire
train,gunshot_gunfire__fsd50k__dev__215846__0100__r0.wav,gunshot_gunfire,,FSD50K,dev,215846,215846.wav,gunshot_gunfire
train,gunshot_gunfire__fsd50k__dev__215847__0101__r0.wav,gunshot_gunfire,,FSD50K,dev,215847,215847.wav,gunshot_gunfire
train,gunshot_gunfire__fsd50k__dev__216312__0102__r0.wav,gunshot_gunfire,,FSD50K,dev,216312,216312.wav,gunshot_gunfire
train,gunshot_gunfire__fsd50k__dev__216315__0103__r0.wav,gunshot_gunfire,,FSD50K,dev,216315,216315.wav,gunshot_gunfire
train,gunshot_gunfire__fsd50k__dev__216317__0104__r0.wav,gunshot_gunfire,,FSD50K,dev,216317,216317.wav,gunshot_gunfire
train,gunshot_gunfire__fsd50k__dev__216318__0105__r0.wav,gunshot_gunfire,,FSD50K,dev,216318,216318.wav,gunshot_gunfire
train,gunshot_gunfire__fsd50k__dev__216319__0106__r0.wav,gunshot_gunfire,,FSD50K,dev,216319,216319.wav,gunshot_gunfire
train,gunshot_gunfire__fsd50k__dev__216604__0107__r0.wav,gunshot_gunfire,,FSD50K,dev,216604,216604.wav,gunshot_gunfire
train,gunshot_gunfire__fsd50k__dev__219455__0108__r0.wav,gunshot_gunfire,,FSD50K,dev,219455,219455.wav,gunshot_gunfire
train,gunshot_gunfire__fsd50k__dev__219457__0109__r0.wav,gunshot_gunfire,,FSD50K,dev,219457,219457.wav,gunshot_gunfire
train,gunshot_gunfire__fsd50k__dev__220130__0110__r0.wav,gunshot_gunfire,,FSD50K,dev,220130,220130.wav,gunshot_gunfire
train,gunshot_gunfire__fsd50k__dev__221451__0111__r0.wav,gunshot_gunfire,,FSD50K,dev,221451,221451.wav,gunshot_gunfire
train,gunshot_gunfire__fsd50k__dev__221455__0112__r0.wav,gunshot_gunfire,,FSD50K,dev,221455,221455.wav,gunshot_gunfire
train,gunshot_gunfire__fsd50k__dev__221457__0113__r0.wav,gunshot_gunfire,,FSD50K,dev,221457,221457.wav,gunshot_gunfire
train,gunshot_gunfire__fsd50k__dev__228611__0114__r0.wav,gunshot_gunfire,,FSD50K,dev,228611,228611.wav,gunshot_gunfire
train,gunshot_gunfire__fsd50k__dev__231245__0115__r0.wav,gunshot_gunfire,,FSD50K,dev,231245,231245.wav,gunshot_gunfire
train,gunshot_gunfire__fsd50k__dev__231247__0116__r0.wav,gunshot_gunfire,,FSD50K,dev,231247,231247.wav,gunshot_gunfire
train,gunshot_gunfire__fsd50k__dev__231248__0117__r0.wav,gunshot_gunfire,,FSD50K,dev,231248,231248.wav,gunshot_gunfire
train,gunshot_gunfire__fsd50k__dev__231765__0118__r0.wav,gunshot_gunfire,,FSD50K,dev,231765,231765.wav,gunshot_gunfire
train,gunshot_gunfire__fsd50k__dev__233318__0119__r0.wav,gunshot_gunfire,,FSD50K,dev,233318,233318.wav,gunshot_gunfire
train,gunshot_gunfire__fsd50k__dev__233321__0120__r0.wav,gunshot_gunfire,,FSD50K,dev,233321,233321.wav,gunshot_gunfire
train,gunshot_gunfire__fsd50k__dev__233322__0121__r0.wav,gunshot_gunfire,,FSD50K,dev,233322,233322.wav,gunshot_gunfire
train,gunshot_gunfire__fsd50k__dev__233323__0122__r0.wav,gunshot_gunfire,,FSD50K,dev,233323,233323.wav,gunshot_gunfire
train,gunshot_gunfire__fsd50k__dev__234615__0123__r0.wav,gunshot_gunfire,,FSD50K,dev,234615,234615.wav,gunshot_gunfire
train,gunshot_gunfire__fsd50k__dev__234616__0124__r0.wav,gunshot_gunfire,,FSD50K,dev,234616,234616.wav,gunshot_gunfire
train,gunshot_gunfire__fsd50k__dev__234617__0125__r0.wav,gunshot_gunfire,,FSD50K,dev,234617,234617.wav,gunshot_gunfire
train,gunshot_gunfire__fsd50k__dev__234618__0126__r0.wav,gunshot_gunfire,,FSD50K,dev,234618,234618.wav,gunshot_gunfire
train,gunshot_gunfire__fsd50k__dev__234619__0127__r0.wav,gunshot_gunfire,,FSD50K,dev,234619,234619.wav,gunshot_gunfire
train,gunshot_gunfire__fsd50k__dev__237273__0128__r0.wav,gunshot_gunfire,,FSD50K,dev,237273,237273.wav,gunshot_gunfire
train,gunshot_gunfire__fsd50k__dev__238241__0129__r0.wav,gunshot_gunfire,,FSD50K,dev,238241,238241.wav,gunshot_gunfire
train,gunshot_gunfire__fsd50k__dev__238242__0130__r0.wav,gunshot_gunfire,,FSD50K,dev,238242,238242.wav,gunshot_gunfire
train,gunshot_gunfire__fsd50k__dev__238243__0131__r0.wav,gunshot_gunfire,,FSD50K,dev,238243,238243.wav,gunshot_gunfire
train,gunshot_gunfire__fsd50k__dev__238244__0132__r0.wav,gunshot_gunfire,,FSD50K,dev,238244,238244.wav,gunshot_gunfire
train,gunshot_gunfire__fsd50k__dev__238245__0133__r0.wav,gunshot_gunfire,,FSD50K,dev,238245,238245.wav,gunshot_gunfire
train,gunshot_gunfire__fsd50k__dev__238246__0134__r0.wav,gunshot_gunfire,,FSD50K,dev,238246,238246.wav,gunshot_gunfire
train,gunshot_gunfire__fsd50k__dev__238247__0135__r0.wav,gunshot_gunfire,,FSD50K,dev,238247,238247.wav,gunshot_gunfire
train,gunshot_gunfire__fsd50k__dev__238675__0136__r0.wav,gunshot_gunfire,,FSD50K,dev,238675,238675.wav,gunshot_gunfire
train,gunshot_gunfire__fsd50k__dev__238676__0137__r0.wav,gunshot_gunfire,,FSD50K,dev,238676,238676.wav,gunshot_gunfire
train,gunshot_gunfire__fsd50k__dev__238677__0138__r0.wav,gunshot_gunfire,,FSD50K,dev,238677,238677.wav,gunshot_gunfire
train,gunshot_gunfire__fsd50k__dev__239137__0139__r0.wav,gunshot_gunfire,,FSD50K,dev,239137,239137.wav,gunshot_gunfire
train,gunshot_gunfire__fsd50k__dev__239138__0140__r0.wav,gunshot_gunfire,,FSD50K,dev,239138,239138.wav,gunshot_gunfire
train,gunshot_gunfire__fsd50k__dev__245602__0141__r0.wav,gunshot_gunfire,,FSD50K,dev,245602,245602.wav,gunshot_gunfire
train,gunshot_gunfire__fsd50k__dev__25037__0142__r0.wav,gunshot_gunfire,,FSD50K,dev,25037,25037.wav,gunshot_gunfire
train,gunshot_gunfire__fsd50k__dev__25038__0143__r0.wav,gunshot_gunfire,,FSD50K,dev,25038,25038.wav,gunshot_gunfire
train,gunshot_gunfire__fsd50k__dev__251004__0144__r0.wav,gunshot_gunfire,,FSD50K,dev,251004,251004.wav,gunshot_gunfire
train,gunshot_gunfire__fsd50k__dev__253438__0145__r0.wav,gunshot_gunfire,,FSD50K,dev,253438,253438.wav,gunshot_gunfire
train,gunshot_gunfire__fsd50k__dev__253734__0146__r0.wav,gunshot_gunfire,,FSD50K,dev,253734,253734.wav,gunshot_gunfire
train,gunshot_gunfire__fsd50k__dev__254772__0147__r0.wav,gunshot_gunfire,,FSD50K,dev,254772,254772.wav,gunshot_gunfire
train,gunshot_gunfire__fsd50k__dev__255272__0148__r0.wav,gunshot_gunfire,,FSD50K,dev,255272,255272.wav,gunshot_gunfire
train,gunshot_gunfire__fsd50k__dev__257364__0149__r0.wav,gunshot_gunfire,,FSD50K,dev,257364,257364.wav,gunshot_gunfire
train,gunshot_gunfire__fsd50k__dev__257873__0150__r0.wav,gunshot_gunfire,,FSD50K,dev,257873,257873.wav,gunshot_gunfire
train,gunshot_gunfire__fsd50k__dev__257874__0151__r0.wav,gunshot_gunfire,,FSD50K,dev,257874,257874.wav,gunshot_gunfire
train,gunshot_gunfire__fsd50k__dev__257875__0152__r0.wav,gunshot_gunfire,,FSD50K,dev,257875,257875.wav,gunshot_gunfire
train,gunshot_gunfire__fsd50k__dev__257876__0153__r0.wav,gunshot_gunfire,,FSD50K,dev,257876,257876.wav,gunshot_gunfire
train,gunshot_gunfire__fsd50k__dev__259539__0154__r0.wav,gunshot_gunfire,,FSD50K,dev,259539,259539.wav,gunshot_gunfire
train,gunshot_gunfire__fsd50k__dev__26141__0155__r0.wav,gunshot_gunfire,,FSD50K,dev,26141,26141.wav,gunshot_gunfire
train,gunshot_gunfire__fsd50k__dev__266977__0156__r0.wav,gunshot_gunfire,,FSD50K,dev,266977,266977.wav,gunshot_gunfire
train,gunshot_gunfire__fsd50k__dev__267341__0157__r0.wav,gunshot_gunfire,,FSD50K,dev,267341,267341.wav,gunshot_gunfire
train,gunshot_gunfire__fsd50k__dev__267893__0158__r0.wav,gunshot_gunfire,,FSD50K,dev,267893,267893.wav,gunshot_gunfire
train,gunshot_gunfire__fsd50k__dev__30185__0159__r0.wav,gunshot_gunfire,,FSD50K,dev,30185,30185.wav,gunshot_gunfire
train,gunshot_gunfire__fsd50k__dev__315858__0160__r0.wav,gunshot_gunfire,,FSD50K,dev,315858,315858.wav,gunshot_gunfire
train,gunshot_gunfire__fsd50k__dev__319008__0161__r0.wav,gunshot_gunfire,,FSD50K,dev,319008,319008.wav,gunshot_gunfire
train,gunshot_gunfire__fsd50k__dev__319009__0162__r0.wav,gunshot_gunfire,,FSD50K,dev,319009,319009.wav,gunshot_gunfire
train,gunshot_gunfire__fsd50k__dev__319010__0163__r0.wav,gunshot_gunfire,,FSD50K,dev,319010,319010.wav,gunshot_gunfire
train,gunshot_gunfire__fsd50k__dev__320135__0164__r0.wav,gunshot_gunfire,,FSD50K,dev,320135,320135.wav,gunshot_gunfire
train,gunshot_gunfire__fsd50k__dev__320136__0165__r0.wav,gunshot_gunfire,,FSD50K,dev,320136,320136.wav,gunshot_gunfire
train,gunshot_gunfire__fsd50k__dev__324585__0166__r0.wav,gunshot_gunfire,,FSD50K,dev,324585,324585.wav,gunshot_gunfire
train,gunshot_gunfire__fsd50k__dev__32799__0167__r0.wav,gunshot_gunfire,,FSD50K,dev,32799,32799.wav,gunshot_gunfire
train,gunshot_gunfire__fsd50k__dev__32841__0168__r0.wav,gunshot_gunfire,,FSD50K,dev,32841,32841.wav,gunshot_gunfire
train,gunshot_gunfire__fsd50k__dev__32842__0169__r0.wav,gunshot_gunfire,,FSD50K,dev,32842,32842.wav,gunshot_gunfire
train,gunshot_gunfire__fsd50k__dev__332479__0170__r0.wav,gunshot_gunfire,,FSD50K,dev,332479,332479.wav,gunshot_gunfire
train,gunshot_gunfire__fsd50k__dev__337166__0171__r0.wav,gunshot_gunfire,,FSD50K,dev,337166,337166.wav,gunshot_gunfire
train,gunshot_gunfire__fsd50k__dev__346537__0172__r0.wav,gunshot_gunfire,,FSD50K,dev,346537,346537.wav,gunshot_gunfire
train,gunshot_gunfire__fsd50k__dev__346904__0173__r0.wav,gunshot_gunfire,,FSD50K,dev,346904,346904.wav,gunshot_gunfire
train,gunshot_gunfire__fsd50k__dev__346905__0174__r0.wav,gunshot_gunfire,,FSD50K,dev,346905,346905.wav,gunshot_gunfire
train,gunshot_gunfire__fsd50k__dev__34708__0175__r0.wav,gunshot_gunfire,,FSD50K,dev,34708,34708.wav,gunshot_gunfire
train,gunshot_gunfire__fsd50k__dev__348663__0176__r0.wav,gunshot_gunfire,,FSD50K,dev,348663,348663.wav,gunshot_gunfire
train,gunshot_gunfire__fsd50k__dev__348664__0177__r0.wav,gunshot_gunfire,,FSD50K,dev,348664,348664.wav,gunshot_gunfire
train,gunshot_gunfire__fsd50k__dev__348665__0178__r0.wav,gunshot_gunfire,,FSD50K,dev,348665,348665.wav,gunshot_gunfire
train,gunshot_gunfire__fsd50k__dev__348666__0179__r0.wav,gunshot_gunfire,,FSD50K,dev,348666,348666.wav,gunshot_gunfire
train,gunshot_gunfire__fsd50k__dev__348670__0180__r0.wav,gunshot_gunfire,,FSD50K,dev,348670,348670.wav,gunshot_gunfire
train,gunshot_gunfire__fsd50k__dev__348671__0181__r0.wav,gunshot_gunfire,,FSD50K,dev,348671,348671.wav,gunshot_gunfire
train,gunshot_gunfire__fsd50k__dev__348685__0182__r0.wav,gunshot_gunfire,,FSD50K,dev,348685,348685.wav,gunshot_gunfire
train,gunshot_gunfire__fsd50k__dev__349217__0183__r0.wav,gunshot_gunfire,,FSD50K,dev,349217,349217.wav,gunshot_gunfire
train,gunshot_gunfire__fsd50k__dev__362471__0184__r0.wav,gunshot_gunfire,,FSD50K,dev,362471,362471.wav,gunshot_gunfire
train,gunshot_gunfire__fsd50k__dev__362486__0185__r0.wav,gunshot_gunfire,,FSD50K,dev,362486,362486.wav,gunshot_gunfire
train,gunshot_gunfire__fsd50k__dev__362487__0186__r0.wav,gunshot_gunfire,,FSD50K,dev,362487,362487.wav,gunshot_gunfire
train,gunshot_gunfire__fsd50k__dev__364976__0187__r0.wav,gunshot_gunfire,,FSD50K,dev,364976,364976.wav,gunshot_gunfire
train,gunshot_gunfire__fsd50k__dev__365905__0188__r0.wav,gunshot_gunfire,,FSD50K,dev,365905,365905.wav,gunshot_gunfire
train,gunshot_gunfire__fsd50k__dev__369525__0189__r0.wav,gunshot_gunfire,,FSD50K,dev,369525,369525.wav,gunshot_gunfire
train,gunshot_gunfire__fsd50k__dev__369530__0190__r0.wav,gunshot_gunfire,,FSD50K,dev,369530,369530.wav,gunshot_gunfire
train,gunshot_gunfire__fsd50k__dev__369781__0191__r0.wav,gunshot_gunfire,,FSD50K,dev,369781,369781.wav,gunshot_gunfire
train,siren__esc50__fold_1__31482__0000__r0.wav,siren,,ESC-50,fold_1,31482,1-31482-A-42.wav,siren
train,siren__esc50__fold_1__31482__0001__r0.wav,siren,,ESC-50,fold_1,31482,1-31482-B-42.wav,siren
train,siren__esc50__fold_1__54084__0002__r0.wav,siren,,ESC-50,fold_1,54084,1-54084-A-42.wav,siren
train,siren__esc50__fold_1__76831__0003__r0.wav,siren,,ESC-50,fold_1,76831,1-76831-A-42.wav,siren
train,siren__esc50__fold_1__76831__0004__r0.wav,siren,,ESC-50,fold_1,76831,1-76831-B-42.wav,siren
train,siren__esc50__fold_1__76831__0005__r0.wav,siren,,ESC-50,fold_1,76831,1-76831-C-42.wav,siren
train,siren__esc50__fold_1__76831__0006__r0.wav,siren,,ESC-50,fold_1,76831,1-76831-D-42.wav,siren
train,siren__esc50__fold_1__76831__0007__r0.wav,siren,,ESC-50,fold_1,76831,1-76831-E-42.wav,siren
train,siren__esc50__fold_2__43802__0008__r0.wav,siren,,ESC-50,fold_2,43802,2-43802-A-42.wav,siren
train,siren__esc50__fold_2__43806__0009__r0.wav,siren,,ESC-50,fold_2,43806,2-43806-A-42.wav,siren
train,siren__esc50__fold_2__70052__0010__r0.wav,siren,,ESC-50,fold_2,70052,2-70052-A-42.wav,siren
train,siren__esc50__fold_2__70052__0011__r0.wav,siren,,ESC-50,fold_2,70052,2-70052-B-42.wav,siren
train,siren__esc50__fold_2__70936__0012__r0.wav,siren,,ESC-50,fold_2,70936,2-70936-A-42.wav,siren
train,siren__esc50__fold_2__70938__0013__r0.wav,siren,,ESC-50,fold_2,70938,2-70938-A-42.wav,siren
train,siren__esc50__fold_2__70939__0014__r0.wav,siren,,ESC-50,fold_2,70939,2-70939-A-42.wav,siren
train,siren__esc50__fold_2__72688__0015__r0.wav,siren,,ESC-50,fold_2,72688,2-72688-A-42.wav,siren
train,siren__esc50__fold_3__51376__0016__r0.wav,siren,,ESC-50,fold_3,51376,3-51376-A-42.wav,siren
train,siren__esc50__fold_3__51731__0017__r0.wav,siren,,ESC-50,fold_3,51731,3-51731-A-42.wav,siren
train,siren__esc50__fold_3__51731__0018__r0.wav,siren,,ESC-50,fold_3,51731,3-51731-B-42.wav,siren
train,siren__esc50__fold_3__51909__0019__r0.wav,siren,,ESC-50,fold_3,51909,3-51909-A-42.wav,siren
train,siren__esc50__fold_3__51909__0020__r0.wav,siren,,ESC-50,fold_3,51909,3-51909-B-42.wav,siren
train,siren__esc50__fold_3__58772__0021__r0.wav,siren,,ESC-50,fold_3,58772,3-58772-A-42.wav,siren
train,siren__esc50__fold_3__62878__0022__r0.wav,siren,,ESC-50,fold_3,62878,3-62878-A-42.wav,siren
train,siren__esc50__fold_3__62878__0023__r0.wav,siren,,ESC-50,fold_3,62878,3-62878-B-42.wav,siren
train,siren__fsd50k__dev__108192__0024__r0.wav,siren,,FSD50K,dev,108192,108192.wav,siren
train,siren__fsd50k__dev__116664__0025__r0.wav,siren,,FSD50K,dev,116664,116664.wav,siren
train,siren__fsd50k__dev__128459__0026__r0.wav,siren,,FSD50K,dev,128459,128459.wav,siren
train,siren__fsd50k__dev__156868__0027__r0.wav,siren,,FSD50K,dev,156868,156868.wav,siren
train,siren__fsd50k__dev__159743__0028__r0.wav,siren,,FSD50K,dev,159743,159743.wav,siren
train,siren__fsd50k__dev__159745__0029__r0.wav,siren,,FSD50K,dev,159745,159745.wav,siren
train,siren__fsd50k__dev__159750__0030__r0.wav,siren,,FSD50K,dev,159750,159750.wav,siren
train,siren__fsd50k__dev__159753__0031__r0.wav,siren,,FSD50K,dev,159753,159753.wav,siren
train,siren__fsd50k__dev__159754__0032__r0.wav,siren,,FSD50K,dev,159754,159754.wav,siren
train,siren__fsd50k__dev__159755__0033__r0.wav,siren,,FSD50K,dev,159755,159755.wav,siren
train,siren__fsd50k__dev__162719__0034__r0.wav,siren,,FSD50K,dev,162719,162719.wav,siren
train,siren__fsd50k__dev__165166__0035__r0.wav,siren,,FSD50K,dev,165166,165166.wav,siren
train,siren__fsd50k__dev__168258__0036__r0.wav,siren,,FSD50K,dev,168258,168258.wav,siren
train,siren__fsd50k__dev__168621__0037__r0.wav,siren,,FSD50K,dev,168621,168621.wav,siren
train,siren__fsd50k__dev__184623__0038__r0.wav,siren,,FSD50K,dev,184623,184623.wav,siren
train,siren__fsd50k__dev__201611__0039__r0.wav,siren,,FSD50K,dev,201611,201611.wav,siren
train,siren__fsd50k__dev__201945__0040__r0.wav,siren,,FSD50K,dev,201945,201945.wav,siren
train,siren__fsd50k__dev__202418__0041__r0.wav,siren,,FSD50K,dev,202418,202418.wav,siren
train,siren__fsd50k__dev__203720__0042__r0.wav,siren,,FSD50K,dev,203720,203720.wav,siren
train,siren__fsd50k__dev__208652__0043__r0.wav,siren,,FSD50K,dev,208652,208652.wav,siren
train,siren__fsd50k__dev__223824__0044__r0.wav,siren,,FSD50K,dev,223824,223824.wav,siren
train,siren__fsd50k__dev__256469__0045__r0.wav,siren,,FSD50K,dev,256469,256469.wav,siren
train,siren__fsd50k__dev__258169__0046__r0.wav,siren,,FSD50K,dev,258169,258169.wav,siren
train,siren__fsd50k__dev__261589__0047__r0.wav,siren,,FSD50K,dev,261589,261589.wav,siren
train,siren__fsd50k__dev__261593__0048__r0.wav,siren,,FSD50K,dev,261593,261593.wav,siren
train,siren__fsd50k__dev__262278__0049__r0.wav,siren,,FSD50K,dev,262278,262278.wav,siren
train,siren__fsd50k__dev__268809__0050__r0.wav,siren,,FSD50K,dev,268809,268809.wav,siren
train,siren__fsd50k__dev__273750__0051__r0.wav,siren,,FSD50K,dev,273750,273750.wav,siren
train,siren__fsd50k__dev__277508__0052__r0.wav,siren,,FSD50K,dev,277508,277508.wav,siren
train,siren__fsd50k__dev__28426__0053__r0.wav,siren,,FSD50K,dev,28426,28426.wav,siren
train,siren__fsd50k__dev__31482__0054__r0.wav,siren,,FSD50K,dev,31482,31482.wav,siren
train,siren__fsd50k__dev__315758__0055__r0.wav,siren,,FSD50K,dev,315758,315758.wav,siren
train,siren__fsd50k__dev__319751__0056__r0.wav,siren,,FSD50K,dev,319751,319751.wav,siren
train,siren__fsd50k__dev__322205__0057__r0.wav,siren,,FSD50K,dev,322205,322205.wav,siren
train,siren__fsd50k__dev__324579__0058__r0.wav,siren,,FSD50K,dev,324579,324579.wav,siren
train,siren__fsd50k__dev__326074__0059__r0.wav,siren,,FSD50K,dev,326074,326074.wav,siren
train,siren__fsd50k__dev__332918__0060__r0.wav,siren,,FSD50K,dev,332918,332918.wav,siren
train,siren__fsd50k__dev__336894__0061__r0.wav,siren,,FSD50K,dev,336894,336894.wav,siren
train,siren__fsd50k__dev__338973__0062__r0.wav,siren,,FSD50K,dev,338973,338973.wav,siren
train,siren__fsd50k__dev__34280__0063__r0.wav,siren,,FSD50K,dev,34280,34280.wav,siren
train,siren__fsd50k__dev__364911__0064__r0.wav,siren,,FSD50K,dev,364911,364911.wav,siren
train,siren__fsd50k__dev__372251__0065__r0.wav,siren,,FSD50K,dev,372251,372251.wav,siren
train,siren__fsd50k__dev__377125__0066__r0.wav,siren,,FSD50K,dev,377125,377125.wav,siren
train,siren__fsd50k__dev__377126__0067__r0.wav,siren,,FSD50K,dev,377126,377126.wav,siren
train,siren__fsd50k__dev__381957__0068__r0.wav,siren,,FSD50K,dev,381957,381957.wav,siren
train,siren__fsd50k__dev__392801__0069__r0.wav,siren,,FSD50K,dev,392801,392801.wav,siren
train,siren__fsd50k__dev__393662__0070__r0.wav,siren,,FSD50K,dev,393662,393662.wav,siren
train,siren__fsd50k__dev__393665__0071__r0.wav,siren,,FSD50K,dev,393665,393665.wav,siren
train,siren__fsd50k__dev__393666__0072__r0.wav,siren,,FSD50K,dev,393666,393666.wav,siren
train,siren__fsd50k__dev__393667__0073__r0.wav,siren,,FSD50K,dev,393667,393667.wav,siren
train,siren__fsd50k__dev__410825__0074__r0.wav,siren,,FSD50K,dev,410825,410825.wav,siren
train,siren__fsd50k__dev__46092__0075__r0.wav,siren,,FSD50K,dev,46092,46092.wav,siren
train,siren__fsd50k__dev__65152__0076__r0.wav,siren,,FSD50K,dev,65152,65152.wav,siren
train,siren__fsd50k__dev__65929__0077__r0.wav,siren,,FSD50K,dev,65929,65929.wav,siren
train,siren__fsd50k__dev__67358__0078__r0.wav,siren,,FSD50K,dev,67358,67358.wav,siren
train,siren__fsd50k__dev__67359__0079__r0.wav,siren,,FSD50K,dev,67359,67359.wav,siren
train,siren__fsd50k__dev__87393__0080__r0.wav,siren,,FSD50K,dev,87393,87393.wav,siren
train,siren__fsd50k__dev__88121__0081__r0.wav,siren,,FSD50K,dev,88121,88121.wav,siren
train,siren__fsd50k__dev__89682__0082__r0.wav,siren,,FSD50K,dev,89682,89682.wav,siren
train,siren__fsd50k__dev__89683__0083__r0.wav,siren,,FSD50K,dev,89683,89683.wav,siren
train,siren__fsd50k__dev__93639__0084__r0.wav,siren,,FSD50K,dev,93639,93639.wav,siren
train,siren__fsd50k__dev__93643__0085__r0.wav,siren,,FSD50K,dev,93643,93643.wav,siren
train,siren__fsd50k__dev__93676__0086__r0.wav,siren,,FSD50K,dev,93676,93676.wav,siren
train,siren__fsd50k__dev__98536__0087__r0.wav,siren,,FSD50K,dev,98536,98536.wav,siren
train,siren__esc50__fold_1__31482__0088__r1.wav,siren,,ESC-50,fold_1,31482,1-31482-A-42.wav,siren
train,siren__esc50__fold_1__31482__0089__r1.wav,siren,,ESC-50,fold_1,31482,1-31482-B-42.wav,siren
train,siren__esc50__fold_1__54084__0090__r1.wav,siren,,ESC-50,fold_1,54084,1-54084-A-42.wav,siren
train,siren__esc50__fold_1__76831__0091__r1.wav,siren,,ESC-50,fold_1,76831,1-76831-A-42.wav,siren
train,siren__esc50__fold_1__76831__0092__r1.wav,siren,,ESC-50,fold_1,76831,1-76831-B-42.wav,siren
train,siren__esc50__fold_1__76831__0093__r1.wav,siren,,ESC-50,fold_1,76831,1-76831-C-42.wav,siren
train,siren__esc50__fold_1__76831__0094__r1.wav,siren,,ESC-50,fold_1,76831,1-76831-D-42.wav,siren
train,siren__esc50__fold_1__76831__0095__r1.wav,siren,,ESC-50,fold_1,76831,1-76831-E-42.wav,siren
train,siren__esc50__fold_2__43802__0096__r1.wav,siren,,ESC-50,fold_2,43802,2-43802-A-42.wav,siren
train,siren__esc50__fold_2__43806__0097__r1.wav,siren,,ESC-50,fold_2,43806,2-43806-A-42.wav,siren
train,siren__esc50__fold_2__70052__0098__r1.wav,siren,,ESC-50,fold_2,70052,2-70052-A-42.wav,siren
train,siren__esc50__fold_2__70052__0099__r1.wav,siren,,ESC-50,fold_2,70052,2-70052-B-42.wav,siren
train,siren__esc50__fold_2__70936__0100__r1.wav,siren,,ESC-50,fold_2,70936,2-70936-A-42.wav,siren
train,siren__esc50__fold_2__70938__0101__r1.wav,siren,,ESC-50,fold_2,70938,2-70938-A-42.wav,siren
train,siren__esc50__fold_2__70939__0102__r1.wav,siren,,ESC-50,fold_2,70939,2-70939-A-42.wav,siren
train,siren__esc50__fold_2__72688__0103__r1.wav,siren,,ESC-50,fold_2,72688,2-72688-A-42.wav,siren
train,siren__esc50__fold_3__51376__0104__r1.wav,siren,,ESC-50,fold_3,51376,3-51376-A-42.wav,siren
train,siren__esc50__fold_3__51731__0105__r1.wav,siren,,ESC-50,fold_3,51731,3-51731-A-42.wav,siren
train,siren__esc50__fold_3__51731__0106__r1.wav,siren,,ESC-50,fold_3,51731,3-51731-B-42.wav,siren
train,siren__esc50__fold_3__51909__0107__r1.wav,siren,,ESC-50,fold_3,51909,3-51909-A-42.wav,siren
train,siren__esc50__fold_3__51909__0108__r1.wav,siren,,ESC-50,fold_3,51909,3-51909-B-42.wav,siren
train,siren__esc50__fold_3__58772__0109__r1.wav,siren,,ESC-50,fold_3,58772,3-58772-A-42.wav,siren
train,siren__esc50__fold_3__62878__0110__r1.wav,siren,,ESC-50,fold_3,62878,3-62878-A-42.wav,siren
train,siren__esc50__fold_3__62878__0111__r1.wav,siren,,ESC-50,fold_3,62878,3-62878-B-42.wav,siren
train,siren__fsd50k__dev__108192__0112__r1.wav,siren,,FSD50K,dev,108192,108192.wav,siren
train,siren__fsd50k__dev__116664__0113__r1.wav,siren,,FSD50K,dev,116664,116664.wav,siren
train,siren__fsd50k__dev__128459__0114__r1.wav,siren,,FSD50K,dev,128459,128459.wav,siren
train,siren__fsd50k__dev__156868__0115__r1.wav,siren,,FSD50K,dev,156868,156868.wav,siren
train,siren__fsd50k__dev__159743__0116__r1.wav,siren,,FSD50K,dev,159743,159743.wav,siren
train,siren__fsd50k__dev__159745__0117__r1.wav,siren,,FSD50K,dev,159745,159745.wav,siren
train,siren__fsd50k__dev__159750__0118__r1.wav,siren,,FSD50K,dev,159750,159750.wav,siren
train,siren__fsd50k__dev__159753__0119__r1.wav,siren,,FSD50K,dev,159753,159753.wav,siren
train,siren__fsd50k__dev__159754__0120__r1.wav,siren,,FSD50K,dev,159754,159754.wav,siren
train,siren__fsd50k__dev__159755__0121__r1.wav,siren,,FSD50K,dev,159755,159755.wav,siren
train,siren__fsd50k__dev__162719__0122__r1.wav,siren,,FSD50K,dev,162719,162719.wav,siren
train,siren__fsd50k__dev__165166__0123__r1.wav,siren,,FSD50K,dev,165166,165166.wav,siren
train,siren__fsd50k__dev__168258__0124__r1.wav,siren,,FSD50K,dev,168258,168258.wav,siren
train,siren__fsd50k__dev__168621__0125__r1.wav,siren,,FSD50K,dev,168621,168621.wav,siren
train,siren__fsd50k__dev__184623__0126__r1.wav,siren,,FSD50K,dev,184623,184623.wav,siren
train,siren__fsd50k__dev__201611__0127__r1.wav,siren,,FSD50K,dev,201611,201611.wav,siren
train,siren__fsd50k__dev__201945__0128__r1.wav,siren,,FSD50K,dev,201945,201945.wav,siren
train,siren__fsd50k__dev__202418__0129__r1.wav,siren,,FSD50K,dev,202418,202418.wav,siren
train,siren__fsd50k__dev__203720__0130__r1.wav,siren,,FSD50K,dev,203720,203720.wav,siren
train,siren__fsd50k__dev__208652__0131__r1.wav,siren,,FSD50K,dev,208652,208652.wav,siren
train,siren__fsd50k__dev__223824__0132__r1.wav,siren,,FSD50K,dev,223824,223824.wav,siren
train,siren__fsd50k__dev__256469__0133__r1.wav,siren,,FSD50K,dev,256469,256469.wav,siren
train,siren__fsd50k__dev__258169__0134__r1.wav,siren,,FSD50K,dev,258169,258169.wav,siren
train,siren__fsd50k__dev__261589__0135__r1.wav,siren,,FSD50K,dev,261589,261589.wav,siren
train,siren__fsd50k__dev__261593__0136__r1.wav,siren,,FSD50K,dev,261593,261593.wav,siren
train,siren__fsd50k__dev__262278__0137__r1.wav,siren,,FSD50K,dev,262278,262278.wav,siren
train,siren__fsd50k__dev__268809__0138__r1.wav,siren,,FSD50K,dev,268809,268809.wav,siren
train,siren__fsd50k__dev__273750__0139__r1.wav,siren,,FSD50K,dev,273750,273750.wav,siren
train,siren__fsd50k__dev__277508__0140__r1.wav,siren,,FSD50K,dev,277508,277508.wav,siren
train,siren__fsd50k__dev__28426__0141__r1.wav,siren,,FSD50K,dev,28426,28426.wav,siren
train,siren__fsd50k__dev__31482__0142__r1.wav,siren,,FSD50K,dev,31482,31482.wav,siren
train,siren__fsd50k__dev__315758__0143__r1.wav,siren,,FSD50K,dev,315758,315758.wav,siren
train,siren__fsd50k__dev__319751__0144__r1.wav,siren,,FSD50K,dev,319751,319751.wav,siren
train,siren__fsd50k__dev__322205__0145__r1.wav,siren,,FSD50K,dev,322205,322205.wav,siren
train,siren__fsd50k__dev__324579__0146__r1.wav,siren,,FSD50K,dev,324579,324579.wav,siren
train,siren__fsd50k__dev__326074__0147__r1.wav,siren,,FSD50K,dev,326074,326074.wav,siren
train,siren__fsd50k__dev__332918__0148__r1.wav,siren,,FSD50K,dev,332918,332918.wav,siren
train,siren__fsd50k__dev__336894__0149__r1.wav,siren,,FSD50K,dev,336894,336894.wav,siren
train,siren__fsd50k__dev__338973__0150__r1.wav,siren,,FSD50K,dev,338973,338973.wav,siren
train,siren__fsd50k__dev__34280__0151__r1.wav,siren,,FSD50K,dev,34280,34280.wav,siren
train,siren__fsd50k__dev__364911__0152__r1.wav,siren,,FSD50K,dev,364911,364911.wav,siren
train,siren__fsd50k__dev__372251__0153__r1.wav,siren,,FSD50K,dev,372251,372251.wav,siren
train,siren__fsd50k__dev__377125__0154__r1.wav,siren,,FSD50K,dev,377125,377125.wav,siren
train,siren__fsd50k__dev__377126__0155__r1.wav,siren,,FSD50K,dev,377126,377126.wav,siren
train,siren__fsd50k__dev__381957__0156__r1.wav,siren,,FSD50K,dev,381957,381957.wav,siren
train,siren__fsd50k__dev__392801__0157__r1.wav,siren,,FSD50K,dev,392801,392801.wav,siren
train,siren__fsd50k__dev__393662__0158__r1.wav,siren,,FSD50K,dev,393662,393662.wav,siren
train,siren__fsd50k__dev__393665__0159__r1.wav,siren,,FSD50K,dev,393665,393665.wav,siren
train,siren__fsd50k__dev__393666__0160__r1.wav,siren,,FSD50K,dev,393666,393666.wav,siren
train,siren__fsd50k__dev__393667__0161__r1.wav,siren,,FSD50K,dev,393667,393667.wav,siren
train,siren__fsd50k__dev__410825__0162__r1.wav,siren,,FSD50K,dev,410825,410825.wav,siren
train,siren__fsd50k__dev__46092__0163__r1.wav,siren,,FSD50K,dev,46092,46092.wav,siren
train,siren__fsd50k__dev__65152__0164__r1.wav,siren,,FSD50K,dev,65152,65152.wav,siren
train,siren__fsd50k__dev__65929__0165__r1.wav,siren,,FSD50K,dev,65929,65929.wav,siren
train,siren__fsd50k__dev__67358__0166__r1.wav,siren,,FSD50K,dev,67358,67358.wav,siren
train,siren__fsd50k__dev__67359__0167__r1.wav,siren,,FSD50K,dev,67359,67359.wav,siren
train,siren__fsd50k__dev__87393__0168__r1.wav,siren,,FSD50K,dev,87393,87393.wav,siren
train,siren__fsd50k__dev__88121__0169__r1.wav,siren,,FSD50K,dev,88121,88121.wav,siren
train,siren__fsd50k__dev__89682__0170__r1.wav,siren,,FSD50K,dev,89682,89682.wav,siren
train,siren__fsd50k__dev__89683__0171__r1.wav,siren,,FSD50K,dev,89683,89683.wav,siren
train,siren__fsd50k__dev__93639__0172__r1.wav,siren,,FSD50K,dev,93639,93639.wav,siren
train,siren__fsd50k__dev__93643__0173__r1.wav,siren,,FSD50K,dev,93643,93643.wav,siren
train,siren__fsd50k__dev__93676__0174__r1.wav,siren,,FSD50K,dev,93676,93676.wav,siren
train,siren__fsd50k__dev__98536__0175__r1.wav,siren,,FSD50K,dev,98536,98536.wav,siren
train,siren__esc50__fold_1__31482__0176__r2.wav,siren,,ESC-50,fold_1,31482,1-31482-A-42.wav,siren
train,siren__esc50__fold_1__31482__0177__r2.wav,siren,,ESC-50,fold_1,31482,1-31482-B-42.wav,siren
train,siren__esc50__fold_1__54084__0178__r2.wav,siren,,ESC-50,fold_1,54084,1-54084-A-42.wav,siren
train,siren__esc50__fold_1__76831__0179__r2.wav,siren,,ESC-50,fold_1,76831,1-76831-A-42.wav,siren
train,siren__esc50__fold_1__76831__0180__r2.wav,siren,,ESC-50,fold_1,76831,1-76831-B-42.wav,siren
train,siren__esc50__fold_1__76831__0181__r2.wav,siren,,ESC-50,fold_1,76831,1-76831-C-42.wav,siren
train,siren__esc50__fold_1__76831__0182__r2.wav,siren,,ESC-50,fold_1,76831,1-76831-D-42.wav,siren
train,siren__esc50__fold_1__76831__0183__r2.wav,siren,,ESC-50,fold_1,76831,1-76831-E-42.wav,siren
train,siren__esc50__fold_2__43802__0184__r2.wav,siren,,ESC-50,fold_2,43802,2-43802-A-42.wav,siren
train,siren__esc50__fold_2__43806__0185__r2.wav,siren,,ESC-50,fold_2,43806,2-43806-A-42.wav,siren
train,siren__esc50__fold_2__70052__0186__r2.wav,siren,,ESC-50,fold_2,70052,2-70052-A-42.wav,siren
train,siren__esc50__fold_2__70052__0187__r2.wav,siren,,ESC-50,fold_2,70052,2-70052-B-42.wav,siren
train,siren__esc50__fold_2__70936__0188__r2.wav,siren,,ESC-50,fold_2,70936,2-70936-A-42.wav,siren
train,siren__esc50__fold_2__70938__0189__r2.wav,siren,,ESC-50,fold_2,70938,2-70938-A-42.wav,siren
train,siren__esc50__fold_2__70939__0190__r2.wav,siren,,ESC-50,fold_2,70939,2-70939-A-42.wav,siren
train,siren__esc50__fold_2__72688__0191__r2.wav,siren,,ESC-50,fold_2,72688,2-72688-A-42.wav,siren
train,thunderstorm__esc50__fold_1__101296__0000__r0.wav,thunderstorm,,ESC-50,fold_1,101296,1-101296-A-19.wav,thunderstorm
train,thunderstorm__esc50__fold_1__101296__0001__r0.wav,thunderstorm,,ESC-50,fold_1,101296,1-101296-B-19.wav,thunderstorm
train,thunderstorm__esc50__fold_1__115521__0002__r0.wav,thunderstorm,,ESC-50,fold_1,115521,1-115521-A-19.wav,thunderstorm
train,thunderstorm__esc50__fold_1__23222__0003__r0.wav,thunderstorm,,ESC-50,fold_1,23222,1-23222-A-19.wav,thunderstorm
train,thunderstorm__esc50__fold_1__23222__0004__r0.wav,thunderstorm,,ESC-50,fold_1,23222,1-23222-B-19.wav,thunderstorm
train,thunderstorm__esc50__fold_1__24524__0005__r0.wav,thunderstorm,,ESC-50,fold_1,24524,1-24524-A-19.wav,thunderstorm
train,thunderstorm__esc50__fold_1__24524__0006__r0.wav,thunderstorm,,ESC-50,fold_1,24524,1-24524-B-19.wav,thunderstorm
train,thunderstorm__esc50__fold_1__24524__0007__r0.wav,thunderstorm,,ESC-50,fold_1,24524,1-24524-C-19.wav,thunderstorm
train,thunderstorm__esc50__fold_2__104105__0008__r0.wav,thunderstorm,,ESC-50,fold_2,104105,2-104105-A-19.wav,thunderstorm
train,thunderstorm__esc50__fold_2__104105__0009__r0.wav,thunderstorm,,ESC-50,fold_2,104105,2-104105-B-19.wav,thunderstorm
train,thunderstorm__esc50__fold_2__39441__0010__r0.wav,thunderstorm,,ESC-50,fold_2,39441,2-39441-A-19.wav,thunderstorm
train,thunderstorm__esc50__fold_2__39443__0011__r0.wav,thunderstorm,,ESC-50,fold_2,39443,2-39443-A-19.wav,thunderstorm
train,thunderstorm__esc50__fold_2__39443__0012__r0.wav,thunderstorm,,ESC-50,fold_2,39443,2-39443-B-19.wav,thunderstorm
train,thunderstorm__esc50__fold_2__39945__0013__r0.wav,thunderstorm,,ESC-50,fold_2,39945,2-39945-A-19.wav,thunderstorm
train,thunderstorm__esc50__fold_2__39945__0014__r0.wav,thunderstorm,,ESC-50,fold_2,39945,2-39945-B-19.wav,thunderstorm
train,thunderstorm__esc50__fold_2__39945__0015__r0.wav,thunderstorm,,ESC-50,fold_2,39945,2-39945-C-19.wav,thunderstorm
train,thunderstorm__esc50__fold_3__103050__0016__r0.wav,thunderstorm,,ESC-50,fold_3,103050,3-103050-A-19.wav,thunderstorm
train,thunderstorm__esc50__fold_3__103051__0017__r0.wav,thunderstorm,,ESC-50,fold_3,103051,3-103051-A-19.wav,thunderstorm
train,thunderstorm__esc50__fold_3__103051__0018__r0.wav,thunderstorm,,ESC-50,fold_3,103051,3-103051-B-19.wav,thunderstorm
train,thunderstorm__esc50__fold_3__103051__0019__r0.wav,thunderstorm,,ESC-50,fold_3,103051,3-103051-C-19.wav,thunderstorm
train,thunderstorm__esc50__fold_3__123224__0020__r0.wav,thunderstorm,,ESC-50,fold_3,123224,3-123224-A-19.wav,thunderstorm
train,thunderstorm__esc50__fold_3__124600__0021__r0.wav,thunderstorm,,ESC-50,fold_3,124600,3-124600-A-19.wav,thunderstorm
train,thunderstorm__esc50__fold_3__144891__0022__r0.wav,thunderstorm,,ESC-50,fold_3,144891,3-144891-A-19.wav,thunderstorm
train,thunderstorm__esc50__fold_3__144891__0023__r0.wav,thunderstorm,,ESC-50,fold_3,144891,3-144891-B-19.wav,thunderstorm
train,thunderstorm__fsd50k__dev__100011__0024__r0.wav,thunderstorm,,FSD50K,dev,100011,100011.wav,thunderstorm
train,thunderstorm__fsd50k__dev__105032__0025__r0.wav,thunderstorm,,FSD50K,dev,105032,105032.wav,thunderstorm
train,thunderstorm__fsd50k__dev__105296__0026__r0.wav,thunderstorm,,FSD50K,dev,105296,105296.wav,thunderstorm
train,thunderstorm__fsd50k__dev__105297__0027__r0.wav,thunderstorm,,FSD50K,dev,105297,105297.wav,thunderstorm
train,thunderstorm__fsd50k__dev__105298__0028__r0.wav,thunderstorm,,FSD50K,dev,105298,105298.wav,thunderstorm
train,thunderstorm__fsd50k__dev__105299__0029__r0.wav,thunderstorm,,FSD50K,dev,105299,105299.wav,thunderstorm
train,thunderstorm__fsd50k__dev__105301__0030__r0.wav,thunderstorm,,FSD50K,dev,105301,105301.wav,thunderstorm
train,thunderstorm__fsd50k__dev__105303__0031__r0.wav,thunderstorm,,FSD50K,dev,105303,105303.wav,thunderstorm
train,thunderstorm__fsd50k__dev__105304__0032__r0.wav,thunderstorm,,FSD50K,dev,105304,105304.wav,thunderstorm
train,thunderstorm__fsd50k__dev__105306__0033__r0.wav,thunderstorm,,FSD50K,dev,105306,105306.wav,thunderstorm
train,thunderstorm__fsd50k__dev__115521__0034__r0.wav,thunderstorm,,FSD50K,dev,115521,115521.wav,thunderstorm
train,thunderstorm__fsd50k__dev__117138__0035__r0.wav,thunderstorm,,FSD50K,dev,117138,117138.wav,thunderstorm
train,thunderstorm__fsd50k__dev__120393__0036__r0.wav,thunderstorm,,FSD50K,dev,120393,120393.wav,thunderstorm
train,thunderstorm__fsd50k__dev__121132__0037__r0.wav,thunderstorm,,FSD50K,dev,121132,121132.wav,thunderstorm
train,thunderstorm__fsd50k__dev__121568__0038__r0.wav,thunderstorm,,FSD50K,dev,121568,121568.wav,thunderstorm
train,thunderstorm__fsd50k__dev__121569__0039__r0.wav,thunderstorm,,FSD50K,dev,121569,121569.wav,thunderstorm
train,thunderstorm__fsd50k__dev__121572__0040__r0.wav,thunderstorm,,FSD50K,dev,121572,121572.wav,thunderstorm
train,thunderstorm__fsd50k__dev__121573__0041__r0.wav,thunderstorm,,FSD50K,dev,121573,121573.wav,thunderstorm
train,thunderstorm__fsd50k__dev__122089__0042__r0.wav,thunderstorm,,FSD50K,dev,122089,122089.wav,thunderstorm
train,thunderstorm__fsd50k__dev__122091__0043__r0.wav,thunderstorm,,FSD50K,dev,122091,122091.wav,thunderstorm
train,thunderstorm__fsd50k__dev__123358__0044__r0.wav,thunderstorm,,FSD50K,dev,123358,123358.wav,thunderstorm
train,thunderstorm__fsd50k__dev__123359__0045__r0.wav,thunderstorm,,FSD50K,dev,123359,123359.wav,thunderstorm
train,thunderstorm__fsd50k__dev__123360__0046__r0.wav,thunderstorm,,FSD50K,dev,123360,123360.wav,thunderstorm
train,thunderstorm__fsd50k__dev__124128__0047__r0.wav,thunderstorm,,FSD50K,dev,124128,124128.wav,thunderstorm
train,thunderstorm__fsd50k__dev__124129__0048__r0.wav,thunderstorm,,FSD50K,dev,124129,124129.wav,thunderstorm
train,thunderstorm__fsd50k__dev__127862__0049__r0.wav,thunderstorm,,FSD50K,dev,127862,127862.wav,thunderstorm
train,thunderstorm__fsd50k__dev__127975__0050__r0.wav,thunderstorm,,FSD50K,dev,127975,127975.wav,thunderstorm
train,thunderstorm__fsd50k__dev__127976__0051__r0.wav,thunderstorm,,FSD50K,dev,127976,127976.wav,thunderstorm
train,thunderstorm__fsd50k__dev__127978__0052__r0.wav,thunderstorm,,FSD50K,dev,127978,127978.wav,thunderstorm
train,thunderstorm__fsd50k__dev__135594__0053__r0.wav,thunderstorm,,FSD50K,dev,135594,135594.wav,thunderstorm
train,thunderstorm__fsd50k__dev__13585__0054__r0.wav,thunderstorm,,FSD50K,dev,13585,13585.wav,thunderstorm
train,thunderstorm__fsd50k__dev__136383__0055__r0.wav,thunderstorm,,FSD50K,dev,136383,136383.wav,thunderstorm
train,thunderstorm__fsd50k__dev__151189__0056__r0.wav,thunderstorm,,FSD50K,dev,151189,151189.wav,thunderstorm
train,thunderstorm__fsd50k__dev__151190__0057__r0.wav,thunderstorm,,FSD50K,dev,151190,151190.wav,thunderstorm
train,thunderstorm__fsd50k__dev__151191__0058__r0.wav,thunderstorm,,FSD50K,dev,151191,151191.wav,thunderstorm
train,thunderstorm__fsd50k__dev__151192__0059__r0.wav,thunderstorm,,FSD50K,dev,151192,151192.wav,thunderstorm
train,thunderstorm__fsd50k__dev__151193__0060__r0.wav,thunderstorm,,FSD50K,dev,151193,151193.wav,thunderstorm
train,thunderstorm__fsd50k__dev__151194__0061__r0.wav,thunderstorm,,FSD50K,dev,151194,151194.wav,thunderstorm
train,thunderstorm__fsd50k__dev__151195__0062__r0.wav,thunderstorm,,FSD50K,dev,151195,151195.wav,thunderstorm
train,thunderstorm__fsd50k__dev__151196__0063__r0.wav,thunderstorm,,FSD50K,dev,151196,151196.wav,thunderstorm
train,thunderstorm__fsd50k__dev__151197__0064__r0.wav,thunderstorm,,FSD50K,dev,151197,151197.wav,thunderstorm
train,thunderstorm__fsd50k__dev__151198__0065__r0.wav,thunderstorm,,FSD50K,dev,151198,151198.wav,thunderstorm
train,thunderstorm__fsd50k__dev__151199__0066__r0.wav,thunderstorm,,FSD50K,dev,151199,151199.wav,thunderstorm
train,thunderstorm__fsd50k__dev__151201__0067__r0.wav,thunderstorm,,FSD50K,dev,151201,151201.wav,thunderstorm
train,thunderstorm__fsd50k__dev__151849__0068__r0.wav,thunderstorm,,FSD50K,dev,151849,151849.wav,thunderstorm
train,thunderstorm__fsd50k__dev__158980__0069__r0.wav,thunderstorm,,FSD50K,dev,158980,158980.wav,thunderstorm
train,thunderstorm__fsd50k__dev__158981__0070__r0.wav,thunderstorm,,FSD50K,dev,158981,158981.wav,thunderstorm
train,thunderstorm__fsd50k__dev__158982__0071__r0.wav,thunderstorm,,FSD50K,dev,158982,158982.wav,thunderstorm
train,thunderstorm__fsd50k__dev__158984__0072__r0.wav,thunderstorm,,FSD50K,dev,158984,158984.wav,thunderstorm
train,thunderstorm__fsd50k__dev__158986__0073__r0.wav,thunderstorm,,FSD50K,dev,158986,158986.wav,thunderstorm
train,thunderstorm__fsd50k__dev__158987__0074__r0.wav,thunderstorm,,FSD50K,dev,158987,158987.wav,thunderstorm
train,thunderstorm__fsd50k__dev__158989__0075__r0.wav,thunderstorm,,FSD50K,dev,158989,158989.wav,thunderstorm
train,thunderstorm__fsd50k__dev__159684__0076__r0.wav,thunderstorm,,FSD50K,dev,159684,159684.wav,thunderstorm
train,thunderstorm__fsd50k__dev__159685__0077__r0.wav,thunderstorm,,FSD50K,dev,159685,159685.wav,thunderstorm
train,thunderstorm__fsd50k__dev__159686__0078__r0.wav,thunderstorm,,FSD50K,dev,159686,159686.wav,thunderstorm
train,thunderstorm__fsd50k__dev__159692__0079__r0.wav,thunderstorm,,FSD50K,dev,159692,159692.wav,thunderstorm
train,thunderstorm__fsd50k__dev__159693__0080__r0.wav,thunderstorm,,FSD50K,dev,159693,159693.wav,thunderstorm
train,thunderstorm__fsd50k__dev__160154__0081__r0.wav,thunderstorm,,FSD50K,dev,160154,160154.wav,thunderstorm
train,thunderstorm__fsd50k__dev__160155__0082__r0.wav,thunderstorm,,FSD50K,dev,160155,160155.wav,thunderstorm
train,thunderstorm__fsd50k__dev__160156__0083__r0.wav,thunderstorm,,FSD50K,dev,160156,160156.wav,thunderstorm
train,thunderstorm__fsd50k__dev__160157__0084__r0.wav,thunderstorm,,FSD50K,dev,160157,160157.wav,thunderstorm
train,thunderstorm__fsd50k__dev__160770__0085__r0.wav,thunderstorm,,FSD50K,dev,160770,160770.wav,thunderstorm
train,thunderstorm__fsd50k__dev__160910__0086__r0.wav,thunderstorm,,FSD50K,dev,160910,160910.wav,thunderstorm
train,thunderstorm__fsd50k__dev__160911__0087__r0.wav,thunderstorm,,FSD50K,dev,160911,160911.wav,thunderstorm
train,thunderstorm__fsd50k__dev__161503__0088__r0.wav,thunderstorm,,FSD50K,dev,161503,161503.wav,thunderstorm
train,thunderstorm__fsd50k__dev__165812__0089__r0.wav,thunderstorm,,FSD50K,dev,165812,165812.wav,thunderstorm
train,thunderstorm__fsd50k__dev__169155__0090__r0.wav,thunderstorm,,FSD50K,dev,169155,169155.wav,thunderstorm
train,thunderstorm__fsd50k__dev__17057__0091__r0.wav,thunderstorm,,FSD50K,dev,17057,17057.wav,thunderstorm
train,thunderstorm__fsd50k__dev__17059__0092__r0.wav,thunderstorm,,FSD50K,dev,17059,17059.wav,thunderstorm
train,thunderstorm__fsd50k__dev__17153__0093__r0.wav,thunderstorm,,FSD50K,dev,17153,17153.wav,thunderstorm
train,thunderstorm__fsd50k__dev__17154__0094__r0.wav,thunderstorm,,FSD50K,dev,17154,17154.wav,thunderstorm
train,thunderstorm__fsd50k__dev__18045__0095__r0.wav,thunderstorm,,FSD50K,dev,18045,18045.wav,thunderstorm
train,thunderstorm__fsd50k__dev__18046__0096__r0.wav,thunderstorm,,FSD50K,dev,18046,18046.wav,thunderstorm
train,thunderstorm__fsd50k__dev__18047__0097__r0.wav,thunderstorm,,FSD50K,dev,18047,18047.wav,thunderstorm
train,thunderstorm__fsd50k__dev__187772__0098__r0.wav,thunderstorm,,FSD50K,dev,187772,187772.wav,thunderstorm
train,thunderstorm__fsd50k__dev__189728__0099__r0.wav,thunderstorm,,FSD50K,dev,189728,189728.wav,thunderstorm
train,thunderstorm__fsd50k__dev__189729__0100__r0.wav,thunderstorm,,FSD50K,dev,189729,189729.wav,thunderstorm
train,thunderstorm__fsd50k__dev__192195__0101__r0.wav,thunderstorm,,FSD50K,dev,192195,192195.wav,thunderstorm
train,thunderstorm__fsd50k__dev__193333__0102__r0.wav,thunderstorm,,FSD50K,dev,193333,193333.wav,thunderstorm
train,thunderstorm__fsd50k__dev__193334__0103__r0.wav,thunderstorm,,FSD50K,dev,193334,193334.wav,thunderstorm
train,thunderstorm__fsd50k__dev__194842__0104__r0.wav,thunderstorm,,FSD50K,dev,194842,194842.wav,thunderstorm
train,thunderstorm__fsd50k__dev__194872__0105__r0.wav,thunderstorm,,FSD50K,dev,194872,194872.wav,thunderstorm
train,thunderstorm__fsd50k__dev__194904__0106__r0.wav,thunderstorm,,FSD50K,dev,194904,194904.wav,thunderstorm
train,thunderstorm__fsd50k__dev__195433__0107__r0.wav,thunderstorm,,FSD50K,dev,195433,195433.wav,thunderstorm
train,thunderstorm__fsd50k__dev__195436__0108__r0.wav,thunderstorm,,FSD50K,dev,195436,195436.wav,thunderstorm
train,thunderstorm__fsd50k__dev__195439__0109__r0.wav,thunderstorm,,FSD50K,dev,195439,195439.wav,thunderstorm
train,thunderstorm__fsd50k__dev__195985__0110__r0.wav,thunderstorm,,FSD50K,dev,195985,195985.wav,thunderstorm
train,thunderstorm__fsd50k__dev__196033__0111__r0.wav,thunderstorm,,FSD50K,dev,196033,196033.wav,thunderstorm
train,thunderstorm__fsd50k__dev__196034__0112__r0.wav,thunderstorm,,FSD50K,dev,196034,196034.wav,thunderstorm
train,thunderstorm__fsd50k__dev__199754__0113__r0.wav,thunderstorm,,FSD50K,dev,199754,199754.wav,thunderstorm
train,thunderstorm__fsd50k__dev__199755__0114__r0.wav,thunderstorm,,FSD50K,dev,199755,199755.wav,thunderstorm
train,thunderstorm__fsd50k__dev__199757__0115__r0.wav,thunderstorm,,FSD50K,dev,199757,199757.wav,thunderstorm
train,thunderstorm__fsd50k__dev__199771__0116__r0.wav,thunderstorm,,FSD50K,dev,199771,199771.wav,thunderstorm
train,thunderstorm__fsd50k__dev__199943__0117__r0.wav,thunderstorm,,FSD50K,dev,199943,199943.wav,thunderstorm
train,thunderstorm__fsd50k__dev__199944__0118__r0.wav,thunderstorm,,FSD50K,dev,199944,199944.wav,thunderstorm
train,thunderstorm__fsd50k__dev__199945__0119__r0.wav,thunderstorm,,FSD50K,dev,199945,199945.wav,thunderstorm
train,thunderstorm__fsd50k__dev__199946__0120__r0.wav,thunderstorm,,FSD50K,dev,199946,199946.wav,thunderstorm
train,thunderstorm__fsd50k__dev__199947__0121__r0.wav,thunderstorm,,FSD50K,dev,199947,199947.wav,thunderstorm
train,thunderstorm__fsd50k__dev__199948__0122__r0.wav,thunderstorm,,FSD50K,dev,199948,199948.wav,thunderstorm
train,thunderstorm__fsd50k__dev__199950__0123__r0.wav,thunderstorm,,FSD50K,dev,199950,199950.wav,thunderstorm
train,thunderstorm__fsd50k__dev__199953__0124__r0.wav,thunderstorm,,FSD50K,dev,199953,199953.wav,thunderstorm
train,thunderstorm__fsd50k__dev__199955__0125__r0.wav,thunderstorm,,FSD50K,dev,199955,199955.wav,thunderstorm
train,thunderstorm__fsd50k__dev__199956__0126__r0.wav,thunderstorm,,FSD50K,dev,199956,199956.wav,thunderstorm
train,thunderstorm__fsd50k__dev__199957__0127__r0.wav,thunderstorm,,FSD50K,dev,199957,199957.wav,thunderstorm
train,thunderstorm__fsd50k__dev__199958__0128__r0.wav,thunderstorm,,FSD50K,dev,199958,199958.wav,thunderstorm
train,thunderstorm__fsd50k__dev__199959__0129__r0.wav,thunderstorm,,FSD50K,dev,199959,199959.wav,thunderstorm
train,thunderstorm__fsd50k__dev__199960__0130__r0.wav,thunderstorm,,FSD50K,dev,199960,199960.wav,thunderstorm
train,thunderstorm__fsd50k__dev__20048__0131__r0.wav,thunderstorm,,FSD50K,dev,20048,20048.wav,thunderstorm
train,thunderstorm__fsd50k__dev__203718__0132__r0.wav,thunderstorm,,FSD50K,dev,203718,203718.wav,thunderstorm
train,thunderstorm__fsd50k__dev__213015__0133__r0.wav,thunderstorm,,FSD50K,dev,213015,213015.wav,thunderstorm
train,thunderstorm__fsd50k__dev__213028__0134__r0.wav,thunderstorm,,FSD50K,dev,213028,213028.wav,thunderstorm
train,thunderstorm__fsd50k__dev__213029__0135__r0.wav,thunderstorm,,FSD50K,dev,213029,213029.wav,thunderstorm
train,thunderstorm__fsd50k__dev__214052__0136__r0.wav,thunderstorm,,FSD50K,dev,214052,214052.wav,thunderstorm
train,thunderstorm__fsd50k__dev__216255__0137__r0.wav,thunderstorm,,FSD50K,dev,216255,216255.wav,thunderstorm
train,thunderstorm__fsd50k__dev__216257__0138__r0.wav,thunderstorm,,FSD50K,dev,216257,216257.wav,thunderstorm
train,thunderstorm__fsd50k__dev__216268__0139__r0.wav,thunderstorm,,FSD50K,dev,216268,216268.wav,thunderstorm
train,thunderstorm__fsd50k__dev__216269__0140__r0.wav,thunderstorm,,FSD50K,dev,216269,216269.wav,thunderstorm
train,thunderstorm__fsd50k__dev__22926__0141__r0.wav,thunderstorm,,FSD50K,dev,22926,22926.wav,thunderstorm
train,thunderstorm__fsd50k__dev__22927__0142__r0.wav,thunderstorm,,FSD50K,dev,22927,22927.wav,thunderstorm
train,thunderstorm__fsd50k__dev__22928__0143__r0.wav,thunderstorm,,FSD50K,dev,22928,22928.wav,thunderstorm
train,thunderstorm__fsd50k__dev__22929__0144__r0.wav,thunderstorm,,FSD50K,dev,22929,22929.wav,thunderstorm
train,thunderstorm__fsd50k__dev__22930__0145__r0.wav,thunderstorm,,FSD50K,dev,22930,22930.wav,thunderstorm
train,thunderstorm__fsd50k__dev__22931__0146__r0.wav,thunderstorm,,FSD50K,dev,22931,22931.wav,thunderstorm
train,thunderstorm__fsd50k__dev__22932__0147__r0.wav,thunderstorm,,FSD50K,dev,22932,22932.wav,thunderstorm
train,thunderstorm__fsd50k__dev__22933__0148__r0.wav,thunderstorm,,FSD50K,dev,22933,22933.wav,thunderstorm
train,thunderstorm__fsd50k__dev__22934__0149__r0.wav,thunderstorm,,FSD50K,dev,22934,22934.wav,thunderstorm
train,thunderstorm__fsd50k__dev__22935__0150__r0.wav,thunderstorm,,FSD50K,dev,22935,22935.wav,thunderstorm
train,thunderstorm__fsd50k__dev__22937__0151__r0.wav,thunderstorm,,FSD50K,dev,22937,22937.wav,thunderstorm
train,thunderstorm__fsd50k__dev__22938__0152__r0.wav,thunderstorm,,FSD50K,dev,22938,22938.wav,thunderstorm
train,thunderstorm__fsd50k__dev__236996__0153__r0.wav,thunderstorm,,FSD50K,dev,236996,236996.wav,thunderstorm
train,thunderstorm__fsd50k__dev__237409__0154__r0.wav,thunderstorm,,FSD50K,dev,237409,237409.wav,thunderstorm
train,thunderstorm__fsd50k__dev__237410__0155__r0.wav,thunderstorm,,FSD50K,dev,237410,237410.wav,thunderstorm
train,thunderstorm__fsd50k__dev__237411__0156__r0.wav,thunderstorm,,FSD50K,dev,237411,237411.wav,thunderstorm
train,thunderstorm__fsd50k__dev__237412__0157__r0.wav,thunderstorm,,FSD50K,dev,237412,237412.wav,thunderstorm
train,thunderstorm__fsd50k__dev__237542__0158__r0.wav,thunderstorm,,FSD50K,dev,237542,237542.wav,thunderstorm
train,thunderstorm__fsd50k__dev__237725__0159__r0.wav,thunderstorm,,FSD50K,dev,237725,237725.wav,thunderstorm
train,thunderstorm__fsd50k__dev__237730__0160__r0.wav,thunderstorm,,FSD50K,dev,237730,237730.wav,thunderstorm
train,thunderstorm__fsd50k__dev__237731__0161__r0.wav,thunderstorm,,FSD50K,dev,237731,237731.wav,thunderstorm
train,thunderstorm__fsd50k__dev__237732__0162__r0.wav,thunderstorm,,FSD50K,dev,237732,237732.wav,thunderstorm
train,thunderstorm__fsd50k__dev__238626__0163__r0.wav,thunderstorm,,FSD50K,dev,238626,238626.wav,thunderstorm
train,thunderstorm__fsd50k__dev__238689__0164__r0.wav,thunderstorm,,FSD50K,dev,238689,238689.wav,thunderstorm
train,thunderstorm__fsd50k__dev__238690__0165__r0.wav,thunderstorm,,FSD50K,dev,238690,238690.wav,thunderstorm
train,thunderstorm__fsd50k__dev__238791__0166__r0.wav,thunderstorm,,FSD50K,dev,238791,238791.wav,thunderstorm
train,thunderstorm__fsd50k__dev__238793__0167__r0.wav,thunderstorm,,FSD50K,dev,238793,238793.wav,thunderstorm
train,thunderstorm__fsd50k__dev__238794__0168__r0.wav,thunderstorm,,FSD50K,dev,238794,238794.wav,thunderstorm
train,thunderstorm__fsd50k__dev__238806__0169__r0.wav,thunderstorm,,FSD50K,dev,238806,238806.wav,thunderstorm
train,thunderstorm__fsd50k__dev__240368__0170__r0.wav,thunderstorm,,FSD50K,dev,240368,240368.wav,thunderstorm
train,thunderstorm__fsd50k__dev__240790__0171__r0.wav,thunderstorm,,FSD50K,dev,240790,240790.wav,thunderstorm
train,thunderstorm__fsd50k__dev__240791__0172__r0.wav,thunderstorm,,FSD50K,dev,240791,240791.wav,thunderstorm
train,thunderstorm__fsd50k__dev__240792__0173__r0.wav,thunderstorm,,FSD50K,dev,240792,240792.wav,thunderstorm
train,thunderstorm__fsd50k__dev__240793__0174__r0.wav,thunderstorm,,FSD50K,dev,240793,240793.wav,thunderstorm
train,thunderstorm__fsd50k__dev__242013__0175__r0.wav,thunderstorm,,FSD50K,dev,242013,242013.wav,thunderstorm
train,thunderstorm__fsd50k__dev__242014__0176__r0.wav,thunderstorm,,FSD50K,dev,242014,242014.wav,thunderstorm
train,thunderstorm__fsd50k__dev__242015__0177__r0.wav,thunderstorm,,FSD50K,dev,242015,242015.wav,thunderstorm
train,thunderstorm__fsd50k__dev__242016__0178__r0.wav,thunderstorm,,FSD50K,dev,242016,242016.wav,thunderstorm
train,thunderstorm__fsd50k__dev__242017__0179__r0.wav,thunderstorm,,FSD50K,dev,242017,242017.wav,thunderstorm
train,thunderstorm__fsd50k__dev__242018__0180__r0.wav,thunderstorm,,FSD50K,dev,242018,242018.wav,thunderstorm
train,thunderstorm__fsd50k__dev__242603__0181__r0.wav,thunderstorm,,FSD50K,dev,242603,242603.wav,thunderstorm
train,thunderstorm__fsd50k__dev__243778__0182__r0.wav,thunderstorm,,FSD50K,dev,243778,243778.wav,thunderstorm
train,thunderstorm__fsd50k__dev__243779__0183__r0.wav,thunderstorm,,FSD50K,dev,243779,243779.wav,thunderstorm
train,thunderstorm__fsd50k__dev__243780__0184__r0.wav,thunderstorm,,FSD50K,dev,243780,243780.wav,thunderstorm
train,thunderstorm__fsd50k__dev__244053__0185__r0.wav,thunderstorm,,FSD50K,dev,244053,244053.wav,thunderstorm
train,thunderstorm__fsd50k__dev__244054__0186__r0.wav,thunderstorm,,FSD50K,dev,244054,244054.wav,thunderstorm
train,thunderstorm__fsd50k__dev__244581__0187__r0.wav,thunderstorm,,FSD50K,dev,244581,244581.wav,thunderstorm
train,thunderstorm__fsd50k__dev__249508__0188__r0.wav,thunderstorm,,FSD50K,dev,249508,249508.wav,thunderstorm
train,thunderstorm__fsd50k__dev__249950__0189__r0.wav,thunderstorm,,FSD50K,dev,249950,249950.wav,thunderstorm
train,thunderstorm__fsd50k__dev__250107__0190__r0.wav,thunderstorm,,FSD50K,dev,250107,250107.wav,thunderstorm
train,thunderstorm__fsd50k__dev__251629__0191__r0.wav,thunderstorm,,FSD50K,dev,251629,251629.wav,thunderstorm
train,background_other__esc50__fold_1__1-53467-A-47__0000.wav,background_other,esc50_diverse,ESC-50,fold_1,53467-A,1-53467-A-47.wav,airplane
train,background_other__esc50__fold_3__3-108160-A-23__0001.wav,background_other,esc50_diverse,ESC-50,fold_3,108160-A,3-108160-A-23.wav,breathing
train,background_other__esc50__fold_2__2-82071-A-27__0002.wav,background_other,esc50_diverse,ESC-50,fold_2,82071-A,2-82071-A-27.wav,brushing_teeth
train,background_other__esc50__fold_3__3-166546-B-34__0003.wav,background_other,esc50_diverse,ESC-50,fold_3,166546-B,3-166546-B-34.wav,can_opening
train,background_other__esc50__fold_3__3-155234-A-43__0004.wav,background_other,esc50_diverse,ESC-50,fold_3,155234-A,3-155234-A-43.wav,car_horn
train,background_other__esc50__fold_2__2-69131-A-5__0005.wav,background_other,esc50_diverse,ESC-50,fold_2,69131-A,2-69131-A-5.wav,cat
train,background_other__esc50__fold_2__2-50667-A-41__0006.wav,background_other,esc50_diverse,ESC-50,fold_2,50667-A,2-50667-A-41.wav,chainsaw
train,background_other__esc50__fold_3__3-155583-A-14__0007.wav,background_other,esc50_diverse,ESC-50,fold_3,155583-A,3-155583-A-14.wav,chirping_birds
train,background_other__esc50__fold_1__1-40154-A-46__0008.wav,background_other,esc50_diverse,ESC-50,fold_1,40154-A,1-40154-A-46.wav,church_bells
train,background_other__esc50__fold_1__1-110537-A-22__0009.wav,background_other,esc50_diverse,ESC-50,fold_1,110537-A,1-110537-A-22.wav,clapping
train,background_other__esc50__fold_3__3-139958-A-37__0010.wav,background_other,esc50_diverse,ESC-50,fold_3,139958-A,3-139958-A-37.wav,clock_alarm
train,background_other__esc50__fold_2__2-131943-A-38__0011.wav,background_other,esc50_diverse,ESC-50,fold_2,131943-A,2-131943-A-38.wav,clock_tick
train,background_other__esc50__fold_2__2-98676-A-24__0012.wav,background_other,esc50_diverse,ESC-50,fold_2,98676-A,2-98676-A-24.wav,coughing
train,background_other__esc50__fold_1__1-77241-A-3__0013.wav,background_other,esc50_diverse,ESC-50,fold_1,77241-A,1-77241-A-3.wav,cow
train,background_other__esc50__fold_2__2-61311-A-12__0014.wav,background_other,esc50_diverse,ESC-50,fold_2,61311-A,2-61311-A-12.wav,crackling_fire
train,background_other__esc50__fold_3__3-146033-A-13__0015.wav,background_other,esc50_diverse,ESC-50,fold_3,146033-A,3-146033-A-13.wav,crickets
train,background_other__esc50__fold_1__1-75162-A-9__0016.wav,background_other,esc50_diverse,ESC-50,fold_1,75162-A,1-75162-A-9.wav,crow
train,background_other__esc50__fold_1__1-211527-A-20__0017.wav,background_other,esc50_diverse,ESC-50,fold_1,211527-A,1-211527-A-20.wav,crying_baby
train,background_other__esc50__fold_2__2-91912-A-33__0018.wav,background_other,esc50_diverse,ESC-50,fold_2,91912-A,2-91912-A-33.wav,door_wood_creaks
train,background_other__esc50__fold_3__3-154378-A-30__0019.wav,background_other,esc50_diverse,ESC-50,fold_3,154378-A,3-154378-A-30.wav,door_wood_knock
train,background_other__esc50__fold_2__2-102581-B-29__0020.wav,background_other,esc50_diverse,ESC-50,fold_2,102581-B,2-102581-B-29.wav,drinking_sipping
train,background_other__esc50__fold_1__1-62565-A-44__0021.wav,background_other,esc50_diverse,ESC-50,fold_1,62565-A,1-62565-A-44.wav,engine
train,background_other__esc50__fold_1__1-25777-A-48__0022.wav,background_other,esc50_diverse,ESC-50,fold_1,25777-A,1-25777-A-48.wav,fireworks
train,background_other__esc50__fold_2__2-209473-A-25__0023.wav,background_other,esc50_diverse,ESC-50,fold_2,209473-A,2-209473-A-25.wav,footsteps
train,background_other__esc50__fold_3__3-71964-C-4__0024.wav,background_other,esc50_diverse,ESC-50,fold_3,71964-C,3-71964-C-4.wav,frog
train,background_other__esc50__fold_2__2-51630-B-49__0025.wav,background_other,esc50_diverse,ESC-50,fold_2,51630-B,2-51630-B-49.wav,hand_saw
train,background_other__esc50__fold_2__2-37806-B-40__0026.wav,background_other,esc50_diverse,ESC-50,fold_2,37806-B,2-37806-B-40.wav,helicopter
train,background_other__esc50__fold_3__3-171281-A-6__0027.wav,background_other,esc50_diverse,ESC-50,fold_3,171281-A,3-171281-A-6.wav,hen
train,background_other__esc50__fold_1__1-75189-A-7__0028.wav,background_other,esc50_diverse,ESC-50,fold_1,75189-A,1-75189-A-7.wav,insects
train,background_other__esc50__fold_2__2-118459-A-32__0029.wav,background_other,esc50_diverse,ESC-50,fold_2,118459-A,2-118459-A-32.wav,keyboard_typing
train,background_other__esc50__fold_3__3-152997-A-26__0030.wav,background_other,esc50_diverse,ESC-50,fold_3,152997-A,3-152997-A-26.wav,laughing
train,background_other__esc50__fold_2__2-146877-A-31__0031.wav,background_other,esc50_diverse,ESC-50,fold_2,146877-A,2-146877-A-31.wav,mouse_click
train,background_other__esc50__fold_1__1-260640-A-2__0032.wav,background_other,esc50_diverse,ESC-50,fold_1,260640-A,1-260640-A-2.wav,pig
train,background_other__esc50__fold_3__3-142349-A-17__0033.wav,background_other,esc50_diverse,ESC-50,fold_3,142349-A,3-142349-A-17.wav,pouring_water
train,background_other__esc50__fold_1__1-17367-A-10__0034.wav,background_other,esc50_diverse,ESC-50,fold_1,17367-A,1-17367-A-10.wav,rain
train,background_other__esc50__fold_2__2-95258-A-1__0035.wav,background_other,esc50_diverse,ESC-50,fold_2,95258-A,2-95258-A-1.wav,rooster
train,background_other__esc50__fold_2__2-137162-A-11__0036.wav,background_other,esc50_diverse,ESC-50,fold_2,137162-A,2-137162-A-11.wav,sea_waves
train,background_other__esc50__fold_3__3-20861-A-8__0037.wav,background_other,esc50_diverse,ESC-50,fold_3,20861-A,3-20861-A-8.wav,sheep
train,background_other__esc50__fold_3__3-144692-A-21__0038.wav,background_other,esc50_diverse,ESC-50,fold_3,144692-A,3-144692-A-21.wav,sneezing
train,background_other__esc50__fold_1__1-47923-A-28__0039.wav,background_other,esc50_diverse,ESC-50,fold_1,47923-A,1-47923-A-28.wav,snoring
train,background_other__esc50__fold_2__2-85945-A-18__0040.wav,background_other,esc50_diverse,ESC-50,fold_2,85945-A,2-85945-A-18.wav,toilet_flush
train,background_other__esc50__fold_2__2-122066-B-45__0041.wav,background_other,esc50_diverse,ESC-50,fold_2,122066-B,2-122066-B-45.wav,train
train,background_other__esc50__fold_3__3-152020-A-36__0042.wav,background_other,esc50_diverse,ESC-50,fold_3,152020-A,3-152020-A-36.wav,vacuum_cleaner
train,background_other__esc50__fold_3__3-156391-A-35__0043.wav,background_other,esc50_diverse,ESC-50,fold_3,156391-A,3-156391-A-35.wav,washing_machine
train,background_other__esc50__fold_1__1-23094-B-15__0044.wav,background_other,esc50_diverse,ESC-50,fold_1,23094-B,1-23094-B-15.wav,water_drops
train,background_other__esc50__fold_3__3-117504-A-16__0045.wav,background_other,esc50_diverse,ESC-50,fold_3,117504-A,3-117504-A-16.wav,wind
train,background_other__esc50__fold_2__2-74361-A-47__0046.wav,background_other,esc50_diverse,ESC-50,fold_2,74361-A,2-74361-A-47.wav,airplane
train,background_other__esc50__fold_2__2-54961-A-23__0047.wav,background_other,esc50_diverse,ESC-50,fold_2,54961-A,2-54961-A-23.wav,breathing
train,background_other__esc50__fold_2__2-86160-A-27__0048.wav,background_other,esc50_diverse,ESC-50,fold_2,86160-A,2-86160-A-27.wav,brushing_teeth
train,background_other__esc50__fold_2__2-85471-A-34__0049.wav,background_other,esc50_diverse,ESC-50,fold_2,85471-A,2-85471-A-34.wav,can_opening
train,background_other__esc50__fold_1__1-19026-A-43__0050.wav,background_other,esc50_diverse,ESC-50,fold_1,19026-A,1-19026-A-43.wav,car_horn
train,background_other__esc50__fold_1__1-56380-B-5__0051.wav,background_other,esc50_diverse,ESC-50,fold_1,56380-B,1-56380-B-5.wav,cat
train,background_other__esc50__fold_3__3-118972-A-41__0052.wav,background_other,esc50_diverse,ESC-50,fold_3,118972-A,3-118972-A-41.wav,chainsaw
train,background_other__esc50__fold_1__1-38559-A-14__0053.wav,background_other,esc50_diverse,ESC-50,fold_1,38559-A,1-38559-A-14.wav,chirping_birds
train,background_other__esc50__fold_3__3-111102-B-46__0054.wav,background_other,esc50_diverse,ESC-50,fold_3,111102-B,3-111102-B-46.wav,church_bells
train,background_other__esc50__fold_2__2-25292-A-22__0055.wav,background_other,esc50_diverse,ESC-50,fold_2,25292-A,2-25292-A-22.wav,clapping
train,background_other__esc50__fold_3__3-120526-B-37__0056.wav,background_other,esc50_diverse,ESC-50,fold_3,120526-B,3-120526-B-37.wav,clock_alarm
train,background_other__esc50__fold_3__3-170383-A-38__0057.wav,background_other,esc50_diverse,ESC-50,fold_3,170383-A,3-170383-A-38.wav,clock_tick
train,background_other__esc50__fold_2__2-108017-A-24__0058.wav,background_other,esc50_diverse,ESC-50,fold_2,108017-A,2-108017-A-24.wav,coughing
train,background_other__esc50__fold_1__1-58277-A-3__0059.wav,background_other,esc50_diverse,ESC-50,fold_1,58277-A,1-58277-A-3.wav,cow
train,background_other__esc50__fold_2__2-65747-A-12__0060.wav,background_other,esc50_diverse,ESC-50,fold_2,65747-A,2-65747-A-12.wav,crackling_fire
train,background_other__esc50__fold_2__2-110613-A-13__0061.wav,background_other,esc50_diverse,ESC-50,fold_2,110613-A,2-110613-A-13.wav,crickets
train,background_other__esc50__fold_2__2-108767-B-9__0062.wav,background_other,esc50_diverse,ESC-50,fold_2,108767-B,2-108767-B-9.wav,crow
train,background_other__esc50__fold_2__2-80482-A-20__0063.wav,background_other,esc50_diverse,ESC-50,fold_2,80482-A,2-80482-A-20.wav,crying_baby
train,background_other__fsd50k__train__speech__100966__0000.wav,background_other,fsd50k_speech,FSD50K,train,100966,100966.wav,"Speech,Human_voice"
train,background_other__fsd50k__train__speech__108875__0001.wav,background_other,fsd50k_speech,FSD50K,train,108875,108875.wav,"Female_speech_and_woman_speaking,Speech,Human_voice"
train,background_other__fsd50k__train__speech__125130__0002.wav,background_other,fsd50k_speech,FSD50K,train,125130,125130.wav,"Screaming,Human_voice"
train,background_other__fsd50k__train__speech__349317__0003.wav,background_other,fsd50k_speech,FSD50K,train,349317,349317.wav,"Speech_synthesizer,Speech,Human_voice"
train,background_other__fsd50k__train__speech__93872__0004.wav,background_other,fsd50k_speech,FSD50K,train,93872,93872.wav,"Male_speech_and_man_speaking,Speech,Human_voice"
train,background_other__fsd50k__train__speech__256779__0005.wav,background_other,fsd50k_speech,FSD50K,train,256779,256779.wav,"Male_speech_and_man_speaking,Speech,Human_voice"
train,background_other__fsd50k__train__speech__187294__0006.wav,background_other,fsd50k_speech,FSD50K,train,187294,187294.wav,"Shout,Human_voice"
train,background_other__fsd50k__train__speech__76648__0007.wav,background_other,fsd50k_speech,FSD50K,train,76648,76648.wav,"Male_speech_and_man_speaking,Speech,Human_voice"
train,background_other__fsd50k__train__speech__351337__0008.wav,background_other,fsd50k_speech,FSD50K,train,351337,351337.wav,"Screaming,Human_voice"
train,background_other__fsd50k__train__speech__278895__0009.wav,background_other,fsd50k_speech,FSD50K,train,278895,278895.wav,"Yell,Shout,Human_voice"
train,background_other__fsd50k__train__speech__219653__0010.wav,background_other,fsd50k_speech,FSD50K,train,219653,219653.wav,"Screaming,Human_voice"
train,background_other__fsd50k__train__speech__58797__0011.wav,background_other,fsd50k_speech,FSD50K,train,58797,58797.wav,"Screaming,Human_voice"
train,background_other__fsd50k__train__speech__76621__0012.wav,background_other,fsd50k_speech,FSD50K,train,76621,76621.wav,"Male_speech_and_man_speaking,Speech,Human_voice"
train,background_other__fsd50k__train__speech__377264__0013.wav,background_other,fsd50k_speech,FSD50K,train,377264,377264.wav,"Male_speech_and_man_speaking,Speech,Human_voice"
train,background_other__fsd50k__train__speech__139046__0014.wav,background_other,fsd50k_speech,FSD50K,train,139046,139046.wav,"Speech,Human_voice"
train,background_other__fsd50k__train__speech__18286__0015.wav,background_other,fsd50k_speech,FSD50K,train,18286,18286.wav,"Speech,Human_voice"
train,background_other__fsd50k__train__speech__96543__0016.wav,background_other,fsd50k_speech,FSD50K,train,96543,96543.wav,"Female_speech_and_woman_speaking,Speech,Human_voice"
train,background_other__fsd50k__train__speech__236454__0017.wav,background_other,fsd50k_speech,FSD50K,train,236454,236454.wav,"Whispering,Human_voice"
train,background_other__fsd50k__train__speech__236556__0018.wav,background_other,fsd50k_speech,FSD50K,train,236556,236556.wav,"Male_speech_and_man_speaking,Speech,Human_voice"
train,background_other__fsd50k__train__speech__113238__0019.wav,background_other,fsd50k_speech,FSD50K,train,113238,113238.wav,"Speech,Human_voice"
train,background_other__fsd50k__train__speech__248047__0020.wav,background_other,fsd50k_speech,FSD50K,train,248047,248047.wav,"Speech,Human_voice"
train,background_other__fsd50k__train__speech__256337__0021.wav,background_other,fsd50k_speech,FSD50K,train,256337,256337.wav,"Speech_synthesizer,Speech,Human_voice"
train,background_other__fsd50k__train__speech__93375__0022.wav,background_other,fsd50k_speech,FSD50K,train,93375,93375.wav,"Female_speech_and_woman_speaking,Speech,Human_voice"
train,background_other__fsd50k__train__speech__34420__0023.wav,background_other,fsd50k_speech,FSD50K,train,34420,34420.wav,"Speech,Human_voice"
train,background_other__fsd50k__train__speech__236382__0024.wav,background_other,fsd50k_speech,FSD50K,train,236382,236382.wav,"Whispering,Human_voice"
train,background_other__fsd50k__train__speech__316411__0025.wav,background_other,fsd50k_speech,FSD50K,train,316411,316411.wav,"Screech,Screaming,Human_voice"
train,background_other__fsd50k__train__speech__180299__0026.wav,background_other,fsd50k_speech,FSD50K,train,180299,180299.wav,"Screaming,Human_voice"
train,background_other__fsd50k__train__speech__30597__0027.wav,background_other,fsd50k_speech,FSD50K,train,30597,30597.wav,"Child_speech_and_kid_speaking,Speech,Human_voice"
train,background_other__fsd50k__train__speech__149919__0028.wav,background_other,fsd50k_speech,FSD50K,train,149919,149919.wav,"Screaming,Human_voice"
train,background_other__fsd50k__train__speech__92953__0029.wav,background_other,fsd50k_speech,FSD50K,train,92953,92953.wav,"Child_speech_and_kid_speaking,Speech,Human_voice"
train,background_other__fsd50k__train__speech__223521__0030.wav,background_other,fsd50k_speech,FSD50K,train,223521,223521.wav,"Male_speech_and_man_speaking,Yell,Laughter,Speech,Human_voice,Shout"
train,background_other__fsd50k__train__speech__76613__0031.wav,background_other,fsd50k_speech,FSD50K,train,76613,76613.wav,"Conversation,Speech,Human_voice"
train,background_other__fsd50k__train__speech__416694__0032.wav,background_other,fsd50k_speech,FSD50K,train,416694,416694.wav,"Child_speech_and_kid_speaking,Speech,Human_voice"
train,background_other__fsd50k__train__speech__235048__0033.wav,background_other,fsd50k_speech,FSD50K,train,235048,235048.wav,"Female_speech_and_woman_speaking,Speech,Human_voice"
train,background_other__fsd50k__train__speech__80651__0034.wav,background_other,fsd50k_speech,FSD50K,train,80651,80651.wav,"Female_speech_and_woman_speaking,Speech,Human_voice"
train,background_other__fsd50k__train__speech__86402__0035.wav,background_other,fsd50k_speech,FSD50K,train,86402,86402.wav,"Female_speech_and_woman_speaking,Human_voice,Speech"
train,background_other__fsd50k__train__speech__92915__0036.wav,background_other,fsd50k_speech,FSD50K,train,92915,92915.wav,"Child_speech_and_kid_speaking,Speech,Human_voice"
train,background_other__fsd50k__train__speech__316443__0037.wav,background_other,fsd50k_speech,FSD50K,train,316443,316443.wav,"Male_speech_and_man_speaking,Speech,Human_voice"
train,background_other__fsd50k__train__speech__207860__0038.wav,background_other,fsd50k_speech,FSD50K,train,207860,207860.wav,"Yell,Crying_and_sobbing,Human_voice,Shout"
train,background_other__fsd50k__train__speech__196865__0039.wav,background_other,fsd50k_speech,FSD50K,train,196865,196865.wav,"Speech,Human_voice"
train,background_other__fsd50k__train__speech__61219__0040.wav,background_other,fsd50k_speech,FSD50K,train,61219,61219.wav,"Screaming,Human_voice"
train,background_other__fsd50k__train__speech__165236__0041.wav,background_other,fsd50k_speech,FSD50K,train,165236,165236.wav,"Conversation,Speech,Human_voice"
train,background_other__fsd50k__train__speech__219663__0042.wav,background_other,fsd50k_speech,FSD50K,train,219663,219663.wav,"Screaming,Human_voice"
train,background_other__fsd50k__train__speech__249722__0043.wav,background_other,fsd50k_speech,FSD50K,train,249722,249722.wav,"Male_speech_and_man_speaking,Speech,Human_voice"
train,background_other__fsd50k__train__speech__236660__0044.wav,background_other,fsd50k_speech,FSD50K,train,236660,236660.wav,"Female_speech_and_woman_speaking,Speech,Human_voice"
train,background_other__fsd50k__train__speech__86451__0045.wav,background_other,fsd50k_speech,FSD50K,train,86451,86451.wav,"Female_speech_and_woman_speaking,Speech,Human_voice"
train,background_other__fsd50k__train__speech__421872__0046.wav,background_other,fsd50k_speech,FSD50K,train,421872,421872.wav,"Shout,Human_voice"
train,background_other__fsd50k__train__speech__379969__0047.wav,background_other,fsd50k_speech,FSD50K,train,379969,379969.wav,"Yell,Shout,Human_voice"
train,background_other__fsd50k__train__speech__236547__0048.wav,background_other,fsd50k_speech,FSD50K,train,236547,236547.wav,"Whispering,Human_voice"
train,background_other__fsd50k__train__speech__120653__0049.wav,background_other,fsd50k_speech,FSD50K,train,120653,120653.wav,"Whispering,Human_voice"
train,background_other__fsd50k__train__speech__161370__0050.wav,background_other,fsd50k_speech,FSD50K,train,161370,161370.wav,"Yell,Shout,Human_voice"
train,background_other__fsd50k__train__speech__341509__0051.wav,background_other,fsd50k_speech,FSD50K,train,341509,341509.wav,"Human_group_actions,Shout,Human_voice"
train,background_other__fsd50k__train__speech__77447__0052.wav,background_other,fsd50k_speech,FSD50K,train,77447,77447.wav,"Speech,Human_voice"
train,background_other__fsd50k__train__speech__109871__0053.wav,background_other,fsd50k_speech,FSD50K,train,109871,109871.wav,"Female_speech_and_woman_speaking,Human_voice,Speech"
train,background_other__fsd50k__train__speech__27970__0054.wav,background_other,fsd50k_speech,FSD50K,train,27970,27970.wav,"Speech,Human_voice"
train,background_other__fsd50k__train__speech__82710__0055.wav,background_other,fsd50k_speech,FSD50K,train,82710,82710.wav,"Child_speech_and_kid_speaking,Speech,Human_voice"
train,background_other__fsd50k__train__speech__422909__0056.wav,background_other,fsd50k_speech,FSD50K,train,422909,422909.wav,"Speech,Human_voice"
train,background_other__fsd50k__train__speech__21137__0057.wav,background_other,fsd50k_speech,FSD50K,train,21137,21137.wav,"Conversation,Speech,Human_voice"
train,background_other__fsd50k__train__speech__86418__0058.wav,background_other,fsd50k_speech,FSD50K,train,86418,86418.wav,"Female_speech_and_woman_speaking,Speech,Human_voice"
train,background_other__fsd50k__train__speech__236455__0059.wav,background_other,fsd50k_speech,FSD50K,train,236455,236455.wav,"Male_speech_and_man_speaking,Speech,Human_voice"
train,background_other__fsd50k__train__speech__93364__0060.wav,background_other,fsd50k_speech,FSD50K,train,93364,93364.wav,"Female_speech_and_woman_speaking,Speech,Human_voice"
train,background_other__fsd50k__train__speech__95680__0061.wav,background_other,fsd50k_speech,FSD50K,train,95680,95680.wav,"Male_speech_and_man_speaking,Speech,Human_voice"
train,background_other__fsd50k__train__speech__33689__0062.wav,background_other,fsd50k_speech,FSD50K,train,33689,33689.wav,"Female_speech_and_woman_speaking,Yell,Speech,Human_voice,Shout"
train,background_other__fsd50k__train__speech__189358__0063.wav,background_other,fsd50k_speech,FSD50K,train,189358,189358.wav,"Male_speech_and_man_speaking,Speech,Human_voice"
train,background_other__fsd50k__train__speech__236653__0064.wav,background_other,fsd50k_speech,FSD50K,train,236653,236653.wav,"Male_speech_and_man_speaking,Speech,Human_voice"
train,background_other__fsd50k__train__speech__433704__0065.wav,background_other,fsd50k_speech,FSD50K,train,433704,433704.wav,"Male_speech_and_man_speaking,Speech,Human_voice"
train,background_other__fsd50k__train__speech__63708__0066.wav,background_other,fsd50k_speech,FSD50K,train,63708,63708.wav,"Screaming,Human_voice"
train,background_other__fsd50k__train__speech__351110__0067.wav,background_other,fsd50k_speech,FSD50K,train,351110,351110.wav,"Child_speech_and_kid_speaking,Speech,Human_voice"
train,background_other__fsd50k__train__speech__67628__0068.wav,background_other,fsd50k_speech,FSD50K,train,67628,67628.wav,"Male_speech_and_man_speaking,Speech,Human_voice"
train,background_other__fsd50k__train__speech__274978__0069.wav,background_other,fsd50k_speech,FSD50K,train,274978,274978.wav,"Male_speech_and_man_speaking,Speech,Human_voice"
train,background_other__fsd50k__train__speech__139049__0070.wav,background_other,fsd50k_speech,FSD50K,train,139049,139049.wav,"Speech,Human_voice"
train,background_other__fsd50k__train__speech__31345__0071.wav,background_other,fsd50k_speech,FSD50K,train,31345,31345.wav,"Speech,Human_voice"
train,background_other__fsd50k__train__speech__63340__0072.wav,background_other,fsd50k_speech,FSD50K,train,63340,63340.wav,"Child_speech_and_kid_speaking,Speech,Human_voice"
train,background_other__fsd50k__train__speech__130709__0073.wav,background_other,fsd50k_speech,FSD50K,train,130709,130709.wav,"Speech_synthesizer,Speech,Human_voice"
train,background_other__fsd50k__train__speech__353294__0074.wav,background_other,fsd50k_speech,FSD50K,train,353294,353294.wav,"Screaming,Human_voice"
train,background_other__fsd50k__train__speech__122901__0075.wav,background_other,fsd50k_speech,FSD50K,train,122901,122901.wav,"Speech,Human_voice"
train,background_other__fsd50k__train__speech__195846__0076.wav,background_other,fsd50k_speech,FSD50K,train,195846,195846.wav,"Speech,Human_voice"
train,background_other__fsd50k__train__speech__242683__0077.wav,background_other,fsd50k_speech,FSD50K,train,242683,242683.wav,"Female_speech_and_woman_speaking,Speech,Human_voice"
train,background_other__fsd50k__train__speech__235114__0078.wav,background_other,fsd50k_speech,FSD50K,train,235114,235114.wav,"Female_speech_and_woman_speaking,Speech,Human_voice"
train,background_other__fsd50k__train__speech__78490__0079.wav,background_other,fsd50k_speech,FSD50K,train,78490,78490.wav,"Applause,Screaming,Crowd,Human_group_actions,Human_voice"
train,background_other__fsd50k__train__speech__426908__0080.wav,background_other,fsd50k_speech,FSD50K,train,426908,426908.wav,"Male_speech_and_man_speaking,Speech,Human_voice"
train,background_other__fsd50k__train__speech__130717__0081.wav,background_other,fsd50k_speech,FSD50K,train,130717,130717.wav,"Speech_synthesizer,Speech,Human_voice"
train,background_other__fsd50k__train__speech__137917__0082.wav,background_other,fsd50k_speech,FSD50K,train,137917,137917.wav,"Speech,Human_voice"
train,background_other__fsd50k__train__speech__63337__0083.wav,background_other,fsd50k_speech,FSD50K,train,63337,63337.wav,"Child_speech_and_kid_speaking,Speech,Human_voice"
train,background_other__fsd50k__train__speech__120662__0084.wav,background_other,fsd50k_speech,FSD50K,train,120662,120662.wav,"Whispering,Human_voice"
train,background_other__fsd50k__train__speech__426906__0085.wav,background_other,fsd50k_speech,FSD50K,train,426906,426906.wav,"Male_speech_and_man_speaking,Speech,Human_voice"
train,background_other__fsd50k__train__speech__31783__0086.wav,background_other,fsd50k_speech,FSD50K,train,31783,31783.wav,"Child_speech_and_kid_speaking,Speech,Human_voice"
train,background_other__fsd50k__train__speech__236428__0087.wav,background_other,fsd50k_speech,FSD50K,train,236428,236428.wav,"Female_speech_and_woman_speaking,Speech,Human_voice"
train,background_other__fsd50k__train__speech__34318__0088.wav,background_other,fsd50k_speech,FSD50K,train,34318,34318.wav,"Speech,Human_voice"
train,background_other__fsd50k__train__speech__274872__0089.wav,background_other,fsd50k_speech,FSD50K,train,274872,274872.wav,"Male_speech_and_man_speaking,Speech,Human_voice"
train,background_other__fsd50k__train__speech__67340__0090.wav,background_other,fsd50k_speech,FSD50K,train,67340,67340.wav,"Female_speech_and_woman_speaking,Yell,Speech,Human_voice,Shout"
train,background_other__fsd50k__train__speech__122903__0091.wav,background_other,fsd50k_speech,FSD50K,train,122903,122903.wav,"Speech,Human_voice"
train,background_other__fsd50k__train__speech__93868__0092.wav,background_other,fsd50k_speech,FSD50K,train,93868,93868.wav,"Male_speech_and_man_speaking,Speech,Human_voice"
train,background_other__fsd50k__train__speech__236364__0093.wav,background_other,fsd50k_speech,FSD50K,train,236364,236364.wav,"Male_speech_and_man_speaking,Speech,Human_voice"
train,background_other__fsd50k__train__speech__256880__0094.wav,background_other,fsd50k_speech,FSD50K,train,256880,256880.wav,"Male_speech_and_man_speaking,Speech,Human_voice"
train,background_other__fsd50k__train__speech__25042__0095.wav,background_other,fsd50k_speech,FSD50K,train,25042,25042.wav,"Chatter,Human_group_actions"
train,background_other__fsd50k__train__speech__416655__0096.wav,background_other,fsd50k_speech,FSD50K,train,416655,416655.wav,"Speech,Human_voice"
train,background_other__fsd50k__train__speech__341347__0097.wav,background_other,fsd50k_speech,FSD50K,train,341347,341347.wav,"Speech,Human_voice"
train,background_other__fsd50k__train__speech__410467__0098.wav,background_other,fsd50k_speech,FSD50K,train,410467,410467.wav,"Squeak,Writing,Chatter,Cheering,Domestic_sounds_and_home_sounds,Human_group_actions"
train,background_other__fsd50k__train__speech__416701__0099.wav,background_other,fsd50k_speech,FSD50K,train,416701,416701.wav,"Child_speech_and_kid_speaking,Speech,Human_voice"
train,background_other__fsd50k__train__speech__24373__0100.wav,background_other,fsd50k_speech,FSD50K,train,24373,24373.wav,"Chatter,Human_group_actions"
train,background_other__fsd50k__train__speech__194481__0101.wav,background_other,fsd50k_speech,FSD50K,train,194481,194481.wav,"Child_speech_and_kid_speaking,Speech,Human_voice"
train,background_other__fsd50k__train__speech__236398__0102.wav,background_other,fsd50k_speech,FSD50K,train,236398,236398.wav,"Male_speech_and_man_speaking,Speech,Human_voice"
train,background_other__fsd50k__train__speech__101313__0103.wav,background_other,fsd50k_speech,FSD50K,train,101313,101313.wav,"Cheering,Human_voice,Shout,Human_group_actions"
train,background_other__fsd50k__train__speech__166619__0104.wav,background_other,fsd50k_speech,FSD50K,train,166619,166619.wav,"Screaming,Human_voice"
train,background_other__fsd50k__train__speech__93700__0105.wav,background_other,fsd50k_speech,FSD50K,train,93700,93700.wav,"Female_speech_and_woman_speaking,Speech,Human_voice"
train,background_other__fsd50k__train__speech__274892__0106.wav,background_other,fsd50k_speech,FSD50K,train,274892,274892.wav,"Male_speech_and_man_speaking,Aircraft,Speech,Human_voice,Vehicle"
train,background_other__fsd50k__train__speech__416636__0107.wav,background_other,fsd50k_speech,FSD50K,train,416636,416636.wav,"Speech,Human_voice"
train,background_other__fsd50k__train__speech__80190__0108.wav,background_other,fsd50k_speech,FSD50K,train,80190,80190.wav,"Female_speech_and_woman_speaking,Speech,Human_voice"
train,background_other__fsd50k__train__speech__342258__0109.wav,background_other,fsd50k_speech,FSD50K,train,342258,342258.wav,"Speech,Human_voice"
train,background_other__fsd50k__train__speech__18287__0110.wav,background_other,fsd50k_speech,FSD50K,train,18287,18287.wav,"Child_speech_and_kid_speaking,Speech,Human_voice"
train,background_other__fsd50k__train__speech__100935__0111.wav,background_other,fsd50k_speech,FSD50K,train,100935,100935.wav,"Speech,Human_voice"
train,background_other__fsd50k__train__speech__67665__0112.wav,background_other,fsd50k_speech,FSD50K,train,67665,67665.wav,"Male_speech_and_man_speaking,Speech,Human_voice"
train,background_other__fsd50k__train__speech__10186__0113.wav,background_other,fsd50k_speech,FSD50K,train,10186,10186.wav,"Speech,Human_voice"
train,background_other__fsd50k__train__speech__92935__0114.wav,background_other,fsd50k_speech,FSD50K,train,92935,92935.wav,"Child_speech_and_kid_speaking,Speech,Human_voice"
train,background_other__fsd50k__train__speech__241581__0115.wav,background_other,fsd50k_speech,FSD50K,train,241581,241581.wav,"Female_speech_and_woman_speaking,Speech,Human_voice"
train,background_other__fsd50k__train__speech__367187__0116.wav,background_other,fsd50k_speech,FSD50K,train,367187,367187.wav,"Male_speech_and_man_speaking,Speech,Human_voice"
train,background_other__fsd50k__train__speech__364897__0117.wav,background_other,fsd50k_speech,FSD50K,train,364897,364897.wav,"Yell,Shout,Human_voice"
train,background_other__fsd50k__train__speech__236680__0118.wav,background_other,fsd50k_speech,FSD50K,train,236680,236680.wav,"Whispering,Human_voice"
train,background_other__fsd50k__train__speech__235145__0119.wav,background_other,fsd50k_speech,FSD50K,train,235145,235145.wav,"Speech,Human_voice"
train,background_other__fsd50k__train__speech__386538__0120.wav,background_other,fsd50k_speech,FSD50K,train,386538,386538.wav,"Whispering,Human_voice"
train,background_other__fsd50k__train__speech__130707__0121.wav,background_other,fsd50k_speech,FSD50K,train,130707,130707.wav,"Speech_synthesizer,Speech,Human_voice"
train,background_other__fsd50k__train__speech__256355__0122.wav,background_other,fsd50k_speech,FSD50K,train,256355,256355.wav,"Speech_synthesizer,Speech,Human_voice"
train,background_other__fsd50k__train__speech__108314__0123.wav,background_other,fsd50k_speech,FSD50K,train,108314,108314.wav,"Whispering,Human_voice"
train,background_other__fsd50k__train__speech__104030__0124.wav,background_other,fsd50k_speech,FSD50K,train,104030,104030.wav,"Screaming,Human_voice"
train,background_other__fsd50k__train__speech__29654__0125.wav,background_other,fsd50k_speech,FSD50K,train,29654,29654.wav,"Whispering,Human_voice"
train,background_other__fsd50k__train__speech__175233__0126.wav,background_other,fsd50k_speech,FSD50K,train,175233,175233.wav,"Speech,Human_voice"
train,background_other__fsd50k__train__speech__236682__0127.wav,background_other,fsd50k_speech,FSD50K,train,236682,236682.wav,"Male_speech_and_man_speaking,Speech,Human_voice"
train,background_other__fsd50k__train__speech__351339__0128.wav,background_other,fsd50k_speech,FSD50K,train,351339,351339.wav,"Screaming,Human_voice"
train,background_other__fsd50k__train__speech__427774__0129.wav,background_other,fsd50k_speech,FSD50K,train,427774,427774.wav,"Screaming,Human_voice"
train,background_other__fsd50k__train__speech__233032__0130.wav,background_other,fsd50k_speech,FSD50K,train,233032,233032.wav,"Speech,Human_voice"
train,background_other__fsd50k__train__speech__93870__0131.wav,background_other,fsd50k_speech,FSD50K,train,93870,93870.wav,"Male_speech_and_man_speaking,Speech,Human_voice"
train,background_other__fsd50k__train__speech__108310__0132.wav,background_other,fsd50k_speech,FSD50K,train,108310,108310.wav,"Female_speech_and_woman_speaking,Speech,Human_voice"
train,background_other__fsd50k__train__speech__92927__0133.wav,background_other,fsd50k_speech,FSD50K,train,92927,92927.wav,"Child_speech_and_kid_speaking,Speech,Human_voice"
train,background_other__fsd50k__train__speech__93391__0134.wav,background_other,fsd50k_speech,FSD50K,train,93391,93391.wav,"Female_speech_and_woman_speaking,Speech,Human_voice"
train,background_other__fsd50k__train__speech__80630__0135.wav,background_other,fsd50k_speech,FSD50K,train,80630,80630.wav,"Female_speech_and_woman_speaking,Speech,Human_voice"
train,background_other__fsd50k__train__speech__112270__0136.wav,background_other,fsd50k_speech,FSD50K,train,112270,112270.wav,"Yell,Shout,Human_voice"
train,background_other__fsd50k__train__speech__242576__0137.wav,background_other,fsd50k_speech,FSD50K,train,242576,242576.wav,"Conversation,Speech,Human_voice"
train,background_other__fsd50k__train__speech__104863__0138.wav,background_other,fsd50k_speech,FSD50K,train,104863,104863.wav,"Female_speech_and_woman_speaking,Speech,Human_voice"
train,background_other__fsd50k__train__speech__74889__0139.wav,background_other,fsd50k_speech,FSD50K,train,74889,74889.wav,"Whispering,Human_voice"
train,background_other__fsd50k__train__speech__27969__0140.wav,background_other,fsd50k_speech,FSD50K,train,27969,27969.wav,"Speech,Human_voice"
train,background_other__fsd50k__train__speech__67663__0141.wav,background_other,fsd50k_speech,FSD50K,train,67663,67663.wav,"Male_speech_and_man_speaking,Speech,Human_voice"
train,background_other__fsd50k__train__speech__343891__0142.wav,background_other,fsd50k_speech,FSD50K,train,343891,343891.wav,"Yell,Shout,Human_voice"
train,background_other__fsd50k__train__speech__221150__0143.wav,background_other,fsd50k_speech,FSD50K,train,221150,221150.wav,"Screaming,Human_voice"
train,background_other__fsd50k__train__speech__343915__0144.wav,background_other,fsd50k_speech,FSD50K,train,343915,343915.wav,"Screaming,Human_voice"
train,background_other__fsd50k__train__speech__219941__0145.wav,background_other,fsd50k_speech,FSD50K,train,219941,219941.wav,"Speech,Human_voice"
train,background_other__fsd50k__train__speech__416672__0146.wav,background_other,fsd50k_speech,FSD50K,train,416672,416672.wav,"Speech,Human_voice"
train,background_other__fsd50k__train__speech__122910__0147.wav,background_other,fsd50k_speech,FSD50K,train,122910,122910.wav,"Speech,Human_voice"
train,background_other__fsd50k__train__speech__234996__0148.wav,background_other,fsd50k_speech,FSD50K,train,234996,234996.wav,"Female_speech_and_woman_speaking,Speech,Human_voice"
train,background_other__fsd50k__train__speech__18274__0149.wav,background_other,fsd50k_speech,FSD50K,train,18274,18274.wav,"Child_speech_and_kid_speaking,Speech,Human_voice"
train,background_other__fsd50k__train__speech__106468__0150.wav,background_other,fsd50k_speech,FSD50K,train,106468,106468.wav,"Female_speech_and_woman_speaking,Speech,Human_voice"
train,background_other__fsd50k__train__speech__256368__0151.wav,background_other,fsd50k_speech,FSD50K,train,256368,256368.wav,"Speech_synthesizer,Speech,Human_voice"
train,background_other__fsd50k__train__speech__249807__0152.wav,background_other,fsd50k_speech,FSD50K,train,249807,249807.wav,"Shout,Human_voice"
train,background_other__fsd50k__train__speech__273153__0153.wav,background_other,fsd50k_speech,FSD50K,train,273153,273153.wav,"Screaming,Human_voice"
train,background_other__fsd50k__train__speech__95679__0154.wav,background_other,fsd50k_speech,FSD50K,train,95679,95679.wav,"Male_speech_and_man_speaking,Speech,Human_voice"
train,background_other__fsd50k__train__speech__108894__0155.wav,background_other,fsd50k_speech,FSD50K,train,108894,108894.wav,"Female_speech_and_woman_speaking,Speech,Human_voice"
train,background_other__fsd50k__train__speech__122912__0156.wav,background_other,fsd50k_speech,FSD50K,train,122912,122912.wav,"Speech,Human_voice"
train,background_other__fsd50k__train__speech__189376__0157.wav,background_other,fsd50k_speech,FSD50K,train,189376,189376.wav,"Male_speech_and_man_speaking,Speech,Human_voice"
train,background_other__fsd50k__train__speech__196844__0158.wav,background_other,fsd50k_speech,FSD50K,train,196844,196844.wav,"Speech,Human_voice"
train,background_other__fsd50k__train__speech__388383__0159.wav,background_other,fsd50k_speech,FSD50K,train,388383,388383.wav,"Speech,Human_voice"
train,background_other__fsd50k__train__speech__18288__0160.wav,background_other,fsd50k_speech,FSD50K,train,18288,18288.wav,"Speech,Human_voice"
train,background_other__fsd50k__train__speech__220818__0161.wav,background_other,fsd50k_speech,FSD50K,train,220818,220818.wav,"Screaming,Yell,Human_voice,Shout"
train,background_other__fsd50k__train__speech__219657__0162.wav,background_other,fsd50k_speech,FSD50K,train,219657,219657.wav,"Screaming,Human_voice"
train,background_other__fsd50k__train__speech__233029__0163.wav,background_other,fsd50k_speech,FSD50K,train,233029,233029.wav,"Speech,Human_voice"
train,background_other__fsd50k__train__speech__30277__0164.wav,background_other,fsd50k_speech,FSD50K,train,30277,30277.wav,"Screaming,Human_voice"
train,background_other__fsd50k__train__speech__124805__0165.wav,background_other,fsd50k_speech,FSD50K,train,124805,124805.wav,"Screaming,Human_voice"
train,background_other__fsd50k__train__speech__256352__0166.wav,background_other,fsd50k_speech,FSD50K,train,256352,256352.wav,"Speech_synthesizer,Speech,Human_voice"
train,background_other__fsd50k__train__speech__80671__0167.wav,background_other,fsd50k_speech,FSD50K,train,80671,80671.wav,"Female_speech_and_woman_speaking,Speech,Human_voice"
train,background_other__fsd50k__train__speech__49724__0168.wav,background_other,fsd50k_speech,FSD50K,train,49724,49724.wav,"Speech,Human_voice"
train,background_other__fsd50k__train__speech__254389__0169.wav,background_other,fsd50k_speech,FSD50K,train,254389,254389.wav,"Male_speech_and_man_speaking,Speech,Human_voice"
train,background_other__fsd50k__train__speech__189379__0170.wav,background_other,fsd50k_speech,FSD50K,train,189379,189379.wav,"Male_speech_and_man_speaking,Speech,Human_voice"
train,background_other__fsd50k__train__speech__236464__0171.wav,background_other,fsd50k_speech,FSD50K,train,236464,236464.wav,"Whispering,Human_voice"
train,background_other__fsd50k__train__speech__60521__0172.wav,background_other,fsd50k_speech,FSD50K,train,60521,60521.wav,"Shout,Human_voice"
train,background_other__fsd50k__train__speech__245604__0173.wav,background_other,fsd50k_speech,FSD50K,train,245604,245604.wav,"Yell,Shout,Human_voice"
train,background_other__fsd50k__train__speech__236418__0174.wav,background_other,fsd50k_speech,FSD50K,train,236418,236418.wav,"Whispering,Human_voice"
train,background_other__fsd50k__train__speech__67647__0175.wav,background_other,fsd50k_speech,FSD50K,train,67647,67647.wav,"Male_speech_and_man_speaking,Speech,Human_voice"
train,background_other__fsd50k__train__speech__120671__0176.wav,background_other,fsd50k_speech,FSD50K,train,120671,120671.wav,"Whispering,Human_voice"
train,background_other__fsd50k__train__speech__67655__0177.wav,background_other,fsd50k_speech,FSD50K,train,67655,67655.wav,"Male_speech_and_man_speaking,Speech,Human_voice"
train,background_other__fsd50k__train__speech__316170__0178.wav,background_other,fsd50k_speech,FSD50K,train,316170,316170.wav,"Speech,Human_voice"
train,background_other__fsd50k__train__speech__236609__0179.wav,background_other,fsd50k_speech,FSD50K,train,236609,236609.wav,"Whispering,Human_voice"
train,background_other__fsd50k__train__speech__430179__0180.wav,background_other,fsd50k_speech,FSD50K,train,430179,430179.wav,"Speech,Human_voice"
train,background_other__fsd50k__train__speech__44198__0181.wav,background_other,fsd50k_speech,FSD50K,train,44198,44198.wav,"Speech,Human_voice"
train,background_other__fsd50k__train__speech__254337__0182.wav,background_other,fsd50k_speech,FSD50K,train,254337,254337.wav,"Yell,Shout,Human_voice"
train,background_other__fsd50k__train__speech__400748__0183.wav,background_other,fsd50k_speech,FSD50K,train,400748,400748.wav,"Speech,Human_voice"
train,background_other__fsd50k__train__speech__254416__0184.wav,background_other,fsd50k_speech,FSD50K,train,254416,254416.wav,"Speech,Human_voice"
train,background_other__fsd50k__train__speech__77423__0185.wav,background_other,fsd50k_speech,FSD50K,train,77423,77423.wav,"Child_speech_and_kid_speaking,Speech,Human_voice"
train,background_other__fsd50k__train__speech__236580__0186.wav,background_other,fsd50k_speech,FSD50K,train,236580,236580.wav,"Male_speech_and_man_speaking,Speech,Human_voice"
train,background_other__fsd50k__train__speech__400734__0187.wav,background_other,fsd50k_speech,FSD50K,train,400734,400734.wav,"Male_speech_and_man_speaking,Speech,Human_voice"
train,background_other__fsd50k__train__speech__122905__0188.wav,background_other,fsd50k_speech,FSD50K,train,122905,122905.wav,"Speech,Human_voice"
train,background_other__fsd50k__train__speech__353295__0189.wav,background_other,fsd50k_speech,FSD50K,train,353295,353295.wav,"Screaming,Human_voice"
train,background_other__fsd50k__train__speech__168305__0190.wav,background_other,fsd50k_speech,FSD50K,train,168305,168305.wav,"Whispering,Human_voice"
train,background_other__fsd50k__train__speech__196884__0191.wav,background_other,fsd50k_speech,FSD50K,train,196884,196884.wav,"Speech,Human_voice"
train,background_other__fsd50k__train__music__146663__0000.wav,background_other,fsd50k_music,FSD50K,train,146663,146663.wav,"Snare_drum,Drum,Percussion,Musical_instrument,Music"
train,background_other__fsd50k__train__music__374161__0001.wav,background_other,fsd50k_music,FSD50K,train,374161,374161.wav,"Trumpet,Brass_instrument,Musical_instrument,Music"
train,background_other__fsd50k__train__music__382839__0002.wav,background_other,fsd50k_music,FSD50K,train,382839,382839.wav,"Tambourine,Percussion,Musical_instrument,Music"
train,background_other__fsd50k__train__music__246940__0003.wav,background_other,fsd50k_music,FSD50K,train,246940,246940.wav,"Wind_instrument_and_woodwind_instrument,Musical_instrument,Music"
train,background_other__fsd50k__train__music__372722__0004.wav,background_other,fsd50k_music,FSD50K,train,372722,372722.wav,"Bowed_string_instrument,Musical_instrument,Music"
train,background_other__fsd50k__train__music__372699__0005.wav,background_other,fsd50k_music,FSD50K,train,372699,372699.wav,"Wind_instrument_and_woodwind_instrument,Musical_instrument,Music"
train,background_other__fsd50k__train__music__7957__0006.wav,background_other,fsd50k_music,FSD50K,train,7957,7957.wav,"Drum_kit,Percussion,Musical_instrument,Music"
train,background_other__fsd50k__train__music__275285__0007.wav,background_other,fsd50k_music,FSD50K,train,275285,275285.wav,"Musical_instrument,Music"
train,background_other__fsd50k__train__music__210696__0008.wav,background_other,fsd50k_music,FSD50K,train,210696,210696.wav,"Tambourine,Percussion,Musical_instrument,Music"
train,background_other__fsd50k__train__music__247595__0009.wav,background_other,fsd50k_music,FSD50K,train,247595,247595.wav,"Bowed_string_instrument,Musical_instrument,Music"
train,background_other__fsd50k__train__music__57408__0010.wav,background_other,fsd50k_music,FSD50K,train,57408,57408.wav,"Gong,Percussion,Musical_instrument,Music"
train,background_other__fsd50k__train__music__210693__0011.wav,background_other,fsd50k_music,FSD50K,train,210693,210693.wav,"Tambourine,Percussion,Musical_instrument,Music"
train,background_other__fsd50k__train__music__354250__0012.wav,background_other,fsd50k_music,FSD50K,train,354250,354250.wav,"Bowed_string_instrument,Musical_instrument,Music"
train,background_other__fsd50k__train__music__23650__0013.wav,background_other,fsd50k_music,FSD50K,train,23650,23650.wav,"Tabla,Drum,Percussion,Musical_instrument,Music"
train,background_other__fsd50k__train__music__357522__0014.wav,background_other,fsd50k_music,FSD50K,train,357522,357522.wav,"Trumpet,Brass_instrument,Musical_instrument,Music"
train,background_other__fsd50k__train__music__358141__0015.wav,background_other,fsd50k_music,FSD50K,train,358141,358141.wav,"Bowed_string_instrument,Musical_instrument,Music"
train,background_other__fsd50k__train__music__12746__0016.wav,background_other,fsd50k_music,FSD50K,train,12746,12746.wav,"Piano,Keyboard_(musical),Musical_instrument,Music"
train,background_other__fsd50k__train__music__246823__0017.wav,background_other,fsd50k_music,FSD50K,train,246823,246823.wav,"Bowed_string_instrument,Musical_instrument,Music"
train,background_other__fsd50k__train__music__15122__0018.wav,background_other,fsd50k_music,FSD50K,train,15122,15122.wav,"Keyboard_(musical),Musical_instrument,Music"
train,background_other__fsd50k__train__music__175470__0019.wav,background_other,fsd50k_music,FSD50K,train,175470,175470.wav,"Female_singing,Singing,Human_voice"
train,background_other__fsd50k__train__music__137502__0020.wav,background_other,fsd50k_music,FSD50K,train,137502,137502.wav,"Hi-hat,Cymbal,Percussion,Musical_instrument,Music"
train,background_other__fsd50k__train__music__46702__0021.wav,background_other,fsd50k_music,FSD50K,train,46702,46702.wav,"Wind_instrument_and_woodwind_instrument,Musical_instrument,Music"
train,background_other__fsd50k__train__music__354315__0022.wav,background_other,fsd50k_music,FSD50K,train,354315,354315.wav,"Bowed_string_instrument,Musical_instrument,Music"
train,background_other__fsd50k__train__music__44969__0023.wav,background_other,fsd50k_music,FSD50K,train,44969,44969.wav,"Hi-hat,Cymbal,Percussion,Musical_instrument,Music"
train,background_other__fsd50k__train__music__116359__0024.wav,background_other,fsd50k_music,FSD50K,train,116359,116359.wav,"Mallet_percussion,Percussion,Musical_instrument,Music"
train,background_other__fsd50k__train__music__415452__0025.wav,background_other,fsd50k_music,FSD50K,train,415452,415452.wav,"Harp,Musical_instrument,Music"
train,background_other__fsd50k__train__music__195277__0026.wav,background_other,fsd50k_music,FSD50K,train,195277,195277.wav,"Bowed_string_instrument,Musical_instrument,Music"
train,background_other__fsd50k__train__music__252511__0027.wav,background_other,fsd50k_music,FSD50K,train,252511,252511.wav,"Acoustic_guitar,Human_voice,Guitar,Plucked_string_instrument,Musical_instrument,Music"
train,background_other__fsd50k__train__music__48360__0028.wav,background_other,fsd50k_music,FSD50K,train,48360,48360.wav,"Guitar,Plucked_string_instrument,Musical_instrument,Music"
train,background_other__fsd50k__train__music__383570__0029.wav,background_other,fsd50k_music,FSD50K,train,383570,383570.wav,"Bowed_string_instrument,Musical_instrument,Music"
train,background_other__fsd50k__train__music__182558__0030.wav,background_other,fsd50k_music,FSD50K,train,182558,182558.wav,"Wind_instrument_and_woodwind_instrument,Musical_instrument,Music"
train,background_other__fsd50k__train__music__76627__0031.wav,background_other,fsd50k_music,FSD50K,train,76627,76627.wav,"Female_singing,Singing,Human_voice"
train,background_other__fsd50k__train__human_non_speech__142601__0000.wav,background_other,fsd50k_human_non_speech,FSD50K,train,142601,142601.wav,"Sneeze,Respiratory_sounds"
train,background_other__fsd50k__train__human_non_speech__88149__0001.wav,background_other,fsd50k_human_non_speech,FSD50K,train,88149,88149.wav,Fart
train,background_other__fsd50k__train__human_non_speech__88235__0002.wav,background_other,fsd50k_human_non_speech,FSD50K,train,88235,88235.wav,Fart
train,background_other__fsd50k__train__human_non_speech__195794__0003.wav,background_other,fsd50k_human_non_speech,FSD50K,train,195794,195794.wav,"Breathing,Respiratory_sounds"
train,background_other__fsd50k__train__human_non_speech__124024__0004.wav,background_other,fsd50k_human_non_speech,FSD50K,train,124024,124024.wav,"Laughter,Human_voice"
train,background_other__fsd50k__train__human_non_speech__61032__0005.wav,background_other,fsd50k_human_non_speech,FSD50K,train,61032,61032.wav,"Laughter,Human_voice"
train,background_other__fsd50k__train__human_non_speech__377783__0006.wav,background_other,fsd50k_human_non_speech,FSD50K,train,377783,377783.wav,"Clapping,Hands"
train,background_other__fsd50k__train__human_non_speech__101153__0007.wav,background_other,fsd50k_human_non_speech,FSD50K,train,101153,101153.wav,Burping_and_eructation
train,background_other__fsd50k__train__human_non_speech__202606__0008.wav,background_other,fsd50k_human_non_speech,FSD50K,train,202606,202606.wav,"Breathing,Respiratory_sounds"
train,background_other__fsd50k__train__human_non_speech__277547__0009.wav,background_other,fsd50k_human_non_speech,FSD50K,train,277547,277547.wav,"Chuckle_and_chortle,Laughter,Human_voice"
train,background_other__fsd50k__train__human_non_speech__119913__0010.wav,background_other,fsd50k_human_non_speech,FSD50K,train,119913,119913.wav,Walk_and_footsteps
train,background_other__fsd50k__train__human_non_speech__411070__0011.wav,background_other,fsd50k_human_non_speech,FSD50K,train,411070,411070.wav,Walk_and_footsteps
train,background_other__fsd50k__train__human_non_speech__235168__0012.wav,background_other,fsd50k_human_non_speech,FSD50K,train,235168,235168.wav,"Giggle,Laughter,Human_voice"
train,background_other__fsd50k__train__human_non_speech__325262__0013.wav,background_other,fsd50k_human_non_speech,FSD50K,train,325262,325262.wav,"Finger_snapping,Hands"
train,background_other__fsd50k__train__human_non_speech__100322__0014.wav,background_other,fsd50k_human_non_speech,FSD50K,train,100322,100322.wav,Fart
train,background_other__fsd50k__train__human_non_speech__194259__0015.wav,background_other,fsd50k_human_non_speech,FSD50K,train,194259,194259.wav,"Breathing,Respiratory_sounds"
train,background_other__fsd50k__train__human_non_speech__100333__0016.wav,background_other,fsd50k_human_non_speech,FSD50K,train,100333,100333.wav,Fart
train,background_other__fsd50k__train__human_non_speech__435248__0017.wav,background_other,fsd50k_human_non_speech,FSD50K,train,435248,435248.wav,Fart
train,background_other__fsd50k__train__human_non_speech__119914__0018.wav,background_other,fsd50k_human_non_speech,FSD50K,train,119914,119914.wav,Walk_and_footsteps
train,background_other__fsd50k__train__human_non_speech__333623__0019.wav,background_other,fsd50k_human_non_speech,FSD50K,train,333623,333623.wav,"Breathing,Respiratory_sounds"
train,background_other__fsd50k__train__human_non_speech__42842__0020.wav,background_other,fsd50k_human_non_speech,FSD50K,train,42842,42842.wav,"Laughter,Human_voice"
train,background_other__fsd50k__train__human_non_speech__243944__0021.wav,background_other,fsd50k_human_non_speech,FSD50K,train,243944,243944.wav,"Applause,Crowd,Cheering,Human_voice,Human_group_actions"
train,background_other__fsd50k__train__human_non_speech__58824__0022.wav,background_other,fsd50k_human_non_speech,FSD50K,train,58824,58824.wav,"Applause,Cheering,Human_group_actions"
train,background_other__fsd50k__train__human_non_speech__232472__0023.wav,background_other,fsd50k_human_non_speech,FSD50K,train,232472,232472.wav,"Gasp,Breathing,Respiratory_sounds"
train,background_other__fsd50k__train__human_non_speech__88687__0024.wav,background_other,fsd50k_human_non_speech,FSD50K,train,88687,88687.wav,"Finger_snapping,Hands"
train,background_other__fsd50k__train__human_non_speech__19119__0025.wav,background_other,fsd50k_human_non_speech,FSD50K,train,19119,19119.wav,"Cough,Respiratory_sounds"
train,background_other__fsd50k__train__human_non_speech__325777__0026.wav,background_other,fsd50k_human_non_speech,FSD50K,train,325777,325777.wav,"Cough,Respiratory_sounds"
train,background_other__fsd50k__train__human_non_speech__75270__0027.wav,background_other,fsd50k_human_non_speech,FSD50K,train,75270,75270.wav,Walk_and_footsteps
train,background_other__fsd50k__train__human_non_speech__187671__0028.wav,background_other,fsd50k_human_non_speech,FSD50K,train,187671,187671.wav,"Clapping,Hands"
train,background_other__fsd50k__train__human_non_speech__30024__0029.wav,background_other,fsd50k_human_non_speech,FSD50K,train,30024,30024.wav,"Breathing,Respiratory_sounds"
train,background_other__fsd50k__train__human_non_speech__75165__0030.wav,background_other,fsd50k_human_non_speech,FSD50K,train,75165,75165.wav,Fart
train,background_other__fsd50k__train__human_non_speech__361719__0031.wav,background_other,fsd50k_human_non_speech,FSD50K,train,361719,361719.wav,"Clapping,Hands"
train,background_other__fsd50k__train__hard_negative__10457__0000.wav,background_other,fsd50k_hard_negative,FSD50K,train,10457,10457.wav,Bell
train,background_other__fsd50k__train__hard_negative__426363__0001.wav,background_other,fsd50k_hard_negative,FSD50K,train,426363,426363.wav,"Slam,Door,Domestic_sounds_and_home_sounds"
train,background_other__fsd50k__train__hard_negative__253658__0002.wav,background_other,fsd50k_hard_negative,FSD50K,train,253658,253658.wav,"Tick-tock,Clock,Mechanisms"
train,background_other__fsd50k__train__hard_negative__422059__0003.wav,background_other,fsd50k_hard_negative,FSD50K,train,422059,422059.wav,"Chime,Bell"
train,background_other__fsd50k__train__hard_negative__208700__0004.wav,background_other,fsd50k_hard_negative,FSD50K,train,208700,208700.wav,"Telephone,Alarm"
train,background_other__fsd50k__train__hard_negative__140148__0005.wav,background_other,fsd50k_hard_negative,FSD50K,train,140148,140148.wav,"Clock,Mechanisms"
train,background_other__fsd50k__train__hard_negative__185887__0006.wav,background_other,fsd50k_hard_negative,FSD50K,train,185887,185887.wav,"Telephone,Alarm"
train,background_other__fsd50k__train__hard_negative__347216__0007.wav,background_other,fsd50k_hard_negative,FSD50K,train,347216,347216.wav,"Doorbell,Door,Domestic_sounds_and_home_sounds,Alarm"
train,background_other__fsd50k__train__hard_negative__351408__0008.wav,background_other,fsd50k_hard_negative,FSD50K,train,351408,351408.wav,"Chime,Bell"
train,background_other__fsd50k__train__hard_negative__187306__0009.wav,background_other,fsd50k_hard_negative,FSD50K,train,187306,187306.wav,"Subway_and_metro_and_underground,Doorbell,Rail_transport,Vehicle,Door,Domestic_sounds_and_home_sounds,Alarm"
train,background_other__fsd50k__train__hard_negative__170383__0010.wav,background_other,fsd50k_hard_negative,FSD50K,train,170383,170383.wav,"Clock,Mechanisms"
train,background_other__fsd50k__train__hard_negative__34381__0011.wav,background_other,fsd50k_hard_negative,FSD50K,train,34381,34381.wav,"Telephone,Alarm"
train,background_other__fsd50k__train__hard_negative__144951__0012.wav,background_other,fsd50k_hard_negative,FSD50K,train,144951,144951.wav,"Knock,Wood,Door,Domestic_sounds_and_home_sounds"
train,background_other__fsd50k__train__hard_negative__273719__0013.wav,background_other,fsd50k_hard_negative,FSD50K,train,273719,273719.wav,"Doorbell,Door,Domestic_sounds_and_home_sounds,Alarm"
train,background_other__fsd50k__train__hard_negative__20189__0014.wav,background_other,fsd50k_hard_negative,FSD50K,train,20189,20189.wav,"Slam,Car,Motor_vehicle_(road),Vehicle,Door,Domestic_sounds_and_home_sounds"
train,background_other__fsd50k__train__hard_negative__26177__0015.wav,background_other,fsd50k_hard_negative,FSD50K,train,26177,26177.wav,"Traffic_noise_and_roadway_noise,Vehicle_horn_and_car_horn_and_honking,Car,Motor_vehicle_(road),Vehicle,Alarm"
train,background_other__fsd50k__train__hard_negative__74474__0016.wav,background_other,fsd50k_hard_negative,FSD50K,train,74474,74474.wav,Alarm
train,background_other__fsd50k__train__hard_negative__219051__0017.wav,background_other,fsd50k_hard_negative,FSD50K,train,219051,219051.wav,"Church_bell,Bell"
train,background_other__fsd50k__train__hard_negative__334947__0018.wav,background_other,fsd50k_hard_negative,FSD50K,train,334947,334947.wav,"Telephone,Alarm"
train,background_other__fsd50k__train__hard_negative__66299__0019.wav,background_other,fsd50k_hard_negative,FSD50K,train,66299,66299.wav,"Telephone,Alarm"
train,background_other__fsd50k__train__hard_negative__196370__0020.wav,background_other,fsd50k_hard_negative,FSD50K,train,196370,196370.wav,"Doorbell,Door,Domestic_sounds_and_home_sounds,Alarm"
train,background_other__fsd50k__train__hard_negative__91172__0021.wav,background_other,fsd50k_hard_negative,FSD50K,train,91172,91172.wav,"Cowbell,Bell"
train,background_other__fsd50k__train__hard_negative__401131__0022.wav,background_other,fsd50k_hard_negative,FSD50K,train,401131,401131.wav,"Tick-tock,Clock,Mechanisms"
train,background_other__fsd50k__train__hard_negative__91177__0023.wav,background_other,fsd50k_hard_negative,FSD50K,train,91177,91177.wav,"Cowbell,Bell"
train,background_other__fsd50k__train__hard_negative__190027__0024.wav,background_other,fsd50k_hard_negative,FSD50K,train,190027,190027.wav,"Knock,Wood,Door,Domestic_sounds_and_home_sounds"
train,background_other__fsd50k__train__hard_negative__407240__0025.wav,background_other,fsd50k_hard_negative,FSD50K,train,407240,407240.wav,Alarm
train,background_other__fsd50k__train__hard_negative__422075__0026.wav,background_other,fsd50k_hard_negative,FSD50K,train,422075,422075.wav,"Chime,Bell"
train,background_other__fsd50k__train__hard_negative__175039__0027.wav,background_other,fsd50k_hard_negative,FSD50K,train,175039,175039.wav,"Telephone,Alarm"
train,background_other__fsd50k__train__hard_negative__221515__0028.wav,background_other,fsd50k_hard_negative,FSD50K,train,221515,221515.wav,Bell
train,background_other__fsd50k__train__hard_negative__175852__0029.wav,background_other,fsd50k_hard_negative,FSD50K,train,175852,175852.wav,"Vehicle_horn_and_car_horn_and_honking,Car,Motor_vehicle_(road),Vehicle,Alarm"
train,background_other__fsd50k__train__hard_negative__90562__0030.wav,background_other,fsd50k_hard_negative,FSD50K,train,90562,90562.wav,"Cowbell,Bell"
train,background_other__fsd50k__train__hard_negative__49974__0031.wav,background_other,fsd50k_hard_negative,FSD50K,train,49974,49974.wav,"Vehicle_horn_and_car_horn_and_honking,Car,Motor_vehicle_(road),Vehicle,Alarm"
train,background_other__fsd50k__train__hard_negative__352667__0032.wav,background_other,fsd50k_hard_negative,FSD50K,train,352667,352667.wav,"Ringtone,Telephone,Alarm"
train,background_other__fsd50k__train__hard_negative__33752__0033.wav,background_other,fsd50k_hard_negative,FSD50K,train,33752,33752.wav,Alarm
train,background_other__fsd50k__train__hard_negative__397158__0034.wav,background_other,fsd50k_hard_negative,FSD50K,train,397158,397158.wav,"Telephone,Alarm"
train,background_other__fsd50k__train__hard_negative__223017__0035.wav,background_other,fsd50k_hard_negative,FSD50K,train,223017,223017.wav,"Knock,Door,Domestic_sounds_and_home_sounds"
train,background_other__fsd50k__train__hard_negative__389775__0036.wav,background_other,fsd50k_hard_negative,FSD50K,train,389775,389775.wav,Alarm
train,background_other__fsd50k__train__hard_negative__365902__0037.wav,background_other,fsd50k_hard_negative,FSD50K,train,365902,365902.wav,"Knock,Door,Domestic_sounds_and_home_sounds"
train,background_other__fsd50k__train__hard_negative__223176__0038.wav,background_other,fsd50k_hard_negative,FSD50K,train,223176,223176.wav,Alarm
train,background_other__fsd50k__train__hard_negative__182034__0039.wav,background_other,fsd50k_hard_negative,FSD50K,train,182034,182034.wav,"Knock,Door,Domestic_sounds_and_home_sounds"
train,background_other__fsd50k__train__hard_negative__91006__0040.wav,background_other,fsd50k_hard_negative,FSD50K,train,91006,91006.wav,"Cowbell,Bell"
train,background_other__fsd50k__train__hard_negative__351539__0041.wav,background_other,fsd50k_hard_negative,FSD50K,train,351539,351539.wav,"Ringtone,Telephone,Alarm"
train,background_other__fsd50k__train__hard_negative__36317__0042.wav,background_other,fsd50k_hard_negative,FSD50K,train,36317,36317.wav,"Telephone,Alarm"
train,background_other__fsd50k__train__hard_negative__19880__0043.wav,background_other,fsd50k_hard_negative,FSD50K,train,19880,19880.wav,"Telephone,Alarm"
train,background_other__fsd50k__train__hard_negative__33748__0044.wav,background_other,fsd50k_hard_negative,FSD50K,train,33748,33748.wav,Alarm
train,background_other__fsd50k__train__hard_negative__66036__0045.wav,background_other,fsd50k_hard_negative,FSD50K,train,66036,66036.wav,"Church_bell,Bell"
train,background_other__fsd50k__train__hard_negative__219046__0046.wav,background_other,fsd50k_hard_negative,FSD50K,train,219046,219046.wav,"Church_bell,Bell"
train,background_other__fsd50k__train__hard_negative__94735__0047.wav,background_other,fsd50k_hard_negative,FSD50K,train,94735,94735.wav,Alarm
train,background_other__fsd50k__train__general__12874__0000.wav,background_other,fsd50k_general,FSD50K,train,12874,12874.wav,"Dishes_and_pots_and_pans,Domestic_sounds_and_home_sounds"
train,background_other__fsd50k__train__general__221719__0001.wav,background_other,fsd50k_general,FSD50K,train,221719,221719.wav,"Writing,Domestic_sounds_and_home_sounds"
train,background_other__fsd50k__train__general__89506__0002.wav,background_other,fsd50k_general,FSD50K,train,89506,89506.wav,"Meow,Cat,Domestic_animals_and_pets,Animal"
train,background_other__fsd50k__train__general__343849__0003.wav,background_other,fsd50k_general,FSD50K,train,343849,343849.wav,"Cat,Domestic_animals_and_pets,Animal"
train,background_other__fsd50k__train__general__379249__0004.wav,background_other,fsd50k_general,FSD50K,train,379249,379249.wav,"Bird,Wild_animals,Animal"
train,background_other__fsd50k__train__general__70345__0005.wav,background_other,fsd50k_general,FSD50K,train,70345,70345.wav,"Cupboard_open_or_close,Domestic_sounds_and_home_sounds"
train,background_other__fsd50k__train__general__98853__0006.wav,background_other,fsd50k_general,FSD50K,train,98853,98853.wav,"Train,Rail_transport,Vehicle"
train,background_other__fsd50k__train__general__114448__0007.wav,background_other,fsd50k_general,FSD50K,train,114448,114448.wav,"Bird,Wild_animals,Animal"
train,background_other__fsd50k__train__general__250702__0008.wav,background_other,fsd50k_general,FSD50K,train,250702,250702.wav,"Zipper_(clothing),Domestic_sounds_and_home_sounds"
train,background_other__fsd50k__train__general__376797__0009.wav,background_other,fsd50k_general,FSD50K,train,376797,376797.wav,"Waves_and_surf,Ocean,Water"
train,background_other__fsd50k__train__general__17445__0010.wav,background_other,fsd50k_general,FSD50K,train,17445,17445.wav,"Mechanical_fan,Mechanisms"
train,background_other__fsd50k__train__general__104932__0011.wav,background_other,fsd50k_general,FSD50K,train,104932,104932.wav,"Bird,Wild_animals,Animal"
train,background_other__fsd50k__train__general__397368__0012.wav,background_other,fsd50k_general,FSD50K,train,397368,397368.wav,"Train,Rail_transport,Vehicle"
train,background_other__fsd50k__train__general__410135__0013.wav,background_other,fsd50k_general,FSD50K,train,410135,410135.wav,"Idling,Engine_starting,Car,Motor_vehicle_(road),Vehicle,Engine"
train,background_other__fsd50k__train__general__131531__0014.wav,background_other,fsd50k_general,FSD50K,train,131531,131531.wav,"Zipper_(clothing),Domestic_sounds_and_home_sounds"
train,background_other__fsd50k__train__general__386554__0015.wav,background_other,fsd50k_general,FSD50K,train,386554,386554.wav,"Accelerating_and_revving_and_vroom,Engine"
validation,dog_bark__esc50__fold_4__182395__0000__r0.wav,dog_bark,,ESC-50,fold_4,182395,4-182395-A-0.wav,dog_bark
validation,dog_bark__esc50__fold_4__183992__0001__r0.wav,dog_bark,,ESC-50,fold_4,183992,4-183992-A-0.wav,dog_bark
validation,dog_bark__esc50__fold_4__184575__0002__r0.wav,dog_bark,,ESC-50,fold_4,184575,4-184575-A-0.wav,dog_bark
validation,dog_bark__esc50__fold_4__191687__0003__r0.wav,dog_bark,,ESC-50,fold_4,191687,4-191687-A-0.wav,dog_bark
validation,dog_bark__esc50__fold_4__192236__0004__r0.wav,dog_bark,,ESC-50,fold_4,192236,4-192236-A-0.wav,dog_bark
validation,dog_bark__esc50__fold_4__194754__0005__r0.wav,dog_bark,,ESC-50,fold_4,194754,4-194754-A-0.wav,dog_bark
validation,dog_bark__esc50__fold_4__199261__0006__r0.wav,dog_bark,,ESC-50,fold_4,199261,4-199261-A-0.wav,dog_bark
validation,dog_bark__esc50__fold_4__207124__0007__r0.wav,dog_bark,,ESC-50,fold_4,207124,4-207124-A-0.wav,dog_bark
validation,dog_bark__fsd50k__dev__107190__0008__r0.wav,dog_bark,,FSD50K,dev,107190,107190.wav,dog_bark
validation,dog_bark__fsd50k__dev__108631__0009__r0.wav,dog_bark,,FSD50K,dev,108631,108631.wav,dog_bark
validation,dog_bark__fsd50k__dev__116400__0010__r0.wav,dog_bark,,FSD50K,dev,116400,116400.wav,dog_bark
validation,dog_bark__fsd50k__dev__11722__0011__r0.wav,dog_bark,,FSD50K,dev,11722,11722.wav,dog_bark
validation,dog_bark__fsd50k__dev__117271__0012__r0.wav,dog_bark,,FSD50K,dev,117271,117271.wav,dog_bark
validation,dog_bark__fsd50k__dev__119420__0013__r0.wav,dog_bark,,FSD50K,dev,119420,119420.wav,dog_bark
validation,dog_bark__fsd50k__dev__121888__0014__r0.wav,dog_bark,,FSD50K,dev,121888,121888.wav,dog_bark
validation,dog_bark__fsd50k__dev__128042__0015__r0.wav,dog_bark,,FSD50K,dev,128042,128042.wav,dog_bark
validation,dog_bark__fsd50k__dev__128891__0016__r0.wav,dog_bark,,FSD50K,dev,128891,128891.wav,dog_bark
validation,dog_bark__fsd50k__dev__131258__0017__r0.wav,dog_bark,,FSD50K,dev,131258,131258.wav,dog_bark
validation,dog_bark__fsd50k__dev__142641__0018__r0.wav,dog_bark,,FSD50K,dev,142641,142641.wav,dog_bark
validation,dog_bark__fsd50k__dev__144028__0019__r0.wav,dog_bark,,FSD50K,dev,144028,144028.wav,dog_bark
validation,dog_bark__fsd50k__dev__146343__0020__r0.wav,dog_bark,,FSD50K,dev,146343,146343.wav,dog_bark
validation,dog_bark__fsd50k__dev__147672__0021__r0.wav,dog_bark,,FSD50K,dev,147672,147672.wav,dog_bark
validation,dog_bark__fsd50k__dev__157950__0022__r0.wav,dog_bark,,FSD50K,dev,157950,157950.wav,dog_bark
validation,dog_bark__fsd50k__dev__162148__0023__r0.wav,dog_bark,,FSD50K,dev,162148,162148.wav,dog_bark
validation,dog_bark__fsd50k__dev__167487__0024__r0.wav,dog_bark,,FSD50K,dev,167487,167487.wav,dog_bark
validation,dog_bark__fsd50k__dev__170015__0025__r0.wav,dog_bark,,FSD50K,dev,170015,170015.wav,dog_bark
validation,dog_bark__fsd50k__dev__178118__0026__r0.wav,dog_bark,,FSD50K,dev,178118,178118.wav,dog_bark
validation,dog_bark__fsd50k__dev__180052__0027__r0.wav,dog_bark,,FSD50K,dev,180052,180052.wav,dog_bark
validation,dog_bark__fsd50k__dev__182395__0028__r0.wav,dog_bark,,FSD50K,dev,182395,182395.wav,dog_bark
validation,dog_bark__fsd50k__dev__184880__0029__r0.wav,dog_bark,,FSD50K,dev,184880,184880.wav,dog_bark
validation,dog_bark__fsd50k__dev__196127__0030__r0.wav,dog_bark,,FSD50K,dev,196127,196127.wav,dog_bark
validation,dog_bark__fsd50k__dev__211548__0031__r0.wav,dog_bark,,FSD50K,dev,211548,211548.wav,dog_bark
validation,dog_bark__fsd50k__dev__220901__0032__r0.wav,dog_bark,,FSD50K,dev,220901,220901.wav,dog_bark
validation,dog_bark__fsd50k__dev__220904__0033__r0.wav,dog_bark,,FSD50K,dev,220904,220904.wav,dog_bark
validation,dog_bark__fsd50k__dev__221207__0034__r0.wav,dog_bark,,FSD50K,dev,221207,221207.wav,dog_bark
validation,dog_bark__fsd50k__dev__232271__0035__r0.wav,dog_bark,,FSD50K,dev,232271,232271.wav,dog_bark
validation,dog_bark__fsd50k__dev__235913__0036__r0.wav,dog_bark,,FSD50K,dev,235913,235913.wav,dog_bark
validation,dog_bark__fsd50k__dev__236967__0037__r0.wav,dog_bark,,FSD50K,dev,236967,236967.wav,dog_bark
validation,dog_bark__fsd50k__dev__244469__0038__r0.wav,dog_bark,,FSD50K,dev,244469,244469.wav,dog_bark
validation,dog_bark__fsd50k__dev__261286__0039__r0.wav,dog_bark,,FSD50K,dev,261286,261286.wav,dog_bark
validation,dog_bark__fsd50k__dev__264332__0040__r0.wav,dog_bark,,FSD50K,dev,264332,264332.wav,dog_bark
validation,dog_bark__fsd50k__dev__266603__0041__r0.wav,dog_bark,,FSD50K,dev,266603,266603.wav,dog_bark
validation,dog_bark__fsd50k__dev__327138__0042__r0.wav,dog_bark,,FSD50K,dev,327138,327138.wav,dog_bark
validation,dog_bark__fsd50k__dev__348332__0043__r0.wav,dog_bark,,FSD50K,dev,348332,348332.wav,dog_bark
validation,dog_bark__fsd50k__dev__34872__0044__r0.wav,dog_bark,,FSD50K,dev,34872,34872.wav,dog_bark
validation,dog_bark__fsd50k__dev__35296__0045__r0.wav,dog_bark,,FSD50K,dev,35296,35296.wav,dog_bark
validation,dog_bark__fsd50k__dev__360411__0046__r0.wav,dog_bark,,FSD50K,dev,360411,360411.wav,dog_bark
validation,dog_bark__fsd50k__dev__364662__0047__r0.wav,dog_bark,,FSD50K,dev,364662,364662.wav,dog_bark
validation,dog_bark__fsd50k__dev__365089__0048__r0.wav,dog_bark,,FSD50K,dev,365089,365089.wav,dog_bark
validation,dog_bark__fsd50k__dev__36902__0049__r0.wav,dog_bark,,FSD50K,dev,36902,36902.wav,dog_bark
validation,dog_bark__fsd50k__dev__369648__0050__r0.wav,dog_bark,,FSD50K,dev,369648,369648.wav,dog_bark
validation,dog_bark__fsd50k__dev__370714__0051__r0.wav,dog_bark,,FSD50K,dev,370714,370714.wav,dog_bark
validation,dog_bark__fsd50k__dev__379531__0052__r0.wav,dog_bark,,FSD50K,dev,379531,379531.wav,dog_bark
validation,dog_bark__fsd50k__dev__381434__0053__r0.wav,dog_bark,,FSD50K,dev,381434,381434.wav,dog_bark
validation,dog_bark__fsd50k__dev__381692__0054__r0.wav,dog_bark,,FSD50K,dev,381692,381692.wav,dog_bark
validation,dog_bark__fsd50k__dev__381799__0055__r0.wav,dog_bark,,FSD50K,dev,381799,381799.wav,dog_bark
validation,dog_bark__fsd50k__dev__389254__0056__r0.wav,dog_bark,,FSD50K,dev,389254,389254.wav,dog_bark
validation,dog_bark__fsd50k__dev__398724__0057__r0.wav,dog_bark,,FSD50K,dev,398724,398724.wav,dog_bark
validation,dog_bark__fsd50k__dev__400576__0058__r0.wav,dog_bark,,FSD50K,dev,400576,400576.wav,dog_bark
validation,dog_bark__fsd50k__dev__404233__0059__r0.wav,dog_bark,,FSD50K,dev,404233,404233.wav,dog_bark
validation,glass_breaking__esc50__fold_4__204115__0000__r0.wav,glass_breaking,,ESC-50,fold_4,204115,4-204115-A-39.wav,glass_breaking
validation,glass_breaking__esc50__fold_4__204119__0001__r0.wav,glass_breaking,,ESC-50,fold_4,204119,4-204119-A-39.wav,glass_breaking
validation,glass_breaking__esc50__fold_4__204121__0002__r0.wav,glass_breaking,,ESC-50,fold_4,204121,4-204121-A-39.wav,glass_breaking
validation,glass_breaking__esc50__fold_4__204123__0003__r0.wav,glass_breaking,,ESC-50,fold_4,204123,4-204123-A-39.wav,glass_breaking
validation,glass_breaking__esc50__fold_4__204777__0004__r0.wav,glass_breaking,,ESC-50,fold_4,204777,4-204777-A-39.wav,glass_breaking
validation,glass_breaking__esc50__fold_4__204777__0005__r0.wav,glass_breaking,,ESC-50,fold_4,204777,4-204777-B-39.wav,glass_breaking
validation,glass_breaking__esc50__fold_4__204777__0006__r0.wav,glass_breaking,,ESC-50,fold_4,204777,4-204777-C-39.wav,glass_breaking
validation,glass_breaking__esc50__fold_4__212698__0007__r0.wav,glass_breaking,,ESC-50,fold_4,212698,4-212698-A-39.wav,glass_breaking
validation,glass_breaking__fsd50k__dev__100021__0008__r0.wav,glass_breaking,,FSD50K,dev,100021,100021.wav,glass_breaking
validation,glass_breaking__fsd50k__dev__109754__0009__r0.wav,glass_breaking,,FSD50K,dev,109754,109754.wav,glass_breaking
validation,glass_breaking__fsd50k__dev__115916__0010__r0.wav,glass_breaking,,FSD50K,dev,115916,115916.wav,glass_breaking
validation,glass_breaking__fsd50k__dev__115922__0011__r0.wav,glass_breaking,,FSD50K,dev,115922,115922.wav,glass_breaking
validation,glass_breaking__fsd50k__dev__118515__0012__r0.wav,glass_breaking,,FSD50K,dev,118515,118515.wav,glass_breaking
validation,glass_breaking__fsd50k__dev__120527__0013__r0.wav,glass_breaking,,FSD50K,dev,120527,120527.wav,glass_breaking
validation,glass_breaking__fsd50k__dev__126465__0014__r0.wav,glass_breaking,,FSD50K,dev,126465,126465.wav,glass_breaking
validation,glass_breaking__fsd50k__dev__127543__0015__r0.wav,glass_breaking,,FSD50K,dev,127543,127543.wav,glass_breaking
validation,glass_breaking__fsd50k__dev__131879__0016__r0.wav,glass_breaking,,FSD50K,dev,131879,131879.wav,glass_breaking
validation,glass_breaking__fsd50k__dev__132918__0017__r0.wav,glass_breaking,,FSD50K,dev,132918,132918.wav,glass_breaking
validation,glass_breaking__fsd50k__dev__135039__0018__r0.wav,glass_breaking,,FSD50K,dev,135039,135039.wav,glass_breaking
validation,glass_breaking__fsd50k__dev__144321__0019__r0.wav,glass_breaking,,FSD50K,dev,144321,144321.wav,glass_breaking
validation,glass_breaking__fsd50k__dev__145209__0020__r0.wav,glass_breaking,,FSD50K,dev,145209,145209.wav,glass_breaking
validation,glass_breaking__fsd50k__dev__147867__0021__r0.wav,glass_breaking,,FSD50K,dev,147867,147867.wav,glass_breaking
validation,glass_breaking__fsd50k__dev__156031__0022__r0.wav,glass_breaking,,FSD50K,dev,156031,156031.wav,glass_breaking
validation,glass_breaking__fsd50k__dev__159197__0023__r0.wav,glass_breaking,,FSD50K,dev,159197,159197.wav,glass_breaking
validation,glass_breaking__fsd50k__dev__161309__0024__r0.wav,glass_breaking,,FSD50K,dev,161309,161309.wav,glass_breaking
validation,glass_breaking__fsd50k__dev__162169__0025__r0.wav,glass_breaking,,FSD50K,dev,162169,162169.wav,glass_breaking
validation,glass_breaking__fsd50k__dev__163364__0026__r0.wav,glass_breaking,,FSD50K,dev,163364,163364.wav,glass_breaking
validation,glass_breaking__fsd50k__dev__178178__0027__r0.wav,glass_breaking,,FSD50K,dev,178178,178178.wav,glass_breaking
validation,glass_breaking__fsd50k__dev__181716__0028__r0.wav,glass_breaking,,FSD50K,dev,181716,181716.wav,glass_breaking
validation,glass_breaking__fsd50k__dev__182510__0029__r0.wav,glass_breaking,,FSD50K,dev,182510,182510.wav,glass_breaking
validation,glass_breaking__fsd50k__dev__199906__0030__r0.wav,glass_breaking,,FSD50K,dev,199906,199906.wav,glass_breaking
validation,glass_breaking__fsd50k__dev__202093__0031__r0.wav,glass_breaking,,FSD50K,dev,202093,202093.wav,glass_breaking
validation,glass_breaking__fsd50k__dev__204777__0032__r0.wav,glass_breaking,,FSD50K,dev,204777,204777.wav,glass_breaking
validation,glass_breaking__fsd50k__dev__208696__0033__r0.wav,glass_breaking,,FSD50K,dev,208696,208696.wav,glass_breaking
validation,glass_breaking__fsd50k__dev__212698__0034__r0.wav,glass_breaking,,FSD50K,dev,212698,212698.wav,glass_breaking
validation,glass_breaking__fsd50k__dev__2139__0035__r0.wav,glass_breaking,,FSD50K,dev,2139,2139.wav,glass_breaking
validation,glass_breaking__fsd50k__dev__216001__0036__r0.wav,glass_breaking,,FSD50K,dev,216001,216001.wav,glass_breaking
validation,glass_breaking__fsd50k__dev__220959__0037__r0.wav,glass_breaking,,FSD50K,dev,220959,220959.wav,glass_breaking
validation,glass_breaking__fsd50k__dev__223552__0038__r0.wav,glass_breaking,,FSD50K,dev,223552,223552.wav,glass_breaking
validation,glass_breaking__fsd50k__dev__233381__0039__r0.wav,glass_breaking,,FSD50K,dev,233381,233381.wav,glass_breaking
validation,glass_breaking__fsd50k__dev__233586__0040__r0.wav,glass_breaking,,FSD50K,dev,233586,233586.wav,glass_breaking
validation,glass_breaking__fsd50k__dev__238409__0041__r0.wav,glass_breaking,,FSD50K,dev,238409,238409.wav,glass_breaking
validation,glass_breaking__fsd50k__dev__240785__0042__r0.wav,glass_breaking,,FSD50K,dev,240785,240785.wav,glass_breaking
validation,glass_breaking__fsd50k__dev__244238__0043__r0.wav,glass_breaking,,FSD50K,dev,244238,244238.wav,glass_breaking
validation,glass_breaking__fsd50k__dev__244925__0044__r0.wav,glass_breaking,,FSD50K,dev,244925,244925.wav,glass_breaking
validation,glass_breaking__fsd50k__dev__245410__0045__r0.wav,glass_breaking,,FSD50K,dev,245410,245410.wav,glass_breaking
validation,glass_breaking__fsd50k__dev__249873__0046__r0.wav,glass_breaking,,FSD50K,dev,249873,249873.wav,glass_breaking
validation,glass_breaking__fsd50k__dev__249874__0047__r0.wav,glass_breaking,,FSD50K,dev,249874,249874.wav,glass_breaking
validation,glass_breaking__fsd50k__dev__255208__0048__r0.wav,glass_breaking,,FSD50K,dev,255208,255208.wav,glass_breaking
validation,glass_breaking__fsd50k__dev__260432__0049__r0.wav,glass_breaking,,FSD50K,dev,260432,260432.wav,glass_breaking
validation,glass_breaking__fsd50k__dev__260433__0050__r0.wav,glass_breaking,,FSD50K,dev,260433,260433.wav,glass_breaking
validation,glass_breaking__fsd50k__dev__260434__0051__r0.wav,glass_breaking,,FSD50K,dev,260434,260434.wav,glass_breaking
validation,glass_breaking__fsd50k__dev__272065__0052__r0.wav,glass_breaking,,FSD50K,dev,272065,272065.wav,glass_breaking
validation,glass_breaking__fsd50k__dev__272489__0053__r0.wav,glass_breaking,,FSD50K,dev,272489,272489.wav,glass_breaking
validation,glass_breaking__fsd50k__dev__273647__0054__r0.wav,glass_breaking,,FSD50K,dev,273647,273647.wav,glass_breaking
validation,glass_breaking__fsd50k__dev__276938__0055__r0.wav,glass_breaking,,FSD50K,dev,276938,276938.wav,glass_breaking
validation,glass_breaking__fsd50k__dev__276939__0056__r0.wav,glass_breaking,,FSD50K,dev,276939,276939.wav,glass_breaking
validation,glass_breaking__fsd50k__dev__321143__0057__r0.wav,glass_breaking,,FSD50K,dev,321143,321143.wav,glass_breaking
validation,glass_breaking__fsd50k__dev__326422__0058__r0.wav,glass_breaking,,FSD50K,dev,326422,326422.wav,glass_breaking
validation,glass_breaking__fsd50k__dev__326669__0059__r0.wav,glass_breaking,,FSD50K,dev,326669,326669.wav,glass_breaking
validation,gunshot_gunfire__fsd50k__dev__100465__0000__r0.wav,gunshot_gunfire,,FSD50K,dev,100465,100465.wav,gunshot_gunfire
validation,gunshot_gunfire__fsd50k__dev__115295__0001__r0.wav,gunshot_gunfire,,FSD50K,dev,115295,115295.wav,gunshot_gunfire
validation,gunshot_gunfire__fsd50k__dev__128979__0002__r0.wav,gunshot_gunfire,,FSD50K,dev,128979,128979.wav,gunshot_gunfire
validation,gunshot_gunfire__fsd50k__dev__128981__0003__r0.wav,gunshot_gunfire,,FSD50K,dev,128981,128981.wav,gunshot_gunfire
validation,gunshot_gunfire__fsd50k__dev__137034__0004__r0.wav,gunshot_gunfire,,FSD50K,dev,137034,137034.wav,gunshot_gunfire
validation,gunshot_gunfire__fsd50k__dev__138679__0005__r0.wav,gunshot_gunfire,,FSD50K,dev,138679,138679.wav,gunshot_gunfire
validation,gunshot_gunfire__fsd50k__dev__146323__0006__r0.wav,gunshot_gunfire,,FSD50K,dev,146323,146323.wav,gunshot_gunfire
validation,gunshot_gunfire__fsd50k__dev__147317__0007__r0.wav,gunshot_gunfire,,FSD50K,dev,147317,147317.wav,gunshot_gunfire
validation,gunshot_gunfire__fsd50k__dev__147901__0008__r0.wav,gunshot_gunfire,,FSD50K,dev,147901,147901.wav,gunshot_gunfire
validation,gunshot_gunfire__fsd50k__dev__148166__0009__r0.wav,gunshot_gunfire,,FSD50K,dev,148166,148166.wav,gunshot_gunfire
validation,gunshot_gunfire__fsd50k__dev__149177__0010__r0.wav,gunshot_gunfire,,FSD50K,dev,149177,149177.wav,gunshot_gunfire
validation,gunshot_gunfire__fsd50k__dev__150139__0011__r0.wav,gunshot_gunfire,,FSD50K,dev,150139,150139.wav,gunshot_gunfire
validation,gunshot_gunfire__fsd50k__dev__155654__0012__r0.wav,gunshot_gunfire,,FSD50K,dev,155654,155654.wav,gunshot_gunfire
validation,gunshot_gunfire__fsd50k__dev__155790__0013__r0.wav,gunshot_gunfire,,FSD50K,dev,155790,155790.wav,gunshot_gunfire
validation,gunshot_gunfire__fsd50k__dev__156904__0014__r0.wav,gunshot_gunfire,,FSD50K,dev,156904,156904.wav,gunshot_gunfire
validation,gunshot_gunfire__fsd50k__dev__160590__0015__r0.wav,gunshot_gunfire,,FSD50K,dev,160590,160590.wav,gunshot_gunfire
validation,gunshot_gunfire__fsd50k__dev__161195__0016__r0.wav,gunshot_gunfire,,FSD50K,dev,161195,161195.wav,gunshot_gunfire
validation,gunshot_gunfire__fsd50k__dev__161475__0017__r0.wav,gunshot_gunfire,,FSD50K,dev,161475,161475.wav,gunshot_gunfire
validation,gunshot_gunfire__fsd50k__dev__162455__0018__r0.wav,gunshot_gunfire,,FSD50K,dev,162455,162455.wav,gunshot_gunfire
validation,gunshot_gunfire__fsd50k__dev__164020__0019__r0.wav,gunshot_gunfire,,FSD50K,dev,164020,164020.wav,gunshot_gunfire
validation,gunshot_gunfire__fsd50k__dev__165795__0020__r0.wav,gunshot_gunfire,,FSD50K,dev,165795,165795.wav,gunshot_gunfire
validation,gunshot_gunfire__fsd50k__dev__180961__0021__r0.wav,gunshot_gunfire,,FSD50K,dev,180961,180961.wav,gunshot_gunfire
validation,gunshot_gunfire__fsd50k__dev__184651__0022__r0.wav,gunshot_gunfire,,FSD50K,dev,184651,184651.wav,gunshot_gunfire
validation,gunshot_gunfire__fsd50k__dev__187534__0023__r0.wav,gunshot_gunfire,,FSD50K,dev,187534,187534.wav,gunshot_gunfire
validation,gunshot_gunfire__fsd50k__dev__197322__0024__r0.wav,gunshot_gunfire,,FSD50K,dev,197322,197322.wav,gunshot_gunfire
validation,gunshot_gunfire__fsd50k__dev__198952__0025__r0.wav,gunshot_gunfire,,FSD50K,dev,198952,198952.wav,gunshot_gunfire
validation,gunshot_gunfire__fsd50k__dev__201667__0026__r0.wav,gunshot_gunfire,,FSD50K,dev,201667,201667.wav,gunshot_gunfire
validation,gunshot_gunfire__fsd50k__dev__212600__0027__r0.wav,gunshot_gunfire,,FSD50K,dev,212600,212600.wav,gunshot_gunfire
validation,gunshot_gunfire__fsd50k__dev__212602__0028__r0.wav,gunshot_gunfire,,FSD50K,dev,212602,212602.wav,gunshot_gunfire
validation,gunshot_gunfire__fsd50k__dev__217805__0029__r0.wav,gunshot_gunfire,,FSD50K,dev,217805,217805.wav,gunshot_gunfire
validation,gunshot_gunfire__fsd50k__dev__220612__0030__r0.wav,gunshot_gunfire,,FSD50K,dev,220612,220612.wav,gunshot_gunfire
validation,gunshot_gunfire__fsd50k__dev__220613__0031__r0.wav,gunshot_gunfire,,FSD50K,dev,220613,220613.wav,gunshot_gunfire
validation,gunshot_gunfire__fsd50k__dev__221640__0032__r0.wav,gunshot_gunfire,,FSD50K,dev,221640,221640.wav,gunshot_gunfire
validation,gunshot_gunfire__fsd50k__dev__238159__0033__r0.wav,gunshot_gunfire,,FSD50K,dev,238159,238159.wav,gunshot_gunfire
validation,gunshot_gunfire__fsd50k__dev__255216__0034__r0.wav,gunshot_gunfire,,FSD50K,dev,255216,255216.wav,gunshot_gunfire
validation,gunshot_gunfire__fsd50k__dev__257963__0035__r0.wav,gunshot_gunfire,,FSD50K,dev,257963,257963.wav,gunshot_gunfire
validation,gunshot_gunfire__fsd50k__dev__260939__0036__r0.wav,gunshot_gunfire,,FSD50K,dev,260939,260939.wav,gunshot_gunfire
validation,gunshot_gunfire__fsd50k__dev__266105__0037__r0.wav,gunshot_gunfire,,FSD50K,dev,266105,266105.wav,gunshot_gunfire
validation,gunshot_gunfire__fsd50k__dev__273303__0038__r0.wav,gunshot_gunfire,,FSD50K,dev,273303,273303.wav,gunshot_gunfire
validation,gunshot_gunfire__fsd50k__dev__329716__0039__r0.wav,gunshot_gunfire,,FSD50K,dev,329716,329716.wav,gunshot_gunfire
validation,gunshot_gunfire__fsd50k__dev__345844__0040__r0.wav,gunshot_gunfire,,FSD50K,dev,345844,345844.wav,gunshot_gunfire
validation,gunshot_gunfire__fsd50k__dev__350264__0041__r0.wav,gunshot_gunfire,,FSD50K,dev,350264,350264.wav,gunshot_gunfire
validation,gunshot_gunfire__fsd50k__dev__353093__0042__r0.wav,gunshot_gunfire,,FSD50K,dev,353093,353093.wav,gunshot_gunfire
validation,gunshot_gunfire__fsd50k__dev__35799__0043__r0.wav,gunshot_gunfire,,FSD50K,dev,35799,35799.wav,gunshot_gunfire
validation,gunshot_gunfire__fsd50k__dev__35800__0044__r0.wav,gunshot_gunfire,,FSD50K,dev,35800,35800.wav,gunshot_gunfire
validation,gunshot_gunfire__fsd50k__dev__36815__0045__r0.wav,gunshot_gunfire,,FSD50K,dev,36815,36815.wav,gunshot_gunfire
validation,gunshot_gunfire__fsd50k__dev__368736__0046__r0.wav,gunshot_gunfire,,FSD50K,dev,368736,368736.wav,gunshot_gunfire
validation,gunshot_gunfire__fsd50k__dev__368805__0047__r0.wav,gunshot_gunfire,,FSD50K,dev,368805,368805.wav,gunshot_gunfire
validation,gunshot_gunfire__fsd50k__dev__369124__0048__r0.wav,gunshot_gunfire,,FSD50K,dev,369124,369124.wav,gunshot_gunfire
validation,gunshot_gunfire__fsd50k__dev__369126__0049__r0.wav,gunshot_gunfire,,FSD50K,dev,369126,369126.wav,gunshot_gunfire
validation,gunshot_gunfire__fsd50k__dev__369395__0050__r0.wav,gunshot_gunfire,,FSD50K,dev,369395,369395.wav,gunshot_gunfire
validation,gunshot_gunfire__fsd50k__dev__371158__0051__r0.wav,gunshot_gunfire,,FSD50K,dev,371158,371158.wav,gunshot_gunfire
validation,gunshot_gunfire__fsd50k__dev__52593__0052__r0.wav,gunshot_gunfire,,FSD50K,dev,52593,52593.wav,gunshot_gunfire
validation,gunshot_gunfire__fsd50k__dev__89147__0053__r0.wav,gunshot_gunfire,,FSD50K,dev,89147,89147.wav,gunshot_gunfire
validation,siren__esc50__fold_4__102871__0000__r0.wav,siren,,ESC-50,fold_4,102871,4-102871-A-42.wav,siren
validation,siren__esc50__fold_4__111671__0001__r0.wav,siren,,ESC-50,fold_4,111671,4-111671-A-42.wav,siren
validation,siren__esc50__fold_4__111671__0002__r0.wav,siren,,ESC-50,fold_4,111671,4-111671-B-42.wav,siren
validation,siren__esc50__fold_4__121532__0003__r0.wav,siren,,ESC-50,fold_4,121532,4-121532-A-42.wav,siren
validation,siren__esc50__fold_4__67358__0004__r0.wav,siren,,ESC-50,fold_4,67358,4-67358-A-42.wav,siren
validation,siren__esc50__fold_4__80761__0005__r0.wav,siren,,ESC-50,fold_4,80761,4-80761-A-42.wav,siren
validation,siren__esc50__fold_4__90014__0006__r0.wav,siren,,ESC-50,fold_4,90014,4-90014-A-42.wav,siren
validation,siren__esc50__fold_4__90014__0007__r0.wav,siren,,ESC-50,fold_4,90014,4-90014-B-42.wav,siren
validation,siren__fsd50k__dev__181601__0008__r0.wav,siren,,FSD50K,dev,181601,181601.wav,siren
validation,siren__fsd50k__dev__268221__0009__r0.wav,siren,,FSD50K,dev,268221,268221.wav,siren
validation,siren__fsd50k__dev__320767__0010__r0.wav,siren,,FSD50K,dev,320767,320767.wav,siren
validation,siren__fsd50k__dev__324275__0011__r0.wav,siren,,FSD50K,dev,324275,324275.wav,siren
validation,siren__fsd50k__dev__34733__0012__r0.wav,siren,,FSD50K,dev,34733,34733.wav,siren
validation,siren__fsd50k__dev__34952__0013__r0.wav,siren,,FSD50K,dev,34952,34952.wav,siren
validation,siren__fsd50k__dev__353265__0014__r0.wav,siren,,FSD50K,dev,353265,353265.wav,siren
validation,siren__fsd50k__dev__353956__0015__r0.wav,siren,,FSD50K,dev,353956,353956.wav,siren
validation,siren__fsd50k__dev__382620__0016__r0.wav,siren,,FSD50K,dev,382620,382620.wav,siren
validation,siren__fsd50k__dev__388972__0017__r0.wav,siren,,FSD50K,dev,388972,388972.wav,siren
validation,siren__fsd50k__dev__421017__0018__r0.wav,siren,,FSD50K,dev,421017,421017.wav,siren
validation,siren__fsd50k__dev__62878__0019__r0.wav,siren,,FSD50K,dev,62878,62878.wav,siren
validation,thunderstorm__esc50__fold_4__125070__0000__r0.wav,thunderstorm,,ESC-50,fold_4,125070,4-125070-A-19.wav,thunderstorm
validation,thunderstorm__esc50__fold_4__125071__0001__r0.wav,thunderstorm,,ESC-50,fold_4,125071,4-125071-A-19.wav,thunderstorm
validation,thunderstorm__esc50__fold_4__125072__0002__r0.wav,thunderstorm,,ESC-50,fold_4,125072,4-125072-A-19.wav,thunderstorm
validation,thunderstorm__esc50__fold_4__125072__0003__r0.wav,thunderstorm,,ESC-50,fold_4,125072,4-125072-B-19.wav,thunderstorm
validation,thunderstorm__esc50__fold_4__156993__0004__r0.wav,thunderstorm,,ESC-50,fold_4,156993,4-156993-A-19.wav,thunderstorm
validation,thunderstorm__esc50__fold_4__161519__0005__r0.wav,thunderstorm,,ESC-50,fold_4,161519,4-161519-A-19.wav,thunderstorm
validation,thunderstorm__esc50__fold_4__165813__0006__r0.wav,thunderstorm,,ESC-50,fold_4,165813,4-165813-A-19.wav,thunderstorm
validation,thunderstorm__esc50__fold_4__165813__0007__r0.wav,thunderstorm,,ESC-50,fold_4,165813,4-165813-B-19.wav,thunderstorm
validation,thunderstorm__fsd50k__dev__124587__0008__r0.wav,thunderstorm,,FSD50K,dev,124587,124587.wav,thunderstorm
validation,thunderstorm__fsd50k__dev__125634__0009__r0.wav,thunderstorm,,FSD50K,dev,125634,125634.wav,thunderstorm
validation,thunderstorm__fsd50k__dev__128343__0010__r0.wav,thunderstorm,,FSD50K,dev,128343,128343.wav,thunderstorm
validation,thunderstorm__fsd50k__dev__135104__0011__r0.wav,thunderstorm,,FSD50K,dev,135104,135104.wav,thunderstorm
validation,thunderstorm__fsd50k__dev__155833__0012__r0.wav,thunderstorm,,FSD50K,dev,155833,155833.wav,thunderstorm
validation,thunderstorm__fsd50k__dev__163287__0013__r0.wav,thunderstorm,,FSD50K,dev,163287,163287.wav,thunderstorm
validation,thunderstorm__fsd50k__dev__165299__0014__r0.wav,thunderstorm,,FSD50K,dev,165299,165299.wav,thunderstorm
validation,thunderstorm__fsd50k__dev__165874__0015__r0.wav,thunderstorm,,FSD50K,dev,165874,165874.wav,thunderstorm
validation,thunderstorm__fsd50k__dev__186907__0016__r0.wav,thunderstorm,,FSD50K,dev,186907,186907.wav,thunderstorm
validation,thunderstorm__fsd50k__dev__189794__0017__r0.wav,thunderstorm,,FSD50K,dev,189794,189794.wav,thunderstorm
validation,thunderstorm__fsd50k__dev__191992__0018__r0.wav,thunderstorm,,FSD50K,dev,191992,191992.wav,thunderstorm
validation,thunderstorm__fsd50k__dev__193170__0019__r0.wav,thunderstorm,,FSD50K,dev,193170,193170.wav,thunderstorm
validation,thunderstorm__fsd50k__dev__194849__0020__r0.wav,thunderstorm,,FSD50K,dev,194849,194849.wav,thunderstorm
validation,thunderstorm__fsd50k__dev__195344__0021__r0.wav,thunderstorm,,FSD50K,dev,195344,195344.wav,thunderstorm
validation,thunderstorm__fsd50k__dev__195738__0022__r0.wav,thunderstorm,,FSD50K,dev,195738,195738.wav,thunderstorm
validation,thunderstorm__fsd50k__dev__198496__0023__r0.wav,thunderstorm,,FSD50K,dev,198496,198496.wav,thunderstorm
validation,thunderstorm__fsd50k__dev__203721__0024__r0.wav,thunderstorm,,FSD50K,dev,203721,203721.wav,thunderstorm
validation,thunderstorm__fsd50k__dev__203830__0025__r0.wav,thunderstorm,,FSD50K,dev,203830,203830.wav,thunderstorm
validation,thunderstorm__fsd50k__dev__205832__0026__r0.wav,thunderstorm,,FSD50K,dev,205832,205832.wav,thunderstorm
validation,thunderstorm__fsd50k__dev__210044__0027__r0.wav,thunderstorm,,FSD50K,dev,210044,210044.wav,thunderstorm
validation,thunderstorm__fsd50k__dev__21847__0028__r0.wav,thunderstorm,,FSD50K,dev,21847,21847.wav,thunderstorm
validation,thunderstorm__fsd50k__dev__22033__0029__r0.wav,thunderstorm,,FSD50K,dev,22033,22033.wav,thunderstorm
validation,thunderstorm__fsd50k__dev__222601__0030__r0.wav,thunderstorm,,FSD50K,dev,222601,222601.wav,thunderstorm
validation,thunderstorm__fsd50k__dev__22874__0031__r0.wav,thunderstorm,,FSD50K,dev,22874,22874.wav,thunderstorm
validation,thunderstorm__fsd50k__dev__237519__0032__r0.wav,thunderstorm,,FSD50K,dev,237519,237519.wav,thunderstorm
validation,thunderstorm__fsd50k__dev__242048__0033__r0.wav,thunderstorm,,FSD50K,dev,242048,242048.wav,thunderstorm
validation,thunderstorm__fsd50k__dev__242981__0034__r0.wav,thunderstorm,,FSD50K,dev,242981,242981.wav,thunderstorm
validation,thunderstorm__fsd50k__dev__243757__0035__r0.wav,thunderstorm,,FSD50K,dev,243757,243757.wav,thunderstorm
validation,thunderstorm__fsd50k__dev__243965__0036__r0.wav,thunderstorm,,FSD50K,dev,243965,243965.wav,thunderstorm
validation,thunderstorm__fsd50k__dev__243968__0037__r0.wav,thunderstorm,,FSD50K,dev,243968,243968.wav,thunderstorm
validation,thunderstorm__fsd50k__dev__244693__0038__r0.wav,thunderstorm,,FSD50K,dev,244693,244693.wav,thunderstorm
validation,thunderstorm__fsd50k__dev__248110__0039__r0.wav,thunderstorm,,FSD50K,dev,248110,248110.wav,thunderstorm
validation,thunderstorm__fsd50k__dev__253763__0040__r0.wav,thunderstorm,,FSD50K,dev,253763,253763.wav,thunderstorm
validation,thunderstorm__fsd50k__dev__259316__0041__r0.wav,thunderstorm,,FSD50K,dev,259316,259316.wav,thunderstorm
validation,thunderstorm__fsd50k__dev__29675__0042__r0.wav,thunderstorm,,FSD50K,dev,29675,29675.wav,thunderstorm
validation,thunderstorm__fsd50k__dev__31452__0043__r0.wav,thunderstorm,,FSD50K,dev,31452,31452.wav,thunderstorm
validation,thunderstorm__fsd50k__dev__328391__0044__r0.wav,thunderstorm,,FSD50K,dev,328391,328391.wav,thunderstorm
validation,thunderstorm__fsd50k__dev__33246__0045__r0.wav,thunderstorm,,FSD50K,dev,33246,33246.wav,thunderstorm
validation,thunderstorm__fsd50k__dev__341960__0046__r0.wav,thunderstorm,,FSD50K,dev,341960,341960.wav,thunderstorm
validation,thunderstorm__fsd50k__dev__344434__0047__r0.wav,thunderstorm,,FSD50K,dev,344434,344434.wav,thunderstorm
validation,thunderstorm__fsd50k__dev__344435__0048__r0.wav,thunderstorm,,FSD50K,dev,344435,344435.wav,thunderstorm
validation,thunderstorm__fsd50k__dev__345920__0049__r0.wav,thunderstorm,,FSD50K,dev,345920,345920.wav,thunderstorm
validation,thunderstorm__fsd50k__dev__359151__0050__r0.wav,thunderstorm,,FSD50K,dev,359151,359151.wav,thunderstorm
validation,thunderstorm__fsd50k__dev__363252__0051__r0.wav,thunderstorm,,FSD50K,dev,363252,363252.wav,thunderstorm
validation,thunderstorm__fsd50k__dev__367510__0052__r0.wav,thunderstorm,,FSD50K,dev,367510,367510.wav,thunderstorm
validation,thunderstorm__fsd50k__dev__37299__0053__r0.wav,thunderstorm,,FSD50K,dev,37299,37299.wav,thunderstorm
validation,thunderstorm__fsd50k__dev__37304__0054__r0.wav,thunderstorm,,FSD50K,dev,37304,37304.wav,thunderstorm
validation,thunderstorm__fsd50k__dev__375999__0055__r0.wav,thunderstorm,,FSD50K,dev,375999,375999.wav,thunderstorm
validation,thunderstorm__fsd50k__dev__394070__0056__r0.wav,thunderstorm,,FSD50K,dev,394070,394070.wav,thunderstorm
validation,thunderstorm__fsd50k__dev__394071__0057__r0.wav,thunderstorm,,FSD50K,dev,394071,394071.wav,thunderstorm
validation,thunderstorm__fsd50k__dev__399870__0058__r0.wav,thunderstorm,,FSD50K,dev,399870,399870.wav,thunderstorm
validation,thunderstorm__fsd50k__dev__414050__0059__r0.wav,thunderstorm,,FSD50K,dev,414050,414050.wav,thunderstorm
validation,background_other__esc50__fold_4__4-161100-A-47__0000.wav,background_other,esc50_diverse,ESC-50,fold_4,161100-A,4-161100-A-47.wav,airplane
validation,background_other__esc50__fold_4__4-210000-A-23__0001.wav,background_other,esc50_diverse,ESC-50,fold_4,210000-A,4-210000-A-23.wav,breathing
validation,background_other__esc50__fold_4__4-144468-B-27__0002.wav,background_other,esc50_diverse,ESC-50,fold_4,144468-B,4-144468-B-27.wav,brushing_teeth
validation,background_other__esc50__fold_4__4-216349-A-34__0003.wav,background_other,esc50_diverse,ESC-50,fold_4,216349-A,4-216349-A-34.wav,can_opening
validation,background_other__esc50__fold_4__4-175846-A-43__0004.wav,background_other,esc50_diverse,ESC-50,fold_4,175846-A,4-175846-A-43.wav,car_horn
validation,background_other__esc50__fold_4__4-133047-A-5__0005.wav,background_other,esc50_diverse,ESC-50,fold_4,133047-A,4-133047-A-5.wav,cat
validation,background_other__esc50__fold_4__4-165823-A-41__0006.wav,background_other,esc50_diverse,ESC-50,fold_4,165823-A,4-165823-A-41.wav,chainsaw
validation,background_other__esc50__fold_4__4-159609-B-14__0007.wav,background_other,esc50_diverse,ESC-50,fold_4,159609-B,4-159609-B-14.wav,chirping_birds
validation,background_other__esc50__fold_4__4-125825-A-46__0008.wav,background_other,esc50_diverse,ESC-50,fold_4,125825-A,4-125825-A-46.wav,church_bells
validation,background_other__esc50__fold_4__4-189838-A-22__0009.wav,background_other,esc50_diverse,ESC-50,fold_4,189838-A,4-189838-A-22.wav,clapping
validation,background_other__esc50__fold_4__4-209536-A-37__0010.wav,background_other,esc50_diverse,ESC-50,fold_4,209536-A,4-209536-A-37.wav,clock_alarm
validation,background_other__esc50__fold_4__4-191327-A-38__0011.wav,background_other,esc50_diverse,ESC-50,fold_4,191327-A,4-191327-A-38.wav,clock_tick
validation,background_other__esc50__fold_4__4-177835-A-24__0012.wav,background_other,esc50_diverse,ESC-50,fold_4,177835-A,4-177835-A-24.wav,coughing
validation,background_other__esc50__fold_4__4-181955-C-3__0013.wav,background_other,esc50_diverse,ESC-50,fold_4,181955-C,4-181955-C-3.wav,cow
validation,background_other__esc50__fold_4__4-181563-A-12__0014.wav,background_other,esc50_diverse,ESC-50,fold_4,181563-A,4-181563-A-12.wav,crackling_fire
validation,background_other__esc50__fold_4__4-163697-A-13__0015.wav,background_other,esc50_diverse,ESC-50,fold_4,163697-A,4-163697-A-13.wav,crickets
validation,background_other__esc50__fold_4__4-159426-A-9__0016.wav,background_other,esc50_diverse,ESC-50,fold_4,159426-A,4-159426-A-9.wav,crow
validation,background_other__esc50__fold_4__4-59579-A-20__0017.wav,background_other,esc50_diverse,ESC-50,fold_4,59579-A,4-59579-A-20.wav,crying_baby
validation,background_other__esc50__fold_4__4-132839-A-33__0018.wav,background_other,esc50_diverse,ESC-50,fold_4,132839-A,4-132839-A-33.wav,door_wood_creaks
validation,background_other__esc50__fold_4__4-188878-A-30__0019.wav,background_other,esc50_diverse,ESC-50,fold_4,188878-A,4-188878-A-30.wav,door_wood_knock
validation,background_other__esc50__fold_4__4-204202-A-29__0020.wav,background_other,esc50_diverse,ESC-50,fold_4,204202-A,4-204202-A-29.wav,drinking_sipping
validation,background_other__esc50__fold_4__4-186962-A-44__0021.wav,background_other,esc50_diverse,ESC-50,fold_4,186962-A,4-186962-A-44.wav,engine
validation,background_other__esc50__fold_4__4-119647-B-48__0022.wav,background_other,esc50_diverse,ESC-50,fold_4,119647-B,4-119647-B-48.wav,fireworks
validation,background_other__esc50__fold_4__4-194979-A-25__0023.wav,background_other,esc50_diverse,ESC-50,fold_4,194979-A,4-194979-A-25.wav,footsteps
validation,background_other__esc50__fold_4__4-99193-A-4__0024.wav,background_other,esc50_diverse,ESC-50,fold_4,99193-A,4-99193-A-4.wav,frog
validation,background_other__esc50__fold_4__4-251645-A-49__0025.wav,background_other,esc50_diverse,ESC-50,fold_4,251645-A,4-251645-A-49.wav,hand_saw
validation,background_other__esc50__fold_4__4-193480-A-40__0026.wav,background_other,esc50_diverse,ESC-50,fold_4,193480-A,4-193480-A-40.wav,helicopter
validation,background_other__esc50__fold_4__4-197103-A-6__0027.wav,background_other,esc50_diverse,ESC-50,fold_4,197103-A,4-197103-A-6.wav,hen
validation,background_other__esc50__fold_4__4-143118-A-7__0028.wav,background_other,esc50_diverse,ESC-50,fold_4,143118-A,4-143118-A-7.wav,insects
validation,background_other__esc50__fold_4__4-158653-A-32__0029.wav,background_other,esc50_diverse,ESC-50,fold_4,158653-A,4-158653-A-32.wav,keyboard_typing
validation,background_other__esc50__fold_4__4-155670-A-26__0030.wav,background_other,esc50_diverse,ESC-50,fold_4,155670-A,4-155670-A-26.wav,laughing
validation,background_other__esc50__fold_4__4-204683-A-31__0031.wav,background_other,esc50_diverse,ESC-50,fold_4,204683-A,4-204683-A-31.wav,mouse_click
validation,background_other__esc50__fold_4__4-147240-A-2__0032.wav,background_other,esc50_diverse,ESC-50,fold_4,147240-A,4-147240-A-2.wav,pig
validation,background_other__esc50__fold_4__4-187504-A-17__0033.wav,background_other,esc50_diverse,ESC-50,fold_4,187504-A,4-187504-A-17.wav,pouring_water
validation,background_other__esc50__fold_4__4-163264-A-10__0034.wav,background_other,esc50_diverse,ESC-50,fold_4,163264-A,4-163264-A-10.wav,rain
validation,background_other__esc50__fold_4__4-164064-C-1__0035.wav,background_other,esc50_diverse,ESC-50,fold_4,164064-C,4-164064-C-1.wav,rooster
validation,background_other__esc50__fold_4__4-167063-B-11__0036.wav,background_other,esc50_diverse,ESC-50,fold_4,167063-B,4-167063-B-11.wav,sea_waves
validation,background_other__esc50__fold_4__4-188703-D-8__0037.wav,background_other,esc50_diverse,ESC-50,fold_4,188703-D,4-188703-D-8.wav,sheep
validation,background_other__esc50__fold_4__4-184434-A-21__0038.wav,background_other,esc50_diverse,ESC-50,fold_4,184434-A,4-184434-A-21.wav,sneezing
validation,background_other__esc50__fold_4__4-197454-B-28__0039.wav,background_other,esc50_diverse,ESC-50,fold_4,197454-B,4-197454-B-28.wav,snoring
validation,background_other__esc50__fold_4__4-141365-A-18__0040.wav,background_other,esc50_diverse,ESC-50,fold_4,141365-A,4-141365-A-18.wav,toilet_flush
validation,background_other__esc50__fold_4__4-165791-A-45__0041.wav,background_other,esc50_diverse,ESC-50,fold_4,165791-A,4-165791-A-45.wav,train
validation,background_other__esc50__fold_4__4-172734-A-36__0042.wav,background_other,esc50_diverse,ESC-50,fold_4,172734-A,4-172734-A-36.wav,vacuum_cleaner
validation,background_other__esc50__fold_4__4-218199-C-35__0043.wav,background_other,esc50_diverse,ESC-50,fold_4,218199-C,4-218199-C-35.wav,washing_machine
validation,background_other__esc50__fold_4__4-197871-A-15__0044.wav,background_other,esc50_diverse,ESC-50,fold_4,197871-A,4-197871-A-15.wav,water_drops
validation,background_other__esc50__fold_4__4-163609-A-16__0045.wav,background_other,esc50_diverse,ESC-50,fold_4,163609-A,4-163609-A-16.wav,wind
validation,background_other__esc50__fold_4__4-161103-A-47__0046.wav,background_other,esc50_diverse,ESC-50,fold_4,161103-A,4-161103-A-47.wav,airplane
validation,background_other__esc50__fold_4__4-198025-A-23__0047.wav,background_other,esc50_diverse,ESC-50,fold_4,198025-A,4-198025-A-23.wav,breathing
validation,background_other__esc50__fold_4__4-172500-A-27__0048.wav,background_other,esc50_diverse,ESC-50,fold_4,172500-A,4-172500-A-27.wav,brushing_teeth
validation,background_other__esc50__fold_4__4-187384-A-34__0049.wav,background_other,esc50_diverse,ESC-50,fold_4,187384-A,4-187384-A-34.wav,can_opening
validation,background_other__esc50__fold_4__4-175855-A-43__0050.wav,background_other,esc50_diverse,ESC-50,fold_4,175855-A,4-175855-A-43.wav,car_horn
validation,background_other__esc50__fold_4__4-149940-B-5__0051.wav,background_other,esc50_diverse,ESC-50,fold_4,149940-B,4-149940-B-5.wav,cat
validation,background_other__esc50__fold_4__4-165823-B-41__0052.wav,background_other,esc50_diverse,ESC-50,fold_4,165823-B,4-165823-B-41.wav,chainsaw
validation,background_other__esc50__fold_4__4-187769-B-14__0053.wav,background_other,esc50_diverse,ESC-50,fold_4,187769-B,4-187769-B-14.wav,chirping_birds
validation,background_other__esc50__fold_4__4-147658-A-46__0054.wav,background_other,esc50_diverse,ESC-50,fold_4,147658-A,4-147658-A-46.wav,church_bells
validation,background_other__esc50__fold_4__4-189832-B-22__0055.wav,background_other,esc50_diverse,ESC-50,fold_4,189832-B,4-189832-B-22.wav,clapping
validation,background_other__esc50__fold_4__4-198841-A-37__0056.wav,background_other,esc50_diverse,ESC-50,fold_4,198841-A,4-198841-A-37.wav,clock_alarm
validation,background_other__esc50__fold_4__4-179984-A-38__0057.wav,background_other,esc50_diverse,ESC-50,fold_4,179984-A,4-179984-A-38.wav,clock_tick
validation,background_other__esc50__fold_4__4-169726-A-24__0058.wav,background_other,esc50_diverse,ESC-50,fold_4,169726-A,4-169726-A-24.wav,coughing
validation,background_other__esc50__fold_4__4-213915-B-3__0059.wav,background_other,esc50_diverse,ESC-50,fold_4,213915-B,4-213915-B-3.wav,cow
validation,background_other__fsd50k__val__speech__149825__0000.wav,background_other,fsd50k_speech,FSD50K,val,149825,149825.wav,"Screaming,Human_voice"
validation,background_other__fsd50k__val__speech__60689__0001.wav,background_other,fsd50k_speech,FSD50K,val,60689,60689.wav,"Crowd,Speech,Human_voice,Human_group_actions"
validation,background_other__fsd50k__val__speech__63276__0002.wav,background_other,fsd50k_speech,FSD50K,val,63276,63276.wav,"Child_speech_and_kid_speaking,Shout,Human_voice,Speech"
validation,background_other__fsd50k__val__speech__87703__0003.wav,background_other,fsd50k_speech,FSD50K,val,87703,87703.wav,"Male_speech_and_man_speaking,Speech,Human_voice"
validation,background_other__fsd50k__val__speech__87704__0004.wav,background_other,fsd50k_speech,FSD50K,val,87704,87704.wav,"Male_speech_and_man_speaking,Speech,Human_voice"
validation,background_other__fsd50k__val__speech__239902__0005.wav,background_other,fsd50k_speech,FSD50K,val,239902,239902.wav,"Screaming,Human_voice"
validation,background_other__fsd50k__val__speech__90177__0006.wav,background_other,fsd50k_speech,FSD50K,val,90177,90177.wav,"Chatter,Human_group_actions"
validation,background_other__fsd50k__val__speech__258371__0007.wav,background_other,fsd50k_speech,FSD50K,val,258371,258371.wav,"Male_speech_and_man_speaking,Female_speech_and_woman_speaking,Conversation,Speech,Human_voice"
validation,background_other__fsd50k__val__speech__371385__0008.wav,background_other,fsd50k_speech,FSD50K,val,371385,371385.wav,"Male_speech_and_man_speaking,Speech,Human_voice"
validation,background_other__fsd50k__val__speech__257344__0009.wav,background_other,fsd50k_speech,FSD50K,val,257344,257344.wav,"Whispering,Speech,Human_voice"
validation,background_other__fsd50k__val__speech__259674__0010.wav,background_other,fsd50k_speech,FSD50K,val,259674,259674.wav,"Male_speech_and_man_speaking,Tick,Speech,Human_voice"
validation,background_other__fsd50k__val__speech__219772__0011.wav,background_other,fsd50k_speech,FSD50K,val,219772,219772.wav,"Female_speech_and_woman_speaking,Speech,Human_voice"
validation,background_other__fsd50k__val__speech__379393__0012.wav,background_other,fsd50k_speech,FSD50K,val,379393,379393.wav,"Speech_synthesizer,Child_speech_and_kid_speaking,Speech,Human_voice"
validation,background_other__fsd50k__val__speech__220372__0013.wav,background_other,fsd50k_speech,FSD50K,val,220372,220372.wav,"Speech_synthesizer,Speech,Human_voice"
validation,background_other__fsd50k__val__speech__19188__0014.wav,background_other,fsd50k_speech,FSD50K,val,19188,19188.wav,"Yell,Shout,Human_voice"
validation,background_other__fsd50k__val__speech__174955__0015.wav,background_other,fsd50k_speech,FSD50K,val,174955,174955.wav,"Speech,Human_voice"
validation,background_other__fsd50k__val__speech__19199__0016.wav,background_other,fsd50k_speech,FSD50K,val,19199,19199.wav,"Whispering,Human_voice"
validation,background_other__fsd50k__val__speech__12712__0017.wav,background_other,fsd50k_speech,FSD50K,val,12712,12712.wav,"Whispering,Human_voice"
validation,background_other__fsd50k__val__speech__174948__0018.wav,background_other,fsd50k_speech,FSD50K,val,174948,174948.wav,"Speech,Human_voice"
validation,background_other__fsd50k__val__speech__316648__0019.wav,background_other,fsd50k_speech,FSD50K,val,316648,316648.wav,"Yell,Shout,Human_voice"
validation,background_other__fsd50k__val__speech__139086__0020.wav,background_other,fsd50k_speech,FSD50K,val,139086,139086.wav,"Screaming,Human_voice"
validation,background_other__fsd50k__val__speech__411018__0021.wav,background_other,fsd50k_speech,FSD50K,val,411018,411018.wav,"Female_speech_and_woman_speaking,Singing,Speech,Human_voice"
validation,background_other__fsd50k__val__speech__255880__0022.wav,background_other,fsd50k_speech,FSD50K,val,255880,255880.wav,"Whispering,Human_voice"
validation,background_other__fsd50k__val__speech__132738__0023.wav,background_other,fsd50k_speech,FSD50K,val,132738,132738.wav,"Screaming,Yell,Laughter,Human_voice,Shout"
validation,background_other__fsd50k__val__music__96557__0000.wav,background_other,fsd50k_music,FSD50K,val,96557,96557.wav,"Bass_guitar,Guitar,Plucked_string_instrument,Musical_instrument,Music"
validation,background_other__fsd50k__val__music__181351__0001.wav,background_other,fsd50k_music,FSD50K,val,181351,181351.wav,"Male_singing,Singing,Human_voice"
validation,background_other__fsd50k__val__music__52219__0002.wav,background_other,fsd50k_music,FSD50K,val,52219,52219.wav,"Tambourine,Percussion,Musical_instrument,Music"
validation,background_other__fsd50k__val__music__165832__0003.wav,background_other,fsd50k_music,FSD50K,val,165832,165832.wav,"Wind_instrument_and_woodwind_instrument,Musical_instrument,Music"
validation,background_other__fsd50k__val__music__377358__0004.wav,background_other,fsd50k_music,FSD50K,val,377358,377358.wav,"Hi-hat,Cymbal,Percussion,Musical_instrument,Music"
validation,background_other__fsd50k__val__music__7265__0005.wav,background_other,fsd50k_music,FSD50K,val,7265,7265.wav,"Organ,Keyboard_(musical),Musical_instrument,Music"
validation,background_other__fsd50k__val__music__160710__0006.wav,background_other,fsd50k_music,FSD50K,val,160710,160710.wav,"Snare_drum,Drum,Percussion,Musical_instrument,Music"
validation,background_other__fsd50k__val__music__149895__0007.wav,background_other,fsd50k_music,FSD50K,val,149895,149895.wav,"Bowed_string_instrument,Musical_instrument,Music"
validation,background_other__fsd50k__val__music__754__0008.wav,background_other,fsd50k_music,FSD50K,val,754,754.wav,"Bowed_string_instrument,Musical_instrument,Music"
validation,background_other__fsd50k__val__music__428237__0009.wav,background_other,fsd50k_music,FSD50K,val,428237,428237.wav,"Piano,Keyboard_(musical),Musical_instrument,Music"
validation,background_other__fsd50k__val__music__186509__0010.wav,background_other,fsd50k_music,FSD50K,val,186509,186509.wav,"Marimba_and_xylophone,Keyboard_(musical),Musical_instrument,Music,Mallet_percussion,Percussion"
validation,background_other__fsd50k__val__music__420945__0011.wav,background_other,fsd50k_music,FSD50K,val,420945,420945.wav,"Electric_guitar,Guitar,Plucked_string_instrument,Musical_instrument,Music"
validation,background_other__fsd50k__val__human_non_speech__241721__0000.wav,background_other,fsd50k_human_non_speech,FSD50K,val,241721,241721.wav,"Walk_and_footsteps,Car_passing_by,Engine,Car,Motor_vehicle_(road),Vehicle"
validation,background_other__fsd50k__val__human_non_speech__339954__0001.wav,background_other,fsd50k_human_non_speech,FSD50K,val,339954,339954.wav,"Applause,Human_group_actions"
validation,background_other__fsd50k__val__human_non_speech__109596__0002.wav,background_other,fsd50k_human_non_speech,FSD50K,val,109596,109596.wav,Fart
validation,background_other__fsd50k__val__human_non_speech__207829__0003.wav,background_other,fsd50k_human_non_speech,FSD50K,val,207829,207829.wav,"Cough,Respiratory_sounds"
validation,background_other__fsd50k__val__human_non_speech__198938__0004.wav,background_other,fsd50k_human_non_speech,FSD50K,val,198938,198938.wav,"Applause,Human_group_actions"
validation,background_other__fsd50k__val__human_non_speech__412310__0005.wav,background_other,fsd50k_human_non_speech,FSD50K,val,412310,412310.wav,Chewing_and_mastication
validation,background_other__fsd50k__val__human_non_speech__196091__0006.wav,background_other,fsd50k_human_non_speech,FSD50K,val,196091,196091.wav,"Applause,Human_group_actions"
validation,background_other__fsd50k__val__human_non_speech__108926__0007.wav,background_other,fsd50k_human_non_speech,FSD50K,val,108926,108926.wav,Burping_and_eructation
validation,background_other__fsd50k__val__hard_negative__48980__0000.wav,background_other,fsd50k_hard_negative,FSD50K,val,48980,48980.wav,"Slam,Door,Domestic_sounds_and_home_sounds"
validation,background_other__fsd50k__val__hard_negative__34805__0001.wav,background_other,fsd50k_hard_negative,FSD50K,val,34805,34805.wav,Bell
validation,background_other__fsd50k__val__hard_negative__197866__0002.wav,background_other,fsd50k_hard_negative,FSD50K,val,197866,197866.wav,"Cutlery_and_silverware,Knock,Domestic_sounds_and_home_sounds,Door"
validation,background_other__fsd50k__val__hard_negative__201589__0003.wav,background_other,fsd50k_hard_negative,FSD50K,val,201589,201589.wav,"Typewriter,Bell,Typing,Domestic_sounds_and_home_sounds"
validation,background_other__fsd50k__val__hard_negative__132340__0004.wav,background_other,fsd50k_hard_negative,FSD50K,val,132340,132340.wav,"Tick-tock,Alarm,Clock,Mechanisms"
validation,background_other__fsd50k__val__hard_negative__268126__0005.wav,background_other,fsd50k_hard_negative,FSD50K,val,268126,268126.wav,"Knock,Door,Domestic_sounds_and_home_sounds"
validation,background_other__fsd50k__val__hard_negative__170243__0006.wav,background_other,fsd50k_hard_negative,FSD50K,val,170243,170243.wav,"Vehicle_horn_and_car_horn_and_honking,Car,Motor_vehicle_(road),Vehicle,Alarm"
validation,background_other__fsd50k__val__hard_negative__70058__0007.wav,background_other,fsd50k_hard_negative,FSD50K,val,70058,70058.wav,"Cowbell,Livestock_and_farm_animals_and_working_animals,Bell,Animal"
validation,background_other__fsd50k__val__general__331702__0000.wav,background_other,fsd50k_general,FSD50K,val,331702,331702.wav,"Stream,Water"
validation,background_other__fsd50k__val__general__171037__0001.wav,background_other,fsd50k_general,FSD50K,val,171037,171037.wav,"Livestock_and_farm_animals_and_working_animals,Animal"
validation,background_other__fsd50k__val__general__353953__0002.wav,background_other,fsd50k_general,FSD50K,val,353953,353953.wav,"Traffic_noise_and_roadway_noise,Wind,Motor_vehicle_(road),Vehicle"
validation,background_other__fsd50k__val__general__391942__0003.wav,background_other,fsd50k_general,FSD50K,val,391942,391942.wav,"Coin_(dropping),Domestic_sounds_and_home_sounds"
validation,background_other__fsd50k__val__general__106731__0004.wav,background_other,fsd50k_general,FSD50K,val,106731,106731.wav,"Purr,Cat,Domestic_animals_and_pets,Animal"
validation,background_other__fsd50k__val__general__368470__0005.wav,background_other,fsd50k_general,FSD50K,val,368470,368470.wav,Wind
validation,background_other__fsd50k__val__general__107931__0006.wav,background_other,fsd50k_general,FSD50K,val,107931,107931.wav,"Bus,Human_voice,Motor_vehicle_(road),Vehicle"
validation,background_other__fsd50k__val__general__47388__0007.wav,background_other,fsd50k_general,FSD50K,val,47388,47388.wav,"Raindrop,Drip,Rain,Water,Liquid"
