:02000004701872
:10000000E9C319FDF8030D5801E0D71FFCEB05E922
:10001000110431FEF133E2DCDFA1DFF400304BC824
:100020001108082227DAFC073CD7EAE60406C93D96
:100030002214C534FEFE8FDC10E8FE132BF7EBF71D
:10004000F95753EDF6140EEFE7D8FA2AEEDF37C969
:10005000ECDEC91AFD1732EAE21913B3FFD1D6F06C
:10006000043BCD0C2EF08824141B9CF50C091A18A7
:10007000040BE31A2C1700013FE7B0EC040225E45F
:100080002552F005F0C93416EF02F4EEE5DB29FA4B
:10009000ECE8140AEE04F4D8ACC04E00F4F4045AB0
:1000A0001CEE2046D808CC1600122E2F0D0EFE2076
:1000B000E12D4AE60AC70726E3F9EAF1070CB8DEA4
:1000C000ECFAF8CFDD20CB28F71BD2D70E14F41BA7
:1000D0005023F00BEE17EADD02E3C700080E18D636
:1000E0000929EE550FECF8290112FDF2FB23F6F178
:1000F000CC1FA5FB201BE1134530164709E932D779
:10010000F3F4118E130E23F0C739FA4002002DE9E3
:10011000F901F9C9F9F6EBF2FC1E4AEF160CFF4F94
:10012000FE49D7F10000AED5F7F7F66D1D7F19191E
:10013000E0DBEED0FEFBF11B2304DD25F852DFF1FE
:1001400010F21F0E002DE408B9E52E44ECD9DE5262
:100150001ADC22FED705E2002A2601BEFF1EF7E5C3
:1001600010D1E88ADB43D5ED0A03142515ED12E71B
:10017000EED3285508111FFEB81136D402081846D0
:10018000020D113C88110DF637F1F9B3D01FE118BB
:100190003F41EEE0EE1744AA0FD40316392FDDFFDE
:1001A000EE1010FF430004204FED290206EFDA05A0
:1001B000FD200008F2101CFD18F91AEAECE3F50026
:1001C000B9193345F50EFB0516FBE0FF032B281488
:1001D000F4251B164242E5E02CAFFA000625C61DA9
:1001E0003C190206E1FE7FEADBEFEC2DF7F5240A6D
:1001F00018E1F80009F21CA59418C31E092B2F164C
:10020000CF1642DB20ECD2F33AF0DF0602F31C2BD0
:1002100040102681010C11BE4C14F7F6E401DFF406
:10022000261E0608041B1232E53E191BB70A4FE9C9
:100230001B33EC3693FF1B2B1BDBE405E8F9E4CE04
:1002400005041501EEC6C1AD00ED171CD52819E94E
:100250009F9A3DC20C1C12EEB915E2D8E7FA2A0E9D
:10026000E6D2D30711BD194CC420139E02C5D2F1AA
:10027000020FBFE5FCDDC1EEC32222F5121A2404F1
:10028000182B204CF7EAEAE004DEFD3DE9260046A3
:100290000F2D0DFD180A2EFAFD1CC42FEAFF06E4EF
:1002A00005202604F7DCD3DA1E2808F5F5D4E5E1AD
:1002B00005C92C29E7FE17311640B41A09CD4ABCEE
:1002C00058E0E4C8170AF0E7CB15AFDB180A07DDE2
:1002D0000FDBB8EF29EC03D83B11061CF3FFC00B72
:1002E000E6D41DE9F7F6FEFAF36BDB2FE30A45DEF1
:1002F0004F0B1FE036D8BFEA2023DB66D6EE06F0B0
:1003000002C5FAD1C9B43B17D1B80193062DFA0E34
:10031000DE2D7F5131E2F00C011C10FAE9FBF219DD
:100320002A06C59601F6E2E1EAFD30440AC8060E47
:10033000F2BDDFE6EB1D23174DE8FA2C0AE8051C99
:10034000D810ED55F33A1B4F0532BE3C110826225A
:10035000D4F51CE60FD933EAF42121EAE621EE3088
:100360000E4EFCF7F3EF1F22041304C6F125D2F85A
:100370002744414AF03C25281FCC528EFD042DF223
:1003800004FB9ADCE706E1031354FE0017BA1A31A6
:100390000C202A021B31D8CCDF2CC316D4F8F8016C
:1003A000B14C5C0002CC1B41EB0D00F5F4F0EA14FB
:1003B000E80AFDF717A7E4CC08252834F6E616125C
:1003C00081DF4AF00F04ED38B4E80AFCFB0525266E
:1003D000DCC6CFC2FFDEF7DD180963EBF90A091F9F
:1003E000FA013BFC220CED20F93AD6FFFDE8FE4F66
:1003F000034B9E4AFB0B3513D80BF8BFFDDBFC0407
:1004000043DFC7D907E1F502C06E22FBEEFA0922ED
:10041000D7E4F113DD07EFDF0E03CAE7F9FEE40EC0
:10042000FADBFFD81B04122CCB0902010D11AAF232
:100430001C7F38E16095FA0A75150B140301F90564
:10044000F1C8CB0A274115F1C709C9130204F4D03A
:1004500013130E9CC982E8D0EF2C13D959E8D8C0E9
:10046000ED00F23E0EF8F6FC01FD13E1FF26F8E088
:10047000EBDBEAC7051D0FF215C2E4C7EA1E0B024B
:10048000E498BDE00D100C03DDFC1EFBF4F4FEEA65
:10049000C40210122EE5F77E180032ACD63AD3C74C
:1004A00009DEEB370322230C32E6D30D102D1B049B
:1004B00020F704F20B07CDCBFDEE2AE8F9DDFFEDC6
:1004C00010EA00C5E9CD0BE2EA2CF52C02EAA5E41E
:1004D000EBE5DB0102EA0A0D0B15F8CA318117EFD3
:1004E000D7F902FBCEE74126C230DD26151A2913C3
:1004F000E4EEA80308DDC7CC0ED10AFB2BEA1E21CF
:10050000CF190AF33909051E30D93AC1F80118E2AA
:1005100001E42FDD13F2F0DDE6DBEB04E03A361BFD
:100520000CF928041FF9419CD6B508CA03DEFFF177
:10053000FBE52D17D0C9CD0DD237C73544EE2FF2CC
:10054000E2FF0029D0E412E4E5D1F50E010E0D36EC
:10055000FEFEE808220C00EBF009FCDA36A3EC07FB
:1005600006BACDC0CAF5E5FCD8BC11030124E6FEED
:10057000D8E5C8FBF1EDE21B0702D10B4B2FF4E7E6
:100580000F2D03ED00EAC22B29DCC213F9B01DE3E5
:10059000F224F228E6FCDDF711380F18745CFBF347
:1005A000BD140F2816FD041BD4D10B1DE5FBFB4524
:1005B000FDE112FA26F701140CF8E74E1029FCEDC4
:1005C00007A337FD3EFEEFF4C9CA14FEC7E5243B7E
:1005D000E52BEC17261D08DF0D3525D124D4EBF5CE
:1005E0000EEAF1F54BC702FF1EF710140E15E22DAF
:1005F00027DCEFF1060DE2052CCF0CD7BBF11C1E5A
:10060000DDFAF4410D20EDE9AB241521FD1CCFFBF3
:10061000D6FDF8D713A1A6D5970F4209D224F6F834
:10062000041023FBFE29181BF605222207E047DCF5
:100630005D39E298DDE7F3DACEEDDF2723B8C8EEC7
:10064000E4D717C400F8C51CA335EFEFED2F201930
:10065000150F058102EEB0F41EF7F91B43F0B0D67A
:10066000D6E2111137E5CCFB280C44EEF317D9F98B
:10067000B9BD01364F2110324FF517C53AF6B9E131
:10068000EBF122E41127EBE7E93AE61BCA0AE7F7A8
:10069000BB294C9196C7F10EC20224D9DBD2024588
:1006A000E4FCF9E814F92F16E61B04FA3F1313D5FE
:1006B0002C1CD3CEEBFDB1E8EEB7131CF4DA3D0EE3
:1006C0001A09E30023DEA61AC50002CBEDAC17CE53
:1006D000DF10E40B1A511D1AD503032D3A1472F9D9
:1006E00026C51F19FC0B09FBDFEBFE0019240EA029
:1006F000E1121EFA55F501DC07DF0DCFC4E2B9188F
:100700003AE6E6E4EC0F2128121FD2F7061608F5A8
:10071000F3D407DA112938F746033E00D7F38200F5
:1007200030ED012633E0DDD4FB14321B21F709AE96
:10073000F017E5051608242305EB1B84ACFDEBD16F
:10074000F3C5171CF62B58F6AF15E42152056A1FA6
:100750002AF73710FC18F72AFA1CD5FE05C0DD046D
:10076000E2FE1507191CD7FFDE08ED1A0EE2200C79
:100770000E15FFEAC72FC58DF8E422BE81B14AF9F4
:10078000FEE0EFDC31FE0710C594B61BE10A03ACB6
:1007900001F406232D1137EB0CF2E5DFE0E837F723
:1007A000F3F6E3EE0A2124FDE3144ADB16FAFDEA30
:1007B00011F3710E27F917E7E1E552FD18EA292A2E
:1007C00014E920EE191535FE220415A02D0DCD0FCC
:1007D0000C4AE3FA2CDDD2DD12090C25C7EEAB0B77
:1007E000E9D6D003EEFCD502A086EBE216EAC3A45C
:1007F000FCF401CDFFAAEDCA02072B03F2F812099F
:1008000000D2DDD3EA06F9118A0DB7481E000BE0CD
:1008100022DAB0125A080D3B1EF02B0623FD24F8F5
:10082000EB3E2FE21A06DFD2E9E05441500C1229C8
:1008300009FCF2F10CF51924E8BAEF11130ECCD033
:10084000F00700DE2A21DE0F46F6FFBC120AFAFE90
:100850001AEC5305F90400EDF7E8FA00260CD9E686
:100860000EE7EF0612E9F4222C0FF405E6141BFC48
:10087000D73A07F40CED172C0BAFFDC54BE423E77B
:100880000824C0FB321820D65B3001F6E413375938
:10089000FDDAE27EA8F4A7CB1C1D0A111A07DC1EA4
:1008A000FCDAF22B1914C2CDBC3A20E71609121556
:1008B000DD1E1EF0EF0921F500CEE0060B40EBEA4D
:1008C0000804FBFD081211E9282F0321C511EFF5DB
:1008D00002E41221BBFED82A1035B8E7F21E020945
:1008E000021535B0D70106F4D729FD10E4F5CDD2B5
:1008F000C1C0D9A8EB21FACB1CD51AD111E2215DD8
:1009000013D4EF2BEAEF1E15D3362D1614DCE5EECB
:10091000EEDBB2E4140DB933EEF73D1548FF0D0AD6
:100920001033130AEF0D15D4F41C27C8EAE8DC23B2
:10093000D3E4583E0505EDEF11F50A4DEB25DCEB50
:100940000415E6AD55F30015000FFB36241228A759
:10095000F3CBBB0A43F6EBD8400EC341EDF9D7FE0B
:1009600000EF2608F1F60BFECAF9141DDFF5CFF9EA
:100970000DEAAADCDEE20AF8F6FF02240AE80873B0
:1009800008CE48D104F04DF34E3520FC380D081642
:10099000D825EA18D52102CAAECE040835040CEADF
:1009A0002CD4CAF000D3184D03C6DD1328F179B555
:1009B000154325F0FF03DDC181013A2EEDD00F1262
:1009C0000B0351D5A8F1F714EB14F904C817140060
:1009D00007FA81F3DAE200F111851B63CADADCCE93
:1009E0006ECB33D86E0ED9EF26172FDCCEDD45C87F
:1009F0000AD601D9EAD5380B0D091455F9FA26C5DE
:100A00002E06EC42137FF8CB51FF18E3F000D6A07E
:100A1000DB1ECFEEA1E6D620FAF436B81305D125B9
:100A2000FEDFB310F4F7EC0AFF0F17F3161826DAFF
:100A3000E407CFFC07EA07E53D0625F410F20C0EAB
:100A400007F6B2F1E7F509E6FF19011DE9083426BA
:100A500013FDE4FED0E1A2F14007131C110DFB537E
:100A600004FB0B329127E4EE04D0350D382FEDD383
:100A700037FBFC2901EED411CEF868F2EEEAE91456
:100A8000E7BFF80DF111C331DDC20FD44023F3F4F9
:100A900033CDF538B208FF1DBCCBB52002F30248B8
:100AA000DFF133D9211EEA0BFC0FB62CE5BD1BD0BC
:100AB000551302E01AEFDE10C303B2F8E1FD15D8BA
:100AC0000E28CB2D38EC23EF0E14FFF22AF8E1FDAF
:100AD000082FDCD91D17C70114F9F7FF5218DBF4F2
:100AE00039EB6735223B13DD3D1B0126EE5B2E2AD9
:100AF000EE51FB4A0DFA12DDFE2D23F3A426010967
:100B00000FEAF815EDFAEEC935F1D92BE3F1F4232C
:100B1000DA1316DA2217190DDAFB049A6EE006FCD6
:100B2000080103121E2637D811DEE11816083E030D
:100B3000F4052C08DB33D71FF7F505C012DC0634AB
:100B4000BE0DDD08F60FC6FCFF98EA26C2F0B8DC41
:100B50000DE75FF0E0F1122ED32A042DE30D48F4E7
:100B60000DD1A1E5F71A160D2C541ED23005F2F75F
:100B70003E18AA353AED38C9BD2FDF16723B95F203
:100B8000E4F1E42618EEB9D4FC19C5DBEEE9F6CCA5
:100B9000EBEF39D5BDF7FB1E14FD4B2BF60EFA1605
:100BA000E614FF3A0404D1FD05004DDB3D0CFB10BB
:100BB0001E231A2909E70E30B531D5FCF81333E8A6
:100BC000DCE4EA0221FDB5EB1CD58CCC06F9DF3064
:100BD000E62708E09CEBF9A3D00CE8F524D402E862
:100BE0003D16EBC4181319F8CCEF25FD2BFDDBF6F1
:100BF0005B0742024116250009E7900ADAD601FE9A
:100C0000EF01B51AD028F605F657219207F9D82A30
:100C10001D0E1DF6E81C36E91B191A1B43EB465D39
:100C2000311A2E0701D0971F34F1E417FFF24CE67A
:100C3000BE38F4C4FA09EDE41EF1FB282AFCEB06E9
:100C4000D43EDB1AF5E4DFE909E4D7F3EDEBEDF48C
:100C5000E4E1FDE6F9A666DAB7020F10FBEB031834
:100C6000AFA81A169CF719EAE01801D4E8FDD104E0
:100C700059D40BCE110EF7EBECE6DBC9100B047F59
:100C80000239EF200D4FED28040A21F7B51D30ADD4
:100C9000E99629D2214811350F1AD0E2E1233029F3
:100CA000F42A152F09540331F2E09810D8AC1BD95F
:100CB000E3EBF00C1825B152401DF4044204F35D3F
:100CC000E2A2F238F9F9C3F9A3120C0A2C33E2F3C9
:100CD000F81A020F28A712F823D6132AF710DC2CD3
:100CE000F3B91104F70EE339340FD7E51F271FD6E8
:100CF000FDB2D20BECEF24ACE900E9EBDD5EF7F5D9
:100D0000C9BFD9232BF4EE1D1130B713373252A6C9
:100D10000AF02CF7F01CFE02070F0DFF0244E9A1B8
:100D20000EF13808E59DEDB627F4F135B518FE153E
:100D300004E1A8FB090103110B03570621DA19CFBF
:100D4000FE3215E315D53D285FF6B920063A1101AC
:100D5000130200F6A03AEE1B110B09D2C838DCA62C
:100D6000FEEAE4151E0C0924B9BA0623F1DFD92BDB
:100D7000FCF9E3ED1CF2BEC8F121E9F72A143D09A4
:100D800007F72C060240F7171FE91A2EEF45C0F4AB
:100D90000CFD0DD403E313EA02EDDCC11F2DF0249A
:100DA000E20F60D5C4081DD2FC0FEE81EAEC0C4ABC
:100DB0000AD5030606D718DD121AE71701EDDC0085
:100DC000D9DFFD310ED2D90C18F2A6F5ECFBEFF508
:100DD000E833F7130595EFFEEEFF0BF31DFA1B2F1B
:100DE0001AF1EB02F02FE450EBCE11F809EAF717F5
:100DF00035202BF6EA1ECAFAF31805E42F03273133
:100E00000C2564F00EE6DD203FF6CF1334340DFDE3
:100E1000DF0A35C9C2FDCD20E2BA480BFBE8102736
:100E20002DE312CB0C143104ECBCDE245A2AFB1D3A
:100E3000F504452D0EC2FDF002BAB1EDEE001038FA
:100E4000EB01DBEBD1E7C0010C220FF8F1F3EA0D67
:100E50001E151F081CC008273BF2A60A101A110C09
:100E6000DDE52835196FE2DEE928FAEE0D08E63DEA
:100E7000330798432FFA0AFDF8F1C4F1083A2E24FB
:100E8000B681CCF80D020D2A4ACDBE0E0BC9150055
:100E90001B122839C937F12A18D808EA16021D058D
:100EA0000103E3E9F30E26ED07E720E30901192B1F
:100EB0003B0AEDFA3AD34DF9011D052601F517E776
:100EC00081FA1CC6F918F420E89E20361AF0F7457E
:100ED0001ACD1DE9D73CC43F3AF72A31F33A507A8C
:100EE0000E1145F5FCD6F91A193F25F41FF454F0FC
:100EF000CF121A18EB3F7B0F0D0103FF020B042AE0
:100F00000A030504E2C8C6FCD8A9DF160D11E4499E
:100F100015E58BD60DF303F6F4DE080911023159FD
:100F20000EEA16F30F0B15EE3F11DD2E03F8F7AEA8
:100F3000DE03F608FE34DF1AE61FEC18202606F75B
:100F4000A3F120EE14F50B15D824F103F02DC43EC7
:100F5000DB08E82519F9D41A3FD6FA0AC5CFDC38E0
:100F6000F43106D2EDFFE89B42E730EE10D1EEEC13
:100F70002B20FAD3DDB2C34C22D4FA18FBFCFCF3CD
:100F8000C9FEFBE9FED8021EAAE61619BA0CC5F185
:100F9000E3EDFA050107DD2620DB1FDBEAE33E185F
:100FA000EEFFCF1DF2FBEC3309E002311E0ACBFE4F
:100FB000F8FEB9E222C424ED9D371A1C0034D00794
:100FC000B320031A28359E50DE02152B17A31B2DC4
:100FD00002C9290FDCCCC1EC35E8F3E2E811DB48AB
:100FE0002AE1180DF9FC1FECD5DA031DF20CE8D943
:100FF0003505EA1B96EABAFD33E70523E700D1C5BC
:10100000160027F4F90FE5E5ECEFEA00471554F672
:10101000E040E04542E635CE69E95A0A0A0C30085C
:10102000ED39E831FB053ADB0EEFBAF1C8FA052AD3
:10103000F7410D0BED0BE32AFE6301D7DDE906C690
:1010400032FB1238E6E911DDD63D2306195EEFD7F3
:101050003829B8F9DA082FF0EA22F77FC22A0D20E2
:101060001BE6BDF95D63C3E819EA11FA3DFD142BD7
:101070001633D92CF0EED3DBF001100900EEBDD40D
:101080009F27DA21DEF1E7EA06F8E806002A0FD802
:10109000E101F3C9FAF801DFF218CB3BFCEFFEFCEB
:1010A000CAB30D2EE613E9EED13CC1E4202815F8B1
:1010B000E5F80D191E11D2094D1F060F01FBDB1DAE
:1010C000F7210A0ADFEADF37E9102F1106F812309C
:1010D0002933D5510E1FF1DD47282FE84DF32B0A98
:1010E000F868FFE6E32ED82026204704D6FCDACBAA
:1010F00033830241F606EB3E0CECE01DE4021218CD
:1011000006F133F4143EDCF5121BE703110502016E
:10111000EBD3FF203359E7ECFDF917CCEFF2DECE2D
:10112000DDEECC11FD0912362423D61244D5281C3D
:101130002821FD12C4F3121C2DF0ECD4E414F92E76
:10114000E9120B02F5E6C343F3CA11FD0011FC08D6
:1011500005D70155EAEB2DF6470A0701DDEF37E227
:10116000E30EE80C10E2EB290CE710FD12E43CDC86
:1011700000AFFEECCE11B005CED2100A0334CA186F
:10118000DFD9457DFDEB04091F2AF545DAA7245E6A
:101190007FCBC8292B04C509E318AFE040580AD912
:1011A000D20DF9ECC9100CFFF2E8BB15DEDDFED65E
:1011B00007E2CBEA351F3A00BAE7E1FD170CF1FF71
:1011C000DD08FA1906D52A044EFD2BE3EE0741A7E8
:1011D00002F664E8F7F9C01D2572F525DEC20F019D
:1011E000360619F8E3D4BD0AFDDC46EEF317B7CC9A
:1011F000FBCF06E82E0801FC2C33B80AD20BE21C08
:10120000E404C6C5E24BE8BBEBE709020A20DC3682
:101210001EF9E8FC1EED2AB10FDC834106060E2EF6
:10122000692FD20B220C3204E70A0F23D5ECFD3CC8
:10123000E1F10FFA32D4E24B28F014E90CEDEBFBAC
:10124000051E031C300AE1FBBB0ADB28F816183820
:10125000E9CF40DD9734D509ECD21F142CD8F61A0B
:10126000FC06F3E0D3FED3F52FC20AF6E50D0DEA36
:1012700013ED0513F14CEC16FA0ECD10D8EDF9E98B
:1012800010EDA32AEE0610D2E048B8261823F32268
:1012900006FF10CEDA585DFE011938FCA7BD290FF4
:1012A000B51704F5D1063BE0F3ACE00AD0FE0C1212
:1012B000F91CF6180015F22EED38262AD5E23ED993
:1012C000EC03EAF4E50406CE0939FC0E0DE2F4F76E
:1012D00015322BDE15000530FE28280B071ED837E7
:1012E000E7C205DD14ED1A0B91DDA62DE4FEEFC972
:1012F0000C11CF13F230FBFC2031290E10B6594AE5
:10130000EA21E6DA09CE10000CF0090DFCF3B5AEC7
:101310000CF3FCD1FC1B06F0C6E3530BFDD5FE9B82
:101320004715C2FF0FDBFDFFF9080A2E44370814EA
:1013300014E0C407F0F0CEE80112FC06EC8F3C4745
:101340001D1B6518F8F42F29F4D323FAD9F7CE2002
:10135000DBC6082FEC1EB12E1FFC45EFFF23FBF16F
:10136000D61762FFFAD516F2F8EA44061D20BDF83A
:1013700017CDA273FD21F4DB13C50106F1E9ADFC25
:101380001B21FDFE1F0BF2312C09E0C5E0FD49F1E8
:10139000FBD3C7104A27060DFE231217D5E73CECF6
:1013A000D221BFE8A91910470C04300704F4050A3C
:1013B00035EC0F005DE602001610D4F90BF2162B87
:1013C00028041EFB3F0CEBD5FD0C1ED6BFDE0FE83C
:1013D000E218E8E03ABC0F06FAB817EEFB37161F22
:1013E000DEDF140DE8DE2024FFCC151BC9F4B40B9E
:1013F000E01ACEDBB60741FBF5EA74FA16FE040AE2
:10140000ECFCFBE12CFFF66AECF414F79308D71D13
:10141000DB2240D72F0C6101D73BC5E4F611090C44
:101420003CF4CBE515E002F9F7F925EFEFD9F5E14A
:10143000F602FDC10BF1BBC8CF17683BD7F303EE33
:1014400056FB12C4120F015A06251B0AFAFDF005BD
:101450004310D92DFDCBE4F2C4F4F81C30DD43E396
:10146000B331543BDD11FFEF284581F71EFFE02823
:10147000ECF3E1FBED33083D3AEDDDD3D4E1D9FBEC
:101480002C1312F62EF6C54ACAFDE2F510CDFD0664
:10149000EDE6CFD7F4D2C01610D0C841EACDB8F9E6
:1014A000EA4910BB1CEDFA302FDE0BC81FC72D1206
:1014B000242D0AEB04EEFA1D06ABE81804173120C0
:1014C000F914DEBFF3FEBDD90ED23454020453F535
:1014D0003EF6B6E7F5E32DFB05F33E1D14CDE4EA39
:1014E000E300DB3E20E3063124E2F911F6EE54F48A
:1014F00057FA47FDE42415FF182E14AA043823C90F
:101500002A1432F804D317F200FC8E1DFEFF0727C1
:101510007859D4FAD8CA2C0CFE4BC9B31DFCD17F24
:101520000252DA1809F31B43D5C6EB190B30162407
:1015300019D7191F58F93BF00105FF24E40B1DECE6
:1015400029C018D4380CEF241898F5B5D8E61B003C
:10155000DD06D025FC761DE22AE4CACDEAD5FA1CC8
:10156000341DFE060EE5031C309514010FECC80D6A
:1015700002ED1086483B2F42E4C8D48C3C3CDDFD94
:10158000F01DF12FF01A07ECEB070113284B11F7B0
:10159000F413F0B218DE11F73A0102CCDD20D8E4E2
:1015A000D85919C8CE0EB7E50F96FA4FE7C41CBF3D
:1015B000F4F4F5090231F9E38F24490D3DF922E6EF
:1015C00001F2014C38E9104449E9031115EB263EBC
:1015D0001019D9EB0907DE3B3309FEEFDFEED50723
:1015E00004D9290AF790060F32BEC16DF3C5350F35
:1015F00019E91213E819D3FB2A2F02F3D841031D6E
:101600006A31FEF120C1B8E22352EC0DF2F903D8A1
:10161000BD36CE00F5E7E13253EA030ADAD12501FF
:1016200030C207EBCCFADAEAEC33EA37075B3D1657
:101630000E186DD0C4F417CAEC0EDF4B7FAEE9F97B
:10164000C81415D9C4FFE6E00BD3BBD30446EA3770
:10165000D5DEE9CB019BF1031AB2171917EB202E47
:10166000B490F4CE0D97D7C9F4B222BA06EAE2F4E8
:1016700004CA36FFAC2BFCF3330B11FE121301FB33
:10168000D225E9E2DAB9FC4C31C3030B07F7DA05DE
:101690000AE107182A1FDA0926BC1BE70A371438A3
:1016A000E8D8F81F34F0C72C0F12F4084BC5D6FF4A
:1016B0004C01EB56FEE8C52CF74EF9A7AFFFE70A41
:1016C000385FF502FEA7100C01129FF2ECF7CAF882
:1016D0009B0DF0F8EE11E706F42F2CD50A253CD926
:1016E000D30F4DCD0F14120EEEE0E3DC151305FF02
:1016F000D619F00705D4293AC4090D1D1AF1162D83
:10170000B93EC6DFB904D60E120558F405CEDFED9A
:101710001018D2D5221C1B179C39085C28C4FEC7A0
:1017200029A316341AFFF220131D4B202CE3FAFBD9
:101730004E050C02F31A00EB14E0ED012FE0FC095A
:1017400006BB3B11F91C0930151805CADBB60BC2E4
:10175000503C05FDEFD02DF90BD195DF05AFD346F9
:1017600000FBF231E46D33F8E0B4156017BE26D10A
:101770001A097831FB1AE8FEC5E624E537EAA3EA40
:10178000EDC9ED02E309AE2329D61CEFEEFAFC55B4
:10179000EA03E912F6ECE6FA42CA03F0B0FC161AC4
:1017A0000A4FE1E208D9C82029D0253605D9F9FF2A
:1017B0000819FAABB37FEF16063121B21F2520F8C6
:1017C000E74E00C14C0CFE12200A0A0630F10F272A
:1017D000E899130F12F5F5AA382324311FDF1536C7
:1017E00001F68501372D2F5502A244EBF911D902DC
:1017F0000719453C1E021B2420DBE81FD4F8E4F83F
:101800000CF700EDD325232D08DC81E3FC0EF90154
:101810000FFE084ED50F17031AFBF715081CF91712
:101820003D49FFD01D0D0F192E112AFFEF041400A2
:10183000DAB67559EE1E2CCF41000F0CEFF5ED32E4
:10184000F202FDE1D1F2F9020CF71AD928DF0514F2
:10185000E3260826ED14E9F5131E11C7FB1B7012D1
:10186000F5FCD59C14E4E770F6F01D32FB4905EB5E
:10187000660F264100F528EAE6F8E03505CFEEF7D9
:1018800023FFE7CCF8F4F3580EBD011A0629E4DC77
:10189000EEF4E7B03D141E1212FF07F9F241F9EE23
:1018A0000830C8F1E90406DBFBC30CD02D9420817D
:1018B000FBF80FED05BC0F4314CADACEBDF51D3A97
:1018C000E51F1039145EFCDF3254FAE6201BF332B8
:1018D000293714E90E1CE64301FEE816251DFAFA25
:1018E000271D305AF5F3C5B1030A0F031FECF6EAC2
:1018F0001F143F1A04212038F90F6430FF202A29D1
:101900002119E96DF45328482EB5F7011D48CAE99D
:10191000151505FF10110450F213F7F1FA3510B543
:1019200056F42BFE1815E3262AB1E7D1F60108FD7F
:1019300006351E1CC9E3056F0529F9FAF6D6F62906
:10194000EAE9DD2718D61E36FD192EFAE63DD5F553
:1019500018E6DA1047C4F6E0EE1B05C71FE6D0B361
:101960000712F8D1F700EBF6E916EE29D21BDE05D7
:10197000F1FA35AC04EEC1CB0D121C5BF010CDF5C5
:1019800017F707DA36F11C07303B380800461E0A05
:10199000ED41E8E0C0DB1BCFC1FADFF719CDD5A2DE
:1019A00005D6D214F4DA2216E70AF621F2E128D796
:1019B000FA584581E4F12115F92B1CF8042C81FB20
:1019C0002A292CD6D4F3F632120B0FCAE7F5D2F639
:1019D0001EF0EAC8E30CFCF91E0AEC320D2BFAB635
:1019E000FCDEBCFF0AB05A3BCD23FA17240FEAF302
:1019F000E314FC3BBF22CDF931BBEB09E5E4F9F977
:101A00001C3A160ED8D4E2043D59FBA815B825C8D7
:101A1000E62E07E8EDCFDBC6DF1E001AF503E7135D
:101A200025CE45E3010548CCF60AD3E7080CF214AD
:101A300024F5E8E4EACEDD0D050E29F85CD6CEFCEF
:101A4000D910D309F414BD3402F92F4F0F27230303
:101A50001BD134FC83E3F532CBC819AF0015F0027B
:101A6000F1EEE0EE2EDB4214DF03246CF22936CED9
:101A7000465509C7E2DDEB3BD12FE1BB52A0FDE3A8
:101A8000C04A249F1281D9489B2915F9BCFE0CE756
:101A90000E39E804F0DEEE1220E6E3E427EF30240E
:101AA000DA13D11901461526E5DCE43317F8FBCD2E
:101AB00002DDDEFF3FD310B2EC122EF20E90B2CE5A
:101AC000FDFA1F031207D41A08DB233DEAF3FFAF28
:101AD0001015063B1DFBEC11E50326F6EBD31BF3BB
:101AE000051DF9DDB6D3060FFE040EE7D34B132810
:101AF00023FF29365019321531E64049F86329048D
:101B00000814ED150EB7B60AF019050001DD171A15
:101B100017F3DEF92DCAF4ECE6E8C9093D2CD0D95B
:101B2000313239D80DF80B11083A23E2E319F1F3F9
:101B300007040B3DC9A75D1481F5501018D20EE0C3
:101B4000EAE4C9490653121E05D73AF5DC23E74AF1
:101B5000EC043A2D08280B005506DBCC0A31ECDCEE
:101B600013E91DEAEB20F5B0C411003F07E0FEB712
:101B700019CCF91D0F10E7FDD2E90CEF17EA3D2053
:101B8000CA2A10EEBD19FAF52DF80BDD1BF8EFF49B
:101B90000C1E06C8E8D8E6FB4305190516E518B281
:101BA00095CA63061128CCFDECE6F73FBBE1FBEAE2
:101BB000D32ADEEA03F7BEC9E3D807EED4F70D0354
:101BC00008DD09FE1F08DF142661EA27E214054834
:101BD000002EDE8E07CEBA5B26BE56BB161B23E652
:101BE000FEF023FDEBD92D28F11A23FCFEFBF71D97
:101BF0003C1416DD132CD9FD470A412901E0F91BDD
:101C0000B2FD31F1C3CDAFD8D715C4E4211308CD4F
:101C1000FE1FD9492711C35132E7F7F7C12207FC4C
:101C200056353FDC26300F2507F8F584ABF002F17E
:101C30005EEAFD1001FADFE5E2F6E417A12E04DB0F
:101C400045080129D8F623E602EFC63BABDEC62BDA
:101C50001C35F6E1E1F818C35DF52092DDDEDEF11A
:101C6000E0160143F5EC3EFD29CFACE0D6E6C3100B
:101C7000FF0F34A0D4D4D808EDF7090CE91035BB18
:101C8000F51AE61330F1FAB7032031582935E20A84
:101C90002931D306E7D3B3D9E8F0D903E717F6FC27
:101CA000EA3E0317B3ECA001FFFB9745D605E5F923
:101CB0001150CEB1FB0DD6C30C4DD525F3FFE03549
:101CC0001D1F5ACB062EE2D9EFB31AC41639FDC92F
:101CD000FBC712119FEACBE85DFA8325E9E2F3BE68
:101CE000D7CB30EB08EFBF2305C6472A9E0AFBA2DD
:101CF000FC1CF2E71204B31AE40006331237F601B3
:101D00001C06C8470FD8E9D72408DFB4C01B030D51
:101D100009FB3FF6F81AEAEDFB30032B2724F430D9
:101D2000FE200813EF2EF4FF4032E4D4FAF5B3029C
:101D3000FDDFC3F90A46E2EF3CE3F23E6D36A4FF55
:101D4000DCEFE84524F029DAC7FEE854F317E2C3D4
:101D50001DDB20D00D15101B33C381F4190BE835A2
:101D6000F93CEEFA0DFEFAB31FCEF20C3301D0CEE1
:101D70001487FFC9F7E4D92617EBF6FEBB3709EE47
:101D800016B7DCBDF8EDF8F4EAE519E9190A3C3EAE
:101D9000007F38ED0DD4E31CE622FFAFE8EFDE094B
:101DA000F74301FCCBB3F9332932DEF12806F044C6
:101DB0002401FDC8B7E7EF2A2D459417DBF00FD2B9
:101DC000330117C507C2D80909CD9F1BF12A22FF8D
:101DD000E81F2FEC16DEF99D14C9D4CDE1F9EDBD55
:101DE0001AE5012DF3E9EB1AE31C3F571A1C19F70A
:101DF000E3BCE20718F8FC35AB243E336006BDF8BF
:101E0000EC1EDA344F0DFA18D7F9F803D727F6622B
:101E1000EEFEFFC1F5EBAFC9D9EA9EF70FFC18F74C
:101E2000C91228F328F20AD1CD0467DE0F332DE161
:101E30000EE7692722FCEF19FC09E5BC1E4661E6A6
:101E400012CA34F0CCE1F8AE11FAD6CBDBCFD8957C
:101E500028EF1139FAC300EAD21655DF20CF23E468
:101E60001905E3C0440A0127F9E9E7D110F9EF2386
:101E70003AB20BE73C1B06312F0DD2DACE17BF2446
:101E80000F17E992C1250E6A0EF108DD3E0E01E240
:101E900014135BDA0806C9DFFFE1DFCCC4022C496A
:101EA0001F50F41081E1A90AEC3B1333190E2319DA
:101EB000DBC2F451002F257F0462F3EDE1F2C5ECA3
:101EC00050BEF30D08DADCB7F31DDEF2E4C6FC37D2
:101ED0000508A700032AE5EFE9E1DBE7FC25FF5E43
:101EE000F554ED3EFDD22BBA07F5055A07013AF13C
:101EF000F3EC17C1BA0E0F1E2DF443021C3AF42561
:101F0000D7E1EB710EEEE303070FFCF39D39CE33FF
:101F1000180C50E23F060CD407DBF5CFB1F741C1F6
:101F2000F706FF09F222B74CEE6C08250801D70529
:101F3000EE18FF17E6E2074226FF3A1B0A170C0AC3
:101F40000A07A4403246B51FFFC2CB03D1DAF3071C
:101F5000E9E1B6E45E22096DCFBB42F1191BE581D0
:101F6000FC31D6CE44E6192FE7F4D81B342011ED0E
:101F7000D7F365F73116AAE9FCEE3C091B02B02441
:101F8000D109E6DC1610122FFDFD2C13013CF9EFF0
:101F90001918D9411501C959262EB5FAD8DBFC16F6
:101FA000490A23F6F8F4DDDC2FEC1D02E227B9FA2A
:101FB00000F212E0FDFC09102AE21E06F4132CE5E3
:101FC000E4EC2BCA0B22696DD4B8C3BE36EE0143D4
:101FD000ECEA0100B3EADDA33F38F3E2FB160BDFC6
:101FE000DB123BFDFBDF0791E9A61EBE03FB16F6E5
:101FF000EFF2D9F7F81B080B6B280DEF12000BD38B
:10200000BB3EE000FBD826F203F5F1F4C4CEFAECB7
:10201000EDFBCE1C161E00E002EBEC030FEF1704E5
:10202000F90CE01336EFDFEAF5FB640249F0C10773
:102030000BBF02EC0D5D03EAE32B99ECFB4025DFBF
:10204000D74013EAC0040DE3F9DEC74BC85908FBBB
:102050001803D51F27E328291DC127ECEFC1FFFA7C
:10206000EBFB41F6103A0A01F8B713D4C50D3D0F4A
:10207000DE26141251181C19F40F1B02EA01DCFBB6
:10208000041906DDEA16CF10FBFA13070AF3E01372
:10209000F1E2E517F6F30B0214BE060207EAE105CA
:1020A0000522DCF437D7E9FA00DAAA145818F80147
:1020B00008183F1DD623F7E2EE0226FCFCFE0C15A5
:1020C000E8CCEF17F62DD40F41D72CE73C31482749
:1020D00039073509C3E809FE1211CB12A64112F3E4
:1020E00001C3F8D7FCFCC4190F2F3EF0D330FFFC1E
:1020F00001D52E02CA1D0CCBE8E1FD070F26041303
:102100001C0A34CDCC2ACFF7142318101F20D80B6B
:10211000EF34EBE7D91CF1FB1106E01331170EE2A7
:10212000FFF7BD3BE1F3F37FB003330C1EBE250187
:10213000F816D1F9C5E110EFFAEE1DF9215E09F4A8
:1021400039F0ECFF2ED010F8FC0ED5DA06D9FE0DD2
:10215000F73EC33513F8FAF1FDE429E621260C1504
:102160000DFAC528EEEBEFF3F1E4DEE20740B61D11
:1021700003DDFCEDDDDBD502BF0EB0EF3521FFDE68
:1021800021EBCF070E0CC2DD402BF01FAF1A0D1C48
:102190001E93F60CEFFEF8530E2BED1D2106D2E632
:1021A000181BC50B1F04FFECA7D6D5EEF548D8CBFE
:1021B0002511EB0C09E8CF09FEFBDEF0E3CBACA266
:1021C000040938D94CC6040E09D55705D7279E2EC9
:1021D000F0FB140EF21D09DCE52BF50EED2A0E01C5
:1021E00020480212E43FFFDCE3A9141BE50AAE0716
:1021F00011597FFCF2FE0715191ED0190CF10B12B4
:10220000EA3FE6F665FFE30BD9070FFF550FD4E66B
:10221000F029E7D9E9172B29E0A9FBF523F0DDF92F
:1022200030E6E62D0BE71221F3042FFBF135D50044
:10223000DD3C1707A54B0EDEE903C624193BCD187C
:102240002F09ED3CE6DEF40EF9D4EA22D0DE20ECD4
:10225000E3160D16EFA0E829010CE3EA1B2107D0D5
:10226000FD070EC9240611D5F326181BF1E002E97B
:1022700005E20C0A1F19051BEFEACCF5E422181140
:10228000E6E1D91DF5DB1C20F901BB31C7E60BF5F2
:10229000D8D20FE525EFC52B1DD22BFE17F217065E
:1022A000DDE002EAF8D6F2D2F6BC21DF13BD071F4B
:1022B00021870A0AFDD31AE606D11004D4E12D07BE
:1022C000EE2D2EA83B310ADAD90D2E0F0CF81C4C3E
:1022D0001763F6E900DBF00FED0ADFF4E30C23FFF0
:1022E0003316F0E10DFC1007FB160EB4151EFB298A
:1022F0000DEA3E2DDA2709F705E62F161E28F923E9
:1023000024FFB5E79EE9DEF5D80BF6E3CF64DF31B5
:10231000360FC1F727252F2FE29A25D0E80FEEFAC6
:10232000810DFA09F6D515EE1B123F102B2EEE0685
:102330000BFAD8FE02C61123F72437E13E120CFC3B
:102340001304DDE9D3121F0BEEE7EDD113210FC00B
:10235000F41600F703BCC238EC12EAF61B101E0399
:10236000F903C4F2151D12D0293E11C3E7FE1BE785
:10237000EECE0F15C825FD12BDE611F2612EE7E77E
:102380000E9E28F714ECFFE4E0F0CCE6E303DBFA62
:1023900024F40904251000112BF2D816DCD21613F0
:1023A000F6CF2C06B6F305F60A1D1629F0B308E49D
:1023B00015B4EE10C53541021212FEDE3221DC1AD0
:1023C000C1CE280019B9F8E6EA2CDFE8170ED9D3F8
:1023D000FC1115F1C421F8F72836F30B348CE1F128
:1023E00012FDF6E34DBFED07E03528F42FD102FFD3
:1023F000F6E7AA0ADAFAF2FCF8AAEC1111042BFEAD
:10240000034BEC163722E0F5D306FBD078FD1F22F4
:10241000CEF80BFC0310EEDD1F16F911F413251C8A
:102420001D10FF1DE3140DC1DE2606F207F702EAB8
:10243000F4DB0F0531FF4C7FC51D10DBEFE8EB3EF1
:10244000E2E110160C3A09EDEB700C2494C94C44EF
:102450002B250919E8CDDFD608D1D9EF1EF1DDED26
:10246000DF0200F30DF0122FD6FB04E431F528163D
:10247000D2000FF5230DCBFAFB4D0002980DCD11C4
:1024800000D606F31A14A7D8E03FEC16F51912236C
:10249000FCEFF02E89A5E6F4DF43FF321C1B2AF384
:1024A0002105FECE1BEE5A590A2208F9021CDCC691
:1024B0000F1637EE24171DC9D9250007D7F3F414DA
:1024C0005932EB2DFDE7E3EB070CF1FCD4231E0A98
:1024D000EC15244BEBBFD609F2B612181FD616091D
:1024E000ACFFE9E4EFF1DD24E2F1F0FA03E53711A6
:1024F000051815CAFB0D4DBC56240613FC00ECF85C
:10250000F003131EF6C8CA50EE04D41D1AD1ED2BE9
:102510006521E8DBE90326F00DEC2B3C5710513622
:10252000F651F9E9DDEFE4FBE2E6F80EF2D3EFFD58
:10253000E12B00F60DECEDE5EB0307C91509DAE236
:10254000EDE0F11CD900DED5F1E300090C0F0AD94A
:10255000FC2BF9FC27EEDBF101EFE40701E3DFF4EC
:10256000099DF826D2D2E5071908E9F4F91A2AF2EA
:10257000260CE8FFA80103E600DC011ADF129FDB4E
:102580005C0DEAF71014FAF6F42DDB2F2DD1281D7F
:10259000110A2513F5F90A1F01FC08FD0F119A6DA8
:1025A000030B06B7E4F20E12E4C0F7E4EEF429EFF1
:1025B0002205E20F0BFF0CE6F430F40E1A13C517D8
:1025C0007FFBE5EFE7F700E425DF0D0206F3E726E2
:1025D0002619CCEBDC099E29FD261AB303F704F774
:1025E0001F0D0DEEFAE020D2F0E50E4AA6E2C3047C
:1025F000ED16F41DC0E1010722141515F31F0D3669
:1026000039030AFAD7E723E2EDEBEFF1FFE204002A
:10261000F411F222F8ED3BE7E000242D272DCC0742
:1026200027CE062A0D1B3FCAF02C0814D50C1A3CE5
:10263000E501EAD10B1A5B4AF10400D7FBE4FEEF97
:102640001248091F1D10FCCC35F109C704FB3306E5
:10265000CEF5E2F626EBFD1A23D3E4A012F3160B17
:10266000F8F600D1DBF50BDBFA38CE0406082EDBDA
:102670000C070633CCF5431A060D12DF0C0ACC15F5
:1026800038F1F3B00A3D27B600930C14D9EA2E09AD
:10269000001404E2E0DC5300F11D961138DD01D690
:1026A000F2E606DBDB2509B3A9F6EEFF1B200CECF6
:1026B00018DE0A27DF0F13D6EB0814CE3A11DC0A16
:1026C000059A05EA3FE90CC619070940F30211E82B
:1026D00018E722F8E9F042E1DB44121313FEF4E1BB
:1026E000D7181A113E35080998FCFAE30E0EFFF8C8
:1026F000CD51E805FA0BE8F0E8F8E6FB3418260DB2
:1027000034310DAB03DBF1C31BE0DFB417E91C0769
:10271000FFF8F7FF21FA300648DEFBB807D935C7C6
:102720001312EB1622F381FFF610F1DAEA3BF01CEC
:1027300045F6FCEF01DC1310EE1D1AE9FE1AF3F367
:102740005D1606FC01019D0B030F1D1FF9FE14F61B
:1027500000EDFF3FC7F312D34010DFF8C4F32CF8AD
:1027600031EE1AFF5DD3080FFEE2F62719FE4EF494
:10277000C1F6081EBE482A245CF50CF2250410FAA6
:10278000E9DE180B1BF2F22E08FE08F3FA3A25E1F7
:10279000FDD0D823F5F1CC171B10FC1023EB0395CB
:1027A000D4640A14F82B35C915DFFAEF2D16351944
:1027B000C316F9DD1AFDFAC10F450DE3EAE64D290E
:1027C000E7D21206C9EE15DCDD04F8E61BE34B2B5D
:1027D000E3E0F90F18141E541AFB06170A03E5105C
:1027E0000F00FBD704E725F8CDE003ED271111F822
:1027F000F51BDDAB0FEDC2B808ECF65312DCFD2083
:10280000FEF0040E00E9F70125DBDDFCE855EAFFE8
:102810000417DD450C38FE062DF27F44131330EA11
:10282000305532E11075E61B4D05E90FE3FAEB0573
:10283000FFDFDCBC6A1406FFFB00C0CBDAF9CBF388
:10284000E20316262317291AF816D9D103B10A0D67
:10285000FBFED7DA1BF6E521E8E6FECC7FE0130DA0
:102860002BF813DB1E0D173722F4BF0534EC0337AA
:1028700032A2F509E2FAE521F0402F05F6F67FC312
:1028800027F91AFA16B906DDFBE10F11F5F61ADD84
:10289000FB05E11010090023E31BFC0E140D101DB5
:1028A000DE07F917D2CD20E808FC2409D5FBD3DEDA
:1028B0000ADE060E0450FCE3072413F3210B271451
:1028C000D80B3B0219CDF4A304CC0EF1F806DA388C
:1028D000FA0217131D21190DD6EEF521FE3EE2E690
:1028E0000BE6F711F92AE419E0414B13E41745ED23
:1028F00017E56E32332ED0B429032518F9E8FC030E
:10290000FE25FAF00FD9121C32CEC5CD6A31FFF880
:10291000F90D1AB525EE1722D20C1E1B0BE0DC04B4
:10292000F0FFCBF1FD1B8D230421076B170A430A2F
:10293000D0EF4C14060206DC1CF2E64C0ACFF40B76
:10294000DCE8720CF0F6E1471F0E11FCF54A0C5F53
:1029500027EEF23714FED3FD0304FB3815E0E3093C
:1029600032D5661E07071017F427C00FF8C70EF5FB
:10297000E2E20FDBED0B081B0E10D8120DD1CBFCE1
:102980000FF7EA02060C5C0CE0289DCDFDAE191C89
:1029900015190C0700CD9FDD2F1100F518182EE634
:1029A000EE0CF9EEE20722AFD8040FE601F406EED2
:1029B000EAFC041C0EAE0BC720A9219F202216FCA6
:1029C00011E9E72F05EFC3D923DB1201D803163332
:1029D000FF10E549C2F72D1EEFEF4209E52A1AE57F
:1029E0000509BBDA0EF702DFF025F8D7131D10E951
:1029F000171A0BD3F9030F15211F0B20002309F41D
:102A0000F8F6FD39F4A4FAEC15D8DB40F7FD13D73E
:102A1000F41940E1FD1A39F73DF5F415F1E2A82269
:102A2000E318FEB32ADBF501FBFBC4FA1DDA184AF2
:102A30001F531BF1CB39E22CF7F64E3FDE341C1C42
:102A400004F1AE250714032015F3D1EBF1E3F9FAF5
:102A50001C0EEA17F1E1EA0C1E21F4EAE8DBF0DDD6
:102A60001AE900C9F7F9DF000207FA15F1E936F7AC
:102A7000F91636F7114FEB15F70A1C1FFB31FA1840
:102A800018FFF8F31D2BF1EFF50F04DE11FC15DC38
:102A90003307EE3E10E708F40661FEE9082BFA144E
:102AA00017FC14BE00CA0BDFEF24BDC9E81F16D304
:102AB000F2F8C007E3FE2334362907D8EBE0FFF62F
:102AC000E21914EE252131FEDC1FC30F02B6080BFC
:102AD00005F6CEEDF6D7DCE321F51D2A0039270FE8
:102AE0008B11FBFFD8EA41B3E211CC0F18FE384D31
:102AF0000FE91AD418592D100EE8601D1D2011047D
:102B000026F5FB12EBB9F02C18198EF308EC253FD3
:102B10000711061E0F7FEFDC08EDC758FB0827E6FC
:102B2000F212E4E70C142D3EEFF31626E9EEF83F1F
:102B300018E40002043AAB20FDDA39E2DED4F716DD
:102B400004EEDC030359F61D25012C1C1040E7EEB2
:102B5000022728C80324FF36CACC3434E04832EABE
:102B60002201C540F904DFFA17EDF4FAF6E700EDAB
:102B700016B915E91408150F0143A620EACCEBF0AD
:102B800037CD57EC080ABCF1FFB6674B1914FAEBC6
:102B9000FFFDE3EBF1B44E1212533914B4F80E2BCF
:102BA000F500F7C53A0BE9F40C25FF160B3211E6D8
:102BB000F2FE0407DB302F1BD51563F24C0D040425
:102BC000FFFFF116FD6EE5170917000BE653FA1C1F
:102BD000F12250641D30D4111120D2CA09D812201C
:102BE0002C2521EF04081C8103F5332121D1DFE4DA
:102BF000FF1314D9D8042601EBEE2229072535D579
:102C00000B35F31CE6F40C3714E3EEF912F1DDF0AA
:102C1000ABC98101BDD1FE542032D613FE1BE5E5C0
:102C2000F450E8EFE43EECF735F006FEDC2478D60D
:102C300019E45D0F0922F00E24F617103370F966BF
:102C40003D1EE416E3D009E1D0F0EEFECA01F627FE
:102C50000505B6FCF0F27FEE02CF55FC23FFFD1018
:102C6000F81C12FDE3450C46E1070F03C5EE25D91C
:102C7000EFE44114E926FCD9C7F0F4ED5F160DDA54
:102C80000AF013C4D8F2E50B04051F042C33F30E2D
:102C90002104D3000B0002E8F816DFC6ECD622FFB1
:102CA000FF04D50CF51AFD18D5D6D6EBE90511E8C9
:102CB000B5F20402C235F215CD10F5DD02F809C8EF
:102CC0003005D50DEDF2FB3901DE23C5ED63DA5B8E
:102CD000FE10E0F826300B2EFAEEF1FAEBF904F5CF
:102CE00000E410BA00F23513ED3639F81107F5F7A4
:102CF00010B42C382FF5261AE90AF1B6CD1D07F0CD
:102D0000F618D6E11514F4ECA2EA361AF1FB003FEE
:102D1000F418FD46DE07F54EF6B6FCFC0323030669
:102D2000F3FE3AF20305E92AD01BFE011E1FFBFB4E
:102D300001E8F5E93BE8FA1BE90039D6EB030509A0
:102D400053E4EEFC230EDA1A47E41CE91EA8492FCF
:102D500021F7F1FF0523E61B17FFEFF4D8D6F8DDC6
:102D6000090809F2C92BE2ED52DCF3E8D20D170293
:102D70003BEAF10AFA07E841E2C9EB09D8CF0A2099
:102D8000E7CC0C0AEE04F72D40DA0BF5FB15F54005
:102D9000E6FE0AF8ECE7D7CDDF1DF7E9A9E0040B62
:102DA000FB52DA07D0211CF613DB2E21FBF3FABA13
:102DB000D3E21204F103D40C3AEAE2FC79FD452D8A
:102DC000F1F0D71FF4FDFC3CC5CDC9FC23FC410D3F
:102DD00008E5F829D0FC00DF16E7D0EEDC1FFF1C69
:102DE0001E26FA1434F4092806FBD1D60FFE02D7AA
:102DF000F115F3DB11F8171B15E41CFDE717095A51
:102E0000360FFAE8EC4417CCE406F381D22A002A04
:102E1000EFFF151440C4EACCDFCA02235C19E6E8D0
:102E2000140911F6FEDBD91AD5F40E0E00180C1891
:102E3000EE8E380114F2D5EA5E06F60705DDD829D4
:102E400001F443250ECDE5C8C80ED0F3DD0B0D54BB
:102E5000E7FB1A03C516FF4EEED3A6E7ECCE243DE2
:102E6000E4D3F11114EF10340D29FE101F591CAFDB
:102E70001D000D1FEDFB0A19C1DBCE01FF07243534
:102E8000F9F22D1427F61FD2F5D90BC646F7F5F542
:102E90000BE525F738FABE000AFE04F5FC81163B67
:102EA00007E01A1021B3CD22E808F8E7FA0219EF7B
:102EB000E1D6DCDA162503FEE523CEE74717F6E672
:102EC000B13721F209090AFED8C5C7FC0508F71772
:102ED000D3F8EB0D55F6D14EC6F455D6570DEF3E4F
:102EE0001DA9DD07331F262315F11B8CC3161422E1
:102EF000136BFB2DB80D34F9E6DE16464720F3F5CB
:102F0000000409F5F526213EC8EEF01831EF172927
:102F10000AFE07EE3C10FCDCEBE0DA0D2443FFF781
:102F20000151FF1BF42504F807B31E1D03EC25F81F
:102F3000161609DFF80A15FB09099DC71E1BEE12BC
:102F40003DFCE9F8ED1B035F09F222EABEF0C7E998
:102F50003A240EEAF71AF418CDBE23FFF410F5BE9A
:102F6000E8EECCDB15E7D2C316D5E5EDF5F806DAC9
:102F700019F1F9061207E12DD919050761F6252186
:102F8000F310E90CA50D197328F12808EFED0B26B5
:102F9000F6D7DDF7F0F601ADF2E1D7CB12354E25CD
:102FA00026E04F0FE1D7F8553A0CE30ADC143BE07A
:102FB000F5EAE1DD052A0B5EFDFE0AF91E1504C2E5
:102FC0000534090C0D180107EB9D0214E9D1FD0B26
:102FD0002104ED02090207FA91C1EBF74D2700FC2D
:102FE0000CFCD704FF11F4BE05D30DB3C9EB0B0CD9
:102FF000FCD3F80A05D52A0025E010F081EE011374
:10300000F6D7E403C700D40833CE10F946DB20031B
:1030100036F7192B18D5CB0AEB0715DB31001FE863
:10302000FC031E283FF7F801D8E6CF10EA2C16F66D
:10303000120B24DEF1CB37050B07EBF618112E032C
:10304000D4004B23D5CAE70E09BA0B001CDF0302DC
:103050001BEEA90D28F422FEC2C6F9FFFE83E6DDB1
:103060001AD70CDC0944FCADE0181B01EFE000149A
:1030700006F809F8F4181D2EE10E032CEF815A1200
:10308000F50815FC2619C8FF0C21E093ADE0D6E247
:1030900002EDD0EEBBEB4009EBB8160C1F0E08F9A1
:1030A000069FE5E9EA290F14DFE1FAF8F6190E0F99
:1030B000141700F4DFFEE7E01608F7F2F341FE1202
:1030C0003DEE20160313E90608EE07DD2449440E01
:1030D000F92BFCF13D5DFB0F1CDD24FF38E50DED08
:1030E00009CAFF0BED20FBDEF5F909D0393B1916B3
:1030F000B8D4E5D37E193F151BE9DB0870161C1CFC
:103100001F1AEFCE1D37FCFFF90623521AF1E90210
:1031100040301915E70BE5F35C06FBE5FF36C7FD0C
:1031200001D4EFF91BC011E0090FE10A18FFF50601
:10313000EAFDE8DF9D12EA2619E5EAE2141D1221F4
:103140001D35D6EEDDE6FBE302F8C9B8F141E1DC5E
:1031500024F317C51DE2D9092FF4E9DA1FBB12F4D5
:10316000D21C17F20903260EA8B2E3C6230FF718E4
:103170000B0C04112818DCF60AE901F3D410DC0763
:1031800021BDF1C820C919F8880C0C20E540132B8B
:1031900004F6F6E1081343E3D40A110837EEFFF111
:1031A000CD1F7FFFD3E71D81E319E5D509D01D0DA4
:1031B0005EB2C6001329010C065E2FC8BA15F605CB
:1031C000E43B283D8ADBF714F2FC45DBED08D8F937
:1031D000EFFF202645F5EF00F6230806C429082B4B
:1031E000EA32E3DAFCF619E9CAA4D9EB1921D717B8
:1031F000F7C5F6E428EBFAEAEAB5F3F62CEC13028D
:10320000B020061E162218FFF1FAF9DC09CFDF13F1
:1032100007F6F105189AB2ED43BBF1DA03262B123B
:103220003D33EF170EF5FFF668DDF729FD06F3EDE8
:103230002E29FA0DE7FB2C2E1F26F3061E17F82564
:10324000C20B0A49BA00452F1D26E711C9F513190B
:10325000CFE2DE0B1FF905FEC1B7F5C1210BD0F39C
:103260001DEA2CE5F125D007E9B7BFE7DF05021D10
:10327000FBCEE1DB30E41CDF55FAF5F0B547EF118A
:10328000391829F3F22740EDFBCDED0F580532E256
:10329000EDFDE8F72EF5151BEEEE2315113D1DE8AB
:1032A00060F6180111003411EFFBD4371357680F83
:1032B000FFE4C6D90663DE0AF5F4C90426CED012AF
:1032C0001DFE143AFA2607E5FCEDFF05FB03181472
:1032D000EF01012CE7C21316FDBE05291AE902EE23
:1032E0003904E5295322B9E60B57E6E1D402CB1A9B
:1032F000EBEB18FAF61521F2A40C0F4D2BA62BE9D7
:1033000051E1122526FBD90C45E01219E5F20F0117
:10331000CD5C09F213171BF8B8081E28DDF4FB0971
:1033200004EFFDECE0EAEA1C320F18E9D4ED13DFFC
:1033300004EDF4DCF7EDE7FE01DE1B0414010116D9
:10334000EB011111FAF7211B1A130F0ADBC414D970
:103350002FE50533351219FB0BDEF42237E1AFD12F
:103360001DEB03E14311031B19193224C706EDE7D6
:10337000ECB0D0111EF515E00D4FEAAA03CE4214B1
:10338000810EF50533E927DFF717270CDAFB3455F3
:103390000900063ED80424F803350F22CED41A10B3
:1033A0000B2AF91B04F4FB1C2BE603D5EA1CEA17D5
:1033B00042F622F1AA0E1501F02BEB46D60EE1F8EB
:1033C000DF1603CC11DC02090DE810D80309E0EE8A
:1033D000C798CBEA051312F305F026002306F2F096
:1033E000C6E601C2E3EDC404012AE903F6111FFE9B
:1033F0001C0E04E54038D5FC2A39121201AA19091D
:10340000E52DFDEE28EFFDEEE7D9F90DF8ECEC0522
:103410003902B0F8E0CAF40FBCC6091A1503030557
:103420009D1DFFFDBFFAEC13E3DC0BDD1FD8FA0195
:10343000F2E5FD1B12DA3B00D21500BCD618392B81
:10344000C1E90E4B1E18C581E1E21726F4082CEBEA
:103450001006DF0826EC111F24EA1E17E51106F7F7
:103460000733E22E07F0EDDE2230EDE2F34421FCDB
:10347000F5F381FC0BF31526C80906B519F9FD1AF9
:103480004448F10AFEDAF4FDFFB40B19F4FD1EF115
:10349000072913F7CC210E0715111C00F20FDBF1E1
:1034A0003D12FFE1D50FDEDBE6DF27ED38BEE0FBA6
:1034B000D5E9F6C3E627F5FB2EC60E0718F5F6E2AA
:1034C00035F3E9000A020409DD1D0AEAFBF113F1F4
:1034D0003D60102A170A15F73907552406E7F40C42
:1034E000FEB8ED0EF623E4FEF2F80AEA2BCCF1E783
:1034F000421C1D04FB00F60B1F5006FE1B27F5F9AE
:10350000E6C10E3AF5F1F6EC3927E1ECF3FD09FBE3
:1035100003C0FC03022BE42C90D7F802F9290AD748
:10352000EFD192200F0CECE5356AE8FAFA2001FFA2
:10353000F6E046F715E4E803E51B1E01FDE8F7F4A5
:10354000EBEF2EF1333CF5CEFEF0FCCF1200DBF7B3
:10355000FFED10D8DAF1080ADDB56B0B1D0B0CF589
:10356000E8AE2D4AD9DEEFD53BF705BEFE001D0DB6
:10357000EC0B02E81A0DB10DE409EB0512E400F5BD
:103580007F2BF51DD54813E209DBE6F41323EF1179
:10359000CE06FD09EBFF23FEE31445D614040E1BF3
:1035A00001AAC3BBEFEA0827E42E1EF5FEF133F0B3
:1035B0003BFD0432ECCB0BF1C2C3EC1703F70FDB7E
:1035C000CF3D1608EA280307CC0A1C1F1AD0EFF7D4
:1035D0001C2AEA04FEF8120F03D2E61D21DC2401A6
:1035E0001606D3FD36D8EFEC21AFFBFBE8000A024C
:1035F00059FC4AF713EEE60DD52F16F0FBD5FF0167
:10360000F2D8EF59F2F7F408D7CD10EF0F20FBFCFA
:103610004D36F431E6A90310F104CAD9F43DF9217D
:103620000BD03AFAD9232507AF2A18BEEA1429E5A8
:1036300051132F141420E4DA353001FDCB2AF9C5DB
:10364000CE1B19CFFFDF18E9B0FF04E6EC20E6053A
:103650001A1701F1F6D7E20470FEFDFFEEE415162D
:10366000F5B7F93D240CF70DFAF422F60BDFD8E19B
:103670000727E1E30DF9171F08FBF4E65814150FAF
:10368000FE4F01D91BD80352DEF122F4F1F1E20E14
:10369000EF07FCEC1BDF360749131A22C70203E1D0
:1036A0002608EFF4D7EE0C241EDAFFCA2000E8F259
:1036B000E8FA24F50AE1D017E8D83F14F3D519F059
:1036C000AE21ECF0F413E02539D1E3FAE30A0B283C
:1036D0000FD50E1315EEFB203503F1DEFD1AFEF3B8
:1036E000F0FF1642E7030825F7E4E623070C01C1C3
:1036F000FED937111881CB06C2FB0CCDE7EEEFF6F1
:10370000C42B1CE4E619151C0639DA10E40B0B1166
:1037100064E4F22EEB460B1F0FEFFA870B14C1295E
:10372000FDF117D811EE1BEF04D20A2F1BD7FF06AD
:1037300024D705361312F8FDF4F4CC08F8022A3623
:10374000C1F11A3A8115161C1C0CF33319F7F10359
:10375000F3F4E81A1311050D053B23C6E2F5D5F184
:103760000AEACBCCFEFD1FE1D0E70A0E4447DEFC9F
:1037700059F512E7F8190B1FAD7BFCFB170809067A
:1037800040EB1E9AC1CED90F09F11E630BF81CD471
:1037900022FCFF16F7340CFFD5DD1FCCF2EAFEEC5D
:1037A0002928FB15F4000ED6EBC5D6FF0FF4B9009F
:1037B000CDEF60E60512FF1ABB31B8CDF60500E883
:1037C0000724F8E9B90ACBDD4FBDEFF90B07D41593
:1037D00001F8DAB91BE40709F526040BE95FE2C733
:1037E0001C4EE2260FF4061B24122810F7FDBF0220
:1037F000D1B814811EDBEAFBAFE60F28AA28FEF33E
:103800000B18D123FCE900D0DA112C0E0EF9281682
:10381000110315D50707A9321EEF3FFE1FC30BFF8B
:1038200014EFF91FF8D43AEBE63D32290C18160CC8
:10383000DE1DF7F8DDD6E9E4E9DB18EEE4F83DE05B
:10384000E6EA0DF922C6ABECE6FB16FF1802C01241
:103850000BEDDED8B93C3A19DF2D09E2F11CF00777
:10386000DF01E302E8E8E9F30AEFC7E3011DD6EE62
:10387000F42216E0F40BDACBEEEB2425ED0605FA84
:10388000336038F3E00E12261FC6F6CED42C20C4C7
:103890000BDEE4D924DDE13016DEF6F8EE1BDFFAAC
:1038A000E8E007C8EB0C3353FBA7BDF5D824DA16C4
:1038B00014F1D3DBD2124DE70BE421E815FCDB7FDA
:1038C0001CF705EF360322E6EA70F620CED52AFE75
:1038D0002A010B2709B603F7D8F0F7FDFFE5CB0A5D
:1038E000FB03FF62EDD8931A0B0F011459EE30E47D
:1038F000F938E21B11F558FD0A16AE1838CA12FD48
:103900000249F9DF04DFDFF12123A816C1D80B0E2D
:10391000F926C7F10A3E06241ADA0FEC1419FEC67E
:10392000DCE8E3F439F63EF2E822D3F5F628E603C4
:10393000FEDBC7F4F0F2FAEFF512F3FAFBE700E86A
:10394000F7D9F615C00C47EA07F2211E081622C760
:10395000B6C80EE9E41833DEF80185DAC9F3B4DA43
:103960000111FA0105F700FD03112108F21F4004BF
:10397000081712E735D6CEFC0EF4DCFE2030FBF63D
:10398000DBDFB205ADE0BBFF1E2932DE22F9E3D258
:10399000061BF95E069236FF03DD49FF7FF604ED54
:1039A0001DF308F9EF222600DFE10B1D22F819FEB6
:1039B000FE1AEBDE41F5FD2206EFFDE3271C05EDC7
:1039C000FBE625E4FED516F6E43A22ED1B2225FCA3
:1039D000FC02CFD7110703E7EB1B100B12F61ADF1F
:1039E00004FFC7FD94EC020E30B70309B574EC1860
:1039F000F505DC25F203B728180A3BF229EFECC8DD
:103A0000E92EDDF9181331FDEBA527EC160718BEDA
:103A100003FF290A2E6307F3F48839FBFA160B1605
:103A2000E800F50936DF20FBFFE40C06F844F71543
:103A30001BFD48DC0A1E5929F802CB161E33ED1E69
:103A4000ED1D1E0AE6F7251114E8E9EEF42C0A151F
:103A50001B7003F7FCCF0E0D0CFE02EDE3F5071C07
:103A6000E7ECE4CCE8F82B3BFBB0EDC9C514EDC6A0
:103A700002D7305C4AF3C2CAE7EAD211C3FF39D495
:103A8000E410D4EBE734B2AEEA26CF0ED605C8CFA9
:103A9000D917DFE520F4FFD3F803C535EE15A6FEF0
:103AA000DCE2E505217FF90B1206DEBE000CF4E92D
:103AB000F114E045EDEEB72816D61BF71240FB1ABD
:103AC0001CFBF9EBD647CD14220CECF82132EE2F7B
:103AD000F525E1E306E22ED939C0F808F836CE0123
:103AE000DB0D43D4174000E11BEF3452FEF3061AFE
:103AF00014D92BF2FEC5181EE80F12F60A16F90AA1
:103B00001EBE24E316A315CFE9ECF30004FA1FFE52
:103B100001BE81D0EBE92EF3E6CDE3132DD7DC080F
:103B2000FFFF51FD1B240100BAFDFCE6FB05E01A76
:103B3000E02CECEC10F0B2CFE0AED5D6CE11A8F16F
:103B4000F3EB1EF425261E2F041421FA2AE70CF8A5
:103B5000F61C24F3DF03A82412E1282F01051E32EE
:103B60000E020003DB2AE0D4BBDAE622E1EFE9F93A
:103B7000F7263F1AE92DF705552806FD4113CF1703
:103B8000E89CDCB907D0E5FC3D4F19E8EE0140297F
:103B9000071FB7E81A0A133A01C7E4041721C2F154
:103BA000EDBEF7FCC40004F2F3EFEFF11DF0E012FC
:103BB000011FEE22FFCEF7FC080EE50AE70537F2FB
:103BC0002BC1FA061ACE55EAEE126601DC0ED40CB1
:103BD000114B10F233C9FA2B196FEAF91B22D518D1
:103BE00017E012F6071D2B12E7E0E90DE0E52100D2
:103BF000090A00F4F9F8F56D42FB23E50EE20C0822
:103C000017F703FDF00B1E0AEFC93BBCD4F325F4F4
:103C1000F9F506C301260A3EF0302A352EF0B71317
:103C200007F9240231EE230AF8F2E51DF6E00D1D36
:103C300026F2DF090CF5E10F1103E4F514E213FF9E
:103C4000CF0CF9FB1533F70010EB15FFF410FAF366
:103C50001CF3121D1FDCFCCE14CCF4031A03E81174
:103C6000E1900CFB1A03C8E71BB9D8E10A0AE32E5E
:103C700002E2DCF929140813E81ABFE42DF1067FEB
:103C80000CF817D70AD8F4EF2058F62F22D8EBAE4D
:103C900009110EF612FEE1E2F6E3D4CC110ADBFEC6
:103CA000F70F3A1FF6D1BE181E1AF2EFBAE5F4F478
:103CB000F1A7F5F3B21795FA14EEF94702030608D7
:103CC00000EC043BC51AF007272E0D02FBF51BEB99
:103CD000FF4AFDC5062426DBDC16E910F7F7130FB3
:103CE000F90FE714E7E306C5F3EC2FF6F90CE43718
:103CF0000402F1450DE803DE333021C9F3F3E1FBA3
:103D00000260EE131A0DF5E71330FDF025D4EFF540
:103D100001F205E435F5F1C7FAFEDCC3E81A01D873
:103D200013C73AEAF7F50A103AAF390FC2F4DA1DB1
:103D3000FF07D705D8BD07FAFE2C0D07D826FBF7DD
:103D4000FCC7EADDE81814E333475901F9DAFCEC63
:103D50001B0623001CFF14FDD8074238091BD6FAA6
:103D6000CC00D80C2710FD0BD3F510161D431E05F3
:103D70001BD902CCDCFB0BED010B0AF5E30602E0DC
:103D8000F90DFE061D2DFCF6FBF6D3F2FDE41A013B
:103D90001809DBDD2E0644DF271AFDE20F2F112064
:103DA000D70BB7D6B3F416C3F0E5E31DD3221AFE42
:103DB000E339CC232D08E30D4EE3A741CDF70508E9
:103DC000FB182505E8C5220AFA292EF72FFFE7FF81
:103DD0000EFBD83A3C4620CEDA0BE1E20C060CC6CC
:103DE0001AF602F9D3170F55002653F00C0E0414DF
:103DF00013EEEDFD1203FE19042E1CFD0F0D31DF35
:103E0000F8B8EA1BE1EF11EA00C51F020827F8F82D
:103E10001FEBC609E0140CF6C93209FD02F110ECE3
:103E2000F73CEBDFF828CBDB072C43ECFBFEDB0594
:103E300006EF16EF3342351D10C5DCF6EB18C7ED63
:103E4000E6D01DFCEBF3D20017D009EEEAFAF1FD43
:103E5000FE36FFF21830070BFDDF2E011DEEC7E224
:103E6000F80CD615F3201F073A5314FCFD03CD3B85
:103E70001615D5F63B3A2B09EBEDF9131E21E50C8F
:103E80001AE6F048D803E504F4A7E866D51505F965
:103E90000A1C372E1F19F0FEE70B390FFEE20EF059
:103EA00000F9E5E6DA022DF51CC5E5DFE5EDF8F1F0
:103EB00013F3DE11DF0FBDF22CC2F514FBD50AFEA1
:103EC000FB4C05180507F6EE0EEBE2F10F0F19FF9C
:103ED00000D3D3FC07E80818CF190DD944FB1DDF28
:103EE0001E0708140912E53441E781F8EB06F3FDDB
:103EF0002807EDDEF7DD1FD7FDD9212616060DF4C4
:103F0000E1E5F90DFDE7020F10FB1E0510F9F42B9A
:103F1000F1CA0308D1F8EDF724D2DF0E001610FB2A
:103F20001DF31F043104D6F626AFC8100AF8E5D8F1
:103F3000194FC11D01ED14E5E3E6EADFD807B1DF53
:103F4000F203F1161FD60F01ED7E70FB0DF4C807CA
:103F50001AD3D332A7EBEAFF300C10FE1FED062276
:103F6000F223EFF7F7FCCEE31211FAFE1DF1E30A9C
:103F700018D6E802EAEDF9D7EF25F8C729F11DF6C2
:103F80001E15CDF70E0ED4DCDD472E172C0128119F
:103F9000FFD451D9A1F5E41BD8001020D3C4351C9F
:103FA000ECFBE7EDC10DE2E0DEE51FF10912E7DF12
:103FB00001FA22F40F08F608AE01F70132FEE1140F
:103FC000220511203F331AF21AEEC755D0F00FE642
:103FD0000518BB1E06142ED2E7FA0F27B714F10FEF
:103FE000E9D9FDEAF2F1051505E624F602042816E2
:103FF000FA25EB2DD6F623FA14BB1D411ED0E9108D
:10400000ED2A1DF608EE1200DDF319C91AFC150A97
:10401000EDDEEEE7F716D5F50328004121A20AFBF5
:10402000FFCDB90FB508D303D40AF80CF3ED07CCD4
:10403000F1132EE13E16C9FE450EE4011206EEEA2A
:10404000FE35EDEFD7EC1F0924F60293F3B72C38B9
:10405000D1DEFBEA0DFDD3F904D035062C0C291571
:10406000191D1EF4B00F22EEECDA02FAC3C81C02CE
:10407000DFCBEF20C4C21F0807FA085CDEDA35E0A8
:10408000FD251A2704EA04D3FDCA1CEB47CF47F8E5
:1040900004FFDF27EB0DE826EBE3061009FEDF61E6
:1040A00010FCE8FBE93CEE06042D05EF42E112BBF3
:1040B000F618D6B027F340E2FE0611255DBB2AD6DE
:1040C000FD0112251703D7EFE505EA21F2EEFDFA0F
:1040D0001828365E5D201800EC321FF431F7E4E456
:1040E000F5111431F411E542FB340C02B7961C8132
:1040F0000F2AF74F48DB00EABEFCE64A16D92042F9
:1041000013340E45EFF91019F4DDC6D517E4EDDBD5
:10411000201A05E4A9D3ED18010406FC10B0B64B33
:104120000E81F904C0F057CFDFF9E96B1CF8BC0D24
:10413000F309F8FBCBEB1F0AD32537191DEA1E0242
:1041400011D8F22206361904380E2CD7FCE3FE16DD
:10415000022741E61AE23B162504FA240F001FF05D
:1041600013FADB5AFBE1D825DA21CC19E1EDA4E3FF
:104170001EC4F7F609FC09EB241B0B0127E15BFECB
:1041800019F841A71C1F0B0FDD0113DCD4C2F6EA9E
:10419000D5F70DFDEE0A59490DFFE46E32F099FA9C
:1041A0001627E20EC553F3D0FFE307EBD3DFDBF6B0
:1041B000F7F9F281E9E508BD0BF300D7E336FF27F5
:1041C00013F618EBF2DB38C928160F09510528F44D
:1041D0000A0CA5CE3BA4CCCA490FDAE914E50CBE03
:1041E000FFCE04F9FF41B5EB11EFEAD9111EF0DD66
:1041F0000A0A35420A45F1E913F216CFF834171AC4
:1042000012112C04E2F2EB1E1B09FCF81FE51CEF57
:10421000F21AE90D27ED15F417F0E2FF010A1EF37B
:10422000FF0CF8F21CF2B6F0FFE8FD14E3E6B2155D
:10423000201BFBBE0AECF02703F7F3C90E16D61EAF
:10424000F8FE2B135CDE11DDEEE9F514C629B2FA97
:1042500029FF12EBC20316FBF50CF7ACDF0B5C4633
:10426000FBFBE7FAFA0F25DCF5DBF72BD5EB02F6C3
:1042700019F1EB11FE3AEE1717FB21FEF30802B716
:10428000E2E70317E22E30FEBC39012107F5BBFA45
:10429000E7210FDCE6F0E4FEEDD3B9F2651101FF92
:1042A000FDDC120EB71A12DDD7E201161CA1DDF2F9
:1042B00012FFBC3D69F890FFEAF8FA15202710209C
:1042C000F7F839FBDC8819F0DE0AFDF2F4E581FA33
:1042D000FE02F6CE1FE20F2BFBF52A1D30E3CCD3F6
:1042E00001263EFCD819DE1322CD17C48414080E13
:1042F000E72911063FE932F523F1B8C702EB410B7C
:10430000F83BDFF22AFAF82B1109F3BFE503F3D1EA
:1043100020FCE2ECEE11BF1EFBAFD0F220063F08FE
:10432000E6201A39DDBD4FF2EDDFFE07C3F19DEF48
:10433000D00F23C21B10D419EA0722F2C74314F48A
:1043400010EF3CF12B35F3FF02491EC5F4F90B00C9
:1043500007EC1AC20704472C1B0CCF2520FCDEF902
:104360003206F11E31DC211E0515FC00DBFB38F5A1
:1043700004FC14072DCB1814EDE5E8B04E01DE2A3D
:10438000EEF702C76440F6CFEEEE05E402BDD113AE
:104390000405F1937A1E50DA0FEF21FED0FCE7F20C
:1043A000F3D2D0E2EF01DF0E11E8F7D64AF1D42EB6
:1043B000170C0D26DBEE18170F30E7D8C43D1CD9BB
:1043C000010C34EA1D1A031A12F222E320DEFFFC6C
:1043D0000CD312B20A0723D930E2F7EDE50411F24B
:1043E000B8EB18F010E608551AF50A09E7F72AF1B4
:1043F00003D9D8DAFBA71308E51A14E0F3DBB92CCC
:1044000030F736EEEEFF09FADE1A1F1B30E21931E3
:1044100007FB02040C05CFE71FCC2BD9E7F021D511
:1044200000EDE4FA391D7FFE0CD8DCCEE511EFC9B2
:10443000DC412621F3F7D0DD0C1B00F202F6E5C3C8
:104440000F0B24F418E8FE16FDC82F1DDC2BF3F922
:1044500046CC16160F35F9BCEC3AD8EC0725110DF1
:104460001CE40504FED8E80825101915C6EF13351D
:10447000DFC913F40AFD232EF6DC0FEBEACCF801BA
:1044800029F8EFF1A93A14021ED7D507CF10B020B2
:104490001606E01F090B0C218BE6E1CE0C0BF9DFB1
:1044A00005081DFB1FCC0B1F1A1C022C1317D10C67
:1044B000F21315E0C6110FC41AD82442D4B7FCF980
:1044C00010EE15D621DCF50DCD3C34110338040B6C
:1044D000144D174319E3093B1A15AE10032F08E2D8
:1044E000DBFBE0022C1411EB3C182523440AF319E2
:1044F000DBE8F337EDFEEA0ED2C6C01E270E0BE056
:10450000F23E0923020B2113D8DC29F81233DC1BFD
:1045100036580602F7F9CC1FFF0AE815F3231EF7F9
:10452000BDEBE80DFCC5FA1F57ED55FFEA0FE94555
:10453000E40EE3D8DE443CEDCEF5B7F50FD2D60F4E
:10454000CC14E23A0B12F61DE903FCFBFFBEDBECD8
:104550002AF4ECD81CD4F4FB2BEF20F92CFD05CC6D
:10456000E6E20DB5837FC29C0AD705060A380C0621
:10457000F1F5F3FDDEFA0CE91905160ADCD8D24292
:10458000E2F0E61930CFF90A09FF100C1315DC131D
:104590001F1EEB02EA282FE80F19F80B1B030AD79E
:1045A000E7DE404E1F8A14262AE94412C86A1F110A
:1045B0002420111BEDD0F207141A181148D5EB1C5A
:1045C000C82317C8ECE9D3F821F000D01AF4F4811D
:1045D000F6FFECF81330EC0824DFD8443509060C5C
:1045E0000527F5DFF9061603E9E8F32B02E40D06CB
:1045F0001220CD463DF2F6D22E0BFD2EDC2651FFC9
:1046000007FECCFAE20517FF1BD2DC01FBFE4412C9
:10461000D91CDBDE01F4DF230003FAFEC413F80F1C
:1046200043DC3AFA0D33E0DCDF09430BECE00BF539
:10463000643D04EA14060633DC1DF71706A5D2080C
:10464000F7FE11E9CD14C20D27401810EFE757E926
:10465000E4FF16ED18D8F22801ED371E1F25EB22D6
:104660001F18E2F9161FF31AC1111C32EBE5C20E36
:10467000E22A0B23FDDAD802DBECFE3BE5F720FC57
:10468000F207EAECABDDCFF91E4409D8A719F5D53E
:104690001DDB13211117FE0DDF0FC9EFF9F7DCFD4C
:1046A000072A0C05DCE0DFAEE001F4C526F304CCFC
:1046B00028F01C16F60417F2C71BF6E5152703DFD2
:1046C000E0BE35EECEDEE6EEDF14E2FEFE2F0AF8A7
:1046D00017FE25291924D210DC52F71025EDDE052E
:1046E000451509F11CCDEB31E3BC0CDECFF7091900
:1046F000EC1704EFE1D8EDEC44E425F4F005F9E51E
:1047000005241E14FBE509191FE711CC3122072CE3
:104710002AB0EB00DAE907EA31391EF634C90A1982
:10472000B681F9021A26ABFD30EBCB14C00D29FE81
:10473000E42EE0EDFAFDFEEB15FFD4E0E6ECF0D45C
:10474000D5281C11270230431FC0BE2AECE8EF6CAD
:10475000CB27FE0E092EE2D6FFF529181DDCD2E686
:104760001A27FA07F7DD21FFBDE223D805EFDD1395
:10477000180FE3051AEBFBE8220F13243BC626347F
:1047800003DCEBDE5D123FC215F6F6E6DA4F0CDB1A
:104790001A0802240BFF1F1C3C0F0AE906F400D183
:1047A000E4DEF01016EAF8E513FE3C0CDFDFE2036E
:1047B00027F2FE200AD0DD24BFCE3781E7D0BD2905
:1047C00001FCF7D50656F421F905002909DF09FF98
:1047D00095FB2900F10B01F0F943D61CFF9FFC5F0C
:1047E00019A8F50DD3D0EAF000F9BEFE0FD1E02CE8
:1047F00011F1D310FFEF0E0AEACBC0040304B71087
:104800002AD5E7FF0000F8170030AFEF0FF327F4C9
:10481000DD23F91AED0D0D90FE2102082A132F3E1B
:10482000D63C1DF61828F01ECB01F0F9222A2F8362
:104830001305D7FEFEBDF801F0EFF0E5FCD309F853
:104840002FD8D3E5D2D7DC1DF61B0E05FD13D81DDE
:10485000321032FE140FDA190A0FD91016B2E21212
:10486000ECC7FB0EE9F7E6E61EF2EDFC26081B138B
:104870000FF10704E0FEC01A1E1A2507D71BDB162E
:10488000FF1FEBD6E1DFFEEEC6F81FE597257F039D
:10489000DCFF08142B130AFE021204F42D96F61006
:1048A000DF25F7F30F13BBD8EDEFE8DD0720FFF8A6
:1048B000F5F134F6EDFDCA35D2041921E7F9FBCF45
:1048C000FE28F6F72FF423FDC7E1FD1609B601F423
:1048D0000BC103F226D90425FEFAE9052BB0EC0A38
:1048E000210311FCEBE804F140F72A0B06F5222026
:1048F000064A06F103F225DCD7E101E80BB3DAF74B
:1049000021270F243FF8C1680FCE06F0FFEA2417D5
:104910004BF212FCB712E717C5E7D8CC0F01EA2417
:10492000BFFE18FA360828102EE2F0E02C3CD60123
:10493000CEE7EFD9D3B1132C11F3DE170D45E63EC8
:10494000E20007DF1EECDEFEE3190AF2F0D8DDEB31
:10495000FE0CDEE9EF211415010B0401DA0FF64419
:10496000E1FA2D08E400060B06F2FD220B0504DE39
:10497000FCFC0E1C0CC4FDD4F803EADFEEE2161CAE
:104980001628ED2332F01012E3EA1D07021B00C1C6
:104990001F01E21922FB1707F40205810712E5E463
:1049A000D9671AD7D11ADF34E90FBAF417FE2F17D7
:1049B000F62EE802FE0E1C4244F40C30E732E3ED22
:1049C0001702FAFB0A5C05FC04FEE518E6FBCD15B0
:1049D0001E0D0117FFEFF90A320DE2CACD0A2AB700
:1049E000F546F1E1E6FEFB57DAEDD7E8EE5D071696
:1049F0002E2E0520FB0406F60B05DBFAEDB80805A4
:104A00004B07FB073535012920E5223C09E6352611
:104A1000F7F801E8FCD8E402FA01CAE91C34EDC356
:104A2000DA0F140F00F32F1004EE1709372CF3CC14
:104A3000C91ED4EA0CE9051DE3FBFB02C9D2063C02
:104A4000ED18B805EA080578B7FAFCEBFC0FF4108E
:104A50000A2005072A36FF02080FF6E9EF08F408D6
:104A6000EFF309EF030CFA0F08DFE0FA3213EDE57C
:104A700015F51407F7DA223C49DCEE2FD0E5F20CED
:104A8000F8FA2A0B40FAC84C1D24FC22C4EDF1268A
:104A90004C041106F802330BD32E152AA9E5F012A7
:104AA00007FFC5DB490A0AC94D1E0A0DB0341EE1D5
:104AB0000A1209F1F2D42A12DFCB0147327F3710F4
:104AC000F70B11E1D165E008FAEB21D61A08FACC10
:104AD0002606F5FD0A2915373311E25AF818424225
:104AE00002E9E1230304DC2BF026F30A180737362A
:104AF000F2F1F2F627584807277F50F4FEF6B7DAAE
:104B0000F81901144BF0FFF8FAC30EC6FB2CD2348F
:104B1000F818EA30DEEADA30F2EC132603E9013560
:104B2000172BEDFCF8FD09F2D90BF1F7F1EBE50ECF
:104B3000FBECF6E2BE22FA16E1FFE519E5F4D83304
:104B4000DB0212EFE9DF3ED7124A1914450F0109C3
:104B50001B01F324ED26D9464A0F16E70815FB344E
:104B6000DDC6F2FD2924E617E8F61C57F9EF27FB0E
:104B7000B901FCE8D9F1CABD20CCEE11E1D922017E
:104B8000D2073B01F3E4314809020DD7CF2725F5C1
:104B9000F7F104E5EB39CB0BE5EBF4013BC6ED0691
:104BA0003A16E109DE9000C912D5D11B0D0625D1B8
:104BB000B1F512DFF8A91B0A370802CB10E509028C
:104BC0001ECAF70BE1FD110BC8ECDE3012DA082229
:104BD000202FD4E8E9D70DF7FACCE3F7E347DDC29D
:104BE000E9E81C1112C8410420080126B501EC05B2
:104BF0000C0A01F3073C19EB2A140BFCF2FD2DEF14
:104C0000E526E812D83DD1F4192834BE23CF44F864
:104C100009ECF3E2EE4BF8429B4A4EFF183516D2F0
:104C200023221B3A48191CCC25E914DDFB07D6E1E9
:104C3000E7F8CA0B2FE6AEE82AE437F1EA202F1195
:104C4000E60CE917F4F617F6F2F514D907FDF308A8
:104C5000F30626EDE8F52FF3C00BF2F229F05EF033
:104C6000120909E2EFFD0039D2C73732CD2BDC073C
:104C70000A9BCFD0FB0A17ECE5BB13E912DB192224
:104C8000F729ECF102F012FF20DDD7D9F2FE1BF577
:104C9000220FF2E92A0724EEF5F6FF22FAF2360196
:104CA000E8E12BFC21F05EFBF81F361BCA0635DB62
:104CB000DADB062A05BFF21CF0820EFDD91723EAC3
:104CC000F701F1FDEF1B28EA12100CDFF81C071E9C
:104CD00000F3E3040A131FF2F6B6FFF83B0708FBE4
:104CE000450CB9E6EFF20E2F04B959F50C4CE7EE7E
:104CF0001BD32C3310E6E7F607EF2FE9C7040F1399
:104D00002B0CD9F61821FB0EECFDF91D27CAFE3637
:104D1000FC0423DE09E4F6EBD9C927D2D62A10D346
:104D2000F0F006EB16D907FDFDE5EEFFD5CA2E1C07
:104D3000FB8115F2E411D7D0FDD8DCDE0CF5270C91
:104D4000EBF20F1C3E17EF0430F01D12F3D101FE01
:104D5000ED32F722FA2BC618D3D22129E710CA0C5C
:104D600011693EF4E9050523F8BFE204C0ED10BD6A
:104D7000DA1C0507F1F9E231071838DC0912D2CE46
:104D8000E028F3040F200E291531DBCD1420BAEEF4
:104D90000BFC0DCBF1DE2DF9F5321938E811541367
:104DA00011FDF52313F6DA2832D2310E2216FAD08D
:104DB000F6E9E3812305CF270B31DD1107DEFCDBAC
:104DC000B3EB0C09EDD5251420E85004FFCF18B43F
:104DD00015C7061FEEF228D2E4F5F03E231BCE19CC
:104DE000F905E93DF750AEF00403D2072CC40114D5
:104DF000FB05F9C1D8D8F515F62108CC1207F60540
:104E000002F3E1CBE42AFD00A609FBF51EF0C4196C
:104E1000E67FFB0226F82FEFE9E7E6321503F0DD27
:104E200000220927E5F628D4001AD5FDF9D11D0581
:104E30002CDAD5FC2516F923FD9B1A44272AFD0000
:104E40001D38E100E6B8C42100DCDBD30102F71D08
:104E5000002B24BCDCEB021416051A29DBF827DB37
:104E6000F6E7FE04FBE0F01FE9301A1AFC18271DD4
:104E7000E11C11BB230FC019630D361618FA3BFB5A
:104E8000FF07ECF6CFF4BE03E811FAF8ED8135F137
:104E9000C3F20AC71E3728F5F42F0A0C17EF3FFAA2
:104EA000FB19E9D8E00BFD33EEFFFD2CD6B4251F2E
:104EB000FBEB35E7C0DD0BF3053CEB033BECF80403
:104EC000C7FBD41BECE906A713EF04D20DFBCA06FF
:104ED000D6F91C04F1050E24FB093D163CF3C7EC82
:104EE0001E09F0010EFB28C8DD0710F4051E02287C
:104EF00005C84234E0032AEB162C4910FCFCB70B22
:104F00000AEB0BE6EDF1C31438D4FD1FFAD2FFD53E
:104F1000E4BE1F4717F3EB251CE30210FADA2C312D
:104F2000F91312FDF5F7F8EEE0020709010A4CF457
:104F30001A08CA081F28DCE4161CDFEDF30F2F1A2D
:104F40001C1639171DE0F7FAFF0FF122154C283710
:104F500013FAD8C009054F0242D0DD07F003021151
:104F60000909EEF1DDF87E0BD80D26E20608FEF702
:104F7000C5250C1C20F8111C20CF1BBBE2F8FFE458
:104F8000D7E40B43E314030CE8E90529EE11E1F142
:104F90001E101CFBDCDB0DFBE40403BF0FC20A1672
:104FA000D5E7C9391CF901F215E202FCF7EF273AFF
:104FB000CFD1F4DFCE44F3E020F206D6FC1F0DF78C
:104FC000FEEA190BFCC0F818D12700DA0B2BEBDB3B
:104FD0002315DF1EFB06E14EF1DF0612FFA44AEFA8
:104FE000C92718F9D620FDEC1812EEE5F9F7C1141F
:104FF000201200D8FBEBEDE10AC00BE0ECFADAED91
:1050000004B42D2DE9CB281EE600F20FDF12DC18C8
:10501000F4BACFF3071BF0E1F4EB481B111DF6C205
:105020004039C0E8B4E6DED0DC3B23D1030301F312
:1050300049F922F243330EFF294DDD08F91BDFF950
:10504000BE4906E70D11223D1C00CE09ED3334F0B8
:105050002CF3FBF8F9CBB409CE2A3EC4CC4AFBF2C0
:10506000D51A06E91C0CDFF714422507D0E4051019
:10507000DF3CC9FFFE160C0003E01A0BEC3E1721C3
:10508000FECE0B1D0D184701BAF6E10A18E0FFF03D
:10509000FFE0EFFAEBEEFC2525E60BDF0812C0057A
:1050A000F533F3140715F3C0021A5008FBC4EB14D0
:1050B000D72013E622FA0A0A1CAE1603CD15F8E72C
:1050C00009563DFA021A040AF3DCF4D2DBFCE4FDD3
:1050D00009B5F81B5A1B19140976251E0F0902F68B
:1050E000F014E5F6EB3226EFE117371BFB0AAA2A8C
:1050F000D25CE535DDDBE33195D7E11817200506F5
:105100001C1CE812E7DEE4100304BA1CF0621CE188
:10511000EE0B2E140A01ECB62C68E9DF200833CC24
:10512000F3DD8A08FA111213ECFAF62014FD2213AB
:10513000E6314002CB10F981240EC0E7E62CE406EC
:1051400019D6F92FF4E11C1913E3543AFE11BD0BE3
:1051500002C41D12E30921C8F035EFCB034101243D
:1051600023B31EE8EFED23EDD94DD70618DF20C796
:10517000122A30FC13D6C81315C2F6000A00F4C771
:105180001802FBDB10E30CFE0FFB21131101FB40A7
:10519000061C561C3AF232251F0D1B0DFC0205DCC5
:1051A0000714E9CCF2361BFD26D101F5D10E012002
:1051B000FB3D21D91FF9EE1207F5C71CF7C7FFDA2F
:1051C000ECE3E5FBFCFB06D70600FA30FC20F31D00
:1051D00036951AA4D43727FA08C7CA00F1EB005550
:1051E000F6EAE81B0215F407F22414FEF92DF2E2A8
:1051F000DFBFE5FD35B2EBF5FB0A090F0A10EB083E
:10520000E93842ECF1F3DA9B13000B1DF416CBE7FF
:105210002DC7F21B29ECE7E2F524B1FE0568070A69
:10522000F4E8FCE22133D831E919000AFD22CA175B
:1052300019F53B0729F9E4E6252DDB10FDFC2CFCD4
:10524000AE10D7BDFB7FABC7FBF6D8EAF41633D25E
:1052500024D0ED0EEAE6141FC8E7DE0319F715FBAC
:105260002644F829F5DBDFDCF54C2EFAC003B51730
:105270001C21E34708140449FFEC260F190B3510D5
:1052800006D2D6F5CAEFF7B216E027EB03D21DCF50
:10529000A43646D40AEFF22210534C1816CA0FCE89
:1052A000192802F0F3F10220D02C0BB1001403F501
:1052B0001BF64F3D0BF5E6EE0A1507FC03040F52F3
:1052C0000793F802FA191EDAFCE1DCF3DDF1FBE1E9
:1052D0001C0A24181A35D238171DFCFDEF25DCD323
:1052E00022E4DAF40BE1E012DC1F4B1381F205F843
:1052F000E9A8CEDFE3551400FAC8FB2CF418F10935
:10530000ED1029DAF11EBC0224FA4206FAE335C890
:105310003236F4020FF4EA18BE0DD8DAE4E5F703EA
:1053200014E9061BF815250D07BD15F2EC06D2F29F
:1053300022DDD43030F8E52ED6E4DFFAF60507F9A1
:10534000E4D606DFFD1C1604E0FA1C280CE2352D1D
:105350000B08E9FCE82C1002C71AFEBEDB3320FC68
:10536000D4FB10251CFF371E33EEE7F305F8A8C762
:10537000F28B2737F3FBD82CE7121568FDD6172AD6
:105380000A4E1F082C24F0E1ECEDEA0713EA10CFD7
:10539000DDE9E6DFFEC5E0E01140F5E11D0E393341
:1053A00014220FF31624EA07092C010E1EB80BE78E
:1053B00001F5F34AF92ACB0E32D8DF34190425C798
:1053C00045EA1906F9FCF3FE0A4C2C7FF4FFB3C53D
:1053D000183714BEF5F7E10823E2E900FAEB1510DF
:1053E000D913FE11F0E9FB0EFF2120F4D931F101B0
:1053F0001FFE2EF4E12AAE3481EE14DF1E23F8DF07
:105400001C4E1D170EA90A02ECDEEAFCECC911D6EF
:10541000F21C2B0431111A0804FE2E031211DE12A5
:1054200005F3D9FC0ED9CD2AD8022F158121F8D742
:10543000B2B2E9E8F80D1581B8D6ED02192011FADB
:10544000ECE91BFF151F25DED615E37FECF7F215FF
:10545000ED0CE60543D40D1E45121AFDE310234062
:1054600011F5B0F7030217D3110525E71C10122719
:10547000C3EF11D81BFA1A2B58F40707C41C04E712
:1054800064DAB4140FF41ED8F02E2C57EBEB2DF188
:10549000F50CF10C0D35DC18D6F801F429DE3CEEE4
:1054A000D0FEEEF2F83F2CEAF308E7F7C915340214
:1054B000E4E3FB17E6D91DDEC6050305FA232B1529
:1054C0002BF2160AF505E6FBABF8CD0EBAEC0FF29F
:1054D000EDE535FB031227D01F00EE03F4E8CDA164
:1054E0009330C8D6F308F6300AF8291EEE0C024CA9
:1054F0001E1DEC20E01424F777100CF10B02B925E7
:1055000095F73221270CFB2EF0180DFC2CD725081F
:1055100051F51E111527DA020602EAC8EDDCEDF698
:10552000CB2F154FACF62E591B4151F41F04FBE74E
:105530001CEE0D0FFCABE6FF1D25E611DEF81BE3AC
:105540002818E3FE2A0A0204401937E2462B4FF8D6
:105550007503DF12A5E82A140A43DD01ECF5E9CD55
:1055600018FDEF07F5FEC6EDC40A3708F80AEEE8A5
:10557000F4F922EBAADD26FFA1B42C19240804209B
:1055800026101B01F9DF17191FC414E9131720B1E6
:1055900001E2C02B0CB8F91315EE5902C2EEBED8C9
:1055A000FE30F6DFC33030FA25E8F9EBB6E4FE1B37
:1055B000B7F3AB31F2E720F923BECEDD110430376B
:1055C00048114AD2D6EDFD37DB0721F7F7FED0FDB3
:1055D0001500361BF5D309195EB90CF1FFF6042A44
:1055E000C3000512150CE3DC48ECEBFAF3DEB8E47B
:1055F000DDFA0523E5CEF0BCAFE7DFDFEFE10F2CEE
:10560000FD0502F216EEFF0F0E0C21DFF919F9F776
:10561000FEDA1601FEF70DFF18170F0AD729C51776
:10562000FA1944060C0F0ABEE6CAFFF3C519F913AE
:10563000ABF5EE08F82422281215CA3017EADD3C33
:10564000E416E428CED609D3EC1FDA16E5F035F9D6
:10565000E805E1F53629EBCE0AC9290CC4DDF57160
:1056600034F0E2250BFCEDD61EF781E91FD3FC04D4
:1056700053F6EEF9F7EFD8021CED14F6EFDC2AF73B
:10568000E4E5161BD5F115CF35315102EFD1ECC74A
:10569000D509E6BFF9194E52A6BBFFDBE81ED5B609
:1056A000A281F722F7DCE4D9B1ED1F128B1D05CEE4
:1056B000BBBBEEFB0721E6CBAE143BF9F602E6F5E9
:1056C000F9E21603EDF7BE3E14162A0F23FB27BBA3
:1056D000C9352E0C02C4E2333FF1E8FB18E2E915AC
:1056E000DB12E4ECF1DC16E61EF7F9F2EE1C294CB5
:1056F000280FDE63B4EBFFF0D2299EDB15FCDEF150
:1057000019E6CEF6E13430F3DC03DCF61FE336397C
:10571000B4110FD2F73CEFEA1EF210D5012177E366
:10572000250F071ACCC20C02C6F825FC320CFDEE80
:10573000C401E603F648FB042712CE012DE8E0DCA5
:105740001AE713F08CFBFDF4B9EF1EE8FDDA4E4DBD
:1057500021DBFD2847CAE632E7E609D6EAF4ED3A4E
:10576000B718EAFE08CAF60CED12F51351F9030A50
:10577000E906D31002EF3AEEF5EB4E17AFE4FEE880
:10578000340D1FF3FF0D02DF810DEFEC2E0C33BC47
:1057900008003840F1E928E9040CBEE7FFFF30D0EB
:1057A000D11BC0E42A13E8EB17290857D012152F94
:1057B000F2DBA50FFCC106FD27D825C307F11410A5
:1057C000FF35DEE4F6FBE037DF011F11D51C6FD794
:1057D0002FFCF5180B06143DFB191F1E40D553FA7C
:1057E0000001F9F009FE223D28F9DB00FAC924077F
:1057F000441DF2201604071B12F63F1CE101D0D60F
:10580000E2AB0ED51BF70B1B1C10008BE0E3D82876
:10581000A2BFEA2E110C1A0FF8F6AFF8113BEFE217
:10582000090E2103282D17F2111512FCC219FE27AB
:1058300007F3E8D5FD22ACFCE0EC29C9F828F126F5
:10584000E12B0CD2FB1124FD04F1DB162820F81A01
:105850000914F35CF134FF06F4B742D421D8A7242D
:10586000FE0F230807FFD31A12EA22CED52208150D
:10587000BD08FC10B5D10D0DDE2DDBF42BFBE1E3F3
:10588000B1FFE448E2F6BC142ADF827FE10BF60B9D
:10589000D902110F13F417B29705DEDE1CD7CA0028
:1058A000A21EF12A08CE36F9E723FFB20E05DC0866
:1058B00032FD2265DDEEF79CDB9A0B011FF41C0222
:1058C0002317330A04EE0B1516300ACF0613F0BC6B
:1058D0001BF9EABCB9371D22B628EB0104F90FF613
:1058E00049381AE8C9E22D0714222719D91BE4F117
:1058F000030201EADDEF77F8CDEF24E6F80D24FA94
:105900000C43F7E3F2F200A9F3190118280F182E3F
:10591000BFF247B72721722124F6E70DFAF714C228
:105920003C34DDD80913F4D3D8F9F636F31A16E16E
:10593000390046061BDA3023F1278BECEDF2F71322
:10594000220CD9D131F9E6CA50DA38CD11F2D93763
:10595000ECEE101E42EEF50B55F7F201FE12EB0FC6
:10596000F9FD1FFFF621E90EF806522424E91EDE98
:105970000D16C9111212F2DA1EFB11DC2DCFF3D76E
:1059800000E4F0F63704CF0B20F125F5213318356C
:1059900069EB40F91E0C0D14281AEFB11AFF373AC3
:1059A000D309E8FE16180FF414F60BEDCA04CCE880
:1059B000E2200DFA0320E120F60FB8CDD7E3E8038B
:1059C000DF9022F11D011100D0E5091319F0053215
:1059D000F105261BE104DFEF0F0BD136F80322039C
:1059E000F6D6DFF13107C9EF1C01DB1CF50EF9EB30
:1059F00020E67F3C0E11DA7FE400F521180DCBBACA
:105A000031F70AFC2DF0F6D16A141707F3E8DD1020
:105A100042F1B2DC01EEF3D6FBF50EE4031826F7F3
:105A20000CFC16FE131EEFE12B17E9F8EA1FFAF53E
:105A3000293330DDE5BFF2B93CF03A16FEFAEABE92
:105A4000ECC937D8EC4E2016F2ED05DF100A5526CA
:105A500036FD14180102D7B432DF02311D2097E75A
:105A6000FB02FEEC0E0DF0DC0BFB400B45E1D2AA75
:105A700068FB57E4FDE30044F90B2BE10E0D1835EC
:105A80002D17F3FDF1E3B400CCC573BFD9F6E8F8E8
:105A900004033B18E1E740DF150DC652B6F04ADFBC
:105AA0001112BB26F0EECAEBC0E72E2F411E1DEEF1
:105AB000082825F7D3EEC3F9011ED0FB0D1A0807FD
:105AC000211C4CEDCB1D37FC2EE23DD0F10A38F203
:105AD000F010EAC90507280841E30603131C88CA29
:105AE000E10030EF1FF2FCC24CFC0F01FFEDE20DB4
:105AF000D10DE0002019161EE43E2B0A66FDFD14B0
:105B000082FDD210F70A22E0C01608D41C11FB2532
:105B1000EAE9D82621BBFED6E620F308084F272461
:105B2000F215013AC8173146110D1215470B0E191F
:105B3000411473FE090EF52928DE0BE5BBEBF0F6E8
:105B4000BA112EEBE426F7FFF715BA37061FE8BCAB
:105B500004E53210FAEFC4DDFAFB7BE649D8020A0D
:105B6000F72C1F55CAF81C15F50AD69416E9E3312F
:105B7000C72602D528E9D3E9F7FEDE060FFE0007A7
:105B800005CD47FC170CAB2A1CD35727300FD5CFB8
:105B9000EEEDFE940A18C9F145ED241BCAE0F5A705
:105BA000DBDAF3D1041FE411E83052F8EC0BD20C2D
:105BB00007D5E2EBE303D0E1FC1CAC88E531F8FA51
:105BC00023E4F9D3E7E10B2E0BF889EF1CA017E7CC
:105BD000ED17D10D1A280B2BF8110063F60B0BFFF4
:105BE000F7DA6FFF02F7FDFBEAFEDCDBDD210EBB1F
:105BF00038040440E40018D8E8F60829E2BDF2FFB2
:105C0000FD05C51AEC10EC14C9F107DBF4FB029D8D
:105C1000C8F8F83C02BC2EAAC16E1D0C092E430A1E
:105C2000EAFAEB36F2FB217F1711F504E5EC20FCD4
:105C3000D040FC355BBAE91BB8950EF6EFFD08EED7
:105C4000FBF5CC04071C36D91FFF0409010CD2F761
:105C5000000A17FEFF0D04F8D3E5212F4DD1D5FC26
:105C6000F4C209EEFE48E90B1C120B0CF6DDF60837
:105C70003828ED05241D81DDDDDDFED206FD1BD0BB
:105C80000A1B0644FB00E3FFA719F804FF15D6D84A
:105C9000060FFF09F3E9F82DE5FF1E1E1B08FB198F
:105CA000F800F8F32CDBEE15FCCA0E221CD83418D1
:105CB000001803E5FAE3000E43DB1FFC113918F36B
:105CC000C021E21037202504AF0D2A051206FE235D
:105CD000D543FBDFEE2F112FFC37F4B7F61E2A1148
:105CE000FFD4DBFDE2E21728E709D400F103002529
:105CF000F1EBEC16172CF819DC123E13D1EFDEFA9B
:105D0000E8F4CC27FC0005F40A61146B535808E34F
:105D10000D4A1CE4FEF6C35403001D0FFD0729E3E2
:105D200005E4D80E050101EB24EC331022E708FF4F
:105D3000CFCC09F90708EEE9EC32A3F42DB90A310A
:105D400033AFC80D11E6260A2843CA6C0123CBEFF6
:105D500022E100DAF0040E0CF714F5491ADEF3FF25
:105D60002C22BBE6F019E312EC0B150110251E2CBA
:105D700016190D17F3EB0A0C0F1C09B3F940D302E7
:105D8000FDDC39DE2332F7500110E8A7F33121D9C9
:105D900015FE07CDF22E0397DD2BEEEAECECBF11DA
:105DA000073F2A5BF507F316101C0EE008D91DE02B
:105DB000FDF4F4B0F2F41AA04325EA6FF7E7EF0E12
:105DC0002688D21707EF113BEC3C3F07E30CFBFFA3
:105DD000460511FEEA16D705D7FB0DF80D0021FE8A
:105DE000EF2C11CFEBEC133B5E52FF26FBE1FDAA3B
:105DF0002137F87E110D191E1628F7B040131EF238
:105E000022C330EFF0E407F9C70329061211230B70
:105E10001708090CD90FBDEC213F0B0E01D73CF739
:105E2000F916CEE0FC01F1ED280CECE9D266032274
:105E3000103CE5C00A2DEA13EE1E1911F0E7085BCD
:105E40000BABE53621E7D75C0B43FDF9F5DCF5E25A
:105E5000F134E80525F4F506DC21E70D2FD209E23F
:105E6000E0FA05FB0C04DD0CF46BF63A12E10AFDD6
:105E70001A1BBB020F25F5E8261DF6C5F5F8E4DE72
:105E80001E1D013229CEE7F8E4F0FC3643F101CAC9
:105E900003D11EFA03C7282ABD1FDA47F8101C0ACF
:105EA0001AF2E802E459A60441D30E2E1215F61A8E
:105EB000FBFDF3D000F90FECE307E7210BE6FB0B4A
:105EC0001BA9F5E4EFE50811E406E602DCEA1CE7AD
:105ED00082331A23EFD70BB80831094209F7F0FAD9
:105EE0001FE512E105EF12024014C911F5EEC5C21B
:105EF000F3FBD6E8EDE6EA1EDF29131FBD2CC92D02
:105F0000471AEFEA14D70ADB025F0AE2F9F8D10C6C
:105F1000DB1BF03A0611E8DE39DBE418F5252AC26E
:105F2000BD1124220420D920EB06D32209FACE4247
:105F30000018EDF2EE10F23405DBFA12ECD3C404D3
:105F40003FE31BE0121107CA03F1E0F714E1090671
:105F5000BC3FF529301C2BE51615F40D1D17201339
:105F60000A65061F13FF3AFD03DA09EB1D0B0B242C
:105F7000CB19B3F0FDFFB6FDF02C1DDAD7D123FA13
:105F8000E942F46CCFF6FBD428DA12C24900ECEBFC
:105F90001ABB28DC0CFDF0DCED0AFB060E1416190A
:105FA0002DE7BAF24ABD0209151BE4E3F6241BDD16
:105FB000CD431B11EAF5043CBF00F60E11E7251F87
:105FC000B4ED2AF201F64BDBC2F523A6DE30E63B48
:105FD000F5250F090AE91CE834D4EAF924013AF856
:105FE000ABB71213F3F62AE3AA3721FC09E3FA1A36
:105FF0001E2DDC1206FBD106DB1EF3230D22DBEF88
:10600000F02914EC13EA2F1B14B9EB0015150DE55C
:106010001AFAEF61ECF223FCB8FBF3FBF90884CD2C
:1060200020F30C3F641BD88A0FFFD2D92BD4C05A5F
:10603000E92691E5C7D0F814B605392131F5CC43EE
:10604000A6DEFABC0D0EBDFBF6F2E909F10CC91192
:1060500021F2226601F3B2140E18F8C6BC27A8027A
:1060600024D8B21EE3F1E60827E5F90CF9EEF10FAA
:10607000023B12252207D5D4E3EBE20D1ADE81455F
:10608000DCF9C3950DE206BADCD31E599BEDDF3572
:1060900035E3C8DDEEF5CACDE916FDEAF3F148199E
:1060A0005B22135416B3AEF2EDCAD3DD15C410143F
:1060B0000946AF3EFDD5DD06430201F5E20706F3D2
:1060C000BCF9F40FD8F71624110C19000F31C4F1E4
:1060D000FBF90A0BE81A1B1930E4F1F512CEE521A1
:1060E00003D62518FE2FF4F825C61ED81737EBEE79
:1060F000F8FDE7BFE45736FF13EBF7991BF0D1E348
:10610000D8F5D6D8A8130A1542CA30322904ECDCD7
:106110001FF3BD2EDCD8080B0D190F3A59E3F0F927
:10612000E4AFE253F1DA0336096CAB170CF7EAFF80
:1061300014062C01F9DCE122DD100E1DE6E6532DDC
:1061400013E3F60734FF04E32E1EF6D315F0C8E779
:106150002AC62AF2E4DAFF140A4C2A18DEFD2A02C3
:106160001B1412F800F6FD21EAF43459FC082DB78F
:10617000EAC5FA212ED1CF35E44E84F116F2D0E8EB
:10618000F5E11E40FC2AAD0FFFFE252314141C353B
:1061900054400AC3E3C613DFD7180F13D22CCBF138
:1061A000F4CF40BECC7AFE45E6E7C555A901E90C1F
:1061B00025100EADB3F8A60AEC3EAAF01311370471
:1061C000F1E007271A111CF0F391ECCCDEEBF6C6D8
:1061D0002C41258B01E390DEDFEBA119130CD1FBE1
:1061E00002E6FC3A232E00EBE8120E0CF200C4EE9D
:1061F000E90D0F861C15FBB71F0811183F351DFC54
:10620000C915DB2227B4D70719FA0D4204110CCCAB
:10621000E63498E02222DDF817EB8105E3FBDDD6BA
:10622000D4BC01D215EA930DEDCDE11929F1D31BB0
:1062300014F6F006251E06232A451E2EC31CF00662
:10624000DC111AFBC3C92ECAE74518241507C8D9A3
:1062500005CA2814F225F6FF0348DDFDF6F26EDDCF
:1062600019CD3E466245F00823E4E43501FB0DEF0D
:106270001006E22B1BE86AF4E80701D3E506DF2DE0
:1062800009E1FF030B4E01DD07270D2DD6DAE9F4F6
:10629000F2ACF627F9C9CFD6EBEDC0BEF6F5EBD2DE
:1062A00006B9982B03E442D9E0FE080DF019EF0F70
:1062B000E54F90EA55110E96D4EAE5F51FD934FB67
:1062C0000BE118C9BF3B3309200C13EF251FBEFAA1
:1062D000E301F547D4D84CC1EEBF01F0EBFEE41C5E
:1062E000D4FBB01C072BE5D62B151AF601B6E9D066
:1062F0007B3E2446EDF12128FA3336D3CCF8290130
:10630000CF09C93A12E55BE82321E246CAB68BB948
:10631000072C82E43321DB0E09E9D20BA0CA0AD78D
:1063200017F2D000E4E6DDF2F823461C39F406FC4F
:10633000DBE6493B0615C6FD1C0A22E8FD1EC5C06A
:106340000F0125CC3DFBE8FE0402E829DE2AEC0221
:10635000F840E639D2F55013351A079D01F7EC04E1
:1063600026F3CC0412230A1EE802105335F1FD1562
:10637000DCFA05251ED1021CFDEDDFE31205FD163A
:10638000F415ECAE2C3B47E903D6EDC804C44DCE62
:106390000A13FBAB96003807101199FB560FC0DFAC
:1063A00039E7F2CC36F3BC1710C9C1E112F61D1E55
:1063B0001717D3EBC5018E2F09410EDEBE10F0FA80
:1063C000CAF007F4142FF0F708FE2126230CD90495
:1063D000F9CEFFD714EAE4E60B23D3C9240714C38C
:1063E0003D1300F5D9B275F106F415D206E903D6CE
:1063F0007F4DF60015DFF4D2FE314E3AF9F4CCD4DD
:1064000039C02F64EF1429EDFB14EFEFD5FFE5F051
:10641000D6FD0EFDEAE9F90C0AF6A8E6141E1C22C8
:10642000E2DAC7AD02D4F516E41DD21614CBE92D7D
:10643000020FE70EA5FD43081BC325FB3D0549CF11
:106440003BF30013F20E2DEEFB9C03D4B0040800C6
:1064500018EFBF190FDD2BE5F32029FEAC2109CA87
:10646000CE1906E034ECE603F4F33902FE81102580
:106470001C180CEF04CC22F41C23BE1ABAEFFE0544
:1064800045200F16E1EF09F3294A1AF5ECD3061E51
:106490008101B8E11B1FD7CEF3022E2324EA0702A5
:1064A000F5E12501FBF2E2E8000D2CC710F9FBBD78
:1064B000052202490918122CF8141623D0F9DB071B
:1064C00027F4F50807FC0A2C12C71F1CB5E5DCCD24
:1064D000B239F7FB20AF0BE31F21C7070134290FA7
:1064E000D7060E28FA2B30E41416E4FA75DE08CF2E
:1064F000EDF9FD1F02F42CFE0076E1E3B306264A17
:1065000025FA8E0718D348E60F3A04F702EFF9018F
:1065100021FBD52E171A27E903B31ED006F902ED89
:10652000F512E4F816E703FEF803DF4414D9EAD3C2
:1065300010A9FEF2FF350302002939DE0AF5F32A1D
:10654000091602CDEEF1F1DA0757B3FA062C080668
:10655000312724090C3202C73E1312FCF211040B3E
:1065600004E9CB09B122F1D6ED0940FFAEC9D1F45F
:10657000F52113FF14E4EE2926F10A0EE034F4BEEF
:10658000D53513FDB81409EDDA34062D16E498EE6E
:10659000F40CD9FF1B0F0B331318048A2F8713F445
:1065A00006FAF13300CB00CCC7E92018171328D125
:1065B000092A1AD7393BF7E40006FFF61AF602104B
:1065C000EBD20E2A05A3FFC3F0151709FC06172A04
:1065D000E0F2D7D6B6E3FEF2F211AFFA1E2C18D6CF
:1065E000CD020215A9131931120D19E626EA030D81
:1065F0000CF712382D2919C203EC2B102E2206227B
:10660000CB21EFF01D01CD240F1B6A3F6FE710FD7A
:10661000D4FCE52F26F0FE10CBDCE2F10BED443B81
:10662000160F28E2FDEAF31CD90B032221EE1E0708
:10663000111524EBE1CFE0360ADDFE11FB5AFBB663
:10664000161617812BEB092602F4C8DD3D411F30D9
:10665000DCFEEBEFC214EBBAFC142842B6230D109B
:10666000160AE2EEF3D90D1EE9F00D1DCFF5091162
:10667000F730DFFC26B2FBE9D91ED41DD4FD30EE85
:106680000921F60D15200E0C19C01BE8BEE4F2E43A
:10669000FE2AEE31D6F92E28C501C90B02C3F2E657
:1066A00043FF1003CECC2514E40D6CC52896F326C9
:1066B0000AFCB425410A0EDFFBE1FB0FE61BF927BC
:1066C000E240E90540B7E9C340F00BD7F7FAF0F72D
:1066D000C700DE0D0218C1CCEDDBD91552BC053266
:1066E0000AFD0552E7F028F2DA1618E5062C010F2C
:1066F0001A7FF9E5E1171FD90FD409031EF106200F
:10670000F22AD92DE5163941F2EAE9DFDD4801D355
:10671000CC0B62D804BE0D091613DB2A7C1E0A1CA2
:106720000C28CAF5EC8F09D0E0B333D4E71D0A106A
:106730009CF9D52B109F0F2D15E9C8F4BFE00EF87A
:10674000FF1138143333F006BE016551D4C8480533
:10675000192210BA14ED09DC035810F612FDF3CF1C
:10676000D9FDF01E0F27DD07E0FF041EEC8D47CF9B
:10677000160BE2FE080DD00CF110D2DF3E242D2ABC
:1067800012F11DD6ADECF3A81FDE1F39CC13F0F2C9
:1067900040103C437F04135E390B1FCDFE0A0810E6
:1067A0000DF6240AFC300CCAEC05CE03FDCD1020FA
:1067B0001D07E8DC2D660D05E3020ECFD2F1F58151
:1067C000F01E34F7E2EF060E27EBF319260BE91A59
:1067D000010BD617FB01CA1B1324F3FE0AFE190E88
:1067E0003410D004B9F9CB0121FFDAD03B2F330D9F
:1067F000E133E80EDF371FEBE8BE4A1CE422241D1C
:10680000CD252803B83B13D71600EB1600083D0A28
:10681000810EDE0BD1F74331D9302921DA022C3534
:10682000CB16FA10410AFC34D24B09DD0DE810AA50
:10683000DC11D9DEA4EAE80E2107C23D3907EB5886
:10684000D9E5F1EE51D7DA1D0423271BFFE6BF2A55
:10685000D316EEED33CAB620AC39E8FA52FEE31F88
:106860002704E7623408EDFCEB1AF41909ECC5FDC6
:1068700001D028EAB5FAF651C7091AD806D9EC238F
:10688000FE002D03543EEC9E040DECBD330BC10AFB
:10689000F1F227F9FE0D1C1EEEFCEA13BFE6E2F74B
:1068A000F029BEC60034D4E1AAB419FFEB87FA0F71
:1068B000E7DEDE13A8D90DF6CD23F3017FECC50288
:1068C000D54503020F401313171524F0F9CC1EAC65
:1068D000E8FE14F4EC09A70DE0F020F512FFFAC170
:1068E000F7FA1E14E3E4531D37F59C872E063E404D
:1068F0001AECD6DB0458FDE33333FB290BED0026FD
:106900002304E4D2C739E0FC0645EC02EF38E24D3F
:10691000B553B4E538B7AC67E9D10D36E033F034A0
:10692000180AFDC6F504F23EEF052820FAD7F71144
:106930000C0C14F65913310D4D08F6FAF613130822
:10694000361640ACC12DD2D802EFD909D041D51AA4
:10695000A710C8C30523EC4924C2F4EA9FBB832BCC
:10696000C9FFF009D0B11A0BF6F40426010AF0CAE7
:106970001551F0FFC4D521132522C3079BF401F95B
:10698000F525E7E7C53C13F017EE1A1A021F5DBEA6
:10699000FF3207EBB9F1F6D5303204F76E1FE1098B
:1069A000C80CCEECF0C70C2312FB7F000AD2FE0409
:1069B000F03B1AECD7F20403FAFC3019B8DBDA0327
:1069C00015F9F8CCD7D91A1CF3CDE3F70D34EF3114
:1069D000FB01EF12351BEFF3052636F8061C092DD7
:1069E00028F81F0F06F8EE29CE083F07E78E09FBAF
:1069F0000806DBB6F42D1A380FE3F3F52002D1D4E4
:106A0000EC03020558D7DB210E09F10385F10EE7EF
:106A1000F41A1934D6E708D9F146F2253EB236A762
:106A2000ED11143FCDA8DA31DAE9D35139C9F6F9BD
:106A3000133BF80D2116E81513E0A026E0FB2CFD12
:106A40000E302E12ADED0EDD0C21220EC139EE1DE1
:106A5000A70D04EBF3F9FAF2FEE20618E829F5E5D2
:106A600038FE07E05C0CFDE40EB7ED35ECCDD33B12
:106A7000EB13F8D9ADEA5438241740607E0314C8EC
:106A8000F91074F335B7F9FA24391705FF03E7BE97
:106A90003255DE1B45230BF6FC0B1215FE4401B2EA
:106AA0000F111D4B0AF6FE10B53E73E941EAD4D230
:106AB00004F2EBEB08EA4E3BDA30414AB263F22EC5
:106AC000E5E0E936F12EF5E303C7520A132B1D3832
:106AD0001425EED7E4DBEE6307E8ED17D0C45315B9
:106AE000E8F2DFC5FFE3EF2BCD0C001614E60FDA5A
:106AF0000CF8EAEAF030F829DBD8D84716D5D1C12E
:106B0000F60223E41E282F0F1BD719D4FCE71EF72B
:106B1000280A3020B005C91628CBF904E6E822DFA0
:106B2000D5E425E33EF9DC31001A0A174CA61F23F1
:106B3000F50E1C0B1BE116E6FAE7E312FBE9CC1994
:106B40002837FC04F42F05C5EB0A2D183436E5ADC3
:106B5000D6F938C5E61B041AD7400A0ED74919DC06
:106B600060F31ECA001C1BD3F609D5E38CD72BD4C7
:106B7000C0000710E8F1C5221BE1134031091AC714
:106B8000FCD234F7DADA0B12F504DFE64A7F819F94
:106B9000FB2CE89826ED1DD4BE0EF8C7FB4B2362F4
:106BA0002A26B40ACE070BD80F271137C00E083794
:106BB0003B261538E2580C1FF62EE6F32C2925B19A
:106BC000FAFB331C2733FFF40D2C24384200EB1E54
:106BD000AA32341134E9F2003319E2084709D9B472
:106BE00051BD08EAD51CE1E3081708F70101F5C318
:106BF0000CCF16A3E73CDD32DAFF05C7BBECCB5F59
:106C0000FE0A3332DBF9FBC4FE0EDBED22DA16DDC1
:106C1000DFFA24B41126193B2A11EFFE25E3BD0645
:106C2000F2050AF9D7059DDF03B511C7EB2D303A00
:106C30000933E6F20BBFEA0004C7060115CC1905BB
:106C40003629E5DD0647F7610E211C0907E7F60145
:106C500025EEF332F505F2171F03302A2AC8E106A4
:106C6000D11604811700FF0DF70BF2D825F6FF129D
:106C70002AF0F03F0AE40EF6D5F738B9302B090EAA
:106C800038BF42DF1A3CEF09F6EC2528CF0DF10B97
:106C9000FDF2190BC8F7DC09FDC414FFD5F3B704E6
:106CA00026D407D0011FF9F8252013F2CEF11C11CC
:106CB000F202DDD5252FF4BD13EEF30B3209EBFF05
:106CC000CF14ECF7F2B90670E9FCE40AF5EE003CEB
:106CD0001C17A3211CA8C720131430E90A27227F00
:106CE00014F4F71EFDCCFB034913EEF7FE46D41552
:106CF000081DFE1837D80A08D80E1908F6F2F40B4A
:106D00002FDF36060ED7A9E6D7DD16D0D815D91D48
:106D10002C28101DDB262AEF0F154BF9FE09E7D9A9
:106D2000F83018A0DB011305F9F9D7FF2DD6C5F807
:106D300038F03E2E2026EF08BADF73F018BBA2EC25
:106D4000183329D4EF06B6FFF02ECD06D51ED8CBCA
:106D5000E4EA1120F428FCFBF73C05DD11CA08FF2A
:106D60001B0314FDE2E93F100CEB0F0AEA23181A8B
:106D7000E9532BE5F2FFE7FEF70EECC212FBDC272E
:106D8000C507F102FA12E31C2229E50F07C85611C4
:106D9000152445E8CBD4FD0B0EFF0D08FB19C8BC2C
:106DA0000D8AFDE11D0F6607F8FB0D00EFD1EA1C0F
:106DB000F1C926B2FBF747F500A8FDF025C9FBF1A4
:106DC0000BF119DF42EBCA3BCDF7EC133740E2EA97
:106DD000A4E1E90DBDF60132E9264AFA090907E8FE
:106DE0000FCFFF3BE4EB63E40046351A04F2DC2EE0
:106DF000F51EFC2002F0D42CE011F6374BD1BAFB83
:106E00000F29F20F02302131EE13090D001737223E
:106E1000DEC3FEE0E8DA0B12F013DFD31E20E9D860
:106E2000E20311FDDFDBE71E0CED0E2DF647B80A7D
:106E30000F0908CDF938EEF8F22429EB0D20112CBA
:106E4000EDB42706D9E225220506193F1B070800E5
:106E500032ECFC0B010F504CF8E1B810F905EC08CE
:106E6000E52A0A68D013F0FF18FDD8E5C3CDC901A3
:106E70003D2D2F12F6CA2409E61305E203C20E10B7
:106E80001E2204FAE7BF42FB08E31FDEEED7E8FD4F
:106E9000E7202713FE0DF8B81EB7DC15FEE8ED015C
:106EA0002413EFDBEB16FAF0DAF710E12617F00502
:106EB000E93000C0E9C5F6E5EDB9FF0FF0F9AFDD47
:106EC00031B81DF1F024FB02012913DD0B371DFE43
:106ED000FE090A172F2409081BFD0B0C0804E20009
:106EE0001AE9C434D83B2104FB26FFD4E351C4D9AA
:106EF000F6FD04F1C1C2FB0D02E009BB080EF92842
:106F0000F8E61FB42515D0F2321AFEF3FF082E1D45
:106F100003210420003A150CFBEF1D0AE809BC0709
:106F20005E48E62E132205F00D07250DB91A6931CA
:106F300005F14EB8F6422B32E7122DDD092AB217C1
:106F4000181DCFD626F64A0EF31EBF1E07FE271DBC
:106F50004FF7C2F210E820E224FC34CC20D4E42C19
:106F60001338120F1FA900E8BE29E5F04A17FAFFEF
:106F70008FF3D136FFD4121017BBE637080337045E
:106F8000272A27EA2A77EEDEF3B11414FD201B33FB
:106F90001DF4F112E6240C07F30EDCAD1EE9D0EA75
:106FA00013F50F1AF3E2D1031B28ECF8F5F9F02BD7
:106FB0000B181FE60E9230FFA9C02320FFFCEC0641
:106FC000F6C605440EAD64064AEFFF20E33A4212CE
:106FD000BE33EB2311F2FC5A062EE6EAF5C6112B5E
:106FE0000E1E0C27E330DAFE1CDB4AF71E07DEAC70
:106FF000E23901CF088D2BFAF10046E6DBC44B37AE
:10700000C5153C01EBA1F8EFF9360A10B400E4E233
:10701000F030F012E627EA00E8FAFF1712F3081939
:10702000104201F1F61F05CE1228D3F106111EC23F
:10703000092A10E8AF18A8F9100D25DBC0F10916D0
:10704000E0DD2AADB8CA0D15DFDDE2E20B08D3CBD7
:10705000BA24071A2C020FE618C205FCD7380B21F8
:10706000C7B3D3E53210FD1A06E014100614F75921
:10707000FAF95EF597C7F7C5124507370DF0E2B488
:107080000EF5F21A184DEB22DFFCDFE107DE05FA00
:10709000054B0B2E201507A622D014E50919FDB8C3
:1070A0000D050EE5251035F9090118301623ED2ED2
:1070B0002831C6FD05232534F10DC135345E370274
:1070C000E11EF6E20103EDE2F8C5FB25D302F1E093
:1070D000E4E030E4100E17AD290D211ADF0217315C
:1070E0004419D4D0AED220FEEF2304EA264BEA2F77
:1070F0003A160941F2073F09F92630E5A72CA5D831
:10710000E5F8ECE3C514E3F8C6E1F2071ED73B3817
:10711000EE130B060BF7F60A1815001B11EDFC4BCE
:107120000636BF0F080518C6021BE70620D3E0F697
:1071300015DF0CCFBC290CEDEEEE06E04BEBE80FB3
:107140000C35EBD914214403C11630D929EF122490
:1071500002F3082C2A1DF1E4DFA10D2FEC262A2CC6
:107160001D19111DFE440337A9FCFFC0CBC0EEE87A
:10717000CBF701EEDDFE0EC209781C01C8F51B73CA
:10718000FDD8E5301205FCE8D7C60BF9182C1D1404
:10719000FD46CD26EB11C18AEE3EC7EEF7D2F601D1
:1071A000030D34C2E7E230EF75813A07250EE95C42
:1071B000C10EE1BC35FDC9F1E80F21DEDCDF311085
:1071C000283229023D371F2213E4250FFFE6F03550
:1071D0000E0B09FDF4352412C1EAE01D052215D875
:1071E0000EF506FC2C12B41238BAEE03020FF6DECE
:1071F0009B1916F7B6DAD6F8E8D3044A3204C50E5E
:1072000007E633E80D1D002D0FEB114726FC23C4C4
:10721000273CD9DCDA1C2D1425021423F709FD0BB9
:10722000E121D9CFED18EC00052BE8FFF5EB04FECA
:10723000FD47C9F8480943431B4AF8331BF22D2F79
:107240000EB8FC0EEDE802D21DD614573CA0B9369C
:10725000F7EA0A061CF936E72A78D4D700F7D1E80E
:10726000CCE912FAFE201515F248CF0D0323D2F314
:10727000E2CAE1EE30E701DFE1E543213C14071DFE
:1072800004F9010D3328E70929BF3B2CF5E4CE2092
:10729000008F28FAECCCD4FB0EDFFA060807FFEBD0
:1072A000306A431DC91DA6E6050CCB28F281FBDE22
:1072B000D5460FC8F51F1921D84C15A328E423F98A
:1072C000DCE3F5DBD1E01B3D4023B5151301F0E015
:1072D000FA17E7D518D9DFDCE01DFBB7104554E7F6
:1072E000781F150D1C3B0417EDADD6EBB9F806FD64
:1072F000E016E1110CFB0DBB02F41AC511D5E8270D
:10730000B8EEF50E48FCF82FF020D35917290405E4
:10731000E92CEA3201AE40E5C3E01CF5FE0F07F2AE
:10732000F9E202E00F1EC74A02951BB8F618E226E2
:107330001E38BB03E40CFE161CBEE11DF848061403
:10734000C4D81E11F6F7ED47FE07E30265CCEB014A
:1073500022FE053DFA0028F5E4E222CAFEF52C598A
:10736000DE3606FFE9281A22C4EB201819201B0379
:10737000E0F4D8F63A0598B2E2F9161DF809E523CB
:1073800055D013F7D599DB0DFE09F3F9382AFE33F2
:10739000EE39BEF752D01AD9EF01E536E9BDFE0944
:1073A000192EFDCA8C05E9D3E51E2B1604D81FBE85
:1073B000D015F30D071EA9092B14BF0A7F22310A2D
:1073C00045E50A0FFAC9093D183B104B1C1E04CDB8
:1073D000AC1CFF253E463119EBF8DEFA20E93B0DE7
:1073E00013F63F5547F7DCD1DBDF060ECE6AF5DD3D
:1073F000F0C501FC32031A17DD1704BCE7DF0C00EF
:10740000E448E70C1AB927FCA74AE8FEF92AF5DC9C
:1074100001E8120A2CFFB3D216FFE7EEFF07EA1DC0
:10742000013754FBD709E8F908282120F0EDB51DF4
:10743000031A2712D9F6D805E01BF2E7B0D3C51816
:107440001D29C7FDCDF5C501FBF81F01BC19030AB5
:1074500005DDF5FB57DA03E30F1A2FDB2B1581F659
:107460000DF3F9FBA117F712130E042F01FF23E30D
:10747000351DEFE7FD3511F4F5F2081900E71ECDD3
:10748000E4EED44D2E376C02271606024BFF0E2871
:10749000BA1D24FC26F0DAF8E811B1E0F0E558FC5A
:1074A0001A0DEEF938CBC0FEF7C4FA04D5F8EFDDBB
:1074B000D2EFBE371E062C03E611CEFBEF0AF241D7
:1074C000CC01F50000F6E3F7FF150FE9161AF017E7
:1074D0000AF516E70E0DDB1D1FFD19E961F4F3F344
:1074E000120CFDEFE2072FE03DFA89E5231837E49F
:1074F000E92D3A0415EBC900CA14D8152E171A261F
:107500001705DCD533FFF6FFECBB12F604F9ED1DD1
:10751000041DE6061E22E1CE19E3CB1452F1FDF65E
:10752000142CCD19F8A808FFB907EA1774EEE7DDA7
:10753000F1211AFDD104BB1C08F5F9EC1D272BCD58
:107540002CED18B61F0A1F0E18CDF41D1911DF19E6
:1075500001EE1109190ED4EF260214D21304001102
:10756000CD0EF922DF0A02C643C01E00BBE8C3D21B
:10757000F4F30406EA0A3123161422110622CA166D
:107580000AF12EF034EDF813FC1027DA51F527FB41
:107590000A01FF25F8EE1002FBD20F1421B0192FBB
:1075A000F80DFDEBDA08F0F61E0CF24FFF3121D496
:1075B000ECD0051B4D232136FB413EE2EBF3EBEE15
:1075C00009C2EBEACFEA1EF1D840BC05E5FC020A8D
:1075D000C3DBDDCDD800201CF309E80E174101F70D
:1075E000F2D7221443EA11FA0703E4EEFDFBEEE9B9
:1075F000F7DDC5D7F0F1F811F0E0E5D421D3F201C1
:1076000004E7F1E90712CB34EBF5AEF622DFF07FA9
:1076100006034DC1CD29F1280D191914FA1451078B
:10762000B739F3F5092C31ECFC0EF24183E909F28C
:107630000600EA0A0D142A1AFA2605F9F203F2E9FD
:10764000442ECF0DA5EC9FD5F2F9AB31FFEB00F93D
:107650001442290FEFF2DC270B0CE6152308BC0CB3
:10766000EFDFE42201DF1115122824F800F2E3E72E
:10767000D2BAB7F3491DF808E5BDD7422D0D2A1A35
:10768000C658121B4E12B4FE140A09E5D2DF2EEFC3
:1076900000214135DC06321A04F512C6C806FA0983
:1076A000FC15191CA2E4053CFF10FBFAD6E12319D6
:1076B0001330CA17DB0C0AFCDC0B481DF8D9FFE6B7
:1076C000E81EBCE4F61EEBBCFFEFB6101B2E180143
:1076D0001C0EDC01121AB6161CC618F0082A071573
:1076E000DCF9CCD8311CCDECF409F50B12ECE969CE
:1076F0000A1CCBFE1E1011FCC2F12623CD03F2D2D0
:10770000EFF6DA32382DC803DB33030BB6FD233135
:10771000ED1255E737F3F63DF6CA010CF93CCD61A1
:107720000934030C0718D8E3181004FBD5BD22EA6E
:107730002AFDEEED22D732D403F8DFEC04DD36FF6C
:10774000C7F2DB0518FFEE3E01FCFAEFF6FEC819A2
:107750002F09D3EF1802F4F8E3D4DA093CF4C01689
:107760000BE732C3D6190B1102FCFA1820DB2FDD10
:10777000E935FAF5FC0612E6D1D45A09F103AE0C4C
:10778000042B2D1BE302F805DC3C34E5AAF420DED3
:10779000E909D410D82FEE16F52250E6DB492EF574
:1077A0001F1CFDF4E00DDF0500CE1A22F42320E3B8
:1077B000ECFCF4E0F522FF0015B4DFFF0EECDFC0B7
:1077C000DCEDF747E91DDA0FE7F2CAFDFCFF1F0FFA
:1077D000F0BC081F102829E5CEF1F8E3011AF402E5
:1077E0001E0BEA1C1BE0FB02D3BFDCFDF104E7D853
:1077F000FAD2F6DAFD0ADBF4FB01E6F70EFAAD0A7F
:1078000005212D07FF09D6E80BF6FA0606F700EE6C
:10781000A1F5F2C9E9BDF4FA40FEE5FBD80750290D
:10782000FCC6F40150DEF71FEFFD071604F4DD1966
:107830000F6126FCB70D0108B2B0E9020906D1D0EC
:10784000D3EE2DE4E508FF23E4DFA42208D023CF04
:10785000FAF4C4F4CD0EBB00190ABC05CDE0EED994
:10786000A9D2C9E8F8DCCFE1060919193F0BEF02EC
:1078700006FA13E9C31DDDE0F53AF63415F2E60E1B
:10788000120C220CE03FC239E8EF47F030F6D24E3E
:1078900097B73ECE20F201F50138EE1EF7D4130360
:1078A00004E866FE08E119FC093F06E9D5D2AC21DF
:1078B000DEB6F6219798E7252E472FB1D1FEF404C6
:1078C000E607FFF6C143F83D571C0A1B3001E8D616
:1078D000E6FF080D35FC33CACA23C80048BED8F7F6
:1078E0000ED725E7017540FEFD7F4760FD7F252B04
:1078F000E267BF5BC9171FFDF0D0FB1B27EE5F09D6
:10790000DC0D9A44E02479FDBEF5F5D1FBD6FE11DD
:10791000B63EF718FD5736FE4BE6A70819313BFD7A
:10792000E2FB0AE506D119D60EFCC8ED171F19B502
:1079300009FFDDE30015D8E2D0C7F634C00DFBF136
:10794000F5F754FCF1FF213105EF06083F321DB178
:10795000F405F6FE2A1704012901F2F4FE20123282
:1079600021CE1900D1232124FC0BCED00EF5130813
:1079700009EEFFDA13322DFB2DF719DB2C38EDDE83
:1079800009F2A8CDE71CEEDDC2F347F4110BFBCDE5
:107990000CFDE717FCEFECAEFAF3980A3F31DBF190
:1079A0001EF8D7EE092305E810C11B0D2AC92529A9
:1079B00019FFF81018090247E1F129F410F8C91667
:1079C000F430A61D082C9AB125150A0B13010BF9EA
:1079D00020F8CEE2E3ED1E0BE5B72FE50BD51B1E1D
:1079E000320A2102CE1F15FAFEC8FCE7451A5E12C4
:1079F000E304D0F5EEFDF7FE0D16D3D11BF01FEF1B
:107A00000A00670104D73824FC111904DCCD4010AA
:107A100025C93936F21ECDEF030E2A2DFA10E415D2
:107A2000E3F0AE64F687DB031AE4FCDEBF181DF852
:107A3000E927DFF742E3BEF6E1ED09C907FC0C14C4
:107A40004D2C00E5360105F481130B0E0CE6F2F91E
:107A5000C4D405F2DBE1F3E735341CFFFC113D1D16
:107A6000152A220744F5D6F004C6E1F9D0F2FDEF5D
:107A70000CBA7DFCF5DD0723FA3A98357F01FA2828
:107A8000E8F118FFABE4DFC992E7E6D9B7EDD40F10
:107A9000D308F0F0DF12C4E1FFF75C061D030F21ED
:107AA000FF8A09E9F9ED36FF0C184EF5041FF412B0
:107AB0001FC223E218F002BBF3F8F010151BE8F424
:107AC000D92E13F5B5EFCCEB380272DCE3D1FCDE36
:107AD0000E4CD60DB611F0EDF2E611DCF4E50BEE2E
:107AE000CBF9E9E8F70E211541EB5653FAD40A38E1
:107AF000275BCC7F376D140124E7F90DFCFE551E82
:107B00001EF80AF3031E39CFAD0D100F1EE8132225
:107B1000E5071EEADE0AEC1AFE01D730FDC030F49C
:107B20000215E6E5F7201734323517E2FC0EEAF2CB
:107B300025CB1C0AF62B0AD62CEBFA161913EBEC04
:107B4000F405AB5AD415FB1308D41DF401061BD55C
:107B5000C1312E3B320809D9EACC39120B2741F446
:107B6000CD3249021F43190A15CDCB0C92F6F2F41F
:107B7000E822904A11F9EAF5101704E3C216F1025F
:107B80001B08DFDBED0545CF321EA4FA1E111C4693
:107B900020C54EAF421AFAD1F6263C12AFD6DFF31B
:107BA00018D1CAECD6C9EB01DCDBB6F5E50BCE0C7F
:107BB0000315EFF2FFCB46FF0640BC0C14E6083D70
:107BC000D81B1D2E0DF4F4F121FC0D19B303C08157
:107BD00013075B2EE9E9120B03150B2F1507F6D2DD
:107BE00010FE64CE8E0A023BF1CA05F302CCF37F8D
:107BF00021F55F00E333201C00C506DF12F4D32D0E
:107C000002FAFE040A12EC12170D3403ECD4F50646
:107C1000180AD5BA1109FF3563D60AE71DD217E550
:107C20001627EDF3D60400F427EAEB4CF2380828C7
:107C3000FA0EDE2DE8112BFEE8BD021A3208E91813
:107C4000E2190F13053AEBD0E519063AF9E0E3FA29
:107C500027D33A3EECE2E72D16F1070CF9E4E300F6
:107C6000DBE4EE11DF27E101E3FF1806F3FF110F5C
:107C7000FCDFE81711D1EB2E0E0C37EC1342FC1E83
:107C8000AC1BEC23E8DEE70F16312104FE1F2308AE
:107C9000FC08F7DEDEEB233D0FE6FDF5F5EDFF0515
:107CA0000CFFFFD3120CEDD00032095B141BE6EA87
:107CB00013EAFF0C0DEDD4DC100001F41F021525B2
:107CC000F53109E009EB0A2D271B1013FDDE2441D5
:107CD000EF1EDC28D71FAA0D16F5102F23E70A1276
:107CE0002C14211927F1E715FC0B13E73505103B80
:107CF000040FD207E2E7E62905D407BF2BE0DB300B
:107D0000F702F9FC0107E8EB29DCCCEBFA32F00FC3
:107D1000CBC838BC252D010D05F5033F202B15BA26
:107D2000FEF5F322F7161827EEE6DFCFE547F21A45
:107D300038073530F4F9DEBCEBD5E1C3D613D1E713
:107D4000EF1B08F9FCF92102F5F5F2FE0707EBE756
:107D5000DA10F6DBFC87D0263A1D2023FFE3DFDABA
:107D6000F481DFE3F012FDDF1100C41FF902FC67AC
:107D7000CCF353ED072CF9C6FD0FE23BEFFC21F3EA
:107D8000F6E205C7E71C39181C02EAEAE002E1F155
:107D9000E65816FAD8FA3132CBF62EDD0322242E1D
:107DA000FB14032111F930EF10041213C0DCFAD3D5
:107DB000EB04F4960AEBFFCD06EFE303DD2EF62F7E
:107DC00018E91BF30DCF0BDA270BFDE535C9EB41A5
:107DD000F508D625EFDA0F2D1DF3F0C3230A19128B
:107DE000D2040C2BE7B9E8C5F3E908B5D127EE07B3
:107DF000E34801310BE77F41F1223D221AC9D5D872
:107E00003508B6DFD9F90E4DFFDC030F0ED7D1DFF1
:107E10001F1FE5F8C101F403D1FCFFE417BF1BFDF0
:107E200036010120F1DFD0B4E1FAB7E809FBEB3FFE
:107E30001EE511F2BF25123308101310187FF7DB6F
:107E40001314F30CDA18A6FB0EF8E0391E2136B233
:107E5000F4F90AEC060D010F37081EE6F61022E6CB
:107E6000ECE01222D9EC21E52106F11B0907E6D04E
:107E70000BEDE4D6D92EEBD5ED27FF000E01FFD395
:107E80000A30ED4E26C9DDE3FB18F66B39E90349EC
:107E9000E705B06654EFF406F518E72CFA1823232B
:107EA000181D0F10FEFDC5001721E11A0F00F9C9BA
:107EB00045FD3BFF08EF3804E10507F1ECD1DF1782
:107EC000116C1617CF25ECDFB50D1A1206F4E85425
:107ED0000FD216FDDBEAE9FB06E8E0DCF8DEF1F69E
:107EE000EBCA1CDCFB052B1BF1D61B0C06F6F513AD
:107EF000C235162208C84DE0DB1719DC2B05F50644
:107F000014BDFACF4D3DD02FE4FFF0D339D6F7475B
:107F1000ED1EFF2EE528ED50F701FADDD7FAF72325
:107F2000112B042914CBEDE5F6350D1300E2FBE52A
:107F30002EE7D60B190BFDF90A11F7C42BEF1EF92A
:107F4000DA14CF150B5BF5CE0D0216D3F404F9EE5F
:107F500034E7F7462504FFF3DDEB1CEFF01E1B0EA4
:107F600005EE4502030328490BF519D9F5FCFCCEB3
:107F7000D122F91881F1D204DBF3DA04E729F712F0
:107F800026F905070CB3F50D0B17F22227A5F21BF6
:107F9000F70C81E6FB23E217F2D8DF17FCE201E2DF
:107FA000F7392D0319DADE3B21DCE9182BF1CD304E
:107FB000E7EB2BC02201090DED37FE270FF3F4216B
:107FC0001F0240F83AB809E908FA33E5E3C00CD5D6
:107FD000FFD30DEC4A3CABB1171F1ADD20F7192770
:107FE000FB01021808F50B25F1F409AD18E1250D88
:107FF0000201F1050F2A0BE1E8ED1F28C20122A0C2
:10800000DB1CEF812ABBED0FE019FF1EF2C7490010
:108010000614F62040F01D2F14F7E313DF17CFF4FA
:10802000430345DAE6EAF7E518DF25FFC2FE080D4F
:1080300008DCDB15FFEDD31D13F5BDB44F4610E290
:1080400010F9D62DFC33BC25FF013A02154B1FEA6F
:108050002C24E606F1FCD82CF1FB7FF5DFC3FC4BAA
:10806000EA1C9EF9161EDC350813EF0BE2FBDE243A
:10807000C41D17FFE4F2EDD91BEA0F1A0E1E1BD028
:108080000CEF13F643DEC61415040A171F291F2927
:108090000DF3E704CD1307EBF4DCB8EAF2C3E8EE26
:1080A00047094D1C340FE316F80C34D2F33FEA1B9A
:1080B0001DB4B6A4500107EC1F0AF1EA15E031F334
:1080C00027F4400F1919FE03F7DB01F20EECDC0D6B
:1080D000E84BF7D2D8CADE36519637CE0FF71FB32A
:1080E00053AB2EEE0BE20D1E0D2A0546F40FC42BEA
:1080F000E3F5E0AFECDA19FDDAD24F2A1B1C1707C3
:108100000E1FD653062A0428F0F7121A1911FFE29F
:10811000CEEB12FAEBA40130ECF3FF0381FEBEF5C7
:108120001C1B290BDFE51AEE1A1EAB1C073D225E55
:10813000A9DBB6F41112CAD9FA2EC41DBDCEC318DC
:108140001C024303235703EDE9233003210108FAFE
:10815000FAFAA6D7F216F52CF510F7FA13C2082191
:10816000E914EAFEE2D7BC0645D9E4F2EAE8AAB788
:1081700009D41DFEC72CE1CEE2D0C7F8EBDCFC250C
:10818000C41C5FFB015330C305E65B1032C94D5779
:10819000CA12D7DD14C229F7332A012AFD3EEDFDAC
:1081A00020E4E7DEF002D033001530EF1FE138376E
:1081B00003D0BA31F70E09CE25E328DD24FA4F04A7
:1081C00039FBE7FDE3FC0FCBDCE0CD0400D8074A28
:1081D000CE05D4C615D1020BF923B40EC7DA041AA2
:1081E000CF06C63D404428FEF332CD321203F8B428
:1081F00034FA1913E611B4DB1BD1AFF405EB0F13FE
:108200000E16C912E22DFF18DCE2C5EFDBFA0742B9
:10821000E9EFC7C7DCD5E9DE1406CAEB113A092637
:10822000132967F6E6ED161D24DF07EA0AF714EBBB
:10823000F5EA46FEF8F0F7F0B940F9CBF45C523EAF
:108240000C4A4E24F3D304280DFC30FCE1FBDDE99D
:10825000FE0AE22DFB031B08FAFF39351BFFF8D994
:1082600024F7E50A07ECD7FEE82ECCD7D84FE42454
:10827000032D1D24E5021CE914211E540B282ADFBE
:10828000151C61FDDA10F014081C291A000FB7F54F
:1082900001E7F7D80E16CFE4E9FE19F9252EE60C12
:1082A00022A5EC02BEE3DDE3F607E61B18F60B1E83
:1082B000F4DEDFDDDDD3EACCC5F6F3DCD4F9F7106C
:1082C000002168FF28190ED813C8C707BC94C2FC48
:1082D00015E6FFE727DC389901F311FEF219DAF50C
:1082E00031F2E4F5EFF0D4EB1608D91F02CA0A0701
:1082F000D504293D30B417492B16ED0AE793EFD387
:10830000F3FC41F3E5D7E5A81441FF1DFF21EFFC85
:108310000A0DC2D309FC35DCEFE8F3070516E515B5
:10832000FE0037009014F2B9F2F4C0C128321213E3
:108330002EE0CAE109EBE8D420E50CDE242BC7E7E8
:10834000F60C3D2CD21EDCE27F210EFE201A1FF718
:1083500016FBFB0AF236100D32F1150E07BAEDFCD2
:10836000F8DE00F8FAF4E5082216D8E71A1EFAF843
:108370000F3E070BD6E0D8DB110209C1DCE3DEFEBD
:10838000D7FBED2E2615D5F0D3AFDDDDC57C9DFDE9
:10839000FDB3D4E514FC0B01EF0FB20511142C242E
:1083A000D420E0D20844F11A12EB18EBE60B0616C3
:1083B000FAE7F313F1E4EA02DD2745E51C08160AA3
:1083C0002DDCF20FE52293C7FC35EC03286016DFA5
:1083D00007FAE8D3EED8FE2B112A01F4C1D4C2E784
:1083E000C31D560720FF0C0203FBD9DAE0F9F20F98
:1083F000BA0D331427DD02F3F50B31DE0C07E50A65
:108400002205FB3225260733F1F0D80DF726D76178
:10841000DFB603071711FB14EEE7CC1BAECBD30975
:1084200042E0FD144A327FF80EC230FD98DCF105BF
:108430001FECE5181EAEE02E443C46CDDD021303D2
:10844000BCFE16F8E626C30707FDD4FD2830050458
:108450000245C4E60F0FF0F1D66B1811BCEFEF0127
:10846000AF084A035AE11FE8E2134F075BDDE8F764
:10847000154C08F8C867F114DE29F921CD10F0FF7A
:10848000E348ADD716C0D01A1E1C240994F71A046D
:10849000F17F0C2020EB3BDD26C819F703E289268B
:1084A000280B2A0A3CB41D07D614D1E4B520170DB9
:1084B000F6EA94E0C79C2909E1E40FF9432C13ED97
:1084C000F51A09071AF702E8C24710E6DB13141180
:1084D000DEC0F6E527F3E6097F1438F9520311FEF2
:1084E000E309DC0F010B191FF0331831B8BC0BF591
:1084F0004C190EF5EB22090EC7EBF9E3BBC61AE4E3
:10850000F50ECB33EDFFED2CA41703E93E44E60155
:10851000D0A7F926B80DF9EDC0FCB0CAC91702FD05
:10852000C4FEE5EC0939211B1025CF1FE7E7A56A3A
:108530009556F7FB65F712F1DBFB0505AB1822E852
:10854000B70519D824F474F62228F81BF2DDC9F80F
:10855000E9CC86EEFFFEC4160CB9D611DE1709135E
:1085600014EB0CFF57EF23FBB537160C3EFDF2075B
:10857000A82AD90CB2191FEEEA1C121320D1F62D2D
:108580001547E003B7FFF3EEC447E6F9E41700FC34
:1085900058173E3F01D9F0DA011A561EE0ED2B586C
:1085A0003822D3DCF6EEF50B620AF5F0FD05D9D5DD
:1085B000FADE07E8D945CD5353F50D0A19B72E2C2D
:1085C00023CED1E1E0EF1203B8BA14B6D44AE4F0F6
:1085D0002ED7BB092E071E0BE6E20515D9BFF4E91D
:1085E000DAD7FFD7DDC405E7F04215EFE1F925F052
:1085F00032DC01061605F906100C4E141FB1F7F413
:10860000E828F6D7C11CC51908B4DDF8E118BA0F7F
:1086100002FEE11F4832E01508E11D1829FB19CCC4
:10862000DD0708F1E910040EFBEDEF2846D0F2F962
:1086300037D828033E15B40E400E6402BD2DCE156A
:10864000CB000D9BD300EEFB332ACD347FC84C0802
:10865000F8C7ECE6FB29EEFC58E339E7D0BACF04C3
:10866000F37FE9E2480BDCDDFB2B00E30254F3FE71
:1086700016BF0F0A0EED0DF5E816AFF2D3D7E7FDE2
:10868000F527033225E908218DD7FFE9F70D2104ED
:10869000F96708FCDFCB070908B31D10D5EF2CE004
:1086A0002F0F18F958C9F2132FEAF10F1DD50C40FE
:1086B0001E051E3245A4FD221B0BD20BF42A2209F3
:1086C00008D7E7C512E4D8D1B900C3161C06BCFC14
:1086D00002F019ED1311C4EC2007E0DE31FF16F1B2
:1086E000F3FEF91E3AD2CEC5D107491618DFD217CC
:1086F000333DF72ED2F4490C56FCF0FA1EF908FC73
:108700001101E7EE12F4D60DCD04F3BECCE725E35C
:10871000F913F008F325F124010CD7E60917E5D782
:10872000CE41D8F3120819029C2DDF007B0318F309
:10873000114319272C1AD81F1719FC0AC4D405088D
:1087400029F4EFF0D8E4EBD9FC9A02D56A430AED9C
:10875000100302F80213F822EBCBE51118C5E9FB70
:108760001222F4FA270302DE12D407EB06F9E41210
:10877000193401E61338D5EBD5E0082777D142F458
:10878000D04D0B19E10830250DEFE302290B231A18
:108790003189CD14EF480E071718E2003C1EDDDECC
:1087A0002D2FFF321114D62EEEFFDD03030FC5EC83
:1087B000FB0AD3E601D5F8F31DCCE7F339DA20FF45
:1087C000F3E5DDB10A0AEABC01FCA82DF8F303ECDD
:1087D00021069933E22B0DF3F205ADEC04120900EA
:1087E00005062125E4F3190EABE9FA03E50E02D6DE
:1087F00024CBB10B1A26110129C7D8341F22EDD280
:10880000BE11F004572E46FADDC6E607C3E410E7B2
:1088100000EB10CF05E2C11C81A3FCBC1C14EEC907
:1088200017C015F921112037DCF8D6DCFF1430FC15
:10883000CF18E8DE1DF209F4D9FAEBFDF71E251575
:10884000F5F3F607051127DE06054C0C08FAE9DEFC
:108850000A0012C41FE8021D16F702C119F413F52D
:108860001F0A1F04FE09EBF7EC23EC041C0D360B6A
:1088700015F3093F3C22B4A0EE0A38AA562DF2FFA8
:10888000E91D212709FFA9091541000EFDD318098B
:10889000E8751EEEF806E4D117F602C3FAFBDA25F6
:1088A000150BE81EEC1AB3BDF0ECFC01F7F7D8028B
:1088B000DF0B2F102D203F0EA4E3DE0AD30DEC2496
:1088C00000E83E1E08E5C1C9FEF4BF0006E4E0076B
:1088D000FA1B0FBA0548FF10CB2B1DE93E2B2DE5E7
:1088E000F0ED0FFF083BC0DAA228F9DD1F11010CE3
:1088F0000D560BF6023DE71FC741FFF5DF14D11FF0
:1089000004DBDA8BD2EB0521EA1D0107F5C619134A
:108910000E1332BCEBF1F01B4CFB32674C1C3405E0
:10892000220302FFDDF4F603E806030A08213528D6
:10893000263CF8DE32D0D7EBDC32497A44F817080F
:108940001AEDCBCEC4E63738D5D4E026E8062607A4
:10895000DFD5042908E0C712FCF6DAEE222218332C
:10896000FA0D2E4026A6CD0FD3FA0CE0EDD80DFE61
:108970000AE60A0C1C41DFD6320A099F00F2D6F93A
:10898000F1FBE5E211EF23C9CA14BFF62C461F60C4
:10899000022A16031E11F3DCE9EB32D7F21F31DB9A
:1089A0001DCDDFEC08B3C7FC0AD3C32CCE020FF9F0
:1089B00003021703E0E4C8F1081F0FC7D8E3CA1980
:1089C000F93ECD2EC5142FEAFF58EDC021650200F7
:1089D0003B20F2121DFEE2FFF3CE04A02A15260F63
:1089E000DFB9E1C5E8FB2D211FE634C806041316E4
:1089F000093CD1C527E127FA2300DEA5F801A9E942
:108A0000FB12EA0B13C620DC06DA050F2204BDF8C0
:108A1000CF0FF662E9D7DEE83F050522DC01D40777
:108A2000EA1AC6E813EF1CDF01D30318EF36D8119A
:108A3000E5D01AD52D10EECC31FFE660D34D011CE8
:108A40002E1629151525E7DB97F512C2F744F125F7
:108A50002BECF1A416F91F1C1DF333C2152600D50B
:108A6000E3D8F94CE4BDD924EFC1F70DF0011EF9AC
:108A7000410BFE4E12BED3C9CC04ECAC0EE2452035
:108A800010DD061CE00303F5DA1F19111F27FAF3A6
:108A9000FF2EE141FCFA18D20F20D292121E22FFC3
:108AA000D6171CC5F54DA8F001141011F9BDF30738
:108AB000F7F6B030D4EF254805F2ED85B7F19CEE1E
:108AC000D82EFD0D121536051B34242DF54D0BEB5C
:108AD000DCD7E5A0E0F304DCDA17D8DA05160530B8
:108AE000F6EDCEDFEAE932F2D70BFF2CE7F00838DB
:108AF000CED9F7C5E714BAFEBC01D02753C8E206A9
:108B0000013527E42524FEFB00FD08E10BD2D3014B
:108B1000D217D8EEEC4C30D9E32D294BFE02E716E4
:108B2000A8B9F924E828160F41071F132D2008FDC6
:108B30003E0F0B0D0F1804FECC03E93F27CE143E69
:108B4000B925ECA1EF248115DAE8C9A5EC1EC8F619
:108B5000FF0D1EE4E4F2353DA61905A8183306FC06
:108B60003C153B1F070405FA0F0002CAECF73B81D6
:108B7000EC080D910413B91F11E32113D505AB07C0
:108B8000B7FBEC6407240726CF17E508CBFAB8BE7D
:108B90000D3219CBBC0DF3DB350BDFC6DBF746E23C
:108BA000AC1A12BCEAB61CC93742D3F8F226E92C3B
:108BB000DBE5F8E13C03F11EFB0424E7CA57231D63
:108BC000C6E70568F847D5F222F8E826F21900D979
:108BD00009F43B923EDC5919DB162DE536D8BB343F
:108BE0001439F9B71DDD56DA0211F0F601F2CCF5B1
:108BF00013E803DC09100029510C1630E8F6FD0ECD
:108C0000F3E77FFC7FDEEDD2CB10128ADFEF1B0E85
:108C1000F3FB0204FCB5F0DA124B312B13F41217FC
:108C200003D8B21B1E11D42301060BC206EBD64E8D
:108C3000E7AF2B0ED8D812DAEAEAF0080BFF1C07D0
:108C4000FFEBFD012610144514E40FF70FE7DE13C8
:108C50001AFDEEFFF3CF672704EAFB1D061125E09E
:108C600000AE1DDAE9EA2AC92C3520F70F44FB32A1
:108C700005E8FB20F526E00B02A4C5FB20EF08FD6C
:108C8000EF291A4C02D3FFEA1AE01706E4C0A50543
:108C90000540BC0714B28108010B10FC18370CF218
:108CA000032CE169102FB210D6F6E4E50F252B0155
:108CB0001CF7F40AF7F3DFEF182205BD03523FC794
:108CC0001BD3F6CA0811F727E8F3C5D8C620212C14
:108CD000FD20310B3069230AB0F728EA22441AF24A
:108CE000050BE0E0352D00DAF853D50919D9CDE3AD
:108CF0008414FC1A08F3E9DAC9F51B00C70C5BF40D
:108D0000F05DFCD52368C3D1C9E3F1D6D6FBFC1DC9
:108D1000C3AD520A0EB0351518ABFC9EE729ED2500
:108D200030FE130C1111E62DCCF9FE11F8D20CDE39
:108D300004F80AB4E3CB24EEFF03E4C2014CAEE630
:108D4000FEFD0015FB19EF2323FCF6F6DBFDF50C09
:108D5000F01616C810D548D15721E5C41FE01547B5
:108D600016E2EAD918F524FFF8D8292EF74AE6DDED
:108D7000ED0B1D0E1A2EBFF9091D15F234D64B0945
:108D8000FB2FEF03F0E321FD29E4E44424DAF6FDB0
:108D9000F8F4B4F2F404F609FEF23A1FFDEA5FF7C4
:108DA0001BEF0BDF072A01DC0724E2C4FCAB2CC954
:108DB000FA38F00EEAE42FD4C9E42EF1FF47D225A9
:108DC000F2FA271125130E5D48051007A3E509C81F
:108DD000F849001FC92F0FFA0BD022F203140438F0
:108DE000F830D4CD001728E508FBD1B4C61919DA3C
:108DF000FCB7B9D8E1C90013D4B5FF29F2000AFDC8
:108E0000F90739EFEB302000F5E316EAEB6CC716F3
:108E100010270A2ECE02922B010215E6FB17020440
:108E2000282EA60CFA08B5400409F005FB120FF82D
:108E3000EDE90EE91023D8C7DB2003DD5A2CEB64E3
:108E4000F4F1F30F11E6F20801F6A3964939CD19B2
:108E5000FC33D2D23424EC360BFA32EFE3DAF8F3F7
:108E6000FC3ADCEDE3DE01C9390528B01232E44AF0
:108E70001BD4E82AC82DFDF7EF05010BFFE0FA1C13
:108E80000D0C0DDD5B1520320F1A33F5451A520219
:108E900027E940391369064807DCFE440A21D62C2D
:108EA000EEDC2E070A1599F0A30317292E8428D982
:108EB000FCE7F7F8F28816BE05EAFDD12404EA0FB4
:108EC000D0DE64DE37E8113F0D03CAF40C31EC0F3D
:108ED000D25343050B1611112523F83706EAF7176D
:108EE000F9D942942143FA2081E9E51718B8892776
:108EF000ED12BA7FC0FECEEFA5DA3EFE81FC133044
:108F0000B518E8D911F505C02A39E91F1830C9F696
:108F1000080FF407DA2015500ECE0F0B1332C1FDE7
:108F2000122E4342382B0D17031C0EFB1645BF2C87
:108F300016CACE1ED8ECCD21FE0BF3C51822FDE4D7
:108F4000F72ACDB73E37EDD60A2CC034E312DBF258
:108F5000F4D90F7926FB2B0205CC37A214C3DEFA15
:108F6000ED310DF0115726021ABC0C18E40901F07E
:108F7000DE1F31013542DD250A181438170729FC98
:108F8000F93227DAF72E2A3AF4ED07CC1045FFEC38
:108F9000F0AF091BD81820EBFF1552DE0E13FEF1BF
:108FA000FE463D14ECD522090CF00EFA020225F91A
:108FB000EEE6E42CF8B80500FD29C4EEE6621602E0
:108FC000E9FFFA0811FBE709C7F5CFF7F2222108FC
:108FD0001132A84D2CEEDCB17024F16A064E030A62
:108FE00012D6402DF7CFEB06FDFDFF20F40FCE0586
:108FF000E4B418DCEBFBB6D5AC2415E427D4171980
:109000001988C5D4C2C4DE9009E31EF10203391DDC
:10901000C500EB0D29E91112EF0DCBD6F1D4D924FF
:109020002E09D410FEE60640DAFEF3F72113E7A17D
:10903000060AC52A06361A15B326C8F42328ED14E5
:10904000032D25073DD004142F0E0C023C4904ECDF
:10905000FDD738E4E1C543F802D9E1F8FEEB09C5D4
:109060007FE3D8F8E7F9EEB612FDF6E00D03171D21
:10907000130A2CAB43D21B04371AF8050E5AADEA7B
:109080001BF7093F0D393DE5DDEF0B14B4D6F8BAF7
:10909000EF07B523B4021123BC08B4F61BF5E512A3
:1090A00007293CFF065C090137FA10E83F02000E71
:1090B000F3F82A1EF00544E6FCE9240EF224000A27
:1090C000DDDF1E1FDAC4221731FF00FF0240F3D498
:1090D00023E6DE0AFFF2DE2D03E200F45318F6C4A5
:1090E0003BE748DE2BD3E1B3DC0E26144D4E0F13C5
:1090F0000BDA1AED0FC11C531AD9EFEEFFAF06D3EE
:10910000E0F71C1CFD1D21A0FFE90602EF09E0E1CC
:10911000ECE12AF01C1632E2080611EC19EBF873A8
:10912000EC1D2D07295E162FF5030AFFE42E7CFCAB
:1091300003EF0B0206EE09C6F6ED2515E31D0BBA8B
:1091400025F50A0808B30125FBE249F24EF70D099F
:10915000FC0CD5FF22F10070DAE4FAEB0F0B07F7F5
:109160002409AD112EF223221204E219D2DFB8280D
:10917000C8F349F4DD3CE7EFD4F0EC16F7ECF0402F
:10918000F107DAF6D6F3F9F7C5D328DFD3CA2D3BBA
:1091900005D3BCE9103B0D2E040108222D29021C29
:1091A000E6EA111908FB1AEC032B0139F00836EE38
:1091B000300831E604E7108D1A13B015DC1F0009E2
:1091C0002B290D0FB0C515F40BE7E705D6051F1DBC
:1091D000D807CADE58C8D002AE1FD8FD24C911F77F
:1091E000F808B410E2815BD3090AD6FFE90DF30E4B
:1091F0001A11DC0B10E2ECFD18C5FBFF25FEFED8B2
:1092000009AD17E2FA04FC0E15DBD7FB194C251D3E
:10921000FA30E5E9D03B0206D135E9F90B01E54426
:10922000072A90EFEEE700FCD4C7C61719B7B516AA
:10923000F53BFB061502161005EFE0F10248F0FFC2
:10924000FD13DBF43989FA18DAE6B50ADD14EB1CF4
:10925000110B20FFF70A0202121429EF0EE0EB1A9D
:10926000F9E84DD4F40E0413120F04E6051AF53B89
:10927000FB0726ECEDEA0ECC0CF30408F2D2CF810A
:1092800010C8D7F6042817290E0CE5F4000BFA2EA7
:109290001315F35DD7CCB228D7292AEF01070F1A8F
:1092A000000CF216F6D8D81BF70910F3E622F741A6
:1092B000F0E9E3141506F716D011E7141BFC13B7F9
:1092C000CBD6020F05FD09CD00F1F4F8EED1122244
:1092D00008EFB21511ECE7B0DB040AE9FA2D161617
:1092E0003A0B131A3CEEF6160BC5F9220B02E6E711
:1092F000EC0600278124F91CAEEBFA5153FF52F41F
:10930000E0F7EFE7F6FD1110F209090A9D02EFCF31
:1093100013E3E7E9E3DDFF180F3810F5E9CB11009F
:10932000EC260800DE0AE8D7C5F2D2190E239FEE1C
:1093300009270D10D71BF6F8F811AEF4D7BCEAF1E7
:10934000E5DF38030FEA1706FCF826F8E3A9D94849
:1093500006162E06DCEF2335041230E7CFB008F5F1
:1093600023D40DE4E3C823F31EFA1E041EC8040D23
:10937000D105E9FB2D4CF31FEC22ED16D8D0EC0FF4
:1093800005FAF20529DFFF13F11CAA164928D9CFE7
:10939000CE11D50EFB24E405E716E20B121002FBFA
:1093A000B94603E405FA172EF822FE0CC016ECFCB1
:1093B00009EA2D200403FDFE03EB3F182B2AEB3AAC
:1093C0001C21101BE20DF5FDBF28CCEA301CD9BBD7
:1093D000F314E0DDF9080F1E111C2904FB2405021B
:1093E000D5E9F1EA21F7111A25F2EC11CED601FDEB
:1093F000FC020FF70BFF0225F51F0E00F3631309A4
:109400000D17FC14DABF0BED12090ABB1A5915C669
:10941000FD19E5E5E91700C8E213E1D800E7060FFA
:10942000DEF5FED7390014E8E737C2DA00EDEF4B7E
:109430003EF311200906D911FB06E9CC28F8B0FA51
:1094400007E1F33200D200D908C3022127D904F37F
:1094500003E60B61E124C816FF019ED009E2012E4C
:10946000F401DBE106F0F751E2240FEAD8F7CADB9A
:10947000FC02FC20C6FEE900D5FB81B614F5DE2116
:1094800001F21A27F4EFF010C1F91233D312E9DB1D
:109490002AEB28E9D60D1A18DF0C050D39CAFF2171
:1094A000C5F24720E3FBEEE30C08FDDA4E0A2FE29B
:1094B00014E51B01D915C044D8F101E33122CA17C4
:1094C000F0F8D507D609BDE9CD1CAE07EE29E4C4F6
:1094D00025FCF1FBE2EF1700F8EB31F9B6D70F06E8
:1094E00028121768EEF7480C28F0FADB36BD13C5D2
:1094F00033D40021FBBE0BE706F012FB3A192BFB1D
:10950000D90B000BDC259C291F09F52FF30CEDFE70
:10951000FB0704393507E5090DF6F6E2D22D10E90F
:10952000E9F7060617F513F71B2F12FF37F6F82A8F
:109530003408E9F8B517DE092305A5AA1AEBF316D6
:10954000EC04105AF12DF28C23FA1EEEECE1132EEE
:10955000DDF1FFCF18E6E7150AEA090CE3300DE963
:1095600010071911CD0F080504D30205DD0E0632D0
:10957000E1E5FAD5D1DF10D9EBED0C1EF5DDF431C4
:10958000BA260100CDFB09061E1405FFBBEB0E3CFD
:10959000490239EBCE3C50E60DDCF42192B2CB10FF
:1095A0001239EBC3F4BDE6F7C80B08FF6D0157E1B4
:1095B000EAE313F7BC05D4EFE9CB12F50A00E02F7C
:1095C000F605F9FAF2ECF719E2F304F2DE0B23D414
:1095D0001AC106B800FD23160008F3E91EF6E7FCE1
:1095E0000AE815EC60F3DA1FF70BD6E333E81354FF
:1095F0002FE3F008D0F7CAF7EA010FFC0FFDF7ECF4
:10960000F609E2EDE214BD481908C4C42D2F29CC97
:10961000D621F5DADB0EE5FEDB0A03382008F5EF8C
:109620002A28F6C1202EC60D1B1AF6E61C2511DFCE
:10963000C91006292D1A24C915EE1421E41B2AF994
:1096400030FC15EF0F1F0503E0F5FE32CCEE1BD802
:10965000B33FF3FEEDEDF92F050A142CFD0816AF0C
:10966000FC0E24E8E90DC307BB2309C29BE7F1CB3D
:1096700006EBF603CEED0906E20025C0D1431A0140
:10968000F2F610DB0FFDD2E0FFEF10F81EE6FA2E27
:10969000131EE83FD802EF01DD07F9FF021501397B
:1096A000F3E4EFF12DE2AFEAF8F20C20CFEC21E386
:1096B00028ED1DDBF517C2BFC823132301F40C0AE4
:1096C000DC0B0B1F0109FBFF03F600E4D47F261619
:1096D00003E816BB13F5D90C0405181C0107D74085
:1096E0000CF906E7292A0DE00EFC012CFC29EEB44A
:1096F000EEFB24C5B2F6F4111B0C1417DE10051096
:10970000D222F62C0004520AD1FB071BFF1C470E85
:109710002BFDFDD611D6032007FC2928FFEBED22F7
:10972000DB04E94D3B08EDD9FA0B161CF9F20FCA20
:10973000FA0405D7D9E40A2B02F21A082943282E85
:109740001105E90DCCD812E6F8F30DF9101ED3E897
:1097500035071D0401173808010CF040A52D21C262
:10976000D20603D30819FCCE03ECF6EA0ED5F1813C
:109770000405F822EEFDECC7E3EFED0AD52CD82264
:109780000DE8FA02042B013D103808EDF9D696F6E3
:10979000FEEB2904F4E2F3060713FB0D053F1B2C37
:1097A000E47F22D3E80DE8072BE8000DF5EC10D19B
:1097B00036E2FD1B22F12223161D11CE1F15FA0BD6
:1097C0003BD4FAD221EF35C010B405442705E2217D
:1097D000ED0E05DFC1E55204EF15FF18D7361BFB70
:1097E000EC0BDE27F2EA133F07EB1E1AD40814CD68
:1097F00004FD34E506FEF44DF205D702D207EB1264
:1098000081343E2CC7CC34F7201EF7EEF3C4C1E5FB
:109810000DEC00C5E9DCE3DD98D5F80D0720D72A6B
:10982000E4B508EFF8260EEC27F217D4F90E053947
:10983000041126F1063C27F0DCEF40287FAB0158ED
:1098400010F8E1310BF5DD02C4DECCEFFBF71D06AD
:10985000FEFDFF1203E1FE0EE70AFDFCFFBECCCCCD
:10986000F211057F70E3127FF9EC01FCFC0945E47D
:10987000C61BE7BC180CDAF0320BE7021B242AF7F0
:10988000F904DDC40EACE0064908F5C0F606F42282
:10989000AE1A41EB1B182C26CBF7F5E622371D0834
:1098A00009A6E9E20F011722EFFE0B3CF517A8010C
:1098B000ECEFE70503FAF7E4CEDEE00D0A12FD1146
:1098C000F90E21F8DEF0E413F90FF3F1EB4F1CEB86
:1098D000E60129DE1AE33EC66F0408071D0E10DEFE
:1098E000E5D9E004F8ECF3E14C061DD4C9D087CDEE
:1098F0000B22F50DF03CEAF8CCF2B80F114D211017
:10990000EFF5E918E4EE21F330FB033C06C61D2514
:10991000F11CB8031AE336F002F4812CE1FED60AFA
:10992000EFFC00F7FEF1DAEF16F2EE35FDF614EE7D
:10993000E225CD2D089CF3F83FDEDF0D08F7F1D4CA
:10994000F6EDEBF7FF0617CB34D4E71001E8D606A7
:10995000FA12EA15E61B1E2002C8E8CE2D3D0C0CBB
:10996000C805E318EA0D2A1026F304C724DFFA1607
:10997000D81D2FAD030DF4E4FDF4F7000F1F1505FE
:10998000552D1432E6FA48E6DFDAF0E420BF31461E
:10999000010F0409EC46C0351AFA0900F908100055
:1099A0000A0BFCF7E7E302150EE9F919F9A648FDE1
:1099B00011F7200EE815FB1D37110139F1C61014FF
:1099C000F915DA3E30F041E8B5CB49E815C50C028F
:1099D00001022C2A086E2210FC0CE910F7EF05D0CA
:1099E0001DDB011DD427C617FB092B28F7F8CAF980
:1099F00012F8DB56D100C6112C110226FA194FE0DD
:109A00002B15DA47042F1F021C04B719052615F37E
:109A10000E15C8EC031BB1F2B3FE0100041D19D9E9
:109A2000F32128E90D59EF01CA0302F90B00E511F2
:109A30003B05E8E00A12270FEF0E0FEE18FB3ADFA6
:109A4000F301F210040EE4033BFF0ECDE90CEFFA34
:109A50001FFFFBF1F1C1140A21C7FBF902EC0B0750
:109A600047241E1CE60F611ABD111D10081357EC88
:109A7000E8DE291FFC0D46EFE4150C39FC25130B1D
:109A8000392F080119554AFC0CC7F7F64E31F72952
:109A9000F1D61DE23BD3ED2E40F2FEDFF034CAEAF0
:109AA000DD0AF61F070D4D1BEE09B7E5E4FB510873
:109AB000DDEA0C02F8E190F7F6C31DFA13FFCCD6ED
:109AC0000AEAF8BD311A1F04A013D7B9FAF0B90792
:109AD000163ADD0119ECFA04D7DC0604FDE1BECD2F
:109AE0001CEADED1BFE8D6E1E013D825E2EEAA0EEB
:109AF000FC0D19060FFEBD03EFEF6A08E867A2C967
:109B0000B6EFDFDF05DD037E0FFFFF00EFE1B2FC04
:109B100057E402D714D9FD08F3FC0AFBC82D8CFAD0
:109B20002718F50E01EF4AF404CD15E912E90017E4
:109B3000E7F52CFD0A28110CFD0F059AE429F2EC3B
:109B4000E3E7EB3FF6150E64BE1BCBDBE7EA3BEF2A
:109B5000F9FC170D030611FA2F1626411110F80C07
:109B6000000BF5F00D3C14F1F01102F10F64FBD580
:109B70001BC8021D023112C20005F63E05A20E19D5
:109B800000F4E413FECA0DF8EDCA15F229E23AB466
:109B900030F6FF0006CE13D3F6D1D5BBEA0B01F1A8
:109BA0000A021BED0EE0F54E25F8C2455DCF0E35DD
:109BB000F715D8FC01BCDBEE09010CC7D9D2D9DA04
:109BC000BFF00AE715DF21DBEF1819FF0CBE6CE4CC
:109BD000CDE91B30083C3B01E9F92FE905120D27BF
:109BE00054FE15912AE2EB0C0BDB23F1F2EF1FF090
:109BF000D0F20FC809FCF22AE30A1610FA23EE0E7F
:109C0000090814F20BE4A71D00E1FCE60D25E803AA
:109C1000F50F30D52A9BF3FF0EEBFAFBD9E547E7AA
:109C20003A9ED6FCE5F2291F1AEC07FDF5061F390E
:109C30000118DE091BEAF1EFE70BE1FB57C213DD68
:109C4000F4EE18E1C9C1F63507DA1615090FC41488
:109C500035EDCCE001B2CC1DDBE724CE1DB8E11818
:109C600016C80DDE1C2132EBCF0D1887C5DBEBEBE0
:109C700028FEFCCF08D417EAF6FE0BEE331139FBB1
:109C8000CFEBF906FBB5FDF0151F080A263CF5449D
:109C9000F01330EBD728E32EE622F1F7E4AEE23101
:109CA0001CE5FFF1ED08FC16D8FEFA052FC9260FBA
:109CB00026FA051132E0EEDA37F71400FBEDFDFE6F
:109CC00003ABEDD393C00EF902EA04046A5D1551AB
:109CD000E22BE92BDE2520D709F6EA02FDE7E1EDCC
:109CE000E8CD02F5FFEF120E0BD8F5E803FB44F3C5
:109CF00040F7F01E2AD42329FF0C0AFA33E2F2E8D7
:109D0000E207E901CB3117BC061BFDEE89140EC337
:109D1000FCF30900B2E508F40E20122027A717185B
:109D2000FAEB0A0D02FF0A2F1B23ED0C14E23FE8A9
:109D3000F808FEF457C137D5E82F1F0F13D20EFBDA
:109D4000EADF060C4932F026E5CE0A0EF3270004BE
:109D50002505D8F30209EAEBEE03E3F5D507EDE9B3
:109D6000FC0F111022C42E05A6F4FDF4FDED3435D0
:109D7000E0DF19011309111034FEEAE017FB00CDF2
:109D8000F122F91CE9E7EFAF2FE4F309F8DA270F26
:109D9000FFFF161446370A3639F2F3C3B206FDFE4A
:109DA0002E50F3FE16F506221403F9FC2F4814D2A8
:109DB0003FFED3D3DFEF2D0CD7FE07F9DDCC0E1716
:109DC000D7EA1C0BE31F0E13E0C0F7ED5E0A190D76
:109DD000FF0A10E534E327D1EDFF1B17FEF82A0335
:109DE00028E9212FE1031818F119DA1953DF16FCBD
:109DF00018E4FAF709410014D6D60E230106180418
:109E0000CE050CF73312E29D33FFE10DDCDD0C29AA
:109E10001DDE0305FADFC6DCC9F2F7FC5EE321258F
:109E2000ACFCFDF32F16F681C302D5FF0AE802EA67
:109E3000C3F42C20C5EBEAB6FB21F1420AEDD42590
:109E40000D28FEEEDE0E001605E3D0FCDEE433E363
:109E500017E9312F06F52ACBE52AF8FEAC1DF8FCF0
:109E60002DECF5DB7A3BF535FF1AFD1BBFDE20EF4D
:109E7000990311DD64E1FEC1F3FB0C1AD002AA3391
:109E8000DCF1EF033CFC2215E4F3DE0257E41E0193
:109E900038BE16EC441A12F31C04150B05F2120816
:109EA00027FDE1F2D5EF1405150012CEF9153F0894
:109EB00035F8DFE42145EA2B35E107F540EFF205FF
:109EC000DDF2EA0721E7081ED139FD0E232B42CF30
:109ED000FD22F526E3F3D2DFEC03D3F805F3FA060F
:109EE000E1C0DDF32517F015F7E704DB03D40A170B
:109EF000D8F5DFFD4342F8F709271A0BCDCB45090A
:109F0000F71519E540190DD1C9E4F00700EBEED0C3
:109F100019DD1A40441FF7034FFA10FEEBB31FFC84
:109F2000CEF80F0330D8F4F4FDE6201F2EDA0CEE45
:109F30001E0BE7E9E1E5F2090EE30AFD1312FFF556
:109F40000DF1FD1F4AEE2FF90B31E8F9D5FDF2189E
:109F50004AF804FEA11B1F020D012CF70D361EFF4F
:109F6000090B1CEF1A29F341E61201149CE3E18F5F
:109F7000D2E62206FB0EECE2F52816044FB9F1FDFD
:109F800022E329E3EE0109F5FF1A18F833FDED0786
:109F9000A6DD1B0FEC29F4E933460DFC24DDF8E4C3
:109FA000F0E517CE1A0DD1CCEDF91E073DFF25ECDB
:109FB000FFF510F77FFE0D0104040326200D0705B1
:109FC00018FE021FEA484B0D0F0417F8EFF32C0A96
:109FD0002D40D103EC81BCE44D3008FEC9FFF313E2
:109FE000F7EEE9E12F1107C509F9040B3714223CFC
:109FF000D9CC16FBEF0527F1DF250809062E012332
:10A00000EDF00EEBEEF8304926E1EAF35E400EC5C6
:10A01000F2302F00E12BF73FD5FBDFF7F3F5EC46ED
:10A020001EF515C8C8B5230ACEC1EC42EED4DD201A
:10A030001ED3E53202FBD718375F1132F02F01FD36
:10A0400011FFDF0E01197F242B25DCE1364413D8E4
:10A05000210B28E51CC7F5DAF50DDA1441BA13090E
:10A06000EC02121A0E16F6031DCBECCD2FF40039BC
:10A0700013ECE35B1223D8D725EC270336EE0A1C3A
:10A08000042906B23A030AF495FE0715F4011502F5
:10A090003181E9D70ED9F4D7013DCCC7FB02B2FE1E
:10A0A000F2DDF1140106FAF7B900050713FDDB151F
:10A0B0000C440FFCEEB80926E70D0E43270AD2F434
:10A0C000A6F2EC040836FFF3F0FD2B421A10FFE96C
:10A0D000B60DFA00F70616FB08FCFA17157426E110
:10A0E00020231BEDBBE92DDE01DC2CF734DDF6E08F
:10A0F0000C4006E615BF2ADC0837FD0FDCDECAEE91
:10A1000006FA1BC5171A23131B302E002DF90FFE5C
:10A11000CE0709DF251113C5EBCEF7F9030DFAE6DB
:10A120003EF301CFD31A12E9F1AD24241CF2CC2561
:10A13000190DD21CF40919F4F8B1FE0BE8BB151582
:10A14000F51B4FBA11461F2B2016E907D0FEDAC4C3
:10A15000CCDE1CFBF8EB2DD32B132002E8BD3330F3
:10A1600014D6E4D600222EEDADEFE45D43BA37D12C
:10A1700008D5ACC6F020E33505422633FDCE1BDB07
:10A180002D2EFFDBD4D52DE2E3000B081B0322C4E8
:10A19000FFECF2EB1EE75C241F11F569FFD9331BBE
:10A1A0003971384AD9C00BF501F8D604F7F7EE1B20
:10A1B0000C380AE5D7F1F9FEDFD429D9E5CB0BF944
:10A1C0000606FD41111FCDEF0EE8E91D2A33F2F816
:10A1D00026141E00E450BEF9B2E2003D12070CCF77
:10A1E000CE08E723ECF5FAEDFFEDED17F8CE0223EC
:10A1F000C9CAFCE42B0D1406400A0A08281F0025D2
:10A20000F2FBFD13010C1CE4CBBA1204ECDCB21A15
:10A21000163FFAE8C4320FCA0D01F4F8EA12F01D35
:10A220005B4203F617E6DC0D20CE190EF1DF33C4D6
:10A230000505ED293007FC030E0F2E0834432AFFD5
:10A24000FD20DD1B42B8D61738001059FCFCDFAAF0
:10A2500048121AE715E3E7FC0309FB3BD131BA3298
:10A26000E83BEB0EFE0BC629361A0F2426300BF105
:10A27000DED71ADDDEC42B12EE2217EBF2270A3EE0
:10A28000EFF17FB1F7CC2BD6F9D631F2F318FEBC43
:10A290001EEBF104FB020D2FF0D311C8F9E0D00D35
:10A2A0001A2D004F2208DADFEF570CD8D1B5DEE2C5
:10A2B000F2ED10F604F0F02F08ABEA1F100FED25B9
:10A2C000EB1329F3012EF3F6E554120622EC0C16DB
:10A2D000E0E42A36D7F132FDB603E8C2E20EF0EC34
:10A2E00037F522DD06F0F11B63F7FA0205D63C16BE
:10A2F00013EB32EDFAE61813C6583D402242E9301E
:10A30000F23703FFF0FDD6EEEDC015121544E62E30
:10A31000403F0CEDC54A15F8F8D6F5E8141224D4E0
:10A3200003EC23DC2901F0E0160D3BD3FB5011E2D6
:10A33000072E09EAFCABEBF7FC17EE0ACFEBD81CB3
:10A34000182205F1DFC9F622FECB0329F3363EF7CA
:10A3500051C9330CFC0122CA2D200635E7FB10E55C
:10A36000E8FC3FDDF61F15FF28CCFD08FB1202CCF0
:10A370001C1AEBDDC408E505D6060EC1CDB31FE5FA
:10A38000D0EC13EF1108E956C60BD91320E81002E0
:10A39000E25CDAD600190C240B2C100DEAEBE8E095
:10A3A000BA42FB1FE5F44ACA210AFE10E2F8BDF7E3
:10A3B000CA2CFE1718BAE4C6D915262DFEBAEB0F23
:10A3C000EB0B4EF6EFE7F80D82F9F1F4F6203107CA
:10A3D00044EF1AEF04B714FD442652FD03DD043B9D
:10A3E000D824FAF6151CEC212C26EE1F2DE7CD46BD
:10A3F000E779E5110927D0E605F30E052C270B09AF
:10A40000B138F746EB6FF5061414DBD50E0E1A08BB
:10A41000F9DFDF12BEDBFBDFEF08CBF734E6FFC569
:10A42000E9BEEBC5D84BE814C4D727E50CECF6F32E
:10A43000BE2D08EBBE38EEB803A7FC3316DCEAEC01
:10A44000FFF15F012E1484000DF3F81A20E32409B4
:10A4500024F1FE2DBE095706F9F9DAE118350BD6BD
:10A46000F1B9E814E5E8D7E00FFDDA2A2C392CDC45
:10A47000ED171C000853EBAA18F5032D4E1B04F32F
:10A48000BA1DF9A9FCC83BFFE9B51B4002200F34F7
:10A49000032F07EBAF0601C2E11D011401E3E8033E
:10A4A000E104FD08F7DDFE4114E9E9EFEBD6F52202
:10A4B000D936150EF59A0FD3BCDE190ECEF4122E36
:10A4C0001AFCC023E83609F719E005DBC25127DF83
:10A4D0002E0D0B02E6F018FCFC1C030347D33D2DA8
:10A4E0002F954F1910D1342CAA3B00301800A9C663
:10A4F000662EB5FC6FD31AD047CDDBC11F11FEDE2F
:10A500000EF9F446E92A01F15535F5E93D1BFC2B1E
:10A51000DD3C1A1FFFD11BD5E7C5F0FED901D20AD9
:10A520001704F4F3E7DF0BE2FCC524EADFEE282E84
:10A53000F619E0290ACCD1D417FF2E1A0D020D1EF0
:10A54000D708EA002AFA1024EED3D9CA181BBB0E8A
:10A55000FBF2EDC7F5020F67E7460220DAE33C1E87
:10A56000141B2310E5260EE5F407C21BF8DDA7F245
:10A5700018E010E3D9080AFDF523F105A1F013E472
:10A580001701CB1A0308FD46CC352A0A9DF7F4EAD9
:10A5900039FF02261EFBEAF1D2E90442230F05F837
:10A5A0003A2F304E1B1A11FBD94C37FDF0DF6AED04
:10A5B000D42D61DD21213D011DE90CD1083031B7D9
:10A5C000F1D717F2321C06001ADB1395F6FBEE23C7
:10A5D00026491BE70AE9A70B04F62B1C3601FACB28
:10A5E000E2E2ECCF09FA10E539D401073119DA00BB
:10A5F000F81A2C06ECECCC2EEEDFF3EF133619FC38
:10A60000B70AD7612C20DB0979061758F3B40E027C
:10A61000E4302924CA2491F9BBC40CDD23060205C9
:10A62000C8ED2014F42AF2C7171DD53C0CF9CFDD74
:10A63000E40E371DE80C2AD8D0FB1D2429086AED4A
:10A64000D4365B2C0EF7D508EC620BDF97EFEEB536
:10A6500005D9FE0D1811F4EEB80E000CFC021A0616
:10A66000EBFED0E2CB2F52C7181BD6CB3A074126C0
:10A670002210BAEBEA00D2C1F0DFC6181FD7F409E6
:10A68000F70621E7FFEDDF4C0308EB5510C20D2E56
:10A69000C35AFAF50BD74B04F8EA0AFAEB440EFE5C
:10A6A000F9F8C3F3F5CF1E1D27EF10003EDB3AE3A8
:10A6B0002044F11AB1E3E8AB0EFE1C0D1EE459FA7A
:10A6C000EEE5030D88EF10E4FC1CF11AC9CAEC4357
:10A6D000C532B3082FD209EC31F7DBEF34F9D9D901
:10A6E000300D2DB0DADADE20D6F9FCE7171FFE2197
:10A6F000D2D10D00FC1D182F1939EBF0F2D1112C1D
:10A70000E21EF23D2C14FAE1D6D7DDC51713F7127D
:10A71000FA3441F82FFCD937E02FF0DBCC10DBF313
:10A72000160C150E05E3F8F41513C3F20ADB0A0F35
:10A730000FB4BAF60106BBFEF406DF2638294FF542
:10A74000E1EC1CF2431E311CCFD8D9E9D6E5F01953
:10A75000C56338210744F9EE31031F1B0EE945326A
:10A76000001FA81D0402A506C7E21C07EBC13A0E94
:10A77000EFFDF9FB25FBC10BE708B8943AE5F4C9F6
:10A780002CC2D1D51A16210AC23948A2F7B6BA305E
:10A79000EA02F20A0BCB0065FCEEFC36C1F6FCE0E7
:10A7A000DA46B8ED28ED0626F9F319063722E0F56A
:10A7B0003611D522111DF9FAC7590EFC051303E411
:10A7C000D805BE38EF071A08165B81D0EC0D5C0087
:10A7D000F1FFEC141A19241954DBF7FECC15D4063A
:10A7E000DF210727003836FFF3FCF104E70EFCD722
:10A7F000F20DD2061BDE2DEAEA08D4040B3511C394
:10A80000570EA92DEBCDD100142D0FF917F6EC330F
:10A8100030D8310A0022D3E104D2E30A2CE94AC13C
:10A82000D6F51B15101229301F42000A2C25410FA6
:10A83000D327ECF30BC4DFFDE6F013DBE61C132D8E
:10A84000ED28D6F6D9D8EFD8EDBC23F20E27D613D3
:10A8500027BF3D4CCFCF3006F6F9C3EDEF1F0428DC
:10A8600019F5E4EF0C2FBE0B352714F30B05FEF89A
:10A87000F9CF1CDFE30C1DF85FF0F9F73EB2FA37B1
:10A8800001D3D3FE1E11EFF8E9EBF5EA1C23E4FC3B
:10A89000E4EAECF64843C6DF202A56061DD841CB31
:10A8A00002D01013E8C8DCC4F5F7E6D335AB07F4E3
:10A8B0001733EFF9E4F2171DF3FA00ECF61A9105DD
:10A8C00040D9F1C5FDD51330102AE92F1D0DFA38F6
:10A8D000C4F811F7F0363B56F81A21EEA729F9090A
:10A8E0001EFE561F06F7450010E602041DE7C6FBD4
:10A8F00006B810E002DC08190957F2FBF8E137DC72
:10A90000ECC7C1F31B2D4338C62E3200EBF66ECCDC
:10A910002F810C02D53F240EECFEFE03D4F1041966
:10A9200025FBE36060C0C3EFF1CA2815020101F204
:10A930000B2EF213D2010DEA3419D72ADA0C113E8C
:10A94000EC23191CF6FD1010E12BFBEB39F5ECF1B3
:10A95000012DFA198ECDCD131AFED8092413DADE93
:10A96000F1DA04485311FBB92D292B3C3FF20CFBC3
:10A97000112921FAFCE53617D20D1219D32EC31373
:10A9800024274107EF2CFA1704FBD640BC01F6F848
:10A9900003E7581D3511BB46F0F701E75BD21601FE
:10A9A000F4FFFA1BD3F404BEE007BD0FFA151FF441
:10A9B000ACFB31F80CE923E6E2FB18B21BC1F1DE77
:10A9C000A0B709F4EE0B0631F00CBEFD22102C10DE
:10A9D000ED52B20040F46E04EB37C009211533FE8E
:10A9E00007C5141D0BF30EF533D3D70C0E1FC51975
:10A9F000F8C5D42BFF08FEF91E3416E0CF0432DF71
:10AA0000E9F5F4DCFA2301D71DC4BE10E4AC2BDB5E
:10AA1000FFC22D33F121FF37F81851EF0027012B2A
:10AA2000080CF3141E0B42238A25C0F7F7C92EF336
:10AA30000FF1DCFDC1000CFDEDDBFB0C0EE2F3DFE2
:10AA4000CD0823F7050B06EF120DD8F30F2BE5FD0C
:10AA5000F25947ECD3F5FE1C043B14EC0CE4B3E1D3
:10AA6000FDDAE329D9F226E2F50124EDD9FB02F85B
:10AA70001C1CEB200C051BDDFAE3E5294CE505FC6D
:10AA8000A50D0001D6DD6DDE1A01E222481AF01E86
:10AA900044F5FEDCED390D0B251D06AF002408D36F
:10AAA000020D26E1223206F524F21D083112FD06C0
:10AAB0000DE20BF868E1EF30A84B0D1209CF26F735
:10AAC0006925230040FDFF44F232E80FD91F1F1013
:10AAD00040FAEB0820810CD22227D71BD9D91B16AC
:10AAE000E9C2B41906EDAAF1A1BFD8AE03B8D52AC0
:10AAF000DFDDD003FBEA1DE5811F5AD3FC09240FDB
:10AB0000E62CE61481FC815DF618F9FC20E8F93C9E
:10AB10000F0EB9F0F1E21F1DCD43F6DF1ACB0ADDAF
:10AB20003AFFEC0420D043FEF1323DE9FFEFFC5741
:10AB3000BBDAAEC126CBF3F7F7150131FDDD12F913
:10AB4000C903F129D82818D039F40DFAD204193CD8
:10AB500014FA1CEDDFDAD1DDDEC0EAFAFE2F13EEC7
:10AB60000CE21CF62828481217FF1A2913FA05E8E8
:10AB7000162C13C9ACF518F9093BFDF2D327051BB8
:10AB8000DF051701E00208BBC3ED29115803C8ED2A
:10AB900002C720F306284ECE22DC5AFAC9D8BCFCE4
:10ABA00023BC3227272DEC26240ACEE92714E3DA2A
:10ABB00000FF24EDE8F7F944EDE4C5B602FF1D0DF2
:10ABC000174F3C22C8FCEAF2DB0D35E9CE32EA1E13
:10ABD000B1CB2FFA0CE4DD33DE24BA5CF6352D411F
:10ABE000E11A07DB1B05FB2346641DFD75CBFCEE5C
:10ABF0000B0F17E9F705ECEA31010BE1F9E8BE05A7
:10AC00000EED01D1032CBE571122E82D040A311A92
:10AC10001E1AD5EB1DFCF3E2FA05059BD03ACBD802
:10AC20007F200F0CFD13FB08F2CA4C062D40047F59
:10AC3000F522F92D15D9EFB10A0E2ECA0CCCD3513D
:10AC4000C1081002EA0D0BED032E1ADA2DC9D14806
:10AC5000DD05D2BB0BE11FE2E82E3FFDF91B000131
:10AC6000DD07FC0A02F7C9650507F41DC1052AFFC7
:10AC7000F7F81533F6EC0C0215ED550DF8E0F1720E
:10AC800017CB0DEBF5D519BA00F6EC1D330F0915EE
:10AC9000F5FF2F08010544FAD4EDFF00AEFDE5F9FC
:10ACA000D8CB3DCD0D0407E408BD08A9F8F20D3C52
:10ACB000AEE7CFE9240E0C10DD0D1129FEF9015489
:10ACC000070DE4C026F60BFB3AF930FAE046D91D31
:10ACD000190F4624EA3FD00E2BBDB706B9000D046C
:10ACE000181DEFE1D2D4032706E51E24EB01D52F72
:10ACF0001CAEE80117FACA033ECAEA3453FBD8E98E
:10AD0000C506103027D9E33D2981A80A0EEB11248E
:10AD1000E32E060EF64A0B00E33650D7D9FEF413A5
:10AD20001DCAE20015470228FFD08FEE89171E04C6
:10AD30000A6B1ACD083DDE0202D013BEF0F4F0F02B
:10AD4000FCED10A4C5AF0926C4A981122C3BEED599
:10AD5000F8D30BF0F859191000F5E9FF161322DDAE
:10AD6000C4182BDC05E215CBA7090AE0F9F93AFE75
:10AD7000D61912274033FDF3D205F3EC90FBABED6F
:10AD80001AF20237D925E5343C002ADBE1E84929EB
:10AD900007C11D16F037FC8DDF11E03F3CFBFEF8CC
:10ADA000252355042132EAF6A91DF301DC02DA0C51
:10ADB0000ED9FCF47FDE00E8EFFA3717E5E20D0B61
:10ADC00003CB0613EDC4CCF725EBD4E5F2B4EAF7D8
:10ADD00012EB413752582824F7D3D6E20D0D16F660
:10ADE000FA3EFBE8EE0F3DFE1857040AD902942004
:10ADF000B7E3EF0C03F911AEFFCD2DFE944B031218
:10AE0000102FFF0EFE1805F809D92F161C16CC348A
:10AE1000FA045310E8101ECFED37373A33CE0C0248
:10AE2000D9FF8B32E004DA11D5FCC3ED0D2FFCF411
:10AE300000C0FB9EF425E018FF24B115170DF7B5EF
:10AE4000E2339CEDC6D27F0D34D602E709D8DD226D
:10AE5000EDE9A3E6083F1FB7F02022E0EE06FABBBB
:10AE6000F6D94B0FFA42F8471FE43AEC0C0627EFED
:10AE700001D7110C25EC142919E5FC28D4DE0A02AF
:10AE80000E332B2903B500D300E7A8DFF00DEE1F2A
:10AE9000CC9BED2701812008CC44E70EEF16BFF0D4
:10AEA000FB02F60A1500FC57012DF71824C6DF1720
:10AEB00021DC0CB21B0B26E92B0539F7111644AF28
:10AEC00008A2F0F727F13A1527E8256E41F51A2276
:10AED000254F073E1046E9FA5C08EEB91534CD1A45
:10AEE000C9D2F31FF71D17DF0FCFB126E034DD0EF7
:10AEF000E924A7C7C3FBB6E00B06491DFF4F15EEBB
:10AF000007196B08C4E4D859F5E8FC280124CFEFF1
:10AF1000E71BA803D5F108EFFC1E10E1ECFD031FB1
:10AF20001DF2DCC4E4B70C1EC81CF8BFE431F5E226
:10AF300029C512F00C16FED4DF070E0E2D00F7AD5A
:10AF4000180000E9F99F244228E8FF3C06CA19B41A
:10AF5000EB2ED1E44239173120CAD015FEFDDFDBDC
:10AF6000F218FF1DD7FB26FFEE3BFB32CDD6EDD509
:10AF7000BD06EF052C1AFCE209E10EDA24FF06ED0E
:10AF8000A30AC9CF1D1EE8EDECFBDE36E5F0F8396B
:10AF9000F9E7FD19F3FE300514D23ADA042E000168
:10AFA000D7EDE2EDDF32E80FEA1CF4C625110522E9
:10AFB0000F26041305FF62170428241BF5E2162D43
:10AFC00028A03213FFD7DF25021E2D15C90C193D0D
:10AFD00009EF020630040F51DE2CB1C788FE30CCD9
:10AFE000D41FE967F1040806DDE125332A1217C2F0
:10AFF00024BC08CDF8DF22D60FEE16E3F80323F8C1
:10B00000E8FDF9FAA0A93524E71246B924DCF32AB1
:10B01000D32B0CDCEB0018B703F3FCC7D7FB143FB2
:10B020001D0C1205A8A4E70F0D13FB2EE4F2D81394
:10B03000D1FC04E6092BCEC8D5077E46C5F0FF2912
:10B040004B05FAF9D0D8E80DD30410DA34FA0937F1
:10B050000F1507FAE74203FA13FF0FDCCE24E31DB6
:10B06000DE0EF1F004E6D00002D9EC074D543B109F
:10B070001AD1FBF1F909F9DD192202201FEDDFEFEA
:10B08000CBF4FD07F5D03CD4EC073619FCFE25FEC9
:10B09000E723E8043B2633CAEBFA2A20B2CA010DA3
:10B0A000FB00EF311211FCFDCAF30025FB0F131258
:10B0B000050204E5E33CE6DEFF241A2407F32CFE38
:10B0C000F52EE935D245FCF6231D04C2E6ED3C29F8
:10B0D000EFFA0AF0DBE3EFEAEC0A11D33F0AFE02D3
:10B0E0006062E516321A1DF50D14E91D2416FEEBFB
:10B0F0003B24FCFC400DAF2BDC00E90122E4F61BF5
:10B1000036F6070E1FFF083A4110080330FFFFF71D
:10B11000E40CE8223A33FBAD11CDF5F02A0E1D0CFC
:10B12000F61CF011DF32F1D21FCAEFF31DF9FACA93
:10B1300081EA36E50C431B66F6100B0BBDC608E82A
:10B14000160BFFFFF72D0D16D705EAD8F3F4FA32E8
:10B15000E010F5D5F141360117E502D9BA3AF6010A
:10B160000E08FEDEEE2BCB3D1506161731FBB9CDD2
:10B1700042ED065A38EC10EF96EDFDC71911EBCBF6
:10B18000F7FE7F0507EF08AE0EF4E8DDED1C22DFC9
:10B19000FA28F2CFC52117E6D11C07170D36FE1489
:10B1A00015040BDBF531F1ED2F25EB05DC42E14316
:10B1B000071413EBF6E4CEDAD619FE3AFFF91AEAD1
:10B1C000DC102A2AF815D8E216E6F31835B115FF77
:10B1D0000C05FCCE0B22DEFBE704EAF8E8071AEACE
:10B1E000E4BD094D1DFFFBF4FF02001DEEDE170953
:10B1F0003600F6E9ECF3091520F50C02E2D9D90581
:10B200000808FF0DEE0EF00D25F8F70C3C533ADA66
:10B21000451205FDACF71C091E022DF0E048361D55
:10B220003491070B57DE3D0AF4C5F9F106DE1AED3D
:10B2300008400431FDDDD4E92F010020FF070A1585
:10B240001257E9EF146409C3E61EE9F707F5D10ABE
:10B250001BFD0E4811090D0DCA04F40FE00921F180
:10B26000291911FFFBFA0DED40EEF4E9F7510BF649
:10B27000191C01810B54FA11C5EA0B1712320E0585
:10B28000340CFECAC6D5DF02FE25FCCA0B0AF70144
:10B290000EF608F7F70C1C010FF6122FCEEB122357
:10B2A000BD2CF5080156FFF21C0341F4FDAB0E0660
:10B2B0000D19F7DAE4C6D8DE03F351CAC10600D28D
:10B2C000F01C0F071646FAE923A80DFA0E1AF70626
:10B2D000D21AFCF0CA2DED1C190E0BE628DDCCE9C4
:10B2E0003FEF052C2217FBF3FC0DF70D281706EF97
:10B2F000FBDD0D2F2ADE40ED0C1104D3147616D69B
:10B30000CE22041FF52A04D3F3F00C0A26E1FFE550
:10B31000315AEA091AD11AD4C2E9F2EDE8F7242B1E
:10B3200001F6FF03BA03DAE50DD6F2271D2B3E091D
:10B33000D31403D6FBDC1728FFF2FDECEEA3B90B08
:10B34000F428FEF43D01F7BFF8D5EEEA34F5F7FE38
:10B3500006170BD4262A340F3E0EDF302B21DDE6F4
:10B3600019FEFDD53C2E0300F2060D1D07B625D1B2
:10B370001CECF8FBE917EA09F7F9FEBDE3AA06EDB4
:10B38000D6F212FFE2DFE7ECD528171028100822CA
:10B39000F70BEFFA32100F32EFE008E2B2EB0FE9F1
:10B3A000250FE7E30E0B4726CB25FA2D2C1F2D1D6D
:10B3B000C4C6FAF0A5E810EFDA381EFA0502D00785
:10B3C00097F00BDC207FC2C0E502FA2815F9F3E400
:10B3D0000C03FEEBF00103C8EA01FCBDCB582A09BF
:10B3E000F1E702022423D358277FF3CAD17220D178
:10B3F000E1070DF1E6D527EAEA19E5ECD00A1E814E
:10B40000EFED0DFF59B006142510E902CBF7E51951
:10B41000F6C01200DED3FDE7FB10CE050D2FEAD8F3
:10B42000F013F51A131301AF07F20204EF4FD00423
:10B43000E4F20BF3DCB90B00F231624BF109EBE9FA
:10B4400003BDB10EE35C063108EDF3EF25FB3529B2
:10B450002B07E9EB190A2DFA0FE8D707F51D12089B
:10B460000DEAF6E04665F4DED105E7E2F4060D23C9
:10B47000D4E5FAC781C3E5C01D19DB201B2703F5FE
:10B48000BAFB81C8417F03FAFE132521140AD207B3
:10B49000DF14ECFBF6ED23F6DE43202DE4EEDF05B2
:10B4A000EC28180F01D61E03C0F9D8DF0FC5F6FA35
:10B4B0000BDB14091826411D02F1F4EE861C18FC62
:10B4C0001FDD0210EBE01821D635D749DA26F6FC4D
:10B4D00003250E1205500C1C171F1BE307CA10EBA7
:10B4E00015CFEBF0EA450B05045510EEFD1430FFC7
:10B4F000C3F72DCD38393C342402F6FBE7E10D4784
:10B50000BBF10EF1E0E103040A2AF72165FB2CFDF3
:10B510001EFCFC10E408CA0D140B09EEEB40BB370F
:10B52000354911010317CCDD2FFBD802EFFA2DFAB4
:10B53000030C11442F230DEFF7F9DF3508F704ED65
:10B5400014F9FFAAEA382C2EEC281103E908D422BA
:10B55000E10608F504F5C6FA00C2132A2407E2E45E
:10B5600000100BFC0314F6E0F7F11EE0EF4014F2BC
:10B57000F83403F10030FED2FCCCD8EE05E4E5DF70
:10B58000DFFE3D2F13200ED8E9BB142FCD02F5FAB4
:10B590001536F8F4D3DE2823EA0C02BFD70925FDBF
:10B5A00005F916EF26300823F43248F2FFE7E120D0
:10B5B00029B1F45A03B4390708E609430A162015DD
:10B5C000000BE9CCE62F1F35FDF703F9EC2FA81689
:10B5D000300352FCEC1CF9E311F01A37DE36F8EFB9
:10B5E000E72210F3F4490C3019C21717FDDBBA2A11
:10B5F000D3E1DBDBFB32C2EC0300F0BFF3040DD37D
:10B6000037BF56F3EDD9F8110AD1FF272B18D21204
:10B61000EC15093413CDFDFF03EBFDDA0C12220407
:10B620001CB904340DDCC7A00504EDF924FBF8EDCA
:10B63000FE02F50EFFFCC3EC19283248E8D2E3E81D
:10B6400039F7EEE5D92CE622FFBDADDEE9EFFBEAE6
:10B65000E7351902A1F9D8F0F62FDECEF4D91200A1
:10B66000C5E6F7C408E51C121929F518F3122318CA
:10B670007FDF0704C108130221F5C9E4FEE6D90AF9
:10B68000E90003104DB0BDDAF2052231CE3CEE33B5
:10B69000E83C2406F41E1D1605B01D4FC8260711F0
:10B6A00007000204F2235CC2E854342910FF0DCED7
:10B6B00003433914FEBAD7FF1D352E4A2BEE20D690
:10B6C00000F80427F2FE241F0EE5DBE330E7F9FE65
:10B6D0000BB6F2415012DDF40815F306DD03FC0051
:10B6E000043A1235372B0AFBF2CCFD1EF7D51FFCAE
:10B6F000E6FAED12FFF0F7258F30CE14F3F8FD0EC9
:10B70000F037161BFB1422FCFE10EC0DDF387F0F08
:10B7100009FC02D994051614179FEEF6F8F00203FF
:10B72000E706EBE7F6D5DA1F13122728ECFB23DD3B
:10B730000318BAC20A2557F6E9090104F90205F708
:10B7400001240727D728FCE60098EEF5F7F7050057
:10B7500036BD4DE9DEC8FE36204B061702F509134B
:10B76000082E40E8FFD91009372B32F50BB714F338
:10B770001518101712BEF1D86C20340204FDEDFA32
:10B78000051F04CB1A22C41EF7E8A27F01FC0801A2
:10B7900003D0EF05DAF715C71B23F4F9F408DAEE46
:10B7A000EF1DE32807F19FFC1300F706F916F010D0
:10B7B000F300260B4DC3F105E0E90909002432F13D
:10B7C000D6191DFAE9F7143CF482DDD030092700C0
:10B7D00016F5090318F9CA1B12E11B00B809CDD9E7
:10B7E000DB15ECFFC10EE317D30FE509FE0B2705B0
:10B7F000FBFADD0FC61759231E26FB2F08CA281097
:10B800004BCFB746EDE6F7F1EF1D1AFFC2EA06F29D
:10B81000071CFFE503210081E9F1F0F4C034FB17B8
:10B820000013FA01CA245EDBE21237E62E1454B785
:10B830000A1D32E4261BF83A3015C4FDEA413504EE
:10B84000D7DB02F0D7E810040202FF11AB06EBE6EB
:10B85000490427FDF2BDEC19D1FD1805081FE32EA0
:10B8600001E21FF824E402F80A2BFC04FAE7331C77
:10B8700032FA0C09EB01D6DEFC0B09FE09DE991841
:10B88000240F04FE2816F8ECDBF5C9EE2EF7FCDFDA
:10B89000F634E7025903EAEDFCD2F80824F3F80F76
:10B8A000C03F1FEEE7B42EF0E8EEA60C05193CC928
:10B8B000C0EAEF113B03122DE213FEEF0C2C14EE45
:10B8C000A011050D1006EA0629C7EF05E0F12CCD01
:10B8D0001AFB00050BDC04081B0B05FCF581E0FBE3
:10B8E000671E12F418B3B5EAC13D0705EAE10DD9A8
:10B8F00022CF1F0305FD15FDDB13FFE9101214D83D
:10B900000AFC18E5DFF52D303C35A2F7ECFFFCFD15
:10B91000324114F6D9C4E41F28F2FE03D412D20037
:10B92000CA121D0B0536E6CA40FC0714FFF7CA0110
:10B93000E9E00F041DFED216F3F959000E12FC0BBC
:10B940000860F5033ACE03CDBFDB184B12F1DD0DD5
:10B95000E9AFDB07CA16350DC4D20504FF371B1546
:10B96000093422083AE31B0EFBE8DB10980732E1AA
:10B97000C7E0FCF721F2212AEE211409F4DE29E3C5
:10B98000213BFB03DBC2D5100AC80AFCDCE109B588
:10B99000FD1AEEF3EDEFE70030FA1AFD2F51EC48F7
:10B9A00038F245F2F5DF08FCA4F422FCDF5504EC84
:10B9B00007FA050219D80701051B22F9FA17D20563
:10B9C000DF3526F906422846F416D71F3197D01ED8
:10B9D0001A151404E799F2F0F1080FFCFFE5D4ED15
:10B9E00005091603F8E90EDFF514FBECD605EBC9E3
:10B9F000E6E7D505C2F22EF2CB151FE5540EF10B8A
:10BA0000C4BFD9E009DBEAF4AE482BDB0B3E3805B6
:10BA1000E63A14E40F49E1AE49D892FE1CEBFFF080
:10BA200006D909F6F0FDE9F81C3ACEF0FCD409F786
:10BA30000FC3F7F3C8EFD654150107FFE4D22FCB9D
:10BA4000E3032B05D41500D8EBE431FE09EBFE002F
:10BA50000DE9EC11FF0851FCDEFECEFF14F749089A
:10BA6000EB22F004EAB5C9C9EA981C100604E733D2
:10BA7000E4241115BE16F4600BD7F409DA06D1FFE1
:10BA80001E51260B0F04DFDFFDEA0111E217EF184C
:10BA90000201E7000FB5D3DFAD2210092504E80746
:10BAA000F9F7170521F422E310430307EC0E3007E2
:10BAB000D4F5FF011CF743561A67F6E113CE28B2FE
:10BAC000E7E4E40021FD1F061D26380AFEB4270C1A
:10BAD0003DFF09F90BD8E6272F2B0CE31B0503CC00
:10BAE000F41126F5F4E808940EFBEDEFEB11B5CC5C
:10BAF000F3D9F6F8C65229DB2DC735F5530DD8001A
:10BB00000740FDF8E8FBDFD7EA2C0EEC1611FD1715
:10BB1000E9DA11FB0AFF16D701EFEF01E1F012DCC1
:10BB200027F921F5FFFEF51EFA160B19FC3CC8E9B2
:10BB300040C518FF1D04FEF40CEEEBFE270BF5FCD0
:10BB4000DC10DBFCFF240600E2FA23061453122863
:10BB5000E5EF0EFEF7120F03CA430BF4EB15E742B5
:10BB6000E752E3E8D6EFFD072C791A05ADF506029A
:10BB7000241107F806144413E0EFA903FFF3140699
:10BB8000E3FCE9F01B48EE101824F406BB33A73899
:10BB900023E326FD0CEAD846E4F2F50ADC20F9E6B8
:10BBA000C2BCC202EA4C2DE7034201EF0732A705EF
:10BBB000C4F6F90F120AE311061F3104BF27021958
:10BBC0001C0BE303D41AEDBDF71A28F3DEC505CB31
:10BBD0002513FF020D0BD7BC12221DF9CF0DFBBFA1
:10BBE0004D39FA12EBE7FD24D46B1C0C27119EE4AF
:10BBF000F1E2F9F31664C4430C0B0EF021050DFCC1
:10BC0000F31E000ACFF6EF1AF81E04FBDB1033E335
:10BC1000E036F8F6FB1BDFFDAE0ADDE8F2DEF2E20D
:10BC2000000C10E607E80C4FF9F3BC23FB06B80B39
:10BC3000041BFC121F2709E2E8F3E1E94CB8F537D1
:10BC40009F11C5D935F406D9F4F46507FB181CCD4E
:10BC5000F7F946F11F18361F0703EAE4F6F3CF01A0
:10BC6000E8F007D9F50D1E0A81F3C90B40F3420431
:10BC7000F3E2EF1F1205EF1AEFD23F2A22EAEF1A82
:10BC8000000DA9E9D047E3F2ED032AFDF5172D22B7
:10BC900036F9122CD73DE07621D3DA06E4025016AD
:10BCA0002511E72414B8CCF4E8EEB309E39026CCD0
:10BCB000120F12F441CBBB2E0DCCF0CEFDBDFC26F5
:10BCC0000A1D0EE43D11D00B16E83AFCD30CD7D177
:10BCD0003B18FEF7313C0A3207E7EAE1E72553F962
:10BCE000EACEF2CEF1F60BFDE525431D16170CCE7C
:10BCF0001907D70A6C0ED2F604F5820AFB08E6E7AC
:10BD0000E40BE5E3D12CB3E0EAF995F341EA4ACA42
:10BD10002CDFF7F0D6C408E5D6FBD6DA032ED8F22E
:10BD200003E8F8E9CCFF27E2E3D809CC4F33224AF5
:10BD30000FFC0314DB1215ECF10BC71336ECEED439
:10BD400023F815099EEE151AF20AFB2A1BD001F8FA
:10BD500016120BC8350D1102FDFEFC0DE4182DE284
:10BD600017DF44D0DD1207FEBA1824EAE80E13D01C
:10BD7000FBFCD3E40C033BD4DBA414CF2AFF631CED
:10BD8000AAFF240AE3F810DC10E82C9FD3E4FE326B
:10BD9000FEE3F5E4250017C331E9F83DF9EDEF1AAC
:10BDA000E20B20F6AF0AF7C34210D3EF0FE135BE26
:10BDB0001AFBECFDF50BE9D0EA0EAC0AEB0CE74000
:10BDC000FEFAFEF4070020CF0EEEF0D63FE240FB75
:10BDD000EFDEE617281B0C11EDDFFDCBF61C18F784
:10BDE00014EEC400FB06F70EF31613ED160A411805
:10BDF000ACE21ADE1309066B03EBC6FBF6440CF04B
:10BE0000334CC212DE3211EAEE0B920EB81CF92D41
:10BE100002DFCB0CF80DF120E1F602F6F835E0DF99
:10BE2000EF1921BB2FF2004A26D0D7DB1FD2FB250A
:10BE300004330437051427E0F3D039E500FA002075
:10BE4000FED0772ADFE2D70D1ADFE0290EF917EDD1
:10BE5000FBED3C1BE827DF0A1AF9E4F81909CB606F
:10BE6000FF1905D7F510F42CB1D7F501001C2405F6
:10BE7000FBEF56FDE2FFFB19BFE7EBF20CFF1E568E
:10BE800043120EEDEE470BD604F8FB010DD9E8D6B0
:10BE9000D60A48F021220511D004FC0BEEFF17F45E
:10BEA0002434E71A2515FBC514172210E407F6E918
:10BEB000F5D21CDDF90BFBB6FA3D2420181AE7EB8E
:10BEC00006DFDAF3E509EA0BCDFDF91E23EB5BFE95
:10BED000EBF805CA04E55D22100755E6CFC1021E46
:10BEE00002EC5F1D0201E0F1D8FDC406C70ECE1CB6
:10BEF0000A28ECF82B0F2CD74636D3FB5543CFE757
:10BF0000F9F5DEEB1F6307D10BF816F432F940297F
:10BF100021112E07F4FB02EE05EC38BF08D7210DE6
:10BF200001CCF6E22EFFC6FB14061C33FB210FE00A
:10BF3000F0E941E9F0F2E4E93BF80014E7092411E3
:10BF400022CF2500C7D5F4110ED3DE242AF544EC08
:10BF50001DFA0AD8FEF91DFCF721EDE7E43914219A
:10BF6000FA0332BB0DF8FB24F6F8FBEF1A2FFC0D99
:10BF7000E20F0E0E1FCA0507F8C48107CD0EE513A8
:10BF8000027852FCFAF004F210F71620C1FBD3B489
:10BF9000FDEFBA0B0D0DC90BF8DAB705EAD3E4FED5
:10BFA000E7E7E2EA39EAFC3A0CEE050AD30EBF2FC6
:10BFB000100CDEFC3733250FE7D51A002BF54306AE
:10BFC0000B32D2C133F5FC2DF3BD40D9E8161AE58A
:10BFD00004000DD9FA12FA25F1E4E4D8C7CA0AAE72
:10BFE000E4D2F5F305200333D9152411EFD34B0F19
:10BFF0000A982BF2C9FA3FD8101702121A01E62349
:10C000000826F0E6E712D7F712E30A1EFF18C6D695
:10C01000F318CFEA0319DC001500D32CCED0FAFFB9
:10C02000EE101BD925352D06EE06E7CDFE243C0784
:10C03000ECF923201AE02F45B60A144E09D939F439
:10C04000E300F51DD7FFE103FCEEE5F6EF5503FD38
:10C05000F1E231F901342DF8020BF137E6DACEB412
:10C060001C05271E2A19D02BDEE9F830CCD1170C7D
:10C0700022DF06D802020D1721DB0407FF1041EE74
:10C08000FEEA171109FB12F4D209D43E22FA1AF77C
:10C090001007E13E10061412EB01154424E90DEBE4
:10C0A00019D428A316C23436FCD2E301F49ADBE19A
:10C0B000FC052D09101B01100D18FF262CF23ED097
:10C0C000DDFD041026FAFB0D2E391420040EE615B2
:10C0D000DA0EE129ECEE0CE4F3F81D431227CCD381
:10C0E000F746FCF902DF2C272C090334FC01E9E5B3
:10C0F000EEFD21DC1514F71217E0F8F9F54A08D81F
:10C10000D1F7074819C3B7D027F30BD60809F6F4BF
:10C11000FAFCEFB7F4C928250FF4EB045BE8344EC2
:10C12000F8B7F536F57F32EEFA460ED703CB06BFE9
:10C13000DB1A024EF8202200F11B110406C1AA05E9
:10C1400011A207C0D7487F04D70DF10BF530E4BA30
:10C15000FE14E3220D0BBDDC10EEE1D0F018EDF77C
:10C1600001F1CB20181ABC0F02FC0F1E090F054766
:10C1700007BF06FFEC0D08C5E4DAD82424180CD854
:10C18000E215F60EF9DC4FDC0BF7E5031019051884
:10C1900037D7FC10D504F003272615F1F11A210733
:10C1A000D0293EDE81472BB12F0408F2E503DACD1A
:10C1B0000DF7C9CCF8FFEC7F1A0E043FCBEF00DC83
:10C1C00051E4293A0EF951ED0712E8B6F52326F8A5
:10C1D00006FE1404E73B26F5230205D9F60CFF11F1
:10C1E0000EECE8C41FEB3048F00200FF15090D28E3
:10C1F000D915133CF815E9F3F71822E4E2FAF0E454
:10C200000509F0E7F818D9CAE0051EBFBEF6AE3240
:10C2100003F60BA923D7141B20DEF8043EF34A26AD
:10C22000DD11E4051629E833FF0CDF811B2F0C1C00
:10C230005219ED40B4E5FACD204CCFFA0AF22F386E
:10C24000CBE606BD11032706C6FCFCF1B400002CAA
:10C25000DAF50854C2E2F5010E094905143609DA87
:10C260001D1EF71A1C9C1E19DDDC1221F70CF3F9B8
:10C27000F0CD211603660DCF13F7FA2ED23FE5025B
:10C28000191C05230309EB0904E9E6D93B03061F42
:10C2900001D10A0AF360FA0D232D0F2FDDFAF1E820
:10C2A0000A2619081123E02AF5DC2910F10C10F1F7
:10C2B000E9113E3790760BCDDCFD06E519E813E970
:10C2C0000FFAFB47FAEF10120A07301D9E030417FE
:10C2D00000FA111FC6C503F2270A00BCD4E5D00E30
:10C2E000E8EB5AF948DBF8240C09EDE0560AFD5C4E
:10C2F0000EF40EDFF1CE22F2ECF339EEECADFAE6FD
:10C30000EA14D60AEFEECFCD12FFEF4F0B0A052D40
:10C31000DB040E08D406010712EE263D19EC450297
:10C320001416F23801F5CF10F2F000270D11220E8D
:10C330003AFF2242F8AC0B220E0E0FDDE5F7EB04BC
:10C3400029F1FEBC04F0F3EFD523CC22BD0BC724AA
:10C35000F62609FF003A112409183F07F02613E6D4
:10C36000F5E2DB110FE4C5E909EE2413DF0FDE1857
:10C37000FC01E62DE7E5FED72FD2DE3CD87207E0C0
:10C38000D0E134350CCEE1E625D41A1AEDEF1BF6D8
:10C39000FFFB81F1E51918FC241D0CAE07E73CF307
:10C3A000FFFAD62E23BD26D0FEF4F6F2040904D6F9
:10C3B000DCEB0102F6DCEFC6180BEDF8E2F974F0E5
:10C3C0000F2E18120E01DE05F1E2E414DB2F0D2A08
:10C3D0000212F0D906E505EAEF0CBF02DC1815F3EE
:10C3E000E216FC2D570606F50DE009DDDA07EC1222
:10C3F000FAE00211D10ED20303F1EE22240105EA84
:10C40000E4F942D318BBEC10F50CC806F12B01017E
:10C41000F4F9080206EDDCEEB4A525B50924F4FB19
:10C42000F1D5060B03E60C2317EC0813040D0CEEF4
:10C430001D52B6F7D6FCFD1A007504511718F136D7
:10C44000F507E0DDDBAD1C0622DD134FC61DF6004F
:10C45000F0174ADFF6140AE7C7E90ABA3835F4716B
:10C460000722F2C6DA9CFEF0CB03A7BBDD0DEE156A
:10C47000131DE20001E5C82A272B020BF70E03115A
:10C48000D9193DEB20C6E5E4F43517B7EC1AE603FD
:10C49000E3E8FDD1F1E60EEFC826B8E24B14CB5F1E
:10C4A000F2F0FD491820D8F7090C9BFBD0ED3616A9
:10C4B000C7AA2910260CE5DC04F846F27018D2FD54
:10C4C000D5DD0EF333090F23DCCAE1EB37E31BC2E2
:10C4D00013040FDE110C000CEB1ECFC7E00AF9FCB1
:10C4E00020740409E515F3F91E951B320E320B1A60
:10C4F0000AEBD8E6D2B902CD3A28FDA7C90EF5DA83
:10C500003E7FA5F1E2FB2AD52ADB2403DDC908EF33
:10C51000FF1C2546F110F447FDD22BFCDF0A02E494
:10C52000D5E54BD438F4D6EEF7D420F50FB110DEB4
:10C53000A12C40C11C1308674E4365E60B09024954
:10C54000E49FBD0ED5D7CD0CC912BBF6F818EF820B
:10C55000071EE428F1E3CDF12CBAFDE301F91A112D
:10C56000C500F9F5D606F037F3D1E368173CED17AF
:10C5700010C6110813020EDDED0424CC0A0FE613D9
:10C58000261A1507241CFCFA0717F329120811FEB6
:10C5900007501C1D1413051E25FF1707DD35E6EB9C
:10C5A000DD7002C345D3E8F21FB8FEECDE18F3C31A
:10C5B000E56CDE02E10FF495EDF8FACDEFE9F7173F
:10C5C000E10CB00EF8FCCF3BD1AEF428DB08EECD89
:10C5D000F8AC3A3B161EE24CF522C60A44FB1F0695
:10C5E000C2CC13FFE515FCED0D334F032C2BFEEFF2
:10C5F000F214E127F4DF1505F85627E3F7EBE7F32C
:10C600002424022F33DED912111FC5E04EEE181577
:10C61000DCF11A50FF070912F9DE3A271CF80F3730
:10C6200013E913D914FCFEC22940FEE80E03E89872
:10C630001117A4F44D1203DF18A41CC1A53510F680
:10C64000FB0522190F1E1A04D5DED8D5E4DF1CD550
:10C65000FC1ADC18F908D849FBF9D3FCE6EA3004E7
:10C660000C1FDED713ED1BDBC4C4FDDD1808F33649
:10C67000E7FF20F30223A4E2E603B2F703FB01EA9B
:10C68000EAF0EC1429E50713FBFAEF0A159D1BEB02
:10C69000F02FDFFE041DC9051A02D8C72CFFE49C49
:10C6A0000A3D2AD4DFDFF2FAD7D7290105B3E51115
:10C6B000D41BB5FC2B02E3125CFD2C320903DB47D3
:10C6C000F00C07D9D9D828F923F2371B35F8DDFB50
:10C6D000AFE34E2B01C401FA22B5ABF8B3DA09324D
:10C6E000B503C93C11131CA91050F2F009CBF4A9F1
:10C6F0000AC6CD3BF41007F8F62993EEB7E4FA55D5
:10C70000BFFAE7CFDA200935F3D6B1A4EFE6081077
:10C7100028E1DBE1270BFA65ECCC46E00C21ED3E8D
:10C72000142514FAB00EE9D3F84D060A08100E329B
:10C73000137D0A2504EECD2621FC1CD00BFA1E1E0B
:10C740000932EE0F0E132AABF31CD8EFA9E7E90369
:10C75000D7B9C004093AD11CF9FDE0647F0CF7EFAA
:10C7600027EFB41EE20BF102E4C6000D2526E9F026
:10C77000EB09EE404206F6D0080A3B0FBDE6ADCA13
:10C780004934F10AE9081706D4E13D1BD5C2F5C4C6
:10C79000E439C0CE08D7FDEC07FE24EDB6C7EAFDAC
:10C7A000F0F3AD3E02E90D7FF7F92DE5BDE8FDF3AD
:10C7B000EC26252AEE0207F0D6315027F10A101395
:10C7C00010E9E0151C15F1D3F6563010D60A111EEB
:10C7D000CF4D191BF80A0C2A0BE929012A0DF7F392
:10C7E000DFCDFAEE1620075B2132C9DBEA3CFE06FC
:10C7F0000BE014144725090BC4EC0516EDC2DBE071
:10C80000F12B1B21F5291A2430D68E22ED1F1CE9AD
:10C8100007C81A010EFAEC0B00F4FF4917032311A5
:10C82000BAFFE2FE0BE5CE1C0CE9E1E6E4FC1519CB
:10C8300038010EF3D1D32A13F518D8E6DC0F1AD637
:10C8400039FD2EF118DC102387D1F8132C0733E0C3
:10C85000BDF7F32B1416EB1CF603000E11EBF80BCF
:10C8600027D80418C200CCECFB0621D83ADFD949FE
:10C87000F906F8FCF9DAE1F20602E400EEE31E3D07
:10C880000315DDEEF0360E10210D19FAFAEB083122
:10C89000102AF105E11CF7FECEE9ED089EE5FA331A
:10C8A0001C191A112B220802F744FF0B0D133E2FFF
:10C8B000050ED2F221F6D21AA5F01B31FB0DFABB00
:10C8C000CDF8023D30F602E0F4E7FEFF0CFA243624
:10C8D000F7E9E8CC9AC3311F04FB26ED070314E601
:10C8E0000D041E150118EA34291C24E7E3173C50F7
:10C8F0000A0C09E1D4E4CBA746DB0AE5B814AFB2D1
:10C90000130CD8D7EFEDE8EE28E636E1F714A113C3
:10C910003DCEFA1B1B0E0DD8E6132110EF1D10C5DE
:10C92000D4080EFB1324E00D18D4EDFC200BD81E08
:10C9300016F601E9D6FC05E108E824D224FAF13A1A
:10C94000F0E824275022D0E8D6D3DFD452F3FC49B4
:10C95000D9F9ECFF58DDF7EFDE0600D89CECC327D1
:10C96000E6242027082B9EFD1DF8F6F22325171834
:10C970000DF1F811151DDCD43510BAFBFD14E3F9E7
:10C98000022819F8EBE7162038F400F61AB1C509A9
:10C990002012223213F20917FE0425151403FF0892
:10C9A000EC35BAFEF4C9ED153A18E4C9E8DEBD2449
:10C9B000260AE41A31F31DE8F9DE0AC805151F1D21
:10C9C000300207123DEAEFCBE13949F304F8CF1CFE
:10C9D00028264CE3FF26D82F251F02D700EDC518C7
:10C9E00023DC1307C1E1FD1025F7E1ED11DB1EC4C7
:10C9F00015FFD91737EEE30CE706B7CFD4151A3D6C
:10CA000007C50AF3E3FBEC07CABF3716F73C20F76C
:10CA10001C16F42008E62CE903153030380916F00E
:10CA200006F81F132EE0D2E8E0F6EE294DD3F1BB55
:10CA3000E9F214FA24152AFE190E0F21FA72A1FC4C
:10CA400035200B27EAFCE6F290071BF534DD34E6CF
:10CA500023E0042429D5FFF92BFFE61D1AE5D9E1CF
:10CA6000F243154B4B15021409E216EBD7BD033206
:10CA70000DFDFC11EC09D4E9D01E22033911072A5F
:10CA8000FC19F1F30CFDF7D4EADD194319ECFA199E
:10CA9000080D1CF3F60922DDC5C40BF02F250BEFA2
:10CAA000DD0612F8FF0D150AF3C7FAD609042B1795
:10CAB00022E628F6EE2BCE18380F02052C09F41EBC
:10CAC000E9FD13FD1EA4FB0AEFDC7FDC0AE42EF572
:10CAD00006F5FEE1F2F5FB0E08F8DB34150DF34C1C
:10CAE00034011D2222DBE3E9090706D4DCE0DDEE98
:10CAF0003700EBF51701EFEDD52C2E009DC7041F75
:10CB0000ECD21CF9AEF83A0BD0D1230A2A0CDE097C
:10CB1000FCF308E9FF3F4009C7236017000FA1039A
:10CB2000F8180AF9F6DAEFE729AEE90F36BCD7BEF6
:10CB30000F1F0B0F09EA3B0C0C2713F309CFCB0097
:10CB4000E3F805D6B90A08F5D21401F7F105D918AA
:10CB500013E92026FC01F6EBD1FE0322E32F195145
:10CB6000FACCFDED16E8FE33EA02ECF9E03EF2E520
:10CB700014EAF2F30B28FDD7FE09E7E525E8FC08E7
:10CB80005916F215E0DFE50EF1E10D492BF8241FEF
:10CB9000E425F6EDDCF904122181F31D213906119B
:10CBA0002C0BE6033AFC06A52999F61EC901F213DF
:10CBB00005FD260C2EDB2624BD1EFCF6CDFC10CC7C
:10CBC0001A1EF8CFD5E102CBFFE5FFEEFE0ED4082A
:10CBD000EE230C04AFFC00110B04DA2037A821EB84
:10CBE000F90D09301D07E721141B11035110C9F875
:10CBF00013FEF80E370CF506DE0405F5D032E2110F
:10CC0000230B170E0705EF400625DB2DF70B4C0312
:10CC1000F4E5E0D7D2362E1011EC1414DCFCEDE66E
:10CC2000E5F738E7DC2AF4081D37F80D333D25D940
:10CC300015EED00FCD022B102822DF01A232E3091E
:10CC400006DCE7FD053E39F4F0DCFEDBC518F2FD3D
:10CC5000241A2A270E0510EC18F1EA231A0D0717DB
:10CC60003255D7441926060937EE0D2EFE29320E0D
:10CC7000EDF51725E0C2FA06E8D4BF1F00F4F581F0
:10CC80001510D6052413130734FAC003E825F8E776
:10CC9000F8F80013C2D8EC0BECBCCA12CDF50600B4
:10CCA000CEDF00D9FB1EF5DAFF14B8280601F20327
:10CCB000F600EBDA09151323F53DF111D1C617C6BD
:10CCC00021D0F30703DC08040EF4C1DFF4D6F4111D
:10CCD000F21DF21016ED1AFFD9306B291CC0D4D802
:10CCE00013044054EEF6D4000D0FE13A0437051B4F
:10CCF000393E0D8129D4250F14FEEDE331400A148D
:10CD0000F7EFFF3E1D6F0A20FE5CDE4707E618DCEA
:10CD1000F6EF07A5F91AE00E0207B9F866E9E62171
:10CD2000F0CF2317D93ACE1537354801EBDE06E8A8
:10CD3000F81F0305DEF8FAF119F8CD25EA120BFA0F
:10CD40000C0B6AC30ED02ADFEC39340D390A28E700
:10CD50002D1D1509C4C42BDFE004010E2DF3E8FEE0
:10CD60002B36E1ED16FFCA4339B59025EF1AFD0BBE
:10CD70002828E9EAF00912FD29E4322B13E3DCFA52
:10CD8000EEC228EA02EA380619EF1A2399B104F92B
:10CD900010A418FE1B2FD41FE82CFC10FE2EDBF273
:10CDA0000D0CF6F51AC8FDFE2310052FF507340B00
:10CDB000EFF2F432D6360506CF080002F01E2FDF60
:10CDC00009FB27A50316DE1AEAF4030BDFFDE8DDF5
:10CDD000F781C3E12AF10BEAEC2F0026DE14FDF403
:10CDE0004406CD1A2D23F24C1BC4CCFCDC03DD25FC
:10CDF000E2CBDA3415510BE9C8C0D514242E26E055
:10CE000014D634EE50EECDEA21F719F102E40F21E9
:10CE10002217CAE9101CDEF015066BD51002190F97
:10CE2000F20ADCCAD6DDFDDEF168EACF15902426D1
:10CE3000C400140CDD51D015D720FB4D10D40D1DAE
:10CE40000D0C453A5000C6F0E1205B0A2835E7207A
:10CE500002FD0B0FFF052C047DDF14D238E01B1000
:10CE6000FDCD13F2C31FCDF5BA0BC83902FD13F384
:10CE70000AFB1A244B38E3EB193C2B31270717FD2B
:10CE80002613150131282C072C1C0524074BF517F8
:10CE900006FA0C02E5172AE9FD02C8D0C6D97F12AE
:10CEA000492A0E1F45D63012E7DCFA240504032B6D
:10CEB0000FDB25F6F1BCE4262AF5CE0D454305FF30
:10CEC000BBFB4BF79709F8D2DF2F172710070B088A
:10CED0002BE40CDA00FAF7E6D8CA0EF9A6C2090963
:10CEE000CEF1F9173723E916E71A199F09DC20DB81
:10CEF0004755F9DE29FFBBF6F9E215E3EFF4140715
:10CF0000BC0DB3014E02FE10F3C33D371E5FF2E5C8
:10CF1000D7F9168B33D5E6C6B4DCF1BE04F3FEE6D2
:10CF20001DF520D0FFF9EA0F3A0EE938DFB3033CD4
:10CF3000062F89EB481312E5121F0C00083DEB0386
:10CF40000E03F2FC15CDF63120F70C6B133811FDF2
:10CF50006508FBF8071C1EF2E214DC20052EFDF22A
:10CF600011E3E4D22220201A16D8ED1FDFFB071BA5
:10CF7000F33D14D2C8CDF0DBE11B5CF9B91B20D620
:10CF80009BF40E3405C702F20DF935F6F23ADCE0F7
:10CF9000D11FF003F8FB1BF80F26C7121748053105
:10CFA0001EF4E3DA81CFF9F8022428F40BCC19132C
:10CFB000ABEEDE32E7402F2E102923C509E1041E17
:10CFC00010DC0A0D061715151F0C11FD143A012966
:10CFD0001013050905E8DBEAF844ECF9D1F4F3E1B4
:10CFE000EDE11C2B2CF11D3C2EF5DA0CC6F625F3D9
:10CFF0000607A5DF1226D536112693FBFF00D617AC
:10D00000C5BD16E54FF3F1F708DD87C9054EF228D7
:10D01000F9F0EF96D82515E8F8002217F01B260E38
:10D0200022F4FCF61B140ADFD80EF72C8F183F08E9
:10D0300011ED38FA260CE8BBF52010E60F01CCFC08
:10D0400038FD1E14E7FC200ADDF62F0B10134DDC13
:10D05000EF0628110AFF10B028182F1319CEE91D6A
:10D060000AD725E21817DBE3D70481D31EEE0409A3
:10D0700000FE4822FBD9D2DA25E9F4EFF3FDF9B539
:10D080000DB30ED012FB06E9E416DEF0F7B017C4BC
:10D090003202110B59EAB718F520E802F501E4AFA6
:10D0A000F8D3E6E9EAFACF4706FEF4E5422B0DD4C1
:10D0B00081E6F5FA20FF3BE53301FBC6DAB3FBF16D
:10D0C0001131F432D3DA19D8200E1132BCFB2E38CC
:10D0D000DA1ED10EC815F2031920B1FA35EAD2E3EF
:10D0E00010461620D720F4F4F255E0F629FA1D0D6B
:10D0F000FDFCC0E253E5F3FFE422B130F5CB201C88
:10D1000020ECE6C9DEEBF1D8DC060DF8CD27B92A14
:10D1100028FD04FF2CD81CF2F0FAF2E71F20B7120A
:10D12000004A07F00EE33CDE12D55BF7E51C11DA8E
:10D13000D202ECF00E10DBC92AF1F00503CC15DBAE
:10D14000E3DDF211E52521DB0B05F42C15E1F8E513
:10D15000D817190519D91009271100CBBBEE1BD21E
:10D16000E4E6FF069112F8F12107D7F5E8E1F7139D
:10D17000FCB9BA32F5C4F998ECBDFBF4F5F7E7FB5E
:10D180001D053F2A061421CB22E91AF413E7FA17EA
:10D19000D3CD2114CA0839DB06E5DAF725FC2C24A7
:10D1A000F7072DE02FDC202538F115DBF42F3509AA
:10D1B000FB123604DDEB10D319D43C04E60BD3ECA0
:10D1C000F61CE0050FF523F007EEE7E47FFCBE3523
:10D1D00015FD11FACE35B908FEF7FFEFB5E1E9D933
:10D1E0002E1C2EF9FD100844F634B82E06E51694D0
:10D1F000264BE30F0F03F8E70A0D1F19F4D318DDD0
:10D20000C34A07200DDF1D27F42D08DCF9E4D9ED12
:10D210001E0F1DDDD3140F11F853DE0BD645D34E70
:10D22000F809F525160C18201BDDF006E2EFFF5774
:10D23000F71EE1F12CDFFB37D4FBF838D8F61D31AF
:10D24000E9F11C14040A18DB27A3058FF801F7F194
:10D25000E5BDD73F09CF03FF1811E4C4D305DBE9CF
:10D26000000FE00DD214DE0EECF8F615AB08FFE669
:10D270002D0F13F10C00CAE4062E0315E5F9CB2996
:10D28000E3FD05FEDE04FE1B010637F6CDF41DA10D
:10D290000E03F2FE12DC30D40512E81316F409C9AD
:10D2A000FDFA2FE20B1FCAFECD08F6FC142BE5DEBB
:10D2B00012FAF937EBFF3116080EF7212F0121FF83
:10D2C0002BC2062A06E4DFC9122604CDC20BCF0BFF
:10D2D00006E6E603BBE33E040D15F60D1F19EEFB53
:10D2E000EE010C1608D8EC0A07FAEB2FD32CD32C3E
:10D2F00007D80F173AF2E0F0F2E0D9E000EAF6E8DA
:10D30000D1CA32EA14C80D111BFC11F7171210E52F
:10D3100008F01000BD122A46E1D737FAD2DCE20E3F
:10D32000E804DA11B9FCD0180CE8D7231A1D26F14D
:10D3300023F1BF0611F418F4F3E00BE02A03F0D256
:10D3400002E1FAF515F128E011312EF8E8F630F493
:10D35000010AD102B6FCE910E24E36F60408F2F9F1
:10D3600019D5BEFE1DFDFEDD093619FFDF2FDCF5E8
:10D3700002E61A0DAF1A2C22F5E7F31A1D06C6DFD6
:10D3800005F3E32930050AF010BC58CDBA230C1E72
:10D3900000BBEDC6E618ECF2E4F1E21ED9EF128F05
:10D3A0002422F119F94DFD1F1FE4F5012C0634B8B4
:10D3B000ED2718FF0909DE26FCE721D2F830EAED57
:10D3C00022D10CFD2EC82DE72AF6E1D5321D08EC3E
:10D3D000081B3905BEF0F60A3AF6F319CE1DEC0E1D
:10D3E00025D9C804F2EECD1B0F0916FA38E5EF0077
:10D3F0001D0B01FDA911F2470CFEF90C00E11E3CCA
:10D4000025EEFE1CF9E23118EF44E2F819EED245A0
:10D41000C421E4FBFBD04A0F14EB10CF11111FE223
:10D420001BE81A0CCF194A19FDAB1CD720154A0965
:10D43000F4F9E6D981AF1BE0FCE6FC2606FF423298
:10D4400035572016D10D1FFADD07EA712F93F91D0C
:10D45000E6EEBBEE15BAFEF1DFE814DB42EA16E0B9
:10D460003426C944E30D0FBE1DF809C6F1FE28D2CB
:10D47000D6DAE504D4D4CEC25EF1F122724DCDC32A
:10D4800002CDF24F913F2A21030837FDD60609410C
:10D490003C1E061B0844632423E8010436C0D1FD6A
:10D4A000241CDBC1E8081EB7DCE1F9F1185A080EAC
:10D4B0002030F121079BD022F3F3E51606DB46125C
:10D4C000FCD5EC16F1111759FB5B28D9E916331D71
:10D4D0000D1EEC20FAD72E02BCFDCCEAC8C30EDB31
:10D4E0002AF3C4EC0A0D042D085BFFE8F3D7DED362
:10D4F000062A340DBDEB0FE815F20B01E10B29F7FD
:10D50000EF38E8A903F6CCC2F262D91D07E0E95072
:10D51000C922C133E4E81DF80CB709F3E73E05F270
:10D5200024B90A042ED5D9F42F97F54301E73DAF6E
:10D53000F490814703DBFE1DF54E06D70ACBE1FCD4
:10D54000D0F2FEFB3C164706021F090D9CEFE94195
:10D550000D441C132C2EEC052E1B2DD701C6F60AEC
:10D560002235DEDB0BBF0DB8E8FB131FD6EC170C22
:10D57000F8F8701AE63CC3E7071DE92AF1DDE2027C
:10D5800006D00C000928442C50CECEFBFEB107DBA0
:10D5900033F9F62C12EDD81CEA062FF91E0CDB3AF3
:10D5A00034D0DD2ED4EF813F026228DC324922E202
:10D5B000E604F708021827C9B7ECFF09FDF86FE485
:10D5C000FDE4ECFDE726FBCF46AADC01DD1E26D4F8
:10D5D000D6DCC33BCB35BC0F0CE3BCD91CD4DE146A
:10D5E000F61D042CEFD1230F251292EDE1C1D703D4
:10D5F000241115F2BCDECEF4F9CD042E1025A7348B
:10D60000D528A0F3F122D80C1FF4EA02C0BCA8ABC5
:10D61000F055F1C72F5E09F20E0DF3E714F16CAC73
:10D6200000E24B08E5C9F90FC1D91627DF22AFE4A4
:10D6300031E93EFDEC4810CF6A430BF91D764307F4
:10D6400003FD1D4F1548E227080DCAF81EEE94038E
:10D65000EA1F0EF2FF4EB9A706050E062A82FE4FFC
:10D660001001F709145CF3CB02E208AF174109CFB0
:10D67000ED0BB925FEF729EA1600EAA90DE52333DB
:10D6800018ECE4B10615E0D4D71FD94AF40331FDF4
:10D690000633F34FDAB2D41308EC52E2F925FDFE5B
:10D6A000FDBEC1D8EAF5293745E603BB3E3CE1F6AD
:10D6B000EDDE160CF217EE20051B450C013B37C8BA
:10D6C0005ED94DBB29CF29171A36F715FDEFFC732C
:10D6D00018EDEB1CAF2335EE14F3490AF83840DDA2
:10D6E000F0185609C11345DFDADCE41B09CF14EF4B
:10D6F000B933CF1617EF09E31792FE4BF0B60A0ABB
:10D70000F5E3FEE90FB2E9F2FF0610F223FF31B7AD
:10D71000F0D9CEECF0FBFFDE1AC7C9EEDD1C11819B
:10D720004C023F2706C4F5F5C5A93010DADF432ABD
:10D73000E02B18E2AA0707970EF7334CFAE7860B9F
:10D7400002B9FB1908432C5700E7FDEFE8E9E609A9
:10D750000C2360C4DE081A114706241620D8BFE93E
:10D76000F4D8D7021930E8F4D40F1AC123E9E30141
:10D77000E1C530EF01D4F1E83FFECD6524F50E029E
:10D780000DE3F2D8BE2AC1ED0319FAD70F2D29FEF9
:10D790001FF10B13F3E5D854F4F406E81D2A1FC754
:10D7A000F20814C31E48143200F8CD49F8EF500AAD
:10D7B00008E620F3FBFF08F4C60CD50F13F0E4597C
:10D7C000151F151510FD210C5D37CB31F7E529DE4E
:10D7D00020420FCB0601D927F2CFFC03F0E10BEE7C
:10D7E0000C52C1D3FF1E0C64FAFBCE271905B7B348
:10D7F000020EF10B04E8E50035FBCD060CA01CF988
:10D80000F8BF02C9C1F2CDA926F700C5FAFAF006A1
:10D8100007FB0CEE04C982121449001CDF19030730
:10D82000C202EFCF142CCFF419E2FB09FEF60D5221
:10D83000F002091F120227040BE218D1EB11B9FE06
:10D84000E40A083DE204FDCCFDDD0D1800F8F9FF07
:10D85000050103F809D9D905200A0402FC1321EEB9
:10D8600019F50CD0F3FBE7E716F3114DEB31F40A91
:10D87000F6FE011FDBF9EDE9E9C3EAFDCB2DFE2F32
:10D88000E20A0033B6150BDA1FF7E1E325FBF4F3E8
:10D89000FF00F4F2031EFC090E02F9E8052ED51C68
:10D8A000432105F5240921B511F329E8FD14139B43
:10D8B000F11832AF1027FC01812BFBF4EC0E15049C
:10D8C0000F29D80C032FF92822FF0E071536EB0578
:10D8D000F627FA4700F80C5EFD0A13E97F090D33BD
:10D8E0000A06D6FD1258F334290EE6D21F3EFF0E6B
:10D8F0000705FC3A190001DCEA0CE2DBCCF503EF8A
:10D900003C04D3201A4F1B05EDF7F22F150A12D84D
:10D910000F1FB8FE1601FE1A19040AD506F6E7E92C
:10D920003FFFDA2FE5DA0DD6E803F94D0423F3F3D0
:10D93000D8E107E5CBE717231B23FCEAE93D2A18CA
:10D9400000E2FCEDE10123FBF1FD02EE08DA140D2B
:10D95000E62CCE212233FE22D018FFD0313D09FC27
:10D960002AF620D9E8D31DDB03F40D1406CC07FCFE
:10D970003C1103F2D51F25EB0618F610BBFE141C54
:10D98000DFBEEB0039C9E9FD27DB24DDCA19121F10
:10D9900002CBEE47E5CDFDC24AFD1A36F310FFE497
:10D9A000FAF0F51B13D9F60B4A111729F1D9110713
:10D9B00017F8393FEE003913DA1ED6E5E92AD70207
:10D9C000FEE7F7DBEA1305D5B8C5F4C9260605F06E
:10D9D000620913E1F2F2E6295B490D0FE816E2FE57
:10D9E000FA0C010AEAD5E308E1F0EA38F5E0E9EDDE
:10D9F0000BBCF61606B2FCC00109FFC7F3DB2FE132
:10DA000006458117EF01271E0405E2ED1413EF1DF3
:10DA1000F2D700D6DB06F90002E902F5DAF7DF7F7C
:10DA2000D61C64E3F928BD2CE9DBD92C14FF0F18B0
:10DA30008BD31AAEF7CD08FA14EA1C23053820F868
:10DA400064DB0DFE0FD40FE3F8FC0EDBFD03F634B0
:10DA500009C515D71CE881E7C524D9DDD8EEF50B3B
:10DA600014E41102F1E110E924111E1DEA2612113D
:10DA7000FF08DF3814C40C0B041C0E0D27212905E8
:10DA80003919D912242DED3FFCF322051B37E3C8C9
:10DA9000E641C5D3F7252BED0B1AE1E62BF8D2DED4
:10DAA000AFF1D72B3103F4DB1411E7B7F0C2E7F382
:10DAB000021F0A1CF7B90DF016D5FE1E04F621123E
:10DAC00002F818D515D5F70E12FD0B4CFC40FC3BA7
:10DAD0001DD7D9ED47C7FD3DC601DCE5FA08090FA2
:10DAE000C8E51CEB1F00DB110D0725FA2412F60414
:10DAF0001C17B20416EFFBFAC2EC27C303CDF335B3
:10DB0000D02D133493DF100603E5FD28F910E9F258
:10DB1000E0E7EE0524EEEFF6E71D19E62AFAE91F25
:10DB2000F52EE82040FC08FF6FFE0DE4454208EDAD
:10DB30002022D3151208EC18E1FDEF073DEE0AF4A0
:10DB4000E82E31130AEA03FD1411EA1026E7550BFB
:10DB50003F30EA04FB2DDDF322DFFCFE17F5EF0179
:10DB6000473EFAED18D90CDAB210E96A325210CCFD
:10DB70005A28A89AE1EAF1F40500BED719E1137E0C
:10DB8000DCF61EDF23271C1922E70F1A111EF8C925
:10DB900019D4E8BE041E3647DF2C14DCDEFBC2F1CC
:10DBA0002932C4EAF9BDECFE0606E3BBE9D92FE051
:10DBB000E029F212F0F2FF15FBEDB20C02E80E05BF
:10DBC0000BFF33E5D5F7D62025F8DCEFD81F194336
:10DBD000F306E0D3D7EEDA261DF503333526DEF95A
:10DBE000EC13F3F0F823EC1EE8F4FCC7E4E3EAF4EA
:10DBF00019101511E1DCEEE1DB00FCF9000E02E585
:10DC0000D719F01522F909F1F31CE40DB8081E1715
:10DC10001A3AECC912D805EEF618AFFD26C6E92D62
:10DC200000F9DD4DFBD3A1F60F0C2DE8F2EBADC5ED
:10DC3000631A0B0854270836F021BFE0021023D6E0
:10DC4000AE2CA30BB336FF4D020CE1DDE40309104B
:10DC5000ECF3F92A0E0A2EDC17E0E2F70BE7E52BCE
:10DC600000FC141F0BB50DA50BF201E1FB37183FAB
:10DC70001D16A6F6E72FF80C07E3F7F6C2EA3D3BC0
:10DC8000CB05FDF8ECDDF9CB00081A3732F8D2D914
:10DC900000FAE313F5E885D81549D9F50CDBFEE861
:10DCA00029E4F0E3BE09E1FB31260D1918FC060E4C
:10DCB000EB2D120DA03F22E32FDA003C1BF328ECE2
:10DCC00034DFFBD6AEA6F525B8F91003C0E209FD96
:10DCD0001120F42D4CDCFE2EC1AF25CD29E0C62E3F
:10DCE0006D07F30634F3F8E6FD12C828D5012E12AD
:10DCF0001D28D12BF8E65C16D5A47FF3BB0D46D4C6
:10DD000067D94A233313D474BCC909EA39E5DF1350
:10DD1000E6F01AF5A72B15CDB823E512BAD6425076
:10DD2000AB17FAE7ECEEA2BD44C8E0213FB1E94BE6
:10DD3000381ABEF2D50FD4131BE5F424AAD519372F
:10DD400019DCBD01C9E701FE4D0D0126EE0A5F0C8D
:10DD5000150AE4F2EC08FE10E61CEFCD0DE854378E
:10DD60000F08D84A0E0D36FB01F2F1E6DBF4FC1980
:10DD70002632D0C1D3F4ACDCEE22EACC131D5BC753
:10DD8000E5FF065602182219DBF5C8FF07E9E5187A
:10DD90001CE0D21FF60DDF09FB10F1C6443E11F561
:10DDA0000E23F7242E28210FEDFBB8F3D2E40A0B43
:10DDB000ACF5F5401A22EFD339FDE900F239091E1E
:10DDC0002DEAD9B5FC1092BCF92BB36DF31ACF3400
:10DDD000D8F5F9391BF3070A0F11F6FC1CD7ACB2C2
:10DDE000E11B043E2126F3072421D3451B05E44211
:10DDF000F8281BF0D1098503DE2203450CEB47D040
:10DE000041CA580912FDB20AF5EEFD1EF6DB17AE47
:10DE1000B0102B1D27FBCE2EFC0E02D7FA0BE50B04
:10DE2000DB08B129001610ED0CE6C5ECCCE4CCF013
:10DE3000420DEFE5F4F6091E2301012CFDFC461905
:10DE400002D90BA71AAB4938DCFDDEF4EE0025E160
:10DE500021160A07381886D8C218E728EED904090F
:10DE6000C2F51F2FEB22F4EEE618043635EC7F1DC9
:10DE7000C037DE1A2715F114CAD9340802D61005A6
:10DE8000FB330BCA2727DD1301FB13E9D8E90DF19A
:10DE9000F1F84629FD3EE52F3ECE186CDA0A1F0345
:10DEA000DC17DB04FA15096623401213D3EDE9BB36
:10DEB000F3BAD01CF8F422FE0A1C0A0C812BCD17F1
:10DEC0000ED9D4C5E7DEF2092756EBEEF7E60202DB
:10DED00003EE221311E8C2B9E5FFF22FEE1B0BC8C7
:10DEE00024DF103E2308377EF2E5FDEE1AE81E2FF0
:10DEF000D9C754C21C163124EC1A3C0221FDEC6136
:10DF00000C2CDCCEBFF6E3E9FAA720B75317FE2BA3
:10DF10001D150911DF0318F70123FEEAE7D589046F
:10DF2000DA3E3932C8136D1626F553F3B5EC1CFEF4
:10DF3000DE12EF1356021B0A0BFC2C03EE03F6084D
:10DF40002631243FD3EF4BF6E4F0F0060DFC0B2C0A
:10DF5000F1C41DD904F2B41015FD0A0AE926DD1832
:10DF6000E4FDE7520DFEDEDFF81CD6F822FC7BD480
:10DF7000DE18F406FEE520B72DF7ECFEE0C5F7F855
:10DF80002826A7F511095E03AD36E11326DEF2FC63
:10DF90000F09EB090CFDDFFA4B9A32E1180035E866
:10DFA0002533E0CA0C33001AD829B1160F9EB38A64
:10DFB000C5E2FB29E11E4249191603D44F1F002078
:10DFC000D30832F90601F4AE5800300135EEC3E64D
:10DFD0002ADF14024916E1E5FAFADADAF9DD4A3AFB
:10DFE00097F3FD2DFDE70232D5EB3B58B7F01CFB54
:10DFF00015472201F5F331330D39D708ECD81D153B
:10E00000F07FCB39EAEF0AF711EAE1C4122114F2EA
:10E0100024141B2335D43BF20848EE001D0C26F4D3
:10E02000DDCD07D60EEFF814D82DF6E5070F0BED72
:10E03000EC18031CF527F6061802160A0FF9F14F23
:10E04000DBAF1410F6D5FDF7FDE81FF0E408C6EFCE
:10E050001E040C02C823E5C5F41401042707CCFBF9
:10E060001E2C44060E19A8380BDAFAFA160A14C246
:10E070000803ECF705F12EEE0BDFF611F7E4CFC441
:10E08000E4D8EDE801EED21F251CC91EF20AF50BFB
:10E09000D1E3DDFA36FDE5FA06090509FBFC0923A3
:10E0A000F5E6F32EF6FAF008EAEEE714F1E60FC112
:10E0B00007CAEE03200EF3E801B4F9F6B2F9A1DFC6
:10E0C0000CB17FECE6FCD9501127220422E53AE49A
:10E0D000F32C1122FE1005331BFF112CF70403F45F
:10E0E00020F804EE0FF6285C2903FFDA10EE1E2854
:10E0F00006FB04072E0103230DDF0AF0DED33526CD
:10E10000FF07F7E33C09F9C307AC10097FF0CC28FF
:10E11000F557D0FAF50728E0060DFFFFD8F600D135
:10E12000FF1301EEFBE4B1121013E91FB8E9FD3E45
:10E13000DF2BEC03F0F0EEE026F82BF920E300DF14
:10E140000A0EDEDCE603CBFC2433FBFB0BF20AFFFA
:10E150002AEEEEC4E61CF2E9E3F813133805511376
:10E160000FE51924EBD13AED06BA19F4F1FB033FA0
:10E17000F1F90121CCFB449D032606F4D802A7F651
:10E18000E2FEFBEEFDF3EF47FC05FEF422096728F3
:10E19000FBF801021CD9111EFFE2C60CFE1F112E56
:10E1A00036E3130427E3403D1135EB81C7F605FD47
:10E1B000021BDD39E12BC2F8FBFE080932EDF5F553
:10E1C00007EE11F2B5F01F230404ED071CE7DD2173
:10E1D00016EC1AEBE402E2EFF8F113E3400721EE4C
:10E1E000D81EE909E51E25E9EEF1F8F1DA17E7BDD9
:10E1F000F6F7FC211F0ABD0C1BF6FDF000FB0E0814
:10E20000E904FDF5F2ECE303F302F70833F8ECF070
:10E21000090EF7F82121E7B82ACA161B0AE108FE01
:10E220000ACB0E56C3F928131610FEFD2607B0269A
:10E23000DB3106EE161113341505E0049B1CB323E5
:10E2400013D5F6001A0A2FF80208F1F32021FC4F2B
:10E2500008E8FEB0D304E1071E1912C70A08F00A45
:10E2600004DFF6FAEB18DCB7F7FEFA241001632599
:10E27000101117F802EF0C110407FEE103FB2CDB71
:10E28000FE1C03040801F0F9325CECE0FCACE4DDB8
:10E29000EB0AE61DFC079E031EF5020CB2FFF1F02F
:10E2A0003F29DD0A0BFBB2E809C9F940F70308FF73
:10E2B000F51115F00CE3FDD709011C94DFFC2215C4
:10E2C000D699FD051F24EF0F0F231405E3DEE33E6F
:10E2D000110B0A31DAEB9F0B25170E0EFB0D04DF35
:10E2E000EE422AFE19FB1D0724540B1EF008CA201B
:10E2F000FE181114E1F1271DF8DBF6F6FF1517B82B
:10E30000ECE3F3D5D61BE706DFD51B0CD8F70BD90A
:10E310001415F702F71F19E22F04120E1AEBFBE097
:10E32000F81FFDCEBE2615FA330D0230FFDC33F2A6
:10E33000DAFA052DCEE6FCAB0DF7FAF40FF7FF1C69
:10E340000D2ED5EC2C0614FADD0BE8030FFF002C84
:10E35000150703CCF217120E281B0F0137054DD7F6
:10E36000AEE2F71B22FFF3F31803FEEC1A22D802E9
:10E370001B0CF3DD1D13F33DE716FDF8B4F933076D
:10E380000B0CEFFADEEEDD33FD34ECE12EEF04C0D2
:10E3900001D50937FAFC1104EF2F0D28DB20FDE22F
:10E3A00026E02411E8FDE9EFFCD305F7E103DA02EA
:10E3B00005FCFC460C02D2FFEA2413D1F32B062FF6
:10E3C00028E518FD1EF10800E1F2F2CA1E0F07034E
:10E3D000020613D409052707FB3FF6AE12083FFAE1
:10E3E000EDB90D04EBEA0720ED2B2DF1FF0710F638
:10E3F000EDC3F30422C419F3DE06F8D81B261D046E
:10E40000EFEF0A0D3828F6F10FFD14E32817EBCBD8
:10E4100018E705FA1B0D0FEAF0071EEFAEF41829F6
:10E4200014F6F5E909F7F103FBDC0AED022CEA2703
:10E43000092F25F1380F11032B09E00147D9E248D4
:10E44000CF1D02091F030131FFDB19F215F9C6EBDD
:10E45000231140EBF72E29F5EC4317ED0F1D091B97
:10E4600013BE0DF02808103306ED1E1FFEC9EBB8D1
:10E47000D5F881F605E7E0FD23EDF713E802231058
:10E480000433E41A30C8392DD6C914FBD5EAFF0F7E
:10E49000F61A1423FDFB1B3C1FFA2EC2E420F21EC9
:10E4A00011EBE2C5020121D80507D2ED17FAD40B12
:10E4B000CB130A1806D25408132CC70764EE152292
:10E4C0000AD36021F033FBF80DFD2E22CAF1F109C9
:10E4D000FB0B100BDBF632FBF7EE070D1208D12514
:10E4E000E2C5EFF4EC272B085823210C361CF60F5D
:10E4F0000DD1EB040DE50EEC0BD60EE7CFE620DBDD
:10E500005411D718242CF5F0CC00292A32A0230D61
:10E51000D90FC520F5291C210AED09D4CE2818F100
:10E52000D6450F26032AEBB05F13D1F85C29D0F251
:10E5300042E75ADCEEF42A3FDDDE16DB0D1215EA67
:10E54000EF1EFC110004E8071BD81902F216F3BFF6
:10E550000B03FFF1EDF7030EF10E4BEBC7F514FFC4
:10E56000F70D01E5E7D8041C07FC26D7FD17EAD90B
:10E570002BE4012F1F1FEABBF80122CFE4F218DCC5
:10E58000F6FC34CA1EDB0436E1E4EB0EEB0217ECBA
:10E59000F9C620B4B7E82110DA20E0FC340936527D
:10E5A0000DE818000EE3FCE7FB81FE0EF30603E81E
:10E5B000D1232BE5DCEBEE04193C35C3E6C0FC129D
:10E5C000E0144C0B1EFB0E4FF2FD34F1D7C7EDFAF1
:10E5D000F701FDF3530838D311DCF8DC35F90126D7
:10E5E0000D09EB1EF6061328C5ECD90AC701E9EEA2
:10E5F000D560F217F5262811F703413E22E6C71D24
:10E6000019DBDAC6C716E62BF61313DE14E9CAFACD
:10E6100012BBE0F019F6D8E806E2ED1BF5E6EBEEEA
:10E62000F824FFD018362ABB380506EC1711D2D9CA
:10E63000050D1CE7671C28393C0727FD2A0103D874
:10E64000E0FC1217322D37EC35FC00051315B769C5
:10E6500028B49831035BB40636F01F0330EA100C7F
:10E660000EFEBEE1120D171AB01516DD8204FEBAB9
:10E6700033E9D7D919ED092712E822EDFAF4D0D9F8
:10E68000BCE708FBD41DE6FBEDF5E605C42911EF58
:10E690003EED1BC617F702C6200FB50F57F5FB81DD
:10E6A0000BF433DFFCDE2124D217120D03CFF14629
:10E6B0001E00DD24FF3200F1F6D66C20E5E5E4E62D
:10E6C000EB2411E228EF14EE1FFBBBECD62BC4E3C6
:10E6D000C21CEA08B40AE0BA1307E212F3E7FFEB40
:10E6E000FBE5120EB90D1147D11BE2040EC0F3EF8A
:10E6F000123F0C2C12E815FEF80623EB31F4F1E082
:10E70000E5C9FBB1EFFFFAD1141914F7F91CE41DA8
:10E7100001F107F92D00DD1402CDF8C7DA0EF6CCB1
:10E7200033D2F00C3705FB24E50611F919000AD99C
:10E730001716FB00EB5EDEC21737091703F4F1264C
:10E74000E8012EEC0AD81C26EB22F50F0323FDC4AA
:10E7500029F7C9CEFC10D40C0F0713DB30EF07F0FC
:10E76000F8EA1307F129D3F6CE1128F2DE3729F2A1
:10E7700002F5B2FF172503F20804F9FA2C1308F783
:10E78000310D0681CEEE362DEF270A06F681EEFD1D
:10E790001C22F931E9BDF8D719F308FD1E0EF51F4B
:10E7A000DFFDCB24F90FEFECFE39FFDCF2E912328A
:10E7B000E0FC36C8D131E6DCD611D50BE6BEEA2F37
:10E7C0002DE0ED12F4C9F9FB1EAAEEEFE3FEF9A26B
:10E7D000EADFB203ED00DAFCE9EF1A3DD5E20EFE06
:10E7E000E7FE15E2CFC804F5EBCCF2D52417D60529
:10E7F0003EF9D2228AC710FA291EBE2205C10F9AFD
:10E80000F90B0112D40208EEAAF4F20AFF0709B3C9
:10E81000CCFAB0E1C0D8D35800B8BC0700FA02CB9C
:10E82000E2C4F8FCE00C003902015601011B21137F
:10E83000E91A1F08FD24F03105F8141C12392211C1
:10E84000CDFA3207F205FDC6F01E78EB3E0803FE56
:10E850000B02FE08D5C6F6F3D2FC0F16FFDF071F2A
:10E86000192106FC12F1F901043726BDFB0A0EF846
:10E87000250C6C072701F8D437DCEBFAFA04FB14FB
:10E8800015110C0120D1CD0C062111FB0E28F6D15B
:10E89000110F06EE02F4312E2C1723FBF3DE270CAA
:10E8A000F2F1110AF007FC2C030F0B0205FCFB111F
:10E8B0001418E908FC0ADEB003ED2F160A1CD8B9BB
:10E8C000D1012219E4F73DEEDA7FF0F6E3FB13DF26
:10E8D000EADB1CF1E7FAF8161115340DF5F5DB0843
:10E8E0002A0BB1D004A7F61AE6192DF905BCEC10D5
:10E8F0003022FDDE24F90400D6FED2FC0CBB11FF51
:10E900005000B8FA040CB733FAD41C3912C705CB3F
:10E910007FEBF3EEF9FC0DEC1AEF0E050E0BED2874
:10E92000FC1A53F0BF2206CFF406322228CC14E49E
:10E93000FD07F403DE30F61D1EFA020D1622EA81F1
:10E94000E8160FECD4D7D713001226E9F40BED022A
:10E9500027D2C10E03BA0DF5E906E3F904F3E12865
:10E96000170A02EDA027F1E7D2EFEB1D1D03F6E732
:10E9700025F72B08FA06EDF91B4121F1161315FEB8
:10E98000EAE2F1F00EF90AFD392B1EFDEE07EB0568
:10E990001A1834F6AF29055FC7F6F71BF22D2801C8
:10E9A00012FEE80F07F7FA4A45FFF8FEFB080F458D
:10E9B000ECF1F807CBEF02FED3C9AEF722A1EDEBE5
:10E9C000F4110A1204F9EEDF12E8E31AFDE4000282
:10E9D00003112D1233E403C52416230D00E6F603BC
:10E9E000EAFC0ADDFD19F544C1D033FA18031CFD19
:10E9F000E10CC6FF01FF01AEE108371BE3D1273070
:10EA0000ED06140E03E4FA6FC41B15F8E43FDE1C98
:10EA100041114BFFB31904EFF2F8E4FFFC0AE40BD9
:10EA2000B537A5F6D7F301EE1424DE1B0EFDD3F89F
:10EA30004018F4F1F2E2FFF0DDF922FB00FCF7EC04
:10EA4000EAE0CC0515CA0017D50EF41608DE101D35
:10EA5000E135DD00FEF2F6D12001DCE81523190ACC
:10EA6000EE1029F50DD7D735DA0016D80FFC12F7BE
:10EA70003E08F020F11AEF12C7E3010312F5E5A7F3
:10EA800005034320EEF2F91EC0E8D111F8DBC30103
:10EA90000F05F7F319B12CEEDE01FAF629E4EC2F9D
:10EAA0003203091411F5F238111AE90E0EF54C2350
:10EAB0002D053F150BFFFAEAF6C7D1FDFDFE020D4D
:10EAC00004E2F8F21E151BD4B815C1DD0457091372
:10EAD000040A41E60BFD303EE31EF7FA141FFE1A4E
:10EAE00003F52310FF0006043FF8E5E205DFDBEB4A
:10EAF0001BFE0AF71109BDF9000E0EF4CDFC10A69D
:10EB00001144ACF80C2E061DCDED46101BE6E0E6D8
:10EB100007001301090EF035FA200104CFEC1905A6
:10EB20001D120E10F111DD191D04F1F703D1E3F4EC
:10EB300015F3E8FE2D0416E1EC13E8F72601F0B01A
:10EB4000DF03050C4621F23D120E20FAEBEE08E938
:10EB5000C708F34232EC21F1FED5E6FEDFC2EC1A23
:10EB60000026C8F8251516C437F24DF20901F8320F
:10EB700017F10C022BFD08FCFCE651E1DDD3D1C2FC
:10EB8000A40FC902DF0F33E6FA1DEE03270F08A515
:10EB9000180700E1E3BA043401F3F1E3FEFF0A01D0
:10EBA000111F2802BD2FFFF81F10F9181A20133764
:10EBB000180338CDE2C1FC0BC3182D184322FBE922
:10EBC00030112CF71EDD33DB341EF3D5DB8C0C0249
:10EBD000DCF00B00FDF8EE2805E8F2EA0A088121D6
:10EBE0003C10F0048DE517D5E8D52215FB2A10F668
:10EBF00053337FDB15D0F0FFFB0D1004F71417E63D
:10EC0000D92B01062EDB09F8220E43051F15EEC68F
:10EC1000F917E8EFEDE9E1283C1412F2EBBA040928
:10EC2000170A05081EC8D60C1AE404D3023FDF1FDA
:10EC30000DF6354922F7EF12350A05E40FDEF8F735
:10EC4000FEE8D64E01361B14F8F7CF0EC52FF7F2AB
:10EC50004508D3331246F930F22CFBE7040E06F9CF
:10EC6000DDEBF40CF6402D0703CF083E2C1FF722F6
:10EC70001E31F6160A05F1E70931ED101324CEE72F
:10EC8000EF04FEE0F1D4A7B50C02E008F51E10FE7B
:10EC90001013F0FB06FC15E5401E001CB2F9C9F08C
:10ECA000AFD5F0731B19FE06DCDE230F13250831E8
:10ECB0009BD102F1F61BEE00FAF1DC3C2044CF00C0
:10ECC000CBE6001F0F04112304E2F81B1DF310E232
:10ECD000D3E4FBDCE61F1DFAE8F5F310C833E52F9B
:10ECE00018F3D955F3E0F5DDF21604E9D308F3166D
:10ECF0000E1B3EF81806F5C1AF0F35145FF0224326
:10ED0000E91DC2E7250F77F61DEA181A4CF53A21DE
:10ED100009131FF4288130EC0B02FACCEE1FDBB88C
:10ED2000F4DECEB5C1F91FF632E000250C23262C07
:10ED300018FCECFDCBF4DDD109E7F72D280EE81E19
:10ED4000130B100B14FFFFC30381F408EA020B043A
:10ED500032C7E30E0307E713E72616CC1CEEB11407
:10ED6000CA0EC1F3100119E9E51D070736A2CF202D
:10ED7000F903FDD1F2CCE8DC050F0B16220CED0DEA
:10ED800009C9E6F12603E3002B4B0C27F1F314E34A
:10ED9000DA0BED0934ECF6152616FDF91D210234C7
:10EDA00005DAEC3AF3121825E11907B504FEECD6A2
:10EDB000E9F7F53A420BE51024F524F2E917E71CD0
:10EDC00017DB24DCC5F21C1946E0EE26F8421428B5
:10EDD000C5162B31C6DEF1E20419FF0C229731B3C0
:10EDE000F110F8D4C0E73F01B9D8F2B718D725051C
:10EDF000EDFF0CEA2AC8150FF2DAE0D543C403ECA4
:10EE0000CA002E9444DAFFEF22E438F8DEFE56DE24
:10EE1000030DC5F1D5E2F60F03FBE2F1000EF6F5A6
:10EE20004AE3C7FECB1D3E22D60D13352D38F6E73B
:10EE3000FECEF1FDCE0718CFDBE2FAF10AF201FEB9
:10EE4000F9FD250EF91FDEFE33C20E19EAE7FEF8C2
:10EE500030D80F0E2D1109DCD016DB19DEFFFE01B4
:10EE60001DF4F718EFCEFF27650A0DEFCFE025E37D
:10EE7000E6EABD1600B90FFFEC18EE523213CA12C3
:10EE8000E0D301E3FFF4080513D5D6E7FA1944F6F9
:10EE9000E41104D0F7111A0A9310FB1A29EF69053F
:10EEA00000251AE5C7B2F23B12ED0F21DE82FB0707
:10EEB00033CEEEF3C00AED0FB90AFD43FEF7FB0AAD
:10EEC000E1D8380FC22A1F4A1FEE3D0AE1F91BF1B3
:10EED0003DFF2936CDE7F24924FC0211E5E6120296
:10EEE000F02C17EA0AE425FF24F0DB1CFECCFDD34E
:10EEF0002C2EE30D15D1F4FDCCD6F20BF90F013613
:10EF0000EC12270D19EDFDD1DD1D00CCDE48F61405
:10EF10004D211558252318210AF5DBC7EE0F0225D0
:10EF20004900FCFE06D117FD190CE60DFDE836EE92
:10EF3000E32D1C2EC9F2142649DC172D02F4D9EA60
:10EF400015B412481E0511F9E3F60AEBE9C9A80445
:10EF50009D18EF1607FBDD05C0F3F42204E22352EF
:10EF6000510204EA26AB3F240FC91DCB07042E151E
:10EF70000A2B34FC0116F4DCE2E30B36EFD130D679
:10EF800021B432F2E8EA15E7FEFEF830D8FF280B8C
:10EF90000B01D4F8D742E7F0C8FA0B14123444DA64
:10EFA0000534D82CDAFE2D17F102E60DF024FFEF20
:10EFB000FDECD50993BADAE10931F409071CF3ED48
:10EFC0000B151315C6EB3D7FE12DBFE0EF0B2710AE
:10EFD00001D201010CF3E41F1F10EDF81FCC051541
:10EFE000D06288F502C4F4E8062415D2D62106368C
:10EFF00049140302CBFA2AE300EFD7460FF612ECCE
:10F000000DEC2A25FA1431E6F9EED505243FDAC4D1
:10F01000A04BF8B7F9F864D6101307EFBD0000EE67
:10F0200013021CD9FB3509E40E240ECE0A33D44456
:10F03000D0DCF2D6FE11195B19131C06EC2796F9E9
:10F04000EDE147322430EBA9DE45D739ED5D01878C
:10F0500022DCD510083DDDAD41F91B050D0A811BF1
:10F06000E2AC4AF1EDF8FAF5F89E5402DBF5F8BC93
:10F07000F4AC29DFC9360A03BB1643D3ED36010AC7
:10F0800013110DC3B7F51337FF1740A3D82EF0188F
:10F09000282E041BE85FB011046B0FDBFEDE9B170C
:10F0A000372BF4AD000518FA10D2FD43EB26F3C060
:10F0B000F8FEE9CCF2F91A3E0E38FF08E11DE5BD75
:10F0C000F63FF706011311EBD616F6CDF81F03EC49
:10F0D00010EFA04CF3FFEDDAC4FF18E8DBF8E9BB52
:10F0E000090316DCD10C24E41634DBFF1AD9C45A08
:10F0F00010FFF1E1D4FFDE0809132F910A05DFCAE2
:10F10000F11E29D81EDFD4CB210AE907C36BDD200D
:10F110000CED34E10A2DF60105E502EFFC1EE901D4
:10F1200016ED02F5E117041BA8214E0836E4BD04D4
:10F13000ECDF19F2203B92026235DB2404082CAF8D
:10F140001154CA04D4160AD9012C33032962CD29DB
:10F15000EA412904F60CFC241F39D31F44F3F63F7F
:10F16000F2ECDED8F3E5E8E111D601FBC7E419E1E2
:10F17000D8EB38F7D4DDC9C4EA1C22F425340BF5EA
:10F180000DFFF6F1FCF2A2210AFEE2EE2F0AF42FA7
:10F1900009EDB892FAE1E201F6CC36AFDBB40E37F6
:10F1A000F6C2CC1A14E2E122292C33E14B0503EC20
:10F1B0001832F3200DEF21ED12D9CD19CEB1E7228F
:10F1C00025F51CBC065AE2F3FCE8E24FE8EC01E747
:10F1D000D916F329CF23125914F10BE118DDF441AC
:10F1E0000993171B35D2FA140A15F5DD5018F325CB
:10F1F000EDE6E521FBF8F5FBF605E91EF80EE8C99A
:10F200003142E7541D1BC106E7D72D18B4EC111588
:10F21000F4254EEAD6F2FA78EA0FFBEC10E60E027D
:10F22000E803102A0F00F2FCF526DC36291ACE3945
:10F2300003EE53E310DB12B6C9F954C6F6FC21F015
:10F24000FF0DF60C273E0E28ECD3F4100B03ECE177
:10F250000A12E912141BC4C4F81B213C232B2106FB
:10F26000F5D4E1FF1CFE32AA13BB2F40BE1D1F22A6
:10F27000F714E3BEE021DB42F1F80E24115D05B680
:10F2800006F3199FEAD3F019122DE762F97FEAF825
:10F2900001E105142E140DE2E5DAF206E2B0CEF932
:10F2A0000925263809292CFFF0DE2ADA2BFEC3C6F1
:10F2B000EA27AF13082FC30B0D3100FB2606AA2344
:10F2C0003BFEF2281C1ED614FC2A2747F02E53FCC6
:10F2D000EE2DDAEE0C2BC532EB180DE6EEF9111A15
:10F2E0001426510E03ECCEFF04E7DE16EB1F15E7E4
:10F2F000E5C63AC108E511B8DCC916E7F7100552B2
:10F300001C3DE50DE9D5DF02E0C9100EFB3711FB0E
:10F31000F516FF1CBF6C2206E60326300633DBE041
:10F3200017ECFC38DD0523E5DD18E7DA0FD70A17FF
:10F33000D29C1404B618BAF53337C0C4DC290B19B3
:10F34000E5290F2AEFE9080206CFECBBFEC301E86E
:10F3500009A4E0B9FF09F104F6190534EAB7DCE9BC
:10F36000E9CEF2E7F83DEBEA0F020E24DC30F3E0E1
:10F37000FB53AF0AD2DAFF2603E0C91EDE18DF1FF7
:10F38000F62AEC45E809F0E2F6124314EBE8FDF446
:10F39000F5F9077F31FA17AA0608C92FF04A05FCCC
:10F3A000F4F7A7B30BA0C30D01ECE3093FFB2DDD80
:10F3B0000B2C0A090FFAF304D7D8ED12200294257A
:10F3C00030CDCAC3F40301000603048F25064C0D9B
:10F3D000F202F6F521E6F2B10A18E7AE0A16DAD91A
:10F3E0000AFABC240E1C09E5C1E3039DF0000929BB
:10F3F00009C2F7410FF60EEED71C14D81A1F1C14C1
:10F40000DF182DE929F9FD520121394E0A21CBDB04
:10F41000180F2814EE022A0D0236D5FAEB29FCC784
:10F420000F1BDBE7E131DD0EFC22ED0B2DD94DFC8E
:10F4300024003B170BF17FBDD06A14CCEEB19EC403
:10F44000F04E6E35ED33D015E2E7E221EA300B5194
:10F450000ED3CAEE4503F5EFEBB9E416A57E1E40C8
:10F4600035F2A5E24527FD8E01CED0C4F1FF3C0464
:10F47000012DADFAF3E2F6DCDE15F716F854CD3FB8
:10F4800003CDFEE8EEEF3DE300FECA9930F7B8D8B1
:10F490000FFEE71CF6ED05EED7CBE3C90A11ECF839
:10F4A000EA0FBC2B01810BEBED35FA0E2BDE06A625
:10F4B00011EBFABD13D7EAF0EBE42CF7D80AD358D6
:10F4C000094F105128F015C142EF232C212DE539A9
:10F4D000122DCD173948C635F30DC3430B07ED1672
:10F4E000E31522CFD329DA38188DF1412335F631CF
:10F4F000CF1A0EBD080F0E3BFFF5993F04D6C9F396
:10F5000028AF213E2AF9FAFA492BF5E50638D4BA94
:10F51000E11ABF93012414401830F529341905CBA2
:10F52000F1F4F3363426FC4225CB18F3E5EFB30BA8
:10F53000EF00E9070543E522F4DBD252EFDBDA23E3
:10F5400009F3E50CE8D948D404D61026132AEBDEDB
:10F55000FEBFC3F3FFFF05F4CBF1C515ED082D0485
:10F56000283119F423ED0CE525B70CFC27F240F9FE
:10F57000210DF204F91AF1D3D24DCFF33A1500D58B
:10F58000F3B8F1020ADCC1DE19284F081209FA01AA
:10F59000E9CFC9FDEEFB0EED000DD7F8CDF91D1337
:10F5A00002DC2C041B650BFC25DBA907E80C2EFFF5
:10F5B000FA0FCFDC28141E39EDF929026230FF184A
:10F5C0002FB9EC1910AAED2ADDD5F310DFF1FA1EE0
:10F5D000AF4FECE7B2F01E0915FD2027C7F0FC0481
:10F5E00001F90F1901D601FFF32EFF093476D63C3D
:10F5F000EB09FB6D0EF826F21824F9E2E493DB091F
:10F600002417CFFA05E6CEEBFAD04B3770661DCB48
:10F61000F42101B5E44A1ED8E6DDFE100E0637D708
:10F620001A3263BC1302E917F6FF16480435FBFBD8
:10F63000FA30E7231E17DDF5CD51E401ED45E5F87D
:10F6400013BF2724F333280517AB05101F12CFEA89
:10F65000FBCBCC14DCD4051912D2CE23E7251BFD3D
:10F660001F301E04E4140AEDFCD32A1E71C207D118
:10F6700006EAD5E7E608E83223F62FFF043AF682D9
:10F68000FEFFDC07C714EEF81B10F5F4E12C052D86
:10F69000DDD009117FE60028E429092B0F2AD05C70
:10F6A000E1DFBE04DF01CDBB1E26FBEF2DD4DFF36F
:10F6B000FF1F1D0F2124E1F6DAE52840F5C3D3F53D
:10F6C000013248D613E725202DEBFCCA1D49F6C4AC
:10F6D000EE08E3F5F81EBEEFE3991D0F0FECEE1EEA
:10F6E000D52CD9DF28F1F4173BD7D4C2FF121DFB6C
:10F6F000F2170415160FE7F300E9E802D821682392
:10F70000D9E716C2B517F10211E000F1F8E40DC116
:10F7100026ACD63716DFF713FEEE04CA0708CDF283
:10F720000FFCEE26F1A9E917EF27F5E237DD38EBFC
:10F73000043855E4EB24FD250AD4ED38F420FBEC25
:10F74000CD2709CE05D0E9F4EE17F2102FFF35F4DE
:10F750001703F745EBCCF8FAD30D11EFFC411D1F51
:10F7600006ECECD9E1DF16E4F6D00EFC633EAE19F0
:10F7700054CE1E0A4B0C0F0E260BE91A03EF0FE2B4
:10F780001E1F16F41BF0F5D81939DCD3DBE3DDF9C5
:10F79000E968C6B0B18B0EFB3A37DFE204F7E70544
:10F7A00003DA031708EADDDBF6F5F2DDF8CC31EF1A
:10F7B000EBA2F3DB150EDFF008D22AFE081ED3ED14
:10F7C000290EE02F22192121E0D6012029F9FC6B16
:10F7D0000366BB2031CEEACB3E17F82E262023123B
:10F7E0002EDEFA0DF817283A19EE0C371605170316
:10F7F000D334240CBD44CCEDFD29BDE5E7012C300C
:10F80000EDEBF210DDFF03EEE4C1322DF738CA1D37
:10F810000A12E4DBCD07F8260DDA4110EF030025CC
:10F8200004FC9FB8BB0B0805F9F1B10110F6E20723
:10F83000122B32BE5000DC0DB4F6D2EFB7DBE5146C
:10F84000F9DB0D20000BF8ABEB48117FC4B149F296
:10F8500007F70F0A190C560C22EA031D0336FF0C9A
:10F86000532BF11C1138531605154000CB24DBCF68
:10F87000D3EFBD24C5B53B1A2AEFDE2AF3C5FB1D25
:10F880001006E2FC67FF01221F241505F229FDDEA8
:10F89000511CDC27E3F4FBFFF0030A2AD609E8F445
:10F8A000E908B6ECF34EBEFB1C0E0F2AEAEC1F294A
:10F8B0001E202F0C0EFEE41418FFDA241C27182239
:10F8C000AC04DDF3E0E71435CC06F827460816DF74
:10F8D0001B09F619C62D38ECD82BE32D17CC9D1C2F
:10F8E000D3230C16007F040214D9CD2E042B32FF33
:10F8F00023FA06FCDB1E2928C1F0CEF48112FA435C
:10F90000C91D29DEEB26260BC1F7E4E9AA0E31EF6B
:10F910009D16D71292043219320B3C2FBD1250B5EE
:10F92000F97F0D03C9DC0806D614111CEC1A310549
:10F93000BBF2F1C5E00BD71F0823551EF3FB3DE5D5
:10F940000D1E3B77EFE72902C929B996D1FC4A93EE
:10F95000F902A4EDC106D10012FC1EE8DB06BE05CB
:10F96000252B3E46103CE50610DC2D2BD31EE50D65
:10F97000B1D1250BA9E2212220D9180101CCFEF337
:10F980001FF5BE2BCA0415F31310E5001200F10C8D
:10F99000A6F717FB03DB473306D8DDE8F007EA14C8
:10F9A000B6DFF1CDD61DFF1858D20730E0FB08F8BE
:10F9B000204C45D8FFF82E0F1511150AD5F2530724
:10F9C000F8F2FCF4EE18CCF3CEFF81A2F7F9EEE5E5
:10F9D0001931240C4BFD750ED717FE041700D1DD2D
:10F9E00055F3F2FECCC035200ECF140C93E346F352
:10F9F000F8FDC2273EB803EAD0F1A100FE9C0D93AA
:10FA0000F00117C701091DF1BF5D1F0EDB39233D52
:10FA10002A3B17EFC7D8040A0FF6D61422ABE51815
:10FA20000F36C6F6FDEAAAECF7E6F4F340F506FB5E
:10FA30009904E7E600E247FDE0F6DCFADA18EBFAB3
:10FA4000E4073A22F5AC1D1BE5C6D2D13316CF062A
:10FA5000D60805DFDCF226ACD008BF05E32614FC8F
:10FA600009EF1C290E0AFADFF2DC0ED208BC6BDFAC
:10FA7000F72BCEF53223F32649F4450602F40F1F87
:10FA800064F0154129F25A04DD00A19EDFFB16E562
:10FA90004DF4D708ED0B29ACF705EB1FD71E1CC39F
:10FAA00056F52078C7FBF5E5E924E2DC302AB4F905
:10FAB0001007193BE508D1071FF71D0BD2081CF3EF
:10FAC000B007CE2BDFF8F009EE33F6E4DEEEEB1FE5
:10FAD000E045330A0B22E208FDE8E71724B134EDD4
:10FAE000F4FBF3A7F8F6F6F1F012D41119CB24FFCA
:10FAF000E9FD2D131305ACF181F1100FFCCE49F196
:10FB000019EC049FF4E1A95E2430E72AC7E2DE0E77
:10FB1000B8342922F3F95E3D0CF5273301312B105F
:10FB20001118F1D0131D41FB1001F656280003EC0B
:10FB30002200180C02FFF524ABF4E03AE10DD2FBF1
:10FB40002816DBF9F3F86A2DF6052BF8080E31A319
:10FB500064E8F609DBE4171132056D152209640D1E
:10FB600015FB0CF2E62A1D00C5FDEB24D612ECFBBA
:10FB7000FBDFAE2EE21A1AD8C80F28E42914CF11E1
:10FB8000FE0B14F5D90F07E6531029F941FEF5E1F4
:10FB9000B40116FEFCFFE0EA20320218D82CFCEA81
:10FBA0004313CDF804151BFCE403D0F105FD24F943
:10FBB00063350A13F21521861C2A09F1EDDE25E9C9
:10FBC000BAD8EC3DFEECE92FCD0911A61C1AFCE9D0
:10FBD00015E4CB0507CF0FF5D1E7F904CC3A0004C3
:10FBE000BD1AB61BB6EF412F3512F3D01A4A1F0EBD
:10FBF0001C044B1503F9FA18E6D807FA32F7E4DFCC
:10FC000033D010E126EC0BE7050DE8EE5827FFFC9A
:10FC1000FAD8570FFBF848F6E6D2EC262DEFE0EDC8
:10FC2000D01D2E01100A0A4504F8F54ACDCDCE0D9F
:10FC3000F633FA3D086012CAEF1F46F0593A3434E1
:10FC4000E0CBF211EB3CDAE324F8138321D92FD374
:10FC5000EEFB4A30D4D70D0A45241328EE08C722FC
:10FC6000F5EFCC11FA41CAFEE8F411D60410EA14FB
:10FC700049FC058101FE56310A0A3116255708084C
:10FC80001DEC43CFFBC3DAE2D4151E09F1EB02F8F9
:10FC900017E3F9C0EEE220EC04DA1B02DAFE211AC7
:10FCA000E4FE2EEE261ED3F3B5021BFB15CE2E432B
:10FCB000D5EFE9E440C02A103B2298DA140619185F
:10FCC00011F529F4EA002BE9F3F9E43E00F7493D88
:10FCD000EC0FE8EBCBED2DF6FFED0F362BFB28DB21
:10FCE0002F1DFEE9FA3CE3111EDB09CD280D921B06
:10FCF000F01E2A1B0BC5CE1B1D0EE0E412210401D1
:10FD0000F6FBE5C100044ED508FA013F2209342E66
:10FD1000ED1A0EB73BE4F21ACD063D010FC8CBFE3B
:10FD200009E611BE16D812D10E200A14FD16F6EA05
:10FD3000EC16B71409E79FE50E0526F00BFF430EFE
:10FD40001608201FD5F7F8F61014CC06EC2B29E87E
:10FD500008302431151A9DE4FB2394FAF6AFC5D878
:10FD6000F411C9EB06280D0E0738FE500DEB26E7FF
:10FD70000902E0C7FEE417092311FB0A29342AED22
:10FD80002B13D9BDF32117CD34DB06F2ECDAD9D22F
:10FD90000125030FF7F4FD08C61B00FC3DEF38E812
:10FDA000EDF6D6F7F6491DF109EA31EFF6FBEFEA79
:10FDB000100BD10A23FDB806FD39D618B3252EFF46
:10FDC00022F1041718C53D18110402102BF710D7A3
:10FDD00031C524ABA7E60E2247ECE20021BC22FD90
:10FDE000212681021D14352EDC15EFFD96D115E874
:10FDF000D2FEC8EBF0C9D2D1EBF9FEF3F8F914D773
:10FE0000E12F46C5C8DD0A113835D11CE4F7130DC2
:10FE1000BBF7370063D0C504FD1103F70D0D3BF0B0
:10FE20002BE6212B2C01D7D4050FC5D0FEF802F00C
:10FE30000BFCB1E51819F917F8179BED3C42FD08CA
:10FE4000DC40B92A120BF601E806E6FFA0FFF91C18
:10FE500018DF341F0E13D315124D29EEF8F9AB201D
:10FE6000C11FF21FD2BEF42F90082622DEAED6EBC1
:10FE70000C1513E63D02F60004F706E6CCF548F84B
:10FE80002D09E9EF0BE743E37F33E6233EFEF83825
:10FE90001AE7F825D5E0DB5B1306E8BBF1390D1A4C
:10FEA00037D9089711F46BF8F139B3FEFB54E933F5
:10FEB0001C1B13DC02C2114D8CDA4C05EEDEE90C82
:10FEC000FCF02768FEEBF3F0E822A01C1916E520F1
:10FED000FABBF0DBE4E1341802F5F2B0FFE01A2FD0
:10FEE0002F111AF3DEFE0E24340CDD08140D63DA34
:10FEF000A6EB25DC0ECED71C1C0EED1617FF09C293
:10FF000041E3D042C6CEC9F4CAE228A8F2C693DAC9
:10FF10000E1812CC1B2DD01C0DE2230917E7DE11A1
:10FF200038021921EAE9A6009A0309ECCD2525EB50
:10FF3000E90CD40682B9CB0218812329E136DB16FD
:10FF4000F7292102380D2C26CDF8D0EB29F2030435
:10FF5000EEF61AB23339C7D2050ADC0EE02F3008AC
:10FF6000E70D0223F454D2F0E5FC26B8F7E9E6F3F6
:10FF70000532FC100FF138DB1429DDCA252505CC2C
:10FF8000F026C8117F1A1BB2BEC7EB02C8DD030200
:10FF9000E305C63917A8FFC550ED1B08FE5FF7E360
:10FFA000D331F31D56ED4CD9FA1F98F30714BA0359
:10FFB000F11534D48CE64825F0DC07AD19F1070CB7
:10FFC00047FC4C20113AF7D323ECDDEEE5F84CF377
:10FFD00027D832FF351B100218E002D7BFF6E427FE
:10FFE000323B9EF435FA18210CE22C45F802A7F6B4
:10FFF00028D906DF050F2B0AF1E92F0D040925D2B8
:02000004701971
:1000000001FCEAE916014F10B5DE11FEFD14E3060E
:100010000FFAEE140A9741DBCB0D4C0FEFDF2A00ED
:1000200041D6DF3DE845E500BAD624F0F14DD5EFE5
:10003000B6FAF2E8EC10DED27FFBD3EC00FBE8E38B
:1000400034ED3FF8FC0ED60F3314C3040424DE074E
:1000500004CE0329F6DC7F3211EA0BE8A6E616305F
:10006000D615EB020B1CE1F0DD21060410FEE6F1D3
:10007000E5FF65E52CD1EEF0141C3D03F0E40A46E3
:1000800025C5FC0AE62C202065E9C6E4174D0FD2F1
:1000900005EEE31CD5F61ECCD67F08F97938C335BA
:1000A000FB080EFF13F50FC8B608BCF1F5FCFC0702
:1000B0001CDDB91A6800A6021E00E1000AEF450F18
:1000C000D813F2E1E9CD10D615BDCFF30B0CDCAEA1
:1000D0008BFBF10EEB15E3E826CCE90C2DFCF1EDE2
:1000E000DA1CC40B1ECD130DE9EEFB813F14C3D502
:1000F000CD052112EC0408B7CF0B17EC01FBF6F588
:10010000F80715FFDF28FFC80CF0FDEE2C17F60AE4
:10011000FEBDDFFA4AD82FF430F43E04240E34F941
:10012000E633CB06DDE91702E1F27DF7E91711BCF2
:1001300029F7024DED0D410505F965180D2BF6F770
:10014000C21CF112F0FF00625EF60002EAB306E69E
:10015000CB120AF61EEDD6C7DAFC2EF60514C7B987
:100160001C050DEFE51EE7140E090F1D0E2305BC3F
:10017000FC03FFE5F4093C069B060E13E74F35CF61
:1001800020DC12F110EED0E03BFA14C2E9E51304D2
:10019000FBA7410D81DEF581AFB7810531E724076B
:1001A0001CA3F3219FF23609D7FEF1E9FB0FF701FB
:1001B0002AFE33FA200D3444311F9EFE0B1501FD3B
:1001C000E3D51AF80B00F0D8C5272DD2EFF40BE5D4
:1001D00024FE8EF9ED05CBDCFFF1CAF304F2C9541D
:1001E000E41C9F100501021ADB170041434506F588
:1001F000130FDE0DF61311FC0D16DDEC1AF2E3DD24
:1002000008F2D0E5172100D4291C3F1B0FF60BF68E
:10021000FCBB150B8BB5E019E9F6D9EA9F0AF8F992
:1002200031EF3D04FFFEF3F0EBE8F00DCCEF3F6162
:100230002FE8980DF8B8131DFD9A6AF7BAE274EA30
:10024000E2FFFF1215F6FCFC10070DFE1BB824E4BC
:10025000FEC00B000F0A1202FC0D191B115DDF1C02
:100260001A01F0F104FC1F16B417FAE8EEF0F6A636
:10027000E1F0EEE0061EDAAC0D0DE40FF811ECD162
:100280002108EBF8191BFDD2D1F4E1C5FEE9F817FE
:10029000F40FFAFDE6E62335E009BF0515F9E03174
:1002A000B3011E0A0CEDFB20ECD3FF0252D8A80FBD
:1002B000C51200DBE3100D141BED2A159A280FA1BF
:1002C0001108CF10D941021205DBFEE8F537F4C85A
:1002D000EB08F200F5E4E9F000ED24F21ACB121776
:1002E0000820140DED2529E31A0E5F04391CFAF6D7
:1002F0000E2DD8EEFADEE6FA2CFD65F4021A1494FF
:1003000002C9FD1E24D9E31E3F0DBBF425D00C0904
:10031000F82BF7E2D11100BEFA022C000DEEE679BF
:10032000410D2414F5C7BB1EFCFEBDDF03FFDDE05D
:100330000706062514162528C5FC42EC001103FA11
:10034000280E2006D4A91A1DF208F81418E7FC1785
:10035000290B0F41FE052A39340B9AF100D3FBD447
:10036000F9F82604FC3910CDC80040FA0BD6F02964
:10037000EB18E012F79DF21010FDCC1C24D7D7012A
:10038000FDE63D0E3A00E8C24AFED00326E1EAB59A
:10039000D0FFDDF9EA4EF004B5F96724D46B0DC047
:1003A0001A110521DD1DFA1A011F3CF0EAE7F915C3
:1003B00012000A031623EDB9DEE12C11F232F61B0E
:1003C0000E0AD5F4020CEC004823B8EBE852FBCE41
:1003D0000005ED181AF70832E3BCFED4E3F007D4A9
:1003E000D2D610E3F21D2AFCC80712FC360E3818CC
:1003F0002E0629131247140B00E106E7FB813D1E70
:100400002BF7ED044A06E35C2F129A0516EF091F3D
:10041000F4DC58F8F8EFE446E7B2F1F16AC716D910
:100420002406811D2C1BBBFE1514C9FCE3F6FEA09F
:10043000FDF540E3DD01302E19810407F881B1029A
:10044000F516F1EA121F0981ED060CF61A00F2FF0B
:100450000BECECFE38291414F3080C0FF1FDFEDB55
:10046000F811192CF03A032CFED1F2271A3A011E8A
:1004700020F9F616CBCF080000ECBFEF0417C9ED4A
:100480000CF92403002F00550E451836FE22FEF10C
:10049000EE194ABD0809D9E91B3B00E2D136FAE260
:1004A000B21A252A330831D8EBCB30E1FACE270730
:1004B000FFFE2E3548F5E9B1F809A53820010CFA00
:1004C000EB1A69FF030C3832F9D3FE0FE3F7FC8B0C
:1004D0000B3A3103F2172213F1EA2B0E73012213A8
:1004E0001623FACEF5EE1718E7DABFE181AFE10F78
:1004F000BA2F10F1E60A0610EFE0EACF37FC0FED55
:10050000CC000F44DDEB03E83428121350FA0EF44C
:10051000E6ED17FAF90229ED1209E216F4F1FBEA09
:10052000094D1C1227540926BC28059DD52DEFF72F
:10053000141541EBE4F5140008D6FBE63B060DC5A7
:100540001FDE6063EF09DB2E7F230EC55910E638EE
:10055000F5E31BA1C70504DCE52A49E5C008F3065D
:10056000E60B022E47FADFE70736EBE10A2ADB400B
:10057000E9E83DB1F509182BE0E6FBB5142C3B5634
:1005800008F032EDF804F705FBDE9301BA13092BEE
:1005900006D0082124D21BDEFED8132F11D8170154
:1005A0001FE651FA2C060DFEFFB32DD7EB0FE71B0C
:1005B000F2F4E9CF1A071A08F90DF7CBB0DF1E1ACB
:1005C000E6F6E4DBEEF3FCA0FE29E80BD8193B2CA1
:1005D000011222170CDFBCDD1BF3ECD60F03F3E78F
:1005E0001F1C2ECBFFFE30FEFD20FBFA9843EFF0E0
:1005F000F21B0BFBD8F92118F0E417150CDEE60806
:10060000E5292EEBCAE114001AF5F4144802C2F6EB
:10061000FEC8C20FE2DA1FFC00E90517F1F3F3E6AA
:100620002E18E6F6E108F0F20517F42DE80304C6EB
:10063000DEE22BE75B09F1FD080EC0F7F2F6F53FAD
:10064000F40103003E1B2DF700F6F9D4FCF5F4A4E9
:100650001609F7123C02F537E709C3EBD2F17F091F
:1006600029FCFD121F0FD405F0E414EBF04CFC063E
:10067000CA1127F2270F0AE4E7FF39F3CC07EBD0C2
:1006800023E5FEE8F83B04F402AA27E226DDF8C3DE
:10069000F616CF7FF4FDEAE61A4EE414E1FFF91BEB
:1006A000790B281C11E4011004EAF701090814AEC3
:1006B000F6D2FA2FF9E8D9F01949F6F8342C1531A9
:1006C000E6F52BE2E4F5271BDB2C0B1916170615B4
:1006D0001A01E9C731130203E1FE15DED401D81D6A
:1006E000FCE002D5D602B80139F80C346723AFD349
:1006F0000B121EE23025011BD1DDE3081F3ACC09A5
:1007000000F722F2CDF107E7EB1BF118F6EAE4342B
:10071000DFD7DE00CA003108191105000904E8D648
:10072000210320312E1EBCF30AFFDF40BB04DECACA
:10073000270902B1561DD902A2D231D0E0E34414F8
:1007400004FB9948162BE045D8F0ECBD1611EF1DBF
:10075000D9E505D623FA0903E6123B0F2A19F8104A
:10076000F5DCD0ADF51F27103B1DC2C504ED941973
:1007700007BA5BC904F5EF00F2D43DC65A171CDB7B
:100780001E29E3461505BBF1F6D50CA623FE36F56A
:100790000B21E40E010BE2F31B192C1BF0183104A2
:1007A0000712F88232170B45112701ECBA39C53B05
:1007B000F31E27FE4FEDF50E1F11E3E8F731F109A7
:1007C000F3E70BECD10AE1F21FD7F101FBFF03F7CE
:1007D000EDD6240CFD0603030CC02AF73B99232415
:1007E00023F8BE86BEFDFED1F4E53E25240A213B5A
:1007F000FFFB02100B02410B1AF1E12A0FEFD9B2F5
:1008000001E31C0834E9DFD2F7F1F8E9EF0AE81256
:10081000FEED1AC2D1FCCE9CF201E4F41FDB2BF3F7
:1008200000160D1BCDE8F352D911E2CD24EEDF14F2
:10083000261015022308DAE93C03D3C314D425CDCE
:10084000CEBC060CE5ED2CFF14D732F110F02F14BE
:1008500009270510EAF0D619D916FD1C3F01EC1145
:100860000204FA14EE09E905FA10BF900E14FDC84F
:10087000E5C7F9E4121628F815F54AF40C0838E72C
:10088000CAF601E93203E21115D2F016C3F91A04CF
:10089000BB18CBDA0510C3D7E8C7F20FDAE7481464
:1008A00018EBF50609EBDFC7044A1B3481E3051892
:1008B000CF8101E4B311FECCCA200EFF0F1020FD42
:1008C00006D381CCC9F10FF9A4D9FB0608E72BF5B3
:1008D000CB07F22403DAF22C01351501FA07E6D72B
:1008E00007FE0407F9E3E21D5719C981410930C425
:1008F0007AFE141AEEE5D5DDF20EFE1C95D8252BF6
:10090000C511D40010FCB4F5D716B313F8210301B8
:100910001AF707F5E20DD8FBA5EF090FE6F3EE0095
:1009200006E40222FF04C8B6C257F11426D28FF99A
:100930002B0A02022EFEF90A9344D20129F436133F
:100940004D00E71B2C71E0F609E7DED21EF623CC42
:1009500007D0360CF312A4EDF31FE32618F0E1FFE5
:10096000548DF50C00EAB1DCD431EDDD4702F11015
:1009700041D302F1EBF7E019D7FE2B165CCF3381A0
:10098000FB2C0FF615FDCAE8F540110DFCF73806F3
:1009900004E41BE52D0FD60B0C120CEF0EFFBE125C
:1009A00027DD0AF90E08CAFBE709FD0CF31219E668
:1009B000C2D5F5F1ECED61DC14E6F80210990F16E2
:1009C0005E28FCFBF0D6C2ECFED42D08B2FA0B1B5D
:1009D000B5CBF404B6EDB0F495CEC7F401030E1612
:1009E000D2F3E6EEDA06E8E012C62DD5020A2F2F82
:1009F000372D2B12AB11040201FBDBD0EED62734CE
:100A000007D9FD47CEECC91415D7EA39D41510170C
:100A1000F13C03032F12BBEEF61EF808FE09A20CF0
:100A2000C7E2F71CE5310B0B13F00B1727FC9A1BE1
:100A3000440F35D2FBF731F81252E9E2040D382E9B
:100A40000FF4F6EC1CEEFCFEE9610500E500B5EEE6
:100A5000FA05010212F908D61BE640D82AC402069C
:100A60002CE9F209EA1753E9FE1B0CE3E306F8F957
:100A7000A42CD10A15D5D3BCE0CD46FF25F0AD4658
:100A80001F1BADECFCEE0E06E1F6F908C12ADED123
:100A9000C4C4FDE707201DFDC405162ECDF54E1B71
:100AA00016430A1E184FF91BD50FFDE221FEAFDBDE
:100AB000011108BDCFF11DFEB03B08F826FF0BFA6F
:100AC0002AE8ECDD33FFF9231FF4AEB1371EDDF267
:100AD000060C0320EEDC13FA294816FF403FF0E332
:100AE00034F7FF2F10190AD8260CF1F41463F3E23F
:100AF0002D22CF080EE2F3A00103EC1CD9EE0D2647
:100B00001AFF2A301017A801C2DC05E60DDB5F05CD
:100B10007F183CDC14E30EEBE70E0F2BF30DD6032E
:100B20003FFC17F1F7372421CC0CCAB0FA2A2EF07B
:100B300024BE24E401FFE7CE08D3F30922C510DF69
:100B400091E916040E2C0000E70B11F506D319FAF3
:100B5000F7C40A0B00E52CFC41B5D5FB0003FA00F5
:100B6000A3AB01EA0AB924FBED5EE2DD537F810B02
:100B70009D0FEAA828FC49D6EB112805F2E629EFDB
:100B800034770BD7022B41EF1911E2F9CFBE36DBD8
:100B90000DE71027DFE00C30BA1AFC22252AE610F8
:100BA0003DDBE02D31907DFB144B04DCCA0BF1E3FF
:100BB000C9D3021D31E6F4D50EF1140309021AEF70
:100BC00037F3F52216D7081AE3E3120502EFE4F52E
:100BD000F9FF1BE621C70F1AA51A052E08E2D8282F
:100BE00054B7E31BFDD7EA0FDFCB09F13000F01556
:100BF000F0081828FECA21202371FDD80ECE5EE928
:100C0000D8D910EEE8FB44144304301DDCD918DDBC
:100C1000D4D3F1F58DF210F3B0AF1815DB0607163B
:100C2000C4C51EF5236FDEB5C22C118107CCC71ECB
:100C300005DACBBDF32301953342BAFBE04735FF1C
:100C4000E3041E16F4F10CDDD608F6632BD0E9C3DD
:100C500000F5F0EE0036F0191A0EFFA45E0C291014
:100C600023EE1AE215D2420AE0F2190AE97F41376F
:100C700008DEC255F9D4043BCFCF2307E633382929
:100C80001A48D2EAF6DC1105D01FFA36E4EC02E38A
:100C9000E6F3DF87F00D042CF9C5F935811527102F
:100CA00019F90FA105C7084CED1DF2A5020CFB1F99
:100CB000DB2069EBE8E9CBC4BB209EF9ED1EFFF118
:100CC000132DF7EBAFDEE71CFFFCEC3A10F6EFE676
:100CD0000DA2DBF326298901EE02E9CA2F6338E46D
:100CE000EFE1F20EE23A0CEAD732AA113BF61BE032
:100CF00008A30188FEF52900FD27EE15E5100988F7
:100D0000F2F6E7AFE2E8234E085BD21DDF4981131C
:100D10001CF716121CD4DB3FE24D10F7F023F5163A
:100D20001EA4E5D4EC53F517DCBEF3E547DB20F554
:100D3000062FE0162110705E0F19111311C6F10A6B
:100D4000FB0ED9F90229E96405ED0F2CF71ECE76CA
:100D50001FE6F9F6380312F62E200AA01E59DED738
:100D6000D05FDC35F4FBF2710AE8211904FEEFCC08
:100D7000CAFCE8091CE721EBF1ECDFE358476215F8
:100D8000DCCD1CCE673DDFE5311D05131CD929F0F4
:100D9000192D29030B21CEFEF42BFD001E06EE08B3
:100DA000E232149B233205E80A218138CD294AD842
:100DB00010E3F9D1492D0305F622083FDBFB5AC3A6
:100DC00002F9D7B4F309ED04FB431EA0CAE498E48A
:100DD000E8BD1BDDC7F49CDD819D11E03CD7FE4BD7
:100DE000F481E9F114ED03D4FAF7307510A26FD055
:100DF000F7EBFAE3DD3F161B1513C5410DF417F2AF
:100E0000FA15EE5B0A399DDAD8F2FC5ED747E208A4
:100E1000022BFB1FF922E11AF61C25BB2CD8C6EACF
:100E2000E86909E3F5FC242D303B0EE2DE1708C02B
:100E30000C012C5CEF1DFBF7EFF4070F24FA9DF378
:100E4000C7EBF80B06091824112D0DFF2AD7112422
:100E5000F0F00B3CF8FFD622E107E9E7EEC64A09BD
:100E6000F2E700EA3AE99A3501030FDEFAD64BE1E0
:100E7000ECCF28C62CF7A74CECF5E03DB51F2407B6
:100E8000B25AE72F1B02EF22262E0C36DCF8F5D6DD
:100E90001BE1A53B1E0B64F612D60B020DF4A6DC7B
:100EA000CDECF0FAF4E9E17ADF1B1FA118EE060998
:100EB00001B92A451221DEFD1B3BFBDC090818DDC8
:100EC0001326F319E9DEF5CEE51E550504FFD1BD65
:100ED000F301F811E34EFFD0C902F3C52D062A0F26
:100EE0001A127C13FE92504D150E1EEC3228DA0DAC
:100EF000029FF006F40047F9F14C2BDBE2B5E898CD
:100F0000004033C821EE33FC0ABA2068100D0DF9F9
:100F10002AF2FDC7160331E9E1C903F6E92114BB42
:100F2000F4BFF761C7E70736E321AADFCB3F5CAD2B
:100F3000EF0A301735284F062AE102C6FEB3A45A3D
:100F4000E00CFA3616D6FFFF009416FCF52A12F7CD
:100F50001BF51F52ED3916EE23080F0E0DF2EB3A7A
:100F60003AFF0B5802D8F8AD155D09D2EFF990534E
:100F70002EED2EC2DC36FB48E42623FCDD2B3EFBA7
:100F8000FB170A1317E10F210BF8E0CEE2F7F8FC8C
:100F9000E50521F0E1E3D4BA2B9BEEF368EC1CE607
:100FA00012F8D5198904F4C0150FF7212401562829
:100FB00005FBCC02244814AFF4F50AD935D30BB89D
:100FC000DEFFF915F8FBAD181FE63638FA0859624E
:100FD000FFEAFD5813DF19EDFA53FCF01D13B43886
:100FE00006E002D14608B2152FE4FFD309DE30D95E
:100FF00006D14F14FAAB1AEE40CFF007F7EFE21A22
:1010000056FD1738E947241EF3ADC907DF62E481B6
:10101000F4F7F80346EAEAEBCC06C81B1703C63719
:10102000E100E5554C0AE21DF5FA1C1D110225EC04
:10103000DC13F2FA1032D3EDCFEACFFC0DFED7DC91
:101040008E23BD05F9E80F1912D6C1D4D01A1C0899
:10105000DD19B93515EEDF22E1AF25F819FEE745B8
:1010600009DA4FEFF20728140CA40EA521EEF11AAD
:1010700052CBF6CAE0EBABFFFC13DD25EEE5FD0D30
:1010800036FD07E7EFE5FCFEDC2415EDFC0D271E21
:1010900006256EEB3CEEF2F81F24DFED0B1AD41F91
:1010A0009A4FD604E4070A111EDE0DFBF9F7E12B77
:1010B0002AC8D43FEBFAFD0405E2203DFD04D0E24E
:1010C000C8EC4BF3F30FDEEE540511EFEF0FDE0A21
:1010D00025BB89DB1EDD26FA1DFCDC02F0F4FDE2F7
:1010E000D81140FF45FBC718D5AAE281070D0AE2D7
:1010F000E4037EE7FBF5202F1631DB03F92BD11D2E
:1011000054D5E8F2E6E0181FEF49EB140D5AE1C39D
:10111000522BBDEEDB1307DD015D4017E50016F92C
:10112000D013FA10F60508FFCF38FCDCE7307FCF8C
:10113000DE0E0A061612C6BAB602E710047F040DC8
:10114000B2D603200A96CEE94FDAB9EF19D9FBFBE4
:10115000F6E63AF6E719FF00EC1B00C37FE0390919
:10116000D81CF55BF8D9001F2718ACDD1EFE242F14
:10117000F0F33AD52306A9F0CC28E5C0CF17F489BF
:101180000AF8C0F21430260E203016C9D9BDBA06AE
:101190001FF7F90EDBFEF7004BDF00FB11E02ADD45
:1011A0004C7FEA35F7F1F7FB138C0EC6FF149BC199
:1011B000C0EC09E7230B95EECACDE621FA6E2D02AD
:1011C000ED1AE91241262806ECEFE42B27FC0F7FED
:1011D000DFA4C7FC0BEAEB0CC6C3121D00EF294AC3
:1011E000E838471D0722E4F7BE34FCF2D5A744F7E0
:1011F0002823F6250FC6FAF8810733E2170AAAD882
:101200001BEEC02C32F4F906E728EB484312516A72
:101210001AC5F9FD070929E012AEFD0EF0C8CDEFA1
:1012200013AD47F204BCE6DE25F23D0B0B04472369
:1012300004EF151508F5F9FB1CF615090CFBFCEE7F
:1012400006E9EE44021A17CA3E1809F31701F10421
:101250002FFCFE14FC0ED5E71A32EC16D848F9180C
:101260000924E9E7FA0C12EFEFDC0802F122FEDFB5
:10127000F7A2242219E61C0F2500F52D19E427E01A
:10128000C931F7190D0D90D841F631C5F4F8DD06D6
:1012900013C41905D8FCD8FF3C5A093205CB021FEC
:1012A000F7CF81DE568FF810F8C82228FEFC09C659
:1012B0004401110200FF392F09D214F7D01CF604A3
:1012C0001202E7E53C2B0CDDC9F0C7FC0226080E34
:1012D0002B3653EB1E080F150DC0B9D8CAEB0A0DFB
:1012E000F11DEAE9FFB520F7B103ECD322C911FDE6
:1012F0001620C5F629010900F428CB0EF4F8C41E07
:1013000073FD4DE6EC05CC03E501191617F5052034
:10131000F44EFFECE82EFDD4DBE453210625F11654
:101320000AE2ECEA1A92CBFA00500CC10DE1F2B0DD
:10133000D60AFF1A5B1706051A1FCAD0080ED1E796
:1013400008D52BE841C6F9041230493A3733DB0E91
:10135000FA20DD2B0E0BEFDBCFECB3FEF5F315E738
:1013600020CEBFD6D725FC0851D111F43981F341E5
:10137000E4EFDFF355EBC0F303DD99FFE4150A0D4D
:1013800020CB23D0E8C3FCD01CCA12A4F427DB9FD7
:10139000EBB7C839D719EA1815EC23FA09DE370E6E
:1013A00006021821ED5806395CCAEFC5D734350955
:1013B000AABF3A1A221303F9E4FD0BF0D8E7EFFFB6
:1013C0005A92B33313131E38F0E017FDEC0D0AF6F2
:1013D000C330B10744E30E0B08E106100ED8E599BF
:1013E00069F0FE1AF43908D3FE19D535D703D3E0D6
:1013F00008FFE50BFBF9FC11191FF8EAF507A1DA64
:10140000F5F2ED010124FB0CF3E3E47E0C5313FE33
:10141000DCEDDEE6D90DCBEFFAB4D701FEFA0EDD36
:1014200044653607E2A9AB082EE0AD0BEB10F7EBF5
:101430001BCF91E928FE031505BEE600DBF40A0880
:10144000F106F9E9AD3133CD11EC143BB4F7E9EB1A
:1014500030E14C07D9E92E3D29242DC5CEFFFCFFF4
:1014600024FC9D31110B41F0D3C611F01E37E9EC7D
:101470004642D90FE5DBED09E1EC45BC54002011F3
:1014800000FB0BE822DE3840811D20F118A3021F6B
:10149000C2EEC2261B319AFD1E12BF1C11D6FCAC37
:1014A000AF17D809DA3801E715D8D6E52807C8EF0D
:1014B00017FF32F983F82ADB8C05050426EB20FCA4
:1014C00019F0D13B070582EE410AC224E0001DA4B9
:1014D000F900FCF51626F0ED14FC120AD9F2EEE63E
:1014E000D527E203010515FCF91CB7010F10131AEB
:1014F000F2FAD1F60528D7E03BD2EEE7E70316F47F
:101500001DD620EA5606B9F4D4042F1FF918E50EAB
:10151000F8040DD4E0DA0D3BE0F70819EE0ECADC52
:1015200004072DDF1A40E30A4EEE0FF7F02D2B08CB
:1015300019C4E016F002CCFA1406132E0C3238F857
:10154000BCFDF3F17FE2880B1EFED9FE42E23218A9
:10155000F70F94E0EC19F6DEE3F3D5FFD4FD20FAA3
:1015600028DAFB00FB1AA5F8F108BD0CFB0FED0A09
:101570001121E52111F7E50EEC135EB24D011BF7C9
:1015800000DEF41183EF35F6EEE91B4ED3B1DB3A02
:10159000351E193521E012B73A1EA402EBCB0CFE22
:1015A000CCEF0DF3B5F744122817230C34D92AECED
:1015B000FE1903AA992422FACCE9010DA8C9300F1B
:1015C000D0F111E20428120B4DFA371B04FEDF1391
:1015D000F4EE980B9B4612F1FB1AB9F8F50217DCF2
:1015E0000304310AEAE3F2FA32FA922A25F417E503
:1015F000EB09261F1601E40401E681F11DD523EA5B
:10160000C4201235FA14E913D700E8FA33E04E2269
:10161000C5243817D8F750BC09D30C81A521A8F3ED
:1016200044CD32182FB7C602F3FF1619020832054F
:10163000CDC8E4DAF2F12601F10567845B11354883
:101640000DC0C6D401FC7F022FF309E0DDF2FDCE10
:10165000D90D02F93F19286EA7E8E134F703AF105E
:1016600023E5B9D9F7100307E2FAFB18040FA90F15
:1016700012F39835210417FAEEE9C4F5DDF519E8FF
:10168000E215CE0EE9DDCC0B2B27E68F1739A5042A
:1016900001E80C4627EF2202EB1452F8D3E395FF42
:1016A000C5DF17DF283128FC7411AE023CF2288117
:1016B000170BD007F5F5D9EA21E21E1EE604DAF68B
:1016C00030031E00DC0A65FAC11AB3370EEBD905E8
:1016D000EABFC3E8F4D12100E4D6E6ECE9DEFAFD86
:1016E000DDFE14D2FD111FF0F616E2DD3FF223F409
:1016F00014E1FCAADE25FA0B2805B8E332FF16F444
:10170000E80C2AF4E8E936E5F814CE610DE8DFF3D9
:10171000F33252F0C1F903042ED2FFE9E8DFE10E03
:10172000ED050AFE25FBE3F418141AFDF10CE403A1
:10173000F3FDE93EDCFE16073604B7E41C7F9E0B82
:1017400028246E4342C63B1A1931F1D11C06C0ED64
:101750004E0FFB21F2F928FDE7EBDF031CFDE2E46D
:10176000D3162166E7EF2DF5FE7FD9046B1307ED45
:101770001B02DFFE0D43B51521351A0494EEF8FC6B
:10178000DDEBD7063421C6EA2CDEEAE3D11E100BCE
:10179000DEF910DFDD4B89F202B6F915032AE423E6
:1017A0007819C8FD0A120BEE3929251D482E26F19D
:1017B0002BEB2307E2E72904AF24ED3AB4E511F05F
:1017C000E4170B15F70307E418212329CC1727ED9D
:1017D000FAD92F0E06DE3314DAC503254206CD09E9
:1017E000FBBB000CD0073AE32CD4F313EE0F101818
:1017F000E81331260D1BF415451F10C250F6D10A0F
:10180000F3D6371BDCD613EABD003922FDFCEDEA26
:10181000EC208DD1D20D4FDCDFE50D2C11272E25CC
:101820009E2400AD0C09020014C109171221190DE4
:10183000ED0701E6BB35061A04C00A1B05E3ED2FD0
:10184000050C81C52012EC030ADA32E4E9F41AF33C
:10185000FB01190CF718DF1816E7122B2F330A11AA
:1018600008F1F402131EC515EA02FBF50BCE333A5C
:10187000F233FEFDE1FD1ED61BF5EA16E530E5204C
:1018800005E9134007E2B2F914171D2128C6FDE04F
:101890000C25410447C2070DC228310EDCDE1A06B2
:1018A0001803E6041BE35DD7E41122E8371506BDF3
:1018B000EF3126F2E62E9FD909B01012B9F0F7FFEA
:1018C00007F1FFCE350020F8B226EA04FB10B1097B
:1018D000059CEF047FF738D8F3092E07ED25E920A2
:1018E00006EC2A233211FE12CD24154C03D2D51F4B
:1018F000DD0CBBE95F1A2ED1CF0448E5C9E1F50D37
:10190000EF1AEC01E220141CC201F90BDF21150AC9
:10191000D8171A0FFA14E1050BE709CAFF59E50FAA
:10192000ECB925E2BE12611BFFE231D72424E3C5E6
:10193000CBB0EA1D63DC40C2EAEFE43A01021031A9
:10194000C51A1BFB150505FB1307FDE811B1340F84
:10195000D41237E8110223E3EB8127FC30F8E9F5D4
:1019600002F22815FAC1007FD9F005131CD2D5D197
:10197000290D0D011CDF181D35FE18CFFDCC0FE120
:10198000F41DCE102503D32F1F081516FDDE15C834
:101990000BF4FA04E92C09EF07C4F310250F29EC26
:1019A000022506EACB1205EF0FFB2B35DFDA16DD39
:1019B000E200EEF4EB2D0F3704B8161CC6D00CF184
:1019C00007EB1A01ED12280FEFE346B7F819F00103
:1019D000EB0E28B8E114BDE1F7F71BF0FD17490E37
:1019E000FED7F32055F1EDCDC4FDFC09132F87B6CA
:1019F0001FDC2D0B0BF3D7EB55D3C81FFFCA29E40F
:101A00009F05DBC2001BCDFD37D60EFEB7E8C61B17
:101A1000F5C52B080C63DBF111EEF4E7FA21111286
:101A2000F53B4ABA220F1E03220F1B0BFD2A04EDC1
:101A3000002C08F6F0E8F0160CF3D5EB0B2DCD0AD0
:101A40001012EDEDEE01BB0AF9F0F620EB340813AD
:101A50000DB2D3101D1B1B1A0A1BF503E433390703
:101A6000FEFEDA11F013C71CFA010EF535CF1B107C
:101A70001041281512241C2AE3050B084EFFD90D2E
:101A80000706151FEFC31BDFE1F233D3E609F7F4B6
:101A90000C1DC7E2101D091A0B0CA6E3452428DD16
:101AA0002A071F0B3E413C021B541C20EB4ADC2B37
:101AB00016DDDBD7EC19E0EC051708FCFCC42BF5B0
:101AC000E0241A0EAFDEFFB7D14CF8E7BBD50139E1
:101AD000062AEFF6EBB9ED3AD3D1F22747332A269F
:101AE00004FFF70408F735E93FF7F316E60C122474
:101AF0007FFE0FF3C5D9022118FAE522CBA7A24138
:101B000032DFD02ED526F20A3EF7D405DB25091E9A
:101B1000FAEDEEEAE41FE608D322D2F506F3F8E385
:101B20000708422CDF2785F45A1EE90C142F821275
:101B30002BF1D52142CDEFEE08C72A1E34121EC26A
:101B40003236EE36E71DC40E2EF1E80F3C01DC21E3
:101B5000E13AFCE105F21D0322C1D7122BE6193E42
:101B6000EDE1083BDF9923D1A014122A0416173D9A
:101B70000D32EBCF48ED01EBF246B203FAFEA8E1DD
:101B8000FDC42207FA172B26F9E809F700160ECF35
:101B9000E6D7FB81F9F7D0D42A3CC4D52B543E06B6
:101BA0001AF51DAF1881E941863421331EF0001665
:101BB0004B34EB07E437FB0FCBCF11E5F517F83CBF
:101BC000E8B72CF51D02D9F2FCA82C0AFB1121D193
:101BD000E2FB0EFAF0D4C203F006FB19CD08CE04E6
:101BE000FC14DFEE1DF80D0EC1D40A3626EA3F21A3
:101BF000D334FFEAE55A13EDBA17050BF905EECF1A
:101C00000BBC0520C6FDD1E7E4C0180BE4E5B9051F
:101C1000B1F81703F143C5FDFAD226182FFA81CE89
:101C2000F1EF11F2F1A3231CF920F8EC073E2E1D71
:101C30003205E8FA2F38FF3EE72FE513E68FCBB8E1
:101C4000C0F2D3FCF9190F3C162DDF1ED51F05BBC2
:101C5000231BF2A4E1EF07C903F4F304F61EDFEE41
:101C600049290D02F958F90CE61E3FFFF8F221DF71
:101C70009AC820ED0406E8E2F3D5FEEE1B0FFCF156
:101C8000F93F1F050F10ED9230100E137F33FE0643
:101C9000DEE710E60A1FCE9EECBBFAF015F2F6FF67
:101CA000A7EB2D09EC20101E31CD09FF012CA7F365
:101CB000E8AA1255DC0E1FD1EE01E20312171D2D0A
:101CC0002D10D317F71A0BC0DD210226F3C5F2F150
:101CD0000E040EFEF24717B5EDEB13DF17F41518DF
:101CE0000AE0E1DCB2F8EDEAB685FFE0ED05E11CC3
:101CF000FBD2EC01B22D26CBFDC1190FF7AFF812C4
:101D00004403EE0AE63510020D301BE9F60B04120F
:101D1000352E1723F81ED2F3DAF22600F908F7243D
:101D200009FA0201F9DDE5D5CAED0001030F36AC71
:101D300010DA0810D6F416A4CF2FCD07F046077F8F
:101D40004C2257052617FC1B32002012191507A339
:101D50001210ED14FE07C31617EEF5F624F3010872
:101D6000C5E50FFBF130E306224304DFFECF22E797
:101D7000A00C1BFF14ACDD95D3C406EAF7230D8B32
:101D80000404162E100B08BD1CDDDDD0C2B5FAE32D
:101D90000232E4DE0DE90BE8FF163312F713FDD92A
:101DA0004116F820F3BC1EE40901FD0EE8C7D9A3D3
:101DB000C9EEE5FD1EF0DA32020DC400240DE1FB90
:101DC000E9740328160024111E0BE4ED22DD812B9B
:101DD00021D1340FE2F2017EF0E66E03ECD1DAA5F8
:101DE000E1E7EDE8135A081EF2E2E2F8F4CF2AB96F
:101DF000A64801F00611F4F71F13E0FF1CB5F587A4
:101E00000BEA0F01F304CC277F064BFBE78E290476
:101E1000BF0C2C49E0FBED05290BF7F107EA25FF84
:101E20000E18D811FEC200001700091EC2DB2402E2
:101E30002D1AE8FAF5CB182BF9132A81FF10DF02CF
:101E40003918130A080C22D5D4FFDE1C06DCEBE19E
:101E50001EF124C20AEA1D0B310FFFEEF014D9085F
:101E600046EC2D000D16F74E0DDC0E22F4E8E2C60E
:101E700018DE3F1A1C18FF113AC908E80C0DFBD6F2
:101E8000B4D4C905EDA517229FE91C02F7F6D23C90
:101E900004D7E2FD1CE4E007411F17FEF61A051205
:101EA000251B1F160D0D0EE233B7FB3CED00F90F9D
:101EB00007385412EBDCF2F4DA1131DEF41B3CC5C6
:101EC0001FE5E1D7D2ED191EB12D2903F5D424CC9D
:101ED0001F6F46050D11031A13E302FE116CDF1389
:101EE00013F31501F303F840E7CDE100E889F6DCD0
:101EF000F6C3D6F0F4DF0F1B13F9F3F3F8D9F5F4BA
:101F0000ADE20D2710EDD2F520F4E618F53003E729
:101F10000E40E9E9FBC6D30DE2EAD210FD2C1D19F3
:101F20002B142302FAF305B3C6E2FE1F04D4051BEB
:101F3000F40A812F08061AAD09173B12C77F09EA78
:101F400027810002F7DE04B305DDE8FD0CFF002762
:101F5000A6CDFE04F8E723D3F1D20414FAFFED1D59
:101F6000DAFFE4F7B9E1FAAAFE00F0E2FB07001499
:101F7000F6D81B090D9920ECD50BDB18EF05F318EB
:101F8000F1EBB91207F3F704C91B4DF31677070CF1
:101F9000130A1106FDF5EC4B0A01FCF0DA0D28DB03
:101FA0001E2705EF0F1CFDD51ADEEC160D1EC8FB13
:101FB000A0CA4517DE1315252CFD0FFF03DB39EEF4
:101FC000E006F110F9F7D814CEF0E2EC1714EECEDB
:101FD00023E3FD033A18FC0CD0CDCD15071A090AEE
:101FE0004FFAD9F01FE20820284DEAF4194A18C127
:101FF000F61A2BFEFA1EF62C2D200002F7202047A1
:10200000EBCED911FBFFFFFEE60E3AD3FEFBED1837
:10201000E7FCF01C0DE302F6E41C27FF122DE2237F
:10202000E0222E000B3581B4073EECF0E8091412D3
:1020300003B500FEF2C24E1A2B2F0B13B614D12893
:10204000FAF881282114C30E12FB1F0D09FDB93CBB
:1020500005F20D381ED11CF8DD12EFDA35EED41F73
:10206000F1DD19F6007307EA2EAB0BF5E0F7FBD9AB
:10207000DA932006FCEB11F0D130FCFA121019D7DC
:102080000A2C1202E0DA8EEA0F3F17EAEAF53EE97F
:10209000DD011C211E3E0A02273832E981EA0913BC
:1020A0005B2AEFEE08E23F2DFD00120CF09C10229F
:1020B0002D570BCE0D10C9E1CBA413F1FBEE4F222F
:1020C00011240D23070BC433E106E8E2103A4B1646
:1020D00003F3FE0044AA5C9A042145F8EAF108FBE8
:1020E000E8E2EAF11EEE68F60DD11401A7ECF7065E
:1020F0003BF6D7E339FC47392BEF26F6E321C71C23
:10210000C339EBE7E47FD7B3DACB0124E08B242B90
:10211000AAE9D4211D330906E2D81EEC33310304A9
:10212000464701FAFFD1B32F129A0A01500344EA3D
:10213000E6EC3EA931E60B4472090D0EF7CD2F5D9A
:10214000FEBFC3DA04FF2E92254C222509CAECD823
:102150003D31FBB73C23C3D202085B243C0B2E1A53
:10216000D0B4FBF6E510258808813528F8D2D1FED9
:102170001A23EFE7F424CD03292121FD31D62B4486
:1021800004C006D80FF11022F8140F091C2EF0FF1E
:1021900057111FF73530FE170D90FB199F0607F0FA
:1021A000294B1EE33A21F9BADCEA13F0D1B5FB530F
:1021B0001E1DFB1A140346F2DB091A7F15C32C4DB2
:1021C000FA4AFDA52124FA1AAAB903030A13CCD9A5
:1021D00013DEE00EE4DFD6D9EAD0D501F8C01DDF6A
:1021E000893601123BC7202EE12800F8F5FD25AF06
:1021F000422E4608EECB27EDCAFADADF0CE4F62CC5
:102200001F3A3911EEC85B28006CE2100E263BBF66
:10221000F4F3DF190F0CD92DEC0025EA151BC3F4DC
:10222000DC250A29223814B5FA0A2E24FBCAC25822
:10223000F2C9D604E4F8E9F1090CFDFE2FFADCDD61
:1022400024FBEDD10031A7270950F7F510D3F20B8D
:102250006A000AAD031BE0E9E2F6EF1126D6FDE8BD
:10226000303D59FC17D42FF022F3E64FF8AD0D1591
:10227000E81D1C00EDF8240C0400F9D5F70F25E645
:10228000364B31DCF5F9051D094006FCF43347DD1A
:102290001EF509DCF75ACBFF35DD25181D0A150898
:1022A000D23A16D716E73F87050904E70126D5136A
:1022B000ED20191CF01CCDF512D9C306E260F9EA35
:1022C000E6DE1EFEEE359F3AF9170EFED830A1EA83
:1022D00081CD1F11D5DAFE16F53E110117031B281B
:1022E0005CFC2702302A0F312BB0EA0FDF04DAB989
:1022F00007CFF7D4DDD9F3DFAB00EAE7E538F6C363
:1023000021C5FB1D21FABCB960071618DF121A326D
:1023100055F2FAE8FA03BB3BCBFEE8DF20EAF6C948
:10232000E904EB060DCEFDCFC26CC8F307519DEF5B
:10233000FCE3F1081EECDAE6382C2404B2D20AF5EC
:10234000B426FE352250C0212C0A120D1045FCCDBA
:1023500029FB01F514070CFEE42FECE6F607CE0886
:10236000FA410B41E6D7E054ED034C0EE8A7D481C7
:102370000800E1E7F8ADF115214BDE04E61D270A60
:1023800001B224EE02B0F8AD0FF601BFD3B6F9509A
:102390000BD635EEE33A1DD2160DF60B13DB36F5F0
:1023A000E2F7F4FF0DD31C183EEC12CD25D0E80A5D
:1023B000532CEB0EF52FADED11311CED0AEFEAEBCE
:1023C000E60BE93DEDCCA82CD526D1F90513093F44
:1023D000FEC248CF02B4D503F10EF0F81013DA10A4
:1023E000302C1A090B340311BAAD1455F426D0055C
:1023F000E42706FD05AB1C224CFE050725CEF21690
:10240000FCF2D0E1F9F830EA07C6D908E216103438
:102410004014020512CF02DBCB202F220C19DE0F55
:102420001CE406FCD94CE7E006D7FF300FD9F3A037
:102430000429812C0781002CF0055A1D3AF3E5DBB5
:10244000A81ACF5F10180AE5BEDA18CB18C70C24FB
:1024500006D20E4B294AE9ED0F02F51B10F9FEF0EA
:10246000DA372BECFFEBE9FDCEEF1DC204D603F605
:1024700019D4CF740333E6104DED930DDFFA0AFC47
:10248000C5FB42F909DA20FB2B0AFACD3C132143A4
:102490007F011E37E14A27272EE4E42AD9D101DB48
:1024A000F211CB9EF81120FD20BACAE0F1290EC727
:1024B00002A720DA15DC13EA88E2E6FE2A29112DAC
:1024C0006B7F1134F1000D021932E0EFDA19080DBB
:1024D000D122EC13F70BF10818E80DED2312EC08EC
:1024E0001FAF31E6FA44F223574D13DBFCA1048100
:1024F000D3060573D123040E0EF02AD99ED8E3F03B
:1025000011E2BDD90E010A3892F5C1DF2BF3F8456F
:10251000F0C4083E0107F8EAF4F20E4DE614F41B8D
:10252000EB2201FE0CFAEE3FE6EDD4CBEC270DF6E4
:10253000C90AB50B721F0102EF2EA6F81BB301DF0B
:10254000FB055D200DE30D2E10FFD1FBFB030609FB
:10255000D339BAE2F51C0AE78325F911DCF4160336
:1025600013F66CBAD2E6F8EEF1E0E3DF11062CE1E7
:102570001AF754B8D44A08F470CA2EFC10A700FB0E
:10258000DADA07312C2505D84E273539ED05010358
:1025900014A5F4E718E00DD1D826032C00E6FEE1DF
:1025A000DDDE030F3611D904ED0E2BD4DF061F0438
:1025B0006028F7DA20CE05D8D5DDFE2EF0D5082F1D
:1025C0000A29DDAAFACDF21FB134C839E2EFFFF7CC
:1025D00022E434A41747DFDC61BE45F1CCD10218F8
:1025E000EE25D0E81F290C0E2214D40E0DE7D3C51A
:1025F000EF62EA25113605294316011FF9A12CD2F5
:1026000044D3E1D7BC25F41D15D415AEDA26F52D3B
:102610001BDF2BB7DE05E910F3ECDB05CDFCDE9DFF
:10262000F205BA1AF519D2E1FF42D9DBBC2A02C47D
:10263000C505EB2BFFF80A26C5192A06E8E8DF07CF
:10264000280005FCFF3018FB17F1EF221AEEFDF60B
:10265000FAFE0D15F2EFFCDEE3FE083BDBF100E6CF
:102660000B06E22707F70FD4BEE5D701B6D70ABE9F
:102670002BBAF5DDF5E60907C316275DF1F4EAF795
:1026800045131592F919E2DA1060F99DDA2DD5C6D5
:10269000E804D40A2F4D1509E428C542EE4BC12B9E
:1026A00000E1F79F0151F03F2B21D90E08060D0ADA
:1026B000EB11AA30170A103DC8D421D81AFD07170C
:1026C0005DDF0612FA1B05EA17D804DAF6A7F2ADA9
:1026D000EEFE402BAFD8E5F93DB71DF27F530B1A44
:1026E000F50E121102341CD9D930E412FF25EBDAB1
:1026F0005732F106E312E525EA3738B3EBEF0199DB
:1027000003C52A11D1D307F7E20F08EF0B172FF7F4
:10271000EC11E32305B42A06D4C14EF70F240E0AA8
:102720001A130231F8130EFD0906EED3F9FFEBB6CA
:10273000ED0C185BFCF824F6CB07349D10FD7F1BD5
:102740000A15345111F21EF105C01281D859F42333
:102750001B1238C61EE8123518E12317D4EE360BCB
:1027600008F2081FF9C10CE42A94ED37F4EEFBCC13
:10277000DB09E522BA16E119DC191C4520DF044DFE
:10278000FDAE1DEA0DF0FDE2AF2CC466FCDAE5F308
:1027900019CD34FFE11AB8FFE0E9A4D01BF5F3240A
:1027A000C2242C24B6C7E0DE18CB39C035F200FEB7
:1027B000040CE6EA0AE72BD72225221D422EFD1340
:1027C00026C5C6D9E3F74819F0FF18E2DD06013C3B
:1027D000183FC85BE828FB1000D8DBDCD9E826EFFF
:1027E00028D0F24C07FF17D41003D133002FDDF4AB
:1027F000E4980AE20E3A1620FD39FB271CA90603CD
:10280000D006FFE6F2E115FDF02D0DD30764135D50
:102810001BF8FEB5193B1117DFECED13FE2809FC80
:10282000F7090121000108F3210707EB50EFE3024C
:10283000DC0CF5F102FCC22F1C3BF00B370327F92F
:10284000FE13F3512A093B130F70DFDAEB3506F75D
:10285000FC0B121317F3D702EDD71408360732DB3F
:1028600050221317FC0817DB33F809D8F7F223ECD2
:10287000FB27DA0428AFA72A1D07D81DEC131F0574
:102880000C0AF6EFEB07FDDFB3BF00F23C1F1C7F25
:1028900013AA0AF5EC1AC4F733010EFFC5F1F0C60E
:1028A000BEAEE0DDBF000DE71A00F7CAD703D9FFBF
:1028B000E009F2ECC9EE181BB5E0D5FE59FB081390
:1028C000D2EF1215E6FBE0164200CF4AE3F3F2071F
:1028D00004660D00FCB8E0F67F1E03F00CF6E3F48E
:1028E000FCF6FD452302DA037ED52329D21FF1042D
:1028F00095150316B7C4D8FF77F1DDCDF4E537FDA4
:10290000EFFAC5162DEF44E8B81C09A713EC2FFE0B
:1029100035DE05290C051305CFC2FBF8E2EE2004D5
:10292000DE38F506FDF61317D2E6D80E152A0C0D83
:10293000E130EBD930E3F11911EF1C1641194519BB
:10294000DB0C27FC07E7B701F2FAFB11FF1753F482
:1029500027F60DE1C80FC2E9DF13048BDDEEB2F4F8
:102960003A0EEE2607DD78028CE7FCEF01EAD90883
:102970002B182B0F3C29B1DFEBDBF21F00E137FCFA
:1029800003DB01FC0BF21B0C3B161ACFF7C3FBD683
:10299000F7BA17FA1A10EFAE0CFF1815F8F9E15351
:1029A000F0F3131D20E711E71212061F0CF9C9DF1F
:1029B000F405EC1C23031E06E8F2F3072315A4F527
:1029C00000D6FE2C00D53455074C812606F0BFDC1E
:1029D00037E218F60CE3DA0916EBBA0E31F721F9F3
:1029E000DC2308F2D806EF00EE0EFCF1F0EDAEF8B5
:1029F00012ECE4CC05E5F30A2FE1EE49021222E3E2
:102A0000E21A08EE35E5DA0EDA0BF215D205FADE37
:102A1000FCC9DCFC2BF2FAC8635D25F406D807FB81
:102A2000F40FFCFD63F9E60AE304E9E7FCE3FAFED0
:102A3000F440EC042DF908F3010C09EDFEEA0EDD7B
:102A40000BDFF6FA1F0BE206F9EAF92122EDFFFE91
:102A5000E21EF6E2340DE72DEC8106F70B1DBE0BEE
:102A6000E0FD0FBD0CFD7F0803E603F609FEE2F270
:102A70002207FFE8EDE3331EE80807F5DE20CCEF80
:102A800003FFFA2DE9E7D3EBD3F7200E0A00210864
:102A9000DC38B318B6F407001ADE07089CFFF2DA38
:102AA0003341FE0A40FAED17381E0829FA390D3075
:102AB000EA610B1A1A02F00024F10C1819E5C5F0AE
:102AC000FDB9FCF0E943DB9A0CE719ED3D0AE7F2AA
:102AD0004A2406F57F1C3400390707E90F0AB8FFBE
:102AE0002612172A200D0B08B00AEDDA15E3C10BE8
:102AF000E4F906D411E3DF0240F6DEF7DC2699158F
:102B000019250DC4080DED069C01F6D915F50F0326
:102B1000CA302E03E31B04F305F2EA09E8002DF4A2
:102B20000D25F4F9DBD0AAF50414FC150BCBD3FA70
:102B30000C06E1F9DC04AAFEC8E00F23537014214F
:102B4000EA111302E1D8ECEEFDFC362BFA20C4FEAC
:102B50005E0EFC29DC00E50509F50AE7260947F2C7
:102B6000FF15E8E5003EE3EE131231E01081370176
:102B70001AF80C0202CFBE0325E8120522EBFE1163
:102B8000AA02340AFA89ED4DFE41D4F3EF22DAFFAE
:102B90001427BB0B0C0BDB17051394F100B5F60AD9
:102BA0001FF4FC27280A2CF606EC150EFF1EF5EF85
:102BB000DE230B1C0028EF0D15E01B18201313FA61
:102BC000F5F9ED0127FBBB031E570CDEFA0DCDEC2A
:102BD000B707FE81DC4DE7FF37F6FDFBACFA02FFDD
:102BE000BADD0D09EE0E1EF604F8E5F6172F40DFEC
:102BF0000F9111323AB30708E317F8FC2B1AEC00D7
:102C0000FEEFFB2808E5F80DF3F321DB11063FF793
:102C1000FEEA0124C017D50C0941F30C290BCD0C99
:102C2000F799F110FBE8CE18A52EF0EE222FD91659
:102C300015050FDAE52CECFB383004DF050B37D136
:102C4000DCF7F6E8A02CFCDF050ED8F03D031AEC0B
:102C5000810DFA2560E31224E62130CABC06FE206D
:102C60001F020B1F06D5DCB815170418D2FCF9019A
:102C7000E1E90DFDE006382F0F05D708E6F5000B5A
:102C80002C190FD11B47FDECCA00E219B5F8001C46
:102C9000200D230E18F60BE3BC00FD4B202B0E1D60
:102CA000C8D2052C9CCBF22713EE4D2B1DD3FED69C
:102CB0001AFD18FD0A12E3FDD20FDEDE13F00B073A
:102CC000370613F1F514411519FDF10DADD504CA00
:102CD0000C0FE615FAEBD17F25DAD216EC06E53BB0
:102CE000EDEE05EF02F2E40DBD02D05307BA1BE38F
:102CF000B78103FF10DADDF50EF0FE0F21F5F015B8
:102D000035058113F7C7D70F23141E0914FFEC23D1
:102D100001452801CFFC03E7E322FCEC4133EB2A19
:102D20002226E30FD81B2313A4EB35EB0F020FBDB4
:102D30001EC6F58170163CD6DC16FC36EF28FACCA0
:102D4000074B2CCB100AD613322BF7F3249FE45CED
:102D50003F05A5D2F01813FD0A27EBE347CFCDB608
:102D6000F7FAD50F16F005E2350513DF0DFDF4FF78
:102D7000BC0BD31CC0F0FFD9A5CBE621D5191BE0B5
:102D8000241CF2F424EAEF53FCEE271126E8F81392
:102D9000FCCC2C38F109F5EE120A19E642FCFB11C5
:102DA00010E30FE8EC1302F7194714E7BADD0E172A
:102DB00016EBF9FFC1FF1A1E0307152537262A282F
:102DC0005000E526F5FADDD9250D24D3080BAA0914
:102DD000112FFC0F63E6811C382AE61AE0FEFEEA9A
:102DE000C23317F411F01404FEF5EE3D68E5F21D50
:102DF000ED06E5CC561105FDF6110E17A6A2FA2632
:102E0000B9B2E91B13E0F911C8EF05F7F4EB13FBB6
:102E10001405F3E8C70D041DB917EC1E0B4B091779
:102E2000EEF6CE05E11316EE09FDCD06E2F0E8FC64
:102E3000E209EEF98CE210FBD81812F9213BF8F9FF
:102E4000CC1B14FAECE114E4C922FFE6F10C07EC08
:102E5000072527D0DBED0BFBD0182CEF0C15031842
:102E60004A08F90F0622DCF31FD8F731FEFD08D916
:102E7000C8F7E4D61922F4ABE2FC3AE81631E4E1F3
:102E8000DD12F41308E925E4BF13D3FEE6E90109D6
:102E9000182317F7F21301E606F007FAF2FFDB201A
:102EA000702FD23746EAD60C21FAF10FCF0F00F57A
:102EB000E1E41A0AC6ECFE012604EF25DF03FBF964
:102EC000C4E013DE2CE7D0F39201FE4116341ED08D
:102ED000CFF714F4E1E5DADE26F5E2FCDC0101E3EC
:102EE00011D039F825C9E1A82BF2C10401E3F8E2B9
:102EF000E4D81E06812604EDCCDF00E9E8C42106F3
:102F0000CE221912C006E0EF0BF210DDFE1E1FF4F8
:102F10003301011DEEEBD7F0180A0C3F16E405262D
:102F20001322E3F0B7D6080C08CBD816E60529E73C
:102F30000CBCF3F7EBF9FEF4080EDCCA24DD91F9C2
:102F4000F4DBE45D0FC6EB12E4DC11F0F302F6F102
:102F50002819F82AC7F8E2EB1D03E1FEF381AFC39D
:102F600033FA1B0402D4B1DAA9EBCE091C11A696E0
:102F7000D5ECFFBDCDDF00F6BDEEF215F5F1054253
:102F800010F50B1A25F339003BDFF5E81EEAFB2CA0
:102F90000EE3F506010D1608501CDFF601FE0917B9
:102FA0002E27372A1ABE0F17DFF1CAD9C60F1BE228
:102FB00018DC2320BAC8D3E3BCD504E03C061819BA
:102FC0001AD30A319B01D204E4F3F5F6240301BCC1
:102FD00003EBB5E8541504F70A1FC8FBF500E7FE3C
:102FE000BCF3FCEC271A1605CF020BEF3304F0DF1D
:102FF000CC04FE05002FFA0E333415031DEE1FD44A
:1030000009F5EEF32ADEE91500E0D80F462AEE1C9A
:10301000150902E735F6F3020B06F423231CF0E151
:10302000FE21EF05E20010252700FA1A24E3FAFB3F
:103030000C0010E507E3C83C36E91FF91EDA0BF86F
:10304000C4CEE7140EB5DAFBF21106CFF00DF32172
:1030500001D9E9FEF1F437022C01E70E0FFD0F0D47
:10306000160DF4DEF1DC292AFCEE11E9B3F0DC0FD9
:103070000AEAEE35EF10F7F609EEC2FBE32B17096B
:103080000C1B12E5171200CA1CE62DE8F7FE0BD246
:103090001D1E5EEC43EF10241127ACBDE5C6F046C3
:1030A000ED02CCF2FA1B1CFF0C0F04ED0D07E8FA41
:1030B000D9351DCEEFF43012C506F201280E038873
:1030C000220734EB183BB7F60B1106D8330B0EE290
:1030D000E51BF5EE0DD8222C3F31F40E0E1F0BF33D
:1030E00008DB35F5F7EB05440DDED18126FF0A55E7
:1030F000CFFF1DF42FD418021438F3C041FAFCADF1
:1031000003F1CF1B4D35CCEDD8DDE9134E1BDC1B95
:10311000092907EA39B715EAFA0A00D9E41C080EAA
:1031200015EBBEC11A0B0C1ED7FE3B062B262FB289
:10313000FD7FDD1C03FE090F0FFD291414CCDC5F9D
:10314000CD22420528F0F9260A1A0BCB0DE432D61F
:10315000C801333B4DFBE74B0907D81BDBB8EC6BD1
:103160003001CF00B30CD8D3DC171A07F2FF2C1AAA
:10317000390D3B04E52D0ADB09E1A6D00C012D1524
:10318000FF4E2B0D07E62FF4F522060C13031BC28E
:1031900022E7F5FA3FE9391C0EFF0D07FA0222EC8F
:1031A00008F1FEFF1D0F3129F1FDF9EC210D14EAA4
:1031B000F4D1C60409BC08E02EDA0619FA0F251B63
:1031C000E9C8D90BCFF41A4712FD5D0DFAF9124187
:1031D000FDD634F42B7FBD0204EAF5D501FBFD8159
:1031E000C8E3F7F502060B2E140CD10F52FD22E3B3
:1031F0004520E1F6FA1341F80B002014C7C4ECCACD
:10320000151881F2EBFF27BE00F4DAED09E7F4327E
:10321000FE1CFD181B02303CEEFA25F5FC090DE4FE
:103220000AE1F8E5DC0FE1FD17F6C333F3AC1FF656
:10323000D8F7F0D6E60020DF240CCDF1F7DE20EC45
:103240002117360C04CAE0D5FE092BF0CF12D7ECBB
:103250002C22F912051B27112A05EAD6E40F09F9D9
:1032600046FD0205E819FE02D2EEEA19F1F3FDE18E
:10327000C751ECC8CD6721F7F913FCCA0319D11F58
:10328000C3D30CF7B211C9C4E8FAD710180CD4BADA
:10329000CD0920FFF6DFB032F42A1C11F5350F7D81
:1032A000EB04C7F3D8292B5AFBF12EFA152C2D0667
:1032B000EF04EA080208061BF2F81CED045804D0DB
:1032C0000F0533F3F41BCF00F8FD021716D8E2E424
:1032D000F900DAEB06FFFDFAEF13D721010BD51742
:1032E000380655C781133D2A070C001406D87DF611
:1032F00008DFE41F1C2A070981F236EFC62000FA16
:10330000EADEDFD4FEE7FF0CF0E3DF29ECEAEB05B1
:103310001609BE10E3ED0B23EDF4B32016EB06FE09
:1033200011FC0EFD2DE25DEBEEEB84FC8C0DF7182D
:10333000D6F23903D4A54A0D0D150FF302FA9D17E5
:1033400016D9DFC4F4D225B604E1BD09F5050E0592
:1033500026C6C4D9CBF926F029DBCA1619EAF7C567
:10336000EF0AEB04C405D7DA15FEC5FD3D17192B8E
:1033700018E02615E2FA2BFCF302F8E628DE27F324
:10338000E308E4E81CC30C150FED1AE80BECF5F9A3
:10339000100CEB021CD10BC3FBF70EDBDE1F0F275B
:1033A00011041103F205811CF421E4EF0B1CF03829
:1033B00015F9D8EAB020FAFFEF01FFEF06AFEDCE26
:1033C000FC11EBEA3810E2F10A0DD2F512102CF1E3
:1033D000F71B9F1D1CECE9F818F8CDF7F016E8B1C3
:1033E000F60DF912EDB3D32A17E7161205F0F0FE29
:1033F00035F3F6280C39EB17F9ED3E191612F735AF
:10340000292127C6DB21EBD4F5FBEF04EDF8C0C280
:10341000EAF60FFC1F030A0822DFEAE403FF00DDDF
:103420002512E2F92604D215E5F9F32EE217F6EAA1
:103430002D1CFDDFFE02E9E43BEE0AD825F5E2266D
:10344000F7FD2D78ECE510071C10F4350740F21B52
:10345000F6F1214400040317FBE918A117EC061C40
:103460005D97030A26CCF1EC05F30BBD2607174B3D
:10347000BE06C704E50B36DDAE0E08D2F8F2F947FA
:10348000242422B10140F03656F323A0F3F5201F87
:10349000EA3CFC63F247F3F618FB1317F9E4010C5E
:1034A000F32CFC612046EDFC34FFEF070506F9B56F
:1034B0002CD1DE14FB121215FBDF16F0F47F08008E
:1034C000DF02172D070307F12413E17719360111E5
:1034D00044C2F2F8FB1404074218E4E31D18FF434A
:1034E000F4D51927FC1230E5180A0BE6F9CDACFE2D
:1034F0005EE7A045023112F85330F6E03203F8C41B
:10350000AEEEE5B0ECFB06E6E7F3FB082C0FDC02C1
:10351000B6220D5EE60EEBF60F1AE227DA2EF31650
:103520000DF92DBA0809FA1AD83213F900F6EDD5BB
:10353000021ACAE7E305EF2316114709E3FDCF1589
:1035400047F7EC24DE1AE8DB57FEF81CFCEECDF260
:1035500004DDFF523C0AEEFFF4F70939E2F4030FF1
:10356000322BD09BE80AC89EF6D8A1C57F00C400C4
:10357000270206F5FBEAEE1504FC1448F3DC2ADC0E
:103580005D37FAF0DC01173CF1030AE1B1F4FDF01C
:103590003107E9A30AA714081E301C2900B502E868
:1035A000561BF21D031FE826EAD54DE4041403F36D
:1035B000E8EFD325F2C9EDFDB0D30B03EF012E45A3
:1035C0005A313EAA04DD4B532C370704F026F51E72
:1035D000BCD9F812F1ADCDB21FCDE0FEF31809024F
:1035E00014404AFB0DEA18D350DA027208F4062898
:1035F0000626FEC3F75A0B0BD4F27F410DF6E80AFC
:10360000DBF5C9F000E4FE9816F421C80C10EEE0DA
:10361000DBC206FAE72340041DC1FF3402A8F7F518
:10362000CFBA010301B22FCDAB1BE7014229D2F083
:103630003AB91311FAE9010BDEEA2B3E030CF90B40
:1036400000A3E6C4F2B5C63703D9FA66FFDE05EE7D
:1036500026ED0E8517F9161CFF081D24F807EA1041
:10366000D6CEF1E81B0BD40FA5E03614FDFB2D5789
:10367000F4EA9EC317230E13EF15ED3BE216091D66
:103680002F3B0FF022EC030CDD19E0EC0B030C8A4E
:10369000F716B8351D11152FF610FB77F6A8FDD9D2
:1036A000ECFF03CF0CF151433946F90CE4EF172B33
:1036B00022CD28310ECEF3053E0354D8ECFBF2ECBC
:1036C000920C002A0EA8B8EDE0DC1EE1DA0E083FED
:1036D000C4FCEDD6F000FFD1192811D748DEC5EFA4
:1036E000551C136FFDFD0EDF37FD2E013CDE2DF165
:1036F00082F2035BF6F3D809E501E02E23150023DF
:10370000CC04EAA32203FA0D2BC90BBF2E0D660FC2
:103710000B402512F92F150CD1BFC82402D6F9CDC4
:10372000CF1C0DE1F502EE13AC8145C9E2F5191687
:103730001DD3B40C03EEE6481B0E1FD50B0AE7EFB2
:10374000F740280F08F7D41829C42CD216DD0AF444
:10375000CC1C164FF8EBFA00D20F18DD09FCBFD0D5
:1037600009B7DDF144EEA93DE200DCF8FD2CB1061D
:10377000E01A0CA719EADBD3F313F610EC250E3789
:1037800015E42E00F7582410054DDF2CEF23F4AC80
:10379000E927FAEF320524EAD620F404D0105409C0
:1037A000FB27E67FE7061C005B01D7C92B02FE7FE3
:1037B0008101D8F4F3EEF7EEEAFAFD38272016255A
:1037C000151BBCB9EFEED7F626E50CE9091119F582
:1037D000FE0B200A15CF20FEE8CA20C1E7290BC343
:1037E0000E08E2CB24FC15CE271402C700CCE80B50
:1037F000EDF22411F0AB7FE21A070C30CC1B21E371
:10380000BBDF05F5E12736F25502EACA0924E006D6
:103810000B083F4E12F6F70BC1CA0928F519D4352B
:103820005307E02ADAF600D50807E202092CCEE9B0
:10383000E7D1F1D41C1DEFB401A7EB2205FF490B22
:10384000231E073D159EF928F1DBD2F230F922C67E
:103850004ED107230B05A3CA07260A06BC22B7FBD5
:1038600012CB12632B25071924B61DFD4B35FA9494
:1038700011C21AF213D8E8270CF211BACAE6303B8B
:103880000BA90F261F1AEEF4F411FBFEF8EC6A0ADE
:103890007937331F25081F0619F30DE8390AF25F3F
:1038A000DD230EC2E8BC42ECC39CEFECFCF01CFB39
:1038B000D0F61798FA2334F51CB3DC812E0F192D9E
:1038C000082416E9FFF935C6CB0FB5DDC7D32F1A8B
:1038D00016B5DC02070A099508CEFCCE25170EF7AF
:1038E000E6D7117432EAF21F5AD5D6352FF8413592
:1038F00000D90A360B883712F49E1BE63FCE28818A
:10390000F54AF2D6070003111E38E5E0EAF4ECD9D7
:10391000F555AE0C15E62738FC1EFEF7F9D027E961
:10392000000C0C293C0926B506E2351DC0BB0DA4D0
:1039300003F2FD002610182F0AB0B8E3F9E6F319D8
:10394000EC26FA3AFA64CBE552A7E136BC2B1EAA64
:10395000F5174C40B119D76C21E4F6DB5605E1F8B8
:103960001C0C02227F083B00DD1B27AAE5FBE9EACD
:1039700019170619353A26101E2105EEF1EBB1DABA
:103980000A0D0DFF44FC22C3FEA814EB5C03F7D61E
:10399000A9184B40ED368149F8B31120EE0002D74B
:1039A00014F1051EFDD514B009E7D1E1F129F8089D
:1039B000DDE8FD08E2B9F1E00C0EDB12270507F0A7
:1039C000FFA31904D11660EE09BB063A15F237D5EC
:1039D000E3DD03F6D813CE56D13DD2972FEDFCE0B0
:1039E00053F017E125F41A31E0B507DAF71D09F2B3
:1039F000F9A81C95FEFE5913D0BCA60E191F127E05
:103A00000FF919C4DB812B0CC51601150E0D02151B
:103A10000D0430FA03C01256FC0CEC10DBFCDA0982
:103A2000FD2A2154E52BA21EE5FC261B2B27D10CD9
:103A3000190BF0DC09CE0FFA06D02CFB31EEF32B7C
:103A4000F5470FEED5488A22E4FF2B54EF2257CEDC
:103A50000FF81DD8021EB3F609DD0EFB1C2C03BBAC
:103A6000E4C7DCEED2F7DD0827472321E008E8D9D8
:103A7000F70FFBFBECEAE6DA54F0F00515EA32E664
:103A8000F121060A191C4DECFE04E6DAF9F20EEDFE
:103A900010EEEEFA19F0EC4AF7E81C11D109D8F94A
:103AA000D237FEFC12F6C90F2725F225F7F34B5744
:103AB0001AB3FA0B28F9F2EEECCE12E8DC172BBFA2
:103AC000ED08F62BDECED2E7F529F5340A23EAE03D
:103AD00003BCE111F727FAE1F8F7291911FA3528A3
:103AE00028CFE15213162B3A20D543EDD92A2C1DAD
:103AF00001001726E209FDDBCFF8B20416CB202126
:103B0000E20A0CD4ED29021F11B512BF03200131C6
:103B1000F6F20A091CD6FEEE1134261B0CEB261A0F
:103B20000DFA13D0562DFD09FFEBFCE20AE3141049
:103B3000E5D806F51FCF32752395071DEFE022D596
:103B4000F8D8811DF6DE3E631223FFEDF0220FE070
:103B500014E81113E703364DFC0E18F4F003201C93
:103B6000E50619D603DF259FF511C6DA00FFEFDB66
:103B7000FBC3E9A7EAF71BB8F2F5B8F6FDD5DE29D5
:103B8000121502182DAFF9D0B789F0CC06F8DD5622
:103B9000F1BBE6F3DC06EA050800FCDAF1FDD4DA55
:103BA000F681FF1E30172DD6EE5D3AC8CF18D9FF2B
:103BB0000ADAFFE500FE004BF5CBFDF900D5FB303E
:103BC0007F13300FF155C043EEE6EACAFBF4F2F57D
:103BD0000ADB0126140B11F81D14E820EC07011470
:103BE000E84A221FC824FB171C07F633FA3CCEF024
:103BF000FA2118CF05F6FD031D55300CF5D9441CEC
:103C0000FEE6EC291B16ABEDDBF905CE1DDCDA2256
:103C1000CFF3FFD94FD4E1241F00BBF83213DA19D8
:103C2000022E1CF60615FB19D98E81110EBBCDE0B4
:103C300003FFF835CA0A27FBC2E4C2FAFF2C51BBC6
:103C400001F72B81E7F2C3002DEBF2D9F7F1082D34
:103C5000CCBC04EFD6D1F506B5E01DDDE21FE6557C
:103C60002AC8040711DB35D8F7C6FB2C3E20F5C562
:103C7000EB9EEBF3DC1F12F5350EF7F8EE03002098
:103C80003B81F6E2D7FAF539AA5A1CD4FB00F1EBD6
:103C9000033616D22A7F1A2A0DC8FAD6F308B7E2DD
:103CA00057C1F74B1BB4C71931FDE313E7291D14A6
:103CB000104CD203F21ACDF5D05ADFFCD9DEF399BD
:103CC000E02106E0EAD702E052EB0CD4E9192BF927
:103CD00025C6CAEEF8F705D914EBD8E1FF38012B59
:103CE0001915FD1CE8DFD3D524ED0912DAE0DAC39B
:103CF000F628E5CA0D6D10E52622EA03EA39C7ED7C
:103D00001AF606231DED2ADEB8D9FAC607D951BA2C
:103D10002AD1FC280EF914E3267DEDFD3D0AC8AB3F
:103D2000DECAC3151C18BCF2F0D411EC3E082EF804
:103D30001123023CE040FE141BDBDB1FE0CE0FDF53
:103D4000E2E91D2926C75144CC190507F81470086B
:103D5000E5FDD8131508D6DFEB200C293EFECD0477
:103D6000231B2107D23FE70FE52A350EE7FF293C49
:103D70000203D1E7D404AEEE00E406DAF542973E42
:103D80001FE0EAFB7F12159F043CE7C82808FF529A
:103D9000C431E20BFFF7191B08A9EE190D01D7F981
:103DA000F83FFAE102E12228D5F905EA284744C3A1
:103DB0003329DAD53E2AD4FFED151A1AE3D4CFA65B
:103DC00032FF30F2E7F2EFA5EFEDFF13EAE2161F44
:103DD000F7E41CB3A748D2E108C5F20199AB820F02
:103DE0002901F406E70D14F8071EF0D0E630D1FBE8
:103DF0003342FDFAEF0681F509FBEF3CE505C311FF
:103E00005814EFC0FA0C90DD30100A06FFC836D601
:103E10000F1C30320EB3E8581521AC0E02F2561DBD
:103E2000B2C12AE3EC210FF0D522AC2CE41C1E2DEC
:103E3000E822C7F70CB32CF7E6C826ECD1BDEDF6A7
:103E400088CF0901F40525081FD809B605FE36F20A
:103E5000B8F5C3FE2623FC04F3FB1AF92F24522CD9
:103E60004FDCF0EEF0F7443CD6130BFF1BEEB92805
:103E7000FD3B0CCAE064FDB5D3F0141331DC0B7EBE
:103E8000F338160125F2B8EC100112DED5EA59AC70
:103E9000D024D5B4FC09DCED4428252971D80129AA
:103EA00026D8ED1D19F8312104E6F157E53B2E0324
:103EB000FF22F3F903EF24DBEFE406C902E4EC2070
:103EC000B39D161FE804386612EA4BD8E616E22FB7
:103ED00007C311122818FCC5F512F5F6ED20EADC2F
:103EE000F6101F04C55BE41ADCCDE115211CE67F4A
:103EF000CF15F8020FF6EAAB39E7D8DAC72B7ECE3A
:103F00000AB8EBF5D64297DDAD18BBFA4130210B6C
:103F100057F23B14F0E005E3F7ED2AD7392FCD0D2A
:103F200030EEFB1A18F4D8FAFAD24BF1F1EADAECD7
:103F3000F7FFF9F31B0AC618370E170A2B1C1C4093
:103F400026984208F706DA7AF7285ACEE6F93AFBBD
:103F500005EE25FEF307F8D7FBDEDEF7FFE6D644D5
:103F6000EEF30211E112E91E03F41DC50A603713D6
:103F700081EF1732DD1F1C1FC3FBEDE6E322040AAD
:103F8000FC0B04FEF1F7EAF8A8C6BC2ED7F7C4DE96
:103F90003923E7B9DCE6EDE9E7D3C6F7E2CDB5278B
:103FA000E8B60B440E6C623B461AFA09F0DA49A6F1
:103FB00024EE26275A3E09FC3DFBDAD8F40AEE3FF0
:103FC000C7EDF213FE040DBA00BF26F6C3F1D0BF51
:103FD000C3170EFF0EF9C901E7FF3526D80491106B
:103FE000D4F9EB23CC8D96390C052C30060E122E0D
:103FF0000331570A6505EE66DDD41744E44C00E34F
:10400000F7C1E506CAE5BC121E490414D515C91747
:10401000280B0B0CF9D806B01BDAEECDDFCB95C818
:10402000D002F8FACE02C000165BFD21E2EB1912B5
:10403000FD0C4BFAFA1E1528F21D0204523609DD5A
:10404000CB0C3EDC2E1FD72BF75AE3E60402283CAC
:10405000D40FF1094F0802ED25034521DDFE1915A6
:10406000192216E61A0834040B3D3B092FD6C40763
:10407000FDC9FAC45CD91DBDEDD9DEC18FE5072AA3
:104080000042FE1CA2D718F0F4C42A00C9F8FF268B
:1040900004C9FB28A0F6F7FCB0DACFC8D739A9319C
:1040A0004ACBEBC8E1F7F1813716FACE0D29CDF0F6
:1040B000C1EBA900C20EF6E22A24F6B21FE700E720
:1040C0004DD01BB8BE0B0FCE1749C494170DE22577
:1040D000EAED35D2420DE31CE511E901239CC20F44
:1040E000352B2811FC1A1718C2DAEB9608DFAE61DF
:1040F0000E813DE0F4FC38F600EAEFCD554AA7F713
:10410000E0270911EDCBEC041BF6C9311100A8DF43
:10411000E2231D09F0FCEBFF41D61644C4F41665FA
:10412000440A06D895F912C29F22ABE8E9D9FEB23B
:10413000003ED0F21421FAC8B637E4EA44F4F9029A
:1041400035003D3F270A2F19F6C81A0EC1D6FFE6E3
:10415000F40E2E7F0181C6162247BE2833FF1ECFE4
:104160000206F5A61500023315DC28F7D511CEDEC0
:104170003944190BBAEF1517FED4E0D43B2CD02DDF
:10418000D1E5F32A57E7DF1EE51A20F53AE5FE13DD
:104190004418F9FE84D14C0531FE5A22E4EB137029
:1041A00028F569E612E107FD30232F03E101111E16
:1041B000FEF1DBC90CFE08DE1BD8133CEB10F4FE4D
:1041C000D8DF41F12EE849261E4C119A5C0CFDF314
:1041D00022BDB7111EF9E7E47FE6F7FBE80D0B00FF
:1041E0000AFF1F0E2D2CE3F520EDF702390081FAAE
:1041F000FD0AD0CEB6D9ECED36235A25E4EED5062D
:104200002D03DDA2EDFF10DC20063243BF120204B5
:10421000C3E306DEB6ECF508E30DEA5D38FCF65CB8
:10422000193D203706F91B36DE2A35D2EDF62CFE75
:104230003A151A277E18220C2BC642DE00F0F31B1B
:104240001E132D1DB5191A28F9E8D8EB0DF5F3C684
:104250001C4AC009120730E129DE0EF8AAF40763F0
:104260003902D41D0EE539D0191FFD355703FAD395
:10427000FD1D99EE1501EDFB05F525E71457E51336
:104280000AEDD2473C111EEDD90781C4C1F4451A8D
:1042900018F0F402D51F02E38712A814E5E62D2DCD
:1042A00013F3B6D2C6ED2DF4CBFEEB4ECED4DD1B10
:1042B0003064534364EE10EAFA11F5C73805F4FE92
:1042C000C4E6CF26D30FFBFA2C1AEAED01C62A0B5F
:1042D0000D25E9EE07F2FC071AE01730F5F2E1F5DB
:1042E000F6F94FF11E0DEAED080CFC360A13C8FB77
:1042F0002AE46032EB16D9DCE6D712E2E800FAE8ED
:10430000F10B0CDD17EB111B3CE9D60AEFFF511A3C
:1043100002EE2B092A1004EA20B4FD1413171E0321
:1043200003E9D026DC03FB081FC0F3D581D3D815E1
:10433000FA132003FFF2131DFBEF47D9D9F512F64C
:10434000F31705E12234CEBDEFF340E4DE2606EE9E
:10435000AAE4D5B9172ED21719F2E1DB001A13C45B
:10436000170219D61004CBFF2AF3D510F606F2BEB9
:1043700028041D19140FEA0FE52F1DBDB310C61731
:104380002D2CEFB4CA0126E74008F0288CDBDE1E96
:1043900042ADEBCFFDEC19DCD3F5BF18F4DDF31C17
:1043A000E0251715450A07D1ED07F9DADAD61AD84C
:1043B000ABFB1BFA043A17D01E0628BCC808191B11
:1043C00043121F17070308E836DBCBF6BCDCF6E721
:1043D000B5FB07C8D3EB945FFCF32B0B40BAE1E8C5
:1043E00042E23B36D7EF16142714EA1DFF021D03E5
:1043F000F9CBF56C24402F00054072F1FC43070D0A
:10440000461EEBE402152A0C03EDE8060D1E01E042
:104410002CE691F1E6F9D2F6352E1596C2D8F804BD
:104420001EF9F2CAA9F2D8FFE818E9300A221CFEE8
:10443000B49E2BF6EA09CB1CE9DCDEE1F9E3EB28BC
:104440003706F0D3773D120EEB040000F3FDF9DFE1
:10445000031BE8FFFFE0CEF9FEE2F8FD3314DBF1C9
:10446000C7B82F1412D519DC260F0401A1B30CFB19
:10447000F3F90B087F132F0A0BF406CEEC39F70182
:104480001BFDE9FFCCF91CF81D0C00FF17EFE71C22
:1044900031F410F8F5F9EA5828BA2AFC08CC11EFE3
:1044A000172EE737FDF7E00EE2F53FDD0CBFE00722
:1044B000D1C6F4CB02D9181B3E1D0200F51981109C
:1044C000161003161B4DEC0C4D4FDDEF272806DBB5
:1044D000DDDCF8061214E815ECC365FEFA16ED05EE
:1044E0001738F5F9FFFBDE030A2330FEE0D0091090
:1044F000E8EE02D37F05E712EED6EE02E8C4E7113C
:10450000E30CE4DFE124CD16DC1DEEF832BFE90D4B
:104510002E2813F8EAE7D501160811FF0718E5FB66
:1045200012F8F3262A411A0B28042124E6001D1A4A
:1045300031F6D81613E3D3054ADC07F911FB01164F
:1045400007E704CD03C7EB0BD621260520DD0A1CA7
:10455000ED03E7F70BE14A07670C01DAE2A8FAFF7F
:104560004517FEF5ED16FE20A005FC00BDC2FEFAC3
:104570000526FF2702F7170001F181F6F8FA19FC6A
:104580006FFB22061F183213422C13EF0BF4A40604
:10459000023AF0FD3F2959F20E2B15E3B81AF9F350
:1045A00022FC0E000413DFFE0EF1FCFAA622C7F176
:1045B0001EF612DA3B231BFD01F1FC13F405FA028F
:1045C000F738172DE2540B10F51811F61DE8D57FBA
:1045D000D0180B2DADDBF2F48EDF18ECE608C8F630
:1045E000EED5270D0BEB0DFE24FDF4EAE9EB15F3F8
:1045F0003F0EE2010607CF011C0E0908D75109F44E
:10460000FAF1F2EB160BA902D621F5E4BFEEF7F2B0
:10461000E024FAF5DC0DEA08021EF7FE292230E359
:10462000B5DD08F90C1707F9EFEEEE1ADD2A2423A1
:10463000F4EF03081C0B2BF82AC20EC6E706DAF2C9
:1046400004E103F11DFD1504E5F7FFF5F13EF2FD70
:1046500001DDE0EF120FEFF1150A0C07DB12010686
:10466000AFFA280A2AF92500FDD3F31111B7AF03D9
:10467000111BF4FD11F0F3E0221AFBEEEACDB907AD
:10468000101EFCFFF5090D10ECFE07F7DEE62C11FD
:10469000100A01DB28FF0F147527FB1F250724EDE7
:1046A000FA100A0EF10F5401DFCF05032B00FD1D98
:1046B000114FFB0FDF27DFE7DC1D12F2F7EFCBFA1C
:1046C000FAD10801ED001DE12414F90B02EAFA0603
:1046D000F80AEAFDFFEEFBEFDE1A09D3C5C5E007D5
:1046E00004FA1E2829B3040E17FC040C88C82E06F1
:1046F000FD12FFFB38E312EABC2A1626D5DF1E05A1
:104700002014EBDE3AEE0CF515D90FF9ECED35057A
:104710001E28ED1D1631D903171305F65D2719F76D
:10472000101FF5FA990AFB0EFE2DE624F034ED0871
:104730002524E8162229EBECDB190B1AE5E0E20050
:10474000DCE1EDFD10E50E17FB7F1A12220900C90E
:10475000E61EBEFF0C1C28FD0CFA081BDF471BFCE5
:10476000B5E5F7EDFB93C1EFF1F70C0D0DCAE0EFE6
:10477000810B28F530812009CFC322C15AD00FF216
:10478000FEFD04C6E201DE1F2CD111EAE516DC2A8B
:10479000E0E5F2FB15F81101F3FEE10FF325FEF160
:1047A0001AD2330510170BFCE0DA0AFE182B17009B
:1047B0001624F7203B201808F0DBFAD3290FC90391
:1047C00025EA000617C24903DCEDD321E8DBD2F766
:1047D0003207080F120610F22AED9A17FD0F152264
:1047E0000BEFF98121AD0D0B59CCEFFC19E408FC5E
:1047F0002B30CC1220ED27D50FE7ED1EFF2DFFF952
:10480000F9FF150DBE2DC4DBE9FB0EF1E7FD9607A0
:10481000F52BC506DD4516ED26F1FDDA0709E5F0B5
:10482000371905FA19E4F81C00F4AAFAEF12F9385E
:1048300002EED1114FDB81120E26F2FBC10C1703E1
:1048400011F1510FC10AAFE02F0F19E2C4FCC4FBF4
:10485000CB31FBE01506E41B1AF44707D9F9ED2725
:1048600017FC191E1EB6050BF1CC03B8E62EE6FFA9
:10487000EB050F1BE902D781F5E3274605DB25D3BE
:1048800017FF350A0B1E02F1FD0046DAC2202CC8C4
:10489000F3172B01095702E1091CF4DC070EEFACFA
:1048A000D9CEFD1AE61E15E7EFFDFCFBEC33E6EC76
:1048B000C2C308E1FF271506E3D1140BF8222FF33A
:1048C000CD7A1D471EF4EEFAFA08506A84EC20F403
:1048D000EFEB42EF0B9C11F000D80211FB23D2BF8B
:1048E000DA5AE1E6F8FED12B1D54051200CEFDDEAA
:1048F000FEEDFF082BC6E428F7DFFCE9F72AF91BD9
:10490000B9212FF7EE0DEDC3DB10E5F9C4F727D978
:1049100007F2301FB920283FD0DA2DF617020DEE2E
:10492000EC23F0FD050B0312FC0F1E33D3FCE9E76B
:10493000FEA6B13168190A13EB82081F79D464F41A
:10494000E537FEA30A304C1CFA46025CDBFF18F187
:10495000270F05E326F32BFBEC00E01D06010227E1
:1049600009EDEF0F960DF1E920F312EDF6D802F7FD
:104970000DEF0ABF29FF2A26100F18DC18F6E9E10F
:10498000E4E409B1F5D10ACBCD32DC1CE52BFED233
:10499000C9E91DEE0EFE2BF30DFB15081BDBF4140D
:1049A000040419DB17161D26081C160CC4E6FAC2EF
:1049B0001C1B28F8E94629AF1DFC493046DBDEDD2B
:1049C00031272A8AD2390117EF26BDE3F33DEBFCEC
:1049D000F909590FE80FB83A0ADCD023DA7FDBFB7C
:1049E000EF09FB1A3AE6D90606ECF1E1ECC03A23EE
:1049F000F281013F330D2CF2FDDC0E2B3D26DC3D18
:104A00000DE53416193918B9FBF117AFF02B2097C3
:104A1000FE29130EA049F8000605D5181CFDF49DCB
:104A2000F0FA1D2BECCDDB0AEFC5D22D01B215F843
:104A3000F242DB20E534C2121415FE089111C003C6
:104A40001AF97F032BD894340C2EFAEC051128297F
:104A5000241CB2DDF7EDE2D5E7EB65002F2E184AF6
:104A6000D1E4C3FD3D3F2BEEFDBF1DEF23F9F61949
:104A70000AED4217B5FAFEC7F23039130645C4C431
:104A8000F913FF39200F02DC2C13E12FD4D6E104F7
:104A9000F22F4730CC1BEFC5153E1A4429C70A0731
:104AA000219704253E09ECDC102713151CE020FBA0
:104AB000E920CD05F824380EEAEAE8ED0F41F84484
:104AC000F52CD229F4D1E4EBFEF407E6FAD428E77A
:104AD00043B1FA0FB21AD6FD0823F9ECB506F6B7C2
:104AE000F9E31922702B202D072305E2EBF3282090
:104AF000F3021054FBED35F01C22D9EC86EFC1C057
:104B000011E40FB4C104F9C72FE9FF17FD33E9BF62
:104B10000E0A1DD5F93144ECEADD1BD2FEFCFBE7A1
:104B20001510C7FA01EBFD1AEEDFF325E1ECDBB857
:104B300035E3162AAD98E307FD33EF0AE7540FE893
:104B4000E904F2051A1B34DA41DB3334260A43A99F
:104B50003D6A02C40B0B08F8EE1603D5F012FFF203
:104B6000F7C729E3D61DF3F91138129BF01105D6CA
:104B70000115D93C121116CAEC230505BB0C21D531
:104B800002EFFD09EAF3D419062B164AB33E0603D9
:104B9000E0FD200DAB23DCD105BB12EB053B02F1A0
:104BA000FC0C21EA56080C41811FE6A7810F5C0D21
:104BB000E2CCEC17402D4FFB0CF31AFA15D4C8E1E8
:104BC000EBAA032063D1F3F6F70218D9DDCEDD0E90
:104BD000F24D007FF4E30C1BE805FD20191329FCBE
:104BE000212645E21239D4F6D5CE17C13627F7F87B
:104BF00002F172A506014413FD1D18B93B0F1327DE
:104C0000DF083BF706E18625E3150AF4136BC61CA3
:104C1000D2DFB7E9DA04E20D05E205003D2DCFFA57
:104C2000FEEF45CAEB29E5F410F005E312EEF42897
:104C3000F0313312F3FAF3EAFE0D00E3F7EEF10779
:104C4000E59C14D63747D5F4BD2CCC16ECF61827C6
:104C5000DE00DDCA11CF160ACA2B1BA83320DE33B3
:104C600005E53DECFA24430D3D310DE7EC32180823
:104C70000742A8A105B4FEAE06B812F39B01F3F7F4
:104C8000D018092E09EFF010131DF5CD130805EA11
:104C9000572F494F45112F1540211A2D77FF10E549
:104CA000E6CF0CC433F6F6DFD00314C1E9FD160AD3
:104CB000DF2511AF00D71DDAC52ABF0F0A1E06294E
:104CC000E8CEEE3EEC0BE831FEE2F506FDF4E60D33
:104CD0001F08F7210E32F6D90705FEE1F62231F161
:104CE00027EFE415FB27EF22F2D9091B371BF7F951
:104CF000EAE829C3E9C31581BB0A20FE1ACA25E1E7
:104D0000D714E4FEF0F228EA33FDF120E43E141556
:104D100005C0234081D8144DFD190D1217FBF2FE7A
:104D200085EC01EEEC2E10032D14AA11EB05EB1C03
:104D300094F5FCEDF0FAD4D304C1EBEF1FECCA1BE1
:104D4000951B302FC8FD211A22201FF905EC2F0FCB
:104D5000FB41E833FDE850F2775908E405CD24F92A
:104D600028EDFA2AD4F726F018F30437DE227FF173
:104D70007F0F16D9F700E6061ED4E4DC3B3CFC08A6
:104D800005042181CFB4F908F7060DDB02CE160821
:104D90002C1911D6D021131E02F51E1F0604EB0D8F
:104DA00033F5F2FFFCE2D1F1E32D0F210D1BDA30D8
:104DB00008E3DC98CEE10AFD341EEAD3DEDC2014E1
:104DC00000DADE10C71DC70EE70DE50AFE22092531
:104DD000C521F3101128F301FAFDD0C8050AFC1112
:104DE00060E0E9E12ACDFF021DF80E47E1F8182343
:104DF000CF3EF01224F7D20BE0C122BADF31F645E4
:104E0000AAFFBB830581F9AE5FF52E40E64FF6148D
:104E10000B00B5C9C0DC421623E90740FAFFEEF7E4
:104E200017E1E3E4D9F11CF6D408051C280C1103A2
:104E30001CB414F80EF20AEA310507EF0B12D10E7A
:104E400009F71B10F3E519DC4720D5F7EBE813FB56
:104E50000718FD2DF9F22BE224030B22E91B1A0B94
:104E60002B380DD922F627AC92D30407EFEB0704B9
:104E7000327F81C5030FF5E69601EF3536DD001769
:104E8000F90A12FA1F00DAD8C013E7BD0512030DA4
:104E9000D4040AB3193B18E3EA21D743D40AF40B2C
:104EA000B4FCF7D206FB1F0BB6E323EEF90C3DF181
:104EB0001B10F0090303FAF6A8EAD81400FE18380C
:104EC000EA0502E00A14E5F3090DE5B6DD0EE70E8A
:104ED00056161254F4EFE80AEC08C92A06F94AF10A
:104EE000792C1BCB12F817F0FA380D0CF7AF46EA05
:104EF00036140CC828E70FD2CB07D2F0ECEE071D12
:104F0000BF33F1F20027F4DF11211CAEFDE835F5C7
:104F100028E73705032CDF1DD5FACFBDD3FBFAEB0D
:104F2000F5CA283FF5F3EC2A58F7BBCAD2C8E5F119
:104F30000FC0FFE4EDF011CFF6FAD8FD1E2CC1032F
:104F4000D31A09812EFC55E144DDF9D7D8EF2600AC
:104F500067D510195412F9110FE1C4E1160CF403CE
:104F6000FC0FF023C90335FE453ED8E6EBC7F1F64A
:104F70000912141CCDEB6CF821E01CE6290AEDFAAD
:104F8000B3FD1212FC2703000405C42EDF171B1407
:104F9000E2CCC2D1FEC30C0130F0ECE2F027E01805
:104FA000931112E7FFBD2BE6D22EF6E02D0F3AF754
:104FB000EE13D9BDF0D6F2E6C314EAAE021F2CF50B
:104FC0002028E2E41E2B18DB78F9F3FEFBF9A6F3A8
:104FD000000DF6192C2ED207C421E41D2812CEE6AE
:104FE000C6085CEE10FBDEE401FF2DF6FA1D0E0193
:104FF0000B280EC830EAFAF524050DFB07151E2F05
:10500000FECBF5E102FFE52C561CD63E1106EC1B4B
:1050100011ADEB11045CFC39FB12DF07FDEBD5F79A
:10502000D819164201F81400FC00CFBEF90AF10E9F
:10503000EF0E121DFD0CD7B0EFB71C17DA0629FFD3
:10504000FE29FA082C21E7F9EE17ED1E310306E1DF
:10505000024404072D3D44DB150A12FB03E7D62664
:10506000030A03133413DCF013BD0AE7D50E08FE60
:10507000FB51122EC0D3274E04D903FD0F0DF25061
:10508000D6F7EA043211F0B62B2BE91032FDED9E73
:105090000307F6FD0A1C2ADCFD1009E3EBDCFB022A
:1050A000EE0DEFE881E8E40D810D131201FBE91D1F
:1050B0000DE911F3D30E066AFAE916F4D2E9C91B19
:1050C000E90809FC0C09EAA7144B03BC516A1E2B22
:1050D000051A00DB0D0ECFF4DCFA0A0C1EFF0D449E
:1050E000E8EA05EA0AF6E010E40B04F0B6F9DA277C
:1050F00001053D210013F1ADD5C5FDFED8DA180F2D
:10510000F7099AC50914E075F6111109E3170A3574
:10511000EE1D24E77F250EC30C69FC242918FBE251
:10512000E3380500F1F5F537DEFD2D1C0BD233F722
:10513000067904FCFFE5BC0C070DB3E7FACDFCF7DC
:10514000F91E5722F11B08E507DC004324F3072E64
:1051500025B1FAE7F4D505F30E121D0B2D9B19E6C8
:105160000B4E37CD0AE72800F31E58FD9714EB7F4E
:10517000F7FB1AE41317EBEB03DA19DDC4F0DA26B8
:105180000AABD1F101EE1DF71143E71A13D0C0F9B4
:10519000F5EBF6D7F30BEEFE13F4CFEA4812131239
:1051A0005BF8E6FE4424D7CBD74308023CDFF51A70
:1051B0002F27F3BD0CE4CD1CF5D125EE08ECF2222F
:1051C000FADAADE6FE50251E0306300823EBF8217F
:1051D000F10AE6080D1B27F414E3F715C30DEC5C88
:1051E000DD131E1F16F0D6F7F709E50824E9FD10B8
:1051F0001132BF03EEF8CFD109FDF2CE542C1F13AC
:10520000F30FF0D5D6FC9A2504F21FF203E108490A
:1052100009054E17B9ECA95DE621DB112615F2ED63
:1052200046EF070EC30E263733BF3818EDDB361FA7
:105230000138E917160FD19CF2141EF2D7DD01C513
:10524000141F170108FCD3F61BC1280097F5EBD2F9
:10525000FEE61C2FBC83EA0EF23A091B4000EB006D
:10526000F4F3D444EC1BFE3BFEC42E0221BF0CD24F
:105270000D05F614F00D27F0FD11032837DEEF3091
:10528000FCF8F834370DF53CF4DCDA2793D4ECDD88
:1052900013CF04DF2009046020222AF12006F21235
:1052A000164CDAD12506F6490A14191E423E2D1372
:1052B0000A07F808F9EBEE94CE1B04DB203519043D
:1052C000E11517F6EEE73FEB0A18080E331DE4115F
:1052D000028105F20E3221B217AB56E7FE06312DE0
:1052E000F4F418F2F2000FB9D1FA01F71D81FB9D19
:1052F000F9B30506B3EDFEBCF5D0120BF72943D880
:1053000005171DF286CCC5FF1288F60DED8CFDD574
:1053100042450DF70D23EE1ADE21FB270E00232A4E
:1053200006E6EF0F17FE1600E23BF4F722E6BE3862
:10533000FDE80EF41931FA1BFD1D2DF6CDFBEDFB3A
:10534000ECE6017FF20A362B0D933704FDF9BAE53E
:1053500012E8FE15A0F6331FFAD6FD16BCC1E41DF7
:10536000E79B73EB06ED3BF90FF603FCEB2C030018
:10537000FDA27F461BD52CC404BD0EFEF81FF2E62D
:1053800010EEF70E14EA4AF2D900F70BF2E617EF27
:10539000D322DDF6C707F150F015CBE431071354E3
:1053A0001902F7181D341BFF1A1034EBEF272E5883
:1053B0000CCE0FD3CECAF13617EF080B14F303143B
:1053C000E6F624ECEF23ED18F020D116DC0D811663
:1053D000BCE118E8F2C5D8B70CEF2EEED0EDFC100A
:1053E000EFEAE9220C2B0D5923EB28F2FDFFDD1823
:1053F0002E0CF6082935D833F928F2003613014C63
:1054000029EE1AE4C029E812FD0EFCF9FC0420D2B2
:10541000EBDAAAC6031AE249F165FAE31300EC18C5
:105420000D170407DEF0E8EDAA0F5E64E8DE2994AC
:105430003022FDD5D211DE1500EBF324EF069241A8
:10544000B2B5E2D00219A67F0FFF0ED61E08ED19E5
:10545000D7E02201020DD2F81C4F0516E900D41343
:1054600004171002E7FB0BFFD3E31405EC171AB186
:1054700026FFE981E5A9F826CCD0D2ED16F4D5E8CF
:10548000F824BE0FFF30F826FAFFDAD20BFCEDEC61
:105490000518F92B10DAFEC820330AFCE0B9EAEF50
:1054A000A413EFF1120AF818DCCDC8FE17ECE706DA
:1054B00031E51015F6D43E073AEB3111CB0E16A0AC
:1054C000F1F2EEDDFCD11FDB28E834C603245B2AB1
:1054D000F21EEF1000F72061FD10EC1BD7FDD8E4A1
:1054E000FEF7423409EBEDD0E0F9E22014EDFE18AE
:1054F000B81D7F9C0BEAAD6C1BB21D01E5DF11EE00
:1055000030D8DFC5D9DB1BFF0408DDD547F1D9ED65
:1055100036EC54DAFD2CF01B0E0B1C0DE6D2F3AC6E
:1055200009FF0AF0D5F676F32907E31B11140919D0
:1055300002BB33EDCF98C6C335E9C7D9F32E901817
:10554000E00724ED19D71E29303536D320E807129D
:10555000CF0BDBEF0225DC1AF51CE6F510F523E294
:1055600010EE4BFCE70FE00419EEDCE017E707F95B
:105570002AED0D0F0B1723002E421C1EF8FC0AF714
:10558000EFEDEB2FFE02F1BE002AEF052213E1F54D
:10559000D9F4F42612F61429431A02F9FB0805215E
:1055A000F8F71DE8090E38DBE62DDC02EFFB3401CD
:1055B000FDF1DDDC01E4C50A1AE8441EEFFE19CA5C
:1055C000241CC2E2EE21022E121A28F58103F00DEE
:1055D00017E21AF5FFFF6AAB4E0306141CF9E7D772
:1055E00001F8B0DFF8F5951BA8ECFECF060CD03221
:1055F0004F16970B0CE92CE62F1A3A11EB41C9EB29
:10560000FB39BDD22EF18F2C08DE23FB03F3AADD7C
:10561000101C2C1927F945EB303CEAF80FDF12E299
:105620000AFC0113AF070F1DF0071E060BF8B05858
:10563000E5EEFFB10F1EF60CEC1BFBECFD29E55B64
:10564000FC1A69FFE0F513B441352DDD10F0F015BB
:105650001C1BC2DDF3DAF9DE1FDC231CEE051C0C7B
:105660000C45C719D7F4DA0D25091A0EECF4DCF74E
:105670002933EC06F5817FED09EF3B0DCCEED50E1D
:10568000B506CD08F9BD9CB1F446FF3F02D2FE0D30
:10569000E20ED50BCCDEEBFEE5E0FDFA0907E81ED5
:1056A0001FF8C37A00D929DCDB34E91AE2022C06A0
:1056B000BCF1EE0F0AD7F10FE00DF806EEF54FC47E
:1056C0003CFEE4F20919D0F207D828E70A432A0180
:1056D00014FA06F0F54BE9CDBF1FDED9F8FD051E23
:1056E000BFDE401C1FDDBD1EBEE710F9FA1202FF2F
:1056F0007FFBE5E71A25FD58F2F01902191631185B
:10570000CDEEE2FD2FA13EE60DEEBF1523DBF4F357
:10571000F6F609FBFA0DC42E174F3BD0DAD1BAC901
:10572000E1F80D2E1E31DFDFEE25F8080D3CFBDC25
:105730000AF2F2CCF92407FEF3E7DCE424E8E0ED1A
:10574000273DF8F8EFE4DE028E12E31F5D2A1AE926
:1057500000492E09F307081AC811EFFEFBC2C3C99E
:105760001B09F1C90F2EC7220DD0F3FC25E721ED4F
:10577000181710F4EF48071AFD810DC3FFEFDF156E
:10578000E5250952FD4620D50628E40DFC09BD1A81
:10579000CEB0B3ECE3FEB80000C6B002B5E51A0D1A
:1057A000120FF92DAE1812C004F71B30FAE6E13ED5
:1057B000B61413190ED73FFAEDF318E406BDADF495
:1057C000F7C50C0308CBEFCBF51CEEF3180C332117
:1057D0001109FA0AF30FD1444EB65505FD155F22A3
:1057E000B41CE0E408F903DAFA06FD13E7DFEB0F77
:1057F0000EECE5F31BD6D2FD04491A23F308FD2471
:10580000553353FAF313051212F0F61AEF0796EC1C
:1058100004E21705F9CBC9AC211E2903F6FB0F30B2
:105820000801350C1AD76F210D4800EE9CFCDB9562
:1058300006057FF3DE0F64FF1402E2A942EF37276B
:10584000560932F333BA0A480CCD041915F8BBE6F1
:105850000626F436D1EAEB501C021E43C8DFECFCEE
:10586000C6F008FAD80A384FFC170707D1E3112011
:1058700000FEE701390DC5CAE71DBBF1B8E90D24EB
:1058800028EC03CDE8DEC3030B00F61CCAD2340DAE
:10589000E6170C2B0B05061808059D13FAE9F930DD
:1058A0001C191512FBF99837012DFA1BEE34CFE3C2
:1058B000F57FDFE50FEEFAE1D9122CC0E4F9FBAA7F
:1058C00028ECFE21FF361BF40907C3DF020FFFC3DC
:1058D000E11DD30AEA0300FCD200F5F4E5650407F4
:1058E000242B04C1F6F426F910F711E51331F11950
:1058F000110213E377CE297F0310FBD9EEE7F729D6
:10590000EE4A2412FBDA992D300C0D4600F6E70B17
:1059100024F0013AEF0B11EF0512F026E4F0E8DD78
:105920005FF4F41E9F1810D1D80011DE300E31281C
:1059300044FA2A6B06BD030EEF2A0E4D240CD41830
:10594000D91BF4012D096B16C82CEAD708E1061EF5
:1059500019CD0A1805F5EE59E9E4E310121C1321DC
:10596000021BDBE520E23F05BC4BF762E82BEA0AAD
:10597000FAAFFEB81AD42414070A2EE9B7AD0F19EE
:10598000DFE3103A520B6C4547293D3411311708BB
:10599000EF1526EF0AE2F60EDD18FDF8FE1326B528
:1059A00010FCFD02EC000DF0221E3110E01B3ADE6F
:1059B000DBE703032FEB0003F102E34AF1E60D1AE4
:1059C000F8EF0CEA201B5006046A010611027FB6AC
:1059D0002922F913D11A2FEF3C071CE1D7DAD2F7AD
:1059E00015D21824C6F1F722BE072BE7FABDC8046A
:1059F000F532EE35EBCD0ECC17FF0DF7DA100119AD
:105A0000F78C173FCEF4C10B9ADFE3C8B6DBDB1986
:105A1000250B0DC8CBC6E7052F1651E1FB1B1D0852
:105A2000C6F8FEF316FE11D8E0F8FAD508E1F72C17
:105A30007FD9D00638F7F91FD110C1C1E915D10BB4
:105A40000EF32611F51E4912A000F74CFCFF05DEEF
:105A5000E7EBD72B17F8D92432390B0312252ED5B3
:105A6000BC04EE0F2916FA022327F43DE3040131AA
:105A7000D60BF8F71B08F001E10EE85CECDC1AE944
:105A8000350333E215DF3104CCF910F0E3FA0F29C6
:105A9000201B0FE72E07F5FC4AFB1F555A21F9374B
:105AA00041FD09E4AB0828E30E171BE124263D1154
:105AB000F1D23630E9131702FE26E5BDF503DC848A
:105AC00014DB1247202BEB22EB29E8090CFC0F27F3
:105AD0008D1AE4F8171111AFEFF2F4E0FCFFFA149D
:105AE00003180B08DA2A42612233D31322F62A66FE
:105AF00012FE1D14DEF7F51A02AAD7E716EB0DC742
:105B00002400FDC3CDCDF8051FFFFC1D0CF83F4957
:105B100020F6FBF9EFDFF7DE03EF14FB37FEFC01A5
:105B2000F7101842B520C1D6C423131ADAC1EBE12D
:105B3000DFC207FA42F3FE08D4D8B713C1AF253A43
:105B4000FF0E1507920209FDCA330318FBE4E710A4
:105B5000DCB00CF4E481FBE01BF42CFBDCF1DE1E7A
:105B60001B0F2E4CBE39A815E5BFDC4BD0F0CCD5B1
:105B7000A432D23AF1D80D4660DBBAE9D5E49DED06
:105B8000E8FBECEBDEFCD120C51C13DED2D44E02C8
:105B90003BCFF9D6C5E00A0744F4F3E2160AC4E89D
:105BA00016ECF735152933112C19132700EAD80AFA
:105BB000F840EE3A59122E6810E62A1BD3FEEA127C
:105BC000DE21EEBA0BF4F3F5FAF8E2B8812BD1CE70
:105BD000E504FD5CF920E437B75801F9056215E6E4
:105BE00005F52416EAFDE1D5ED06C03E07043A2985
:105BF000CDE9F17FDCDA0C19D4DEFC1C19EFF7F6E5
:105C0000060F401D9CE501F0CA1A06BCEFEDE4C08A
:105C1000D60A0E1101F608041AEA47AFCD2FEB4958
:105C20000A23FCEBC6CD0FE9DC130529DDC1CFA6A5
:105C3000921C2CE819F120F40403EBBF23EA3D0A7F
:105C4000C0001CEFF4D75B09353ED00A20FF0301EA
:105C50001FC9CF16EE2315040808A036F0E61CC7AE
:105C6000FB34D327EA4F1B17F0EE2249DC3815FC32
:105C7000EC0E01E3E7E03319EAF8F4E826F513ED5A
:105C8000FB130E22F0F7F6F827E722F0EC07FBF5FE
:105C9000F8D1F604E10E087F4AFE450AEC50EC43C9
:105CA000CD1CDD0608F0C5BBB200E55914FBFD06AE
:105CB000DDDAE33EF51B1505E4D350E311FA2CE3DE
:105CC000F2090B1612C302662CFDD8EB2F0A28EF3F
:105CD0000A272E37E7EC08183BFFD325E8252C14BC
:105CE000D7FAD8E6C7EE032106E309C1F31DAA36A9
:105CF000D2E59F1DD11B2201C5E50A52E81A1313F4
:105D0000CCFFDEEB21FE11167F2B0238F4D103DD30
:105D1000CE2122CCFC1E0132F323E833F9E5E9E879
:105D2000272626EDF6CAF7F6ED28ED3B19D9F4162D
:105D30004D1D126FDBD84527FFD50EEB1622E5B2BD
:105D4000CA20E1DCE6281DF801E7160120142740EF
:105D500092D33416E8DEE53423833CD5E0F924D72A
:105D60004BC9D01CD81F2173B0FEEE2EB6060DD63F
:105D7000D7AF2904DB20DFFA9A45F10DFBFECD09F0
:105D8000D5F3FA4E09774CF2103EEC05FAF4386A76
:105D90001A22E8DA0CE8E0E4FA56C8B9151107F55A
:105DA00004299FF5F11D370F330D28F9FA16120853
:105DB0002325BABAFFF2CFF8CBE1E3DDF5FD040508
:105DC000DBF42CC728D8132C5D2C0FEA08F8656784
:105DD000F70503340EE720FFA1F64CD4E587E92B45
:105DE000D404ED1EEC33E4E9E1F6B20BEE02DEFC86
:105DF000C9FE14D9EFFFACCC11E803313BDDF2D87A
:105E0000E13C1CDFF7ECCD353DD9EFEB0DF8D5E5E6
:105E1000F7EE120BDFD7CA21C1F132060B222FFA9F
:105E200011B8EA18FDF80D15E7DBCB41F2EA0CF7E3
:105E3000A01D5C0CFA3712EDF31738FFE3C3FEDA4E
:105E40001538F9CDF205EA0DB520D01EDFEA0C15A4
:105E500043F4DC2BD1E00703E1F9D4D1E323F4F8D8
:105E600057E338F8CBD718B9CF0D203F0F110D0BE2
:105E700003ECACFE181AE2D1FFC3F1EA0627F26385
:105E80003DFA11D904D5E94D20F2D6EBE828E40A11
:105E9000F1DDEF4D21F16C06E81037162BFDE939E5
:105EA00041FFEC272BE0CAD5062CF7E9F94F3A6DF4
:105EB000DBC80BB90424D5DE2203ADD80828001DA9
:105EC000100DEE00F4DE20E2FA2113E0D3E7ED1C22
:105ED000E40712BA2C3E29E9FA0C0206F0D601FBBF
:105EE000F2D71CE4BDF90ACAAC8E166BD32D1BD8B1
:105EF00036D307F9EAEAF5ECF7D0EC15F51D37F5DE
:105F0000EF05EB06F5E117AADAED0C0EE1EDFD0C5D
:105F100008BFD41D210FF1171C2F1BF801BBEA3459
:105F20002914F22E0D37CB4323FA3668E30B8E2269
:105F300008F7170A17EBFCD0EC23F9FB0558A1F57D
:105F4000E4F6CE25C4052D6BF4EB44FF1BF7812B43
:105F5000E1EE3EF2E6310B4E2218F1FE01D015E1E2
:105F600001080225B50014E3EFA93410CF1ED2F4C6
:105F7000B8E20F048120ED0498817FCA08423EE117
:105F8000EE03310A07090F35FA2E1ADF10E41D3E21
:105F9000DAEDC7F20581D6393006E9100CEC3FB1D5
:105FA00018E51EF7010066410811ECB6F60A4AC969
:105FB000464B1FF809210B1D10E5BD0EDEDBFFC6A9
:105FC000F4FC1FDFE8E10EC119D0CFDDF6CF9A0552
:105FD000D709091DC805F41006EE13D8A7EF003441
:105FE0001E0D2B2AE9AE0A2411F50CD70F1A1C043A
:105FF0005139B405F21FC7FA0C09180D00F75CF30C
:10600000261B4881F5030507C5F698041333F8BF2E
:10601000A82C03F529F525C3051C16E7FFC2E3FFED
:106020002FE4BF2D1FF0B71CF43042002117588118
:10603000AFD1EFE6F82F20E5DED005EF0316F9F437
:10604000F3E226E053ADD8F881C3F5EF030DEDE49C
:10605000DD16401314050CEA1A3417DF19DCFDFBBA
:1060600016DD0D0A19201D08F7CDF607011BFC19D6
:1060700003FFEBFFF20E28B4AD11F80918FAFDFF8B
:1060800000ECF114061DA0170CF92CE7D7E8BAF0C4
:10609000EFF9810B14E20900133E2308F70224AF45
:1060A000FA25090F1DF6A712DFCFE8BB45270A1F07
:1060B00003EBB8F8CA071403083FEC0A19CF43E40E
:1060C000F217FFFE0E0ED62210D627192CE6433308
:1060D000F8C4B6EA28B2E5FC0FF6ED01091B22056B
:1060E0003927C71C12C1E4FB1FF5EFF524E2D5EFF9
:1060F000160605D3210307FABFA1F0D702EA281339
:10610000212DECE93308FDF1E707F80ACD1D051B49
:10611000F40CD61A12DB2246EBE6A30F2BE5F0F2C5
:10612000F5E2EA03F0F6261322FF0AFFFA04EC1464
:1061300009DD33F8EEEC38F819E3B6592B2703B72D
:10614000B195FD045C37E4F0E524401EE4022C1B0D
:10615000E645DBE61A81D50A1412C1F616CFCBFB51
:106160001CF3D4F4F7F131FB15F831EEFFEC07170F
:10617000E54CA7F82C0D14D5F9F71E0C2BAEF7FD46
:10618000F3B4CEF663EEE6EDFCFDACFF1ADF2107BB
:106190003105E31CD3F1F42AEFDD12180CEE1602E0
:1061A0001D0A0308FA4831F1F10C1EDF01E304BCBB
:1061B00020E7ECF5FEA5F114DBF0E8E00BFDFBDADF
:1061C00018E459E374F8FAD418DD65FD0C077F086C
:1061D000FADE11160B4228FD26D01501F52DEDF043
:1061E000FD3724E8F0E501F207C822E30DFFF921AD
:1061F00015F81FDFC52330CC29201E0FC207F4136A
:10620000E686CBFBFF100D060DC202FC07D5F50A92
:106210002DF4C9E3F1E8FFF11C4AA90CF8EE47217F
:10622000F80B3612EB0319F9F9041DEBCF0D4E01F3
:1062300008F0D60BFF09251BFAF6E0F20503B61E9F
:10624000FE054AFFF3F620FAF6F238F92E0EB5F8FD
:10625000E4DE9CF9F32608F2ED19477F15D30CED27
:1062600026061F09612D390B08F63500EFFE2D15A6
:10627000F50725D5F4DF061AEA07310320F116D118
:1062800012F6083CD715F5F208EF04ECF8F4E9EE45
:10629000C939C7E2F5E32D2BDE30D20AB3E1F80CA1
:1062A00006E165F9CBCC730D535317F4E1090F14D4
:1062B0001130C1FC1AC1D9FEF9252EF10B0C05FBDA
:1062C000F6C2F30DE73FEF01E30ED0190BDE0BE151
:1062D0000FBA13030600129ED9D5120204D9BD01CC
:1062E00007DB01E9EAD3F713381B9BF522F6F21F0F
:1062F000F4F397DBDFD8DF0700050600ECD6E314E4
:10630000DAE69EF602F52CF5D67F08FAFDD3D5EA3B
:10631000060FD0F5F3F6B7101709010D2D06140777
:10632000F2E14EF6191FC007DF37F2FF9A09CE05DA
:10633000ED84E9FBCAE3CDFDAE9813E51DDBD8D1B2
:106340002305BEEF7F36210DC8F8BD02BDDC2E123D
:1063500032A7EE02250EC4E601FE19E514CF0ECBDE
:106360002C11DDF5ABF9ECF2112AC2083B17FEEC5B
:10637000FB1A131DD40730EB00D711FD00EEEC041F
:10638000EAEC8FF9FED8C305112E3EF8B9E2F8E425
:10639000E6DA27120C10D1F9C3E3050EED0E4AD44C
:1063A00009F619F01C4906F90E46E2077DFFFEE8E2
:1063B000E376AFFAF608F6DC2AF707E0E6DDA0F4AC
:1063C00007E20D16C8FA2511E15004E80721D5E5CA
:1063D0001EDD4A09B2A8EE20159708E600EE05F387
:1063E00002141C13F1F2120FD212EE346BF40B14E0
:1063F0001FE6F3F01AD8EA12E7063EFC3B361038E7
:1064000017062C15DE0CE9120A34740509CCC0F706
:10641000231408F42002DB060BBDD5F606C8DFF214
:10642000E2DCF3E12CE0001321F9FA1FFE3809BE8B
:1064300019ECE01841E105F9E604ABD10AC1EDF52C
:10644000D035F323F5FAE1E7DC48C308081E49EA32
:10645000F2F02E17FA183C02D9240BE0181FB8F2FC
:1064600001C736CCCEFAE8FF10E7090AF7E0DDCA2B
:10647000E521F2E4ACFF1725AB0E2DE8FBF0FBD0D5
:1064800096F4D3C3BE3805E8050823EB071413CBF5
:1064900017E90E04DD2123A200EC0EFAFEF6CEF37E
:1064A00018F5B71596BA22E1EAFF88F5FC0C13EF50
:1064B0003618F6CC3C07210C32F5373D221CECF4A3
:1064C000DCFD1C0F180302F1DA17F50708BDFABA54
:1064D000BD0881EAECF00ADAEBEEF3F9E108A0A3DB
:1064E00018E7CA82FBDFE527F9E6EE0C1DFB2D3726
:1064F00002E4CFD981D92B04C113A40BFC18DEE32D
:106500003C0CDB2715ED3E81C210F70FE9FD34C2CC
:10651000DCF91F3A0AFD1829C7E1BEE8F94C07204B
:10652000CFDF13221A4B0A0033F3091801D03A1FA8
:10653000F449F0EED52521097FFE607F5AEAE2C2D8
:10654000ED201409113739513CD7551F1AE3CD11ED
:1065500012072607F4FA48DD1AF1F33921085DEC39
:106560002DF37702D637D5E621EEDF18BFFD10D325
:10657000DB06FAB2D44AEDFE3AF0F6F9D403CDC9FF
:106580000A02CE392EC3340BD708E506F0F2D3E267
:10659000FEEF2E0AF72DF2EAC2BAEDE73F2DDC2915
:1065A000BFE228EB0A01FFF23500F5F63AF80ABE21
:1065B000F1053214F08112C022FCC70BF925E74027
:1065C000DD30EF340CEDE12724D8ECFACE3BFDBFF3
:1065D000EC24E216C8FC1A1CE80507F6EC02FABC2B
:1065E000E7EDAD0927FF1E0900F915E6FD211ACCDC
:1065F000ECF0BA42063A284E7A013D29E8189B0C85
:10660000FEEAEEFFF2F51CC544120B15F42216A4A7
:1066100032EBA2FC0D0F05446C0607CA3426041C9D
:106620002500BE0C2702E900BD24F3081BCCC8F3EB
:10663000B12C2FE5B344D812300DFD05FB00F4EF6B
:10664000FE1BFEE3DC62B6DAE9042EEACFEE40354B
:1066500016F3E6F9FE09CD10E5DC5012331A261DBB
:10666000FB0435DB9D0D52F060E30619E4052CCCEC
:10667000CA23381FF8D9094305FDEE0B113CE1E3AD
:10668000D71A260FCA1BF8F3471908DF48094AD35F
:106690002D1C07EAFD1002F1D252DA011BA61B1BCA
:1066A000F60FE0FCF1FCF2CA1D2ED3F80414082BFF
:1066B000EB05FABE1930FC125DE308DBFF1DBF23BA
:1066C000C81037F90FA50125ED0FD2F5D51F00EF42
:1066D00033DE28D5F0E014220206CB21D2BDD50E40
:1066E00004ECE4F1CA13814A0910130725051016BA
:1066F0001E0804D7F5EFF5E8E6E7F7D7D820EAE675
:106700003522A9E720ECBFF424F611BD32DEE816ED
:10671000E8E948DF112B13DE65041242EDE8F22CA4
:10672000ADAD06F20F092CC9D3F40202EED8EBCCC2
:106730001B031FD019DF1A30EF1C0D073302340F73
:10674000F3EC271190B7DEDEEB0C3C071AF6D6DB34
:106750001ADB15E0E61B0FE5F7E2EF1D4B04F5BC75
:1067600002DFDCFEA900FC160B11FF8208141C09D5
:10677000FBD5EF1ED211D3BE9A2BE6BCCBFFC229AC
:106780008AF5F4EF45332B3FFAFC3A10FEF8CF1BA5
:10679000BF27DCEB0BDA0EA8E5E5DB25D5F101E040
:1067A000F841D9D8C719EB13F7061FCE28EF01120D
:1067B000BDF8A209BFFDF11F012C2E1AEF11F0FF49
:1067C00028F9FDEEDB0B04750CFD2DEDF002EAE57A
:1067D000EE8CEFEFDEB5F64D01FFE5FDEF58E0F092
:1067E000DE0329320D3E01B216C5F8F1F3183C3B29
:1067F000EC0409EA28EA32202AD513463A2E2C273F
:10680000EF7F2B5F0027F358F0F4F2E8F007112B2D
:10681000E5E723FFFB0734DDEDE4A411FC4FEBE9D2
:1068200005F160E0ED1119E409ED0A0800D581F4E5
:106830007F37EC1B520319EFDAE7E5FA3081CE67B8
:106840000DFBD511B71FD2F6C1E4CF51F3E6D9FD48
:10685000F90EF0C125031D030132E22712E0F51302
:106860000FF5E223E5EA271E2635F2F5EC37F9E5C8
:106870005339D202EA2EBA03C7D6FBB1303A41A649
:10688000E7E33503B90C0CFAF4020AA90EFE3CF258
:10689000E7D40F8FE41BFBF71E47D6064DCAF5FB66
:1068A000E812E3352DF1ED0509B1FBC8DB15FAF36C
:1068B000F225E1090F16C00FF0CA1E2DF1F0D8F530
:1068C000EF36ECC9BCF12C1CF8CC03FDE5CA0E195F
:1068D000C5F2EDBDF1E90DF9DF2DE908C027F0E3C0
:1068E000072029EBE010D405E52209DDFCEE28F2B3
:1068F000E75D260B3B02A218FAE4D0BD33D1FBF5CD
:1069000007171A060AE5F6B5EFFCF3DA88F002EE8F
:1069100024F4E52EE22AEA42FC1B018D5AF2F3F838
:106920000604E5D70DF2F104F9EFF7E22008DC02E6
:106930001525DDD208F231D11003FEE5D2F8F2CAF6
:10694000CE1CFAC0B9E6FA53FAD98BE8400F1D50B5
:106950000A11EF2AFC6AFE42AC0821C63809130C62
:106960002B2D2AB1B6F4D6D5337F25390020F44A31
:10697000E403FF3C0C02E93D2CF7F90875FBEC2B16
:10698000280E08F600E409E24A1EE84AFFD7E0D7DD
:106990002146D366F4E6FCEF0326160050F319EC0B
:1069A00001061A1ECC194CFAEC3A1135E508FC0028
:1069B0002512FA338E1ACD35D31D25BEC5F3C50772
:1069C000F0EBDDE4E9A4E3D5D50BED9B0CCBD117BF
:1069D0003019E8410F0C06FD0AE2EB3615D9E2DF6B
:1069E000060DD7EA19F7F2E2F719DAE2244BCE01E5
:1069F000131D3633D61A028B44CF10C9F0F1F715A8
:106A0000231725D420FCBB10E724FEABDDD23D6468
:106A1000F5F216D863F5030C1CD41AD1D1EC5C0B3B
:106A2000D467F60510150CC7012309F7FC42234073
:106A3000F208EF383900EB11E0F2E91E13F70F1AF4
:106A40000DFBE3EBB62105E4E8072EE6E410BD0DEF
:106A50003BEAE2EAF5EEEA0E130DFB15060449E700
:106A60000F1AD3C3D8F5C20DFC0CD6B2EA0DF5D57A
:106A7000FF1AEE35FA04F204F7D7221A14100CE1CB
:106A8000070C94F123F80FE607FEF2F621E3E3D1B9
:106A9000FAB43BDD190FFF18F707EA1685ED5AF433
:106AA00009F0ED2B86D449C45FF6261D1660DC2C58
:106AB000153B38C7FA17FF0CF801F129DBDD061288
:106AC00008DBE72AE7E8F9ED430022F955DDC910B4
:106AD000E326E89ADD15E9DDDD10E92C4019DCFC40
:106AE000F1FAE9390926D07F22197F17483BD711DF
:106AF00019F5032CF74802F7F5D62B1205FCEB2706
:106B0000F6C0FFBFF800D6E003849E3027E926F6E2
:106B10002E3BFD18E4D70F12D32719F11BC5DC0A51
:106B20000114EE19F4FD0CF019C7F6D0064821DC6B
:106B3000F5EE4026DFE2ECFFC005300192F4E062A2
:106B400036F8FDC86A1A271CBB1815D9D92C180BA2
:106B5000FD501629D10617060F0CF7FC27CBDF24B2
:106B600018D1EE0A0638F85DC4EA163B10FBDCCDFE
:106B7000F8B5EDB03253F869E1DE2013231FF62794
:106B8000EEDA02197FCE09FA3626E6F1000AFDFC9C
:106B900004FBF11135E40B2EE205C701C5FE129688
:106BA000FF0FCA2D0E4812F26B0F2518E88C8E3994
:106BB000F8DECECE4D3705DD20002605D5F4EE4DAE
:106BC000CDD2EA81310F4330091EEF4319FBF3F7B1
:106BD000E50A03FEE741E91FE6373EAED009120D94
:106BE000201A38EE1A225C23A11E00E0EADD261AE4
:106BF000FE300B1612EAF6F34A28F02EA9F10A0D20
:106C00002D3DD42B341F1622DA05ECF5F4F80318C9
:106C100004122BC8E4DD32020D0003CBEDD809F7D6
:106C20001FEF3FEDE6000C11F809B7C9192EEDFF73
:106C30000FFBE2DEFB11410CAAF1080015EE06C1C4
:106C40004E0EFE17EE1E5BF544DBF6FB0F42F081A5
:106C5000180DF3F206F629E248F4181E0619F7FC9F
:106C6000E4100DFF19FAFBFE14F6FC2BF42CA1F531
:106C7000B8DB2204FB2B091D0D0CE01341A1D7E763
:106C8000B71D13DDFE0F02FDFD110AD610EFEDFE5C
:106C9000402B0918117F1063F722020F2D124FDBD2
:106CA0002F0DDD47EFE1F50DFCE50E10B707D2FC27
:106CB000EBFCF13AF4EBC0F90C050D12EEE2D43422
:106CC00014EBEC00F621113C143403FAEE8FF63885
:106CD000EE139F2CC64BF5CBF9E712FCFDCDEF6709
:106CE000C8FAE7F6F7D2EF22400EFBF6CBCA127CC9
:106CF0001901FE4204DA2704EF10E4FFBBFB003B5E
:106D00001BF6E23505ED06CB81E00BE2414906F1C9
:106D1000C90F02ECEEAC035EC6E6CF12D300C91970
:106D2000170CF0FD17FA11E60000FD1C1206F2E543
:106D30003926F816F8C61745F1EFE602D3DEF53628
:106D4000E622FF16221DF53E28E41003EBC4DCF416
:106D5000024016F4F3D919230204D0CE0F02DDDE6F
:106D600007052F0525C01CCE2796012DD4F5BD940F
:106D700096FB1DFD19F12732ED0F00ED21F504C83A
:106D8000D3F4F138EBCDE21E16E20326EBE6FE600B
:106D9000F135FBF9DEF308E7EDEB15A8DB36F33848
:106DA00004FF030C18B60AE2E1EEF0F00C18DB1950
:106DB00017FA12F2244908D544E50607E0F231F645
:106DC0005A02D6E20C053CF55DE1E7FCCC28114007
:106DD0002CD9001003E81522E1F325F4CC00C1D230
:106DE000E5D1FADEC3F6F251291EE201FD2ABED139
:106DF0000319D12EF12BEDB6AF231AEB1BEF2101B6
:106E000001FA02FD1CE923EEEFFEED2619EC0FEB73
:106E1000D2DD14D0A2B6E502DDEEF304902523D432
:106E20001DEAFCE8F233E7C2042509EB162BFEDA73
:106E3000CC0B14F2D0183021E422EAF8E5ED03007F
:106E400007E41A06FE28C4F20ED7F9D9094A340617
:106E500005E60B0AE2FEE72DF0FE08EB28E9CB047D
:106E600009DD150BFF38A225D10E0AF5460F12FADF
:106E700031F90A24132914EF1E1A08170EC81D36FB
:106E80000DCDE3FE14FDCC01DED61E161FF0C0931F
:106E9000DD33F0E9F7DAC39DEFF308C90106F81D09
:106EA000000A10F82BD3B2C6A32ADFE413AC0339CF
:106EB000EF25FEE20536100010E808002FF531C678
:106EC0000805E5FD08FB0FCDF6290EDB090A1DB20A
:106ED000F5C2FD0DF0D90EFC04EFFF0D063AE0CC33
:106EE0003BDAE91A19D8DBFEEAEC2440DD46F8B3B8
:106EF000CCEC3DF8E0CBEE4CF00030E0E5E4F8B34C
:106F0000F6DA00E8BA3681E59CBCFBFAE24BCB141A
:106F100000EA7FF5511516FC21FEF111FFC9EDAB1A
:106F20000CBDEB111C1CF82DE2F8FADF20D802A6EC
:106F3000EBFA23D705F517CC361A03FE0816FD1712
:106F4000210BFFE606810ACBAEEFD47F2BD8009948
:106F500008030CD50135E9FC36D22146462C1C32FB
:106F60000D04010DD910F9E8E6EE081088D8130FCA
:106F700004EBD207E89D3FD6F108F6E2171BF22199
:106F8000CCFA0DFBFF35E4EF2B10FD0ADB22360FA8
:106F9000327FF2F5F4F9EAEE02E3FB06DB3D20B7BF
:106FA000C7150700190E09FE4B1505F53003D6DB92
:106FB00020E2B110200EF3E5CCF213060C133ED103
:106FC00013E2DEE2E7062613D016F8007FCCD2CC1F
:106FD0000A07FA12FD1117FF190FD5FDC4B624A434
:106FE000D7B4EE2CFB1FD6B706E0FCFD05040ED38C
:106FF0000AD4FAECF6BFEE2517E6ED15624B17C37F
:1070000008FADB1AFC0BFF21401B0DDFDAD902EC7A
:107010000BF6EF12EC1B3CF61B091312FF26CCEF0C
:10702000F000FFEE17D8FEF2EDEAFA17060075CE73
:10703000F602B921F5FED714041D35BA13E52BE687
:10704000221602F9182BC18EA304F4F3C907FEF22D
:10705000E9C7EA1511D8EF00FFE629D10D0D430F5E
:10706000001DBCF80236D20EDAF42CF652F7E5F326
:10707000E417E7F20CDC31061BC933EFEE1DD849EB
:10708000C1B7F9DDB8DC170D0A47E93BEBE1F118B0
:10709000E444F3F5E73D33D040E53741EFF7B7B0CF
:1070A000D836071D51E324FA98E1EF08F9D81718EC
:1070B0000206CF1B14D8F5EEE0F83BF5FEB927F930
:1070C00024FFC081F02A4B4001E626F9192EF40E68
:1070D000B9D7811E2F2C30E312F2010CE4CDE7F476
:1070E00002150A24702EE0E4E2E3CB16EEF31BC493
:1070F000E000EAF40CF2B6B583D466E91DEBDFF2EA
:10710000FE0C0A225E0D02F9F7F28A33098A0DF2AB
:10711000DFB8E212B9C65CE48110EFD5F8F12FD5E3
:10712000D21A0AA90C1B1F32DB2115C121FF6DE900
:10713000D8992301064B0B12C3E084E229FA109A76
:1071400000432E0C1D031AB2020634110A33C91A69
:107150002FAE1748EB0EEE0ACF1E39350F46240529
:107160001C16220D10F8E7C5161CA20A1AE6CC1050
:10717000FDBFE7F8B1C3E8BDF416103DE44FEFF8EA
:10718000CB0D88082DA31DA8150034E0314C01CD8E
:107190000C91F4EF34D3352A071AD03683C40F1973
:1071A000D802CC23092DF717DF0E4CCDF5003E0792
:1071B000200828F1E41FAEB3B70ABE17DF0315138A
:1071C0005415F9E5F6FC272CB82DD928331912CA25
:1071D000FCE4EEFC24DF6AFB24F3FF0BEA53F729FF
:1071E000D92D0527DC0BEE15C6E73935F7DFDFDBD8
:1071F000F8034CEE58DCD7FA132705F60846CE10F4
:10720000DBEC991B080E1F1A0607ED0B1DDDFF3383
:1072100014EBEBD6D4DF19F331DEBF32CFF2C2224A
:107220000D17BEFE1ED215FC4CFDFABAF1A7314A6D
:107230000AC8C3E4351D27F9F2EE5309F806FFFE2C
:1072400015EFD81BFDBFF1F6F046A6FCF41A36D1B7
:10725000FF1AEE21BBDD072907E744D8CB0BEE036D
:10726000100DE1B5BA32BF391B2DC7E37012EAE940
:10727000281816B3212021CCF0DF120B193DEBE5C5
:10728000EBCB1DCF0FE1E12008E003FB35F4701DCF
:107290000CE8E10AF3EDD60FC781CA010F001056C2
:1072A00028EBFDF7CB52FF551B01A21455BF040F6D
:1072B000EFE016340802E6E3E0BCEA030C2E1CE91A
:1072C000D2B4F43B162EE0E336CD0F240EE206FED8
:1072D000F711E6F7E3211BAC2422D0FF2807C81DD5
:1072E000031A121903D8B10BFDEB38030FF7F6F1AF
:1072F0001A0425FFE23AE0D92EE00FF1A21F52F75F
:10730000F2B6D6F30A07090B46D0ECE7DAF6EEF749
:10731000F5E2E8E4F920091ED44D17331B08D4CB5D
:10732000F20D0CEB0103F013F2FFEB0FFBF9272238
:10733000A5F2BAE3CDC4AFF5B40ADC19D3126BECF5
:10734000D1F2FCFCF841F6D6272F9F2E68F9274A88
:107350000E03ED1AA21B29EFD2DA3E110CF2320114
:1073600028F1A043ECF4FD0836352AF8FFE1F4D803
:107370005E3A2105F02EE306D3B202F9814EEEFD0E
:10738000FBDCE515E7B3F6AEFDF3EF21FBD4F91115
:1073900005EEF0D5ABFB853B0000DF124B0403FE8E
:1073A000DED4DE22CBB424E4120436134B23D48182
:1073B000EF030627301BFE0024FF211111F2DFF638
:1073C0001F02F9FACB0A81C93ADD020B0E05131030
:1073D000031B34D400F1DAEFE5F9EC1FE8E01E2DD1
:1073E000E0E8DFE710F9983A10C2D2FF2919110F2F
:1073F000472218131CF2DE2E05E1FEDC32061B28A4
:10740000532E003E2218F217C213DFC7DFB9211C2A
:10741000FBE0E92BE915C344EB26C9ED0A3A0B154D
:10742000EA0CF2DFFE81FC262F151ECDED0238FBA3
:107430002BA4F4ED4026F6F5DE46EAC7DA23F11870
:10744000331E0000FC2FBF291B01023916CC171870
:10745000096E08E706FEFD013FF72AFD7EC52BF702
:10746000E5EFF600E32F0E0034D20FE81D1C30FBD1
:107470001305EBFB26101D19C32608EF3E0EF20E76
:10748000E5EAE1D3D1CFE4FF09480B01CC080BAA10
:10749000CA31F6FA4409002009C800E74121E1CCCD
:1074A000CD1347DD401E8115F551F4D63C4C17D85D
:1074B0004A25DF0A210FB30442E3FE1EEA70240CC2
:1074C000F31FFACD6A2DE3FC1407E321394A051AAC
:1074D0003FFFF01C3532DA1DF23C21EE12E613D7E5
:1074E000F421BD22E63324E5EFB7F7F24037F1DBB4
:1074F000FE23F936B19EC6D1FE0534F423FF1F1DCD
:107500004FF704050B3CEE2DC0302A394F1A010706
:10751000FFC308FB25C313284102FCD3092407033A
:10752000DCEDE900F7F30724D9F012C8EA08F524E6
:10753000FEEED40E08492B17FF063BDBF73A16A1E7
:10754000F5FBF206BA5A0CD0192218D4C3150CF563
:107550007017F4213119FBAFFE301FF50925EE0439
:10756000D71516E127081CE9160FD60337E6DDE626
:10757000B4FB23084C9C2DCC5EEEF9005813050299
:10758000B2EA49F2E62EFA1E08E7151EFD41040292
:10759000230CB8DBDD104B33C1A2F5EBE6EC082978
:1075A0000D24F915812F1CCF08E70F1917D3150DDE
:1075B0000FD7F60B1B21070D0BB91F0530EC1BE88D
:1075C000FACE17F997E5F2E9E007FCE7C056310C6F
:1075D000077F04813F4CCFF3EDF7F9D41510F2F497
:1075E000C011B0A3EC23EF1204752ED4DC1C0228CA
:1075F000F8B62A0DFBE11CF7B83E08BC11FFF634C3
:1076000054020B20F3AFF3ECD5FFB0030741CE18C3
:10761000641D02E6FAD90515E02CEBC9F30D22FF33
:10762000E921093E453F1E16C405F4CE1DCE173C88
:10763000FC20F09C6E1A1F221406F4F1CBCE03F648
:107640001C4C12E1F2D31E4AE79FF61DCC06FC0843
:10765000B9E9FA1C2CFF02E0D81BC2DF0BD02D1BAE
:10766000FEC2EDDEF920F30323DE27CEFE48F4CB85
:107670000705DB19F0EAD219DB4836F6051A22F0C5
:10768000F53AE70EEF59C9E9F22FFD0900EF1010A6
:10769000DC2123F249C7D8322233FF19000BEB3526
:1076A00029FE02552B210834F4C1030A0018F413F3
:1076B000C8274516BB39E7EB3B11140B0CAAEB09A5
:1076C0002521EFDC0FF5F9D80899EF3D16F00C00F5
:1076D000B5CD100506061103E3EDF7D53BC402F264
:1076E000B74B04FE2FD609DC41FF33F9005A01E203
:1076F0002BF14CF42C13E2E4161001F71394D0098B
:10770000FE1A08D2FD35E5F417EEC4E338BB0A01D2
:10771000A014E71537FD0B000818EDF221D6000F75
:107720001FE6ED43E535EDD31535060DEAF2D6F744
:10773000EF20F7FCD0CBED15B9FF0125EFD6F6FD14
:107740001B524BD7F7EC04A87FF2F3E8DB7F24DB76
:107750000CE2CF22C7A9F3E3A3F9E8EBF1F00DD5D2
:107760000108251ACBED078D121313E815E1F781F7
:10777000F1CE12E23E1E1CB84638DDCC14D2ECF23B
:10778000EFDAF3E615D80CF1E536F90B510C00E40D
:107790000A31ECFB2C15E8FA192A08D9D456DE6117
:1077A000DB3700F7E3E520F4DC3CE021F56FEBFB91
:1077B000D0140ADB336E3506E604D932F93208BC40
:1077C000255E1FC5201A4EDD18CDE6FE3B140BC802
:1077D000F323F396F82139D627CA7F1307040EFE48
:1077E000E4FF03FCCF01E30AFC0ECFD53606050902
:1077F00005F5311AC60806332385222534FA092FE8
:1078000012E9DC2D4500040ADA4224F3CC3FF4F2FD
:10781000F2330809F949F226BDD90600F7C20BFC7C
:10782000195DF2EAEED0FA2309F0151112FE00BF3D
:1078300004FC090B2516F52E2414DB2ED7DAF2FAF8
:10784000F0ECCCFD1EF5FF20F2FD23F5C442151926
:1078500008EDE8E2161205E01BDFFCFFC7DEEFF5DE
:10786000F211E6F468471544C721E9FB1C292904F5
:107870000112F7D6CF46E0E490F7EE23EA4719BCB1
:1078800007E8E7FF3C81B51E22FBF4F4DA08102379
:107890000213F6F1290EE0590FFC25F1213403DE25
:1078A0002EFD09F5E8F2DBDA1F15E2D31130F926D7
:1078B000260C8EEC17F9D7AFEA02F3F6632F08BD5A
:1078C000E418EF17F3FA2644FFF9E80F172336A957
:1078D000FAF1D20FD8A41C2C06FB0019A0F014F565
:1078E0001702A7053221EC44FFF0FBDD03DDF6E9CA
:1078F0000BF781EF1DC046300BFE0323A2F41418D2
:107900001D29C5EF3AFFF808E6040718FB4D9B4E0A
:10791000D61F0BE22128E3251C1BF702B34617CD27
:107920002D01DDEAEC10041101EF111F150318D32E
:10793000F906E3E20F2C321ADFEB10D8FA52BFD768
:10794000E424E2B9C8273D6F020309181055462206
:10795000EC0FAF3509D5FE6CEA223807364028DF38
:10796000EE0B08FEF8E5F904E70710E726F0EF4D07
:107970001A28F4EC211A0C2B17F8042FDD2EDC0347
:10798000350066F2050C81F0DA09E810C6C41BED7B
:10799000F7EDECE4F23CE5CF09E7EB1131FFC70C62
:1079A000050D025808DCF9CEE6FAF38129FB01DC6B
:1079B000DBF9EDE414F910E22A170725D001000ADB
:1079C000E4FB05FFF7021ED80ADA180D33BC1832A3
:1079D000CB0F1CF51B2039E4C70AF4131C50DAE85E
:1079E00040F4F4DE14CCF1FD1F19BBEFFF1716DDD8
:1079F0000BF50FDC11C11EAB45FC1BCBF1A0E7E47E
:107A0000090BF90BF7E21DE513FE1A05C50F05FE7C
:107A1000071213032AAFEA1FF30D10015235E315C5
:107A20000FF1FA100AFAE03DFCFEF5F60418012801
:107A30002121FEFD0219300A00EDDEDFDE09260DF0
:107A40002010EA12E320BEE6F50ED806ED04F4E6B7
:107A5000E8F0FF0013282A14FC0112F20D1CD7DAFB
:107A6000080CEF1DF1ED1C81EFD2D8F002D01E38CA
:107A700009FF1BF5191EE6F6E4030B3BF51410F99C
:107A8000E10A00EAF36910D31F020EF40ED00D11C3
:107A9000F9C51E152AF1EBF6E61B04FB1B0B2111A1
:107AA0009DD918F919CF3DA813ED12E07FDEC10F63
:107AB000F01829F7284D184F15FEFEB3F92E304463
:107AC00013FCF1FEDD66F0F2DC120026160FCFD8B3
:107AD0001CDB3E02F9EDBFFAFFF1E833E4CAF32103
:107AE00021F9D6180CEBE8152D12EC1A1B0A3543B8
:107AF000112114FEDC0AF91EFF17FF0CEBD828F841
:107B0000DAF7DAFBE60CFA363B18F51B1711243CC2
:107B1000070709E3082105BEE6F91D09DD3034F346
:107B2000DA001834E2DEE2D602F01EB11930E5D8F0
:107B3000352E0CFB40D0A1EECDF90D0EEBEC04067A
:107B400033F0E633352C4AF62C2E47CFEC4DFD139F
:107B500043241DEDEA099B0304ED390208FE07C921
:107B60000AFE0D1CFFE8210D0512CAF9F82DFAE1F5
:107B700017E70316E4DF0278E07F0104B83AE8EA89
:107B8000EF0FDEF4BBEE0A9EF8DC00E106FBF926FF
:107B9000090FC2DAD4D646D7FD0803FCCBC50FEFD8
:107BA000E8F92CD82FC6FBDD95F3C6D5F85721E5AB
:107BB00081E4FC15361212150C0F1FF8F9584130EC
:107BC000D01C000CCA4ADA3711EBE2CC390EDF26A2
:107BD0001AF91EEF0DBEF8D20F22333AF09B0C19A2
:107BE000FE1C64ED0F0201E11D0516F60DD4A6F68C
:107BF000D4EE1FF2FC19F12DE90D2608131516EC31
:107C0000F713E706493001F0F6EC0CF9DB122BEB29
:107C10002AE12FDAF834E5CCEDFE23E1421110D24F
:107C20001717ECDA1FCCD915240AEFFB1B0C32EB2B
:107C3000F542DA1803FEC2025C1194F5D7FEF8147F
:107C4000E13BF1FA9933CF1D22300CE81B814A0148
:107C5000F0312B0601F2F106E112ECEFF705CE0848
:107C60001CF6D9F21CE1CE1B0D009FEF15E515F9AE
:107C7000F50FD3E6117B44EE08F2470F33352DDFC5
:107C80000FFC520C2E08F616EDD80C23FE26E6E368
:107C9000EDE04D250C1224E8400B4634FF04352A54
:107CA000FB123109BBF10A0F2F18D5E502171C078B
:107CB0000423D0D89E2840EF61E312E1DCFFE0F31B
:107CC000D6041E11F3F6FA1137DB540B1BEE13FB2F
:107CD000E90B512EA6D9B2016306E3F322F6012087
:107CE000FE08F5A0DB155E13C803F33538BDAF7F82
:107CF0000E0D56EE74EF25124E1B02EF0487E311B2
:107D00000006D7F2B949D6B507FC453067F22EDD3B
:107D1000CAF210E981F6DC11FCEC7F0CEE1C0A00C3
:107D20006703D4D201D2190029F91715171D1B06B4
:107D300095222FE50BCEFD131BE4C0CCFE52CDE8FF
:107D40008706DFD3CDCE48F7FEF2E5FE4C22D728DA
:107D5000E2312A15E917FEDBC6EF50F1F8D44AF8F4
:107D6000D9E5B4FC115AD331082030ED1C01E8B339
:107D7000ACF84ADDF4FD1A1013270F1EF612122379
:107D8000E9C6220711E841EF81DFD8171610141950
:107D90001509EEE723147FD31DD1BE71E9660505F1
:107DA00036EDF10A0605F4072C17E8F1F70341D97F
:107DB000090B12DD1D12E4F0BBEBF82817CF18F405
:107DC000F30A5E0424FCD517CFF1A81321422FF645
:107DD000E12A13CBF6C912DD412BFD03F640DFC5C6
:107DE00005051CF5F6BAA913311829E3090F080E89
:107DF0001DCEC71CC9C1F5B95012D905EF1F30F10E
:107E00004C17DC22D5D9A2EC07CB2F1CFAF4351C79
:107E10002FF35C310E4CC8F106122AEF1AFEE0F186
:107E2000FE0DAA4EE5EFD2FCE12C20F8E911FFEAA5
:107E3000BB1CECFAD528FCE2F5ECBED20EE7FB2821
:107E4000E201EDF1051B09F80B2A1211E708D4F63F
:107E50001505D4FD20E7F20AE5F4C80EC2182B027E
:107E6000301116F8E006F2D9F0C8B6009A04D91E0F
:107E7000F9283E0824FE15082BFA03EAF737B90A59
:107E800002242FC729D40E00E715DAFF2C27D201D0
:107E900009063502305F081F0815430E170CAC1C8D
:107EA000D0E425F73ACB0319E3FAFB4BF8F0CC23E7
:107EB0000C352DB30AB74CFA4B0922FCF70639F9F9
:107EC000DF2513F4D5EFDDDDB40FB1F6181CA603E2
:107ED000F117EE36E8F9D5E7F9FDEE08DF1BFE27CE
:107EE000F1FC1AEA26C7F5242811D021D812CFC8F0
:107EF000EE5A11F33F613007123C29EE2A39310561
:107F00000F171E05EB1DC1D51B2FEEF64A6B40EE79
:107F1000FF04EB1B4B24581DEFF9141819D12C0E3C
:107F2000F4B9D40615DA1A01212D041D0CE2ECF285
:107F30000BE8132ADDDF1E11E90CE9100BB71D1E3B
:107F400016512CEFFC0EDFF6F1F8FD88A3B31832C2
:107F500002F40B2AF118BE6508FC39061F05EBD2A6
:107F6000C61404FBFAFE04DEF9E8EA21C32317EC89
:107F7000D2CC010BC0313C0AE57F2BBAA3E02ED452
:107F8000DA0A27EFF706EDD9CD29F1FF0D14251BED
:107F9000F57439E537ED0CFF39FAEB15F3E112D63C
:107FA000275DF9EA2DEFB5EE0C36F1FDEB15F3EE9A
:107FB000D2DAF9002FB6BB0BD5F221D2040A25087C
:107FC000121EA101DD0D00FADBEF410C0EF43905A4
:107FD0001ABC3805F9DA03F0F2BA1BD4F7D71B48FC
:107FE0000FD3DD811AC9F2123120D4FE03EBEF2C3E
:107FF00023D326D10917F6F607C3102029EACFEFBD
:10800000E430071031F8E90B1AFAE5212C03F100EE
:10801000F11D1AEE2535E006F0E8100CA8E3C500C6
:108020004FE82CE11F06E2FB2A0E3AF719F1200077
:10803000FFE90207E3DDCEA81BE314150AC5E01033
:10804000FBFBEDEEE5F8DAB91392ECBA460D0EF84B
:1080500002FDBF000F070803BE49D3260C06FCDB58
:108060000E31CD20CF08077F5C2D0746F007A9E829
:1080700027A8080FE1D43122E01081F7042AE4D6C2
:108080001873090AECE8F9D81C32F83B16DDDD104C
:10809000FCDE1BECE40D29ECFDDEE50701B9F9FB84
:1080A0005AF501060914230DFAC9FEE7F2F455F357
:1080B0000211E255EDECA50D19AE1CB72009B83E32
:1080C000D8D9A50607C509F6F70804FC081005FF6E
:1080D00021401612FEE504DA0C0F0A4803E0EF080F
:1080E000E02426DA2B0BF0FE2CFBE802DEDEBB25BB
:1080F0000E3402DFC9E724FEFBEBD12B11FF34DD88
:108100000FE2DC03F13E36F908DAFD18CEED094343
:10811000154AD9FFEFD5D4CAE228F0F9B1DDCBA7D3
:10812000104533FBEC080107FA4445FC07D70AE485
:10813000D8DA3B1002AFFC4EFD16217FEA15C0F7DE
:10814000B7F4F220023A3A2011EA2A43162732E520
:10815000E21FECF900FE100AC9212208EF01A61E59
:10816000FD14E902CD1C1C2E220E0020D0D39CF55C
:10817000F89EF04012FF0C0AF0FAF1122D0DDD0A04
:108180002AD3D4EDF801020E0523150E3DCB06C20D
:10819000DFC4EBF0162B3A8EFE19020B16040B66A9
:1081A000CCECFDCB07203609F4E709B1441AF211F3
:1081B00025E6043A0CFCC71AF5193A4007EE0511FA
:1081C00021191000E5F7F217EACE2E26F3D025F399
:1081D0002EF335E502E7F61E0A22B914EA06192243
:1081E000E542A6EBF8F6FDFDF42203F20ED8121AD2
:1081F00005061209F42EDEEA07F1DF12FFF409FF8B
:108200000CED07061F201CF1F20BEDE81CF21DEA35
:10821000E831C4DCD396016CF4A655E33F1418AFE3
:10822000E60BF62243000111F315F9EB011D16E9E7
:1082300007CAFAE80ED2FA16F45CDD10FA38C8C59F
:108240001BFD203C170617F722FFE8FFFD1EDF0885
:10825000B8D5D7E92713DD0DFE24F1EEEB37342E28
:108260000BFDCD2310EF9B36FC18E9D70ECFE5E6CA
:10827000F3EBFB1E080F2A23FFCC10062205EF00AC
:108280000C52D4F4E5002B3BFEED0D12257FE9D90D
:1082900044F21129CE08E4F7E7C4C22121F81531D0
:1082A000043605EDD2F9F7E81C030C02101107FAA9
:1082B00016E3F1001019DB00DD030C07FB11112898
:1082C000F5E9EBEAC7EFE816003514F210FC0522D9
:1082D000E5EB06E81FEBF821F31E1C30EEFBF10185
:1082E0001E14CF3AE709C73E24A70C0ADC00D019B8
:1082F0000740DB060927E1E6330A131BD99905F588
:10830000EA473CE6FD1EE0F605F8E70CD508DEFC82
:10831000B246E1062723E03419DDFDE8102AEA1110
:10832000078F311CDFD05811421CF9601105B420B1
:1083300027F91E16F7E5E527C3CAC01A0A1EF70873
:10834000E8FDEB3A0CFBE9FC10C6BDFA9A193FFFB9
:1083500081F404134720000812E94034DFDE9F1146
:10836000E15E1D090200EAC2FDDC0F100A59F7198F
:10837000F6E41DFC14EA18ECC4FD20180EC72026F4
:108380001CB3A7F530C71515E8DB15040A22E8FB76
:1083900005E7D805C631EE2021B9CEE5CCFE1403A1
:1083A0000923D3F0811CB6C96B0FE50F13C8DE0D8E
:1083B000F641D4DB12F0F3F8D517D85BF30ECBE21D
:1083C000E6023AE826013429F27F84FDB1EDE3CBE1
:1083D000F70B041C210B0A26DBFEF7C7D4B2FCEE18
:1083E0002E0ED7E1152DE9EF1625D401D0F7E9407F
:1083F00022D203141D23D9121F05D3E1D4FF09EBA8
:10840000F7D13CA603037FDA2A04E33FAE1509CD7A
:10841000EC2A390B3DF4CCADF6FA2B1F12CB2B0F07
:10842000F931F30B09DEF9EF10441F29FAF7E21BCB
:10843000DD03D91AF2E2F40ADDF6CA27FFE9DBFE12
:10844000F1081019FC7F29ED1B15FE50191C0DE1D8
:10845000FDF5A011FBE1E0EEE4020915FD1816ECB4
:10846000020D1DAFF00F1205250CF501F9F02100EA
:1084700007F607CB1C5CF919F9E207F80CDDF404E8
:10848000FDB33110E64629021B0D0827F3F20FEF6A
:10849000F0200AF30AFD1E02FBA90F02FFB8041523
:1084A000E4C806FEF81F1915EB27EBEF07FD1417BC
:1084B00003F5D3E40A12091C18F6D803D8DABEBFB4
:1084C000FEFFAC02E20DFBF8060EF2EE1CCF250318
:1084D000EE0A002AF61BD1041D2FD904152D02FD2A
:1084E00066EFE3EA3504E5FAF2DBFF04FFDE060D92
:1084F0000FB519B9C2F9197C22FFEF200CFDF8F76E
:10850000ECF3D6EAAD0104E80BE405F20AF5F41C3D
:10851000010C04380AE20D810718CD10E34705026B
:10852000FFC917E807F2E2FE0BD80728591EFFEA39
:108530000705C30522D106FEE34CFA14091408FD11
:1085400010170B1BE1F13612FD290F1D0F460D020E
:10855000DA4B1211F2EF02FF1528092C130803332E
:10856000F0F7E6E2030219E9FE07F226E73F191BDE
:10857000E315C4D705EB111D00EA271020F1FA120C
:10858000F5FCF00B16F5D8FEFE070D090E361B069E
:10859000F614127F20F44B0F1BF1B8040BF40D05F9
:1085A000FF12DCE9E2EDEC2B254E1433F721DEF966
:1085B000FBB8DC2AD728DE060925E7DE20FE1906EF
:1085C000F210FF14062118120D11CF420203FBD83E
:1085D00010FD08D41F1E1235FFEFD8FCF104E9F29C
:1085E0000BEA0C0AD6FFE9170681FFF5E7F811211F
:1085F000DE0D0AF0D4E51A2407FCE2C581C5D333A9
:10860000FADCF6C1DE07D9EFFBDD04240FFAFD2802
:10861000EB1B20F913E6B5E8F904F32B2E0081F8E3
:10862000F0ED15092EF306E015054D0315E513FED3
:10863000F8FFD5DDACE4FD4010ED052522E1BF00DB
:108640001314E81A1E020EE1EEF009FFFF140D37B5
:10865000DCE9044CBEFB050DF31E2BB331E5F40B36
:10866000FD17E922FFDB0807FA1409021BF407FED5
:10867000FDFFF00102F00CFE13AB19EA12FB380407
:108680000FDC1CB10B13FFC4001450EB0B684CD172
:108690000AF4F8F2C00C423004F105F93DE3010C94
:1086A000FE0C2A300E1D17080AFADB90DF06F904CB
:1086B00010B0F4EFED14052000FCE008FACD040E34
:1086C0002004DB2523C2E01F0EE5F51416B521AF0B
:1086D000011B0C6121060C08121EF4D30F1EF900B9
:1086E000F7111AD4F70E2301F2FD02E2CAD8B1073E
:1086F0000DBB0CD6E41A0C02FA1ED4DFDFF5002EF7
:10870000FF07FE233729F60615AA072B07F7F80BF4
:10871000ACBA04ACFAF6DCEDF5F21F09D1030DF3A7
:108720000B02DCF4E1FCEB1E3B17F9D0FC061E0E3D
:108730000914C601134B28E91DF7173745F3110A31
:108740000A35F42BF30015D9FBEDD6F1FEC9F0CFB5
:10875000813AFF4DE3E208E401F4810FF9ED12FCE8
:10876000EFF0FAE7282112011AC50AE30210FD0C06
:10877000EBE5F7F6343C22DB13F30BFCF10FFF11B2
:10878000ECF3DED9FFD8E2EA2201113D1805E6003C
:10879000FE0DEC35D0000922FA0CD1CBC4ECF23A34
:1087A000061206D4181231FBEDFDFB26381E10FA16
:1087B000ECE5ECA82B1CEDECFC10FC0CF7121B0FED
:1087C00012D8F9E8E12306FAFA1FF42E45ABD7D602
:1087D000FF01CA0F2304FF16E8FDEBF00F1CCDEDDF
:1087E000F900470D01C3C92302080EE7F5E00D3D6E
:1087F000EFEB0BE5EC04E7031201061FD710C10BEA
:10880000ED5902A3360F1B26E61100DB15390221B4
:10881000FEFB0A342202E4FA231EF8EA0AF715F0F6
:10882000DCFE2DCEDBF10A060A0A08D61AE804039C
:10883000001AC939D2F218DF0D45E40C1602C21530
:1088400003ED011C4B1EFD060EDDE00434FD15DAC0
:1088500007DE0DF1F3F91BF21BF6E3FD6A0205F2E8
:1088600007F713F910EE06070B00E205ADD5EC197A
:108870000FE620F93FF5F5D34206C6F71204FD03D3
:10888000E5F60ED307074AFC08D7E9FAE77FCF3DA4
:10889000EE0AF9FCF9021DF212020CFBD408F505F0
:1088A00019322917D50202151DDEAEEF241AC906AA
:1088B0001F173B0FD7DCEA231BF8111BD309CADAB9
:1088C0003B22E2E22ADF2FFB2FFBF504A3DC05208D
:1088D000F7DF2523160C0DC8E01A250FA271D72A41
:1088E00013CAF3FD0B29011A20059F1DEC0404D6C1
:1088F0002CC70DB70EF526F500102B2A090632FD00
:10890000250FDBF42A05FFE4FEEF5219B2BEEF4754
:1089100015FED27FD908D22A0EED81FB20E7020294
:108920001709E0F6D21137F40623D8FC000A41D12A
:1089300018696B0D92091432E306E206CBFAFC22A9
:10894000310D251122F9F3FF20B58EE623E70BA4A4
:10895000DCF3EF17460322E709F908FE04E91E09D4
:10896000051C34DCEA0632330E0F1A2C7FF6BD1BD1
:108970001F1415D5DBF2FD1EFCD5062018EAECD03D
:108980009506B701F3F302ED2106F6324E16052CDB
:10899000FE15CC1EF315FE21E62A4D04F7F40F4F09
:1089A00028F7E8006029D7067F0B28011DFBECFBA8
:1089B000FBFE52029116CEFD560630081E0A0B1D14
:1089C000E219FA0132EE26FFF3E4AE07F2F7F9D02E
:1089D000FFFD381D0622ADF803476F0AC1EF1E2ABE
:1089E000B00FFA1EF01BDFF90EE6F90DFEFEF6FAE7
:1089F0002D1B4813EFE1BB1707F521FBF8EB81F1C5
:108A0000EB375204BFF801D7C1F0F0EB080B2B3263
:108A1000FEE5CEF2EE07110B36E6F402F7F90EC6CC
:108A20000D090A21E8FF0E0811C2D8004203F71F02
:108A3000F3E6E0FCFE28CCFE16E4D82C08FF3CCE82
:108A4000ED1CF90621F0D601F8E02107D014CE186C
:108A5000000D280EEF00140B0581F62636F9E6D836
:108A60003501FC1CE4E6F4FF1BF9D911FC11080EDA
:108A7000E3D118FB1C04E3FCEB0FD40F15F51AE54A
:108A8000F4E6FAC1030230F8F9EE070C04054913C5
:108A9000DFE3263826FFB90BFCF9EBE6DD0AD0044C
:108AA00038DEF137090BC6EFF00F13F9D5F606F7EC
:108AB000EFE90B0CD51A11FE27E803FF06F206FBBF
:108AC0000FD6E80E0521D901071EE54CEAF70F0085
:108AD0002115DB08D2F309E9C2F128EDFEF90F21D7
:108AE000F11331FFD2EB11150BEE28EFE3FD1CFA69
:108AF0003208031EAC05F2D6D6D7D5FEE713E5F44F
:108B0000D90FFA2194F40EF71E03FBF8FE05EE02CE
:108B1000FD20EED1E2FB0820E3FA6F02ECFE101B11
:108B2000E51930F000100BD3D40510EDE25EC64419
:108B3000FCD53100D4061BEEF0E74322FCFBFAE83B
:108B4000D9FDD608E60BE822F603E1D7C7F1BC133E
:108B5000D815E5EB4703FAFEF547260DF3F2270C8F
:108B6000C10713E1EA0D16851FE7C5F33C10E9F2D2
:108B7000ECE2B00F0A042F07E42D2FFA2D10FD06AA
:108B800035D707071201FDF40FD7E8EEE507F2CB62
:108B900018FDFF070EF80A050CEF52C70F2AB9F9A6
:108BA0001FFE203203FDFA091427150DF50DCDE344
:108BB000DE16DCFD23FAE7EFEE242B0D26C6F222AB
:108BC0000708D3B7BF10E5EEFC0CDD3801ED272A0E
:108BD000E02600F51A13FAED3DB0B92EEDF9ED04DB
:108BE000098CEE3F07F7E88100D815E71B11D00389
:108BF0001325E3F4FA0704DC23F2E3F7C714012E8C
:108C0000E800D3C662F403F2911114D127EAFD10F3
:108C1000FC16F43126EAF622090A28EED220E61ADA
:108C2000F1E9F820E9F03C20E01A07E9F55CD926E3
:108C30000ACBE9F311F3DE49E317FA11F9FA04EB71
:108C4000F41124F9F4240007350FA8CDEF15F9200D
:108C5000ECF717D6C531D8210BE0BBFBE9DBD437E5
:108C6000941EFC01E93FF0D52B0401030DA1F62170
:108C70003C1602E20B17EC18D1E40717FAEDCEC44C
:108C800019F30BF70BF1D875D3150E2CE3D960B19E
:108C900024F2E5210DD8F953DE04D8E3FDE3EDB36A
:108CA0002BFD142C0CFFF3196D2F0FFEF716FE325F
:108CB000FD12F43802ECF2BC4E0982CA18D40BFE45
:108CC000045EDEFEB48120FEF9F7DD3507DCFAC96B
:108CD000DAEC2DE202A5E526F2F8D50CFFFD77309F
:108CE00043F0E6E8E9FA20E204F723ECE404FE624C
:108CF0000F0D3AE3FFB4DF2ADF26E20629C7E57F3E
:108D0000F5010410128CD50A072EEB3AEB0311D1B2
:108D10005502A71AFD0FF6013117F2F1F0230F1DCE
:108D200021FC0201F5E0FA03641BF7C3FE200AF3FD
:108D3000FA01CC49B49810D6250CD03805BD2DFFCA
:108D40000D22211218ED0B16CDE731C20864EDF1AA
:108D500014F6D6FA093EF802C8109124F71BFF5208
:108D6000DE51E136ABFEF909FF050DF2024105685F
:108D7000111700400CACFEDD16FE05D30D20DA06FF
:108D80001AE10FEBF5D8F3C653FC3BEAFD12F93EAE
:108D9000EA04CC23FDD70E4D085E8158D8E312E5D6
:108DA000F32BB90581B3F4F62512D40F0F2D1F470D
:108DB00016ED5C2C0125B3CC6417C9080DDD11F24A
:108DC0001DF4321512EEE5C826FE0FF127D1F3C7C8
:108DD000B803390D134A00DEAB06083E042B0E2CF7
:108DE000ECF20AFE11100C8B0AFF2200E0D6D60A24
:108DF000DAC7EF091523F50F07F70AF731C201B7F4
:108E0000FFD20B122696EEE5DF17EA19FA070600E5
:108E100006DDCA06F5D225CFBBEB2EED16A116EF67
:108E2000FB00CFF2F8F0F67345082221ED0F24364F
:108E300014DE12DDF66B1BB5FDFAD1F7F8FBEB572C
:108E40003D230C05F018DAFFF3F85BF0F3CEFCD607
:108E50001E0C3D2F0F0FF9FC4EF6D807F5E31DCC85
:108E60001DE322200256FFCA13D90A13EB4C261425
:108E7000EDEE0D0CFBEFF13C1FE5F9DFE6FEED44F6
:108E800017E8BFE1FCE3ED263EF5102234AE020800
:108E90006D09231001B1F8E63B0D1B24F02100C938
:108EA0002000030205E219F7FEFA08020917F6DEB0
:108EB0004E1B560E06F3FDC029EAFAEC9D51D3D4A1
:108EC0000E071EC8D55912190BF4310C20EFFE44C1
:108ED00014EAD507010712FBB104E90106F919F3F9
:108EE0000DEE22140C30062B18FCE8F8FB6810334A
:108EF0005A01DBF5062903B9FB006510EC6F08D1B8
:108F00001DFBE6DC2BE4E635E1FE03FEFB12F1C0BF
:108F1000EFE0A03AF716F2FC1210003BF5D7E81686
:108F2000160F1CF80FFCEEF91621CB2CECFE7FEC93
:108F30003D0810FDC16FED2416EF010F0858256C98
:108F4000D5FFE01303FE3D2D25F2FC25FE0DE9A023
:108F5000F000AB16FC450C160616D91ED2E1063CF5
:108F600012EEEDD10F110729B1FD470DFAFDFFE912
:108F70007F035D0D0DA5F829431CE40F2684FDFA3F
:108F8000690011E9E502EE14CC0A23E2F1D31B05D6
:108F9000F7042B1800FA0BD4FADD1A030F50F8006F
:108FA0002AF6F605094EF016F2E2FDDFFA29E8008E
:108FB000D2011AF80E520F5BCB2B0138019DFA2912
:108FC0003F24FBC3F52215C8E52AD22BDE960D51AE
:108FD00036F4C8EAFECDADD1FDCB22FBC0F0F5AC36
:108FE000FF81E581FD5317BD8F2AFD15EC23FB930F
:108FF000C3ECFBF5FDE7F8033E111FF209E915ADDF
:109000000CF40D051115EDE4AEE0021DFFD6CF07FF
:109010002F0A01220635F914210BD00006E33CD1BA
:109020003FFA0DF00CCA00F60100E604E204611AF2
:109030003E001D48E2C049000BCA2E210FBDFDA80D
:109040000A2FFAAFEDEA0803E31C0B3300F7E21234
:1090500001F4FCED4700CE16FD32EEE812F6C50431
:10906000FCD8EAD3B3308113F007BBF5F0B60202A7
:109070005CEBF01F2AE7000BFB2CCED93CFAF3F097
:1090800008F77FD020DC0C050309D12CEDD5031F98
:10909000132A1408EA2C12F102D3D401D616FFDFEA
:1090A000F4F60FEE22FC04DD0E352E31E4BC2A0A64
:1090B00033F9F8052ACCDAF0202108F3DBCE0AF7E1
:1090C000E1FDF8C64EEBBFF60331F9D26F2708E693
:1090D000EBF116E3F8E4FC15F2EE033B2AC5EF2EA4
:1090E0000003FFC209FA1A2B81CE1A0B10FE30E1E1
:1090F000F8D76CB4E5F70EE206FD3012EFD4EF03BB
:10910000FCFC00080B38ECBF0BFB2C0F14D604FA48
:109110001D45574521EA1EF9F803C92C07DA38081E
:10912000FC3B320063DB06FE04F839E3D4E001F3D4
:1091300000224F24C592E7022011EF2625E3F8E82C
:10914000320CDEAFD7FE0E0AD08111E0F31C2736B9
:109150000CFA4EF7F2FB04FFEC1C6BE2B4F7EC06E2
:10916000090AF8A009119718EFFB49692D0EF9D7E4
:10917000FC20E80DB8E2ECE71BFE97BAFB33E9F8F8
:109180002503D600FF18F3F20CEBAFE30F0A111121
:1091900005F4F15CE72C0804FCDD2504FBFDF90275
:1091A00014EFFEEA24CDE215FD21E5E44E210AFA92
:1091B000FEFCE1B0D87305E82DEE2E202C81F329BA
:1091C0001230F83A06F7B00308EF24D23CF2262119
:1091D000E1E824D0212BE0FFF00D380AAC1EAE07E9
:1091E000F112FCDDF60DDA07020509F1E3EE121EBD
:1091F00002040C0FDCBC0EF40C013FD31D02DB009B
:10920000DFF92817FF000ACF09E22123CED10EE7AC
:10921000F21219ACC6A318FDDB3CEC7FF137480F06
:10922000F61C1BF0F3F5FD0F0BF2F110CA36A52C5E
:10923000B7DE01D800F2FB15F0EC2F040116D718A9
:10924000FF0DCDFAEB2B0418F2FCA7DFB4E8CE1922
:10925000F6F7CC38171D03F713FFC8D60C2AB7F161
:1092600084F3DF2E2DFEF7002DF102FC0D0EF9091F
:1092700007DAC3DC5920FEFEEF0A8E0FDE0700EC92
:10928000F8EC5C0815040709FF133FD5E241E3043D
:1092900009CFF8051919F20127F6FE1DB7331E2173
:1092A0001406D7F1F42C0424FED91B01FBF4CCD214
:1092B000F111CBFB07FBDEF8F2F99FDC2E12B70CA5
:1092C000B2DDEF16B9F0221D2D446EF82609D0C884
:1092D000F2FD27FFE71B181CFEE7F42016AFE70C92
:1092E000151D53DDDAF82E0C34F6030324F31902AE
:1092F0001D1E0CF07F140BCBFE0BD7DFC6EFD20D7B
:10930000EB01FDE0C7011F10FB06E6FE082C0D0374
:1093100009094113E838203707183C100523CC0F02
:10932000FA03DB0AE7D9FE0208EA113209A8FE189F
:10933000FFEA01EF2006BF1907F6B3C83818F60E8A
:1093400001FA05382DD9F1FE290B17E9F5EFECF6F6
:109350000E39BF1D2D1BDC132916C06EEFCCF12278
:109360002432FCD1D8E91CD5201AEAEFFFCB15F244
:10937000000BE60EC12011EA1C14FCF8083DD1FADE
:10938000F206D9FA2FFAE2F2081F2CA007F4052AF8
:10939000E5B390CACED01001FE0EA589F7CA1425F8
:1093A000FBE709D1D615DF0CE4E1F1E9E4EDEE19B4
:1093B000FDC8DC3C4C081408F8FF0D1D03DEFF0E51
:1093C000311D56F443F0E62AD3FCED27E9DD1D1DDF
:1093D0000A2214DF17E6CAFEE4E70D1FECE503E5F9
:1093E000D860CDBEC820F2EECED3E6CB1321DE018D
:1093F0000312FDE73DDD0ECFF308261C1C05EF052B
:10940000EB1EFC0FD2E511E0F8B7C521D0F2D3E98D
:109410003305E41F16BDF8F128E9042A4C83DB1557
:10942000240D222CF9135A815509EB27ECF503136F
:1094300022FE0504EA1EED1C01D5C610EAF30EE972
:10944000D81D10FFF214190E12E105EBF50D040BF7
:10945000BE151803EE14F94EE1E8FA08DADC105DE7
:10946000FAD2F53FB4051A100A0918FD81FEF4FC82
:1094700008D8060E18183FE9F3CD81F00A110A004A
:10948000E8F0E71EE1E004F5CA191B07D7C7E902B7
:1094900022F5FC0E0A380A031A2EF114F520F1EF1A
:1094A00000EA0E39001C1005D131EAF7C3E71213A8
:1094B00018E0190FCCEF0F030AD3E11A0EB4F31121
:1094C000B9FD08F3E7F4F529F6121DECF5FFF719DD
:1094D000101BED48141615E462E82502EBD2FF0BD1
:1094E00016EFFC0014DEFBE030F9D149F70F0C0356
:1094F0000DE6F4040EEBEC03F72C230FFFF6FFE868
:10950000F3FDEA1112D9DAF200F8EB0D0DF915E1CD
:10951000E310F6FFEE0C08158E012713BC222F3640
:10952000BBFB0BD5ED1FD3E3AB0F1B28EB2BFDBB18
:10953000D82C3B1C1ADD0C13FA301A16E004FFE29B
:109540001007F1A1EF8115FB1D01081618E402F2C6
:109550000A50FF36F211DDE67F202321E0E700ED1F
:109560000B25FC3611D719E8FC27E9400AEB41F836
:1095700003E5EFF6CDEEECCC38DCE3F72E57E6DC76
:1095800036CAE0D7FCEB0414F4001516E2F3E64209
:10959000EA051EEECEF6032AC8F21409CB01FF1726
:1095A00004EEF82EC02F0C1207E209EF182416D98A
:1095B0000D14F525430D15DB52CE16E7AFF4072940
:1095C000F61E100BF9ECF510F1E9F70B0601D3F4D8
:1095D000EFFCF53EDB2D3EEA22E4F3F0C2940F11DE
:1095E000BB0929EEA7F51532F8FCE53703DC0703C4
:1095F00029C6E9D4FDCA040B45C8DCE8D4E9FEED70
:10960000131819F01727E2A6B903E421E5F4EA1BC1
:10961000A12EE73025EE0922ECF20C2AFBFDF5AA7B
:10962000AC150E08DF33DEE0E117F9F815F7F4208A
:1096300027F631100D18F6DC29AA020FF830E21CCB
:10964000C6590701D240F8E7FEE2F110FCE31F1013
:1096500030C503EE1ABFFA23631BF50A0540A3D9F0
:109660002916EA47E5F30AFA1C0F49D8B61EF70196
:1096700016F10BFE0E160F1DF42EEF3EF001F9D978
:109680000816FD15122AEDF6E507DDE6A48A27E89F
:109690003D19EE27F1D722003F81F425EFCEDEFE03
:1096A0003AC417E70508E61064C9EAEF0402EFDFE1
:1096B000C70AEA0325F8EACA07226DF1ED18ED3072
:1096C0000D0D022F18E60A2A06EADF0BF2F7DFFA81
:1096D000FF24E853E0EBF5D1291711D1DEF2E8C9F8
:1096E00015EE0404A2A218298E15FE0F102FE2EE2B
:1096F000B0F0F8F20849EC0F190B0D33F5F71F0A1B
:109700001BD42D4FECE81E1A061BDFE90609F70DE6
:1097100019D4F6C9322E0CD13F3517E250E90017A3
:10972000FC2211F7ECFFF10322131933E60C01D1EF
:1097300007FB5331CAF0471525EEF5F10111080179
:109740004FD1130FED16F4EDF40E0C030FF012E9E8
:10975000CFD9FBEA0718ECF9372434C5E4DB1C1F2A
:10976000E6CD0A070EEC15F610E9F91DD7FB0C2B18
:10977000ECE7EE24FADB13D1B61910D5FEFD05F3A4
:109780000BF2FCE1F9EFFBF72312250637F909D6B6
:109790000723D605FFCCF2F332F40AF6B2FC1ACE58
:1097A000DEEDFFF90BE004111612D87FFCE7090388
:1097B000EB29FAD8CE070B130A2118EC8B091516E2
:1097C00020F901134B55F281EEF8DB0089EF197394
:1097D000A15D4C17EB23051CFBF3EE171A3933BBC5
:1097E0000EE603F7FBF281B502F2170DD306241E35
:1097F00011B118DC0605F6DADCEF30E9371EDEEDD4
:109800001F33F32A1EEE03024DEFFFF901F408F3B4
:10981000C8CB01DD380832C848DD15EDF0FD00DDAC
:10982000FE06F6DB15CDFDFAFA051B19F9FFFDDB87
:10983000FAF700DCCAE6E0FE0114002D101DF0D896
:109840001D1FE509FA341C0AF21A0BD5581B190C16
:10985000AEFCFFDB280C7A03F402F00D000EF3FDE2
:109860001312FC1ED2CC6F0B0DF8F0EBB53AA10829
:1098700024EE2CC8232BF90FF209190C060A0F0449
:10988000142907CBDC00CE08EB16FA0AEFF3DCE86C
:1098900003E2E2DBFCD000FFF114070512D00E0357
:1098A0000BEF15DC1C081AFA0620F248F77F0D0AA8
:1098B00011FF0030D20EFCF5F0DBF79F36F11906F0
:1098C000CCB907ED02FEBE0BF91EAE1002F4770113
:1098D000FD0405D4E5BC020EF635F9D9DAEAF00349
:1098E0000EF9E50722CFBAEEF7F1B10120E9DD1557
:1098F000E3EE110FE905C806FA01F4161CC9AFD34F
:10990000D822ECE3151B05FDF3FA412F032AEFF2F1
:109910000E27D2A5F9E934F39B401328EB27280939
:10992000DFDFB105E1EBD3E8062508EB19F6F0FC23
:10993000D505E9CF25D5A0D5E102DE2CE2FE29E54B
:1099400031F5F013DDEFFB0A000E0959053B1CE66B
:10995000EAF4F7D7E2030A22A6E7EFEE29E81E2190
:1099600081C9E2EB1DF1151BFC08FEE103C60F09DE
:10997000C21B00F5FFE6EB001BFEE6D60CDD5BD854
:10998000EE1EED1E1D1C0B03EC1801F1F218102148
:10999000143A1B2E0A1804E5F423DFEC28DF5917CC
:1099A00012EF0414253EC017F714BB001EF5EB039D
:1099B0002102F7DCE3D717FC37312F111CFC35E40B
:1099C000DEFDFA2207160335F2F90BF310D72BEC64
:1099D000F90210080EED1902FFCD0ADAF2F031DBC0
:1099E000F216E8F2010C0E0CFB1405E427EFF1F27D
:1099F000E9FFEEF5C8F3FD39FFB8C92C21D60719E8
:109A00000C040501F6E720041A3319FE0C11E1F6E7
:109A1000E4DE200409C2C3DE1CEAC3341AB79ECCBC
:109A2000040AC6F91AF5F5E2D527F607EE0B4DDB69
:109A3000F0031634F9612DD407FBF8EEE415F2FBC0
:109A4000E91FF5F0F6F127C3E6035448191C040397
:109A5000E0FEF5584303080C2F81D71EEDC7FE0525
:109A60000429780FF4024502110ADDF8E03B38F8CA
:109A7000FC0DFEE5BC17D10156142107FCFEC8F908
:109A800004EEDCE9D2F8FFE816FFFFEBF1F081010C
:109A9000038ABADF0BB80D070CDE363832F4F8193A
:109AA0000EC90CECF60E3A370BEBD21518F20F2953
:109AB000FF362DFE1F14FC080BE9FAF8041266FDB0
:109AC000F72ECEC5D81100F80307B893FFC31B07C4
:109AD000ABD8F912FF350A0229D4D20CFEE9E3F51E
:109AE000FE10EBE9FF1001CB05D2F9DB0EFE05F00D
:109AF0000610E018DEEBE7082CF80D7FE808D3131A
:109B0000DF23EAE8E7EA18FBE70BC6D6DA0DCE1545
:109B1000220F3BF1EEF005F4D0E9F800052A2910F8
:109B200014201A51EC5DFB1007EA0AFDEFFCF5E585
:109B3000FAF2CBF5E4E43D1216D9D4E57F0A200C05
:109B400029192B17EB09EAF12F04F71ADA1BD63C77
:109B5000251601F1F11F33F61C0320E5BBF763075F
:109B60001DEAF29418C525E7CC401023060E15E730
:109B7000F208EE0D1A0DEA0CF8CD00FEFA06EEF42E
:109B8000FBD72A041AFCEE00E7F0070245F2EDD7F6
:109B900009030D5AD7B7DC4828F31C1521DA033620
:109BA000450C05E7FCCEF87FF21004F30DEEFFFF45
:109BB00016FDCF270200430723FDE618DE0F25E937
:109BC00008E70D17051921CE04401437EE15EC42B5
:109BD000F8FAD212F7F4C2040E34FA2DF798AAE874
:109BE000FBD98103E1C7F2F801094F2BF44C352B67
:109BF000F6CEEDB70CF01506ED2A23FE1CB1C30B13
:109C0000FC3CF647E40D301AED1BD12DC728D817C0
:109C100014FCEDB0271B02C6E52012F90BEC02EB99
:109C20000604CB0AECF8B1FD09D542020B0919F87C
:109C3000F6E0EA01FFF0FCE0E4C1E90B1BF83AD8DA
:109C4000FAE1DCFEFFF1DFFDE9CBE3C71CF33808E6
:109C5000CCEA34D77FE30881CEDF15321B0310E254
:109C60004C0AE906342512565C17071EF3B7E8EADA
:109C7000F6F216D3C811EB3CEB12DF141D0509B642
:109C8000001B061CED10A7D23FD506DCC4E29DDD0B
:109C9000150D0EDCD2F74B30DA2BEF0A10160A95B1
:109CA000F30AF20C2820FAE9D518D523E6FAF55282
:109CB0005835FA00FBA204FBF40207042214F15702
:109CC00033FC1C174ADD15D2FCE7F1D2C4E62F2F76
:109CD000E21F32FDEA0523DD3DFE3CA9A9CA0600CC
:109CE00007B2239BCC2125F62B25F5072D22B8A6FC
:109CF0001612C413FC128ECD465DE70ECF032D2342
:109D000028D5EF0F1FF218C804F2EF41B907F51F6D
:109D1000081ACB11C007C3D0ABEA4DE305B2BE0BA6
:109D2000DBDB1213C104F3D7D903E315E7E558E8E9
:109D3000F53CDF1017FB1CF20DF6B4D5B4A238D6F3
:109D40001002164C3CF42EF25DFA01F0D401050429
:109D5000DE0FEFEDEAFD520B1A502812FA1E00FC3E
:109D60005A4DBC481506F19EB10907FCEF08DC54BA
:109D7000CABB11F3F4F0F4A512EED5F11CFA591395
:109D800001A800ECE4FA132ACF0D1B16EE0EDE1B21
:109D90001C0F080239DD2CEAD4D10B3415E604017E
:109DA00076EBE3ED3514F8F5FB110106E8F0324DE2
:109DB0001A22027FA0E4972981ECF882F4BB2AFBE7
:109DC0001420190C01EB2D18225B1FC037EE12F482
:109DD000E2E926211E090512365A0A18ECF319C6C3
:109DE000F5D212033718E0043CF037FA000AA5A2B6
:109DF0002235CCFB7307E5124CF60D102E079B0B9A
:109E0000721A1B1118EB1A96A21DDDF9F3FC2EDF56
:109E1000C506D6E92F0BE414FB2081F3E005303BA7
:109E200088E7D6E989030B07D3D8F2E9090E02289F
:109E30003E27290D2309F3E234E4EBE8DF0DC7DC0C
:109E4000FAF32FD5EEE90803D109F0FFFB31B71E75
:109E5000FA16270639EEB704E105F0BFE219C1FD95
:109E6000D6393F11EF0FF2E91107FA11D5F1101DA4
:109E7000F9EC1E04D6E2CAEFEB0D3F0E0508D51330
:109E80004C33FAFFE50A13EA0702EE2F1FF3FD1D1C
:109E9000390801011108CFC1071508161900D1EDC5
:109EA000BCB7E6FCF707DFEC2DC14EF8050C14CE6D
:109EB000CC0C08142214D3EEF90FE7B94A091BEBB6
:109EC000BA332139EC100EFDFDF208FB1CF9FFA698
:109ED00019AA30F1EEF4174700F400B415DDF5F0DF
:109EE0002A05F83C06DDEFFB3D0AE40A1E17F4F5EF
:109EF000B7FBFD090DFAE5EF320A2528D006D92A6D
:109F00009E0E0416F8FAF9060827160FFE06C10B76
:109F1000FFD2ED41EB12E6F36A7FC921030803C8C3
:109F2000B4025E05F9192D0200F7E68FD2B4FDFAEE
:109F30001B25FE2DE110C811FFF80C092AF420E4BE
:109F4000FC18F2C9FA9A3520D7EE091EDBFD0D2F59
:109F5000A2BEF4250BD0644B094B03E606F91BD5D2
:109F600043ECF80A06F738FFEFBA070CF712CCED0E
:109F700027EDED210B1BF32525AE0903200030CF83
:109F8000B1FE091400F7FBA0C321E7D9BC08EE0E0F
:109F9000E60AFB142E0FD41B170AF3F838F8F4283E
:109FA000B1DDC703A6178120D3FA5EF9FC1116268E
:109FB00016F999FD28FBE9E6DCF704E8DF81FC05EA
:109FC0001CF91B0AF8FBF5C8DA2094EA3D1FDA04F5
:109FD00003FA10EF100D28CCC736E4EB010BE9D8DB
:109FE000D6E5F5EBC9FE112D493B3E15121EBFD13A
:109FF0002B2AFA08CAED01D0FCCFE2C80819FFDB12
:10A00000F2200FD7E7C64B43EACB2E2D02D20B022C
:10A01000F6B91A01D4EAF5F10527FB8AE3BE29E671
:10A02000DA1025061F10F8130B21F3CF93C3FCEEB3
:10A03000EAEB1B00EACCF9F145EAE7F3F6D3183274
:10A04000EADFBF07FCB206F3EBE41AEB06FEF8E228
:10A0500009FCAA10F4F107E43D0501E42334EFE51F
:10A06000DDCD020E481BC151E93A4CFBEECBE4FCBE
:10A07000E5D6043C514E2D2C5E0818F72DD81C1443
:10A080000B10F8121CBB1CFF1EF7121723C0141A6A
:10A09000FF36E44FE31C0BDD11FC1106F2FEDA047F
:10A0A000090410070AD306E3DDDFF7F6C1EBFE4C27
:10A0B000E5F2E61623168124DA0EFDEF2AD745FDD8
:10A0C000FFFE39F0D7E33BEB1F01EEE6E68F1E2ED5
:10A0D000230F01100703EAE9E729AAD52A0FF80E92
:10A0E000E23EDE57EBE349FF0B06D50215263FEDB6
:10A0F0000B22FA0509F0234202F26702CBD004F8E2
:10A10000E21D521127FC2BF9BB2C0AF2E952B631A1
:10A1100005F6C51F2743158198BB1AF60AF610FEEF
:10A1200036D4EFE7E1070709D3173C0DBAEC22BE9E
:10A1300024F2BAF5012007E423B7D9BA3AA7CE2A08
:10A140001336131C09EEFD12E1D9031F582EEFF64A
:10A150000DCB3FE4EE25EB3E29E93B02033E3C3CC0
:10A16000D4E8111FE41FEDD93CFEE4D1FAEFF81357
:10A170000D17DB28FFE40E2AC3F7F10C0E2102ECC9
:10A180004718B50503E52FECDC0D13FE2F43EAD38A
:10A1900024FD2104C14600F0EFF1FAE8EF132EEEA2
:10A1A000E0EB04F8E91415001BFD19E62201DD0EB1
:10A1B000F71203010949D3F2BB0306F454E8F5F59D
:10A1C000FD0B181EF219CB14F1F62507D426FCF16D
:10A1D000CDE00EF21A622456F741ED1B030AFFD9B7
:10A1E000BC14D9EB200FFE07F0DCCAF02E7D242131
:10A1F000C10FFFE6090921451828DC2DE4070E22CE
:10A20000DAF6F10FF9EEF1EAEA04FC112228FAED90
:10A21000E1EA3CECDF81E600F61012D4DBF3DC0867
:10A2200015C60281E7D5EDE7E3E4F6065CF8142CE9
:10A230009A0BE800E934F70708F2B7E3FBF90EB52B
:10A24000C1E3140DDDEC0FE6F9081CEDE211551227
:10A25000103ED4FA33141C3BFB1C370F45FD093C60
:10A26000BD292DC0EF20034CF1FDEFFEF72213DDD9
:10A2700014F919ECEFD58AEE0C00E6F8281DFC0A5B
:10A28000FCFDCE1AF21902E8EACF1A0408E8D30658
:10A29000EBE0FF07D53DEC5A033AF4132F16E51512
:10A2A000FAF925F50E0A223BEF0FCFDEEA2ED71280
:10A2B0000DE0FD1AF8E201FEABEF090216472D0290
:10A2C0007FFC4BC71DB912E011E4D1E8F6172CCD85
:10A2D000F316E7E0F2E5D71A11EE470828F8D5267D
:10A2E0001C27FFEF8105E416091A443E07C50D0738
:10A2F00029D414FEFB28CAFFD9F810170304F40E62
:10A300001D04DBF22421ED0E4E16F1EE0CE51703D1
:10A31000EF051EF91D18F437E306E514FA12ADE750
:10A3200019E7AADCDAF107252FE50F18152BEA1536
:10A330000664FC4E1E5FF81FF10C1AE1F820F9FDCF
:10A34000F3F120F427FBC7072106EF2F08EDBD240A
:10A35000D8ED29F6F610E9C8E5E818FBFE17000F5E
:10A36000CAE608FBF00A2ED1150D81FD0FCC0FFDBA
:10A37000D5FA0F0F1C1EE6F7311C09EEF417D7F9BA
:10A38000DC02CB0116E72BE6EDFB0DF0433B0C1492
:10A39000F90BF9D7FDFE0358E4274518DFDF224FFC
:10A3A0001A7F3AEC2BED0527CE2618EDDA17030FAE
:10A3B00009FECD1F35F8180D07FE1B0641E7C31631
:10A3C000D913F7E8F7FEFEFBD0FDF2F7E611FFF731
:10A3D000F40FF0F9A04616162DF0EA01F4F8DDF7B7
:10A3E000130CDCB048D416E7050028CD2764095BC0
:10A3F000F9E5E00CFC3C01F2CAF9171C25CC1DFE66
:10A40000D20AF2F7233CE6F36A06AAEFF8B994EC15
:10A4100099F1FEE2ECE10BD6E225A4104CD1D4EC8C
:10A4200005202228250111033DEF0F3024F3E2F827
:10A4300017122F31EE172AE2190BD80C11C8E14B75
:10A44000FBE3E5992202FCFEEAE507341BDAEEF7AE
:10A4500016131913202317C7E647D6F2081AFADF96
:10A46000E7FF143F18F6E6D7D1281451FBF1EC0FA3
:10A47000F711F4B115D70CAA276D2104E9D5F7140B
:10A48000021394E3F4B017FFE8070A0FF4CB197F27
:10A490001FC2D2CEDD1B04E709C5DC15EBE1060DBA
:10A4A000EBF410E605E1D2F11AE2FBF700C7FF0C6E
:10A4B000A8EAF50BF43FE8E259EAFAF6F9B515F621
:10A4C000102215040C0C0D35EC1E0F30F92A3EF548
:10A4D000D4E6D82EF9FBF40F0B341F0C0508EC5909
:10A4E0002306F1FAEBB7F8E3BBDCF05AF7D329F512
:10A4F00026BB0F47F6F001DDF2F2E70DEB46F3F174
:10A5000011BF2FDCF612E32E2A32069AF3EC14B9AF
:10A51000E4EDD5B620082AD2FD06EC9713FD49FAE2
:10A52000B8F1144D0CCE030DF103E5DFDA18ED168A
:10A5300017A8FDE4D73FF318EFFEFFE50A40DB2F35
:10A540003DF1DAE8F8DFDE1EF539521313E6E3D009
:10A550001E8725E0ECB83410FC1254FE08D22DFF03
:10A560000B1C6942FD26FC6D0F02D510EFEB33C9C1
:10A57000FFFDDD04ED27EB08F5CEE13500E222DD3D
:10A580001CBEB804F8F7E9D4041BED0404E40F037F
:10A590000CFDF0F805F31C5EFA3CFF03F9111032D4
:10A5A000DB1710F913C902B90905FE1AFF3217109B
:10A5B000021D2DEFDC29EC100B43FD8FF833FADF81
:10A5C0007F5EECE20A07D2D70B230AD0EDBEECADDA
:10A5D000CCEF221E071DD0E13901DFCC1718F8029D
:10A5E000F228EFA719F50B32151B120905C702F067
:10A5F00008BAEE20F22A2ED50550EC0C0C0FE0071D
:10A60000ED44FC15CF0B1CE71DD8FBAAF7DA346A22
:10A61000DC193309DA0907FFBFB6E1E2B9DD1F5ED5
:10A62000021EF72DEE060F02F4F9E00F2D07E346A8
:10A63000FD220BB018251446FF0FE7F209F6E7F0EC
:10A640000803D9261B0FDCF519D4B7B3F310121485
:10A6500033F71CEF1362EFDD39167F20D013CD4B9B
:10A66000EF2524E609390BE206E50C07050AFF0B86
:10A67000D71AE6FBF57FE304FDBDF3D203AA17FD6D
:10A68000FFD5042DFDC9E104FD4EDBF9E910BEFE46
:10A6900015265E2D09F0EADA17C908BDF1020FF29E
:10A6A00024D648FE1D15F114FA7FF61113E21CFEA4
:10A6B000F4D4A3F6FDDCEE000403F2E92205F0BCBD
:10A6C000A50DC16528D80923C4B9F9FAF01B0FF10B
:10A6D0001FE72245F92419DD0E89FF4B093CF6F2EC
:10A6E0006EFB03DB1B2A2FC7CC01C8EE051420F03C
:10A6F0001137F2F31BFF03E0EBEC1CCAED02C1E8DB
:10A700001F88CEADF13412ECF9B8FF7FEA16FB02D8
:10A7100014F909BC1FB4E9F6EE2D072115EB1DFD58
:10A720000C29F2D4EAF40322151D013B0EC9DD62A7
:10A7300021DB01AC32F7F1F40603E45A1C4F12D9C5
:10A74000F12B210EFB36F7422ED410E5F511DCF18A
:10A7500005B98D9DF81EC4EAE41833DE2021E6E237
:10A760000304CD59E514050B1317FEEA12DC0BF1B7
:10A77000F4E2FCD100F408E72FCE1AEEED0CA5D1DF
:10A78000EB24ECC8D5F9E5F4FB27F01E2F0CE6EF1F
:10A79000DC34FF34CE1B250C09F848451B000AF4B5
:10A7A000D12B02D9000AF5FBF1FDEE010EE7E7130C
:10A7B0001287FCF6EFD12604005ED2D9FD2DFCE213
:10A7C0004FEEE1E8FAF3B12605E3DEDA25F42C508A
:10A7D000F2E3FF3AF8CE0AFFFA01BD0A810A2A2CF9
:10A7E000DAF70C1BE51081DE13F00DA52ACB02EA87
:10A7F000EE2BF61CF6E9FAEEF2380DE7EFF1F93739
:10A80000FA58BDC408E750EAEB1AE706004BC31C30
:10A8100035EFF1BDFA23F42109F2E3C20924E91D61
:10A820004E08000ECEEF252819F802F1F2EFDB57A3
:10A83000190BF00100CA22F00A4019F13117E6FDA8
:10A84000113613262806340CF1FCE93AFEEFF49792
:10A850000EFBEDBBEAF31D03E3D9B6819B1433D79E
:10A860000DD117400944CCEEA2B216CD092B19D157
:10A870001B36E40F2002FEB8150F0BF50BEE1ABBCA
:10A88000FB1AEFF3D5190FE919C62C0A0DE0DDB05C
:10A89000F409F013DF03CC08F81F0BDC0206FC0000
:10A8A00002F407EBF00BE232F91002F80A01E50DB1
:10A8B0000E3FE3ECE3F7F4A8B0171E1124F954F3AC
:10A8C000060C0AC61CFB25F50BFB993681E714FB29
:10A8D000FBBE41200823EE2E13CB023010890789DE
:10A8E000F2F8FE09CE0141E60BC2E21CF8C26EEBA3
:10A8F000FB082011F3F2880C813F2AF60FEF464146
:10A9000043FBE16A0513CBE016D4E43921FDFA16C6
:10A91000EF41D7FCC9E50C441F230FE33506260A97
:10A92000ED163406DA27E61137EA3308DDA44504CC
:10A93000054300F9F7EEF0DFDCD5E4F5830448C603
:10A940000415091B0B3422050CE00C47F24A24A91C
:10A95000AC1A7F21080A60EAD6330CE620E1EDAF9D
:10A96000E329002E28F3BDD21AD5B67B99002249DF
:10A9700017EB0312F9FAE59CDEFEDF0C2F1210F63E
:10A980005834240C1CD6FD91D4E9E026F20E39FB94
:10A990001229152313F6E21015ECA93DF9F6DEF89D
:10A9A0002BA7F200D120361FF2060309E3184B2D26
:10A9B0001C11BD3DFF2DADED0CD2DF69EECB4D81FD
:10A9C00003E20D0F1E414A34A525D10DEB050617F4
:10A9D000F813EF4E35FF0900FDF1271011F3D70CE6
:10A9E00024B0BB03DD130D012D040BED0F25E0D8C2
:10A9F000933932FFFC0923D9FBC801DA1B3EAEDBD9
:10AA000003251D201DEAD106EC1CBC2B50DAF404F2
:10AA1000110CF7DAE7F0CA40ED0D24E6AD33E0ECB7
:10AA2000F37F0EFE1DFE73ED51F305E3F334FCDE00
:10AA3000F0D1FE8CDFC4F0091BFA0FADE70447F834
:10AA40003714F3ECF028030724D1FFB7EF00F21E10
:10AA500021220ED61D037F28EF00FEF3297F12F17D
:10AA6000F7D1E91022EB1FE6F0285D1008E10003A2
:10AA7000FBF611F013F4EC0FFFE1EC21D2E53251BB
:10AA8000E33C240607F0E9EB1E43FA01E01802E577
:10AA900031F50E4F361CEAC6FBE028402A0276410B
:10AAA000090D01E414271C1E1681F1D60730EADADD
:10AAB000F704F3E11329C73B2B16F315DC21130828
:10AAC000CF0002F2BEBD21080108FBBCC50E112655
:10AAD000CC1311EA2E22345C0C302A9B17D5DFC030
:10AAE00011044FEA04E1EDD9D9D2FEFFCCC7EE2F15
:10AAF000F5DFEFC2E6F73350213B02F10DEFC3EB78
:10AB0000E0440508F2F5F2DCF22C5CE53D00D35898
:10AB1000EA07FFE6E8FC0FC6FE27D021EC4E9DEBCE
:10AB2000DDE09609AE373B20D531DC0F1FDDDCB40C
:10AB3000EBC1F443FB31EF030DE22788B21B5C4706
:10AB4000271CDF01E7F81EC5EDF2F40A00FFC00A7A
:10AB500001060C250326B6E4EB2B983005FE2328CE
:10AB60000FF1BDAA1DFB65E40DF6BFE4ED210A342B
:10AB7000FA04DEF115E8F7D8D8363E1A1E15E0EAD9
:10AB8000F995DF4FFBED00B9FF0AD5FEDE0CEDEBCA
:10AB900003C6E226FC0DD814E5F455F10F09101E8A
:10ABA00013C8AD750D35F41524C3FCF1004BEC153D
:10ABB000100F33F0D3AE9FFAC7D9FEC704FFD0A35E
:10ABC000DC00231223FAF992D13FEEFBCE1C543461
:10ABD000F1D2EA3ADF1729070D23A83326131E09FD
:10ABE00020061309CB04E24205FA24906339D118F8
:10ABF000FBDE18F0E31014EE1CF0D712F99DF30001
:10AC0000E7E519F5DCFF290C1EFCD2DF1422B40A9B
:10AC1000E3FC10EF0ADBFA36250AEAC6E1CB16930D
:10AC200005FC18FF1E8E51E823611AE025EDE9931B
:10AC3000D8DAE635E9EF3308CEC711FC38E52BC08A
:10AC4000FB010F152515FAF9F9061DFC15EC030992
:10AC50000C1825FEE3D4EB16E62210FBF5F90531BE
:10AC6000EA145410DEEED31B221A042ECFFA2FE47E
:10AC7000ED921FFD07DE0BF3211736B511F6F70F26
:10AC8000DBF71B07D1F119CC0E03E5903438DDA6B4
:10AC90001D36FAE3CCF20BED1E350FFA2721F7270C
:10ACA000FFFBF8E43DFC0306FC0724981EE5F18158
:10ACB000DFC5E445E3DEF70C1C11F9E4CEF70AEC3E
:10ACC00034320145E6E60C29EE0A14DCABE1002043
:10ACD0007FEE29241921E60919116F9DDC0DB8BCFE
:10ACE0002479D51DF8759F081D55094D0CF8091ECE
:10ACF000D20841E5470C23C306FFDAD0162E040024
:10AD00000C05F824E69819F70F0517F60B161ABF6D
:10AD1000DCBDEA30F3DB08E20918ECD3E6070CF4FB
:10AD200015F04921F4E8E3E3E8F54EE31B02F1BB3B
:10AD3000140C58FD1F2F03259DE525BFABF9051DFC
:10AD400034FD194DFF241A0E10E936020DD5FA24F0
:10AD5000F1D25C21D9EF0CDD0AFB3B26232914BD7F
:10AD6000391232412FD3162DF4E315DACEF805BF90
:10AD700005DBAE13F5FA27F3F2E2D6EAA4B30FF13E
:10AD800027221915CE00DB0FF5EED41301121CFF9C
:10AD90001808FFA0DD09E4F9FC2DF70425F3DA1308
:10ADA0002DF5D7A1E6E0DE20F6EC0432E9FD1D0E1C
:10ADB0000C231A7FC9E5F40FD1DD4BD84E0BE4DB31
:10ADC000641BD907D7F204E2EE0222E70DDFD0E5DB
:10ADD000CBCBED444CF7FFEC011A3EE2ADEFFF1593
:10ADE0001BEE12DCA321ED13141EEDEE1D112CAC95
:10ADF0001B0E1FA566BF3347D2DDCE3DEAEAF5053F
:10AE0000F8F5A36404C5E8E7EBEA242A45F800C98D
:10AE100027F8032C81B41F13D0E10BF69F0F1EDC23
:10AE2000D0AA2A521BF8ECFAF4287FDA47F9C812A4
:10AE3000F559ECDDDD17EDB70B4C0A30C6F9D40A35
:10AE4000070C04C008EFFB12FF042DEEBC1118EC38
:10AE50001B2D11D2D71BF1571D101D0909D10F331E
:10AE6000F67F11B79CC60312120C01D33AF3E1EE40
:10AE700029F10E9505D51029D5F0001ADE16120B12
:10AE8000E3074CE58DE5E9CAFD082EFEB125101E4D
:10AE90001C1C5609FFDE110A04FCC8153439081BB6
:10AEA00015172EC5EF0ADC25DA33A1DDFA2D091CB2
:10AEB0002702C105CB1A2405F51336D90938CF4925
:10AEC000FB101DE4FD1FF59EEE25D720011128AED5
:10AED0000CECD3E82B2404E9F6D937FDFF14DD1F71
:10AEE0002F30FBDFCDD01106EABFF61CC70BFAEB03
:10AEF000470CEFD12A07112EF9F93BE5E70BBFFD0F
:10AF000009E00ECB0EEF0AF002171DC743FF2A051A
:10AF1000EA0A05E5F5E4F1E2B9EC2800DC1E18DFE9
:10AF200019F80DDDCC0413D4FC0D2F16F218D3D173
:10AF30003F41F524E158E7F511368FD2F505FC23A2
:10AF4000E822E2FCAB0EE00D41DA194D09F704F8F6
:10AF5000F0ECD8FAD996241BC0C73E3B117F2CFCDD
:10AF6000DD12F2AC030FFCB2FD24BADB150BE623B5
:10AF7000F110ECCECA0F223A0FF8F6EC0F08F40AE3
:10AF80000300E7ED4002DB112301E7170B3C810DC5
:10AF9000356B34DFEF0310111C09AE2F260B05D4DF
:10AFA000DA07BE535717DCF11A18EEC30D052A0550
:10AFB0000D28FA1C2AABBD201C22E407AEFFF51CAD
:10AFC00050F106F20D27EEE8101C0AD7CA040C3720
:10AFD000BADED4102A03E043E8100BCA3CDD03D3E9
:10AFE000EBE7F9481D180E15383304E60A3515024B
:10AFF000F910F41FC4D70CEEE1075EE10523D80376
:10B00000FD2FCFC6D8F2E7F0E6FA5B09EAC005C922
:10B01000C0D2F48EC1EB07131CF4C5C6D10CBA0C18
:10B020003842EB1F8FD64A1A0AA70C28DA04CDC47F
:10B030003F290E30DC00AFDCFD2143EE1503F4E2C6
:10B040002027C70E07EE1FF1F212FD01F7DAD0FF3D
:10B05000EEFFF7E421F5D7FBCFD1AC6704E5D402CE
:10B06000C5FA40E8F8ECF1F326E6E4F5FECFA8DEF9
:10B07000EFEF4CF417D3F40A1D0CD43D230BFFE57E
:10B08000FF0BFBCBE708F83FEF0212D3FED9CFED61
:10B09000D8F7221E5CC719062302D509E20BFFA8C8
:10B0A000040408EFFE0FFEC3B8F3E9B71832FC2B17
:10B0B0004B1303F1FECAE4E9FEE40EB615F817FAE5
:10B0C0002E1027D922C9D9DFE702E335130009E59D
:10B0D0000D0613F6E839F9F6AE062F032B22D8CB6E
:10B0E000D0E7E92A36F03CD4FC29F2262045200B93
:10B0F000BB05E9E6F509F5000A080FF9F7102C0F72
:10B10000D3EECEF8177FDCFCE2EA2DCC07EEDD01B2
:10B110001300FB1B0C2503F9DBEFD9EDDDB0811D1E
:10B120000B0FE13306C7F61BDE1CF0F21501280BEE
:10B13000DDF88B280E09F3F1D54A18091661E1F8FC
:10B14000FAF3110A26E9ED140B2944D41EEF0D1C65
:10B15000CCFAFFF6CA34286FFF0FF11D0614E25037
:10B160000D0205B5D01FE9DDE8FE06B5F102F308D2
:10B17000BE05E204F210EED2C80EDBDF26FC291772
:10B1800029F827C6D2D803E2EFF7E8F63515E4032D
:10B19000EE177F10FFF2F1DD390D0199F62EBCE6B6
:10B1A000861F030234C0E30BABF4F212F5E80F2D57
:10B1B000070C080EABF207E3EDD4EE482ED7C2FE23
:10B1C00015FA0815FE0CF91918B30EB1FDEC0A209A
:10B1D0000DDE08FAFF252108E4F9F044F8E8F0D67E
:10B1E0002615FBC61C221B31041110FCDE12E8F8E8
:10B1F000F9F709FB1D1BFAFA32076AF7EBF90E2B78
:10B20000230DE203F6DDD2EAD0FBD61A0A0ABD2DE1
:10B21000CBEA00EBFFDAE2F9B11AFF1B1CFA0D1DB5
:10B220005515EDBD11450FDBDCDD09FAE50118EF21
:10B230001600C0E1F9B2E60922F2B2F603D7FE2108
:10B24000EAF3F6F7E2F525F1E4DC02B4EC180CEAD7
:10B250001306F30D7F101603BCFCE71A17C1433C1D
:10B26000F3A798CB0EE913FE01EDCCFC03E6F6ED57
:10B270003016FD09F51C0509F4EFCB13DBCB13B633
:10B280000206E41313DEEE0547FC0EDFF4E916D0E8
:10B290000F0A198112BF051008F7C5D9E955FCFC42
:10B2A000B9D4FC0B232DEA3119D11AE4E82519DDB4
:10B2B000FE193D0F02FA1BB5EC02FAE91EB901DDD9
:10B2C0000FF0D910026CD1031CF1F20E1CD910F151
:10B2D000E213C6F84709FE02C7180BE0FC0500F4AC
:10B2E000D705090C16FDC7811235F7C315E800FD17
:10B2F0001602E735CD0715F0E80AE2FCAEEA02B720
:10B30000C106D15036E60622E4F416F0D70614C67C
:10B310000207D8E01F12E22C270E0EC8A1E807EDA5
:10B32000F30211ECE8D6FA06E7FE0B3815F0D5D299
:10B33000E401E0032BE6E4D000F20AF51A36FB0440
:10B34000F7F6F9FCF9F6B510CBF1151218DF1F026C
:10B35000FBEDE9DCD4EF0D2C21E3F4E8FCF4E9C9C2
:10B36000CDF104D4084CFFFF28FEF7011319F3E9CF
:10B370000F05160CEDF328F9DF020AF919D305FCC5
:10B38000B0060CD30F1304ED0CF9031216F007FEF0
:10B39000C80CC1163F0B002F02EA020115E8190C78
:10B3A00078F302FF0D531BF707E82C05FFEDFA2297
:10B3B000FD2A27C3EF0BD5E82D0D0D4000A6CADDF1
:10B3C000E9EDEBBE2BE41EDDFC138E0CE8FCDD1674
:10B3D000030510FCD80F0DE681230DF80D69DF2C55
:10B3E00007F1D807D12A4843E181B9EECF19F9090D
:10B3F00020132DADF9C910E3E301C117EFD9FEEF1A
:10B40000F307045A08140B3EF7FF54DACA590BBF6E
:10B41000B4ED3ED012EB07F6F80CD61AD1ECD7F00B
:10B42000E1ED151C05020216021A245727ECBBE2B7
:10B43000DAFD080148DD28DEA217351DE31C12FFE6
:10B44000FEFB270BCDFAF911EE07F71D25FAE601F1
:10B4500048150217F1DEFB051BF3DDB0BD0723061F
:10B460003F0B3046E554085514E7FDDBED3C10D7A3
:10B470009D95E42DF35A14D5BCE817462919FEE52D
:10B48000EF1D1231C723DB0406D1F5F0FE270F10A4
:10B49000C0CEFBDEF74524F9F5331001FB13E2FBC8
:10B4A000D4BFDCF524CF0106D1DC38B1D8EC0CF2E6
:10B4B000ABCE05DFF409171CB6E1EFA5E6FAF4F20E
:10B4C0004830EDD7E1D301E2170CF226B6142FF67F
:10B4D0001CEFDC4900F6F24001F2D53F2D0BE719D5
:10B4E000D1E3DED6F500D2F81AF4E8F40C05140A1C
:10B4F000DBFC0C2BE13106F93019FE10122926195C
:10B50000EEF7070AAAF2F7D9E9ECEF13C5E4CDF399
:10B5100000E01AF6E83018DDD8D1F6FDE3FB02D3DF
:10B52000D2EA0609194D0DF32ADDFCF409FC0202EA
:10B53000CA19201A819CF0153F572829E50C1012D2
:10B54000E31CF4ACED330CB34CBDFA7FE434CC1EF9
:10B55000A8560C05CA3803016B450F2F090DE9E306
:10B560005D45EE021412E5295FDF1EDFB5D1F40F51
:10B57000D2F0FA4C034B1CD508EF0738BF0EE90395
:10B5800009DFEB2426E91602037EFE27B8D003F07C
:10B590001305E6FAF939F800DE389C1524D90AE5D6
:10B5A00070FA0ADED2DC202BEB39FD0986EAF2F8CC
:10B5B0004A511C23090E09E8A8DFE7B0031DFD0F5F
:10B5C00008F412EAB304ED31C5ECDABDE5030C175B
:10B5D000E91BEAEAF0C019F2FBD50AF2BCDCF4F58B
:10B5E00055E61A32120ED4F9110FC01529EFFEFEDE
:10B5F000D6E7E90011CC0DE9161BEF3A0A49E50040
:10B600005CF70626EAF23CE206133904CEDB06FEBE
:10B61000C9F502DCE7C309F10B2D06DFDAFCE3F222
:10B62000CA045304FC2DF611DC1A080E0E07DC3A8E
:10B630000AE6E503CDBD16FCCEF9149FE4E7D72A50
:10B640000301D730F2D7F42B22F80121EDE830FFC7
:10B65000EEBEFEDCE5BC0FF7FAE41DCFE805C92914
:10B660001ADED4D31FE436F8EDD41A88FA200DFA86
:10B6700007F3E8B21FD501FCC200F4C41309FB1E96
:10B68000E1E6E7C2EFE009000B1BF010FDB30B1180
:10B690000FE21421190AF2270AEB0B09EBD91AF46D
:10B6A000DDF8F9E9E0F79F222CFA81F04109EEF785
:10B6B00012B3F6301A0EF209E8960BDCFFCC0C231D
:10B6C0000B590307A610EF08C0E5D8AEDAF11BF25C
:10B6D00026E7DBF5E1CB333DEBFBEFF0E2280BF6A1
:10B6E000E20812E5130C24E911EA24F4D215D3E59B
:10B6F000DD1617161A00F808DDF137E320F608EE1C
:10B70000E585F72DFA331F13113DF3E12523F80BDF
:10B71000EADFFBE70FD6C621BF400513D5A79B0183
:10B720001181F5CB26D605FBF3DF1A0ABE461A2295
:10B73000BF04E2D7FA2BE32B5C04FD9FEC7FFBF503
:10B740000C020EEFDDFEFC09ECF40416062EF903E4
:10B75000FFF9FB04FEE65322D65FF725DF5C25F1F7
:10B7600006DCDA9D0102FADCFACFF0311500F507AC
:10B77000F50B42D4F63B0DFAF2F2241EE0F213D19F
:10B78000F300F43F08F614E9F112F01AD1EDDF18D6
:10B790000BB9EDCADA0A10BB1D00FF0D223CCF0E1B
:10B7A00081AE2192E91AF30D0BC4DBEF32000426BF
:10B7B000250F10CBBA07EE131E8C37CE07FC0702FD
:10B7C00095E102BCC0220FF309C04607A6CDDB1CE1
:10B7D000F4F1E037FC2B19FC0025072FF709E108ED
:10B7E00009180EF2D40CFE3AE737D02F0FF1B8F556
:10B7F00038E9F6F42E34DCCDFBC90F16F9DB8104F1
:10B80000E2B1EEE966BBF0174937FF1218EA1C13E4
:10B8100094FD0F1BFF46F2DDB6E3F718F2C40F05E7
:10B8200006FCFBC8E8FC0581F4F54E54F062030504
:10B830000BECEEBF212800EF1924EDF71F1AFE1ABA
:10B84000E4DDFD2CDC192207C3F652E2E602041106
:10B85000E31915CDD70107D12EE1EE08F00DF3F76E
:10B860003923CB271E071A380313FF05F5E724BF3A
:10B8700020FE171336FC32EDE70C360AFB2814FACB
:10B880000212B91810020FE65A16E1022FF86802E8
:10B89000042E312A55F338FFF02A1D091CF7E2FB6C
:10B8A0000EFE014DF1EBF5FAF5EBF913F9DFFF4F61
:10B8B00094EC7FF30226E3A7E9D305F62CD3FAE450
:10B8C000B51FFDD2D603CDDAF1EDFE2EE41A1BE74B
:10B8D000FBCFFFE42011E40311110311F6E7210B64
:10B8E000B8401ADE1625476DD317C312B725B1220B
:10B8F000EE200204F91D0DED7F20F80C36F94437D7
:10B90000ED660E1DF007F6E8F72210F92AE216D6CA
:10B91000F02016173C1EF41D441FF8EE22F9E8E54E
:10B92000F4D734DA2D1624F018161F31E3FF001F68
:10B930000A2405470DFA17E8D311EAE1F8090AB518
:10B94000CF0B041440F3D4E90BC80BC0F7160C243A
:10B95000091808EB99DFFC13065418B7FAED3A0101
:10B96000032F16BC0A057F0DFC00C429E610E4066F
:10B97000ECFCECE92F33FCFE1402102C25ED1B111E
:10B9800000DDB22201F6F4F41F2FF4C217F80CF315
:10B990001D0BF1E9E308D75AB9FF01EDFC13EBB930
:10B9A0000CB10FF74327D611FD2E2BD2E811110849
:10B9B000D92B03FA0F07C6C62C201028E6D00CCED0
:10B9C00006F6FBEDF504F1FAC90625CC41ED08FDBC
:10B9D0001104E20604D2DD07F1DF0F2B0CF825FA83
:10B9E0000D0B94F5F4F21AF0F70A15B4F8E70B0C06
:10B9F0005FCDF2253BFC39DFE3F7CDC32A0D1EF105
:10BA000019E6E1132708FFE0FB0EED42310D0D456D
:10BA10003711B2110BF31EA6C8183E0DB714C82774
:10BA200002F4DA7944001BF1081A0D28FDE4F15FF5
:10BA3000F5DE03D0E2FE0305F00346CEEFF0542B13
:10BA40001728D281DD050D0D0AF4FC15EDF9F0F291
:10BA50004BB3FBECFE0933E608F0BF000321171AD5
:10BA60001910FE1581B219DE19D613FA04EA31E075
:10BA7000FA0E6EB8F40350FE1794E0F8BEEAF5161D
:10BA800022EFF52DFBFBE1FE27E1ED1B1DE42CE988
:10BA90004290B139C9D40923EFE100192AF823FCF7
:10BAA000E225FDF116019D2EF716E58AEECC10F485
:10BAB000F8D6FBDEF51B041FD381E8EFABDEC7EA47
:10BAC000171DFCF8050E1C5CBFFC470E0E04E0F6CB
:10BAD0001A09010330E61DF8DD03FA5C24D9C00A17
:10BAE000ECE9F224FF19EABBF816132519041CF936
:10BAF0000CFDF1DBE4FD27121BD2E316EFF8EDF7A6
:10BB0000F0CE31F4AE0F0CFFF51FE6D2F1DF1705D2
:10BB1000FDB5F3EA20FA9536014EB0FF130C082765
:10BB2000D6EDF4DAC1E31BCEFED0F8FCFA1335C42F
:10BB3000BF4D1801481456FDEFFB14E3E7D40C1574
:10BB40000D0C0229CB1EE4D4EC31F3C22915E0D24E
:10BB5000F018E92404F58905FB4DDD0B41CA003BD3
:10BB60002626DBD24ED4F82101060823FB1D130D37
:10BB700025E5EBF901EBD6F4EBFAA6E82021F5F187
:10BB8000F5E63128D9FDF0E61DECD1D91109253FA4
:10BB9000BCEF2213C7191C0212FF03071E12EE3F4F
:10BBA000DE142ED50A206C03EFDC19C9DBFBF30A87
:10BBB000DC0DEB7211EFDBC5FCCFC2D70525F18D93
:10BBC000EA03FCEB3E02F90F0AD1F751D506195CE6
:10BBD000FF3105EEDA19E9E10B070B0207F00E1849
:10BBE000DFF6D107F308F8081320D2C7CB81B21DC6
:10BBF000EEE203D3F10726F4071B090AEB11102725
:10BC0000E2BAFFEC2732F213C405FFCEE717CA8170
:10BC10000FD00B2879D0E7090FFD17081A00FDE1B6
:10BC2000D835EF03F70FEDADF337ECF2250BE7D581
:10BC3000EC340D140BF9310F20FE0DBA1D34271E04
:10BC40001A0AFDEC0312D314FB18F307EB14E8EC0B
:10BC5000B7F34E01CD6522EDF9E323EFD981221F21
:10BC6000FCFBEB0B16FB0DAAE0E826E7E5D5EB178E
:10BC7000EB83F9D21502F75521E4F31306D10A310B
:10BC8000C1DAF3E30EC1BD2DE5F402E907CD1BD9FE
:10BC90002DFD0717F2E7EFE92CE9FEDFFBEC0C2F97
:10BCA000D2D407B00B0B21FD1F260AF5081A033268
:10BCB000550A21EBFEF6ED0738E73CD1DD09ED0929
:10BCC000DEFDA1FA0B20E4DE32082312EBF73ADEA8
:10BCD000BA0C071CDC1209D344ED2801071D37CE2E
:10BCE0000524FE03BC0404EB65160116C418CD0838
:10BCF00073140C47050CE938F81C0716FBF8C0FA5A
:10BD00007525F000074B7F27E1F4B1F4260EF2F21F
:10BD1000FFFA2E0ECE09F7D507264A81FE74183594
:10BD2000C9E323DCF335270F00A121DF14D834F653
:10BD300071E8150102196AF42622363308F15EE231
:10BD400064D21711E1E01CEA09F7BF3B0F02E91BBF
:10BD50005FF6F6FCEFFBF11B40F501B7DF23E532A0
:10BD60002100C21FDD23CDD9E9F01208DA1B02FF42
:10BD700028547F37063AE7090124291BF3E9E9D95A
:10BD8000CB02D8C92A1601EF01F51D04FAE1F70626
:10BD90000A32CAFF09F923CA2F1CD2FDE776253BD8
:10BDA000F3EF121AE4BE060AD31956FA11F1AC10D9
:10BDB000172BDBEC05041C072317ED3536FB0A00B7
:10BDC0000407351481E9F6F12AAF1BFC0AE6DDC150
:10BDD00003FF08E6F5D3F6F7E61A092514C4DED406
:10BDE000EA19FB0DEC10E221DA7FBBF9011B922E60
:10BDF0001AE5DFF1FEE7F025D92957D823EED41450
:10BE0000F943F21F0BEB90FF46FC0940140F03EAC5
:10BE100011DCF1D3FF2718241101341FF7D90AE1EF
:10BE2000DCF41630220C41FFFED7FFFFFD27F9CAD4
:10BE3000F33FBA210B1BDF2B1918E40AECDBD4DE2D
:10BE4000AFD705B90323BDB314DC1538EC3068F265
:10BE5000EADD19CC31F3E9092607D4E615E717A87E
:10BE6000E724A1DD20E21429EB1DF6D9010606E442
:10BE7000FB56E0ECF717FB09C21AF506F4F6420789
:10BE8000EDEB16C231EBA70B03C4E7F7F9D351CFA3
:10BE9000B543C1000BF3A21C1C65362E0B27D6162A
:10BEA0004AD6092D1DF4ECD28170C6D0070B41F3A0
:10BEB000F81336CEEBDD4BE84A05EDFC220DD1E858
:10BEC00000F2310B0398F10904133AE6EB5CBEDC97
:10BED0002C011A030A3723E937EFE516EAD9AC0932
:10BEE000FC1E00ED9BFB0907BE2100F5DFB0B62E5E
:10BEF000F724C81800E6F808F70BD5E603F631FE7C
:10BF0000FE2106F71AD2C1E222C80B04EFECFCF4C2
:10BF10000803151726F0FF28DF24D314061FDBBB08
:10BF20008CE79CFBF74F1AFD6031BFF914EECBEAAA
:10BF30000EE6F016DCD2F5EED2E82B14DAFAF109AF
:10BF40005926190EF1221EF507B4F9F7D8F6E6FDC9
:10BF5000AEFA02DDEA0719E25BBA09E805DDDA317B
:10BF60009919F63BAEF4DE26410A54EBEE383A005E
:10BF7000FD04D71211040C1BF130C305F606410E67
:10BF80001EEF19C2EAFAEFED01F1E20C071104818C
:10BF900032E5F028F8180A243035F30E15CF020ADE
:10BFA000414245D9EFC088C0E9FC14D6E1EFD9EA97
:10BFB00029F409FC00F0ED14A8301909F4E50C1B74
:10BFC000EAB90CF8CC12FDE901E10246051217C0EE
:10BFD000D44A72A103091CFD12F3693D11E8E40C77
:10BFE000301C21F6040D2AC3F3FA880231DFB75260
:10BFF000B21CE3FA08119BFBFAF801E426F0FAFD03
:10C00000DCE9E9BBFA200403F40B32040DFF131939
:10C01000EDFAFDC90CE2E7FCAD041BE0040FEFE113
:10C02000D0FCF0F29FDAF35D1941F61C2A2633FAB0
:10C0300011F52F04F9DAF000000000000000000004
:10C04000130111DCD622DD1112B632F2150925EFEB
:10C05000351A1421F9D8F5F402FBC227F1D3812354
:10C060000307EFEA160E1C52DBBCE5F0E905C3B886
:10C070000781DDF205D6F6E3BCFAFA24FD7FF4E988
:10C080000FE5C628D902FBE5FCE2B8381A2E910468
:10C0900081F1EEF0FCF608D905E71307F007FE285A
:10C0A000F30ADF2415FAE3190F05DAE64AF4DD0393
:10C0B000D83D0BE6030EEFF420A8E909ECD973EEA6
:10C0C00024D4F201FEE62C24EFBE04EB25CF09E1D7
:10C0D000CD047F1ACE0AC7232761F8F3E2C3DB043D
:10C0E000DDDC10280901014B6AEC07FAF5D70FD304
:10C0F0001CF5F1D40921F4E88DE0010CD5EF031E05
:10C10000D6BFFEF21BD910DD061D19EF29D0DA3E8D
:10C11000F8EAF312F422E4F833EC090208D80CF23E
:10C12000FCC025E9F6F9FD0DFD81050209011000AD
:10C1300049031D2430D92CF3DFB9FCE40AF9B0EB34
:10C140001826FFE71F5D7F231DFAED332D9002F7C0
:10C15000FAC50013F509E80C09E8E6E3F5EEFA0F75
:10C160000804D00E04EDB7DAEEFAFE7F0C19E9FAF6
:10C170009D20D73BACF9F600991D28E9F22743DA58
:10C180000B11FD0006CCF181FC15F71147130207D6
:10C190000BB2FECF1002AFDD01ED08F3AF3BF1EAC9
:10C1A0001210F80801D4E2CAF0E2F0BEF53DFCFF3F
:10C1B00022B83101E20402002717517F0CC8101B7E
:10C1C000DF0CEBF5031E04D9F7EAF5241781D7EA53
:10C1D0000F3B08421D12570924630C1F25FF05F66B
:10C1E000131CE7FDFFD5EE17810AF01E02F803A627
:10C1F0000A18302AFD0C211B74FB3CE111F5C05CD0
:10C200009811BAD6F1764CE7D8C0E905DD14E90DEE
:10C2100081F724F910FB09F2D0F7FCFF0A24040F80
:10C22000B5D6B2E0E71907FBD20C09EEFFFCF50B1F
:10C23000D1D7FBF2D310E9E1DBF722E90E81180335
:10C240005233DD18F940E9E3DAEA2C1D0523F5E85D
:10C250004F311F020AE9E90903240A04E219F9EE41
:10C26000F6F5022306DBFF1FF7550615DF00FC2954
:10C27000070FFB1006EF1818F40B0317D6E8D815B4
:10C28000D3DE00E8220608F806E4F0241E5B0B3437
:10C29000A5DFFA10E7042016021326D7F7261E2979
:10C2A000C7C709240CB31402EB01E9F4E404F51A3E
:10C2B0000405EDC51332B927FBEE1DEEE41C02D9CF
:10C2C000FA18033A13EAEFCF291C16040FFC0352A5
:10C2D000370EDCC5FDFDF31ADDD5F560FFB9FFFCB7
:10C2E0001BF0D90DCC06D013FA11ED09F7E8DBF4F9
:10C2F0000B06071E1E25E5E201D8020C0BF8D91C1F
:10C300001D2C0A53AEC316D4549D13DEE1D1DD3B80
:10C31000FC04F203F105EDDAEDFE010BD0F625F792
:10C32000DFF60A0FCF0D12F02A0A18FBDBD7E3075E
:10C330006D697BD20429C7D01B2AD8F2F2F0D8DC71
:10C34000DBFBE0F128F7E10DF6AF25F7AD0AFF3A88
:10C35000D5C7F3FFF0FC30E6FFE5F0FA120FF4D09A
:10C36000E907CAEBF208E205F7090BFA070CF2FD40
:10C370007E2914E7AA150A1C163FAF2FFC95170754
:10C38000E1EE36D6FA16C9DF29F40529FD0A0A5D61
:10C3900001CBFDF01C9EE7F1074319E13110340F8A
:10C3A000EBCA2C0E02EE0CFA082007517F07FA07A1
:10C3B00003E821210906252B03D7B9F1E5F4F8ECB0
:10C3C000CC08CAFEF9F206E208010D180A2AFBE4BD
:10C3D000E4194B0C116A2722FEE3FBF8AA03261B83
:10C3E00009F6EB13B7FE0BBF170AEDF9F917E100D9
:10C3F00011B70A2A7F0AF42E0989F709FD1EF906EA
:10C4000061C78106FEE3005EDAEB44DB03B2E9E9D3
:10C4100029FBE2E9F5FC1DF715090425F934DCF7E1
:10C420002D0806320D08EA2901EC03F5FBEBF9199A
:10C4300063E392FACDF9F214E98311E421E634DDE5
:10C44000F6FF01E6061F1BEB3AEEF607ED08F9369C
:10C4500003213213E476011B02D9F33BEF83BFF7CC
:10C460000F0AF4F9F1F4110EF907F9F8FC1581F847
:10C470000EE42E120F1EF7EAD4DC088FFCE83BEC2A
:10C48000E80C2B090EE6FF10DEE8FE05F4E6F805E1
:10C490003220F9DFFE7F14063EC9F7E4D6D1ECDD89
:10C4A000DE37E5042057220B0FE71703F7B9EA142C
:10C4B000E805FEDEF8CF0C0CCFF93021FC130FE8B5
:10C4C000020E2BFEFB81F71300E809CF20F41119AF
:10C4D0001AF9F7E90303190E13811FFFE90807EDA5
:10C4E000CC087F08A50CDA120D02D53604ECF8FD55
:10C4F0007F02F3EC130C24F814BDFA370DDBDAF3EA
:10C50000CD04041D1B3200F0CD21F5F0FC98440D44
:10C5100007BECAFC343B10350981F2C8E7EDF0F9DB
:10C52000E9B7129F0BE2FBC0ECFD110FA82B25DB36
:10C53000DEF8AA1210200CECF523E6D3F2EAB4FAE6
:10C5400030FEA0F801FBEFFF4206E8F80613B71D26
:10C550005BFF500315DB210D27EA38CA1F40C636A2
:10C56000F71208EFF5F0F7D6FD190800F50A2707CE
:10C57000F4FCDBE3DE2C0A37E5B1F3E6FE049EFEB5
:10C58000ECC1FD100CDB0D1D18F181E8F3C8DBF7E1
:10C59000EA04EAFBDAFAF714E207353704033BD082
:10C5A00045E42A161708F5FB09095E56F22E0044E9
:10C5B0001DF80AE7DEF8EFF781DB10D6E6102B084E
:10C5C0000805150604F0FEEEE8F2FEC7FFE6E121DD
:10C5D000144BF50C0FF0CD1D240319210B08F3C2E9
:10C5E00009C413F0FBEFE2180C2905FCEFDE0D097E
:10C5F000050A18F116DEF0C10EF102E40DFB200869
:10C60000F525EC0711774C1B28027F38FDDEF8F981
:10C61000D2F3CBD3E5FFF2ECF51B1C7AF0D3075035
:10C62000BDF3FBF80F440435C722371716B05E4838
:10C63000F31108380BEEEC5FD7F698E908FAFEC55F
:10C6400007F2250D1A08FF421F161AF73303B8FA2E
:10C6500020E61516F400EDD590BF1EE4302E1A81A9
:10C660002004ED1516130B020905F0130CF1F30469
:10C67000B4E3190A403B16857F3408EE7806E50AD4
:10C68000F4F22DEFE80314EFEAE601F7E6DAF99F9A
:10C690001415ADFD01FDA941251E0809030B00037A
:10C6A0000621F4F84A12F542E3EE1EF81DF32617B0
:10C6B000F6DBDB05EB1B1C125521F80E37FC371C93
:10C6C000F2FE1F02161821E5ECED00010608140722
:10C6D000E9F7BE27F7FE8FF90CF0F60007EDF449F5
:10C6E000390603E9020FFF1DE1F6F0160620ECBA49
:10C6F0004523CE7308F9203FF8FA01F9F60C2BDF39
:10C70000CB48DD2A35F1DDD0072B20E602DF170309
:10C710000426DA12FD2899D411100616F0C6D75F48
:10C720000BEAA300B53B044B37013030BFFE07D9FD
:10C730001EFD43F1E4813B4CFD28CEFAFDE1EEBB4A
:10C7400088FFFEFB200700130AED1C081B810E0F5B
:10C75000EC9DF13F3EE9D3D2C4DB69C2EA3DD5B3DB
:10C76000F604DAF4F823FBF4050D0920A9FB0D0704
:10C770008F0012D7E5EDDCE00BA9FF0A042E0309B8
:10C780001715D7E2F801080906F3F6D4250C0DC8F1
:10C79000CFD81C05AD00CCDF05D896F714BCEDDF73
:10C7A000C60AF4FA7FF9EF070F1A1D17C4482602CC
:10C7B00008F4E33402CBE3190AFD1606EFCCF1FFCF
:10C7C00046EAF282FF0D1F33EA0E59F9E7DF152C16
:10C7D000DFE70EE7FDFBF9D615FED20DF014030CD2
:10C7E000160965F2101AE9E8030D14F2F60907FEBE
:10C7F0000104CAF51D1003FA1EE8FDFFE3F2221D35
:10C80000F186CAF20CF8F30BD310E8DAA20938F873
:10C81000D6AB9B140D2AEE31F422FFB80901EB468A
:10C820006310E9582AFBB916F94E1E22C981F6B5E4
:10C8300003DDF9D7F406F90A3C2AD31F6FF402BBD3
:10C8400031F8E322FC97270F05EFA9F9FE1109F251
:10C85000FC29FEFB0240142162FCFFEFFCFFFCF10F
:10C8600098FE53CE0601E413E1CAEBE0DF312BE082
:10C87000700EA214E2DD21F7E4DBF3220CFD04FECE
:10C88000144503CC05E91BF63FB4F812ED0F060181
:10C890001E3313181BFB0301D1100AF6FCFE150C06
:10C8A000161DFBD5330127F90CCED5E913EBEEFAB3
:10C8B0007F033C1728151125EC83E310F5F9D4F616
:10C8C000091400320606E6E3121E03031A28E001EB
:10C8D000491E162404F01BF9E803D3012E10FAE3D5
:10C8E000E74B07EAC7F7EB0AD5F82AFDFC2908272A
:10C8F000EF18E206FEF3120905D3080A1CF1EC0C4E
:10C900007F010CECF022FAF5F1B5220624EAEAF4F4
:10C910001411FA041305DF00FE08B81D03FE15FD0F
:10C92000FEF5B9F526F80E000DF30FF1FD008107B5
:10C9300010DBF6EFFCA2FF1C63FF061EEAE508FC15
:10C94000EF1AFD28D6071A0CFC06D9C4328108F666
:10C95000BE09F41361FFFBE981FCFDE707FDC8FC9C
:10C96000DB9008FBF70E04FBE70B2806EA210036F4
:10C97000F4EC0D23ED150BF3E0D6FAE90681EDFD9D
:10C9800049037F21F6EDFCFF36FB1FD3FD1AC5F7E7
:10C990005B0D43FC30F1FA10EDEF01D6F4F3EAF24F
:10C9A0000481F504FDF704400E15E8EC06BC0933DC
:10C9B00019F60E0902042330EBFA132AFFE7FD1ED5
:10C9C000D132E823F4C50BF1E71CA2FFF406289945
:10C9D000DA40E238DD05F3E01EF8C2E1FDEADC8171
:10C9E000A505F001B22944D2C348EE0A45C758C193
:10C9F00004DD0630F1E4C129F9EFDE9BF708E6011A
:10CA0000030ADBF600EB05FC12F7F80CE8AACA0CE7
:10CA100005070F1DF702FE19F8EE1409E316FE1BB9
:10CA2000FB1A03DF0EFDFAD7F2390001EEF21F15F3
:10CA3000F601C5FD64EBE4FB5D10C6E6100EE007F1
:10CA40003056014528172C120B0CFC0CDEF1D8F4E3
:10CA50000B03FC0A0A110EF007F3FEFCF00EFEFFBA
:10CA6000B5F41FBCF00FF0FFEEEFEE1DF1D30AF7A7
:10CA700019F3F108EC151A241A2CF702F5230CEC23
:10CA8000F8E0F601FAEE1C3AFBED001307E214079A
:10CA900014ED020226F9110AC6F549E035DE7F00E1
:10CAA0003D26F5FF0516E5F7262F06E4F3D0F8C678
:10CAB0004B161115F5F9EDE83542FD1009F9EFF9BE
:10CAC0001AED09EE1B270A4619F007180ED0F1E8F7
:10CAD0002B0E0CE41732C2F00C09DEF0000F02E856
:10CAE000F4E80DCFEC0103F31612B7FB3008AB0EE0
:10CAF00021A0DF81F2C22FD6FAD7F1E9FB02D5F3EC
:10CB0000FE0F46E7F2FC0AC9132EECFC16DDF71AFD
:10CB100003EC0081F707FD0FF3E116F613F710DEC3
:10CB200014F1FC210B00F40AECFA050AEEF0FF2EDA
:10CB300019F81AEC0A070020F70613F8F9ED0906B0
:10CB400047F320F8DF1BE3EBF8DDFE3F13DBF30BCD
:10CB5000D9F4FAD59E04FDEDF6F205F803EA02F9E0
:10CB60002C66F3D7F5FD814AEC0F12EBFABCED19F8
:10CB7000F60CA5FDF2F40EF40D0F1009E9E0EAE35E
:10CB8000B4FFFCF006FBE4E601CFE5F7000B0C1F59
:10CB9000F1E1F6FEFDFEF5D3FB0EF6FEFE29B20D29
:10CBA000FDF3C10EECE9E60382EE2B19030F09DC5D
:10CBB000ED06D8F9EB0202F2010806D4DE03EEFD21
:10CBC000127F13FDCD320CE31639FE1FE8ADDBEF0B
:10CBD000DE2D11F1C4FC36EBDA09110DE2F42DFC67
:10CBE000F91C28DCCC43FEF8DF0AD6FBE9812ED401
:10CBF000E73413AEEBD9FF4AF2AFF8183EEEF8D6A1
:10CC00002137CD1E1704072C01C70D07161305C4C5
:10CC10000F0537000DFEE216CA1512022013ED05AE
:10CC200020F8DBEE0A43F020FB090A0BE0EF120CC0
:10CC300004E20D047F06D6CAFA4617EBF81726F170
:10CC4000F031160A1E37CBFF1FF0C32EF98CDC0B18
:10CC5000FAC3FE17F726FFE2C9C303F6120107E67F
:10CC6000C5FE1B6905F734E525478D2E59AEA87F13
:10CC7000C0E8813BF20A380BB152F8B3EAD56FE94C
:10CC80000BF72FFF0A0E0FF7EC8AEF0BF2CF5D0ABE
:10CC9000DEFA09F4ED16010E1CF0251BE11BD8E2AB
:10CCA000C80B7F1E05FFFDD82F40390E40F6DB2B49
:10CCB000D41F1E95183C0BA6D4E2FF14EAD5D01160
:10CCC00047F548D3E5F1D807F1E813FCDE7F19DB1F
:10CCD0003405FAFAFEFBFC020005FEEE4D04F1FA03
:10CCE0000B0B0C18CEE6FEEAF2EDED0026E5F9049A
:10CCF0007EE5DE144B0F180D0A11F31AD7279D108D
:10CD00002C00F9FF3BF10C160CE11B030503A4DA20
:10CD10007FFE01340BF536150F1235D2D7F2FACE5D
:10CD2000E717F5F605E7FFE5E3B0D7F5B5F0FD0742
:10CD3000810B16FB090ED60A0DE304E5050A301136
:10CD40003BD81A100CF72D3C030E2F2FFB2ABA2BC1
:10CD5000B3F241055E0605100701102504F3E8193A
:10CD6000002422F205090FB73ED4DEFDF905C4E424
:10CD7000F0561337D72E090EC7F7F1262DF2BA0A4F
:10CD800004810C08010C0C1316F6DB1D0AD9CBD656
:10CD9000FA8F1DC7FE0DC62B0DD320F97F282C005E
:10CDA000040EEDDFE8C245F007D4AAC6FFAFFB5B77
:10CDB000AC2BF5098AE020157F0612E103F312522D
:10CDC000E9F709E8F114661CDF0505F2F7C51AFC5E
:10CDD0000416F308EEF300FD09FF81FCFF0BEDFDE7
:10CDE00017D31019051FEE7FDAA7CA05250D0CE829
:10CDF0001BFD1C13F8EACF4803090D21AE342DFFAB
:10CE000006E528E00E0C110DE9F4EFEBF08116FFBA
:10CE100034DB0915DD28027D021002EEDF961C0AC4
:10CE20000EF719240D0427E9FEF7340AF5EA29E480
:10CE30000DC20EEC0307EEE7132BF312DB2D090FE7
:10CE400022D903D013EE1B38E7E63626FF143BCA7F
:10CE5000FDFDFDFBF509E88309FE0300E1030FF981
:10CE600009D740DC74F653A1A6CCFAD5E80C2BBC4C
:10CE7000CAFE15F806FAAFEC25131B013CEF32454C
:10CE8000170EE417F249E8F81B15010F0F0A05CC3D
:10CE900041E9005B0EE408FF05D40E1518EF29DF09
:10CEA000EEF3510C08014EF71BDAE7E007F5E50E4B
:10CEB00008FBEF01F42A0803FFBF0918F2DED813BC
:10CEC0003A1DD52F0A39FA13E3EF252DF71307EF93
:10CED000FE0E170B0B0536D9070AFAFF1CED0412DC
:10CEE00030FB2DF107D634F906F6E3FB02771CB7C9
:10CEF0002A23AF59F30FB0222853912C06BB10EF11
:10CF000033240E211BF4EEEB030D0602F8BA0DF0EC
:10CF10003A703B37EC54F01D3D2A09030FF606CC5E
:10CF2000EEEC88FC0617D50CF7ED1CFA12C303FBD8
:10CF3000BF09FFCEFE04F410E6F104F2F0DC09496B
:10CF4000A5AB46F57FFE0BD20B3000F5F62DE8F7CA
:10CF50003BE8FB1E8106EADC01E7FA0D0254FB0701
:10CF6000A627FAC7231018E20706A8BA294A21F70C
:10CF7000D71216280010171ADE01F2FF24F6064316
:10CF800025F3F8F2F6F01E221FC504C7C5E0011113
:10CF900018F58DF80CDEEFFD2BC8194695FD14FC35
:10CFA0005F7DA1F10EC7695EE416F4CDE443F1E8BC
:10CFB000DC421E37E717FE230C88A5162B13F3D887
:10CFC00019CBCD160A15DF0F03080A02EBF2110583
:10CFD00012600EE1FAF80F0A10DCF4FC240BE81CD6
:10CFE0002C2319E606D4FA16221700D20809F2D922
:10CFF000F688A611AE238AB9E3C98E09DDC181D5B1
:10D00000D12EAF21F82214191024032FD4FB29E2CA
:10D01000F1CB0401D1FD86EF07020EB4E41209D270
:10D02000EC81E2EAFB12D829EE00241CCCF0FE10C1
:10D03000150A390402050101F00707000EF6040D78
:10D04000F5112A360BF6DD141EDFE625573921EBE4
:10D05000FAE5BBF11208FAEB2AD000ECE4DEEDF4BD
:10D060000F21B1160DF6F5ECFFFAD2D62AC9BDFC98
:10D0700011CF1DCF17B90DF1B1FF32FB203016F8DB
:10D08000E3DEC7341E140E181E2F31FA04AB0BE872
:10D090007FFE4A0107F60103100CF8E407070305B9
:10D0A000B1F9FF2D0FF10B0729CDE8DC1681F8F55A
:10D0B000D2DB49972FDE34E1DCBC4CCFCBA9FFE6B5
:10D0C000014DFCE615CFEFEDEC0621E109CDF9D9D4
:10D0D000B5320FB00EDEFF5FA9B9ECFB03CAE9D28F
:10D0E000D5371C1DE5951E1E11F7F41239C64D0EDD
:10D0F000731CDDFA521744FC1615550915D8D0D803
:10D1000017F1E5A404F10202D52044DC8157D9ECE3
:10D1100021B02AC9B7051A81D0F600471282FE1144
:10D12000DBE809B8F0DAD3FCE7ABF8EEA13F238ED9
:10D1300053D5E202DBF02DFC17C2E52D4ED5F3E905
:10D1400006FB131CE69EEF39DFFC8BC3180647AFC6
:10D15000E9FED6F80FFDFDE51B103C24FCFB2E0874
:10D1600033E1E959C7F2020FF8D781C10E11B0E5DA
:10D17000BB3CD5E6D8BD17B2E106C3E8EAE469DBFB
:10D18000F404F9FFF4F281E505EEED28F21BCEE29E
:10D1900003F701CC0A081A140BE0F3E2F5BB1EFCFE
:10D1A000E809DE00F241013427FBB1EE0612A2FECF
:10D1B000C904ED14FA1EF11BF1C05D26FC11D9392A
:10D1C00044FFFF07AD150D06D5ECF1CD170118147E
:10D1D00009E1EBEB05DBFFE1BA0111F403E516030E
:10D1E000BBE6F10F01D0E8CD4D1EE381FB18B6542C
:10D1F00000630AEF8E17B335AE3CE7E2C832DC11AC
:10D20000041803F3EA1911F900E4281418E2E9F705
:10D21000BEDBB1AFF156FD5EC1FC4BE419412052BB
:10D22000ED36133FCEFC1721E91A48561D0418C4E9
:10D2300008E4F934DDDFD3CC0D06E734D73EE0DD7A
:10D2400005C97FA2EEE44817EEFCEAF9EE32EB04E2
:10D25000F2E181E822D9C5FFE3E7FDF6EEAF012C4C
:10D2600019F836B038D84A2906D946F728F322BC2F
:10D27000F1EE25F8B90E3A0FFB0EE41FCFEFE9E50A
:10D28000E93C0740D6D0ABCED21EFCD0EE14FA0952
:10D290003A2D1A14E9DA1428142EEB22F52AF9870C
:10D2A000FB1B31130FF408CF06D30EDB0909C0FBBB
:10D2B000E4F72AF4F813BF0C051300FD1D21F2DA80
:10D2C00003E8E5FA26283801140721F420F24C0679
:10D2D0000DDB0FF207193C8103F9D8161407700E05
:10D2E00006153AF1FE0D0CB4EF9AF624EB03B20DDD
:10D2F0007D1DF87F42FACC0F3033183627FDC33737
:10D300000710A8FFFBF406201B00F50D25090C12E1
:10D31000CAFBC53CAFBE22B4103C5B2EDB36C0FE60
:10D3200001DA810ADC699F32FF100FF9F2BA0D04AD
:10D330001D1AF710F033C51BF90E3FF1224ECEE750
:10D34000156D671A0DE4F0E01417F9D33EFD0DC812
:10D35000F2B9FB310A12FA060AE6073ECBE8F3EC13
:10D36000B2E5F20809F8CA01120B0CE7360CF60810
:10D370006E33DCCAB601F5E40F5102F5F681F319FC
:10D38000EEE1F82306E625070DD620EAE51B3AF381
:10D39000F9D5EAF1F907FDF1F7FB04C2FB0A0BF737
:10D3A000AFEBFE1620E0FC3E070620E0FB3B25CB62
:10D3B0005681D702E5BBED1304142FC90304FDF613
:10D3C000816602FC0C03C50102BB141E100FE306AC
:10D3D00011231CDF19F8D5D113B71FFDEAFB2A046E
:10D3E000242CFAA0261A455CF7D60625D127492811
:10D3F0000BC6E5E02932260015CC19E2E8F048AE6C
:10D4000020CEA8D1EAFAE5F3F1E7BF1CEEF1CF2375
:10D41000BDB1FC6A0DFDFF2825CD0BC7EDD3BFD8EC
:10D4200001AFFA1124FFEE250601FDFFBDD1E1E7B2
:10D4300081D81AE600FC04F23B20F516E6DF05D0A1
:10D44000AC511F21DE0F0A1CEDE00615EAFAE0ECF4
:10D4500005FBB1D20BEA12FCFAC333D1F812D60A9B
:10D46000F2E22A0E22EF27EC3FC13219F2D6C508AC
:10D47000E9DB0EF92EB14BEC3581020008DB1B1203
:10D48000CF09FC03B932D202F3C81479E8CAF40B0D
:10D4900003FC05EEF91CF708E20DEE05FCC502D809
:10D4A00070D9EF72B7FE0CFBF5C7C7D40CF30B2491
:10D4B000DB01FBF1A0DF0E1FFC18F0421CEF48F966
:10D4C000048A3CFB31E2F2D5D40515F50D0AF6DBF2
:10D4D00029000F4E4662F8CDDF01FBCD08A9BB5BEA
:10D4E000F74F0FDB10E6F2FAEE9CD2371407FF0D70
:10D4F000FF11EC0208EB131F24F61410FCB0FBE044
:10D50000F640D3EC30235AE8C1CA34F4AC1A590CB3
:10D510002107A405D60AE204F6C0FC4911217FECDC
:10D520002FDA0F2223C1FFF0F40718AFE315EFF253
:10D53000F908FAE5F2A70329D5ED03F7FAD7EF19B1
:10D540002AF94A1022090DB9D90602DD042E7FF806
:10D55000ED710536FF032981EF0AEAD7F6FD0B0AC4
:10D5600007D6F3E80A11BBAE0F0AFDFC03F8F91564
:10D57000ED1BF2EF352D0AE2E4011F9C14F0F011CF
:10D58000EDF8DAE10710D72D0B0DF4262B29F5ED78
:10D59000C9F913FDE30E07F19AFF12E5F6F05D16E7
:10D5A000D229F42413CB2BE30BF781A4E9C42FE297
:10D5B0000ABE278ADBD4E47CE3014EEACC19323878
:10D5C0008116B4E214F8F7F9CB1BF416EE3326C833
:10D5D0002E0CFBFB2914EC1A16C5D31CFE00D13807
:10D5E0006CF74800EEDFCCFBD32B13CD0D39DA10EE
:10D5F000F80B81F60EF417EBF40AE8E8F5FC53FF9C
:10D600004CFD1A46A44DF50EDAB50F1A3121F2FC85
:10D6100003E5F43DE7F2D02BF8D72008F562F505D5
:10D62000F8CEE021FE024CE4E2EAB2CA03C21AFBE1
:10D63000F81ADB054005FCEACB08F6AE05F9C90C83
:10D6400008F2F51E111827039CD1C7FB0E11E71035
:10D6500008E900F62DF20810161DFD060ECE072E65
:10D66000FC36491F11F1700923F332FA0A0432E340
:10D67000EDD30C28BC22E80A170F421D3DD43356C7
:10D680003DB4D5E0F004E20E92DA170EDB769F9DF2
:10D69000FBFFFBFB0425128118F6F4F5EBFD0DFEF4
:10D6A000362865F211E043FCF40BDDEEF5FCF7F4EF
:10D6B0001CF42621DEFE0B2FCFEF0730F37F1CB4C6
:10D6C000E81800FFE5FA06E222040313EDF3D51390
:10D6D000C2EB6DF21D310ADCEA136A9F1D2C012397
:10D6E000010D2314FAFD157AD5112E1FE7D17FDF26
:10D6F000F20B0908E8233C35D205E2FDCFF32D01FA
:10D70000E7CA08082DD7E31F53141AC7514F53E136
:10D71000B6EDD9E40519CD1FC1EA18FF1916092382
:10D720002DF22F1CFFC34FEE06FD0E44E6D231D280
:10D73000190D0600FB054ADBFDFE10ED0600120484
:10D74000C9032AD80508CBDA16CE01F0F81B1C1A3B
:10D750001318FC070F192A02F3EBE82524E90B073D
:10D76000FFD9FEFE0DF7054211F23201E20B7F0BED
:10D770000F8DC6E4301AD828E30CF417B42C3C1CE7
:10D7800019E17F18471B120029E008DB92E7E22429
:10D79000F50110EB2000040106D21505E53F02FB60
:10D7A0003D26CBE7FEF4E2E1FBFA1AD4EA0407EAED
:10D7B00067DB65EACEE43228E8FF13FC15E90E0AC0
:10D7C00006100901ED13EB3D0C491EE8F933F4187E
:10D7D000A093A70B5F15CFC7FA6466A85F7F4C04C0
:10D7E000FAE0380C0C1B10181828E1EBF9E4FEEFF6
:10D7F000B00DFD136E020D00EBD2030BF6F3FDFA34
:10D80000CB98FFED4B81BBBC3FC918E30570A6EE7A
:10D810001D024EFE0FCEDA0BDDE61E150A07E319D8
:10D8200007F08105DE17F9EB190E08FC0B03F8F180
:10D830000CEB0AC97F061315EBD557F1121C1A0819
:10D84000E72281ECD4141EFA02D627191C012D04FC
:10D85000D70553F3371EEDFF64FF07E9E7B1D8DDC5
:10D86000FAE2F6FBFFCCFC1F81E0090B0BFE0A0479
:10D870000C1308F9411D210F40E30B1908F1D820C2
:10D88000082BF8F9FC50050724810F10FF00161E25
:10D89000C037E0CC067F00020FDA2815EA0DF01A37
:10D8A00007F20903E6EBD9B0F04C20F1DB353CE59B
:10D8B000D3FA151406EF3122F5F10204085A0122B9
:10D8C00005F7DDD0F4813AF0A12D551711F12201B1
:10D8D00007FD3BFEE4EB011BFAD7E803E708491814
:10D8E0003CCED3F2F2CBFBE80CC9E122E2FCC5E668
:10D8F000F8C8D11919D7E703DA01EEF2070BD810EF
:10D90000EDCEDE29E721C12F1F22D03C45B4040112
:10D91000EDF3A8EFE2E60906FFD13A0B4515FEFB51
:10D920001506F9EDF902040BEE1013EDF214FE06E4
:10D9300003077FD0EB02F80BE4F8450DFEF3162247
:10D94000FC171646F9F6D0B80FE80421BF3B0719BB
:10D95000D2F6CED601F9EB0C7FF40A17F8E220E8F4
:10D960000106E50600020003F70305EE04FB0F13B2
:10D97000290D22ED07D6F481090F19FD1EFC18F4BC
:10D980002404011117FDF60034EF11FA00FEF9022C
:10D990002B100B06232DF11618003224DF46FA2433
:10D9A000E32EF858CEFBFF7F23DDECE4F9406D0C4D
:10D9B0005ADB930D811AF9C5DCE5011C2E0DE72118
:10D9C0000C3533E8DCF0EDDBDAEAF6F10315D02BA9
:10D9D0000D9ADDE1C310DD7F0EE00BF5E31AE801DF
:10D9E000DBBAB1E7089A1D05205D13D2B1E9E6EE76
:10D9F000B8FAD409E7FCF012F504A5A6FD0925C87C
:10DA0000F34EFC221EF7D23502F2A7F7FF35AD81A7
:10DA1000E6580313DAEBCDB2FE03EDF01B1F000B4B
:10DA2000030F0DCEFB0DF80C03F92F4EF2F6000597
:10DA30009EA90B1EFF1BE473ED1203F93012290D92
:10DA4000D2BBD633F603E2F61DEB0CD5FFBAFF636B
:10DA50003227272904EA9CE3F1F9DFF2DCE6C5046A
:10DA6000060600F90E19FD0B06F1FAF7F3FEF7FFB3
:10DA70001C403720412FEDE217D3F7F226060E2384
:10DA8000FF00F7190DF5EEFCF200E9F904FA02FDCA
:10DA9000F8C032081ED5F4F101F244F72EC427EA8B
:10DAA00032E8F7E5F103BE5112E9CDF731E8B6E906
:10DAB00014F008F107F3F50C410318F82AFFB71525
:10DAC000E7FDF70B05FD17F02112F7EB031C15021C
:10DAD00014C21095F8FB093A1C0829EF11E41E0343
:10DAE0001CAB03DB0CFFF914FCE02B64E9C249A674
:10DAF0001D002021ECD9462A1003E91EA1F0EBFB02
:10DB0000BCA5F38F01CE08F5CBE1C4B9ED03041633
:10DB100092D8D8E50D1D08061B20FFF42E0F127FAA
:10DB2000122F12FDE17FFBE8171AECF61203FD023B
:10DB300035C2DD90F12B1539F5E3E3F809D416A3CE
:10DB4000E01FE10D21F0E3F2FB132AF6F6060A16B8
:10DB5000F6FFDA126AFCD00B05A2F8070B38FFC4F7
:10DB6000EEF9FAF46A05FEF0F7DA0EF9FBE213FBC0
:10DB70008B52F90E1C07F6DAFA1BEA3B0052422CD4
:10DB800000EDFC0614EFF2FB01DE03FC0539F9F2AF
:10DB90000E1FDFE772E5EB0B1AE712E7E34802E539
:10DBA000FCF3F8DEFEBD08F7D7C39C01D414B6AA77
:10DBB0000002E3F8EDF9F815200A1001BC8E30DC04
:10DBC000FFDC209DACF206210ED50AFBEEDD071C22
:10DBD0000A28191209A7E102F0191EF6EBE6CEF7A2
:10DBE00003140311077F3D00F2642113D855C20DC1
:10DBF000587F0B06D71318E11B0CB7F734B5F30E9B
:10DC000000EB152FFCF10804EE08E330F4EBD7E548
:10DC10000AF43713F2FFE318F4FF081A170A17097A
:10DC20000BF8E305FEFBFC16EEE41AE4D1FAFC0A5D
:10DC300027EF63ECDDE5C4199C102DFBEF02E9E949
:10DC4000051A39EAE4FBF40B0EC8E5080CF715F5E4
:10DC5000F8EF05F7F6E713EFD8E109F7FBA60C0993
:10DC6000FD0FEB13E3FE05161F18F1FB43AFC0FFDA
:10DC70001DFFEEC511FA06FD00D30203DFF9810294
:10DC8000150BA41F040DEEF90001EE1D0D03F61C8B
:10DC90001302C9F00E080B2B10DB0C16F0FA810DE5
:10DCA0007FED0FF11D0907F5F90E2610F40916EEA8
:10DCB000B0EFE9810307FA113F8C09F50603BC0DAB
:10DCC000FCD4570DD303BE1B0DE9030ED1BDFC09D7
:10DCD000940B3CD7E3EDE7192ABA132AE5187FC560
:10DCE00081441C26E94EF805248F021C0BD3070B38
:10DCF000FF74BD15072F2026C6A6FF1FDC121DB31B
:10DD0000F526E0F9DFF3E7F4CDE9EAF30133E70FB5
:10DD100006D1F7EBF9D2FE16A7EC00F202F71019C4
:10DD2000A6FB81FDD4ED2AF5F1EF53F311F11706AF
:10DD3000FDE82923FFE312F17FEC08F610E0E5EBA4
:10DD40001C811C10020B101FFB08F6F916CEE712FF
:10DD5000E2021708EF05FD001CF308190403F6039F
:10DD6000FDF105190108CE14FBFEAEC0F27FC6F826
:10DD7000E804FA0602FF13F118151211FBCFEF2782
:10DD8000EF3EF2FA05D01281F80AE8FA49F4FD11E3
:10DD9000F5FC07D8FE0AD2D51A09030CDE0A0413D3
:10DDA000F405ED2700F5DD39FC1704F1DED3F801A9
:10DDB000E6EB24BC03B109C8F80D60360013E94551
:10DDC000E9A5ED1B032E1823001D0D2EEB11E01409
:10DDD00016D110B021F6F0F5FF013D2A1A48CEEF1A
:10DDE0002EEB20EE1BDEF4F335F81E0D11FEEDFADE
:10DDF00032FD4FE9973AE163ADAF7FF408C4171DD8
:10DE0000090128CF1A81D917D81CF5BF2B3F041B55
:10DE100017F2E704A20208FD7F00FCF501FED42DF5
:10DE2000012200FDF410A1EED815F5043836CAF62B
:10DE3000F6FBE6F4C8EEE6F6BCFED52CEC200A9F15
:10DE400017F3E5FDEA111EFEF20918FAF4251CB9D4
:10DE5000FB0AE6050702FF8106FEFA07F9FF321505
:10DE6000E9EF2BB2058913CC05F4ECF413F4FD12A1
:10DE70000F27D918FE2DEB05F8E92A09E5D3F81587
:10DE8000F7F701030F05FC16E8F3ECF1EE30F211A1
:10DE9000F80CF46D03FA11FAF2ECFE1EF7E5F71E2A
:10DEA0004BF5160B01FA05EE02180BFA030400CA33
:10DEB000D5369D23DE4003DFDE003CFAD3C21434A6
:10DEC0003BDDDFE20BE7D515A1D90413B2F32C81BA
:10DED000E527AFD4E92EB0EDE6D4F4E7FC1710EC5B
:10DEE00009DFE2E106051130FEE8041EFE3125DD02
:10DEF0001B3CE53A0BEC29F40B27E5F56E17392EA0
:10DF0000FD8FFFE9CDB53A08CDCDEFFFE1EA0BF487
:10DF10000E0302FC1312FA181A0B0DFA05FF02FE8B
:10DF200083ECC8FA1419E9FC3D18FCE51EF9FA7AED
:10DF3000FCEF0A04F8F7FA49031325F10CFA02E59D
:10DF4000F0F5220415FB0409FAF00804F4F6FDFECE
:10DF50000BF5FD07C7F50310F9E91E15FC6B060369
:10DF6000CC1A331FFBDD3505F5E60200340508D871
:10DF700016ECD7F5F8210023F7D6FBF4B7E60A0430
:10DF800014F60CF5070102FF12E608FBFF03EC1A7A
:10DF9000EE03A1EDF02E051F39FB1537CDFD1C2F2B
:10DFA000080B1B0EFD091AF10EF1F2E1F909F4F06C
:10DFB00037F405E873281327DA051620D4D7212271
:10DFC00018A15C2E030C50202AA4F7E5DBCCF1D578
:10DFD000073B450A2EF22CF510E0DA13D7FD150F9A
:10DFE000E3F1251257FA12EB18010010E02008D3D4
:10DFF00087B2FFCC5DC4C129F3936405187C51ED51
:10E000002A37260902060B37FB0BD60E1AE7DD0569
:10E0100009080E162600F10A00EFE8F6FBE2F9FA0D
:10E02000ED070DF5FAF0F7F51AF90B2E0402E70AE1
:10E03000FD100ECDB609EFBA0B6D0FFC20CEF1FB33
:10E04000F2000000D1000000CC00000077000000CA
:10E0500013000000FA000000F00000007F00000044
:10E060000F000000004700000022000000910000A7
:10E07000007F00000077000000910000000B00000E
:10E0800000AC0000002D00000000DE0000000B00CE
:10E090000000F9000000E10000007F0000000D001A
:10E0A0000000140000009D0000000000000000D5EA
:10E0B0000000001C000000EB000000250000007FB5
:10E0C00000000050000000F900000021000000FCEA
:10E0D0000A000000D70000000D000000BD00000095
:10E0E000C7000000B8000000690000007F000000C9
:10E0F00050000000008100000088000000A5000022
:10E1000000F1000000E20000001800000002000022
:10E11000000E0000001600000000D3000000850083
:10E12000000085000000360000001C000000DF0039
:10E130000000130000007F0000001C000000000F22
:10E1400000000093000000EF000000F80000001342
:10E1500000000008000000F60000007F0000001131
:10E16000B0000000EE00000002000000810000008E
:10E170003900000026000000D80000000D0000005B
:10E180000000000000E80000003A000000B30000BA
:10E19000007F00000071000000000000004A000045
:10E1A0000056000000F200000000860000006E0033
:10E1B0000000F2000000BF0000007F0000003600F9
:10E1C0000000910000006F000000F900000000ACAA
:10E1D0000000007F000000F0000000FD000000D7FC
:10E1E0000000001200000050000000A8000000081D
:10E1F0008100000023000000490000002C00000006
:10E200001E0000001D000000100000003D00000086
:10E2100022000000007B000000C9000000CB0000CD
:10E22000007F000000F3000000020000006B00000F
:10E2300000DE000000C900000000FF000000D80060
:10E24000000051000000D200000098000000FB0018
:10E250000000E9000000810000003B000000008198
:10E26000000000500000002C0000006900000015B4
:10E27000000000B2000000EB00000006000000FDFE
:10E28000EB00000081000000FB000000080000001F
:10E2900051000000FE000000050000003D000000ED
:10E2A000F8000000007F000000C400000010000023
:10E2B000001D00000085000000BB0000000F0000F2
:10E2C00000A5000000CE00000000AB000000C70069
:10E2D0000000AC0000007F000000720000004F0052
:10E2E0000000EF0000004A000000A4000000005AF7
:10E2F0000000007F00000036000000E6000000166D
:10E30000000000E5000000C900000006000000EE6B
:10E31000E500000081000000F4000000080000009B
:10E32000E50000002200000005000000FC000000E5
:10E330002E00000000BD0000007F0000000D000066
:10E340000002000000F0000000FC0000004100009E
:10E350000097000000F900000000580000007F0056
:10E36000000014000000FE000000D5000000DD00E9
:10E370000000B9000000C200000007000000000E0D
:10E3800000000081000000DB00000004000000B875
:10E39000000000F700000020000000C2000000E8BC
:10E3A000BB00000038000000F60000000100000083
:10E3B0007F0000000D000000B30000001900000005
:10E3C000E9000000001E0000005600000090000060
:10E3D000004B0000001900000081000000E3000075
:10E3E00000DA0000009200000000E3000000F700E7
:10E3F0000000DE0000005B0000007F000000500015
:10E400000000F300000033000000E100000000D134
:10E41000000000F100000018000000920000007FE2
:10E42000000000FC000000010000003E000000DDD4
:10E43000EF000000EA000000FC0000007F00000088
:10E44000DF00000003000000F9000000F5000000FC
:10E45000FB00000000CF000000810000000500006C
:10E46000001B00000073000000EA000000FC000038
:10E4700000330000000A00000000300000008100AE
:10E480000000080000005B0000009F000000FA0090
:10E49000000066000000CD0000000D00000000EE4E
:10E4A00000000003000000E5000000E90000007F1C
:10E4B00000000016000000DB00000006000000085D
:10E4C000AB000000FF000000AA0000003C000000BC
:10E4D0007F00000044000000DA000000050000009A
:10E4E000EA00000000F000000081000000080000C9
:10E4F000000E0000003000000002000000FD0000DF
:10E50000004C000000FD00000000D6000000A40048
:10E5100000008100000051000000620000002200A5
:10E5200000000300000055000000E500000000BAF4
:10E53000000000E200000081000000E1000000FB9C
:10E540000000009F0000001800000033000000C51C
:10E55000EA000000920000008B000000B300000001
:10E560009F00000081000000B8000000850000004E
:10E57000A4000000005F000000DE000000DA0000E0
:10E5800000810000009E0000008C000000FA0000E6
:10E5900000D9000000D900000000430000002E0058
:10E5A000000044000000810000008E0000008A008E
:10E5B000000017000000DD0000000F00000000E96F
:10E5C00000000049000000CC000000990000007F1E
:10E5D000000000F2000000CF000000F40000001571
:10E5E0002C0000007F0000004600000049000000F1
:10E5F000CC000000D000000024000000BA000000A1
:10E60000E300000000E2000000ED00000004000054
:10E6100000C500000081000000210000000F000084
:10E6200000F8000000560000000076000000010025
:10E630000000070000007F000000120000006300DF
:10E64000000015000000F2000000D600000000D914
:10E65000000000CC0000001100000081000000DC80
:10E660000000002F00000095000000EB000000ED0E
:10E670007F0000000E000000A2000000AF000000BC
:10E68000CF00000022000000C9000000ED000000E3
:10E6900010000000004F000000330000004C00009C
:10E6A00000AC000000CA000000810000001C000057
:10E6B00000F50000001E00000000C60000007A0007
:10E6C0000000CE000000890000007F000000600014
:10E6D000000028000000C7000000B900000000A0F2
:10E6E000000000EE000000EF000000B40000009FFA
:10E6F00000000081000000AA000000DE000000DA37
:10E70000BB0000009E000000F80000007F00000039
:10E710006A000000FC000000FD000000CC000000CA
:10E72000D9000000007F000000B2000000FB0000E4
:10E7300000DC000000FF000000FB000000A3000060
:10E7400000500000000B0000000081000000C1002C
:10E750000000D40000002400000017000000CB00DF
:10E760000000FB0000005C00000006000000007FCD
:10E770000000003A0000001E0000007D000000972D
:10E78000000000F9000000C6000000F2000000EBED
:10E79000810000006600000018000000BD000000BD
:10E7A000F400000024000000CD000000E50000009F
:10E7B0000400000000FE00000009000000D300007B
:10E7C000006C0000007F000000640000009D00005D
:10E7D0000010000000F10000000079000000DE00E1
:10E7E00000009500000068000000E50000008100C6
:10E7F0000000A7000000C700000019000000008111
:10E80000000000310000001B000000A10000003FDC
:10E810000000001B00000086000000230000001C18
:10E8200013000000790000000500000092000000C5
:10E830007F00000048000000AA0000003500000032
:10E84000D500000000FF0000001F000000E80000ED
:10E85000007F000000E3000000BF0000005D00003A
:10E8600000F0000000D100000000E60000000C00F5
:10E870000000E7000000080000007F0000002A0000
:10E8800000000500000022000000F400000000F37A
:10E89000000000B8000000150000007F000000CB61
:10E8A000000000F00000001B000000E50000000375
:10E8B00030000000EF00000009000000160000001A
:10E8C0001F0000007F00000029000000FA00000087
:10E8D000E80000000081000000CD000000B800004A
:10E8E000005000000096000000D00000004700002B
:10E8F000002E0000005400000000FD000000E600B3
:10E900000000070000007F000000DE000000B800EB
:10E9100000002500000004000000AD00000000E041
:10E9200000000055000000D2000000080000007F39
:10E930000000000F0000000F000000440000000F66
:10E940005D000000EA000000ED0000007F00000014
:10E95000D3000000C1000000890000003200000068
:10E960003300000000F8000000FC0000005100002F
:10E97000007F000000FF000000160000006D000096
:10E9800000EF000000EA00000000C9000000F500F0
:10E990000000E200000094000000D90000000D001B
:10E9A00000001D0000004F0000007F000000000A72
:10E9B000000000CC00000035000000420000008193
:10E9C0000000000700000034000000ED0000000C13
:10E9D000F1000000E10000008100000003000000E1
:10E9E000FA000000F6000000F9000000EB00000053
:10E9F000E000000000D300000081000000280000BB
:10EA000000D5000000C3000000C50000000C00009D
:10EA1000009C0000001500000000DE000000F00077
:10EA20000000DB0000007F00000048000000100034
:10EA30000000F1000000C8000000C50000000094C4
:10EA40000000007F000000EC0000004F0000000FFD
:10EA5000000000200000003700000086000000D900
:10EA6000BF000000D6000000A90000005400000014
:10EA7000170000007F000000DA000000FD00000029
:10EA8000230000000081000000100000002D0000A5
:10EA9000009C000000D80000001D0000008A00005B
:10EAA00000180000002D000000000B000000E8002E
:10EAB00000003E000000F5000000F40000007F00B0
:10EAC0000000EB000000F5000000FA000000005418
:10EAD00000000047000000040000008100000098D2
:10EAE0000000008E000000C5000000A1000000D260
:10EAF0000A00000041000000F70000008D00000047
:10EB0000260000000400000081000000D600000084
:10EB1000F600000000E5000000CF000000C5000086
:10EB200000F5000000DD000000810000000800008A
:10EB300000E0000000D800000000BA0000007F00E4
:10EB400000001C00000013000000720000003200F2
:10EB50000000E5000000AE000000A0000000001F63
:10EB60000000007F00000010000000E30000003DF6
:10EB7000000000F1000000DD000000EB000000FDDF
:10EB8000C500000056000000DA000000D4000000BC
:10EB90007F00000043000000C800000010000000DB
:10EBA000DE00000000B8000000B5000000AD00006D
:10EBB000002D0000007F00000025000000F800008C
:10EBC0000064000000D10000000033000000F100EC
:10EBD00000000C00000067000000BE000000E20022
:10EBE0000000810000004D00000011000000004105
:10EBF000000000C8000000010000002300000081A8
:10EC0000000000EC0000001C000000CC000000151B
:10EC1000EB000000F500000081000000ED000000A6
:10EC2000C5000000F0000000FE0000000B00000026
:10EC3000DA000000000B00000079000000D900009D
:10EC40000014000000040000000D000000DC0000C3
:10EC500000810000002100000000CF0000007F00C4
:10EC600000003F000000F6000000F5000000D300A7
:10EC7000000017000000CC000000EE000000007F44
:10EC80000000003C000000020000002D0000001603
:10EC9000000000F6000000D7000000C60000009B46
:10ECA000F8000000A5000000D2000000F9000000FC
:10ECB0008100000095000000EC000000FC00000056
:10ECC0000B00000000CD00000008000000C900009B
:10ECD00000250000007F0000002B000000E600007F
:10ECE00000CC000000E10000000081000000BF0037
:10ECF0000000D2000000EA000000DA000000D000AE
:10ED00000000EB000000DC000000E3000000005405
:10ED1000000000C1000000E80000007F00000024A7
:10ED20000000000D00000070000000C5000000E9B8
:10ED30008900000081000000B8000000A800000069
:10ED4000A8000000C9000000B7000000D0000000CB
:10ED5000BA00000000D7000000F7000000F7000034
:10ED6000002A0000007F00000063000000FA00009D
:10ED7000002B000000F500000000090000001A0050
:10ED80000000DB000000430000004700000081009D
:10ED900000001B00000025000000AF000000007F05
:10EDA00000000089000000FB000000EA0000003CB9
:10EDB0000000000A0000009800000045000000006C
:10EDC000CD000000EF000000DE000000FE000000AB
:10EDD0007F00000006000000D00000002C000000B2
:10EDE000F0000000001D000000140000008F000073
:10EDF0000008000000F100000081000000A60000F3
:10EE000000AE000000A200000000810000008F00A2
:10EE100000000F0000002400000011000000F800B6
:10EE200000005B0000005F000000EC00000000E05C
:10EE3000000000E00000001300000057000000592F
:10EE40000000007F000000FA000000E4000000E87D
:10EE5000810000009C000000A5000000FD000000F3
:10EE6000D5000000FE0000003D0000001B00000077
:10EE700022000000000A0000003600000010000020
:10EE800000DA00000081000000E50000001E000024
:10EE900000510000000700000000F6000000220002
:10EEA000000013000000F70000007F000000FC00DD
:10EEB000000003000000E3000000E5000000008601
:10EEC0000000003B00000087000000C30000004875
:10EED000000000B4000000960000005A000000810D
:10EEE00014000000AF0000001600000081000000C8
:10EEF00099000000E200000086000000940000007D
:10EF0000DD000000000E000000C2000000A00000B4
:10EF1000002900000003000000D40000007F000072
:10EF200000780000004500000000410000002300C0
:10EF30000000120000007F00000039000000700097
:10EF40000000F6000000DF0000001E00000000D1FD
:10EF50000000009D000000D2000000F6000000113B
:10EF6000000000300000001C0000007F00000021B5
:10EF7000FE000000D0000000F40000007F00000050
:10EF8000A500000085000000DE000000BB000000BE
:10EF9000A300000000390000000E000000BF0000C8
:10EFA00000370000005A00000081000000B9000096
:10EFB000000100000045000000005C0000007F0030
:10EFC0000000E900000019000000F700000019002F
:10EFD0000000CE000000E2000000F400000000810C
:10EFE000000000EB000000EE000000DA000000DC92
:10EFF000000000DF000000E900000010000000EA4F
:10F000003B0000007700000048000000F000000016
:10F010007B0000003B000000810000008E0000002B
:10F02000D200000000B3000000810000000C0000CE
:10F03000001E00000052000000EF0000003300003E
:10F040000034000000F400000000FD0000004D004E
:10F050000000000000001A0000007F0000003500E2
:10F060000000D5000000D6000000040000000014DD
:10F07000000000FB000000FD0000007F0000001306
:10F08000000000FC000000BE000000F20000000CC8
:10F09000B40000004C000000E70000000E0000007B
:10F0A0007F00000036000000A2000000CA0000003F
:10F0B000060000000028000000EE000000BB000079
:10F0C0000049000000AD0000009D0000003C000071
:10F0D000007F0000001300000000810000008B0092
:10F0E0000000C4000000BF00000090000000E90024
:10F0F000000006000000880000004500000000E855
:10F10000000000CE000000F3000000E60000007FD9
:10F1100000000025000000EC0000000000000005D9
:10F120001F000000D6000000E10000007F0000008A
:10F13000100000001E000000140000001D00000070
:10F140000000000000E70000007F0000002D00002C
:10F1500000E8000000F5000000E80000001A0000D0
:10F1600000E30000000500000000D30000008D0057
:10F1700000006200000081000000A90000003500CE
:10F180000000B2000000E70000003700000000EAC5
:10F1900000000081000000C8000000CE0000005AFE
:10F1A00000000044000000D200000060000000FDEC
:10F1B000EE000000160000007F000000D0000000FC
:10F1C000CE0000002C00000000000000DD00000068
:10F1D0000E000000007F0000004D000000D800007D
:10F1E00000E7000000D80000000E000000950000BD
:10F1F00000D00000002200000000EF0000008600A8
:10F20000000008000000E600000081000000F4009B
:10F210000000B1000000CD000000050000000077F4
:10F220000000008100000006000000F80000002D32
:10F23000000000F60000009F0000006F00000000CA
:10F24000F707170CD50A0DC83D1913F3D811EBF5C4
:10F25000E5FB1312F20CF1ED183103F7B4BFF3091B
:10F2600055FBF8B01814EA0A2337FA12FAD116D46B
:10F27000EDF2E605FDF00AEDEB0BD121140AF905DC
:10F280001112FD1FE2FD110ED50CE509E7021E0B60
:10F29000B5D51710E208F02430BCF8C641ACD0B5A3
:10F2A000F4200DC8EF1CE4D606E7D30501E6EE1105
:10F2B0001E0F33D3AD1711DE06C0F1EDECE90424C7
:10F2C00029E8DCFA2208EDDAB71FEBEAD00306F8EA
:10F2D00028DEC52105FDE011E81208BA0B0110DD9A
:10F2E0008CF5FAF604EFFD0F23110FF3FAE2F61096
:10F2F000E8F7F0B612FFF8C2E3D881F5C62508F0AA
:10F3000029D80FF2E8F013FE2AEF26E3151B062298
:10F31000D6CE3407302301B311F2C922E1DEF7F56E
:10F3200015DEF7CC1206FBEABC0EF9F7E5F5FFEBAC
:10F3300018FE2AEB29DF099C55FDB20F81CEFDFF97
:10F34000BD0F02AC0C26F4DF1310E7B8FF1315DE77
:10F3500016F7C91302E80C13ADDE0CDDE61AFFFF49
:10F36000DA03ED0C16E41200B4FFF8120E140C04CC
:10F37000DFBF2AD3F511FDF89213C512D709DD1F9F
:10F38000C911EEFEEB1010340C2BAD131AF2E5137D
:10F39000B2E70E0513E60A09F7FED6F5E5FE0521EC
:10F3A0000AF7000DD2E5ECFD0A08000903F3E2F8C4
:10F3B00032F6C106C2E4F4CAE9F4E8E91AB0C19E23
:10F3C000C8120E14F10E1109A2000016E8BDFD0CC2
:10F3D00020C5F9F2DE05F81DF70307E2CDE604F9D2
:10F3E000F609F0CC07EF0F1818E1D8FEE1D20109B9
:10F3F000D7DAEF000FD212C623C70A022812F6EAA4
:10F40000BB181BE8AA1704FF0B23CF031A01F9FF4F
:10F41000C4EB22F5F507FAFCB4A20C27E11102CBEC
:10F42000191DFAF21FF5EDE3FB2F0CFDDE06E90FC7
:10F43000321FE1DD1514DC043A0ECD08DA84E2084F
:10F44000D23022CBE2FF00F053F5DA091419F0EACA
:10F450001DE214E80518F0F7F0BEDCEB2F31F0E107
:10F46000F4D34027F0CC1BF6E502B505F2C9FD1B2D
:10F47000250211C71819F503E8EBD5F6FDE2FB13D9
:10F48000EDE2DBF0CB0F02F6F2FBF6F6FBF70DE751
:10F4900097DEF7F203FC171B2AE118C2F101F5D23F
:10F4A000D72EE2022DF2E2E49FF937F4DC1411C208
:10F4B000F2EBDFF80305F0CEF830FE04190CE9F9A1
:10F4C0001DEFE9EADDEA0D04F63C24B52605F2D687
:10F4D000E6E3021BFFE5E31C14D6101401B9FBFEA2
:10F4E000FB34CB0FBE00F3EC30EDE2E614000FDC92
:10F4F000F4161EFAFDE6000093E132E00A28161227
:10F50000F10315EDD2E81301E2E641F1F315FE092E
:10F51000DCCEA10C0AD1F117E8E50DEE2BDD08F4E5
:10F52000C30605FB0B16F4FDEAE6E201F9F911F753
:10F53000F706D90515F0EAEF220CF31EE90202D115
:10F54000F5EBF62618F5DE11FDFAE8B3F01807C85A
:10F5500019E51A09FBE5FFF521F4E1EA1ADAEEFFF5
:10F56000B3F620CB1AF5DCE9DA04DEDA0B13D1DCD2
:10F5700035E7EB1FDFF1EAF40BECC909F008F8FB03
:10F58000DBE0FECAF507FFF42D1BC816C3F9FBCA62
:10F590000FF9DEDC04E20CF5E4FBF1000201FA15E0
:10F5A000FDCDE8F110E9F7E11818D4EFE2F010F022
:10F5B000F2D9FEFF262EF502EF0B2EEC2EF9D7A87E
:10F5C000E2210FF5CAA2FD1303FEFCF3E1EF0DFAF1
:10F5D000DEDACEF2F11D00EBFF153FC2F8F6F3F8CC
:10F5E000ED001881062504ED0C010C131911F51C12
:10F5F000B40903FB27D7F6FDF7E9EC202FD9D7DABA
:10F60000D8BE2FFA151BF996E7E6EDD9EEEEECC45D
:10F610001E2DEDDCC609050306F1AB20B6F614D9A4
:10F62000E9D62DD3120BE1C2BA0810DF18F304108B
:10F630000CCE01DF342201AE1CE0F110D98120FC98
:10F64000C414F510F0F4FFE313A2E9F1FD12F2D9AE
:10F65000FD1F14170DCD1307240208E2F91BDF1B51
:10F66000F0FBF3F0F20426E8EBB7D9F3E8F2BD279C
:10F67000D4E5F3B4F0F61400F407EB03FE2E100CFF
:10F68000E307E603F114EC310FFF0488FDE0F90114
:10F69000EB28FC0E0DEE28E0F60AFF07F42EDE1E26
:10F6A000DF0EE1F511E710F815830E2DF014E4EBF1
:10F6B000052DE00106CF0022E3E912EA0AD40BD6B9
:10F6C0000304FAA5DEF3CEFFBA250DE4F5EEF0183B
:10F6D0000B15060EFDAC12DB19FAEF1D143B0CD214
:10F6E000DB08FCFB0114D62902EC27FE10070BE116
:10F6F000EFE0CFF62EEFDCE411F522EDF10EF41E73
:10F70000E8200B1CF30FFAB41C142D0F01F5F5E4DF
:10F710000E1912F90605ED35E916F12C0DDDDA3872
:10F720000C81F6F3FD2BF8E80CF40BCD1ADE08EC97
:10F7300081F4F132F9F2EA100F0311070E1ADAE43C
:10F7400000E032EDF2F5FBF703C9FEFF02E5E2044B
:10F7500006F722F01308CEF3E0E5ECD51FEFE50441
:10F7600017312085D846AFCCC805FAE6F617EC1C51
:10F77000D13DC30FF50BFAF4A34703BB20F5E2C05C
:10F78000F821EAECB90ADEC7CA02CC0E1A1613FD3C
:10F79000CF2616EEA4F415F20DDDC80CD515C7DB87
:10F7A000B6D6F7ED9C1BF8DCC6D8FAE7FAED0109EE
:10F7B0001505F101D0FC0CD4D40AF4DBFBD6F80A11
:10F7C000D408EA190DEB13FCFAD9060409150FEF5A
:10F7D000000511F407E50EFDE3F2DBC10C13F1C4E3
:10F7E000FBF1FAE4FBC81DF61FCA0B16EBFCE9EAB5
:10F7F0000E03E2CAF60DE80819D500F4E8DAF21BA8
:10F80000F018C2FFF461E7E0AE1609EF0E051F0520
:10F81000B0C70F0801F1C60CFEE3F3F711FAF902C5
:10F82000E2DE19FD08CFDB1618E002D9EDFDD7EDB9
:10F83000E6F5E1C82CF4D2D207D8D40CDEEA20FEDB
:10F84000ED190CF903DEE9F810F1E418F43DFBFCC6
:10F85000FA0A0B07F0F610F0C5B1E1F116CB0CFC7B
:10F86000091ECE2B080A080EF3F9121A28DBFC0C2D
:10F8700004FB032603151CF9C8CC0B16E2ED19E4B2
:10F8800015FCBCDE021EF8EFDB1E0BCD17E20104F7
:10F8900001A1CEE3081022F2E93420EB1615BF03D4
:10F8A000B23581FC08E9D21601CCFCEA09EEF1116F
:10F8B000113317FFDE01FCF80E391112F8C427DEF0
:10F8C000EC1AE1080C1C20F40D0A08D2ED0201CF5D
:10F8D000F61CFB26E2EF0201E6E2EC17FAEFD90292
:10F8E000021BFE06D815EFDF1F0F11D1C4A7F417B6
:10F8F000F6100123EAEA011BDEF2FE06F4F7F80631
:10F90000CEFE050D171DFF030D3533E6E4E8E602D4
:10F91000E126DA0FEF1A1701FF2206DF0DCCD6E938
:10F92000E93E0813FA0C0ADC03B5E5F3DF07150519
:10F930000F49E7F80DD4C80208F90AB2F349D71203
:10F9400005241AC3D0DD01090405DA9B151AFBC68C
:10F95000BCE6E4CBE2E210DC1A970909DC1427EEDE
:10F96000AFD0D41D00110B0BF7C1F3FCEDD7F1FAAA
:10F97000078118FF1514D9F429F1E6D71F00BB063B
:10F98000F5EED0F1841447FC81DBC3F5B2152A8172
:10F99000C2E70BE309FDFFE1264B0F1FEFF4B8DCD4
:10F9A00014FFFE1AE7D81DEFFACBF8F8D0F61609C7
:10F9B0000B13A4D52007CA08C4C6DC09ECF71C1732
:10F9C00006EBEAD90E1AF3F6E006C001BD2D20C6FB
:10F9D00092F3161DE1FD15072DD2D6E42118F5FA94
:10F9E000F507F9D4E5EE0FEA0FDFBC0609F10F13B6
:10F9F000F5D62D12F1C323F91831E5FE1A2AFBFCC6
:10FA00000DDA0F19EEEAEE1DF22D23C30DDEB6FB63
:10FA1000F8141A18F5DBD6F3D2C6D11AE7E8FF0EB0
:10FA20000EBDEBFC16140AF5FFFB1DE210D0DDF84D
:10FA300001CEF422CFE2330C0521B3D9F706ECFD59
:10FA4000F51CCF2D08D415FECDE524CA14D4950895
:10FA50001B36EA1D08F2E3EE2214E6E712EEFEFF83
:10FA6000FED3FAEBC41D050F19BFE9F309C40C1B43
:10FA7000090A140B00EF05EEECE020ED14E1D213BF
:10FA8000DAD013F4FA0DF212ECF8A923B70CE41152
:10FA9000E1CAC5FE0058F1E4F61EF9FCCAF810F2FE
:10FAA000DFF7F5081FC9FD0111D21D20F7FCDD05A8
:10FAB00007C3DCFDE421FE12C0D2DAC3193313FF01
:10FAC000D60BF49D1AF2EB0FECDBEFF5FFF6E2D765
:10FAD0003347DFFEEF0D1ED01EE1E71B1DF5F100E1
:10FAE000F5C2DCF2EC1EFF0A1EED2711FCD508035F
:10FAF0000E0AEF0E16D1020711BA1AFBEEFB09FC33
:10FB0000B8C010A8E829B6F6F710F5F4D20025FE23
:10FB100004FDF03BF005ECFDCE9D32C501E9C1FDD1
:10FB200002FBC51FC4EC02D906C6070AF31C15FB6D
:10FB300007EEFEEDD5E62FFEAC27D70AF6241AFB1A
:10FB4000CFE91304D6F9090F16EB09E70D21EA14E2
:10FB5000FE0D1CEA22E7FE1B15EAF9F008A122F2CD
:10FB600010F9E0DD0CF1EF090417D70BD02307F5EE
:10FB7000EDFECAED1B0EC805190AB00B30F617E1F1
:10FB80004117CDF3F3FF0B07BDE4D3FDAC21120207
:10FB900003CB1406E500DCD41FE70FF5F001DC070A
:10FBA00014EF19FF01F3F7FA10EC19EDFBF5EF0E66
:10FBB00006C6D40018DBA1F223DDA2EAD8E6F501DF
:10FBC0001313F4EB01F20619FB2B04F5B1E2FF1B52
:10FBD000D8EE0DE1F904DCE0D2F8150AB9280FECF3
:10FBE000061DF6BBDD051AED1800C2EA04E4FAFCB6
:10FBF00017150806E125D5EC1822EE0213FBDAD51D
:10FC000007E3FDFED3EFDFDB00C111F10C0C0005B3
:10FC100017F211EB1417F30FFB0AE9F39BC52F0A38
:10FC20001C25EF06FCCAE9F211FBEFDB21F1FAFB20
:10FC3000FD0B0B16B7F6E7DC360FFD099EE231C966
:10FC4000DD000000000000000000000000000000D7
:10FC500013000000EC000000E20000007F00000044
:10FC600068000000FB00000065000000710000005B
:10FC7000FA000000007F000000F70000000600000E
:10FC80000076000000E6000000EC000000350000F7
:10FC900000D8000000EF00000000B2000000AC003F
:10FCA0000000DE0000008100000087000000E70087
:10FCB00000009B000000CA0000000A00000000BC19
:10FCC0000000000F00000008000000D20000007FCC
:10FCD0000000003A000000DC000000680000003E68
:10FCE000F9000000210000001E0000007A00000062
:10FCF00066000000F10000007F00000051000000DD
:10FD0000EC000000007F000000D8000000CF0000E1
:10FD10000064000000CC000000CB000000250000C3
:10FD200000CF000000EA000000007F0000007F001C
:10FD300000002D0000005100000038000000EC0021
:10FD40000000CE000000BA000000E8000000006DD6
:10FD5000000000E10000000C0000007F000000CD6A
:10FD60000000000800000034000000D0000000F097
:10FD70002300000081000000500000003F00000050
:10FD8000890000003B0000002F00000096000000EA
:10FD90001B000000002B000000610000003E00007E
:10FDA00000650000007F000000420000002E0000FF
:10FDB00000680000003E00000000D9000000810043
:10FDC0000000D2000000D10000000300000011007C
:10FDD0000000200000005000000027000000002D5F
:10FDE000000000490000002B0000005F0000007FC1
:10FDF0000000004300000049000000530000001212
:10FE00005B000000650000003400000059000000A5
:10FE10007F000000630000000E00000025000000CD
:10FE20001E00000000D1000000920000009D0000B4
:10FE30000087000000810000009B000000E300003C
:10FE4000009A000000D00000000087000000900031
:10FE50000000E40000009600000081000000DA00CD
:10FE60000000C4000000DB00000004000000004DA2
:10FE700000000017000000E20000007F0000002FDB
:10FE8000000000EE0000004300000014000000E746
:10FE90000D000000670000001A00000023000000B1
:10FEA0007F00000021000000040000003A00000074
:10FEB0000D0000000055000000530000001100007C
:10FEC000006D0000007F00000028000000210000FD
:10FED0000022000000F500000000500000001900A2
:10FEE0000000F20000007F00000017000000EC009E
:10FEF00000004F0000000A000000EC00000000625B
:10FF0000000000400000002100000003000000FC91
:10FF1000000000EE000000B800000081000000A218
:10FF2000FA000000AE0000007F000000ED000000BD
:10FF3000BD0000006E00000000000000D4000000C2
:10FF4000420000000052000000600000002C000091
:10FF5000005A0000007F000000490000001000006F
:10FF600000320000003A00000000B9000000F40078
:10FF70000000FC0000008900000081000000D800A3
:10FF80000000C8000000AA000000D100000000DF4F
:10FF9000000000A1000000CF000000CF00000081A1
:10FFA000000000C9000000F7000000C9000000E7E1
:10FFB000BB00000063000000D7000000A6000000A6
:10FFC0007F000000D1000000B70000005E000000CC
:10FFD000DF000000003E0000001E000000F30000F3
:10FFE000007F000000780000000D000000380000D5
:10FFF00000510000001C00000000EA0000000B009F
:02000004701A70
:1000000000000A000000150000007F0000005D00F5
:10001000000007000000390000002C000000007FF5
:1000200000000068000000020000007A0000005C90
:10003000000000FF000000050000000800000001B3
:10004000650000006F00000038000000A8000000FC
:1000500081000000DC000000970000008300000029
:1000600004000000002F00000017000000E6000060
:10007000006A0000007F0000001700000040000040
:10008000005D000000FE00000000E50000008100AF
:1000900000009B000000E5000000A00000008600BA
:1000A00000000E000000B1000000950000000053A9
:1000B0000000000C000000970000005A000000F152
:1000C0000000008100000022000000F9000000A1F3
:1000D000BA000000A8000000E0000000940000004A
:1000E00081000000B9000000E1000000D100000024
:1000F000E100000000F7000000E6000000F300004F
:10010000004600000054000000290000006D0000BF
:10011000007F0000001E00000000280000003800E2
:1001200000003A0000007F0000006E0000001F0089
:100130000000460000002E000000E5000000007FE7
:100140000000006B000000D30000007C0000006E87
:100150000000001500000094000000A30000000D46
:10016000C2000000BD000000D5000000AF0000008C
:1001700081000000BD000000F5000000E800000064
:10018000F1000000003C0000007100000040000091
:1001900000530000007F0000003F00000008000046
:1001A00000370000002F00000000960000009A00B9
:1001B00000000B0000008D00000081000000F60030
:1001C0000000D5000000B4000000E700000000942B
:1001D00000000097000000F3000000820000008192
:1001E000000000E8000000B100000085000000F7FA
:1001F0007500000081000000E7000000F80000002A
:100200001100000011000000940000006E000000CA
:10021000010000000081000000E4000000FE00007A
:1002200000220000000A0000000800000062000038
:10023000000F000000FA00000000F90000004D006F
:1002400000007C000000FA000000360000007D0085
:100250000000C600000081000000C5000000004F43
:100260000000007F000000450000005E0000005C10
:10027000000000390000000800000027000000FF17
:10028000440000007D0000003F000000630000000B
:100290007F000000530000002D0000002700000038
:1002A0002400000000250000000D000000D8000020
:1002B000007F0000005D000000E60000007B000001
:1002C0000056000000140000000027000000650038
:1002D000000034000000090000007F0000004D0015
:1002E000000002000000310000001C000000004C73
:1002F00000000047000000F90000007F0000007FC0
:10030000000000050000003D00000033000000096F
:10031000AD00000098000000AB000000AE0000003F
:1003200081000000B8000000D6000000DD000000E1
:10033000F2000000000300000094000000A600008E
:1003400000B000000081000000A4000000CF000009
:1003500000A9000000D6000000008B000000A200F1
:100360000000F30000008700000081000000C700CB
:100370000000D5000000D3000000F300000000B230
:10038000000000DD0000007F000000AE000000A1C2
:1003900000000042000000E0000000DB000000154B
:1003A000EC0000007F000000C6000000EE0000002E
:1003B0006B000000B5000000C10000001300000049
:1003C000D6000000004F00000052000000100000A6
:1003D000007F000000710000003A000000460000AD
:1003E00000450000002500000000B60000002400C9
:1003F000000015000000E20000007400000076001C
:100400000000150000007F0000005700000000C33E
:1004100000000089000000D8000000A30000008157
:10042000000000AD000000D4000000AB000000DCC4
:10043000280000007F00000069000000CA000000E2
:10044000FD00000024000000ED000000E6000000B8
:10045000FC000000009A000000A60000005C000004
:100460000081000000A1000000260000008A0000BA
:100470000094000000120000000063000000E8008B
:100480000000A10000007D000000000000008100CD
:1004900000004700000014000000B6000000009AB1
:1004A00000000081000000C3000000B100000096C1
:1004B000000000D6000000D9000000BE000000E3EC
:1004C000AF00000081000000CB000000BE00000073
:1004D000890000009600000020000000ED000000F0
:1004E000D70000000060000000630000000800006A
:1004F000006C0000007F00000022000000310000BE
:10050000003C0000000400000000B70000003800BC
:100510000000450000008100000057000000480076
:100520000000BE000000210000000400000000AC3C
:1005300000000081000000910000000B0000000995
:10054000000000D90000002F000000560000001C31
:100550007F0057000E00640058001900DE00000004
:10056000F800003C007F004E003C007C007100124F
:10057000003C00F9CA00E500E70094008100BD00DE
:10058000AD009100E30000B8008B00C300B3008110
:1005900000D100DC00D300059D002E006800810022
:1005A00004005300AA00EA002600008800F8002595
:1005B00000810023003300AE0015002660003100EA
:1005C000A2007F007200A7000D003700090000584C
:1005D000002A00A3007F00490084001A0025008E35
:1005E000C9008100CE007D004900EB003D004700BE
:1005F000EB0000730053002F0061007F002E000EFF
:10060000001900E860005A00FA007F005E004A000E
:1006100028002C001A0000BD0020007F00B700FE5B
:10062000007200CE00F300FB66001600BC007F00E5
:100630000300A1000B00D700F000006F000800FAD3
:10064000007F00E500ED004D00EA000181009E0002
:10065000D00032003E00270060004800270000C1A3
:1006600000A100E10095008100D600C200BA00ECB4
:1006700050007F003A00DE00F700F300F300F300C3
:10068000E3000063005F0004006F007F002D003373
:100690000045002B56002A00C5007F004D00C80011
:1006A0002C0025000300006800FD00E0007F001919
:1006B00000B1001F000800EAD600C300E800A60051
:1006C0008100B500D800B100D80000D8000E00703D
:1006D00000FB0035007F00EB002300415A007F0043
:1006E0002E00A600C200E200F200E900ED00005179
:1006F0000032008A007F005D00850042004800EB68
:100700006C007F0003005C0054001900E200E90067
:10071000F10000BC009B00F00092008100C600BF09
:1007200000B200E6EC00D700CA0066007F0021009E
:10073000A400C100F1000025005100210044007F09
:100740000040001C002B0010E800D200E1005C001B
:10075000530009007F006A002A0000DF00B400DBBC
:1007600000AF008100C500D600B700D758002800B0
:10077000B1006300360081001D001B00F50000B6CB
:10078000005100350097006B00240081001400EF39
:10079000FA00DA00F200F300B20081000200E80083
:1007A000C5000049007800470038007F005400D1A0
:1007B00000F50007BB00A100C20081008F00BD0052
:1007C0008900B200CA0000CD009E00C900D200AB73
:1007D000008100F200DB009AD200A600B90081007F
:1007E0008E00A3009A009B00DB000048007F0055AC
:1007F00000DF00E0001000C700B500BF7000180067
:1008000081006E003D009B001E002100E3000053AC
:1008100000450009007F004500F8001600F200FEC8
:100820000E002100F0005F007A003B006B007F00AB
:1008300040000070007F003500310061002400E1BD
:1008400000DD00DD7A007F006D0069002D00FA00F8
:10085000DF00DA00B00000D0009D00A900F50081A3
:10086000009A00F200D600CB7F00EF00AC000B0036
:100870002000F000890023001900009F00EE002AEC
:10088000008100D00033008900C3001DCD00650049
:10089000BF00E5007F00AE00E8004300B70000ECB9
:1008A000007F00D500AF007200CF0094001B00DF76
:1008B00051004400C1007F0047008A0043000E0041
:1008C0009E00004B007F00F80043004B00E1001841
:1008D00000ED00AAD5001F004D0015006B007F0041
:1008E000360062001E0000B900A400E4009F0089E9
:1008F000009400B5008100C66E004000F90073004E
:100900007F001800240046002100004F007F00688F
:100910000033005B004800F700DC00E438005B00B7
:1009200041007B007F001C0039001E00FC0000819C
:1009300000DC001B00C2000B004000FD003C004535
:10094000E300F70019003700660048006E007F00E2
:100950004000009B008C00D100A0008100C000E29C
:1009600000C900E1330045000B007F006B0012005E
:100970004A00410003000051006C003A0043007F30
:10098000004700E100EF0015C9008500EC009C0065
:100990008100DD00D400DF00F10000C000BE00E7F0
:1009A0000081008B00DB00B900C100E97F00E1009D
:1009B000E2005D00E100E1001C00E500F90000CF6D
:1009C000002E002600810050006400AF0025004B7F
:1009D0007F006C002B006B005E0029001300F70005
:1009E0000100004300D100F8007F00CD00E000438B
:1009F00000DE00EC15003E006D00FC0025007F00CD
:100A0000BD00EB00280000DC0069004300C1007F4E
:100A1000005300CC000A000F5F002F00C9007F00C8
:100A20003700E8003C002A000F00006A003900BDD2
:100A3000007F0078000A00450056002F1C0031009E
:100A4000C00028004F008100FB002600D100006E8E
:100A5000004D002B0072007F00240055004500F679
:100A600081002F005E000E002600F40041000E0001
:100A7000C0000021004A00270020007F006E000512
:100A8000006300685E002E00EA0067004900030072
:100A90008100A900FB000033004200080073007FC2
:100AA00000080022003D00093B00270013007F00E2
:100AB0006C001A00480043001300001F004D002E78
:100AC000006A007F002E00F8001E002E5000760005
:100AD000A7002A0064009600B200EF00810000AC7D
:100AE00000CB0016008100C7001600CE00E100FB1D
:100AF00069007F0018003E0035001500FC00D90099
:100B0000F30000CD006500F300C8007F00D400A60C
:100B1000004900DF1F00580036003C007F004900FC
:100B200019002C0025000096009100E1009F008133
:100B300000D700BD00C800E935002600E3007F00B3
:100B4000670000006C004F001500003B0063002BA5
:100B5000007F007600380046002F0017F5003300B4
:100B6000000046007F002C004E005100460000D5DA
:100B7000009D00C600C4008100C600E200DD00E365
:100B80003000610045004A007F0041000E001F0058
:100B9000110000A6009D00C100F7008100AA0024FA
:100BA00000BE00B403005C00450021007F0054003B
:100BB000180025001A000010002700220044007FC2
:100BC000003E00400061002E2E003600C5005F0090
:100BD0003D00810053001300BF000038007F002D4E
:100BE00000CC001A00F300ED00BB00B93F003A0052
:100BF00001005D007F00260039005300150000E869
:100C00000054000800CA007F003900EF004900329C
:100C100032005E0065004C007F002F003800480065
:100C2000F3000038007F002A004A00700013000F14
:100C300000060005F900D000E500D9008100C000E1
:100C4000DA00DA00E600006B004A000B007F006665
:100C50000006001B000D00F9CD00CC00D700D70026
:100C60008100BA001500D600DD00007F003F0019AA
:100C700000770061000900D100D100ED360072005C
:100C800071001C007F00530006000600000000F306
:100C900000F600330037007F004B004B005F00413F
:100CA0002200340031005C007F0049003300420024
:100CB000ED000019003400080057007F003A005A88
:100CC000004B003A27007C007F00450078007F0041
:100CD000E5000D004E0000B1002C00250081003C15
:100CE000004400C60018002A8100990008009700FF
:100CF000CF000900B300CC000F000061003400D623
:100D00000068007F002B0024006B00371B004500AB
:100D100020005F007F003C001C0028002400004BE6
:100D2000007F0022000F0034001800A9008900C4D1
:100D3000B800BA00D800B1008100A700CB008F0036
:100D4000BF0000FD00CB00B200F30081008100E98C
:100D5000009D00C67F00640025007600510022003F
:100D600027000100ED000060006A0011007F007D97
:100D700000240045003B0013C8001F005800E3009A
:100D80002D007F00E10021002D00009D00B400E750
:100D9000001B002E0018005D007F002EBA00D80056
:100DA0000C003A003C0025007F0078002B00004F2B
:100DB000007F004200590079003D002E000D001117
:100DC00011007F00F3007E006500CF007B002A0049
:100DD000B7000053004B00C50016002F00A900E724
:100DE00000140081CD00A600AD004F007F003B0045
:100DF0009E00BB00E6000081003D007C008A0009E7
:100E0000007D00D400FE001AC000F1003C0081000B
:100E100012006300AA000F00320000610077001882
:100E2000007F007000190023000400FA17005A0028
:100E30004F0035007F0078000A001E0012000034C9
:100E4000004A00810031007200970014001700C2B0
:100E50001B00045FF0814005DBECF80F23447FDDCD
:100E6000F5110C0EC91A7281F11DAEFBEBE5FC7F8A
:100E700079E225331C81650102EFEB77A75001C0B1
:100E80007F0DACCED6C9D4F8F981AF93B9E6EDA900
:100E900006ED8181E28409CB671681C9ED2EE0FB66
:100EA00022D17430C47F5EBADFC17DEEBF7F16955C
:100EB00001140C7F731C1035F22838DDC4A881CCD6
:100EC000E2B4E0BD93BE0B4FD1147FF9E1C224B26E
:100ED00030A2E57FB447DCF68112F5944819932BD4
:100EE0007F089BF048CBA005440E01197F19401BD9
:100EF0001825E5EF1B00197FF6DCFAFF12041B7FB3
:100F0000FCEEFD06DEFE3489FF7FCCF528EC2B815C
:100F10004E5893F927F8DFFFB87F22A80F1DDE5D3A
:100F20003C813670922A13C0DA52E77977197F2D07
:100F30007781A092653D19180C05F9D819C3D17FA6
:100F4000F9EDFDFCDCD1CBB1B6F5D481CCB3CF81CA
:100F5000C8B546FC0FD3D90D81DED6CBDAE929AA74
:100F6000AB118C8119C981B232A6D767E4B1FB817C
:100F70006F754DF6FA0A9481ABD0E43181A729E070
:100F8000EA1581F264A2D54A2BD0E68125640CF9DA
:100F90000467D7B73B1BFB7F2406EA04F5ADA27FAD
:100FA00086887888B1151D31DB567F16C0FDD6982E
:100FB000EAE181C1D7C5F306C733D7BF7FE3A50AEE
:100FC000F435F7027FD1D4EFD1C0C24DDCF77F8872
:100FD000D84FE81E30C3762A81050803242AEFFB88
:100FE00051E6047F1933810CFB0601CC65EFCA1E64
:100FF000F09F7FC4D421F12AECC27FC1944DFCA3A1
:10100000D39DBB05F4141C7F3FCDABC381AB8633AE
:10101000BC2ADBB3227F45991EFFE5DFE29C3C4EF4
:101020007FE8E6E6BF8BE6B38113AE92BAAA5AFD1B
:10103000FB7F090F3DBE4CFB35421F7F08B806B54C
:10104000D7D981CDBF687D3A05EFF127CD7FE9CEB5
:101050000D7F62F8E8F20B83ABCABB397F922D5D3E
:1010600009C9A9170C127F290B00EFFADB0FF57FD6
:10107000101B230C0A421C1A7C356581AD97F43194
:1010800002357F5CB20AE4E5B308A8813F4EDB1B62
:10109000867FF258D51914AB03607F34CBEAB10FC9
:1010A000D3F366F6E557DCB900CA8123DCAE81D8FC
:1010B0005BB4F648373E29037F32CDF38F818B81B5
:1010C00036F7141B3913AE9E81A2A18916E11A824C
:1010D0004C5E417F0649FE8A113509367F1CD3FEDE
:1010E000F788E7811466293348F900E0EB7F07B5FC
:1010F00028F9F9B6AFD0DD81B3DCDE19FB13187F18
:101100003EE00F09CE0A81DA9CAD00D8BC14A4FBE6
:1011100024A73F3981CC040C20E9437F360F21F20C
:101120007FF98EC5E66DF8DA28B6B9ED93818FC2E6
:10113000A6B981421D15E5ED60D2E1EFA5AECCA5C3
:1011400081F50C1345810F20EEFDA179E7C8DE057E
:1011500081736DDFFB0B147F101A49FEB80FD29C10
:10116000EA4D8281502BE91530F3A24EF9815E05DC
:10117000B7D4292181EB15EB3D39A5B981756F41B4
:10118000F3F5FEB677F8D57F0E8B04EDCD280F81F1
:101190007C2DB91CF00426D2BDAE7F0224CCF3C84E
:1011A000E7B67F40DF4109B28F8161BC9927CCC38C
:1011B0005F7F45EDE405F1E8151B29E47F56D2E495
:1011C000EDDCCB3306937FEDDFFEEA3B28D17F4990
:1011D0004FC9FD1557E3C97FFCD72305CAE0B0B35B
:1011E000E5F381FAEAF26546679CC581402B3A1F18
:1011F000B3813387BF27E3B8DE0210CC7F44D5DF4D
:10120000E0BFB002819500A4D10905E2047F2C392A
:101210001C270B289821C88F7F20D0060EBF81A8DD
:10122000B9AECF85AFE7CEEC8E81CA12222DAB9B33
:101230008295AF81C2C0A6FC02037FFAF0230BFCAB
:10124000E2FD11B3D57FD51A1D4A81F69A6D22DED3
:1012500020FD9FE91481B33FAFEBDC3C7F31970960
:101260003FE61A32D78C51E8361E354781BBD32171
:10127000C481DFBB98CB0419208185823D51291997
:10128000C9FA7FC7EA0CB416DAF0F2EB7FF9E00A8C
:10129000F402E5C57F0C9C421B1991C08121D6C880
:1012A000F2FADE29D0DA5F24C15D7FAADC9F45AC6B
:1012B000EC5ABF81F9DFEA6BE2D77FA4E63C0FDA94
:1012C000C076028104D5B502647FB0235415DC23B7
:1012D000F21C21057F3BC5170319DB267A812B09F8
:1012E000E5F1B9B7811E3841F41C10C681B2013A4C
:1012F000F90E1F0E7F07DC24DCB6F2B9B166FF8E53
:1013000081126BF9F10A7F241475654AF0F8EAE25C
:10131000E5EAD0E7DB81CF0C12E3FAFD227F491E1C
:1013200033F3F620D3DC7F1BF9CE68FF81A0D371A5
:10133000EAE2150BDF1CEAFC7FECF632E521FA2528
:101340007F41E212FFDA2F01757F1604FAE87FF879
:10135000B96D4BB4060296544D18EB5012D181EE84
:101360007835147F445595ABDC08F6E07F14ED0624
:10137000F519617F6C351EAD28AC86A62065DF7F30
:1013800071CE05EBBCF3BA497FE8F319F6D7216EAD
:10139000F2937CF3D37FD3EC2181D61F08DF1D09A4
:1013A0001F1BC0F6F2A181B7365BF7164C2C819358
:1013B0009881BCF0BC8D8E8FD5F4E5F2FBE4D205AC
:1013C00081DCE2E3E4E97F3F2102F50B18FEFD72C8
:1013D0005D3481C7CCEBBC48D8BB7FFFEE1F757F67
:1013E0002483ABB2FBC5210DCECB7F22D321EBEE04
:1013F00074EA8118D2E991127081C10EAEBB3AEB4A
:10140000C32ADEF6E2818A8D0C33443E191E7F34F6
:101410001FDE0CE10D818433B1D40417070817F8DF
:101420007F4C1CEEF402FA81491036130052A717C4
:10143000CFD18681BEF4FF069481BCC3D3133D3265
:101440007BA344BEBA7FE4DC1DFC3619E4587FB7A9
:101450002107C6121BE17F3900F712CF92FB4581AD
:10146000617FAB0919CE9923C5017F3AEA100C5F61
:1014700007247F12E7F9EFB08BF07F17BB1914092F
:1014800081CDA293D1C9F6D901CBFF813866F2068E
:101490002ED0E081B92D05EF3E5841D61828B34231
:1014A0007FE723111C17EA687F14FF18F4040A0A67
:1014B000813C48D8031E7005812726BAB20C46121B
:1014C000EC817222B939E1B2331E1D7F321AD4CEBB
:1014D000E6995BAEAB7FB8A84BDBE54D38FA7F47AA
:1014E000C513D3D1E637A7C67FE7EC07AD81557F9B
:1014F00069BB123FA620502A192B4BC481A181BB86
:10150000C00D6336192B05BD201EA97FE39C02E99F
:10151000297F41113F11FCFB0208F308704281FA58
:10152000F8251F07067F320F0CFEF6E858092B79C5
:101530007FCA41D2D3FCD0317F7AFD0DD49E2D0CD1
:10154000816E32D82000EDE1F2CFEC81DFCCF9D111
:101550005449813B691B8901AF1F7F9E5A7FEC1361
:10156000EF7FEADD4FB7BBC0B60600BB814D4558E3
:101570000A2F36814719A16531CF09C0F6CAA541A6
:101580007FE9D92DFCD89D9CDD7A7FF6421FFADBDE
:101590001906E97FFBF0D71B54A5D0AB7F0E11ECE9
:1015A000100EF1434581E8EC12C0819FF4133A70AC
:1015B00038332DF3D17FFBBB3AF2C6FCE225B0E90C
:1015C0007FFEF209D448D0D77FD3E1E4FFF8EB30B7
:1015D00081D2A8746260BC81A82E31973833C01CB8
:1015E000D4D17F088428E8F105E0F37FC6FD2713F6
:1015F000CA89CE4481DF3D07EE4865051085A68186
:10160000253B1AC1EB0381A2D9E4ED10A381DA24B2
:101610002B19363015F7C5C081AD8809030DD4B933
:101620004AA7A97F11E3FC015812567F2AE4DD087E
:101630001448C87F4CA8E5DECD4930F37F1AD1119C
:10164000B4A03C01A25A8146BCD04F81F0E6A6B9B5
:1016500048B19C2AD1C80C81B414D8DBEF857FF542
:10166000CF651BAE21FAABB07F2D3EAC623594073F
:10167000FA7351D27FEA06F6192904573A1F81906E
:10168000B3C3184C81E164D4E81CB8BEBB1D09EC9F
:1016900093B881FF1DEE7FF6F204EF10757F6FBCEB
:1016A000DABC0A0C03ECB4195F9E7F21A6FBC03F95
:1016B000F59A7FE50510E4D6BF812D43021B4C79D6
:1016C0006C7F24A0E06ACC92BB3003107F61411094
:1016D00068DDC982C97FF2917E31D781195E7908B0
:1016E00089FA0104CB813300914DC4C3EA656D31A1
:1016F00090AE81FED718DC16F0917F4A0CEA0129E2
:1017000045C3F87FF5032DBA8E81D99E8B92E0AF49
:1017100016D308D1D7AE81BFCAF1FB20F66DFB818D
:101720001AD8AED8483CCD7F42D5E9E2D79FE5E450
:10173000D2FF457F2EE2F84B3A007F10220FBD8A80
:10174000198AB1EA81A511D8D1DD7F5CD739F0DEE5
:10175000C61A44EBC0E304091D0F1F079E3C75EE3B
:10176000DDFC1DF8080DC0E8CA0659EFC002DCCC4C
:1017700000C707E9EFBE07FCE7F120CDF00EE8CF88
:1017800002D7D4F6680BCF34D9FCBC0B4B19EB074E
:10179000D805DCE026169E21F0160EEE2F28D6DCAA
:1017A000190EE6AEF52002F326F72B30DAE87FE5D6
:1017B00032B9071525084401FDE9E80F13780781C0
:1017C00017DEBB1600F7F5FBF6DC081AE2811FEA0C
:1017D00007FA1D81D932109AF8043FF21907F8155B
:1017E000CAF930000BD7F5174407F11CDDE90602F2
:1017F0001EFB0EFF3708BD08F00142E713FFFEE1B4
:10180000F58110F4F03402E9E601431BFC00EA0420
:10181000F91BFE1A02F706BF0039D9D54437EB563B
:10182000EF1FFB18FA25F183E205ED067F069F798D
:101830000FFCF62A260B2C247FF58201CAF4FCE764
:101840002AF881065907EE14151FDCE60D19DAEDAA
:10185000E6D51F3C1FDF04E74315E8EBE300F4CBBC
:10186000131B090806F52C310EF86DFD2EF5811EAF
:10187000CE1C24F2EBBDDCBBF31C18F7A74AF1EF3A
:10188000140ADDCD11E501FD05F90A09DE1B022E62
:1018900004FF27F91607180E23C1F312EEFD079374
:1018A00011210911923CFB3D0515C881150DEFD1A1
:1018B0001C3FE29F12FCF0C0FC20C306FD7FFC1C15
:1018C0000EC98114043CF0D781411FF61D37223622
:1018D0000F1C26F2814001E3F2E4FB2B0EFB11DD2D
:1018E000E53725D412DF35CC152ED5EB03DE1FD519
:1018F000220F0828FFD66AFA05101AFF09022718D6
:1019000057F61E040B47EE1ADE7F1DABF3E14114C0
:10191000032AD2FA1648E8DB1608B919D4E4F3858D
:1019200012F4D8122A7000392C3E11C4F5E206C612
:10193000F23309100B5FEF4A03FABC101E02F9E103
:101940002608CFA9F5F759001FBEC7FADE1AFC8199
:10195000001324E0300AC3702307D5F3D309F3D76B
:1019600013FB4BFEF2FBA0BD6C037EF7E8F6813261
:101970007FCAE9091DF10310FE0106F24E15280E7B
:1019800021DBC3FE0C0853C90901C00C03FD38D08C
:101990006FFB17095C05EB40E00F0203F80B72F8D0
:1019A000EBFAD4F723F82ECB0002FEB006010BD7DA
:1019B000FFC6EBF9E30E3DC808DCCA7052810BD8B4
:1019C000ECF78C0236D6E6080CC324E520BFDC1504
:1019D00012FA2CF1571D3101EBF925027404014371
:1019E000D20B1B060E03BD010402240981092781C5
:1019F0009409EA12CB18D98E49017FFEEA00C5DFAF
:101A00002481077FDDCEFA02F5F95CFDF60919267F
:101A10000D31FB0622BFF0050534AAEC2C270AEA9B
:101A2000D124DFEB141BD20715F4F2D4261250E4B4
:101A30004FEB05EF05E9E7E0F3F82101E5FC1A8E2D
:101A4000E1F8BF00A504ECA0E913DFFB050F28FEB9
:101A5000000C32050B4B221C0933D9E90115F22881
:101A600016076E020D3BDEF701EFFC0B167FFC083C
:101A7000E9C400332A09F9BD8EFD0C3E1AF60BE9C4
:101A8000B41A03000D13E10BF1F7E509E800E802D1
:101A9000FFFF252705B341230C0A001DDF38FB1D7E
:101AA0000B17021A19F90DFA0B049BD9DDF2CF04BA
:101AB0002D0DB7EBF535DAE30BA905FDF09CFBC165
:101AC0001BF1EDEDE6DEF2FA448107C0BCF40DDA5D
:101AD0000114027F15EE0B0381EC320701C33815A8
:101AE000120B0DDB1B340D150E0F88A31220AD0059
:101AF000E13B58FC06C9D7FB0713D9070A54FAFA89
:101B0000101BF8EF222703C72B08CFECFC00170CA3
:101B1000F3D3FE0AD9AEFDEA0A301B1F7FC9FE3E91
:101B2000B91B13C9D3EB087F2E2F90E449E3DE2BBA
:101B30001006F4DB0F9F021035F99EDC0DFF81F3D8
:101B4000D82A7FE7FAF7D2EF1407FC28DDF5022840
:101B50001500F599F481282213F605072E0614CAFC
:101B6000F40E0907E5FCF20E05FA2311DAC7DD1DB4
:101B700013F80200C8E8FD0D47F806E6DDED09B9E7
:101B80003CFD155EE332B3E42D04077F0A3560BDEA
:101B9000F31814B6C8CE4E0EF107FC01F5F7E1E7D5
:101BA000EBCDF422C912DA0E0B011A082412E55704
:101BB000BBFA16FBE926EE28071D0C33FF0ACE36CA
:101BC000D17FFDF30DFBE817A51E05DC48EABF9B9E
:101BD00092FDFC1D9DF9AB033C01F7D9E8E5F00D42
:101BE0001709FEFE05F20BA0E1FC812E131827E574
:101BF000F302D422E137F9110BFE0001DFF7C8111F
:101C00001300FE12E8082D2B14160A02EFF2E8ADBD
:101C1000EBFEFA08E9ECC8FFD2100A4481402B7FA2
:101C20007F9E001F070481EED71F0F36F7141ECAD0
:101C300024FBFE0F17FCF4C7C4F3BE151B28014894
:101C4000FA0AF608FC51D60BFDFEFCD1C90821CAE0
:101C500033D107FDF781DEF8EB1E1A07030FE513FA
:101C6000EC04FD130613FDA9FA180A12F8BBE28171
:101C7000FC4EE2F0EBE3DD000B06FD17FCF0F1EDAE
:101C8000030E080F07B90DBDF90E010907F1E3FCBA
:101C9000071A080AF3D233FD08290EDF25E371F194
:101CA000E5FF08260E15041BF60D130FFBC166FC9D
:101CB000B70A0B0CFAE47FBC1B1187CB00FAE718BC
:101CC0005208EAD5C1FAF10A0D09B08181EB11047D
:101CD000F30D08072006E20C0608040E1831363B07
:101CE00011FDFDD3F3EEF1E905F80C06320E091BE8
:101CF0000B94FB0DE40C11BB11F4F30BFE1AF8B9B5
:101D00000703B4DCCEF3B90A7FF5F5D7F2DFEFEACB
:101D1000F7E181AA3C001AFF0900426A38164A31ED
:101D2000DEF029BC06EB1E11FB0C252D05EF509EA5
:101D3000DB270DF6F20D021E0000ECFC150DED2A5E
:101D400006810000F90FD1B7FAE6230D1A17F41E29
:101D5000DE0B00F9EEC0FBE5E5E4F00F0BA9EE3475
:101D6000F829EDFEFDB5FA158153FE02F981F12C3B
:101D70002E0AFE41E3EF71D6059D1B2363D0B40705
:101D8000F7D6F8E3FD72DEF3CFD1F904191A181073
:101D90001507F411E532FE18272DFE382B38D63DF5
:101DA0000410D7F74C18C313080FFE1FCE32FC04E3
:101DB000D3C6FEF7F870D6F0F4C5053F0305016001
:101DC000FDAA0AE5FBFA1EEEFF2FFD1BC8133181A9
:101DD000FE0B2ACB7FE3DC0B0716061DDA0F31FB67
:101DE00091F0F4FCDEDC12D1F4CEF709FE63F416B8
:101DF0000440F302E131FAFB415E0FF2FCCCDB045C
:101E00002437FDDDFDEBE22FFE39FAF702E904FA93
:101E1000EFF90D7F0E077F19FF30EF4007359A3439
:101E20000587D030FBF1F734FB7F8114056DDE337D
:101E300001F7FDEF1D0EEC03022BF3DEF752030A50
:101E4000043605F5FE580808A8350B50F93AA809DC
:101E50000CDBE5AE0C13FCE902C4C22E1BAE47E757
:101E6000080AE481FBE5E5F80217D5C2F7FE81BB5D
:101E7000F9B6DFF7BAF408E6DDFC3DF42A81EA2280
:101E8000DDDFD1F1F3F60ADB0542DADA131C4EDEB0
:101E90000D4E07CD0523110A1014D6014BEC080E88
:101EA000225FF4E409C81621F90C1514EAF203EED6
:101EB0001729EF1EDFF2F3E9FB3700065691E51212
:101EC0007F23E5D346081C410101CF24D81D25B44A
:101ED000DF0E46FA1D96F302E5F8DCFDF50FFC1661
:101EE00008D7E83EEC3BCA95F20818E8F7D33B1D4B
:101EF0000DF6E34BED109C710047D5D5F4E7F526C0
:101F0000071DDEEEF7E90A01EA21CFA3F4EAEDD9D5
:101F100019FE2D373AF1F5F101123AEF28D10D1FD4
:101F2000C02281097FA81CBB0610EFE9FFEC04DC8E
:101F3000DA5C09E912EDF9C90D1911F0E6EC477FF9
:101F40000529D6420110C639FA7FE9CE3BFC341789
:101F5000DCEAC700000000000000000000000000F4
:101F6000E8000000DE00000001000000E0000000CA
:101F700081000000230000000F000000FA000000B4
:101F80001200000000F900000016000000EF000041
:101F900000F1000000A7000000FD000000B70000F5
:101FA000007F0000001800000000520000007F00C9
:101FB000000001000000D2000000D3000000F80083
:101FC0000000F4000000F4000000FC00000000210C
:101FD0000000007F000000DD000000FD0000000A9E
:101FE000000000FC000000F6000000F7000000FE0A
:101FF0007F000000D2000000090000002000000067
:102000001D000000E900000015000000D6000000DF
:10201000FA00000000A9000000810000003F00005D
:1020200000A7000000020000006E00000010000089
:10203000001A0000007F00000000C600000027001A
:102040000000100000007F000000A2000000DF0080
:102050000000CF00000009000000FF0000000002A7
:102060000000007F0000008E000000E9000000F08A
:102070000000000D000000F7000000E60000000571
:10208000D1000000D1000000FE000000DA000000D6
:10209000C0000000CB00000081000000A50000008F
:1020A000FC00000000ED000000DA000000F100007C
:1020B000007F000000C2000000E8000000DF000018
:1020C000001A000000FF000000001B000000FE00DE
:1020D00000002700000081000000FB0000007500E8
:1020E0000000CC000000C10000004200000000EC35
:1020F0000000002B000000FF000000E00000005383
:10210000000000050000003300000081000000F91D
:10211000F90000002E000000FC000000810000001B
:1021200033000000080000007E0000009300000063
:10213000F100000000F00000000C000000F20000C0
:1021400000FC0000007F000000FB000000F2000027
:1021500000F0000000F50000000062000000150023
:1021600000001F0000007F000000840000008500C8
:1021700000001B0000008D000000F000000000F2D5
:1021800000000009000000F00000000A0000007FCD
:1021900000000065000000EA00000002000000D41A
:1021A0005600000014000000CE0000007F00000078
:1021B000FF000000AF000000F2000000FC00000083
:1021C000CA00000000C1000000E7000000E90000B4
:1021D000009D00000081000000EF000000020000F0
:1021E000000D0000001600000000C1000000ED001E
:1021F0000000AA0000007F0000004A000000050067
:10220000000033000000250000009B0000000034A7
:102210000000007F00000040000000F9000000F90D
:10222000000000FE000000C0000000A7000000CA7F
:10223000490000007F0000000E0000009500000033
:10224000C40000008D000000020000001400000027
:10225000F000000000E0000000E5000000CD0000FC
:10226000007F0000006300000020000000C70000A5
:10227000000A000000D100000000BA000000C30006
:10228000000007000000DD000000CA000000F000B0
:102290000000F9000000810000000500000000F5CA
:1022A0000000007F000000FE000000120000003867
:1022B00000000022000000E8000000CD0000000146
:1022C0006D000000B9000000DA0000007F0000008F
:1022D000F2000000F80000001F000000AE00000047
:1022E000D200000000F2000000E7000000F600004D
:1022F00000200000007F0000000C000000F3000040
:1023000000F1000000F5000000002F000000C600F2
:102310000000FC0000007F0000001F0000000A0019
:102320000000F6000000C9000000F20000000002FA
:10233000000000AB00000007000000D70000007F95
:10234000000000D3000000F50000000A000000FCBF
:10235000EF00000082000000390000009B00000038
:10236000ED0000007F000000CA00000038000000FF
:10237000170000000099000000AB000000D9000029
:102380000022000000E7000000F1000000570000FC
:10239000007F0000002E00000000F2000000D700C7
:1023A0000000F60000001D0000007F000000FA00A1
:1023B0000000F6000000F3000000F4000000001030
:1023C0000000001A00000021000000F7000000815A
:1023D0000000000600000002000000FD00000006F2
:1023E00084FC09FEC8CB21FE394007FE4BE610FEF7
:1023F000454306FE4AC6F7FDFE620AFE9BD627FE4F
:10240000E00902FE12BC16FE3EC3E6FD530A29FE99
:10241000CED6EEFDD1D0DAFDA2F513FE26E40BFEFA
:10242000080E10FEB8311DFE99551CFEA3BAFBFD27
:102430001E8D22FE6CDD07FE925D24FEFF7125FEDF
:1024400087B205FE56AC12FECD3207FED53FEBFD3E
:1024500089A1DFFD129B01FE2FD500FEEC1B23FEA0
:10246000196F2BFE4A7F05FE338ED9FDC7D909FEB1
:1024700066E52DFE09FB11FEDF4F00FE5AA525FE85
:1024800045C72AFE994CFAFD69350CFE4932FCFD20
:10249000509105FE06012AFE2DC5FEFD991615FE7A
:1024A000F93907FE77A7F6FD8E58F3FDCBB223FE70
:1024B0001721F4FD01FD15FEBD691FFE38C9EDFDB4
:1024C000CB9FFDFD611426FE6B890DFEEEE819FE23
:1024D000612238FE1D0113FE2E1513FE846DEAFDE8
:1024E0004A27F9FD7A781AFE1E9219FEB95B09FE99
:1024F000F49CE9FD88E8F2FD71F8D7FD333214FE53
:1025000047EF1AFE59ACFCFDFBA3F5FDDB3220FEC4
:1025100040BE03FEE4CA13FE381D0FFE007DFFFD22
:102520008F4F1AFE30213EFE2A6310FE3230FEFD30
:1025300075C302FE77D51FFE3D1AFCFD6AD4D6FD99
:10254000244428FE05E125FEDEAC20FE9CF71DFE9E
:102550002B2C07FE64F02BFEFEE1F3FD63A80CFEBE
:102560008CA5E8FD3023FAFD713AF2FD69C505FE40
:10257000355F25FE309339FEDCDAFBFDBF8C15FE9E
:1025800016FF14FED4E6F3FD2949F4FDE63315FEEB
:102590002B5EFAFD308EF6FD68A8EDFDDA0A0AFE24
:1025A000B85BFFFD2B44FAFD599F41FE20EB04FE72
:1025B000FFA60FFEF1B4E9FD72B60EFE9C4CEAFDDB
:1025C00068FD04FE23590AFE30CC2CFE90F50AFE6D
:1025D000F51D14FE23191EFE311DE7FD21D322FE39
:1025E0007E98CFFD6DC5FCFD814000FEC8C728FE6A
:1025F000BBD01AFE90041FFEE2C514FE59DD01FE99
:102600009D42F1FD8A07F5FD6F560DFE506018FEE4
:10261000CE05EDFDACCF0AFEB60418FE7C44E5FD08
:10262000DCB004FEDB41BEFD84B4F9FD1A8C1DFE56
:10263000CB8ECEFD075E09FEFA534AFEB2B220FEF3
:10264000AC13F2FDEE032CFEB8A542FE795C10FE41
:10265000F0980AFE7ED2E1FD6C3D0CFE348A08FE45
:102660004393E7FD79C807FE56430BFE33D30CFEB8
:10267000402720FE72BAD8FD0D6A13FEA14E0AFE55
:1026800074F9FDFDBDE115FE0B8D16FE659A29FE60
:1026900057EF2DFEBE1F02FE09A2F9FD381EF2FD06
:1026A0008740DEFDE4632DFE377A36FE5398EFFD5A
:1026B000173AD0FD337707FE4540F1FD3457F5FD5D
:1026C0009481F1FD6A862FFEAFAC0AFE8956F8FDB3
:1026D000138DE9FD4D2621FE279013FE317305FE73
:1026E0000369E3FDB3FB3DFEE15AF9FDB07C2CFE2E
:1026F000CFC91AFE6BEB2CFE0DBB22FE38881EFEE6
:10270000FBBD26FEAFE5EBFD752D02FE771724FE1F
:10271000954C15FE2F2B0CFE30A317FE849414FE4F
:102720008B7602FE056829FE0E89DCFD6137F9FD16
:102730002633DBFDC0371DFE346824FE676D00FEC6
:10274000043E0FFEA1CE18FE7A9434FEFEF60FFE74
:10275000701C25FE580016FE573AFAFDCEE40CFE1A
:1027600040C8FCFD67A214FEE2E82BFE651328FEBC
:10277000279A3AFE6D01F4FD9A05FFFDC5B102FEF0
:102780004C0A02FE795A16FEBD0907FEB221DDFD94
:10279000AE08F9FD88A42FFE7FABC9FD1688D2FDD7
:1027A000062906FEA0CC05FE8103E2FDC49311FEBE
:1027B0002FE223FE01C6EEFD8114DCFD8FE301FE56
:1027C0003E0CFFFD9D2CFBFD1B71E2FD30AADAFDE6
:1027D000EC7311FE975103FE8647FFFD4E6308FE22
:1027E000A871F9FD7E18DAFD03EB04FE2994E5FDDE
:1027F000707CFDFD738907FECEEE38FE81F731FE59
:102800001E1606FEBC37F7FD6B70F8FD724FCDFD4E
:10281000E11D2AFE1084FCFD935D05FE3B981CFE25
:10282000923EFAFDC15AD2FD0017F3FD04FCDAFD19
:102830001031FBFDACC6FCFD3DE5FBFD0871F6FD6E
:10284000ADFBD2FD08EC0BFEDE5406FEADBE2CFE49
:102850000A5825FE3C5131FE3D0529FE676416FEEF
:10286000A674FDFDC35821FEE53812FE709D00FEE2
:102870008EEDDCFD51431BFEA507E9FD939536FE69
:10288000B84A06FE9ECA0CFE9C82FBFD8C92F9FDA6
:10289000A27ADBFD46DA01FE61BD0AFEC6F416FE31
:1028A000E800FCFDB79126FE6A55F9FDF23FFAFDFE
:1028B000A84D27FE9078E4FD1FBFDAFD41440FFECE
:1028C0000DB8FFFDC43303FEACEFFBFDC0E2DEFD3F
:1028D000022FDCFDFDC0F7FDF95BDEFDB13F17FE09
:1028E00081F8FEFD5701F5FD7C1512FEE9911EFEF3
:1028F000A18FEFFD2BA519FEA4862AFE4846EEFD0A
:10290000D795DBFD922DF9FDA1FAFAFD03142CFEFB
:10291000D87CE5FD5D1B2FFED61B17FE3A49D6FD80
:1029200041CE00FE30312FFEDCE706FEC4CB26FE92
:10293000BA3301FE1688FCFDB02BE4FD041315FE2E
:10294000996907FED522FFFDDAF3FAFD1A06FAFDB2
:102950008739FFFDF4C801FE2572F4FD673325FEBB
:102960000A21EBFD7FD4F0FDD5C7FDFD3210E5FD5A
:102970000D61F2FD0BBA3EFE0C00F4FD25A523FE11
:102980008731F8FDC34A2FFEBB65D8FDC1100FFE8D
:10299000AFF72AFE320425FEBD1A27FE2767E6FDA3
:1029A000396FFBFDBD00FEFDDD7D2EFE6648E5FDB9
:1029B000F685FBFD36FE29FE254F19FE64C408FE90
:1029C0009AF4FBFD33B4FBFDD79D37FEDAD7F2FD59
:1029D0008E111BFE44BEF4FD911614FE0A35E0FD77
:1029E000BF75E7FDD736FFFD387407FE529019FE1C
:1029F0009E5F12FE9C7703FE1608D3FDC65B31FE78
:102A0000D3F8DCFD767BFAFDF13010FE14EDF0FD1D
:102A1000EAAFDCFD599CDCFD39F8F7FDEBD2FAFD9D
:102A200096FFF0FDE1FAEAFD5394F4FDD2E2ECFDED
:102A3000F338F6FDB84BF1FDD7AE20FEBCA82CFE56
:102A4000CB9F04FE27D135FE581A2FFE8C76ECFD65
:102A5000FA1AF5FD6711FFFDEB8C07FE6704FBFD1D
:102A6000F83608FED74828FEB8D427FE589FD5FD73
:102A7000AF9924FE1AF7E0FD25A6F8FD3FA82AFE2F
:102A800037FD11FE809803FE2B14EBFDA57EE4FDBF
:102A900002D3FFFDD768FBFD2A11DFFDA6470AFE22
:102AA0006FAF2CFEA868FDFDFA57FDFD47B6EDFDA2
:102AB000D3C5DBFD6F8EFCFD9F84FFFDDFDF0AFECB
:102AC000B526E6FD01620DFE25B6E1FD2F1B17FEC2
:102AD000AE02FEFDD2A3FEFD66A2FBFD2DD50AFED1
:102AE0007662DEFDE289EFFD1D9CDDFDCFC4D8FDE1
:102AF0007994E8FD299DFCFDB5FD35FE354CFBFDC7
:102B000087E6E6FDFE1B0DFE0A42EDFDAB5501FE1C
:102B1000C867FBFD41C5F4FD4931FAFDE91EF7FD2B
:102B2000F10DFBFD3D4AFEFD8CA8F9FD7893FDFDFE
:102B30009980FEFD683FFCFD318E1CFE3098FDFD46
:102B4000AC66F6FDC1671BFE4B720CFE2FAC2EFE71
:102B5000174E08FEC4772DFEA58610FE4EA6D9FDA1
:102B6000B5DCF0FD3FFCF7FDFBB704FE02D92BFE00
:102B7000674131FE098AFAFD00D2FEFD9921E3FD8D
:102B80008E2E05FE76B50DFE4C262AFEBD69EAFDA9
:102B9000F531EFFD54B507FEC83DFDFD7BB9F6FDEF
:102BA0008F27FFFD642FD7FDD1720CFED04600FEAB
:102BB000A58625FE72F40DFE495FF7FDB1D0E9FD53
:102BC0009C2A29FE52822CFE61150EFE2E81EAFD02
:102BD0002ECF00FE521FDCFD7CF726FE1D2DF8FDDA
:102BE0000AC407FF8F96F7FEA45CFDFE1667F7FE8A
:102BF000889E03FFDCEA0AFF333A0AFF9B89F6FE50
:102C00001E0826FF6FDA0CFF3548F6FE2BDE15FF97
:102C1000D30DE9FE772B18FFB813F4FED8930DFF00
:102C20007FB906FF301BEAFE99F309FF11AE06FFDC
:102C3000400802FF838EEDFEC760EAFE84A2E7FE35
:102C40005E030AFF651711FF1F82F4FE337E22FF29
:102C50006E5807FF7788DBFE03C0EBFE2BB60EFF36
:102C600072FFF5FE10B6F0FE6F6901FFEDD1F4FEC4
:102C7000F29501FF6FE901FF565FFEFED8A0FCFE52
:102C8000BD31EEFE7F0602FF1DC3DCFE15590AFFB3
:102C90007B3E17FFE46701FF0EEC16FF66D006FFD0
:102CA00021AAF3FE40B603FF60D603FFF10E12FF28
:102CB00049620EFF81B307FF7E60EDFE47B402FF5D
:102CC000B9AD16FFCACCF7FE2A6A06FF5F720AFF8B
:102CD000C248F0FE465008FFCE7A08FF721E0EFF73
:102CE000FE6EF4FEABCB11FFA5CCFDFE599210FF9A
:102CF000491CFDFE4CED13FF4D5BF2FE79C806FF4B
:102D00008A750CFFF1E3F0FE570B04FFAE41F7FEAE
:102D100013CE08FFC6D4FEFE314E10FF826003FFC3
:102D2000E70B02FF55E2F2FEC333FDFEC5DFFEFEF8
:102D30006B6016FFAA4604FF3D6B02FF8BD6EAFECE
:102D4000B525F8FEB3C7E6FEBDFE13FFE9850EFF0D
:102D5000D8F2ECFE69BC05FFF21BF7FEEF2314FF6F
:102D6000144102FFB4EA11FF69160DFF78041DFF3C
:102D70000781DDFE3375F7FE35F113FFE4A0FFFE9A
:102D8000ACCE0AFF345912FFFB1CD2FE893A06FF73
:102D9000BA8405FF2AF8DDFEB5320CFF64B302FFEA
:102DA00056C304FF670F00FF29930FFF30C9F5FEDC
:102DB000E15AFBFE9D3A07FF51E7F3FED68DF2FE86
:102DC000244108FF34F7FCFEC09B05FFDCD3FCFE6A
:102DD000C9BF0BFF19B8FCFED11004FF9A1004FF05
:102DE0009A0CEBFE23F5FDFE7FC217FF5646FAFE56
:102DF0000C7E00FFDF1506FFCE9218FF669A13FFC8
:102E0000B3120DFF9116F8FE8ECF14FFEE8EFCFE6E
:102E10007B22EAFE77750FFF5926FDFE678D06FFC0
:102E200057E80DFF7568F2FEC72EFAFEE73F06FF72
:102E3000C247FAFE2535FFFE956F16FF26CD02FF2D
:102E40000D3104FFFC77EBFE3E5624FFEDC7DFFE9D
:102E500098410DFF77BC05FFD1A112FF3F8203FF10
:102E600051B207FF68A9FCFE3344EFFEE77B08FF81
:102E700090B6FCFE3621F5FED946EEFEF92FF3FEA4
:102E8000038EF1FEABE702FF2223EEFEAA1F12FF24
:102E900046BA17FF4A13F1FE4F7C0DFFC02303FF14
:102EA000D82A0BFFADF40EFF07A8EFFEA465E2FEE3
:102EB000157BFEFEEC0311FF7BDD01FF68FFF5FED5
:102EC000CBD3F7FEC9FB08FFB8DF0EFF2D9708FF35
:102ED000C84512FFFB86EBFEB4ED06FF7245E8FE27
:102EE000946507FF2F73F8FEDB2DF6FE4B39E9FEE4
:102EF000D01F1CFF97FA00FF9BF5E9FE67D000FF8B
:102F0000041707FFC928FFFEDF6506FFAD7B02FF40
:102F10002045F1FE28F000FF879F17FF3D8AFAFE4B
:102F2000BFBA05FFB01502FF275207FF281010FF98
:102F30001904F6FE0FA806FF03B2F0FE302E17FFAD
:102F40003913FEFE0E1700FF3C7D1AFFD81505FF52
:102F5000B671F5FED79F09FF23B7E8FE4C9F10FF1F
:102F600042B50EFFAAFC10FF2FE00BFF9CBDFAFE3E
:102F70002903DEFE0F1FEEFEDE7502FF28430DFF64
:102F800066AB0BFFEAB0FBFE6845FDFE42CF03FFD8
:102F9000555304FF431517FF27B1F0FE881C1AFF95
:102FA000F12E23FF51230FFF903EF6FE630D07FF26
:102FB0005D2BECFE89C419FF377A06FF455ECEFE15
:102FC000446711FFC90CFCFEB95FF4FE101510FF39
:102FD00004AD20FF170CF5FE8751FCFE2E37EDFEE9
:102FE0000CFEF3FD66C114FEC3BA10FE015104FECF
:102FF000D00C09FEEC7117FEEF6108FE194E01FEC0
:10300000CCEC11FE376BDAFD20541DFEF6E1F8FD25
:1030100089AC15FEB9D70EFE54DA16FE7FE414FE15
:10302000A812FDFDAFC405FE9DB50FFECD891DFEA6
:10303000155A28FEB3AD13FEB115E5FD195D0BFE63
:103040008E1304FE76190FFE9F65F9FD8572F1FD62
:103050004B5100FEDC5E12FEFC7803FE945111FE23
:10306000961304FE162C11FEA53E16FE647513FE83
:1030700015D3FFFDF1A4F3FD3E3413FE886DF7FD7B
:10308000DEABFDFDEE880BFE3E8612FE35F01EFE29
:103090002ACC04FE9E64FFFDDCCE05FEDF2FF8FD8A
:1030A000D067F7FD1C8017FECCFA07FEA58FFBFD4D
:1030B000562F0CFE106505FE9BADF0FD4C2A0CFE54
:1030C0003B8EF5FDE651F7FD13DBFDFDAF9516FEDA
:1030D00007E004FEF9B0F6FD4DD220FE299605FE6C
:1030E000FDD6F9FD2ECF21FED33717FE035011FE7A
:1030F00067D21BFE07ADFFFD34071BFE284617FEF7
:103100007D1004FEECA21BFEBBE200FE6AA3EEFDF6
:10311000E9A31EFE5AA016FE79AD14FE8E360CFEF3
:103120004692FFFD65B304FE6C41EFFDFE6001FEBB
:1031300062990FFEB4781BFE18070BFE7E76ECFD3D
:103140001B9809FE036AF6FD40BCEAFD371E0AFE25
:103150006E3401FEE00AFDFDE1B011FEF78109FECB
:1031600080880CFE336A13FE492414FEF3E2E0FD6E
:10317000F6F8F7FDB26CF1FDB44D0CFEAC6706FE3F
:10318000B6DC17FEC57408FE2A250DFED42A0EFEF5
:103190008CEA1CFEE22401FEAC07F2FDE2C202FE54
:1031A000FA6708FEBBFF0EFE221810FE77B917FE65
:1031B00022120AFEB39603FE24B7F3FD8D1108FE1A
:1031C000CE5B19FE0F4A06FEF7B5FBFDF22FF7FDA9
:1031D000AF6210FEE74E08FE846D10FE316A0FFEEE
:1031E000C016F5FDF85CF9FD038EFCFD4DEAE2FD2D
:1031F000A6A1FBFD00531FFE22E70AFE9435FCFD4D
:103200001D6613FE7A74EBFDFFB2FBFDC908FEFDDF
:103210002B18EEFDBD84F4FDB2001CFEB4A8FDFD2C
:103220003F95FEFD68970CFE5FF2FCFD7941F3FDD2
:103230000B4E14FE3367FCFDF13300FEF3081FFE56
:103240001384FAFDB0C010FED569EAFD15FBFEFD42
:10325000F457FDFD345CFEFD383604FECC46F3FD2C
:10326000955BFCFD4240FCFDA8D5FCFDF0BE1AFEBE
:103270001FA218FE89F614FE55D610FEB5F003FE07
:103280006091F2FDE1570CFEE4EEE5FDB5541EFE43
:10329000A4910DFEC1F203FE2D23FFFD2F201EFE83
:1032A000FD8306FE17BCFAFD284F0EFE7134FAFDB1
:1032B0004ABD11FEB4E6EFFD3BCA0FFE5D6707FE97
:1032C000CA15F5FD20E6FDFD4CF4E8FDB61100FE43
:1032D0008AF0E9FD11A00AFE24FA07FEE1CBDFFD2A
:1032E000B0FCFAFD2566E5FDA107FFFD6960FFFD65
:1032F000913B17FEB81F21FE3C79FEFDB72AFFFD6A
:10330000F515FBFD07A70EFE1640F5FDFBF311FEBC
:10331000E09E16FE2ABD1FFE3EB9FDFD167BF1FDA7
:10332000BFB8F6FD7C8DFEFDF957FCFD7B0C0CFE55
:10333000153E1EFE950CFCFD943BFFFD9659FCFDD1
:10334000CC0D25FEE19800FEAC321CFE17A5EEFD6B
:10335000FFF417FE2F3EEAFD08DDFEFD0BA5FAFD8A
:103360005778FFFD66051AFEE59CFCFDE72BF2FD94
:103370006D0915FE6CC3FEFD2839EFFD6A4D10FE88
:1033800028A820FEC453F1FDE5A7E7FD8AD9FAFD80
:10339000D71821FEB381FCFD0C84F3FDF29222FECE
:1033A000986FF7FDF464FFFDC003EAFD6241F5FD8F
:1033B000BAA4FDFD000000FE6FE71AFE4EC1FAFD43
:1033C000A2E5E8FDBA0FF3FD5D9412FE6E4A04FE1D
:1033D000CA74F9FD29D3FDFD4DB923FE6C3EF8FDFD
:1033E00012A9FEFE046EFAFE6F2D11FFDA8DECFEBF
:1033F000688D06FF36AA06FF4E100FFF39CEF7FE86
:10340000AB9306FFF6C20EFF395D0EFF138FFFFE72
:1034100047C4FDFE2543F6FEEB6AFEFE4ABDF6FEFE
:10342000AF980DFF836802FF8503EEFE397E07FF2C
:10343000758FF8FEA3C30BFF211808FF2E54F0FE72
:10344000A455FFFEF94E09FFACBEF4FE1AD80CFFDE
:10345000A81C07FF84A306FFDA69F9FEE55BE3FE1B
:103460007E43FDFE4B020AFF858102FFE5360DFF1C
:103470001E5817FF7D3002FF5A3FFEFEC038FFFE88
:10348000F10AF5FE46A5E2FE4A5B1AFFD1BD0EFF2A
:10349000B62BFDFE781A0BFF3FB2FDFEE09708FF4A
:1034A00059F5FEFEC680FDFED4100EFF3002FBFE75
:1034B00076BBFBFE58490BFF9764FBFE8AE210FFC8
:1034C0006391FDFE11A604FFAD5413FF953A0CFF66
:1034D000C50819FFC3C502FF18ECF6FE606B01FFBB
:1034E000289CECFE5A8EECFE89E105FF745DF0FE2F
:1034F000AFDF0FFF7B06F9FE7E1703FFE37E0AFFB7
:10350000DC6007FFC77403FFB7960BFFA7BCFBFE89
:103510008305F8FE5EAAFFFE9F580BFF575B0CFF6A
:103520002D7AF3FEE8D2F6FED5A51EFF2DA409FFE5
:10353000EEE0FFFE34670AFF153AF9FE7ECD0AFF82
:10354000E8A508FFEB2C0AFFD7BB09FF1B3DF6FEE1
:103550009DA3F0FEBFDCE8FE8BAC14FFE14219FF37
:1035600026240EFF23B00BFF762F26FFF83209FF2B
:1035700019370DFF46B918FF7FC6F0FEFC0704FFA0
:1035800077A50AFF3AC1FBFE677509FFE2D212FF79
:1035900056AC04FFEA3B07FF293720FFBFD9FAFEEC
:1035A000984702FF0B690BFFDDFAFAFE64480EFF35
:1035B0000D4E05FFE814FDFEEEBF0AFFD205F0FE3A
:1035C0003D3308FFF1B1F8FEB458F2FEB9D1FDFE6B
:1035D00041E10DFF5A3B09FF081600FF07D80AFF1B
:1035E00009FFEAFD5864DDFD888335FE8EFC26FE6A
:1035F00032320CFE3F3120FE5D07E9FD2206F9FD67
:10360000E06AFCFD5768DBFD6C3CD1FDF912FBFD67
:10361000D071FDFD9EC3E5FD715FFFFD8F5E38FE3D
:103620004AF1EFFDA05DDAFD7529EFFDC935E8FD32
:103630004AE434FE9B67DFFD0BC1FEFDE55CF1FD56
:103640007B67EDFDEBF32CFE6787FEFDB504CEFD39
:10365000A2F5EAFD408639FEE7ACF3FDF898FEFDE1
:1036600006952EFEE64EE8FD5BBA2AFEFD3F3DFEC6
:10367000A9383BFEF556FEFD770DF6FD1842EBFD31
:1036800008D0E5FDAF69E3FDFEABE4FD255530FE56
:1036900099BCFEFDED2C26FE303400FE9DAB00FEF5
:1036A0004053F5FD1F10E9FDBA3DDEFD24F52BFE6C
:1036B000D0BDE5FDB667E5FDE16EE4FDBA9708FE15
:1036C000CC83E3FD825B2EFEE2FAD7FD1C19DBFD05
:1036D000495D32FEFB0436FE9A2AF0FD0DF4F8FD3A
:1036E000B1C0DDFD6BD8EEFDB93EEAFD8B2FF2FDDA
:1036F00000C3DBFD8367DEFDDF0DFDFD8047DEFDE2
:103700006BBCF5FDD95FDBFD4F01F7FD45D2D8FD60
:10371000C812D4FD773ADDFDBDF6FDFDE06B2CFE51
:10372000C106E7FD5CAEFAFD782CD8FD9BD233FED6
:103730005580DDFDB244DFFD22C2E0FD721441FE82
:10374000D0DADEFDBD0031FEE631D9FD00C7E0FD77
:10375000AB27F4FD2ABEF6FD3662D7FD59CAE4FD5B
:103760000E68D1FDEFC3D5FDC1EB36FEDB45E9FDAB
:10377000F40E27FE35EBEBFD70D4DCFD832FE3FD6B
:10378000F31ED7FD4EACE2FD0153DCFD0700FDFD4D
:10379000CD0C2DFE1958D8FD68B6DAFDC117FDFD18
:1037A000DDE834FE10B831FED9F2D5FD7DFCDCFD3C
:1037B000054BEAFD3141F9FD81C0EBFD5833DAFDDF
:1037C0005610DFFD1826FBFDE839FDFD79ACFFFD45
:1037D0009CC60DFE7FC6DBFD8911D9FDAB57FCFDF4
:1037E0009229763B93283F66C825682EB233652F11
:1037F0008C30CF4109302025243AEF43CE2A5A2A73
:10380000ED2A9E4EC33A0D2AE32786247F37AB313B
:10381000602BCC296E1BE4345E33EB2688234448AE
:103820000D349E2E19376D2228320C341E332A2A6D
:103830006926762F922C4232FA229B400C270D33B8
:10384000FC2E0431C52F0C2D1333F82939316D347A
:10385000084700616A28604FA32D1530352B763854
:1038600059396F2EBE25661E3038E529523E004B71
:103870008042AA2E043BAD3B5B2A322E512AEF2216
:10388000AB2B1335BB3EAC2E192D7B3F6435F62F89
:10389000AB369F2DDB38642FF637CB3BB643012880
:1038A000633738304B44C24DA8285B421042393848
:1038B000383438369131DC341334E126BB49522E8A
:1038C0000525FE3F66243341162D9D2E8826FB2EAE
:1038D000AC2B82213428C22D0B3F05347B2E45248E
:1038E000662A9F3039266B29CD2264386E37A53F72
:1038F000E32CEA3B773796509F2C262489310A57D0
:103900005F370D327730503012308231A8359D4408
:10391000A52F84387D2C37485E3F742EA33A182299
:10392000BA2B213FB7307E3B1E302726FB3C8E2929
:10393000DB331C3401331930942ADB2A09338A35EE
:10394000F42DBE2755391E2E2F33B9230D270039EC
:103950005735E72B4737A61EC228A824B72AAF3908
:103960001B286538CD25134A334C1B2DEF2EAC5E3A
:10397000692F992F02319C3109297033B1324228C5
:103980001D2B403D482DFD2F9334FC39CB21B22A0D
:10399000592E4C341D2A3E314D38C2430D317C3AEC
:1039A000A72A0630DC30012A7E301E43D62265323B
:1039B000D246C227A73773228E40362E5F2EDF27CE
:1039C0004C2915330649BD29F54B842FB52DBB3540
:1039D000E83D283E91255131523319359229BC2AB0
:1039E000F948DD4D9638663093455A36E5326D2AF2
:1039F0006758752FE737743FD51B983ECD4133305C
:103A00009236233A7D5B7061EA430742644A632E33
:103A10000724D530A65ED32B9328B235AE1F1435BC
:103A2000B6285D322037B84E3644A11E2835DE3721
:103A30000735274C64373A3DB63D6F4D6E397D31C1
:103A4000BC49081DF33C782DFD1B5C40C139022B9D
:103A5000F24772326033DA44544CDD2A8E41F6313B
:103A6000E0411B35043480447A329A2E5B1D8B274B
:103A7000394627364452B125FB480C304B345B3A6B
:103A8000BE47F91CD8572E268C3D4D44EB44312AB5
:103A9000A5381F5D4E30C1319E31294C6F3EE62264
:103AA00085369E3AC336B72B2D412445E32B5E2342
:103AB00058487E28AE3BFA3CC51DDB368413884C43
:103AC000EC3D6E3AE335273B6C44F02338366A46CA
:103AD000A54FA842B33B1B361432252AAC2FE1393F
:103AE000FD36E9338337CE45293A373D9B35C93C0E
:103AF000EB42225B7442914FB7432F44FD31393B77
:103B0000722417602F25DE31C63F1C27FB469834F0
:103B1000A92A8A222A42F7332D332B44E433E54580
:103B2000083B2B31A235FE453B38AE3B014EF3310D
:103B30009F24F242D73B904FFE27A4450B3A2244E4
:103B4000E42BC2464F349B3C1E391051CD41962F79
:103B50004237953BFE3B2F45C82D8D3C40445334A6
:103B60006B396C4AB943C5337F38503953452F2BD5
:103B70008F33D0317635C837B53CE3319155BB4CE6
:103B80001358E1354B435F4CFC3AC429C72FA63A82
:103B9000AB40A43E6A2A1E33403AF2298F3E4A398E
:103BA000F3393139AE337D2FCF39CB2E3038C7378B
:103BB000C0385B3B0B262E56F12184357F38D92641
:103BC0005A277327B725D0466E320830CA3FF439DA
:103BD00048196B2ADA3C9F350F45523E6A1B643DFB
:103BE0004A21B322E01F5D217230CB2A9F299E24F7
:103BF0003E25ED1F862C41203B2C3C21721FCF27F8
:103C00003F218A30B523FD2B45232726A829102CD8
:103C1000D6239826CE29121CAB24E62B4B247D1AE2
:103C2000BE25DB20CC256631BE327B26992AB53CE9
:103C3000EB274E37671FE726DD252226B6327B228B
:103C4000D4288E3D011F471F212D162C46254224C6
:103C5000C235DF335322662B89311327A33EE93463
:103C6000482FB9341F318B25DF243E299D1D582E46
:103C70007F25AD2DDE277435BB2AFF25DA2B3C2AA4
:103C8000AC232B2A123BE32D73281E26582DF61F3A
:103C900005243B390927FB2C32276F1E81214B3429
:103CA000B62D4823351C8327AC2BF421AA24BE1E35
:103CB0009321941FB72F3E2BCE2BED22C427A0308B
:103CC000AC24362330255321DC29FA1F2825FA2875
:103CD0003F26B035C82C802C90267F31721E0F36BF
:103CE000BA2B6A29001ED8245F2BDF240C2511284B
:103CF0001A235426541FD433E61E8C219F29552A9B
:103D000001256D3962270525992AE62232335D2E79
:103D1000F2380D27F622B63844266C27BD2D5449BB
:103D20007132FB2573282220BD2AD1260527A7281A
:103D3000B325912C412A7C2E3626141EF623582CAE
:103D4000092F4224D525702F9568D9266426A01FF7
:103D50007B30F93388296A2BB82BB32BE329832CCA
:103D6000E336F8355B31C8200138A41C8929352A8F
:103D70004028971A3022AE21C1243A2A2D385421E6
:103D80007C22682E71282831062BD51FF52D9A2EFE
:103D9000B2218921F22AC51C3C22FE263B24B625ED
:103DA00088262D3A782832268A365A254D420D36F5
:103DB000DC234427D9344E23D629572B5F26CF2A1C
:103DC000FE2A211FA532B0214D24B122E02E14235A
:103DD000B72F13243E2F6024F7279326BC275D2698
:103DE000A09EF7EAFB035F7FFA4D0DCC7FEFD11168
:103DF000F2D1E4D5F1457F24D8C2E37D7F1D0BF1DC
:103E0000FA9396DE7F63B2592586E1F8C2C081E657
:103E100094B405FD2324F4EBE4E07FF9F601EECE43
:103E2000D3DFEEDBF7357F14A9818C14241E4954AF
:103E300055EDED37CFE67FE6FA1BB681D4F6A1CF7C
:103E40003BF400EED135F1B47FF1D82DCD7FCDDE3E
:103E50003DE8EB13EFE045DBCB7FCAE237E2DF98CA
:103E6000B6F981D622EF2FA9043081114CBC272846
:103E7000107236147F29FCF1FE041925E793810F97
:103E800058590597F6ED81812B2137828146859718
:103E900022C5D016E9D5F2A6ABE97F731B487F2176
:103EA000B5ABD604F5F90CB32335815924BB2D43AA
:103EB0003559E0BD2D8F81DC26B01E51813F1AC0DF
:103EC0001C3FEADC7FDEC032F1EABEF85085FC7FA1
:103ED000BAF8357FDA07D801FCD50DF67F09046FF3
:103EE000D8EDD2E1107F69CD716BC21A1A00A9C654
:103EF000FB7F50F0E3ED08A5052E811440CE072A84
:103F0000B75705FE886217FEA5B900FED44511FE1D
:103F100009A6E4FDA734F5FDE6FB0FFE7C7A1BFE47
:103F2000D3BFF8FD4A07E3FDE3430CFEF49E14FE05
:103F3000FF0308FE540FE2FD74DEF6FD33621CFE43
:103F4000A5791BFE32F1F9FD37BDF9FDAD84EDFD1C
:103F5000154516FE9A4C07FE69F813FE6E48F3FDF0
:103F600081D703FEBA2704FE35C603FE136BF2FDAC
:103F70008C9207FE7D360EFE401DF8FD67EE07FEB3
:103F8000EB0C0BFEC947EEFDAA4A20FECA7A03FEDF
:103F9000E38218FE4B9B00FE564302FEFA2DFDFD08
:103FA000D2A815FE2BA510FED03304FED55129FE54
:103FB00086FFEBFD5ED113FEF029F1FDC2C5FAFDCF
:103FC00084EADAFDE558FEFD52A3F8FD22C70EFE95
:103FD000291CF3FDCAD815FEBDA0F3FDAD9C19FE4A
:103FE0003E3C25FEEA6AECFDE76B2AFE037702FE03
:103FF00061FF07FE3A13F7FD2C55DBFD25D322FEAA
:1040000088D0FAFDAA5CF6FDA23719FED1FFF4FDB7
:10401000C1C0F4FD324801FEEB8CF6FD5907F7FDF7
:10402000929202FE5D11F3FDBCFB08FEC983E0FD28
:104030003E45E5FDD22513FE256211FE8136F1FDD8
:10404000900AEDFD9B37F0FDD163EFFD775A09FE35
:10405000588BFCFD69F6E5FD25F21CFE5E6016FE40
:10406000F62703FE265BE9FD15E9F1FD571EF2FD7B
:10407000BB9108FE128AEAFD5D9B16FEFCA108FEBC
:104080005F0523FE5D86F3FDA19CEAFD4499F9FDE1
:10409000FB0A18FE9E3AEAFDA5FE16FEC32918FE8D
:1040A0007C3DFCFDB74FFEFD1DB7FAFD3282EBFDF6
:1040B000D87FEDFD56ADEBFD5694E6FD4617EBFDC2
:1040C000354212FE2DD613FE918118FEAA5309FE29
:1040D0006C4501FEC154E3FDF950F3FD4B6D29FE23
:1040E000AE02F7FDF83C0EFE7EC200FEFA011CFE99
:1040F000D85114FE2800F3FDE44EFFFDF4670FFED7
:10410000DE24613CFB47781DD43E872A222BD52133
:104110006336A73C28353722EE2A3A42FF361A2367
:10412000343A6B1F1A70313B8432EB23DA20BA48E1
:10413000D734A336C03DC6322224D5233C21B72133
:10414000E32C3E3235278137E33B1F3D9D2F902BDB
:10415000D0228230CF2B85268C3B6D413D4D2639B8
:10416000022AD63A6D201233A1266035762A2E2BEC
:10417000CE2DDB3B0E2BC321003072214E2F14338A
:104180008C1EA3315528541D51450B27E53C323078
:104190002547CE2F4F28C71FE5323129121F4D402A
:1041A000B33EC8353C2F28255F2A9B50851EC22C64
:1041B0004035B91EC13E5A4BE620E32D8624602FC0
:1041C0001C2D8D3D694B732D7A3FFC292C294334DE
:1041D0006642302FDE2AFC1C831ED729873DD62B52
:1041E00016334B46E3254D383351CC3A5941981F8D
:1041F0005B300325702AF01ABD23453ADA26872C56
:104200006E3B4734035563524D28583BBF320B6118
:10421000B1462624CE236B4D0541FD2ADC4BA44834
:10422000BC607B25BB232E37AC65B257424534407A
:1042300054374F32933D48503059F64FE935CB72E1
:10424000D12F9872444C452D8C13B61E5531DB4C42
:10425000344C0F3D64345E3E54402F4A883564220E
:10426000224A5E4A8643A931C157512C6B2D5129F0
:104270005C2F4D443C51D946D5423E26494B454FD3
:10428000BF57E83D3B4235623640E9303F4CF03C99
:104290006848532C2D4C4D1AC1428233AA41893FA4
:1042A0009B36983056451F39443FCD4DB4524B3E56
:1042B000663F8A518027192C0D162D3B22538C44C2
:1042C000854D7A25C9468B3418376C54A765B523BC
:1042D000C425BC3E842C865C8232EE4CBA41F34647
:1042E0000C34864D6E44125C5833FF2A631B5665AE
:1042F000994E9269CD24C73B615E814BB12EDE4D54
:10430000C2272A218819A328A61F1721CA215625AA
:10431000993BF42CC6214320DF238630F72DF2266B
:104320003024FB223A29B023E734732462239337E5
:10433000E640C61E8829C5265D1A3633111A132297
:10434000C6202E20A12C301A8020B42A5428672998
:104350005F343B2AFC1A9F256735F41B461B1F2937
:104360005220E32618289B1E7C2BBE2E4C2CDD1ED3
:104370002C25091EE431A81ED2240B1E1225ED1C8B
:104380008926F726BA262E1F72246233CD25593688
:10439000842D6D2B132BCC28F12A8B1C1F1E6F191B
:1043A0008224781A542C862C2A1AEA26DB26C21D6F
:1043B0005524BB27DC266427BB1CF41FC01F4A1FE3
:1043C000E420AB25AB28B439581F2D272A3B1020F9
:1043D0006D231128511E19195224CF1DDA1BD01C30
:1043E000201C1831A3206034D11C65208035F32BAC
:1043F0001C2059189324811A22255D314023741CF6
:10440000A41C391A4124C819972B1A3D9B259327C0
:104410007227C11F6B26A32CE62A9A25B324C82233
:10442000432C161D0B22C42F0C25852E8128DF203E
:104430005F22B51CA4278935C42576264228D324BB
:104440002631EE216213AF27D21D5E25832E08246C
:10445000821E871FB0251B1ECD3AA729F525B02047
:104460008821F42C9F270316AB181C1EDC18E43C93
:104470006E28B71A962D8520A322B6231F32142B3F
:10448000A51DC034B82A5927812DA5214430471EC7
:104490009B45A01D4C262B294E29581E562E2330F5
:1044A00022276B29C2200B1F542191197228682ED4
:1044B0006E23F823E125B41F6C30E4315421C62B60
:1044C000A1273029AC30381F6524E2249F1FBF206C
:1044D0002E24D21C5A1CAC403C21032078231421EA
:1044E0005F1F8421A9231D20E52EF9223A1FF31F07
:1044F00053246F326226C3297832B228DE27A227DE
:1045000066A2FDFB781B19FCE94606FCC6EE0DFC15
:10451000C23C12FC18F1E8FB203A14FCF1380FFC05
:104520007DFB09FC0DB51BFC441EE8FB7A1511FC54
:1045300071F616FC9BC01FFC7EBEE7FB3BA0F8FBA0
:1045400040861DFC3AE9F3FBE2DDEDFBBAE8E9FB4E
:104550002D990CFC7E231CFCB67C0CFC2902F0FB84
:104560005EE30BFCE84714FCF7BF0BFCBC0B11FC33
:104570002FEF1AFC7C1B1DFC555105FC5538F8FB30
:10458000F8EC30FC34300FFCD2E6F4FB07AEE9FB6C
:10459000D01EF3FBFDAEF9FB663401FCDFAC0CFC76
:1045A000CF5245FCE5AA12FC5AABFCFB4DDBFBFBF2
:1045B000345701FC7DA4EBFB3BA914FCF2B0E3FBF8
:1045C0002ECCFDFB26242CFC389CF8FB477CFEFB04
:1045D000535C03FCCA7FF7FBEBAC43FCC9BEDBFBBF
:1045E0004B180BFCD3C9E9FBAB7CFDFBFD27F3FBB0
:1045F0000A4715FCCF10FFFB1E52F6FBA86818FCFB
:104600009D33624C1526AE3599342725493CBB2F86
:10461000B22E782F9729553AA637CC2BA837B72C2E
:104620006E4AF623DF4B102BA63C702D63246C31B1
:1046300070320F32342D173ECF2B6939C932AC316D
:10464000B04F11373B2ACA349E3B7F23A723C44473
:104650009630B42B8737904D293E4B32D5558F3944
:10466000AB398B3D5524AA274927B145E72DBE3BE1
:104670004039A1271E29DF36A5284D4ACA2E2328F6
:104680008B15301BD9152623E325111B0A202B245B
:10469000F818430D25272A1F8C20080F161010210B
:1046A000B21E6E168E1F8F248A1BEB1BCB1C551758
:1046B00056172F1D2F1ECC1646153023A912EE1BA0
:1046C000641E971BA31DFF15601E1417D614F31448
:1046D000BC302E4B9422381963172124401F131F1E
:1046E000F20FDD100215FB1AE2172B1D24188C2285
:1046F000F11E7010EC1D1519BB139E1B6C23EB30C3
:104700001E2228197936241C89137A08F949F12ABE
:10471000291C991B3808BF1E9133A229E508E2160F
:104720004908AE2D0C0B0F06C6223C2F8924EB1135
:104730002029E01BD114394C31141407813C4D154C
:10474000714AE0587A47F162C845E43B3D524C5803
:104750002B25E75B834DAB72C1501659893FEE475D
:10476000365AC3307849EE6017214F2F9A27864575
:104770002026B577FC4132500642AD5FAA4E22603A
:10478000C1E5560276BD5302A1F55702FAD8580288
:104790003F5A570223D1550211E159021D0958020F
:1047A000542E5902B3DE5502000000000000000044
:1047B000CA278E347A29FE3D872E8636715E543A9A
:1047C0005E415233000000000000000000000000C5
:1047D0000000803B0000000000000000000000001E
:1047E0007100C33D00000000000000000000000058
:1047F0000000803B000000000000000000000000FE
:1048000000000000000000000000000000000000A8
:104810000000000000000000000000000000000098
:104820000000000000000000000000000000000088
:104830000000000000000000000000000000000078
:104840000000000000000000000000000000000068
:104850000000000000000000000000000000000058
:104860000000000000000000000000000000000048
:104870000000000000000000000000000000000038
:104880000000000000000000000000000000000028
:104890000000000000000000000000000000000018
:1048A0000000000000000000000000000000000008
:1048B00000000000000000000000000000000000F8
:1048C0008000000000000000000000000000000068
:1048D0004B0000000000000000000000000000008D
:0148E0008057
:04000005701800006F
:00000001FF
