dataset_role,filename,category,source_dataset,source_partition,source_id,source_group,source_filename,source_duration_s,sample_rate_hz,event_time_s,window_duration_s,event_offset_s,peak_score,peak_prominence,peak_frame_rms_dbfs,recording_max_frame_rms_dbfs,left_padding_samples,right_padding_samples,source_sha256,derived_sha256,algorithm_version,seed,amplitude_policy
train,glass_breaking__esc50__fold_1__20133__0000__r0.wav,glass_breaking,ESC-50,fold_1,20133,esc-50:20133,1-20133-A-39.wav,5.0,44100,0.157166,1.0,0.200975,2.898649,7.609432,-16.2913,-7.2547,1932,0,db6946133c37fbd4513fe932dbb71e0b077bf7d240beaed339eb6c88e48c903b,5ecc566b468ca3d6c2149ed2e4844384f3656eb1214cef36caabcd8bb53ca6ab,energy-spectral-flux-glass-tail-v2,421,source_amplitude_preserved_no_normalization
train,glass_breaking__esc50__fold_1__84536__0001__r0.wav,glass_breaking,ESC-50,fold_1,84536,esc-50:84536,1-84536-A-39.wav,5.0,44100,0.58619,1.0,0.248617,3.494556,49.165409,-21.4909,-5.1754,0,0,79efba4c0c54acadc88783e83b428fc9c430db94515b25339a6b5598e2ade0c0,fbd746b3383b0457a778cec60c52d201f5e0795f2d868e8317392dcc4efcb2a1,energy-spectral-flux-glass-tail-v2,421,source_amplitude_preserved_no_normalization
train,glass_breaking__esc50__fold_1__84704__0002__r0.wav,glass_breaking,ESC-50,fold_1,84704,esc-50:84704,1-84704-A-39.wav,5.0,44100,0.092313,1.0,0.207029,4.517897,4517896680.032234,-44.9798,-4.4424,5059,0,c3e1abf0273f02b5f89e7d51cb890f3ad1575dc55fe1023650b0860b6f3abd15,aad8ad262c462317dd551b6dda9c36a928b54f65f3b7936987bffb3f90c385ae,energy-spectral-flux-glass-tail-v2,421,source_amplitude_preserved_no_normalization
train,glass_breaking__esc50__fold_1__84705__0003__r0.wav,glass_breaking,ESC-50,fold_1,84705,esc-50:84705,1-84705-A-39.wav,5.0,44100,0.212041,1.0,0.228594,4.48752,4487519953.616809,-24.579,-3.0218,730,0,e8cc52dd91213cd69031e10c0fe15f77230f588ececb13cc7c906c43ece32336,8f7075aaed53815822abb69484290ca6782e2511b72f5d35c96ec7c8de4d5e6e,energy-spectral-flux-glass-tail-v2,421,source_amplitude_preserved_no_normalization
train,glass_breaking__esc50__fold_1__85168__0004__r0.wav,glass_breaking,ESC-50,fold_1,85168,esc-50:85168,1-85168-A-39.wav,5.0,44100,0.705918,1.0,0.226372,2.521642,68.059606,-28.234,-2.1481,0,0,08fcf5a7656cc1c824122aba2a7dd1107130a0f9d6f3e3b73e7d06575b246ed5,affef128b52b9081c890327bf81f4eda49ac029fde93d45e6e97f57bb235606a,energy-spectral-flux-glass-tail-v2,421,source_amplitude_preserved_no_normalization
train,glass_breaking__esc50__fold_1__85184__0005__r0.wav,glass_breaking,ESC-50,fold_1,85184,esc-50:85184,1-85184-A-39.wav,5.0,44100,0.461474,1.0,0.169002,4.829386,4829385757.71369,-25.0006,-4.7389,0,0,aafacfae6a441ba21f4c76a11042726f933272709a099a54a15a905a1d65b837,4caa45351d2b9ba1bfba5c0f77a7f9a4b7e4b43524c03ef9d7386e715df8be9f,energy-spectral-flux-glass-tail-v2,421,source_amplitude_preserved_no_normalization
train,glass_breaking__esc50__fold_1__88807__0006__r0.wav,glass_breaking,ESC-50,fold_1,88807,esc-50:88807,1-88807-A-39.wav,5.0,44100,2.032902,1.0,0.161156,3.5904,161.453528,-49.4231,-15.8772,0,0,e5c368173342c2acba450c7d3116fac74fcec86bc8dc26055c6da7ebc509d191,bb252614d9bd370e212a241fa9f73c5e66ab859bd4628a10ff4e766323e5a806,energy-spectral-flux-glass-tail-v2,421,source_amplitude_preserved_no_normalization
train,glass_breaking__esc50__fold_1__977__0007__r0.wav,glass_breaking,ESC-50,fold_1,977,esc-50:977,1-977-A-39.wav,5.0,44100,0.536304,1.0,0.127755,4.277276,4277276450.902139,-50.9393,-9.1469,0,0,67c88e07db9e2dd7a7551f0c5b99da315ce7df041f83ed57b479d8fda8fbfe27,051e9df6f026d35ce64a288d7f06935dfaa3b22895e84c10b571ad671aacad07,energy-spectral-flux-glass-tail-v2,421,source_amplitude_preserved_no_normalization
train,glass_breaking__esc50__fold_2__106881__0008__r0.wav,glass_breaking,ESC-50,fold_2,106881,esc-50:106881,2-106881-A-39.wav,5.0,44100,0.311814,1.0,0.213991,3.435465,7.363413,-29.7914,-7.1218,0,0,e54a661c1fff8150b7c34d54da1686a18eaeaaf454394b866a251ceb68e3f886,f49a602c714573d4eeb3bf66068df5011c9170e5e851e518c89f9ff842db9fb7,energy-spectral-flux-glass-tail-v2,421,source_amplitude_preserved_no_normalization
train,glass_breaking__esc50__fold_2__112213__0009__r0.wav,glass_breaking,ESC-50,fold_2,112213,esc-50:112213,2-112213-A-39.wav,5.0,44100,2.422018,1.0,0.178934,3.90066,9.112313,-52.2945,-9.4537,0,0,a6b60fb2268d7f0ceda0ff6f798d2d51b4ceb08218b3ac5ca91980a42d9c706b,0a8fc47d9e3ef9fde039637305c7fb6c2b8f4b47ae26308cb10d2fe62152a920,energy-spectral-flux-glass-tail-v2,421,source_amplitude_preserved_no_normalization
train,glass_breaking__esc50__fold_2__112213__0010__r0.wav,glass_breaking,ESC-50,fold_2,112213,esc-50:112213,2-112213-B-39.wav,5.0,44100,2.541746,1.0,0.178934,4.582337,10.656513,-17.8842,-9.5978,0,0,d1d705535a4506b6e7f94c8ebff688bc0aa8bc115b42e8daf13542bec4f90ac7,e0554460a7a42556044cc7ab00b2ce0056b52fd982d96824182849d496195a3c,energy-spectral-flux-glass-tail-v2,421,source_amplitude_preserved_no_normalization
train,glass_breaking__esc50__fold_2__141563__0011__r0.wav,glass_breaking,ESC-50,fold_2,141563,esc-50:141563,2-141563-A-39.wav,5.0,44100,0.192086,1.0,0.154036,4.15641,4156410265.289629,-41.8615,-17.9869,0,0,3ef4dae6a116b3d18a0f9f18d4373f0247debb168b0718eee89c0a30a38890c7,c4c9c21600ee303f6e9254e06ae0bb9159a7a3c68a53f862a412b6196092dffa,energy-spectral-flux-glass-tail-v2,421,source_amplitude_preserved_no_normalization
train,glass_breaking__esc50__fold_2__173559__0012__r0.wav,glass_breaking,ESC-50,fold_2,173559,esc-50:173559,2-173559-A-39.wav,5.0,44100,2.576667,1.0,0.163107,4.106729,17.087748,-40.616,-5.9893,0,0,e60d74d17651551cb82e4fd8a542ceae3f278da1a6b4393fe9e704c786ff4125,4c5b233e112606a90dacb48f96dfe15fdd5c29ed5d886b7982a0378342192bc0,energy-spectral-flux-glass-tail-v2,421,source_amplitude_preserved_no_normalization
train,glass_breaking__esc50__fold_2__173607__0013__r0.wav,glass_breaking,ESC-50,fold_2,173607,esc-50:173607,2-173607-A-39.wav,5.0,44100,0.02746,1.0,0.234082,4.882446,15.972253,-11.1218,-6.0897,9112,0,55cc07864f3f8195e51bbdf10fda1601df6b5ff0d5f486a356d79b60c0beb3d6,59d3d03958673e0edd5d8ed62c996509a498d4172274c9ef01fddc1f7a740326,energy-spectral-flux-glass-tail-v2,421,source_amplitude_preserved_no_normalization
train,glass_breaking__esc50__fold_2__173618__0014__r0.wav,glass_breaking,ESC-50,fold_2,173618,esc-50:173618,2-173618-A-39.wav,5.0,44100,0.022472,1.0,0.180454,4.763889,14.081748,-9.7645,-5.5254,6967,0,9170ecdc0903514ded47782447d6f0828d752ebc9765fa0cb257f869529dd830,df568ea4decda53457e63264639d1672f21f9e748ac2b2f63378f0180b23317c,energy-spectral-flux-glass-tail-v2,421,source_amplitude_preserved_no_normalization
train,glass_breaking__esc50__fold_2__250710__0015__r0.wav,glass_breaking,ESC-50,fold_2,250710,esc-50:250710,2-250710-A-39.wav,5.0,44100,1.030181,1.0,0.219751,3.180908,47.408346,-16.1539,-9.5901,0,0,ca0b7286ded500bd1f1928ef96ad5c35704bec66a790181afeb17ec7d995dbac,9d50ec7ce3d1859cf66715792e0b984627704c02c9d51777ec5ef4db688a40a5,energy-spectral-flux-glass-tail-v2,421,source_amplitude_preserved_no_normalization
train,glass_breaking__esc50__fold_3__203371__0016__r0.wav,glass_breaking,ESC-50,fold_3,203371,esc-50:203371,3-203371-A-39.wav,5.0,44100,0.022472,1.0,0.153039,4.330812,4330811989.118836,-10.4631,-5.5071,5758,0,60a600ff3e1ac00b41c60b0e3979ee8b1b46ebfcbc370523389094e4fbda415b,3fe6f09bfbbd1b4b6c2b2952a52a7be7519f94059052b0175ae07627dbdf9cbf,energy-spectral-flux-glass-tail-v2,421,source_amplitude_preserved_no_normalization
train,glass_breaking__esc50__fold_3__203373__0017__r0.wav,glass_breaking,ESC-50,fold_3,203373,esc-50:203373,3-203373-A-39.wav,5.0,44100,0.261927,1.0,0.210249,4.729964,4729964210.384086,-15.0677,-5.6326,0,0,beb0605537f3fe20e98b54f19f20842d92b7a95f9408dee41e620a8955b33111,481422f4d64387c60a0885dd27048d5731c5c4d6e14493b90a2f75a5499660aa,energy-spectral-flux-glass-tail-v2,421,source_amplitude_preserved_no_normalization
train,glass_breaking__esc50__fold_3__203374__0018__r0.wav,glass_breaking,ESC-50,fold_3,203374,esc-50:203374,3-203374-A-39.wav,5.0,44100,0.466463,1.0,0.219932,4.841546,4841546032.465913,-14.3379,-6.1665,0,0,d2d0b97a0ad01b927a83605cd4e5cc988c4b868e1e01a4fa874563c038e16473,64b81590f5bf26f389f4d0262c1db0d8fdf2a0901c4e9e9ab06a9b02f9f6e597,energy-spectral-flux-glass-tail-v2,421,source_amplitude_preserved_no_normalization
train,glass_breaking__esc50__fold_3__203375__0019__r0.wav,glass_breaking,ESC-50,fold_3,203375,esc-50:203375,3-203375-A-39.wav,5.0,44100,1.045147,1.0,0.123492,3.621853,3621853396.277165,-48.7838,-5.5902,0,0,b6a987feb4855cf91f55498dcc04bee4fd0f8ed06290d451ce37a07fff230feb,520e7fe1eac44d92b33895eb9585fefb6908baedad2079e427f97b1d27a64147,energy-spectral-flux-glass-tail-v2,421,source_amplitude_preserved_no_normalization
train,glass_breaking__esc50__fold_3__203377__0020__r0.wav,glass_breaking,ESC-50,fold_3,203377,esc-50:203377,3-203377-A-39.wav,5.0,44100,0.391633,1.0,0.212426,4.741332,4741331642.945794,-14.7901,-6.5685,0,0,66c6c338f75f509754b454cedae44597f70c97a44f79a3079da0183a63e34562,f319ebcda0d8787a2c58284d95c0f98b9438c07731fff782237ddf2a3bfe988e,energy-spectral-flux-glass-tail-v2,421,source_amplitude_preserved_no_normalization
train,glass_breaking__esc50__fold_3__216280__0021__r0.wav,glass_breaking,ESC-50,fold_3,216280,esc-50:216280,3-216280-A-39.wav,5.0,44100,0.301837,1.0,0.180726,4.784168,4784167646.801951,-26.2,-13.5727,0,0,2ff2076e898eb818ee6ce5edb615126500b72f6c2fb525ea6bd411d73f8ca580,628ee287cc0ded6b33eb12c76452c1a7759061cf75952635d25b0db30f225a5b,energy-spectral-flux-glass-tail-v2,421,source_amplitude_preserved_no_normalization
train,glass_breaking__esc50__fold_3__216281__0022__r0.wav,glass_breaking,ESC-50,fold_3,216281,esc-50:216281,3-216281-A-39.wav,5.0,44100,0.66102,1.0,0.210952,4.830006,4830006226.456016,-53.7299,-8.867,0,0,6f0ae114a872f560946a6a45d474f2b9e0664325ac5b236bc396723ecfbcb5ff,8f375ce537811f3335c745d76910f4137b8e4e4be78a9b037ee7664e9f612786,energy-spectral-flux-glass-tail-v2,421,source_amplitude_preserved_no_normalization
train,glass_breaking__esc50__fold_3__216284__0023__r0.wav,glass_breaking,ESC-50,fold_3,216284,esc-50:216284,3-216284-A-39.wav,5.0,44100,0.740839,1.0,0.150227,4.789628,4789628457.936935,-56.3424,-11.5291,0,0,b494fb47b9afd88715976c1476e6115024b8869681a293ea761fea72a03abf3e,3d0c868d8a899d7910ba8956c5b9b43d8a055bf9e8ad09c1899469b2d8d456b8,energy-spectral-flux-glass-tail-v2,421,source_amplitude_preserved_no_normalization
train,glass_breaking__fsd50k__dev__118198__0069__r0.wav,glass_breaking,FSD50K,dev,118198,freesound:118198,118198.wav,2.66932,44100,0.331769,1.0,0.12576,3.165156,11.018009,-11.849,-9.0652,0,0,a7ef01c64dc5de8649fcd9be712e7549376221d08381ae4d0e7da2c810efc46b,87d45e1fa2d8a92857396e02c7a2a8f9918d3faaf2f83601932967b9262ac3bd,energy-spectral-flux-glass-tail-v2,421,source_amplitude_preserved_no_normalization
train,glass_breaking__fsd50k__dev__124030__0122__r0.wav,glass_breaking,FSD50K,dev,124030,freesound:124030,124030.wav,6.529025,44100,3.464649,1.0,0.145261,3.593296,10.860863,-23.4959,-10.1886,0,0,11e9731f7b9d0c30e48d974f852dc4ebe283bcc90ba6014b9a7a9ebfc98d0bd7,6c844290dca3ce361b4f54c12aaf769c8cc2541c64a7d577ddf0666df6e66765,energy-spectral-flux-glass-tail-v2,421,source_amplitude_preserved_no_normalization
train,glass_breaking__fsd50k__dev__126877__0029__r0.wav,glass_breaking,FSD50K,dev,126877,freesound:126877,126877.wav,2.181383,44100,0.152177,1.0,0.167324,3.927601,9.492255,-7.8287,-7.0311,668,0,6c19d4dd018ffe74d7b1d03a65388e958b0a53e4d337025a0ab911bd93551414,62c832afa8393d6e344068e6b39d1387e0c5c5e96061d17f38e425d24253ccc0,energy-spectral-flux-glass-tail-v2,421,source_amplitude_preserved_no_normalization
train,glass_breaking__fsd50k__dev__126878__0075__r0.wav,glass_breaking,FSD50K,dev,126878,freesound:126878,126878.wav,2.085714,44100,0.172132,1.0,0.157052,4.611083,11.831293,-53.7417,-9.2114,0,0,8f88939e01c71ba4d7d1293f2be478c9a6885a2462f0d83c82faff3ef3a16bbf,c05d6cee1feb69e08b276133c86d17b45fcc267ea5f721c5a315681cc8aa1d21,energy-spectral-flux-glass-tail-v2,421,source_amplitude_preserved_no_normalization
train,glass_breaking__fsd50k__dev__145558__0039__r0.wav,glass_breaking,FSD50K,dev,145558,freesound:145558,145558.wav,1.637211,44100,0.66102,1.0,0.176032,3.639553,5.43227,-11.6934,-8.6802,0,0,341a6dbf50df115191c81e3170bb94ce7a5eff855904a68c4e32b835d7d70742,e681ae2de60792edb3fd73573b90bf41161875469c89c75a604baf2456c8add2,energy-spectral-flux-glass-tail-v2,421,source_amplitude_preserved_no_normalization
train,glass_breaking__fsd50k__dev__145559__0117__r0.wav,glass_breaking,FSD50K,dev,145559,freesound:145559,145559.wav,0.953129,44100,0.236984,1.0,0.239456,2.981545,6.692118,-18.9098,-9.5773,109,1958,00ae7f0859afb16365b5b9b9eb7a998333e2423a918e20e09ee0cec65243cc82,d8d9c63bf9909edde5c97a74486bf9d433224c1f9d65b871aee95c4f55e45dac,energy-spectral-flux-glass-tail-v2,421,source_amplitude_preserved_no_normalization
train,glass_breaking__fsd50k__dev__145562__0083__r0.wav,glass_breaking,FSD50K,dev,145562,freesound:145562,145562.wav,3.63542,44100,1.459206,1.0,0.225306,2.980282,11.178605,-20.9005,-0.6209,0,0,6c1ffa0c1dc9d101fd331b632846c99a6ea6e607fd627cd3c413c7f6b0a96b0d,b3819b24de703c2dc7d14b189e218ae5c697994c45ad7c380c5c173bf6e5fbf2,energy-spectral-flux-glass-tail-v2,421,source_amplitude_preserved_no_normalization
train,glass_breaking__fsd50k__dev__145563__0142__r0.wav,glass_breaking,FSD50K,dev,145563,freesound:145563,145563.wav,3.63542,44100,0.022472,1.0,0.155011,3.254094,9.735583,-6.7701,-6.7701,5845,0,5c0a39c7540542861760e286808c6a9cf5349a171dd3ce2a894a884b8ac6a0f8,f48f57f6fa2012567411273bee998f518cd570ccec18b2683e2d8a839347c97c,energy-spectral-flux-glass-tail-v2,421,source_amplitude_preserved_no_normalization
train,glass_breaking__fsd50k__dev__148073__0041__r0.wav,glass_breaking,FSD50K,dev,148073,freesound:148073,148073.wav,1.588481,44100,0.366689,1.0,0.140612,3.523807,28.915913,-47.0982,-18.241,0,0,13777cb5faebba8cea63c9c5aec24db3d31509bda3a922d9e98fe88c7f4540a9,75fe28da72e296f4d761ce7d16eccc21485a6562fd4b63d52d3b022f80e9d6aa,energy-spectral-flux-glass-tail-v2,421,source_amplitude_preserved_no_normalization
train,glass_breaking__fsd50k__dev__148074__0118__r0.wav,glass_breaking,FSD50K,dev,148074,freesound:148074,148074.wav,1.700295,44100,0.416576,1.0,0.199932,3.834973,35.064718,-35.1143,-8.8106,0,0,b295928e439917947c776052bae2ec5f513c4f5fcd0892aecd80f2efa6cf055b,57d1956b94cd3bf547618b71d27607b9ed442a745345a36becb01de24c608613,energy-spectral-flux-glass-tail-v2,421,source_amplitude_preserved_no_normalization
train,glass_breaking__fsd50k__dev__148075__0143__r0.wav,glass_breaking,FSD50K,dev,148075,freesound:148075,148075.wav,1.702154,44100,0.506372,1.0,0.160748,3.598817,9.443247,-46.8538,-23.3594,0,0,1d56097daa99e09b1684b2b05f59d6dc5dbcefee8e7a27ae32d8081f483fc657,582c978fe8cd4093fba2f5627b80e5c2344b382f0cab2b03c87348ac4bd97891,energy-spectral-flux-glass-tail-v2,421,source_amplitude_preserved_no_normalization
train,glass_breaking__fsd50k__dev__156578__0053__r0.wav,glass_breaking,FSD50K,dev,156578,freesound:156578,156578.wav,1.601678,44100,0.745828,1.0,0.128163,3.668015,10.358645,-34.9615,-6.6435,0,705,dc9a4d58173f633d58d8b2fddb60e85fa1cf7aebf670f4b779ba095dd00b11b9,fc61450aca2681dc9c9d32c66c4e12c04034c6bef9b2011bfaecf7ea37593884,energy-spectral-flux-glass-tail-v2,421,source_amplitude_preserved_no_normalization
train,glass_breaking__fsd50k__dev__158142__0164__r0.wav,glass_breaking,FSD50K,dev,158142,freesound:158142,158142.wav,5.490272,44100,0.182109,1.0,0.206122,3.928962,5.248804,-8.7886,-6.2933,1059,0,6fc35818713c96adbdc4ce3ec0a670d7f4909658fe89d53acbbe4e7ea479c21d,7611fb05dea89196948c4d9cb37f5e45a3833993715cd1397fc2af35a92e333d,energy-spectral-flux-glass-tail-v2,421,source_amplitude_preserved_no_normalization
train,glass_breaking__fsd50k__dev__160759__0101__r0.wav,glass_breaking,FSD50K,dev,160759,freesound:160759,160759.wav,2.414172,44100,1.154898,1.0,0.203333,4.019745,17.244565,-35.1116,-18.613,0,0,edc7a556e2fe74265391de45dd6053733dc668cb1ee2aa2dcbee59a6a67558bf,5c9bfe072d64997a55cf00571b5a34cd619ea71b75bbdbd390723bad5206cd66,energy-spectral-flux-glass-tail-v2,421,source_amplitude_preserved_no_normalization
train,glass_breaking__fsd50k__dev__164329__0028__r0.wav,glass_breaking,FSD50K,dev,164329,freesound:164329,164329.wav,18.885556,44100,7.924512,1.0,0.172789,4.351549,12.718786,-50.6895,-10.9882,0,0,18425eb26dbfda6c6f523d282a5fc43a9f131e4c4e8590b7a6890ff24ad58172,b40c0d6002faba03ba7c25c44b95a17560ee3176e27d8a3a8d451682f88be25d,energy-spectral-flux-glass-tail-v2,421,source_amplitude_preserved_no_normalization
train,glass_breaking__fsd50k__dev__164332__0159__r0.wav,glass_breaking,FSD50K,dev,164332,freesound:164332,164332.wav,21.287959,44100,15.307732,1.0,0.225215,4.766431,11.79473,-28.8893,-11.8706,0,0,fd26b936cac954013a5a7e376b4ad6724bdf1c600d01996dcb67bbd5aa636b19,9a93c63a90d0c96b06e0c0919b3ed1cf7df991de141904c1ebd4d6af741e42d8,energy-spectral-flux-glass-tail-v2,421,source_amplitude_preserved_no_normalization
train,glass_breaking__fsd50k__dev__164539__0110__r0.wav,glass_breaking,FSD50K,dev,164539,freesound:164539,164539.wav,3.787891,44100,1.339478,1.0,0.243469,3.575106,16.411937,-23.6887,-12.331,0,0,032a21457f7d9a6bbbb2fd5b1009314ca3758f7dd05b68df949896b6bdb3ffc0,f08a05098248f1288e8e0170f60cf62f58442835b6ddd58994e2c27f88d3af25,energy-spectral-flux-glass-tail-v2,421,source_amplitude_preserved_no_normalization
train,glass_breaking__fsd50k__dev__164540__0176__r0.wav,glass_breaking,FSD50K,dev,164540,freesound:164540,164540.wav,3.666032,44100,0.890499,1.0,0.210816,4.784975,17.712558,-22.0996,-18.0765,0,0,c6d0e6b99feab9bd0f3de982dbf712097057ff9bf34f618967883cc0551df845,3506b889697477aedf302fe9bb8c5690a5e8bbe999c550154d0815dfdceb21d8,energy-spectral-flux-glass-tail-v2,421,source_amplitude_preserved_no_normalization
train,glass_breaking__fsd50k__dev__164541__0136__r0.wav,glass_breaking,FSD50K,dev,164541,freesound:164541,164541.wav,3.882993,44100,1.434263,1.0,0.242245,4.21626,14.433212,-14.7911,-14.3299,0,0,602dae0b7c8ea1f081028136aa9c54e7e62463d893cc869d23b1020464e2ff0c,c2eb1f0dc51b75a11d0600ef5cae903db41df85acfdae41e2af0c65b051573f9,energy-spectral-flux-glass-tail-v2,421,source_amplitude_preserved_no_normalization
train,glass_breaking__fsd50k__dev__164542__0074__r0.wav,glass_breaking,FSD50K,dev,164542,freesound:164542,164542.wav,3.874694,44100,1.499116,1.0,0.21839,4.712978,17.519827,-18.7411,-15.997,0,0,96f3fa4601ec90eb9030761d2b8a001e1f6101f13199e137a62a0186113743ee,28570280c342b0c1446f3ac33449df120402ac7fd0c9f226d5adc1e7b8876549,energy-spectral-flux-glass-tail-v2,421,source_amplitude_preserved_no_normalization
train,glass_breaking__fsd50k__dev__173576__0066__r0.wav,glass_breaking,FSD50K,dev,173576,freesound:173576,173576.wav,4.850181,44100,0.296848,1.0,0.151542,3.751046,18.264365,-18.6157,-7.4072,0,0,266ab1d1fcb8db411c8d0da52e26b6cf75feb6c9697849bc0fe7e72da5ca30e4,c25abb943291212e93e24c695428bc444c64e82b3243bccd67f0962e1b430b47,energy-spectral-flux-glass-tail-v2,421,source_amplitude_preserved_no_normalization
train,glass_breaking__fsd50k__dev__173581__0105__r0.wav,glass_breaking,FSD50K,dev,173581,freesound:173581,173581.wav,3.520159,44100,0.047415,1.0,0.148367,4.648017,12.672326,-9.4854,-7.1201,4452,0,97f0b2d94e240cc82fd1bf12fb3e2e668c08e2d439c450ee6bc7f337d2c26852,47cc4323b64d255b5b7d32a82439d343369b471fa479eb5b945cdad57dbe9f1c,energy-spectral-flux-glass-tail-v2,421,source_amplitude_preserved_no_normalization
train,glass_breaking__fsd50k__dev__173601__0188__r0.wav,glass_breaking,FSD50K,dev,173601,freesound:173601,173601.wav,3.963197,44100,0.022472,1.0,0.201066,3.860044,10.065523,-5.6014,-5.3729,7876,0,465c57bab4fef539bff44cd081bd7c01fa1f4380acef8c4d1a8533d5bfbd4f76,5a7097197afdfda4156da7edb622a4211f014d63af204133aa4bd594551cb9c5,energy-spectral-flux-glass-tail-v2,421,source_amplitude_preserved_no_normalization
train,glass_breaking__fsd50k__dev__173614__0171__r0.wav,glass_breaking,FSD50K,dev,173614,freesound:173614,173614.wav,4.889116,44100,2.382109,1.0,0.127732,3.378757,5.98347,-24.9873,-5.0189,0,0,38e38f9d17ba65dd869fd2871f3b3788d8f823fd1049084ce5d743847c2984e8,f696c71191670472a2e3774b6580453b250c719a47a0ee92a8dbe237cb8a71c2,energy-spectral-flux-glass-tail-v2,421,source_amplitude_preserved_no_normalization
train,glass_breaking__fsd50k__dev__173621__0131__r0.wav,glass_breaking,FSD50K,dev,173621,freesound:173621,173621.wav,5.390249,44100,0.022472,1.0,0.182449,3.358894,9.479343,-4.3978,-3.2611,7055,0,9e330f1e1e22bee5a8adab26bd356ebc87e1e719abf7800e94b6ff81cc7f9850,8da8435c0d453d846fc98feb843796686c6aab881279a48011bb63c154d3a2cf,energy-spectral-flux-glass-tail-v2,421,source_amplitude_preserved_no_normalization
train,glass_breaking__fsd50k__dev__173622__0154__r0.wav,glass_breaking,FSD50K,dev,173622,freesound:173622,173622.wav,4.976576,44100,0.022472,1.0,0.18068,4.797316,10.787249,-8.7003,-3.1154,6977,0,39f96c9fb5b0e25ca08bb115e7f07b550023d2887835f24f320f15b6e8a91a7b,a664a13ee8069332c8ba3f77fdee3ef39dc9bd5c40e8077bc1fb7828415c2266,energy-spectral-flux-glass-tail-v2,421,source_amplitude_preserved_no_normalization
train,glass_breaking__fsd50k__dev__174747__0031__r0.wav,glass_breaking,FSD50K,dev,174747,freesound:174747,174747.wav,2.445601,44100,0.58619,1.0,0.213175,4.213958,15.133741,-33.3699,-3.8153,0,0,7aa35ed20180ecca13a37780dfa6c56e5c429c8a5456bd47b46cd87d501d7e32,85038a5f3a3b21becdc62c8e8b08d0b232bb1cb78e0a9f3563a712ee0e234aeb,energy-spectral-flux-glass-tail-v2,421,source_amplitude_preserved_no_normalization
train,glass_breaking__fsd50k__dev__174750__0076__r0.wav,glass_breaking,FSD50K,dev,174750,freesound:174750,174750.wav,2.823016,44100,1.803424,1.0,0.166871,3.36548,10.191329,-27.6877,-7.3854,0,0,28f879f41c1d30831ad958784cc21b1b376b65a173be7a894e4e944a44bb9a23,7d1798edbab273cc8cfd317928a290724e6b1f4d10035ad1a9d69478a9772d6a,energy-spectral-flux-glass-tail-v2,421,source_amplitude_preserved_no_normalization
train,glass_breaking__fsd50k__dev__179228__0120__r0.wav,glass_breaking,FSD50K,dev,179228,freesound:179228,179228.wav,8.166145,44100,2.721338,1.0,0.141429,4.386598,44.812021,-14.7661,-13.9587,0,0,49cf00e5f225abf1f3292de50d380530e06cee0610aaac0a2c71c3545f936070,a30974a58ede016f7be6c25dde0e2f9bb81cf9406a27f735f1b96b5968869904,energy-spectral-flux-glass-tail-v2,421,source_amplitude_preserved_no_normalization
train,glass_breaking__fsd50k__dev__179231__0163__r0.wav,glass_breaking,FSD50K,dev,179231,freesound:179231,179231.wav,7.058322,44100,2.496848,1.0,0.211587,3.621913,31.075584,-16.095,-15.4462,0,0,09b3197787e9cc54699167c047e62776c24278c64a29e46a71db9a369064444c,12751b2b22b444a823c71593ace3b7857ca88d57a9d63b20b086fcc45310c18b,energy-spectral-flux-glass-tail-v2,421,source_amplitude_preserved_no_normalization
train,glass_breaking__fsd50k__dev__179234__0145__r0.wav,glass_breaking,FSD50K,dev,179234,freesound:179234,179234.wav,8.352585,44100,2.806145,1.0,0.197914,3.931872,7.872345,-21.1245,-14.1863,0,0,78f2b553497689cd12eb9bc7d16b307aa5111238b46315e4c8c30b3ece23eeba,0da7e772549d0d6c18ec460378c28e2673428394ebf7b7519597bb5173b357f0,energy-spectral-flux-glass-tail-v2,421,source_amplitude_preserved_no_normalization
train,glass_breaking__fsd50k__dev__179235__0087__r0.wav,glass_breaking,FSD50K,dev,179235,freesound:179235,179235.wav,5.471338,44100,2.047868,1.0,0.175079,3.309748,16.178887,-11.469,-11.072,0,0,f26e3931111c58a905ea4aaba33a24a1433e342fb8677fe42c6dc12c29615243,428e57ab3bb77625e99a37bec1396c5f5fe29920f0f5de4642d5e0bab5b88db0,energy-spectral-flux-glass-tail-v2,421,source_amplitude_preserved_no_normalization
train,glass_breaking__fsd50k__dev__179240__0180__r0.wav,glass_breaking,FSD50K,dev,179240,freesound:179240,179240.wav,3.407279,44100,1.74356,1.0,0.138639,3.62127,25.003605,-20.5385,-12.8534,0,0,c736049ce8ee4821f1ed6b4461513b171986bb8a04ecd8a7a02018b9d86ff576,869bf8f2602d45c2bafceffda56bf4f5c18c73b1209bc9cd3309e332b671c9e2,energy-spectral-flux-glass-tail-v2,421,source_amplitude_preserved_no_normalization
train,glass_breaking__fsd50k__dev__179251__0043__r0.wav,glass_breaking,FSD50K,dev,179251,freesound:179251,179251.wav,6.480726,44100,3.659206,1.0,0.180862,3.939184,15.014053,-26.3666,-8.9837,0,0,367ee945f576553554f75a2ee491ad348d866d3815dd6b42104e9265ea5e0bd8,d6dd84b6c9235f76264600b0404f9aa96fe6e06774d3f4734adb2e74b126b5dd,energy-spectral-flux-glass-tail-v2,421,source_amplitude_preserved_no_normalization
train,glass_breaking__fsd50k__dev__194682__0086__r0.wav,glass_breaking,FSD50K,dev,194682,freesound:194682,194682.wav,4.593605,44100,0.680975,1.0,0.242857,7.987632,104.324391,-28.6926,-15.1881,0,0,519339be7cb2bb568af7d27a628ffae194e459fd1fdf35540a5ab429ba14a5be,ab94b9dfedb8e32ff1bd27e2eb5339f40b6dc03f8e6c5b4e44a3f62d726d6333,energy-spectral-flux-glass-tail-v2,421,source_amplitude_preserved_no_normalization
train,glass_breaking__fsd50k__dev__194683__0119__r0.wav,glass_breaking,FSD50K,dev,194683,freesound:194683,194683.wav,5.66712,44100,0.411587,1.0,0.138889,6.16242,98.885677,-12.3432,-10.5879,0,0,4a106219e492cc116b328c025f6669f8071c08bcd0cbc5ffa59683d3f0846d44,acff8545fcb17980814b54e22eae61ea8005c3f82a056fff4568f226c7bd00ce,energy-spectral-flux-glass-tail-v2,421,source_amplitude_preserved_no_normalization
train,glass_breaking__fsd50k__dev__194684__0144__r0.wav,glass_breaking,FSD50K,dev,194684,freesound:194684,194684.wav,5.467415,44100,0.336757,1.0,0.228073,8.767487,109.652171,-12.9431,-10.1572,0,0,7fa083ea187d0a3b53a45c01c19c762d3bc482495a9b7915129c3ee771e1931c,df58d1e0a71becd722aff235d82c3eaceaae833b9be7550c41395c64336a24f2,energy-spectral-flux-glass-tail-v2,421,source_amplitude_preserved_no_normalization
train,glass_breaking__fsd50k__dev__194685__0042__r0.wav,glass_breaking,FSD50K,dev,194685,freesound:194685,194685.wav,4.568639,44100,0.566236,1.0,0.166349,9.224781,60.297497,-13.1333,-6.7953,0,0,ba3b391a41a362223faf0075462b7378d5b9e49d525694b7897a31e97ccdc45a,a8eed545559539b77edfc9564acb2cf8a9485c45162a97599b994d1cd3082f82,energy-spectral-flux-glass-tail-v2,421,source_amplitude_preserved_no_normalization
train,glass_breaking__fsd50k__dev__195624__0030__r0.wav,glass_breaking,FSD50K,dev,195624,freesound:195624,195624.wav,5.543265,44100,0.591179,1.0,0.219705,2.808248,8.102192,-32.7722,-17.9583,0,0,b20e824f81db48f29fce5f5b0a25a69da8c0c3def11fb521ab0e81dcec931e20,1827e8c7b1f6291d55a768757c98783deaadaba19626e08d7753cc0cda7b2320,energy-spectral-flux-glass-tail-v2,421,source_amplitude_preserved_no_normalization
train,glass_breaking__fsd50k__dev__203368__0162__r0.wav,glass_breaking,FSD50K,dev,203368,freesound:203368,203368.wav,0.828662,44100,0.012494,1.0,0.222834,3.194035,6.778893,-14.8431,-11.8625,9276,0,99cc9bd81970e0ea6417cd45c5c4f38c0a1371d7cdbc8b509fb2906ef9896ca6,a96f4c3d216b0f848c219e1536393cd5c4c03dac92f88bca176fbb59145d4f7f,energy-spectral-flux-glass-tail-v2,421,source_amplitude_preserved_no_normalization
train,glass_breaking__fsd50k__dev__203369__0179__r0.wav,glass_breaking,FSD50K,dev,203369,freesound:203369,203369.wav,1.98966,44100,0.047415,1.0,0.185624,4.558479,8.705493,-17.5264,-13.6759,6095,0,14d02de8b6afe230e8a616d041124f9966517f67d67b4d3e2b13c51f64953546,32e271c0e2bb0327eec4bea1f164874e267270434af16541bf8af703d0c20720,energy-spectral-flux-glass-tail-v2,421,source_amplitude_preserved_no_normalization
train,glass_breaking__fsd50k__dev__203370__0114__r0.wav,glass_breaking,FSD50K,dev,203370,freesound:203370,203370.wav,1.240816,44100,0.02746,1.0,0.161678,3.95481,9.026212,-59.8722,-16.382,5919,0,ff96b6e7b3ca847fa439bf50880140e8442a476b2be31711665d7866936c8023,1c16b7aab2634e2824272e5cda0b17359cea24342b8b3073ee4861cc730eed44,energy-spectral-flux-glass-tail-v2,421,source_amplitude_preserved_no_normalization
train,glass_breaking__fsd50k__dev__203372__0140__r0.wav,glass_breaking,FSD50K,dev,203372,freesound:203372,203372.wav,0.819955,44100,0.022472,1.0,0.154308,3.849182,5.231704,-13.1616,-11.1225,5814,2126,4bfc9c83aa67ca9299aa2cc98ccbe0e48a12104705b2834be540392acf573a75,bccfd2ad50bf410f17208d18236fe590bf593897369e46d5f0217faf9809e73c,energy-spectral-flux-glass-tail-v2,421,source_amplitude_preserved_no_normalization
train,glass_breaking__fsd50k__dev__203373__0035__r0.wav,glass_breaking,FSD50K,dev,203373,freesound:203373,203373.wav,0.761905,44100,0.167143,1.0,0.187166,2.936028,5.500377,-18.7834,-10.953,883,9617,22e2a6a31dfce502ffc746abe04d80f7e2e9c009abd0a078219197a669cb3cc7,812bee3de8957fd9734a6ea0d5473fa7483ef1979347d5c2aa445691fada611e,energy-spectral-flux-glass-tail-v2,421,source_amplitude_preserved_no_normalization
train,glass_breaking__fsd50k__dev__203374__0080__r0.wav,glass_breaking,FSD50K,dev,203374,freesound:203374,203374.wav,0.76771,44100,0.052404,1.0,0.182426,2.995446,4.558896,-12.2867,-11.4696,5734,4510,f177d0094bcf79c4fcfc0414b81a7ba96c08758cc14b72e26092e088f593fb3c,f9ead8c90cfa24f0b9f67442318f90e4bab3d0ce28ef9e72015f9c98e5681cb3,energy-spectral-flux-glass-tail-v2,421,source_amplitude_preserved_no_normalization
train,glass_breaking__fsd50k__dev__204116__0189__r0.wav,glass_breaking,FSD50K,dev,204116,freesound:204116,204116.wav,1.311927,44100,0.052404,1.0,0.157302,3.997666,5.126275,-44.3576,-11.5015,4626,0,b599cfce04630de3d9ce4b45dd2305af3e480739c2cfd478d5d22667ea78bcb5,dd1ee956f48f5d56c384e5b079a903726beb35a380e3c7c7af8cabae9afa807a,energy-spectral-flux-glass-tail-v2,421,source_amplitude_preserved_no_normalization
train,glass_breaking__fsd50k__dev__204133__0132__r0.wav,glass_breaking,FSD50K,dev,204133,freesound:204133,204133.wav,1.869206,44100,0.06737,1.0,0.192018,4.92156,9.053652,-18.3602,-12.0338,5497,0,f4042c5c6dacd299ae0169c51580acc458ef75f6fe528ae16138e752d6f8e133,c86059c7ea8a44300a59657fe54e5873819f013a0cfd81b05c439f8b4b1cfe6a,energy-spectral-flux-glass-tail-v2,421,source_amplitude_preserved_no_normalization
train,glass_breaking__fsd50k__dev__204134__0172__r0.wav,glass_breaking,FSD50K,dev,204134,freesound:204134,204134.wav,1.869206,44100,0.06737,1.0,0.136349,4.957558,9.460342,-25.3181,-18.9917,3042,0,0d88781f4eb1182a7b6fc5f5112f1026c07a91b92338bc2da006b0e0779342b1,d00c59342850e91b01d9084ff95f3a5dafb9cd603197d3a2d8ed3172afac6c68,energy-spectral-flux-glass-tail-v2,421,source_amplitude_preserved_no_normalization
train,glass_breaking__fsd50k__dev__204144__0106__r0.wav,glass_breaking,FSD50K,dev,204144,freesound:204144,204144.wav,1.091338,44100,0.022472,1.0,0.199365,4.070065,6.409491,-25.6616,-18.9059,7801,0,b422d6f96bd7a6e13de17b1ca03d22a30b752b700d7e80d932f1a1a547cac5ce,dc421b72cbde90ebd1ce97aaf030a6822cc265f9a599c6ffb58d3a61019156de,energy-spectral-flux-glass-tail-v2,421,source_amplitude_preserved_no_normalization
train,glass_breaking__fsd50k__dev__204694__0070__r0.wav,glass_breaking,FSD50K,dev,204694,freesound:204694,204694.wav,0.441179,44100,0.182109,1.0,0.192971,1.094517,9.911857,-32.957,-19.5831,479,24165,555519dc079271e8a1f7c88c583bb84caaab5ea178610ff948b1f653afa7950c,ab6642ab1669dd6efe67441caab85c0e8b75b512c38205d5e097f7953282a839,energy-spectral-flux-glass-tail-v2,421,source_amplitude_preserved_no_normalization
train,glass_breaking__fsd50k__dev__204698__0155__r0.wav,glass_breaking,FSD50K,dev,204698,freesound:204698,204698.wav,0.338866,44100,0.012494,1.0,0.235896,0.855418,2.412264,-12.8834,-12.7309,9852,19304,4b6d616480fafbee8f3628d54a1a4c688b7b38c59815669b1a71ebd541548e18,a567e3c2ff8b9892c8efa66cda2e5dd6d583113e5ef85e5c031f520ce08246a0,energy-spectral-flux-glass-tail-v2,421,source_amplitude_preserved_no_normalization
train,glass_breaking__fsd50k__dev__213158__0126__r0.wav,glass_breaking,FSD50K,dev,213158,freesound:213158,213158.wav,1.623764,44100,1.03517,1.0,0.213832,2.813936,5.110405,-36.8677,-5.4417,0,8713,cddd9ec17aa2c827b24990c96cfce4a7f73b749ec44ebfbf84f5de43d2e249bf,0c782558bf2630f162f0bb35a0e2cfe6304cddf2594c06a774050ceac1b8762c,energy-spectral-flux-glass-tail-v2,421,source_amplitude_preserved_no_normalization
train,glass_breaking__fsd50k__dev__213160__0184__r0.wav,glass_breaking,FSD50K,dev,213160,freesound:213160,213160.wav,1.525556,44100,0.147188,1.0,0.147732,4.062574,8.202266,-30.8872,-7.8497,24,0,81cb0a86f22bfca79a5b9f6085b8189961377861665657db5b01a3f2523cb635,ac9a1fb87214d30081b49246b164a08c85940c3933389152d8be6f7d68c19ec6,energy-spectral-flux-glass-tail-v2,421,source_amplitude_preserved_no_normalization
train,glass_breaking__fsd50k__dev__213161__0093__r0.wav,glass_breaking,FSD50K,dev,213161,freesound:213161,213161.wav,2.750317,44100,1.389365,1.0,0.133628,3.318261,7.084789,-11.3387,-6.8191,0,0,992e3d23812f65c3e051566bd9297d36595256f5073aba2eb1ac37bf1bcd0832,9873db1259b2fab25e92f5de85bf5549cb0ee1b94cbaf1c96ce78cc8a389a4dc,energy-spectral-flux-glass-tail-v2,421,source_amplitude_preserved_no_normalization
train,glass_breaking__fsd50k__dev__213162__0051__r0.wav,glass_breaking,FSD50K,dev,213162,freesound:213162,213162.wav,1.651678,44100,0.022472,1.0,0.170726,4.18731,8.59576,-37.1255,-7.2409,6538,0,16feccd6a84b6fe05ebbcb3f3f2f990ca11073022b136ef0a7e028195b743b82,0a6e3b382fc96e543f54ff6bfc881ad63760a48a718f7f8c23fe225eaa9699ff,energy-spectral-flux-glass-tail-v2,421,source_amplitude_preserved_no_normalization
train,glass_breaking__fsd50k__dev__213163__0149__r0.wav,glass_breaking,FSD50K,dev,213163,freesound:213163,213163.wav,1.450703,44100,0.057392,1.0,0.183537,4.196608,6.413595,-19.663,-7.0401,5563,0,fd32865b1623004cce6d7c0033730117c93cf91c963313971382e6bec5b9ac9a,bff480fcb08421a75a44a4a919eb73edcefb17dcdb26b8fe09989d1351cb995b,energy-spectral-flux-glass-tail-v2,421,source_amplitude_preserved_no_normalization
train,glass_breaking__fsd50k__dev__213166__0167__r0.wav,glass_breaking,FSD50K,dev,213166,freesound:213166,213166.wav,0.6239,44100,0.012494,1.0,0.208413,3.242985,4.487938,-14.4369,-9.1579,8640,7946,b8b2303c93c9ec2e2b2e078869970c415106349ec12c01ff332fafa965bb568d,fef61969ed06ff78247baf082099e9cb44c8b9e534151fd5f5253770f663613c,energy-spectral-flux-glass-tail-v2,421,source_amplitude_preserved_no_normalization
train,glass_breaking__fsd50k__dev__214336__0046__r0.wav,glass_breaking,FSD50K,dev,214336,freesound:214336,214336.wav,2.519093,44100,0.346735,1.0,0.177959,4.170532,57.087562,-21.2066,-13.9985,0,0,f67c46af8f8a3d13b2f9bc603fc2633c4aae03988b67292505db57a3d6421113,17561fa1fd3f28567739667fb2bec13a06fa46eea10c5e682192629a69c0e040,energy-spectral-flux-glass-tail-v2,421,source_amplitude_preserved_no_normalization
train,glass_breaking__fsd50k__dev__216280__0128__r0.wav,glass_breaking,FSD50K,dev,216280,freesound:216280,216280.wav,1.999592,44100,0.301837,1.0,0.206848,3.220439,3220438752.517104,-31.433,-18.2188,0,0,e844f1549e558daafbfb0a4993b11a1a293dc25d89cfa9b1bd937ec7d89c193f,2e82582bb3dbf0726ba231e1babc79b32817760ed89117037d65c1e82af6e67d,energy-spectral-flux-glass-tail-v2,421,source_amplitude_preserved_no_normalization
train,glass_breaking__fsd50k__dev__216281__0168__r0.wav,glass_breaking,FSD50K,dev,216281,freesound:216281,216281.wav,2.999592,44100,0.66102,1.0,0.170023,4.513433,4513433491.724581,-59.3267,-14.4816,0,0,37b480bfc5c11ad3073a430e1f070233aa851e2334612e21942ff75ff6b90c80,2d2f36f1e84f18483226030997c24ff431d38859351d90ee2b1293b1b0ba8740,energy-spectral-flux-glass-tail-v2,421,source_amplitude_preserved_no_normalization
train,glass_breaking__fsd50k__dev__216288__0185__r0.wav,glass_breaking,FSD50K,dev,216288,freesound:216288,216288.wav,2.999592,44100,0.411587,1.0,0.129637,4.613778,4613778067.0825,-53.806,-23.1666,0,0,2c98a5ca30cd21bbf618e92ae44eae860da441188b3aa02d0761457f8efc76cd,072f9bd7f5acc5168aab044a5d2f7d0fa422b215f4f043c2caf9b7ab5f478540,energy-spectral-flux-glass-tail-v2,421,source_amplitude_preserved_no_normalization
train,glass_breaking__fsd50k__dev__216294__0058__r0.wav,glass_breaking,FSD50K,dev,216294,freesound:216294,216294.wav,2.999592,44100,0.690952,1.0,0.245397,4.313108,4313107963.889675,-50.165,-21.5591,0,0,28a3b2f1cf245af397b3d5a7e5371323f1e5597c04f576a45bfd3c835c4246a7,8fa81f48e411ebe75d317a91eca739609d03d5fc6c9f00563367d19b25d5ea84,energy-spectral-flux-glass-tail-v2,421,source_amplitude_preserved_no_normalization
train,glass_breaking__fsd50k__dev__216296__0151__r0.wav,glass_breaking,FSD50K,dev,216296,freesound:216296,216296.wav,2.999592,44100,0.421565,1.0,0.161565,4.487334,4487333675.135098,-49.4671,-22.7832,0,0,797b79c04f33e3f3e139534e9846590f81c081a82ca918656feaaa71d7559dfc,5d6255eec9ad0e8073e33703783a2237147c5184b24dae806ba82b6f0a70bfa9,energy-spectral-flux-glass-tail-v2,421,source_amplitude_preserved_no_normalization
train,glass_breaking__fsd50k__dev__216299__0099__r0.wav,glass_breaking,FSD50K,dev,216299,freesound:216299,216299.wav,2.999592,44100,0.740839,1.0,0.165669,4.528008,4528008456.220248,-52.3193,-24.3203,0,0,26bfb3aa0dae7927b62e21e47dc2bd7909a8c139a3ac86624e155b06f06a7e84,3ba21f4a64935465fbcb278c172d784ae093222155a881c10531e7557bdcbc9a,energy-spectral-flux-glass-tail-v2,421,source_amplitude_preserved_no_normalization
train,glass_breaking__fsd50k__dev__216748__0068__r0.wav,glass_breaking,FSD50K,dev,216748,freesound:216748,216748.wav,7.358231,44100,2.536757,1.0,0.238753,4.032268,7.212444,-16.7716,-8.2406,0,0,62414e0a72178b0e6ae0d45a0f35d3e29372337fd5b8e928001daa04008be655,b989fd86b1b1a1a25f075aaf55f477eb67913a534991b9716d0cae9b655571a0,energy-spectral-flux-glass-tail-v2,421,source_amplitude_preserved_no_normalization
train,glass_breaking__fsd50k__dev__219837__0121__r0.wav,glass_breaking,FSD50K,dev,219837,freesound:219837,219837.wav,2.807143,44100,0.680975,1.0,0.166735,2.560094,8.723463,-44.4741,-10.6722,0,0,fe12ff421ad9fa41812f93a383151ffea1022c87b3abb18d3ff1f31788d27809,0326dc47bf169fa1291334b05f5be36d239a11a72c45781194308c3b399be273,energy-spectral-flux-glass-tail-v2,421,source_amplitude_preserved_no_normalization
train,glass_breaking__fsd50k__dev__219842__0146__r0.wav,glass_breaking,FSD50K,dev,219842,freesound:219842,219842.wav,2.380544,44100,0.1422,1.0,0.138503,3.565252,13.804681,-19.4927,-13.3046,0,0,905249a057bfeb012613b90b45b58389b86f9b3897f0c9245f5a373eb52f6b48,7d41a2dbce0191bacc6083ab2e6e399f0dfb3597cb3aea8f0391ff75818ce614,energy-spectral-flux-glass-tail-v2,421,source_amplitude_preserved_no_normalization
train,glass_breaking__fsd50k__dev__219843__0045__r0.wav,glass_breaking,FSD50K,dev,219843,freesound:219843,219843.wav,3.235351,44100,0.501383,1.0,0.238073,3.273481,11.876559,-21.0502,-10.0516,0,0,39591d7c3990ba5cf21ddec75ca95b81bdd974b41d8b71f4d72ade9e6079d80f,a1fd0669350349b3ff1681c8b152b09a84aec9f6f773164a39d6a816505f6f57,energy-spectral-flux-glass-tail-v2,421,source_amplitude_preserved_no_normalization
train,glass_breaking__fsd50k__dev__219845__0088__r0.wav,glass_breaking,FSD50K,dev,219845,freesound:219845,219845.wav,2.369456,44100,1.439252,1.0,0.170385,2.801688,6.074464,-55.8779,-13.9259,0,0,fb142f506e7767c314bcf4c001ccede34870e89ec138d5bbfd13bed3cacc380a,7d50f0aa4596bc196b3d959585a92a33608c2054570bb49f321ed34b36d96bd6,energy-spectral-flux-glass-tail-v2,421,source_amplitude_preserved_no_normalization
train,glass_breaking__fsd50k__dev__219940__0181__r0.wav,glass_breaking,FSD50K,dev,219940,freesound:219940,219940.wav,1.839592,44100,0.072358,1.0,0.173469,3.773499,7.336372,-12.6351,-10.0169,4459,0,f542e65d863dd9f26ea4d214bda44b4a4c38199e00499a9d173faab9efd88cec,1f1d8611f458e04a79082f4da01ae177b7169acc939f80ab75f1cd2b3aa83b1b,energy-spectral-flux-glass-tail-v2,421,source_amplitude_preserved_no_normalization
train,glass_breaking__fsd50k__dev__221528__0032__r0.wav,glass_breaking,FSD50K,dev,221528,freesound:221528,221528.wav,1.905102,44100,0.336757,1.0,0.152358,5.957138,58.051438,-13.0925,-10.6807,0,0,f817df24d9fa3211c88c69851adfea0ebd956693da31449abbe9b99a0af64c69,7491853a228acd57de7f340a6ac50b85002fe675ce3fc48c92807e6bab74bbc9,energy-spectral-flux-glass-tail-v2,421,source_amplitude_preserved_no_normalization
train,glass_breaking__fsd50k__dev__221531__0077__r0.wav,glass_breaking,FSD50K,dev,221531,freesound:221531,221531.wav,1.268005,44100,0.187098,1.0,0.124422,3.722052,18.325876,-18.1226,-15.3332,0,0,4b608566017f89049351085f75f1bfa21eb3f18381a1755e08903a8c6a4f824f,b1cfe5e3d150de4d78affa027586e6b3a8278587a2de109473e112b02739cb3e,energy-spectral-flux-glass-tail-v2,421,source_amplitude_preserved_no_normalization
train,glass_breaking__fsd50k__dev__221532__0111__r0.wav,glass_breaking,FSD50K,dev,221532,freesound:221532,221532.wav,1.085737,44100,0.087324,1.0,0.19322,4.271868,14.873644,-58.7788,-15.7191,4670,0,9eb3f2ebb6eb9f9f4b03e2a62a6572a1cf0847e2bfb5a91d7380e588f5c101ae,4acc9f08edfaa539195832240aaac5fe986398bd5502003dadc647bbd141ca47,energy-spectral-flux-glass-tail-v2,421,source_amplitude_preserved_no_normalization
train,glass_breaking__fsd50k__dev__221533__0137__r0.wav,glass_breaking,FSD50K,dev,221533,freesound:221533,221533.wav,1.626372,44100,0.725873,1.0,0.20839,3.681778,7.265086,-36.6341,-23.1836,0,0,b437062473526c47748d23644545ad448af0873727a49b06d7dd01ef6dd8c4e4,40df0ae5dfdd43ab64d9d78af09edc8b33adbc8d196b467cafb849b8f2dccdc0,energy-spectral-flux-glass-tail-v2,421,source_amplitude_preserved_no_normalization
train,glass_breaking__fsd50k__dev__233605__0125__r0.wav,glass_breaking,FSD50K,dev,233605,freesound:233605,233605.wav,1.0,44100,0.441519,1.0,0.185941,2.854672,23.920652,-14.4267,-8.7862,0,11271,373b88abf56f0a21069d2b0a1f7ce74c2f3c437796f9d90bb245ed8a896995d9,1f73af56e32aee1d1d1333114a150ae05c1b03f84183b080e02a463a72f0c78e,energy-spectral-flux-glass-tail-v2,421,source_amplitude_preserved_no_normalization
train,glass_breaking__fsd50k__dev__233606__0050__r0.wav,glass_breaking,FSD50K,dev,233606,freesound:233606,233606.wav,2.0,44100,0.436531,1.0,0.24932,5.446801,37.795149,-17.0125,-7.8335,0,0,ad919cef2c13f2fe80f319a4f899bda4341a5687218d86c72b7c069f5f5669a9,f36e6095895daef06c6de2a7c2b45b57459f7946c331e6decc6abba2ae371f00,energy-spectral-flux-glass-tail-v2,421,source_amplitude_preserved_no_normalization
train,glass_breaking__fsd50k__dev__233607__0092__r0.wav,glass_breaking,FSD50K,dev,233607,freesound:233607,233607.wav,1.0,44100,0.147188,1.0,0.164059,2.456871,11.525934,-13.4289,-7.6638,744,0,923385d5aa7d0fa019250cb1038986647ef600aa4d3961f85219783c98a51e60,0d08bcd67bde9e3c8239fa1048ac510fba3e98fcbce319a58efea2440396caaa,energy-spectral-flux-glass-tail-v2,421,source_amplitude_preserved_no_normalization
train,glass_breaking__fsd50k__dev__245167__0054__r0.wav,glass_breaking,FSD50K,dev,245167,freesound:245167,245167.wav,2.260567,44100,0.336757,1.0,0.160748,5.022927,11.561252,-20.6389,-16.5954,0,0,266bf54ce5ffe509bc3942af464339a7980c3e783d9c2005c8c07a1ba35f0770,474ef87497d0048b6127376b4df86c5a4ded02395a3a269ab569ed98c58d8844,energy-spectral-flux-glass-tail-v2,421,source_amplitude_preserved_no_normalization
train,glass_breaking__fsd50k__dev__246273__0095__r0.wav,glass_breaking,FSD50K,dev,246273,freesound:246273,246273.wav,25.225215,44100,3.838798,1.0,0.146848,3.670929,10.484905,-19.8155,-18.9484,0,0,a40682ea0591cb0655351276468dfef3dfb5cb05116422886015afc5309f81a0,9fa822a462c77ce09fed96a21abe6e67630e9cc92c7e2f38cc9a2ba28e21ef0a,energy-spectral-flux-glass-tail-v2,421,source_amplitude_preserved_no_normalization
train,glass_breaking__fsd50k__dev__250709__0052__r0.wav,glass_breaking,FSD50K,dev,250709,freesound:250709,250709.wav,2.149546,44100,0.371678,1.0,0.15034,3.895205,7.868654,-26.85,-17.1217,0,0,c2db8bfdc93d4fa23677ea37af814a26c4ce3a7c9a7569990774e650358780d0,5cae326eec6468d3271157ed781e7744f0de73c7a0e480bf660e58e85b493857,energy-spectral-flux-glass-tail-v2,421,source_amplitude_preserved_no_normalization
train,glass_breaking__fsd50k__dev__250710__0094__r0.wav,glass_breaking,FSD50K,dev,250710,freesound:250710,250710.wav,3.174127,44100,0.750816,1.0,0.160476,4.2579,8.348623,-56.8082,-14.4689,0,0,2bda463afd8690f0a133eb0d9807c41ae94a00c3e950724ec7d0c8ceaf2e3389,f2791daf08c7e57c3be22d56e0bd66d55ae9e48ffd1b2022417df9de29e65195,energy-spectral-flux-glass-tail-v2,421,source_amplitude_preserved_no_normalization
train,glass_breaking__fsd50k__dev__254721__0186__r0.wav,glass_breaking,FSD50K,dev,254721,freesound:254721,254721.wav,3.10102,44100,1.66873,1.0,0.180408,4.454986,6.63826,-40.519,-14.6101,0,0,d8ceea6e40767073b26fd6caf2ec0ec8f5e0aac2a7bb488a230709054517820f,99600d601c7f98c04a2fcf8ddde6453eabd0a8364a4458400e8b21e00e9b248d,energy-spectral-flux-glass-tail-v2,421,source_amplitude_preserved_no_normalization
train,glass_breaking__fsd50k__dev__254993__0129__r0.wav,glass_breaking,FSD50K,dev,254993,freesound:254993,254993.wav,10.053016,44100,7.510454,1.0,0.155057,4.577932,8.660553,-30.5604,-18.0335,0,0,80c35078e07814f53786167bb2185c9899cb80b8738e9cbe0a8e9d40fe8e47ef,a785acbb9c0e5d7a5d6ec27ac6482bc9bc3cab0292e86abb42a6c66813da92c5,energy-spectral-flux-glass-tail-v2,421,source_amplitude_preserved_no_normalization
train,glass_breaking__fsd50k__dev__255114__0059__r0.wav,glass_breaking,FSD50K,dev,255114,freesound:255114,255114.wav,3.249002,44100,0.192086,1.0,0.227574,5.124534,6.483389,-45.3566,-10.0983,1565,0,f01bc033c28a9bb85c9d0425cbe9e23f43500527b8ce06459b8754c8f97510ec,f04d5c599937bbd7d805c231350e4f20e736d7837fa0cd2dcd17ba263661675e,energy-spectral-flux-glass-tail-v2,421,source_amplitude_preserved_no_normalization
train,glass_breaking__fsd50k__dev__256993__0152__r0.wav,glass_breaking,FSD50K,dev,256993,freesound:256993,256993.wav,1.62102,44100,0.396621,1.0,0.158957,4.969802,8.710541,-16.3783,-13.004,0,0,ed8be5818dc5b689e158ed7cbdabba4b0db06c1bedb2d97f49596659b580b9cb,b1579d1a29152700dfdcb858295d72340dfaa99867f6d7c42bbe7c100b7ea1f8,energy-spectral-flux-glass-tail-v2,421,source_amplitude_preserved_no_normalization
train,glass_breaking__fsd50k__dev__257496__0169__r0.wav,glass_breaking,FSD50K,dev,257496,freesound:257496,257496.wav,3.04102,44100,0.910454,1.0,0.21551,5.693978,8.83998,-14.8105,-13.0528,0,0,4dee1dc58ea174e156e9e3252a1dc52fb6513e6dec5abf689819090061c0dcfa,9e01ace5b032589b3a55d36c5a5b8a40eb5a3f6682574f9ae4ab8ba61a871c40,energy-spectral-flux-glass-tail-v2,421,source_amplitude_preserved_no_normalization
train,glass_breaking__fsd50k__dev__257791__0100__r0.wav,glass_breaking,FSD50K,dev,257791,freesound:257791,257791.wav,5.473016,44100,3.724059,1.0,0.122812,8.064449,15.864358,-16.1507,-14.905,0,0,24978100f473f7ae94993bac5993b324b2b1b0487b4b7aa192bac9fd696a22a4,f197128541858cb3234b1cdbb613743e39789d0d0803eab826077222a9c20823,energy-spectral-flux-glass-tail-v2,421,source_amplitude_preserved_no_normalization
train,glass_breaking__fsd50k__dev__270515__0175__r0.wav,glass_breaking,FSD50K,dev,270515,freesound:270515,270515.wav,4.887188,44100,0.566236,1.0,0.178503,3.421938,8.462598,-28.8515,-3.7312,0,0,658c4978ca971ad1bf7d844abeeafeed8457a5cc686d3dd7ee8426e80df8c429,55697dbf2a6c124d617b94c0f0c3f97a5a2b2822b5bfb4a67eb5812741c62ead,energy-spectral-flux-glass-tail-v2,421,source_amplitude_preserved_no_normalization
train,glass_breaking__fsd50k__dev__270518__0135__r0.wav,glass_breaking,FSD50K,dev,270518,freesound:270518,270518.wav,14.235079,44100,1.439252,1.0,0.233492,5.129905,24.794707,-10.7792,-6.0338,0,0,1c35afba3cbcf5d818633fb776bd98ae87cc7438dc7b75811bc3ac325c00cae4,c41ba71ab6313eb02f2e20fd22a9c280eb4cbfcda926fdfce01b0867d1e8ab8d,energy-spectral-flux-glass-tail-v2,421,source_amplitude_preserved_no_normalization
train,glass_breaking__fsd50k__dev__270816__0109__r0.wav,glass_breaking,FSD50K,dev,270816,freesound:270816,270816.wav,7.12034,44100,4.5422,1.0,0.231859,5.162483,49.028824,-18.1669,-15.7052,0,0,3369b5e207f7726f9fb4dcbcb60e652e0e6743b3ad9ff4278b1dec32ed6d19a4,c8804ea99ea6aac96d771cd0af8f355e291ed275b9d622c3b4dda04a2ef7c858,energy-spectral-flux-glass-tail-v2,421,source_amplitude_preserved_no_normalization
train,glass_breaking__fsd50k__dev__278152__0061__r0.wav,glass_breaking,FSD50K,dev,278152,freesound:278152,278152.wav,3.637166,44100,0.082336,1.0,0.201088,2.199102,3.714632,-15.0383,-11.5446,5237,0,c3f5951f72e765f12529f235a9047a7325fba62a6dd8abf7b02cb7bd8cd90980,403f98e338072ae632741bc3ef6159e42b4f1224ff23b0d488ceb909db1b50ad,energy-spectral-flux-glass-tail-v2,421,source_amplitude_preserved_no_normalization
train,glass_breaking__fsd50k__dev__30368__0037__r0.wav,glass_breaking,FSD50K,dev,30368,freesound:30368,30368.wav,10.004898,44100,1.698662,1.0,0.195238,8.075,16.015865,-29.1623,-26.4273,0,0,07bdfe73fb065db6e854818c92a7fea81cf974ff9ff94283f2c696267bef0e39,fcd39a5f3b55c30baa3afc859c2d1ead1238b623394e6c1f254b5b7c28c999ba,energy-spectral-flux-glass-tail-v2,421,source_amplitude_preserved_no_normalization
train,glass_breaking__fsd50k__dev__321139__0044__r0.wav,glass_breaking,FSD50K,dev,321139,freesound:321139,321139.wav,3.335601,44100,0.122245,1.0,0.214853,3.186465,19.507673,-45.4014,-9.7032,4084,0,b900bc1f0df6d0290d23ced4ca51638404b8ac122e915541197a156ebd76d2f6,0d2c4f65e5c02670827d036988f05a0666465aa56dab125485c5051167da2c0b,energy-spectral-flux-glass-tail-v2,421,source_amplitude_preserved_no_normalization
train,glass_breaking__fsd50k__dev__322602__0116__r0.wav,glass_breaking,FSD50K,dev,322602,freesound:322602,322602.wav,1.464036,44100,0.730862,1.0,0.127438,3.615214,12.635314,-60.2886,-16.7552,0,6147,1df16d652399f0d4b760bb6dea575fec1c218c6b18303fd71cadd0bcc1585777,1524fea0f78be4ea59d80ba189adb5ae9d938385fa10d554d275f79452987542,energy-spectral-flux-glass-tail-v2,421,source_amplitude_preserved_no_normalization
train,glass_breaking__fsd50k__dev__322603__0038__r0.wav,glass_breaking,FSD50K,dev,322603,freesound:322603,322603.wav,1.772925,44100,0.092313,1.0,0.151361,4.61612,10.639153,-35.6326,-0.3061,2604,0,d1b3c939eac266e7534ba3d010ac72ff559382f6493d5e1d9e5b2868a816b491,9c5da1fe743110ca483680fe36903cb9fb6d982bc68e9e0971d153c3da0ddd75,energy-spectral-flux-glass-tail-v2,421,source_amplitude_preserved_no_normalization
train,glass_breaking__fsd50k__dev__323077__0062__r0.wav,glass_breaking,FSD50K,dev,323077,freesound:323077,323077.wav,0.766213,44100,0.012494,1.0,0.208549,6.949688,4.864376,-14.6689,-8.4147,8646,1664,960c88327112e71e976804d5196a57650c4c501def50dfe330cb080248635e28,982ddb49b04f2d258d91d208e43277f22798f836425ea27714b0c9e400b63a92,energy-spectral-flux-glass-tail-v2,421,source_amplitude_preserved_no_normalization
train,glass_breaking__fsd50k__dev__324645__0027__r0.wav,glass_breaking,FSD50K,dev,324645,freesound:324645,324645.wav,10.626417,44100,2.93585,1.0,0.206871,3.385184,10.583497,-29.2082,-9.1833,0,0,75ec52f09fb585e4ac62581b6934b49c07246f50c42d8a195ceeee6af17ea6de,ed193668343199fc8f32adfe38e65ea62d88620b4ce6866943abf9052d62a05f,energy-spectral-flux-glass-tail-v2,421,source_amplitude_preserved_no_normalization
train,glass_breaking__fsd50k__dev__344265__0048__r0.wav,glass_breaking,FSD50K,dev,344265,freesound:344265,344265.wav,1.753107,44100,0.945374,1.0,0.144467,4.645334,15.46662,-9.8582,-3.3904,0,2108,679137f8e19a0420073f30c1da8740914e4e6ea5b423df8a925c6d621d6e94cb,fb3541777548ad50d3489e6ec1e7177973a1a0bc88b3d30f31fa25fd475ecd54,energy-spectral-flux-glass-tail-v2,421,source_amplitude_preserved_no_normalization
train,glass_breaking__fsd50k__dev__344266__0182__r0.wav,glass_breaking,FSD50K,dev,344266,freesound:344266,344266.wav,2.78644,44100,1.03517,1.0,0.123379,3.712496,14.094268,-14.2604,-3.3679,0,0,777c8aa0c25ac68a66e76619f506c9cbbc582c43fac854df15eaccfa12487ee3,fb8ff2afcb6ca3c5f6672ba0fc65809a5a6375e7b2ab0bc51ec6fbd1e651119b,energy-spectral-flux-glass-tail-v2,421,source_amplitude_preserved_no_normalization
train,glass_breaking__fsd50k__dev__344267__0147__r0.wav,glass_breaking,FSD50K,dev,344267,freesound:344267,344267.wav,2.308322,44100,0.416576,1.0,0.130136,4.727644,46.841544,-8.053,-3.6905,0,0,3b6befc5aaba83d2de4f328ff234bbdeb2bd5fb19a9827559cd42b264ea9e1be,6fc009d06503167121e66fb1d77877090520f0884c4303f9f6e9e953ccca28d9,energy-spectral-flux-glass-tail-v2,421,source_amplitude_preserved_no_normalization
train,glass_breaking__fsd50k__dev__344268__0123__r0.wav,glass_breaking,FSD50K,dev,344268,freesound:344268,344268.wav,2.078776,44100,0.197075,1.0,0.179909,3.327197,14.309363,-17.4001,-4.8669,0,0,2e38efa151f141eaa2b21d0c706d2d1fc9a614eab2e8c57cf02c07b18d259bc6,d3b94d07928e2e01463ef5669640d0d6c66fa8cb8154d785d62261ae1d40842a,energy-spectral-flux-glass-tail-v2,421,source_amplitude_preserved_no_normalization
train,glass_breaking__fsd50k__dev__344269__0165__r0.wav,glass_breaking,FSD50K,dev,344269,freesound:344269,344269.wav,2.846327,44100,0.985283,1.0,0.183537,5.594436,24.541135,-17.3038,-4.4762,0,0,1122f631e0e76d4ce3f372476d43db86ef4268cec690083108be542340101c31,75eab8fd6334621a72dc2c5726208ada349ab637da6e6cb0521862b76659c8f2,energy-spectral-flux-glass-tail-v2,421,source_amplitude_preserved_no_normalization
train,glass_breaking__fsd50k__dev__344270__0090__r0.wav,glass_breaking,FSD50K,dev,344270,freesound:344270,344270.wav,2.620431,44100,0.376667,1.0,0.125737,4.028697,12.802435,-13.1237,-3.357,0,0,2609a2ad5751c688b49e084dacd4c47dc5d083abe1bb5aa5e48b5d18fc3281a9,a1d2827bcfbade913d509c75b8ff2165d07f7d308313f00aa5c06c47091c3672,energy-spectral-flux-glass-tail-v2,421,source_amplitude_preserved_no_normalization
train,glass_breaking__fsd50k__dev__347496__0158__r0.wav,glass_breaking,FSD50K,dev,347496,freesound:347496,347496.wav,10.294807,44100,0.511361,1.0,0.221315,4.424419,8.071529,-35.433,-10.7853,0,0,134741827b07bffbc4f7f5b1661461a49fab27a07dba48f2bf3c1ad2dee1e570,a3a1e5a96dc09998126f3f63c8477d49e653626786c9e84f2127b51424242356,energy-spectral-flux-glass-tail-v2,421,source_amplitude_preserved_no_normalization
train,glass_breaking__fsd50k__dev__349240__0082__r0.wav,glass_breaking,FSD50K,dev,349240,freesound:349240,349240.wav,1.107596,44100,0.087324,1.0,0.130272,4.105306,21.85789,-12.894,-2.3143,1894,0,7426c80b0fade0aabcb7ee8de5b40c6294df4f51a38088f20cfceb17c64200d1,cf5cb08aecb9ad9a4e28aecc14408d3378af045f82073d8185b48fb86e87eb0e,energy-spectral-flux-glass-tail-v2,421,source_amplitude_preserved_no_normalization
train,glass_breaking__fsd50k__dev__349905__0025__r0.wav,glass_breaking,FSD50K,dev,349905,freesound:349905,349905.wav,5.112018,44100,2.032902,1.0,0.17195,3.570039,6.888656,-23.1518,-19.9081,0,0,88945f4b9de6f1f691b340c132d5aa5b1479af78fc3ea9ba4a183614e4ab9a9f,19a1e193f1931e87de8dc40340d47897f08ac1efcf9345393f7d0b1351c89e78,energy-spectral-flux-glass-tail-v2,421,source_amplitude_preserved_no_normalization
train,glass_breaking__fsd50k__dev__362238__0073__r0.wav,glass_breaking,FSD50K,dev,362238,freesound:362238,362238.wav,15.361224,44100,1.723605,1.0,0.200476,9.190988,121.88493,-20.474,-9.285,0,0,f44649668061539fc23c53da97d14a9e9762e74fbffe860a4fa59981707aa6dd,0e605d3c70ec74d1f5400562d51e958405e2a235c2256357ef5b616b4d73f5c1,energy-spectral-flux-glass-tail-v2,421,source_amplitude_preserved_no_normalization
train,glass_breaking__fsd50k__dev__367770__0026__r0.wav,glass_breaking,FSD50K,dev,367770,freesound:367770,367770.wav,25.84,44100,1.469184,1.0,0.167982,4.125982,8.879169,-12.3438,-5.1252,0,0,b81179a036ed5869693ae239de0931ee207f5c3e151f407caa24921a5e407c97,1bfffcd2bc5d2bb26ec81092b6f4d280b43a8a06f7c0bb7a12ef82ecfdaff0da,energy-spectral-flux-glass-tail-v2,421,source_amplitude_preserved_no_normalization
train,glass_breaking__fsd50k__dev__368328__0187__r0.wav,glass_breaking,FSD50K,dev,368328,freesound:368328,368328.wav,0.400091,44100,0.17712,1.0,0.151406,0.908265,3.288296,-27.8388,-15.4606,0,27590,145d99869bf8e7e8f3ee535634e984dab89aa9b66f67b87d96748512d0d8ee8c,ec03909c47d48327f81953086fd0373e711886411deac093d1395cccbd81463e,energy-spectral-flux-glass-tail-v2,421,source_amplitude_preserved_no_normalization
train,glass_breaking__fsd50k__dev__368337__0170__r0.wav,glass_breaking,FSD50K,dev,368337,freesound:368337,368337.wav,0.356961,44100,0.012494,1.0,0.183583,1.514169,9.515069,-19.6538,-19.5494,7545,20813,e197d4d682ad8f688f0ead3fd61298a6f629da1e71e73ea07dbfa5effed06ea2,b12b78e86cf7d47cf74e58b4beb50cddafe0fb7cc64b1ffdb966cb5b96085760,energy-spectral-flux-glass-tail-v2,421,source_amplitude_preserved_no_normalization
train,glass_breaking__fsd50k__dev__368342__0104__r0.wav,glass_breaking,FSD50K,dev,368342,freesound:368342,368342.wav,0.883039,44100,0.042426,1.0,0.154422,3.661507,2.832036,-21.7824,-17.5574,4939,219,d02aab80417b065f1fca2ffaf959364259cf6eb87d03de7ba3e48dc88ef72e1b,b1f215249008d480a50d2d508aaff8c895c755565c8f69a933d4093edf5aa11b,energy-spectral-flux-glass-tail-v2,421,source_amplitude_preserved_no_normalization
train,glass_breaking__fsd50k__dev__368345__0153__r0.wav,glass_breaking,FSD50K,dev,368345,freesound:368345,368345.wav,0.424966,44100,0.012494,1.0,0.216463,1.166511,3.933478,-19.2013,-18.7612,8995,16364,f658fff8b233645d821c24291e7e8b960b8245cfff031e65263617a95e3b8cc2,29c5fb98c670ab6e967f5800e9634af65fb4f46bebd7ef8476b69339d2ca9b4b,energy-spectral-flux-glass-tail-v2,421,source_amplitude_preserved_no_normalization
train,glass_breaking__fsd50k__dev__368350__0130__r0.wav,glass_breaking,FSD50K,dev,368350,freesound:368350,368350.wav,0.436825,44100,0.152177,1.0,0.174059,1.16091,3.510403,-26.9105,-22.1775,965,23871,c69c6280df95fa00673b01907d2efd72bc0fa1f3fbb4ea2337e08a4b9861d2a5,4bb1d24997da20101f8c8ef935cc365069bc63d1f10dd859695d4829d0beb3fc,energy-spectral-flux-glass-tail-v2,421,source_amplitude_preserved_no_normalization
train,glass_breaking__fsd50k__dev__368354__0065__r0.wav,glass_breaking,FSD50K,dev,368354,freesound:368354,368354.wav,0.399683,44100,0.261927,1.0,0.2461,0.795342,2.509737,-37.6853,-16.2964,0,27172,82e79c1ab4bbceb988cfe2912a919554e7c84cb19e788a5bc429603fde551495,cc7682ce3d2a5d4a690540da441967c4551dc174405fbbf17e436a308c97ffef,energy-spectral-flux-glass-tail-v2,421,source_amplitude_preserved_no_normalization
train,glass_breaking__fsd50k__dev__368905__0084__r0.wav,glass_breaking,FSD50K,dev,368905,freesound:368905,368905.wav,13.994671,44100,4.751723,1.0,0.164444,4.991342,26.673386,-15.4699,-11.2313,0,0,b3645d3f8d54b92ec5029fd9ec75799be12b9896f86471703ee59e9ee0c50a05,281d89db722f97220f989582206dd54b67c23eef5b4415e3a393cc59d76bfebc,energy-spectral-flux-glass-tail-v2,421,source_amplitude_preserved_no_normalization
train,glass_breaking__fsd50k__dev__368944__0040__r0.wav,glass_breaking,FSD50K,dev,368944,freesound:368944,368944.wav,27.738254,44100,5.17576,1.0,0.207732,7.367965,74.78449,-10.586,-6.5815,0,0,7f5f3197a06054db5cfe574af23a245cf142b3ae6de3c3f31ed857a2669b53b1,1b906f91d7652ac169d39dfd5e1e76e35fe4be41c14452c348b56e59c411e817,energy-spectral-flux-glass-tail-v2,421,source_amplitude_preserved_no_normalization
train,glass_breaking__fsd50k__dev__378285__0063__r0.wav,glass_breaking,FSD50K,dev,378285,freesound:378285,378285.wav,4.12,44100,2.147642,1.0,0.223152,9.292078,20.632572,-37.7625,-20.2341,0,0,740b5356c1c435f987cc072c7751d54b832155a2e686a3da4b73990a90f30aa3,28b1103fcb822c0803533fd877a7d4daadc91b21f8e8dde5afe11ccef8389d65,energy-spectral-flux-glass-tail-v2,421,source_amplitude_preserved_no_normalization
train,glass_breaking__fsd50k__dev__378289__0102__r0.wav,glass_breaking,FSD50K,dev,378289,freesound:378289,378289.wav,3.2,44100,2.012948,1.0,0.243673,3.770385,23.810997,-38.9795,-20.5833,0,0,133cd8e9e8667fb2091ca3c91163b4d037fbca786d795024a5c8961406c32992,df3b5a5416357b5c7aeb4e26fd33869f4e52d9509392ce009a8d4142f9325a6b,energy-spectral-flux-glass-tail-v2,421,source_amplitude_preserved_no_normalization
train,glass_breaking__fsd50k__dev__383978__0036__r0.wav,glass_breaking,FSD50K,dev,383978,freesound:383978,383978.wav,0.770748,44100,0.097302,1.0,0.127166,4.228112,5.713535,-27.6221,-12.937,1317,8793,bbe78d6c794875453b214cae43e6ca5b1d7ecb96df125f23bd2755fc1f5e5b6f,cfb3825c3a0850fbeca8ab1e681c8fd9a8bc09dda831e380ae66f9df3dc23dbf,energy-spectral-flux-glass-tail-v2,421,source_amplitude_preserved_no_normalization
train,glass_breaking__fsd50k__dev__383988__0141__r0.wav,glass_breaking,FSD50K,dev,383988,freesound:383988,383988.wav,0.473628,44100,0.012494,1.0,0.135034,3.693321,5.128529,-31.8429,-14.8367,5404,17809,9f606e48213e49b4573d15f652d17aff2eb11f7fb0f9c603a8d0ae02b74283c9,ec5841f183c9a4f3888f9d16f314690f1507e3f4cb51b69baf2b260e9faa7e48,energy-spectral-flux-glass-tail-v2,421,source_amplitude_preserved_no_normalization
train,glass_breaking__fsd50k__dev__387349__0060__r0.wav,glass_breaking,FSD50K,dev,387349,freesound:387349,387349.wav,3.260295,44100,1.214762,1.0,0.219342,4.421977,47.981129,-35.9663,-3.5683,0,0,e2910aef5a4993e380c24e78d73425be5db05d263e4d46ba2e6a35f6033fb559,1a4a19b7d6e36e8d0dd9f37a56e7135c87a056eb1f736ab3596d5e2a82fdbdbe,energy-spectral-flux-glass-tail-v2,421,source_amplitude_preserved_no_normalization
train,glass_breaking__fsd50k__dev__389793__0098__r0.wav,glass_breaking,FSD50K,dev,389793,freesound:389793,389793.wav,2.252789,44100,1.264649,1.0,0.198821,3.179997,8.401207,-68.2067,-24.4699,0,0,25247a8fee337f892bfa0458cc64730b431b95105c0e4e37999eb3d041c4f299,a0e285be6d19fd25af00824eaf22f7f3ce482dfd6d5e52b882015967cea95309,energy-spectral-flux-glass-tail-v2,421,source_amplitude_preserved_no_normalization
train,glass_breaking__fsd50k__dev__389804__0057__r0.wav,glass_breaking,FSD50K,dev,389804,freesound:389804,389804.wav,1.0,44100,0.321791,1.0,0.136395,4.104028,9.617861,-13.4031,-12.5487,0,8176,3d7efb0ea4e19f5d380ccc0b332876e695af6ab002d5ab0d1878d3c039d10550,308867343706adea94e2823ff4fa9dbd7e13c523377d7d55ef50a0cc15480341,energy-spectral-flux-glass-tail-v2,421,source_amplitude_preserved_no_normalization
train,glass_breaking__fsd50k__dev__390705__0157__r0.wav,glass_breaking,FSD50K,dev,390705,freesound:390705,390705.wav,0.757551,44100,0.077347,1.0,0.130998,3.411134,5.153969,-11.4448,-11.4448,2366,8326,d4aad51d684644c0fa28159cc4522f736cbbe62776c22ef8e4c45440077c479f,f9d4b03ca4b422e32a58bd5b53c3a9f42685df03dfc823d0a013ad9d5af95b31,energy-spectral-flux-glass-tail-v2,421,source_amplitude_preserved_no_normalization
train,glass_breaking__fsd50k__dev__390707__0191__r0.wav,glass_breaking,FSD50K,dev,390707,freesound:390707,390707.wav,1.593469,44100,0.561247,1.0,0.240839,3.378563,5.362967,-11.1193,-8.6069,0,0,7a58a98333683af159eeabc384090d7a013e1af0f68880a5cdb8ea0f456768dc,141977b7229b2ba595326fc1c31531f23bc4e412e7dabbc827321ddb294704b8,energy-spectral-flux-glass-tail-v2,421,source_amplitude_preserved_no_normalization
train,glass_breaking__fsd50k__dev__390708__0108__r0.wav,glass_breaking,FSD50K,dev,390708,freesound:390708,390708.wav,1.358367,44100,0.66102,1.0,0.209184,3.43474,6.705591,-6.9316,-4.1035,0,4122,f36fde75b5b8325b6b8f19c6dd553103479b30231785c6c6d64013b63506fc82,c16339dd23b24ca64f391e7e9ad9dd41ac5504b39612cf59eb8847d98fe6c856,energy-spectral-flux-glass-tail-v2,421,source_amplitude_preserved_no_normalization
train,glass_breaking__fsd50k__dev__390721__0072__r0.wav,glass_breaking,FSD50K,dev,390721,freesound:390721,390721.wav,2.089796,44100,0.631088,1.0,0.212721,4.348405,6.656789,-24.3481,-10.3928,0,0,3f4a7f6d448619eab44958ef3a3b7f173b80f1a4f2460802209c0826712f1339,b293453b4998cfed1658106d0397f731f2abad9fcc08dc6ac32a7a3e2c251060,energy-spectral-flux-glass-tail-v2,421,source_amplitude_preserved_no_normalization
train,glass_breaking__fsd50k__dev__390722__0174__r0.wav,glass_breaking,FSD50K,dev,390722,freesound:390722,390722.wav,1.358367,44100,0.426553,1.0,0.241587,3.194323,6.048163,-11.7733,-7.9489,0,0,abb854f29344f123d13e8517ec77545a37a272476efad1df7657b1e87c59e997,5d8e36fee69f3b49d69fb99837e3f2a0021a8ca37e54118b3386bf560ffdff6e,energy-spectral-flux-glass-tail-v2,421,source_amplitude_preserved_no_normalization
train,glass_breaking__fsd50k__dev__390723__0134__r0.wav,glass_breaking,FSD50K,dev,390723,freesound:390723,390723.wav,1.07102,44100,0.346735,1.0,0.198209,3.768084,5.609082,-11.57,-10.0267,0,3418,b2fce049735a825b81da7bf4ffdde5997f3d6742a45373692326cb0137c7404c,eae82e316e93cd53f1e8a367a84f41f0dfb54b55187dd2e1dcd8085f97993309,energy-spectral-flux-glass-tail-v2,421,source_amplitude_preserved_no_normalization
train,glass_breaking__fsd50k__dev__406256__0115__r0.wav,glass_breaking,FSD50K,dev,406256,freesound:406256,406256.wav,2.355397,44100,0.466463,1.0,0.170454,6.102122,74.850982,-38.8874,-9.7358,0,0,a84c1817c0a3dcf918b58e4d07002d23ebd63d79e926f2bf2a7b40ee193f9678,1249e6aa7f59f890947e385a11a3d28e49da782670742f98fdbd7073492e67df,energy-spectral-flux-glass-tail-v2,421,source_amplitude_preserved_no_normalization
train,glass_breaking__fsd50k__dev__406257__0081__r0.wav,glass_breaking,FSD50K,dev,406257,freesound:406257,406257.wav,2.355397,44100,0.466463,1.0,0.201247,5.9784,86.579785,-38.887,-9.4989,0,0,58d0d53a36ddeb6268fd0343001cda8a3d08f725009ccd923a32789457cdd548,d9302fddd98c3f189b976e129675c327314307d7dbcf68f85043d9d988d0db2f,energy-spectral-flux-glass-tail-v2,421,source_amplitude_preserved_no_normalization
train,glass_breaking__fsd50k__dev__42900__0161__r0.wav,glass_breaking,FSD50K,dev,42900,freesound:42900,42900.wav,1.637914,44100,0.182109,1.0,0.174218,8.752004,183.235813,-38.2282,-22.2156,0,0,04ceab2be6b3c4193a451d6b320aa0f4fa2dc1db0cf252cc73cc1923cc1f863c,b399c743719ca62bc717b39b00c082ff9e2fb4f1fb74fcd4dc7f53c47ea80dff,energy-spectral-flux-glass-tail-v2,421,source_amplitude_preserved_no_normalization
train,glass_breaking__fsd50k__dev__42901__0034__r0.wav,glass_breaking,FSD50K,dev,42901,freesound:42901,42901.wav,2.635578,44100,1.075079,1.0,0.181746,3.360796,11.658785,-33.2656,-6.0179,0,0,d4c1558a6a623999467288d809ad75bb26d119db0d13e02a20d898b43dfb8b4e,f14d17850eb7f3a0e073105b49e4a086cc3a88d6daa6cb42710b75b0cb2f4ce7,energy-spectral-flux-glass-tail-v2,421,source_amplitude_preserved_no_normalization
train,glass_breaking__fsd50k__dev__42902__0178__r0.wav,glass_breaking,FSD50K,dev,42902,freesound:42902,42902.wav,0.975374,44100,0.032449,1.0,0.121497,4.99989,28.734739,-9.2282,-8.3399,3927,0,c1ea5490c63b8bf94523ba731a7f18a5d15fa6bccd205641df2d4cd44f71ac31,620a9e1afce542067928ae0b6176650a4d512124adaf9e51ff23de82da284a2e,energy-spectral-flux-glass-tail-v2,421,source_amplitude_preserved_no_normalization
train,glass_breaking__fsd50k__dev__42904__0139__r0.wav,glass_breaking,FSD50K,dev,42904,freesound:42904,42904.wav,2.153968,44100,0.042426,1.0,0.155533,3.642934,17.96785,-7.7847,-6.0562,4988,0,24f8e7e5c3fc15ee0fd7178a2d4d56770cda413d0b0f9c65f868797ec344b7a7,2583d86f14e14c7d9d47ed26e1b5ceab8d352eafd2136edcd1d580057bcaf34a,energy-spectral-flux-glass-tail-v2,421,source_amplitude_preserved_no_normalization
train,glass_breaking__fsd50k__dev__42906__0079__r0.wav,glass_breaking,FSD50K,dev,42906,freesound:42906,42906.wav,2.322018,44100,0.157166,1.0,0.13542,4.147752,25.423597,-9.2368,-6.6352,0,0,7ea5d22883c76090dfa215057150e13cff78def6eee5a8861ffdb68557da210b,50ac4257ee7ecb9e8bf337122c80f48b4c481778d39b2beb4f08748ee1091e01,energy-spectral-flux-glass-tail-v2,421,source_amplitude_preserved_no_normalization
train,glass_breaking__fsd50k__dev__42907__0113__r0.wav,glass_breaking,FSD50K,dev,42907,freesound:42907,42907.wav,1.853651,44100,0.276893,1.0,0.206236,3.186067,7.787142,-16.4014,-8.3211,0,0,9a1b28d94d9765f083aacbe59654e499a7840f36ccfcb6131c06971b37598680,589a9fc58652247709ba4b6774cfd25a1ebd321116872dfa8c36198dfc0c417e,energy-spectral-flux-glass-tail-v2,421,source_amplitude_preserved_no_normalization
train,glass_breaking__fsd50k__dev__434439__0173__r0.wav,glass_breaking,FSD50K,dev,434439,freesound:434439,434439.wav,3.108571,44100,1.269637,1.0,0.249206,4.108303,5.084289,-22.0752,-19.555,0,0,7ddcca95332cd0cb6681938bd481d38c6ed77429dba89ad3581bca52a94489ed,bd25ec778100c25a55a425ed35463f22c5738275bcb87f7f1908bea80319a6dd,energy-spectral-flux-glass-tail-v2,421,source_amplitude_preserved_no_normalization
train,glass_breaking__fsd50k__dev__434440__0133__r0.wav,glass_breaking,FSD50K,dev,434440,freesound:434440,434440.wav,3.84,44100,1.364422,1.0,0.245828,5.933573,7.716143,-21.749,-19.312,0,0,3e5c40c3e13661437cf84ccb0f6326e34b350edd668f8eaeaf6a7700eb707fc0,d18f33ed8bb86119a2aa6d6bee646e3963c53f9b73678ce4d33a68be8d466d1c,energy-spectral-flux-glass-tail-v2,421,source_amplitude_preserved_no_normalization
train,glass_breaking__fsd50k__dev__434441__0024__r0.wav,glass_breaking,FSD50K,dev,434441,freesound:434441,434441.wav,4.231837,44100,1.144921,1.0,0.12093,4.272207,11.307891,-11.3594,-10.317,0,0,f9c1a594923bfa16be4c3666464123124c4b4b6f7dcd438b2b349d151ec27a60,82d618d097a19c86b4a4b640e2f060b7c47f6e12a0e719f5d4c9a1989e000660,energy-spectral-flux-glass-tail-v2,421,source_amplitude_preserved_no_normalization
train,glass_breaking__fsd50k__dev__434443__0190__r0.wav,glass_breaking,FSD50K,dev,434443,freesound:434443,434443.wav,3.552653,44100,0.940385,1.0,0.210839,3.823138,7.462826,-13.462,-10.8096,0,0,5db8600e2a4e50110191acf202a58a418ba543b08a6f867b58d7c6e7ebbe13c1,8a71cbe267bd064edd002aadffdcadc4bd5b980588c3b0f3cd103a34939b9b6e,energy-spectral-flux-glass-tail-v2,421,source_amplitude_preserved_no_normalization
train,glass_breaking__fsd50k__dev__434444__0071__r0.wav,glass_breaking,FSD50K,dev,434444,freesound:434444,434444.wav,3.63102,44100,0.880522,1.0,0.16932,4.222466,14.904536,-12.0429,-11.0894,0,0,7f4183594a3bd8e727fcd653207a91078b5bd3157d4003233e707b73fbb846d3,f596bbb01b12cb914af53914cac1424c745134d9649e16d50312f4ff99294a3f,energy-spectral-flux-glass-tail-v2,421,source_amplitude_preserved_no_normalization
train,glass_breaking__fsd50k__dev__434446__0107__r0.wav,glass_breaking,FSD50K,dev,434446,freesound:434446,434446.wav,5.22449,44100,1.379388,1.0,0.232834,5.040254,10.48954,-13.838,-13.1097,0,0,4dc0e24f0cd46305815a290815602803237d54cdcb4db8439d892530d2daccb8,579d988b07c737a64d2e14ed01346958159e50826b89ecea319275a42a30943f,energy-spectral-flux-glass-tail-v2,421,source_amplitude_preserved_no_normalization
train,glass_breaking__fsd50k__dev__434451__0156__r0.wav,glass_breaking,FSD50K,dev,434451,freesound:434451,434451.wav,2.716735,44100,1.199796,1.0,0.219977,4.371603,7.206166,-21.0813,-19.9083,0,0,8c4709117924424881e1cf41baed4a0bc1a0b0f28f9740a2950af4ae1046b9f9,bfe46ea0d5151029ced61f4c78a1529f17eceadee5d45d9c940d1609092e9671,energy-spectral-flux-glass-tail-v2,421,source_amplitude_preserved_no_normalization
train,glass_breaking__fsd50k__dev__65902__0056__r0.wav,glass_breaking,FSD50K,dev,65902,freesound:65902,65902.wav,1.92,44100,0.321791,1.0,0.144104,3.078016,60.729587,-20.5673,-11.3592,0,0,05bb74a86d6fe47cc0953a617840156c070ead640854fb5c054d1d175c1551ce,1a4d90a0b7d05ff7d155175d73dfb89a404b2318bce01f893965d0e382ee16f2,energy-spectral-flux-glass-tail-v2,421,source_amplitude_preserved_no_normalization
train,glass_breaking__fsd50k__dev__65918__0097__r0.wav,glass_breaking,FSD50K,dev,65918,freesound:65918,65918.wav,0.605986,44100,0.276893,1.0,0.14415,1.682809,6.990203,-26.8465,-10.0383,0,23230,2e1c24280af63669cc8b42bee77971e626a9d957233ebe5e06b8c25a7f1dc604,df243bf136f92d983a7bae23c60eadc3b0b7a92ba8afbe3bd2dd73e9c199a95c,energy-spectral-flux-glass-tail-v2,421,source_amplitude_preserved_no_normalization
train,glass_breaking__fsd50k__dev__66519__0064__r0.wav,glass_breaking,FSD50K,dev,66519,freesound:66519,66519.wav,1.303311,44100,0.097302,1.0,0.132698,3.054359,12.100292,-12.9,-8.4643,1561,0,355e7802f668a2d7c8e6db8e50d029071671a2a0b95af312de1bdb39cf4a10bb,de6b8e0924aebfb416235ccec966220cd27766ee1f250a3af4e4e8abe163e73a,energy-spectral-flux-glass-tail-v2,421,source_amplitude_preserved_no_normalization
train,glass_breaking__fsd50k__dev__66520__0103__r0.wav,glass_breaking,FSD50K,dev,66520,freesound:66520,66520.wav,2.329705,44100,0.207052,1.0,0.145692,3.314283,7.869493,-51.4908,-8.076,0,0,05faac68b2417a97233359f52578e2889eadfb6da59302f22e6d928d17bd1d13,3a76c489a4f51612126e60cdff78f955aedc83e96a32d94169f71b608db896c8,energy-spectral-flux-glass-tail-v2,421,source_amplitude_preserved_no_normalization
train,glass_breaking__fsd50k__dev__68654__0067__r0.wav,glass_breaking,FSD50K,dev,68654,freesound:68654,68654.wav,2.043356,44100,0.760794,1.0,0.189569,5.178742,5.026436,-11.6543,-9.0476,0,0,9118f5df08e20d8050f03d9b28655a4cc2068db871d0fd13e4eb94811c31edcf,a475f46b04e230edf4212fba39ae6b893dd4aa2ed8a516d52a253c68607c2326,energy-spectral-flux-glass-tail-v2,421,source_amplitude_preserved_no_normalization
train,glass_breaking__fsd50k__dev__71897__0183__r0.wav,glass_breaking,FSD50K,dev,71897,freesound:71897,71897.wav,2.335782,44100,0.92542,1.0,0.166576,3.639983,6.610143,-19.1323,-11.8142,0,0,eb3c3704b66f5d794df5eeaf1b9bcaf20d7124c9dd256919fac9466077ad945d,d7d3bd5f7808d7d960810bd74ac6f5c2edb4d3958767606436bbea033558557f,energy-spectral-flux-glass-tail-v2,421,source_amplitude_preserved_no_normalization
train,glass_breaking__fsd50k__dev__71947__0124__r0.wav,glass_breaking,FSD50K,dev,71947,freesound:71947,71947.wav,1.637007,44100,0.316803,1.0,0.159909,4.900384,73.010832,-47.7205,-10.3544,0,0,386c18bab2a009ea39848d69f42295390045c2a4747d050fc0e4eee1a2cda42f,83bca8e0d9ddc44158abb61a06a3fef70ca8c4f6fe7353ab7b2f0e1f44791076,energy-spectral-flux-glass-tail-v2,421,source_amplitude_preserved_no_normalization
train,glass_breaking__fsd50k__dev__84704__0148__r0.wav,glass_breaking,FSD50K,dev,84704,freesound:84704,84704.wav,6.0,44100,0.092313,1.0,0.200068,4.768238,4768237812.557069,-50.9953,-8.8491,4752,0,f0dcb87aa46e87282bcc7efcf76bce27a55a4b813cb4699c80f72ce70353f9fc,98de57a512f9c015333e546d6aea38dedea3a27e1c82431f3e7ca739017e2546,energy-spectral-flux-glass-tail-v2,421,source_amplitude_preserved_no_normalization
train,glass_breaking__fsd50k__dev__85107__0091__r0.wav,glass_breaking,FSD50K,dev,85107,freesound:85107,85107.wav,7.013333,44100,0.032449,1.0,0.18771,7.475499,23.442117,-7.5065,-7.5065,6847,0,7f3eaf9bffef779292ac529ba203551997e73ed11ce1e42689630213fd8083ac,ce3651c82d8a4b4defe65f5d4692221319b15431fc9626848dc4d416b0dccf3c,energy-spectral-flux-glass-tail-v2,421,source_amplitude_preserved_no_normalization
train,glass_breaking__fsd50k__dev__85168__0166__r0.wav,glass_breaking,FSD50K,dev,85168,freesound:85168,85168.wav,6.0,44100,0.705918,1.0,0.193968,2.536661,115.91517,-33.8886,-5.4372,0,0,c08ea42d6a058870a1792c2541cf108594a0759474e0f48a0adce883e17adcf7,db0cac9ceb7a3400c932cb920f7f4f47280e1d42fbe7532ec7e67b3e0ab769af,energy-spectral-flux-glass-tail-v2,421,source_amplitude_preserved_no_normalization
train,glass_breaking__fsd50k__dev__85184__0049__r0.wav,glass_breaking,FSD50K,dev,85184,freesound:85184,85184.wav,6.0,44100,0.461474,1.0,0.195918,5.009983,5009983171.433249,-30.6824,-9.6448,0,0,f8a79c2d814051e08c370fb5c90b7cbc910d44785685dfe73edce49ebe5b564a,2389fe81bf486e06600a3f7587a99928ecbf2685b756fb8483a628ee535d9b24,energy-spectral-flux-glass-tail-v2,421,source_amplitude_preserved_no_normalization
train,glass_breaking__fsd50k__dev__88926__0177__r0.wav,glass_breaking,FSD50K,dev,88926,freesound:88926,88926.wav,1.560091,44100,0.032449,1.0,0.246463,6.185739,73.542098,-28.9726,-27.4887,9438,0,6d04456411b664e51473a7b89858cae16aacb59e56fc162467fc7fd9e21a7997,64b034d92f06a714fa67e032cf4431e7aadd269af6486f4686f2d3c7d597f3ac,energy-spectral-flux-glass-tail-v2,421,source_amplitude_preserved_no_normalization
train,glass_breaking__fsd50k__dev__88931__0112__r0.wav,glass_breaking,FSD50K,dev,88931,freesound:88931,88931.wav,0.55458,44100,0.02746,1.0,0.180522,3.163845,7.206677,-40.9937,-28.0544,6750,12893,f4492558d8afe8ed4d517b0c72f763fcf2ba0c06c879f3104e0ce4790cb26e54,dbabc497a879ba2f488303d407502c301aa43f47b88c4981339162cc38cb8975,energy-spectral-flux-glass-tail-v2,421,source_amplitude_preserved_no_normalization
train,glass_breaking__fsd50k__dev__88933__0160__r0.wav,glass_breaking,FSD50K,dev,88933,freesound:88933,88933.wav,1.151973,44100,0.10229,1.0,0.211995,3.29758,151.911919,-44.7736,-31.3981,4838,0,5d4e6710c71952946d1cbab843f61d8cf7f9ae3ee2f86c8955e3b1679f7497b7,716419d78b5d2542078247c68ef910fe0e68bdbba4c61a260f5212d0f1706db1,energy-spectral-flux-glass-tail-v2,421,source_amplitude_preserved_no_normalization
train,glass_breaking__fsd50k__dev__88937__0033__r0.wav,glass_breaking,FSD50K,dev,88937,freesound:88937,88937.wav,1.107574,44100,0.012494,1.0,0.222041,2.612695,11.385794,-26.0603,-26.0603,9241,0,cd9fdcd671b9f4ed8105a7286baf07af7f0f53c280846e0ad930ef1e26c13034,0262deb35cc2339db506c7bf1a3843a6299cfe0ed1bdb85769bd23edd3a013e6,energy-spectral-flux-glass-tail-v2,421,source_amplitude_preserved_no_normalization
train,glass_breaking__fsd50k__dev__88950__0138__r0.wav,glass_breaking,FSD50K,dev,88950,freesound:88950,88950.wav,1.41712,44100,0.391633,1.0,0.148753,2.732499,31.657567,-57.1309,-24.6077,0,0,18cc18d8c224eacf21a2c73d78470f7907c778d6abe84a1cb1544ff161f03e47,273d7b7cee82bb4fb085a611c293d28cc042485617f3ab980150aba996b5eb41,energy-spectral-flux-glass-tail-v2,421,source_amplitude_preserved_no_normalization
train,glass_breaking__fsd50k__dev__89903__0078__r0.wav,glass_breaking,FSD50K,dev,89903,freesound:89903,89903.wav,0.634535,44100,0.012494,1.0,0.213855,1.606744,10.179859,-30.4899,-30.4899,8880,7237,218bd1b9eab97e45ffecc80281a6cbf875a29af41864ba693a9c228c2e611c57,c59bbe43ccd12c45c4fd3f9ad7265d6627e227592192b3608889aba6df3af563,energy-spectral-flux-glass-tail-v2,421,source_amplitude_preserved_no_normalization
train,glass_breaking__fsd50k__dev__92642__0150__r0.wav,glass_breaking,FSD50K,dev,92642,freesound:92642,92642.wav,0.835918,44100,0.152177,1.0,0.196236,3.313553,8.576636,-47.1508,-6.3412,1943,5293,58c4180de44d4ce562fe094a95b5060efa099c3d877ac3d4bb0bacfd36f28c34,6af14dd393cd7d77ca75b3f437fd695c8bb4e75e46ad4b06f97c44a93107afbd,energy-spectral-flux-glass-tail-v2,421,source_amplitude_preserved_no_normalization
train,glass_breaking__fsd50k__dev__92643__0096__r0.wav,glass_breaking,FSD50K,dev,92643,freesound:92643,92643.wav,8.306939,44100,0.222018,1.0,0.211837,5.266667,63.437103,-9.7942,-6.9679,0,0,62079d22e4b99327d9d6093dc085523f12ec6ecf02701f60517ef73ec4559a68,03578f80a1b6121834106fd2dd55f085dbc432786d1674c905e554ad9960b9bf,energy-spectral-flux-glass-tail-v2,421,source_amplitude_preserved_no_normalization
train,glass_breaking__fsd50k__dev__92644__0127__r0.wav,glass_breaking,FSD50K,dev,92644,freesound:92644,92644.wav,23.118367,44100,16.519977,1.0,0.140431,4.748979,32.478241,-34.5726,-9.5812,0,0,27ffcd6fc0b85be059dcd88da1f6301c4b9fa1a1d6f93ca622fef4456260fb1b,5176cbd2f77fa53304af8ce9128d363946972a8213685cd4cbb8642da8e7bee7,energy-spectral-flux-glass-tail-v2,421,source_amplitude_preserved_no_normalization
train,glass_breaking__fsd50k__dev__93299__0089__r0.wav,glass_breaking,FSD50K,dev,93299,freesound:93299,93299.wav,1.904444,44100,0.800703,1.0,0.163333,3.881363,8.47386,-22.3768,-9.0285,0,0,81d27b89eb8e6660b779dfdbf9480dbe6b3e9d2c07fbd1b46eb35b93f8664022,0d6a2ec8d497bc28bc0e808d32f38c46e18464dff2d077037e41f59644f767d0,energy-spectral-flux-glass-tail-v2,421,source_amplitude_preserved_no_normalization
train,glass_breaking__fsd50k__dev__93449__0047__r0.wav,glass_breaking,FSD50K,dev,93449,freesound:93449,93449.wav,1.921315,44100,0.047415,1.0,0.202132,3.045586,10.392286,-17.4367,-8.1188,6823,0,2e6ee86fa826673e3c3eb1444262214d695f4da6c3b48c24c837ca302b9d9a37,287373150dd6db65257dbe430f431e4ef88556b842202ba395f262e9eda7483e,energy-spectral-flux-glass-tail-v2,421,source_amplitude_preserved_no_normalization
train,glass_breaking__fsd50k__dev__93964__0055__r0.wav,glass_breaking,FSD50K,dev,93964,freesound:93964,93964.wav,21.487438,44100,3.933583,1.0,0.163991,2.945544,110.975491,-24.0031,-8.0506,0,0,a9f79313582cb49fda7e4f3f19fa74902281f56a3fc46990b97ca4546be6aa77,e522c17008cf20dd92751e9cd62e8c6328237e55ceb95c2d6eac5b2e7b9b199c,energy-spectral-flux-glass-tail-v2,421,source_amplitude_preserved_no_normalization
train,glass_breaking__fsd50k__dev__95078__0085__r0.wav,glass_breaking,FSD50K,dev,95078,freesound:95078,95078.wav,6.346304,44100,3.828821,1.0,0.246621,2.972284,5.940622,-38.5277,-6.9883,0,0,cca49a1b767764f3ccc94a9b07ca13360eda488bb498af0898e9a2477cd84fb9,8d57542ffd2e83f6ca538f2ae23b597e0df9c9473559de4ed0b0126b8e131ce0,energy-spectral-flux-glass-tail-v2,421,source_amplitude_preserved_no_normalization
train,gunshot_gunfire__fsd50k__dev__100144__0000__r0.wav,gunshot_gunfire,FSD50K,dev,100144,freesound:100144,100144.wav,7.000816,44100,0.765782,1.0,0.553424,6.435988,11.478818,-5.8896,-1.1376,0,0,40b816458344e992ac2bb6b9c6ee5e8395f012d3066a905567ddbeaac4237d65,c6c2116017aa6fa4150105d91b6f20eb69fbd8ef4a8db8114cd135cb18e817da,energy-spectral-flux-glass-tail-v2,421,source_amplitude_preserved_no_normalization
train,gunshot_gunfire__fsd50k__dev__101961__0001__r0.wav,gunshot_gunfire,FSD50K,dev,101961,freesound:101961,101961.wav,13.133673,44100,5.564875,1.0,0.304014,5.973106,13.112323,-47.249,-10.0147,0,0,c8482b980e9591f8c1cc677fffa104af095e58b8cd7c1e004256319db18d5ce9,04e0db8b1c7db10aa64eef71c5fe0e629a9b3701e7816a8a21e5c337d15c89ad,energy-spectral-flux-glass-tail-v2,421,source_amplitude_preserved_no_normalization
train,gunshot_gunfire__fsd50k__dev__101962__0002__r0.wav,gunshot_gunfire,FSD50K,dev,101962,freesound:101962,101962.wav,11.030023,44100,3.105465,1.0,0.465986,5.16173,10.41789,-9.6725,-7.3977,0,0,c70e5ae1afbfeffa5094285eb67552a97b619a3a0313f4a01f5937fbb12cba0b,9412e6be9a8b75dcb645149d32a7c61cd14a652cdb7d3bff9cb87da0484f207e,energy-spectral-flux-glass-tail-v2,421,source_amplitude_preserved_no_normalization
train,gunshot_gunfire__fsd50k__dev__103626__0003__r0.wav,gunshot_gunfire,FSD50K,dev,103626,freesound:103626,103626.wav,27.611429,44100,2.3422,1.0,0.539252,6.061105,21.513505,-48.7445,-8.4374,0,0,8cea442cd9aa6e6362e2929a59c1058fd72b2c36edd5f53271a0b1525a3eacfc,ee7d4bca4733b3e6daac106813b6c312bb744e526868ebc973e17286aff52791,energy-spectral-flux-glass-tail-v2,421,source_amplitude_preserved_no_normalization
train,gunshot_gunfire__fsd50k__dev__108043__0004__r0.wav,gunshot_gunfire,FSD50K,dev,108043,freesound:108043,108043.wav,1.594036,44100,0.1422,1.0,0.30381,5.582505,4.610123,-11.0846,-9.9827,7127,0,e29ad141c2f9eba15210a0e3212b616fc47f282e6a47a0a186b6e5559f81f708,b7377d3e49958e1c6cead0e53e57ac81625a45cbf5d3478b69cdc529f9be2823,energy-spectral-flux-glass-tail-v2,421,source_amplitude_preserved_no_normalization
train,gunshot_gunfire__fsd50k__dev__108044__0005__r0.wav,gunshot_gunfire,FSD50K,dev,108044,freesound:108044,108044.wav,6.046349,44100,2.247415,1.0,0.54619,8.40723,16.381877,-23.4914,-12.2701,0,0,e305207f7260ea80ead03a87db7bd45c0033e256662b94cc92b82e03a87de4c1,5f4b43f993a830205c59f0c9d27c58646d9910ce07c22bdd554b3d9f114a3ecf,energy-spectral-flux-glass-tail-v2,421,source_amplitude_preserved_no_normalization
train,gunshot_gunfire__fsd50k__dev__108045__0006__r0.wav,gunshot_gunfire,FSD50K,dev,108045,freesound:108045,108045.wav,1.638163,44100,0.935397,1.0,0.297868,6.80185,8.575046,-16.5533,-10.8681,0,0,a413956061341b6eec9a07aaa132f1e1d89daf92c47ceb8d3b19d8b7e2a10830,90451ff6ded39c343622d46530980d4d6686a6824817d2a6cd5b83309cdd88a3,energy-spectral-flux-glass-tail-v2,421,source_amplitude_preserved_no_normalization
train,gunshot_gunfire__fsd50k__dev__108046__0007__r0.wav,gunshot_gunfire,FSD50K,dev,108046,freesound:108046,108046.wav,2.609909,44100,0.830635,1.0,0.237166,6.614572,13.605967,-45.5514,-17.2686,0,0,f20f884f7fc1cfe6c3811d4f33e405395e790b8d9b179a93f5dcd2fd159db9ae,655f89f7483dd21560e7a8f84596a69e15aae259347f6fed91d158545e7d47b0,energy-spectral-flux-glass-tail-v2,421,source_amplitude_preserved_no_normalization
train,gunshot_gunfire__fsd50k__dev__108047__0008__r0.wav,gunshot_gunfire,FSD50K,dev,108047,freesound:108047,108047.wav,1.79458,44100,0.501383,1.0,0.303696,6.5,12.054501,-13.8443,-12.7775,0,0,1dd94f0f219dbf4ca36cbd9af096b695b25fcb414e85dc1615be26563a482c81,e9694024bcdfa19bf8fc5f1d41014035f8642034ffa61cda0bcd7d75ea5e327f,energy-spectral-flux-glass-tail-v2,421,source_amplitude_preserved_no_normalization
train,gunshot_gunfire__fsd50k__dev__118450__0009__r0.wav,gunshot_gunfire,FSD50K,dev,118450,freesound:118450,118450.wav,7.128005,44100,1.139932,1.0,0.323084,5.297149,61.474843,-36.9934,-9.0768,0,0,c7e625f0db9cd6e11d29f3c4846c0d064b31f5d4c9730e1c5e9d8a468d785a7e,ea699cb5eff001ce99dfa10485666be2dd8fee18be011f3b109b5b24ca4e0046,energy-spectral-flux-glass-tail-v2,421,source_amplitude_preserved_no_normalization
train,gunshot_gunfire__fsd50k__dev__127846__0010__r0.wav,gunshot_gunfire,FSD50K,dev,127846,freesound:127846,127846.wav,7.536621,44100,1.080068,1.0,0.279615,4.82009,11.533498,-14.4419,-10.3511,0,0,529f7862233915bab90e4543228187e489c56ccba2b2ee18facdaaf8b5a41e61,80542fde8ba98e632837e82b2f4b2f37b95c3099d06263528b377f46579c754d,energy-spectral-flux-glass-tail-v2,421,source_amplitude_preserved_no_normalization
train,gunshot_gunfire__fsd50k__dev__128293__0011__r0.wav,gunshot_gunfire,FSD50K,dev,128293,freesound:128293,128293.wav,1.497982,44100,1.29458,1.0,0.355873,6.86935,12.736094,-43.7017,-2.4038,0,19436,f3cb1817cf02f3fa71603f54a0fd005885a501d7fdb96c13d188d807ccb694d7,c88dd127ca8aaa51ccd133c0438de535d28d015d8201ee706d42c68255165f4c,energy-spectral-flux-glass-tail-v2,421,source_amplitude_preserved_no_normalization
train,gunshot_gunfire__fsd50k__dev__128294__0012__r0.wav,gunshot_gunfire,FSD50K,dev,128294,freesound:128294,128294.wav,1.497982,44100,1.29458,1.0,0.336145,5.948362,18.826011,-41.7158,-1.1386,0,20306,56c6232c318fbe95f15f0eaa1f61f0650ee5f66ea75529e72a3610908d0c2404,0b36031501895ff20f08d18db109ed64f1635e684b1b4f75542c3039f475e8bc,energy-spectral-flux-glass-tail-v2,421,source_amplitude_preserved_no_normalization
train,gunshot_gunfire__fsd50k__dev__128296__0013__r0.wav,gunshot_gunfire,FSD50K,dev,128296,freesound:128296,128296.wav,1.497982,44100,1.29458,1.0,0.429909,6.326586,14.870359,-43.7017,-1.3031,0,16171,ce173af197107d2e62750632523205026956e5a8ae191c43b6702155e84ca00f,c463c8652197003ba25d453ae28e5ea7eb88a467ee561bd23ae7aeb22debbe5d,energy-spectral-flux-glass-tail-v2,421,source_amplitude_preserved_no_normalization
train,gunshot_gunfire__fsd50k__dev__128297__0014__r0.wav,gunshot_gunfire,FSD50K,dev,128297,freesound:128297,128297.wav,1.497982,44100,1.29458,1.0,0.451247,5.853209,23.081407,-41.7158,-1.6658,0,15230,b98d9172e4101f1ab70843303aa5cb0b68b25b5db8ae7287e86f74ac09f53e48,67a74906a8a7fc1ae9aaf1a139ba94ddababc57339bef4058c74c071eddc03f7,energy-spectral-flux-glass-tail-v2,421,source_amplitude_preserved_no_normalization
train,gunshot_gunfire__fsd50k__dev__128298__0015__r0.wav,gunshot_gunfire,FSD50K,dev,128298,freesound:128298,128298.wav,1.497982,44100,0.770771,1.0,0.284218,2.375479,7.568006,-35.0416,-1.6303,0,0,70986c901d09a8d3c472eda6c3b71d1c6758e6e3d2c868ccb2cd8106fa69d51d,b467af1c60db90f36106e643953de9dbd9fb921a2915be967b733d4d56f1de4e,energy-spectral-flux-glass-tail-v2,421,source_amplitude_preserved_no_normalization
train,gunshot_gunfire__fsd50k__dev__128299__0016__r0.wav,gunshot_gunfire,FSD50K,dev,128299,freesound:128299,128299.wav,1.497982,44100,1.29458,1.0,0.635714,6.202199,19.591824,-42.7725,-0.4175,0,7095,646d25a34c1bdf6a59fc9a4db9580660a9f734c868c8e1f7850cebef60a9b0b8,2100d413e31bc1ec96b2607c845a2b8af5d3cded4a457e8c7cb2d0dac0e36608,energy-spectral-flux-glass-tail-v2,421,source_amplitude_preserved_no_normalization
train,gunshot_gunfire__fsd50k__dev__128301__0017__r0.wav,gunshot_gunfire,FSD50K,dev,128301,freesound:128301,128301.wav,1.497982,44100,1.29458,1.0,0.253084,6.144732,19.583962,-42.4712,-1.1946,0,23969,c4dce5ca4736a282d4bcaa8c43bae1f22f33fe95dd4e0c6ade64fc07a5eb2d38,ca7443a53dd5bdd4a57444535c576d70b8a1f8740bf1723f88e9b9f5fb73ff68,energy-spectral-flux-glass-tail-v2,421,source_amplitude_preserved_no_normalization
train,gunshot_gunfire__fsd50k__dev__132551__0018__r0.wav,gunshot_gunfire,FSD50K,dev,132551,freesound:132551,132551.wav,0.925828,44100,0.646054,1.0,0.21678,4.218447,9.879374,-46.3898,-7.714,0,22202,099f80d8d5da5c35c54da0f51138f58ccd318780b3309408bd53a1f952a4760b,23a07118c8463c0c8228fa875a7b75d07c6b6688e28f9d114e7f48ef0706b224,energy-spectral-flux-glass-tail-v2,421,source_amplitude_preserved_no_normalization
train,gunshot_gunfire__fsd50k__dev__136766__0019__r0.wav,gunshot_gunfire,FSD50K,dev,136766,freesound:136766,136766.wav,0.851565,44100,0.6261,1.0,0.582608,2.710172,7.491783,-37.5232,-0.8623,0,8464,d73214c6ebc92f1d253465c65c58b38b7f5f7b9afdd81f6fc9498b455d17c9f4,546e1c4a172e454442601649419307a498c87af281d792b39175c49d70a586d4,energy-spectral-flux-glass-tail-v2,421,source_amplitude_preserved_no_normalization
train,gunshot_gunfire__fsd50k__dev__139028__0020__r0.wav,gunshot_gunfire,FSD50K,dev,139028,freesound:139028,139028.wav,3.818367,44100,0.132222,1.0,0.556417,7.771966,81.496002,-21.8975,-0.3682,18707,0,5ded22b9a6c9d67df52d706a0b97e3baf45d1280bffd0b66312a90df78aab833,294f1a8c48ec0d9eac4bbe85eccb93281c14b8ec66bf1dc5b2e9e5117ce771db,energy-spectral-flux-glass-tail-v2,421,source_amplitude_preserved_no_normalization
train,gunshot_gunfire__fsd50k__dev__145206__0021__r0.wav,gunshot_gunfire,FSD50K,dev,145206,freesound:145206,145206.wav,6.739592,44100,0.256939,1.0,0.536372,6.392847,18.741071,-8.4648,-2.9852,12323,0,3b4618788f5d55ad7e55a31b991f079bcb762708966a865f85a8e06b92835f23,fdbdef03692156c564918ac0d1aeb1a1ab79046692027ba3544c1fc435503501,energy-spectral-flux-glass-tail-v2,421,source_amplitude_preserved_no_normalization
train,gunshot_gunfire__fsd50k__dev__145580__0022__r0.wav,gunshot_gunfire,FSD50K,dev,145580,freesound:145580,145580.wav,17.049048,44100,1.703651,1.0,0.320204,5.365985,11.647665,-4.8455,-1.8072,0,0,19f658f22ecb781d361c5e17e5d55571a8ed9af1d665373e42ccf811ae79727a,ab2062ed019a20a8cb349c20cdc6711353d22adb23441d2cf0b44dd807c76066,energy-spectral-flux-glass-tail-v2,421,source_amplitude_preserved_no_normalization
train,gunshot_gunfire__fsd50k__dev__145609__0023__r0.wav,gunshot_gunfire,FSD50K,dev,145609,freesound:145609,145609.wav,7.915102,44100,2.002971,1.0,0.413379,4.798451,10.727789,-5.9618,-3.222,0,0,82467cc75b898191f4eeb608b03d8b3ad8ede35445caaa6350d1dedc530a4703,efa7b3b94defeb73d15e8e18aa7f3080162e42f1c86443145dd06adc7d6621fe,energy-spectral-flux-glass-tail-v2,421,source_amplitude_preserved_no_normalization
train,gunshot_gunfire__fsd50k__dev__148828__0024__r0.wav,gunshot_gunfire,FSD50K,dev,148828,freesound:148828,148828.wav,4.127347,44100,3.389819,1.0,0.261519,8.401754,66.251881,-32.2209,-5.6558,0,42,bdf7dd38d1f99ebcaf1d66ac71ad6f2d11bef668b270bb3303c7da19f3e55538,c706c841bd4a5a6fd5e37fee50ee00d19c2a84ff2fd1c701614ea9fb70b4b480,energy-spectral-flux-glass-tail-v2,421,source_amplitude_preserved_no_normalization
train,gunshot_gunfire__fsd50k__dev__148831__0025__r0.wav,gunshot_gunfire,FSD50K,dev,148831,freesound:148831,148831.wav,4.466939,44100,0.022472,1.0,0.328231,6.651765,12.779632,-25.6036,-5.5149,13484,0,3a006056e431e62ef9e371cbe6d5844c372356d59232c93113987a6b74cd7e3a,7603661e11086d665990717b075aa6f494767c0299b2d847de263a4d7deadd0d,energy-spectral-flux-glass-tail-v2,421,source_amplitude_preserved_no_normalization
train,gunshot_gunfire__fsd50k__dev__148832__0026__r0.wav,gunshot_gunfire,FSD50K,dev,148832,freesound:148832,148832.wav,5.955918,44100,2.122698,1.0,0.247166,6.892146,13.156982,-36.2559,-4.6737,0,0,b577e90072e3ab8d1a75146e79557b90f08eb70662e8f26ee7e7094c6c1da378,021544fced3aa0a43b3b8bbaedd478af41490fdf2716b4ea8a333fe88e1f2a1b,energy-spectral-flux-glass-tail-v2,421,source_amplitude_preserved_no_normalization
train,gunshot_gunfire__fsd50k__dev__148836__0027__r0.wav,gunshot_gunfire,FSD50K,dev,148836,freesound:148836,148836.wav,6.478367,44100,1.339478,1.0,0.486825,6.176128,10.143953,-37.6314,-5.9067,0,0,5b0857a8fb9717d0351b590bd043991f1b1b25e9f5d844b45b7e86d3e018603f,47269802437b6cfe3c55e8ecee889fd9af37e5c34b2213d13963ab9454693191,energy-spectral-flux-glass-tail-v2,421,source_amplitude_preserved_no_normalization
train,gunshot_gunfire__fsd50k__dev__148837__0028__r0.wav,gunshot_gunfire,FSD50K,dev,148837,freesound:148837,148837.wav,4.545306,44100,1.578934,1.0,0.498367,6.41643,17.098723,-36.9826,-3.7747,0,0,21c74b255bd13004b8fdf305b25499bc381087935bab0bf4c746c496d217a69c,f84ef56485788cd9a8236ce6f296ef181ce3a6357979504393d5649ca2623e62,energy-spectral-flux-glass-tail-v2,421,source_amplitude_preserved_no_normalization
train,gunshot_gunfire__fsd50k__dev__148838__0029__r0.wav,gunshot_gunfire,FSD50K,dev,148838,freesound:148838,148838.wav,3.84,44100,2.586644,1.0,0.638277,7.739909,13.362251,-34.8501,-3.7337,0,0,770d4c7d7acec7c93b4bc8d5472c82b6b80df09bfcaaaf11440869f8e557ae56,8bf7eb42682731aeb20c18eafcf4536890e771ac4f16bbbb07fd7e612424574b,energy-spectral-flux-glass-tail-v2,421,source_amplitude_preserved_no_normalization
train,gunshot_gunfire__fsd50k__dev__151065__0030__r0.wav,gunshot_gunfire,FSD50K,dev,151065,freesound:151065,151065.wav,1.759161,44100,0.895488,1.0,0.47059,5.040209,12.801133,-33.388,-14.59,0,0,fd5502e4eba52c230d7b69f9023b53835426f25dce27d2c3ca861cd06e4e8c30,8915ff16b91ce85196009afe64a744235cdd08df79fa5ebf55808186b1d95eec,energy-spectral-flux-glass-tail-v2,421,source_amplitude_preserved_no_normalization
train,gunshot_gunfire__fsd50k__dev__151066__0031__r0.wav,gunshot_gunfire,FSD50K,dev,151066,freesound:151066,151066.wav,1.302698,44100,0.052404,1.0,0.397528,4.852058,16.0423,-15.3004,-12.1338,15220,0,03a482aaa183633503a62f862b2938ddce1b83d72c2f12279da154816d2b1fea,d89cc06212264a434005d8979b8744e0c498f530a61991879b1302b469ead1d3,energy-spectral-flux-glass-tail-v2,421,source_amplitude_preserved_no_normalization
train,gunshot_gunfire__fsd50k__dev__151069__0032__r0.wav,gunshot_gunfire,FSD50K,dev,151069,freesound:151069,151069.wav,1.871429,44100,1.030181,1.0,0.503447,5.336968,15.527346,-31.3173,-14.109,0,0,d729f23e3f9e0a0bcefdb72303c14a6e64e14d342848e538dc8093fa0f364563,6a7a3adb6c2c278fe7fbabb9d8b6343cdae782bb84c9c57dfdbd81bb18796e4c,energy-spectral-flux-glass-tail-v2,421,source_amplitude_preserved_no_normalization
train,gunshot_gunfire__fsd50k__dev__151072__0033__r0.wav,gunshot_gunfire,FSD50K,dev,151072,freesound:151072,151072.wav,1.31644,44100,0.062381,1.0,0.419796,5.012925,17.347856,-28.5567,-15.0727,15762,0,a69285700354b985caee5d5fe0eafc52dbc82b2b824fb064b2cc0a3c51d20cad,21f66c5ea567e1d2fe371da674dda8d4993db43cc7c206ec7324131e6690878c,energy-spectral-flux-glass-tail-v2,421,source_amplitude_preserved_no_normalization
train,gunshot_gunfire__fsd50k__dev__151075__0034__r0.wav,gunshot_gunfire,FSD50K,dev,151075,freesound:151075,151075.wav,3.451315,44100,1.928141,1.0,0.477256,5.398628,12.803753,-27.2657,-10.8807,0,0,02d85695963d0d135e4984ce7e53eceb6f37446db72a4b4208849077d25e6f54,0b50d807f1f70a259c20b778cf43be9ca30e17d0a4afa3bc172afb0747c2889b,energy-spectral-flux-glass-tail-v2,421,source_amplitude_preserved_no_normalization
train,gunshot_gunfire__fsd50k__dev__157206__0035__r0.wav,gunshot_gunfire,FSD50K,dev,157206,freesound:157206,157206.wav,19.689569,44100,11.670998,1.0,0.327211,7.532487,13.927688,-50.4258,-15.7944,0,0,7d98a37394558796c7898ca447a697845a71e353e3158c439a7513bf8766b24e,91d54172a316f73d020dbeefdb2f7b6270669ada034b2fef79db503bb4db541f,energy-spectral-flux-glass-tail-v2,421,source_amplitude_preserved_no_normalization
train,gunshot_gunfire__fsd50k__dev__157207__0036__r0.wav,gunshot_gunfire,FSD50K,dev,157207,freesound:157207,157207.wav,20.802585,44100,11.207052,1.0,0.246508,8.124768,35.517384,-35.1556,-17.7255,0,0,ef3e78eae51a5a3308933470a72f27e91def4b7dbb92842ae6cee1859274448d,40f8ce9ced07595b8934bb6856f046ddfae5752768555827ad52a856ccab2239,energy-spectral-flux-glass-tail-v2,421,source_amplitude_preserved_no_normalization
train,gunshot_gunfire__fsd50k__dev__157799__0037__r0.wav,gunshot_gunfire,FSD50K,dev,157799,freesound:157799,157799.wav,2.298776,44100,1.708639,1.0,0.285918,6.228662,11.062629,-33.2798,-0.9541,0,5466,aa574e6f6f7779d9dfced78e1aec3c9da4abfb2cea2010807edb539868e7f423,21239701f62948f68887b4ce3fd87bf641925223b2323519e4b792a02e20d584,energy-spectral-flux-glass-tail-v2,421,source_amplitude_preserved_no_normalization
train,gunshot_gunfire__fsd50k__dev__157800__0038__r0.wav,gunshot_gunfire,FSD50K,dev,157800,freesound:157800,157800.wav,1.17551,44100,0.81068,1.0,0.582766,5.228214,9.892944,-33.0818,-1.3968,0,2311,a3fe93b974270c332e68a48747b81f4925f520240d6b23b3cea6060bcf9b12f1,b62d3d63227de85a2d878989304af3452cd9e71c015575083c335c3c417f6675,energy-spectral-flux-glass-tail-v2,421,source_amplitude_preserved_no_normalization
train,gunshot_gunfire__fsd50k__dev__157801__0039__r0.wav,gunshot_gunfire,FSD50K,dev,157801,freesound:157801,157801.wav,2.56,44100,0.825646,1.0,0.380726,5.508618,12.081992,-30.3472,-1.1067,0,0,2991012cf592d9a4a62497e19cd675f80ab1224e0a769336bdcee52f958997c5,78a93e18d561a18e0bb3650e815d8020d9124a9df30529d5de0dbd11709c521c,energy-spectral-flux-glass-tail-v2,421,source_amplitude_preserved_no_normalization
train,gunshot_gunfire__fsd50k__dev__158977__0040__r0.wav,gunshot_gunfire,FSD50K,dev,158977,freesound:158977,158977.wav,1.886576,44100,0.10229,1.0,0.572268,6.515098,15.92413,-18.4538,-17.4178,20726,0,78a5376ae682099162c2e9ff7dae72951aeba394ffdbccb04787c9729468a986,2ed1c93fccb57acc4c22c98adf42c7183cf43da0b6960f038f1e425ffde47546,energy-spectral-flux-glass-tail-v2,421,source_amplitude_preserved_no_normalization
train,gunshot_gunfire__fsd50k__dev__158978__0041__r0.wav,gunshot_gunfire,FSD50K,dev,158978,freesound:158978,158978.wav,1.737528,44100,0.117256,1.0,0.579342,6.66085,18.958128,-18.8837,-17.5197,20378,0,a78a19f28c9dbcd9fb95fca51b7461b29cb2c14f62fb2fcbc2f214bcb0491978,5ef84410aa09595f8d7c95489f3aaca0c55492e9eefe9f937180d5801f43de1f,energy-spectral-flux-glass-tail-v2,421,source_amplitude_preserved_no_normalization
train,gunshot_gunfire__fsd50k__dev__158979__0042__r0.wav,gunshot_gunfire,FSD50K,dev,158979,freesound:158979,158979.wav,2.512925,44100,0.222018,1.0,0.416145,6.050768,13.785186,-14.9577,-14.6519,8561,0,31297776aed5d50b229233933e8ef09e98ec1981361e4a714940578db3f93587,e83d2ef88c6a7dae1398ce4afda5de7b5ad7a8b739c9e1094bcf3517e0854bf9,energy-spectral-flux-glass-tail-v2,421,source_amplitude_preserved_no_normalization
train,gunshot_gunfire__fsd50k__dev__159703__0043__r0.wav,gunshot_gunfire,FSD50K,dev,159703,freesound:159703,159703.wav,1.872018,44100,1.339478,1.0,0.545442,6.443219,15.295309,-38.8366,-0.771,0,0,6660c5b2eef9a5d261d9809bc998efc17108c01a5cc8ef2e2aafe77c82efcbb0,d299677e300a6ae10c513870bc17f87947ff21c84a0e283d3935378815eb10c6,energy-spectral-flux-glass-tail-v2,421,source_amplitude_preserved_no_normalization
train,gunshot_gunfire__fsd50k__dev__159704__0044__r0.wav,gunshot_gunfire,FSD50K,dev,159704,freesound:159704,159704.wav,3.808005,44100,2.30229,1.0,0.396032,6.20653,10.403892,-39.6448,-10.1533,0,0,3ba25ff390ee425bcdea2ecf81fe1df39dcd091eb5e53856b1aaf00348d5d74f,36c83b9491ae661216193ae3a48113325372a4b5aff7cfcc6a69c1c3a5613773,energy-spectral-flux-glass-tail-v2,421,source_amplitude_preserved_no_normalization
train,gunshot_gunfire__fsd50k__dev__159705__0045__r0.wav,gunshot_gunfire,FSD50K,dev,159705,freesound:159705,159705.wav,4.64,44100,0.222018,1.0,0.318435,7.255337,13.682679,-7.7252,-0.1427,4252,0,11e13eb29b5c7ade00d890e8fc047a0dd5144bf1bc11a4ffc5290ee878c4dcb3,b0f7cdf4b747b9e09a9b4695930ed47e28e3564d8150d48b808fbece228f1b43,energy-spectral-flux-glass-tail-v2,421,source_amplitude_preserved_no_normalization
train,gunshot_gunfire__fsd50k__dev__159706__0046__r0.wav,gunshot_gunfire,FSD50K,dev,159706,freesound:159706,159706.wav,3.162653,44100,1.918163,1.0,0.283991,7.980183,10.643812,-42.9063,-3.6728,0,0,743f5d451ca6aa215620d9f63a18d23ce96191df7a212d0c7238422bddce6a8a,e80e76882ef8ffd177c53ec9b61e5908ce91555b635296058b64b7fb1a243ce3,energy-spectral-flux-glass-tail-v2,421,source_amplitude_preserved_no_normalization
train,gunshot_gunfire__fsd50k__dev__159708__0047__r0.wav,gunshot_gunfire,FSD50K,dev,159708,freesound:159708,159708.wav,2.453333,44100,0.955351,1.0,0.561882,8.173532,8.05931,-0.0582,-0.0088,0,0,e44738d20aa22cda07729720172554a18c94e5e7dc337110d47ac818f8c66a9c,d875716a1abcab8f9354bbff788dadc12b8c7fad13fa2399e861a2956288947a,energy-spectral-flux-glass-tail-v2,421,source_amplitude_preserved_no_normalization
train,gunshot_gunfire__fsd50k__dev__159710__0048__r0.wav,gunshot_gunfire,FSD50K,dev,159710,freesound:159710,159710.wav,3.088005,44100,0.037438,1.0,0.466599,8.016786,19.225226,-38.7028,-0.143,18926,0,b4cb9f8c4ca696471e45da130d5ca5a855cc3ce03fbfb03666230e1f81a9cf0d,cf7651a4ba3a2d01f4408322ffb3ded95ee1f9bcc1905f220d8f9e06578f792c,energy-spectral-flux-glass-tail-v2,421,source_amplitude_preserved_no_normalization
train,gunshot_gunfire__fsd50k__dev__160355__0049__r0.wav,gunshot_gunfire,FSD50K,dev,160355,freesound:160355,160355.wav,6.276508,44100,3.285057,1.0,0.48805,6.207251,13.770083,-19.3583,-10.1132,0,0,4432701db8f8bffba57da1c86ebcffd5b9cfb9715c5670cb35a05c375aca7fbc,bc93bf300f6bdb303b1e130d91f5c55d5e109cc6132dfe4da154e90a48d7fce9,energy-spectral-flux-glass-tail-v2,421,source_amplitude_preserved_no_normalization
train,gunshot_gunfire__fsd50k__dev__160772__0050__r0.wav,gunshot_gunfire,FSD50K,dev,160772,freesound:160772,160772.wav,14.027596,44100,0.930408,1.0,0.216667,7.379462,23.366876,-51.251,-7.8506,0,0,e1c56fcb241e3d86605dab120ecf4e184d0b7b21df52248217e436d25753a031,e2bc9c851f21acc18a69a9cc31b056c6733d29e759c0d5e0d3370ea196fe49c7,energy-spectral-flux-glass-tail-v2,421,source_amplitude_preserved_no_normalization
train,gunshot_gunfire__fsd50k__dev__160773__0051__r0.wav,gunshot_gunfire,FSD50K,dev,160773,freesound:160773,160773.wav,17.465125,44100,12.923152,1.0,0.601995,7.815229,13.766128,-49.0382,-15.94,0,0,72f505a48bfcf0b15fc6c9dbe0194d4e9d5ef712ef816b718d06a09460038776,23d69a4ff393e4c038223777067bc10a10f07caa4ab86738402d41dc8e40027e,energy-spectral-flux-glass-tail-v2,421,source_amplitude_preserved_no_normalization
train,gunshot_gunfire__fsd50k__dev__161968__0052__r0.wav,gunshot_gunfire,FSD50K,dev,161968,freesound:161968,161968.wav,1.89254,44100,0.725873,1.0,0.354263,5.368133,7.413979,-35.5789,-7.1233,0,0,3b744f6c14e4574905a81df1f4fa369b980c73399ca3ddb5c29324ee68cea647,f7d65f05e4bd69cf73323a7be142b6553ef160a865c313bd48dff2452cf76268,energy-spectral-flux-glass-tail-v2,421,source_amplitude_preserved_no_normalization
train,gunshot_gunfire__fsd50k__dev__161969__0053__r0.wav,gunshot_gunfire,FSD50K,dev,161969,freesound:161969,161969.wav,1.850612,44100,1.149909,1.0,0.405079,5.523929,7.116486,-33.7106,-8.3405,0,0,ebb7081ee2c7cc81e6f26596815164e2b6c8849d1178d14faef71cef9b482382,0c0633057259f67f7868e38df6ee10ccd5c9200968aedc9d1c2ef7c3864ee269,energy-spectral-flux-glass-tail-v2,421,source_amplitude_preserved_no_normalization
train,gunshot_gunfire__fsd50k__dev__161970__0054__r0.wav,gunshot_gunfire,FSD50K,dev,161970,freesound:161970,161970.wav,1.734785,44100,1.174853,1.0,0.271315,5.197144,10.290634,-23.3611,-7.2005,0,7442,04cc110c850caa5ba2555c42008af1da26799c9e2455a1f575db8ff55cd47686,8676cf4ab6ac5287d836d6a81ed1637d7f1846ae5e232ff19357e49da0afc450,energy-spectral-flux-glass-tail-v2,421,source_amplitude_preserved_no_normalization
train,gunshot_gunfire__fsd50k__dev__162258__0055__r0.wav,gunshot_gunfire,FSD50K,dev,162258,freesound:162258,162258.wav,1.233265,44100,0.656032,1.0,0.423288,5.305499,7.297648,-27.2884,-11.295,0,0,00fa9f7afa4d9f9e1727ce0625c4ca62baf21cade5c0e1d12e0c7b016c063417,8cdab9742154945aff541bfdfc68fb9ee416ff3f483dbcbb2f6e1f9c452aa049,energy-spectral-flux-glass-tail-v2,421,source_amplitude_preserved_no_normalization
train,gunshot_gunfire__fsd50k__dev__162262__0056__r0.wav,gunshot_gunfire,FSD50K,dev,162262,freesound:162262,162262.wav,6.531451,44100,1.943107,1.0,0.287256,5.01017,7.678193,-41.9089,-17.7827,0,0,77d41e3ce82dd25dd07d4ff0d719370fad3f80f827a17c5744e9cc57f6410f12,883070e192cb1be3c62abbeb99061ecc91b26e09985d82b7e40090d0497532ca,energy-spectral-flux-glass-tail-v2,421,source_amplitude_preserved_no_normalization
train,gunshot_gunfire__fsd50k__dev__162263__0057__r0.wav,gunshot_gunfire,FSD50K,dev,162263,freesound:162263,162263.wav,14.17644,44100,8.75263,1.0,0.599002,5.634403,10.360801,-12.2181,-6.25,0,0,3e10f2d957204c6e22e74a1f7bd4721644ea7fb579ebc6b1851b2bba608b1cb8,5e8bc77622cd2c744478d067ad31d845e148216af15ead8b33eed2c7d9c44112,energy-spectral-flux-glass-tail-v2,421,source_amplitude_preserved_no_normalization
train,gunshot_gunfire__fsd50k__dev__162397__0058__r0.wav,gunshot_gunfire,FSD50K,dev,162397,freesound:162397,162397.wav,0.947937,44100,0.037438,1.0,0.297937,3.446921,20.579779,-28.0173,-4.1028,11488,0,5b5a0e33ad53a650e25dd686d5ee883fcbdefc5d2dafa959a67c18eb0a01aa19,704c033ba5de73a0ea76617a5b200865d0a0a8a253a8f8203b0fd9f3ae3d1809,energy-spectral-flux-glass-tail-v2,421,source_amplitude_preserved_no_normalization
train,gunshot_gunfire__fsd50k__dev__162398__0059__r0.wav,gunshot_gunfire,FSD50K,dev,162398,freesound:162398,162398.wav,0.808798,44100,0.047415,1.0,0.292993,3.152989,23.987935,-30.7796,-4.3668,10830,0,4412cc1081a3effd05ca0d099d10f8a9e08d2fc25cb01680e0add4e35d46f0d8,78e30c1eb3505c38f6549ea8af334c8f58d35a8700316877ce6d389a6f159734,energy-spectral-flux-glass-tail-v2,421,source_amplitude_preserved_no_normalization
train,gunshot_gunfire__fsd50k__dev__162403__0060__r0.wav,gunshot_gunfire,FSD50K,dev,162403,freesound:162403,162403.wav,0.935102,44100,0.022472,1.0,0.575351,3.849865,12.299186,-4.7669,-4.0467,24382,0,20aac7be99ed86e6ffb2885493f4979dfd9ce2c8cdc1ebe3196fd74e33d5f236,55221311b906f5cab08bae04bf30643b70dcbe1eca92eb6fec68157467dac4c7,energy-spectral-flux-glass-tail-v2,421,source_amplitude_preserved_no_normalization
train,gunshot_gunfire__fsd50k__dev__162431__0061__r0.wav,gunshot_gunfire,FSD50K,dev,162431,freesound:162431,162431.wav,6.549433,44100,0.052404,1.0,0.391247,5.411932,18.20871,-9.9627,-3.3194,14943,0,4814ce35192e6d7570b4b69fee7258b4a8279ea6e2b3e9dfb2205d966972b97d,9b4eabbec18d044e490bd1910e8c39c35e7df0397a0fa52048babab60f1f4761,energy-spectral-flux-glass-tail-v2,421,source_amplitude_preserved_no_normalization
train,gunshot_gunfire__fsd50k__dev__162434__0062__r0.wav,gunshot_gunfire,FSD50K,dev,162434,freesound:162434,162434.wav,3.361474,44100,2.541746,1.0,0.473152,5.275295,15.458726,-9.9998,-4.7172,0,0,48c1d185e33f0dd987b94bfaa17d3246534d1e2e5daa36eb64b10f6c5832e36e,8d559ac8eb6f4d003b8cd8a336d054c0ca8940a1b55cef9b514fad8e95a7e66b,energy-spectral-flux-glass-tail-v2,421,source_amplitude_preserved_no_normalization
train,gunshot_gunfire__fsd50k__dev__162436__0063__r0.wav,gunshot_gunfire,FSD50K,dev,162436,freesound:162436,162436.wav,1.796803,44100,0.306825,1.0,0.531973,2.783012,30.814522,-9.1369,-5.5824,9929,0,b95bfbfb98a58035d5ff842e161a6c946c0673f20f4e78817afe822f66a59bf4,e03ec2c5b30071614ec7b8c8ae789ab882b1ac4bad3789e4e7c2e3882e6b22dd,energy-spectral-flux-glass-tail-v2,421,source_amplitude_preserved_no_normalization
train,gunshot_gunfire__fsd50k__dev__163455__0064__r0.wav,gunshot_gunfire,FSD50K,dev,163455,freesound:163455,163455.wav,0.691678,44100,0.306825,1.0,0.329456,5.085092,20.817569,-25.7943,-10.0827,998,12599,5ac190890e271e661a187bbd4f34e3526f62b4a726a567bc09dca678266c80c8,2e02159eda17bc0cb1279e858bd7f7c7e3d9e6c39470bae4029be5ac26e3bf96,energy-spectral-flux-glass-tail-v2,421,source_amplitude_preserved_no_normalization
train,gunshot_gunfire__fsd50k__dev__163456__0065__r0.wav,gunshot_gunfire,FSD50K,dev,163456,freesound:163456,163456.wav,0.460771,44100,0.157166,1.0,0.392449,2.37701,6.063903,-38.7522,-7.7285,10376,13404,faf9589171ca17af6250e35c31a827ec4de833e07262f8dde8d70da4125bfd5b,ed4920a980618e877260cd862e88536b463e9115ceec84fd463e08bd97b470b8,energy-spectral-flux-glass-tail-v2,421,source_amplitude_preserved_no_normalization
train,gunshot_gunfire__fsd50k__dev__163460__0066__r0.wav,gunshot_gunfire,FSD50K,dev,163460,freesound:163460,163460.wav,0.672222,44100,0.032449,1.0,0.617302,3.867849,23.199052,-11.8702,-7.3043,25792,0,8c8f12ccec1389a7a8b5db53b48ee5260887fabc713e87df957f044c61b9c5d6,d2358439e7de74048c0bbe3b0c1dc370a25508ad83568235e48747f9193b3644,energy-spectral-flux-glass-tail-v2,421,source_amplitude_preserved_no_normalization
train,gunshot_gunfire__fsd50k__dev__164646__0067__r0.wav,gunshot_gunfire,FSD50K,dev,164646,freesound:164646,164646.wav,1.017732,44100,0.06737,1.0,0.262653,8.112802,28.627013,-35.3698,-17.8588,8612,0,ba6a8260714de813cab747b156aa122635eb757db70291419c7d3389878e94ac,f0e97c3181e8a4e29f58dce5cabe03b8361ec10ba21b4a0707be74a6019975ee,energy-spectral-flux-glass-tail-v2,421,source_amplitude_preserved_no_normalization
train,gunshot_gunfire__fsd50k__dev__164666__0068__r0.wav,gunshot_gunfire,FSD50K,dev,164666,freesound:164666,164666.wav,11.8,44100,0.311814,1.0,0.46907,5.795393,5795393117.458291,-10.7449,-9.5931,6935,0,cd59c2f176ea571f0f985cfebee637afb5ff976223ad539df29173fd9ffbdee9,cc53fefd0287245219ad1046d9c745f366b7bf8047ac25aed5f7f69a62aa0173,energy-spectral-flux-glass-tail-v2,421,source_amplitude_preserved_no_normalization
train,gunshot_gunfire__fsd50k__dev__164667__0069__r0.wav,gunshot_gunfire,FSD50K,dev,164667,freesound:164667,164667.wav,1.034354,44100,0.077347,1.0,0.562857,4.217633,21.955541,-21.7055,-20.4656,21411,0,1f2c504f1bb4a354c449ef9204083a3423b55a92fa122cf8fe61e5eb6ebc8757,aec84a679fb9f66a5d5469153796ef4a85ad702ed3713ed08fa8a7deb2a70740,energy-spectral-flux-glass-tail-v2,421,source_amplitude_preserved_no_normalization
train,gunshot_gunfire__fsd50k__dev__164937__0070__r0.wav,gunshot_gunfire,FSD50K,dev,164937,freesound:164937,164937.wav,28.512018,44100,21.438798,1.0,0.396576,8.061738,13.851593,-7.0834,-3.7428,0,0,36609711b913db36425fb6fd9d43a636a7723fefc50e5064503873de0277229a,52131839bbaabb48860af26c5419bc40774ee47f3a7b1967dfb0ff7a369b769d,energy-spectral-flux-glass-tail-v2,421,source_amplitude_preserved_no_normalization
train,gunshot_gunfire__fsd50k__dev__165391__0071__r0.wav,gunshot_gunfire,FSD50K,dev,165391,freesound:165391,165391.wav,2.563039,44100,1.204785,1.0,0.343696,4.58235,8.082506,-11.4404,-8.689,0,0,d79fcb2844e75147ef3b70be9e178b64cea50456c72d639aa82dfefca965ad85,06fd8a55c01ae8b4cc31758e4de5604ee977a7287029a21ba26a128f0bad1450,energy-spectral-flux-glass-tail-v2,421,source_amplitude_preserved_no_normalization
train,gunshot_gunfire__fsd50k__dev__165393__0072__r0.wav,gunshot_gunfire,FSD50K,dev,165393,freesound:165393,165393.wav,2.119773,44100,0.276893,1.0,0.326599,2.524471,4.564303,-9.7008,-8.6557,2192,0,8ad8837d754fedd201a263d993fba9dd9b178304281601337349c2562edd0011,1da228186f3a05c79b7ad64ccadffce5adc8b8e2e5ff64495c9eeffb9c3d1987,energy-spectral-flux-glass-tail-v2,421,source_amplitude_preserved_no_normalization
train,gunshot_gunfire__fsd50k__dev__165394__0073__r0.wav,gunshot_gunfire,FSD50K,dev,165394,freesound:165394,165394.wav,3.07941,44100,2.875986,1.0,0.251202,6.15166,16.226271,-42.472,-1.1226,0,24051,68301e94b7bfb796cd6d2a9b6a0f81214c9597a82d678e71eccac4bbe0e90266,94c32465a82431d128ab4dd1dd403ca0a0f97f6c5adb1be82c5878c2a5fe9a14,energy-spectral-flux-glass-tail-v2,421,source_amplitude_preserved_no_normalization
train,gunshot_gunfire__fsd50k__dev__165478__0074__r0.wav,gunshot_gunfire,FSD50K,dev,165478,freesound:165478,165478.wav,12.106304,44100,11.900476,1.0,0.519274,6.284337,14.92438,-36.4729,-0.8911,0,12123,a63cb119c73f02a8d0c702cd1e285171877663317bb809dd06c3f0ebc56775a1,c10ffd5d05a1f2225aee4a1ae000a1cf0765d24a306d0b32a6d9d3cdc23564ca,energy-spectral-flux-glass-tail-v2,421,source_amplitude_preserved_no_normalization
train,gunshot_gunfire__fsd50k__dev__165540__0075__r0.wav,gunshot_gunfire,FSD50K,dev,165540,freesound:165540,165540.wav,2.535488,44100,0.112268,1.0,0.385692,5.082764,23.870299,-14.336,-7.1152,12058,0,a217d21f60dbe71420962ef3084c11348d23c27d6c9303e791d44256131abbd8,8bbae24f1c1af51e7058904e689bd0ec71aeef6d89b19865f99e73107ce0bb60,energy-spectral-flux-glass-tail-v2,421,source_amplitude_preserved_no_normalization
train,gunshot_gunfire__fsd50k__dev__166076__0076__r0.wav,gunshot_gunfire,FSD50K,dev,166076,freesound:166076,166076.wav,20.161361,44100,19.932222,1.0,0.319524,6.677228,14.582829,-34.9321,-0.5505,0,19904,9b54d71278a76e82614aaea5772190ace16795cb0539ff0cf17f51bff46b4919,281c05a07e25fa19287dfb1e3218c45b6139c7adb99d34e63de24e04ce5d3705,energy-spectral-flux-glass-tail-v2,421,source_amplitude_preserved_no_normalization
train,gunshot_gunfire__fsd50k__dev__166192__0077__r0.wav,gunshot_gunfire,FSD50K,dev,166192,freesound:166192,166192.wav,1.850431,44100,1.688685,1.0,0.59542,6.182594,16.309127,-38.5621,-2.5099,0,10709,65f40bd585c6e68272551ac93fa52902625f2282eeaa7a63a595319e9a298108,53cb7135df6c05b13181e45bba5f7faa7e2f0e6da3e28bb8e19913c981ac624a,energy-spectral-flux-glass-tail-v2,421,source_amplitude_preserved_no_normalization
train,gunshot_gunfire__fsd50k__dev__171475__0078__r0.wav,gunshot_gunfire,FSD50K,dev,171475,freesound:171475,171475.wav,12.085193,44100,5.410227,1.0,0.397891,5.322517,10.540679,-15.3291,-9.6734,0,0,38cab32080f64b205a3aab60d842152e42a58fd6ffaa666e42b7141aa84ee845,48612f9701a5587b249af9ba35adafde7e438a03b587776ef51c598ea5c4321e,energy-spectral-flux-glass-tail-v2,421,source_amplitude_preserved_no_normalization
train,gunshot_gunfire__fsd50k__dev__178180__0079__r0.wav,gunshot_gunfire,FSD50K,dev,178180,freesound:178180,178180.wav,14.214195,44100,12.983016,1.0,0.259456,5.456627,9.44527,-28.2447,-0.8092,0,0,3dd6842c34d88cd362e49758db451fd45b276fe903810f17ba745f6d0a1ad76a,018efdddf8887ba147cd15a9c79426fdfdf9b2b34f5a0dc325c4aff8c446eecf,energy-spectral-flux-glass-tail-v2,421,source_amplitude_preserved_no_normalization
train,gunshot_gunfire__fsd50k__dev__182051__0080__r0.wav,gunshot_gunfire,FSD50K,dev,182051,freesound:182051,182051.wav,1.949728,44100,0.311814,1.0,0.317347,4.988571,14.266947,-10.0279,-3.2698,244,0,10a7279690f5ee310d153c5a13a831805ed3c394f9bd2d7741d1bc1cd9f60978,06aa4a7001e8adc1427437838b373355f0e68a2b004e1ce9265da140cf4f03ba,energy-spectral-flux-glass-tail-v2,421,source_amplitude_preserved_no_normalization
train,gunshot_gunfire__fsd50k__dev__182429__0081__r0.wav,gunshot_gunfire,FSD50K,dev,182429,freesound:182429,182429.wav,3.0,44100,0.611134,1.0,0.618821,4.947235,29.384268,-12.984,-4.8687,339,0,65f8da3756811b02194158009f15eb8d10b1bf187388542ec8e720825c600e30,8884933a0c9124b6fb57065b8626473daa62cb459d60b22109e2bd9043b247a4,energy-spectral-flux-glass-tail-v2,421,source_amplitude_preserved_no_normalization
train,gunshot_gunfire__fsd50k__dev__182431__0082__r0.wav,gunshot_gunfire,FSD50K,dev,182431,freesound:182431,182431.wav,3.0,44100,0.17712,1.0,0.495941,8.623617,183.68327,-23.9106,-9.1169,14060,0,7918ab207ae87e4a232dcb9217fa0d8ccbb5bd5b21daeaba695d1d1b058179c3,0a0743006e034866876cee5b3672fb001dc41fe72ad83f5f7306dd1781bcf541,energy-spectral-flux-glass-tail-v2,421,source_amplitude_preserved_no_normalization
train,gunshot_gunfire__fsd50k__dev__182435__0083__r0.wav,gunshot_gunfire,FSD50K,dev,182435,freesound:182435,182435.wav,23.314376,44100,19.987098,1.0,0.457664,5.858878,56.532624,-38.0408,-0.6754,0,0,6e00dd3d9a0e40862d551e0b8e8c6c860b8a8c3071e41939aa0b5dc545c34b54,85bbb23835b9418dd82273ffb67a10310a53e457938b00b7d04107c7667f1a91,energy-spectral-flux-glass-tail-v2,421,source_amplitude_preserved_no_normalization
train,gunshot_gunfire__fsd50k__dev__182790__0084__r0.wav,gunshot_gunfire,FSD50K,dev,182790,freesound:182790,182790.wav,6.098549,44100,0.386644,1.0,0.512812,8.0,24.612717,-48.4941,-4.8043,5564,0,73a795b01899354be27e3a65a6c1e2a43f6e5130121557410adfcabebe04b9e7,1fb4f8f689d5d121a70e05c95e1c72f5a1771f20f2832b596d9402aa2272fff3,energy-spectral-flux-glass-tail-v2,421,source_amplitude_preserved_no_normalization
train,gunshot_gunfire__fsd50k__dev__182806__0085__r0.wav,gunshot_gunfire,FSD50K,dev,182806,freesound:182806,182806.wav,3.551066,44100,0.785737,1.0,0.32424,1.503049,8.382066,-47.7765,-17.1822,0,0,0ccfb1ecc883524430d244666713ed1880840a024fee3eaa744fbb87113af8ca,b81b6bbc69400edeb4ca255bf6dbb8effe6a64cd344f978d316b3725ef0e24fb,energy-spectral-flux-glass-tail-v2,421,source_amplitude_preserved_no_normalization
train,gunshot_gunfire__fsd50k__dev__184275__0086__r0.wav,gunshot_gunfire,FSD50K,dev,184275,freesound:184275,184275.wav,18.0,44100,4.796621,1.0,0.483492,6.080075,14.637916,-26.8517,-2.8498,0,0,6efc093fca06ce7289b08caa05a51111bfa5232cc7db09c626d9829e247a74a1,129a4168ed5aeb122de79418d5a16d90bba0bb924881b5c809cc0d4d6f1cfbd0,energy-spectral-flux-glass-tail-v2,421,source_amplitude_preserved_no_normalization
train,gunshot_gunfire__fsd50k__dev__184418__0087__r0.wav,gunshot_gunfire,FSD50K,dev,184418,freesound:184418,184418.wav,7.0,44100,0.990272,1.0,0.357052,10.0,226.88492,-42.2855,-5.6176,0,0,2cf3fec35302902c7be0331f92b11f6f145ff516d04baac6fc9a3eaa1b1a69a8,672eed4811533ba8728c8ab299e99b426f3463fbf73cbbcbbb619aa67b78d6cc,energy-spectral-flux-glass-tail-v2,421,source_amplitude_preserved_no_normalization
train,gunshot_gunfire__fsd50k__dev__187702__0088__r0.wav,gunshot_gunfire,FSD50K,dev,187702,freesound:187702,187702.wav,9.960544,44100,2.611587,1.0,0.453878,7.287967,13.094214,-32.0248,-14.1341,0,0,41ec8576362fa99e75161284dab04632478a6aefe299a5a818f66c1a0f10832b,cde082a12f5a4e1c41b97665943eb0e93f9cf5db03d91724122dfad6f7dd02a5,energy-spectral-flux-glass-tail-v2,421,source_amplitude_preserved_no_normalization
train,gunshot_gunfire__fsd50k__dev__187767__0089__r0.wav,gunshot_gunfire,FSD50K,dev,187767,freesound:187767,187767.wav,12.346077,44100,6.383016,1.0,0.305873,5.664975,20.906154,-22.6677,-2.4033,0,0,4c2367dbe4ad88f681ff266bfa2b7b2d915955ffe3e4e5dca5944c218210daed,4392aa6befb29d8cf37c58c71ef56db1fad45dc0b415e5dc151ec7a8f70247bf,energy-spectral-flux-glass-tail-v2,421,source_amplitude_preserved_no_normalization
train,gunshot_gunfire__fsd50k__dev__191449__0090__r0.wav,gunshot_gunfire,FSD50K,dev,191449,freesound:191449,191449.wav,9.04093,44100,3.140385,1.0,0.248027,6.340381,11.272622,-17.0733,-13.2068,0,0,6e9ebb82442b4eb5933baf1d79bd74d40238315db33e656cd5fdd4fb53e7bda4,ffad4622880b4fdbab151ed17560884504408e4666ea3d1f05acfa041a47e472,energy-spectral-flux-glass-tail-v2,421,source_amplitude_preserved_no_normalization
train,gunshot_gunfire__fsd50k__dev__198121__0091__r0.wav,gunshot_gunfire,FSD50K,dev,198121,freesound:198121,198121.wav,0.934014,44100,0.072358,1.0,0.353946,8.125119,11.154169,-15.6558,-12.7267,12418,0,4fb588f765faf8a01b4755a68a96ef6065d7173100050f370280a4d726f4755f,3c2f212f5740245d72120e551148f5f471cb5eabf0ef5066535fdd02db37db52,energy-spectral-flux-glass-tail-v2,421,source_amplitude_preserved_no_normalization
train,gunshot_gunfire__fsd50k__dev__201713__0092__r0.wav,gunshot_gunfire,FSD50K,dev,201713,freesound:201713,201713.wav,3.546621,44100,2.496848,1.0,0.584059,7.246395,12.184696,-16.0677,-6.5158,0,0,22f7340e32754ef36177078a0bd239b3e63d320dfbea5c2c52e7f5314fea732a,90ed71221c1daa372189081965cfef77454fe187b2657295ab6b217ad4fbc450,energy-spectral-flux-glass-tail-v2,421,source_amplitude_preserved_no_normalization
train,gunshot_gunfire__fsd50k__dev__204009__0093__r0.wav,gunshot_gunfire,FSD50K,dev,204009,freesound:204009,204009.wav,2.449705,44100,0.112268,1.0,0.303107,8.273448,89.827745,-14.0464,-1.2273,8416,0,e73fcecbaf6fe6d561d43cf35d215cdcc3a58e030220a1069f3e8a304a130c6d,5276fcdb4395f979a06fec0cbd0856cf8c916969d7f0db72289ddc1f0e86d529,energy-spectral-flux-glass-tail-v2,421,source_amplitude_preserved_no_normalization
train,gunshot_gunfire__fsd50k__dev__204010__0094__r0.wav,gunshot_gunfire,FSD50K,dev,204010,freesound:204010,204010.wav,2.124626,44100,0.042426,1.0,0.614875,5.713467,25.486633,-38.2523,-3.5662,25245,0,0047332155fe41f00a23dde9347c00eb13bba462b1a57c5fbd16dfac3364d870,3bfceadaabfdd5bad9cda8058c49eaf44f99c545ac7e0125de9971d751162b59,energy-spectral-flux-glass-tail-v2,421,source_amplitude_preserved_no_normalization
train,gunshot_gunfire__fsd50k__dev__205011__0095__r0.wav,gunshot_gunfire,FSD50K,dev,205011,freesound:205011,205011.wav,0.852653,44100,0.032449,1.0,0.51424,3.603885,16.026066,-17.2705,-11.4106,21247,0,43725257cfb4b329f34bed1396856d88b448caf8d5db7cece6c5c3b3fe8bdfdc,a2fa18c05cbd8614ed1eb5401dacba920c19c416dd646f3312e737bd85321194,energy-spectral-flux-glass-tail-v2,421,source_amplitude_preserved_no_normalization
train,gunshot_gunfire__fsd50k__dev__212594__0096__r0.wav,gunshot_gunfire,FSD50K,dev,212594,freesound:212594,212594.wav,2.564422,44100,0.037438,1.0,0.331406,4.774895,10.886418,-13.6013,-5.6081,12964,0,abd728e5ded5c2b21ef5dc946b0cee6e11d2fefc9b2622f7258e3dd0662db8c0,370c890f03452a1da7b80a3c8ad2b7140348e53a2be2f3cf221dc3432bbd06b3,energy-spectral-flux-glass-tail-v2,421,source_amplitude_preserved_no_normalization
train,gunshot_gunfire__fsd50k__dev__215842__0097__r0.wav,gunshot_gunfire,FSD50K,dev,215842,freesound:215842,215842.wav,1.044898,44100,0.057392,1.0,0.208866,5.423703,195.802645,-17.279,-6.9586,6680,0,ec958b153ed8d3cbbe985f2364f6ffb9fdcf447f3c5d3bb61b02fc0d2e2d8741,613e5d6c01af92d18d519219aef0183f659bbdd7f16efb4547a00273146ac867,energy-spectral-flux-glass-tail-v2,421,source_amplitude_preserved_no_normalization
train,gunshot_gunfire__fsd50k__dev__215843__0098__r0.wav,gunshot_gunfire,FSD50K,dev,215843,freesound:215843,215843.wav,1.044898,44100,0.022472,1.0,0.58102,5.704275,300.897089,-27.1301,-6.9569,24632,0,dc25a89c7d21749107eba4dbb10698b3dcca343981ee1e3815a9adcfa780498e,23f9a262669d3720e2d5979ac5e60fe6dc9112b11aae0f7bd8691ce1dfeac081,energy-spectral-flux-glass-tail-v2,421,source_amplitude_preserved_no_normalization
train,gunshot_gunfire__fsd50k__dev__215845__0099__r0.wav,gunshot_gunfire,FSD50K,dev,215845,freesound:215845,215845.wav,1.044898,44100,0.022472,1.0,0.577642,5.881159,189.495324,-13.9392,-10.8792,24483,0,28a17d3c519acca0cbea5573530ac5bf40cd87b7f9de7f318b746b4bd509f835,eb707f9fe8a1f74a49dbd74be7fe7b9f091cc273aeb05b7a66eb6adc1b7998e9,energy-spectral-flux-glass-tail-v2,421,source_amplitude_preserved_no_normalization
train,gunshot_gunfire__fsd50k__dev__215846__0100__r0.wav,gunshot_gunfire,FSD50K,dev,215846,freesound:215846,215846.wav,1.044898,44100,0.022472,1.0,0.578141,5.561842,133.745696,-12.3579,-8.3381,24505,0,ba07fa0acc1334e12e3b1f73b00a4b18805b6634579d1abf02644f5a9ab88527,c244205343698496c2832781a8aea539f7707469fe8abc41962ba04f4506e1f3,energy-spectral-flux-glass-tail-v2,421,source_amplitude_preserved_no_normalization
train,gunshot_gunfire__fsd50k__dev__215847__0101__r0.wav,gunshot_gunfire,FSD50K,dev,215847,freesound:215847,215847.wav,1.044898,44100,0.022472,1.0,0.429025,5.941786,169.090818,-19.6162,-6.8493,17929,0,12cbb4eecacc0b0c82b87e2d5628c48b1f0d7d6e2e661a764b073407bbd296ed,25fdcbbbbdfeaca18138ba206cf937ccdf723bee253cd65ad348d98be6878f58,energy-spectral-flux-glass-tail-v2,421,source_amplitude_preserved_no_normalization
train,gunshot_gunfire__fsd50k__dev__216312__0102__r0.wav,gunshot_gunfire,FSD50K,dev,216312,freesound:216312,216312.wav,2.0,44100,0.496395,1.0,0.280408,6.043452,6043452024.335207,-32.679,-14.6763,0,0,8cba275936a7014516f3c26be3adad0afd3dbf57d55388681c2839e89007e5db,b9c6da5ae0dd16a45020da64eda7e32380f2bcced5afa73a3d916089ca3be14b,energy-spectral-flux-glass-tail-v2,421,source_amplitude_preserved_no_normalization
train,gunshot_gunfire__fsd50k__dev__216315__0103__r0.wav,gunshot_gunfire,FSD50K,dev,216315,freesound:216315,216315.wav,2.0,44100,0.496395,1.0,0.643084,5.981418,5981417911.617912,-26.9485,-14.4814,6469,0,6c1d142922ef309dd6c356eeb0a00d772062eca08d25d0250778a31d639a2587,b4edee97af0976eb8a8ea9c1b166ad34e1ba09e4e00b7788d79fa1e51886617f,energy-spectral-flux-glass-tail-v2,421,source_amplitude_preserved_no_normalization
train,gunshot_gunfire__fsd50k__dev__216317__0104__r0.wav,gunshot_gunfire,FSD50K,dev,216317,freesound:216317,216317.wav,2.0,44100,0.496395,1.0,0.4178,5.817688,5817688331.43564,-30.2483,-16.817,0,0,66c7f275ebfd78cdac64433fe1049f1d117f19690e4e994ad4fc46e793cfbc05,2cc39c5d555d3a0c9ce11fdc6a3d1026615ac21f7f0cb995cc48168bb99b9624,energy-spectral-flux-glass-tail-v2,421,source_amplitude_preserved_no_normalization
train,gunshot_gunfire__fsd50k__dev__216318__0105__r0.wav,gunshot_gunfire,FSD50K,dev,216318,freesound:216318,216318.wav,2.0,44100,0.496395,1.0,0.386304,5.862062,5862061505.499245,-21.3641,-16.613,0,0,370a7051c2282c51ece04b9eb353e6f2aa686c109967d1c7bb9c555b72950f6e,f49533aee0242bc72c745ffdc081233b332df3610992ed9f7e3a13cffba04ad6,energy-spectral-flux-glass-tail-v2,421,source_amplitude_preserved_no_normalization
train,gunshot_gunfire__fsd50k__dev__216319__0106__r0.wav,gunshot_gunfire,FSD50K,dev,216319,freesound:216319,216319.wav,2.0,44100,0.496395,1.0,0.32356,5.76731,5767310211.62642,-23.7452,-17.6706,0,0,2fb53602f7052e8ab5338975c389d10d7d3333ec08ff4eb0e3276bc5d04270bb,38192b352d8f0eb4d5a731f61c8a36acdf8308f3cc1bdc9ddcbe8e7cd29b8f7c,energy-spectral-flux-glass-tail-v2,421,source_amplitude_preserved_no_normalization
train,gunshot_gunfire__fsd50k__dev__216604__0107__r0.wav,gunshot_gunfire,FSD50K,dev,216604,freesound:216604,216604.wav,5.06898,44100,2.407052,1.0,0.350771,5.338398,10.211915,-40.5609,-9.4429,0,0,e7fd4b200aa42c84764fdf8db8035e0ed7b5fdfb6c6602b73c8a82717fcade50,d532034071a91baacd2ae81f1cd645dd632edc45a2eb972e4eb5dffbc523a2a4,energy-spectral-flux-glass-tail-v2,421,source_amplitude_preserved_no_normalization
train,gunshot_gunfire__fsd50k__dev__219455__0108__r0.wav,gunshot_gunfire,FSD50K,dev,219455,freesound:219455,219455.wav,1.25,44100,1.154898,1.0,0.406145,5.702765,13.178703,-53.882,-11.2042,0,21995,e0f64d98f425de923aa9f7dc57331dfc755e64d84335846a4db64f593017d7d4,ef3518487f625d9c9564fdc2ee0802e235f70f8b7fc838f0b83e8c0f26b0dc52,energy-spectral-flux-glass-tail-v2,421,source_amplitude_preserved_no_normalization
train,gunshot_gunfire__fsd50k__dev__219457__0109__r0.wav,gunshot_gunfire,FSD50K,dev,219457,freesound:219457,219457.wav,1.25,44100,0.47644,1.0,0.203197,4.575685,10.372623,-32.9418,-9.5301,0,1025,127cc404499d256ced46f8dfdc4ff4657588fef0f7bfbb843862807378f47c8a,96123412a8e7fa03f8a7a02d2cb892da66eb391727cbb53b45458972ef56b14a,energy-spectral-flux-glass-tail-v2,421,source_amplitude_preserved_no_normalization
train,gunshot_gunfire__fsd50k__dev__220130__0110__r0.wav,gunshot_gunfire,FSD50K,dev,220130,freesound:220130,220130.wav,6.52161,44100,0.037438,1.0,0.21542,5.152853,24.08773,-4.7615,-4.6574,7849,0,2de2ecf92b9c32c62aa5ddcf113b586fbd370a50b70b298f255a2aa5bc652dd5,041a6ec7d960062a4f5a75215d7a2ca9530fae88036ff6d1cd81d526938f5ac7,energy-spectral-flux-glass-tail-v2,421,source_amplitude_preserved_no_normalization
train,gunshot_gunfire__fsd50k__dev__221451__0111__r0.wav,gunshot_gunfire,FSD50K,dev,221451,freesound:221451,221451.wav,1.515102,44100,0.022472,1.0,0.479977,5.210963,153.178324,-17.3187,-7.6107,20176,0,4d530d5de6d23133b9855418924d4f7f4f7f62b6b317a41bffc01326a9b81471,4a19b413c43afce9bc2f44b036f47099b0ea32ba76e2ca96ac496683039da173,energy-spectral-flux-glass-tail-v2,421,source_amplitude_preserved_no_normalization
train,gunshot_gunfire__fsd50k__dev__221455__0112__r0.wav,gunshot_gunfire,FSD50K,dev,221455,freesound:221455,221455.wav,1.358367,44100,0.02746,1.0,0.620612,6.407734,61.998873,-20.2113,-8.3519,26158,0,c4e978cba25ef20f8185a4b9a2a48afd27b87a699e9eb168bdbd06eac240be5e,5c4223b47a5d9f528154d033b294f60f8fb4f85ccc345a488c5fcd473db06f44,energy-spectral-flux-glass-tail-v2,421,source_amplitude_preserved_no_normalization
train,gunshot_gunfire__fsd50k__dev__221457__0113__r0.wav,gunshot_gunfire,FSD50K,dev,221457,freesound:221457,221457.wav,1.515102,44100,0.022472,1.0,0.562018,5.57092,5570919704.020073,-35.1249,-11.9078,23794,0,e16eae0aee50e1d0ba46ab836f0ba958c44224c649143ceece4b3ac2285be378,6f6567329d40f664c37a65a197d6e2393b79a8f85e6d729755560de692ab56c6,energy-spectral-flux-glass-tail-v2,421,source_amplitude_preserved_no_normalization
train,gunshot_gunfire__fsd50k__dev__228611__0114__r0.wav,gunshot_gunfire,FSD50K,dev,228611,freesound:228611,228611.wav,0.708005,44100,0.022472,1.0,0.543197,4.397168,18.834322,-36.3574,-2.4808,22964,0,03e9b9f59fbca9ae01cdf02eb00ff07887f052d5c4402858d0846886720725ff,0c9519380fa18c66d12cc8721b41f03f00b9836710ae3e17f49858a1bc17452f,energy-spectral-flux-glass-tail-v2,421,source_amplitude_preserved_no_normalization
train,gunshot_gunfire__fsd50k__dev__231245__0115__r0.wav,gunshot_gunfire,FSD50K,dev,231245,freesound:231245,231245.wav,10.181995,44100,0.646054,1.0,0.324104,6.354285,9.14351,-18.293,-11.582,0,0,b95a7beb2ee130c3b632341d9410ca0556f8735d5e8402567eff042806a04a15,da95efeb2bd667e8b10824186b4bff80faf20365ab75b9daf1f65bea2aca0f3f,energy-spectral-flux-glass-tail-v2,421,source_amplitude_preserved_no_normalization
train,gunshot_gunfire__fsd50k__dev__231247__0116__r0.wav,gunshot_gunfire,FSD50K,dev,231247,freesound:231247,231247.wav,6.247483,44100,4.696848,1.0,0.323333,5.401447,13.473261,-45.0272,-11.2601,0,0,cd540a915740fa45d390bf95d63298a80a9cc9d498892ee345ee3621955482dd,e56a72e6316c6f33dfa0d390c9e431b005b37c12d3915e6a70a9ea29854c8c90,energy-spectral-flux-glass-tail-v2,421,source_amplitude_preserved_no_normalization
train,gunshot_gunfire__fsd50k__dev__231248__0117__r0.wav,gunshot_gunfire,FSD50K,dev,231248,freesound:231248,231248.wav,4.0,44100,2.012948,1.0,0.619501,6.5,9.255626,-17.6063,-11.1082,0,0,5a3be12459264ca3cc30f5903188296612bbe86f6a1e4be5e542ff9369fb7f9d,00beb210836df994af955b5a35bb6c08b35a3d4e1d9995202c8a1a74d9e8bf9d,energy-spectral-flux-glass-tail-v2,421,source_amplitude_preserved_no_normalization
train,gunshot_gunfire__fsd50k__dev__231765__0118__r0.wav,gunshot_gunfire,FSD50K,dev,231765,freesound:231765,231765.wav,7.269841,44100,2.19254,1.0,0.412494,3.226327,13.36524,-43.1799,-16.9712,0,0,b14c29c04473ecaa6dda70ac5c795fdd0a68e9984f94733cb31b72aa1c33c4f7,82d756d1088ea1141edbd952cc579a1fa8735e3298457dc291495e8010c454c1,energy-spectral-flux-glass-tail-v2,421,source_amplitude_preserved_no_normalization
train,gunshot_gunfire__fsd50k__dev__233318__0119__r0.wav,gunshot_gunfire,FSD50K,dev,233318,freesound:233318,233318.wav,1.184218,44100,0.965329,1.0,0.425329,3.622004,22.117294,-29.5557,-0.7591,0,15690,e56b4f216955eba8216510051533364fc6b0610bac2977d40c85993bdf2222ab,5d2efb2bdc55df91990021efa657e1a17ace284b3e610b7081f4d8cc0f7f064a,energy-spectral-flux-glass-tail-v2,421,source_amplitude_preserved_no_normalization
train,gunshot_gunfire__fsd50k__dev__233321__0120__r0.wav,gunshot_gunfire,FSD50K,dev,233321,freesound:233321,233321.wav,2.308095,44100,0.047415,1.0,0.250658,5.946098,11.928314,-3.1497,-0.7557,8963,0,a9c8fb92517b6069125dd769143dbcc99e775491f7bfe0e2311fc836a3d8c9b5,560ce111e4864fe95ecafd61d3b155d06ddf354d584058b25107ed351f6b4ff7,energy-spectral-flux-glass-tail-v2,421,source_amplitude_preserved_no_normalization
train,gunshot_gunfire__fsd50k__dev__233322__0121__r0.wav,gunshot_gunfire,FSD50K,dev,233322,freesound:233322,233322.wav,2.333605,44100,1.803424,1.0,0.586122,6.223144,11.102775,-21.1626,-0.9142,0,0,f61ae707a19b1ef439ab86b696c8d34557f99ce0f881483f73b2af9068fc8c81,5b597ca9033dd643cf90fbe67c1307745e7efa4ff8de04153e0289e5698da609,energy-spectral-flux-glass-tail-v2,421,source_amplitude_preserved_no_normalization
train,gunshot_gunfire__fsd50k__dev__233323__0122__r0.wav,gunshot_gunfire,FSD50K,dev,233323,freesound:233323,233323.wav,3.004694,44100,1.050136,1.0,0.297574,5.226951,18.929846,-8.3906,-0.6968,0,0,5ca8224558a062d035e86a13390b0334aa29ddd91b22274c0b12f92274f66f7a,7a90367588a7b0030661e3281c5b14a608fe76a65a2fe5a56509b1c5669f2d6a,energy-spectral-flux-glass-tail-v2,421,source_amplitude_preserved_no_normalization
train,gunshot_gunfire__fsd50k__dev__234615__0123__r0.wav,gunshot_gunfire,FSD50K,dev,234615,freesound:234615,234615.wav,4.022358,44100,2.970771,1.0,0.487687,5.193425,20.019194,-53.078,-8.4619,0,0,a67eac6fee4ee2fd075f7f61ae0120ac11ad4e770f4ae030e46f43c07d94825f,3db1ed4f622c4d265ff4ce9f207e2066d328123322166d3d190fa535bb514c97,energy-spectral-flux-glass-tail-v2,421,source_amplitude_preserved_no_normalization
train,gunshot_gunfire__fsd50k__dev__234616__0124__r0.wav,gunshot_gunfire,FSD50K,dev,234616,freesound:234616,234616.wav,4.735125,44100,3.783923,1.0,0.412698,5.278841,24.717514,-52.4225,-8.2944,0,0,29d9f2421051cca0a9aa79826dbd83163651b0557f3cdddd46cc48dfdc5e4ebb,cfd0d5959232220047d3239589be0863a366fb77924406865e58bc453e4ce9c0,energy-spectral-flux-glass-tail-v2,421,source_amplitude_preserved_no_normalization
train,gunshot_gunfire__fsd50k__dev__234617__0125__r0.wav,gunshot_gunfire,FSD50K,dev,234617,freesound:234617,234617.wav,4.513288,44100,3.45966,1.0,0.492177,5.196816,18.873264,-53.0429,-8.4038,0,0,ec4d9c5e06c1b2ed38a1a5f63456bdf8156ec047006d26164da3f73a531c83a3,3113cc102043c0fefd78d350e1d68aeec88ad0446f9f840d32fd9ddaf8eee579,energy-spectral-flux-glass-tail-v2,421,source_amplitude_preserved_no_normalization
train,gunshot_gunfire__fsd50k__dev__234618__0126__r0.wav,gunshot_gunfire,FSD50K,dev,234618,freesound:234618,234618.wav,4.166667,44100,3.175306,1.0,0.218866,5.47688,18.618295,-53.1432,-8.4115,0,0,df8520aa53e0d95517869131bfa2bddd252a20251e8b024714e6b58c141e336c,a12d45481a6116edaecd7daf6cecfe4d9e1f2ad119d2811673f7dd29a7d5d543,energy-spectral-flux-glass-tail-v2,421,source_amplitude_preserved_no_normalization
train,gunshot_gunfire__fsd50k__dev__234619__0127__r0.wav,gunshot_gunfire,FSD50K,dev,234619,freesound:234619,234619.wav,3.75,44100,2.8261,1.0,0.265465,4.883602,16.988828,-53.0643,-8.5205,0,0,ca45b86385396e23c09c64eece101ccf549687cb8059375c1a1cca0187c4f599,17cfae0f30e5122d46914f6fcb9f05ecc154b2b0a9fa8025262b6b590d874093,energy-spectral-flux-glass-tail-v2,421,source_amplitude_preserved_no_normalization
train,gunshot_gunfire__fsd50k__dev__237273__0128__r0.wav,gunshot_gunfire,FSD50K,dev,237273,freesound:237273,237273.wav,5.020998,44100,3.988458,1.0,0.624354,2.687561,10.357293,-7.2566,-1.4674,0,0,06bb6ebe477a687815733c35654dd4bdeb65c644edea57f6b504e4dc1846c2ea,42cc68829b6866af3fc4e1c0d5a8b9ecd509e36612ef9c125d70383aadd45b4d,energy-spectral-flux-glass-tail-v2,421,source_amplitude_preserved_no_normalization
train,gunshot_gunfire__fsd50k__dev__238241__0129__r0.wav,gunshot_gunfire,FSD50K,dev,238241,freesound:238241,238241.wav,2.255397,44100,1.030181,1.0,0.433628,4.240441,18.447213,-14.6434,-4.5841,0,0,7f5e670d634a3625e302d22ac3d912ee6b4c9629d48b2213ee12afe037261e13,d9e9f34b585efed3a035afa82f240f637a0fdd822a5ed144a0dd234254e5f4a4,energy-spectral-flux-glass-tail-v2,421,source_amplitude_preserved_no_normalization
train,gunshot_gunfire__fsd50k__dev__238242__0130__r0.wav,gunshot_gunfire,FSD50K,dev,238242,freesound:238242,238242.wav,2.674512,44100,1.219751,1.0,0.271361,5.356007,22.562589,-30.4256,-4.1418,0,0,9f12dc634151278135187de94f90448c6190cc23abcf686f5c758be58f341ad2,bf932cf87cd516b002ad7a878344c80ea52c9f31cba6fc12d1f84de6562f92ea,energy-spectral-flux-glass-tail-v2,421,source_amplitude_preserved_no_normalization
train,gunshot_gunfire__fsd50k__dev__238243__0131__r0.wav,gunshot_gunfire,FSD50K,dev,238243,freesound:238243,238243.wav,1.803946,44100,0.421565,1.0,0.390363,3.366316,16.380473,-12.8307,-3.7391,0,0,3c691b1bf9109dcd7e97b76982f837ae904eddda8d4c325d31f8f2e093b9849a,580556261da7ecb28d290c34f3fa8cf36ae2447be47e2a60606457201ab8af30,energy-spectral-flux-glass-tail-v2,421,source_amplitude_preserved_no_normalization
train,gunshot_gunfire__fsd50k__dev__238244__0132__r0.wav,gunshot_gunfire,FSD50K,dev,238244,freesound:238244,238244.wav,2.383991,44100,1.983016,1.0,0.278322,3.796661,24.736958,-43.0879,-3.3736,0,14143,b90136ba7a5cdeef1778fd4fddf9f031d8671b582aef981456e81822b9f9a205,2eb7abade8553f87e116a2f373c7ac62e32d84973885afdd326f8c874a8a2187,energy-spectral-flux-glass-tail-v2,421,source_amplitude_preserved_no_normalization
train,gunshot_gunfire__fsd50k__dev__238245__0133__r0.wav,gunshot_gunfire,FSD50K,dev,238245,freesound:238245,238245.wav,1.502336,44100,0.685964,1.0,0.528027,6.470242,13.083973,-13.3627,-5.4538,0,0,eda4d0cba1534eea9f2653ff9a7904e220dfcc5194d3dcd9bcfa7ad4a7e0cb6a,17e05994d591c02838244dd5bb0295ce9aa6d5f3297b71495f562e9bac5cfa79,energy-spectral-flux-glass-tail-v2,421,source_amplitude_preserved_no_normalization
train,gunshot_gunfire__fsd50k__dev__238246__0134__r0.wav,gunshot_gunfire,FSD50K,dev,238246,freesound:238246,238246.wav,1.685057,44100,1.11,1.0,0.309161,6.67325,2.334911,-22.2041,-5.158,0,5106,c2fe41a07ca217fa98904e9078e002692496877985c35f127183df00122314d0,1a5e7439ec3466b8e4add2f4a372d4f6363b9fa6fd9f0798c458e75512bbcb96,energy-spectral-flux-glass-tail-v2,421,source_amplitude_preserved_no_normalization
train,gunshot_gunfire__fsd50k__dev__238247__0135__r0.wav,gunshot_gunfire,FSD50K,dev,238247,freesound:238247,238247.wav,1.936576,44100,0.880522,1.0,0.417755,3.933608,13.382813,-15.027,-4.7949,0,0,ee99c947ebcb426ff2ee819678774d881bc811f8e20d38772154e00136b6833b,978d1f822649433f76fa4986de41921027cbe5613c3efbd77cc32e0d9876a29a,energy-spectral-flux-glass-tail-v2,421,source_amplitude_preserved_no_normalization
train,gunshot_gunfire__fsd50k__dev__238675__0136__r0.wav,gunshot_gunfire,FSD50K,dev,238675,freesound:238675,238675.wav,2.158073,44100,1.269637,1.0,0.266236,4.723197,17.731085,-9.5148,-9.1432,0,0,7d6a516ac05dd600234cfed432add6613ad7aa7456bb79f2b10a49359a373524,f7b3aef602469c79e9cbb947816e14ab972e82eccf9a704129d99f418e8acdc9,energy-spectral-flux-glass-tail-v2,421,source_amplitude_preserved_no_normalization
train,gunshot_gunfire__fsd50k__dev__238676__0137__r0.wav,gunshot_gunfire,FSD50K,dev,238676,freesound:238676,238676.wav,3.396803,44100,0.167143,1.0,0.590431,4.662112,18.385375,-9.0084,-4.1984,18667,0,e0c235e7ec19205c6d630cc0a6788411fde41d246de2589fc558ad387953fa46,6b8953f06d118fe1454c62d8895a20396c499a2d1867da389535efe046c1bddd,energy-spectral-flux-glass-tail-v2,421,source_amplitude_preserved_no_normalization
train,gunshot_gunfire__fsd50k__dev__238677__0138__r0.wav,gunshot_gunfire,FSD50K,dev,238677,freesound:238677,238677.wav,3.921134,44100,1.858299,1.0,0.355533,4.744364,18.411576,-5.2906,-2.9787,0,0,99299a7db8be530d666a838c650eb217883a71caf07e50b4636f6503b297ff0f,15282c18badf4f417b1112f3e45199e8267c8159a4359a623bb817de358d2340,energy-spectral-flux-glass-tail-v2,421,source_amplitude_preserved_no_normalization
train,gunshot_gunfire__fsd50k__dev__239137__0139__r0.wav,gunshot_gunfire,FSD50K,dev,239137,freesound:239137,239137.wav,6.910544,44100,3.080522,1.0,0.286599,5.31592,13.544159,-11.3589,-0.4129,0,0,259ad471939f6c5f993e2ea14c6279118abe0fd480ebd1126bdf4bf936685d3b,049e418bdfab2dec3db8fa7d853593c7d9b12bafb50702ec3af1f9bb6fa1dee1,energy-spectral-flux-glass-tail-v2,421,source_amplitude_preserved_no_normalization
train,gunshot_gunfire__fsd50k__dev__239138__0140__r0.wav,gunshot_gunfire,FSD50K,dev,239138,freesound:239138,239138.wav,3.712653,44100,0.271905,1.0,0.586803,6.095115,9.817444,-8.5117,-2.7789,13887,0,609444f56e81e86fc1097cc3c41baf2c67c2b2cb61b89d5205a02ec5638d7cd2,f0fc554af55f23930320501ccc2b3ed10864fa801bacaa643cf61bcbee26b720,energy-spectral-flux-glass-tail-v2,421,source_amplitude_preserved_no_normalization
train,gunshot_gunfire__fsd50k__dev__245602__0141__r0.wav,gunshot_gunfire,FSD50K,dev,245602,freesound:245602,245602.wav,11.689932,44100,5.011134,1.0,0.648707,6.933706,2.999034,-21.414,-14.9534,0,0,9e7610a4743610ce3435bf2609fc880ee4c10eccad876d213332d9cc2045d15d,e9b0ea5b83c6c657909d883a4aee2d98a4a46aa5c8177e1057349c3c8f7f61f9,energy-spectral-flux-glass-tail-v2,421,source_amplitude_preserved_no_normalization
train,gunshot_gunfire__fsd50k__dev__25037__0142__r0.wav,gunshot_gunfire,FSD50K,dev,25037,freesound:25037,25037.wav,3.154127,44100,0.062381,1.0,0.445193,6.687855,13.700092,-29.0572,-27.0251,16882,0,8798b2ebfacd73b7ae1ec91fa07613f707ae10b92bfa28b52229e9c473846c83,332eb279e8e2d65214f7ca589d434d7bcf4d1d6c97a0d9b76dce0da6751d125d,energy-spectral-flux-glass-tail-v2,421,source_amplitude_preserved_no_normalization
train,gunshot_gunfire__fsd50k__dev__25038__0143__r0.wav,gunshot_gunfire,FSD50K,dev,25038,freesound:25038,25038.wav,3.150612,44100,1.783469,1.0,0.534626,5.788368,16.155466,-11.701,-10.6669,0,0,cb18b20af4162d76b5b4d343bb9f2c507c4e0719a9a2996d7a156587e8db7f02,8d47d94bee0fa728276179e83d09fc4d3feba031fac2ce7f6e9316899d272346,energy-spectral-flux-glass-tail-v2,421,source_amplitude_preserved_no_normalization
train,gunshot_gunfire__fsd50k__dev__251004__0144__r0.wav,gunshot_gunfire,FSD50K,dev,251004,freesound:251004,251004.wav,0.984014,44100,0.491406,1.0,0.481723,4.872466,9.240782,-27.0882,-17.0525,0,1132,a700eafa67590d113b3079d66d9331ab1621208432309e450fc7962c1709beea,922c8911d9962a3bb3cd8bb3c2208336590ae5b6b228f3c40b839d6223f3db70,energy-spectral-flux-glass-tail-v2,421,source_amplitude_preserved_no_normalization
train,gunshot_gunfire__fsd50k__dev__253438__0145__r0.wav,gunshot_gunfire,FSD50K,dev,253438,freesound:253438,253438.wav,2.870113,44100,0.905465,1.0,0.391859,7.237701,152.081711,-56.3607,-15.0458,0,0,3aae5ce287cc87b35206d6d6d35aacca7efda0bf3d47a5116285d2300020a344,058d15f214b18531d6b1f022d8a63fab9ce1006bb40585bafaa442d1111c4eec,energy-spectral-flux-glass-tail-v2,421,source_amplitude_preserved_no_normalization
train,gunshot_gunfire__fsd50k__dev__253734__0146__r0.wav,gunshot_gunfire,FSD50K,dev,253734,freesound:253734,253734.wav,4.0,44100,3.619297,1.0,0.480476,4.901862,13.254127,-31.4454,-0.2535,0,6122,bdf572b317803629ffe29722f84c0d2b7dcb2217a631946f477c20f02a639c9c,3dc9312a6220cda876bba30aeee85285d83a44ffe5931b761866a2a35c9cd08f,energy-spectral-flux-glass-tail-v2,421,source_amplitude_preserved_no_normalization
train,gunshot_gunfire__fsd50k__dev__254772__0147__r0.wav,gunshot_gunfire,FSD50K,dev,254772,freesound:254772,254772.wav,9.919274,44100,3.245147,1.0,0.61941,7.434699,149.432832,-46.9127,-6.2791,0,0,283a60d47d073d8dee9bbb655b093202b98e86b018eeb38352fea02a123a3493,d06f9eb6a18b885790eb2ecf33a2ddf6f8d780ed8889cd2c3dc1d8129105a37d,energy-spectral-flux-glass-tail-v2,421,source_amplitude_preserved_no_normalization
train,gunshot_gunfire__fsd50k__dev__255272__0148__r0.wav,gunshot_gunfire,FSD50K,dev,255272,freesound:255272,255272.wav,14.819932,44100,7.136304,1.0,0.323492,6.033585,12.33644,-15.2618,-11.1358,0,0,c4b4c796fc370b45616e6a1e7e9e8cdadbde82f2c679422757adebb02288b7a8,1d25f6ce9e2bc9306ab9541f7cb2a53c4a59fa5d37cd5d005045a3a6d0352980,energy-spectral-flux-glass-tail-v2,421,source_amplitude_preserved_no_normalization
train,gunshot_gunfire__fsd50k__dev__257364__0149__r0.wav,gunshot_gunfire,FSD50K,dev,257364,freesound:257364,257364.wav,2.687506,44100,1.703651,1.0,0.258844,5.624434,13.855345,-7.4963,-4.803,0,0,a4d6d26e437adca0ad1985d21a0cdd0e8329d8cfd25753dafd0962220b3671b5,a3e79c695411d97f220a3924517d28b4cb4d9728909e23e36a8e007da92abbaa,energy-spectral-flux-glass-tail-v2,421,source_amplitude_preserved_no_normalization
train,gunshot_gunfire__fsd50k__dev__257873__0150__r0.wav,gunshot_gunfire,FSD50K,dev,257873,freesound:257873,257873.wav,1.331179,44100,1.204785,1.0,0.616372,6.890103,23.257043,-52.0126,-8.5507,0,11344,3e1da7f7208e2b1231b29a060225bf4baf87c405c6ae203d835c671e456f8804,be79c21b93a25fd5b6c19f4ae3795c2c5fdb08e0edb8c1ca90967266a994c451,energy-spectral-flux-glass-tail-v2,421,source_amplitude_preserved_no_normalization
train,gunshot_gunfire__fsd50k__dev__257874__0151__r0.wav,gunshot_gunfire,FSD50K,dev,257874,freesound:257874,257874.wav,2.906168,44100,0.107279,1.0,0.474966,5.426564,24.031416,-12.9483,-8.3156,16215,0,4f3518e5384442ee988dc639ff182ce5511e588f3a531de3bb9bbc8739e87178,b16da4bb6331e29fdfcd6c54e9f438e2da471d75efbeda7e1c0ef1970ebafb51,energy-spectral-flux-glass-tail-v2,421,source_amplitude_preserved_no_normalization
train,gunshot_gunfire__fsd50k__dev__257875__0152__r0.wav,gunshot_gunfire,FSD50K,dev,257875,freesound:257875,257875.wav,1.961043,44100,0.107279,1.0,0.231723,5.548945,24.836148,-12.9483,-8.5531,5488,0,245d4e465aca654c94ac936972b5bbd81572653be98f0cb232744cda9f9bb114,aa76c21029b9f63c1344ba867283685d477ac0a63c6e9bd6756fba12e57e1640,energy-spectral-flux-glass-tail-v2,421,source_amplitude_preserved_no_normalization
train,gunshot_gunfire__fsd50k__dev__257876__0153__r0.wav,gunshot_gunfire,FSD50K,dev,257876,freesound:257876,257876.wav,5.258549,44100,0.127234,1.0,0.359569,5.165478,70.377919,-35.7775,-11.8595,10246,0,7738e8c9bc24ecd1eb6b33f6a7c4cbb4a92647141503910f97474a7e66188524,e5f00287243b1a89258bbe2cdc453249b0884dd50c6e7f67658f606aa8e85b1e,energy-spectral-flux-glass-tail-v2,421,source_amplitude_preserved_no_normalization
train,gunshot_gunfire__fsd50k__dev__259539__0154__r0.wav,gunshot_gunfire,FSD50K,dev,259539,freesound:259539,259539.wav,3.086531,44100,0.10229,1.0,0.587007,6.744392,15.345599,-11.2472,-8.4508,21376,0,c168833ba7033cc7049986fe2b9c766e937dd637279c0a258eb1393dd88d669b,91a4693593ed47e409bda20b765bba0c46a8f49e662ca2bad8528e6ec4cb6476,energy-spectral-flux-glass-tail-v2,421,source_amplitude_preserved_no_normalization
train,gunshot_gunfire__fsd50k__dev__26141__0155__r0.wav,gunshot_gunfire,FSD50K,dev,26141,freesound:26141,26141.wav,4.874512,44100,3.280068,1.0,0.289683,5.733742,27.493972,-13.6258,-6.6554,0,0,7445fb6c998589ba77531055da229d34a11f87caf7c43169e7c2990930905e09,7ab910df4accc00456722d6732a53429501fc85bb921343cd826e4c8733e5b63,energy-spectral-flux-glass-tail-v2,421,source_amplitude_preserved_no_normalization
train,gunshot_gunfire__fsd50k__dev__266977__0156__r0.wav,gunshot_gunfire,FSD50K,dev,266977,freesound:266977,266977.wav,1.149388,44100,0.057392,1.0,0.441587,4.780088,12.02303,-5.5541,-3.2439,16943,0,9c60f9b9a4577a7f5fc2d2ce0ca4b16cbe8370935b2b81bf5254d8bf9865e988,f727a43c3e5e7fe044ea50ee48cf8f90a874d8061bd12f31c5e392a60442aaf8,energy-spectral-flux-glass-tail-v2,421,source_amplitude_preserved_no_normalization
train,gunshot_gunfire__fsd50k__dev__267341__0157__r0.wav,gunshot_gunfire,FSD50K,dev,267341,freesound:267341,267341.wav,0.757551,44100,0.077347,1.0,0.322063,3.055834,12.804693,-29.8851,-5.4676,10792,0,4e0c30e185036cb7e78f53fe9d79d5b50625f4d25cd2528a22a1e2c9cc5e361b,510f4fcb71eff26d7a1c4c3e3a1bc1b70dc5f6258bfd46ec5566bff83defb4b8,energy-spectral-flux-glass-tail-v2,421,source_amplitude_preserved_no_normalization
train,gunshot_gunfire__fsd50k__dev__267893__0158__r0.wav,gunshot_gunfire,FSD50K,dev,267893,freesound:267893,267893.wav,1.306122,44100,0.276893,1.0,0.454059,5.059268,13.324096,-5.5832,-4.8744,7813,0,05780aef43b80de80e46b21c725ed4bf0b1d942227a6715103a9ad418de6b988,0e5a57de203a31250f700949065a8aed5484682c7633b5d57d07800121db3a0f,energy-spectral-flux-glass-tail-v2,421,source_amplitude_preserved_no_normalization
train,gunshot_gunfire__fsd50k__dev__30185__0159__r0.wav,gunshot_gunfire,FSD50K,dev,30185,freesound:30185,30185.wav,6.483832,44100,4.088231,1.0,0.292109,4.761464,31.09908,-31.6901,-6.6171,0,0,d17bbe4942ccbc450ec5f17959c23097e1c9e7dcf02d05f9f564b171714d6aec,6ea95a2823fb611f6796ba96294807a97b88e8c1eb0dbcf4783d27b0cd3472e9,energy-spectral-flux-glass-tail-v2,421,source_amplitude_preserved_no_normalization
train,gunshot_gunfire__fsd50k__dev__315858__0160__r0.wav,gunshot_gunfire,FSD50K,dev,315858,freesound:315858,315858.wav,5.542698,44100,0.88551,1.0,0.342313,6.325328,20.392492,-38.5785,-1.1949,0,0,77cbe62cfa31c5925fa616704efbbabe60b120df8dcb3504ce7c9fb2314a5b7a,1f4978446c2d394df9b07d249389b4821fffdf7e226984fdac2ace9ad4e45ca4,energy-spectral-flux-glass-tail-v2,421,source_amplitude_preserved_no_normalization
train,gunshot_gunfire__fsd50k__dev__319008__0161__r0.wav,gunshot_gunfire,FSD50K,dev,319008,freesound:319008,319008.wav,7.993469,44100,3.953537,1.0,0.215079,5.613136,69.241107,-14.8636,-9.7623,0,0,8bb0d344766a52c0ea9736497aa88a5693f10f46ea0692c7d471f29142463b28,d0f7f078bd4901192b6990af8de91a83fefb784af94bc2f7d5154b10224f81d9,energy-spectral-flux-glass-tail-v2,421,source_amplitude_preserved_no_normalization
train,gunshot_gunfire__fsd50k__dev__319009__0162__r0.wav,gunshot_gunfire,FSD50K,dev,319009,freesound:319009,319009.wav,6.060408,44100,4.322698,1.0,0.639206,7.115856,45.52695,-58.9349,-16.8562,0,0,a93fab7337d69686c39ed8ef88db7b718a4ff987045fe78088d043db23d21c2e,30de570419baac4ff3bb5480fe4b81c6e8fad7ac93461f2e1c877007f3ac6243,energy-spectral-flux-glass-tail-v2,421,source_amplitude_preserved_no_normalization
train,gunshot_gunfire__fsd50k__dev__319010__0163__r0.wav,gunshot_gunfire,FSD50K,dev,319010,freesound:319010,319010.wav,3.813878,44100,1.683696,1.0,0.24576,5.292022,20.021791,-40.6592,-1.7092,0,0,0f62eeb50612ae5faeb4fc34d12e15ffb2b5da976593a5752211475cd1d3e237,b93daaefa362e7b6f7babd540bbf11e5ed30cc5cc3af50b7b24b4fb40b13f66b,energy-spectral-flux-glass-tail-v2,421,source_amplitude_preserved_no_normalization
train,gunshot_gunfire__fsd50k__dev__320135__0164__r0.wav,gunshot_gunfire,FSD50K,dev,320135,freesound:320135,320135.wav,8.70059,44100,3.938571,1.0,0.603084,8.700584,126.211662,-20.735,-9.8913,0,0,0c6eeca98b25dda1e74e48be4217e75c0bcab51f53cb1e1b56d425e1984b9d02,179114600323cc2e3d04faf42216a5f73b5a87b0ad9a72405cbe721036fa04a5,energy-spectral-flux-glass-tail-v2,421,source_amplitude_preserved_no_normalization
train,gunshot_gunfire__fsd50k__dev__320136__0165__r0.wav,gunshot_gunfire,FSD50K,dev,320136,freesound:320136,320136.wav,6.111723,44100,0.571224,1.0,0.649365,5.243199,39.179444,-30.7713,-12.3621,3446,0,96f46e9c7f3eab3dab17c4c7c2504fe323c18df9dddeb4084f286c2f91bb01c6,c929be587e98476eb9fca5d9b2f0f0a9857cd421aaba9b2f118ac15b79880d1d,energy-spectral-flux-glass-tail-v2,421,source_amplitude_preserved_no_normalization
train,gunshot_gunfire__fsd50k__dev__324585__0166__r0.wav,gunshot_gunfire,FSD50K,dev,324585,freesound:324585,324585.wav,0.500023,44100,0.441519,1.0,0.577755,4.907715,8.508744,-13.2378,-2.2663,6008,16041,364f778cc02dcae5c1beaeb362c2af309c50b8eb2b92ac31ee42bac0fb2db9c6,b7685410aac9122b7597a1ae3690002eb2063cbff920a43acb15bafc14c9d603,energy-spectral-flux-glass-tail-v2,421,source_amplitude_preserved_no_normalization
train,gunshot_gunfire__fsd50k__dev__32799__0167__r0.wav,gunshot_gunfire,FSD50K,dev,32799,freesound:32799,32799.wav,9.009342,44100,0.556259,1.0,0.211247,5.942292,19.659344,-43.3738,-14.5365,0,0,64c8797f2d46ef0234b4b7ffed7a94a63f7294551cb11a3d9f8b296f29104dee,a9cefe45795089d5f12e6e784b742f506342851babd24c31f13ab3f80c2df09e,energy-spectral-flux-glass-tail-v2,421,source_amplitude_preserved_no_normalization
train,gunshot_gunfire__fsd50k__dev__32841__0168__r0.wav,gunshot_gunfire,FSD50K,dev,32841,freesound:32841,32841.wav,3.622313,44100,0.461474,1.0,0.500816,6.48543,29.275874,-14.8158,-10.9303,1735,0,57d6063610ec0dff25f61c512ca07d672afbe10ce1adef4b8501446fce5b49b8,bdd3823e6676b626a7e5628c0ae91a364e8ff4af63b6bc2aa2ed8ec76ad055a7,energy-spectral-flux-glass-tail-v2,421,source_amplitude_preserved_no_normalization
train,gunshot_gunfire__fsd50k__dev__32842__0169__r0.wav,gunshot_gunfire,FSD50K,dev,32842,freesound:32842,32842.wav,4.226032,44100,0.366689,1.0,0.303605,6.179472,33.771438,-13.3899,-8.263,0,0,8cabd436014968209af80fabc709cfc74edffea23c4a25620843137d2842712c,24c6b934974d4acf5b6f0a80b37c253b3371316b9724e9fd6295404c80e68284,energy-spectral-flux-glass-tail-v2,421,source_amplitude_preserved_no_normalization
train,gunshot_gunfire__fsd50k__dev__332479__0170__r0.wav,gunshot_gunfire,FSD50K,dev,332479,freesound:332479,332479.wav,9.999546,44100,2.761247,1.0,0.454717,8.04643,15.911188,-15.2375,-14.4383,0,0,014c7fa2f9ffbd726683ab24fd93fd71ab069ae54c97456e638a7d4c683d3a46,c5f9a84778e9e52fb29c61afb139223fdf20eea4261ae3cbde443da81c004254,energy-spectral-flux-glass-tail-v2,421,source_amplitude_preserved_no_normalization
train,gunshot_gunfire__fsd50k__dev__337166__0171__r0.wav,gunshot_gunfire,FSD50K,dev,337166,freesound:337166,337166.wav,4.285714,44100,0.032449,1.0,0.261723,5.373151,5373151130.415339,-34.5088,-3.1796,10111,0,5f3ec1346ae8cb8ebf68f099e91efe1e7728dfa4f0ad11691b4dc7ff4aab6b96,5461ad50359acf9ec9811a809bda9704eabc4e3cae0c13bebee11ec5e9a9eb30,energy-spectral-flux-glass-tail-v2,421,source_amplitude_preserved_no_normalization
train,gunshot_gunfire__fsd50k__dev__346537__0172__r0.wav,gunshot_gunfire,FSD50K,dev,346537,freesound:346537,346537.wav,2.45966,44100,0.212041,1.0,0.39746,6.810578,24.531152,-44.6694,-3.3505,8177,0,1d64c02037ee031a509bc338841e92e67c94853d3acd908d86d05077f2ac140c,fcff16b9e878b06f2fdbcacc3c8d77ca0facf623f70508d31ec531130dab9215,energy-spectral-flux-glass-tail-v2,421,source_amplitude_preserved_no_normalization
train,gunshot_gunfire__fsd50k__dev__346904__0173__r0.wav,gunshot_gunfire,FSD50K,dev,346904,freesound:346904,346904.wav,3.695986,44100,0.910454,1.0,0.309229,5.273933,10.211944,-22.8871,-15.4937,0,0,336471e26435ccec0116feafc356e5febe887c30088301ba8b38f2654117d60f,f8827c4d4ba9b746204189963fc70d4c43ff30a27b23551441953f2fefa134c8,energy-spectral-flux-glass-tail-v2,421,source_amplitude_preserved_no_normalization
train,gunshot_gunfire__fsd50k__dev__346905__0174__r0.wav,gunshot_gunfire,FSD50K,dev,346905,freesound:346905,346905.wav,3.432018,44100,2.402063,1.0,0.398322,5.698473,24.980799,-15.1389,-12.6771,0,0,23acaa20f40bcd9296847819a65773b06c597a4980218e15bacebcf2c9349bd6,a740b13c2df3020603eee83ec26295cd9d17194f34cdde72217e37770238a69d,energy-spectral-flux-glass-tail-v2,421,source_amplitude_preserved_no_normalization
train,gunshot_gunfire__fsd50k__dev__34708__0175__r0.wav,gunshot_gunfire,FSD50K,dev,34708,freesound:34708,34708.wav,21.97263,44100,15.462381,1.0,0.531746,7.81307,12.951869,-28.3562,-2.56,0,0,b26f18843ca6e7be1ad7071fff985a0c24475e6963b8680f48e61a37b52243c8,f3167a47dc753c783e683925cc75b7cb483ec7dd3650d2b1f3159b71350f1488,energy-spectral-flux-glass-tail-v2,421,source_amplitude_preserved_no_normalization
train,gunshot_gunfire__fsd50k__dev__348663__0176__r0.wav,gunshot_gunfire,FSD50K,dev,348663,freesound:348663,348663.wav,1.78034,44100,0.057392,1.0,0.324807,5.518619,7.712196,-13.4298,-12.8965,11793,0,b3975b68365c36ab647b003b12fe83f35a96915f7caac67c84ad5718220df2a9,689e5ba9115a1afca7067792f0bb29bdd52c7e35db0215fb4a11cc1243a83119,energy-spectral-flux-glass-tail-v2,421,source_amplitude_preserved_no_normalization
train,gunshot_gunfire__fsd50k__dev__348664__0177__r0.wav,gunshot_gunfire,FSD50K,dev,348664,freesound:348664,348664.wav,2.18415,44100,0.825646,1.0,0.271995,5.457294,10.966701,-32.46,-12.0061,0,0,1c25f0cf1a42ea1761e920b138361f6f292d3c793f609c3987556eb2b5ab6680,a038772a976f791c3b69b11a13166b84cfcebf1fc9108fc2dc20d69d8464d2f6,energy-spectral-flux-glass-tail-v2,421,source_amplitude_preserved_no_normalization
train,gunshot_gunfire__fsd50k__dev__348665__0178__r0.wav,gunshot_gunfire,FSD50K,dev,348665,freesound:348665,348665.wav,2.557642,44100,1.883243,1.0,0.589388,5.614347,11.493162,-40.3113,-13.7962,0,0,677a2d28029d5231174ec5df2e5d34de345651f1f1274d59cbab53037938b8e2,e2ec6ff6f9c7d65366259b65be5006a75856e53f2feaae6fc219382b2337d7bf,energy-spectral-flux-glass-tail-v2,421,source_amplitude_preserved_no_normalization
train,gunshot_gunfire__fsd50k__dev__348666__0179__r0.wav,gunshot_gunfire,FSD50K,dev,348666,freesound:348666,348666.wav,1.5,44100,0.820658,1.0,0.598141,4.016196,12.782099,-33.1262,-10.1237,0,0,60c6021a1364c2f6602e6c1d6a6cd31e4c8212e5f9dc87257832c08454f29619,9d865eb0f81dac0ef1993e65d9ddf6eca46d2d226e6d4141d3d1ac5a3451f235,energy-spectral-flux-glass-tail-v2,421,source_amplitude_preserved_no_normalization
train,gunshot_gunfire__fsd50k__dev__348670__0180__r0.wav,gunshot_gunfire,FSD50K,dev,348670,freesound:348670,348670.wav,1.5,44100,0.212041,1.0,0.418503,5.816493,13.894273,-8.2565,-6.9948,9105,0,58dddbf071be104e66b5c597998f9f7686937bafcac7feeb326e6a60bff6a831,246f492d56e26ecc4d7bcd8ed58d589b3bb1e26abd9c9f023aa21dad58fa0b66,energy-spectral-flux-glass-tail-v2,421,source_amplitude_preserved_no_normalization
train,gunshot_gunfire__fsd50k__dev__348671__0181__r0.wav,gunshot_gunfire,FSD50K,dev,348671,freesound:348671,348671.wav,1.5,44100,0.261927,1.0,0.552177,5.809869,10.704754,-13.3355,-8.2385,12800,0,8c2d59722a22661ac5e957bbc7ae88a02ab156037f70f047a84af889647337f2,a269fb7a054995c71fb804054d95b115d9697c7e2ce5349c96d05acdc9d25160,energy-spectral-flux-glass-tail-v2,421,source_amplitude_preserved_no_normalization
train,gunshot_gunfire__fsd50k__dev__348685__0182__r0.wav,gunshot_gunfire,FSD50K,dev,348685,freesound:348685,348685.wav,0.366871,44100,0.022472,1.0,0.423469,1.622461,7.619611,-11.4025,-11.4025,17684,10237,9a91493f5e4ade050ae1d485dc3f0bd300d4934c8eaea47b8ad7cc2723568eb0,89f7a6cbc27c3fa308f78ba5270aaf9305d5c0eedeebe6f992ac076385c7b471,energy-spectral-flux-glass-tail-v2,421,source_amplitude_preserved_no_normalization
train,gunshot_gunfire__fsd50k__dev__349217__0183__r0.wav,gunshot_gunfire,FSD50K,dev,349217,freesound:349217,349217.wav,0.957211,44100,0.012494,1.0,0.22746,4.952736,4.935927,-27.5144,-19.3429,9480,0,cc6937a6678da09d5243a97e97ddcc28ca81c57fc11c774c084b3f1a53d30bf7,6363f0b0d47b608c83d09a67b59a010b2c9575196978bca714a2626682df4dab,energy-spectral-flux-glass-tail-v2,421,source_amplitude_preserved_no_normalization
train,gunshot_gunfire__fsd50k__dev__362471__0184__r0.wav,gunshot_gunfire,FSD50K,dev,362471,freesound:362471,362471.wav,0.998912,44100,0.152177,1.0,0.547347,7.684081,16.962546,-14.362,-10.8565,17427,0,89b6a719bbc6fdce86070cf4067626f5812c87585674bd0db7f8992e3bfe8b71,6cc63ecc34b6f60f66fd1afcdc26e517be2808e32eae76c27f7e2eddb7977a5b,energy-spectral-flux-glass-tail-v2,421,source_amplitude_preserved_no_normalization
train,gunshot_gunfire__fsd50k__dev__362486__0185__r0.wav,gunshot_gunfire,FSD50K,dev,362486,freesound:362486,362486.wav,0.707324,44100,0.286871,1.0,0.635714,5.48012,10.617546,-24.4556,-14.9799,15384,0,86a18b1ecc5b30328eb3985bb049c0f386c3aa8a911dab3198d38bbd08e24680,afe691d2ed4dc6064ead9f4b7b351f6549c9e5c365fe9d8ca14b0f7cda083490,energy-spectral-flux-glass-tail-v2,421,source_amplitude_preserved_no_normalization
train,gunshot_gunfire__fsd50k__dev__362487__0186__r0.wav,gunshot_gunfire,FSD50K,dev,362487,freesound:362487,362487.wav,0.946984,44100,0.037438,1.0,0.208095,5.778167,18.952352,-11.4697,-7.9513,7526,0,706beb56fd2f430cfe75f14fe72813d3fdd9018113d8b3cdf00c509d0b5f3af8,3491d2036795e40854b7a8c45cb7be37d0da5964d2ee81f666008562ee544183,energy-spectral-flux-glass-tail-v2,421,source_amplitude_preserved_no_normalization
train,gunshot_gunfire__fsd50k__dev__364976__0187__r0.wav,gunshot_gunfire,FSD50K,dev,364976,freesound:364976,364976.wav,1.929025,44100,0.127234,1.0,0.617324,6.756764,12.031496,-50.1639,-9.5344,21613,0,05462c09d62e146d53bf46b2592d01fb445d2c83ddb4f9d5903fae9372af7945,a2f164c2cf2c01558df133929c630aad075fae1db509098eea96c9528e449b73,energy-spectral-flux-glass-tail-v2,421,source_amplitude_preserved_no_normalization
train,gunshot_gunfire__fsd50k__dev__365905__0188__r0.wav,gunshot_gunfire,FSD50K,dev,365905,freesound:365905,365905.wav,1.870635,44100,0.10229,1.0,0.566939,5.771986,9.149987,-20.3709,-13.1697,20491,0,50bf968a606ed9ea1031453da62c03cef8c81b7cd429b7af7950b016b182cbb2,2d5e04b9c0c1a8ae20e7d254cf9d299cee52b8303ed972fb6b86b30defa12d7a,energy-spectral-flux-glass-tail-v2,421,source_amplitude_preserved_no_normalization
train,gunshot_gunfire__fsd50k__dev__369525__0189__r0.wav,gunshot_gunfire,FSD50K,dev,369525,freesound:369525,369525.wav,0.34415,44100,0.202063,1.0,0.628141,2.580789,16.417343,-52.9762,-17.8064,18790,10133,a1d7888a1b0f2d96dd78370a5071720649eed2c5bfabc2bd594b661e3fe67e46,6dc8df9bbc3a551bab23b3c9e8936d6e8de9878f60598d95294dba86c66477a0,energy-spectral-flux-glass-tail-v2,421,source_amplitude_preserved_no_normalization
train,gunshot_gunfire__fsd50k__dev__369530__0190__r0.wav,gunshot_gunfire,FSD50K,dev,369530,freesound:369530,369530.wav,1.701995,44100,1.568957,1.0,0.38322,3.580514,11.623209,-42.0012,-17.337,0,21333,6bdcc9fd710fe2d9e88025831544a35e416d830c746ccb1ff4f11131a0fdb0dc,30b0dd2e0a9af1f4c5d2da29c196ffabc6cfde84b2b38cbe5ae9fe5fbc954c0a,energy-spectral-flux-glass-tail-v2,421,source_amplitude_preserved_no_normalization
train,gunshot_gunfire__fsd50k__dev__369781__0191__r0.wav,gunshot_gunfire,FSD50K,dev,369781,freesound:369781,369781.wav,0.662925,44100,0.022472,1.0,0.225147,5.826676,37.135285,-2.0425,-2.0425,8938,5927,16527d7c43b957d9641161ab07655aa606d1c41e36a16391a0c76c6af46ac84c,f9e61967444891f9947f1069ed3e22b59bbd2d6e5eb31742086f0727a269b673,energy-spectral-flux-glass-tail-v2,421,source_amplitude_preserved_no_normalization
