filename,category,source_dataset,source_id,source_group,source_filename,source_sha256,derived_sha256,variant_index,event_time_s,sample_rate_hz,duration_s,seed,transform_name,event_offset_s,gain_db,speed_factor,highpass_hz,lowpass_hz,compression_drive,signal_to_noise_db,background_scale,background_file,background_category,background_source_group,limiter_gain
glass_breaking__esc50__fold_1__20133__0000__r0__aug0.wav,glass_breaking,ESC-50,20133,esc-50:20133,glass_breaking__esc50__fold_1__20133__0000__r0.wav,db6946133c37fbd4513fe932dbb71e0b077bf7d240beaed339eb6c88e48c903b,a3fc8a9a404e4c3b5980b4a60df8283dfdc4aa81e0e7241676f3a6bd89a01aa4,0,0.157166,44100,1.0,451,position_only,0.21836,0.0,1.0,,,1.0,,,,,,0.89125094
glass_breaking__esc50__fold_1__20133__0000__r0__aug1.wav,glass_breaking,ESC-50,20133,esc-50:20133,glass_breaking__esc50__fold_1__20133__0000__r0.wav,db6946133c37fbd4513fe932dbb71e0b077bf7d240beaed339eb6c88e48c903b,11e955b66197bc3852fc2a6e5a0e080b25f30530a2c00bab5716abe7f4da191c,1,0.157166,44100,1.0,451,position_gain,0.217688,-3.3091,1.0,,,1.0,,,,,,1.0
glass_breaking__esc50__fold_1__20133__0000__r0__aug2.wav,glass_breaking,ESC-50,20133,esc-50:20133,glass_breaking__esc50__fold_1__20133__0000__r0.wav,db6946133c37fbd4513fe932dbb71e0b077bf7d240beaed339eb6c88e48c903b,17093c7f19a53509de2c40f306e922607f5598c303a98f8f46e2320328f9e216,2,0.157166,44100,1.0,451,position_gain_background,0.275061,1.2416,1.0,,,1.0,18.0811,0.69196204,3-112557-A-23.wav,breathing,esc50:112557,0.73385817
glass_breaking__esc50__fold_1__20133__0000__r0__aug3.wav,glass_breaking,ESC-50,20133,esc-50:20133,glass_breaking__esc50__fold_1__20133__0000__r0.wav,db6946133c37fbd4513fe932dbb71e0b077bf7d240beaed339eb6c88e48c903b,313b4342291c4235af782db77823d6893f29cbeddc1dea8b3a3072853e178fbd,3,0.157166,44100,1.0,451,position_filter_background,0.336049,1.4909,1.0,83.042,6223.279,1.0,10.4109,0.27699536,2-102567-D-35.wav,washing_machine,esc50:102567,0.76732826
glass_breaking__esc50__fold_1__20133__0000__r0__aug4.wav,glass_breaking,ESC-50,20133,esc-50:20133,glass_breaking__esc50__fold_1__20133__0000__r0.wav,db6946133c37fbd4513fe932dbb71e0b077bf7d240beaed339eb6c88e48c903b,cf02a847a5e37ce4cdc59fe7ced97dccab3569df1648e826c7af3b13f38cfc8b,4,0.157166,44100,1.0,451,position_speed_gain,0.197234,-0.0638,0.986824,,,1.0,,,,,,0.72741791
glass_breaking__esc50__fold_1__20133__0000__r0__aug5.wav,glass_breaking,ESC-50,20133,esc-50:20133,glass_breaking__esc50__fold_1__20133__0000__r0.wav,db6946133c37fbd4513fe932dbb71e0b077bf7d240beaed339eb6c88e48c903b,142262e7a0dc393f960faab8abd1916b325fb4249815248feab90a3bb6cb00a6,5,0.157166,44100,1.0,451,position_compression_background,0.34719,-10.7646,1.0,,,1.7986,12.8058,0.79666243,3-155570-A-32.wav,keyboard_typing,esc50:155570,1.0
glass_breaking__esc50__fold_1__84536__0001__r0__aug0.wav,glass_breaking,ESC-50,84536,esc-50:84536,glass_breaking__esc50__fold_1__84536__0001__r0.wav,79efba4c0c54acadc88783e83b428fc9c430db94515b25339a6b5598e2ade0c0,0239591cb9e59bd8718c4ad9209e0bb10a6cc15dbe1366b3a208afa403f466da,0,0.58619,44100,1.0,451,position_only,0.288783,0.0,1.0,,,1.0,,,,,,0.89125094
glass_breaking__esc50__fold_1__84536__0001__r0__aug1.wav,glass_breaking,ESC-50,84536,esc-50:84536,glass_breaking__esc50__fold_1__84536__0001__r0.wav,79efba4c0c54acadc88783e83b428fc9c430db94515b25339a6b5598e2ade0c0,e34a5c9e57113e15d7506aeb1ca298cad17a77c1d4d940f3ef252d2c6a042aa5,1,0.58619,44100,1.0,451,position_gain,0.163638,4.4911,1.0,,,1.0,,,,,,0.53142576
glass_breaking__esc50__fold_1__84536__0001__r0__aug2.wav,glass_breaking,ESC-50,84536,esc-50:84536,glass_breaking__esc50__fold_1__84536__0001__r0.wav,79efba4c0c54acadc88783e83b428fc9c430db94515b25339a6b5598e2ade0c0,d3bdb131dfbc0d7f9806bc8a66ec90f28f4dc4638d3a39cbfd3f4e81cc26d3e0,2,0.58619,44100,1.0,451,position_gain_background,0.154615,-3.1399,1.0,,,1.0,13.8842,3.60723103,3-150363-A-38.wav,clock_tick,esc50:150363,1.0
glass_breaking__esc50__fold_1__84536__0001__r0__aug3.wav,glass_breaking,ESC-50,84536,esc-50:84536,glass_breaking__esc50__fold_1__84536__0001__r0.wav,79efba4c0c54acadc88783e83b428fc9c430db94515b25339a6b5598e2ade0c0,be1fdb2f8a875e312cbb1d559fb0ee53bfbf09c40f7c99ce5b67d257452f8522,3,0.58619,44100,1.0,451,position_filter_background,0.131866,-5.1173,1.0,120.315,6420.124,1.0,16.6038,0.09662115,1-21896-A-35.wav,washing_machine,esc50:21896,1.0
glass_breaking__esc50__fold_1__84536__0001__r0__aug4.wav,glass_breaking,ESC-50,84536,esc-50:84536,glass_breaking__esc50__fold_1__84536__0001__r0.wav,79efba4c0c54acadc88783e83b428fc9c430db94515b25339a6b5598e2ade0c0,04598d3aab5402ab030d99f38db141da086f38c56d7c8f65743e32f657b427cd,4,0.58619,44100,1.0,451,position_speed_gain,0.311457,-2.1167,1.03638,,,1.0,,,,,,0.85352839
glass_breaking__esc50__fold_1__84536__0001__r0__aug5.wav,glass_breaking,ESC-50,84536,esc-50:84536,glass_breaking__esc50__fold_1__84536__0001__r0.wav,79efba4c0c54acadc88783e83b428fc9c430db94515b25339a6b5598e2ade0c0,12cb1e7a2e47302d013409657ae25debc16325f62277831a103665152fe89175,5,0.58619,44100,1.0,451,position_compression_background,0.256499,-0.6065,1.0,,,1.29035,18.9316,0.53745511,2-137162-A-11.wav,sea_waves,esc50:137162,0.89239087
glass_breaking__esc50__fold_1__84704__0002__r0__aug0.wav,glass_breaking,ESC-50,84704,esc-50:84704,glass_breaking__esc50__fold_1__84704__0002__r0.wav,c3e1abf0273f02b5f89e7d51cb890f3ad1575dc55fe1023650b0860b6f3abd15,1cfa222b7348f4db2d2381f9cdd76fcbb02beb4f34c4c8031aab3848945ea787,0,0.092313,44100,1.0,451,position_only,0.274906,0.0,1.0,,,1.0,,,,,,0.89125094
glass_breaking__esc50__fold_1__84704__0002__r0__aug1.wav,glass_breaking,ESC-50,84704,esc-50:84704,glass_breaking__esc50__fold_1__84704__0002__r0.wav,c3e1abf0273f02b5f89e7d51cb890f3ad1575dc55fe1023650b0860b6f3abd15,116a8e17e8d0f9ec203388bcf56c1d8857ee8efebde63ea19a76d979efe3cc01,1,0.092313,44100,1.0,451,position_gain,0.283729,1.5795,1.0,,,1.0,,,,,,0.7430606
glass_breaking__esc50__fold_1__84704__0002__r0__aug2.wav,glass_breaking,ESC-50,84704,esc-50:84704,glass_breaking__esc50__fold_1__84704__0002__r0.wav,c3e1abf0273f02b5f89e7d51cb890f3ad1575dc55fe1023650b0860b6f3abd15,0fb16de5e7c393a13f8f67ce46440089ea38b5ac505c54d8d2cee54b126d2854,2,0.092313,44100,1.0,451,position_gain_background,0.246535,-11.139,1.0,,,1.0,10.0919,1.18775723,1-57163-A-38.wav,clock_tick,esc50:57163,1.0
glass_breaking__esc50__fold_1__84704__0002__r0__aug3.wav,glass_breaking,ESC-50,84704,esc-50:84704,glass_breaking__esc50__fold_1__84704__0002__r0.wav,c3e1abf0273f02b5f89e7d51cb890f3ad1575dc55fe1023650b0860b6f3abd15,f6be80f323f3983efc6ae7b783fe62f16e930d04bddd0399d38a48f3b658f208,3,0.092313,44100,1.0,451,position_filter_background,0.114846,-4.2981,1.0,219.251,5741.997,1.0,24.2447,0.06330251,1-84393-A-32.wav,keyboard_typing,esc50:84393,0.99457483
glass_breaking__esc50__fold_1__84704__0002__r0__aug4.wav,glass_breaking,ESC-50,84704,esc-50:84704,glass_breaking__esc50__fold_1__84704__0002__r0.wav,c3e1abf0273f02b5f89e7d51cb890f3ad1575dc55fe1023650b0860b6f3abd15,f1814a0f5b003f8b42d9b54dcff59206b3b4b07b5a3ab6c6b1702ee14ce45b50,4,0.092313,44100,1.0,451,position_speed_gain,0.359115,-3.9996,0.997395,,,1.0,,,,,,1.0
glass_breaking__esc50__fold_1__84704__0002__r0__aug5.wav,glass_breaking,ESC-50,84704,esc-50:84704,glass_breaking__esc50__fold_1__84704__0002__r0.wav,c3e1abf0273f02b5f89e7d51cb890f3ad1575dc55fe1023650b0860b6f3abd15,fb4703c45dd7840cda727ca1b3b3166fe1443f9cc6e8906cc692a21cff3a5f89,5,0.092313,44100,1.0,451,position_compression_background,0.299447,2.776,1.0,,,1.21051,19.6498,0.25551326,3-144106-A-32.wav,keyboard_typing,esc50:144106,0.78692996
glass_breaking__esc50__fold_1__84705__0003__r0__aug0.wav,glass_breaking,ESC-50,84705,esc-50:84705,glass_breaking__esc50__fold_1__84705__0003__r0.wav,e8cc52dd91213cd69031e10c0fe15f77230f588ececb13cc7c906c43ece32336,c1074d480d4f2e8cd8059fcd73a638103424f08e1441d3bf7db2c8b7e52304e7,0,0.212041,44100,1.0,451,position_only,0.164957,0.0,1.0,,,1.0,,,,,,0.89125094
glass_breaking__esc50__fold_1__84705__0003__r0__aug1.wav,glass_breaking,ESC-50,84705,esc-50:84705,glass_breaking__esc50__fold_1__84705__0003__r0.wav,e8cc52dd91213cd69031e10c0fe15f77230f588ececb13cc7c906c43ece32336,b327293168be3d52188f637dacba48be50d97deb6c6a1be44b374a93b150a957,1,0.212041,44100,1.0,451,position_gain,0.128723,2.3731,1.0,,,1.0,,,,,,0.98513042
glass_breaking__esc50__fold_1__84705__0003__r0__aug2.wav,glass_breaking,ESC-50,84705,esc-50:84705,glass_breaking__esc50__fold_1__84705__0003__r0.wav,e8cc52dd91213cd69031e10c0fe15f77230f588ececb13cc7c906c43ece32336,96326b15ed4739bae048a8b8547695f530b918757d97bfbd553eb38aba424cd1,2,0.212041,44100,1.0,451,position_gain_background,0.291569,3.0243,1.0,,,1.0,21.2468,0.24091657,3-144128-A-23.wav,breathing,esc50:144128,0.62470121
glass_breaking__esc50__fold_1__84705__0003__r0__aug3.wav,glass_breaking,ESC-50,84705,esc-50:84705,glass_breaking__esc50__fold_1__84705__0003__r0.wav,e8cc52dd91213cd69031e10c0fe15f77230f588ececb13cc7c906c43ece32336,23aed46be6615ea16405efe2bae0e300535fffe7f32c75eea90c934e1bc4e8df,3,0.212041,44100,1.0,451,position_filter_background,0.249545,-8.9375,1.0,242.304,5728.014,1.0,13.1552,0.05598115,2-102567-D-35.wav,washing_machine,esc50:102567,1.0
glass_breaking__esc50__fold_1__84705__0003__r0__aug4.wav,glass_breaking,ESC-50,84705,esc-50:84705,glass_breaking__esc50__fold_1__84705__0003__r0.wav,e8cc52dd91213cd69031e10c0fe15f77230f588ececb13cc7c906c43ece32336,4ed29977c9fee10c6a22a68498b67570e712304eea8a5cc7e6aee280af54b741,4,0.212041,44100,1.0,451,position_speed_gain,0.324731,-11.969,0.985689,,,1.0,,,,,,1.0
glass_breaking__esc50__fold_1__84705__0003__r0__aug5.wav,glass_breaking,ESC-50,84705,esc-50:84705,glass_breaking__esc50__fold_1__84705__0003__r0.wav,e8cc52dd91213cd69031e10c0fe15f77230f588ececb13cc7c906c43ece32336,1cda29caebcd710f42df6ddb9107289e6cea287b22e665964e0c688e7e977966,5,0.212041,44100,1.0,451,position_compression_background,0.325399,-0.3594,1.0,,,1.53429,19.0088,0.09024682,1-30709-C-23.wav,breathing,esc50:30709,0.89727835
glass_breaking__esc50__fold_1__85168__0004__r0__aug0.wav,glass_breaking,ESC-50,85168,esc-50:85168,glass_breaking__esc50__fold_1__85168__0004__r0.wav,08fcf5a7656cc1c824122aba2a7dd1107130a0f9d6f3e3b73e7d06575b246ed5,9b1e1be13c307b5af67ee4f43dd9ebed8a495fc221db4c23143dc3d1cc995bf6,0,0.705918,44100,1.0,451,position_only,0.325747,0.0,1.0,,,1.0,,,,,,1.0
glass_breaking__esc50__fold_1__85168__0004__r0__aug1.wav,glass_breaking,ESC-50,85168,esc-50:85168,glass_breaking__esc50__fold_1__85168__0004__r0.wav,08fcf5a7656cc1c824122aba2a7dd1107130a0f9d6f3e3b73e7d06575b246ed5,a6b272a6698f9cba14f4e349757e7c2363da14d325fe4c0366bd492a5a178385,1,0.705918,44100,1.0,451,position_gain,0.189435,4.4848,1.0,,,1.0,,,,,,1.0
glass_breaking__esc50__fold_1__85168__0004__r0__aug2.wav,glass_breaking,ESC-50,85168,esc-50:85168,glass_breaking__esc50__fold_1__85168__0004__r0.wav,08fcf5a7656cc1c824122aba2a7dd1107130a0f9d6f3e3b73e7d06575b246ed5,14ab310d62b63df0d582ff553a6496f4f42076d95b5987a95d068793fe5276ac,2,0.705918,44100,1.0,451,position_gain_background,0.334022,-4.2075,1.0,,,1.0,18.9317,0.06856642,2-102567-B-35.wav,washing_machine,esc50:102567,1.0
glass_breaking__esc50__fold_1__85168__0004__r0__aug3.wav,glass_breaking,ESC-50,85168,esc-50:85168,glass_breaking__esc50__fold_1__85168__0004__r0.wav,08fcf5a7656cc1c824122aba2a7dd1107130a0f9d6f3e3b73e7d06575b246ed5,1ecd209b4c0cd5449d37f7ed48edc73990de3eee1ff7e44d0f83f5684e2e8c1c,3,0.705918,44100,1.0,451,position_filter_background,0.242993,-4.1283,1.0,258.609,5535.41,1.0,14.6165,0.1071705,1-57163-A-38.wav,clock_tick,esc50:57163,1.0
glass_breaking__esc50__fold_1__85168__0004__r0__aug4.wav,glass_breaking,ESC-50,85168,esc-50:85168,glass_breaking__esc50__fold_1__85168__0004__r0.wav,08fcf5a7656cc1c824122aba2a7dd1107130a0f9d6f3e3b73e7d06575b246ed5,3e5efb932c33cf1e05e9caa3c48c786617b3e00ef16c7c183dc61a12d6b855eb,4,0.705918,44100,1.0,451,position_speed_gain,0.148891,0.7672,0.974045,,,1.0,,,,,,1.0
glass_breaking__esc50__fold_1__85168__0004__r0__aug5.wav,glass_breaking,ESC-50,85168,esc-50:85168,glass_breaking__esc50__fold_1__85168__0004__r0.wav,08fcf5a7656cc1c824122aba2a7dd1107130a0f9d6f3e3b73e7d06575b246ed5,dad1c454ca617fb6501636e3219ede4d55fe11009e4382e79ddee32f80a60345,5,0.705918,44100,1.0,451,position_compression_background,0.242684,-3.8232,1.0,,,1.56922,14.6718,0.02077957,1-61252-A-11.wav,sea_waves,esc50:61252,1.0
glass_breaking__esc50__fold_1__85184__0005__r0__aug0.wav,glass_breaking,ESC-50,85184,esc-50:85184,glass_breaking__esc50__fold_1__85184__0005__r0.wav,aafacfae6a441ba21f4c76a11042726f933272709a099a54a15a905a1d65b837,f26a8edf0440d4550695c2e4f150fad7b2ca0c3b2101053e46b9d0c0819d7483,0,0.461474,44100,1.0,451,position_only,0.34718,0.0,1.0,,,1.0,,,,,,0.89125094
glass_breaking__esc50__fold_1__85184__0005__r0__aug1.wav,glass_breaking,ESC-50,85184,esc-50:85184,glass_breaking__esc50__fold_1__85184__0005__r0.wav,aafacfae6a441ba21f4c76a11042726f933272709a099a54a15a905a1d65b837,d423f7f97d2241d93627bcef28f08e91b26b47a36c1394d451e1a065af83b2ab,1,0.461474,44100,1.0,451,position_gain,0.279407,-0.6247,1.0,,,1.0,,,,,,1.0
glass_breaking__esc50__fold_1__85184__0005__r0__aug2.wav,glass_breaking,ESC-50,85184,esc-50:85184,glass_breaking__esc50__fold_1__85184__0005__r0.wav,aafacfae6a441ba21f4c76a11042726f933272709a099a54a15a905a1d65b837,b2238dc69f4c6bc2e81dc088acd0f2fbcb0feb5fee04fe5fef9c1c853ef3abc9,2,0.461474,44100,1.0,451,position_gain_background,0.182255,-8.8027,1.0,,,1.0,14.6494,0.20566811,3-143933-A-38.wav,clock_tick,esc50:143933,1.0
glass_breaking__esc50__fold_1__85184__0005__r0__aug3.wav,glass_breaking,ESC-50,85184,esc-50:85184,glass_breaking__esc50__fold_1__85184__0005__r0.wav,aafacfae6a441ba21f4c76a11042726f933272709a099a54a15a905a1d65b837,402d80a2d9b048e38dd8f8dcd2a6d00e1295c3be92e97b548a8837a28f836a0c,3,0.461474,44100,1.0,451,position_filter_background,0.191209,-5.8294,1.0,152.434,6296.889,1.0,14.9463,0.00640661,1-23996-B-35.wav,washing_machine,esc50:23996,1.0
glass_breaking__esc50__fold_1__85184__0005__r0__aug4.wav,glass_breaking,ESC-50,85184,esc-50:85184,glass_breaking__esc50__fold_1__85184__0005__r0.wav,aafacfae6a441ba21f4c76a11042726f933272709a099a54a15a905a1d65b837,2626e34d466056585107bff366c9d86b59dd6d8bc136d7abd6a7b4ecea95dce5,4,0.461474,44100,1.0,451,position_speed_gain,0.228776,-10.4954,1.013736,,,1.0,,,,,,1.0
glass_breaking__esc50__fold_1__85184__0005__r0__aug5.wav,glass_breaking,ESC-50,85184,esc-50:85184,glass_breaking__esc50__fold_1__85184__0005__r0.wav,aafacfae6a441ba21f4c76a11042726f933272709a099a54a15a905a1d65b837,fd9c73b0856764968a66db4fe66cb0fb289931935d66e9c30e597cb2ecacc9d3,5,0.461474,44100,1.0,451,position_compression_background,0.215116,-2.7674,1.0,,,1.42083,22.9766,0.15437305,3-171012-A-38.wav,clock_tick,esc50:171012,1.0
glass_breaking__esc50__fold_1__88807__0006__r0__aug0.wav,glass_breaking,ESC-50,88807,esc-50:88807,glass_breaking__esc50__fold_1__88807__0006__r0.wav,e5c368173342c2acba450c7d3116fac74fcec86bc8dc26055c6da7ebc509d191,537dcf18e3c4814103adabe60dbced9edd2cfde536c7e7996560b6000fb54736,0,2.032902,44100,1.0,451,position_only,0.189272,0.0,1.0,,,1.0,,,,,,1.0
glass_breaking__esc50__fold_1__88807__0006__r0__aug1.wav,glass_breaking,ESC-50,88807,esc-50:88807,glass_breaking__esc50__fold_1__88807__0006__r0.wav,e5c368173342c2acba450c7d3116fac74fcec86bc8dc26055c6da7ebc509d191,fc64a8e8684e6819f900220f3e6e28cfcdeaf300c6788662e92888e124d7df4d,1,2.032902,44100,1.0,451,position_gain,0.123867,4.5185,1.0,,,1.0,,,,,,1.0
glass_breaking__esc50__fold_1__88807__0006__r0__aug2.wav,glass_breaking,ESC-50,88807,esc-50:88807,glass_breaking__esc50__fold_1__88807__0006__r0.wav,e5c368173342c2acba450c7d3116fac74fcec86bc8dc26055c6da7ebc509d191,db27ceecbfd246778bfe7b498bd4bf39d29df43942010e4203312bc48dbfc05a,2,2.032902,44100,1.0,451,position_gain_background,0.357905,-6.918,1.0,,,1.0,11.0764,0.012529,1-36400-A-23.wav,breathing,esc50:36400,1.0
glass_breaking__esc50__fold_1__88807__0006__r0__aug3.wav,glass_breaking,ESC-50,88807,esc-50:88807,glass_breaking__esc50__fold_1__88807__0006__r0.wav,e5c368173342c2acba450c7d3116fac74fcec86bc8dc26055c6da7ebc509d191,1a4150acd295dd6c0ff69e61df79132787591f98ee1930ed91c87e204d241358,3,2.032902,44100,1.0,451,position_filter_background,0.289288,-3.2157,1.0,187.251,5672.128,1.0,13.4185,0.00029643,1-30709-C-23.wav,breathing,esc50:30709,1.0
glass_breaking__esc50__fold_1__88807__0006__r0__aug4.wav,glass_breaking,ESC-50,88807,esc-50:88807,glass_breaking__esc50__fold_1__88807__0006__r0.wav,e5c368173342c2acba450c7d3116fac74fcec86bc8dc26055c6da7ebc509d191,5ef114a6b93318524850566b749750b43409b4299fe30747464bc6b35e448723,4,2.032902,44100,1.0,451,position_speed_gain,0.242914,-7.9871,0.984981,,,1.0,,,,,,1.0
glass_breaking__esc50__fold_1__88807__0006__r0__aug5.wav,glass_breaking,ESC-50,88807,esc-50:88807,glass_breaking__esc50__fold_1__88807__0006__r0.wav,e5c368173342c2acba450c7d3116fac74fcec86bc8dc26055c6da7ebc509d191,97793377e4445a9e1112db6e3711c89282628215741a7286e307b9f7052fe7df,5,2.032902,44100,1.0,451,position_compression_background,0.132551,-0.9964,1.0,,,1.35298,19.902,120.29676497,1-36400-A-23.wav,breathing,esc50:36400,1.0
glass_breaking__esc50__fold_1__977__0007__r0__aug0.wav,glass_breaking,ESC-50,977,esc-50:977,glass_breaking__esc50__fold_1__977__0007__r0.wav,67c88e07db9e2dd7a7551f0c5b99da315ce7df041f83ed57b479d8fda8fbfe27,5525bdc32bcb3b3fc975724e72461ae18f23dd9915c13bd2094e07bd54b1d31a,0,0.536304,44100,1.0,451,position_only,0.217686,0.0,1.0,,,1.0,,,,,,1.0
glass_breaking__esc50__fold_1__977__0007__r0__aug1.wav,glass_breaking,ESC-50,977,esc-50:977,glass_breaking__esc50__fold_1__977__0007__r0.wav,67c88e07db9e2dd7a7551f0c5b99da315ce7df041f83ed57b479d8fda8fbfe27,3b5e9441344387f540a56dc77a41655f68f549535c6578b0c1fab21467707fc6,1,0.536304,44100,1.0,451,position_gain,0.359189,-6.5744,1.0,,,1.0,,,,,,1.0
glass_breaking__esc50__fold_1__977__0007__r0__aug2.wav,glass_breaking,ESC-50,977,esc-50:977,glass_breaking__esc50__fold_1__977__0007__r0.wav,67c88e07db9e2dd7a7551f0c5b99da315ce7df041f83ed57b479d8fda8fbfe27,e8077ac1e66501265e173bb25a9240660126b90709e10a5a5a139d816b536fb1,2,0.536304,44100,1.0,451,position_gain_background,0.1873,-7.0977,1.0,,,1.0,18.0758,0.00105407,1-84393-A-32.wav,keyboard_typing,esc50:84393,1.0
glass_breaking__esc50__fold_1__977__0007__r0__aug3.wav,glass_breaking,ESC-50,977,esc-50:977,glass_breaking__esc50__fold_1__977__0007__r0.wav,67c88e07db9e2dd7a7551f0c5b99da315ce7df041f83ed57b479d8fda8fbfe27,0f65c37a372e6528f36418d2cd9603750e2ea57f91f52f2355173c1eddffd4b1,3,0.536304,44100,1.0,451,position_filter_background,0.27696,-7.0935,1.0,198.594,7002.214,1.0,11.8527,0.01123627,3-142593-A-38.wav,clock_tick,esc50:142593,1.0
glass_breaking__esc50__fold_1__977__0007__r0__aug4.wav,glass_breaking,ESC-50,977,esc-50:977,glass_breaking__esc50__fold_1__977__0007__r0.wav,67c88e07db9e2dd7a7551f0c5b99da315ce7df041f83ed57b479d8fda8fbfe27,2ceb0c0dcd77045aed981801c5743987f4dd956258aa3d667d2a5099d726cdea,4,0.536304,44100,1.0,451,position_speed_gain,0.204255,-8.1864,1.006451,,,1.0,,,,,,1.0
glass_breaking__esc50__fold_1__977__0007__r0__aug5.wav,glass_breaking,ESC-50,977,esc-50:977,glass_breaking__esc50__fold_1__977__0007__r0.wav,67c88e07db9e2dd7a7551f0c5b99da315ce7df041f83ed57b479d8fda8fbfe27,fd6ae14d5c0cb140e6e12991e2ee8ed2c2c4fc21bd847987a6eb56ed39e7b078,5,0.536304,44100,1.0,451,position_compression_background,0.269775,-10.8179,1.0,,,1.47909,18.5406,0.00177177,2-54961-A-23.wav,breathing,esc50:54961,1.0
glass_breaking__esc50__fold_2__106881__0008__r0__aug0.wav,glass_breaking,ESC-50,106881,esc-50:106881,glass_breaking__esc50__fold_2__106881__0008__r0.wav,e54a661c1fff8150b7c34d54da1686a18eaeaaf454394b866a251ceb68e3f886,8797a2fa043b96e63f90fab19bdbaea34ff92d65b93390ac3241cdb47e44659c,0,0.311814,44100,1.0,451,position_only,0.144514,0.0,1.0,,,1.0,,,,,,0.97850669
glass_breaking__esc50__fold_2__106881__0008__r0__aug1.wav,glass_breaking,ESC-50,106881,esc-50:106881,glass_breaking__esc50__fold_2__106881__0008__r0.wav,e54a661c1fff8150b7c34d54da1686a18eaeaaf454394b866a251ceb68e3f886,d78c7aa5a3af4673fc9fe7f813e03d42dec40cad94f641193a5a41e1b116db9d,1,0.311814,44100,1.0,451,position_gain,0.106114,-0.6701,1.0,,,1.0,,,,,,1.0
glass_breaking__esc50__fold_2__106881__0008__r0__aug2.wav,glass_breaking,ESC-50,106881,esc-50:106881,glass_breaking__esc50__fold_2__106881__0008__r0.wav,e54a661c1fff8150b7c34d54da1686a18eaeaaf454394b866a251ceb68e3f886,759a4285b23be9419a73f781cc4c8dbb27ae896558cebec4ab9cc303cfa95835,2,0.311814,44100,1.0,451,position_gain_background,0.135881,-11.3512,1.0,,,1.0,20.3109,0.02791802,1-21934-A-38.wav,clock_tick,esc50:21934,1.0
glass_breaking__esc50__fold_2__106881__0008__r0__aug3.wav,glass_breaking,ESC-50,106881,esc-50:106881,glass_breaking__esc50__fold_2__106881__0008__r0.wav,e54a661c1fff8150b7c34d54da1686a18eaeaaf454394b866a251ceb68e3f886,66fa39a00056c8db9fb6c1a28c7b301c27934010dc6d916368d21c62a79a4485,3,0.311814,44100,1.0,451,position_filter_background,0.346908,-4.3751,1.0,153.85,6529.043,1.0,17.3603,0.08094973,1-39901-A-11.wav,sea_waves,esc50:39901,1.0
glass_breaking__esc50__fold_2__106881__0008__r0__aug4.wav,glass_breaking,ESC-50,106881,esc-50:106881,glass_breaking__esc50__fold_2__106881__0008__r0.wav,e54a661c1fff8150b7c34d54da1686a18eaeaaf454394b866a251ceb68e3f886,be49e0c63f1630b83c595a4af1c4be15d27aa67fa0ed10bef8361fce7ad38a2a,4,0.311814,44100,1.0,451,position_speed_gain,0.175527,-7.5347,0.96422,,,1.0,,,,,,1.0
glass_breaking__esc50__fold_2__106881__0008__r0__aug5.wav,glass_breaking,ESC-50,106881,esc-50:106881,glass_breaking__esc50__fold_2__106881__0008__r0.wav,e54a661c1fff8150b7c34d54da1686a18eaeaaf454394b866a251ceb68e3f886,9d303b8d67c85a3439ba3f0b403a39990cb8c3d40fb9218100b404be5c0fadcc,5,0.311814,44100,1.0,451,position_compression_background,0.126649,2.5322,1.0,,,1.50484,10.0307,0.0920769,3-164120-A-11.wav,sea_waves,esc50:164120,1.0
glass_breaking__esc50__fold_2__112213__0009__r0__aug0.wav,glass_breaking,ESC-50,112213,esc-50:112213,glass_breaking__esc50__fold_2__112213__0009__r0.wav,a6b60fb2268d7f0ceda0ff6f798d2d51b4ceb08218b3ac5ca91980a42d9c706b,7088f355d549cfb7eb7d0d2e51a6eebe5039a0a7b17bf768427fa10c209e39f0,0,2.422018,44100,1.0,451,position_only,0.215269,0.0,1.0,,,1.0,,,,,,0.94825998
glass_breaking__esc50__fold_2__112213__0009__r0__aug1.wav,glass_breaking,ESC-50,112213,esc-50:112213,glass_breaking__esc50__fold_2__112213__0009__r0.wav,a6b60fb2268d7f0ceda0ff6f798d2d51b4ceb08218b3ac5ca91980a42d9c706b,9be5daf9535533ff81183eea66cb9b30e894622c7433c2c279adda49c087cb3c,1,2.422018,44100,1.0,451,position_gain,0.321163,2.7464,1.0,,,1.0,,,,,,0.69120469
glass_breaking__esc50__fold_2__112213__0009__r0__aug2.wav,glass_breaking,ESC-50,112213,esc-50:112213,glass_breaking__esc50__fold_2__112213__0009__r0.wav,a6b60fb2268d7f0ceda0ff6f798d2d51b4ceb08218b3ac5ca91980a42d9c706b,702c54db8a65947bb8070238d016605b87a7c4b0711b3554bfd45c61f0b1bfe3,2,2.422018,44100,1.0,451,position_gain_background,0.122364,2.2073,1.0,,,1.0,10.1265,0.35175833,1-23996-A-35.wav,washing_machine,esc50:23996,0.72927652
glass_breaking__esc50__fold_2__112213__0009__r0__aug3.wav,glass_breaking,ESC-50,112213,esc-50:112213,glass_breaking__esc50__fold_2__112213__0009__r0.wav,a6b60fb2268d7f0ceda0ff6f798d2d51b4ceb08218b3ac5ca91980a42d9c706b,72a59d788388ba44e5de97b89edea9ccdeaff62f8e13099f8a76370ec58f8e6c,3,2.422018,44100,1.0,451,position_filter_background,0.258195,3.7318,1.0,150.515,6327.033,1.0,24.6065,0.04759909,2-102567-C-35.wav,washing_machine,esc50:102567,0.7838019
glass_breaking__esc50__fold_2__112213__0009__r0__aug4.wav,glass_breaking,ESC-50,112213,esc-50:112213,glass_breaking__esc50__fold_2__112213__0009__r0.wav,a6b60fb2268d7f0ceda0ff6f798d2d51b4ceb08218b3ac5ca91980a42d9c706b,48b883944ab8d3fcc56b366ef33d7d840134c3aaba324549d682e5e4989df134,4,2.422018,44100,1.0,451,position_speed_gain,0.275538,-4.3816,0.975354,,,1.0,,,,,,1.0
glass_breaking__esc50__fold_2__112213__0009__r0__aug5.wav,glass_breaking,ESC-50,112213,esc-50:112213,glass_breaking__esc50__fold_2__112213__0009__r0.wav,a6b60fb2268d7f0ceda0ff6f798d2d51b4ceb08218b3ac5ca91980a42d9c706b,10a542a4021e32f06a8b98bc0aa8b5a9e40149cb7339cea390ee6dd89a7c7f88,5,2.422018,44100,1.0,451,position_compression_background,0.318281,-0.0874,1.0,,,1.327,16.2275,0.09896344,1-30709-A-23.wav,breathing,esc50:30709,0.92005401
glass_breaking__esc50__fold_2__112213__0010__r0__aug0.wav,glass_breaking,ESC-50,112213,esc-50:112213,glass_breaking__esc50__fold_2__112213__0010__r0.wav,d1d705535a4506b6e7f94c8ebff688bc0aa8bc115b42e8daf13542bec4f90ac7,4ada6a65f7b8b4a93a075b67cbd42d428a1b1bc99e018c7cb5241bb6aefd6a50,0,2.541746,44100,1.0,451,position_only,0.338308,0.0,1.0,,,1.0,,,,,,1.0
glass_breaking__esc50__fold_2__112213__0010__r0__aug1.wav,glass_breaking,ESC-50,112213,esc-50:112213,glass_breaking__esc50__fold_2__112213__0010__r0.wav,d1d705535a4506b6e7f94c8ebff688bc0aa8bc115b42e8daf13542bec4f90ac7,d67a83c5a127978a2e4611d0f60c26093fb61bbb40804595753ead8c0ee0e101,1,2.541746,44100,1.0,451,position_gain,0.209013,-8.9213,1.0,,,1.0,,,,,,1.0
glass_breaking__esc50__fold_2__112213__0010__r0__aug2.wav,glass_breaking,ESC-50,112213,esc-50:112213,glass_breaking__esc50__fold_2__112213__0010__r0.wav,d1d705535a4506b6e7f94c8ebff688bc0aa8bc115b42e8daf13542bec4f90ac7,a36e1980415d3ce308aa63abc9440714fa82f01452b498cc937ee961c82c4d50,2,2.541746,44100,1.0,451,position_gain_background,0.218777,1.1104,1.0,,,1.0,15.5198,0.35480769,1-21935-A-38.wav,clock_tick,esc50:21935,1.0
glass_breaking__esc50__fold_2__112213__0010__r0__aug3.wav,glass_breaking,ESC-50,112213,esc-50:112213,glass_breaking__esc50__fold_2__112213__0010__r0.wav,d1d705535a4506b6e7f94c8ebff688bc0aa8bc115b42e8daf13542bec4f90ac7,6b83f64f6155b384e06f024c69e75f5aa2749acbadc24bb7bc87e5520da3fbf7,3,2.541746,44100,1.0,451,position_filter_background,0.322793,-11.4467,1.0,255.192,6465.754,1.0,22.8071,0.00535347,1-91359-B-11.wav,sea_waves,esc50:91359,1.0
glass_breaking__esc50__fold_2__112213__0010__r0__aug4.wav,glass_breaking,ESC-50,112213,esc-50:112213,glass_breaking__esc50__fold_2__112213__0010__r0.wav,d1d705535a4506b6e7f94c8ebff688bc0aa8bc115b42e8daf13542bec4f90ac7,0ba5cba8000c09c58ffd7a1e9e252693c03803c67459fdaf08bf622fe55b137b,4,2.541746,44100,1.0,451,position_speed_gain,0.137053,-8.501,1.006273,,,1.0,,,,,,1.0
glass_breaking__esc50__fold_2__112213__0010__r0__aug5.wav,glass_breaking,ESC-50,112213,esc-50:112213,glass_breaking__esc50__fold_2__112213__0010__r0.wav,d1d705535a4506b6e7f94c8ebff688bc0aa8bc115b42e8daf13542bec4f90ac7,3f1979a4ef0e293e7a28d3a843768595a6540c35d75ea8da79b60719756ab862,5,2.541746,44100,1.0,451,position_compression_background,0.23848,-1.334,1.0,,,1.58648,22.5014,0.20204396,3-171041-A-38.wav,clock_tick,esc50:171041,1.0
glass_breaking__esc50__fold_2__141563__0011__r0__aug0.wav,glass_breaking,ESC-50,141563,esc-50:141563,glass_breaking__esc50__fold_2__141563__0011__r0.wav,3ef4dae6a116b3d18a0f9f18d4373f0247debb168b0718eee89c0a30a38890c7,dcccbc85ff306561a896dbd150aa4a5bb8e016cba79f192d0e8d95033a77237c,0,0.192086,44100,1.0,451,position_only,0.301235,0.0,1.0,,,1.0,,,,,,1.0
glass_breaking__esc50__fold_2__141563__0011__r0__aug1.wav,glass_breaking,ESC-50,141563,esc-50:141563,glass_breaking__esc50__fold_2__141563__0011__r0.wav,3ef4dae6a116b3d18a0f9f18d4373f0247debb168b0718eee89c0a30a38890c7,1e495eae1627f165fd667ecdb8b94694436283dd16cec54cff7deaab244f66ae,1,0.192086,44100,1.0,451,position_gain,0.129102,-0.3694,1.0,,,1.0,,,,,,1.0
glass_breaking__esc50__fold_2__141563__0011__r0__aug2.wav,glass_breaking,ESC-50,141563,esc-50:141563,glass_breaking__esc50__fold_2__141563__0011__r0.wav,3ef4dae6a116b3d18a0f9f18d4373f0247debb168b0718eee89c0a30a38890c7,44bdae854c04b18c058232ff89afcebd360d95fc4c7837c099d46201d85eac30,2,0.192086,44100,1.0,451,position_gain_background,0.275371,-1.1736,1.0,,,1.0,12.1855,0.43344791,2-118459-B-32.wav,keyboard_typing,esc50:118459,1.0
glass_breaking__esc50__fold_2__141563__0011__r0__aug3.wav,glass_breaking,ESC-50,141563,esc-50:141563,glass_breaking__esc50__fold_2__141563__0011__r0.wav,3ef4dae6a116b3d18a0f9f18d4373f0247debb168b0718eee89c0a30a38890c7,ba6f42ad3d4953c62e1d770636cc15ca1c7a30350689e903b69b2a600c437a25,3,0.192086,44100,1.0,451,position_filter_background,0.128287,1.9471,1.0,98.232,6069.378,1.0,15.8071,0.09148616,3-144827-A-11.wav,sea_waves,esc50:144827,1.0
glass_breaking__esc50__fold_2__141563__0011__r0__aug4.wav,glass_breaking,ESC-50,141563,esc-50:141563,glass_breaking__esc50__fold_2__141563__0011__r0.wav,3ef4dae6a116b3d18a0f9f18d4373f0247debb168b0718eee89c0a30a38890c7,27dc234571da20d97560a33637d83fb6582ad1bc575167379473252796427f52,4,0.192086,44100,1.0,451,position_speed_gain,0.303223,-5.7619,1.021932,,,1.0,,,,,,1.0
glass_breaking__esc50__fold_2__141563__0011__r0__aug5.wav,glass_breaking,ESC-50,141563,esc-50:141563,glass_breaking__esc50__fold_2__141563__0011__r0.wav,3ef4dae6a116b3d18a0f9f18d4373f0247debb168b0718eee89c0a30a38890c7,24e8396a1951a15906e3e5b3ede137a353d22e33e92241ae4705ad3f5aa49c2d,5,0.192086,44100,1.0,451,position_compression_background,0.206647,-6.0762,1.0,,,1.60836,20.2393,6.14677803,1-49098-A-35.wav,washing_machine,esc50:49098,1.0
glass_breaking__esc50__fold_2__173559__0012__r0__aug0.wav,glass_breaking,ESC-50,173559,esc-50:173559,glass_breaking__esc50__fold_2__173559__0012__r0.wav,e60d74d17651551cb82e4fd8a542ceae3f278da1a6b4393fe9e704c786ff4125,773d6db06fe0ad564906711648e887c6e466c04589a0136f200d2eb5f79a4ea5,0,2.576667,44100,1.0,451,position_only,0.328536,0.0,1.0,,,1.0,,,,,,1.0
glass_breaking__esc50__fold_2__173559__0012__r0__aug1.wav,glass_breaking,ESC-50,173559,esc-50:173559,glass_breaking__esc50__fold_2__173559__0012__r0.wav,e60d74d17651551cb82e4fd8a542ceae3f278da1a6b4393fe9e704c786ff4125,ca6a0158b85536b099884f130d2248a266286028cfccd31db34ed82bfde1137b,1,2.576667,44100,1.0,451,position_gain,0.291719,-0.3366,1.0,,,1.0,,,,,,1.0
glass_breaking__esc50__fold_2__173559__0012__r0__aug2.wav,glass_breaking,ESC-50,173559,esc-50:173559,glass_breaking__esc50__fold_2__173559__0012__r0.wav,e60d74d17651551cb82e4fd8a542ceae3f278da1a6b4393fe9e704c786ff4125,4ee19f78c6e60b4670beee6db74cf4f9c4af72b4e653b35396eb5813483651cb,2,2.576667,44100,1.0,451,position_gain_background,0.31269,-6.8749,1.0,,,1.0,19.4471,0.01090462,3-144128-A-23.wav,breathing,esc50:144128,1.0
glass_breaking__esc50__fold_2__173559__0012__r0__aug3.wav,glass_breaking,ESC-50,173559,esc-50:173559,glass_breaking__esc50__fold_2__173559__0012__r0.wav,e60d74d17651551cb82e4fd8a542ceae3f278da1a6b4393fe9e704c786ff4125,61459e79d560663d27a7d54fdc3d78d30f455ff8711247bce9a30782bcfe57ce,3,2.576667,44100,1.0,451,position_filter_background,0.276131,0.8414,1.0,220.686,6599.065,1.0,24.9045,0.00402412,1-84393-A-32.wav,keyboard_typing,esc50:84393,1.0
glass_breaking__esc50__fold_2__173559__0012__r0__aug4.wav,glass_breaking,ESC-50,173559,esc-50:173559,glass_breaking__esc50__fold_2__173559__0012__r0.wav,e60d74d17651551cb82e4fd8a542ceae3f278da1a6b4393fe9e704c786ff4125,2aaf77460f0cdff8b486f962723f71cdbf5fb0e82f447e68262d353e0c54524c,4,2.576667,44100,1.0,451,position_speed_gain,0.266685,-10.7161,0.978108,,,1.0,,,,,,1.0
glass_breaking__esc50__fold_2__173559__0012__r0__aug5.wav,glass_breaking,ESC-50,173559,esc-50:173559,glass_breaking__esc50__fold_2__173559__0012__r0.wav,e60d74d17651551cb82e4fd8a542ceae3f278da1a6b4393fe9e704c786ff4125,ec13029e4f01926e3814a971bc706d76cb2755bda7fa6323fd68e42067301cc9,5,2.576667,44100,1.0,451,position_compression_background,0.180691,3.5677,1.0,,,1.59906,23.6356,0.04856649,1-36402-A-23.wav,breathing,esc50:36402,1.0
glass_breaking__esc50__fold_2__173607__0013__r0__aug0.wav,glass_breaking,ESC-50,173607,esc-50:173607,glass_breaking__esc50__fold_2__173607__0013__r0.wav,55cc07864f3f8195e51bbdf10fda1601df6b5ff0d5f486a356d79b60c0beb3d6,861beef1992edec308660810a7a5b1f1338ac6d768e84b8296425cb65e7a9d7d,0,0.02746,44100,1.0,451,position_only,0.347713,0.0,1.0,,,1.0,,,,,,0.89125094
glass_breaking__esc50__fold_2__173607__0013__r0__aug1.wav,glass_breaking,ESC-50,173607,esc-50:173607,glass_breaking__esc50__fold_2__173607__0013__r0.wav,55cc07864f3f8195e51bbdf10fda1601df6b5ff0d5f486a356d79b60c0beb3d6,e2b754b85fc923433efaeb927d3a4a16c5a77bc3f49e08027a5ff8678ce4cb7f,1,0.02746,44100,1.0,451,position_gain,0.271774,3.0806,1.0,,,1.0,,,,,,0.62512963
glass_breaking__esc50__fold_2__173607__0013__r0__aug2.wav,glass_breaking,ESC-50,173607,esc-50:173607,glass_breaking__esc50__fold_2__173607__0013__r0.wav,55cc07864f3f8195e51bbdf10fda1601df6b5ff0d5f486a356d79b60c0beb3d6,5194fa9635a0754835bf94c59bbecab987fb022701326ad66a5cd197af8abde4,2,0.02746,44100,1.0,451,position_gain_background,0.239315,-7.0486,1.0,,,1.0,22.6405,0.03003454,1-91359-A-11.wav,sea_waves,esc50:91359,1.0
glass_breaking__esc50__fold_2__173607__0013__r0__aug3.wav,glass_breaking,ESC-50,173607,esc-50:173607,glass_breaking__esc50__fold_2__173607__0013__r0.wav,55cc07864f3f8195e51bbdf10fda1601df6b5ff0d5f486a356d79b60c0beb3d6,d052c928d515cd2c7459c674a8daa2bf2bae0876a5d126e86c00c7d110772bd3,3,0.02746,44100,1.0,451,position_filter_background,0.336987,-1.3963,1.0,192.344,6574.88,1.0,15.3551,0.12446878,2-155801-A-11.wav,sea_waves,esc50:155801,0.71427914
glass_breaking__esc50__fold_2__173607__0013__r0__aug4.wav,glass_breaking,ESC-50,173607,esc-50:173607,glass_breaking__esc50__fold_2__173607__0013__r0.wav,55cc07864f3f8195e51bbdf10fda1601df6b5ff0d5f486a356d79b60c0beb3d6,4757170f9a6c65e26214de9ebd318d34dfabd951e44d49814caabe2d6cdcf7f1,4,0.02746,44100,1.0,451,position_speed_gain,0.29053,0.546,0.98347,,,1.0,,,,,,0.7787266
glass_breaking__esc50__fold_2__173607__0013__r0__aug5.wav,glass_breaking,ESC-50,173607,esc-50:173607,glass_breaking__esc50__fold_2__173607__0013__r0.wav,55cc07864f3f8195e51bbdf10fda1601df6b5ff0d5f486a356d79b60c0beb3d6,1fa7242b29b007a445cdd53389bf4eea5f7c4cf3bf3be5490e3cfc91b0087d61,5,0.02746,44100,1.0,451,position_compression_background,0.299983,-1.2489,1.0,,,1.21449,13.3356,0.35194229,3-144128-B-23.wav,breathing,esc50:144128,0.95044227
glass_breaking__esc50__fold_2__173618__0014__r0__aug0.wav,glass_breaking,ESC-50,173618,esc-50:173618,glass_breaking__esc50__fold_2__173618__0014__r0.wav,9170ecdc0903514ded47782447d6f0828d752ebc9765fa0cb257f869529dd830,9c226f4ed4a253992554e331e6ce3a33a767c57cf19040e5099a58901d3c17d7,0,0.022472,44100,1.0,451,position_only,0.231386,0.0,1.0,,,1.0,,,,,,0.89125094
glass_breaking__esc50__fold_2__173618__0014__r0__aug1.wav,glass_breaking,ESC-50,173618,esc-50:173618,glass_breaking__esc50__fold_2__173618__0014__r0.wav,9170ecdc0903514ded47782447d6f0828d752ebc9765fa0cb257f869529dd830,1948313044bf6b8c27cae89549b64a25b23af56015fc242991d1814120e97dbe,1,0.022472,44100,1.0,451,position_gain,0.202967,-7.6621,1.0,,,1.0,,,,,,1.0
glass_breaking__esc50__fold_2__173618__0014__r0__aug2.wav,glass_breaking,ESC-50,173618,esc-50:173618,glass_breaking__esc50__fold_2__173618__0014__r0.wav,9170ecdc0903514ded47782447d6f0828d752ebc9765fa0cb257f869529dd830,68546ed4af6ad00c9030a5e49eb2e1ddd0dd6ceff961ed6acebe37cca4962aaf,2,0.022472,44100,1.0,451,position_gain_background,0.196862,-8.3274,1.0,,,1.0,20.5763,0.16159652,1-28135-B-11.wav,sea_waves,esc50:28135,1.0
glass_breaking__esc50__fold_2__173618__0014__r0__aug3.wav,glass_breaking,ESC-50,173618,esc-50:173618,glass_breaking__esc50__fold_2__173618__0014__r0.wav,9170ecdc0903514ded47782447d6f0828d752ebc9765fa0cb257f869529dd830,56269f2c4d441cc0baf9acc37e91a70f20564496a8e246ab340910e69d44aebe,3,0.022472,44100,1.0,451,position_filter_background,0.274227,2.6649,1.0,182.591,7367.404,1.0,10.2346,2.83224354,2-54961-A-23.wav,breathing,esc50:54961,0.37161381
glass_breaking__esc50__fold_2__173618__0014__r0__aug4.wav,glass_breaking,ESC-50,173618,esc-50:173618,glass_breaking__esc50__fold_2__173618__0014__r0.wav,9170ecdc0903514ded47782447d6f0828d752ebc9765fa0cb257f869529dd830,e68a5877c0dba65524b4cab41ee369c089545c8f5168f0e49f3476f6ca21ebbd,4,0.022472,44100,1.0,451,position_speed_gain,0.180979,-10.053,0.993545,,,1.0,,,,,,1.0
glass_breaking__esc50__fold_2__173618__0014__r0__aug5.wav,glass_breaking,ESC-50,173618,esc-50:173618,glass_breaking__esc50__fold_2__173618__0014__r0.wav,9170ecdc0903514ded47782447d6f0828d752ebc9765fa0cb257f869529dd830,b8d7ae36899bbfc1a937935c47f08444780956e4614d0bdc4d6cce0da0084dfa,5,0.022472,44100,1.0,451,position_compression_background,0.320551,4.908,1.0,,,1.48842,23.6766,0.18784858,3-144827-A-11.wav,sea_waves,esc50:144827,0.81140228
glass_breaking__esc50__fold_2__250710__0015__r0__aug0.wav,glass_breaking,ESC-50,250710,esc-50:250710,glass_breaking__esc50__fold_2__250710__0015__r0.wav,ca0b7286ded500bd1f1928ef96ad5c35704bec66a790181afeb17ec7d995dbac,34045c3b9132af895311c3a5842ebd64e536a1cedc62f953123ece362b58986b,0,1.030181,44100,1.0,451,position_only,0.188806,0.0,1.0,,,1.0,,,,,,1.0
glass_breaking__esc50__fold_2__250710__0015__r0__aug1.wav,glass_breaking,ESC-50,250710,esc-50:250710,glass_breaking__esc50__fold_2__250710__0015__r0.wav,ca0b7286ded500bd1f1928ef96ad5c35704bec66a790181afeb17ec7d995dbac,59c10dc344d0db539cfbc51f741d967da8b01896365c16c79e57435d794494b0,1,1.030181,44100,1.0,451,position_gain,0.218793,-0.2786,1.0,,,1.0,,,,,,1.0
glass_breaking__esc50__fold_2__250710__0015__r0__aug2.wav,glass_breaking,ESC-50,250710,esc-50:250710,glass_breaking__esc50__fold_2__250710__0015__r0.wav,ca0b7286ded500bd1f1928ef96ad5c35704bec66a790181afeb17ec7d995dbac,f66d6d72cf15fa367eeeb396cc6626c0c339e365cbd51550a4da42f4a81fc484,2,1.030181,44100,1.0,451,position_gain_background,0.219713,-1.2254,1.0,,,1.0,13.784,0.2456758,2-82455-A-23.wav,breathing,esc50:82455,1.0
glass_breaking__esc50__fold_2__250710__0015__r0__aug3.wav,glass_breaking,ESC-50,250710,esc-50:250710,glass_breaking__esc50__fold_2__250710__0015__r0.wav,ca0b7286ded500bd1f1928ef96ad5c35704bec66a790181afeb17ec7d995dbac,66558d6218368f36251be89a62bfd904258b1df3ccd10670c4be8ba211a13a96,3,1.030181,44100,1.0,451,position_filter_background,0.235107,-11.5791,1.0,180.25,7681.145,1.0,23.8126,0.00284825,3-188726-A-35.wav,washing_machine,esc50:188726,1.0
glass_breaking__esc50__fold_2__250710__0015__r0__aug4.wav,glass_breaking,ESC-50,250710,esc-50:250710,glass_breaking__esc50__fold_2__250710__0015__r0.wav,ca0b7286ded500bd1f1928ef96ad5c35704bec66a790181afeb17ec7d995dbac,777ce3306961f61b16bfaf9ac6f232f9eb4f131d46f7ddd16684c6c66587b484,4,1.030181,44100,1.0,451,position_speed_gain,0.35,-0.4546,0.993779,,,1.0,,,,,,1.0
glass_breaking__esc50__fold_2__250710__0015__r0__aug5.wav,glass_breaking,ESC-50,250710,esc-50:250710,glass_breaking__esc50__fold_2__250710__0015__r0.wav,ca0b7286ded500bd1f1928ef96ad5c35704bec66a790181afeb17ec7d995dbac,a4e9cea8552013ba519fe01505aa5ed050e56548e8e840225730454a9743e4a3,5,1.030181,44100,1.0,451,position_compression_background,0.285413,-5.7451,1.0,,,1.28183,20.3276,0.14948693,3-164688-A-38.wav,clock_tick,esc50:164688,1.0
glass_breaking__esc50__fold_3__203371__0016__r0__aug0.wav,glass_breaking,ESC-50,203371,esc-50:203371,glass_breaking__esc50__fold_3__203371__0016__r0.wav,60a600ff3e1ac00b41c60b0e3979ee8b1b46ebfcbc370523389094e4fbda415b,bfeaee93a9dd02633eab60116e623b96b87bac9d43b52c10828e336045a1e104,0,0.022472,44100,1.0,451,position_only,0.213401,0.0,1.0,,,1.0,,,,,,0.89125094
glass_breaking__esc50__fold_3__203371__0016__r0__aug1.wav,glass_breaking,ESC-50,203371,esc-50:203371,glass_breaking__esc50__fold_3__203371__0016__r0.wav,60a600ff3e1ac00b41c60b0e3979ee8b1b46ebfcbc370523389094e4fbda415b,97b308d51d3be357e438cad7f6dc0df72bc7696ae468be9922449f6b92876060,1,0.022472,44100,1.0,451,position_gain,0.351573,1.5223,1.0,,,1.0,,,,,,0.74797266
glass_breaking__esc50__fold_3__203371__0016__r0__aug2.wav,glass_breaking,ESC-50,203371,esc-50:203371,glass_breaking__esc50__fold_3__203371__0016__r0.wav,60a600ff3e1ac00b41c60b0e3979ee8b1b46ebfcbc370523389094e4fbda415b,cd8da37bba707b594573eaed1b100f505eac351ccafbc13b991b9ca153b82ed7,2,0.022472,44100,1.0,451,position_gain_background,0.300729,4.7658,1.0,,,1.0,15.5472,4.06047918,1-61212-A-32.wav,keyboard_typing,esc50:61212,0.48695362
glass_breaking__esc50__fold_3__203371__0016__r0__aug3.wav,glass_breaking,ESC-50,203371,esc-50:203371,glass_breaking__esc50__fold_3__203371__0016__r0.wav,60a600ff3e1ac00b41c60b0e3979ee8b1b46ebfcbc370523389094e4fbda415b,1262130cdcd2d4d542720790fb4793df2db5fe01a2a2d7b0131b2e01e751ac5b,3,0.022472,44100,1.0,451,position_filter_background,0.257188,-9.7059,1.0,163.816,7184.239,1.0,24.3707,0.33311979,3-166125-A-23.wav,breathing,esc50:166125,1.0
glass_breaking__esc50__fold_3__203371__0016__r0__aug4.wav,glass_breaking,ESC-50,203371,esc-50:203371,glass_breaking__esc50__fold_3__203371__0016__r0.wav,60a600ff3e1ac00b41c60b0e3979ee8b1b46ebfcbc370523389094e4fbda415b,51a288d295f11e2357f559af9c2632f431ed33bba5b6299f69e61a2f69d082fa,4,0.022472,44100,1.0,451,position_speed_gain,0.2588,-8.0072,0.965576,,,1.0,,,,,,1.0
glass_breaking__esc50__fold_3__203371__0016__r0__aug5.wav,glass_breaking,ESC-50,203371,esc-50:203371,glass_breaking__esc50__fold_3__203371__0016__r0.wav,60a600ff3e1ac00b41c60b0e3979ee8b1b46ebfcbc370523389094e4fbda415b,6366e331285ef12f77fecc4822f124fb6a63c4fb1506d43e390a69edc2599402,5,0.022472,44100,1.0,451,position_compression_background,0.106922,3.034,1.0,,,1.55862,21.2945,3.94280876,1-62850-A-38.wav,clock_tick,esc50:62850,0.83254286
glass_breaking__esc50__fold_3__203373__0017__r0__aug0.wav,glass_breaking,ESC-50,203373,esc-50:203373,glass_breaking__esc50__fold_3__203373__0017__r0.wav,beb0605537f3fe20e98b54f19f20842d92b7a95f9408dee41e620a8955b33111,369edfb96e1979f13657a35448d45492860493f6c4772f5759945778a0acf07a,0,0.261927,44100,1.0,451,position_only,0.112732,0.0,1.0,,,1.0,,,,,,0.97817895
glass_breaking__esc50__fold_3__203373__0017__r0__aug1.wav,glass_breaking,ESC-50,203373,esc-50:203373,glass_breaking__esc50__fold_3__203373__0017__r0.wav,beb0605537f3fe20e98b54f19f20842d92b7a95f9408dee41e620a8955b33111,7f467cce7c86d953407d58eceb310e6d48f5ecd9783109b322472419181e45e5,1,0.261927,44100,1.0,451,position_gain,0.239056,2.7893,1.0,,,1.0,,,,,,0.64644767
glass_breaking__esc50__fold_3__203373__0017__r0__aug2.wav,glass_breaking,ESC-50,203373,esc-50:203373,glass_breaking__esc50__fold_3__203373__0017__r0.wav,beb0605537f3fe20e98b54f19f20842d92b7a95f9408dee41e620a8955b33111,55e9baeb687be2937c871458c19826b91527e63ea19d2d467c8194bacef8fd7a,2,0.261927,44100,1.0,451,position_gain_background,0.323357,-6.8732,1.0,,,1.0,23.113,0.03176232,1-30709-A-23.wav,breathing,esc50:30709,1.0
glass_breaking__esc50__fold_3__203373__0017__r0__aug3.wav,glass_breaking,ESC-50,203373,esc-50:203373,glass_breaking__esc50__fold_3__203373__0017__r0.wav,beb0605537f3fe20e98b54f19f20842d92b7a95f9408dee41e620a8955b33111,ed13bd52f72c763db70d0302b234fb78da50681c181fa26b736828851876aa1f,3,0.261927,44100,1.0,451,position_filter_background,0.108488,-7.0664,1.0,123.344,7480.241,1.0,19.0554,0.02580356,1-62594-A-32.wav,keyboard_typing,esc50:62594,1.0
glass_breaking__esc50__fold_3__203373__0017__r0__aug4.wav,glass_breaking,ESC-50,203373,esc-50:203373,glass_breaking__esc50__fold_3__203373__0017__r0.wav,beb0605537f3fe20e98b54f19f20842d92b7a95f9408dee41e620a8955b33111,ac5cc6ee2859eb012ebf6f75c944ab1b238b4599e6445583ad5040a5b95ca727,4,0.261927,44100,1.0,451,position_speed_gain,0.102879,3.3061,1.002473,,,1.0,,,,,,0.66787742
glass_breaking__esc50__fold_3__203373__0017__r0__aug5.wav,glass_breaking,ESC-50,203373,esc-50:203373,glass_breaking__esc50__fold_3__203373__0017__r0.wav,beb0605537f3fe20e98b54f19f20842d92b7a95f9408dee41e620a8955b33111,4f56f7c500dd6bf40f2eae9176358fe465eb29c99bc4d88ff5fd42f2398c53dd,5,0.261927,44100,1.0,451,position_compression_background,0.217129,-5.0369,1.0,,,1.33107,19.9266,0.08974721,2-132157-B-11.wav,sea_waves,esc50:132157,1.0
glass_breaking__esc50__fold_3__203374__0018__r0__aug0.wav,glass_breaking,ESC-50,203374,esc-50:203374,glass_breaking__esc50__fold_3__203374__0018__r0.wav,d2d0b97a0ad01b927a83605cd4e5cc988c4b868e1e01a4fa874563c038e16473,9e5104582ecf1e224b489dcbf71052824d99482b2d3d670fcaceb4b5e92c97e4,0,0.466463,44100,1.0,451,position_only,0.322874,0.0,1.0,,,1.0,,,,,,1.0
glass_breaking__esc50__fold_3__203374__0018__r0__aug1.wav,glass_breaking,ESC-50,203374,esc-50:203374,glass_breaking__esc50__fold_3__203374__0018__r0.wav,d2d0b97a0ad01b927a83605cd4e5cc988c4b868e1e01a4fa874563c038e16473,066e5e42d44ba429a69b43e1895718d83e3113fe53f4b52a58a12be4505b4c7c,1,0.466463,44100,1.0,451,position_gain,0.219831,-10.7019,1.0,,,1.0,,,,,,1.0
glass_breaking__esc50__fold_3__203374__0018__r0__aug2.wav,glass_breaking,ESC-50,203374,esc-50:203374,glass_breaking__esc50__fold_3__203374__0018__r0.wav,d2d0b97a0ad01b927a83605cd4e5cc988c4b868e1e01a4fa874563c038e16473,6c88e3fb7891f66dea0951cc3635e8dcb6557caf5f30ba31d1bef3c554d8deaa,2,0.466463,44100,1.0,451,position_gain_background,0.11912,2.9703,1.0,,,1.0,11.0155,2.48606652,1-62849-A-38.wav,clock_tick,esc50:62849,0.82854414
glass_breaking__esc50__fold_3__203374__0018__r0__aug3.wav,glass_breaking,ESC-50,203374,esc-50:203374,glass_breaking__esc50__fold_3__203374__0018__r0.wav,d2d0b97a0ad01b927a83605cd4e5cc988c4b868e1e01a4fa874563c038e16473,e47c0d8db5f5194da1760bd1e1614f20986d5eab46453f70491b58fd6fddaec6,3,0.466463,44100,1.0,451,position_filter_background,0.270952,-1.1603,1.0,155.034,6240.056,1.0,18.5849,0.01980452,2-132157-B-11.wav,sea_waves,esc50:132157,1.0
glass_breaking__esc50__fold_3__203374__0018__r0__aug4.wav,glass_breaking,ESC-50,203374,esc-50:203374,glass_breaking__esc50__fold_3__203374__0018__r0.wav,d2d0b97a0ad01b927a83605cd4e5cc988c4b868e1e01a4fa874563c038e16473,64b2bd550b7bb5b6e7c3b3186e950982a614f70aa20c67dd3e1d07b14042fb97,4,0.466463,44100,1.0,451,position_speed_gain,0.134087,-4.1384,0.99244,,,1.0,,,,,,1.0
glass_breaking__esc50__fold_3__203374__0018__r0__aug5.wav,glass_breaking,ESC-50,203374,esc-50:203374,glass_breaking__esc50__fold_3__203374__0018__r0.wav,d2d0b97a0ad01b927a83605cd4e5cc988c4b868e1e01a4fa874563c038e16473,83c0b9838c8aed817eeca4e4422aea3ed28e82c6f945e612b2ce76be98b205b0,5,0.466463,44100,1.0,451,position_compression_background,0.103611,-3.1645,1.0,,,1.47341,17.9258,0.02164698,1-32373-A-35.wav,washing_machine,esc50:32373,1.0
glass_breaking__esc50__fold_3__203375__0019__r0__aug0.wav,glass_breaking,ESC-50,203375,esc-50:203375,glass_breaking__esc50__fold_3__203375__0019__r0.wav,b6a987feb4855cf91f55498dcc04bee4fd0f8ed06290d451ce37a07fff230feb,77fb37f7098b03f3cc70632776b0313c039d610da18c37f31f70966f2aa60631,0,1.045147,44100,1.0,451,position_only,0.310963,0.0,1.0,,,1.0,,,,,,1.0
glass_breaking__esc50__fold_3__203375__0019__r0__aug1.wav,glass_breaking,ESC-50,203375,esc-50:203375,glass_breaking__esc50__fold_3__203375__0019__r0.wav,b6a987feb4855cf91f55498dcc04bee4fd0f8ed06290d451ce37a07fff230feb,97f85684cdbcf8124eff67b9efe20d1b57ac2bd2adeb77099319859b26fc2978,1,1.045147,44100,1.0,451,position_gain,0.229053,3.1419,1.0,,,1.0,,,,,,1.0
glass_breaking__esc50__fold_3__203375__0019__r0__aug2.wav,glass_breaking,ESC-50,203375,esc-50:203375,glass_breaking__esc50__fold_3__203375__0019__r0.wav,b6a987feb4855cf91f55498dcc04bee4fd0f8ed06290d451ce37a07fff230feb,b9ca1c99d7693cf385686e3869de9a7271e78b9e97037ed7ba5a85b23a52e67b,2,1.045147,44100,1.0,451,position_gain_background,0.295183,-4.4728,1.0,,,1.0,24.2844,0.00494464,1-21935-A-38.wav,clock_tick,esc50:21935,1.0
glass_breaking__esc50__fold_3__203375__0019__r0__aug3.wav,glass_breaking,ESC-50,203375,esc-50:203375,glass_breaking__esc50__fold_3__203375__0019__r0.wav,b6a987feb4855cf91f55498dcc04bee4fd0f8ed06290d451ce37a07fff230feb,082c12183aace7858a0a663f10f13e7db340c1f6b8ee6d6f6b96c5de69c4ff35,3,1.045147,44100,1.0,451,position_filter_background,0.211604,3.915,1.0,241.288,5712.775,1.0,14.7722,0.00195986,3-144106-A-32.wav,keyboard_typing,esc50:144106,1.0
glass_breaking__esc50__fold_3__203375__0019__r0__aug4.wav,glass_breaking,ESC-50,203375,esc-50:203375,glass_breaking__esc50__fold_3__203375__0019__r0.wav,b6a987feb4855cf91f55498dcc04bee4fd0f8ed06290d451ce37a07fff230feb,0394d832ccafbec7cfafb277317d74787ac4fa5771f24366777b4a69a2253772,4,1.045147,44100,1.0,451,position_speed_gain,0.32229,-8.2428,1.020664,,,1.0,,,,,,1.0
glass_breaking__esc50__fold_3__203375__0019__r0__aug5.wav,glass_breaking,ESC-50,203375,esc-50:203375,glass_breaking__esc50__fold_3__203375__0019__r0.wav,b6a987feb4855cf91f55498dcc04bee4fd0f8ed06290d451ce37a07fff230feb,a1745708c263da7412aea1cba0ea75fd46bac54c29109a643c3a3ddcae377480,5,1.045147,44100,1.0,451,position_compression_background,0.189955,-7.9771,1.0,,,1.76119,22.1271,0.00445739,1-57163-A-38.wav,clock_tick,esc50:57163,1.0
glass_breaking__esc50__fold_3__203377__0020__r0__aug0.wav,glass_breaking,ESC-50,203377,esc-50:203377,glass_breaking__esc50__fold_3__203377__0020__r0.wav,66c6c338f75f509754b454cedae44597f70c97a44f79a3079da0183a63e34562,699a91b6fdbf53618cb97e3ef2e96be27683b06ba0fb2478d32e5166238d4937,0,0.391633,44100,1.0,451,position_only,0.200436,0.0,1.0,,,1.0,,,,,,1.0
glass_breaking__esc50__fold_3__203377__0020__r0__aug1.wav,glass_breaking,ESC-50,203377,esc-50:203377,glass_breaking__esc50__fold_3__203377__0020__r0.wav,66c6c338f75f509754b454cedae44597f70c97a44f79a3079da0183a63e34562,e0c0f6c8249cc1fdabcc13992476d0ec8c7e12fb10357892874c342f8af61cb9,1,0.391633,44100,1.0,451,position_gain,0.118637,-9.5401,1.0,,,1.0,,,,,,1.0
glass_breaking__esc50__fold_3__203377__0020__r0__aug2.wav,glass_breaking,ESC-50,203377,esc-50:203377,glass_breaking__esc50__fold_3__203377__0020__r0.wav,66c6c338f75f509754b454cedae44597f70c97a44f79a3079da0183a63e34562,fb1a8ec2086163a5801ef715fc08ebed7a5e490fa9aa5a03119b09885dc46cd2,2,0.391633,44100,1.0,451,position_gain_background,0.230292,-1.1628,1.0,,,1.0,18.4422,0.11956923,3-142593-A-38.wav,clock_tick,esc50:142593,1.0
glass_breaking__esc50__fold_3__203377__0020__r0__aug3.wav,glass_breaking,ESC-50,203377,esc-50:203377,glass_breaking__esc50__fold_3__203377__0020__r0.wav,66c6c338f75f509754b454cedae44597f70c97a44f79a3079da0183a63e34562,755d9549615eae058776281385326dca84d3274ad52a174c71c8c3c66a35a422,3,0.391633,44100,1.0,451,position_filter_background,0.274275,-10.6366,1.0,232.891,5747.932,1.0,12.5938,0.00571698,2-102567-D-35.wav,washing_machine,esc50:102567,1.0
glass_breaking__esc50__fold_3__203377__0020__r0__aug4.wav,glass_breaking,ESC-50,203377,esc-50:203377,glass_breaking__esc50__fold_3__203377__0020__r0.wav,66c6c338f75f509754b454cedae44597f70c97a44f79a3079da0183a63e34562,d9834f8a8b84e78a632823517c8387169c3097e870d152d486208b52f877659f,4,0.391633,44100,1.0,451,position_speed_gain,0.16419,-9.7747,0.983484,,,1.0,,,,,,1.0
glass_breaking__esc50__fold_3__203377__0020__r0__aug5.wav,glass_breaking,ESC-50,203377,esc-50:203377,glass_breaking__esc50__fold_3__203377__0020__r0.wav,66c6c338f75f509754b454cedae44597f70c97a44f79a3079da0183a63e34562,178de215826b8e2ace8cf65edaebfafb491f9751580d907b308c0c1b8085ebb4,5,0.391633,44100,1.0,451,position_compression_background,0.359042,-5.1564,1.0,,,1.29235,22.0251,0.02237965,1-32373-B-35.wav,washing_machine,esc50:32373,1.0
glass_breaking__esc50__fold_3__216280__0021__r0__aug0.wav,glass_breaking,ESC-50,216280,esc-50:216280,glass_breaking__esc50__fold_3__216280__0021__r0.wav,2ff2076e898eb818ee6ce5edb615126500b72f6c2fb525ea6bd411d73f8ca580,c315ae0390b9f072c37c62434c511b0675b1d6c2e6f457d41729e030e27f7378,0,0.301837,44100,1.0,451,position_only,0.35012,0.0,1.0,,,1.0,,,,,,1.0
glass_breaking__esc50__fold_3__216280__0021__r0__aug1.wav,glass_breaking,ESC-50,216280,esc-50:216280,glass_breaking__esc50__fold_3__216280__0021__r0.wav,2ff2076e898eb818ee6ce5edb615126500b72f6c2fb525ea6bd411d73f8ca580,aa063d59f9b0fbd7cac8842de2cda5f3bf7ac7ec2ee847fa081cdd9469b5470d,1,0.301837,44100,1.0,451,position_gain,0.335117,-5.8401,1.0,,,1.0,,,,,,1.0
glass_breaking__esc50__fold_3__216280__0021__r0__aug2.wav,glass_breaking,ESC-50,216280,esc-50:216280,glass_breaking__esc50__fold_3__216280__0021__r0.wav,2ff2076e898eb818ee6ce5edb615126500b72f6c2fb525ea6bd411d73f8ca580,5911cef706e6a9e8cf42b0ccbef1d22d80a8ea67926981722c65eaf94d6e0963,2,0.301837,44100,1.0,451,position_gain_background,0.179206,1.0457,1.0,,,1.0,15.4723,0.0366281,3-144827-B-11.wav,sea_waves,esc50:144827,0.98113018
glass_breaking__esc50__fold_3__216280__0021__r0__aug3.wav,glass_breaking,ESC-50,216280,esc-50:216280,glass_breaking__esc50__fold_3__216280__0021__r0.wav,2ff2076e898eb818ee6ce5edb615126500b72f6c2fb525ea6bd411d73f8ca580,0653d1764590bb72b75796485949fbb8c394c25731ccf4d3cd80b0ed3451a343,3,0.301837,44100,1.0,451,position_filter_background,0.120232,-0.5273,1.0,163.274,5628.73,1.0,11.6441,0.09240331,1-39901-B-11.wav,sea_waves,esc50:39901,1.0
glass_breaking__esc50__fold_3__216280__0021__r0__aug4.wav,glass_breaking,ESC-50,216280,esc-50:216280,glass_breaking__esc50__fold_3__216280__0021__r0.wav,2ff2076e898eb818ee6ce5edb615126500b72f6c2fb525ea6bd411d73f8ca580,d12ebbc263bc1f0de1db64dd44317469a418bbe6bbb947f5cbd33d0b79eeae25,4,0.301837,44100,1.0,451,position_speed_gain,0.21995,-1.1458,1.033361,,,1.0,,,,,,1.0
glass_breaking__esc50__fold_3__216280__0021__r0__aug5.wav,glass_breaking,ESC-50,216280,esc-50:216280,glass_breaking__esc50__fold_3__216280__0021__r0.wav,2ff2076e898eb818ee6ce5edb615126500b72f6c2fb525ea6bd411d73f8ca580,3613aa28a5d04580fdf68435e495616165efaa35681b50681e25f13e62d38a15,5,0.301837,44100,1.0,451,position_compression_background,0.322206,-9.8233,1.0,,,1.63316,23.5656,803.19857973,2-66205-A-23.wav,breathing,esc50:66205,1.0
glass_breaking__esc50__fold_3__216281__0022__r0__aug0.wav,glass_breaking,ESC-50,216281,esc-50:216281,glass_breaking__esc50__fold_3__216281__0022__r0.wav,6f0ae114a872f560946a6a45d474f2b9e0664325ac5b236bc396723ecfbcb5ff,6ecafd561188c4170d8fdfc7840832ff1b5fb7962ded33e390a5415a0a02b615,0,0.66102,44100,1.0,451,position_only,0.14973,0.0,1.0,,,1.0,,,,,,0.98804083
glass_breaking__esc50__fold_3__216281__0022__r0__aug1.wav,glass_breaking,ESC-50,216281,esc-50:216281,glass_breaking__esc50__fold_3__216281__0022__r0.wav,6f0ae114a872f560946a6a45d474f2b9e0664325ac5b236bc396723ecfbcb5ff,7a9d3d49d780d64e8be0e2d0462e1d92fb2e24f6d35e6623db1fa6d632556426,1,0.66102,44100,1.0,451,position_gain,0.359902,-10.6093,1.0,,,1.0,,,,,,1.0
glass_breaking__esc50__fold_3__216281__0022__r0__aug2.wav,glass_breaking,ESC-50,216281,esc-50:216281,glass_breaking__esc50__fold_3__216281__0022__r0.wav,6f0ae114a872f560946a6a45d474f2b9e0664325ac5b236bc396723ecfbcb5ff,e9ba3330bef7f9099d5681f4bc545bdcd2de76eecc99515c6433f0a11f2449f5,2,0.66102,44100,1.0,451,position_gain_background,0.182637,-1.1002,1.0,,,1.0,21.9768,0.27617026,3-182710-B-35.wav,washing_machine,esc50:182710,1.0
glass_breaking__esc50__fold_3__216281__0022__r0__aug3.wav,glass_breaking,ESC-50,216281,esc-50:216281,glass_breaking__esc50__fold_3__216281__0022__r0.wav,6f0ae114a872f560946a6a45d474f2b9e0664325ac5b236bc396723ecfbcb5ff,0fbf78d7dae3dd51c09df73ed5d59ba42c64e6e14e37ca405163e92b30160408,3,0.66102,44100,1.0,451,position_filter_background,0.204456,-8.7456,1.0,165.887,7423.613,1.0,21.5331,0.05359742,3-142593-A-38.wav,clock_tick,esc50:142593,1.0
glass_breaking__esc50__fold_3__216281__0022__r0__aug4.wav,glass_breaking,ESC-50,216281,esc-50:216281,glass_breaking__esc50__fold_3__216281__0022__r0.wav,6f0ae114a872f560946a6a45d474f2b9e0664325ac5b236bc396723ecfbcb5ff,65c805edba720aee297802b2f19429e9b08173e435983e0d2b982d9b2b8b458c,4,0.66102,44100,1.0,451,position_speed_gain,0.211041,-3.878,0.982623,,,1.0,,,,,,1.0
glass_breaking__esc50__fold_3__216281__0022__r0__aug5.wav,glass_breaking,ESC-50,216281,esc-50:216281,glass_breaking__esc50__fold_3__216281__0022__r0.wav,6f0ae114a872f560946a6a45d474f2b9e0664325ac5b236bc396723ecfbcb5ff,070c1acc0db13b10d0ea4b081d6e8e5484196876eec22f2d964f8832f90d26c8,5,0.66102,44100,1.0,451,position_compression_background,0.205757,-9.3452,1.0,,,1.72431,23.5124,0.00950259,3-166422-A-11.wav,sea_waves,esc50:166422,1.0
glass_breaking__esc50__fold_3__216284__0023__r0__aug0.wav,glass_breaking,ESC-50,216284,esc-50:216284,glass_breaking__esc50__fold_3__216284__0023__r0.wav,b494fb47b9afd88715976c1476e6115024b8869681a293ea761fea72a03abf3e,06c8dfebd1d3def8655206723a0ae3d79144ee0efe306574e1b634a399525e00,0,0.740839,44100,1.0,451,position_only,0.111725,0.0,1.0,,,1.0,,,,,,1.0
glass_breaking__esc50__fold_3__216284__0023__r0__aug1.wav,glass_breaking,ESC-50,216284,esc-50:216284,glass_breaking__esc50__fold_3__216284__0023__r0.wav,b494fb47b9afd88715976c1476e6115024b8869681a293ea761fea72a03abf3e,e165230efd6633bc75e6014092117d6d53fe6c7b42e7d1324ea197ca08405dce,1,0.740839,44100,1.0,451,position_gain,0.109975,-3.6632,1.0,,,1.0,,,,,,1.0
glass_breaking__esc50__fold_3__216284__0023__r0__aug2.wav,glass_breaking,ESC-50,216284,esc-50:216284,glass_breaking__esc50__fold_3__216284__0023__r0.wav,b494fb47b9afd88715976c1476e6115024b8869681a293ea761fea72a03abf3e,8dcb536f76780869223c083f9be3a04876de288110ecd9f8ac2d2dc386b3ec60,2,0.740839,44100,1.0,451,position_gain_background,0.198789,3.4062,1.0,,,1.0,21.5453,0.41254707,1-18631-A-23.wav,breathing,esc50:18631,0.69475645
glass_breaking__esc50__fold_3__216284__0023__r0__aug3.wav,glass_breaking,ESC-50,216284,esc-50:216284,glass_breaking__esc50__fold_3__216284__0023__r0.wav,b494fb47b9afd88715976c1476e6115024b8869681a293ea761fea72a03abf3e,1aaa7abe8090e56ddf8a18f8a7b6d8a5dd970b24978e120fe51ebfcf5f2869f3,3,0.740839,44100,1.0,451,position_filter_background,0.22874,-7.6112,1.0,109.556,5728.439,1.0,10.5006,0.4074503,3-171012-A-38.wav,clock_tick,esc50:171012,1.0
glass_breaking__esc50__fold_3__216284__0023__r0__aug4.wav,glass_breaking,ESC-50,216284,esc-50:216284,glass_breaking__esc50__fold_3__216284__0023__r0.wav,b494fb47b9afd88715976c1476e6115024b8869681a293ea761fea72a03abf3e,4f53247d537c01d694ad790db265cde7d9e15541a38b40c9dc8f30b2b630984d,4,0.740839,44100,1.0,451,position_speed_gain,0.179808,-1.6654,1.022955,,,1.0,,,,,,1.0
glass_breaking__esc50__fold_3__216284__0023__r0__aug5.wav,glass_breaking,ESC-50,216284,esc-50:216284,glass_breaking__esc50__fold_3__216284__0023__r0.wav,b494fb47b9afd88715976c1476e6115024b8869681a293ea761fea72a03abf3e,c6602f9a0a2b968059fc8776162500c290093b2c5327ec2c13212d91e4d65e97,5,0.740839,44100,1.0,451,position_compression_background,0.266523,-9.8535,1.0,,,1.61951,12.445,0.02940165,1-30709-A-23.wav,breathing,esc50:30709,1.0
glass_breaking__fsd50k__dev__118198__0069__r0__aug0.wav,glass_breaking,FSD50K,118198,freesound:118198,glass_breaking__fsd50k__dev__118198__0069__r0.wav,a7ef01c64dc5de8649fcd9be712e7549376221d08381ae4d0e7da2c810efc46b,96058ef6209c123e656e805ee99b1059008f8959410baaedb2cd9f06233be4c4,0,0.331769,44100,1.0,451,position_only,0.216048,0.0,1.0,,,1.0,,,,,,1.0
glass_breaking__fsd50k__dev__118198__0069__r0__aug1.wav,glass_breaking,FSD50K,118198,freesound:118198,glass_breaking__fsd50k__dev__118198__0069__r0.wav,a7ef01c64dc5de8649fcd9be712e7549376221d08381ae4d0e7da2c810efc46b,7b2c3250dff03e87a2c07056e175d43210e0212cc25b63847ed47802828f2a48,1,0.331769,44100,1.0,451,position_gain,0.31449,0.0428,1.0,,,1.0,,,,,,1.0
glass_breaking__fsd50k__dev__118198__0069__r0__aug2.wav,glass_breaking,FSD50K,118198,freesound:118198,glass_breaking__fsd50k__dev__118198__0069__r0.wav,a7ef01c64dc5de8649fcd9be712e7549376221d08381ae4d0e7da2c810efc46b,74a85ab10db9ee4f1b80bd99c00aef112dc6e883f64b119e284ff29b9321d794,2,0.331769,44100,1.0,451,position_gain_background,0.318681,-3.9196,1.0,,,1.0,17.4395,0.78282635,1-137-A-32.wav,keyboard_typing,esc50:137,1.0
glass_breaking__fsd50k__dev__118198__0069__r0__aug3.wav,glass_breaking,FSD50K,118198,freesound:118198,glass_breaking__fsd50k__dev__118198__0069__r0.wav,a7ef01c64dc5de8649fcd9be712e7549376221d08381ae4d0e7da2c810efc46b,de3f2c74a43cb66b09f2356524c555600753a826c5fc8f79a52ac8b3bde00e46,3,0.331769,44100,1.0,451,position_filter_background,0.219783,1.0947,1.0,222.588,6593.973,1.0,11.3028,21461.29655862,1-36393-A-23.wav,breathing,esc50:36393,1.0
glass_breaking__fsd50k__dev__118198__0069__r0__aug4.wav,glass_breaking,FSD50K,118198,freesound:118198,glass_breaking__fsd50k__dev__118198__0069__r0.wav,a7ef01c64dc5de8649fcd9be712e7549376221d08381ae4d0e7da2c810efc46b,981c311e57f46d7defe39f31af5200fd2b81d70ae53178d152458024af8356c9,4,0.331769,44100,1.0,451,position_speed_gain,0.201714,-5.0733,0.972781,,,1.0,,,,,,1.0
glass_breaking__fsd50k__dev__118198__0069__r0__aug5.wav,glass_breaking,FSD50K,118198,freesound:118198,glass_breaking__fsd50k__dev__118198__0069__r0.wav,a7ef01c64dc5de8649fcd9be712e7549376221d08381ae4d0e7da2c810efc46b,763b1c9afe70cf8e02fded04400a3ab00d62e7e596dab5a6511d5a16c795e3b8,5,0.331769,44100,1.0,451,position_compression_background,0.338087,2.2506,1.0,,,1.32781,10.5543,0.22431032,2-51173-A-35.wav,washing_machine,esc50:51173,1.0
glass_breaking__fsd50k__dev__124030__0122__r0__aug0.wav,glass_breaking,FSD50K,124030,freesound:124030,glass_breaking__fsd50k__dev__124030__0122__r0.wav,11e9731f7b9d0c30e48d974f852dc4ebe283bcc90ba6014b9a7a9ebfc98d0bd7,ee85b38723958d1fddc885bd71bf6991c3eb82de0feb1929ff29cd550b668628,0,3.464649,44100,1.0,451,position_only,0.208621,0.0,1.0,,,1.0,,,,,,1.0
glass_breaking__fsd50k__dev__124030__0122__r0__aug1.wav,glass_breaking,FSD50K,124030,freesound:124030,glass_breaking__fsd50k__dev__124030__0122__r0.wav,11e9731f7b9d0c30e48d974f852dc4ebe283bcc90ba6014b9a7a9ebfc98d0bd7,8b349aa69083d8c30ee7ee5c6af11185e2338f319af191b698945b2dcc53f4c1,1,3.464649,44100,1.0,451,position_gain,0.310606,0.143,1.0,,,1.0,,,,,,1.0
glass_breaking__fsd50k__dev__124030__0122__r0__aug2.wav,glass_breaking,FSD50K,124030,freesound:124030,glass_breaking__fsd50k__dev__124030__0122__r0.wav,11e9731f7b9d0c30e48d974f852dc4ebe283bcc90ba6014b9a7a9ebfc98d0bd7,5fb6b9d51590b1e0284fdb64e20948d66a16a08fe054b5b6bfce70536f10da53,2,3.464649,44100,1.0,451,position_gain_background,0.235321,3.7259,1.0,,,1.0,17.0114,0.41467318,1-21935-A-38.wav,clock_tick,esc50:21935,0.76019898
glass_breaking__fsd50k__dev__124030__0122__r0__aug3.wav,glass_breaking,FSD50K,124030,freesound:124030,glass_breaking__fsd50k__dev__124030__0122__r0.wav,11e9731f7b9d0c30e48d974f852dc4ebe283bcc90ba6014b9a7a9ebfc98d0bd7,18f7e450bf1cfeec40b90a90fe03aebdb0130e1e3c4fb091aba67f0a68ebbb20,3,3.464649,44100,1.0,451,position_filter_background,0.237879,-3.9413,1.0,256.771,6225.7,1.0,14.7982,0.86731929,1-94231-B-32.wav,keyboard_typing,esc50:94231,1.0
glass_breaking__fsd50k__dev__124030__0122__r0__aug4.wav,glass_breaking,FSD50K,124030,freesound:124030,glass_breaking__fsd50k__dev__124030__0122__r0.wav,11e9731f7b9d0c30e48d974f852dc4ebe283bcc90ba6014b9a7a9ebfc98d0bd7,8c0d645f7fa6e0303516507be779349c34c4cd16762f0815c284925aed1fcf42,4,3.464649,44100,1.0,451,position_speed_gain,0.33005,-5.9559,0.963841,,,1.0,,,,,,1.0
glass_breaking__fsd50k__dev__124030__0122__r0__aug5.wav,glass_breaking,FSD50K,124030,freesound:124030,glass_breaking__fsd50k__dev__124030__0122__r0.wav,11e9731f7b9d0c30e48d974f852dc4ebe283bcc90ba6014b9a7a9ebfc98d0bd7,33e7050dad52fe6889c9f1c1f18a9706284b89c474f35ea74c3189794bef40af,5,3.464649,44100,1.0,451,position_compression_background,0.19306,0.7329,1.0,,,1.41278,11.2952,4.17452087,3-151206-A-23.wav,breathing,esc50:151206,1.0
glass_breaking__fsd50k__dev__126877__0029__r0__aug0.wav,glass_breaking,FSD50K,126877,freesound:126877,glass_breaking__fsd50k__dev__126877__0029__r0.wav,6c19d4dd018ffe74d7b1d03a65388e958b0a53e4d337025a0ab911bd93551414,a063e0b66cd08420a6710f98bc0373c8ba6140ebcafe229f0c0dc995c52c3552,0,0.152177,44100,1.0,451,position_only,0.231714,0.0,1.0,,,1.0,,,,,,0.89125094
glass_breaking__fsd50k__dev__126877__0029__r0__aug1.wav,glass_breaking,FSD50K,126877,freesound:126877,glass_breaking__fsd50k__dev__126877__0029__r0.wav,6c19d4dd018ffe74d7b1d03a65388e958b0a53e4d337025a0ab911bd93551414,0cb2c10db4317e7592e6ad697d7c186feef3e855aa78befb99c678dab1b37e4b,1,0.152177,44100,1.0,451,position_gain,0.301764,3.103,1.0,,,1.0,,,,,,0.62352147
glass_breaking__fsd50k__dev__126877__0029__r0__aug2.wav,glass_breaking,FSD50K,126877,freesound:126877,glass_breaking__fsd50k__dev__126877__0029__r0.wav,6c19d4dd018ffe74d7b1d03a65388e958b0a53e4d337025a0ab911bd93551414,da4be91825edf7ad3410333f7c7ca1d515fa628b17e892554c0da928948cea31,2,0.152177,44100,1.0,451,position_gain_background,0.277943,-4.5506,1.0,,,1.0,11.9473,0.1411483,2-132157-B-11.wav,sea_waves,esc50:132157,1.0
glass_breaking__fsd50k__dev__126877__0029__r0__aug3.wav,glass_breaking,FSD50K,126877,freesound:126877,glass_breaking__fsd50k__dev__126877__0029__r0.wav,6c19d4dd018ffe74d7b1d03a65388e958b0a53e4d337025a0ab911bd93551414,075ae6d1f68e85250ada3c2a2b7542d97c5992e204b9939bccfa28cc0fe2c55f,3,0.152177,44100,1.0,451,position_filter_background,0.230466,-5.0242,1.0,134.389,6469.509,1.0,11.5455,0.19069265,3-144106-A-32.wav,keyboard_typing,esc50:144106,1.0
glass_breaking__fsd50k__dev__126877__0029__r0__aug4.wav,glass_breaking,FSD50K,126877,freesound:126877,glass_breaking__fsd50k__dev__126877__0029__r0.wav,6c19d4dd018ffe74d7b1d03a65388e958b0a53e4d337025a0ab911bd93551414,1cd67fba29d98ca6a41bfb7d763c6b270e4d67107dbdb02b99e56d45da18bbbe,4,0.152177,44100,1.0,451,position_speed_gain,0.268843,1.4283,0.979216,,,1.0,,,,,,0.66515493
glass_breaking__fsd50k__dev__126877__0029__r0__aug5.wav,glass_breaking,FSD50K,126877,freesound:126877,glass_breaking__fsd50k__dev__126877__0029__r0.wav,6c19d4dd018ffe74d7b1d03a65388e958b0a53e4d337025a0ab911bd93551414,9ebdba62f2ebefb0c105548e3de035433e10155e1c45aca235291a8dc486d528,5,0.152177,44100,1.0,451,position_compression_background,0.225357,-4.4056,1.0,,,1.23969,14.0372,0.67047124,3-144128-B-23.wav,breathing,esc50:144128,1.0
glass_breaking__fsd50k__dev__126878__0075__r0__aug0.wav,glass_breaking,FSD50K,126878,freesound:126878,glass_breaking__fsd50k__dev__126878__0075__r0.wav,8f88939e01c71ba4d7d1293f2be478c9a6885a2462f0d83c82faff3ef3a16bbf,4031230ee2de6bdf4cc768dea66dbdf7226d531909eeb9fe081c5dedcd434c4b,0,0.172132,44100,1.0,451,position_only,0.35095,0.0,1.0,,,1.0,,,,,,0.89125094
glass_breaking__fsd50k__dev__126878__0075__r0__aug1.wav,glass_breaking,FSD50K,126878,freesound:126878,glass_breaking__fsd50k__dev__126878__0075__r0.wav,8f88939e01c71ba4d7d1293f2be478c9a6885a2462f0d83c82faff3ef3a16bbf,35425fe45773c470db1301b2a5b8aa62cb42381d687ef2107b524fbc1484b8a7,1,0.172132,44100,1.0,451,position_gain,0.229791,-0.429,1.0,,,1.0,,,,,,0.93637537
glass_breaking__fsd50k__dev__126878__0075__r0__aug2.wav,glass_breaking,FSD50K,126878,freesound:126878,glass_breaking__fsd50k__dev__126878__0075__r0.wav,8f88939e01c71ba4d7d1293f2be478c9a6885a2462f0d83c82faff3ef3a16bbf,12f1e092dbf94447ca4850c435ec10b0922235d55a39218f97f07522550a7c92,2,0.172132,44100,1.0,451,position_gain_background,0.189167,-2.3861,1.0,,,1.0,21.5204,0.03885033,2-120333-A-32.wav,keyboard_typing,esc50:120333,1.0
glass_breaking__fsd50k__dev__126878__0075__r0__aug3.wav,glass_breaking,FSD50K,126878,freesound:126878,glass_breaking__fsd50k__dev__126878__0075__r0.wav,8f88939e01c71ba4d7d1293f2be478c9a6885a2462f0d83c82faff3ef3a16bbf,2fb02c005105cf6f6422ab6988e1102457625959e84671d77095cba4a2d3bb8b,3,0.172132,44100,1.0,451,position_filter_background,0.102548,-2.7644,1.0,189.735,6179.923,1.0,16.9942,0.03636673,3-151273-A-35.wav,washing_machine,esc50:151273,1.0
glass_breaking__fsd50k__dev__126878__0075__r0__aug4.wav,glass_breaking,FSD50K,126878,freesound:126878,glass_breaking__fsd50k__dev__126878__0075__r0.wav,8f88939e01c71ba4d7d1293f2be478c9a6885a2462f0d83c82faff3ef3a16bbf,c1b32616383d4e7f1756249ea35ea20a6193f7b5ad694fd6c4c86ce93e082360,4,0.172132,44100,1.0,451,position_speed_gain,0.194659,3.6192,1.00708,,,1.0,,,,,,0.44046332
glass_breaking__fsd50k__dev__126878__0075__r0__aug5.wav,glass_breaking,FSD50K,126878,freesound:126878,glass_breaking__fsd50k__dev__126878__0075__r0.wav,8f88939e01c71ba4d7d1293f2be478c9a6885a2462f0d83c82faff3ef3a16bbf,b7e356ce6f6908c482ab783973e34f46bb4d7600665695f3ebdf6400ab2ad427,5,0.172132,44100,1.0,451,position_compression_background,0.130503,-11.7728,1.0,,,1.78947,18.5256,0.01167492,3-135469-A-35.wav,washing_machine,esc50:135469,1.0
glass_breaking__fsd50k__dev__145558__0039__r0__aug0.wav,glass_breaking,FSD50K,145558,freesound:145558,glass_breaking__fsd50k__dev__145558__0039__r0.wav,341a6dbf50df115191c81e3170bb94ce7a5eff855904a68c4e32b835d7d70742,333bf4521b318cbbea02c79992a190e13e2b06add34bd1842cef15c6041c8654,0,0.66102,44100,1.0,451,position_only,0.323151,0.0,1.0,,,1.0,,,,,,0.93296204
glass_breaking__fsd50k__dev__145558__0039__r0__aug1.wav,glass_breaking,FSD50K,145558,freesound:145558,glass_breaking__fsd50k__dev__145558__0039__r0.wav,341a6dbf50df115191c81e3170bb94ce7a5eff855904a68c4e32b835d7d70742,311a7a2bba2bd8284f2019a1ed7b800e6df63b0e5d0247b6c830dafe061baa49,1,0.66102,44100,1.0,451,position_gain,0.203306,-2.2113,1.0,,,1.0,,,,,,1.0
glass_breaking__fsd50k__dev__145558__0039__r0__aug2.wav,glass_breaking,FSD50K,145558,freesound:145558,glass_breaking__fsd50k__dev__145558__0039__r0.wav,341a6dbf50df115191c81e3170bb94ce7a5eff855904a68c4e32b835d7d70742,631f87823b08b0c319f3eb5dc5dbb05c481399d42b79d915555ab9b30be5b861,2,0.66102,44100,1.0,451,position_gain_background,0.309847,-8.843,1.0,,,1.0,16.3575,0.08082535,1-84393-A-32.wav,keyboard_typing,esc50:84393,1.0
glass_breaking__fsd50k__dev__145558__0039__r0__aug3.wav,glass_breaking,FSD50K,145558,freesound:145558,glass_breaking__fsd50k__dev__145558__0039__r0.wav,341a6dbf50df115191c81e3170bb94ce7a5eff855904a68c4e32b835d7d70742,09c6f49aa101499c05e354d9abc3cc809f1c63e24a50accb4ffe8046857a48ba,3,0.66102,44100,1.0,451,position_filter_background,0.195918,-2.1762,1.0,165.364,7578.148,1.0,16.0796,5.86672829,3-132830-A-32.wav,keyboard_typing,esc50:132830,1.0
glass_breaking__fsd50k__dev__145558__0039__r0__aug4.wav,glass_breaking,FSD50K,145558,freesound:145558,glass_breaking__fsd50k__dev__145558__0039__r0.wav,341a6dbf50df115191c81e3170bb94ce7a5eff855904a68c4e32b835d7d70742,9737c19e4084164bf95c70e58b6d02d1b6a9e8bc035117b96c023d680f1c4f39,4,0.66102,44100,1.0,451,position_speed_gain,0.345113,-9.3972,1.030706,,,1.0,,,,,,1.0
glass_breaking__fsd50k__dev__145558__0039__r0__aug5.wav,glass_breaking,FSD50K,145558,freesound:145558,glass_breaking__fsd50k__dev__145558__0039__r0.wav,341a6dbf50df115191c81e3170bb94ce7a5eff855904a68c4e32b835d7d70742,d075814a6f350c8aa6cbf14860e198b4117de3be14a56d0050afb4b18ad0a25a,5,0.66102,44100,1.0,451,position_compression_background,0.225375,2.5171,1.0,,,1.22637,24.8242,0.04470574,1-23996-B-35.wav,washing_machine,esc50:23996,0.81811869
glass_breaking__fsd50k__dev__145559__0117__r0__aug0.wav,glass_breaking,FSD50K,145559,freesound:145559,glass_breaking__fsd50k__dev__145559__0117__r0.wav,00ae7f0859afb16365b5b9b9eb7a998333e2423a918e20e09ee0cec65243cc82,3e11bd51c0bc41e81fa9d0f77c95a14de86037f4e865b22d3e74077bc39eade2,0,0.236984,44100,1.0,451,position_only,0.147785,0.0,1.0,,,1.0,,,,,,0.89125094
glass_breaking__fsd50k__dev__145559__0117__r0__aug1.wav,glass_breaking,FSD50K,145559,freesound:145559,glass_breaking__fsd50k__dev__145559__0117__r0.wav,00ae7f0859afb16365b5b9b9eb7a998333e2423a918e20e09ee0cec65243cc82,f78b221d783bc102b39b1740994b9094e7c34641980dc12a2715d27733bdcae5,1,0.236984,44100,1.0,451,position_gain,0.196197,2.5051,1.0,,,1.0,,,,,,0.66795213
glass_breaking__fsd50k__dev__145559__0117__r0__aug2.wav,glass_breaking,FSD50K,145559,freesound:145559,glass_breaking__fsd50k__dev__145559__0117__r0.wav,00ae7f0859afb16365b5b9b9eb7a998333e2423a918e20e09ee0cec65243cc82,4bc8f7e2d263ed629520750e5df8918a2abbbc8690317f9f91ad23bf8b911d7d,2,0.236984,44100,1.0,451,position_gain_background,0.358161,-2.1829,1.0,,,1.0,11.0331,3.20067445,1-35687-A-38.wav,clock_tick,esc50:35687,1.0
glass_breaking__fsd50k__dev__145559__0117__r0__aug3.wav,glass_breaking,FSD50K,145559,freesound:145559,glass_breaking__fsd50k__dev__145559__0117__r0.wav,00ae7f0859afb16365b5b9b9eb7a998333e2423a918e20e09ee0cec65243cc82,fd421176e118485497d7c08a23f2c080a09c485f26f1c348d06a2bc190ea40c7,3,0.236984,44100,1.0,451,position_filter_background,0.225885,4.7287,1.0,139.915,5662.261,1.0,24.6001,0.18654749,3-144106-A-32.wav,keyboard_typing,esc50:144106,0.40109965
glass_breaking__fsd50k__dev__145559__0117__r0__aug4.wav,glass_breaking,FSD50K,145559,freesound:145559,glass_breaking__fsd50k__dev__145559__0117__r0.wav,00ae7f0859afb16365b5b9b9eb7a998333e2423a918e20e09ee0cec65243cc82,c5d37d27dff14ce3b0ed128f41f47e25a4811d8cc75716cc26ea367a5550495a,4,0.236984,44100,1.0,451,position_speed_gain,0.111432,-3.379,1.008184,,,1.0,,,,,,1.0
glass_breaking__fsd50k__dev__145559__0117__r0__aug5.wav,glass_breaking,FSD50K,145559,freesound:145559,glass_breaking__fsd50k__dev__145559__0117__r0.wav,00ae7f0859afb16365b5b9b9eb7a998333e2423a918e20e09ee0cec65243cc82,672f7a6be4e37e64a0c1ad406b2a479e639a319e28bc4513105c5a7cb24d726f,5,0.236984,44100,1.0,451,position_compression_background,0.187864,-6.0419,1.0,,,1.65388,19.7047,0.07610328,1-39901-A-11.wav,sea_waves,esc50:39901,1.0
glass_breaking__fsd50k__dev__145562__0083__r0__aug0.wav,glass_breaking,FSD50K,145562,freesound:145562,glass_breaking__fsd50k__dev__145562__0083__r0.wav,6c1ffa0c1dc9d101fd331b632846c99a6ea6e607fd627cd3c413c7f6b0a96b0d,41dae92d362dfc28602c6e616ed936f3610a2c9aad2e96dc63ddf4378baa9b00,0,1.459206,44100,1.0,451,position_only,0.219539,0.0,1.0,,,1.0,,,,,,1.0
glass_breaking__fsd50k__dev__145562__0083__r0__aug1.wav,glass_breaking,FSD50K,145562,freesound:145562,glass_breaking__fsd50k__dev__145562__0083__r0.wav,6c1ffa0c1dc9d101fd331b632846c99a6ea6e607fd627cd3c413c7f6b0a96b0d,9cb3cbf1bfa1c1af024ac8c2b5f481b5f5f63fd5fed8894f2b3403767fe76cea,1,1.459206,44100,1.0,451,position_gain,0.343832,-1.6728,1.0,,,1.0,,,,,,1.0
glass_breaking__fsd50k__dev__145562__0083__r0__aug2.wav,glass_breaking,FSD50K,145562,freesound:145562,glass_breaking__fsd50k__dev__145562__0083__r0.wav,6c1ffa0c1dc9d101fd331b632846c99a6ea6e607fd627cd3c413c7f6b0a96b0d,7434d553462e522c20fcc03978eb9b09a0fd848f572195252154e1e88d0b3d86,2,1.459206,44100,1.0,451,position_gain_background,0.100074,-1.0599,1.0,,,1.0,11.0269,0.06538143,3-164630-A-11.wav,sea_waves,esc50:164630,1.0
glass_breaking__fsd50k__dev__145562__0083__r0__aug3.wav,glass_breaking,FSD50K,145562,freesound:145562,glass_breaking__fsd50k__dev__145562__0083__r0.wav,6c1ffa0c1dc9d101fd331b632846c99a6ea6e607fd627cd3c413c7f6b0a96b0d,04c866e44fd62b39b6c6ad4ed0af8ee61e0fe1f7da0b030efcc886129b3eed01,3,1.459206,44100,1.0,451,position_filter_background,0.156663,-6.0402,1.0,239.529,5512.234,1.0,14.2482,0.01377764,1-61252-A-11.wav,sea_waves,esc50:61252,1.0
glass_breaking__fsd50k__dev__145562__0083__r0__aug4.wav,glass_breaking,FSD50K,145562,freesound:145562,glass_breaking__fsd50k__dev__145562__0083__r0.wav,6c1ffa0c1dc9d101fd331b632846c99a6ea6e607fd627cd3c413c7f6b0a96b0d,dbd0eaf81bc47477f5165a4cd6d2ce4601121ab5dff6b20fa5eb49cba796341e,4,1.459206,44100,1.0,451,position_speed_gain,0.157785,-6.9997,1.002317,,,1.0,,,,,,1.0
glass_breaking__fsd50k__dev__145562__0083__r0__aug5.wav,glass_breaking,FSD50K,145562,freesound:145562,glass_breaking__fsd50k__dev__145562__0083__r0.wav,6c1ffa0c1dc9d101fd331b632846c99a6ea6e607fd627cd3c413c7f6b0a96b0d,0ecfc2486980d8e32aeb36b03d8e2efbe355238153e42a054c48373ebbb4151a,5,1.459206,44100,1.0,451,position_compression_background,0.323844,-1.4803,1.0,,,1.60292,21.4919,0.01990457,1-23996-A-35.wav,washing_machine,esc50:23996,1.0
glass_breaking__fsd50k__dev__145563__0142__r0__aug0.wav,glass_breaking,FSD50K,145563,freesound:145563,glass_breaking__fsd50k__dev__145563__0142__r0.wav,5c0a39c7540542861760e286808c6a9cf5349a171dd3ce2a894a884b8ac6a0f8,ce3f1dd0e4af81f6e4d9cdf7e39d1c09ab819a63498851a9c4b9c1eb4a5ec7e9,0,0.022472,44100,1.0,451,position_only,0.293451,0.0,1.0,,,1.0,,,,,,0.89125094
glass_breaking__fsd50k__dev__145563__0142__r0__aug1.wav,glass_breaking,FSD50K,145563,freesound:145563,glass_breaking__fsd50k__dev__145563__0142__r0.wav,5c0a39c7540542861760e286808c6a9cf5349a171dd3ce2a894a884b8ac6a0f8,7d65801bbf27482935a3674cb14b103cedd51039290ea7031eec2b0182063ca2,1,0.022472,44100,1.0,451,position_gain,0.227857,-9.6131,1.0,,,1.0,,,,,,1.0
glass_breaking__fsd50k__dev__145563__0142__r0__aug2.wav,glass_breaking,FSD50K,145563,freesound:145563,glass_breaking__fsd50k__dev__145563__0142__r0.wav,5c0a39c7540542861760e286808c6a9cf5349a171dd3ce2a894a884b8ac6a0f8,0541a9bb1ad027f871f181fb1c23911ae9db9a997fc7a300e0f7aa22ea651477,2,0.022472,44100,1.0,451,position_gain_background,0.150382,-7.0868,1.0,,,1.0,11.9794,20603.75716587,1-36400-A-23.wav,breathing,esc50:36400,1.0
glass_breaking__fsd50k__dev__145563__0142__r0__aug3.wav,glass_breaking,FSD50K,145563,freesound:145563,glass_breaking__fsd50k__dev__145563__0142__r0.wav,5c0a39c7540542861760e286808c6a9cf5349a171dd3ce2a894a884b8ac6a0f8,7f01fafd7c2d8640b2c2c8ee444ccca2e22e8dea4a324494a5fb883404130360,3,0.022472,44100,1.0,451,position_filter_background,0.297414,-7.1952,1.0,229.372,7162.535,1.0,10.7876,0.6090466,2-131943-A-38.wav,clock_tick,esc50:131943,1.0
glass_breaking__fsd50k__dev__145563__0142__r0__aug4.wav,glass_breaking,FSD50K,145563,freesound:145563,glass_breaking__fsd50k__dev__145563__0142__r0.wav,5c0a39c7540542861760e286808c6a9cf5349a171dd3ce2a894a884b8ac6a0f8,b54b222a6d4cbb093ff1c74f252272e17b9dbb2b9d90ffb2e3b1aee9778cf5f6,4,0.022472,44100,1.0,451,position_speed_gain,0.186652,-10.3595,1.002422,,,1.0,,,,,,1.0
glass_breaking__fsd50k__dev__145563__0142__r0__aug5.wav,glass_breaking,FSD50K,145563,freesound:145563,glass_breaking__fsd50k__dev__145563__0142__r0.wav,5c0a39c7540542861760e286808c6a9cf5349a171dd3ce2a894a884b8ac6a0f8,b16bc264d7dc5ad247a252e8a921d9e6d1fcc26aa5539e6b7aef2d295d548b64,5,0.022472,44100,1.0,451,position_compression_background,0.315368,2.2589,1.0,,,1.41684,18.1268,3.66058431,2-95567-A-23.wav,breathing,esc50:95567,0.83011937
glass_breaking__fsd50k__dev__148073__0041__r0__aug0.wav,glass_breaking,FSD50K,148073,freesound:148073,glass_breaking__fsd50k__dev__148073__0041__r0.wav,13777cb5faebba8cea63c9c5aec24db3d31509bda3a922d9e98fe88c7f4540a9,421ddaf67c77066f979a08d0a8dbe906681fadc552d7e680efc04f074f244564,0,0.366689,44100,1.0,451,position_only,0.143252,0.0,1.0,,,1.0,,,,,,1.0
glass_breaking__fsd50k__dev__148073__0041__r0__aug1.wav,glass_breaking,FSD50K,148073,freesound:148073,glass_breaking__fsd50k__dev__148073__0041__r0.wav,13777cb5faebba8cea63c9c5aec24db3d31509bda3a922d9e98fe88c7f4540a9,87d0ba2c1825263cb192cf2370118839246bf70af71b8ebe3218254e022e25b1,1,0.366689,44100,1.0,451,position_gain,0.208321,-10.8633,1.0,,,1.0,,,,,,1.0
glass_breaking__fsd50k__dev__148073__0041__r0__aug2.wav,glass_breaking,FSD50K,148073,freesound:148073,glass_breaking__fsd50k__dev__148073__0041__r0.wav,13777cb5faebba8cea63c9c5aec24db3d31509bda3a922d9e98fe88c7f4540a9,721e8b271fdc83c7d391d8e8e103f7bdd2c94b9080cf3f83b4eb49a4b5b883f9,2,0.366689,44100,1.0,451,position_gain_background,0.155431,-7.7515,1.0,,,1.0,12.5901,0.17828357,3-153444-A-32.wav,keyboard_typing,esc50:153444,1.0
glass_breaking__fsd50k__dev__148073__0041__r0__aug3.wav,glass_breaking,FSD50K,148073,freesound:148073,glass_breaking__fsd50k__dev__148073__0041__r0.wav,13777cb5faebba8cea63c9c5aec24db3d31509bda3a922d9e98fe88c7f4540a9,e60b54959b8d3bb7b17b04394b65928bf2ea0e601b5ab5c6116db353e7c43db6,3,0.366689,44100,1.0,451,position_filter_background,0.241225,-3.1015,1.0,217.601,7200.825,1.0,11.3873,524.29103857,3-112557-B-23.wav,breathing,esc50:112557,1.0
glass_breaking__fsd50k__dev__148073__0041__r0__aug4.wav,glass_breaking,FSD50K,148073,freesound:148073,glass_breaking__fsd50k__dev__148073__0041__r0.wav,13777cb5faebba8cea63c9c5aec24db3d31509bda3a922d9e98fe88c7f4540a9,37dacd9c586202aa69ccc54fdc8a88610217c936fcc1c8491fad12c1748053b8,4,0.366689,44100,1.0,451,position_speed_gain,0.164394,-4.9874,1.002639,,,1.0,,,,,,1.0
glass_breaking__fsd50k__dev__148073__0041__r0__aug5.wav,glass_breaking,FSD50K,148073,freesound:148073,glass_breaking__fsd50k__dev__148073__0041__r0.wav,13777cb5faebba8cea63c9c5aec24db3d31509bda3a922d9e98fe88c7f4540a9,343008a42fdffb113fdf8344f5216a8c4a8694f1c51eb6e52b73ffa318157334,5,0.366689,44100,1.0,451,position_compression_background,0.17634,-6.9187,1.0,,,1.60999,21.8731,0.00677556,1-61212-A-32.wav,keyboard_typing,esc50:61212,1.0
glass_breaking__fsd50k__dev__148074__0118__r0__aug0.wav,glass_breaking,FSD50K,148074,freesound:148074,glass_breaking__fsd50k__dev__148074__0118__r0.wav,b295928e439917947c776052bae2ec5f513c4f5fcd0892aecd80f2efa6cf055b,06a9a3f84f271ab8bfad268719c42701cc723986b2b982ebe7f392b079d0aab0,0,0.416576,44100,1.0,451,position_only,0.115567,0.0,1.0,,,1.0,,,,,,1.0
glass_breaking__fsd50k__dev__148074__0118__r0__aug1.wav,glass_breaking,FSD50K,148074,freesound:148074,glass_breaking__fsd50k__dev__148074__0118__r0.wav,b295928e439917947c776052bae2ec5f513c4f5fcd0892aecd80f2efa6cf055b,b4e14e98d368a09be4c3fffaa3128b767e3e5a0b3c8483766f8a0819f7d39beb,1,0.416576,44100,1.0,451,position_gain,0.316522,-9.7395,1.0,,,1.0,,,,,,1.0
glass_breaking__fsd50k__dev__148074__0118__r0__aug2.wav,glass_breaking,FSD50K,148074,freesound:148074,glass_breaking__fsd50k__dev__148074__0118__r0.wav,b295928e439917947c776052bae2ec5f513c4f5fcd0892aecd80f2efa6cf055b,e10f70f5f6fd16843eb8243841c2c102b154de30a260769892f225759f35f10f,2,0.416576,44100,1.0,451,position_gain_background,0.167024,-6.0175,1.0,,,1.0,19.5946,0.01579772,3-156391-A-35.wav,washing_machine,esc50:156391,1.0
glass_breaking__fsd50k__dev__148074__0118__r0__aug3.wav,glass_breaking,FSD50K,148074,freesound:148074,glass_breaking__fsd50k__dev__148074__0118__r0.wav,b295928e439917947c776052bae2ec5f513c4f5fcd0892aecd80f2efa6cf055b,fc6318cd09b336cdd799047535b6f080f9dc830a0be0c8a4388b1703e26aaf58,3,0.416576,44100,1.0,451,position_filter_background,0.122144,1.5509,1.0,191.957,6564.666,1.0,10.334,0.58219972,3-132830-A-32.wav,keyboard_typing,esc50:132830,1.0
glass_breaking__fsd50k__dev__148074__0118__r0__aug4.wav,glass_breaking,FSD50K,148074,freesound:148074,glass_breaking__fsd50k__dev__148074__0118__r0.wav,b295928e439917947c776052bae2ec5f513c4f5fcd0892aecd80f2efa6cf055b,25ca62b5a0cb4070a4ec3ba624dd7821be1231bc2da49044bbb5c10ca1b4da8c,4,0.416576,44100,1.0,451,position_speed_gain,0.24337,-9.2006,0.984095,,,1.0,,,,,,1.0
glass_breaking__fsd50k__dev__148074__0118__r0__aug5.wav,glass_breaking,FSD50K,148074,freesound:148074,glass_breaking__fsd50k__dev__148074__0118__r0.wav,b295928e439917947c776052bae2ec5f513c4f5fcd0892aecd80f2efa6cf055b,258c195edf04e5264e0a05458821ee2be079a37f36302f4ddf8c8f448068b77d,5,0.416576,44100,1.0,451,position_compression_background,0.275118,-6.5392,1.0,,,1.64608,16.553,0.03363035,1-21935-A-38.wav,clock_tick,esc50:21935,1.0
glass_breaking__fsd50k__dev__148075__0143__r0__aug0.wav,glass_breaking,FSD50K,148075,freesound:148075,glass_breaking__fsd50k__dev__148075__0143__r0.wav,1d56097daa99e09b1684b2b05f59d6dc5dbcefee8e7a27ae32d8081f483fc657,b92f8f54b3dff6586a3b4911c54fe67adb5ce271733c136f9b3fda1bf082e916,0,0.506372,44100,1.0,451,position_only,0.100294,0.0,1.0,,,1.0,,,,,,1.0
glass_breaking__fsd50k__dev__148075__0143__r0__aug1.wav,glass_breaking,FSD50K,148075,freesound:148075,glass_breaking__fsd50k__dev__148075__0143__r0.wav,1d56097daa99e09b1684b2b05f59d6dc5dbcefee8e7a27ae32d8081f483fc657,70bad0ccbf8ffaf05841bd948217e35de2c735b853e1e5ebf58de28c776f5b5a,1,0.506372,44100,1.0,451,position_gain,0.354976,-10.6129,1.0,,,1.0,,,,,,1.0
glass_breaking__fsd50k__dev__148075__0143__r0__aug2.wav,glass_breaking,FSD50K,148075,freesound:148075,glass_breaking__fsd50k__dev__148075__0143__r0.wav,1d56097daa99e09b1684b2b05f59d6dc5dbcefee8e7a27ae32d8081f483fc657,0ea5289bdc1bd7637fd8f2ceb2ad0b68085016d3aff77b858a0f29a4537a4c59,2,0.506372,44100,1.0,451,position_gain_background,0.25981,-0.0722,1.0,,,1.0,23.2065,0.08877986,3-144120-A-32.wav,keyboard_typing,esc50:144120,1.0
glass_breaking__fsd50k__dev__148075__0143__r0__aug3.wav,glass_breaking,FSD50K,148075,freesound:148075,glass_breaking__fsd50k__dev__148075__0143__r0.wav,1d56097daa99e09b1684b2b05f59d6dc5dbcefee8e7a27ae32d8081f483fc657,a2c59f6eb4ffdc40f767793dd565c6d09ae384d7290120f234c93f97ac866310,3,0.506372,44100,1.0,451,position_filter_background,0.253523,-10.9151,1.0,238.416,5623.792,1.0,17.9215,0.01385149,3-151206-A-23.wav,breathing,esc50:151206,1.0
glass_breaking__fsd50k__dev__148075__0143__r0__aug4.wav,glass_breaking,FSD50K,148075,freesound:148075,glass_breaking__fsd50k__dev__148075__0143__r0.wav,1d56097daa99e09b1684b2b05f59d6dc5dbcefee8e7a27ae32d8081f483fc657,afb6a5e523399d649d50c86019ff412413b687fcaeebcd2665e9bb23b25df4eb,4,0.506372,44100,1.0,451,position_speed_gain,0.195714,-5.3364,1.036326,,,1.0,,,,,,1.0
glass_breaking__fsd50k__dev__148075__0143__r0__aug5.wav,glass_breaking,FSD50K,148075,freesound:148075,glass_breaking__fsd50k__dev__148075__0143__r0.wav,1d56097daa99e09b1684b2b05f59d6dc5dbcefee8e7a27ae32d8081f483fc657,7e78a5cb07a817ed537e6d25ffe6297113aa23c0463e110f34fdf2ecb3d7e527,5,0.506372,44100,1.0,451,position_compression_background,0.299952,-1.1376,1.0,,,1.61586,22.3592,0.00195991,1-27166-A-35.wav,washing_machine,esc50:27166,1.0
glass_breaking__fsd50k__dev__156578__0053__r0__aug0.wav,glass_breaking,FSD50K,156578,freesound:156578,glass_breaking__fsd50k__dev__156578__0053__r0.wav,dc9a4d58173f633d58d8b2fddb60e85fa1cf7aebf670f4b779ba095dd00b11b9,46d3d9f03691bb06dd91da4f0745d663e08b00d6340b5ec692096474d7d37092,0,0.745828,44100,1.0,451,position_only,0.147687,0.0,1.0,,,1.0,,,,,,1.0
glass_breaking__fsd50k__dev__156578__0053__r0__aug1.wav,glass_breaking,FSD50K,156578,freesound:156578,glass_breaking__fsd50k__dev__156578__0053__r0.wav,dc9a4d58173f633d58d8b2fddb60e85fa1cf7aebf670f4b779ba095dd00b11b9,3596f60bbe54e9781fc801ecb09e5c787d9ab57b48fc143a6d9e79da216dce6b,1,0.745828,44100,1.0,451,position_gain,0.108029,-0.987,1.0,,,1.0,,,,,,1.0
glass_breaking__fsd50k__dev__156578__0053__r0__aug2.wav,glass_breaking,FSD50K,156578,freesound:156578,glass_breaking__fsd50k__dev__156578__0053__r0.wav,dc9a4d58173f633d58d8b2fddb60e85fa1cf7aebf670f4b779ba095dd00b11b9,db19f3c5812147f44315e06330d46046ab5f4686eb4413f1e7d9f3b0da41a8c3,2,0.745828,44100,1.0,451,position_gain_background,0.173675,2.7283,1.0,,,1.0,15.8791,0.01760327,3-144827-B-11.wav,sea_waves,esc50:144827,1.0
glass_breaking__fsd50k__dev__156578__0053__r0__aug3.wav,glass_breaking,FSD50K,156578,freesound:156578,glass_breaking__fsd50k__dev__156578__0053__r0.wav,dc9a4d58173f633d58d8b2fddb60e85fa1cf7aebf670f4b779ba095dd00b11b9,bc57756a185bb8b2c96ae95c6605a84587f09dcb973d0a27ba6c77a7dc6cbae0,3,0.745828,44100,1.0,451,position_filter_background,0.238574,-9.6609,1.0,202.353,6802.915,1.0,15.6978,0.00231703,1-61252-A-11.wav,sea_waves,esc50:61252,1.0
glass_breaking__fsd50k__dev__156578__0053__r0__aug4.wav,glass_breaking,FSD50K,156578,freesound:156578,glass_breaking__fsd50k__dev__156578__0053__r0.wav,dc9a4d58173f633d58d8b2fddb60e85fa1cf7aebf670f4b779ba095dd00b11b9,4b882d7c7f9acf881d0b16f916663407ffa6c805545be24d958eb7d335428dfa,4,0.745828,44100,1.0,451,position_speed_gain,0.14885,-0.4998,0.981068,,,1.0,,,,,,1.0
glass_breaking__fsd50k__dev__156578__0053__r0__aug5.wav,glass_breaking,FSD50K,156578,freesound:156578,glass_breaking__fsd50k__dev__156578__0053__r0.wav,dc9a4d58173f633d58d8b2fddb60e85fa1cf7aebf670f4b779ba095dd00b11b9,dacdbf7eb4fdcccdf216b1e51e357b6ce3eaed97dd31db0a4afa135bec5b9f01,5,0.745828,44100,1.0,451,position_compression_background,0.113303,-7.7196,1.0,,,1.3746,13.1932,489.53563011,2-98392-A-23.wav,breathing,esc50:98392,1.0
glass_breaking__fsd50k__dev__158142__0164__r0__aug0.wav,glass_breaking,FSD50K,158142,freesound:158142,glass_breaking__fsd50k__dev__158142__0164__r0.wav,6fc35818713c96adbdc4ce3ec0a670d7f4909658fe89d53acbbe4e7ea479c21d,08d0d1188c00215cbf5f8d372aebe5feed07464917ad0e947b13537ee4175eac,0,0.182109,44100,1.0,451,position_only,0.12365,0.0,1.0,,,1.0,,,,,,0.90162424
glass_breaking__fsd50k__dev__158142__0164__r0__aug1.wav,glass_breaking,FSD50K,158142,freesound:158142,glass_breaking__fsd50k__dev__158142__0164__r0.wav,6fc35818713c96adbdc4ce3ec0a670d7f4909658fe89d53acbbe4e7ea479c21d,686571eb754efc5ecbf8fee95d261b026d92f67f760ea5dd1aafffcd7a26702b,1,0.182109,44100,1.0,451,position_gain,0.175162,-7.0766,1.0,,,1.0,,,,,,1.0
glass_breaking__fsd50k__dev__158142__0164__r0__aug2.wav,glass_breaking,FSD50K,158142,freesound:158142,glass_breaking__fsd50k__dev__158142__0164__r0.wav,6fc35818713c96adbdc4ce3ec0a670d7f4909658fe89d53acbbe4e7ea479c21d,69b36e6232976b0cef61b46bc98d27175445c6d712329868abbc3b036d3e86d7,2,0.182109,44100,1.0,451,position_gain_background,0.133933,0.2888,1.0,,,1.0,15.2555,0.2346698,2-132157-A-11.wav,sea_waves,esc50:132157,0.86706058
glass_breaking__fsd50k__dev__158142__0164__r0__aug3.wav,glass_breaking,FSD50K,158142,freesound:158142,glass_breaking__fsd50k__dev__158142__0164__r0.wav,6fc35818713c96adbdc4ce3ec0a670d7f4909658fe89d53acbbe4e7ea479c21d,5cfecb4831414b8613b93ee56487cb4d0721c549ef0486c9d736e833a4e948d3,3,0.182109,44100,1.0,451,position_filter_background,0.118502,-9.3152,1.0,109.228,7331.618,1.0,18.3002,0.32396701,3-171012-A-38.wav,clock_tick,esc50:171012,1.0
glass_breaking__fsd50k__dev__158142__0164__r0__aug4.wav,glass_breaking,FSD50K,158142,freesound:158142,glass_breaking__fsd50k__dev__158142__0164__r0.wav,6fc35818713c96adbdc4ce3ec0a670d7f4909658fe89d53acbbe4e7ea479c21d,725ab57576ba88ebee71ee98f376d2f902b3068d7a2b6a5c068d5fe857303d1b,4,0.182109,44100,1.0,451,position_speed_gain,0.235173,-0.4612,1.037438,,,1.0,,,,,,0.95020195
glass_breaking__fsd50k__dev__158142__0164__r0__aug5.wav,glass_breaking,FSD50K,158142,freesound:158142,glass_breaking__fsd50k__dev__158142__0164__r0.wav,6fc35818713c96adbdc4ce3ec0a670d7f4909658fe89d53acbbe4e7ea479c21d,7984f8175df7c4b1240bebbefc8f0e10ccb7941e691bf5f65b3f4857fae1396a,5,0.182109,44100,1.0,451,position_compression_background,0.297784,0.1718,1.0,,,1.43585,14.4203,0.1302269,1-23996-B-35.wav,washing_machine,esc50:23996,0.87866189
glass_breaking__fsd50k__dev__160759__0101__r0__aug0.wav,glass_breaking,FSD50K,160759,freesound:160759,glass_breaking__fsd50k__dev__160759__0101__r0.wav,edc7a556e2fe74265391de45dd6053733dc668cb1ee2aa2dcbee59a6a67558bf,44c009b31063a5d884aa12fa7b91b773b435761d72409c41c4cd177a580ce473,0,1.154898,44100,1.0,451,position_only,0.251926,0.0,1.0,,,1.0,,,,,,1.0
glass_breaking__fsd50k__dev__160759__0101__r0__aug1.wav,glass_breaking,FSD50K,160759,freesound:160759,glass_breaking__fsd50k__dev__160759__0101__r0.wav,edc7a556e2fe74265391de45dd6053733dc668cb1ee2aa2dcbee59a6a67558bf,e7c8bfdfe0cac18755833f9dc7a53b8120518fe816d648e3376bd4530866f0df,1,1.154898,44100,1.0,451,position_gain,0.297927,-3.0866,1.0,,,1.0,,,,,,1.0
glass_breaking__fsd50k__dev__160759__0101__r0__aug2.wav,glass_breaking,FSD50K,160759,freesound:160759,glass_breaking__fsd50k__dev__160759__0101__r0.wav,edc7a556e2fe74265391de45dd6053733dc668cb1ee2aa2dcbee59a6a67558bf,9ea49043af7475306239f0aadbb6abbe924bfe51943eeded233a36da6699814f,2,1.154898,44100,1.0,451,position_gain_background,0.263627,-11.7049,1.0,,,1.0,19.2896,0.03082025,2-95567-A-23.wav,breathing,esc50:95567,1.0
glass_breaking__fsd50k__dev__160759__0101__r0__aug3.wav,glass_breaking,FSD50K,160759,freesound:160759,glass_breaking__fsd50k__dev__160759__0101__r0.wav,edc7a556e2fe74265391de45dd6053733dc668cb1ee2aa2dcbee59a6a67558bf,70efc28b06a6956cc889d4100e98c309a8a3ddcb14198c7b4b47582df4bbe78f,3,1.154898,44100,1.0,451,position_filter_background,0.354172,-7.4599,1.0,246.585,7305.795,1.0,12.8411,0.00520105,2-102567-A-35.wav,washing_machine,esc50:102567,1.0
glass_breaking__fsd50k__dev__160759__0101__r0__aug4.wav,glass_breaking,FSD50K,160759,freesound:160759,glass_breaking__fsd50k__dev__160759__0101__r0.wav,edc7a556e2fe74265391de45dd6053733dc668cb1ee2aa2dcbee59a6a67558bf,4dedd4a60aa7b468b172587e33b775d41cb05692312e2afcbb53038702a43128,4,1.154898,44100,1.0,451,position_speed_gain,0.103265,0.8159,0.974019,,,1.0,,,,,,1.0
glass_breaking__fsd50k__dev__160759__0101__r0__aug5.wav,glass_breaking,FSD50K,160759,freesound:160759,glass_breaking__fsd50k__dev__160759__0101__r0.wav,edc7a556e2fe74265391de45dd6053733dc668cb1ee2aa2dcbee59a6a67558bf,9a891b7635c0b4f9dfc223dcf6c07b74a64b7859019699fddead34f71d295943,5,1.154898,44100,1.0,451,position_compression_background,0.130001,-6.5211,1.0,,,1.5386,20.2324,0.06870396,1-53501-A-32.wav,keyboard_typing,esc50:53501,1.0
glass_breaking__fsd50k__dev__164329__0028__r0__aug0.wav,glass_breaking,FSD50K,164329,freesound:164329,glass_breaking__fsd50k__dev__164329__0028__r0.wav,18425eb26dbfda6c6f523d282a5fc43a9f131e4c4e8590b7a6890ff24ad58172,19ded5f7f71f29eebbc9ffb7c99261ed364521ac4c37984d790e2c669fccfc20,0,7.924512,44100,1.0,451,position_only,0.269704,0.0,1.0,,,1.0,,,,,,0.89125094
glass_breaking__fsd50k__dev__164329__0028__r0__aug1.wav,glass_breaking,FSD50K,164329,freesound:164329,glass_breaking__fsd50k__dev__164329__0028__r0.wav,18425eb26dbfda6c6f523d282a5fc43a9f131e4c4e8590b7a6890ff24ad58172,c062b0c02652176faddbe3977c0ba55890001adbbe6fb2368a2cb76d0b5a29d3,1,7.924512,44100,1.0,451,position_gain,0.212895,-1.4723,1.0,,,1.0,,,,,,1.0
glass_breaking__fsd50k__dev__164329__0028__r0__aug2.wav,glass_breaking,FSD50K,164329,freesound:164329,glass_breaking__fsd50k__dev__164329__0028__r0.wav,18425eb26dbfda6c6f523d282a5fc43a9f131e4c4e8590b7a6890ff24ad58172,6674bd4824c32b942ba9857729390c6e25557c18ae17511260f3ba99ae6ab12c,2,7.924512,44100,1.0,451,position_gain_background,0.209592,0.0501,1.0,,,1.0,14.7807,0.07653888,2-120333-A-32.wav,keyboard_typing,esc50:120333,0.88589487
glass_breaking__fsd50k__dev__164329__0028__r0__aug3.wav,glass_breaking,FSD50K,164329,freesound:164329,glass_breaking__fsd50k__dev__164329__0028__r0.wav,18425eb26dbfda6c6f523d282a5fc43a9f131e4c4e8590b7a6890ff24ad58172,ce8c98523f9580679bc1effe21cfb4b82ac9ea66eceb5a6159588f0a681a02fd,3,7.924512,44100,1.0,451,position_filter_background,0.184109,-10.5254,1.0,249.827,7693.915,1.0,13.7921,0.15940111,2-119748-A-38.wav,clock_tick,esc50:119748,1.0
glass_breaking__fsd50k__dev__164329__0028__r0__aug4.wav,glass_breaking,FSD50K,164329,freesound:164329,glass_breaking__fsd50k__dev__164329__0028__r0.wav,18425eb26dbfda6c6f523d282a5fc43a9f131e4c4e8590b7a6890ff24ad58172,bb15426cff44bb517ed772a9ee82eea148eb00735240bec9353f16e142acd7be,4,7.924512,44100,1.0,451,position_speed_gain,0.233095,-2.7645,0.9774,,,1.0,,,,,,1.0
glass_breaking__fsd50k__dev__164329__0028__r0__aug5.wav,glass_breaking,FSD50K,164329,freesound:164329,glass_breaking__fsd50k__dev__164329__0028__r0.wav,18425eb26dbfda6c6f523d282a5fc43a9f131e4c4e8590b7a6890ff24ad58172,7f5ca176b1caae975de9fbc0bf0c87005c79ba487025a9aeca972246004e8e85,5,7.924512,44100,1.0,451,position_compression_background,0.329141,-11.216,1.0,,,1.72571,14.7607,2.11743238,3-151206-A-23.wav,breathing,esc50:151206,1.0
glass_breaking__fsd50k__dev__164332__0159__r0__aug0.wav,glass_breaking,FSD50K,164332,freesound:164332,glass_breaking__fsd50k__dev__164332__0159__r0.wav,fd26b936cac954013a5a7e376b4ad6724bdf1c600d01996dcb67bbd5aa636b19,49a966c9c9cc01208ffa3e0e8a02520ac7bdbfdc87360e3b16476b26ff5cb0e9,0,15.307732,44100,1.0,451,position_only,0.222817,0.0,1.0,,,1.0,,,,,,1.0
glass_breaking__fsd50k__dev__164332__0159__r0__aug1.wav,glass_breaking,FSD50K,164332,freesound:164332,glass_breaking__fsd50k__dev__164332__0159__r0.wav,fd26b936cac954013a5a7e376b4ad6724bdf1c600d01996dcb67bbd5aa636b19,3cc9fdf9c744b86300a1bea76610d75a381e0c01635df5784da5f443f32ce7a6,1,15.307732,44100,1.0,451,position_gain,0.234459,3.7873,1.0,,,1.0,,,,,,0.95895084
glass_breaking__fsd50k__dev__164332__0159__r0__aug2.wav,glass_breaking,FSD50K,164332,freesound:164332,glass_breaking__fsd50k__dev__164332__0159__r0.wav,fd26b936cac954013a5a7e376b4ad6724bdf1c600d01996dcb67bbd5aa636b19,7455f62a52090f4d696f3827700585873aaa271c1e8eec8e7fe7f379b94adbbf,2,15.307732,44100,1.0,451,position_gain_background,0.295825,-11.2534,1.0,,,1.0,14.4619,0.04716065,2-102567-B-35.wav,washing_machine,esc50:102567,1.0
glass_breaking__fsd50k__dev__164332__0159__r0__aug3.wav,glass_breaking,FSD50K,164332,freesound:164332,glass_breaking__fsd50k__dev__164332__0159__r0.wav,fd26b936cac954013a5a7e376b4ad6724bdf1c600d01996dcb67bbd5aa636b19,b0ba556f6db097af17d756a856339fef82e462d9068f784d1858cd5fd96e2bfe,3,15.307732,44100,1.0,451,position_filter_background,0.324392,-10.9818,1.0,100.817,6425.918,1.0,14.9078,0.01520171,2-120333-A-32.wav,keyboard_typing,esc50:120333,1.0
glass_breaking__fsd50k__dev__164332__0159__r0__aug4.wav,glass_breaking,FSD50K,164332,freesound:164332,glass_breaking__fsd50k__dev__164332__0159__r0.wav,fd26b936cac954013a5a7e376b4ad6724bdf1c600d01996dcb67bbd5aa636b19,e9319ea87db74a955852f83ad8e07cf96cd7fa4cb21fc940ca7a3ea330326eae,4,15.307732,44100,1.0,451,position_speed_gain,0.297028,-1.223,0.98107,,,1.0,,,,,,1.0
glass_breaking__fsd50k__dev__164332__0159__r0__aug5.wav,glass_breaking,FSD50K,164332,freesound:164332,glass_breaking__fsd50k__dev__164332__0159__r0.wav,fd26b936cac954013a5a7e376b4ad6724bdf1c600d01996dcb67bbd5aa636b19,5fb0fd0eb706bb977ed4fdb6dc1ea44bd161573154e5c8bc3d27acd8f2a74e89,5,15.307732,44100,1.0,451,position_compression_background,0.185176,-6.1175,1.0,,,1.68746,18.8832,0.01111439,3-151269-A-35.wav,washing_machine,esc50:151269,1.0
glass_breaking__fsd50k__dev__164539__0110__r0__aug0.wav,glass_breaking,FSD50K,164539,freesound:164539,glass_breaking__fsd50k__dev__164539__0110__r0.wav,032a21457f7d9a6bbbb2fd5b1009314ca3758f7dd05b68df949896b6bdb3ffc0,638fa2bd4cd734bf7d57af30994626d5998bbcd43e629b3a66a7121dec5ad68d,0,1.339478,44100,1.0,451,position_only,0.31333,0.0,1.0,,,1.0,,,,,,0.91760175
glass_breaking__fsd50k__dev__164539__0110__r0__aug1.wav,glass_breaking,FSD50K,164539,freesound:164539,glass_breaking__fsd50k__dev__164539__0110__r0.wav,032a21457f7d9a6bbbb2fd5b1009314ca3758f7dd05b68df949896b6bdb3ffc0,4bc510efc01f1fbf98ba759f65e2c9fd67e23579ac0c56866c46f68102f52bae,1,1.339478,44100,1.0,451,position_gain,0.252264,3.1682,1.0,,,1.0,,,,,,0.63715177
glass_breaking__fsd50k__dev__164539__0110__r0__aug2.wav,glass_breaking,FSD50K,164539,freesound:164539,glass_breaking__fsd50k__dev__164539__0110__r0.wav,032a21457f7d9a6bbbb2fd5b1009314ca3758f7dd05b68df949896b6bdb3ffc0,c2d8ab4485436c66a2797b435509838490793638b593abd6906b588609463359,2,1.339478,44100,1.0,451,position_gain_background,0.258086,-2.1381,1.0,,,1.0,15.7289,0.65671689,2-141584-A-38.wav,clock_tick,esc50:141584,1.0
glass_breaking__fsd50k__dev__164539__0110__r0__aug3.wav,glass_breaking,FSD50K,164539,freesound:164539,glass_breaking__fsd50k__dev__164539__0110__r0.wav,032a21457f7d9a6bbbb2fd5b1009314ca3758f7dd05b68df949896b6bdb3ffc0,60356f96bdfa6af87a59770a04e1f720699c4e15efb45dbfb45246dc834e2d65,3,1.339478,44100,1.0,451,position_filter_background,0.261481,-2.6993,1.0,108.131,7717.82,1.0,19.8306,0.04764617,2-102568-A-35.wav,washing_machine,esc50:102568,1.0
glass_breaking__fsd50k__dev__164539__0110__r0__aug4.wav,glass_breaking,FSD50K,164539,freesound:164539,glass_breaking__fsd50k__dev__164539__0110__r0.wav,032a21457f7d9a6bbbb2fd5b1009314ca3758f7dd05b68df949896b6bdb3ffc0,29822a5892e1e5814c741cb83cab6b3a04aa548868f5b684fcca0e1d4cf5ef41,4,1.339478,44100,1.0,451,position_speed_gain,0.178741,-8.8094,0.965128,,,1.0,,,,,,1.0
glass_breaking__fsd50k__dev__164539__0110__r0__aug5.wav,glass_breaking,FSD50K,164539,freesound:164539,glass_breaking__fsd50k__dev__164539__0110__r0.wav,032a21457f7d9a6bbbb2fd5b1009314ca3758f7dd05b68df949896b6bdb3ffc0,385665c1766354e42c58891c2024907d9126c415c50aec032a80438f566e3d87,5,1.339478,44100,1.0,451,position_compression_background,0.122704,1.3242,1.0,,,1.66065,21.6462,0.16785961,3-164688-A-38.wav,clock_tick,esc50:164688,0.86876958
glass_breaking__fsd50k__dev__164540__0176__r0__aug0.wav,glass_breaking,FSD50K,164540,freesound:164540,glass_breaking__fsd50k__dev__164540__0176__r0.wav,c6d0e6b99feab9bd0f3de982dbf712097057ff9bf34f618967883cc0551df845,77e1413c5506506d13af3401e3404090a339672c3b9f7c9f080e7e1532ed0bad,0,0.890499,44100,1.0,451,position_only,0.112557,0.0,1.0,,,1.0,,,,,,1.0
glass_breaking__fsd50k__dev__164540__0176__r0__aug1.wav,glass_breaking,FSD50K,164540,freesound:164540,glass_breaking__fsd50k__dev__164540__0176__r0.wav,c6d0e6b99feab9bd0f3de982dbf712097057ff9bf34f618967883cc0551df845,9dca60be3c617037b9c963f3b1692bcaf3b2e93117a46a35f9a1bc8f435dda19,1,0.890499,44100,1.0,451,position_gain,0.311293,-10.5992,1.0,,,1.0,,,,,,1.0
glass_breaking__fsd50k__dev__164540__0176__r0__aug2.wav,glass_breaking,FSD50K,164540,freesound:164540,glass_breaking__fsd50k__dev__164540__0176__r0.wav,c6d0e6b99feab9bd0f3de982dbf712097057ff9bf34f618967883cc0551df845,ef00a18bb52679a7e8b824d3f0647f2f9b6dd73c34c8e0412af06d7db629f8fe,2,0.890499,44100,1.0,451,position_gain_background,0.282426,-8.9317,1.0,,,1.0,18.8527,0.01264632,3-151269-A-35.wav,washing_machine,esc50:151269,1.0
glass_breaking__fsd50k__dev__164540__0176__r0__aug3.wav,glass_breaking,FSD50K,164540,freesound:164540,glass_breaking__fsd50k__dev__164540__0176__r0.wav,c6d0e6b99feab9bd0f3de982dbf712097057ff9bf34f618967883cc0551df845,851b4598ed969552c1ea48ada5861f42d59acad2310213f1e21b80f7b8244715,3,0.890499,44100,1.0,451,position_filter_background,0.242068,-1.2811,1.0,135.161,7369.273,1.0,14.748,0.04911605,3-151269-A-35.wav,washing_machine,esc50:151269,1.0
glass_breaking__fsd50k__dev__164540__0176__r0__aug4.wav,glass_breaking,FSD50K,164540,freesound:164540,glass_breaking__fsd50k__dev__164540__0176__r0.wav,c6d0e6b99feab9bd0f3de982dbf712097057ff9bf34f618967883cc0551df845,4122636dead5dfe0df14d8546bf4587d650d1ec59ea93c1002985f6d87648fbf,4,0.890499,44100,1.0,451,position_speed_gain,0.310614,-2.2515,1.003892,,,1.0,,,,,,1.0
glass_breaking__fsd50k__dev__164540__0176__r0__aug5.wav,glass_breaking,FSD50K,164540,freesound:164540,glass_breaking__fsd50k__dev__164540__0176__r0.wav,c6d0e6b99feab9bd0f3de982dbf712097057ff9bf34f618967883cc0551df845,1a3c87cb25d1946dd2f6f551613f87f4546a29b93f1f9a20b4604bc3bb15d195,5,0.890499,44100,1.0,451,position_compression_background,0.296926,4.589,1.0,,,1.5623,21.3918,1.40370437,3-132830-A-32.wav,keyboard_typing,esc50:132830,0.84163149
glass_breaking__fsd50k__dev__164541__0136__r0__aug0.wav,glass_breaking,FSD50K,164541,freesound:164541,glass_breaking__fsd50k__dev__164541__0136__r0.wav,602dae0b7c8ea1f081028136aa9c54e7e62463d893cc869d23b1020464e2ff0c,f81e577b73ea2b0ad68aa518ead1c1f92a19b99d169597d0caebb300b28f69f7,0,1.434263,44100,1.0,451,position_only,0.102781,0.0,1.0,,,1.0,,,,,,0.89125094
glass_breaking__fsd50k__dev__164541__0136__r0__aug1.wav,glass_breaking,FSD50K,164541,freesound:164541,glass_breaking__fsd50k__dev__164541__0136__r0.wav,602dae0b7c8ea1f081028136aa9c54e7e62463d893cc869d23b1020464e2ff0c,7cf14b18a76217a08d3406ad5a6c3b31ea8a77c1353973c38a389478c81ae303,1,1.434263,44100,1.0,451,position_gain,0.210274,-6.6751,1.0,,,1.0,,,,,,1.0
glass_breaking__fsd50k__dev__164541__0136__r0__aug2.wav,glass_breaking,FSD50K,164541,freesound:164541,glass_breaking__fsd50k__dev__164541__0136__r0.wav,602dae0b7c8ea1f081028136aa9c54e7e62463d893cc869d23b1020464e2ff0c,6b724c18324a96f56e28e4962759c3aef1fcd9657d6073609b014ec6464ee5d4,2,1.434263,44100,1.0,451,position_gain_background,0.170029,-1.9215,1.0,,,1.0,20.9361,0.04533649,2-132157-B-11.wav,sea_waves,esc50:132157,1.0
glass_breaking__fsd50k__dev__164541__0136__r0__aug3.wav,glass_breaking,FSD50K,164541,freesound:164541,glass_breaking__fsd50k__dev__164541__0136__r0.wav,602dae0b7c8ea1f081028136aa9c54e7e62463d893cc869d23b1020464e2ff0c,03b89e872cc9e045e471b1920abd6535f2c998775a553eec5d905c88dbf06543,3,1.434263,44100,1.0,451,position_filter_background,0.337562,-0.5453,1.0,185.742,7122.389,1.0,12.4418,0.4595988,3-150363-A-38.wav,clock_tick,esc50:150363,0.99394941
glass_breaking__fsd50k__dev__164541__0136__r0__aug4.wav,glass_breaking,FSD50K,164541,freesound:164541,glass_breaking__fsd50k__dev__164541__0136__r0.wav,602dae0b7c8ea1f081028136aa9c54e7e62463d893cc869d23b1020464e2ff0c,7b5a9c3fd22dade3bb04a482c23f3078f78289de13dd067ac1a8466bd172cd87,4,1.434263,44100,1.0,451,position_speed_gain,0.254879,-10.6189,1.004853,,,1.0,,,,,,1.0
glass_breaking__fsd50k__dev__164541__0136__r0__aug5.wav,glass_breaking,FSD50K,164541,freesound:164541,glass_breaking__fsd50k__dev__164541__0136__r0.wav,602dae0b7c8ea1f081028136aa9c54e7e62463d893cc869d23b1020464e2ff0c,d794f3a9b111dffd857263eb8e999f355103c5d44b41f808cb6e99842e8ed6ae,5,1.434263,44100,1.0,451,position_compression_background,0.236865,-7.9054,1.0,,,1.67283,13.5798,0.00998361,3-188726-A-35.wav,washing_machine,esc50:188726,1.0
glass_breaking__fsd50k__dev__164542__0074__r0__aug0.wav,glass_breaking,FSD50K,164542,freesound:164542,glass_breaking__fsd50k__dev__164542__0074__r0.wav,96f3fa4601ec90eb9030761d2b8a001e1f6101f13199e137a62a0186113743ee,37c75be338fe38878fab2f1d531ff3db727e75f3c7b3e028293996156fa7525c,0,1.499116,44100,1.0,451,position_only,0.261985,0.0,1.0,,,1.0,,,,,,0.93284284
glass_breaking__fsd50k__dev__164542__0074__r0__aug1.wav,glass_breaking,FSD50K,164542,freesound:164542,glass_breaking__fsd50k__dev__164542__0074__r0.wav,96f3fa4601ec90eb9030761d2b8a001e1f6101f13199e137a62a0186113743ee,cc1fd5abedc918216f728b41551bc0371bbad1fad93ef9a7a13bec9016dde677,1,1.499116,44100,1.0,451,position_gain,0.326059,-7.9351,1.0,,,1.0,,,,,,1.0
glass_breaking__fsd50k__dev__164542__0074__r0__aug2.wav,glass_breaking,FSD50K,164542,freesound:164542,glass_breaking__fsd50k__dev__164542__0074__r0.wav,96f3fa4601ec90eb9030761d2b8a001e1f6101f13199e137a62a0186113743ee,8cabf92194d9ff4fd0b5bfaa256a0a8c35dafe432a7bbf58b4d5fda9638f9189,2,1.499116,44100,1.0,451,position_gain_background,0.103712,-9.3135,1.0,,,1.0,15.9441,0.00834778,3-155642-B-11.wav,sea_waves,esc50:155642,1.0
glass_breaking__fsd50k__dev__164542__0074__r0__aug3.wav,glass_breaking,FSD50K,164542,freesound:164542,glass_breaking__fsd50k__dev__164542__0074__r0.wav,96f3fa4601ec90eb9030761d2b8a001e1f6101f13199e137a62a0186113743ee,c53191f8cb9edbdcf52fa5af6ccc7818300b83dde7c6adbdf73199160e7fb2ac,3,1.499116,44100,1.0,451,position_filter_background,0.289126,-1.3396,1.0,91.191,7425.862,1.0,12.1556,0.05480254,2-59241-A-35.wav,washing_machine,esc50:59241,1.0
glass_breaking__fsd50k__dev__164542__0074__r0__aug4.wav,glass_breaking,FSD50K,164542,freesound:164542,glass_breaking__fsd50k__dev__164542__0074__r0.wav,96f3fa4601ec90eb9030761d2b8a001e1f6101f13199e137a62a0186113743ee,043595503c195e39b3a3952a269e0a329eaf27c4acbeed05692ab2807391cf8e,4,1.499116,44100,1.0,451,position_speed_gain,0.157856,-8.3544,0.974631,,,1.0,,,,,,1.0
glass_breaking__fsd50k__dev__164542__0074__r0__aug5.wav,glass_breaking,FSD50K,164542,freesound:164542,glass_breaking__fsd50k__dev__164542__0074__r0.wav,96f3fa4601ec90eb9030761d2b8a001e1f6101f13199e137a62a0186113743ee,1369a0e3cddd34a422d886f9790b4bc965deef87338d8daeb2e926c91dd01288,5,1.499116,44100,1.0,451,position_compression_background,0.335838,-8.558,1.0,,,1.46477,21.9538,0.05815447,2-99796-A-32.wav,keyboard_typing,esc50:99796,1.0
glass_breaking__fsd50k__dev__173576__0066__r0__aug0.wav,glass_breaking,FSD50K,173576,freesound:173576,glass_breaking__fsd50k__dev__173576__0066__r0.wav,266ab1d1fcb8db411c8d0da52e26b6cf75feb6c9697849bc0fe7e72da5ca30e4,2242ec985c8700829924ec1faffd11807df0cf9c58fe22d3aebc9fd571634190,0,0.296848,44100,1.0,451,position_only,0.325853,0.0,1.0,,,1.0,,,,,,0.89125094
glass_breaking__fsd50k__dev__173576__0066__r0__aug1.wav,glass_breaking,FSD50K,173576,freesound:173576,glass_breaking__fsd50k__dev__173576__0066__r0.wav,266ab1d1fcb8db411c8d0da52e26b6cf75feb6c9697849bc0fe7e72da5ca30e4,b7774da25c2802d73240475e765a05a392a9da5c0f86a47d7fe02864b81387cd,1,0.296848,44100,1.0,451,position_gain,0.216063,-8.0301,1.0,,,1.0,,,,,,1.0
glass_breaking__fsd50k__dev__173576__0066__r0__aug2.wav,glass_breaking,FSD50K,173576,freesound:173576,glass_breaking__fsd50k__dev__173576__0066__r0.wav,266ab1d1fcb8db411c8d0da52e26b6cf75feb6c9697849bc0fe7e72da5ca30e4,0f756b28f505028a4134f3b42bf53b9068afb4854cc1b6d2a8a7aa82c437f209,2,0.296848,44100,1.0,451,position_gain_background,0.124654,-7.8962,1.0,,,1.0,15.1558,0.24344673,1-42139-A-38.wav,clock_tick,esc50:42139,1.0
glass_breaking__fsd50k__dev__173576__0066__r0__aug3.wav,glass_breaking,FSD50K,173576,freesound:173576,glass_breaking__fsd50k__dev__173576__0066__r0.wav,266ab1d1fcb8db411c8d0da52e26b6cf75feb6c9697849bc0fe7e72da5ca30e4,4185ba43fec357d3ea65c5e6d844ee07eeda8cd5094f9685eaf7e96e32b83f73,3,0.296848,44100,1.0,451,position_filter_background,0.20806,-8.2067,1.0,243.567,6109.906,1.0,11.6873,0.13661922,1-28135-A-11.wav,sea_waves,esc50:28135,1.0
glass_breaking__fsd50k__dev__173576__0066__r0__aug4.wav,glass_breaking,FSD50K,173576,freesound:173576,glass_breaking__fsd50k__dev__173576__0066__r0.wav,266ab1d1fcb8db411c8d0da52e26b6cf75feb6c9697849bc0fe7e72da5ca30e4,ff62e0206afa217d57f668a2501868f2db0533c551ce8bef833e11b448fa0285,4,0.296848,44100,1.0,451,position_speed_gain,0.187615,-10.2823,1.000562,,,1.0,,,,,,1.0
glass_breaking__fsd50k__dev__173576__0066__r0__aug5.wav,glass_breaking,FSD50K,173576,freesound:173576,glass_breaking__fsd50k__dev__173576__0066__r0.wav,266ab1d1fcb8db411c8d0da52e26b6cf75feb6c9697849bc0fe7e72da5ca30e4,222c6ac0a29e583e7b6117f7278b66fdcbc331161f093eb7d9c2425165e074b3,5,0.296848,44100,1.0,451,position_compression_background,0.242467,-10.762,1.0,,,1.5935,13.5532,0.73596348,3-182710-B-35.wav,washing_machine,esc50:182710,1.0
glass_breaking__fsd50k__dev__173581__0105__r0__aug0.wav,glass_breaking,FSD50K,173581,freesound:173581,glass_breaking__fsd50k__dev__173581__0105__r0.wav,97f0b2d94e240cc82fd1bf12fb3e2e668c08e2d439c450ee6bc7f337d2c26852,dbfdaeaf2681a5a51c7f0882c9d8ec45d48494aa263efece08784e712dfeeb93,0,0.047415,44100,1.0,451,position_only,0.182561,0.0,1.0,,,1.0,,,,,,0.89125094
glass_breaking__fsd50k__dev__173581__0105__r0__aug1.wav,glass_breaking,FSD50K,173581,freesound:173581,glass_breaking__fsd50k__dev__173581__0105__r0.wav,97f0b2d94e240cc82fd1bf12fb3e2e668c08e2d439c450ee6bc7f337d2c26852,c82754f33beb4af2dc1b79f6f6976b9ace802ca3000310f41fb43d2c89be6f0e,1,0.047415,44100,1.0,451,position_gain,0.349233,1.5728,1.0,,,1.0,,,,,,0.74363871
glass_breaking__fsd50k__dev__173581__0105__r0__aug2.wav,glass_breaking,FSD50K,173581,freesound:173581,glass_breaking__fsd50k__dev__173581__0105__r0.wav,97f0b2d94e240cc82fd1bf12fb3e2e668c08e2d439c450ee6bc7f337d2c26852,2dc56949f979359538a7e6de3657e9aef5fb50f5c18eb45854126d7134e36f61,2,0.047415,44100,1.0,451,position_gain_background,0.102608,-11.909,1.0,,,1.0,11.5327,0.51961421,2-119748-A-38.wav,clock_tick,esc50:119748,1.0
glass_breaking__fsd50k__dev__173581__0105__r0__aug3.wav,glass_breaking,FSD50K,173581,freesound:173581,glass_breaking__fsd50k__dev__173581__0105__r0.wav,97f0b2d94e240cc82fd1bf12fb3e2e668c08e2d439c450ee6bc7f337d2c26852,a26de1741906392464464f4b3df1910b2c91232d82d66c1a975a85e6432762fd,3,0.047415,44100,1.0,451,position_filter_background,0.205068,3.7539,1.0,244.644,7184.076,1.0,20.572,0.09228879,3-144827-A-11.wav,sea_waves,esc50:144827,0.36806728
glass_breaking__fsd50k__dev__173581__0105__r0__aug4.wav,glass_breaking,FSD50K,173581,freesound:173581,glass_breaking__fsd50k__dev__173581__0105__r0.wav,97f0b2d94e240cc82fd1bf12fb3e2e668c08e2d439c450ee6bc7f337d2c26852,6accabd8143918b00df1a30f5c1d974b78b4122ea6f38933457328710a652277,4,0.047415,44100,1.0,451,position_speed_gain,0.14013,-5.1174,1.026761,,,1.0,,,,,,1.0
glass_breaking__fsd50k__dev__173581__0105__r0__aug5.wav,glass_breaking,FSD50K,173581,freesound:173581,glass_breaking__fsd50k__dev__173581__0105__r0.wav,97f0b2d94e240cc82fd1bf12fb3e2e668c08e2d439c450ee6bc7f337d2c26852,d78075fc31261dc81fb1aa168ce18eb283712528bc38a0c7735b36363f2f5941,5,0.047415,44100,1.0,451,position_compression_background,0.240271,-5.9163,1.0,,,1.45735,23.8556,3818.69496633,2-50774-A-23.wav,breathing,esc50:50774,1.0
glass_breaking__fsd50k__dev__173601__0188__r0__aug0.wav,glass_breaking,FSD50K,173601,freesound:173601,glass_breaking__fsd50k__dev__173601__0188__r0.wav,465c57bab4fef539bff44cd081bd7c01fa1f4380acef8c4d1a8533d5bfbd4f76,063cc2eb4ed772dc2c10ca30a05a6876594c1e3364bf0fc105dd8c28109b0801,0,0.022472,44100,1.0,451,position_only,0.218378,0.0,1.0,,,1.0,,,,,,0.89125094
glass_breaking__fsd50k__dev__173601__0188__r0__aug1.wav,glass_breaking,FSD50K,173601,freesound:173601,glass_breaking__fsd50k__dev__173601__0188__r0.wav,465c57bab4fef539bff44cd081bd7c01fa1f4380acef8c4d1a8533d5bfbd4f76,edea65ab167ba23c1392a84df7962cebf3bf105e078e3022a6aa4c489897357d,1,0.022472,44100,1.0,451,position_gain,0.219919,3.004,1.0,,,1.0,,,,,,0.63066912
glass_breaking__fsd50k__dev__173601__0188__r0__aug2.wav,glass_breaking,FSD50K,173601,freesound:173601,glass_breaking__fsd50k__dev__173601__0188__r0.wav,465c57bab4fef539bff44cd081bd7c01fa1f4380acef8c4d1a8533d5bfbd4f76,eab98270343e9ab751a50d922bbdfe7a1964413ba7c0430e76ec65893d960932,2,0.022472,44100,1.0,451,position_gain_background,0.132629,-4.2889,1.0,,,1.0,20.6883,0.04455042,3-135469-A-35.wav,washing_machine,esc50:135469,1.0
glass_breaking__fsd50k__dev__173601__0188__r0__aug3.wav,glass_breaking,FSD50K,173601,freesound:173601,glass_breaking__fsd50k__dev__173601__0188__r0.wav,465c57bab4fef539bff44cd081bd7c01fa1f4380acef8c4d1a8533d5bfbd4f76,bf516d0ce4b198b22e8e350743e7b673dcfcf07f58625532593a9e6e3f728dde,3,0.022472,44100,1.0,451,position_filter_background,0.234771,-11.6793,1.0,214.702,7155.38,1.0,22.9092,0.01237432,1-49098-A-35.wav,washing_machine,esc50:49098,1.0
glass_breaking__fsd50k__dev__173601__0188__r0__aug4.wav,glass_breaking,FSD50K,173601,freesound:173601,glass_breaking__fsd50k__dev__173601__0188__r0.wav,465c57bab4fef539bff44cd081bd7c01fa1f4380acef8c4d1a8533d5bfbd4f76,4b22368abcf3f54006488cff1db98ae5c295d466dcb34873319aea7c083bd6b9,4,0.022472,44100,1.0,451,position_speed_gain,0.300362,-3.716,1.002646,,,1.0,,,,,,1.0
glass_breaking__fsd50k__dev__173601__0188__r0__aug5.wav,glass_breaking,FSD50K,173601,freesound:173601,glass_breaking__fsd50k__dev__173601__0188__r0.wav,465c57bab4fef539bff44cd081bd7c01fa1f4380acef8c4d1a8533d5bfbd4f76,e250dc3e545bc615683420fa7db535eb052afdf09c6496fab0cf8639b4d302f4,5,0.022472,44100,1.0,451,position_compression_background,0.252018,2.4983,1.0,,,1.74655,18.5684,0.15172563,1-23996-A-35.wav,washing_machine,esc50:23996,0.85278526
glass_breaking__fsd50k__dev__173614__0171__r0__aug0.wav,glass_breaking,FSD50K,173614,freesound:173614,glass_breaking__fsd50k__dev__173614__0171__r0.wav,38e38f9d17ba65dd869fd2871f3b3788d8f823fd1049084ce5d743847c2984e8,48ad4f04ab7e01b8676cc517d7a3acc2c98a647fd49ac98015cb38c36cc0a2db,0,2.382109,44100,1.0,451,position_only,0.197908,0.0,1.0,,,1.0,,,,,,1.0
glass_breaking__fsd50k__dev__173614__0171__r0__aug1.wav,glass_breaking,FSD50K,173614,freesound:173614,glass_breaking__fsd50k__dev__173614__0171__r0.wav,38e38f9d17ba65dd869fd2871f3b3788d8f823fd1049084ce5d743847c2984e8,b1c6546094506099aed33686e85f4457d4432414b0f050d4ac7b499777d89dbd,1,2.382109,44100,1.0,451,position_gain,0.200221,-0.8445,1.0,,,1.0,,,,,,1.0
glass_breaking__fsd50k__dev__173614__0171__r0__aug2.wav,glass_breaking,FSD50K,173614,freesound:173614,glass_breaking__fsd50k__dev__173614__0171__r0.wav,38e38f9d17ba65dd869fd2871f3b3788d8f823fd1049084ce5d743847c2984e8,cf7fbe1d2114132be23f91c02f7e0e7fb5fd6a93c7c2b7a4740540cd450fb96f,2,2.382109,44100,1.0,451,position_gain_background,0.278499,-10.4421,1.0,,,1.0,20.4308,0.04317583,2-137162-A-11.wav,sea_waves,esc50:137162,1.0
glass_breaking__fsd50k__dev__173614__0171__r0__aug3.wav,glass_breaking,FSD50K,173614,freesound:173614,glass_breaking__fsd50k__dev__173614__0171__r0.wav,38e38f9d17ba65dd869fd2871f3b3788d8f823fd1049084ce5d743847c2984e8,caeeecde9b9c0dfb870c4fdbaf264a546a6cc15602675293705a50442e8b9e49,3,2.382109,44100,1.0,451,position_filter_background,0.134564,4.5391,1.0,211.562,7168.01,1.0,23.3308,0.04718707,3-155642-A-11.wav,sea_waves,esc50:155642,1.0
glass_breaking__fsd50k__dev__173614__0171__r0__aug4.wav,glass_breaking,FSD50K,173614,freesound:173614,glass_breaking__fsd50k__dev__173614__0171__r0.wav,38e38f9d17ba65dd869fd2871f3b3788d8f823fd1049084ce5d743847c2984e8,bfc0684f387d266d18d531baee15c3d01879465197c5351e9fb3bff17028262c,4,2.382109,44100,1.0,451,position_speed_gain,0.32458,-8.3246,1.007128,,,1.0,,,,,,1.0
glass_breaking__fsd50k__dev__173614__0171__r0__aug5.wav,glass_breaking,FSD50K,173614,freesound:173614,glass_breaking__fsd50k__dev__173614__0171__r0.wav,38e38f9d17ba65dd869fd2871f3b3788d8f823fd1049084ce5d743847c2984e8,a8ec14267eeedcfb76a7d2ab83cd23984732ec237948b5c03f8eb31a8b5c2fe0,5,2.382109,44100,1.0,451,position_compression_background,0.255594,-7.7757,1.0,,,1.35487,22.3327,0.01150903,1-32373-A-35.wav,washing_machine,esc50:32373,1.0
glass_breaking__fsd50k__dev__173621__0131__r0__aug0.wav,glass_breaking,FSD50K,173621,freesound:173621,glass_breaking__fsd50k__dev__173621__0131__r0.wav,9e330f1e1e22bee5a8adab26bd356ebc87e1e719abf7800e94b6ff81cc7f9850,b969f633e05f7cb72d716695dc9a78c9ed9d74b887ffded2e1a1aabe952b5023,0,0.022472,44100,1.0,451,position_only,0.355933,0.0,1.0,,,1.0,,,,,,0.89125094
glass_breaking__fsd50k__dev__173621__0131__r0__aug1.wav,glass_breaking,FSD50K,173621,freesound:173621,glass_breaking__fsd50k__dev__173621__0131__r0.wav,9e330f1e1e22bee5a8adab26bd356ebc87e1e719abf7800e94b6ff81cc7f9850,1f36209d79e06ab8c01b2abb758a83de5ce0eee60ef898e83aadecf92cae9fb5,1,0.022472,44100,1.0,451,position_gain,0.130024,-4.8894,1.0,,,1.0,,,,,,1.0
glass_breaking__fsd50k__dev__173621__0131__r0__aug2.wav,glass_breaking,FSD50K,173621,freesound:173621,glass_breaking__fsd50k__dev__173621__0131__r0.wav,9e330f1e1e22bee5a8adab26bd356ebc87e1e719abf7800e94b6ff81cc7f9850,29b4e60d44fdc741ded45bac2cae623733e35d0d101add7b505ff4007b89b15e,2,0.022472,44100,1.0,451,position_gain_background,0.268689,-3.6079,1.0,,,1.0,11.2724,2.09394094,1-79711-A-32.wav,keyboard_typing,esc50:79711,0.50232892
glass_breaking__fsd50k__dev__173621__0131__r0__aug3.wav,glass_breaking,FSD50K,173621,freesound:173621,glass_breaking__fsd50k__dev__173621__0131__r0.wav,9e330f1e1e22bee5a8adab26bd356ebc87e1e719abf7800e94b6ff81cc7f9850,84cf310de9229ef9f5b308d058b2c37af109d05ac99804d695872f9bca62264e,3,0.022472,44100,1.0,451,position_filter_background,0.293716,-4.3647,1.0,135.836,7533.264,1.0,14.5027,0.19884965,1-91359-A-11.wav,sea_waves,esc50:91359,0.87056885
glass_breaking__fsd50k__dev__173621__0131__r0__aug4.wav,glass_breaking,FSD50K,173621,freesound:173621,glass_breaking__fsd50k__dev__173621__0131__r0.wav,9e330f1e1e22bee5a8adab26bd356ebc87e1e719abf7800e94b6ff81cc7f9850,5583fd1d5ec70068de1cce2b3858a1355747cdbeee05deb00d83b5b9233e98b1,4,0.022472,44100,1.0,451,position_speed_gain,0.246131,-10.0305,1.03854,,,1.0,,,,,,1.0
glass_breaking__fsd50k__dev__173621__0131__r0__aug5.wav,glass_breaking,FSD50K,173621,freesound:173621,glass_breaking__fsd50k__dev__173621__0131__r0.wav,9e330f1e1e22bee5a8adab26bd356ebc87e1e719abf7800e94b6ff81cc7f9850,e97a11674b030ab8aea1193f939ccc9fe615fcfd69bda1e4facf3fcfc3b47605,5,0.022472,44100,1.0,451,position_compression_background,0.1612,1.289,1.0,,,1.4767,20.6956,0.25132003,2-51173-A-35.wav,washing_machine,esc50:51173,0.84112046
glass_breaking__fsd50k__dev__173622__0154__r0__aug0.wav,glass_breaking,FSD50K,173622,freesound:173622,glass_breaking__fsd50k__dev__173622__0154__r0.wav,39f96c9fb5b0e25ca08bb115e7f07b550023d2887835f24f320f15b6e8a91a7b,7e51a0a508289f9125b0b6a068a244331ea4f32710c5878fea2436eb450a3c15,0,0.022472,44100,1.0,451,position_only,0.282662,0.0,1.0,,,1.0,,,,,,0.89125094
glass_breaking__fsd50k__dev__173622__0154__r0__aug1.wav,glass_breaking,FSD50K,173622,freesound:173622,glass_breaking__fsd50k__dev__173622__0154__r0.wav,39f96c9fb5b0e25ca08bb115e7f07b550023d2887835f24f320f15b6e8a91a7b,01d9d382d69cba4e38c1ee15ff5e111ac9e97228a83e95266a9bb4db8d8ef9fe,1,0.022472,44100,1.0,451,position_gain,0.23683,-1.6942,1.0,,,1.0,,,,,,1.0
glass_breaking__fsd50k__dev__173622__0154__r0__aug2.wav,glass_breaking,FSD50K,173622,freesound:173622,glass_breaking__fsd50k__dev__173622__0154__r0.wav,39f96c9fb5b0e25ca08bb115e7f07b550023d2887835f24f320f15b6e8a91a7b,37c5be81f86090efa563cd776a731887fbdb8ce288f55a09f27824cbb382db8a,2,0.022472,44100,1.0,451,position_gain_background,0.310116,-5.0462,1.0,,,1.0,10.76,0.26279398,1-27166-A-35.wav,washing_machine,esc50:27166,1.0
glass_breaking__fsd50k__dev__173622__0154__r0__aug3.wav,glass_breaking,FSD50K,173622,freesound:173622,glass_breaking__fsd50k__dev__173622__0154__r0.wav,39f96c9fb5b0e25ca08bb115e7f07b550023d2887835f24f320f15b6e8a91a7b,e0a361a808dcb372c01a763ec10508ea1a99e05ea72cafc95317ee178ee544a7,3,0.022472,44100,1.0,451,position_filter_background,0.180023,-5.9794,1.0,163.401,7569.707,1.0,24.7444,0.27845992,1-21934-A-38.wav,clock_tick,esc50:21934,0.94557088
glass_breaking__fsd50k__dev__173622__0154__r0__aug4.wav,glass_breaking,FSD50K,173622,freesound:173622,glass_breaking__fsd50k__dev__173622__0154__r0.wav,39f96c9fb5b0e25ca08bb115e7f07b550023d2887835f24f320f15b6e8a91a7b,d078932a9715614a0f554ad93e4f9d9054bd664d161d55505c6517e06f6811e5,4,0.022472,44100,1.0,451,position_speed_gain,0.357423,2.3014,0.978956,,,1.0,,,,,,0.62987287
glass_breaking__fsd50k__dev__173622__0154__r0__aug5.wav,glass_breaking,FSD50K,173622,freesound:173622,glass_breaking__fsd50k__dev__173622__0154__r0.wav,39f96c9fb5b0e25ca08bb115e7f07b550023d2887835f24f320f15b6e8a91a7b,73d63081bdd7dca3574e78af48057d5bd9ade35754210caf3d2928ea7b6a26d0,5,0.022472,44100,1.0,451,position_compression_background,0.12878,-4.4,1.0,,,1.46871,20.8392,0.2520557,1-43760-A-11.wav,sea_waves,esc50:43760,1.0
glass_breaking__fsd50k__dev__174747__0031__r0__aug0.wav,glass_breaking,FSD50K,174747,freesound:174747,glass_breaking__fsd50k__dev__174747__0031__r0.wav,7aa35ed20180ecca13a37780dfa6c56e5c429c8a5456bd47b46cd87d501d7e32,ddce4a6e93ea6087decfde7d04a02aaf006b2f3b14aa07ea29190386144fec2a,0,0.58619,44100,1.0,451,position_only,0.297038,0.0,1.0,,,1.0,,,,,,0.89125094
glass_breaking__fsd50k__dev__174747__0031__r0__aug1.wav,glass_breaking,FSD50K,174747,freesound:174747,glass_breaking__fsd50k__dev__174747__0031__r0.wav,7aa35ed20180ecca13a37780dfa6c56e5c429c8a5456bd47b46cd87d501d7e32,29499c565ab5745b7bd70c7a3ad71e95d01485e20e358de5f987365b25674789,1,0.58619,44100,1.0,451,position_gain,0.229974,-2.8902,1.0,,,1.0,,,,,,1.0
glass_breaking__fsd50k__dev__174747__0031__r0__aug2.wav,glass_breaking,FSD50K,174747,freesound:174747,glass_breaking__fsd50k__dev__174747__0031__r0.wav,7aa35ed20180ecca13a37780dfa6c56e5c429c8a5456bd47b46cd87d501d7e32,69f13a3839124662a7c4182186162bb60f980d78eb304d310c7fe215c00e4db0,2,0.58619,44100,1.0,451,position_gain_background,0.249929,-10.7324,1.0,,,1.0,18.2138,0.01301605,2-102567-D-35.wav,washing_machine,esc50:102567,1.0
glass_breaking__fsd50k__dev__174747__0031__r0__aug3.wav,glass_breaking,FSD50K,174747,freesound:174747,glass_breaking__fsd50k__dev__174747__0031__r0.wav,7aa35ed20180ecca13a37780dfa6c56e5c429c8a5456bd47b46cd87d501d7e32,abc1e7be683e270c3c52162fdc37ea7e1e469fcd98ad82255a99959d438e3a1f,3,0.58619,44100,1.0,451,position_filter_background,0.23236,-10.3753,1.0,256.452,6343.164,1.0,23.0955,0.1349547,2-135728-A-38.wav,clock_tick,esc50:135728,1.0
glass_breaking__fsd50k__dev__174747__0031__r0__aug4.wav,glass_breaking,FSD50K,174747,freesound:174747,glass_breaking__fsd50k__dev__174747__0031__r0.wav,7aa35ed20180ecca13a37780dfa6c56e5c429c8a5456bd47b46cd87d501d7e32,9f55560c661488107036ae4ff79552f77ba0dfaf6d0ed6206c10a85f0c007ba6,4,0.58619,44100,1.0,451,position_speed_gain,0.120059,-11.8682,1.026898,,,1.0,,,,,,1.0
glass_breaking__fsd50k__dev__174747__0031__r0__aug5.wav,glass_breaking,FSD50K,174747,freesound:174747,glass_breaking__fsd50k__dev__174747__0031__r0.wav,7aa35ed20180ecca13a37780dfa6c56e5c429c8a5456bd47b46cd87d501d7e32,683d6d2e6c4d05d7d1d9ea575e1bacee4cbf381bf95a8c69153398e8aba61f74,5,0.58619,44100,1.0,451,position_compression_background,0.266248,1.7352,1.0,,,1.57734,15.5012,0.19702771,2-137162-A-11.wav,sea_waves,esc50:137162,0.84688833
glass_breaking__fsd50k__dev__174750__0076__r0__aug0.wav,glass_breaking,FSD50K,174750,freesound:174750,glass_breaking__fsd50k__dev__174750__0076__r0.wav,28f879f41c1d30831ad958784cc21b1b376b65a173be7a894e4e944a44bb9a23,0ee594b8074a7f803bf59a262b6cf1f4e50cacce59dd16215a02007a8303d82b,0,1.803424,44100,1.0,451,position_only,0.154388,0.0,1.0,,,1.0,,,,,,0.95374125
glass_breaking__fsd50k__dev__174750__0076__r0__aug1.wav,glass_breaking,FSD50K,174750,freesound:174750,glass_breaking__fsd50k__dev__174750__0076__r0.wav,28f879f41c1d30831ad958784cc21b1b376b65a173be7a894e4e944a44bb9a23,4f4bd2172d6b85144c2152bd6a1b1d9c09dfe29d7f9e2a89e49f1710aedb30d0,1,1.803424,44100,1.0,451,position_gain,0.255884,-4.7573,1.0,,,1.0,,,,,,1.0
glass_breaking__fsd50k__dev__174750__0076__r0__aug2.wav,glass_breaking,FSD50K,174750,freesound:174750,glass_breaking__fsd50k__dev__174750__0076__r0.wav,28f879f41c1d30831ad958784cc21b1b376b65a173be7a894e4e944a44bb9a23,29b4bfc6678fc174f32151f2b18ce3f60ed4749964ea0a14fd36134cb18d99cc,2,1.803424,44100,1.0,451,position_gain_background,0.290768,-3.1999,1.0,,,1.0,23.0794,3205.33288563,1-36400-A-23.wav,breathing,esc50:36400,1.0
glass_breaking__fsd50k__dev__174750__0076__r0__aug3.wav,glass_breaking,FSD50K,174750,freesound:174750,glass_breaking__fsd50k__dev__174750__0076__r0.wav,28f879f41c1d30831ad958784cc21b1b376b65a173be7a894e4e944a44bb9a23,592e02a9b7442f1dd095677cadf9de955e96507b70292077fff14c02e9701b66,3,1.803424,44100,1.0,451,position_filter_background,0.358417,-7.5052,1.0,182.086,6829.949,1.0,14.9692,0.01551205,2-102567-D-35.wav,washing_machine,esc50:102567,1.0
glass_breaking__fsd50k__dev__174750__0076__r0__aug4.wav,glass_breaking,FSD50K,174750,freesound:174750,glass_breaking__fsd50k__dev__174750__0076__r0.wav,28f879f41c1d30831ad958784cc21b1b376b65a173be7a894e4e944a44bb9a23,8b3ebcf2d56c7f5a40964121fc2933469163f19a7c39dda019a3270e3a3e9111,4,1.803424,44100,1.0,451,position_speed_gain,0.238699,-10.6324,1.002749,,,1.0,,,,,,1.0
glass_breaking__fsd50k__dev__174750__0076__r0__aug5.wav,glass_breaking,FSD50K,174750,freesound:174750,glass_breaking__fsd50k__dev__174750__0076__r0.wav,28f879f41c1d30831ad958784cc21b1b376b65a173be7a894e4e944a44bb9a23,21e35e0d40fe30f184b25d87b2e72985bb394b0e29038177d3f9222f801df315,5,1.803424,44100,1.0,451,position_compression_background,0.32421,-10.4902,1.0,,,1.47463,13.9264,0.10118988,2-124662-A-11.wav,sea_waves,esc50:124662,1.0
glass_breaking__fsd50k__dev__179228__0120__r0__aug0.wav,glass_breaking,FSD50K,179228,freesound:179228,glass_breaking__fsd50k__dev__179228__0120__r0.wav,49cf00e5f225abf1f3292de50d380530e06cee0610aaac0a2c71c3545f936070,bc7f95810bd01a06183b21dc7cbc6eb9d8d30701eb0ac9a082963d775277330d,0,2.721338,44100,1.0,451,position_only,0.282518,0.0,1.0,,,1.0,,,,,,0.89212215
glass_breaking__fsd50k__dev__179228__0120__r0__aug1.wav,glass_breaking,FSD50K,179228,freesound:179228,glass_breaking__fsd50k__dev__179228__0120__r0.wav,49cf00e5f225abf1f3292de50d380530e06cee0610aaac0a2c71c3545f936070,508fbddee4f804f4cfe15d8db06009d24af8c2c0ecb5451180a373d72460755a,1,2.721338,44100,1.0,451,position_gain,0.160831,0.6918,1.0,,,1.0,,,,,,0.82382404
glass_breaking__fsd50k__dev__179228__0120__r0__aug2.wav,glass_breaking,FSD50K,179228,freesound:179228,glass_breaking__fsd50k__dev__179228__0120__r0.wav,49cf00e5f225abf1f3292de50d380530e06cee0610aaac0a2c71c3545f936070,322a2c81ad9f01eb81650e9d78041885c0598536837344874cb3b6443498ae9d,2,2.721338,44100,1.0,451,position_gain_background,0.248046,-3.334,1.0,,,1.0,18.1133,0.02052151,1-49098-A-35.wav,washing_machine,esc50:49098,1.0
glass_breaking__fsd50k__dev__179228__0120__r0__aug3.wav,glass_breaking,FSD50K,179228,freesound:179228,glass_breaking__fsd50k__dev__179228__0120__r0.wav,49cf00e5f225abf1f3292de50d380530e06cee0610aaac0a2c71c3545f936070,2e56702de076ac170476892f066c4534543222d2c6c4a7d0a26efbbb954f3b6d,3,2.721338,44100,1.0,451,position_filter_background,0.242014,2.1224,1.0,99.912,7087.814,1.0,21.2718,0.02501336,1-23996-A-35.wav,washing_machine,esc50:23996,0.72987228
glass_breaking__fsd50k__dev__179228__0120__r0__aug4.wav,glass_breaking,FSD50K,179228,freesound:179228,glass_breaking__fsd50k__dev__179228__0120__r0.wav,49cf00e5f225abf1f3292de50d380530e06cee0610aaac0a2c71c3545f936070,a41fbc55d3baa73a249c1bd77fb9ba5663c8d481b9c3a7b932d23a3baabfdd68,4,2.721338,44100,1.0,451,position_speed_gain,0.160541,0.0456,1.000311,,,1.0,,,,,,0.88744782
glass_breaking__fsd50k__dev__179228__0120__r0__aug5.wav,glass_breaking,FSD50K,179228,freesound:179228,glass_breaking__fsd50k__dev__179228__0120__r0.wav,49cf00e5f225abf1f3292de50d380530e06cee0610aaac0a2c71c3545f936070,f22642766aa11d295075c4162f871931a9b946aa8f81af3108b44844ace3909e,5,2.721338,44100,1.0,451,position_compression_background,0.233734,-1.7122,1.0,,,1.26501,22.4565,0.048776,2-133863-A-11.wav,sea_waves,esc50:133863,0.97804945
glass_breaking__fsd50k__dev__179231__0163__r0__aug0.wav,glass_breaking,FSD50K,179231,freesound:179231,glass_breaking__fsd50k__dev__179231__0163__r0.wav,09b3197787e9cc54699167c047e62776c24278c64a29e46a71db9a369064444c,69d26914fb91688fea6480e2cb1d580757933fe1f0bc99ada81b766a23e103dd,0,2.496848,44100,1.0,451,position_only,0.313158,0.0,1.0,,,1.0,,,,,,0.90095668
glass_breaking__fsd50k__dev__179231__0163__r0__aug1.wav,glass_breaking,FSD50K,179231,freesound:179231,glass_breaking__fsd50k__dev__179231__0163__r0.wav,09b3197787e9cc54699167c047e62776c24278c64a29e46a71db9a369064444c,5398d677cee95573b3b50c5b88ad34996672b9de2a3510cad447baaff5799638,1,2.496848,44100,1.0,451,position_gain,0.240111,-9.7606,1.0,,,1.0,,,,,,1.0
glass_breaking__fsd50k__dev__179231__0163__r0__aug2.wav,glass_breaking,FSD50K,179231,freesound:179231,glass_breaking__fsd50k__dev__179231__0163__r0.wav,09b3197787e9cc54699167c047e62776c24278c64a29e46a71db9a369064444c,149ea970995fd9ec4f5cf2a968e3bdebd9a180c2893077476c1d8a63347deaa3,2,2.496848,44100,1.0,451,position_gain_background,0.20981,-1.8419,1.0,,,1.0,14.7546,0.02156709,1-23996-B-35.wav,washing_machine,esc50:23996,1.0
glass_breaking__fsd50k__dev__179231__0163__r0__aug3.wav,glass_breaking,FSD50K,179231,freesound:179231,glass_breaking__fsd50k__dev__179231__0163__r0.wav,09b3197787e9cc54699167c047e62776c24278c64a29e46a71db9a369064444c,955a04d1a7567485fd24a48c5392ef0608239ec940ccb7a09facccea53bb384f,3,2.496848,44100,1.0,451,position_filter_background,0.256205,-6.1913,1.0,92.982,6906.597,1.0,20.0657,0.07813359,2-118817-A-32.wav,keyboard_typing,esc50:118817,1.0
glass_breaking__fsd50k__dev__179231__0163__r0__aug4.wav,glass_breaking,FSD50K,179231,freesound:179231,glass_breaking__fsd50k__dev__179231__0163__r0.wav,09b3197787e9cc54699167c047e62776c24278c64a29e46a71db9a369064444c,586a765b7f889515067f776c4b3146c51aff68425f5b39bd40bdf4aebce8a239,4,2.496848,44100,1.0,451,position_speed_gain,0.286003,1.95,1.012082,,,1.0,,,,,,0.71767264
glass_breaking__fsd50k__dev__179231__0163__r0__aug5.wav,glass_breaking,FSD50K,179231,freesound:179231,glass_breaking__fsd50k__dev__179231__0163__r0.wav,09b3197787e9cc54699167c047e62776c24278c64a29e46a71db9a369064444c,21c9f1b36fc13abb400e380a019b482f17fb4c353d8e4d74f587541faf0afa21,5,2.496848,44100,1.0,451,position_compression_background,0.223149,-5.5207,1.0,,,1.73293,22.0313,0.0423642,2-124662-A-11.wav,sea_waves,esc50:124662,1.0
glass_breaking__fsd50k__dev__179234__0145__r0__aug0.wav,glass_breaking,FSD50K,179234,freesound:179234,glass_breaking__fsd50k__dev__179234__0145__r0.wav,78f2b553497689cd12eb9bc7d16b307aa5111238b46315e4c8c30b3ece23eeba,b46f30907816a8621f1a5b0e4f139bf2c9a8f440c22a223261c26846db42b62b,0,2.806145,44100,1.0,451,position_only,0.354556,0.0,1.0,,,1.0,,,,,,0.91338308
glass_breaking__fsd50k__dev__179234__0145__r0__aug1.wav,glass_breaking,FSD50K,179234,freesound:179234,glass_breaking__fsd50k__dev__179234__0145__r0.wav,78f2b553497689cd12eb9bc7d16b307aa5111238b46315e4c8c30b3ece23eeba,884ebbb07964b5efb5f6f8d68b83c19f338adc33fd0e01322d3bb99ba576f536,1,2.806145,44100,1.0,451,position_gain,0.220842,-11.8296,1.0,,,1.0,,,,,,1.0
glass_breaking__fsd50k__dev__179234__0145__r0__aug2.wav,glass_breaking,FSD50K,179234,freesound:179234,glass_breaking__fsd50k__dev__179234__0145__r0.wav,78f2b553497689cd12eb9bc7d16b307aa5111238b46315e4c8c30b3ece23eeba,020c7f5199c717f5cfec082725a3c461211216378d6727467eb5e513745bf26d,2,2.806145,44100,1.0,451,position_gain_background,0.142602,1.031,1.0,,,1.0,20.2418,0.03646858,1-30709-B-23.wav,breathing,esc50:30709,0.81128782
glass_breaking__fsd50k__dev__179234__0145__r0__aug3.wav,glass_breaking,FSD50K,179234,freesound:179234,glass_breaking__fsd50k__dev__179234__0145__r0.wav,78f2b553497689cd12eb9bc7d16b307aa5111238b46315e4c8c30b3ece23eeba,74a8bd866c096e97ed1b7632248e0b3baf63105d98926bb07aef90b0bed8b293,3,2.806145,44100,1.0,451,position_filter_background,0.126848,0.8191,1.0,243.546,7567.165,1.0,11.8715,0.05050885,3-155642-A-11.wav,sea_waves,esc50:155642,0.90928365
glass_breaking__fsd50k__dev__179234__0145__r0__aug4.wav,glass_breaking,FSD50K,179234,freesound:179234,glass_breaking__fsd50k__dev__179234__0145__r0.wav,78f2b553497689cd12eb9bc7d16b307aa5111238b46315e4c8c30b3ece23eeba,5b88c6d3ebedf8250e167d9c59b8f1ae88c28c262fe0dab1249693491650ff87,4,2.806145,44100,1.0,451,position_speed_gain,0.273232,-10.6055,1.026818,,,1.0,,,,,,1.0
glass_breaking__fsd50k__dev__179234__0145__r0__aug5.wav,glass_breaking,FSD50K,179234,freesound:179234,glass_breaking__fsd50k__dev__179234__0145__r0.wav,78f2b553497689cd12eb9bc7d16b307aa5111238b46315e4c8c30b3ece23eeba,3078ebb3b3b304ac800cbabfbdb2039532ab20ee74c8fe03c78d53d7f344b4c2,5,2.806145,44100,1.0,451,position_compression_background,0.284488,0.0775,1.0,,,1.75317,16.8713,0.48247181,2-99796-A-32.wav,keyboard_typing,esc50:99796,0.8943198
glass_breaking__fsd50k__dev__179235__0087__r0__aug0.wav,glass_breaking,FSD50K,179235,freesound:179235,glass_breaking__fsd50k__dev__179235__0087__r0.wav,f26e3931111c58a905ea4aaba33a24a1433e342fb8677fe42c6dc12c29615243,aaf1733b078432d6dbfebb62858055edb8c30d2c810969a518b7a2cf719e8746,0,2.047868,44100,1.0,451,position_only,0.190968,0.0,1.0,,,1.0,,,,,,0.94500747
glass_breaking__fsd50k__dev__179235__0087__r0__aug1.wav,glass_breaking,FSD50K,179235,freesound:179235,glass_breaking__fsd50k__dev__179235__0087__r0.wav,f26e3931111c58a905ea4aaba33a24a1433e342fb8677fe42c6dc12c29615243,ca91d12643c94b50c0e7f16f5812ad9742f12f0906035cab91ed902fdd30ede6,1,2.047868,44100,1.0,451,position_gain,0.331914,-5.8645,1.0,,,1.0,,,,,,1.0
glass_breaking__fsd50k__dev__179235__0087__r0__aug2.wav,glass_breaking,FSD50K,179235,freesound:179235,glass_breaking__fsd50k__dev__179235__0087__r0.wav,f26e3931111c58a905ea4aaba33a24a1433e342fb8677fe42c6dc12c29615243,ef3960c718c545fd76a85d4ba51ad34b476a6c85f165519d4accf4b02fde5b25,2,2.047868,44100,1.0,451,position_gain_background,0.273317,-11.3776,1.0,,,1.0,10.1961,0.3131951,3-171041-A-38.wav,clock_tick,esc50:171041,1.0
glass_breaking__fsd50k__dev__179235__0087__r0__aug3.wav,glass_breaking,FSD50K,179235,freesound:179235,glass_breaking__fsd50k__dev__179235__0087__r0.wav,f26e3931111c58a905ea4aaba33a24a1433e342fb8677fe42c6dc12c29615243,1c86e0452e5a9d0b8d15642d1644251c002a727c07ee30ec07db58abe4694149,3,2.047868,44100,1.0,451,position_filter_background,0.352229,-2.9319,1.0,205.181,5637.255,1.0,11.2783,7863.63430358,1-36402-A-23.wav,breathing,esc50:36402,1.0
glass_breaking__fsd50k__dev__179235__0087__r0__aug4.wav,glass_breaking,FSD50K,179235,freesound:179235,glass_breaking__fsd50k__dev__179235__0087__r0.wav,f26e3931111c58a905ea4aaba33a24a1433e342fb8677fe42c6dc12c29615243,f07c6cbf2316b7c5d3ed70e073a7423ae0650748fc125c590debfe71663e0b16,4,2.047868,44100,1.0,451,position_speed_gain,0.197703,-6.9457,0.966072,,,1.0,,,,,,1.0
glass_breaking__fsd50k__dev__179235__0087__r0__aug5.wav,glass_breaking,FSD50K,179235,freesound:179235,glass_breaking__fsd50k__dev__179235__0087__r0.wav,f26e3931111c58a905ea4aaba33a24a1433e342fb8677fe42c6dc12c29615243,ecf496be73f530f8f583c5ebb943fd4ec2fa69aa4d0f18453a42575d01a1e8f6,5,2.047868,44100,1.0,451,position_compression_background,0.251188,-5.5948,1.0,,,1.44728,22.0989,0.0319592,1-28135-A-11.wav,sea_waves,esc50:28135,1.0
glass_breaking__fsd50k__dev__179240__0180__r0__aug0.wav,glass_breaking,FSD50K,179240,freesound:179240,glass_breaking__fsd50k__dev__179240__0180__r0.wav,c736049ce8ee4821f1ed6b4461513b171986bb8a04ecd8a7a02018b9d86ff576,2e927ffa02125250058695a8f7baec32177e14bda64a90b3b399d965db8d8aaa,0,1.74356,44100,1.0,451,position_only,0.149857,0.0,1.0,,,1.0,,,,,,0.95082242
glass_breaking__fsd50k__dev__179240__0180__r0__aug1.wav,glass_breaking,FSD50K,179240,freesound:179240,glass_breaking__fsd50k__dev__179240__0180__r0.wav,c736049ce8ee4821f1ed6b4461513b171986bb8a04ecd8a7a02018b9d86ff576,55b1f7a36261860d0af75c66ff1417b6254d0eacecb5d8ac8e1f868b027651f3,1,1.74356,44100,1.0,451,position_gain,0.29628,-2.2986,1.0,,,1.0,,,,,,1.0
glass_breaking__fsd50k__dev__179240__0180__r0__aug2.wav,glass_breaking,FSD50K,179240,freesound:179240,glass_breaking__fsd50k__dev__179240__0180__r0.wav,c736049ce8ee4821f1ed6b4461513b171986bb8a04ecd8a7a02018b9d86ff576,1b7c82165325491fe27bf4796444345a7161ade5cd9a276d00b581e835c6a47c,2,1.74356,44100,1.0,451,position_gain_background,0.229396,4.2767,1.0,,,1.0,22.7364,0.07691007,1-28135-A-11.wav,sea_waves,esc50:28135,0.57780505
glass_breaking__fsd50k__dev__179240__0180__r0__aug3.wav,glass_breaking,FSD50K,179240,freesound:179240,glass_breaking__fsd50k__dev__179240__0180__r0.wav,c736049ce8ee4821f1ed6b4461513b171986bb8a04ecd8a7a02018b9d86ff576,a592517ca5c090682c79c769f71657115138ffe3d4cf389806b0821360718521,3,1.74356,44100,1.0,451,position_filter_background,0.32547,-3.6984,1.0,249.822,6094.783,1.0,14.3213,0.044382,3-151269-A-35.wav,washing_machine,esc50:151269,1.0
glass_breaking__fsd50k__dev__179240__0180__r0__aug4.wav,glass_breaking,FSD50K,179240,freesound:179240,glass_breaking__fsd50k__dev__179240__0180__r0.wav,c736049ce8ee4821f1ed6b4461513b171986bb8a04ecd8a7a02018b9d86ff576,ad544d97fb35a31545e701f3c411e53d1c0e2262701615fc00ef17e0b57fb23f,4,1.74356,44100,1.0,451,position_speed_gain,0.1019,-2.4649,0.996466,,,1.0,,,,,,1.0
glass_breaking__fsd50k__dev__179240__0180__r0__aug5.wav,glass_breaking,FSD50K,179240,freesound:179240,glass_breaking__fsd50k__dev__179240__0180__r0.wav,c736049ce8ee4821f1ed6b4461513b171986bb8a04ecd8a7a02018b9d86ff576,009dfe9d123a30292b2e5d895d98adbb276ab310888a5a4ef9ca5c9084743266,5,1.74356,44100,1.0,451,position_compression_background,0.240667,-1.8898,1.0,,,1.55257,17.3536,0.12851369,1-79711-A-32.wav,keyboard_typing,esc50:79711,0.98960963
glass_breaking__fsd50k__dev__179251__0043__r0__aug0.wav,glass_breaking,FSD50K,179251,freesound:179251,glass_breaking__fsd50k__dev__179251__0043__r0.wav,367ee945f576553554f75a2ee491ad348d866d3815dd6b42104e9265ea5e0bd8,9d0fb58c2b68e55c388fa272d520588ca94c7d8c6079a5576e961036e1e10413,0,3.659206,44100,1.0,451,position_only,0.338306,0.0,1.0,,,1.0,,,,,,0.91670886
glass_breaking__fsd50k__dev__179251__0043__r0__aug1.wav,glass_breaking,FSD50K,179251,freesound:179251,glass_breaking__fsd50k__dev__179251__0043__r0.wav,367ee945f576553554f75a2ee491ad348d866d3815dd6b42104e9265ea5e0bd8,811b4b477f9a80a30172adfe2b822d96099c07a0a2cdfa3d527c2c9aace2807e,1,3.659206,44100,1.0,451,position_gain,0.231172,-9.3289,1.0,,,1.0,,,,,,1.0
glass_breaking__fsd50k__dev__179251__0043__r0__aug2.wav,glass_breaking,FSD50K,179251,freesound:179251,glass_breaking__fsd50k__dev__179251__0043__r0.wav,367ee945f576553554f75a2ee491ad348d866d3815dd6b42104e9265ea5e0bd8,388991b13eb3a6d5a9e820cdad14b2e24f05be5cecef8a57aa4c5da0d9b38c4b,2,3.659206,44100,1.0,451,position_gain_background,0.115395,-9.3485,1.0,,,1.0,14.7073,0.057304,3-164630-A-11.wav,sea_waves,esc50:164630,1.0
glass_breaking__fsd50k__dev__179251__0043__r0__aug3.wav,glass_breaking,FSD50K,179251,freesound:179251,glass_breaking__fsd50k__dev__179251__0043__r0.wav,367ee945f576553554f75a2ee491ad348d866d3815dd6b42104e9265ea5e0bd8,6e5a3e3af4eff04d2559654a73068306ef618cd31bb36ccd495e53b93b7e65a0,3,3.659206,44100,1.0,451,position_filter_background,0.273506,1.9744,1.0,124.994,6272.947,1.0,19.2693,0.06533902,1-27166-A-35.wav,washing_machine,esc50:27166,0.97978358
glass_breaking__fsd50k__dev__179251__0043__r0__aug4.wav,glass_breaking,FSD50K,179251,freesound:179251,glass_breaking__fsd50k__dev__179251__0043__r0.wav,367ee945f576553554f75a2ee491ad348d866d3815dd6b42104e9265ea5e0bd8,4e51df18cf292a044b89a899e9c38fe2e54fc40b05fb72639f68c2842dc3d748,4,3.659206,44100,1.0,451,position_speed_gain,0.243424,0.9501,0.968954,,,1.0,,,,,,1.0
glass_breaking__fsd50k__dev__179251__0043__r0__aug5.wav,glass_breaking,FSD50K,179251,freesound:179251,glass_breaking__fsd50k__dev__179251__0043__r0.wav,367ee945f576553554f75a2ee491ad348d866d3815dd6b42104e9265ea5e0bd8,badb8ae4002a8e6bdb802e0b2410ed5fb603ebebe6337dd6cbcf7b73ed2a4884,5,3.659206,44100,1.0,451,position_compression_background,0.347222,-5.9156,1.0,,,1.43727,14.7771,0.07246368,2-54962-A-23.wav,breathing,esc50:54962,1.0
glass_breaking__fsd50k__dev__194682__0086__r0__aug0.wav,glass_breaking,FSD50K,194682,freesound:194682,glass_breaking__fsd50k__dev__194682__0086__r0.wav,519339be7cb2bb568af7d27a628ffae194e459fd1fdf35540a5ab429ba14a5be,7cc79bfda26c101ac13e949db5ce87e9738ac49b7fbfb8a4257d041c03d68f21,0,0.680975,44100,1.0,451,position_only,0.347747,0.0,1.0,,,1.0,,,,,,1.0
glass_breaking__fsd50k__dev__194682__0086__r0__aug1.wav,glass_breaking,FSD50K,194682,freesound:194682,glass_breaking__fsd50k__dev__194682__0086__r0.wav,519339be7cb2bb568af7d27a628ffae194e459fd1fdf35540a5ab429ba14a5be,8a7ada73ed0d0140a3b87731b6f16f4283670ee43ad1c500f859e43213ba1b86,1,0.680975,44100,1.0,451,position_gain,0.218681,-3.4733,1.0,,,1.0,,,,,,1.0
glass_breaking__fsd50k__dev__194682__0086__r0__aug2.wav,glass_breaking,FSD50K,194682,freesound:194682,glass_breaking__fsd50k__dev__194682__0086__r0.wav,519339be7cb2bb568af7d27a628ffae194e459fd1fdf35540a5ab429ba14a5be,62753cd3693355e8e79123584bf2facc790f748c09ef82ab2b64b4beeafdb6f4,2,0.680975,44100,1.0,451,position_gain_background,0.10866,-11.8811,1.0,,,1.0,14.282,0.09977144,3-143933-A-38.wav,clock_tick,esc50:143933,1.0
glass_breaking__fsd50k__dev__194682__0086__r0__aug3.wav,glass_breaking,FSD50K,194682,freesound:194682,glass_breaking__fsd50k__dev__194682__0086__r0.wav,519339be7cb2bb568af7d27a628ffae194e459fd1fdf35540a5ab429ba14a5be,42cdcbc1555cf94619d2ef27fd3a88dda74edc3b95d772d70ad9051d69700a8d,3,0.680975,44100,1.0,451,position_filter_background,0.122443,-4.8673,1.0,82.284,6790.867,1.0,12.2194,0.27659396,3-151206-A-23.wav,breathing,esc50:151206,1.0
glass_breaking__fsd50k__dev__194682__0086__r0__aug4.wav,glass_breaking,FSD50K,194682,freesound:194682,glass_breaking__fsd50k__dev__194682__0086__r0.wav,519339be7cb2bb568af7d27a628ffae194e459fd1fdf35540a5ab429ba14a5be,37df9e8d95fdafc5957d91a33934d5c4dafc50d9746928f32f3d460ce8a113bd,4,0.680975,44100,1.0,451,position_speed_gain,0.145976,-10.4717,1.03012,,,1.0,,,,,,1.0
glass_breaking__fsd50k__dev__194682__0086__r0__aug5.wav,glass_breaking,FSD50K,194682,freesound:194682,glass_breaking__fsd50k__dev__194682__0086__r0.wav,519339be7cb2bb568af7d27a628ffae194e459fd1fdf35540a5ab429ba14a5be,571db698bf91c17deab54ac24dc5e085143a40b8c1e668cbc8f7b406f72dd5f3,5,0.680975,44100,1.0,451,position_compression_background,0.121742,-3.2007,1.0,,,1.63838,10.5504,0.57729544,2-127108-A-38.wav,clock_tick,esc50:127108,1.0
glass_breaking__fsd50k__dev__194683__0119__r0__aug0.wav,glass_breaking,FSD50K,194683,freesound:194683,glass_breaking__fsd50k__dev__194683__0119__r0.wav,4a106219e492cc116b328c025f6669f8071c08bcd0cbc5ffa59683d3f0846d44,5fc4bdcd1ef20c5ad60aacdf93008a741c747fb35d1afc877ea2b0f30e1c4bca,0,0.411587,44100,1.0,451,position_only,0.168086,0.0,1.0,,,1.0,,,,,,1.0
glass_breaking__fsd50k__dev__194683__0119__r0__aug1.wav,glass_breaking,FSD50K,194683,freesound:194683,glass_breaking__fsd50k__dev__194683__0119__r0.wav,4a106219e492cc116b328c025f6669f8071c08bcd0cbc5ffa59683d3f0846d44,93d6f1647a632a9f4a972bf872d5c6995ef4b6783607d96ae1121144dc66f9a5,1,0.411587,44100,1.0,451,position_gain,0.206833,-2.093,1.0,,,1.0,,,,,,1.0
glass_breaking__fsd50k__dev__194683__0119__r0__aug2.wav,glass_breaking,FSD50K,194683,freesound:194683,glass_breaking__fsd50k__dev__194683__0119__r0.wav,4a106219e492cc116b328c025f6669f8071c08bcd0cbc5ffa59683d3f0846d44,bb277cef6b3320aed100faf94b41c12c395d10c750c26fc765e33f705212918c,2,0.411587,44100,1.0,451,position_gain_background,0.27682,-4.8481,1.0,,,1.0,16.4179,0.18126596,3-182710-B-35.wav,washing_machine,esc50:182710,1.0
glass_breaking__fsd50k__dev__194683__0119__r0__aug3.wav,glass_breaking,FSD50K,194683,freesound:194683,glass_breaking__fsd50k__dev__194683__0119__r0.wav,4a106219e492cc116b328c025f6669f8071c08bcd0cbc5ffa59683d3f0846d44,58c322d73f38a836d885c9cbae63beea2de973e8c4fc9c9e370f69312ae34506,3,0.411587,44100,1.0,451,position_filter_background,0.222336,2.3093,1.0,81.506,6800.158,1.0,14.7079,1.34341883,3-143933-A-38.wav,clock_tick,esc50:143933,0.90760994
glass_breaking__fsd50k__dev__194683__0119__r0__aug4.wav,glass_breaking,FSD50K,194683,freesound:194683,glass_breaking__fsd50k__dev__194683__0119__r0.wav,4a106219e492cc116b328c025f6669f8071c08bcd0cbc5ffa59683d3f0846d44,da0e1e270837e5a17ef37376723f87c757115f1cbef52ae1f5e0a8b6b4e84fb4,4,0.411587,44100,1.0,451,position_speed_gain,0.102208,-11.2073,1.031904,,,1.0,,,,,,1.0
glass_breaking__fsd50k__dev__194683__0119__r0__aug5.wav,glass_breaking,FSD50K,194683,freesound:194683,glass_breaking__fsd50k__dev__194683__0119__r0.wav,4a106219e492cc116b328c025f6669f8071c08bcd0cbc5ffa59683d3f0846d44,57f12ba3bfb06a64b3087682c1431e48baf4482163c88f26ce3c77ced264987f,5,0.411587,44100,1.0,451,position_compression_background,0.345585,-3.5761,1.0,,,1.47224,11.5385,0.49503574,3-142593-A-38.wav,clock_tick,esc50:142593,1.0
glass_breaking__fsd50k__dev__194684__0144__r0__aug0.wav,glass_breaking,FSD50K,194684,freesound:194684,glass_breaking__fsd50k__dev__194684__0144__r0.wav,7fa083ea187d0a3b53a45c01c19c762d3bc482495a9b7915129c3ee771e1931c,dee928f2e9fc2e7952f4e3d10941a850a9a543d663d06c03172673a4f80ddad3,0,0.336757,44100,1.0,451,position_only,0.225926,0.0,1.0,,,1.0,,,,,,0.8925584
glass_breaking__fsd50k__dev__194684__0144__r0__aug1.wav,glass_breaking,FSD50K,194684,freesound:194684,glass_breaking__fsd50k__dev__194684__0144__r0.wav,7fa083ea187d0a3b53a45c01c19c762d3bc482495a9b7915129c3ee771e1931c,f4bf10652424d11da567426d2496c18e64c8b5581bd285800a13243c8b64b6e3,1,0.336757,44100,1.0,451,position_gain,0.164714,4.0869,1.0,,,1.0,,,,,,0.5575572
glass_breaking__fsd50k__dev__194684__0144__r0__aug2.wav,glass_breaking,FSD50K,194684,freesound:194684,glass_breaking__fsd50k__dev__194684__0144__r0.wav,7fa083ea187d0a3b53a45c01c19c762d3bc482495a9b7915129c3ee771e1931c,8086b45272896f642bdc16830a1d6131caa14134780ed13acc319163efb3b6a4,2,0.336757,44100,1.0,451,position_gain_background,0.146472,2.8564,1.0,,,1.0,13.2572,0.17988898,3-151273-A-35.wav,washing_machine,esc50:151273,0.63341155
glass_breaking__fsd50k__dev__194684__0144__r0__aug3.wav,glass_breaking,FSD50K,194684,freesound:194684,glass_breaking__fsd50k__dev__194684__0144__r0.wav,7fa083ea187d0a3b53a45c01c19c762d3bc482495a9b7915129c3ee771e1931c,00eb3ef515f27d253a881df26d7c280f7cdd936504e2d9f534c41879216d9466,3,0.336757,44100,1.0,451,position_filter_background,0.281908,2.2959,1.0,242.473,7194.367,1.0,16.6463,0.39273336,3-155570-A-32.wav,keyboard_typing,esc50:155570,0.59998022
glass_breaking__fsd50k__dev__194684__0144__r0__aug4.wav,glass_breaking,FSD50K,194684,freesound:194684,glass_breaking__fsd50k__dev__194684__0144__r0.wav,7fa083ea187d0a3b53a45c01c19c762d3bc482495a9b7915129c3ee771e1931c,8aa489a07221a2a760d2f1bead7d84c0f45e8dff0e92c4b97e5e350a828b05e0,4,0.336757,44100,1.0,451,position_speed_gain,0.299724,-0.4726,0.962087,,,1.0,,,,,,0.89308713
glass_breaking__fsd50k__dev__194684__0144__r0__aug5.wav,glass_breaking,FSD50K,194684,freesound:194684,glass_breaking__fsd50k__dev__194684__0144__r0.wav,7fa083ea187d0a3b53a45c01c19c762d3bc482495a9b7915129c3ee771e1931c,c3c5ce3d89dce22a399486cd381ede3e133c0bfaeca66b5ae203b2758eb02106,5,0.336757,44100,1.0,451,position_compression_background,0.336809,-8.8902,1.0,,,1.37077,10.7799,0.06996833,3-187710-A-11.wav,sea_waves,esc50:187710,1.0
glass_breaking__fsd50k__dev__194685__0042__r0__aug0.wav,glass_breaking,FSD50K,194685,freesound:194685,glass_breaking__fsd50k__dev__194685__0042__r0.wav,ba3b391a41a362223faf0075462b7378d5b9e49d525694b7897a31e97ccdc45a,a5d949cf3d61d0984c9f8c8d7ef93c6706c026fad913d8c079aca8ca739ef25a,0,0.566236,44100,1.0,451,position_only,0.316201,0.0,1.0,,,1.0,,,,,,0.89125094
glass_breaking__fsd50k__dev__194685__0042__r0__aug1.wav,glass_breaking,FSD50K,194685,freesound:194685,glass_breaking__fsd50k__dev__194685__0042__r0.wav,ba3b391a41a362223faf0075462b7378d5b9e49d525694b7897a31e97ccdc45a,04fc57fbb6c395226796d5eca371c3081e423d5b6bb95a16188dc2a7120e956d,1,0.566236,44100,1.0,451,position_gain,0.167093,3.5125,1.0,,,1.0,,,,,,0.59480564
glass_breaking__fsd50k__dev__194685__0042__r0__aug2.wav,glass_breaking,FSD50K,194685,freesound:194685,glass_breaking__fsd50k__dev__194685__0042__r0.wav,ba3b391a41a362223faf0075462b7378d5b9e49d525694b7897a31e97ccdc45a,a2948e44a969a75230f89064c49d2e943b62494282d073a3231265db791bb2e0,2,0.566236,44100,1.0,451,position_gain_background,0.104121,3.4626,1.0,,,1.0,24.1806,0.74131344,1-137-A-32.wav,keyboard_typing,esc50:137,0.59591365
glass_breaking__fsd50k__dev__194685__0042__r0__aug3.wav,glass_breaking,FSD50K,194685,freesound:194685,glass_breaking__fsd50k__dev__194685__0042__r0.wav,ba3b391a41a362223faf0075462b7378d5b9e49d525694b7897a31e97ccdc45a,4c75e3ca0fb646199300564b4ecdf0af83798f7f039fa3db12d965ac3b55b8f2,3,0.566236,44100,1.0,451,position_filter_background,0.28463,-6.001,1.0,231.152,7549.337,1.0,15.6238,0.13243354,2-137162-A-11.wav,sea_waves,esc50:137162,1.0
glass_breaking__fsd50k__dev__194685__0042__r0__aug4.wav,glass_breaking,FSD50K,194685,freesound:194685,glass_breaking__fsd50k__dev__194685__0042__r0.wav,ba3b391a41a362223faf0075462b7378d5b9e49d525694b7897a31e97ccdc45a,d3e2d30d7156870f747fc79110ff2e735e7d165937d6dea248b369377407474f,4,0.566236,44100,1.0,451,position_speed_gain,0.187333,-11.2782,1.006795,,,1.0,,,,,,1.0
glass_breaking__fsd50k__dev__194685__0042__r0__aug5.wav,glass_breaking,FSD50K,194685,freesound:194685,glass_breaking__fsd50k__dev__194685__0042__r0.wav,ba3b391a41a362223faf0075462b7378d5b9e49d525694b7897a31e97ccdc45a,b96445b62f5e689b2dcfa066a3e7d32bb33050456ad350b612209a95a1541250,5,0.566236,44100,1.0,451,position_compression_background,0.30346,-6.8737,1.0,,,1.60186,22.0381,0.03419509,1-30709-B-23.wav,breathing,esc50:30709,1.0
glass_breaking__fsd50k__dev__195624__0030__r0__aug0.wav,glass_breaking,FSD50K,195624,freesound:195624,glass_breaking__fsd50k__dev__195624__0030__r0.wav,b20e824f81db48f29fce5f5b0a25a69da8c0c3def11fb521ab0e81dcec931e20,6f78a390886d6662040fef8aff6a25264ebfd015ec3a934ba1cb5ae6fe65ad43,0,0.591179,44100,1.0,451,position_only,0.250986,0.0,1.0,,,1.0,,,,,,1.0
glass_breaking__fsd50k__dev__195624__0030__r0__aug1.wav,glass_breaking,FSD50K,195624,freesound:195624,glass_breaking__fsd50k__dev__195624__0030__r0.wav,b20e824f81db48f29fce5f5b0a25a69da8c0c3def11fb521ab0e81dcec931e20,f718e0793f1cb0ae7fb82ce36018f4f32d4a262a0b716bf800a68a9670db0c76,1,0.591179,44100,1.0,451,position_gain,0.300252,-6.4492,1.0,,,1.0,,,,,,1.0
glass_breaking__fsd50k__dev__195624__0030__r0__aug2.wav,glass_breaking,FSD50K,195624,freesound:195624,glass_breaking__fsd50k__dev__195624__0030__r0.wav,b20e824f81db48f29fce5f5b0a25a69da8c0c3def11fb521ab0e81dcec931e20,14b03fe213e6b779baf41a0361a46183d054512d69cb3794bb780f3baf14b184,2,0.591179,44100,1.0,451,position_gain_background,0.239389,-5.9993,1.0,,,1.0,14.5261,0.00770721,3-155642-A-11.wav,sea_waves,esc50:155642,1.0
glass_breaking__fsd50k__dev__195624__0030__r0__aug3.wav,glass_breaking,FSD50K,195624,freesound:195624,glass_breaking__fsd50k__dev__195624__0030__r0.wav,b20e824f81db48f29fce5f5b0a25a69da8c0c3def11fb521ab0e81dcec931e20,0be3df842da946d72cd0f01af69bba03817e8e2c0517bfc00aa5e62ecb2e6d0d,3,0.591179,44100,1.0,451,position_filter_background,0.358274,4.4072,1.0,163.626,7358.563,1.0,14.8017,0.01414096,1-30709-B-23.wav,breathing,esc50:30709,1.0
glass_breaking__fsd50k__dev__195624__0030__r0__aug4.wav,glass_breaking,FSD50K,195624,freesound:195624,glass_breaking__fsd50k__dev__195624__0030__r0.wav,b20e824f81db48f29fce5f5b0a25a69da8c0c3def11fb521ab0e81dcec931e20,f892cb390412b4123239e91ef737d5eb90743914005333edb32fc554dea64d3b,4,0.591179,44100,1.0,451,position_speed_gain,0.264237,-11.3745,1.027796,,,1.0,,,,,,1.0
glass_breaking__fsd50k__dev__195624__0030__r0__aug5.wav,glass_breaking,FSD50K,195624,freesound:195624,glass_breaking__fsd50k__dev__195624__0030__r0.wav,b20e824f81db48f29fce5f5b0a25a69da8c0c3def11fb521ab0e81dcec931e20,5366d37700da8725d514da5e1a311bc02b656957294fee7a2486302858103395,5,0.591179,44100,1.0,451,position_compression_background,0.190918,-3.2111,1.0,,,1.28734,19.0635,0.00411079,2-102567-A-35.wav,washing_machine,esc50:102567,1.0
glass_breaking__fsd50k__dev__203368__0162__r0__aug0.wav,glass_breaking,FSD50K,203368,freesound:203368,glass_breaking__fsd50k__dev__203368__0162__r0.wav,99cc9bd81970e0ea6417cd45c5c4f38c0a1371d7cdbc8b509fb2906ef9896ca6,b6cb09ce503c6f1ab569d3dbda39170c914da7747870fdd411231f4b66ff50ee,0,0.012494,44100,1.0,451,position_only,0.194082,0.0,1.0,,,1.0,,,,,,1.0
glass_breaking__fsd50k__dev__203368__0162__r0__aug1.wav,glass_breaking,FSD50K,203368,freesound:203368,glass_breaking__fsd50k__dev__203368__0162__r0.wav,99cc9bd81970e0ea6417cd45c5c4f38c0a1371d7cdbc8b509fb2906ef9896ca6,4362fd7aadf7e5d7bb3e87b5934eb615f511de9f5b630edd3069b3ed713c028b,1,0.012494,44100,1.0,451,position_gain,0.223065,-10.2248,1.0,,,1.0,,,,,,1.0
glass_breaking__fsd50k__dev__203368__0162__r0__aug2.wav,glass_breaking,FSD50K,203368,freesound:203368,glass_breaking__fsd50k__dev__203368__0162__r0.wav,99cc9bd81970e0ea6417cd45c5c4f38c0a1371d7cdbc8b509fb2906ef9896ca6,557e6ed26d564805f8a82d4618a38ec069deaec52441c2666e5655d66283f466,2,0.012494,44100,1.0,451,position_gain_background,0.176537,-1.3717,1.0,,,1.0,11.2419,14767.38252479,1-36402-A-23.wav,breathing,esc50:36402,1.0
glass_breaking__fsd50k__dev__203368__0162__r0__aug3.wav,glass_breaking,FSD50K,203368,freesound:203368,glass_breaking__fsd50k__dev__203368__0162__r0.wav,99cc9bd81970e0ea6417cd45c5c4f38c0a1371d7cdbc8b509fb2906ef9896ca6,367c537c0fa9de87a9975076396c7fae7277bfa3d62540c7656c6fafb7d30361,3,0.012494,44100,1.0,451,position_filter_background,0.183191,-9.7826,1.0,126.131,7386.208,1.0,13.8541,0.01552753,1-21896-A-35.wav,washing_machine,esc50:21896,1.0
glass_breaking__fsd50k__dev__203368__0162__r0__aug4.wav,glass_breaking,FSD50K,203368,freesound:203368,glass_breaking__fsd50k__dev__203368__0162__r0.wav,99cc9bd81970e0ea6417cd45c5c4f38c0a1371d7cdbc8b509fb2906ef9896ca6,5b354cfbfb8f0297d434ec076d2b6704ce200cf22ab05bbb4cb8e3e573add2b9,4,0.012494,44100,1.0,451,position_speed_gain,0.335115,4.5735,1.02581,,,1.0,,,,,,0.80257597
glass_breaking__fsd50k__dev__203368__0162__r0__aug5.wav,glass_breaking,FSD50K,203368,freesound:203368,glass_breaking__fsd50k__dev__203368__0162__r0.wav,99cc9bd81970e0ea6417cd45c5c4f38c0a1371d7cdbc8b509fb2906ef9896ca6,b2bcea0cd838f21c6b93b9e2e076d1a3226a112bb6275588a87bf232999e7b54,5,0.012494,44100,1.0,451,position_compression_background,0.320981,1.4174,1.0,,,1.29336,19.7216,0.52791218,3-171012-A-38.wav,clock_tick,esc50:171012,1.0
glass_breaking__fsd50k__dev__203369__0179__r0__aug0.wav,glass_breaking,FSD50K,203369,freesound:203369,glass_breaking__fsd50k__dev__203369__0179__r0.wav,14d02de8b6afe230e8a616d041124f9966517f67d67b4d3e2b13c51f64953546,e3e3c796531f387da5f9627c94c2a48f4c5ef41af628a30c4fa8651f459c5499,0,0.047415,44100,1.0,451,position_only,0.288913,0.0,1.0,,,1.0,,,,,,1.0
glass_breaking__fsd50k__dev__203369__0179__r0__aug1.wav,glass_breaking,FSD50K,203369,freesound:203369,glass_breaking__fsd50k__dev__203369__0179__r0.wav,14d02de8b6afe230e8a616d041124f9966517f67d67b4d3e2b13c51f64953546,b778fafdb9faa05568867c40d1280399bba23eb1a9721a5447299dd9c2c0d5ff,1,0.047415,44100,1.0,451,position_gain,0.229672,-4.5117,1.0,,,1.0,,,,,,1.0
glass_breaking__fsd50k__dev__203369__0179__r0__aug2.wav,glass_breaking,FSD50K,203369,freesound:203369,glass_breaking__fsd50k__dev__203369__0179__r0.wav,14d02de8b6afe230e8a616d041124f9966517f67d67b4d3e2b13c51f64953546,647eb7160aeea0ca0355bee4b0d63fbbd22b679f93f525a3b5aae36d600c44db,2,0.047415,44100,1.0,451,position_gain_background,0.33181,-8.4282,1.0,,,1.0,20.6176,0.28073105,2-95567-A-23.wav,breathing,esc50:95567,1.0
glass_breaking__fsd50k__dev__203369__0179__r0__aug3.wav,glass_breaking,FSD50K,203369,freesound:203369,glass_breaking__fsd50k__dev__203369__0179__r0.wav,14d02de8b6afe230e8a616d041124f9966517f67d67b4d3e2b13c51f64953546,b6360f26daea30152130b780d9946b71e1fe380614184bf732dfa51cb84d9323,3,0.047415,44100,1.0,451,position_filter_background,0.326931,-9.4162,1.0,148.162,7318.958,1.0,17.0216,0.01738138,3-155642-A-11.wav,sea_waves,esc50:155642,1.0
glass_breaking__fsd50k__dev__203369__0179__r0__aug4.wav,glass_breaking,FSD50K,203369,freesound:203369,glass_breaking__fsd50k__dev__203369__0179__r0.wav,14d02de8b6afe230e8a616d041124f9966517f67d67b4d3e2b13c51f64953546,dd2baf6e734b5f45b8a987a7b0188a52d2ed08d6240946f6ff6da8319080df02,4,0.047415,44100,1.0,451,position_speed_gain,0.132119,-0.7449,1.003542,,,1.0,,,,,,1.0
glass_breaking__fsd50k__dev__203369__0179__r0__aug5.wav,glass_breaking,FSD50K,203369,freesound:203369,glass_breaking__fsd50k__dev__203369__0179__r0.wav,14d02de8b6afe230e8a616d041124f9966517f67d67b4d3e2b13c51f64953546,c0ac3a4a2996e985453c466f91459cf663e15911c189d30c4f0e18eec33d7a51,5,0.047415,44100,1.0,451,position_compression_background,0.337797,1.0004,1.0,,,1.23244,23.8928,0.43114348,2-88724-A-38.wav,clock_tick,esc50:88724,1.0
glass_breaking__fsd50k__dev__203370__0114__r0__aug0.wav,glass_breaking,FSD50K,203370,freesound:203370,glass_breaking__fsd50k__dev__203370__0114__r0.wav,ff96b6e7b3ca847fa439bf50880140e8442a476b2be31711665d7866936c8023,23b1fbe3ff2c61029c081fe803910eab216e6012cf628e159b8f819230315a2d,0,0.02746,44100,1.0,451,position_only,0.249074,0.0,1.0,,,1.0,,,,,,1.0
glass_breaking__fsd50k__dev__203370__0114__r0__aug1.wav,glass_breaking,FSD50K,203370,freesound:203370,glass_breaking__fsd50k__dev__203370__0114__r0.wav,ff96b6e7b3ca847fa439bf50880140e8442a476b2be31711665d7866936c8023,368e985330ba7ddf304af41f881e258f47c5495ae35b3f76179125bb24dfc7b9,1,0.02746,44100,1.0,451,position_gain,0.147768,-5.5072,1.0,,,1.0,,,,,,1.0
glass_breaking__fsd50k__dev__203370__0114__r0__aug2.wav,glass_breaking,FSD50K,203370,freesound:203370,glass_breaking__fsd50k__dev__203370__0114__r0.wav,ff96b6e7b3ca847fa439bf50880140e8442a476b2be31711665d7866936c8023,1131317dd5186b11a57704be1af27b229ff1b11af7996be5452781211d219f9d,2,0.02746,44100,1.0,451,position_gain_background,0.284233,-10.9642,1.0,,,1.0,13.3204,0.01949255,2-137162-A-11.wav,sea_waves,esc50:137162,1.0
glass_breaking__fsd50k__dev__203370__0114__r0__aug3.wav,glass_breaking,FSD50K,203370,freesound:203370,glass_breaking__fsd50k__dev__203370__0114__r0.wav,ff96b6e7b3ca847fa439bf50880140e8442a476b2be31711665d7866936c8023,e44556756cfe384d18d3e5d685d76d39d46131c7d823cbcbd713f2576748155a,3,0.02746,44100,1.0,451,position_filter_background,0.12858,-8.4386,1.0,106.342,6971.79,1.0,15.9652,0.00821624,1-23996-B-35.wav,washing_machine,esc50:23996,1.0
glass_breaking__fsd50k__dev__203370__0114__r0__aug4.wav,glass_breaking,FSD50K,203370,freesound:203370,glass_breaking__fsd50k__dev__203370__0114__r0.wav,ff96b6e7b3ca847fa439bf50880140e8442a476b2be31711665d7866936c8023,f64fedd26845c2ccdc1ca16bc8f963f32252e5d7ed097068ca50ad11a9514ac1,4,0.02746,44100,1.0,451,position_speed_gain,0.330284,-8.0684,0.982951,,,1.0,,,,,,1.0
glass_breaking__fsd50k__dev__203370__0114__r0__aug5.wav,glass_breaking,FSD50K,203370,freesound:203370,glass_breaking__fsd50k__dev__203370__0114__r0.wav,ff96b6e7b3ca847fa439bf50880140e8442a476b2be31711665d7866936c8023,2c60be978efa4e073ca1568d1effa83498e2b7937bc7880ee56ddab8a33bb808,5,0.02746,44100,1.0,451,position_compression_background,0.114102,4.0077,1.0,,,1.60921,22.5642,0.10342092,1-42139-A-38.wav,clock_tick,esc50:42139,0.9846031
glass_breaking__fsd50k__dev__203372__0140__r0__aug0.wav,glass_breaking,FSD50K,203372,freesound:203372,glass_breaking__fsd50k__dev__203372__0140__r0.wav,4bfc9c83aa67ca9299aa2cc98ccbe0e48a12104705b2834be540392acf573a75,c9f3d3e2573015ea64a31210d184160c92a5ba5144ac205625a874c3026c9fbc,0,0.022472,44100,1.0,451,position_only,0.304418,0.0,1.0,,,1.0,,,,,,1.0
glass_breaking__fsd50k__dev__203372__0140__r0__aug1.wav,glass_breaking,FSD50K,203372,freesound:203372,glass_breaking__fsd50k__dev__203372__0140__r0.wav,4bfc9c83aa67ca9299aa2cc98ccbe0e48a12104705b2834be540392acf573a75,7a5b4db8dc4778a2c048f770c4d6ff4db3d933e639e3115c3609ac327194006b,1,0.022472,44100,1.0,451,position_gain,0.21858,-8.808,1.0,,,1.0,,,,,,1.0
glass_breaking__fsd50k__dev__203372__0140__r0__aug2.wav,glass_breaking,FSD50K,203372,freesound:203372,glass_breaking__fsd50k__dev__203372__0140__r0.wav,4bfc9c83aa67ca9299aa2cc98ccbe0e48a12104705b2834be540392acf573a75,7db9251fdee2324571caa94e0d67ddf1d60d4029982a592d51c7cc56e1ac272b,2,0.022472,44100,1.0,451,position_gain_background,0.27021,-7.4839,1.0,,,1.0,21.9533,0.01055747,2-102567-D-35.wav,washing_machine,esc50:102567,1.0
glass_breaking__fsd50k__dev__203372__0140__r0__aug3.wav,glass_breaking,FSD50K,203372,freesound:203372,glass_breaking__fsd50k__dev__203372__0140__r0.wav,4bfc9c83aa67ca9299aa2cc98ccbe0e48a12104705b2834be540392acf573a75,6487dc1ee62cc33fa35b1b1dfab56f26b5121e2743808a76e3973902ae77af6a,3,0.022472,44100,1.0,451,position_filter_background,0.280861,-8.3265,1.0,125.724,7706.394,1.0,14.9641,0.03148475,1-43760-A-11.wav,sea_waves,esc50:43760,1.0
glass_breaking__fsd50k__dev__203372__0140__r0__aug4.wav,glass_breaking,FSD50K,203372,freesound:203372,glass_breaking__fsd50k__dev__203372__0140__r0.wav,4bfc9c83aa67ca9299aa2cc98ccbe0e48a12104705b2834be540392acf573a75,d164f7d838a201c070fcda724285266b9242b97a517f46dfbbad799d0e4b1aad,4,0.022472,44100,1.0,451,position_speed_gain,0.326515,-11.2214,0.96503,,,1.0,,,,,,1.0
glass_breaking__fsd50k__dev__203372__0140__r0__aug5.wav,glass_breaking,FSD50K,203372,freesound:203372,glass_breaking__fsd50k__dev__203372__0140__r0.wav,4bfc9c83aa67ca9299aa2cc98ccbe0e48a12104705b2834be540392acf573a75,e9f2f4bcd63624071759453a17754b361774f842e99ab9d4ae72dfe21e9f5192,5,0.022472,44100,1.0,451,position_compression_background,0.203363,2.4546,1.0,,,1.6892,22.6641,0.06936747,1-30709-B-23.wav,breathing,esc50:30709,0.90713382
glass_breaking__fsd50k__dev__203373__0035__r0__aug0.wav,glass_breaking,FSD50K,203373,freesound:203373,glass_breaking__fsd50k__dev__203373__0035__r0.wav,22e2a6a31dfce502ffc746abe04d80f7e2e9c009abd0a078219197a669cb3cc7,308f0a11ed627761ab7b98790fdc55a05c2ec4f29e36e82728ba5bb58546b1b1,0,0.167143,44100,1.0,451,position_only,0.112935,0.0,1.0,,,1.0,,,,,,1.0
glass_breaking__fsd50k__dev__203373__0035__r0__aug1.wav,glass_breaking,FSD50K,203373,freesound:203373,glass_breaking__fsd50k__dev__203373__0035__r0.wav,22e2a6a31dfce502ffc746abe04d80f7e2e9c009abd0a078219197a669cb3cc7,707c31317368a6dd584449e901a6e1594c0e6c0a75e179cea5ca7675d61cd129,1,0.167143,44100,1.0,451,position_gain,0.203992,0.4479,1.0,,,1.0,,,,,,1.0
glass_breaking__fsd50k__dev__203373__0035__r0__aug2.wav,glass_breaking,FSD50K,203373,freesound:203373,glass_breaking__fsd50k__dev__203373__0035__r0.wav,22e2a6a31dfce502ffc746abe04d80f7e2e9c009abd0a078219197a669cb3cc7,ecf6d5c40aa64c329b71c365acee37be17299b7ccf7b19420c81420799e01c27,2,0.167143,44100,1.0,451,position_gain_background,0.176374,-4.4358,1.0,,,1.0,15.2056,0.72283326,1-36397-A-23.wav,breathing,esc50:36397,1.0
glass_breaking__fsd50k__dev__203373__0035__r0__aug3.wav,glass_breaking,FSD50K,203373,freesound:203373,glass_breaking__fsd50k__dev__203373__0035__r0.wav,22e2a6a31dfce502ffc746abe04d80f7e2e9c009abd0a078219197a669cb3cc7,0585a331fa932d170210608b346d30b7506f9e19e0a949ad3df525cfbd69e105,3,0.167143,44100,1.0,451,position_filter_background,0.256657,0.2408,1.0,97.964,6934.58,1.0,22.9287,0.37381339,2-95567-A-23.wav,breathing,esc50:95567,1.0
glass_breaking__fsd50k__dev__203373__0035__r0__aug4.wav,glass_breaking,FSD50K,203373,freesound:203373,glass_breaking__fsd50k__dev__203373__0035__r0.wav,22e2a6a31dfce502ffc746abe04d80f7e2e9c009abd0a078219197a669cb3cc7,5678b48e1445fbcd411bdd85bfffc5f8c0bda5982ee16c680d744327548c7c45,4,0.167143,44100,1.0,451,position_speed_gain,0.189087,-7.2684,1.036129,,,1.0,,,,,,1.0
glass_breaking__fsd50k__dev__203373__0035__r0__aug5.wav,glass_breaking,FSD50K,203373,freesound:203373,glass_breaking__fsd50k__dev__203373__0035__r0.wav,22e2a6a31dfce502ffc746abe04d80f7e2e9c009abd0a078219197a669cb3cc7,be482247e181095340301035c01bef08935b20ddee1508c6fa25ca8502ab53d2,5,0.167143,44100,1.0,451,position_compression_background,0.206259,-9.4705,1.0,,,1.62576,13.5351,0.18706014,3-156391-A-35.wav,washing_machine,esc50:156391,1.0
glass_breaking__fsd50k__dev__203374__0080__r0__aug0.wav,glass_breaking,FSD50K,203374,freesound:203374,glass_breaking__fsd50k__dev__203374__0080__r0.wav,f177d0094bcf79c4fcfc0414b81a7ba96c08758cc14b72e26092e088f593fb3c,038b73f5bb8e20ff2e4aa46771d84dc895983a3a2d023931d1c33df51565593c,0,0.052404,44100,1.0,451,position_only,0.155191,0.0,1.0,,,1.0,,,,,,1.0
glass_breaking__fsd50k__dev__203374__0080__r0__aug1.wav,glass_breaking,FSD50K,203374,freesound:203374,glass_breaking__fsd50k__dev__203374__0080__r0.wav,f177d0094bcf79c4fcfc0414b81a7ba96c08758cc14b72e26092e088f593fb3c,a236f366b650657a4bc1619c67a5734c8e40046d194c2b09a6d47901408b5d29,1,0.052404,44100,1.0,451,position_gain,0.171836,1.5507,1.0,,,1.0,,,,,,1.0
glass_breaking__fsd50k__dev__203374__0080__r0__aug2.wav,glass_breaking,FSD50K,203374,freesound:203374,glass_breaking__fsd50k__dev__203374__0080__r0.wav,f177d0094bcf79c4fcfc0414b81a7ba96c08758cc14b72e26092e088f593fb3c,abbfad040de02d7edb803d4bba08b54767b625d2839ba43d339a8894639144b9,2,0.052404,44100,1.0,451,position_gain_background,0.182917,-8.373,1.0,,,1.0,19.0212,0.30831193,3-171012-A-38.wav,clock_tick,esc50:171012,1.0
glass_breaking__fsd50k__dev__203374__0080__r0__aug3.wav,glass_breaking,FSD50K,203374,freesound:203374,glass_breaking__fsd50k__dev__203374__0080__r0.wav,f177d0094bcf79c4fcfc0414b81a7ba96c08758cc14b72e26092e088f593fb3c,f819a910768873c548fb0b35f5d85c7f4b36795efbbbede09c6d3dca25619965,3,0.052404,44100,1.0,451,position_filter_background,0.291542,-3.3448,1.0,213.292,6923.06,1.0,19.0138,0.03884993,3-151269-A-35.wav,washing_machine,esc50:151269,1.0
glass_breaking__fsd50k__dev__203374__0080__r0__aug4.wav,glass_breaking,FSD50K,203374,freesound:203374,glass_breaking__fsd50k__dev__203374__0080__r0.wav,f177d0094bcf79c4fcfc0414b81a7ba96c08758cc14b72e26092e088f593fb3c,0aed2d10f31e0da10086f4368c249a937d306560c80bcfd5f515738a02233223,4,0.052404,44100,1.0,451,position_speed_gain,0.200933,-3.3529,1.029552,,,1.0,,,,,,1.0
glass_breaking__fsd50k__dev__203374__0080__r0__aug5.wav,glass_breaking,FSD50K,203374,freesound:203374,glass_breaking__fsd50k__dev__203374__0080__r0.wav,f177d0094bcf79c4fcfc0414b81a7ba96c08758cc14b72e26092e088f593fb3c,0588b4f600dc14c8b2e48df12dc6778dc78e09fdde851284ef8bcdd80b9f8267,5,0.052404,44100,1.0,451,position_compression_background,0.154419,-8.3563,1.0,,,1.41502,13.4804,0.04590833,1-23996-A-35.wav,washing_machine,esc50:23996,1.0
glass_breaking__fsd50k__dev__204116__0189__r0__aug0.wav,glass_breaking,FSD50K,204116,freesound:204116,glass_breaking__fsd50k__dev__204116__0189__r0.wav,b599cfce04630de3d9ce4b45dd2305af3e480739c2cfd478d5d22667ea78bcb5,a7fdc8664055aa1b8833f2ff2c8e3651d481841a343440bf7b89d225c73ca303,0,0.052404,44100,1.0,451,position_only,0.104888,0.0,1.0,,,1.0,,,,,,0.89125094
glass_breaking__fsd50k__dev__204116__0189__r0__aug1.wav,glass_breaking,FSD50K,204116,freesound:204116,glass_breaking__fsd50k__dev__204116__0189__r0.wav,b599cfce04630de3d9ce4b45dd2305af3e480739c2cfd478d5d22667ea78bcb5,176be5470f19ff71965cf2c30a1be33aefa5d80321cf3a91b6ceb906ad6cf088,1,0.052404,44100,1.0,451,position_gain,0.125199,4.1619,1.0,,,1.0,,,,,,0.55195562
glass_breaking__fsd50k__dev__204116__0189__r0__aug2.wav,glass_breaking,FSD50K,204116,freesound:204116,glass_breaking__fsd50k__dev__204116__0189__r0.wav,b599cfce04630de3d9ce4b45dd2305af3e480739c2cfd478d5d22667ea78bcb5,f19e20efa35540de7151ded6b2b0d672724b54463ceedc5df68dc98856280728,2,0.052404,44100,1.0,451,position_gain_background,0.214549,-4.7402,1.0,,,1.0,11.1378,0.1229611,2-124662-A-11.wav,sea_waves,esc50:124662,1.0
glass_breaking__fsd50k__dev__204116__0189__r0__aug3.wav,glass_breaking,FSD50K,204116,freesound:204116,glass_breaking__fsd50k__dev__204116__0189__r0.wav,b599cfce04630de3d9ce4b45dd2305af3e480739c2cfd478d5d22667ea78bcb5,05275ad118f1ef8fe0001f9548641b242f508a7ec3f6fb0e71fc1e0e335d6908,3,0.052404,44100,1.0,451,position_filter_background,0.110567,-6.6389,1.0,122.654,6990.052,1.0,20.1647,0.02226074,2-51173-A-35.wav,washing_machine,esc50:51173,1.0
glass_breaking__fsd50k__dev__204116__0189__r0__aug4.wav,glass_breaking,FSD50K,204116,freesound:204116,glass_breaking__fsd50k__dev__204116__0189__r0.wav,b599cfce04630de3d9ce4b45dd2305af3e480739c2cfd478d5d22667ea78bcb5,5031807a179202dd45a8d16035b1a43b9b60b11b1ec27d2a239c04f2a88584d6,4,0.052404,44100,1.0,451,position_speed_gain,0.229077,4.5122,0.972123,,,1.0,,,,,,0.55287449
glass_breaking__fsd50k__dev__204116__0189__r0__aug5.wav,glass_breaking,FSD50K,204116,freesound:204116,glass_breaking__fsd50k__dev__204116__0189__r0.wav,b599cfce04630de3d9ce4b45dd2305af3e480739c2cfd478d5d22667ea78bcb5,cd5b630720c75d14ae9c459f74fe94a2f9f18e64e16f55770a4f35646b7e1407,5,0.052404,44100,1.0,451,position_compression_background,0.210211,-6.8166,1.0,,,1.45987,13.7185,0.731598,2-135728-A-38.wav,clock_tick,esc50:135728,1.0
glass_breaking__fsd50k__dev__204133__0132__r0__aug0.wav,glass_breaking,FSD50K,204133,freesound:204133,glass_breaking__fsd50k__dev__204133__0132__r0.wav,f4042c5c6dacd299ae0169c51580acc458ef75f6fe528ae16138e752d6f8e133,0590b7a657d4c0e0e7bf3b04e17ab693c0cfbda51213c4cdaa93ce0be359acbd,0,0.06737,44100,1.0,451,position_only,0.291861,0.0,1.0,,,1.0,,,,,,0.89127814
glass_breaking__fsd50k__dev__204133__0132__r0__aug1.wav,glass_breaking,FSD50K,204133,freesound:204133,glass_breaking__fsd50k__dev__204133__0132__r0.wav,f4042c5c6dacd299ae0169c51580acc458ef75f6fe528ae16138e752d6f8e133,7d4410026ac580c52bf5240c08809136b7c735e863e007878619c110e57afe57,1,0.06737,44100,1.0,451,position_gain,0.285458,-4.2985,1.0,,,1.0,,,,,,1.0
glass_breaking__fsd50k__dev__204133__0132__r0__aug2.wav,glass_breaking,FSD50K,204133,freesound:204133,glass_breaking__fsd50k__dev__204133__0132__r0.wav,f4042c5c6dacd299ae0169c51580acc458ef75f6fe528ae16138e752d6f8e133,3913a4f47e2b0b6ebd1e1f55940c280c197c3d6c2f611dcb6280cce0348fc813,2,0.06737,44100,1.0,451,position_gain_background,0.235317,-9.4566,1.0,,,1.0,21.1993,0.01419782,1-32373-B-35.wav,washing_machine,esc50:32373,1.0
glass_breaking__fsd50k__dev__204133__0132__r0__aug3.wav,glass_breaking,FSD50K,204133,freesound:204133,glass_breaking__fsd50k__dev__204133__0132__r0.wav,f4042c5c6dacd299ae0169c51580acc458ef75f6fe528ae16138e752d6f8e133,ea1478299ecdc67e496ca775691ee7b3ccc3e5c77ddf9d8e02c8fd6d2ea05803,3,0.06737,44100,1.0,451,position_filter_background,0.130799,-2.9183,1.0,113.188,7359.895,1.0,11.9489,1.34834307,3-166125-A-23.wav,breathing,esc50:166125,1.0
glass_breaking__fsd50k__dev__204133__0132__r0__aug4.wav,glass_breaking,FSD50K,204133,freesound:204133,glass_breaking__fsd50k__dev__204133__0132__r0.wav,f4042c5c6dacd299ae0169c51580acc458ef75f6fe528ae16138e752d6f8e133,9b8f6754f14c26f6ccc77bc78428baf1666d6833bb6d4a527d3ca35d7c956ff0,4,0.06737,44100,1.0,451,position_speed_gain,0.189407,0.4909,0.971546,,,1.0,,,,,,0.84157095
glass_breaking__fsd50k__dev__204133__0132__r0__aug5.wav,glass_breaking,FSD50K,204133,freesound:204133,glass_breaking__fsd50k__dev__204133__0132__r0.wav,f4042c5c6dacd299ae0169c51580acc458ef75f6fe528ae16138e752d6f8e133,e5b7884f1206edbaf6bc06787d544be0236425f54d7ca1334b515793b9de80c2,5,0.06737,44100,1.0,451,position_compression_background,0.265987,-6.8596,1.0,,,1.35586,14.7121,0.05177402,1-23996-A-35.wav,washing_machine,esc50:23996,1.0
glass_breaking__fsd50k__dev__204134__0172__r0__aug0.wav,glass_breaking,FSD50K,204134,freesound:204134,glass_breaking__fsd50k__dev__204134__0172__r0.wav,0d88781f4eb1182a7b6fc5f5112f1026c07a91b92338bc2da006b0e0779342b1,657cb01488fdec6033968c79832b0b1654bc6b8454aaf6a216bbea9221f72bf4,0,0.06737,44100,1.0,451,position_only,0.182634,0.0,1.0,,,1.0,,,,,,1.0
glass_breaking__fsd50k__dev__204134__0172__r0__aug1.wav,glass_breaking,FSD50K,204134,freesound:204134,glass_breaking__fsd50k__dev__204134__0172__r0.wav,0d88781f4eb1182a7b6fc5f5112f1026c07a91b92338bc2da006b0e0779342b1,6864905ec6fc165c3e3444c9d428d4c48e7f3d7c3c8c8c7493fea484032988f2,1,0.06737,44100,1.0,451,position_gain,0.268654,-8.0506,1.0,,,1.0,,,,,,1.0
glass_breaking__fsd50k__dev__204134__0172__r0__aug2.wav,glass_breaking,FSD50K,204134,freesound:204134,glass_breaking__fsd50k__dev__204134__0172__r0.wav,0d88781f4eb1182a7b6fc5f5112f1026c07a91b92338bc2da006b0e0779342b1,405ce69674b341a184c70eff1ccc9ac12276cf973c3d7a59ecf0c453e50fb265,2,0.06737,44100,1.0,451,position_gain_background,0.103522,3.7065,1.0,,,1.0,20.1036,0.03020658,1-32373-A-35.wav,washing_machine,esc50:32373,1.0
glass_breaking__fsd50k__dev__204134__0172__r0__aug3.wav,glass_breaking,FSD50K,204134,freesound:204134,glass_breaking__fsd50k__dev__204134__0172__r0.wav,0d88781f4eb1182a7b6fc5f5112f1026c07a91b92338bc2da006b0e0779342b1,338d7077b90ded4bdad2547e36ac63149033e4223ebe502ef3c0492dc889e7a0,3,0.06737,44100,1.0,451,position_filter_background,0.228681,3.3212,1.0,243.162,6514.022,1.0,23.8126,5.64890045,1-36402-A-23.wav,breathing,esc50:36402,1.0
glass_breaking__fsd50k__dev__204134__0172__r0__aug4.wav,glass_breaking,FSD50K,204134,freesound:204134,glass_breaking__fsd50k__dev__204134__0172__r0.wav,0d88781f4eb1182a7b6fc5f5112f1026c07a91b92338bc2da006b0e0779342b1,b962571d32f9b6a41f1030e76486d86a8ae431d5ea961c615a93ce0445adfe39,4,0.06737,44100,1.0,451,position_speed_gain,0.252503,-2.0339,1.029276,,,1.0,,,,,,1.0
glass_breaking__fsd50k__dev__204134__0172__r0__aug5.wav,glass_breaking,FSD50K,204134,freesound:204134,glass_breaking__fsd50k__dev__204134__0172__r0.wav,0d88781f4eb1182a7b6fc5f5112f1026c07a91b92338bc2da006b0e0779342b1,e8c8fdd8ec1d9b9bdc2302bdd60184f52164865c832aa56d156c171562d9aa71,5,0.06737,44100,1.0,451,position_compression_background,0.341243,0.0623,1.0,,,1.48489,24.4807,0.0245437,1-39901-A-11.wav,sea_waves,esc50:39901,1.0
glass_breaking__fsd50k__dev__204144__0106__r0__aug0.wav,glass_breaking,FSD50K,204144,freesound:204144,glass_breaking__fsd50k__dev__204144__0106__r0.wav,b422d6f96bd7a6e13de17b1ca03d22a30b752b700d7e80d932f1a1a547cac5ce,95d09e3c4462db8ebbc6fc7852b7e2505d9199c7d98ad00f1098dfed2eee70cc,0,0.022472,44100,1.0,451,position_only,0.351704,0.0,1.0,,,1.0,,,,,,1.0
glass_breaking__fsd50k__dev__204144__0106__r0__aug1.wav,glass_breaking,FSD50K,204144,freesound:204144,glass_breaking__fsd50k__dev__204144__0106__r0.wav,b422d6f96bd7a6e13de17b1ca03d22a30b752b700d7e80d932f1a1a547cac5ce,0ee6780e256f58307c20bf5afeb9b262e382f27e7146bf3cb36b959ab25aef35,1,0.022472,44100,1.0,451,position_gain,0.118498,-8.7646,1.0,,,1.0,,,,,,1.0
glass_breaking__fsd50k__dev__204144__0106__r0__aug2.wav,glass_breaking,FSD50K,204144,freesound:204144,glass_breaking__fsd50k__dev__204144__0106__r0.wav,b422d6f96bd7a6e13de17b1ca03d22a30b752b700d7e80d932f1a1a547cac5ce,c2c9874e26ce92af50836b9a8499cb0e63e7413c238c713a1de98abe96e4178d,2,0.022472,44100,1.0,451,position_gain_background,0.169007,-4.7639,1.0,,,1.0,21.2317,1.29768228,3-166125-A-23.wav,breathing,esc50:166125,1.0
glass_breaking__fsd50k__dev__204144__0106__r0__aug3.wav,glass_breaking,FSD50K,204144,freesound:204144,glass_breaking__fsd50k__dev__204144__0106__r0.wav,b422d6f96bd7a6e13de17b1ca03d22a30b752b700d7e80d932f1a1a547cac5ce,10c67b1a473a2551467d297bd0b8c9f0d93aecccc74f505671384e9a60956ce5,3,0.022472,44100,1.0,451,position_filter_background,0.309473,-3.266,1.0,245.18,7441.206,1.0,10.6577,0.39802225,2-84965-A-23.wav,breathing,esc50:84965,1.0
glass_breaking__fsd50k__dev__204144__0106__r0__aug4.wav,glass_breaking,FSD50K,204144,freesound:204144,glass_breaking__fsd50k__dev__204144__0106__r0.wav,b422d6f96bd7a6e13de17b1ca03d22a30b752b700d7e80d932f1a1a547cac5ce,a8b974cd2fb485bb3869a41ca97cb88b5a50b63bb2001358abdeca454b050a92,4,0.022472,44100,1.0,451,position_speed_gain,0.267024,2.8338,0.972999,,,1.0,,,,,,1.0
glass_breaking__fsd50k__dev__204144__0106__r0__aug5.wav,glass_breaking,FSD50K,204144,freesound:204144,glass_breaking__fsd50k__dev__204144__0106__r0.wav,b422d6f96bd7a6e13de17b1ca03d22a30b752b700d7e80d932f1a1a547cac5ce,350f97b60dc6347182184d23e16abc433eef0323dbe18e1208a805d3a2636768,5,0.022472,44100,1.0,451,position_compression_background,0.25885,-6.173,1.0,,,1.78061,10.3169,0.22232989,1-21935-A-38.wav,clock_tick,esc50:21935,1.0
glass_breaking__fsd50k__dev__204694__0070__r0__aug0.wav,glass_breaking,FSD50K,204694,freesound:204694,glass_breaking__fsd50k__dev__204694__0070__r0.wav,555519dc079271e8a1f7c88c583bb84caaab5ea178610ff948b1f653afa7950c,b6a86a0fbf630efcb5bab71721b68b5a2d7b28f3d4898f0728ff64705ed755f8,0,0.182109,44100,1.0,451,position_only,0.327597,0.0,1.0,,,1.0,,,,,,1.0
glass_breaking__fsd50k__dev__204694__0070__r0__aug1.wav,glass_breaking,FSD50K,204694,freesound:204694,glass_breaking__fsd50k__dev__204694__0070__r0.wav,555519dc079271e8a1f7c88c583bb84caaab5ea178610ff948b1f653afa7950c,d2941083f422109296f3abdce4b5b11ef6c43901ab41b27d885a6b2f2d7d84d2,1,0.182109,44100,1.0,451,position_gain,0.123659,-3.3808,1.0,,,1.0,,,,,,1.0
glass_breaking__fsd50k__dev__204694__0070__r0__aug2.wav,glass_breaking,FSD50K,204694,freesound:204694,glass_breaking__fsd50k__dev__204694__0070__r0.wav,555519dc079271e8a1f7c88c583bb84caaab5ea178610ff948b1f653afa7950c,544431ee985deef6fda11f0c4c6b4a2da6d65a959f3eff40668cacad5eeecbd3,2,0.182109,44100,1.0,451,position_gain_background,0.24162,-6.687,1.0,,,1.0,13.5436,0.01223704,2-133863-A-11.wav,sea_waves,esc50:133863,1.0
glass_breaking__fsd50k__dev__204694__0070__r0__aug3.wav,glass_breaking,FSD50K,204694,freesound:204694,glass_breaking__fsd50k__dev__204694__0070__r0.wav,555519dc079271e8a1f7c88c583bb84caaab5ea178610ff948b1f653afa7950c,b10ea538cab10a2f679d5b4faed3e379987777c81e97de392db227a0b19e276d,3,0.182109,44100,1.0,451,position_filter_background,0.219122,-11.207,1.0,157.657,6887.421,1.0,17.9455,0.00999945,2-118459-B-32.wav,keyboard_typing,esc50:118459,1.0
glass_breaking__fsd50k__dev__204694__0070__r0__aug4.wav,glass_breaking,FSD50K,204694,freesound:204694,glass_breaking__fsd50k__dev__204694__0070__r0.wav,555519dc079271e8a1f7c88c583bb84caaab5ea178610ff948b1f653afa7950c,4a2c43cef3cc799a29fea6c92ad00553ab7d93fb539fc77cd5d0dd377e3ca27c,4,0.182109,44100,1.0,451,position_speed_gain,0.256386,0.1188,0.985708,,,1.0,,,,,,1.0
glass_breaking__fsd50k__dev__204694__0070__r0__aug5.wav,glass_breaking,FSD50K,204694,freesound:204694,glass_breaking__fsd50k__dev__204694__0070__r0.wav,555519dc079271e8a1f7c88c583bb84caaab5ea178610ff948b1f653afa7950c,213facfe1f69ac1f7180d678556df0f09490b7fd636c1ab917d3c608e30ea061,5,0.182109,44100,1.0,451,position_compression_background,0.179973,-8.9337,1.0,,,1.52351,24.5631,0.00628683,2-82455-A-23.wav,breathing,esc50:82455,1.0
glass_breaking__fsd50k__dev__204698__0155__r0__aug0.wav,glass_breaking,FSD50K,204698,freesound:204698,glass_breaking__fsd50k__dev__204698__0155__r0.wav,4b6d616480fafbee8f3628d54a1a4c688b7b38c59815669b1a71ebd541548e18,f0938a949123380fb2bd2faa11a1e44d24850043949cb7c5e72c49e59becd82d,0,0.012494,44100,1.0,451,position_only,0.20989,0.0,1.0,,,1.0,,,,,,0.89631129
glass_breaking__fsd50k__dev__204698__0155__r0__aug1.wav,glass_breaking,FSD50K,204698,freesound:204698,glass_breaking__fsd50k__dev__204698__0155__r0.wav,4b6d616480fafbee8f3628d54a1a4c688b7b38c59815669b1a71ebd541548e18,3852bf165510807d36477bcc71d72e5ce74dea0f447d11fb46c3c3aad0ca4096,1,0.012494,44100,1.0,451,position_gain,0.180264,-7.2035,1.0,,,1.0,,,,,,1.0
glass_breaking__fsd50k__dev__204698__0155__r0__aug2.wav,glass_breaking,FSD50K,204698,freesound:204698,glass_breaking__fsd50k__dev__204698__0155__r0.wav,4b6d616480fafbee8f3628d54a1a4c688b7b38c59815669b1a71ebd541548e18,5c7cb2c69cd8fd0e896bc781550eef3575c79b64f33a3e1f4b3517915a3436d0,2,0.012494,44100,1.0,451,position_gain_background,0.243288,-0.3228,1.0,,,1.0,18.5371,0.09796061,2-118459-A-32.wav,keyboard_typing,esc50:118459,0.93023844
glass_breaking__fsd50k__dev__204698__0155__r0__aug3.wav,glass_breaking,FSD50K,204698,freesound:204698,glass_breaking__fsd50k__dev__204698__0155__r0.wav,4b6d616480fafbee8f3628d54a1a4c688b7b38c59815669b1a71ebd541548e18,cf97c9f04a0aad76e48fabf4ff0507e329a8a16a918520410282a3ac744719e1,3,0.012494,44100,1.0,451,position_filter_background,0.20534,-8.6603,1.0,175.147,7157.499,1.0,12.8138,0.0857056,2-118459-A-32.wav,keyboard_typing,esc50:118459,1.0
glass_breaking__fsd50k__dev__204698__0155__r0__aug4.wav,glass_breaking,FSD50K,204698,freesound:204698,glass_breaking__fsd50k__dev__204698__0155__r0.wav,4b6d616480fafbee8f3628d54a1a4c688b7b38c59815669b1a71ebd541548e18,a45fff8b27b2c0d305fffebbe8da86af3a0af5184a97dccfbeda200974dbb0e1,4,0.012494,44100,1.0,451,position_speed_gain,0.289704,-1.1518,0.985162,,,1.0,,,,,,1.0
glass_breaking__fsd50k__dev__204698__0155__r0__aug5.wav,glass_breaking,FSD50K,204698,freesound:204698,glass_breaking__fsd50k__dev__204698__0155__r0.wav,4b6d616480fafbee8f3628d54a1a4c688b7b38c59815669b1a71ebd541548e18,7e70e7fd0f60805bd5f90bd46d3472dfcd9b9278e4563bf5050a9de3ed23769e,5,0.012494,44100,1.0,451,position_compression_background,0.320236,-11.6602,1.0,,,1.43045,17.1118,124.435779,1-36400-A-23.wav,breathing,esc50:36400,1.0
glass_breaking__fsd50k__dev__213158__0126__r0__aug0.wav,glass_breaking,FSD50K,213158,freesound:213158,glass_breaking__fsd50k__dev__213158__0126__r0.wav,cddd9ec17aa2c827b24990c96cfce4a7f73b749ec44ebfbf84f5de43d2e249bf,2dfd54b9670e9c380140dc53a9fe9e24d3b31cf471f9d69f408a8eb4d782523c,0,1.03517,44100,1.0,451,position_only,0.347702,0.0,1.0,,,1.0,,,,,,1.0
glass_breaking__fsd50k__dev__213158__0126__r0__aug1.wav,glass_breaking,FSD50K,213158,freesound:213158,glass_breaking__fsd50k__dev__213158__0126__r0.wav,cddd9ec17aa2c827b24990c96cfce4a7f73b749ec44ebfbf84f5de43d2e249bf,881c9b662f1ac65babc1d9a7692c6a497a28aa1eb95311b8d2b8f46a830a7e70,1,1.03517,44100,1.0,451,position_gain,0.328448,-7.8477,1.0,,,1.0,,,,,,1.0
glass_breaking__fsd50k__dev__213158__0126__r0__aug2.wav,glass_breaking,FSD50K,213158,freesound:213158,glass_breaking__fsd50k__dev__213158__0126__r0.wav,cddd9ec17aa2c827b24990c96cfce4a7f73b749ec44ebfbf84f5de43d2e249bf,5490da83e383e13bd867a404c214eb1d09fa6b114f57f62c23f50e4ab98f24a9,2,1.03517,44100,1.0,451,position_gain_background,0.139712,-9.4591,1.0,,,1.0,12.0999,0.00536608,1-32373-A-35.wav,washing_machine,esc50:32373,1.0
glass_breaking__fsd50k__dev__213158__0126__r0__aug3.wav,glass_breaking,FSD50K,213158,freesound:213158,glass_breaking__fsd50k__dev__213158__0126__r0.wav,cddd9ec17aa2c827b24990c96cfce4a7f73b749ec44ebfbf84f5de43d2e249bf,26dfc513ead492c12ecc377a16c3888b844874ad8c9e155827e6002eb16f170e,3,1.03517,44100,1.0,451,position_filter_background,0.113051,-10.093,1.0,175.605,5717.085,1.0,23.2272,0.00087629,3-155642-A-11.wav,sea_waves,esc50:155642,1.0
glass_breaking__fsd50k__dev__213158__0126__r0__aug4.wav,glass_breaking,FSD50K,213158,freesound:213158,glass_breaking__fsd50k__dev__213158__0126__r0.wav,cddd9ec17aa2c827b24990c96cfce4a7f73b749ec44ebfbf84f5de43d2e249bf,e73e1366d716154dc510e5509f0de146866902c3e177b6b8219e75e19acf3af5,4,1.03517,44100,1.0,451,position_speed_gain,0.356164,-7.6331,0.985857,,,1.0,,,,,,1.0
glass_breaking__fsd50k__dev__213158__0126__r0__aug5.wav,glass_breaking,FSD50K,213158,freesound:213158,glass_breaking__fsd50k__dev__213158__0126__r0.wav,cddd9ec17aa2c827b24990c96cfce4a7f73b749ec44ebfbf84f5de43d2e249bf,1caf8ecc88fd4a705b7f2a60b7fe13dd4c3022fa7148a9869552118b4403b6ff,5,1.03517,44100,1.0,451,position_compression_background,0.214039,-2.5585,1.0,,,1.54511,21.5796,819.97364719,1-36400-A-23.wav,breathing,esc50:36400,1.0
glass_breaking__fsd50k__dev__213160__0184__r0__aug0.wav,glass_breaking,FSD50K,213160,freesound:213160,glass_breaking__fsd50k__dev__213160__0184__r0.wav,81cb0a86f22bfca79a5b9f6085b8189961377861665657db5b01a3f2523cb635,ccd82f4b8697b6464d89875d07083a6d456c199568f1b05725abe06679fcf590,0,0.147188,44100,1.0,451,position_only,0.143366,0.0,1.0,,,1.0,,,,,,0.89125094
glass_breaking__fsd50k__dev__213160__0184__r0__aug1.wav,glass_breaking,FSD50K,213160,freesound:213160,glass_breaking__fsd50k__dev__213160__0184__r0.wav,81cb0a86f22bfca79a5b9f6085b8189961377861665657db5b01a3f2523cb635,ca9883099d884e6361fbbae2aba1c51c3afdaa5972ecf35cf6d1ec4ade3ea3f6,1,0.147188,44100,1.0,451,position_gain,0.117665,-4.632,1.0,,,1.0,,,,,,1.0
glass_breaking__fsd50k__dev__213160__0184__r0__aug2.wav,glass_breaking,FSD50K,213160,freesound:213160,glass_breaking__fsd50k__dev__213160__0184__r0.wav,81cb0a86f22bfca79a5b9f6085b8189961377861665657db5b01a3f2523cb635,dae6fdee9cb157c05bbed557e09a94ff4ba974c129474ee44316477d636c3479,2,0.147188,44100,1.0,451,position_gain_background,0.331158,-2.231,1.0,,,1.0,15.8407,0.07072907,1-27166-A-35.wav,washing_machine,esc50:27166,1.0
glass_breaking__fsd50k__dev__213160__0184__r0__aug3.wav,glass_breaking,FSD50K,213160,freesound:213160,glass_breaking__fsd50k__dev__213160__0184__r0.wav,81cb0a86f22bfca79a5b9f6085b8189961377861665657db5b01a3f2523cb635,7f39d80dfd42906a3cbc2b5ab2f43216062769e0ece6587a4434a8511f310170,3,0.147188,44100,1.0,451,position_filter_background,0.138218,-5.0809,1.0,188.924,6658.525,1.0,23.8584,0.02356818,3-182710-A-35.wav,washing_machine,esc50:182710,1.0
glass_breaking__fsd50k__dev__213160__0184__r0__aug4.wav,glass_breaking,FSD50K,213160,freesound:213160,glass_breaking__fsd50k__dev__213160__0184__r0.wav,81cb0a86f22bfca79a5b9f6085b8189961377861665657db5b01a3f2523cb635,00fb1455159c4d52dcc94af4cbb144bfcc5d69ef362a8e9fed7a51244beb2663,4,0.147188,44100,1.0,451,position_speed_gain,0.313388,-10.4053,1.03321,,,1.0,,,,,,1.0
glass_breaking__fsd50k__dev__213160__0184__r0__aug5.wav,glass_breaking,FSD50K,213160,freesound:213160,glass_breaking__fsd50k__dev__213160__0184__r0.wav,81cb0a86f22bfca79a5b9f6085b8189961377861665657db5b01a3f2523cb635,409238087202b0d7208883ca688694ecd2e68983e460f4fe42dd7e97cce360f1,5,0.147188,44100,1.0,451,position_compression_background,0.307836,-6.9997,1.0,,,1.31102,10.4755,0.28923444,3-156393-A-35.wav,washing_machine,esc50:156393,1.0
glass_breaking__fsd50k__dev__213161__0093__r0__aug0.wav,glass_breaking,FSD50K,213161,freesound:213161,glass_breaking__fsd50k__dev__213161__0093__r0.wav,992e3d23812f65c3e051566bd9297d36595256f5073aba2eb1ac37bf1bcd0832,02f629af0da40c7caade2337b581e948dcc2b0ebf8f406c55c9b69d8ea5563d2,0,1.389365,44100,1.0,451,position_only,0.332653,0.0,1.0,,,1.0,,,,,,0.89125094
glass_breaking__fsd50k__dev__213161__0093__r0__aug1.wav,glass_breaking,FSD50K,213161,freesound:213161,glass_breaking__fsd50k__dev__213161__0093__r0.wav,992e3d23812f65c3e051566bd9297d36595256f5073aba2eb1ac37bf1bcd0832,e0daed336805a76b20e49aa53f25e69427218b3c7601ce63e778355a6173a4f1,1,1.389365,44100,1.0,451,position_gain,0.110576,-5.827,1.0,,,1.0,,,,,,1.0
glass_breaking__fsd50k__dev__213161__0093__r0__aug2.wav,glass_breaking,FSD50K,213161,freesound:213161,glass_breaking__fsd50k__dev__213161__0093__r0.wav,992e3d23812f65c3e051566bd9297d36595256f5073aba2eb1ac37bf1bcd0832,156060a5123689f5bf2d7e64ca15770cb5801018095b1bfdfe4a2548acd97b63,2,1.389365,44100,1.0,451,position_gain_background,0.163087,-9.6727,1.0,,,1.0,14.5756,0.03376952,3-166422-A-11.wav,sea_waves,esc50:166422,1.0
glass_breaking__fsd50k__dev__213161__0093__r0__aug3.wav,glass_breaking,FSD50K,213161,freesound:213161,glass_breaking__fsd50k__dev__213161__0093__r0.wav,992e3d23812f65c3e051566bd9297d36595256f5073aba2eb1ac37bf1bcd0832,dcac5cd909e05457d8132df44645e52e7bfff20fe24cd59ea73a193d25eb0214,3,1.389365,44100,1.0,451,position_filter_background,0.286797,-6.2865,1.0,166.578,7037.711,1.0,11.9882,1.87825604,3-170383-A-38.wav,clock_tick,esc50:170383,1.0
glass_breaking__fsd50k__dev__213161__0093__r0__aug4.wav,glass_breaking,FSD50K,213161,freesound:213161,glass_breaking__fsd50k__dev__213161__0093__r0.wav,992e3d23812f65c3e051566bd9297d36595256f5073aba2eb1ac37bf1bcd0832,e9db7f856e673e931bd8ec4d2100baa83500f4d42ef2664d7523893558b70d3f,4,1.389365,44100,1.0,451,position_speed_gain,0.19055,1.1889,1.001879,,,1.0,,,,,,0.75077363
glass_breaking__fsd50k__dev__213161__0093__r0__aug5.wav,glass_breaking,FSD50K,213161,freesound:213161,glass_breaking__fsd50k__dev__213161__0093__r0.wav,992e3d23812f65c3e051566bd9297d36595256f5073aba2eb1ac37bf1bcd0832,fe11f3bfca79b2735a04b513acffebf051b6766e44f849f5faf3b31b5f045a90,5,1.389365,44100,1.0,451,position_compression_background,0.252045,-3.8387,1.0,,,1.29397,18.1484,0.05165036,3-166422-A-11.wav,sea_waves,esc50:166422,1.0
glass_breaking__fsd50k__dev__213162__0051__r0__aug0.wav,glass_breaking,FSD50K,213162,freesound:213162,glass_breaking__fsd50k__dev__213162__0051__r0.wav,16feccd6a84b6fe05ebbcb3f3f2f990ca11073022b136ef0a7e028195b743b82,21b9aa6ced43169e58f83dc07653423eaf138ec2ba282a3636100de430236a63,0,0.022472,44100,1.0,451,position_only,0.171143,0.0,1.0,,,1.0,,,,,,0.89125094
glass_breaking__fsd50k__dev__213162__0051__r0__aug1.wav,glass_breaking,FSD50K,213162,freesound:213162,glass_breaking__fsd50k__dev__213162__0051__r0.wav,16feccd6a84b6fe05ebbcb3f3f2f990ca11073022b136ef0a7e028195b743b82,8860af6e800923de0c2d4beccb80cad2bb7596b43013e0a898d5336407cbafcf,1,0.022472,44100,1.0,451,position_gain,0.170176,-3.813,1.0,,,1.0,,,,,,1.0
glass_breaking__fsd50k__dev__213162__0051__r0__aug2.wav,glass_breaking,FSD50K,213162,freesound:213162,glass_breaking__fsd50k__dev__213162__0051__r0.wav,16feccd6a84b6fe05ebbcb3f3f2f990ca11073022b136ef0a7e028195b743b82,92294e64e5429f23dd568a86da174cf066d76a160f23758a398f50d1faadc1dd,2,0.022472,44100,1.0,451,position_gain_background,0.302541,-10.8535,1.0,,,1.0,11.5215,2.57847637,3-125548-A-32.wav,keyboard_typing,esc50:125548,1.0
glass_breaking__fsd50k__dev__213162__0051__r0__aug3.wav,glass_breaking,FSD50K,213162,freesound:213162,glass_breaking__fsd50k__dev__213162__0051__r0.wav,16feccd6a84b6fe05ebbcb3f3f2f990ca11073022b136ef0a7e028195b743b82,ea98c0d8b9c28d5ff997e1506e8bea53eec647bed97f1f08c617084272d0a5ab,3,0.022472,44100,1.0,451,position_filter_background,0.162462,-2.9062,1.0,129.72,6137.579,1.0,16.2077,1.80927827,1-94231-B-32.wav,keyboard_typing,esc50:94231,1.0
glass_breaking__fsd50k__dev__213162__0051__r0__aug4.wav,glass_breaking,FSD50K,213162,freesound:213162,glass_breaking__fsd50k__dev__213162__0051__r0.wav,16feccd6a84b6fe05ebbcb3f3f2f990ca11073022b136ef0a7e028195b743b82,a1076e0f0d8300d2bd45cd923738b083a17150213b7f00ada86dca7e04320714,4,0.022472,44100,1.0,451,position_speed_gain,0.333656,4.5873,0.964701,,,1.0,,,,,,0.50757599
glass_breaking__fsd50k__dev__213162__0051__r0__aug5.wav,glass_breaking,FSD50K,213162,freesound:213162,glass_breaking__fsd50k__dev__213162__0051__r0.wav,16feccd6a84b6fe05ebbcb3f3f2f990ca11073022b136ef0a7e028195b743b82,477fbfb24cbd9c444f72b9f59bb7113207b3f9f59c9f6d3c3c2b82fa5dd71751,5,0.022472,44100,1.0,451,position_compression_background,0.332137,-6.8796,1.0,,,1.66886,24.5394,0.02507522,1-30709-B-23.wav,breathing,esc50:30709,1.0
glass_breaking__fsd50k__dev__213163__0149__r0__aug0.wav,glass_breaking,FSD50K,213163,freesound:213163,glass_breaking__fsd50k__dev__213163__0149__r0.wav,fd32865b1623004cce6d7c0033730117c93cf91c963313971382e6bec5b9ac9a,e965b613bec1b76026c038d4c08e07c8b84f933db0a18534ac7a1701a303b79a,0,0.057392,44100,1.0,451,position_only,0.285212,0.0,1.0,,,1.0,,,,,,0.89125094
glass_breaking__fsd50k__dev__213163__0149__r0__aug1.wav,glass_breaking,FSD50K,213163,freesound:213163,glass_breaking__fsd50k__dev__213163__0149__r0.wav,fd32865b1623004cce6d7c0033730117c93cf91c963313971382e6bec5b9ac9a,3df1b55d43a277b8fcdebe5fb180b011a0cdaafb8eed448b77e368101c5b5822,1,0.057392,44100,1.0,451,position_gain,0.114979,2.8253,1.0,,,1.0,,,,,,0.64377466
glass_breaking__fsd50k__dev__213163__0149__r0__aug2.wav,glass_breaking,FSD50K,213163,freesound:213163,glass_breaking__fsd50k__dev__213163__0149__r0.wav,fd32865b1623004cce6d7c0033730117c93cf91c963313971382e6bec5b9ac9a,d036ca2eb4d6e38dfb193789682b6e503ebcc9c20bfbb1a540369006f1318b69,2,0.057392,44100,1.0,451,position_gain_background,0.243917,4.9977,1.0,,,1.0,20.5382,18417.12485886,1-36393-A-23.wav,breathing,esc50:36393,0.50132095
glass_breaking__fsd50k__dev__213163__0149__r0__aug3.wav,glass_breaking,FSD50K,213163,freesound:213163,glass_breaking__fsd50k__dev__213163__0149__r0.wav,fd32865b1623004cce6d7c0033730117c93cf91c963313971382e6bec5b9ac9a,08f343c2b21311d1e9adaad8f172e3ac51b7ca8691b2fdfda32359dea46d1dcd,3,0.057392,44100,1.0,451,position_filter_background,0.18364,2.2787,1.0,162.892,6320.404,1.0,15.5416,0.24424796,1-39901-B-11.wav,sea_waves,esc50:39901,0.59919109
glass_breaking__fsd50k__dev__213163__0149__r0__aug4.wav,glass_breaking,FSD50K,213163,freesound:213163,glass_breaking__fsd50k__dev__213163__0149__r0.wav,fd32865b1623004cce6d7c0033730117c93cf91c963313971382e6bec5b9ac9a,4e2715bcd1d0dd47da625f851430aff76f98ecef2750e9998547cb78b7621d17,4,0.057392,44100,1.0,451,position_speed_gain,0.198637,3.6705,1.037543,,,1.0,,,,,,0.56508884
glass_breaking__fsd50k__dev__213163__0149__r0__aug5.wav,glass_breaking,FSD50K,213163,freesound:213163,glass_breaking__fsd50k__dev__213163__0149__r0.wav,fd32865b1623004cce6d7c0033730117c93cf91c963313971382e6bec5b9ac9a,f6b60db27cf96e9ce43880cf7631dcc981e4bbf3c56e10ebbd63744be3151a04,5,0.057392,44100,1.0,451,position_compression_background,0.230424,3.2179,1.0,,,1.3966,12.6583,1.33893782,1-79711-A-32.wav,keyboard_typing,esc50:79711,0.8134154
glass_breaking__fsd50k__dev__213166__0167__r0__aug0.wav,glass_breaking,FSD50K,213166,freesound:213166,glass_breaking__fsd50k__dev__213166__0167__r0.wav,b8b2303c93c9ec2e2b2e078869970c415106349ec12c01ff332fafa965bb568d,6b44f85894ffb8daace2d059dc71d7e240998f772199e1c5937bb39dcd61e5a9,0,0.012494,44100,1.0,451,position_only,0.296995,0.0,1.0,,,1.0,,,,,,1.0
glass_breaking__fsd50k__dev__213166__0167__r0__aug1.wav,glass_breaking,FSD50K,213166,freesound:213166,glass_breaking__fsd50k__dev__213166__0167__r0.wav,b8b2303c93c9ec2e2b2e078869970c415106349ec12c01ff332fafa965bb568d,330233c318d501356a947eea3bc0207d4abe372183fdad2f8054d38e5020dabe,1,0.012494,44100,1.0,451,position_gain,0.1042,-7.1733,1.0,,,1.0,,,,,,1.0
glass_breaking__fsd50k__dev__213166__0167__r0__aug2.wav,glass_breaking,FSD50K,213166,freesound:213166,glass_breaking__fsd50k__dev__213166__0167__r0.wav,b8b2303c93c9ec2e2b2e078869970c415106349ec12c01ff332fafa965bb568d,a3afc8e1dec2adf052bc08e0ceb2b11f403f7970124f3cdd07efaa87f30173eb,2,0.012494,44100,1.0,451,position_gain_background,0.232794,-6.4055,1.0,,,1.0,14.6407,0.05862994,2-155801-A-11.wav,sea_waves,esc50:155801,1.0
glass_breaking__fsd50k__dev__213166__0167__r0__aug3.wav,glass_breaking,FSD50K,213166,freesound:213166,glass_breaking__fsd50k__dev__213166__0167__r0.wav,b8b2303c93c9ec2e2b2e078869970c415106349ec12c01ff332fafa965bb568d,6cc596a672b169596df2b918e3c80385a872d86f7d6ecbc34142b9cbed86c79f,3,0.012494,44100,1.0,451,position_filter_background,0.146978,4.8175,1.0,221.134,6825.909,1.0,22.4668,0.05085075,2-102567-D-35.wav,washing_machine,esc50:102567,0.56091942
glass_breaking__fsd50k__dev__213166__0167__r0__aug4.wav,glass_breaking,FSD50K,213166,freesound:213166,glass_breaking__fsd50k__dev__213166__0167__r0.wav,b8b2303c93c9ec2e2b2e078869970c415106349ec12c01ff332fafa965bb568d,e8207905539f1a2a45d49596f4de986265c585df22c8690c9fd6241ea51de44d,4,0.012494,44100,1.0,451,position_speed_gain,0.244837,-7.2475,0.985765,,,1.0,,,,,,1.0
glass_breaking__fsd50k__dev__213166__0167__r0__aug5.wav,glass_breaking,FSD50K,213166,freesound:213166,glass_breaking__fsd50k__dev__213166__0167__r0.wav,b8b2303c93c9ec2e2b2e078869970c415106349ec12c01ff332fafa965bb568d,107b1442870d85c63d5e7193ae4395b8b9ca79700758e02b0dc918d72b2f47c8,5,0.012494,44100,1.0,451,position_compression_background,0.265331,3.7294,1.0,,,1.53688,18.2687,0.07294935,3-144827-B-11.wav,sea_waves,esc50:144827,0.83451546
glass_breaking__fsd50k__dev__214336__0046__r0__aug0.wav,glass_breaking,FSD50K,214336,freesound:214336,glass_breaking__fsd50k__dev__214336__0046__r0.wav,f67c46af8f8a3d13b2f9bc603fc2633c4aae03988b67292505db57a3d6421113,b81217c7ff76f4b6fdd577d43714609a6457d0c23c97577593a38bfa63918123,0,0.346735,44100,1.0,451,position_only,0.356693,0.0,1.0,,,1.0,,,,,,1.0
glass_breaking__fsd50k__dev__214336__0046__r0__aug1.wav,glass_breaking,FSD50K,214336,freesound:214336,glass_breaking__fsd50k__dev__214336__0046__r0.wav,f67c46af8f8a3d13b2f9bc603fc2633c4aae03988b67292505db57a3d6421113,303e963e2db7428025e18d01345c0400ba9a8052174277bdc05b0914334b867b,1,0.346735,44100,1.0,451,position_gain,0.301542,-10.8983,1.0,,,1.0,,,,,,1.0
glass_breaking__fsd50k__dev__214336__0046__r0__aug2.wav,glass_breaking,FSD50K,214336,freesound:214336,glass_breaking__fsd50k__dev__214336__0046__r0.wav,f67c46af8f8a3d13b2f9bc603fc2633c4aae03988b67292505db57a3d6421113,6f56cdce33d227a2c8d511157e720ba8efaa2b09b671410970637b06c8e6f2e9,2,0.346735,44100,1.0,451,position_gain_background,0.173401,-8.9803,1.0,,,1.0,21.8106,0.06886528,2-118817-A-32.wav,keyboard_typing,esc50:118817,1.0
glass_breaking__fsd50k__dev__214336__0046__r0__aug3.wav,glass_breaking,FSD50K,214336,freesound:214336,glass_breaking__fsd50k__dev__214336__0046__r0.wav,f67c46af8f8a3d13b2f9bc603fc2633c4aae03988b67292505db57a3d6421113,0ee59fefef48cf6659bffdfdb69b269a45f15f2105460e279e2546b9726d29cf,3,0.346735,44100,1.0,451,position_filter_background,0.347278,-7.4281,1.0,254.363,7224.78,1.0,10.9302,0.02759958,2-102567-A-35.wav,washing_machine,esc50:102567,1.0
glass_breaking__fsd50k__dev__214336__0046__r0__aug4.wav,glass_breaking,FSD50K,214336,freesound:214336,glass_breaking__fsd50k__dev__214336__0046__r0.wav,f67c46af8f8a3d13b2f9bc603fc2633c4aae03988b67292505db57a3d6421113,06ffb99338e2872d5dfedc16f2dff426378474c37bb74f649554b4c2ff078072,4,0.346735,44100,1.0,451,position_speed_gain,0.107767,-10.4135,0.970661,,,1.0,,,,,,1.0
glass_breaking__fsd50k__dev__214336__0046__r0__aug5.wav,glass_breaking,FSD50K,214336,freesound:214336,glass_breaking__fsd50k__dev__214336__0046__r0.wav,f67c46af8f8a3d13b2f9bc603fc2633c4aae03988b67292505db57a3d6421113,ead02160d03e2f2a1ef734b8c7aeb272e377153e30ac280663d6d94334e65073,5,0.346735,44100,1.0,451,position_compression_background,0.169367,-7.4825,1.0,,,1.54915,10.7229,0.06583078,3-166422-A-11.wav,sea_waves,esc50:166422,1.0
glass_breaking__fsd50k__dev__216280__0128__r0__aug0.wav,glass_breaking,FSD50K,216280,freesound:216280,glass_breaking__fsd50k__dev__216280__0128__r0.wav,e844f1549e558daafbfb0a4993b11a1a293dc25d89cfa9b1bd937ec7d89c193f,3369418f79e28293f24d312a79129531fc3191e3f098896a71c0f21f758c5d8b,0,0.301837,44100,1.0,451,position_only,0.248166,0.0,1.0,,,1.0,,,,,,1.0
glass_breaking__fsd50k__dev__216280__0128__r0__aug1.wav,glass_breaking,FSD50K,216280,freesound:216280,glass_breaking__fsd50k__dev__216280__0128__r0.wav,e844f1549e558daafbfb0a4993b11a1a293dc25d89cfa9b1bd937ec7d89c193f,f5aee3917d70598f1e5e9accef125fc0fef3e26162f72ca2a873e402f7bebb2a,1,0.301837,44100,1.0,451,position_gain,0.150638,-1.4479,1.0,,,1.0,,,,,,1.0
glass_breaking__fsd50k__dev__216280__0128__r0__aug2.wav,glass_breaking,FSD50K,216280,freesound:216280,glass_breaking__fsd50k__dev__216280__0128__r0.wav,e844f1549e558daafbfb0a4993b11a1a293dc25d89cfa9b1bd937ec7d89c193f,985c6cdfb76ce307da53e77867eb4143f9468065f98dd29d03d28a5fc49f0101,2,0.301837,44100,1.0,451,position_gain_background,0.167272,-7.9488,1.0,,,1.0,21.6243,0.03431715,1-61212-A-32.wav,keyboard_typing,esc50:61212,1.0
glass_breaking__fsd50k__dev__216280__0128__r0__aug3.wav,glass_breaking,FSD50K,216280,freesound:216280,glass_breaking__fsd50k__dev__216280__0128__r0.wav,e844f1549e558daafbfb0a4993b11a1a293dc25d89cfa9b1bd937ec7d89c193f,88115f5ddc89cc4c5f5f0aa62d9fae1e486badec000b6a2e02b5fd119f8f086b,3,0.301837,44100,1.0,451,position_filter_background,0.138649,2.8295,1.0,149.534,7204.164,1.0,21.6895,0.07530504,2-124662-A-11.wav,sea_waves,esc50:124662,1.0
glass_breaking__fsd50k__dev__216280__0128__r0__aug4.wav,glass_breaking,FSD50K,216280,freesound:216280,glass_breaking__fsd50k__dev__216280__0128__r0.wav,e844f1549e558daafbfb0a4993b11a1a293dc25d89cfa9b1bd937ec7d89c193f,806f9c547ce2be074911183f1268fe0ccff409b465ea68afd1ec10e2669a4b41,4,0.301837,44100,1.0,451,position_speed_gain,0.236344,-10.9995,1.022038,,,1.0,,,,,,1.0
glass_breaking__fsd50k__dev__216280__0128__r0__aug5.wav,glass_breaking,FSD50K,216280,freesound:216280,glass_breaking__fsd50k__dev__216280__0128__r0.wav,e844f1549e558daafbfb0a4993b11a1a293dc25d89cfa9b1bd937ec7d89c193f,30befa9a7ebb7152c0029d5ccd31237e72e58b5314db23abc2afeb9be28cd9ed,5,0.301837,44100,1.0,451,position_compression_background,0.220053,1.601,1.0,,,1.37379,21.2877,2279.25902375,1-36397-A-23.wav,breathing,esc50:36397,1.0
glass_breaking__fsd50k__dev__216281__0168__r0__aug0.wav,glass_breaking,FSD50K,216281,freesound:216281,glass_breaking__fsd50k__dev__216281__0168__r0.wav,37b480bfc5c11ad3073a430e1f070233aa851e2334612e21942ff75ff6b90c80,10f13f6b2f4143bca880adf61d9b2cd76f07eaa9867cca66cb76035a5ed9a461,0,0.66102,44100,1.0,451,position_only,0.186112,0.0,1.0,,,1.0,,,,,,1.0
glass_breaking__fsd50k__dev__216281__0168__r0__aug1.wav,glass_breaking,FSD50K,216281,freesound:216281,glass_breaking__fsd50k__dev__216281__0168__r0.wav,37b480bfc5c11ad3073a430e1f070233aa851e2334612e21942ff75ff6b90c80,6f5e691986990d458b9857bcc948dfac8985270ac55572ece2ef8628e795aec8,1,0.66102,44100,1.0,451,position_gain,0.28445,-1.0786,1.0,,,1.0,,,,,,1.0
glass_breaking__fsd50k__dev__216281__0168__r0__aug2.wav,glass_breaking,FSD50K,216281,freesound:216281,glass_breaking__fsd50k__dev__216281__0168__r0.wav,37b480bfc5c11ad3073a430e1f070233aa851e2334612e21942ff75ff6b90c80,8c7f6001e03bbe9eaca42cc1a3ce16d36c792ebf375fac302e871d6accf6efdc,2,0.66102,44100,1.0,451,position_gain_background,0.237078,2.486,1.0,,,1.0,14.8681,0.06494755,1-30709-B-23.wav,breathing,esc50:30709,1.0
glass_breaking__fsd50k__dev__216281__0168__r0__aug3.wav,glass_breaking,FSD50K,216281,freesound:216281,glass_breaking__fsd50k__dev__216281__0168__r0.wav,37b480bfc5c11ad3073a430e1f070233aa851e2334612e21942ff75ff6b90c80,71121e34f6380cab8016feb38f4d324f11bcaedc2170514c9e7334046768f356,3,0.66102,44100,1.0,451,position_filter_background,0.252565,-8.4718,1.0,220.153,6137.3,1.0,15.3171,0.01474041,1-91359-A-11.wav,sea_waves,esc50:91359,1.0
glass_breaking__fsd50k__dev__216281__0168__r0__aug4.wav,glass_breaking,FSD50K,216281,freesound:216281,glass_breaking__fsd50k__dev__216281__0168__r0.wav,37b480bfc5c11ad3073a430e1f070233aa851e2334612e21942ff75ff6b90c80,0f7ed79fde486171bbb937ffd17006e0b7003c4c97696c90d4e2baf0b851d114,4,0.66102,44100,1.0,451,position_speed_gain,0.318247,-8.9264,0.966423,,,1.0,,,,,,1.0
glass_breaking__fsd50k__dev__216281__0168__r0__aug5.wav,glass_breaking,FSD50K,216281,freesound:216281,glass_breaking__fsd50k__dev__216281__0168__r0.wav,37b480bfc5c11ad3073a430e1f070233aa851e2334612e21942ff75ff6b90c80,09643097288e6602fab299e4c32adddb8214ac11e78c90f0b937d1fdfca11e62,5,0.66102,44100,1.0,451,position_compression_background,0.137759,-3.5936,1.0,,,1.23135,13.5043,0.24437825,2-104168-A-32.wav,keyboard_typing,esc50:104168,1.0
glass_breaking__fsd50k__dev__216288__0185__r0__aug0.wav,glass_breaking,FSD50K,216288,freesound:216288,glass_breaking__fsd50k__dev__216288__0185__r0.wav,2c98a5ca30cd21bbf618e92ae44eae860da441188b3aa02d0761457f8efc76cd,233df11a36d6b19ed491f60775c61e7b4565d4b1cc24550162eda54bae7a53e0,0,0.411587,44100,1.0,451,position_only,0.322169,0.0,1.0,,,1.0,,,,,,1.0
glass_breaking__fsd50k__dev__216288__0185__r0__aug1.wav,glass_breaking,FSD50K,216288,freesound:216288,glass_breaking__fsd50k__dev__216288__0185__r0.wav,2c98a5ca30cd21bbf618e92ae44eae860da441188b3aa02d0761457f8efc76cd,da15ce4b8f4c0f02117f98b7a7de9fb0c9f2539b0a48ae22d0a646aabe297d16,1,0.411587,44100,1.0,451,position_gain,0.144004,-9.3034,1.0,,,1.0,,,,,,1.0
glass_breaking__fsd50k__dev__216288__0185__r0__aug2.wav,glass_breaking,FSD50K,216288,freesound:216288,glass_breaking__fsd50k__dev__216288__0185__r0.wav,2c98a5ca30cd21bbf618e92ae44eae860da441188b3aa02d0761457f8efc76cd,1fcffa1ff9e41f109885edfc71bb4755cb84f4074aa80b05baaa7362593bb8a5,2,0.411587,44100,1.0,451,position_gain_background,0.121633,3.3284,1.0,,,1.0,16.6151,0.24256402,2-88724-A-38.wav,clock_tick,esc50:88724,1.0
glass_breaking__fsd50k__dev__216288__0185__r0__aug3.wav,glass_breaking,FSD50K,216288,freesound:216288,glass_breaking__fsd50k__dev__216288__0185__r0.wav,2c98a5ca30cd21bbf618e92ae44eae860da441188b3aa02d0761457f8efc76cd,84047350a6a5ce0f6f4d6e74040ddecf41297731a7b6d89d95e549c803598c3a,3,0.411587,44100,1.0,451,position_filter_background,0.115372,-3.1483,1.0,199.07,6462.472,1.0,17.581,0.00481991,2-102567-A-35.wav,washing_machine,esc50:102567,1.0
glass_breaking__fsd50k__dev__216288__0185__r0__aug4.wav,glass_breaking,FSD50K,216288,freesound:216288,glass_breaking__fsd50k__dev__216288__0185__r0.wav,2c98a5ca30cd21bbf618e92ae44eae860da441188b3aa02d0761457f8efc76cd,6c644c6569dacfb8bf3a9990e824b31478865e442cf87b429bbec7e11466e674,4,0.411587,44100,1.0,451,position_speed_gain,0.312045,-3.3517,1.016741,,,1.0,,,,,,1.0
glass_breaking__fsd50k__dev__216288__0185__r0__aug5.wav,glass_breaking,FSD50K,216288,freesound:216288,glass_breaking__fsd50k__dev__216288__0185__r0.wav,2c98a5ca30cd21bbf618e92ae44eae860da441188b3aa02d0761457f8efc76cd,a2fac4938949a6830aed1af2fb7018b92e34e62bac15c49d0a1c038dd5e6857b,5,0.411587,44100,1.0,451,position_compression_background,0.293206,-7.1539,1.0,,,1.76736,21.3734,0.01757685,2-54962-A-23.wav,breathing,esc50:54962,1.0
glass_breaking__fsd50k__dev__216294__0058__r0__aug0.wav,glass_breaking,FSD50K,216294,freesound:216294,glass_breaking__fsd50k__dev__216294__0058__r0.wav,28a3b2f1cf245af397b3d5a7e5371323f1e5597c04f576a45bfd3c835c4246a7,a68eea52c011aa0858fa7b4ac05d2abe3b34006d7380b70f7091cac80cca0ad2,0,0.690952,44100,1.0,451,position_only,0.160679,0.0,1.0,,,1.0,,,,,,1.0
glass_breaking__fsd50k__dev__216294__0058__r0__aug1.wav,glass_breaking,FSD50K,216294,freesound:216294,glass_breaking__fsd50k__dev__216294__0058__r0.wav,28a3b2f1cf245af397b3d5a7e5371323f1e5597c04f576a45bfd3c835c4246a7,2bfced50d08b1c7ee4d4418e30e06007ea39c8c8e0a8e5432f808ce9e4c1ddc0,1,0.690952,44100,1.0,451,position_gain,0.137786,-1.3744,1.0,,,1.0,,,,,,1.0
glass_breaking__fsd50k__dev__216294__0058__r0__aug2.wav,glass_breaking,FSD50K,216294,freesound:216294,glass_breaking__fsd50k__dev__216294__0058__r0.wav,28a3b2f1cf245af397b3d5a7e5371323f1e5597c04f576a45bfd3c835c4246a7,236f70b46d442512044106ccd3979c996df14e5a8c01fd10e16e0a8c88e9f36c,2,0.690952,44100,1.0,451,position_gain_background,0.230872,-2.9751,1.0,,,1.0,19.9918,0.18192178,3-151206-A-23.wav,breathing,esc50:151206,1.0
glass_breaking__fsd50k__dev__216294__0058__r0__aug3.wav,glass_breaking,FSD50K,216294,freesound:216294,glass_breaking__fsd50k__dev__216294__0058__r0.wav,28a3b2f1cf245af397b3d5a7e5371323f1e5597c04f576a45bfd3c835c4246a7,9fec52526193ac5900fd80146fd1f9a247091746500a125d964ca75f2cb9e5ed,3,0.690952,44100,1.0,451,position_filter_background,0.215891,-2.5856,1.0,191.438,7514.608,1.0,11.5158,0.81655076,1-94231-A-32.wav,keyboard_typing,esc50:94231,1.0
glass_breaking__fsd50k__dev__216294__0058__r0__aug4.wav,glass_breaking,FSD50K,216294,freesound:216294,glass_breaking__fsd50k__dev__216294__0058__r0.wav,28a3b2f1cf245af397b3d5a7e5371323f1e5597c04f576a45bfd3c835c4246a7,3c1d91876e42128c4534c42ce5a80ec21d9d3ef7856b4a323bcb8ae1a95f0ab9,4,0.690952,44100,1.0,451,position_speed_gain,0.330706,-3.3457,0.991242,,,1.0,,,,,,1.0
glass_breaking__fsd50k__dev__216294__0058__r0__aug5.wav,glass_breaking,FSD50K,216294,freesound:216294,glass_breaking__fsd50k__dev__216294__0058__r0.wav,28a3b2f1cf245af397b3d5a7e5371323f1e5597c04f576a45bfd3c835c4246a7,24b1e9e6061d54501d3a551d3e7d8b7b62c340895e7caddbd9e1bd5cecaf3fe8,5,0.690952,44100,1.0,451,position_compression_background,0.277494,-11.5626,1.0,,,1.74516,16.8323,0.09518805,1-62850-A-38.wav,clock_tick,esc50:62850,1.0
glass_breaking__fsd50k__dev__216296__0151__r0__aug0.wav,glass_breaking,FSD50K,216296,freesound:216296,glass_breaking__fsd50k__dev__216296__0151__r0.wav,797b79c04f33e3f3e139534e9846590f81c081a82ca918656feaaa71d7559dfc,f216b4e7aa5036c61746a52e69ecb4acb9aa91ef51e7e0cee8206cd9c8f7d5c6,0,0.421565,44100,1.0,451,position_only,0.235934,0.0,1.0,,,1.0,,,,,,1.0
glass_breaking__fsd50k__dev__216296__0151__r0__aug1.wav,glass_breaking,FSD50K,216296,freesound:216296,glass_breaking__fsd50k__dev__216296__0151__r0.wav,797b79c04f33e3f3e139534e9846590f81c081a82ca918656feaaa71d7559dfc,0b4187b5514a7f9dba969cb19e2c938ed3a67883e23201d3c0371e89f6a85293,1,0.421565,44100,1.0,451,position_gain,0.165446,-5.5857,1.0,,,1.0,,,,,,1.0
glass_breaking__fsd50k__dev__216296__0151__r0__aug2.wav,glass_breaking,FSD50K,216296,freesound:216296,glass_breaking__fsd50k__dev__216296__0151__r0.wav,797b79c04f33e3f3e139534e9846590f81c081a82ca918656feaaa71d7559dfc,e6f0cf2b36086564bb7c3e9a9d95ccd210b389e328f54e30438f529e682d1dce,2,0.421565,44100,1.0,451,position_gain_background,0.312751,0.3055,1.0,,,1.0,22.8862,0.0323116,3-112557-A-23.wav,breathing,esc50:112557,1.0
glass_breaking__fsd50k__dev__216296__0151__r0__aug3.wav,glass_breaking,FSD50K,216296,freesound:216296,glass_breaking__fsd50k__dev__216296__0151__r0.wav,797b79c04f33e3f3e139534e9846590f81c081a82ca918656feaaa71d7559dfc,9abece68fa5bd527506e508f9819e1334f18112020390b1fbe5495967555cc43,3,0.421565,44100,1.0,451,position_filter_background,0.251247,-9.6721,1.0,160.73,6052.696,1.0,21.1047,0.00236334,3-182710-B-35.wav,washing_machine,esc50:182710,1.0
glass_breaking__fsd50k__dev__216296__0151__r0__aug4.wav,glass_breaking,FSD50K,216296,freesound:216296,glass_breaking__fsd50k__dev__216296__0151__r0.wav,797b79c04f33e3f3e139534e9846590f81c081a82ca918656feaaa71d7559dfc,68040c7adb462b98ba001fc42f7bdf838d568106fbc53a6f841583999b72c63f,4,0.421565,44100,1.0,451,position_speed_gain,0.21219,2.7661,0.968171,,,1.0,,,,,,1.0
glass_breaking__fsd50k__dev__216296__0151__r0__aug5.wav,glass_breaking,FSD50K,216296,freesound:216296,glass_breaking__fsd50k__dev__216296__0151__r0.wav,797b79c04f33e3f3e139534e9846590f81c081a82ca918656feaaa71d7559dfc,9f245eb8bb353766b5640b8209806dcd4b63b70985bc08a99179b71ac34d1b70,5,0.421565,44100,1.0,451,position_compression_background,0.301015,2.3542,1.0,,,1.47873,19.3544,0.05166665,2-102567-B-35.wav,washing_machine,esc50:102567,1.0
glass_breaking__fsd50k__dev__216299__0099__r0__aug0.wav,glass_breaking,FSD50K,216299,freesound:216299,glass_breaking__fsd50k__dev__216299__0099__r0.wav,26bfb3aa0dae7927b62e21e47dc2bd7909a8c139a3ac86624e155b06f06a7e84,163893344794cceb9df172fcae2ebc8d5a1b44293c87f90760cdb0f89e28454f,0,0.740839,44100,1.0,451,position_only,0.102979,0.0,1.0,,,1.0,,,,,,1.0
glass_breaking__fsd50k__dev__216299__0099__r0__aug1.wav,glass_breaking,FSD50K,216299,freesound:216299,glass_breaking__fsd50k__dev__216299__0099__r0.wav,26bfb3aa0dae7927b62e21e47dc2bd7909a8c139a3ac86624e155b06f06a7e84,45d98ea1d27a3de728ba4eb3362921945856bd3ef25e1f44dbcecf4a870e32c4,1,0.740839,44100,1.0,451,position_gain,0.233954,4.6779,1.0,,,1.0,,,,,,1.0
glass_breaking__fsd50k__dev__216299__0099__r0__aug2.wav,glass_breaking,FSD50K,216299,freesound:216299,glass_breaking__fsd50k__dev__216299__0099__r0.wav,26bfb3aa0dae7927b62e21e47dc2bd7909a8c139a3ac86624e155b06f06a7e84,bfac9b17a6fad5c7f2908bcefad89269836b107c454976b4dedfb04c3f1de48f,2,0.740839,44100,1.0,451,position_gain_background,0.35757,-9.5209,1.0,,,1.0,13.894,0.03634626,3-155570-A-32.wav,keyboard_typing,esc50:155570,1.0
glass_breaking__fsd50k__dev__216299__0099__r0__aug3.wav,glass_breaking,FSD50K,216299,freesound:216299,glass_breaking__fsd50k__dev__216299__0099__r0.wav,26bfb3aa0dae7927b62e21e47dc2bd7909a8c139a3ac86624e155b06f06a7e84,341768cd629f1bf81933c13b5512ce1bfc9ffcc6e6755767185ebba95f1d3cfd,3,0.740839,44100,1.0,451,position_filter_background,0.191701,2.9196,1.0,156.253,6353.518,1.0,16.33,0.14455588,3-171012-A-38.wav,clock_tick,esc50:171012,1.0
glass_breaking__fsd50k__dev__216299__0099__r0__aug4.wav,glass_breaking,FSD50K,216299,freesound:216299,glass_breaking__fsd50k__dev__216299__0099__r0.wav,26bfb3aa0dae7927b62e21e47dc2bd7909a8c139a3ac86624e155b06f06a7e84,4328fc235513d8eed64357ef52676ce2b1e730400e56c5a6ef5d2027fffafe98,4,0.740839,44100,1.0,451,position_speed_gain,0.301059,-10.6136,0.985215,,,1.0,,,,,,1.0
glass_breaking__fsd50k__dev__216299__0099__r0__aug5.wav,glass_breaking,FSD50K,216299,freesound:216299,glass_breaking__fsd50k__dev__216299__0099__r0.wav,26bfb3aa0dae7927b62e21e47dc2bd7909a8c139a3ac86624e155b06f06a7e84,9be62ebe4957bf33901a310ee295c5e230a7507d7550338b28775d5c364ce9c8,5,0.740839,44100,1.0,451,position_compression_background,0.148567,-2.1472,1.0,,,1.44289,19.346,0.0062893,2-59241-A-35.wav,washing_machine,esc50:59241,1.0
glass_breaking__fsd50k__dev__216748__0068__r0__aug0.wav,glass_breaking,FSD50K,216748,freesound:216748,glass_breaking__fsd50k__dev__216748__0068__r0.wav,62414e0a72178b0e6ae0d45a0f35d3e29372337fd5b8e928001daa04008be655,349860dac4250e27aa3a826bed3dde3fe79b7934924ba1d30f97326be1c818a0,0,2.536757,44100,1.0,451,position_only,0.188813,0.0,1.0,,,1.0,,,,,,1.0
glass_breaking__fsd50k__dev__216748__0068__r0__aug1.wav,glass_breaking,FSD50K,216748,freesound:216748,glass_breaking__fsd50k__dev__216748__0068__r0.wav,62414e0a72178b0e6ae0d45a0f35d3e29372337fd5b8e928001daa04008be655,92c14f1bb76469f264de3931f955a263a31eb565adf5302ac9e652865e168656,1,2.536757,44100,1.0,451,position_gain,0.179076,1.545,1.0,,,1.0,,,,,,1.0
glass_breaking__fsd50k__dev__216748__0068__r0__aug2.wav,glass_breaking,FSD50K,216748,freesound:216748,glass_breaking__fsd50k__dev__216748__0068__r0.wav,62414e0a72178b0e6ae0d45a0f35d3e29372337fd5b8e928001daa04008be655,92fb287e8da2cf7187b752e7ad0cd314e17a6cdf20c7a8fd55aad07208cf546e,2,2.536757,44100,1.0,451,position_gain_background,0.296765,-4.5731,1.0,,,1.0,10.8463,0.12663032,1-27165-A-35.wav,washing_machine,esc50:27165,1.0
glass_breaking__fsd50k__dev__216748__0068__r0__aug3.wav,glass_breaking,FSD50K,216748,freesound:216748,glass_breaking__fsd50k__dev__216748__0068__r0.wav,62414e0a72178b0e6ae0d45a0f35d3e29372337fd5b8e928001daa04008be655,04794cacd4487ecc1d078e0f044e188c88d644f14ed61817275350a342bbd02b,3,2.536757,44100,1.0,451,position_filter_background,0.229263,3.0858,1.0,122.982,7614.418,1.0,22.5611,0.14990351,3-142593-A-38.wav,clock_tick,esc50:142593,1.0
glass_breaking__fsd50k__dev__216748__0068__r0__aug4.wav,glass_breaking,FSD50K,216748,freesound:216748,glass_breaking__fsd50k__dev__216748__0068__r0.wav,62414e0a72178b0e6ae0d45a0f35d3e29372337fd5b8e928001daa04008be655,f86d169a748b33d8d9c69b5776f50bc32132889fdd1e19a5b877cbdb53e25ba1,4,2.536757,44100,1.0,451,position_speed_gain,0.105625,-9.2682,0.980403,,,1.0,,,,,,1.0
glass_breaking__fsd50k__dev__216748__0068__r0__aug5.wav,glass_breaking,FSD50K,216748,freesound:216748,glass_breaking__fsd50k__dev__216748__0068__r0.wav,62414e0a72178b0e6ae0d45a0f35d3e29372337fd5b8e928001daa04008be655,8517ac7b6d733de671178c73d30cbbcf9244674933888b560ece782acfdc71bf,5,2.536757,44100,1.0,451,position_compression_background,0.291268,1.6103,1.0,,,1.56028,14.1838,0.33913199,2-98392-A-23.wav,breathing,esc50:98392,1.0
glass_breaking__fsd50k__dev__219837__0121__r0__aug0.wav,glass_breaking,FSD50K,219837,freesound:219837,glass_breaking__fsd50k__dev__219837__0121__r0.wav,fe12ff421ad9fa41812f93a383151ffea1022c87b3abb18d3ff1f31788d27809,d4a352eba4b2e1b80e4bc6d8e058c4c9b0983d39bf5c7b921f7d8098c6d98e7a,0,0.680975,44100,1.0,451,position_only,0.295593,0.0,1.0,,,1.0,,,,,,1.0
glass_breaking__fsd50k__dev__219837__0121__r0__aug1.wav,glass_breaking,FSD50K,219837,freesound:219837,glass_breaking__fsd50k__dev__219837__0121__r0.wav,fe12ff421ad9fa41812f93a383151ffea1022c87b3abb18d3ff1f31788d27809,17a267a134e29a8f715006e0b5e888f2c006dcc7806813f3b06bbc765f5c043c,1,0.680975,44100,1.0,451,position_gain,0.29957,-4.0979,1.0,,,1.0,,,,,,1.0
glass_breaking__fsd50k__dev__219837__0121__r0__aug2.wav,glass_breaking,FSD50K,219837,freesound:219837,glass_breaking__fsd50k__dev__219837__0121__r0.wav,fe12ff421ad9fa41812f93a383151ffea1022c87b3abb18d3ff1f31788d27809,d03f10cd6906c4d8816425335561a3e2f4f3fa5820532d486ddcc7138bedcb24,2,0.680975,44100,1.0,451,position_gain_background,0.266118,-7.5035,1.0,,,1.0,24.2216,0.00141924,3-187710-A-11.wav,sea_waves,esc50:187710,1.0
glass_breaking__fsd50k__dev__219837__0121__r0__aug3.wav,glass_breaking,FSD50K,219837,freesound:219837,glass_breaking__fsd50k__dev__219837__0121__r0.wav,fe12ff421ad9fa41812f93a383151ffea1022c87b3abb18d3ff1f31788d27809,358b7058a77468595ac102a88adfeea2da9385ed2143fa151c47722ca62da5b1,3,0.680975,44100,1.0,451,position_filter_background,0.285938,4.6334,1.0,118.21,5641.521,1.0,13.6821,0.13687276,2-99796-A-32.wav,keyboard_typing,esc50:99796,1.0
glass_breaking__fsd50k__dev__219837__0121__r0__aug4.wav,glass_breaking,FSD50K,219837,freesound:219837,glass_breaking__fsd50k__dev__219837__0121__r0.wav,fe12ff421ad9fa41812f93a383151ffea1022c87b3abb18d3ff1f31788d27809,9022b9e59874c6cb747a42541205f4a5a6d640379c9d329f1e3bfba6ff70867b,4,0.680975,44100,1.0,451,position_speed_gain,0.243035,-0.7303,1.020044,,,1.0,,,,,,1.0
glass_breaking__fsd50k__dev__219837__0121__r0__aug5.wav,glass_breaking,FSD50K,219837,freesound:219837,glass_breaking__fsd50k__dev__219837__0121__r0.wav,fe12ff421ad9fa41812f93a383151ffea1022c87b3abb18d3ff1f31788d27809,2d1a64c7bbea9f48f29d8fad00e88a223c92aa333c51201a294bf3931dd92980,5,0.680975,44100,1.0,451,position_compression_background,0.326504,4.5279,1.0,,,1.42373,11.925,0.2202898,3-125548-A-32.wav,keyboard_typing,esc50:125548,1.0
glass_breaking__fsd50k__dev__219842__0146__r0__aug0.wav,glass_breaking,FSD50K,219842,freesound:219842,glass_breaking__fsd50k__dev__219842__0146__r0.wav,905249a057bfeb012613b90b45b58389b86f9b3897f0c9245f5a373eb52f6b48,234d76a95fecec0d266f81d9704a4cf967d728ebfb94090cac78745d4c106693,0,0.1422,44100,1.0,451,position_only,0.271235,0.0,1.0,,,1.0,,,,,,0.92656844
glass_breaking__fsd50k__dev__219842__0146__r0__aug1.wav,glass_breaking,FSD50K,219842,freesound:219842,glass_breaking__fsd50k__dev__219842__0146__r0.wav,905249a057bfeb012613b90b45b58389b86f9b3897f0c9245f5a373eb52f6b48,9dccd1310c6dd6a2d14be7c4c1a783cd6bef32e06752726e7d69a68f85061bcb,1,0.1422,44100,1.0,451,position_gain,0.31098,-6.113,1.0,,,1.0,,,,,,1.0
glass_breaking__fsd50k__dev__219842__0146__r0__aug2.wav,glass_breaking,FSD50K,219842,freesound:219842,glass_breaking__fsd50k__dev__219842__0146__r0.wav,905249a057bfeb012613b90b45b58389b86f9b3897f0c9245f5a373eb52f6b48,802e2d31a2a9d7e8365c199b74245d443a4a591c7b7d8a9b850d7f06921b8ffb,2,0.1422,44100,1.0,451,position_gain_background,0.190949,-1.1063,1.0,,,1.0,18.011,0.40006236,3-170377-A-38.wav,clock_tick,esc50:170377,1.0
glass_breaking__fsd50k__dev__219842__0146__r0__aug3.wav,glass_breaking,FSD50K,219842,freesound:219842,glass_breaking__fsd50k__dev__219842__0146__r0.wav,905249a057bfeb012613b90b45b58389b86f9b3897f0c9245f5a373eb52f6b48,d1a200f55794f9f60534e64550a5f2a0a4d0e096f6ae241f42bf01e016dda93e,3,0.1422,44100,1.0,451,position_filter_background,0.317937,3.7821,1.0,177.783,7202.049,1.0,15.0962,1.82831258,3-143933-A-38.wav,clock_tick,esc50:143933,0.70690636
glass_breaking__fsd50k__dev__219842__0146__r0__aug4.wav,glass_breaking,FSD50K,219842,freesound:219842,glass_breaking__fsd50k__dev__219842__0146__r0.wav,905249a057bfeb012613b90b45b58389b86f9b3897f0c9245f5a373eb52f6b48,5f9188f27cdbe6b553c0247e2d21a5aa7ea7778af8845fed7e18af01a4e1eb7c,4,0.1422,44100,1.0,451,position_speed_gain,0.343943,0.8511,1.005949,,,1.0,,,,,,0.82558088
glass_breaking__fsd50k__dev__219842__0146__r0__aug5.wav,glass_breaking,FSD50K,219842,freesound:219842,glass_breaking__fsd50k__dev__219842__0146__r0.wav,905249a057bfeb012613b90b45b58389b86f9b3897f0c9245f5a373eb52f6b48,275d45eee078f709006f2b4a3c6a93066b0bd52e6fdfc9fc7b634f3fd2dee184,5,0.1422,44100,1.0,451,position_compression_background,0.263615,-4.7123,1.0,,,1.75763,12.1083,0.20963959,3-156393-A-35.wav,washing_machine,esc50:156393,1.0
glass_breaking__fsd50k__dev__219843__0045__r0__aug0.wav,glass_breaking,FSD50K,219843,freesound:219843,glass_breaking__fsd50k__dev__219843__0045__r0.wav,39591d7c3990ba5cf21ddec75ca95b81bdd974b41d8b71f4d72ade9e6079d80f,1950a5d838ca68172c1026e7658f5ff7e323c4cd7988b5774d6673e9351d576d,0,0.501383,44100,1.0,451,position_only,0.158147,0.0,1.0,,,1.0,,,,,,1.0
glass_breaking__fsd50k__dev__219843__0045__r0__aug1.wav,glass_breaking,FSD50K,219843,freesound:219843,glass_breaking__fsd50k__dev__219843__0045__r0.wav,39591d7c3990ba5cf21ddec75ca95b81bdd974b41d8b71f4d72ade9e6079d80f,c0f644c0973451d4ba7f863fcf6d985182a844b3ef72810248f36feb0f184f72,1,0.501383,44100,1.0,451,position_gain,0.255476,-4.6624,1.0,,,1.0,,,,,,1.0
glass_breaking__fsd50k__dev__219843__0045__r0__aug2.wav,glass_breaking,FSD50K,219843,freesound:219843,glass_breaking__fsd50k__dev__219843__0045__r0.wav,39591d7c3990ba5cf21ddec75ca95b81bdd974b41d8b71f4d72ade9e6079d80f,a3798a886c68fe226fe28eee961a67e30878b2d8eb3bbeacdf71d961dcd88ac5,2,0.501383,44100,1.0,451,position_gain_background,0.342722,-8.9534,1.0,,,1.0,18.8085,0.00964121,1-21896-A-35.wav,washing_machine,esc50:21896,1.0
glass_breaking__fsd50k__dev__219843__0045__r0__aug3.wav,glass_breaking,FSD50K,219843,freesound:219843,glass_breaking__fsd50k__dev__219843__0045__r0.wav,39591d7c3990ba5cf21ddec75ca95b81bdd974b41d8b71f4d72ade9e6079d80f,ddb11cd1e709ceb56dba8ebe877c3f1075d0f3ec52477f8c5878914c7ca043be,3,0.501383,44100,1.0,451,position_filter_background,0.34615,3.5175,1.0,145.673,6307.897,1.0,11.3141,1.0991961,1-57163-A-38.wav,clock_tick,esc50:57163,1.0
glass_breaking__fsd50k__dev__219843__0045__r0__aug4.wav,glass_breaking,FSD50K,219843,freesound:219843,glass_breaking__fsd50k__dev__219843__0045__r0.wav,39591d7c3990ba5cf21ddec75ca95b81bdd974b41d8b71f4d72ade9e6079d80f,920f412bb509ca4e21c51cf08726848863fca084220d09f34e3ac738efe03a29,4,0.501383,44100,1.0,451,position_speed_gain,0.188673,0.9849,1.00686,,,1.0,,,,,,1.0
glass_breaking__fsd50k__dev__219843__0045__r0__aug5.wav,glass_breaking,FSD50K,219843,freesound:219843,glass_breaking__fsd50k__dev__219843__0045__r0.wav,39591d7c3990ba5cf21ddec75ca95b81bdd974b41d8b71f4d72ade9e6079d80f,288a2d4ed603bea868535638ee0592c188436335d52984ad55eaec6c644dce6b,5,0.501383,44100,1.0,451,position_compression_background,0.1083,-5.1508,1.0,,,1.53348,17.227,0.01381255,3-166422-A-11.wav,sea_waves,esc50:166422,1.0
glass_breaking__fsd50k__dev__219845__0088__r0__aug0.wav,glass_breaking,FSD50K,219845,freesound:219845,glass_breaking__fsd50k__dev__219845__0088__r0.wav,fb142f506e7767c314bcf4c001ccede34870e89ec138d5bbfd13bed3cacc380a,ca7d53382b5a15bbfe03fd9171562e31ab20dedec4cba55cbef15bf6a074563f,0,1.439252,44100,1.0,451,position_only,0.184193,0.0,1.0,,,1.0,,,,,,1.0
glass_breaking__fsd50k__dev__219845__0088__r0__aug1.wav,glass_breaking,FSD50K,219845,freesound:219845,glass_breaking__fsd50k__dev__219845__0088__r0.wav,fb142f506e7767c314bcf4c001ccede34870e89ec138d5bbfd13bed3cacc380a,76cf8bb6df4deb89ee7f87cc9ae1d3adb857a096ab97d14ef5b332fa36b11feb,1,1.439252,44100,1.0,451,position_gain,0.281132,-4.4711,1.0,,,1.0,,,,,,1.0
glass_breaking__fsd50k__dev__219845__0088__r0__aug2.wav,glass_breaking,FSD50K,219845,freesound:219845,glass_breaking__fsd50k__dev__219845__0088__r0.wav,fb142f506e7767c314bcf4c001ccede34870e89ec138d5bbfd13bed3cacc380a,c88dbe33c556767334d90ab5203b69cd280c5a9b5a011a52dce5c112839cf2e6,2,1.439252,44100,1.0,451,position_gain_background,0.342354,-7.868,1.0,,,1.0,22.6302,48.74006053,2-50774-A-23.wav,breathing,esc50:50774,1.0
glass_breaking__fsd50k__dev__219845__0088__r0__aug3.wav,glass_breaking,FSD50K,219845,freesound:219845,glass_breaking__fsd50k__dev__219845__0088__r0.wav,fb142f506e7767c314bcf4c001ccede34870e89ec138d5bbfd13bed3cacc380a,169157d9f8880706beb08640476b0d9fbba47c092c8b1deedbf846a989826620,3,1.439252,44100,1.0,451,position_filter_background,0.139027,-5.4492,1.0,163.676,5616.846,1.0,15.6018,0.00043779,1-91359-B-11.wav,sea_waves,esc50:91359,1.0
glass_breaking__fsd50k__dev__219845__0088__r0__aug4.wav,glass_breaking,FSD50K,219845,freesound:219845,glass_breaking__fsd50k__dev__219845__0088__r0.wav,fb142f506e7767c314bcf4c001ccede34870e89ec138d5bbfd13bed3cacc380a,7b1b027d623e2dbad30d0eeee3aa70d6f107fb57afa02a085e936ddd95b2b0c7,4,1.439252,44100,1.0,451,position_speed_gain,0.281105,-2.1142,0.987063,,,1.0,,,,,,1.0
glass_breaking__fsd50k__dev__219845__0088__r0__aug5.wav,glass_breaking,FSD50K,219845,freesound:219845,glass_breaking__fsd50k__dev__219845__0088__r0.wav,fb142f506e7767c314bcf4c001ccede34870e89ec138d5bbfd13bed3cacc380a,99c55c31cafcdec3b0827897b8da68a0513a0672b34aee1b2f638f74e516f041,5,1.439252,44100,1.0,451,position_compression_background,0.153101,2.543,1.0,,,1.64903,18.5701,0.00078394,2-102567-D-35.wav,washing_machine,esc50:102567,1.0
glass_breaking__fsd50k__dev__219940__0181__r0__aug0.wav,glass_breaking,FSD50K,219940,freesound:219940,glass_breaking__fsd50k__dev__219940__0181__r0.wav,f542e65d863dd9f26ea4d214bda44b4a4c38199e00499a9d173faab9efd88cec,0534abcc7fdacf5bc8b791af1e1c30fa8a9c27d4f1374e0cb7d18f4849139d0b,0,0.072358,44100,1.0,451,position_only,0.309889,0.0,1.0,,,1.0,,,,,,0.96286013
glass_breaking__fsd50k__dev__219940__0181__r0__aug1.wav,glass_breaking,FSD50K,219940,freesound:219940,glass_breaking__fsd50k__dev__219940__0181__r0.wav,f542e65d863dd9f26ea4d214bda44b4a4c38199e00499a9d173faab9efd88cec,196d9e52d9147c58ff3e7fb74130ad514d8f79cbd29d9f21d9be80c99999138f,1,0.072358,44100,1.0,451,position_gain,0.149197,-11.1437,1.0,,,1.0,,,,,,1.0
glass_breaking__fsd50k__dev__219940__0181__r0__aug2.wav,glass_breaking,FSD50K,219940,freesound:219940,glass_breaking__fsd50k__dev__219940__0181__r0.wav,f542e65d863dd9f26ea4d214bda44b4a4c38199e00499a9d173faab9efd88cec,481152e15b14f6700f3ac152a36002a59e27ef00b16b5f05279cac821d8e1778,2,0.072358,44100,1.0,451,position_gain_background,0.354614,-1.8808,1.0,,,1.0,19.252,0.30151032,2-102568-A-35.wav,washing_machine,esc50:102568,1.0
glass_breaking__fsd50k__dev__219940__0181__r0__aug3.wav,glass_breaking,FSD50K,219940,freesound:219940,glass_breaking__fsd50k__dev__219940__0181__r0.wav,f542e65d863dd9f26ea4d214bda44b4a4c38199e00499a9d173faab9efd88cec,555009403e9a922e59ed86f279327e6d3105d7f22429ff57491e4bdf5cdedd01,3,0.072358,44100,1.0,451,position_filter_background,0.220718,-9.4363,1.0,162.956,7141.778,1.0,24.1216,0.0902405,3-144128-B-23.wav,breathing,esc50:144128,1.0
glass_breaking__fsd50k__dev__219940__0181__r0__aug4.wav,glass_breaking,FSD50K,219940,freesound:219940,glass_breaking__fsd50k__dev__219940__0181__r0.wav,f542e65d863dd9f26ea4d214bda44b4a4c38199e00499a9d173faab9efd88cec,de5cafd44dd9d3d5eb2878ae3b93bcdec7767bcc628b0bdfc439fed3b6c00498,4,0.072358,44100,1.0,451,position_speed_gain,0.264193,0.5489,0.97319,,,1.0,,,,,,0.83897446
glass_breaking__fsd50k__dev__219940__0181__r0__aug5.wav,glass_breaking,FSD50K,219940,freesound:219940,glass_breaking__fsd50k__dev__219940__0181__r0.wav,f542e65d863dd9f26ea4d214bda44b4a4c38199e00499a9d173faab9efd88cec,b70869c52f120e7367ae078ba7599b012f56f6ea13d26ef8759e2774909b2d6a,5,0.072358,44100,1.0,451,position_compression_background,0.348415,-8.1601,1.0,,,1.35587,11.8426,1.47005014,1-49098-A-35.wav,washing_machine,esc50:49098,1.0
glass_breaking__fsd50k__dev__221528__0032__r0__aug0.wav,glass_breaking,FSD50K,221528,freesound:221528,glass_breaking__fsd50k__dev__221528__0032__r0.wav,f817df24d9fa3211c88c69851adfea0ebd956693da31449abbe9b99a0af64c69,d2dc69794b21d713a1840e69e9014c242ab813027a331b46d6fc2651f0e4e8b5,0,0.336757,44100,1.0,451,position_only,0.356517,0.0,1.0,,,1.0,,,,,,0.89127814
glass_breaking__fsd50k__dev__221528__0032__r0__aug1.wav,glass_breaking,FSD50K,221528,freesound:221528,glass_breaking__fsd50k__dev__221528__0032__r0.wav,f817df24d9fa3211c88c69851adfea0ebd956693da31449abbe9b99a0af64c69,04cd3e365d637b85550877bd966c324caf983bfbc1aaa5582c55fb9263cfd53c,1,0.336757,44100,1.0,451,position_gain,0.298294,-5.6868,1.0,,,1.0,,,,,,1.0
glass_breaking__fsd50k__dev__221528__0032__r0__aug2.wav,glass_breaking,FSD50K,221528,freesound:221528,glass_breaking__fsd50k__dev__221528__0032__r0.wav,f817df24d9fa3211c88c69851adfea0ebd956693da31449abbe9b99a0af64c69,54cec294029b78f8a673511817714d11f0c71112f64e22876cec83a5b9a7f171,2,0.336757,44100,1.0,451,position_gain_background,0.143939,-5.5789,1.0,,,1.0,15.328,0.07896145,2-50774-A-23.wav,breathing,esc50:50774,1.0
glass_breaking__fsd50k__dev__221528__0032__r0__aug3.wav,glass_breaking,FSD50K,221528,freesound:221528,glass_breaking__fsd50k__dev__221528__0032__r0.wav,f817df24d9fa3211c88c69851adfea0ebd956693da31449abbe9b99a0af64c69,296190e7918e12ffe9543b665adc1157567677d122c18c30f7ff5901a575981f,3,0.336757,44100,1.0,451,position_filter_background,0.185148,-1.6026,1.0,229.669,6871.655,1.0,15.595,6.6639333,1-94231-A-32.wav,keyboard_typing,esc50:94231,1.0
glass_breaking__fsd50k__dev__221528__0032__r0__aug4.wav,glass_breaking,FSD50K,221528,freesound:221528,glass_breaking__fsd50k__dev__221528__0032__r0.wav,f817df24d9fa3211c88c69851adfea0ebd956693da31449abbe9b99a0af64c69,a38fe59669caac32c08aee2e90e25d808c09b3fcf4c39962002191cb81ebaad2,4,0.336757,44100,1.0,451,position_speed_gain,0.143607,-6.5624,0.989609,,,1.0,,,,,,1.0
glass_breaking__fsd50k__dev__221528__0032__r0__aug5.wav,glass_breaking,FSD50K,221528,freesound:221528,glass_breaking__fsd50k__dev__221528__0032__r0.wav,f817df24d9fa3211c88c69851adfea0ebd956693da31449abbe9b99a0af64c69,411cd800708c84ae49e17b69e184f6614780c23c04a28eed13e54b3413407942,5,0.336757,44100,1.0,451,position_compression_background,0.235632,-1.601,1.0,,,1.68055,18.3703,0.02371904,1-23996-B-35.wav,washing_machine,esc50:23996,0.93654287
glass_breaking__fsd50k__dev__221531__0077__r0__aug0.wav,glass_breaking,FSD50K,221531,freesound:221531,glass_breaking__fsd50k__dev__221531__0077__r0.wav,4b608566017f89049351085f75f1bfa21eb3f18381a1755e08903a8c6a4f824f,5233a4c901edc95fb4bd73d4ee9ac6a6529c9e722d82feac7dcac5c1bb5f7563,0,0.187098,44100,1.0,451,position_only,0.105664,0.0,1.0,,,1.0,,,,,,1.0
glass_breaking__fsd50k__dev__221531__0077__r0__aug1.wav,glass_breaking,FSD50K,221531,freesound:221531,glass_breaking__fsd50k__dev__221531__0077__r0.wav,4b608566017f89049351085f75f1bfa21eb3f18381a1755e08903a8c6a4f824f,3a9dc2b7ffa5779d5c2b96aca01c8f256e6649798894a158004153790e044740,1,0.187098,44100,1.0,451,position_gain,0.294757,2.7607,1.0,,,1.0,,,,,,1.0
glass_breaking__fsd50k__dev__221531__0077__r0__aug2.wav,glass_breaking,FSD50K,221531,freesound:221531,glass_breaking__fsd50k__dev__221531__0077__r0.wav,4b608566017f89049351085f75f1bfa21eb3f18381a1755e08903a8c6a4f824f,a1f78a64323ccf2f10c485acc7e40fd8c45fb613ed0277fec40bf656e3b64e02,2,0.187098,44100,1.0,451,position_gain_background,0.209465,-1.3647,1.0,,,1.0,17.4074,0.2447766,2-118817-A-32.wav,keyboard_typing,esc50:118817,1.0
glass_breaking__fsd50k__dev__221531__0077__r0__aug3.wav,glass_breaking,FSD50K,221531,freesound:221531,glass_breaking__fsd50k__dev__221531__0077__r0.wav,4b608566017f89049351085f75f1bfa21eb3f18381a1755e08903a8c6a4f824f,5307f307da7036a62de4f788d3ff1fb5bbbe57011e277ee7dc70ffc9e88c4bc4,3,0.187098,44100,1.0,451,position_filter_background,0.119852,1.9723,1.0,137.52,6896.863,1.0,18.6474,0.35544304,1-35687-A-38.wav,clock_tick,esc50:35687,1.0
glass_breaking__fsd50k__dev__221531__0077__r0__aug4.wav,glass_breaking,FSD50K,221531,freesound:221531,glass_breaking__fsd50k__dev__221531__0077__r0.wav,4b608566017f89049351085f75f1bfa21eb3f18381a1755e08903a8c6a4f824f,2e7217c5aa5a7a059c5211cadc52df86546fe43d2fc907dcd2cffeb246def95d,4,0.187098,44100,1.0,451,position_speed_gain,0.207399,3.8236,1.008016,,,1.0,,,,,,1.0
glass_breaking__fsd50k__dev__221531__0077__r0__aug5.wav,glass_breaking,FSD50K,221531,freesound:221531,glass_breaking__fsd50k__dev__221531__0077__r0.wav,4b608566017f89049351085f75f1bfa21eb3f18381a1755e08903a8c6a4f824f,e70b2f3b6d17e557683e4889d6ec315eec56477f7caf00afa47a557d81697db8,5,0.187098,44100,1.0,451,position_compression_background,0.331961,-4.5591,1.0,,,1.42721,19.6237,0.3232001,3-125548-A-32.wav,keyboard_typing,esc50:125548,1.0
glass_breaking__fsd50k__dev__221532__0111__r0__aug0.wav,glass_breaking,FSD50K,221532,freesound:221532,glass_breaking__fsd50k__dev__221532__0111__r0.wav,9eb3f2ebb6eb9f9f4b03e2a62a6572a1cf0847e2bfb5a91d7380e588f5c101ae,2eee380217af38765eb1f049fb64d679093ecb2913b7aca67756d7c5f295b6b1,0,0.087324,44100,1.0,451,position_only,0.315738,0.0,1.0,,,1.0,,,,,,1.0
glass_breaking__fsd50k__dev__221532__0111__r0__aug1.wav,glass_breaking,FSD50K,221532,freesound:221532,glass_breaking__fsd50k__dev__221532__0111__r0.wav,9eb3f2ebb6eb9f9f4b03e2a62a6572a1cf0847e2bfb5a91d7380e588f5c101ae,e3b397e3e8f61311ac653d223cc83cf75d23e6c4fc7522ad2993d3bf6f796407,1,0.087324,44100,1.0,451,position_gain,0.319734,-0.6384,1.0,,,1.0,,,,,,1.0
glass_breaking__fsd50k__dev__221532__0111__r0__aug2.wav,glass_breaking,FSD50K,221532,freesound:221532,glass_breaking__fsd50k__dev__221532__0111__r0.wav,9eb3f2ebb6eb9f9f4b03e2a62a6572a1cf0847e2bfb5a91d7380e588f5c101ae,ef1b677eeee4157ca30cd9015029fe2fe82dfe802d52b1438e1ff7f85a5045d6,2,0.087324,44100,1.0,451,position_gain_background,0.208583,-3.1441,1.0,,,1.0,12.2716,0.06511998,3-164630-A-11.wav,sea_waves,esc50:164630,1.0
glass_breaking__fsd50k__dev__221532__0111__r0__aug3.wav,glass_breaking,FSD50K,221532,freesound:221532,glass_breaking__fsd50k__dev__221532__0111__r0.wav,9eb3f2ebb6eb9f9f4b03e2a62a6572a1cf0847e2bfb5a91d7380e588f5c101ae,71d0c4b7ebe8960df2db2806a31b2cc204477310e391b77a324d284e8c6a9d44,3,0.087324,44100,1.0,451,position_filter_background,0.147855,-5.3344,1.0,178.044,6240.511,1.0,11.1777,0.02413362,3-144827-B-11.wav,sea_waves,esc50:144827,1.0
glass_breaking__fsd50k__dev__221532__0111__r0__aug4.wav,glass_breaking,FSD50K,221532,freesound:221532,glass_breaking__fsd50k__dev__221532__0111__r0.wav,9eb3f2ebb6eb9f9f4b03e2a62a6572a1cf0847e2bfb5a91d7380e588f5c101ae,31139dddd42ddf7c3ab69791052bafff0216ed4dd426db70eac0dea5320d7a9c,4,0.087324,44100,1.0,451,position_speed_gain,0.220209,-4.8325,0.988419,,,1.0,,,,,,1.0
glass_breaking__fsd50k__dev__221532__0111__r0__aug5.wav,glass_breaking,FSD50K,221532,freesound:221532,glass_breaking__fsd50k__dev__221532__0111__r0.wav,9eb3f2ebb6eb9f9f4b03e2a62a6572a1cf0847e2bfb5a91d7380e588f5c101ae,19a0d2b45522e41a3d1371f06bca295d8d75f4ec3390107e94d000daa1f4f81b,5,0.087324,44100,1.0,451,position_compression_background,0.345505,-4.1389,1.0,,,1.70494,23.1004,0.06614859,3-155570-A-32.wav,keyboard_typing,esc50:155570,1.0
glass_breaking__fsd50k__dev__221533__0137__r0__aug0.wav,glass_breaking,FSD50K,221533,freesound:221533,glass_breaking__fsd50k__dev__221533__0137__r0.wav,b437062473526c47748d23644545ad448af0873727a49b06d7dd01ef6dd8c4e4,ddd89d9b9a2016e980621947f18c9309f5ee9b77c7e7065c40f83095b0c62ddb,0,0.725873,44100,1.0,451,position_only,0.112293,0.0,1.0,,,1.0,,,,,,1.0
glass_breaking__fsd50k__dev__221533__0137__r0__aug1.wav,glass_breaking,FSD50K,221533,freesound:221533,glass_breaking__fsd50k__dev__221533__0137__r0.wav,b437062473526c47748d23644545ad448af0873727a49b06d7dd01ef6dd8c4e4,b7b7c5b4122d0acd7137a77385c094df8044bb3aa889bfacb00ff83fe198b200,1,0.725873,44100,1.0,451,position_gain,0.253071,1.9298,1.0,,,1.0,,,,,,1.0
glass_breaking__fsd50k__dev__221533__0137__r0__aug2.wav,glass_breaking,FSD50K,221533,freesound:221533,glass_breaking__fsd50k__dev__221533__0137__r0.wav,b437062473526c47748d23644545ad448af0873727a49b06d7dd01ef6dd8c4e4,870e9d21a88101dddfa0dd5e6019f8c24c804224437dcfcff1663c89db4c8d9d,2,0.725873,44100,1.0,451,position_gain_background,0.132268,-1.4805,1.0,,,1.0,23.6228,0.03601294,3-170377-A-38.wav,clock_tick,esc50:170377,1.0
glass_breaking__fsd50k__dev__221533__0137__r0__aug3.wav,glass_breaking,FSD50K,221533,freesound:221533,glass_breaking__fsd50k__dev__221533__0137__r0.wav,b437062473526c47748d23644545ad448af0873727a49b06d7dd01ef6dd8c4e4,b5f7894f1ae0ef19d1b948a55280c50f79b4d41ba48eed648b3d93bc098410bf,3,0.725873,44100,1.0,451,position_filter_background,0.310369,-2.3696,1.0,233.374,5629.827,1.0,12.0683,0.01338197,3-151269-A-35.wav,washing_machine,esc50:151269,1.0
glass_breaking__fsd50k__dev__221533__0137__r0__aug4.wav,glass_breaking,FSD50K,221533,freesound:221533,glass_breaking__fsd50k__dev__221533__0137__r0.wav,b437062473526c47748d23644545ad448af0873727a49b06d7dd01ef6dd8c4e4,3fd9a6a48488fcb56d52008281f362e078b1589b23aa7f18d84eefa6e1f48fa5,4,0.725873,44100,1.0,451,position_speed_gain,0.22445,-6.5182,1.033507,,,1.0,,,,,,1.0
glass_breaking__fsd50k__dev__221533__0137__r0__aug5.wav,glass_breaking,FSD50K,221533,freesound:221533,glass_breaking__fsd50k__dev__221533__0137__r0.wav,b437062473526c47748d23644545ad448af0873727a49b06d7dd01ef6dd8c4e4,4683eac530d45156af5f0e00c82d6f515f24d4c347f43f99be7e4adb3442a555,5,0.725873,44100,1.0,451,position_compression_background,0.124458,1.9521,1.0,,,1.59305,23.7527,0.01035415,2-133863-A-11.wav,sea_waves,esc50:133863,1.0
glass_breaking__fsd50k__dev__233605__0125__r0__aug0.wav,glass_breaking,FSD50K,233605,freesound:233605,glass_breaking__fsd50k__dev__233605__0125__r0.wav,373b88abf56f0a21069d2b0a1f7ce74c2f3c437796f9d90bb245ed8a896995d9,da1aacb943bb289a013afd76bcf9175dfde1fa8b94f5a5c646b378059dc202a5,0,0.441519,44100,1.0,451,position_only,0.173298,0.0,1.0,,,1.0,,,,,,0.89217666
glass_breaking__fsd50k__dev__233605__0125__r0__aug1.wav,glass_breaking,FSD50K,233605,freesound:233605,glass_breaking__fsd50k__dev__233605__0125__r0.wav,373b88abf56f0a21069d2b0a1f7ce74c2f3c437796f9d90bb245ed8a896995d9,b2662fa8d936f72aa13f67fdf3afff64b31d7e58d9737bf07c2f416c8da47f59,1,0.441519,44100,1.0,451,position_gain,0.332126,-7.0022,1.0,,,1.0,,,,,,1.0
glass_breaking__fsd50k__dev__233605__0125__r0__aug2.wav,glass_breaking,FSD50K,233605,freesound:233605,glass_breaking__fsd50k__dev__233605__0125__r0.wav,373b88abf56f0a21069d2b0a1f7ce74c2f3c437796f9d90bb245ed8a896995d9,2216ac9cc6a0f3d15264169af08a18b8ec9732d00b03f1ad0ab8fd251007213c,2,0.441519,44100,1.0,451,position_gain_background,0.234139,-1.3325,1.0,,,1.0,17.1246,1.12864942,2-84965-A-23.wav,breathing,esc50:84965,1.0
glass_breaking__fsd50k__dev__233605__0125__r0__aug3.wav,glass_breaking,FSD50K,233605,freesound:233605,glass_breaking__fsd50k__dev__233605__0125__r0.wav,373b88abf56f0a21069d2b0a1f7ce74c2f3c437796f9d90bb245ed8a896995d9,2ca39dbc0d61a1d92d7311e7ede9ec51c0dff930b2bf0f7163333959d21a18de,3,0.441519,44100,1.0,451,position_filter_background,0.23308,-4.2178,1.0,196.642,6271.036,1.0,23.7018,0.28220715,3-171012-A-38.wav,clock_tick,esc50:171012,1.0
glass_breaking__fsd50k__dev__233605__0125__r0__aug4.wav,glass_breaking,FSD50K,233605,freesound:233605,glass_breaking__fsd50k__dev__233605__0125__r0.wav,373b88abf56f0a21069d2b0a1f7ce74c2f3c437796f9d90bb245ed8a896995d9,88516dd37203d6d1080eb2f02c27f3b8f6bb9816832a44e1368568649ac33977,4,0.441519,44100,1.0,451,position_speed_gain,0.179282,-0.0566,0.960455,,,1.0,,,,,,0.86875242
glass_breaking__fsd50k__dev__233605__0125__r0__aug5.wav,glass_breaking,FSD50K,233605,freesound:233605,glass_breaking__fsd50k__dev__233605__0125__r0.wav,373b88abf56f0a21069d2b0a1f7ce74c2f3c437796f9d90bb245ed8a896995d9,6bbadcba32a38ac714b4b82978493f1afea761f37756cf898e4d6bde60a88b57,5,0.441519,44100,1.0,451,position_compression_background,0.227459,3.8948,1.0,,,1.31389,22.8743,0.07409428,2-102567-C-35.wav,washing_machine,esc50:102567,0.79581779
glass_breaking__fsd50k__dev__233606__0050__r0__aug0.wav,glass_breaking,FSD50K,233606,freesound:233606,glass_breaking__fsd50k__dev__233606__0050__r0.wav,ad919cef2c13f2fe80f319a4f899bda4341a5687218d86c72b7c069f5f5669a9,99f6365f7801dffa848c18e45eabe2da610a7386dbc6ca2055aff9ed857512b0,0,0.436531,44100,1.0,451,position_only,0.338659,0.0,1.0,,,1.0,,,,,,0.89171356
glass_breaking__fsd50k__dev__233606__0050__r0__aug1.wav,glass_breaking,FSD50K,233606,freesound:233606,glass_breaking__fsd50k__dev__233606__0050__r0.wav,ad919cef2c13f2fe80f319a4f899bda4341a5687218d86c72b7c069f5f5669a9,a1edfa5c2fe4985a6e6ef52e125e396ca75d634f176e0fddd8a6239d304a7692,1,0.436531,44100,1.0,451,position_gain,0.243428,-3.8491,1.0,,,1.0,,,,,,1.0
glass_breaking__fsd50k__dev__233606__0050__r0__aug2.wav,glass_breaking,FSD50K,233606,freesound:233606,glass_breaking__fsd50k__dev__233606__0050__r0.wav,ad919cef2c13f2fe80f319a4f899bda4341a5687218d86c72b7c069f5f5669a9,39797a5918301180e2f63f4f3c493fa556a69d4da8cc797945cffaff9a6b7bcd,2,0.436531,44100,1.0,451,position_gain_background,0.322413,0.506,1.0,,,1.0,10.7162,4.86863589,1-137-A-32.wav,keyboard_typing,esc50:137,0.68852277
glass_breaking__fsd50k__dev__233606__0050__r0__aug3.wav,glass_breaking,FSD50K,233606,freesound:233606,glass_breaking__fsd50k__dev__233606__0050__r0.wav,ad919cef2c13f2fe80f319a4f899bda4341a5687218d86c72b7c069f5f5669a9,dc7b53752c22bce935b631d97bac92ef05f535695c2a5f8b8ef2bc67b53e9f60,3,0.436531,44100,1.0,451,position_filter_background,0.13446,-11.0961,1.0,243.699,6774.079,1.0,23.3027,0.01945743,3-166422-A-11.wav,sea_waves,esc50:166422,1.0
glass_breaking__fsd50k__dev__233606__0050__r0__aug4.wav,glass_breaking,FSD50K,233606,freesound:233606,glass_breaking__fsd50k__dev__233606__0050__r0.wav,ad919cef2c13f2fe80f319a4f899bda4341a5687218d86c72b7c069f5f5669a9,5da1f0b04e6e285699b79fc168fc965bf89ed33fe2167340c9d8fdc5ad4366ea,4,0.436531,44100,1.0,451,position_speed_gain,0.159174,-3.0866,0.977679,,,1.0,,,,,,1.0
glass_breaking__fsd50k__dev__233606__0050__r0__aug5.wav,glass_breaking,FSD50K,233606,freesound:233606,glass_breaking__fsd50k__dev__233606__0050__r0.wav,ad919cef2c13f2fe80f319a4f899bda4341a5687218d86c72b7c069f5f5669a9,af8f19bbb4aebecfa56f7b217edaf38df0feb49edb73e9e40c9347a43361cb28,5,0.436531,44100,1.0,451,position_compression_background,0.247099,0.8696,1.0,,,1.75574,10.3989,1.65254277,1-21935-A-38.wav,clock_tick,esc50:21935,0.85161358
glass_breaking__fsd50k__dev__233607__0092__r0__aug0.wav,glass_breaking,FSD50K,233607,freesound:233607,glass_breaking__fsd50k__dev__233607__0092__r0.wav,923385d5aa7d0fa019250cb1038986647ef600aa4d3961f85219783c98a51e60,e1cb4983a5e93c56d3b8b917f5a3ecc8b5cff0bc80a3fc1d0bcd04b96ef61f54,0,0.147188,44100,1.0,451,position_only,0.183784,0.0,1.0,,,1.0,,,,,,0.89141416
glass_breaking__fsd50k__dev__233607__0092__r0__aug1.wav,glass_breaking,FSD50K,233607,freesound:233607,glass_breaking__fsd50k__dev__233607__0092__r0.wav,923385d5aa7d0fa019250cb1038986647ef600aa4d3961f85219783c98a51e60,9f68527b59d03d43b7157708b55d8c4a3323185c3057c5e1459bcc6f97d53434,1,0.147188,44100,1.0,451,position_gain,0.217054,4.6683,1.0,,,1.0,,,,,,0.52079238
glass_breaking__fsd50k__dev__233607__0092__r0__aug2.wav,glass_breaking,FSD50K,233607,freesound:233607,glass_breaking__fsd50k__dev__233607__0092__r0.wav,923385d5aa7d0fa019250cb1038986647ef600aa4d3961f85219783c98a51e60,b4d0c17b3e463264ad5722549d025529b08bbb071233559a1c216cf54d305e55,2,0.147188,44100,1.0,451,position_gain_background,0.327573,-7.4649,1.0,,,1.0,13.778,1.35358116,3-166125-B-23.wav,breathing,esc50:166125,1.0
glass_breaking__fsd50k__dev__233607__0092__r0__aug3.wav,glass_breaking,FSD50K,233607,freesound:233607,glass_breaking__fsd50k__dev__233607__0092__r0.wav,923385d5aa7d0fa019250cb1038986647ef600aa4d3961f85219783c98a51e60,4cdd91af73c3086fc7eef7ee0b22a018af36d4b0754265a560e4b538e237a298,3,0.147188,44100,1.0,451,position_filter_background,0.270799,-4.3859,1.0,158.475,7212.122,1.0,21.509,2.49699024,3-154781-A-32.wav,keyboard_typing,esc50:154781,1.0
glass_breaking__fsd50k__dev__233607__0092__r0__aug4.wav,glass_breaking,FSD50K,233607,freesound:233607,glass_breaking__fsd50k__dev__233607__0092__r0.wav,923385d5aa7d0fa019250cb1038986647ef600aa4d3961f85219783c98a51e60,59bc5a7befaefee0cb15e1fc168dd079e6ce5e683c13ab45041172218a7de4bd,4,0.147188,44100,1.0,451,position_speed_gain,0.311936,2.3256,1.021892,,,1.0,,,,,,0.60737424
glass_breaking__fsd50k__dev__233607__0092__r0__aug5.wav,glass_breaking,FSD50K,233607,freesound:233607,glass_breaking__fsd50k__dev__233607__0092__r0.wav,923385d5aa7d0fa019250cb1038986647ef600aa4d3961f85219783c98a51e60,e1667015a7a528fb2f3973bb9489aba56179670d83e0df7d48f4d7f5f7aefe21,5,0.147188,44100,1.0,451,position_compression_background,0.219627,-5.0126,1.0,,,1.35809,21.6623,1.04615658,3-170383-A-38.wav,clock_tick,esc50:170383,1.0
glass_breaking__fsd50k__dev__245167__0054__r0__aug0.wav,glass_breaking,FSD50K,245167,freesound:245167,glass_breaking__fsd50k__dev__245167__0054__r0.wav,266bf54ce5ffe509bc3942af464339a7980c3e783d9c2005c8c07a1ba35f0770,5071c4830f25b166738543a3a559131fb39369647f43ab5d834e0ed1d9d27fa1,0,0.336757,44100,1.0,451,position_only,0.345765,0.0,1.0,,,1.0,,,,,,1.0
glass_breaking__fsd50k__dev__245167__0054__r0__aug1.wav,glass_breaking,FSD50K,245167,freesound:245167,glass_breaking__fsd50k__dev__245167__0054__r0.wav,266bf54ce5ffe509bc3942af464339a7980c3e783d9c2005c8c07a1ba35f0770,2dc9720e1704680dc0b5838045f4ecbfe0c19f8a13ec0f6bf8c3e78d23bc4113,1,0.336757,44100,1.0,451,position_gain,0.147975,0.5146,1.0,,,1.0,,,,,,1.0
glass_breaking__fsd50k__dev__245167__0054__r0__aug2.wav,glass_breaking,FSD50K,245167,freesound:245167,glass_breaking__fsd50k__dev__245167__0054__r0.wav,266bf54ce5ffe509bc3942af464339a7980c3e783d9c2005c8c07a1ba35f0770,653f852102205083e49a9f6b8373834ea9fe0c1c332b1ea000907f43eb4ffbe7,2,0.336757,44100,1.0,451,position_gain_background,0.244415,-3.0431,1.0,,,1.0,14.9293,0.21912202,2-118817-A-32.wav,keyboard_typing,esc50:118817,1.0
glass_breaking__fsd50k__dev__245167__0054__r0__aug3.wav,glass_breaking,FSD50K,245167,freesound:245167,glass_breaking__fsd50k__dev__245167__0054__r0.wav,266bf54ce5ffe509bc3942af464339a7980c3e783d9c2005c8c07a1ba35f0770,a2d8aa58ad115f27723bb92fbe2846d59e9bb7e29604c878f97c821a84b001cf,3,0.336757,44100,1.0,451,position_filter_background,0.219024,-8.6338,1.0,87.313,5981.097,1.0,21.3628,0.12878109,3-154781-A-32.wav,keyboard_typing,esc50:154781,1.0
glass_breaking__fsd50k__dev__245167__0054__r0__aug4.wav,glass_breaking,FSD50K,245167,freesound:245167,glass_breaking__fsd50k__dev__245167__0054__r0.wav,266bf54ce5ffe509bc3942af464339a7980c3e783d9c2005c8c07a1ba35f0770,f33708bf8297b1c449a7df2a572b12d58cff51ec03ed3c3439b729c16adbcb77,4,0.336757,44100,1.0,451,position_speed_gain,0.140704,-6.5973,0.966021,,,1.0,,,,,,1.0
glass_breaking__fsd50k__dev__245167__0054__r0__aug5.wav,glass_breaking,FSD50K,245167,freesound:245167,glass_breaking__fsd50k__dev__245167__0054__r0.wav,266bf54ce5ffe509bc3942af464339a7980c3e783d9c2005c8c07a1ba35f0770,13ba42cfc0b45b289cbfba825bd8e37f5f133d72a65f3264034ede904ff3f063,5,0.336757,44100,1.0,451,position_compression_background,0.172582,1.4547,1.0,,,1.59693,24.2991,0.11756457,3-171041-A-38.wav,clock_tick,esc50:171041,0.91988885
glass_breaking__fsd50k__dev__246273__0095__r0__aug0.wav,glass_breaking,FSD50K,246273,freesound:246273,glass_breaking__fsd50k__dev__246273__0095__r0.wav,a40682ea0591cb0655351276468dfef3dfb5cb05116422886015afc5309f81a0,72ba4578635b49aae08aab31b8f835bff88942d0867ce89384a8fa13efeea9f5,0,3.838798,44100,1.0,451,position_only,0.326172,0.0,1.0,,,1.0,,,,,,1.0
glass_breaking__fsd50k__dev__246273__0095__r0__aug1.wav,glass_breaking,FSD50K,246273,freesound:246273,glass_breaking__fsd50k__dev__246273__0095__r0.wav,a40682ea0591cb0655351276468dfef3dfb5cb05116422886015afc5309f81a0,d4f5e9d737253ba3a87169a5fa5dc417bc45d6a35955b06b21997189d8ccec03,1,3.838798,44100,1.0,451,position_gain,0.141294,3.7922,1.0,,,1.0,,,,,,1.0
glass_breaking__fsd50k__dev__246273__0095__r0__aug2.wav,glass_breaking,FSD50K,246273,freesound:246273,glass_breaking__fsd50k__dev__246273__0095__r0.wav,a40682ea0591cb0655351276468dfef3dfb5cb05116422886015afc5309f81a0,fcaec09d8f228b13c104d3d417d1412dd6dac1e644e239e13293f721c44a9189,2,3.838798,44100,1.0,451,position_gain_background,0.201867,-9.879,1.0,,,1.0,16.3948,0.00996584,3-151273-A-35.wav,washing_machine,esc50:151273,1.0
glass_breaking__fsd50k__dev__246273__0095__r0__aug3.wav,glass_breaking,FSD50K,246273,freesound:246273,glass_breaking__fsd50k__dev__246273__0095__r0.wav,a40682ea0591cb0655351276468dfef3dfb5cb05116422886015afc5309f81a0,96e873883ad9c0e4546569cbd1a07b352e4efd022723db92e5c8beb5640007ae,3,3.838798,44100,1.0,451,position_filter_background,0.163034,-5.4098,1.0,242.98,5769.877,1.0,18.3081,0.00668305,1-27165-A-35.wav,washing_machine,esc50:27165,1.0
glass_breaking__fsd50k__dev__246273__0095__r0__aug4.wav,glass_breaking,FSD50K,246273,freesound:246273,glass_breaking__fsd50k__dev__246273__0095__r0.wav,a40682ea0591cb0655351276468dfef3dfb5cb05116422886015afc5309f81a0,4a9ea9755bf58ca709148d090d2f5072022a93b4583ff2e924227121c89a7329,4,3.838798,44100,1.0,451,position_speed_gain,0.312144,-3.399,1.004806,,,1.0,,,,,,1.0
glass_breaking__fsd50k__dev__246273__0095__r0__aug5.wav,glass_breaking,FSD50K,246273,freesound:246273,glass_breaking__fsd50k__dev__246273__0095__r0.wav,a40682ea0591cb0655351276468dfef3dfb5cb05116422886015afc5309f81a0,e699d294428d1f1fbc2b00b5d41816d57c3b1fa9f468bb518ab67820b5520599,5,3.838798,44100,1.0,451,position_compression_background,0.214185,4.1244,1.0,,,1.61099,24.7847,0.00742459,3-188726-A-35.wav,washing_machine,esc50:188726,1.0
glass_breaking__fsd50k__dev__250709__0052__r0__aug0.wav,glass_breaking,FSD50K,250709,freesound:250709,glass_breaking__fsd50k__dev__250709__0052__r0.wav,c2db8bfdc93d4fa23677ea37af814a26c4ce3a7c9a7569990774e650358780d0,3bc14f7eb3b8f3e11685c84b3bf1fbe9bce489f1f66a219fcd484a4077ea119b,0,0.371678,44100,1.0,451,position_only,0.265867,0.0,1.0,,,1.0,,,,,,1.0
glass_breaking__fsd50k__dev__250709__0052__r0__aug1.wav,glass_breaking,FSD50K,250709,freesound:250709,glass_breaking__fsd50k__dev__250709__0052__r0.wav,c2db8bfdc93d4fa23677ea37af814a26c4ce3a7c9a7569990774e650358780d0,794b925bd2f262a8f3b197b1ae25eb3819f2911979a13eddc4608629b9783fa3,1,0.371678,44100,1.0,451,position_gain,0.209878,-0.5628,1.0,,,1.0,,,,,,1.0
glass_breaking__fsd50k__dev__250709__0052__r0__aug2.wav,glass_breaking,FSD50K,250709,freesound:250709,glass_breaking__fsd50k__dev__250709__0052__r0.wav,c2db8bfdc93d4fa23677ea37af814a26c4ce3a7c9a7569990774e650358780d0,2b4bc67c5120e324da93c83a40d2a548c8077e41cb0798d466b9dda97c56dda1,2,0.371678,44100,1.0,451,position_gain_background,0.332946,4.6332,1.0,,,1.0,13.4584,0.22063197,2-132157-A-11.wav,sea_waves,esc50:132157,1.0
glass_breaking__fsd50k__dev__250709__0052__r0__aug3.wav,glass_breaking,FSD50K,250709,freesound:250709,glass_breaking__fsd50k__dev__250709__0052__r0.wav,c2db8bfdc93d4fa23677ea37af814a26c4ce3a7c9a7569990774e650358780d0,56d51a35b081684d0686dc277a4f77a22d0db6ebb2bb25217d441581970420ae,3,0.371678,44100,1.0,451,position_filter_background,0.271452,-6.3824,1.0,161.251,5932.163,1.0,11.0984,0.08821665,1-79711-A-32.wav,keyboard_typing,esc50:79711,1.0
glass_breaking__fsd50k__dev__250709__0052__r0__aug4.wav,glass_breaking,FSD50K,250709,freesound:250709,glass_breaking__fsd50k__dev__250709__0052__r0.wav,c2db8bfdc93d4fa23677ea37af814a26c4ce3a7c9a7569990774e650358780d0,7842251061ea4f2030c275ded9a8e7c1b8018230859c0520ff09a942e6c493d3,4,0.371678,44100,1.0,451,position_speed_gain,0.134198,-6.8241,0.997508,,,1.0,,,,,,1.0
glass_breaking__fsd50k__dev__250709__0052__r0__aug5.wav,glass_breaking,FSD50K,250709,freesound:250709,glass_breaking__fsd50k__dev__250709__0052__r0.wav,c2db8bfdc93d4fa23677ea37af814a26c4ce3a7c9a7569990774e650358780d0,38854c5615ca024c4fbea0ea0041e3133d31a08ededa9f63da832341ce7a69ae,5,0.371678,44100,1.0,451,position_compression_background,0.24503,-11.3415,1.0,,,1.36844,20.0673,0.02075983,2-140147-A-38.wav,clock_tick,esc50:140147,1.0
glass_breaking__fsd50k__dev__250710__0094__r0__aug0.wav,glass_breaking,FSD50K,250710,freesound:250710,glass_breaking__fsd50k__dev__250710__0094__r0.wav,2bda463afd8690f0a133eb0d9807c41ae94a00c3e950724ec7d0c8ceaf2e3389,f6a4d4ba1dd563466c77c5e2e217330dc33179e558c2cb1db78e572fd1727368,0,0.750816,44100,1.0,451,position_only,0.119448,0.0,1.0,,,1.0,,,,,,1.0
glass_breaking__fsd50k__dev__250710__0094__r0__aug1.wav,glass_breaking,FSD50K,250710,freesound:250710,glass_breaking__fsd50k__dev__250710__0094__r0.wav,2bda463afd8690f0a133eb0d9807c41ae94a00c3e950724ec7d0c8ceaf2e3389,11a11ade3783d06c5ef0feb8e11848a4e3864f079c3247f73249221d681b899c,1,0.750816,44100,1.0,451,position_gain,0.241374,-0.4576,1.0,,,1.0,,,,,,1.0
glass_breaking__fsd50k__dev__250710__0094__r0__aug2.wav,glass_breaking,FSD50K,250710,freesound:250710,glass_breaking__fsd50k__dev__250710__0094__r0.wav,2bda463afd8690f0a133eb0d9807c41ae94a00c3e950724ec7d0c8ceaf2e3389,c800fb90096b9b229e62c729c7b870bc9a94227bde8986faad3e22e473c2b80f,2,0.750816,44100,1.0,451,position_gain_background,0.284545,-7.7131,1.0,,,1.0,12.6934,0.03073238,1-39901-B-11.wav,sea_waves,esc50:39901,1.0
glass_breaking__fsd50k__dev__250710__0094__r0__aug3.wav,glass_breaking,FSD50K,250710,freesound:250710,glass_breaking__fsd50k__dev__250710__0094__r0.wav,2bda463afd8690f0a133eb0d9807c41ae94a00c3e950724ec7d0c8ceaf2e3389,3bae9ed5bca210e44fa77dab2d560eb128510320a9710b04b4667b32a76df060,3,0.750816,44100,1.0,451,position_filter_background,0.263766,-1.1185,1.0,180.292,7630.028,1.0,14.2578,0.08736541,2-118459-B-32.wav,keyboard_typing,esc50:118459,1.0
glass_breaking__fsd50k__dev__250710__0094__r0__aug4.wav,glass_breaking,FSD50K,250710,freesound:250710,glass_breaking__fsd50k__dev__250710__0094__r0.wav,2bda463afd8690f0a133eb0d9807c41ae94a00c3e950724ec7d0c8ceaf2e3389,58a6a7bb26e96df761fe30095aa36bde49a0280211add8caec540a80699933c1,4,0.750816,44100,1.0,451,position_speed_gain,0.228268,0.7026,0.963421,,,1.0,,,,,,1.0
glass_breaking__fsd50k__dev__250710__0094__r0__aug5.wav,glass_breaking,FSD50K,250710,freesound:250710,glass_breaking__fsd50k__dev__250710__0094__r0.wav,2bda463afd8690f0a133eb0d9807c41ae94a00c3e950724ec7d0c8ceaf2e3389,636bc809aec41902b5ea0c72db6cbec60535742c2c332582f10f0bd7a7ff3927,5,0.750816,44100,1.0,451,position_compression_background,0.18688,3.5314,1.0,,,1.20131,23.5742,0.35121718,1-35687-A-38.wav,clock_tick,esc50:35687,1.0
glass_breaking__fsd50k__dev__254721__0186__r0__aug0.wav,glass_breaking,FSD50K,254721,freesound:254721,glass_breaking__fsd50k__dev__254721__0186__r0.wav,d8ceea6e40767073b26fd6caf2ec0ec8f5e0aac2a7bb488a230709054517820f,3e0e7637d10a87fcb1fb0cf085b14cff60a2fbab2276765073bcdb34736f0d33,0,1.66873,44100,1.0,451,position_only,0.315997,0.0,1.0,,,1.0,,,,,,1.0
glass_breaking__fsd50k__dev__254721__0186__r0__aug1.wav,glass_breaking,FSD50K,254721,freesound:254721,glass_breaking__fsd50k__dev__254721__0186__r0.wav,d8ceea6e40767073b26fd6caf2ec0ec8f5e0aac2a7bb488a230709054517820f,789cfda1ba30f39e2e1f67c4c386f74e7787e10bae7936f8fb0ef1b200ec4600,1,1.66873,44100,1.0,451,position_gain,0.27057,-8.9769,1.0,,,1.0,,,,,,1.0
glass_breaking__fsd50k__dev__254721__0186__r0__aug2.wav,glass_breaking,FSD50K,254721,freesound:254721,glass_breaking__fsd50k__dev__254721__0186__r0.wav,d8ceea6e40767073b26fd6caf2ec0ec8f5e0aac2a7bb488a230709054517820f,1621b8ec1bc0afc77332d0b0011394782cbbe5fef9c4cdfb426041f010883a4e,2,1.66873,44100,1.0,451,position_gain_background,0.254909,0.549,1.0,,,1.0,20.0234,0.01988241,2-102567-C-35.wav,washing_machine,esc50:102567,1.0
glass_breaking__fsd50k__dev__254721__0186__r0__aug3.wav,glass_breaking,FSD50K,254721,freesound:254721,glass_breaking__fsd50k__dev__254721__0186__r0.wav,d8ceea6e40767073b26fd6caf2ec0ec8f5e0aac2a7bb488a230709054517820f,ea18ea269d98e8dbba0b20bf7ea6a2496985d49fce8ab3ea5d406d4fbb69b7b1,3,1.66873,44100,1.0,451,position_filter_background,0.147566,-0.1218,1.0,198.022,6819.023,1.0,13.6405,0.02800297,1-32373-B-35.wav,washing_machine,esc50:32373,1.0
glass_breaking__fsd50k__dev__254721__0186__r0__aug4.wav,glass_breaking,FSD50K,254721,freesound:254721,glass_breaking__fsd50k__dev__254721__0186__r0.wav,d8ceea6e40767073b26fd6caf2ec0ec8f5e0aac2a7bb488a230709054517820f,a66530e785aa9f3dd5c389f27f3716b282e8659a1975f9a5fac8dec5a5ed6826,4,1.66873,44100,1.0,451,position_speed_gain,0.307423,-4.3487,0.966118,,,1.0,,,,,,1.0
glass_breaking__fsd50k__dev__254721__0186__r0__aug5.wav,glass_breaking,FSD50K,254721,freesound:254721,glass_breaking__fsd50k__dev__254721__0186__r0.wav,d8ceea6e40767073b26fd6caf2ec0ec8f5e0aac2a7bb488a230709054517820f,d3551a27d642d653cae2998855fdc5348075e0d46bbb165f16ce784b9c589215,5,1.66873,44100,1.0,451,position_compression_background,0.252287,-10.4905,1.0,,,1.20962,11.0328,0.02170713,1-43760-A-11.wav,sea_waves,esc50:43760,1.0
glass_breaking__fsd50k__dev__254993__0129__r0__aug0.wav,glass_breaking,FSD50K,254993,freesound:254993,glass_breaking__fsd50k__dev__254993__0129__r0.wav,80c35078e07814f53786167bb2185c9899cb80b8738e9cbe0a8e9d40fe8e47ef,db9d4436bf21ab47e9508fb745fd2c186f191aa18ed581a933eedc5cfc13398b,0,7.510454,44100,1.0,451,position_only,0.175556,0.0,1.0,,,1.0,,,,,,1.0
glass_breaking__fsd50k__dev__254993__0129__r0__aug1.wav,glass_breaking,FSD50K,254993,freesound:254993,glass_breaking__fsd50k__dev__254993__0129__r0.wav,80c35078e07814f53786167bb2185c9899cb80b8738e9cbe0a8e9d40fe8e47ef,4ecbf3a9b382dcfb24b9664c32d3326af038f4e88f0cdb6b499d786ee404279f,1,7.510454,44100,1.0,451,position_gain,0.231883,4.8666,1.0,,,1.0,,,,,,1.0
glass_breaking__fsd50k__dev__254993__0129__r0__aug2.wav,glass_breaking,FSD50K,254993,freesound:254993,glass_breaking__fsd50k__dev__254993__0129__r0.wav,80c35078e07814f53786167bb2185c9899cb80b8738e9cbe0a8e9d40fe8e47ef,0a78d3196ebf848142f294aaaf592ad95db5a7e272f7557baec21ea5e05f9025,2,7.510454,44100,1.0,451,position_gain_background,0.270739,-3.8449,1.0,,,1.0,23.6484,0.08590331,2-98392-A-23.wav,breathing,esc50:98392,1.0
glass_breaking__fsd50k__dev__254993__0129__r0__aug3.wav,glass_breaking,FSD50K,254993,freesound:254993,glass_breaking__fsd50k__dev__254993__0129__r0.wav,80c35078e07814f53786167bb2185c9899cb80b8738e9cbe0a8e9d40fe8e47ef,bdd516403a7ae2809bc7dd39f11a5438b017910a16a5906939df52a5f392528f,3,7.510454,44100,1.0,451,position_filter_background,0.197891,2.2989,1.0,90.869,6151.364,1.0,17.4408,0.02541012,1-27166-A-35.wav,washing_machine,esc50:27166,1.0
glass_breaking__fsd50k__dev__254993__0129__r0__aug4.wav,glass_breaking,FSD50K,254993,freesound:254993,glass_breaking__fsd50k__dev__254993__0129__r0.wav,80c35078e07814f53786167bb2185c9899cb80b8738e9cbe0a8e9d40fe8e47ef,ae2b716b49e1b1fda3a48143d73a0f94d668a365d38bfb14923da4eabe7e59e8,4,7.510454,44100,1.0,451,position_speed_gain,0.126351,3.2997,0.969373,,,1.0,,,,,,1.0
glass_breaking__fsd50k__dev__254993__0129__r0__aug5.wav,glass_breaking,FSD50K,254993,freesound:254993,glass_breaking__fsd50k__dev__254993__0129__r0.wav,80c35078e07814f53786167bb2185c9899cb80b8738e9cbe0a8e9d40fe8e47ef,feb0d9a04c1d81b2b046f14b4b38a574258bfce5333bc2b7c538dc6a97448ff5,5,7.510454,44100,1.0,451,position_compression_background,0.220658,-10.7311,1.0,,,1.57738,21.7382,0.00710639,2-102852-A-11.wav,sea_waves,esc50:102852,1.0
glass_breaking__fsd50k__dev__255114__0059__r0__aug0.wav,glass_breaking,FSD50K,255114,freesound:255114,glass_breaking__fsd50k__dev__255114__0059__r0.wav,f01bc033c28a9bb85c9d0425cbe9e23f43500527b8ce06459b8754c8f97510ec,7eef934ee40a559b9866c94d5d82f32c277baa0bea3ea4fa48eacaac106342de,0,0.192086,44100,1.0,451,position_only,0.135606,0.0,1.0,,,1.0,,,,,,0.99031912
glass_breaking__fsd50k__dev__255114__0059__r0__aug1.wav,glass_breaking,FSD50K,255114,freesound:255114,glass_breaking__fsd50k__dev__255114__0059__r0.wav,f01bc033c28a9bb85c9d0425cbe9e23f43500527b8ce06459b8754c8f97510ec,42856d16f2c6d0b57d122c65b712509ff249f7ae75e01b6b5c5f7e8cae0f83ef,1,0.192086,44100,1.0,451,position_gain,0.17673,-10.3547,1.0,,,1.0,,,,,,1.0
glass_breaking__fsd50k__dev__255114__0059__r0__aug2.wav,glass_breaking,FSD50K,255114,freesound:255114,glass_breaking__fsd50k__dev__255114__0059__r0.wav,f01bc033c28a9bb85c9d0425cbe9e23f43500527b8ce06459b8754c8f97510ec,142995a21febf5094c905f9ecf4b6a140cbce8aa7fa8a170d39f0aa720440979,2,0.192086,44100,1.0,451,position_gain_background,0.352359,-11.0198,1.0,,,1.0,20.6696,0.40851899,1-36402-A-23.wav,breathing,esc50:36402,1.0
glass_breaking__fsd50k__dev__255114__0059__r0__aug3.wav,glass_breaking,FSD50K,255114,freesound:255114,glass_breaking__fsd50k__dev__255114__0059__r0.wav,f01bc033c28a9bb85c9d0425cbe9e23f43500527b8ce06459b8754c8f97510ec,55676159dbb9e0d311cdca004cc204ed4bdfca328f55ef4ea4fc299836a6ec2a,3,0.192086,44100,1.0,451,position_filter_background,0.269255,4.7733,1.0,92.329,6986.478,1.0,12.4002,10.48841435,1-94231-A-32.wav,keyboard_typing,esc50:94231,0.49524723
glass_breaking__fsd50k__dev__255114__0059__r0__aug4.wav,glass_breaking,FSD50K,255114,freesound:255114,glass_breaking__fsd50k__dev__255114__0059__r0.wav,f01bc033c28a9bb85c9d0425cbe9e23f43500527b8ce06459b8754c8f97510ec,810d79550ba230af1443c0b27ab4289dd019aa6484ad15d1deeca2132fb93210,4,0.192086,44100,1.0,451,position_speed_gain,0.312788,-10.6004,0.999312,,,1.0,,,,,,1.0
glass_breaking__fsd50k__dev__255114__0059__r0__aug5.wav,glass_breaking,FSD50K,255114,freesound:255114,glass_breaking__fsd50k__dev__255114__0059__r0.wav,f01bc033c28a9bb85c9d0425cbe9e23f43500527b8ce06459b8754c8f97510ec,3a95b3bcb5778d67c0d24eed3490e698948ea692d6516c235c9662b1a69b1a34,5,0.192086,44100,1.0,451,position_compression_background,0.123933,-11.9892,1.0,,,1.56083,16.2921,0.02968729,3-151273-A-35.wav,washing_machine,esc50:151273,1.0
glass_breaking__fsd50k__dev__256993__0152__r0__aug0.wav,glass_breaking,FSD50K,256993,freesound:256993,glass_breaking__fsd50k__dev__256993__0152__r0.wav,ed8be5818dc5b689e158ed7cbdabba4b0db06c1bedb2d97f49596659b580b9cb,4d00426df856687ce498bc43fec6d8a19dbce6316a28b2e1de7b5af32d90bcf4,0,0.396621,44100,1.0,451,position_only,0.346802,0.0,1.0,,,1.0,,,,,,1.0
glass_breaking__fsd50k__dev__256993__0152__r0__aug1.wav,glass_breaking,FSD50K,256993,freesound:256993,glass_breaking__fsd50k__dev__256993__0152__r0.wav,ed8be5818dc5b689e158ed7cbdabba4b0db06c1bedb2d97f49596659b580b9cb,a5e30c3c4810326d26f6a5f03e02f1fda8a42ee2c792a3f7061113d6de4992db,1,0.396621,44100,1.0,451,position_gain,0.318188,-0.6115,1.0,,,1.0,,,,,,1.0
glass_breaking__fsd50k__dev__256993__0152__r0__aug2.wav,glass_breaking,FSD50K,256993,freesound:256993,glass_breaking__fsd50k__dev__256993__0152__r0.wav,ed8be5818dc5b689e158ed7cbdabba4b0db06c1bedb2d97f49596659b580b9cb,7f5935e428f1c0611d4538f7e6176209d995ac60a62441401858eb498843d433,2,0.396621,44100,1.0,451,position_gain_background,0.120947,-11.1523,1.0,,,1.0,22.0952,0.0534697,3-144128-A-23.wav,breathing,esc50:144128,1.0
glass_breaking__fsd50k__dev__256993__0152__r0__aug3.wav,glass_breaking,FSD50K,256993,freesound:256993,glass_breaking__fsd50k__dev__256993__0152__r0.wav,ed8be5818dc5b689e158ed7cbdabba4b0db06c1bedb2d97f49596659b580b9cb,247d1c5755b1fd0dd1606fcc6751853f8f3ab55abb146b2f634e9916bbedd99e,3,0.396621,44100,1.0,451,position_filter_background,0.242806,-9.7627,1.0,212.14,6756.017,1.0,18.8005,0.01395081,3-155642-B-11.wav,sea_waves,esc50:155642,1.0
glass_breaking__fsd50k__dev__256993__0152__r0__aug4.wav,glass_breaking,FSD50K,256993,freesound:256993,glass_breaking__fsd50k__dev__256993__0152__r0.wav,ed8be5818dc5b689e158ed7cbdabba4b0db06c1bedb2d97f49596659b580b9cb,ec1715a652a10862a842a814d8621f7ca232fc9e3e6e9e067c6c94df5f4bc961,4,0.396621,44100,1.0,451,position_speed_gain,0.107861,-8.0699,1.026805,,,1.0,,,,,,1.0
glass_breaking__fsd50k__dev__256993__0152__r0__aug5.wav,glass_breaking,FSD50K,256993,freesound:256993,glass_breaking__fsd50k__dev__256993__0152__r0.wav,ed8be5818dc5b689e158ed7cbdabba4b0db06c1bedb2d97f49596659b580b9cb,3c94696cafe1c0c8fd8e07050dedd6e7ea3234436c593610c790b0794cfc1111,5,0.396621,44100,1.0,451,position_compression_background,0.227366,-0.3169,1.0,,,1.47057,16.5315,0.08390586,1-91359-B-11.wav,sea_waves,esc50:91359,1.0
glass_breaking__fsd50k__dev__257496__0169__r0__aug0.wav,glass_breaking,FSD50K,257496,freesound:257496,glass_breaking__fsd50k__dev__257496__0169__r0.wav,4dee1dc58ea174e156e9e3252a1dc52fb6513e6dec5abf689819090061c0dcfa,c81539eec1c97037f90e9594e21be03cbfea25ccf9ca61abbf7120d7e579ba89,0,0.910454,44100,1.0,451,position_only,0.202201,0.0,1.0,,,1.0,,,,,,1.0
glass_breaking__fsd50k__dev__257496__0169__r0__aug1.wav,glass_breaking,FSD50K,257496,freesound:257496,glass_breaking__fsd50k__dev__257496__0169__r0.wav,4dee1dc58ea174e156e9e3252a1dc52fb6513e6dec5abf689819090061c0dcfa,2363c4a48c7c98c2ab800d6d6387937135c75b73d8b5626ca36e0f05d88c4628,1,0.910454,44100,1.0,451,position_gain,0.237681,-11.91,1.0,,,1.0,,,,,,1.0
glass_breaking__fsd50k__dev__257496__0169__r0__aug2.wav,glass_breaking,FSD50K,257496,freesound:257496,glass_breaking__fsd50k__dev__257496__0169__r0.wav,4dee1dc58ea174e156e9e3252a1dc52fb6513e6dec5abf689819090061c0dcfa,008b6182f0f11913e1b082a62f170efc939c0fac36649a90c274e1f4ce9df6c2,2,0.910454,44100,1.0,451,position_gain_background,0.191861,-3.651,1.0,,,1.0,13.3443,0.45647367,2-109316-A-32.wav,keyboard_typing,esc50:109316,1.0
glass_breaking__fsd50k__dev__257496__0169__r0__aug3.wav,glass_breaking,FSD50K,257496,freesound:257496,glass_breaking__fsd50k__dev__257496__0169__r0.wav,4dee1dc58ea174e156e9e3252a1dc52fb6513e6dec5abf689819090061c0dcfa,b5af2e92d30ff65df6adeb1508f6d0d126575752426773265a4c58b4aa0d3dd9,3,0.910454,44100,1.0,451,position_filter_background,0.163073,-1.1843,1.0,216.586,6263.87,1.0,13.2371,1.4997825,3-155568-A-32.wav,keyboard_typing,esc50:155568,1.0
glass_breaking__fsd50k__dev__257496__0169__r0__aug4.wav,glass_breaking,FSD50K,257496,freesound:257496,glass_breaking__fsd50k__dev__257496__0169__r0.wav,4dee1dc58ea174e156e9e3252a1dc52fb6513e6dec5abf689819090061c0dcfa,6a4983804b6c331a0ba39d479705669553d13efd1760b858eefc5d5f9ce54e2f,4,0.910454,44100,1.0,451,position_speed_gain,0.175164,-10.5456,1.038984,,,1.0,,,,,,1.0
glass_breaking__fsd50k__dev__257496__0169__r0__aug5.wav,glass_breaking,FSD50K,257496,freesound:257496,glass_breaking__fsd50k__dev__257496__0169__r0.wav,4dee1dc58ea174e156e9e3252a1dc52fb6513e6dec5abf689819090061c0dcfa,a9430c6d0d8ba6eb7dc2f9166f53000ed4721af39580e14df1253656a007864c,5,0.910454,44100,1.0,451,position_compression_background,0.348073,1.2225,1.0,,,1.41154,15.5175,0.13187134,2-137162-A-11.wav,sea_waves,esc50:137162,0.99224915
glass_breaking__fsd50k__dev__257791__0100__r0__aug0.wav,glass_breaking,FSD50K,257791,freesound:257791,glass_breaking__fsd50k__dev__257791__0100__r0.wav,24978100f473f7ae94993bac5993b324b2b1b0487b4b7aa192bac9fd696a22a4,28e62b08da449c749a05bafe5eadf4b1193e40daa3d491bbb1e6deb4d4917614,0,3.724059,44100,1.0,451,position_only,0.173785,0.0,1.0,,,1.0,,,,,,1.0
glass_breaking__fsd50k__dev__257791__0100__r0__aug1.wav,glass_breaking,FSD50K,257791,freesound:257791,glass_breaking__fsd50k__dev__257791__0100__r0.wav,24978100f473f7ae94993bac5993b324b2b1b0487b4b7aa192bac9fd696a22a4,5670829eaa7c740841c70e6b57195abd3663b93725ab2751a3b0bbbcff61e394,1,3.724059,44100,1.0,451,position_gain,0.330757,-2.462,1.0,,,1.0,,,,,,1.0
glass_breaking__fsd50k__dev__257791__0100__r0__aug2.wav,glass_breaking,FSD50K,257791,freesound:257791,glass_breaking__fsd50k__dev__257791__0100__r0.wav,24978100f473f7ae94993bac5993b324b2b1b0487b4b7aa192bac9fd696a22a4,c957856e84ff625c05f3c795f4db46c53d67645ebd86fd8eaadf4d767bce18e5,2,3.724059,44100,1.0,451,position_gain_background,0.351537,-11.2653,1.0,,,1.0,14.4867,0.19525522,3-182710-B-35.wav,washing_machine,esc50:182710,1.0
glass_breaking__fsd50k__dev__257791__0100__r0__aug3.wav,glass_breaking,FSD50K,257791,freesound:257791,glass_breaking__fsd50k__dev__257791__0100__r0.wav,24978100f473f7ae94993bac5993b324b2b1b0487b4b7aa192bac9fd696a22a4,103b4742929d9a0ce7fec3e8f393da6e94619c210e14a296d7b1067b400f7321,3,3.724059,44100,1.0,451,position_filter_background,0.256515,-11.6925,1.0,248.226,7388.303,1.0,10.343,0.0536966,2-133863-A-11.wav,sea_waves,esc50:133863,1.0
glass_breaking__fsd50k__dev__257791__0100__r0__aug4.wav,glass_breaking,FSD50K,257791,freesound:257791,glass_breaking__fsd50k__dev__257791__0100__r0.wav,24978100f473f7ae94993bac5993b324b2b1b0487b4b7aa192bac9fd696a22a4,0a952b10046f93d2e72de75857cb6a719af7892ef2387ca356fef8ee15d54740,4,3.724059,44100,1.0,451,position_speed_gain,0.292653,-6.3371,1.036585,,,1.0,,,,,,1.0
glass_breaking__fsd50k__dev__257791__0100__r0__aug5.wav,glass_breaking,FSD50K,257791,freesound:257791,glass_breaking__fsd50k__dev__257791__0100__r0.wav,24978100f473f7ae94993bac5993b324b2b1b0487b4b7aa192bac9fd696a22a4,4ffd6cbe855bf54090ddfaa48bfe2f8b2f78ca67722f9d7f17b995f0790a1000,5,3.724059,44100,1.0,451,position_compression_background,0.263121,-7.5997,1.0,,,1.29417,12.5018,0.4757054,3-171012-A-38.wav,clock_tick,esc50:171012,1.0
glass_breaking__fsd50k__dev__270515__0175__r0__aug0.wav,glass_breaking,FSD50K,270515,freesound:270515,glass_breaking__fsd50k__dev__270515__0175__r0.wav,658c4978ca971ad1bf7d844abeeafeed8457a5cc686d3dd7ee8426e80df8c429,05c1a90d7ec148656aecaa3ab00d573fff2bd6287f74a4f03c30a6ebbf709506,0,0.566236,44100,1.0,451,position_only,0.269222,0.0,1.0,,,1.0,,,,,,1.0
glass_breaking__fsd50k__dev__270515__0175__r0__aug1.wav,glass_breaking,FSD50K,270515,freesound:270515,glass_breaking__fsd50k__dev__270515__0175__r0.wav,658c4978ca971ad1bf7d844abeeafeed8457a5cc686d3dd7ee8426e80df8c429,df4e46f06f7ad3303e82479e2e248ca582e95f8184aa5d83908980d50fa5a4ef,1,0.566236,44100,1.0,451,position_gain,0.118154,-11.0748,1.0,,,1.0,,,,,,1.0
glass_breaking__fsd50k__dev__270515__0175__r0__aug2.wav,glass_breaking,FSD50K,270515,freesound:270515,glass_breaking__fsd50k__dev__270515__0175__r0.wav,658c4978ca971ad1bf7d844abeeafeed8457a5cc686d3dd7ee8426e80df8c429,4d4d36b75bc5f317d70fa2b3d0d4871792a0fcb87480f5cd873a95db36d7c1a5,2,0.566236,44100,1.0,451,position_gain_background,0.13252,0.1976,1.0,,,1.0,21.0352,0.13192226,2-137162-A-11.wav,sea_waves,esc50:137162,0.90758432
glass_breaking__fsd50k__dev__270515__0175__r0__aug3.wav,glass_breaking,FSD50K,270515,freesound:270515,glass_breaking__fsd50k__dev__270515__0175__r0.wav,658c4978ca971ad1bf7d844abeeafeed8457a5cc686d3dd7ee8426e80df8c429,c25cbbf38dcda5d7ce546bf35258a0ad01c4fd1e651a3d8c74dcb35ebd7e893d,3,0.566236,44100,1.0,451,position_filter_background,0.347487,3.1295,1.0,150.432,5864.45,1.0,15.5455,3.76617283,2-88724-A-38.wav,clock_tick,esc50:88724,0.40366859
glass_breaking__fsd50k__dev__270515__0175__r0__aug4.wav,glass_breaking,FSD50K,270515,freesound:270515,glass_breaking__fsd50k__dev__270515__0175__r0.wav,658c4978ca971ad1bf7d844abeeafeed8457a5cc686d3dd7ee8426e80df8c429,414403f256b017717f13a3498503c932ff8d96c561c106372cbc358053c12e24,4,0.566236,44100,1.0,451,position_speed_gain,0.159462,-10.4224,0.992342,,,1.0,,,,,,1.0
glass_breaking__fsd50k__dev__270515__0175__r0__aug5.wav,glass_breaking,FSD50K,270515,freesound:270515,glass_breaking__fsd50k__dev__270515__0175__r0.wav,658c4978ca971ad1bf7d844abeeafeed8457a5cc686d3dd7ee8426e80df8c429,fd424179ff0abbed051289c8f03398ea0cfd870968a89294c8d913d76a880d26,5,0.566236,44100,1.0,451,position_compression_background,0.331741,-9.4608,1.0,,,1.32785,16.0937,0.780937,3-182710-B-35.wav,washing_machine,esc50:182710,1.0
glass_breaking__fsd50k__dev__270518__0135__r0__aug0.wav,glass_breaking,FSD50K,270518,freesound:270518,glass_breaking__fsd50k__dev__270518__0135__r0.wav,1c35afba3cbcf5d818633fb776bd98ae87cc7438dc7b75811bc3ac325c00cae4,ebf7c3924d3ef1b29e6e51744fbe38564a4ca7396ff63f1153ab224662268146,0,1.439252,44100,1.0,451,position_only,0.325596,0.0,1.0,,,1.0,,,,,,0.91249838
glass_breaking__fsd50k__dev__270518__0135__r0__aug1.wav,glass_breaking,FSD50K,270518,freesound:270518,glass_breaking__fsd50k__dev__270518__0135__r0.wav,1c35afba3cbcf5d818633fb776bd98ae87cc7438dc7b75811bc3ac325c00cae4,220df0187856053f1dc05d9070e44ace2f01ceac36f64df554aaf428349648b5,1,1.439252,44100,1.0,451,position_gain,0.307823,4.4259,1.0,,,1.0,,,,,,0.54819838
glass_breaking__fsd50k__dev__270518__0135__r0__aug2.wav,glass_breaking,FSD50K,270518,freesound:270518,glass_breaking__fsd50k__dev__270518__0135__r0.wav,1c35afba3cbcf5d818633fb776bd98ae87cc7438dc7b75811bc3ac325c00cae4,2bfa991aa6432e1020a70190c4830a26666de5a6b74534c0194e15ecb87916e5,2,1.439252,44100,1.0,451,position_gain_background,0.34813,-0.9885,1.0,,,1.0,19.1982,0.84586081,1-61212-A-32.wav,keyboard_typing,esc50:61212,1.0
glass_breaking__fsd50k__dev__270518__0135__r0__aug3.wav,glass_breaking,FSD50K,270518,freesound:270518,glass_breaking__fsd50k__dev__270518__0135__r0.wav,1c35afba3cbcf5d818633fb776bd98ae87cc7438dc7b75811bc3ac325c00cae4,b9f0b4c9d6a529c14e42bad411fbd15bfd325b9c6d3c0842a5a63ded3104dc51,3,1.439252,44100,1.0,451,position_filter_background,0.326426,-2.6879,1.0,238.066,7570.831,1.0,12.1534,0.52132027,3-166422-A-11.wav,sea_waves,esc50:166422,1.0
glass_breaking__fsd50k__dev__270518__0135__r0__aug4.wav,glass_breaking,FSD50K,270518,freesound:270518,glass_breaking__fsd50k__dev__270518__0135__r0.wav,1c35afba3cbcf5d818633fb776bd98ae87cc7438dc7b75811bc3ac325c00cae4,1ecf9af47898f256434c30764efa7c528fb2b33a274620bdce914f4bae541ad2,4,1.439252,44100,1.0,451,position_speed_gain,0.11588,-8.6159,0.966879,,,1.0,,,,,,1.0
glass_breaking__fsd50k__dev__270518__0135__r0__aug5.wav,glass_breaking,FSD50K,270518,freesound:270518,glass_breaking__fsd50k__dev__270518__0135__r0.wav,1c35afba3cbcf5d818633fb776bd98ae87cc7438dc7b75811bc3ac325c00cae4,f09087614f5d9754abc00d18d185132cbbfd374e1d2c1632a8863fa658f09852,5,1.439252,44100,1.0,451,position_compression_background,0.305917,1.7718,1.0,,,1.76666,21.3489,0.69142613,3-156391-A-35.wav,washing_machine,esc50:156391,0.86248004
glass_breaking__fsd50k__dev__270816__0109__r0__aug0.wav,glass_breaking,FSD50K,270816,freesound:270816,glass_breaking__fsd50k__dev__270816__0109__r0.wav,3369b5e207f7726f9fb4dcbcb60e652e0e6743b3ad9ff4278b1dec32ed6d19a4,b7ffe56797706fb37cca8892ba14e67405070e26fa57a94e2198070928126e96,0,4.5422,44100,1.0,451,position_only,0.138439,0.0,1.0,,,1.0,,,,,,1.0
glass_breaking__fsd50k__dev__270816__0109__r0__aug1.wav,glass_breaking,FSD50K,270816,freesound:270816,glass_breaking__fsd50k__dev__270816__0109__r0.wav,3369b5e207f7726f9fb4dcbcb60e652e0e6743b3ad9ff4278b1dec32ed6d19a4,e70e8faa1f5496f3082d9e52e800d8f0e7891c1497d3440ec07d41fab885dc8c,1,4.5422,44100,1.0,451,position_gain,0.179487,-9.3963,1.0,,,1.0,,,,,,1.0
glass_breaking__fsd50k__dev__270816__0109__r0__aug2.wav,glass_breaking,FSD50K,270816,freesound:270816,glass_breaking__fsd50k__dev__270816__0109__r0.wav,3369b5e207f7726f9fb4dcbcb60e652e0e6743b3ad9ff4278b1dec32ed6d19a4,4919ee9a905e3773d15ca892465e26779ccd9d8659bd8d43930d83315b207335,2,4.5422,44100,1.0,451,position_gain_background,0.354147,-3.4148,1.0,,,1.0,16.9914,4522.21716024,1-36397-A-23.wav,breathing,esc50:36397,1.0
glass_breaking__fsd50k__dev__270816__0109__r0__aug3.wav,glass_breaking,FSD50K,270816,freesound:270816,glass_breaking__fsd50k__dev__270816__0109__r0.wav,3369b5e207f7726f9fb4dcbcb60e652e0e6743b3ad9ff4278b1dec32ed6d19a4,1bc5573e994bc6b3235f342ba391c18adfe6ed1f6431f0ecdcbdc2efa6ca2122,3,4.5422,44100,1.0,451,position_filter_background,0.33165,-3.7848,1.0,256.758,6919.552,1.0,23.5815,0.154183,1-57163-A-38.wav,clock_tick,esc50:57163,1.0
glass_breaking__fsd50k__dev__270816__0109__r0__aug4.wav,glass_breaking,FSD50K,270816,freesound:270816,glass_breaking__fsd50k__dev__270816__0109__r0.wav,3369b5e207f7726f9fb4dcbcb60e652e0e6743b3ad9ff4278b1dec32ed6d19a4,5568f0dcca4d1472f3a2a454ff42bb866593c7bd236699f7396d991ca3488b3b,4,4.5422,44100,1.0,451,position_speed_gain,0.162863,-3.4955,0.995025,,,1.0,,,,,,1.0
glass_breaking__fsd50k__dev__270816__0109__r0__aug5.wav,glass_breaking,FSD50K,270816,freesound:270816,glass_breaking__fsd50k__dev__270816__0109__r0.wav,3369b5e207f7726f9fb4dcbcb60e652e0e6743b3ad9ff4278b1dec32ed6d19a4,84d31e28f9f831cb8a9467b727db512b142ed56a6770d7ead6c575e101cd143a,5,4.5422,44100,1.0,451,position_compression_background,0.16104,-6.0681,1.0,,,1.53163,22.7538,0.02526756,2-82455-A-23.wav,breathing,esc50:82455,1.0
glass_breaking__fsd50k__dev__278152__0061__r0__aug0.wav,glass_breaking,FSD50K,278152,freesound:278152,glass_breaking__fsd50k__dev__278152__0061__r0.wav,c3f5951f72e765f12529f235a9047a7325fba62a6dd8abf7b02cb7bd8cd90980,c1c942c00b9d979d7389b64dcf9f50230ef6f0472c066664cbef2f85b1fe736c,0,0.082336,44100,1.0,451,position_only,0.255856,0.0,1.0,,,1.0,,,,,,1.0
glass_breaking__fsd50k__dev__278152__0061__r0__aug1.wav,glass_breaking,FSD50K,278152,freesound:278152,glass_breaking__fsd50k__dev__278152__0061__r0.wav,c3f5951f72e765f12529f235a9047a7325fba62a6dd8abf7b02cb7bd8cd90980,bbc428d1a15a2daaca07108ea4fd2fabfd40a7ae64c27e91b9e73f6e49adcbcb,1,0.082336,44100,1.0,451,position_gain,0.217452,-3.6353,1.0,,,1.0,,,,,,1.0
glass_breaking__fsd50k__dev__278152__0061__r0__aug2.wav,glass_breaking,FSD50K,278152,freesound:278152,glass_breaking__fsd50k__dev__278152__0061__r0.wav,c3f5951f72e765f12529f235a9047a7325fba62a6dd8abf7b02cb7bd8cd90980,0a181316b37ecf9f725995e8bf3aa43f722e72f61b1a37767f3ea3e6054190af,2,0.082336,44100,1.0,451,position_gain_background,0.21066,-6.3574,1.0,,,1.0,18.3794,0.08597827,1-39901-A-11.wav,sea_waves,esc50:39901,1.0
glass_breaking__fsd50k__dev__278152__0061__r0__aug3.wav,glass_breaking,FSD50K,278152,freesound:278152,glass_breaking__fsd50k__dev__278152__0061__r0.wav,c3f5951f72e765f12529f235a9047a7325fba62a6dd8abf7b02cb7bd8cd90980,d7cf4f7704c78f58bdd33a85ffe05d464e710f6b8de9a0e4bf9a30e0422953d7,3,0.082336,44100,1.0,451,position_filter_background,0.168936,2.6411,1.0,241.624,7336.001,1.0,18.7568,0.28585933,2-102568-A-35.wav,washing_machine,esc50:102568,0.94281602
glass_breaking__fsd50k__dev__278152__0061__r0__aug4.wav,glass_breaking,FSD50K,278152,freesound:278152,glass_breaking__fsd50k__dev__278152__0061__r0.wav,c3f5951f72e765f12529f235a9047a7325fba62a6dd8abf7b02cb7bd8cd90980,fa28a9ee63ad6e43b7211a5c6514ad18aef0a12838e1af8796ec36a328543c0e,4,0.082336,44100,1.0,451,position_speed_gain,0.261291,-7.2754,1.003641,,,1.0,,,,,,1.0
glass_breaking__fsd50k__dev__278152__0061__r0__aug5.wav,glass_breaking,FSD50K,278152,freesound:278152,glass_breaking__fsd50k__dev__278152__0061__r0.wav,c3f5951f72e765f12529f235a9047a7325fba62a6dd8abf7b02cb7bd8cd90980,cbb097043a529173d0bf897072d029a8e116c47076fc5cdc5748453e8e964db2,5,0.082336,44100,1.0,451,position_compression_background,0.300839,2.9354,1.0,,,1.44303,14.7429,0.79487804,1-62594-A-32.wav,keyboard_typing,esc50:62594,0.91141608
glass_breaking__fsd50k__dev__30368__0037__r0__aug0.wav,glass_breaking,FSD50K,30368,freesound:30368,glass_breaking__fsd50k__dev__30368__0037__r0.wav,07bdfe73fb065db6e854818c92a7fea81cf974ff9ff94283f2c696267bef0e39,8d8bafbcf0b2985123d645efca34bfeacabe7bdffb06b9d6973f819587401d17,0,1.698662,44100,1.0,451,position_only,0.305786,0.0,1.0,,,1.0,,,,,,1.0
glass_breaking__fsd50k__dev__30368__0037__r0__aug1.wav,glass_breaking,FSD50K,30368,freesound:30368,glass_breaking__fsd50k__dev__30368__0037__r0.wav,07bdfe73fb065db6e854818c92a7fea81cf974ff9ff94283f2c696267bef0e39,0ee634bc8557d0a713d2e408e02778afa8a92535c03c41743cb3dbd2ec03f22c,1,1.698662,44100,1.0,451,position_gain,0.15881,4.3337,1.0,,,1.0,,,,,,1.0
glass_breaking__fsd50k__dev__30368__0037__r0__aug2.wav,glass_breaking,FSD50K,30368,freesound:30368,glass_breaking__fsd50k__dev__30368__0037__r0.wav,07bdfe73fb065db6e854818c92a7fea81cf974ff9ff94283f2c696267bef0e39,dec39d4874f63f1049baa2543cc15988da49ba5a9ee21e7b6d6438830e6e152e,2,1.698662,44100,1.0,451,position_gain_background,0.273813,-0.4343,1.0,,,1.0,19.4464,0.16133508,2-95567-A-23.wav,breathing,esc50:95567,1.0
glass_breaking__fsd50k__dev__30368__0037__r0__aug3.wav,glass_breaking,FSD50K,30368,freesound:30368,glass_breaking__fsd50k__dev__30368__0037__r0.wav,07bdfe73fb065db6e854818c92a7fea81cf974ff9ff94283f2c696267bef0e39,f4a9f0197454331e242528da4415404ec5ede5f59bc898e575ca8c160c59277e,3,1.698662,44100,1.0,451,position_filter_background,0.331398,-11.028,1.0,232.472,7169.082,1.0,13.8961,0.01294142,2-118459-B-32.wav,keyboard_typing,esc50:118459,1.0
glass_breaking__fsd50k__dev__30368__0037__r0__aug4.wav,glass_breaking,FSD50K,30368,freesound:30368,glass_breaking__fsd50k__dev__30368__0037__r0.wav,07bdfe73fb065db6e854818c92a7fea81cf974ff9ff94283f2c696267bef0e39,7a0aa2799365a0f05b3127dd9559f7abc5015780cb3f1029af4e55335860d3bb,4,1.698662,44100,1.0,451,position_speed_gain,0.251291,-6.7634,1.033841,,,1.0,,,,,,1.0
glass_breaking__fsd50k__dev__30368__0037__r0__aug5.wav,glass_breaking,FSD50K,30368,freesound:30368,glass_breaking__fsd50k__dev__30368__0037__r0.wav,07bdfe73fb065db6e854818c92a7fea81cf974ff9ff94283f2c696267bef0e39,c086867cdde24abddc3a6e383d53c35ad32db7ea504357a1420316da771a3bc0,5,1.698662,44100,1.0,451,position_compression_background,0.19107,-7.9634,1.0,,,1.48719,13.1705,0.2751114,3-170383-A-38.wav,clock_tick,esc50:170383,1.0
glass_breaking__fsd50k__dev__321139__0044__r0__aug0.wav,glass_breaking,FSD50K,321139,freesound:321139,glass_breaking__fsd50k__dev__321139__0044__r0.wav,b900bc1f0df6d0290d23ced4ca51638404b8ac122e915541197a156ebd76d2f6,e78dd89c60732a86756967757fa6735e4f9b63a5fdf5c6303b29b65af76996f0,0,0.122245,44100,1.0,451,position_only,0.238628,0.0,1.0,,,1.0,,,,,,0.89127814
glass_breaking__fsd50k__dev__321139__0044__r0__aug1.wav,glass_breaking,FSD50K,321139,freesound:321139,glass_breaking__fsd50k__dev__321139__0044__r0.wav,b900bc1f0df6d0290d23ced4ca51638404b8ac122e915541197a156ebd76d2f6,f36c1259cf7adc36147440aeaf3044285b4bcb45f1f0f4a087350d2ec0a19909,1,0.122245,44100,1.0,451,position_gain,0.306308,-7.088,1.0,,,1.0,,,,,,1.0
glass_breaking__fsd50k__dev__321139__0044__r0__aug2.wav,glass_breaking,FSD50K,321139,freesound:321139,glass_breaking__fsd50k__dev__321139__0044__r0.wav,b900bc1f0df6d0290d23ced4ca51638404b8ac122e915541197a156ebd76d2f6,7589494984f23e04acf0b0d7f962d613838a716ad42ef32cabf09361e073fd81,2,0.122245,44100,1.0,451,position_gain_background,0.172818,-1.4697,1.0,,,1.0,16.4944,0.07296068,2-54961-A-23.wav,breathing,esc50:54961,1.0
glass_breaking__fsd50k__dev__321139__0044__r0__aug3.wav,glass_breaking,FSD50K,321139,freesound:321139,glass_breaking__fsd50k__dev__321139__0044__r0.wav,b900bc1f0df6d0290d23ced4ca51638404b8ac122e915541197a156ebd76d2f6,872f2a6de1860fa045980933cfb24a082d9c9bd2620c46deb869b233e0ebd491,3,0.122245,44100,1.0,451,position_filter_background,0.108677,-2.0375,1.0,216.142,7323.128,1.0,13.5832,1.22167795,3-171012-A-38.wav,clock_tick,esc50:171012,0.87332288
glass_breaking__fsd50k__dev__321139__0044__r0__aug4.wav,glass_breaking,FSD50K,321139,freesound:321139,glass_breaking__fsd50k__dev__321139__0044__r0.wav,b900bc1f0df6d0290d23ced4ca51638404b8ac122e915541197a156ebd76d2f6,7ecb2cafd20fd5d247a406b79df844bba8b770c303b540b1030726b7105c3e27,4,0.122245,44100,1.0,451,position_speed_gain,0.186167,-5.2652,0.98144,,,1.0,,,,,,1.0
glass_breaking__fsd50k__dev__321139__0044__r0__aug5.wav,glass_breaking,FSD50K,321139,freesound:321139,glass_breaking__fsd50k__dev__321139__0044__r0.wav,b900bc1f0df6d0290d23ced4ca51638404b8ac122e915541197a156ebd76d2f6,446016c5548007508a3b2e924663d438d090a18a1ba1b88f974a7a193940f491,5,0.122245,44100,1.0,451,position_compression_background,0.185279,-7.196,1.0,,,1.72082,11.3251,0.0887728,3-155642-A-11.wav,sea_waves,esc50:155642,1.0
glass_breaking__fsd50k__dev__322602__0116__r0__aug0.wav,glass_breaking,FSD50K,322602,freesound:322602,glass_breaking__fsd50k__dev__322602__0116__r0.wav,1df16d652399f0d4b760bb6dea575fec1c218c6b18303fd71cadd0bcc1585777,357342b56a729e5a0fa58186f8bb46cbf06733726c82a9f12d79b6ba354a90c2,0,0.730862,44100,1.0,451,position_only,0.344078,0.0,1.0,,,1.0,,,,,,1.0
glass_breaking__fsd50k__dev__322602__0116__r0__aug1.wav,glass_breaking,FSD50K,322602,freesound:322602,glass_breaking__fsd50k__dev__322602__0116__r0.wav,1df16d652399f0d4b760bb6dea575fec1c218c6b18303fd71cadd0bcc1585777,00e49c64a5e1ac5f25f77e04e3791c3d12cdd5899a555a661214eeeaeda15802,1,0.730862,44100,1.0,451,position_gain,0.298568,-5.2568,1.0,,,1.0,,,,,,1.0
glass_breaking__fsd50k__dev__322602__0116__r0__aug2.wav,glass_breaking,FSD50K,322602,freesound:322602,glass_breaking__fsd50k__dev__322602__0116__r0.wav,1df16d652399f0d4b760bb6dea575fec1c218c6b18303fd71cadd0bcc1585777,f82704f0a679ef989990d5706dd038628918654b32cef5f4a27a23bce41939ec,2,0.730862,44100,1.0,451,position_gain_background,0.235785,-3.985,1.0,,,1.0,12.592,0.00856211,3-171041-A-38.wav,clock_tick,esc50:171041,1.0
glass_breaking__fsd50k__dev__322602__0116__r0__aug3.wav,glass_breaking,FSD50K,322602,freesound:322602,glass_breaking__fsd50k__dev__322602__0116__r0.wav,1df16d652399f0d4b760bb6dea575fec1c218c6b18303fd71cadd0bcc1585777,4fdcf30d82c55c3d9917be1419340fcf5e24990a984b007f2ecbf7591215692f,3,0.730862,44100,1.0,451,position_filter_background,0.198575,-10.378,1.0,222.775,6779.079,1.0,14.3513,0.00024232,2-124662-A-11.wav,sea_waves,esc50:124662,1.0
glass_breaking__fsd50k__dev__322602__0116__r0__aug4.wav,glass_breaking,FSD50K,322602,freesound:322602,glass_breaking__fsd50k__dev__322602__0116__r0.wav,1df16d652399f0d4b760bb6dea575fec1c218c6b18303fd71cadd0bcc1585777,291f74f88672407e15d43194d80875108edc04ff62960c8cb9ed87bb1bf6a419,4,0.730862,44100,1.0,451,position_speed_gain,0.283749,-6.052,0.975919,,,1.0,,,,,,1.0
glass_breaking__fsd50k__dev__322602__0116__r0__aug5.wav,glass_breaking,FSD50K,322602,freesound:322602,glass_breaking__fsd50k__dev__322602__0116__r0.wav,1df16d652399f0d4b760bb6dea575fec1c218c6b18303fd71cadd0bcc1585777,80232f8c636ecc70c3345af340c53e070b2e20f785f73d9503c3b2bd6bc170df,5,0.730862,44100,1.0,451,position_compression_background,0.297573,-7.9174,1.0,,,1.69459,11.5084,0.00900178,2-99796-A-32.wav,keyboard_typing,esc50:99796,1.0
glass_breaking__fsd50k__dev__322603__0038__r0__aug0.wav,glass_breaking,FSD50K,322603,freesound:322603,glass_breaking__fsd50k__dev__322603__0038__r0.wav,d1b3c939eac266e7534ba3d010ac72ff559382f6493d5e1d9e5b2868a816b491,7789131d6f9b9057d2674c38720ffc2f92000d184b386514819311e64af4d280,0,0.092313,44100,1.0,451,position_only,0.142991,0.0,1.0,,,1.0,,,,,,0.89125094
glass_breaking__fsd50k__dev__322603__0038__r0__aug1.wav,glass_breaking,FSD50K,322603,freesound:322603,glass_breaking__fsd50k__dev__322603__0038__r0.wav,d1b3c939eac266e7534ba3d010ac72ff559382f6493d5e1d9e5b2868a816b491,898a6a569ec104bd92b5ef34817a2410db2ba3c02282f14aa33176a48da7649f,1,0.092313,44100,1.0,451,position_gain,0.150127,-0.487,1.0,,,1.0,,,,,,0.94265138
glass_breaking__fsd50k__dev__322603__0038__r0__aug2.wav,glass_breaking,FSD50K,322603,freesound:322603,glass_breaking__fsd50k__dev__322603__0038__r0.wav,d1b3c939eac266e7534ba3d010ac72ff559382f6493d5e1d9e5b2868a816b491,c97c4ab18beba9524e5370f98fc8dd1ee7ce30c7fd9a6c39711095a46af6fc5a,2,0.092313,44100,1.0,451,position_gain_background,0.224722,-11.0434,1.0,,,1.0,23.8763,1.41886806,3-132830-A-32.wav,keyboard_typing,esc50:132830,1.0
glass_breaking__fsd50k__dev__322603__0038__r0__aug3.wav,glass_breaking,FSD50K,322603,freesound:322603,glass_breaking__fsd50k__dev__322603__0038__r0.wav,d1b3c939eac266e7534ba3d010ac72ff559382f6493d5e1d9e5b2868a816b491,63c0a1eb5752abb4aa6220148c09c37d1ebf00ae83579b8d347f1a69b78c0129,3,0.092313,44100,1.0,451,position_filter_background,0.308675,3.2776,1.0,123.54,6431.172,1.0,17.6788,6.55565813,3-132830-A-32.wav,keyboard_typing,esc50:132830,0.47459138
glass_breaking__fsd50k__dev__322603__0038__r0__aug4.wav,glass_breaking,FSD50K,322603,freesound:322603,glass_breaking__fsd50k__dev__322603__0038__r0.wav,d1b3c939eac266e7534ba3d010ac72ff559382f6493d5e1d9e5b2868a816b491,0d08daec085fc4f69e54a1220b20edc878e03c995573482ca56ea3273d4cccd6,4,0.092313,44100,1.0,451,position_speed_gain,0.265121,-6.9049,0.990861,,,1.0,,,,,,1.0
glass_breaking__fsd50k__dev__322603__0038__r0__aug5.wav,glass_breaking,FSD50K,322603,freesound:322603,glass_breaking__fsd50k__dev__322603__0038__r0.wav,d1b3c939eac266e7534ba3d010ac72ff559382f6493d5e1d9e5b2868a816b491,28054f769e85224658ea5f87acdaa7bc2bc9eef21385162a558b7c71d96fd9ea,5,0.092313,44100,1.0,451,position_compression_background,0.152644,-7.5927,1.0,,,1.35179,10.2313,1.47541635,2-104168-A-32.wav,keyboard_typing,esc50:104168,0.86439352
glass_breaking__fsd50k__dev__323077__0062__r0__aug0.wav,glass_breaking,FSD50K,323077,freesound:323077,glass_breaking__fsd50k__dev__323077__0062__r0.wav,960c88327112e71e976804d5196a57650c4c501def50dfe330cb080248635e28,72652ed7d06f144a9c152831d6e83a55d756495097e0f02d6abea5463a6310cd,0,0.012494,44100,1.0,451,position_only,0.349254,0.0,1.0,,,1.0,,,,,,0.89125094
glass_breaking__fsd50k__dev__323077__0062__r0__aug1.wav,glass_breaking,FSD50K,323077,freesound:323077,glass_breaking__fsd50k__dev__323077__0062__r0.wav,960c88327112e71e976804d5196a57650c4c501def50dfe330cb080248635e28,f53dc311080c66e9173d1806bc9c65d9d99d3ef8c22b1a5d1bf3777d9e53cd21,1,0.012494,44100,1.0,451,position_gain,0.266152,-7.6414,1.0,,,1.0,,,,,,1.0
glass_breaking__fsd50k__dev__323077__0062__r0__aug2.wav,glass_breaking,FSD50K,323077,freesound:323077,glass_breaking__fsd50k__dev__323077__0062__r0.wav,960c88327112e71e976804d5196a57650c4c501def50dfe330cb080248635e28,68f9376a882c76ab19995d6cdde783721fc30e31fa719ea8a00671537c32dd61,2,0.012494,44100,1.0,451,position_gain_background,0.332216,0.2199,1.0,,,1.0,19.411,0.81796151,3-144128-B-23.wav,breathing,esc50:144128,0.86088954
glass_breaking__fsd50k__dev__323077__0062__r0__aug3.wav,glass_breaking,FSD50K,323077,freesound:323077,glass_breaking__fsd50k__dev__323077__0062__r0.wav,960c88327112e71e976804d5196a57650c4c501def50dfe330cb080248635e28,d2f005b7a91ea78daad834c78687c590bc25398850bc227685a0eb0d64d6d0a7,3,0.012494,44100,1.0,451,position_filter_background,0.237783,2.3592,1.0,164.62,6272.909,1.0,20.8955,0.12841271,2-54961-A-23.wav,breathing,esc50:54961,0.72980595
glass_breaking__fsd50k__dev__323077__0062__r0__aug4.wav,glass_breaking,FSD50K,323077,freesound:323077,glass_breaking__fsd50k__dev__323077__0062__r0.wav,960c88327112e71e976804d5196a57650c4c501def50dfe330cb080248635e28,0f32746c2b9e8ef8f8e519c6b357780a6a56b4809d88d7d276e687aa32d5fe7f,4,0.012494,44100,1.0,451,position_speed_gain,0.182563,-6.5917,0.984188,,,1.0,,,,,,1.0
glass_breaking__fsd50k__dev__323077__0062__r0__aug5.wav,glass_breaking,FSD50K,323077,freesound:323077,glass_breaking__fsd50k__dev__323077__0062__r0.wav,960c88327112e71e976804d5196a57650c4c501def50dfe330cb080248635e28,7491839971914b4fca4d66c7ce940b6f6b5b835701b08237b17af9354565701d,5,0.012494,44100,1.0,451,position_compression_background,0.147403,0.2393,1.0,,,1.79295,19.4673,0.39487478,1-21934-A-38.wav,clock_tick,esc50:21934,0.88594148
glass_breaking__fsd50k__dev__324645__0027__r0__aug0.wav,glass_breaking,FSD50K,324645,freesound:324645,glass_breaking__fsd50k__dev__324645__0027__r0.wav,75ec52f09fb585e4ac62581b6934b49c07246f50c42d8a195ceeee6af17ea6de,ea5778e512626d52e0adb574ba313c10614d492a2972d57a1d8fecbaeda0397b,0,2.93585,44100,1.0,451,position_only,0.160095,0.0,1.0,,,1.0,,,,,,1.0
glass_breaking__fsd50k__dev__324645__0027__r0__aug1.wav,glass_breaking,FSD50K,324645,freesound:324645,glass_breaking__fsd50k__dev__324645__0027__r0.wav,75ec52f09fb585e4ac62581b6934b49c07246f50c42d8a195ceeee6af17ea6de,731156d24d47a06368233ef520f0b081eb1d2dda730ad752d2b42cd27f606595,1,2.93585,44100,1.0,451,position_gain,0.309665,-2.1656,1.0,,,1.0,,,,,,1.0
glass_breaking__fsd50k__dev__324645__0027__r0__aug2.wav,glass_breaking,FSD50K,324645,freesound:324645,glass_breaking__fsd50k__dev__324645__0027__r0.wav,75ec52f09fb585e4ac62581b6934b49c07246f50c42d8a195ceeee6af17ea6de,fe86192c88bec710fb0c12ee5f9e248226cb612434d0a40646b0f5659704b9ed,2,2.93585,44100,1.0,451,position_gain_background,0.287653,-2.2825,1.0,,,1.0,17.7766,0.04900317,1-39901-A-11.wav,sea_waves,esc50:39901,1.0
glass_breaking__fsd50k__dev__324645__0027__r0__aug3.wav,glass_breaking,FSD50K,324645,freesound:324645,glass_breaking__fsd50k__dev__324645__0027__r0.wav,75ec52f09fb585e4ac62581b6934b49c07246f50c42d8a195ceeee6af17ea6de,4d21ac228c0029505be0e4a974616b5982d0a78e7f4760420c5f6100bcd2cc44,3,2.93585,44100,1.0,451,position_filter_background,0.177721,-9.2643,1.0,127.271,6537.081,1.0,14.3494,0.0206469,2-59241-A-35.wav,washing_machine,esc50:59241,1.0
glass_breaking__fsd50k__dev__324645__0027__r0__aug4.wav,glass_breaking,FSD50K,324645,freesound:324645,glass_breaking__fsd50k__dev__324645__0027__r0.wav,75ec52f09fb585e4ac62581b6934b49c07246f50c42d8a195ceeee6af17ea6de,d061a91bbe604fcfb1644415a8911f89a1e20cd265509dd566c0d85b9b9c4fd2,4,2.93585,44100,1.0,451,position_speed_gain,0.262308,-6.2217,0.968766,,,1.0,,,,,,1.0
glass_breaking__fsd50k__dev__324645__0027__r0__aug5.wav,glass_breaking,FSD50K,324645,freesound:324645,glass_breaking__fsd50k__dev__324645__0027__r0.wav,75ec52f09fb585e4ac62581b6934b49c07246f50c42d8a195ceeee6af17ea6de,362c600cd2628749d2ee0e606f885e0c92a6c2fb8f23cfb69d676dce46d5ed40,5,2.93585,44100,1.0,451,position_compression_background,0.198748,2.6377,1.0,,,1.74304,21.5992,0.06034763,2-102852-A-11.wav,sea_waves,esc50:102852,1.0
glass_breaking__fsd50k__dev__344265__0048__r0__aug0.wav,glass_breaking,FSD50K,344265,freesound:344265,glass_breaking__fsd50k__dev__344265__0048__r0.wav,679137f8e19a0420073f30c1da8740914e4e6ea5b423df8a925c6d621d6e94cb,be7e45d2ae09ee27d5efe378f56be2f36eebac398bdd2619d446cdaf58a2969d,0,0.945374,44100,1.0,451,position_only,0.158105,0.0,1.0,,,1.0,,,,,,0.9425979
glass_breaking__fsd50k__dev__344265__0048__r0__aug1.wav,glass_breaking,FSD50K,344265,freesound:344265,glass_breaking__fsd50k__dev__344265__0048__r0.wav,679137f8e19a0420073f30c1da8740914e4e6ea5b423df8a925c6d621d6e94cb,997f55f147289ed5856b855d757a110d4e779e4aa4ec53a3769712e7df7f1d31,1,0.945374,44100,1.0,451,position_gain,0.29593,4.8886,1.0,,,1.0,,,,,,0.50765747
glass_breaking__fsd50k__dev__344265__0048__r0__aug2.wav,glass_breaking,FSD50K,344265,freesound:344265,glass_breaking__fsd50k__dev__344265__0048__r0.wav,679137f8e19a0420073f30c1da8740914e4e6ea5b423df8a925c6d621d6e94cb,4a243c1dd55c760d897ed2f98b5e7a2e01bc5561020ecda932041ff1e1c08660,2,0.945374,44100,1.0,451,position_gain_background,0.345978,-4.2967,1.0,,,1.0,21.8481,0.32384691,2-109316-A-32.wav,keyboard_typing,esc50:109316,1.0
glass_breaking__fsd50k__dev__344265__0048__r0__aug3.wav,glass_breaking,FSD50K,344265,freesound:344265,glass_breaking__fsd50k__dev__344265__0048__r0.wav,679137f8e19a0420073f30c1da8740914e4e6ea5b423df8a925c6d621d6e94cb,525af7a8bee178feac1423e240a384f59407575ca96a90c70ed3df165aec0d7e,3,0.945374,44100,1.0,451,position_filter_background,0.34642,-7.5753,1.0,189.089,7595.205,1.0,20.1819,0.88142836,1-94231-A-32.wav,keyboard_typing,esc50:94231,1.0
glass_breaking__fsd50k__dev__344265__0048__r0__aug4.wav,glass_breaking,FSD50K,344265,freesound:344265,glass_breaking__fsd50k__dev__344265__0048__r0.wav,679137f8e19a0420073f30c1da8740914e4e6ea5b423df8a925c6d621d6e94cb,e845e59240d44aee5899166a7d9fe2ce489bbb8c2a4065e573a2308ba8415885,4,0.945374,44100,1.0,451,position_speed_gain,0.294236,-7.1599,0.990694,,,1.0,,,,,,1.0
glass_breaking__fsd50k__dev__344265__0048__r0__aug5.wav,glass_breaking,FSD50K,344265,freesound:344265,glass_breaking__fsd50k__dev__344265__0048__r0.wav,679137f8e19a0420073f30c1da8740914e4e6ea5b423df8a925c6d621d6e94cb,1e78c44543dd8ce6d3b2ad0d51576fef85bd817e8690f6f2ce8015738102d58c,5,0.945374,44100,1.0,451,position_compression_background,0.289505,-5.2903,1.0,,,1.7531,18.0865,0.12137141,2-120333-A-32.wav,keyboard_typing,esc50:120333,1.0
glass_breaking__fsd50k__dev__344266__0182__r0__aug0.wav,glass_breaking,FSD50K,344266,freesound:344266,glass_breaking__fsd50k__dev__344266__0182__r0.wav,777c8aa0c25ac68a66e76619f506c9cbbc582c43fac854df15eaccfa12487ee3,c1aa63e76b96fe20f4b6acc147673e5cdff558867788d237a316ff418d1c38ec,0,1.03517,44100,1.0,451,position_only,0.280074,0.0,1.0,,,1.0,,,,,,0.89125094
glass_breaking__fsd50k__dev__344266__0182__r0__aug1.wav,glass_breaking,FSD50K,344266,freesound:344266,glass_breaking__fsd50k__dev__344266__0182__r0.wav,777c8aa0c25ac68a66e76619f506c9cbbc582c43fac854df15eaccfa12487ee3,99c7ec1932531e2df7958961960b255edb2ea4c0b19f72de8d7092adae6b46e4,1,1.03517,44100,1.0,451,position_gain,0.331493,-2.1956,1.0,,,1.0,,,,,,1.0
glass_breaking__fsd50k__dev__344266__0182__r0__aug2.wav,glass_breaking,FSD50K,344266,freesound:344266,glass_breaking__fsd50k__dev__344266__0182__r0.wav,777c8aa0c25ac68a66e76619f506c9cbbc582c43fac854df15eaccfa12487ee3,c01c57c95a8515d7459aef9b86f65bcf63ee96e2fa4aa0b508e209fb4c531f77,2,1.03517,44100,1.0,451,position_gain_background,0.278545,2.5474,1.0,,,1.0,19.3838,0.24235309,2-54962-A-23.wav,breathing,esc50:54962,0.64810681
glass_breaking__fsd50k__dev__344266__0182__r0__aug3.wav,glass_breaking,FSD50K,344266,freesound:344266,glass_breaking__fsd50k__dev__344266__0182__r0.wav,777c8aa0c25ac68a66e76619f506c9cbbc582c43fac854df15eaccfa12487ee3,356e0b03d11fb63e9f76637b58958fbebb72c4a85db9fef224eb6d4c36363666,3,1.03517,44100,1.0,451,position_filter_background,0.202968,-0.1016,1.0,159.054,5646.824,1.0,13.922,0.72206928,2-134700-A-38.wav,clock_tick,esc50:134700,1.0
glass_breaking__fsd50k__dev__344266__0182__r0__aug4.wav,glass_breaking,FSD50K,344266,freesound:344266,glass_breaking__fsd50k__dev__344266__0182__r0.wav,777c8aa0c25ac68a66e76619f506c9cbbc582c43fac854df15eaccfa12487ee3,6ce954055f5fbc3bfe901d133def29a50e9eb23c5984e647621e3c9c32f8c8eb,4,1.03517,44100,1.0,451,position_speed_gain,0.344228,1.5526,0.98097,,,1.0,,,,,,0.65903286
glass_breaking__fsd50k__dev__344266__0182__r0__aug5.wav,glass_breaking,FSD50K,344266,freesound:344266,glass_breaking__fsd50k__dev__344266__0182__r0.wav,777c8aa0c25ac68a66e76619f506c9cbbc582c43fac854df15eaccfa12487ee3,7e01614302abd6602c276e9f53c5b303f7453fcf1a06ca8c227e272670bc400b,5,1.03517,44100,1.0,451,position_compression_background,0.115811,-11.5565,1.0,,,1.25305,19.6885,0.01365784,1-91359-B-11.wav,sea_waves,esc50:91359,1.0
glass_breaking__fsd50k__dev__344267__0147__r0__aug0.wav,glass_breaking,FSD50K,344267,freesound:344267,glass_breaking__fsd50k__dev__344267__0147__r0.wav,3b6befc5aaba83d2de4f328ff234bbdeb2bd5fb19a9827559cd42b264ea9e1be,14926e651dcb3a802179c8271bafcf9a05f5accf485c0db8db0f886979cbc2f2,0,0.416576,44100,1.0,451,position_only,0.187944,0.0,1.0,,,1.0,,,,,,0.89125094
glass_breaking__fsd50k__dev__344267__0147__r0__aug1.wav,glass_breaking,FSD50K,344267,freesound:344267,glass_breaking__fsd50k__dev__344267__0147__r0.wav,3b6befc5aaba83d2de4f328ff234bbdeb2bd5fb19a9827559cd42b264ea9e1be,a0d08de448d0adb395e78fde9e680526236dd08c4eb09d2987c6b9b3e8c237fa,1,0.416576,44100,1.0,451,position_gain,0.214983,-11.9609,1.0,,,1.0,,,,,,1.0
glass_breaking__fsd50k__dev__344267__0147__r0__aug2.wav,glass_breaking,FSD50K,344267,freesound:344267,glass_breaking__fsd50k__dev__344267__0147__r0.wav,3b6befc5aaba83d2de4f328ff234bbdeb2bd5fb19a9827559cd42b264ea9e1be,932d91a74a37458e89342cd450321e0fae841d7a3114165e3ea66956174c6626,2,0.416576,44100,1.0,451,position_gain_background,0.225267,-11.8836,1.0,,,1.0,24.476,0.01078648,1-30709-C-23.wav,breathing,esc50:30709,1.0
glass_breaking__fsd50k__dev__344267__0147__r0__aug3.wav,glass_breaking,FSD50K,344267,freesound:344267,glass_breaking__fsd50k__dev__344267__0147__r0.wav,3b6befc5aaba83d2de4f328ff234bbdeb2bd5fb19a9827559cd42b264ea9e1be,fe1386d0262a5f5f90220981b069bdc6bcbf2ef9f3fac45b2d6332339591351d,3,0.416576,44100,1.0,451,position_filter_background,0.273846,-6.7058,1.0,116.784,6062.293,1.0,17.5691,0.05530676,1-43760-A-11.wav,sea_waves,esc50:43760,1.0
glass_breaking__fsd50k__dev__344267__0147__r0__aug4.wav,glass_breaking,FSD50K,344267,freesound:344267,glass_breaking__fsd50k__dev__344267__0147__r0.wav,3b6befc5aaba83d2de4f328ff234bbdeb2bd5fb19a9827559cd42b264ea9e1be,2a61c455607ae956c068ea41ed27df05943f31b40fbda241867245773a9a3429,4,0.416576,44100,1.0,451,position_speed_gain,0.256345,-5.6484,0.978933,,,1.0,,,,,,1.0
glass_breaking__fsd50k__dev__344267__0147__r0__aug5.wav,glass_breaking,FSD50K,344267,freesound:344267,glass_breaking__fsd50k__dev__344267__0147__r0.wav,3b6befc5aaba83d2de4f328ff234bbdeb2bd5fb19a9827559cd42b264ea9e1be,24451affec162577384007418e1df6d342a87e81170332ed215c98a34ec922a8,5,0.416576,44100,1.0,451,position_compression_background,0.173794,-11.3018,1.0,,,1.54557,24.4093,0.01270392,2-121909-A-35.wav,washing_machine,esc50:121909,1.0
glass_breaking__fsd50k__dev__344268__0123__r0__aug0.wav,glass_breaking,FSD50K,344268,freesound:344268,glass_breaking__fsd50k__dev__344268__0123__r0.wav,2e38efa151f141eaa2b21d0c706d2d1fc9a614eab2e8c57cf02c07b18d259bc6,3bef1c1997d7fca0bf6ae716828356a335e8d62a5774b9009f1e544c1b046a11,0,0.197075,44100,1.0,451,position_only,0.128006,0.0,1.0,,,1.0,,,,,,0.89125094
glass_breaking__fsd50k__dev__344268__0123__r0__aug1.wav,glass_breaking,FSD50K,344268,freesound:344268,glass_breaking__fsd50k__dev__344268__0123__r0.wav,2e38efa151f141eaa2b21d0c706d2d1fc9a614eab2e8c57cf02c07b18d259bc6,3f2e601dc76c2ae5e5a29ea5b8c6a43386d930498486c57e527139bfd62dd321,1,0.197075,44100,1.0,451,position_gain,0.303072,2.28,1.0,,,1.0,,,,,,0.68549055
glass_breaking__fsd50k__dev__344268__0123__r0__aug2.wav,glass_breaking,FSD50K,344268,freesound:344268,glass_breaking__fsd50k__dev__344268__0123__r0.wav,2e38efa151f141eaa2b21d0c706d2d1fc9a614eab2e8c57cf02c07b18d259bc6,3ce227eeb49afa0b76db682b68d1775619f11738c50b1c630204a39a14aa0561,2,0.197075,44100,1.0,451,position_gain_background,0.325568,4.1362,1.0,,,1.0,17.2998,0.32201093,3-155642-A-11.wav,sea_waves,esc50:155642,0.52328744
glass_breaking__fsd50k__dev__344268__0123__r0__aug3.wav,glass_breaking,FSD50K,344268,freesound:344268,glass_breaking__fsd50k__dev__344268__0123__r0.wav,2e38efa151f141eaa2b21d0c706d2d1fc9a614eab2e8c57cf02c07b18d259bc6,85ab51791b0c4fd6ca3699851beb30730f1ab3ea07969daf4c891f3e67f57579,3,0.197075,44100,1.0,451,position_filter_background,0.12232,-10.8041,1.0,111.944,6973.138,1.0,17.0304,0.63047678,3-155568-A-32.wav,keyboard_typing,esc50:155568,1.0
glass_breaking__fsd50k__dev__344268__0123__r0__aug4.wav,glass_breaking,FSD50K,344268,freesound:344268,glass_breaking__fsd50k__dev__344268__0123__r0.wav,2e38efa151f141eaa2b21d0c706d2d1fc9a614eab2e8c57cf02c07b18d259bc6,a2e7da3ac27c98f00aa75a03dc7484d8cc9a41439f769244734ef89d346f4492,4,0.197075,44100,1.0,451,position_speed_gain,0.28221,1.235,0.997125,,,1.0,,,,,,0.62650699
glass_breaking__fsd50k__dev__344268__0123__r0__aug5.wav,glass_breaking,FSD50K,344268,freesound:344268,glass_breaking__fsd50k__dev__344268__0123__r0.wav,2e38efa151f141eaa2b21d0c706d2d1fc9a614eab2e8c57cf02c07b18d259bc6,48d2abf893551d59534f470d8835a341a70821863bf35b619048f5a496ee4ed8,5,0.197075,44100,1.0,451,position_compression_background,0.187985,-11.0536,1.0,,,1.30912,24.6682,0.44441637,3-125548-A-32.wav,keyboard_typing,esc50:125548,1.0
glass_breaking__fsd50k__dev__344269__0165__r0__aug0.wav,glass_breaking,FSD50K,344269,freesound:344269,glass_breaking__fsd50k__dev__344269__0165__r0.wav,1122f631e0e76d4ce3f372476d43db86ef4268cec690083108be542340101c31,0a7f0579739d622891810bd9dd6e58f72b8ea20d0996438df7e6033c4d27afa6,0,0.985283,44100,1.0,451,position_only,0.259691,0.0,1.0,,,1.0,,,,,,0.89125094
glass_breaking__fsd50k__dev__344269__0165__r0__aug1.wav,glass_breaking,FSD50K,344269,freesound:344269,glass_breaking__fsd50k__dev__344269__0165__r0.wav,1122f631e0e76d4ce3f372476d43db86ef4268cec690083108be542340101c31,642059dd72d27ea19eab843310a24bf2935b32693c1cffe5a1ac060017d62a36,1,0.985283,44100,1.0,451,position_gain,0.321597,2.8492,1.0,,,1.0,,,,,,0.64200768
glass_breaking__fsd50k__dev__344269__0165__r0__aug2.wav,glass_breaking,FSD50K,344269,freesound:344269,glass_breaking__fsd50k__dev__344269__0165__r0.wav,1122f631e0e76d4ce3f372476d43db86ef4268cec690083108be542340101c31,553e047fd8422e245e33c07fb7393aa9f2cbfdfe66228c01732e39933543b69e,2,0.985283,44100,1.0,451,position_gain_background,0.21937,-5.7573,1.0,,,1.0,10.9283,0.04247626,1-30709-C-23.wav,breathing,esc50:30709,1.0
glass_breaking__fsd50k__dev__344269__0165__r0__aug3.wav,glass_breaking,FSD50K,344269,freesound:344269,glass_breaking__fsd50k__dev__344269__0165__r0.wav,1122f631e0e76d4ce3f372476d43db86ef4268cec690083108be542340101c31,30553af1f388befe83e789dbee80d46db30d3258ccd26e02ebefd7170e1edc26,3,0.985283,44100,1.0,451,position_filter_background,0.157069,-4.436,1.0,210.56,5575.327,1.0,23.4038,0.04294152,3-156391-A-35.wav,washing_machine,esc50:156391,1.0
glass_breaking__fsd50k__dev__344269__0165__r0__aug4.wav,glass_breaking,FSD50K,344269,freesound:344269,glass_breaking__fsd50k__dev__344269__0165__r0.wav,1122f631e0e76d4ce3f372476d43db86ef4268cec690083108be542340101c31,c2017f115fa32574f929883d9f4c8700403f86e97f44d8de77aad5c5949531fa,4,0.985283,44100,1.0,451,position_speed_gain,0.349492,0.6996,1.029305,,,1.0,,,,,,0.80827667
glass_breaking__fsd50k__dev__344269__0165__r0__aug5.wav,glass_breaking,FSD50K,344269,freesound:344269,glass_breaking__fsd50k__dev__344269__0165__r0.wav,1122f631e0e76d4ce3f372476d43db86ef4268cec690083108be542340101c31,98b91dd0e7193341952833e34652fd842863947052223d48203c74ee56b8866c,5,0.985283,44100,1.0,451,position_compression_background,0.229967,4.4011,1.0,,,1.6132,12.2605,1.33345908,2-66205-A-23.wav,breathing,esc50:66205,0.83045796
glass_breaking__fsd50k__dev__344270__0090__r0__aug0.wav,glass_breaking,FSD50K,344270,freesound:344270,glass_breaking__fsd50k__dev__344270__0090__r0.wav,2609a2ad5751c688b49e084dacd4c47dc5d083abe1bb5aa5e48b5d18fc3281a9,d5991e581182ae3f4247ec5db2cd285223e7eb81cfdf612da80774ef84d67538,0,0.376667,44100,1.0,451,position_only,0.270208,0.0,1.0,,,1.0,,,,,,0.89125094
glass_breaking__fsd50k__dev__344270__0090__r0__aug1.wav,glass_breaking,FSD50K,344270,freesound:344270,glass_breaking__fsd50k__dev__344270__0090__r0.wav,2609a2ad5751c688b49e084dacd4c47dc5d083abe1bb5aa5e48b5d18fc3281a9,fd6859d4cdf341f403a858ffb484934dea929b177985f76a6fb0163effaa16ec,1,0.376667,44100,1.0,451,position_gain,0.123328,-2.2499,1.0,,,1.0,,,,,,1.0
glass_breaking__fsd50k__dev__344270__0090__r0__aug2.wav,glass_breaking,FSD50K,344270,freesound:344270,glass_breaking__fsd50k__dev__344270__0090__r0.wav,2609a2ad5751c688b49e084dacd4c47dc5d083abe1bb5aa5e48b5d18fc3281a9,4bce32ebd6e6830f9b0d2011bda4985e4bd294d8496ffcb10ce3e09e56d48f79,2,0.376667,44100,1.0,451,position_gain_background,0.230668,-2.1366,1.0,,,1.0,18.4117,0.09913313,1-32373-B-35.wav,washing_machine,esc50:32373,1.0
glass_breaking__fsd50k__dev__344270__0090__r0__aug3.wav,glass_breaking,FSD50K,344270,freesound:344270,glass_breaking__fsd50k__dev__344270__0090__r0.wav,2609a2ad5751c688b49e084dacd4c47dc5d083abe1bb5aa5e48b5d18fc3281a9,bf261e6c8a5df3a8704e7cfd379812cc251a1e5ac0e5280e4aac977b1d523f91,3,0.376667,44100,1.0,451,position_filter_background,0.184995,4.6688,1.0,135.577,6447.191,1.0,22.7855,1.16329343,3-170377-A-38.wav,clock_tick,esc50:170377,0.43492657
glass_breaking__fsd50k__dev__344270__0090__r0__aug4.wav,glass_breaking,FSD50K,344270,freesound:344270,glass_breaking__fsd50k__dev__344270__0090__r0.wav,2609a2ad5751c688b49e084dacd4c47dc5d083abe1bb5aa5e48b5d18fc3281a9,bd8720642e1df21534d04674e8154f1692ba4bdfe4e2b2097323128bf849213c,4,0.376667,44100,1.0,451,position_speed_gain,0.148822,-3.672,0.970037,,,1.0,,,,,,1.0
glass_breaking__fsd50k__dev__344270__0090__r0__aug5.wav,glass_breaking,FSD50K,344270,freesound:344270,glass_breaking__fsd50k__dev__344270__0090__r0.wav,2609a2ad5751c688b49e084dacd4c47dc5d083abe1bb5aa5e48b5d18fc3281a9,d768944fcb576a2a3153b005317dff62f563c5f39c968689ef6da65ff8205832,5,0.376667,44100,1.0,451,position_compression_background,0.104625,3.4201,1.0,,,1.51637,22.942,1.5530487,2-99796-A-32.wav,keyboard_typing,esc50:99796,0.82667384
glass_breaking__fsd50k__dev__347496__0158__r0__aug0.wav,glass_breaking,FSD50K,347496,freesound:347496,glass_breaking__fsd50k__dev__347496__0158__r0.wav,134741827b07bffbc4f7f5b1661461a49fab27a07dba48f2bf3c1ad2dee1e570,be26eff98bef66cbfaf1a5f0a7aaad1e42b16beea098e3f025f7f16bd2ed6c7b,0,0.511361,44100,1.0,451,position_only,0.27737,0.0,1.0,,,1.0,,,,,,1.0
glass_breaking__fsd50k__dev__347496__0158__r0__aug1.wav,glass_breaking,FSD50K,347496,freesound:347496,glass_breaking__fsd50k__dev__347496__0158__r0.wav,134741827b07bffbc4f7f5b1661461a49fab27a07dba48f2bf3c1ad2dee1e570,d7628398be62c18c7f3e526dc37b9b504669b55958635721b21194390d882bcb,1,0.511361,44100,1.0,451,position_gain,0.231965,1.9718,1.0,,,1.0,,,,,,0.86499046
glass_breaking__fsd50k__dev__347496__0158__r0__aug2.wav,glass_breaking,FSD50K,347496,freesound:347496,glass_breaking__fsd50k__dev__347496__0158__r0.wav,134741827b07bffbc4f7f5b1661461a49fab27a07dba48f2bf3c1ad2dee1e570,bddf2c278c6f195d4d099905fa71e65c0dfa6ad333c5a89a62cbc1dc2c7a15dc,2,0.511361,44100,1.0,451,position_gain_background,0.186223,-0.9222,1.0,,,1.0,15.9984,1.73157597,2-88724-A-38.wav,clock_tick,esc50:88724,1.0
glass_breaking__fsd50k__dev__347496__0158__r0__aug3.wav,glass_breaking,FSD50K,347496,freesound:347496,glass_breaking__fsd50k__dev__347496__0158__r0.wav,134741827b07bffbc4f7f5b1661461a49fab27a07dba48f2bf3c1ad2dee1e570,8d2b1eaf6e0235168761693224591fc4714754cced912a33bf240b276b74ec7d,3,0.511361,44100,1.0,451,position_filter_background,0.113222,-1.8113,1.0,222.957,7491.466,1.0,17.971,0.50390428,3-164688-A-38.wav,clock_tick,esc50:164688,1.0
glass_breaking__fsd50k__dev__347496__0158__r0__aug4.wav,glass_breaking,FSD50K,347496,freesound:347496,glass_breaking__fsd50k__dev__347496__0158__r0.wav,134741827b07bffbc4f7f5b1661461a49fab27a07dba48f2bf3c1ad2dee1e570,df0885b9d8f8c6e723dd7b495740ba085ae19bab57fb2f0cfcaa9a0f267fd36c,4,0.511361,44100,1.0,451,position_speed_gain,0.32582,1.772,1.018614,,,1.0,,,,,,0.88156265
glass_breaking__fsd50k__dev__347496__0158__r0__aug5.wav,glass_breaking,FSD50K,347496,freesound:347496,glass_breaking__fsd50k__dev__347496__0158__r0.wav,134741827b07bffbc4f7f5b1661461a49fab27a07dba48f2bf3c1ad2dee1e570,73056101f6bcce1d4b956e0cbf7fefa2ca173df460eb8f2aa6731246390cd473,5,0.511361,44100,1.0,451,position_compression_background,0.272379,-6.7744,1.0,,,1.34097,18.5265,0.04233642,2-102567-A-35.wav,washing_machine,esc50:102567,1.0
glass_breaking__fsd50k__dev__349240__0082__r0__aug0.wav,glass_breaking,FSD50K,349240,freesound:349240,glass_breaking__fsd50k__dev__349240__0082__r0.wav,7426c80b0fade0aabcb7ee8de5b40c6294df4f51a38088f20cfceb17c64200d1,82f65eefe8d5e501412b496a3a4fca46d8c709bb1fcf43c3609d973cbff40a1b,0,0.087324,44100,1.0,451,position_only,0.306929,0.0,1.0,,,1.0,,,,,,0.8921494
glass_breaking__fsd50k__dev__349240__0082__r0__aug1.wav,glass_breaking,FSD50K,349240,freesound:349240,glass_breaking__fsd50k__dev__349240__0082__r0.wav,7426c80b0fade0aabcb7ee8de5b40c6294df4f51a38088f20cfceb17c64200d1,992b3f15736d48091714ee1071287802e02e465d556448babafe338e335614da,1,0.087324,44100,1.0,451,position_gain,0.267491,-6.0469,1.0,,,1.0,,,,,,1.0
glass_breaking__fsd50k__dev__349240__0082__r0__aug2.wav,glass_breaking,FSD50K,349240,freesound:349240,glass_breaking__fsd50k__dev__349240__0082__r0.wav,7426c80b0fade0aabcb7ee8de5b40c6294df4f51a38088f20cfceb17c64200d1,a82735fc8cdeadae34b851e0023d3db7aed9c41067b34e786298b4430f319af9,2,0.087324,44100,1.0,451,position_gain_background,0.165126,-2.9882,1.0,,,1.0,23.5495,0.98415096,2-134700-A-38.wav,clock_tick,esc50:134700,1.0
glass_breaking__fsd50k__dev__349240__0082__r0__aug3.wav,glass_breaking,FSD50K,349240,freesound:349240,glass_breaking__fsd50k__dev__349240__0082__r0.wav,7426c80b0fade0aabcb7ee8de5b40c6294df4f51a38088f20cfceb17c64200d1,926ea067711c20e13f28f277e3fac3bb130f15674d572e5f96c04818454e4488,3,0.087324,44100,1.0,451,position_filter_background,0.103666,-7.5375,1.0,154.564,5855.044,1.0,12.3809,0.13481681,1-62594-A-32.wav,keyboard_typing,esc50:62594,1.0
glass_breaking__fsd50k__dev__349240__0082__r0__aug4.wav,glass_breaking,FSD50K,349240,freesound:349240,glass_breaking__fsd50k__dev__349240__0082__r0.wav,7426c80b0fade0aabcb7ee8de5b40c6294df4f51a38088f20cfceb17c64200d1,97281a19a796dba8620dc5a20d4d3e86e20c89b943d396864b9693de460c3e94,4,0.087324,44100,1.0,451,position_speed_gain,0.186286,4.7722,1.030807,,,1.0,,,,,,0.3723041
glass_breaking__fsd50k__dev__349240__0082__r0__aug5.wav,glass_breaking,FSD50K,349240,freesound:349240,glass_breaking__fsd50k__dev__349240__0082__r0.wav,7426c80b0fade0aabcb7ee8de5b40c6294df4f51a38088f20cfceb17c64200d1,a1728f2d848fbb414be076cf4609a1b283572d9fc4ef2ce5aa92ed8110f01433,5,0.087324,44100,1.0,451,position_compression_background,0.315718,-1.532,1.0,,,1.66223,12.312,0.33764047,1-30709-B-23.wav,breathing,esc50:30709,0.89678278
glass_breaking__fsd50k__dev__349905__0025__r0__aug0.wav,glass_breaking,FSD50K,349905,freesound:349905,glass_breaking__fsd50k__dev__349905__0025__r0.wav,88945f4b9de6f1f691b340c132d5aa5b1479af78fc3ea9ba4a183614e4ab9a9f,df6c7666339223f7aec0378c54f2326e8397d88fd290471b0498ddf130ef8483,0,2.032902,44100,1.0,451,position_only,0.116744,0.0,1.0,,,1.0,,,,,,1.0
glass_breaking__fsd50k__dev__349905__0025__r0__aug1.wav,glass_breaking,FSD50K,349905,freesound:349905,glass_breaking__fsd50k__dev__349905__0025__r0.wav,88945f4b9de6f1f691b340c132d5aa5b1479af78fc3ea9ba4a183614e4ab9a9f,b09894772eaecdb33df3bef8887fc538561db08239615e4fa15b9c11ab6c38c9,1,2.032902,44100,1.0,451,position_gain,0.152936,-7.9317,1.0,,,1.0,,,,,,1.0
glass_breaking__fsd50k__dev__349905__0025__r0__aug2.wav,glass_breaking,FSD50K,349905,freesound:349905,glass_breaking__fsd50k__dev__349905__0025__r0.wav,88945f4b9de6f1f691b340c132d5aa5b1479af78fc3ea9ba4a183614e4ab9a9f,c30bcd5904ab2f0b77626a98c8b4444c502c50b553f703cafa75827ea5b1d63c,2,2.032902,44100,1.0,451,position_gain_background,0.111379,-7.4692,1.0,,,1.0,23.3549,0.01585965,1-18631-A-23.wav,breathing,esc50:18631,1.0
glass_breaking__fsd50k__dev__349905__0025__r0__aug3.wav,glass_breaking,FSD50K,349905,freesound:349905,glass_breaking__fsd50k__dev__349905__0025__r0.wav,88945f4b9de6f1f691b340c132d5aa5b1479af78fc3ea9ba4a183614e4ab9a9f,cd78357bc04aa8a59d989dd8c84f07190e9dd36f2f3ac99db36b103853eca72a,3,2.032902,44100,1.0,451,position_filter_background,0.154721,-8.957,1.0,130.351,5857.989,1.0,16.097,0.04516404,3-156393-A-35.wav,washing_machine,esc50:156393,1.0
glass_breaking__fsd50k__dev__349905__0025__r0__aug4.wav,glass_breaking,FSD50K,349905,freesound:349905,glass_breaking__fsd50k__dev__349905__0025__r0.wav,88945f4b9de6f1f691b340c132d5aa5b1479af78fc3ea9ba4a183614e4ab9a9f,e24bc46d9a075b13b2fac13ea2542e01a7e34963f6554e186ffb21af0a70a3e7,4,2.032902,44100,1.0,451,position_speed_gain,0.242791,1.3667,1.022323,,,1.0,,,,,,1.0
glass_breaking__fsd50k__dev__349905__0025__r0__aug5.wav,glass_breaking,FSD50K,349905,freesound:349905,glass_breaking__fsd50k__dev__349905__0025__r0.wav,88945f4b9de6f1f691b340c132d5aa5b1479af78fc3ea9ba4a183614e4ab9a9f,c9b79ee7b8da07ef7117841cd80013bfb9ccac499076369f08970624c92f42ae,5,2.032902,44100,1.0,451,position_compression_background,0.196051,-9.8959,1.0,,,1.67841,15.3473,0.06323772,2-132157-A-11.wav,sea_waves,esc50:132157,1.0
glass_breaking__fsd50k__dev__362238__0073__r0__aug0.wav,glass_breaking,FSD50K,362238,freesound:362238,glass_breaking__fsd50k__dev__362238__0073__r0.wav,f44649668061539fc23c53da97d14a9e9762e74fbffe860a4fa59981707aa6dd,b81e997b6ce3edbce120d13f71e8352d7cbe57bddb22fcaaae5c954fe2f8c6a2,0,1.723605,44100,1.0,451,position_only,0.302965,0.0,1.0,,,1.0,,,,,,1.0
glass_breaking__fsd50k__dev__362238__0073__r0__aug1.wav,glass_breaking,FSD50K,362238,freesound:362238,glass_breaking__fsd50k__dev__362238__0073__r0.wav,f44649668061539fc23c53da97d14a9e9762e74fbffe860a4fa59981707aa6dd,b64a6e26c358ee0afef4296cb7f5870db45143da144a0166fcd87b8d69d111fe,1,1.723605,44100,1.0,451,position_gain,0.326762,-2.4836,1.0,,,1.0,,,,,,1.0
glass_breaking__fsd50k__dev__362238__0073__r0__aug2.wav,glass_breaking,FSD50K,362238,freesound:362238,glass_breaking__fsd50k__dev__362238__0073__r0.wav,f44649668061539fc23c53da97d14a9e9762e74fbffe860a4fa59981707aa6dd,7bcc047978e23d1f30ec9517092069d7530f139282311de425c730298edab496,2,1.723605,44100,1.0,451,position_gain_background,0.155607,4.3126,1.0,,,1.0,16.9804,1.72446092,3-170383-A-38.wav,clock_tick,esc50:170383,0.80893801
glass_breaking__fsd50k__dev__362238__0073__r0__aug3.wav,glass_breaking,FSD50K,362238,freesound:362238,glass_breaking__fsd50k__dev__362238__0073__r0.wav,f44649668061539fc23c53da97d14a9e9762e74fbffe860a4fa59981707aa6dd,55e16f62049a816cfd7bd65b9029c9253af388a126189f1619ea18958ac92443,3,1.723605,44100,1.0,451,position_filter_background,0.203579,0.4344,1.0,104.075,7264.973,1.0,10.514,2.69412976,3-170383-A-38.wav,clock_tick,esc50:170383,1.0
glass_breaking__fsd50k__dev__362238__0073__r0__aug4.wav,glass_breaking,FSD50K,362238,freesound:362238,glass_breaking__fsd50k__dev__362238__0073__r0.wav,f44649668061539fc23c53da97d14a9e9762e74fbffe860a4fa59981707aa6dd,a79d8dd78966fa5be2b8771663ab3c32c29782149ffaf98cbaf57d6b2c69cdef,4,1.723605,44100,1.0,451,position_speed_gain,0.164744,4.7863,1.015027,,,1.0,,,,,,0.76435248
glass_breaking__fsd50k__dev__362238__0073__r0__aug5.wav,glass_breaking,FSD50K,362238,freesound:362238,glass_breaking__fsd50k__dev__362238__0073__r0.wav,f44649668061539fc23c53da97d14a9e9762e74fbffe860a4fa59981707aa6dd,e4f47efde8d8ab49f0e3ae38b38c8d996b933640871ccb8a0639377aa4948009,5,1.723605,44100,1.0,451,position_compression_background,0.233836,-2.689,1.0,,,1.43152,17.872,0.08185067,1-18631-A-23.wav,breathing,esc50:18631,1.0
glass_breaking__fsd50k__dev__367770__0026__r0__aug0.wav,glass_breaking,FSD50K,367770,freesound:367770,glass_breaking__fsd50k__dev__367770__0026__r0.wav,b81179a036ed5869693ae239de0931ee207f5c3e151f407caa24921a5e407c97,b75d4178ec26b0eac1550f01a965087bb535b3e76b6c02b6727062bb6a445d99,0,1.469184,44100,1.0,451,position_only,0.260529,0.0,1.0,,,1.0,,,,,,0.93025772
glass_breaking__fsd50k__dev__367770__0026__r0__aug1.wav,glass_breaking,FSD50K,367770,freesound:367770,glass_breaking__fsd50k__dev__367770__0026__r0.wav,b81179a036ed5869693ae239de0931ee207f5c3e151f407caa24921a5e407c97,9bb5de1c5151abbd2c11053e7e645bff4c0faaa88861d50fb4bc4866a4bd9a7a,1,1.469184,44100,1.0,451,position_gain,0.280849,-10.1761,1.0,,,1.0,,,,,,1.0
glass_breaking__fsd50k__dev__367770__0026__r0__aug2.wav,glass_breaking,FSD50K,367770,freesound:367770,glass_breaking__fsd50k__dev__367770__0026__r0.wav,b81179a036ed5869693ae239de0931ee207f5c3e151f407caa24921a5e407c97,793953a26e243fe5e8b312b72b8f0a7f92d1849b94de4b690903f5a195656ac7,2,1.469184,44100,1.0,451,position_gain_background,0.310637,-7.3015,1.0,,,1.0,19.9428,0.0434707,1-27166-A-35.wav,washing_machine,esc50:27166,1.0
glass_breaking__fsd50k__dev__367770__0026__r0__aug3.wav,glass_breaking,FSD50K,367770,freesound:367770,glass_breaking__fsd50k__dev__367770__0026__r0.wav,b81179a036ed5869693ae239de0931ee207f5c3e151f407caa24921a5e407c97,0dcee6d6fd9da697e3e9ca13d92960d147d3b6804883b414377000b6b9b8e90d,3,1.469184,44100,1.0,451,position_filter_background,0.163043,-5.2399,1.0,232.567,5656.13,1.0,17.9153,1.4232115,1-62849-A-38.wav,clock_tick,esc50:62849,1.0
glass_breaking__fsd50k__dev__367770__0026__r0__aug4.wav,glass_breaking,FSD50K,367770,freesound:367770,glass_breaking__fsd50k__dev__367770__0026__r0.wav,b81179a036ed5869693ae239de0931ee207f5c3e151f407caa24921a5e407c97,a8182f48ed1614bf69818b6dbfc89bcdf274205b103c2559152225af0e54aec4,4,1.469184,44100,1.0,451,position_speed_gain,0.132,-1.646,1.012679,,,1.0,,,,,,1.0
glass_breaking__fsd50k__dev__367770__0026__r0__aug5.wav,glass_breaking,FSD50K,367770,freesound:367770,glass_breaking__fsd50k__dev__367770__0026__r0.wav,b81179a036ed5869693ae239de0931ee207f5c3e151f407caa24921a5e407c97,dcf9fe3a3ca49fb16a312debfd88bd6af1c5c6df73a8a392808ca09ae6c140c8,5,1.469184,44100,1.0,451,position_compression_background,0.148635,2.9176,1.0,,,1.50399,21.9892,22812.44904447,1-36393-A-23.wav,breathing,esc50:36393,0.83650661
glass_breaking__fsd50k__dev__368328__0187__r0__aug0.wav,glass_breaking,FSD50K,368328,freesound:368328,glass_breaking__fsd50k__dev__368328__0187__r0.wav,145d99869bf8e7e8f3ee535634e984dab89aa9b66f67b87d96748512d0d8ee8c,758f69b8819f4591ec91bde5aa00c7208dd935bcc97f44408e4e57050a672a50,0,0.17712,44100,1.0,451,position_only,0.222001,0.0,1.0,,,1.0,,,,,,1.0
glass_breaking__fsd50k__dev__368328__0187__r0__aug1.wav,glass_breaking,FSD50K,368328,freesound:368328,glass_breaking__fsd50k__dev__368328__0187__r0.wav,145d99869bf8e7e8f3ee535634e984dab89aa9b66f67b87d96748512d0d8ee8c,aae08f81476c1b37d7581d71c7f83af76e9eca4891c94e077bf0bc6b4c1e6ebc,1,0.17712,44100,1.0,451,position_gain,0.320756,-4.6475,1.0,,,1.0,,,,,,1.0
glass_breaking__fsd50k__dev__368328__0187__r0__aug2.wav,glass_breaking,FSD50K,368328,freesound:368328,glass_breaking__fsd50k__dev__368328__0187__r0.wav,145d99869bf8e7e8f3ee535634e984dab89aa9b66f67b87d96748512d0d8ee8c,385aeae21fbbb16e4773e2e3f63872aec3e66a6a15484914b6f7e4b4f911d3cb,2,0.17712,44100,1.0,451,position_gain_background,0.217372,4.9023,1.0,,,1.0,17.7663,1.35751346,3-155568-A-32.wav,keyboard_typing,esc50:155568,0.93140823
glass_breaking__fsd50k__dev__368328__0187__r0__aug3.wav,glass_breaking,FSD50K,368328,freesound:368328,glass_breaking__fsd50k__dev__368328__0187__r0.wav,145d99869bf8e7e8f3ee535634e984dab89aa9b66f67b87d96748512d0d8ee8c,65c4065ddb4a4310d69becb31d6a31364adc42d99f33a38b6682c3cfaea06ec0,3,0.17712,44100,1.0,451,position_filter_background,0.325142,-5.0088,1.0,236.558,7788.102,1.0,10.6816,0.06752081,2-132157-B-11.wav,sea_waves,esc50:132157,1.0
glass_breaking__fsd50k__dev__368328__0187__r0__aug4.wav,glass_breaking,FSD50K,368328,freesound:368328,glass_breaking__fsd50k__dev__368328__0187__r0.wav,145d99869bf8e7e8f3ee535634e984dab89aa9b66f67b87d96748512d0d8ee8c,f04b703151995361b072944705c7c479ef7ac190f315b7e336ba9ae74ad1a490,4,0.17712,44100,1.0,451,position_speed_gain,0.164846,-4.2208,0.983712,,,1.0,,,,,,1.0
glass_breaking__fsd50k__dev__368328__0187__r0__aug5.wav,glass_breaking,FSD50K,368328,freesound:368328,glass_breaking__fsd50k__dev__368328__0187__r0.wav,145d99869bf8e7e8f3ee535634e984dab89aa9b66f67b87d96748512d0d8ee8c,432bc32bd18f0546d374683c9d08fcb6c47bb2a1391924162fc2ed685e4abf39,5,0.17712,44100,1.0,451,position_compression_background,0.248471,-10.1529,1.0,,,1.343,10.1459,31.94353519,3-187710-A-11.wav,sea_waves,esc50:187710,1.0
glass_breaking__fsd50k__dev__368337__0170__r0__aug0.wav,glass_breaking,FSD50K,368337,freesound:368337,glass_breaking__fsd50k__dev__368337__0170__r0.wav,e197d4d682ad8f688f0ead3fd61298a6f629da1e71e73ea07dbfa5effed06ea2,2237ffff056cbe2998e851113192bc3cded2be8b1aeea1a93ff4db20c51de2cc,0,0.012494,44100,1.0,451,position_only,0.328649,0.0,1.0,,,1.0,,,,,,1.0
glass_breaking__fsd50k__dev__368337__0170__r0__aug1.wav,glass_breaking,FSD50K,368337,freesound:368337,glass_breaking__fsd50k__dev__368337__0170__r0.wav,e197d4d682ad8f688f0ead3fd61298a6f629da1e71e73ea07dbfa5effed06ea2,4761c9d2767f1869ac3c35fce496b20137685c0fdd79b68de98182d251e75272,1,0.012494,44100,1.0,451,position_gain,0.221052,-8.9342,1.0,,,1.0,,,,,,1.0
glass_breaking__fsd50k__dev__368337__0170__r0__aug2.wav,glass_breaking,FSD50K,368337,freesound:368337,glass_breaking__fsd50k__dev__368337__0170__r0.wav,e197d4d682ad8f688f0ead3fd61298a6f629da1e71e73ea07dbfa5effed06ea2,6a547a1827a14a9a109415549819b55df57b52d638e5f45b05bcdce13469a887,2,0.012494,44100,1.0,451,position_gain_background,0.124771,4.2304,1.0,,,1.0,16.3617,0.17560877,2-118459-B-32.wav,keyboard_typing,esc50:118459,1.0
glass_breaking__fsd50k__dev__368337__0170__r0__aug3.wav,glass_breaking,FSD50K,368337,freesound:368337,glass_breaking__fsd50k__dev__368337__0170__r0.wav,e197d4d682ad8f688f0ead3fd61298a6f629da1e71e73ea07dbfa5effed06ea2,e793e9282601382d3e2f5cc78a938c5ede969a8918e49e3b31c500da5b9e0b7e,3,0.012494,44100,1.0,451,position_filter_background,0.346974,1.5934,1.0,207.212,7404.547,1.0,19.6908,0.2634867,2-84965-A-23.wav,breathing,esc50:84965,1.0
glass_breaking__fsd50k__dev__368337__0170__r0__aug4.wav,glass_breaking,FSD50K,368337,freesound:368337,glass_breaking__fsd50k__dev__368337__0170__r0.wav,e197d4d682ad8f688f0ead3fd61298a6f629da1e71e73ea07dbfa5effed06ea2,b048fed341c34ad7ea7e71e79121c8c623d4bb8cb56ab2cf41abe348d16a2cf0,4,0.012494,44100,1.0,451,position_speed_gain,0.125484,-2.2608,0.990171,,,1.0,,,,,,1.0
glass_breaking__fsd50k__dev__368337__0170__r0__aug5.wav,glass_breaking,FSD50K,368337,freesound:368337,glass_breaking__fsd50k__dev__368337__0170__r0.wav,e197d4d682ad8f688f0ead3fd61298a6f629da1e71e73ea07dbfa5effed06ea2,1509c7b3b80044dc5bfc8f3e1ba0f9bde37aabc0802abda251d7b23b75bf2896,5,0.012494,44100,1.0,451,position_compression_background,0.133669,-7.077,1.0,,,1.66787,21.8507,1010.37707278,1-36402-A-23.wav,breathing,esc50:36402,1.0
glass_breaking__fsd50k__dev__368342__0104__r0__aug0.wav,glass_breaking,FSD50K,368342,freesound:368342,glass_breaking__fsd50k__dev__368342__0104__r0.wav,d02aab80417b065f1fca2ffaf959364259cf6eb87d03de7ba3e48dc88ef72e1b,3580d21aad67ac9ac4779e5f1d6c4dfbba85ea5efa9c9d29e32bcd64933ae561,0,0.042426,44100,1.0,451,position_only,0.140704,0.0,1.0,,,1.0,,,,,,1.0
glass_breaking__fsd50k__dev__368342__0104__r0__aug1.wav,glass_breaking,FSD50K,368342,freesound:368342,glass_breaking__fsd50k__dev__368342__0104__r0.wav,d02aab80417b065f1fca2ffaf959364259cf6eb87d03de7ba3e48dc88ef72e1b,769ca940c7e2cd268c2fd4d8cf6cf38e3891a4c17a7e80443d012224cac11ffc,1,0.042426,44100,1.0,451,position_gain,0.2096,1.5907,1.0,,,1.0,,,,,,1.0
glass_breaking__fsd50k__dev__368342__0104__r0__aug2.wav,glass_breaking,FSD50K,368342,freesound:368342,glass_breaking__fsd50k__dev__368342__0104__r0.wav,d02aab80417b065f1fca2ffaf959364259cf6eb87d03de7ba3e48dc88ef72e1b,1cf3961da6a87afd9ebe2557f74124a29546011f6b51cc6204caf6758851f8b1,2,0.042426,44100,1.0,451,position_gain_background,0.138018,-11.6853,1.0,,,1.0,10.9022,0.43300963,2-134700-A-38.wav,clock_tick,esc50:134700,1.0
glass_breaking__fsd50k__dev__368342__0104__r0__aug3.wav,glass_breaking,FSD50K,368342,freesound:368342,glass_breaking__fsd50k__dev__368342__0104__r0.wav,d02aab80417b065f1fca2ffaf959364259cf6eb87d03de7ba3e48dc88ef72e1b,15f75b3414a6fb4abfe034491b71c99acaf098bbf4dd4a88e679033e1f4c39cf,3,0.042426,44100,1.0,451,position_filter_background,0.243755,4.5153,1.0,86.128,7441.489,1.0,17.8568,0.27404208,1-21935-A-38.wav,clock_tick,esc50:21935,1.0
glass_breaking__fsd50k__dev__368342__0104__r0__aug4.wav,glass_breaking,FSD50K,368342,freesound:368342,glass_breaking__fsd50k__dev__368342__0104__r0.wav,d02aab80417b065f1fca2ffaf959364259cf6eb87d03de7ba3e48dc88ef72e1b,7d2eaa982f970ab4b39beb7e18427ebcf8104b5060c354eaab5ab7b1abce7e31,4,0.042426,44100,1.0,451,position_speed_gain,0.130244,1.0238,0.964351,,,1.0,,,,,,1.0
glass_breaking__fsd50k__dev__368342__0104__r0__aug5.wav,glass_breaking,FSD50K,368342,freesound:368342,glass_breaking__fsd50k__dev__368342__0104__r0.wav,d02aab80417b065f1fca2ffaf959364259cf6eb87d03de7ba3e48dc88ef72e1b,31a18dabfbbff7ec42f1dce8357464825f1e322b71f4973ca187fafdfee7d82d,5,0.042426,44100,1.0,451,position_compression_background,0.197665,-6.2414,1.0,,,1.47555,15.2446,0.48922699,2-134700-A-38.wav,clock_tick,esc50:134700,1.0
glass_breaking__fsd50k__dev__368345__0153__r0__aug0.wav,glass_breaking,FSD50K,368345,freesound:368345,glass_breaking__fsd50k__dev__368345__0153__r0.wav,f658fff8b233645d821c24291e7e8b960b8245cfff031e65263617a95e3b8cc2,cbb6715cbedd8633ac5ae967518c2440838e36ca98eb0e4ea61e8ddb7036598d,0,0.012494,44100,1.0,451,position_only,0.117595,0.0,1.0,,,1.0,,,,,,1.0
glass_breaking__fsd50k__dev__368345__0153__r0__aug1.wav,glass_breaking,FSD50K,368345,freesound:368345,glass_breaking__fsd50k__dev__368345__0153__r0.wav,f658fff8b233645d821c24291e7e8b960b8245cfff031e65263617a95e3b8cc2,70bfb9dce0c9be19581a3ee2b2a1ee1671276b6e326504073e83414108a21e12,1,0.012494,44100,1.0,451,position_gain,0.298449,-4.6532,1.0,,,1.0,,,,,,1.0
glass_breaking__fsd50k__dev__368345__0153__r0__aug2.wav,glass_breaking,FSD50K,368345,freesound:368345,glass_breaking__fsd50k__dev__368345__0153__r0.wav,f658fff8b233645d821c24291e7e8b960b8245cfff031e65263617a95e3b8cc2,57d38b6fd0a9d1edcc73a158bfdae59aaa1260c703d7834f07e3947fdd7e8a60,2,0.012494,44100,1.0,451,position_gain_background,0.115262,4.3185,1.0,,,1.0,20.0481,0.10759702,3-144106-A-32.wav,keyboard_typing,esc50:144106,1.0
glass_breaking__fsd50k__dev__368345__0153__r0__aug3.wav,glass_breaking,FSD50K,368345,freesound:368345,glass_breaking__fsd50k__dev__368345__0153__r0.wav,f658fff8b233645d821c24291e7e8b960b8245cfff031e65263617a95e3b8cc2,e2d21630e93fdc25e5aa007af7a9f0f3ebee65340149bc40adf41380e3901d44,3,0.012494,44100,1.0,451,position_filter_background,0.349393,2.6574,1.0,212.564,6056.033,1.0,13.0084,0.06316974,1-91359-B-11.wav,sea_waves,esc50:91359,1.0
glass_breaking__fsd50k__dev__368345__0153__r0__aug4.wav,glass_breaking,FSD50K,368345,freesound:368345,glass_breaking__fsd50k__dev__368345__0153__r0.wav,f658fff8b233645d821c24291e7e8b960b8245cfff031e65263617a95e3b8cc2,999025388589504bbf08c2e45df69c08c284b043bf2d7ba18891be5fc4fb7544,4,0.012494,44100,1.0,451,position_speed_gain,0.335338,-9.7756,0.984769,,,1.0,,,,,,1.0
glass_breaking__fsd50k__dev__368345__0153__r0__aug5.wav,glass_breaking,FSD50K,368345,freesound:368345,glass_breaking__fsd50k__dev__368345__0153__r0.wav,f658fff8b233645d821c24291e7e8b960b8245cfff031e65263617a95e3b8cc2,7ba75722a630e8394000fa52eb8cccabce1ba63a8ad29cde9b05bfbda90229fd,5,0.012494,44100,1.0,451,position_compression_background,0.315433,-4.0194,1.0,,,1.69179,19.668,0.07774117,2-131943-A-38.wav,clock_tick,esc50:131943,1.0
glass_breaking__fsd50k__dev__368350__0130__r0__aug0.wav,glass_breaking,FSD50K,368350,freesound:368350,glass_breaking__fsd50k__dev__368350__0130__r0.wav,c69c6280df95fa00673b01907d2efd72bc0fa1f3fbb4ea2337e08a4b9861d2a5,092e1277cf2016b70b4694e4b22aef9474adc46d1c92ec89eec6577e5e4f3f98,0,0.152177,44100,1.0,451,position_only,0.314002,0.0,1.0,,,1.0,,,,,,1.0
glass_breaking__fsd50k__dev__368350__0130__r0__aug1.wav,glass_breaking,FSD50K,368350,freesound:368350,glass_breaking__fsd50k__dev__368350__0130__r0.wav,c69c6280df95fa00673b01907d2efd72bc0fa1f3fbb4ea2337e08a4b9861d2a5,7db3e6f547d45607a3415156383886f3166e137841427c7547ce5c8f65faece8,1,0.152177,44100,1.0,451,position_gain,0.131429,-7.2484,1.0,,,1.0,,,,,,1.0
glass_breaking__fsd50k__dev__368350__0130__r0__aug2.wav,glass_breaking,FSD50K,368350,freesound:368350,glass_breaking__fsd50k__dev__368350__0130__r0.wav,c69c6280df95fa00673b01907d2efd72bc0fa1f3fbb4ea2337e08a4b9861d2a5,21a25df68d6f21e4937b81b8c2c329089baf97a5e3ffef134738363919ef7d90,2,0.152177,44100,1.0,451,position_gain_background,0.21998,-7.1885,1.0,,,1.0,18.156,0.102531,3-166125-A-23.wav,breathing,esc50:166125,1.0
glass_breaking__fsd50k__dev__368350__0130__r0__aug3.wav,glass_breaking,FSD50K,368350,freesound:368350,glass_breaking__fsd50k__dev__368350__0130__r0.wav,c69c6280df95fa00673b01907d2efd72bc0fa1f3fbb4ea2337e08a4b9861d2a5,9509417cf4cb860ef14ef66e8d5791193b6c425179cb327b7d2d0d3586ed4f03,3,0.152177,44100,1.0,451,position_filter_background,0.23513,2.684,1.0,188.223,6843.301,1.0,11.479,0.09936033,1-42139-A-38.wav,clock_tick,esc50:42139,1.0
glass_breaking__fsd50k__dev__368350__0130__r0__aug4.wav,glass_breaking,FSD50K,368350,freesound:368350,glass_breaking__fsd50k__dev__368350__0130__r0.wav,c69c6280df95fa00673b01907d2efd72bc0fa1f3fbb4ea2337e08a4b9861d2a5,260589ecce9a9794c9cdd25c9cf8bf08557dadfcc71a671a29de968654ea948e,4,0.152177,44100,1.0,451,position_speed_gain,0.231757,-9.2523,1.005629,,,1.0,,,,,,1.0
glass_breaking__fsd50k__dev__368350__0130__r0__aug5.wav,glass_breaking,FSD50K,368350,freesound:368350,glass_breaking__fsd50k__dev__368350__0130__r0.wav,c69c6280df95fa00673b01907d2efd72bc0fa1f3fbb4ea2337e08a4b9861d2a5,0a250f30d85e0b5ed8c2853bad972709d8835d2a840d2f17e03ded7db324dd95,5,0.152177,44100,1.0,451,position_compression_background,0.28189,-7.2898,1.0,,,1.65168,16.3775,0.13920652,1-62850-A-38.wav,clock_tick,esc50:62850,1.0
glass_breaking__fsd50k__dev__368354__0065__r0__aug0.wav,glass_breaking,FSD50K,368354,freesound:368354,glass_breaking__fsd50k__dev__368354__0065__r0.wav,82e79c1ab4bbceb988cfe2912a919554e7c84cb19e788a5bc429603fde551495,5f57219e0803a4a4a36fcc75418bdd30fb7b7f6e3700629355f8eaefcc5d40b4,0,0.261927,44100,1.0,451,position_only,0.162173,0.0,1.0,,,1.0,,,,,,1.0
glass_breaking__fsd50k__dev__368354__0065__r0__aug1.wav,glass_breaking,FSD50K,368354,freesound:368354,glass_breaking__fsd50k__dev__368354__0065__r0.wav,82e79c1ab4bbceb988cfe2912a919554e7c84cb19e788a5bc429603fde551495,3bd420f5417e401208225fb3c548f89aff6525b2bb32afc6a964855b056130d2,1,0.261927,44100,1.0,451,position_gain,0.125895,-11.313,1.0,,,1.0,,,,,,1.0
glass_breaking__fsd50k__dev__368354__0065__r0__aug2.wav,glass_breaking,FSD50K,368354,freesound:368354,glass_breaking__fsd50k__dev__368354__0065__r0.wav,82e79c1ab4bbceb988cfe2912a919554e7c84cb19e788a5bc429603fde551495,46198bf66ac8919a60758c27cdc930865289f0cdadade8e1de623a36b21a5e0c,2,0.261927,44100,1.0,451,position_gain_background,0.15159,3.3738,1.0,,,1.0,24.1608,0.06382717,2-102568-A-35.wav,washing_machine,esc50:102568,1.0
glass_breaking__fsd50k__dev__368354__0065__r0__aug3.wav,glass_breaking,FSD50K,368354,freesound:368354,glass_breaking__fsd50k__dev__368354__0065__r0.wav,82e79c1ab4bbceb988cfe2912a919554e7c84cb19e788a5bc429603fde551495,6540fb617f16b345c15ab95963422a05d55f213fba666020f9ebb4641cf87ce4,3,0.261927,44100,1.0,451,position_filter_background,0.12323,-10.9711,1.0,240.367,5917.943,1.0,15.8867,0.00436442,2-155801-A-11.wav,sea_waves,esc50:155801,1.0
glass_breaking__fsd50k__dev__368354__0065__r0__aug4.wav,glass_breaking,FSD50K,368354,freesound:368354,glass_breaking__fsd50k__dev__368354__0065__r0.wav,82e79c1ab4bbceb988cfe2912a919554e7c84cb19e788a5bc429603fde551495,64571e9d1269cedf00504f07fd8717e8c3d1aceae2a5367dd1273407b2917305,4,0.261927,44100,1.0,451,position_speed_gain,0.209673,-8.1459,0.979476,,,1.0,,,,,,1.0
glass_breaking__fsd50k__dev__368354__0065__r0__aug5.wav,glass_breaking,FSD50K,368354,freesound:368354,glass_breaking__fsd50k__dev__368354__0065__r0.wav,82e79c1ab4bbceb988cfe2912a919554e7c84cb19e788a5bc429603fde551495,37c5154098a33a44ff04a9dd83ce311c850349ea94be32e5dfcca31fa83887d0,5,0.261927,44100,1.0,451,position_compression_background,0.152048,-3.7013,1.0,,,1.46559,19.5409,0.01215138,2-54962-A-23.wav,breathing,esc50:54962,1.0
glass_breaking__fsd50k__dev__368905__0084__r0__aug0.wav,glass_breaking,FSD50K,368905,freesound:368905,glass_breaking__fsd50k__dev__368905__0084__r0.wav,b3645d3f8d54b92ec5029fd9ec75799be12b9896f86471703ee59e9ee0c50a05,e63bf0a3c0a73dfab19e3a33823324727ee961507645b76b43f4bdad4ef13599,0,4.751723,44100,1.0,451,position_only,0.277123,0.0,1.0,,,1.0,,,,,,1.0
glass_breaking__fsd50k__dev__368905__0084__r0__aug1.wav,glass_breaking,FSD50K,368905,freesound:368905,glass_breaking__fsd50k__dev__368905__0084__r0.wav,b3645d3f8d54b92ec5029fd9ec75799be12b9896f86471703ee59e9ee0c50a05,97ea6404d92c7b182ab417403b36490bb7f23fa8c12dd8d704b47fe58d95ea96,1,4.751723,44100,1.0,451,position_gain,0.265246,-7.8261,1.0,,,1.0,,,,,,1.0
glass_breaking__fsd50k__dev__368905__0084__r0__aug2.wav,glass_breaking,FSD50K,368905,freesound:368905,glass_breaking__fsd50k__dev__368905__0084__r0.wav,b3645d3f8d54b92ec5029fd9ec75799be12b9896f86471703ee59e9ee0c50a05,590cac7645361064ef81edbc1ecc14ae35bf0d3f4432f01c8fcbccf11dda746b,2,4.751723,44100,1.0,451,position_gain_background,0.133063,-10.7367,1.0,,,1.0,14.1671,0.04066003,1-91359-A-11.wav,sea_waves,esc50:91359,1.0
glass_breaking__fsd50k__dev__368905__0084__r0__aug3.wav,glass_breaking,FSD50K,368905,freesound:368905,glass_breaking__fsd50k__dev__368905__0084__r0.wav,b3645d3f8d54b92ec5029fd9ec75799be12b9896f86471703ee59e9ee0c50a05,96700a7868dd6c028aaabaccfcde422ef0ed7df34cbbf4f55415f660d86be3e0,3,4.751723,44100,1.0,451,position_filter_background,0.16195,-7.2142,1.0,133.241,6521.101,1.0,16.9561,3.71352908,1-94231-A-32.wav,keyboard_typing,esc50:94231,1.0
glass_breaking__fsd50k__dev__368905__0084__r0__aug4.wav,glass_breaking,FSD50K,368905,freesound:368905,glass_breaking__fsd50k__dev__368905__0084__r0.wav,b3645d3f8d54b92ec5029fd9ec75799be12b9896f86471703ee59e9ee0c50a05,7cdf1a11c6c011fcd18cda6edd885564b1c119f884b1fbfe7abe2c4013783a10,4,4.751723,44100,1.0,451,position_speed_gain,0.256396,-6.8386,0.973944,,,1.0,,,,,,1.0
glass_breaking__fsd50k__dev__368905__0084__r0__aug5.wav,glass_breaking,FSD50K,368905,freesound:368905,glass_breaking__fsd50k__dev__368905__0084__r0.wav,b3645d3f8d54b92ec5029fd9ec75799be12b9896f86471703ee59e9ee0c50a05,d036326c3140d78527a54ee352c428aa9640ebb8c81828efc8f05271f8d703b4,5,4.751723,44100,1.0,451,position_compression_background,0.285134,3.9976,1.0,,,1.42831,12.0134,27389.22430222,1-36400-A-23.wav,breathing,esc50:36400,0.84275106
glass_breaking__fsd50k__dev__368944__0040__r0__aug0.wav,glass_breaking,FSD50K,368944,freesound:368944,glass_breaking__fsd50k__dev__368944__0040__r0.wav,7f5f3197a06054db5cfe574af23a245cf142b3ae6de3c3f31ed857a2669b53b1,3c0899b77c08f3eba14272cada34d920359d423aca35549b98efdb985628be9a,0,5.17576,44100,1.0,451,position_only,0.159702,0.0,1.0,,,1.0,,,,,,0.94250664
glass_breaking__fsd50k__dev__368944__0040__r0__aug1.wav,glass_breaking,FSD50K,368944,freesound:368944,glass_breaking__fsd50k__dev__368944__0040__r0.wav,7f5f3197a06054db5cfe574af23a245cf142b3ae6de3c3f31ed857a2669b53b1,fd2eaa662d9b6d5a5fc5bd4915f28b30da8d9bcf532c69229a42996488f6f058,1,5.17576,44100,1.0,451,position_gain,0.341255,-2.3001,1.0,,,1.0,,,,,,1.0
glass_breaking__fsd50k__dev__368944__0040__r0__aug2.wav,glass_breaking,FSD50K,368944,freesound:368944,glass_breaking__fsd50k__dev__368944__0040__r0.wav,7f5f3197a06054db5cfe574af23a245cf142b3ae6de3c3f31ed857a2669b53b1,d3b46faf5912727010b8ab66420f810f4847795cc8e3cd6ee5cad7181c15f091,2,5.17576,44100,1.0,451,position_gain_background,0.129445,-11.9896,1.0,,,1.0,15.1853,6269.71199299,1-36402-A-23.wav,breathing,esc50:36402,1.0
glass_breaking__fsd50k__dev__368944__0040__r0__aug3.wav,glass_breaking,FSD50K,368944,freesound:368944,glass_breaking__fsd50k__dev__368944__0040__r0.wav,7f5f3197a06054db5cfe574af23a245cf142b3ae6de3c3f31ed857a2669b53b1,caada1bdfed2d916db4f1ff26273859425a52422ab277a6e770edb95efb00cfe,3,5.17576,44100,1.0,451,position_filter_background,0.196024,-5.6271,1.0,144.486,6016.086,1.0,11.3222,0.49591956,2-102568-A-35.wav,washing_machine,esc50:102568,1.0
glass_breaking__fsd50k__dev__368944__0040__r0__aug4.wav,glass_breaking,FSD50K,368944,freesound:368944,glass_breaking__fsd50k__dev__368944__0040__r0.wav,7f5f3197a06054db5cfe574af23a245cf142b3ae6de3c3f31ed857a2669b53b1,fbe6ed2a41358083bfc82e3a0d50acd06a2b1f1d6a689b8c71a530041c10160f,4,5.17576,44100,1.0,451,position_speed_gain,0.101018,-6.9149,0.989614,,,1.0,,,,,,1.0
glass_breaking__fsd50k__dev__368944__0040__r0__aug5.wav,glass_breaking,FSD50K,368944,freesound:368944,glass_breaking__fsd50k__dev__368944__0040__r0.wav,7f5f3197a06054db5cfe574af23a245cf142b3ae6de3c3f31ed857a2669b53b1,a1f910947360b6c134bd7d611e00e8977506805f09857d69eeb71656224378a0,5,5.17576,44100,1.0,451,position_compression_background,0.318221,-4.2114,1.0,,,1.37762,11.6428,0.47968489,2-118459-B-32.wav,keyboard_typing,esc50:118459,1.0
glass_breaking__fsd50k__dev__378285__0063__r0__aug0.wav,glass_breaking,FSD50K,378285,freesound:378285,glass_breaking__fsd50k__dev__378285__0063__r0.wav,740b5356c1c435f987cc072c7751d54b832155a2e686a3da4b73990a90f30aa3,d85b5e8f51629f3a7e8a3b032590556e20bce6b8a346eedfe83330c3c6105f74,0,2.147642,44100,1.0,451,position_only,0.292125,0.0,1.0,,,1.0,,,,,,1.0
glass_breaking__fsd50k__dev__378285__0063__r0__aug1.wav,glass_breaking,FSD50K,378285,freesound:378285,glass_breaking__fsd50k__dev__378285__0063__r0.wav,740b5356c1c435f987cc072c7751d54b832155a2e686a3da4b73990a90f30aa3,52d6c0535e618becd7407a149b78dddc0597c660b07c88d0ea803203d0076f59,1,2.147642,44100,1.0,451,position_gain,0.206863,-6.9372,1.0,,,1.0,,,,,,1.0
glass_breaking__fsd50k__dev__378285__0063__r0__aug2.wav,glass_breaking,FSD50K,378285,freesound:378285,glass_breaking__fsd50k__dev__378285__0063__r0.wav,740b5356c1c435f987cc072c7751d54b832155a2e686a3da4b73990a90f30aa3,cf9b45e9b72a02a55e44f1bf73424b161735e2f6776813446135c72b256cfc12,2,2.147642,44100,1.0,451,position_gain_background,0.289163,-4.0851,1.0,,,1.0,11.813,0.07346708,2-119748-A-38.wav,clock_tick,esc50:119748,1.0
glass_breaking__fsd50k__dev__378285__0063__r0__aug3.wav,glass_breaking,FSD50K,378285,freesound:378285,glass_breaking__fsd50k__dev__378285__0063__r0.wav,740b5356c1c435f987cc072c7751d54b832155a2e686a3da4b73990a90f30aa3,c60ef679906f7703018e01a7cae478c2af8a0683d13114ee8a245214697f145e,3,2.147642,44100,1.0,451,position_filter_background,0.317974,-10.264,1.0,249.144,6045.113,1.0,12.1792,0.00325834,2-120333-A-32.wav,keyboard_typing,esc50:120333,1.0
glass_breaking__fsd50k__dev__378285__0063__r0__aug4.wav,glass_breaking,FSD50K,378285,freesound:378285,glass_breaking__fsd50k__dev__378285__0063__r0.wav,740b5356c1c435f987cc072c7751d54b832155a2e686a3da4b73990a90f30aa3,22df201da0d8cd261dc583eb99ab504ba099d10801b1acdd44d70f8865ff4c5e,4,2.147642,44100,1.0,451,position_speed_gain,0.32278,-5.7615,1.037538,,,1.0,,,,,,1.0
glass_breaking__fsd50k__dev__378285__0063__r0__aug5.wav,glass_breaking,FSD50K,378285,freesound:378285,glass_breaking__fsd50k__dev__378285__0063__r0.wav,740b5356c1c435f987cc072c7751d54b832155a2e686a3da4b73990a90f30aa3,fdb2f1019041c7901fdc0bc0720ed076f6582f9d9cc883166bc1e85f4b7b6d73,5,2.147642,44100,1.0,451,position_compression_background,0.325301,4.5986,1.0,,,1.49888,13.3394,0.17438952,2-99796-A-32.wav,keyboard_typing,esc50:99796,1.0
glass_breaking__fsd50k__dev__378289__0102__r0__aug0.wav,glass_breaking,FSD50K,378289,freesound:378289,glass_breaking__fsd50k__dev__378289__0102__r0.wav,133cd8e9e8667fb2091ca3c91163b4d037fbca786d795024a5c8961406c32992,d56de2bd07a1c0ae8eede4c163ba721eef2a2328585fec924f821dd006f52ed4,0,2.012948,44100,1.0,451,position_only,0.195208,0.0,1.0,,,1.0,,,,,,1.0
glass_breaking__fsd50k__dev__378289__0102__r0__aug1.wav,glass_breaking,FSD50K,378289,freesound:378289,glass_breaking__fsd50k__dev__378289__0102__r0.wav,133cd8e9e8667fb2091ca3c91163b4d037fbca786d795024a5c8961406c32992,7297c44ec49a34760a2fe89993a82b488c1f81fef0e09f906b3fb54445a33679,1,2.012948,44100,1.0,451,position_gain,0.149917,-1.4293,1.0,,,1.0,,,,,,1.0
glass_breaking__fsd50k__dev__378289__0102__r0__aug2.wav,glass_breaking,FSD50K,378289,freesound:378289,glass_breaking__fsd50k__dev__378289__0102__r0.wav,133cd8e9e8667fb2091ca3c91163b4d037fbca786d795024a5c8961406c32992,b3d7ffe14e5bdfa55d490c60eb9a1f98778babdb3776dfe3f47dd2702f1a907c,2,2.012948,44100,1.0,451,position_gain_background,0.123087,-4.5678,1.0,,,1.0,15.5641,0.08369803,3-153444-A-32.wav,keyboard_typing,esc50:153444,1.0
glass_breaking__fsd50k__dev__378289__0102__r0__aug3.wav,glass_breaking,FSD50K,378289,freesound:378289,glass_breaking__fsd50k__dev__378289__0102__r0.wav,133cd8e9e8667fb2091ca3c91163b4d037fbca786d795024a5c8961406c32992,e417899ff864f79ad4269995d80d5f2021c67d7dca642c9665126c07afb1719c,3,2.012948,44100,1.0,451,position_filter_background,0.29382,-11.9232,1.0,224.126,5776.128,1.0,20.2437,0.00049032,1-30709-C-23.wav,breathing,esc50:30709,1.0
glass_breaking__fsd50k__dev__378289__0102__r0__aug4.wav,glass_breaking,FSD50K,378289,freesound:378289,glass_breaking__fsd50k__dev__378289__0102__r0.wav,133cd8e9e8667fb2091ca3c91163b4d037fbca786d795024a5c8961406c32992,9e83160697776fb8a46fcc53c9411d1eb69b17f737b470c48b77b4eeab4fbacb,4,2.012948,44100,1.0,451,position_speed_gain,0.154031,-5.2314,0.984568,,,1.0,,,,,,1.0
glass_breaking__fsd50k__dev__378289__0102__r0__aug5.wav,glass_breaking,FSD50K,378289,freesound:378289,glass_breaking__fsd50k__dev__378289__0102__r0.wav,133cd8e9e8667fb2091ca3c91163b4d037fbca786d795024a5c8961406c32992,0036115038dcc301bf16c898625d6b172b7ff38ba5713d3031b2c3fc0a12eba2,5,2.012948,44100,1.0,451,position_compression_background,0.328681,-7.2303,1.0,,,1.57669,23.129,0.00566416,2-140147-A-38.wav,clock_tick,esc50:140147,1.0
glass_breaking__fsd50k__dev__383978__0036__r0__aug0.wav,glass_breaking,FSD50K,383978,freesound:383978,glass_breaking__fsd50k__dev__383978__0036__r0.wav,bbe78d6c794875453b214cae43e6ca5b1d7ecb96df125f23bd2755fc1f5e5b6f,6c3fca8dd3052d66b31b76ecbfe6b8d3abdff09623c663ed23006301c580a60b,0,0.097302,44100,1.0,451,position_only,0.266927,0.0,1.0,,,1.0,,,,,,1.0
glass_breaking__fsd50k__dev__383978__0036__r0__aug1.wav,glass_breaking,FSD50K,383978,freesound:383978,glass_breaking__fsd50k__dev__383978__0036__r0.wav,bbe78d6c794875453b214cae43e6ca5b1d7ecb96df125f23bd2755fc1f5e5b6f,26bb3d9ecf5d08e97ef078ecb5aa6ae954f7dec53a27931fb138020de2d0c5d5,1,0.097302,44100,1.0,451,position_gain,0.355319,2.3235,1.0,,,1.0,,,,,,1.0
glass_breaking__fsd50k__dev__383978__0036__r0__aug2.wav,glass_breaking,FSD50K,383978,freesound:383978,glass_breaking__fsd50k__dev__383978__0036__r0.wav,bbe78d6c794875453b214cae43e6ca5b1d7ecb96df125f23bd2755fc1f5e5b6f,7b2d0d14b547f72c9ee0e24821c11ce52cc220beb3ae9162d6f3c7f58abaebbf,2,0.097302,44100,1.0,451,position_gain_background,0.244386,-3.4433,1.0,,,1.0,21.648,0.02355113,1-28135-B-11.wav,sea_waves,esc50:28135,1.0
glass_breaking__fsd50k__dev__383978__0036__r0__aug3.wav,glass_breaking,FSD50K,383978,freesound:383978,glass_breaking__fsd50k__dev__383978__0036__r0.wav,bbe78d6c794875453b214cae43e6ca5b1d7ecb96df125f23bd2755fc1f5e5b6f,ed83ed4633e922eb7b2b5fdb2376b8f454dfadca21d20ad1a87032516c889a05,3,0.097302,44100,1.0,451,position_filter_background,0.132007,-5.4918,1.0,181.726,6789.23,1.0,17.8014,0.0135504,2-155801-A-11.wav,sea_waves,esc50:155801,1.0
glass_breaking__fsd50k__dev__383978__0036__r0__aug4.wav,glass_breaking,FSD50K,383978,freesound:383978,glass_breaking__fsd50k__dev__383978__0036__r0.wav,bbe78d6c794875453b214cae43e6ca5b1d7ecb96df125f23bd2755fc1f5e5b6f,1435432926efdbabf1be8632b11d91c3fb0de42389e560721be01b58e89692a1,4,0.097302,44100,1.0,451,position_speed_gain,0.261125,-4.4614,0.980492,,,1.0,,,,,,1.0
glass_breaking__fsd50k__dev__383978__0036__r0__aug5.wav,glass_breaking,FSD50K,383978,freesound:383978,glass_breaking__fsd50k__dev__383978__0036__r0.wav,bbe78d6c794875453b214cae43e6ca5b1d7ecb96df125f23bd2755fc1f5e5b6f,450b60514ffbf6e2ddda865431e7f8aa43e88046b6c5322d4944978e51963ef4,5,0.097302,44100,1.0,451,position_compression_background,0.25352,-0.3673,1.0,,,1.68222,20.1247,0.7703815,3-112557-A-23.wav,breathing,esc50:112557,1.0
glass_breaking__fsd50k__dev__383988__0141__r0__aug0.wav,glass_breaking,FSD50K,383988,freesound:383988,glass_breaking__fsd50k__dev__383988__0141__r0.wav,9f606e48213e49b4573d15f652d17aff2eb11f7fb0f9c603a8d0ae02b74283c9,55b55e109f8674d93b1dfede18f756aa353a05fc0194599c7941b9b3987c50d9,0,0.012494,44100,1.0,451,position_only,0.196756,0.0,1.0,,,1.0,,,,,,1.0
glass_breaking__fsd50k__dev__383988__0141__r0__aug1.wav,glass_breaking,FSD50K,383988,freesound:383988,glass_breaking__fsd50k__dev__383988__0141__r0.wav,9f606e48213e49b4573d15f652d17aff2eb11f7fb0f9c603a8d0ae02b74283c9,b6da0f5f152086b0e509bcde35cb83ab5c44600a8e79da55e0e55d157ef5b706,1,0.012494,44100,1.0,451,position_gain,0.340981,-0.8164,1.0,,,1.0,,,,,,1.0
glass_breaking__fsd50k__dev__383988__0141__r0__aug2.wav,glass_breaking,FSD50K,383988,freesound:383988,glass_breaking__fsd50k__dev__383988__0141__r0.wav,9f606e48213e49b4573d15f652d17aff2eb11f7fb0f9c603a8d0ae02b74283c9,54fa4f1c1d0ea0dc202dff5e14e395428e2782454d8ef466f2d82924363e309d,2,0.012494,44100,1.0,451,position_gain_background,0.290668,-9.4442,1.0,,,1.0,17.2728,0.01070438,3-166422-A-11.wav,sea_waves,esc50:166422,1.0
glass_breaking__fsd50k__dev__383988__0141__r0__aug3.wav,glass_breaking,FSD50K,383988,freesound:383988,glass_breaking__fsd50k__dev__383988__0141__r0.wav,9f606e48213e49b4573d15f652d17aff2eb11f7fb0f9c603a8d0ae02b74283c9,d449bf4c119e618d6d29e1382cad63bc0b35f6f4788657e1259bc6d2a080e83a,3,0.012494,44100,1.0,451,position_filter_background,0.254985,-5.9648,1.0,88.499,6752.813,1.0,20.4753,0.15219904,3-170383-A-38.wav,clock_tick,esc50:170383,1.0
glass_breaking__fsd50k__dev__383988__0141__r0__aug4.wav,glass_breaking,FSD50K,383988,freesound:383988,glass_breaking__fsd50k__dev__383988__0141__r0.wav,9f606e48213e49b4573d15f652d17aff2eb11f7fb0f9c603a8d0ae02b74283c9,3424396305bcb7accfbdafa0e6eff8f21c791d824957d0dd4d701f001783476b,4,0.012494,44100,1.0,451,position_speed_gain,0.262364,-3.9927,1.020079,,,1.0,,,,,,1.0
glass_breaking__fsd50k__dev__383988__0141__r0__aug5.wav,glass_breaking,FSD50K,383988,freesound:383988,glass_breaking__fsd50k__dev__383988__0141__r0.wav,9f606e48213e49b4573d15f652d17aff2eb11f7fb0f9c603a8d0ae02b74283c9,15750898ab44040fba8d3990ea983f406050ff746f1f5f9e1b01f654acb82519,5,0.012494,44100,1.0,451,position_compression_background,0.350812,-5.653,1.0,,,1.4621,10.2087,0.86892602,3-151206-A-23.wav,breathing,esc50:151206,1.0
glass_breaking__fsd50k__dev__387349__0060__r0__aug0.wav,glass_breaking,FSD50K,387349,freesound:387349,glass_breaking__fsd50k__dev__387349__0060__r0.wav,e2910aef5a4993e380c24e78d73425be5db05d263e4d46ba2e6a35f6033fb559,f262c41a1c804d07cf745163c1cddfec4e246c7a4efcad4f2fd57af17e8a28a6,0,1.214762,44100,1.0,451,position_only,0.288563,0.0,1.0,,,1.0,,,,,,1.0
glass_breaking__fsd50k__dev__387349__0060__r0__aug1.wav,glass_breaking,FSD50K,387349,freesound:387349,glass_breaking__fsd50k__dev__387349__0060__r0.wav,e2910aef5a4993e380c24e78d73425be5db05d263e4d46ba2e6a35f6033fb559,8f4dcce6e7d14d032b08d54cb6e1a898e029eaa0bf43da8da798cee5949c34ce,1,1.214762,44100,1.0,451,position_gain,0.358848,4.3684,1.0,,,1.0,,,,,,1.0
glass_breaking__fsd50k__dev__387349__0060__r0__aug2.wav,glass_breaking,FSD50K,387349,freesound:387349,glass_breaking__fsd50k__dev__387349__0060__r0.wav,e2910aef5a4993e380c24e78d73425be5db05d263e4d46ba2e6a35f6033fb559,ade30151daab044f05a1810c30298725a6f3f84ca57b8a184b28f0e4e5d532d2,2,1.214762,44100,1.0,451,position_gain_background,0.106881,-11.3077,1.0,,,1.0,19.7761,0.00269096,3-164120-A-11.wav,sea_waves,esc50:164120,1.0
glass_breaking__fsd50k__dev__387349__0060__r0__aug3.wav,glass_breaking,FSD50K,387349,freesound:387349,glass_breaking__fsd50k__dev__387349__0060__r0.wav,e2910aef5a4993e380c24e78d73425be5db05d263e4d46ba2e6a35f6033fb559,ce80c675d29d7d738f1e4873a839720820d6a8d190557815d21ee3ffc982d647,3,1.214762,44100,1.0,451,position_filter_background,0.258109,4.4816,1.0,108.287,5851.859,1.0,12.4393,0.87393943,3-166125-A-23.wav,breathing,esc50:166125,1.0
glass_breaking__fsd50k__dev__387349__0060__r0__aug4.wav,glass_breaking,FSD50K,387349,freesound:387349,glass_breaking__fsd50k__dev__387349__0060__r0.wav,e2910aef5a4993e380c24e78d73425be5db05d263e4d46ba2e6a35f6033fb559,62acfbac79e8049d831e9ba4c7efb5480883e9afc9934edb9b31c423b06fb3eb,4,1.214762,44100,1.0,451,position_speed_gain,0.190031,-2.4776,0.981435,,,1.0,,,,,,1.0
glass_breaking__fsd50k__dev__387349__0060__r0__aug5.wav,glass_breaking,FSD50K,387349,freesound:387349,glass_breaking__fsd50k__dev__387349__0060__r0.wav,e2910aef5a4993e380c24e78d73425be5db05d263e4d46ba2e6a35f6033fb559,7fbba0e6cd4868f67958b6154700f447303793d790d5aad47bdad8838fce99a7,5,1.214762,44100,1.0,451,position_compression_background,0.359168,-0.7165,1.0,,,1.64984,23.4318,0.00748545,3-164630-A-11.wav,sea_waves,esc50:164630,1.0
glass_breaking__fsd50k__dev__389793__0098__r0__aug0.wav,glass_breaking,FSD50K,389793,freesound:389793,glass_breaking__fsd50k__dev__389793__0098__r0.wav,25247a8fee337f892bfa0458cc64730b431b95105c0e4e37999eb3d041c4f299,2da9b7085bdc32548f08bced3d6bed1fe76689fd4f1b4c594c8160bf1af89f9f,0,1.264649,44100,1.0,451,position_only,0.329754,0.0,1.0,,,1.0,,,,,,1.0
glass_breaking__fsd50k__dev__389793__0098__r0__aug1.wav,glass_breaking,FSD50K,389793,freesound:389793,glass_breaking__fsd50k__dev__389793__0098__r0.wav,25247a8fee337f892bfa0458cc64730b431b95105c0e4e37999eb3d041c4f299,89a5d8e9028215341c0030ca77f4b8b22a0902a8a23a7c264b392b94b4c0ee89,1,1.264649,44100,1.0,451,position_gain,0.205221,-4.4838,1.0,,,1.0,,,,,,1.0
glass_breaking__fsd50k__dev__389793__0098__r0__aug2.wav,glass_breaking,FSD50K,389793,freesound:389793,glass_breaking__fsd50k__dev__389793__0098__r0.wav,25247a8fee337f892bfa0458cc64730b431b95105c0e4e37999eb3d041c4f299,1cc5e76bddac550efc96455c631515de9217e79dd4b14f113f5327922f971bce,2,1.264649,44100,1.0,451,position_gain_background,0.136243,-11.5649,1.0,,,1.0,12.5546,0.15687327,1-35687-A-38.wav,clock_tick,esc50:35687,1.0
glass_breaking__fsd50k__dev__389793__0098__r0__aug3.wav,glass_breaking,FSD50K,389793,freesound:389793,glass_breaking__fsd50k__dev__389793__0098__r0.wav,25247a8fee337f892bfa0458cc64730b431b95105c0e4e37999eb3d041c4f299,941e2e366b2897ec957fde51cd29a3dde64ad0dd508c0187e914b3b063fdc344,3,1.264649,44100,1.0,451,position_filter_background,0.127172,-5.2011,1.0,214.087,6951.669,1.0,23.2699,0.06692098,3-150363-A-38.wav,clock_tick,esc50:150363,1.0
glass_breaking__fsd50k__dev__389793__0098__r0__aug4.wav,glass_breaking,FSD50K,389793,freesound:389793,glass_breaking__fsd50k__dev__389793__0098__r0.wav,25247a8fee337f892bfa0458cc64730b431b95105c0e4e37999eb3d041c4f299,c591420d5838be68574c31b3305d76d14f7d06297d8ee76c319df37557b986a7,4,1.264649,44100,1.0,451,position_speed_gain,0.212365,-8.6908,0.970762,,,1.0,,,,,,1.0
glass_breaking__fsd50k__dev__389793__0098__r0__aug5.wav,glass_breaking,FSD50K,389793,freesound:389793,glass_breaking__fsd50k__dev__389793__0098__r0.wav,25247a8fee337f892bfa0458cc64730b431b95105c0e4e37999eb3d041c4f299,b08fec18868ffd4aa3d9408fbff0c62f80c0d572f106b2fcc33b89cecc957c6c,5,1.264649,44100,1.0,451,position_compression_background,0.122269,3.1565,1.0,,,1.61484,13.2905,0.26902303,1-21935-A-38.wav,clock_tick,esc50:21935,1.0
glass_breaking__fsd50k__dev__389804__0057__r0__aug0.wav,glass_breaking,FSD50K,389804,freesound:389804,glass_breaking__fsd50k__dev__389804__0057__r0.wav,3d7efb0ea4e19f5d380ccc0b332876e695af6ab002d5ab0d1878d3c039d10550,8bcc6cac4740aea340822d2d09b32df795c258efc839a2ddbb881a7958a59c3f,0,0.321791,44100,1.0,451,position_only,0.191314,0.0,1.0,,,1.0,,,,,,1.0
glass_breaking__fsd50k__dev__389804__0057__r0__aug1.wav,glass_breaking,FSD50K,389804,freesound:389804,glass_breaking__fsd50k__dev__389804__0057__r0.wav,3d7efb0ea4e19f5d380ccc0b332876e695af6ab002d5ab0d1878d3c039d10550,26d13f46864d29804c5bfc67e738cd396652672c7cd597325112380d4b1be8f4,1,0.321791,44100,1.0,451,position_gain,0.233773,-10.9899,1.0,,,1.0,,,,,,1.0
glass_breaking__fsd50k__dev__389804__0057__r0__aug2.wav,glass_breaking,FSD50K,389804,freesound:389804,glass_breaking__fsd50k__dev__389804__0057__r0.wav,3d7efb0ea4e19f5d380ccc0b332876e695af6ab002d5ab0d1878d3c039d10550,95c0d294f70dfd5da9815ece48db6980aac8dd3976fd4f66708fb53045119e38,2,0.321791,44100,1.0,451,position_gain_background,0.12572,-6.7276,1.0,,,1.0,15.6133,0.10654937,2-133863-A-11.wav,sea_waves,esc50:133863,1.0
glass_breaking__fsd50k__dev__389804__0057__r0__aug3.wav,glass_breaking,FSD50K,389804,freesound:389804,glass_breaking__fsd50k__dev__389804__0057__r0.wav,3d7efb0ea4e19f5d380ccc0b332876e695af6ab002d5ab0d1878d3c039d10550,eb73549ec202817e9bf6c1bc383b8ec103d7eb2a1994f7eaa5418e982f740a2f,3,0.321791,44100,1.0,451,position_filter_background,0.319312,-6.1889,1.0,145.095,7134.922,1.0,17.5512,0.02460948,2-121909-A-35.wav,washing_machine,esc50:121909,1.0
glass_breaking__fsd50k__dev__389804__0057__r0__aug4.wav,glass_breaking,FSD50K,389804,freesound:389804,glass_breaking__fsd50k__dev__389804__0057__r0.wav,3d7efb0ea4e19f5d380ccc0b332876e695af6ab002d5ab0d1878d3c039d10550,c91896a6dde16b116db212b5f0643f709258996302ff2eff80cb0fe64dc35f38,4,0.321791,44100,1.0,451,position_speed_gain,0.145243,0.0295,1.007485,,,1.0,,,,,,1.0
glass_breaking__fsd50k__dev__389804__0057__r0__aug5.wav,glass_breaking,FSD50K,389804,freesound:389804,glass_breaking__fsd50k__dev__389804__0057__r0.wav,3d7efb0ea4e19f5d380ccc0b332876e695af6ab002d5ab0d1878d3c039d10550,2f0235dccf492664e1a84256cbfb7d59bf1d1cb7447ddfde7d5bd349514e5d63,5,0.321791,44100,1.0,451,position_compression_background,0.290655,3.2069,1.0,,,1.51843,17.843,0.07266581,2-102567-A-35.wav,washing_machine,esc50:102567,0.98015114
glass_breaking__fsd50k__dev__390705__0157__r0__aug0.wav,glass_breaking,FSD50K,390705,freesound:390705,glass_breaking__fsd50k__dev__390705__0157__r0.wav,d4aad51d684644c0fa28159cc4522f736cbbe62776c22ef8e4c45440077c479f,a6cbadcd926c967224a9f7976a01cc973958901fdb175af9e1191d5018874735,0,0.077347,44100,1.0,451,position_only,0.209537,0.0,1.0,,,1.0,,,,,,0.89125094
glass_breaking__fsd50k__dev__390705__0157__r0__aug1.wav,glass_breaking,FSD50K,390705,freesound:390705,glass_breaking__fsd50k__dev__390705__0157__r0.wav,d4aad51d684644c0fa28159cc4522f736cbbe62776c22ef8e4c45440077c479f,6b660fdc7ab4973d62d6489269a598cac02b79a7eadbb90baf78b3f274791e56,1,0.077347,44100,1.0,451,position_gain,0.151791,-1.4599,1.0,,,1.0,,,,,,1.0
glass_breaking__fsd50k__dev__390705__0157__r0__aug2.wav,glass_breaking,FSD50K,390705,freesound:390705,glass_breaking__fsd50k__dev__390705__0157__r0.wav,d4aad51d684644c0fa28159cc4522f736cbbe62776c22ef8e4c45440077c479f,802c477bc92283eebce492698810adfa33e15d26c2f23d642ac4dbd2988731fc,2,0.077347,44100,1.0,451,position_gain_background,0.114845,-2.2533,1.0,,,1.0,19.4635,0.99688576,1-94231-B-32.wav,keyboard_typing,esc50:94231,1.0
glass_breaking__fsd50k__dev__390705__0157__r0__aug3.wav,glass_breaking,FSD50K,390705,freesound:390705,glass_breaking__fsd50k__dev__390705__0157__r0.wav,d4aad51d684644c0fa28159cc4522f736cbbe62776c22ef8e4c45440077c479f,0c4a6085f401f58ba18921c48970cac501ccc39284dd81b34351d2fe99276556,3,0.077347,44100,1.0,451,position_filter_background,0.30441,-6.6231,1.0,148.297,7372.638,1.0,17.6849,0.02105244,2-121909-A-35.wav,washing_machine,esc50:121909,1.0
glass_breaking__fsd50k__dev__390705__0157__r0__aug4.wav,glass_breaking,FSD50K,390705,freesound:390705,glass_breaking__fsd50k__dev__390705__0157__r0.wav,d4aad51d684644c0fa28159cc4522f736cbbe62776c22ef8e4c45440077c479f,27ca378b3c649ec196d2ba77793ef3c3bece800a4554e62f7b68ed5d62350a38,4,0.077347,44100,1.0,451,position_speed_gain,0.310366,-11.2435,0.974803,,,1.0,,,,,,1.0
glass_breaking__fsd50k__dev__390705__0157__r0__aug5.wav,glass_breaking,FSD50K,390705,freesound:390705,glass_breaking__fsd50k__dev__390705__0157__r0.wav,d4aad51d684644c0fa28159cc4522f736cbbe62776c22ef8e4c45440077c479f,5449cb90baf8b730e4f499aa75dcd68371a577e8e8f36fd38f9b11f9ea01db6e,5,0.077347,44100,1.0,451,position_compression_background,0.334318,4.143,1.0,,,1.22884,19.5501,0.09265062,1-91359-A-11.wav,sea_waves,esc50:91359,0.77987529
glass_breaking__fsd50k__dev__390707__0191__r0__aug0.wav,glass_breaking,FSD50K,390707,freesound:390707,glass_breaking__fsd50k__dev__390707__0191__r0.wav,7a58a98333683af159eeabc384090d7a013e1af0f68880a5cdb8ea0f456768dc,c908a8272d35a27bec5f0c584a1471b1c75a34e6e2362841ab77af6ac86bd4f1,0,0.561247,44100,1.0,451,position_only,0.216877,0.0,1.0,,,1.0,,,,,,0.89125094
glass_breaking__fsd50k__dev__390707__0191__r0__aug1.wav,glass_breaking,FSD50K,390707,freesound:390707,glass_breaking__fsd50k__dev__390707__0191__r0.wav,7a58a98333683af159eeabc384090d7a013e1af0f68880a5cdb8ea0f456768dc,22d3f4f0cdc677648dbff8acbb2ca89bcc350ef262eee6968ebb1d9048338af2,1,0.561247,44100,1.0,451,position_gain,0.118068,-5.525,1.0,,,1.0,,,,,,1.0
glass_breaking__fsd50k__dev__390707__0191__r0__aug2.wav,glass_breaking,FSD50K,390707,freesound:390707,glass_breaking__fsd50k__dev__390707__0191__r0.wav,7a58a98333683af159eeabc384090d7a013e1af0f68880a5cdb8ea0f456768dc,603ff5b26eb8850ee4ee69a41ec016366afb8cce8ab1c204fb0e92b4133c3806,2,0.561247,44100,1.0,451,position_gain_background,0.132978,-11.9153,1.0,,,1.0,11.5805,0.86513254,3-143933-A-38.wav,clock_tick,esc50:143933,1.0
glass_breaking__fsd50k__dev__390707__0191__r0__aug3.wav,glass_breaking,FSD50K,390707,freesound:390707,glass_breaking__fsd50k__dev__390707__0191__r0.wav,7a58a98333683af159eeabc384090d7a013e1af0f68880a5cdb8ea0f456768dc,63cfa89b93651c8986d260d4d40a4b2a40cafe7dd28147ec3a778e758b2c4684,3,0.561247,44100,1.0,451,position_filter_background,0.201128,1.3257,1.0,248.944,6125.015,1.0,18.255,0.72202169,2-109316-A-32.wav,keyboard_typing,esc50:109316,0.48546721
glass_breaking__fsd50k__dev__390707__0191__r0__aug4.wav,glass_breaking,FSD50K,390707,freesound:390707,glass_breaking__fsd50k__dev__390707__0191__r0.wav,7a58a98333683af159eeabc384090d7a013e1af0f68880a5cdb8ea0f456768dc,de816812cd22f5b68c127363bf1154cf1a4c66d670880048c034456952680645,4,0.561247,44100,1.0,451,position_speed_gain,0.286541,4.4599,0.971759,,,1.0,,,,,,0.52011262
glass_breaking__fsd50k__dev__390707__0191__r0__aug5.wav,glass_breaking,FSD50K,390707,freesound:390707,glass_breaking__fsd50k__dev__390707__0191__r0.wav,7a58a98333683af159eeabc384090d7a013e1af0f68880a5cdb8ea0f456768dc,c560596ba07f7c9b73839096d23ae1513c2e78c04c5301cc96bbbfe95d245db6,5,0.561247,44100,1.0,451,position_compression_background,0.321433,-9.9765,1.0,,,1.45526,10.7069,0.08178156,1-21896-A-35.wav,washing_machine,esc50:21896,1.0
glass_breaking__fsd50k__dev__390708__0108__r0__aug0.wav,glass_breaking,FSD50K,390708,freesound:390708,glass_breaking__fsd50k__dev__390708__0108__r0.wav,f36fde75b5b8325b6b8f19c6dd553103479b30231785c6c6d64013b63506fc82,5fb93dae837cf4c125ce07e67ff6a16075c46f52aeda9822eb7a20c98a8f3910,0,0.66102,44100,1.0,451,position_only,0.208541,0.0,1.0,,,1.0,,,,,,0.89125094
glass_breaking__fsd50k__dev__390708__0108__r0__aug1.wav,glass_breaking,FSD50K,390708,freesound:390708,glass_breaking__fsd50k__dev__390708__0108__r0.wav,f36fde75b5b8325b6b8f19c6dd553103479b30231785c6c6d64013b63506fc82,766e058366ab09ef2124f5b522efa2939fe80be0ad6b7e9de6a6372240297cf5,1,0.66102,44100,1.0,451,position_gain,0.345877,-0.8795,1.0,,,1.0,,,,,,0.9862183
glass_breaking__fsd50k__dev__390708__0108__r0__aug2.wav,glass_breaking,FSD50K,390708,freesound:390708,glass_breaking__fsd50k__dev__390708__0108__r0.wav,f36fde75b5b8325b6b8f19c6dd553103479b30231785c6c6d64013b63506fc82,bd51964b547c80a44d46ffb368c4c478adc575f4b18cbe8aa508080408375f1e,2,0.66102,44100,1.0,451,position_gain_background,0.225309,2.4971,1.0,,,1.0,24.2116,0.06605208,3-155642-B-11.wav,sea_waves,esc50:155642,0.65222819
glass_breaking__fsd50k__dev__390708__0108__r0__aug3.wav,glass_breaking,FSD50K,390708,freesound:390708,glass_breaking__fsd50k__dev__390708__0108__r0.wav,f36fde75b5b8325b6b8f19c6dd553103479b30231785c6c6d64013b63506fc82,b55e73b9919cdf6d2263ca8238650d4d66cf633278fa457e8b12aa3bbacecec3,3,0.66102,44100,1.0,451,position_filter_background,0.235379,-10.4437,1.0,88.529,5861.632,1.0,18.4096,0.24892984,2-54961-A-23.wav,breathing,esc50:54961,1.0
glass_breaking__fsd50k__dev__390708__0108__r0__aug4.wav,glass_breaking,FSD50K,390708,freesound:390708,glass_breaking__fsd50k__dev__390708__0108__r0.wav,f36fde75b5b8325b6b8f19c6dd553103479b30231785c6c6d64013b63506fc82,77b44ad12c78c3ef55eec06d0894a6b572e8962642f62fdc7798e05e82410384,4,0.66102,44100,1.0,451,position_speed_gain,0.199601,-5.4098,0.984564,,,1.0,,,,,,1.0
glass_breaking__fsd50k__dev__390708__0108__r0__aug5.wav,glass_breaking,FSD50K,390708,freesound:390708,glass_breaking__fsd50k__dev__390708__0108__r0.wav,f36fde75b5b8325b6b8f19c6dd553103479b30231785c6c6d64013b63506fc82,6ed626043cb7e23e398b0977ef9b3a8f91eae4756684b30d4f17f3ec1edea960,5,0.66102,44100,1.0,451,position_compression_background,0.16762,-0.4158,1.0,,,1.7493,23.3504,1.40243365,1-94231-A-32.wav,keyboard_typing,esc50:94231,0.90043827
glass_breaking__fsd50k__dev__390721__0072__r0__aug0.wav,glass_breaking,FSD50K,390721,freesound:390721,glass_breaking__fsd50k__dev__390721__0072__r0.wav,3f4a7f6d448619eab44958ef3a3b7f173b80f1a4f2460802209c0826712f1339,97e21b25e5b903670fbad459b8087e098d26b43cc62dbe30dcda7fb4a1078fe1,0,0.631088,44100,1.0,451,position_only,0.348232,0.0,1.0,,,1.0,,,,,,0.89125094
glass_breaking__fsd50k__dev__390721__0072__r0__aug1.wav,glass_breaking,FSD50K,390721,freesound:390721,glass_breaking__fsd50k__dev__390721__0072__r0.wav,3f4a7f6d448619eab44958ef3a3b7f173b80f1a4f2460802209c0826712f1339,80529cd870b50321693282699d1387c3ec0e256d926573a5d44bae1f6099b813,1,0.631088,44100,1.0,451,position_gain,0.203412,-8.9448,1.0,,,1.0,,,,,,1.0
glass_breaking__fsd50k__dev__390721__0072__r0__aug2.wav,glass_breaking,FSD50K,390721,freesound:390721,glass_breaking__fsd50k__dev__390721__0072__r0.wav,3f4a7f6d448619eab44958ef3a3b7f173b80f1a4f2460802209c0826712f1339,440e11f90c74565af004d2959a2af9296e99349db9804879dcf5c4567b61cd80,2,0.631088,44100,1.0,451,position_gain_background,0.349747,2.761,1.0,,,1.0,19.7318,0.07204747,1-27166-A-35.wav,washing_machine,esc50:27166,0.64058237
glass_breaking__fsd50k__dev__390721__0072__r0__aug3.wav,glass_breaking,FSD50K,390721,freesound:390721,glass_breaking__fsd50k__dev__390721__0072__r0.wav,3f4a7f6d448619eab44958ef3a3b7f173b80f1a4f2460802209c0826712f1339,eee2afe508a03bb8a244b2bdac8fbd55643952de3314e830eb5f19eef92e7ff4,3,0.631088,44100,1.0,451,position_filter_background,0.341275,-3.2646,1.0,181.764,6208.012,1.0,21.9178,0.19135408,2-104168-A-32.wav,keyboard_typing,esc50:104168,1.0
glass_breaking__fsd50k__dev__390721__0072__r0__aug4.wav,glass_breaking,FSD50K,390721,freesound:390721,glass_breaking__fsd50k__dev__390721__0072__r0.wav,3f4a7f6d448619eab44958ef3a3b7f173b80f1a4f2460802209c0826712f1339,c268766fd1a578c36ee79950011c2909daa36f60eebc7721fba2541adefa8f63,4,0.631088,44100,1.0,451,position_speed_gain,0.10153,-3.7858,0.966429,,,1.0,,,,,,1.0
glass_breaking__fsd50k__dev__390721__0072__r0__aug5.wav,glass_breaking,FSD50K,390721,freesound:390721,glass_breaking__fsd50k__dev__390721__0072__r0.wav,3f4a7f6d448619eab44958ef3a3b7f173b80f1a4f2460802209c0826712f1339,c882988de47d5777dcf6f7bf582fbcb2a2f130342b7afb63150e2fcc93a8add0,5,0.631088,44100,1.0,451,position_compression_background,0.28304,-7.256,1.0,,,1.67786,20.1221,0.03146365,3-155642-A-11.wav,sea_waves,esc50:155642,1.0
glass_breaking__fsd50k__dev__390722__0174__r0__aug0.wav,glass_breaking,FSD50K,390722,freesound:390722,glass_breaking__fsd50k__dev__390722__0174__r0.wav,abb854f29344f123d13e8517ec77545a37a272476efad1df7657b1e87c59e997,be61477e8cd520e51616f8749db1c6d0533470f6cfa8e59324e3c30aba33d24c,0,0.426553,44100,1.0,451,position_only,0.2052,0.0,1.0,,,1.0,,,,,,0.89125094
glass_breaking__fsd50k__dev__390722__0174__r0__aug1.wav,glass_breaking,FSD50K,390722,freesound:390722,glass_breaking__fsd50k__dev__390722__0174__r0.wav,abb854f29344f123d13e8517ec77545a37a272476efad1df7657b1e87c59e997,77c3a64ce2269f134e60642380388dd0764e8fbc2da17a57f770a869ba3832a6,1,0.426553,44100,1.0,451,position_gain,0.249078,-6.5459,1.0,,,1.0,,,,,,1.0
glass_breaking__fsd50k__dev__390722__0174__r0__aug2.wav,glass_breaking,FSD50K,390722,freesound:390722,glass_breaking__fsd50k__dev__390722__0174__r0.wav,abb854f29344f123d13e8517ec77545a37a272476efad1df7657b1e87c59e997,0a5aaf15abbbb415e29151c86134e6a1e23d2989a3e5695caac0959961c91009,2,0.426553,44100,1.0,451,position_gain_background,0.125184,-5.613,1.0,,,1.0,20.4086,0.17784702,2-132157-A-11.wav,sea_waves,esc50:132157,1.0
glass_breaking__fsd50k__dev__390722__0174__r0__aug3.wav,glass_breaking,FSD50K,390722,freesound:390722,glass_breaking__fsd50k__dev__390722__0174__r0.wav,abb854f29344f123d13e8517ec77545a37a272476efad1df7657b1e87c59e997,2be75992e3666f6b2e83bd61b882d3f5a799fbaa6103e77872f991a3073e7708,3,0.426553,44100,1.0,451,position_filter_background,0.123593,-3.4582,1.0,214.084,6122.071,1.0,22.0565,21.37023164,2-54962-A-23.wav,breathing,esc50:54962,1.0
glass_breaking__fsd50k__dev__390722__0174__r0__aug4.wav,glass_breaking,FSD50K,390722,freesound:390722,glass_breaking__fsd50k__dev__390722__0174__r0.wav,abb854f29344f123d13e8517ec77545a37a272476efad1df7657b1e87c59e997,768c64465dfdabc6d667f7c286b1d638e0bfc709c7a532bd564a2cb2170eba14,4,0.426553,44100,1.0,451,position_speed_gain,0.172914,1.5494,0.983499,,,1.0,,,,,,0.66060558
glass_breaking__fsd50k__dev__390722__0174__r0__aug5.wav,glass_breaking,FSD50K,390722,freesound:390722,glass_breaking__fsd50k__dev__390722__0174__r0.wav,abb854f29344f123d13e8517ec77545a37a272476efad1df7657b1e87c59e997,d0cb2d29be31e525175b4d1b01237be01ad22454d5a7e25350e2587dcedfb75a,5,0.426553,44100,1.0,451,position_compression_background,0.343535,1.2029,1.0,,,1.35754,19.2128,0.89875558,3-155570-A-32.wav,keyboard_typing,esc50:155570,0.84624837
glass_breaking__fsd50k__dev__390723__0134__r0__aug0.wav,glass_breaking,FSD50K,390723,freesound:390723,glass_breaking__fsd50k__dev__390723__0134__r0.wav,b2fce049735a825b81da7bf4ffdde5997f3d6742a45373692326cb0137c7404c,c7af1f93ea1ffc7ecc201325e83428c3b09a1b21c03d5eb889af39ad6e0f1167,0,0.346735,44100,1.0,451,position_only,0.112092,0.0,1.0,,,1.0,,,,,,0.89125094
glass_breaking__fsd50k__dev__390723__0134__r0__aug1.wav,glass_breaking,FSD50K,390723,freesound:390723,glass_breaking__fsd50k__dev__390723__0134__r0.wav,b2fce049735a825b81da7bf4ffdde5997f3d6742a45373692326cb0137c7404c,945eaa9565264cf973751998f0b880d47630cd8fb00adf4aed7dc1435bda4ced,1,0.346735,44100,1.0,451,position_gain,0.25709,-1.812,1.0,,,1.0,,,,,,1.0
glass_breaking__fsd50k__dev__390723__0134__r0__aug2.wav,glass_breaking,FSD50K,390723,freesound:390723,glass_breaking__fsd50k__dev__390723__0134__r0.wav,b2fce049735a825b81da7bf4ffdde5997f3d6742a45373692326cb0137c7404c,3bbfb37a9ba06ffb16a37abd71a7ceea3e083c2353a37e924cfb52a63d8ec6ef,2,0.346735,44100,1.0,451,position_gain_background,0.212276,-2.7039,1.0,,,1.0,18.3578,0.02680364,2-102567-A-35.wav,washing_machine,esc50:102567,1.0
glass_breaking__fsd50k__dev__390723__0134__r0__aug3.wav,glass_breaking,FSD50K,390723,freesound:390723,glass_breaking__fsd50k__dev__390723__0134__r0.wav,b2fce049735a825b81da7bf4ffdde5997f3d6742a45373692326cb0137c7404c,31ea317a27d627a2b5ffa9418fcfb64c6fa35112111b310109d5214d2e8fcb69,3,0.346735,44100,1.0,451,position_filter_background,0.332303,2.9398,1.0,258.861,6520.196,1.0,23.5356,0.08794762,3-155642-B-11.wav,sea_waves,esc50:155642,0.42324688
glass_breaking__fsd50k__dev__390723__0134__r0__aug4.wav,glass_breaking,FSD50K,390723,freesound:390723,glass_breaking__fsd50k__dev__390723__0134__r0.wav,b2fce049735a825b81da7bf4ffdde5997f3d6742a45373692326cb0137c7404c,2823a63e54d50b3b79bfbd6c5e7c0418a3771cdc4d2b79f91fb2a86ed79863b9,4,0.346735,44100,1.0,451,position_speed_gain,0.295445,-4.5902,1.000528,,,1.0,,,,,,1.0
glass_breaking__fsd50k__dev__390723__0134__r0__aug5.wav,glass_breaking,FSD50K,390723,freesound:390723,glass_breaking__fsd50k__dev__390723__0134__r0.wav,b2fce049735a825b81da7bf4ffdde5997f3d6742a45373692326cb0137c7404c,b832fbb2d92fc0dca397882bd2d50a8b9e78545e2f981b3bb8535590739d7fff,5,0.346735,44100,1.0,451,position_compression_background,0.241318,-4.7536,1.0,,,1.30582,18.3593,0.07815472,1-27165-A-35.wav,washing_machine,esc50:27165,1.0
glass_breaking__fsd50k__dev__406256__0115__r0__aug0.wav,glass_breaking,FSD50K,406256,freesound:406256,glass_breaking__fsd50k__dev__406256__0115__r0.wav,a84c1817c0a3dcf918b58e4d07002d23ebd63d79e926f2bf2a7b40ee193f9678,e84f28411ea26245750826c8f55155fccb928d8f8017c915cc171b37cdd585ff,0,0.466463,44100,1.0,451,position_only,0.191336,0.0,1.0,,,1.0,,,,,,1.0
glass_breaking__fsd50k__dev__406256__0115__r0__aug1.wav,glass_breaking,FSD50K,406256,freesound:406256,glass_breaking__fsd50k__dev__406256__0115__r0.wav,a84c1817c0a3dcf918b58e4d07002d23ebd63d79e926f2bf2a7b40ee193f9678,f56c3a07da6beb4b99c7547499af6aa47cd14720fe727352fae30c889090d4d1,1,0.466463,44100,1.0,451,position_gain,0.164666,-4.4119,1.0,,,1.0,,,,,,1.0
glass_breaking__fsd50k__dev__406256__0115__r0__aug2.wav,glass_breaking,FSD50K,406256,freesound:406256,glass_breaking__fsd50k__dev__406256__0115__r0.wav,a84c1817c0a3dcf918b58e4d07002d23ebd63d79e926f2bf2a7b40ee193f9678,91d554e198666257d59752fcb69d0b5170bb8cbc20cc9e27c94b34ecb2ac7e64,2,0.466463,44100,1.0,451,position_gain_background,0.145502,-8.1123,1.0,,,1.0,12.5895,0.47243532,3-166125-B-23.wav,breathing,esc50:166125,1.0
glass_breaking__fsd50k__dev__406256__0115__r0__aug3.wav,glass_breaking,FSD50K,406256,freesound:406256,glass_breaking__fsd50k__dev__406256__0115__r0.wav,a84c1817c0a3dcf918b58e4d07002d23ebd63d79e926f2bf2a7b40ee193f9678,6f6aa383303fd637406859183aac7950671f8aeb4da6ebea7ea9acf5a0f0c589,3,0.466463,44100,1.0,451,position_filter_background,0.203249,-5.2238,1.0,178.669,7775.544,1.0,15.7205,0.0045204,1-91359-B-11.wav,sea_waves,esc50:91359,1.0
glass_breaking__fsd50k__dev__406256__0115__r0__aug4.wav,glass_breaking,FSD50K,406256,freesound:406256,glass_breaking__fsd50k__dev__406256__0115__r0.wav,a84c1817c0a3dcf918b58e4d07002d23ebd63d79e926f2bf2a7b40ee193f9678,2b2e2e2390656e6240fd7b5349aa77f41e48f62f7f52fece4a938730912e741f,4,0.466463,44100,1.0,451,position_speed_gain,0.179231,-5.9347,1.006468,,,1.0,,,,,,1.0
glass_breaking__fsd50k__dev__406256__0115__r0__aug5.wav,glass_breaking,FSD50K,406256,freesound:406256,glass_breaking__fsd50k__dev__406256__0115__r0.wav,a84c1817c0a3dcf918b58e4d07002d23ebd63d79e926f2bf2a7b40ee193f9678,27ebc0fe087c51e8a76b6d48d69c6e8652e5c5e64a05e374176e3b3124c63266,5,0.466463,44100,1.0,451,position_compression_background,0.18982,-1.6978,1.0,,,1.32449,23.616,0.00659765,2-155801-A-11.wav,sea_waves,esc50:155801,1.0
glass_breaking__fsd50k__dev__406257__0081__r0__aug0.wav,glass_breaking,FSD50K,406257,freesound:406257,glass_breaking__fsd50k__dev__406257__0081__r0.wav,58d0d53a36ddeb6268fd0343001cda8a3d08f725009ccd923a32789457cdd548,963f23921d15d6edd272ffc20f9de268f224657381e9d8ca97d469aaec82b30f,0,0.466463,44100,1.0,451,position_only,0.161289,0.0,1.0,,,1.0,,,,,,1.0
glass_breaking__fsd50k__dev__406257__0081__r0__aug1.wav,glass_breaking,FSD50K,406257,freesound:406257,glass_breaking__fsd50k__dev__406257__0081__r0.wav,58d0d53a36ddeb6268fd0343001cda8a3d08f725009ccd923a32789457cdd548,d95ea0754772f27c0287c7c5b5770386be61adb742d1c7abfc8f9b0a1249f9fc,1,0.466463,44100,1.0,451,position_gain,0.136312,-10.725,1.0,,,1.0,,,,,,1.0
glass_breaking__fsd50k__dev__406257__0081__r0__aug2.wav,glass_breaking,FSD50K,406257,freesound:406257,glass_breaking__fsd50k__dev__406257__0081__r0.wav,58d0d53a36ddeb6268fd0343001cda8a3d08f725009ccd923a32789457cdd548,eeb4544b6e95881a03585814cb968c1269292427863c2b470d7eb1aaac93ce5c,2,0.466463,44100,1.0,451,position_gain_background,0.111632,-9.5744,1.0,,,1.0,22.3504,0.00894863,2-84965-A-23.wav,breathing,esc50:84965,1.0
glass_breaking__fsd50k__dev__406257__0081__r0__aug3.wav,glass_breaking,FSD50K,406257,freesound:406257,glass_breaking__fsd50k__dev__406257__0081__r0.wav,58d0d53a36ddeb6268fd0343001cda8a3d08f725009ccd923a32789457cdd548,a1af756afa9263a0e04c2f88ef5c283bb823aa98460bfcb1af3da2f81bfc0e92,3,0.466463,44100,1.0,451,position_filter_background,0.252175,-1.558,1.0,120.967,7611.216,1.0,17.2232,0.01213447,1-27165-A-35.wav,washing_machine,esc50:27165,1.0
glass_breaking__fsd50k__dev__406257__0081__r0__aug4.wav,glass_breaking,FSD50K,406257,freesound:406257,glass_breaking__fsd50k__dev__406257__0081__r0.wav,58d0d53a36ddeb6268fd0343001cda8a3d08f725009ccd923a32789457cdd548,790898839fc400a3652a14a81b5baee5a0b576b4d04ad6924f3935871b7dcf06,4,0.466463,44100,1.0,451,position_speed_gain,0.27325,0.7871,1.002723,,,1.0,,,,,,1.0
glass_breaking__fsd50k__dev__406257__0081__r0__aug5.wav,glass_breaking,FSD50K,406257,freesound:406257,glass_breaking__fsd50k__dev__406257__0081__r0.wav,58d0d53a36ddeb6268fd0343001cda8a3d08f725009ccd923a32789457cdd548,251fc9c580475edcbdd6e781ab0004f52dc000b3c16b0c1b0540673c6dc07124,5,0.466463,44100,1.0,451,position_compression_background,0.147747,3.5142,1.0,,,1.31622,22.1319,0.00977554,1-28135-B-11.wav,sea_waves,esc50:28135,1.0
glass_breaking__fsd50k__dev__42900__0161__r0__aug0.wav,glass_breaking,FSD50K,42900,freesound:42900,glass_breaking__fsd50k__dev__42900__0161__r0.wav,04ceab2be6b3c4193a451d6b320aa0f4fa2dc1db0cf252cc73cc1923cc1f863c,0b21ef812ab4eb790899e822027437d46b987168eee443327fd8244332c18b0e,0,0.182109,44100,1.0,451,position_only,0.202446,0.0,1.0,,,1.0,,,,,,1.0
glass_breaking__fsd50k__dev__42900__0161__r0__aug1.wav,glass_breaking,FSD50K,42900,freesound:42900,glass_breaking__fsd50k__dev__42900__0161__r0.wav,04ceab2be6b3c4193a451d6b320aa0f4fa2dc1db0cf252cc73cc1923cc1f863c,862f2368391ebfee643869d5bcff65946fb66a16cf5351e00e4788c72d15e620,1,0.182109,44100,1.0,451,position_gain,0.265417,-11.3768,1.0,,,1.0,,,,,,1.0
glass_breaking__fsd50k__dev__42900__0161__r0__aug2.wav,glass_breaking,FSD50K,42900,freesound:42900,glass_breaking__fsd50k__dev__42900__0161__r0.wav,04ceab2be6b3c4193a451d6b320aa0f4fa2dc1db0cf252cc73cc1923cc1f863c,18f818aecf1f9c2a33c6337962edeaa732cca500bdf21a009a47e06dad6d7f72,2,0.182109,44100,1.0,451,position_gain_background,0.133699,-3.0039,1.0,,,1.0,21.2687,0.01043453,1-91359-B-11.wav,sea_waves,esc50:91359,1.0
glass_breaking__fsd50k__dev__42900__0161__r0__aug3.wav,glass_breaking,FSD50K,42900,freesound:42900,glass_breaking__fsd50k__dev__42900__0161__r0.wav,04ceab2be6b3c4193a451d6b320aa0f4fa2dc1db0cf252cc73cc1923cc1f863c,51abf960d6ed7c491552634c5efdf8b87284049578c34fa2266026c15daa1bb7,3,0.182109,44100,1.0,451,position_filter_background,0.277213,3.072,1.0,101.151,7046.621,1.0,13.6483,0.29161693,2-119748-A-38.wav,clock_tick,esc50:119748,1.0
glass_breaking__fsd50k__dev__42900__0161__r0__aug4.wav,glass_breaking,FSD50K,42900,freesound:42900,glass_breaking__fsd50k__dev__42900__0161__r0.wav,04ceab2be6b3c4193a451d6b320aa0f4fa2dc1db0cf252cc73cc1923cc1f863c,49ee3499f683af46099f6aa58c0a998a3ae5f616ce06aabbf28a4c352dfb5548,4,0.182109,44100,1.0,451,position_speed_gain,0.266401,0.9727,1.007561,,,1.0,,,,,,0.88282357
glass_breaking__fsd50k__dev__42900__0161__r0__aug5.wav,glass_breaking,FSD50K,42900,freesound:42900,glass_breaking__fsd50k__dev__42900__0161__r0.wav,04ceab2be6b3c4193a451d6b320aa0f4fa2dc1db0cf252cc73cc1923cc1f863c,c53e63f3db5cfe46ff80a16d50d13a65caad7dfd097127ce46398236ba610d31,5,0.182109,44100,1.0,451,position_compression_background,0.171901,-3.7258,1.0,,,1.78898,21.0211,0.0508137,2-135728-A-38.wav,clock_tick,esc50:135728,1.0
glass_breaking__fsd50k__dev__42901__0034__r0__aug0.wav,glass_breaking,FSD50K,42901,freesound:42901,glass_breaking__fsd50k__dev__42901__0034__r0.wav,d4c1558a6a623999467288d809ad75bb26d119db0d13e02a20d898b43dfb8b4e,c7892ae1e9704b05ff70f18d6011e7b80029a4e6273c836656abb12949b772f4,0,1.075079,44100,1.0,451,position_only,0.121377,0.0,1.0,,,1.0,,,,,,1.0
glass_breaking__fsd50k__dev__42901__0034__r0__aug1.wav,glass_breaking,FSD50K,42901,freesound:42901,glass_breaking__fsd50k__dev__42901__0034__r0.wav,d4c1558a6a623999467288d809ad75bb26d119db0d13e02a20d898b43dfb8b4e,e45ca48cc902e04186a86cb999bd13165b1c15843b18ccfcc072f50e169b0fd7,1,1.075079,44100,1.0,451,position_gain,0.286846,-7.9944,1.0,,,1.0,,,,,,1.0
glass_breaking__fsd50k__dev__42901__0034__r0__aug2.wav,glass_breaking,FSD50K,42901,freesound:42901,glass_breaking__fsd50k__dev__42901__0034__r0.wav,d4c1558a6a623999467288d809ad75bb26d119db0d13e02a20d898b43dfb8b4e,280e52f49718cf972ff45af1e68173b7d3af8446072a301d18d3222092612a47,2,1.075079,44100,1.0,451,position_gain_background,0.353941,1.3165,1.0,,,1.0,21.8483,0.0930944,2-109316-A-32.wav,keyboard_typing,esc50:109316,1.0
glass_breaking__fsd50k__dev__42901__0034__r0__aug3.wav,glass_breaking,FSD50K,42901,freesound:42901,glass_breaking__fsd50k__dev__42901__0034__r0.wav,d4c1558a6a623999467288d809ad75bb26d119db0d13e02a20d898b43dfb8b4e,1fb854de48354f963739293e3417ca49ffb960bf30161015091731ff51e70791,3,1.075079,44100,1.0,451,position_filter_background,0.198831,-10.9892,1.0,144.431,6525.598,1.0,17.9089,0.22864017,3-153444-A-32.wav,keyboard_typing,esc50:153444,1.0
glass_breaking__fsd50k__dev__42901__0034__r0__aug4.wav,glass_breaking,FSD50K,42901,freesound:42901,glass_breaking__fsd50k__dev__42901__0034__r0.wav,d4c1558a6a623999467288d809ad75bb26d119db0d13e02a20d898b43dfb8b4e,ace1cbcb7a32fd8a5dd011377a8f8dfe3230585dc4a265fc0431a11057abcd83,4,1.075079,44100,1.0,451,position_speed_gain,0.207292,-6.6584,0.980652,,,1.0,,,,,,1.0
glass_breaking__fsd50k__dev__42901__0034__r0__aug5.wav,glass_breaking,FSD50K,42901,freesound:42901,glass_breaking__fsd50k__dev__42901__0034__r0.wav,d4c1558a6a623999467288d809ad75bb26d119db0d13e02a20d898b43dfb8b4e,8ce0316bd24f6a16c06aec596275c00c0c3a034508e427e2791f156c77b10dc7,5,1.075079,44100,1.0,451,position_compression_background,0.345591,-1.4054,1.0,,,1.77941,10.9078,0.03474015,1-23996-A-35.wav,washing_machine,esc50:23996,1.0
glass_breaking__fsd50k__dev__42902__0178__r0__aug0.wav,glass_breaking,FSD50K,42902,freesound:42902,glass_breaking__fsd50k__dev__42902__0178__r0.wav,c1ea5490c63b8bf94523ba731a7f18a5d15fa6bccd205641df2d4cd44f71ac31,1b85e47402793ed9b6dd4c25639397a978c36eca46b7ce2d1dcec79f8cbf2e55,0,0.032449,44100,1.0,451,position_only,0.268884,0.0,1.0,,,1.0,,,,,,1.0
glass_breaking__fsd50k__dev__42902__0178__r0__aug1.wav,glass_breaking,FSD50K,42902,freesound:42902,glass_breaking__fsd50k__dev__42902__0178__r0.wav,c1ea5490c63b8bf94523ba731a7f18a5d15fa6bccd205641df2d4cd44f71ac31,77e61a63cef74f20838f6a89d89b8aaee4d0957a181e637c226fe06e6b2ebdc1,1,0.032449,44100,1.0,451,position_gain,0.295854,3.9687,1.0,,,1.0,,,,,,0.67585293
glass_breaking__fsd50k__dev__42902__0178__r0__aug2.wav,glass_breaking,FSD50K,42902,freesound:42902,glass_breaking__fsd50k__dev__42902__0178__r0.wav,c1ea5490c63b8bf94523ba731a7f18a5d15fa6bccd205641df2d4cd44f71ac31,aae13b81e8e8a889f82d38754bc257c65e856eee89196d0b43cb7d92a596a615,2,0.032449,44100,1.0,451,position_gain_background,0.219541,-10.0588,1.0,,,1.0,24.564,0.00919217,1-28135-A-11.wav,sea_waves,esc50:28135,1.0
glass_breaking__fsd50k__dev__42902__0178__r0__aug3.wav,glass_breaking,FSD50K,42902,freesound:42902,glass_breaking__fsd50k__dev__42902__0178__r0.wav,c1ea5490c63b8bf94523ba731a7f18a5d15fa6bccd205641df2d4cd44f71ac31,94c19efb082636f7de223d06dfd14ef0338daedf55383aab728104bafb15a7ce,3,0.032449,44100,1.0,451,position_filter_background,0.115707,-5.075,1.0,201.839,6812.136,1.0,18.9668,0.06460832,2-132157-B-11.wav,sea_waves,esc50:132157,1.0
glass_breaking__fsd50k__dev__42902__0178__r0__aug4.wav,glass_breaking,FSD50K,42902,freesound:42902,glass_breaking__fsd50k__dev__42902__0178__r0.wav,c1ea5490c63b8bf94523ba731a7f18a5d15fa6bccd205641df2d4cd44f71ac31,dc5d57288eafefcf377585235f92fd7fa17f7f52d5445f524fa00be0df359b49,4,0.032449,44100,1.0,451,position_speed_gain,0.33712,-4.1862,0.996281,,,1.0,,,,,,1.0
glass_breaking__fsd50k__dev__42902__0178__r0__aug5.wav,glass_breaking,FSD50K,42902,freesound:42902,glass_breaking__fsd50k__dev__42902__0178__r0.wav,c1ea5490c63b8bf94523ba731a7f18a5d15fa6bccd205641df2d4cd44f71ac31,c879f79ee55a90cb6655f42a8ddbb8efc60eb655fe07ad2db4353685c4da5a6b,5,0.032449,44100,1.0,451,position_compression_background,0.113286,-8.5482,1.0,,,1.65873,21.9154,0.01634134,1-39901-A-11.wav,sea_waves,esc50:39901,1.0
glass_breaking__fsd50k__dev__42904__0139__r0__aug0.wav,glass_breaking,FSD50K,42904,freesound:42904,glass_breaking__fsd50k__dev__42904__0139__r0.wav,24f8e7e5c3fc15ee0fd7178a2d4d56770cda413d0b0f9c65f868797ec344b7a7,b87e13b538e78fd16d446bc861e278a603341d854cf70c60f5c9292857b2c407,0,0.042426,44100,1.0,451,position_only,0.187765,0.0,1.0,,,1.0,,,,,,1.0
glass_breaking__fsd50k__dev__42904__0139__r0__aug1.wav,glass_breaking,FSD50K,42904,freesound:42904,glass_breaking__fsd50k__dev__42904__0139__r0.wav,24f8e7e5c3fc15ee0fd7178a2d4d56770cda413d0b0f9c65f868797ec344b7a7,fddb4cccb9ae7c2319449eadc7aed22ec4fc79414a422b3259806d0f5574c634,1,0.042426,44100,1.0,451,position_gain,0.185715,-5.1147,1.0,,,1.0,,,,,,1.0
glass_breaking__fsd50k__dev__42904__0139__r0__aug2.wav,glass_breaking,FSD50K,42904,freesound:42904,glass_breaking__fsd50k__dev__42904__0139__r0.wav,24f8e7e5c3fc15ee0fd7178a2d4d56770cda413d0b0f9c65f868797ec344b7a7,14c6ad8aea158dc617a1dc087cae5ae6ebc3e34e7a00b88bd7779b609fc31af0,2,0.042426,44100,1.0,451,position_gain_background,0.207022,2.9653,1.0,,,1.0,15.5118,5.45768062,3-112557-A-23.wav,breathing,esc50:112557,0.71634983
glass_breaking__fsd50k__dev__42904__0139__r0__aug3.wav,glass_breaking,FSD50K,42904,freesound:42904,glass_breaking__fsd50k__dev__42904__0139__r0.wav,24f8e7e5c3fc15ee0fd7178a2d4d56770cda413d0b0f9c65f868797ec344b7a7,f574444324d1af9ba7dd846905e0b9e1657858360fa2dd85ff54ae03a9ede064,3,0.042426,44100,1.0,451,position_filter_background,0.348334,-3.1693,1.0,217.785,6405.327,1.0,19.3583,0.12273376,1-43760-A-11.wav,sea_waves,esc50:43760,1.0
glass_breaking__fsd50k__dev__42904__0139__r0__aug4.wav,glass_breaking,FSD50K,42904,freesound:42904,glass_breaking__fsd50k__dev__42904__0139__r0.wav,24f8e7e5c3fc15ee0fd7178a2d4d56770cda413d0b0f9c65f868797ec344b7a7,27c63f39d08b50f1c86dde217d8a6f518e0530741417014fceba8a36c49ec546,4,0.042426,44100,1.0,451,position_speed_gain,0.1478,4.6295,1.015781,,,1.0,,,,,,0.56338761
glass_breaking__fsd50k__dev__42904__0139__r0__aug5.wav,glass_breaking,FSD50K,42904,freesound:42904,glass_breaking__fsd50k__dev__42904__0139__r0.wav,24f8e7e5c3fc15ee0fd7178a2d4d56770cda413d0b0f9c65f868797ec344b7a7,48d7639aa2c35f16ca49632fabfffe4cce58184a9fa9ba8a535c5f3f8bc9f5b3,5,0.042426,44100,1.0,451,position_compression_background,0.167218,-0.881,1.0,,,1.25215,18.6171,4.32748759,3-153444-A-32.wav,keyboard_typing,esc50:153444,0.99155603
glass_breaking__fsd50k__dev__42906__0079__r0__aug0.wav,glass_breaking,FSD50K,42906,freesound:42906,glass_breaking__fsd50k__dev__42906__0079__r0.wav,7ea5d22883c76090dfa215057150e13cff78def6eee5a8861ffdb68557da210b,5ce58634c4b8d8be2e2ca6abb9a29e86edf2b2cbe426dbfb9e30e0db59d65ced,0,0.157166,44100,1.0,451,position_only,0.106758,0.0,1.0,,,1.0,,,,,,0.97471833
glass_breaking__fsd50k__dev__42906__0079__r0__aug1.wav,glass_breaking,FSD50K,42906,freesound:42906,glass_breaking__fsd50k__dev__42906__0079__r0.wav,7ea5d22883c76090dfa215057150e13cff78def6eee5a8861ffdb68557da210b,a3742e19f2d89a844b714523fd5acf9df56796347d2a066d7a4c1ac37fa51a58,1,0.157166,44100,1.0,451,position_gain,0.207048,-9.8749,1.0,,,1.0,,,,,,1.0
glass_breaking__fsd50k__dev__42906__0079__r0__aug2.wav,glass_breaking,FSD50K,42906,freesound:42906,glass_breaking__fsd50k__dev__42906__0079__r0.wav,7ea5d22883c76090dfa215057150e13cff78def6eee5a8861ffdb68557da210b,62493a47ff6e757522efcffbbdd5d1888f58680114e4d98706088917c2536bad,2,0.157166,44100,1.0,451,position_gain_background,0.229245,-4.1985,1.0,,,1.0,19.3378,0.30525842,2-102567-B-35.wav,washing_machine,esc50:102567,1.0
glass_breaking__fsd50k__dev__42906__0079__r0__aug3.wav,glass_breaking,FSD50K,42906,freesound:42906,glass_breaking__fsd50k__dev__42906__0079__r0.wav,7ea5d22883c76090dfa215057150e13cff78def6eee5a8861ffdb68557da210b,0007356fd25d0178d48e1f7d67345226bf7d03e684fd23afcff9d1dd5853aaa3,3,0.157166,44100,1.0,451,position_filter_background,0.172358,1.9147,1.0,102.538,5751.72,1.0,23.3413,1.11022299,3-150363-A-38.wav,clock_tick,esc50:150363,0.77980354
glass_breaking__fsd50k__dev__42906__0079__r0__aug4.wav,glass_breaking,FSD50K,42906,freesound:42906,glass_breaking__fsd50k__dev__42906__0079__r0.wav,7ea5d22883c76090dfa215057150e13cff78def6eee5a8861ffdb68557da210b,6591a4d6612530ac9f239c9c3fa2e23b47d3aa225340de7d2630de3b945e693d,4,0.157166,44100,1.0,451,position_speed_gain,0.285911,-5.8724,1.014295,,,1.0,,,,,,1.0
glass_breaking__fsd50k__dev__42906__0079__r0__aug5.wav,glass_breaking,FSD50K,42906,freesound:42906,glass_breaking__fsd50k__dev__42906__0079__r0.wav,7ea5d22883c76090dfa215057150e13cff78def6eee5a8861ffdb68557da210b,8f17882556c062a324b74fad57ddde5a37ffb67cdcefb3b05521f2e2d4d58a08,5,0.157166,44100,1.0,451,position_compression_background,0.270577,-6.49,1.0,,,1.61777,12.2916,0.24996584,3-164120-A-11.wav,sea_waves,esc50:164120,1.0
glass_breaking__fsd50k__dev__42907__0113__r0__aug0.wav,glass_breaking,FSD50K,42907,freesound:42907,glass_breaking__fsd50k__dev__42907__0113__r0.wav,9a1b28d94d9765f083aacbe59654e499a7840f36ccfcb6131c06971b37598680,a9244f69123e181d05814a9185bd8ddf02ceb4d0439f18d329167938c0a883d1,0,0.276893,44100,1.0,451,position_only,0.113222,0.0,1.0,,,1.0,,,,,,1.0
glass_breaking__fsd50k__dev__42907__0113__r0__aug1.wav,glass_breaking,FSD50K,42907,freesound:42907,glass_breaking__fsd50k__dev__42907__0113__r0.wav,9a1b28d94d9765f083aacbe59654e499a7840f36ccfcb6131c06971b37598680,0091ce3273af548d849b932aa9f8affa16066d771bfc7b91b37c0cf57a7510e6,1,0.276893,44100,1.0,451,position_gain,0.298999,-10.1341,1.0,,,1.0,,,,,,1.0
glass_breaking__fsd50k__dev__42907__0113__r0__aug2.wav,glass_breaking,FSD50K,42907,freesound:42907,glass_breaking__fsd50k__dev__42907__0113__r0.wav,9a1b28d94d9765f083aacbe59654e499a7840f36ccfcb6131c06971b37598680,940193cbbeaf4e3b8d9adf47e2021ce3e75ee4a2eac47deb170784de56c97bcc,2,0.276893,44100,1.0,451,position_gain_background,0.325829,4.0125,1.0,,,1.0,18.0598,0.17879404,3-151269-A-35.wav,washing_machine,esc50:151269,0.55310309
glass_breaking__fsd50k__dev__42907__0113__r0__aug3.wav,glass_breaking,FSD50K,42907,freesound:42907,glass_breaking__fsd50k__dev__42907__0113__r0.wav,9a1b28d94d9765f083aacbe59654e499a7840f36ccfcb6131c06971b37598680,bc45e8c1af65e4df1f0823f2a612ee17408b4b3c2cbcf08026be05a8b1dd7b37,3,0.276893,44100,1.0,451,position_filter_background,0.115019,2.8669,1.0,225.332,6507.479,1.0,18.9487,0.02516328,3-188726-A-35.wav,washing_machine,esc50:188726,0.98981342
glass_breaking__fsd50k__dev__42907__0113__r0__aug4.wav,glass_breaking,FSD50K,42907,freesound:42907,glass_breaking__fsd50k__dev__42907__0113__r0.wav,9a1b28d94d9765f083aacbe59654e499a7840f36ccfcb6131c06971b37598680,ae5a3f414a2c35639b4d93af35614bd37cdf4821792ed7fb1d4b63d8648696eb,4,0.276893,44100,1.0,451,position_speed_gain,0.134574,-8.1565,1.011162,,,1.0,,,,,,1.0
glass_breaking__fsd50k__dev__42907__0113__r0__aug5.wav,glass_breaking,FSD50K,42907,freesound:42907,glass_breaking__fsd50k__dev__42907__0113__r0.wav,9a1b28d94d9765f083aacbe59654e499a7840f36ccfcb6131c06971b37598680,847d0f3ea3cf33410c2054fc5931ca22cad4158852a65cf9841bca07bbc7af22,5,0.276893,44100,1.0,451,position_compression_background,0.313256,-9.0295,1.0,,,1.44873,21.9384,1.17572028,3-153444-A-32.wav,keyboard_typing,esc50:153444,1.0
glass_breaking__fsd50k__dev__434439__0173__r0__aug0.wav,glass_breaking,FSD50K,434439,freesound:434439,glass_breaking__fsd50k__dev__434439__0173__r0.wav,7ddcca95332cd0cb6681938bd481d38c6ed77429dba89ad3581bca52a94489ed,0794030fc0f76c039933b36edb06a90baa08bcbcfcf3a222998749f0be14180c,0,1.269637,44100,1.0,451,position_only,0.241615,0.0,1.0,,,1.0,,,,,,1.0
glass_breaking__fsd50k__dev__434439__0173__r0__aug1.wav,glass_breaking,FSD50K,434439,freesound:434439,glass_breaking__fsd50k__dev__434439__0173__r0.wav,7ddcca95332cd0cb6681938bd481d38c6ed77429dba89ad3581bca52a94489ed,03b7e1b0e44a31ae79ea4e22a0701b56f1438e04c1b91768485516e7b6c6459b,1,1.269637,44100,1.0,451,position_gain,0.173659,-4.1069,1.0,,,1.0,,,,,,1.0
glass_breaking__fsd50k__dev__434439__0173__r0__aug2.wav,glass_breaking,FSD50K,434439,freesound:434439,glass_breaking__fsd50k__dev__434439__0173__r0.wav,7ddcca95332cd0cb6681938bd481d38c6ed77429dba89ad3581bca52a94489ed,972d93763df422a45c936720cfe5575288795e9daebe5620be62f2daaab1e218,2,1.269637,44100,1.0,451,position_gain_background,0.26131,0.775,1.0,,,1.0,21.5942,0.02149763,1-84393-A-32.wav,keyboard_typing,esc50:84393,1.0
glass_breaking__fsd50k__dev__434439__0173__r0__aug3.wav,glass_breaking,FSD50K,434439,freesound:434439,glass_breaking__fsd50k__dev__434439__0173__r0.wav,7ddcca95332cd0cb6681938bd481d38c6ed77429dba89ad3581bca52a94489ed,b3be75b62ab1ac9c7b287b445480960c1b8f6aa1ae5b95b0dbdae6a681a257cd,3,1.269637,44100,1.0,451,position_filter_background,0.104624,-11.308,1.0,173.121,6551.46,1.0,17.0066,0.01868893,3-156391-A-35.wav,washing_machine,esc50:156391,1.0
glass_breaking__fsd50k__dev__434439__0173__r0__aug4.wav,glass_breaking,FSD50K,434439,freesound:434439,glass_breaking__fsd50k__dev__434439__0173__r0.wav,7ddcca95332cd0cb6681938bd481d38c6ed77429dba89ad3581bca52a94489ed,ef62534357274fdbc22d570014fed7830df342f137b800fff8073004d82142bb,4,1.269637,44100,1.0,451,position_speed_gain,0.335747,-2.8178,1.017585,,,1.0,,,,,,1.0
glass_breaking__fsd50k__dev__434439__0173__r0__aug5.wav,glass_breaking,FSD50K,434439,freesound:434439,glass_breaking__fsd50k__dev__434439__0173__r0.wav,7ddcca95332cd0cb6681938bd481d38c6ed77429dba89ad3581bca52a94489ed,92196a68c22361afbbb6af391459c4674406fd8eb79a5df925f578996e8e035d,5,1.269637,44100,1.0,451,position_compression_background,0.246133,-11.1932,1.0,,,1.40878,19.3914,0.00468719,1-49098-A-35.wav,washing_machine,esc50:49098,1.0
glass_breaking__fsd50k__dev__434440__0133__r0__aug0.wav,glass_breaking,FSD50K,434440,freesound:434440,glass_breaking__fsd50k__dev__434440__0133__r0.wav,3e5c40c3e13661437cf84ccb0f6326e34b350edd668f8eaeaf6a7700eb707fc0,6f73eb5422b1f0a2cd0ec65ce2469c2fdf64614797d8e197d17bdbf1cb7abbd9,0,1.364422,44100,1.0,451,position_only,0.311306,0.0,1.0,,,1.0,,,,,,0.910053
glass_breaking__fsd50k__dev__434440__0133__r0__aug1.wav,glass_breaking,FSD50K,434440,freesound:434440,glass_breaking__fsd50k__dev__434440__0133__r0.wav,3e5c40c3e13661437cf84ccb0f6326e34b350edd668f8eaeaf6a7700eb707fc0,0db791e0fdb7318a2be456c81c85d8e0358a3bafcc037f088926a09748a63b11,1,1.364422,44100,1.0,451,position_gain,0.171462,-9.0834,1.0,,,1.0,,,,,,1.0
glass_breaking__fsd50k__dev__434440__0133__r0__aug2.wav,glass_breaking,FSD50K,434440,freesound:434440,glass_breaking__fsd50k__dev__434440__0133__r0.wav,3e5c40c3e13661437cf84ccb0f6326e34b350edd668f8eaeaf6a7700eb707fc0,93a6976dce8220116867f0e56b9083dd06ee84e0db0f34ecda88273f5cc8c567,2,1.364422,44100,1.0,451,position_gain_background,0.308696,-9.9875,1.0,,,1.0,17.9988,0.03739016,3-155570-A-32.wav,keyboard_typing,esc50:155570,1.0
glass_breaking__fsd50k__dev__434440__0133__r0__aug3.wav,glass_breaking,FSD50K,434440,freesound:434440,glass_breaking__fsd50k__dev__434440__0133__r0.wav,3e5c40c3e13661437cf84ccb0f6326e34b350edd668f8eaeaf6a7700eb707fc0,3d228d458548029ca3dcc96cda59f61289af48cd8b20fe0f846ac61fb1955072,3,1.364422,44100,1.0,451,position_filter_background,0.106786,-5.6895,1.0,238.27,7638.796,1.0,12.8124,0.02304616,1-27165-A-35.wav,washing_machine,esc50:27165,1.0
glass_breaking__fsd50k__dev__434440__0133__r0__aug4.wav,glass_breaking,FSD50K,434440,freesound:434440,glass_breaking__fsd50k__dev__434440__0133__r0.wav,3e5c40c3e13661437cf84ccb0f6326e34b350edd668f8eaeaf6a7700eb707fc0,6d6f61131bb944c9cb31a7ef87fde6e9f27d57105b99bb3ba13db3ade594b8ba,4,1.364422,44100,1.0,451,position_speed_gain,0.115921,-2.2841,1.029702,,,1.0,,,,,,1.0
glass_breaking__fsd50k__dev__434440__0133__r0__aug5.wav,glass_breaking,FSD50K,434440,freesound:434440,glass_breaking__fsd50k__dev__434440__0133__r0.wav,3e5c40c3e13661437cf84ccb0f6326e34b350edd668f8eaeaf6a7700eb707fc0,ef08bbf7a1eb996bbfb10dd1be748cfb957fd0f65fba10efaf5885b004263266,5,1.364422,44100,1.0,451,position_compression_background,0.310671,-8.4543,1.0,,,1.35434,23.1695,0.06720212,2-99796-A-32.wav,keyboard_typing,esc50:99796,1.0
glass_breaking__fsd50k__dev__434441__0024__r0__aug0.wav,glass_breaking,FSD50K,434441,freesound:434441,glass_breaking__fsd50k__dev__434441__0024__r0.wav,f9c1a594923bfa16be4c3666464123124c4b4b6f7dcd438b2b349d151ec27a60,b36ae06edae47681f44eb7d9dd22ead65824717fc841fb21196b1de0338df491,0,1.144921,44100,1.0,451,position_only,0.156891,0.0,1.0,,,1.0,,,,,,0.89125094
glass_breaking__fsd50k__dev__434441__0024__r0__aug1.wav,glass_breaking,FSD50K,434441,freesound:434441,glass_breaking__fsd50k__dev__434441__0024__r0.wav,f9c1a594923bfa16be4c3666464123124c4b4b6f7dcd438b2b349d151ec27a60,52fb2a7c21c0988c2d3c0c323ebe2db43986f72ee21cf374dcb4b0a9699bc187,1,1.144921,44100,1.0,451,position_gain,0.279661,-6.0666,1.0,,,1.0,,,,,,1.0
glass_breaking__fsd50k__dev__434441__0024__r0__aug2.wav,glass_breaking,FSD50K,434441,freesound:434441,glass_breaking__fsd50k__dev__434441__0024__r0.wav,f9c1a594923bfa16be4c3666464123124c4b4b6f7dcd438b2b349d151ec27a60,813dab3c4ed31b4ed86610e4170815a751d4e2aa25e78ad54ea6546eaa2d01f2,2,1.144921,44100,1.0,451,position_gain_background,0.19289,3.8926,1.0,,,1.0,11.6363,1.34032866,1-62594-A-32.wav,keyboard_typing,esc50:62594,0.56213003
glass_breaking__fsd50k__dev__434441__0024__r0__aug3.wav,glass_breaking,FSD50K,434441,freesound:434441,glass_breaking__fsd50k__dev__434441__0024__r0.wav,f9c1a594923bfa16be4c3666464123124c4b4b6f7dcd438b2b349d151ec27a60,b15520fb2dda8c4514a1cd82ca3a4080f31cf06b4b8f4b81e85d8012328e60e9,3,1.144921,44100,1.0,451,position_filter_background,0.217844,4.2183,1.0,165.137,6768.481,1.0,17.3758,0.09019998,1-91359-B-11.wav,sea_waves,esc50:91359,0.40484265
glass_breaking__fsd50k__dev__434441__0024__r0__aug4.wav,glass_breaking,FSD50K,434441,freesound:434441,glass_breaking__fsd50k__dev__434441__0024__r0.wav,f9c1a594923bfa16be4c3666464123124c4b4b6f7dcd438b2b349d151ec27a60,c5408bbcd9a41e6d7e906e56130b365959410d46da85e026739674f2c841e31e,4,1.144921,44100,1.0,451,position_speed_gain,0.344511,-10.4072,1.003455,,,1.0,,,,,,1.0
glass_breaking__fsd50k__dev__434441__0024__r0__aug5.wav,glass_breaking,FSD50K,434441,freesound:434441,glass_breaking__fsd50k__dev__434441__0024__r0.wav,f9c1a594923bfa16be4c3666464123124c4b4b6f7dcd438b2b349d151ec27a60,cc306ef118e2ad64da91c5b3cf4ece2e6259dbf58162919a9cf6f18a19f07f8b,5,1.144921,44100,1.0,451,position_compression_background,0.237289,-0.637,1.0,,,1.73407,22.9031,0.04415129,3-164630-A-11.wav,sea_waves,esc50:164630,0.90597927
glass_breaking__fsd50k__dev__434443__0190__r0__aug0.wav,glass_breaking,FSD50K,434443,freesound:434443,glass_breaking__fsd50k__dev__434443__0190__r0.wav,5db8600e2a4e50110191acf202a58a418ba543b08a6f867b58d7c6e7ebbe13c1,eb1ea42bca033f9c316246fdbc0f20d200f8148eb0c02df0b98d725fa41d80ae,0,0.940385,44100,1.0,451,position_only,0.117843,0.0,1.0,,,1.0,,,,,,0.89125094
glass_breaking__fsd50k__dev__434443__0190__r0__aug1.wav,glass_breaking,FSD50K,434443,freesound:434443,glass_breaking__fsd50k__dev__434443__0190__r0.wav,5db8600e2a4e50110191acf202a58a418ba543b08a6f867b58d7c6e7ebbe13c1,fd6781525d9281ae4e97577b1c868c2e2087ae3de8a1958ad156c9437626a126,1,0.940385,44100,1.0,451,position_gain,0.147254,1.9352,1.0,,,1.0,,,,,,0.71324338
glass_breaking__fsd50k__dev__434443__0190__r0__aug2.wav,glass_breaking,FSD50K,434443,freesound:434443,glass_breaking__fsd50k__dev__434443__0190__r0.wav,5db8600e2a4e50110191acf202a58a418ba543b08a6f867b58d7c6e7ebbe13c1,fc70c82461daeb89e121dcebd160c06333af3fc6e14650245a68ee970d481036,2,0.940385,44100,1.0,451,position_gain_background,0.265498,-5.0399,1.0,,,1.0,23.1481,0.07186682,1-42139-A-38.wav,clock_tick,esc50:42139,1.0
glass_breaking__fsd50k__dev__434443__0190__r0__aug3.wav,glass_breaking,FSD50K,434443,freesound:434443,glass_breaking__fsd50k__dev__434443__0190__r0.wav,5db8600e2a4e50110191acf202a58a418ba543b08a6f867b58d7c6e7ebbe13c1,f4e373fa9934bcba57003f1380d67d6043fbf0321dd609c6d3fe4224a8f60d00,3,0.940385,44100,1.0,451,position_filter_background,0.103306,-10.5474,1.0,95.011,5557.482,1.0,24.9958,0.01100752,1-91359-B-11.wav,sea_waves,esc50:91359,1.0
glass_breaking__fsd50k__dev__434443__0190__r0__aug4.wav,glass_breaking,FSD50K,434443,freesound:434443,glass_breaking__fsd50k__dev__434443__0190__r0.wav,5db8600e2a4e50110191acf202a58a418ba543b08a6f867b58d7c6e7ebbe13c1,3def1bc100e1da41fab383407bd7134267a2b3592632822d650aa5d753765f7c,4,0.940385,44100,1.0,451,position_speed_gain,0.241876,-4.2784,1.004803,,,1.0,,,,,,1.0
glass_breaking__fsd50k__dev__434443__0190__r0__aug5.wav,glass_breaking,FSD50K,434443,freesound:434443,glass_breaking__fsd50k__dev__434443__0190__r0.wav,5db8600e2a4e50110191acf202a58a418ba543b08a6f867b58d7c6e7ebbe13c1,83bda60c89bc96faa425a08abd33f1ba553ac1047ac8942560782344649e67ef,5,0.940385,44100,1.0,451,position_compression_background,0.325853,-9.5226,1.0,,,1.65291,21.4198,0.11392547,3-164688-A-38.wav,clock_tick,esc50:164688,1.0
glass_breaking__fsd50k__dev__434444__0071__r0__aug0.wav,glass_breaking,FSD50K,434444,freesound:434444,glass_breaking__fsd50k__dev__434444__0071__r0.wav,7f4183594a3bd8e727fcd653207a91078b5bd3157d4003233e707b73fbb846d3,b9f791a2c3fc14441ad5ee77cb93cd98d3f10d9db61596e49558b64cb372fc8e,0,0.880522,44100,1.0,451,position_only,0.102629,0.0,1.0,,,1.0,,,,,,0.89125094
glass_breaking__fsd50k__dev__434444__0071__r0__aug1.wav,glass_breaking,FSD50K,434444,freesound:434444,glass_breaking__fsd50k__dev__434444__0071__r0.wav,7f4183594a3bd8e727fcd653207a91078b5bd3157d4003233e707b73fbb846d3,b6fe357288b0b00feef4c0d5ff08dfedcbb47ef19b52cbe00357db7aeb9004b3,1,0.880522,44100,1.0,451,position_gain,0.247604,-9.8152,1.0,,,1.0,,,,,,1.0
glass_breaking__fsd50k__dev__434444__0071__r0__aug2.wav,glass_breaking,FSD50K,434444,freesound:434444,glass_breaking__fsd50k__dev__434444__0071__r0.wav,7f4183594a3bd8e727fcd653207a91078b5bd3157d4003233e707b73fbb846d3,c8c8e39d7ecf594e3e972dbb5133b6c6ad85cec01c97dfc3da32345c773abb7d,2,0.880522,44100,1.0,451,position_gain_background,0.344636,1.8168,1.0,,,1.0,15.811,0.9173687,2-99796-A-32.wav,keyboard_typing,esc50:99796,0.72192422
glass_breaking__fsd50k__dev__434444__0071__r0__aug3.wav,glass_breaking,FSD50K,434444,freesound:434444,glass_breaking__fsd50k__dev__434444__0071__r0.wav,7f4183594a3bd8e727fcd653207a91078b5bd3157d4003233e707b73fbb846d3,4200abdc240b7710e511a1248a7b8289369064eb6cd16feee068bfa58455c5e5,3,0.880522,44100,1.0,451,position_filter_background,0.33541,-4.5262,1.0,227.574,5655.387,1.0,14.7319,0.2495613,1-36400-A-23.wav,breathing,esc50:36400,1.0
glass_breaking__fsd50k__dev__434444__0071__r0__aug4.wav,glass_breaking,FSD50K,434444,freesound:434444,glass_breaking__fsd50k__dev__434444__0071__r0.wav,7f4183594a3bd8e727fcd653207a91078b5bd3157d4003233e707b73fbb846d3,b1215d72ee8b2e3c4969d1e1deea89c28703468ef35193215aa91080696ab0ce,4,0.880522,44100,1.0,451,position_speed_gain,0.211359,-11.2761,1.006961,,,1.0,,,,,,1.0
glass_breaking__fsd50k__dev__434444__0071__r0__aug5.wav,glass_breaking,FSD50K,434444,freesound:434444,glass_breaking__fsd50k__dev__434444__0071__r0.wav,7f4183594a3bd8e727fcd653207a91078b5bd3157d4003233e707b73fbb846d3,a3a6603ec767ffb61502e9b0f35fa42c273f0143fa3b2cf6a9caf3b6c208024e,5,0.880522,44100,1.0,451,position_compression_background,0.19387,-4.9403,1.0,,,1.55838,21.0395,0.24428215,1-57163-A-38.wav,clock_tick,esc50:57163,1.0
glass_breaking__fsd50k__dev__434446__0107__r0__aug0.wav,glass_breaking,FSD50K,434446,freesound:434446,glass_breaking__fsd50k__dev__434446__0107__r0.wav,4dc0e24f0cd46305815a290815602803237d54cdcb4db8439d892530d2daccb8,73e1e282aa40915abe95d3e8fd250229b37e51115e73437caea8c844b1d381c6,0,1.379388,44100,1.0,451,position_only,0.161541,0.0,1.0,,,1.0,,,,,,0.89125094
glass_breaking__fsd50k__dev__434446__0107__r0__aug1.wav,glass_breaking,FSD50K,434446,freesound:434446,glass_breaking__fsd50k__dev__434446__0107__r0.wav,4dc0e24f0cd46305815a290815602803237d54cdcb4db8439d892530d2daccb8,f01a9cc7549cdb5eb1814ef83de275ec578a7ad3b351e3e78be6b05a45d6ed58,1,1.379388,44100,1.0,451,position_gain,0.115015,-4.9995,1.0,,,1.0,,,,,,1.0
glass_breaking__fsd50k__dev__434446__0107__r0__aug2.wav,glass_breaking,FSD50K,434446,freesound:434446,glass_breaking__fsd50k__dev__434446__0107__r0.wav,4dc0e24f0cd46305815a290815602803237d54cdcb4db8439d892530d2daccb8,da8f6c1c2c0f171ced1d9acbc4c6c1c2269fc98e15f534754f082fc978d4b2b8,2,1.379388,44100,1.0,451,position_gain_background,0.358886,1.6104,1.0,,,1.0,22.6759,0.02468989,3-164120-A-11.wav,sea_waves,esc50:164120,0.73793918
glass_breaking__fsd50k__dev__434446__0107__r0__aug3.wav,glass_breaking,FSD50K,434446,freesound:434446,glass_breaking__fsd50k__dev__434446__0107__r0.wav,4dc0e24f0cd46305815a290815602803237d54cdcb4db8439d892530d2daccb8,d58051fc9ec11fe8034a9b7561359b40c6b27db2bbaab902ddf435e942b3a996,3,1.379388,44100,1.0,451,position_filter_background,0.340445,-5.5378,1.0,229.693,5815.138,1.0,11.9767,0.73173635,3-112557-A-23.wav,breathing,esc50:112557,1.0
glass_breaking__fsd50k__dev__434446__0107__r0__aug4.wav,glass_breaking,FSD50K,434446,freesound:434446,glass_breaking__fsd50k__dev__434446__0107__r0.wav,4dc0e24f0cd46305815a290815602803237d54cdcb4db8439d892530d2daccb8,9e9fb52f0d57762d8580bf06e6b0bd6397c4bc382c9dcbf7e771f36d4559dbe9,4,1.379388,44100,1.0,451,position_speed_gain,0.159194,-5.1267,1.019451,,,1.0,,,,,,1.0
glass_breaking__fsd50k__dev__434446__0107__r0__aug5.wav,glass_breaking,FSD50K,434446,freesound:434446,glass_breaking__fsd50k__dev__434446__0107__r0.wav,4dc0e24f0cd46305815a290815602803237d54cdcb4db8439d892530d2daccb8,39e772756bd1dfdf2eb6a59ff1cde9454d582ef717b3c4b19539865381bd4a6d,5,1.379388,44100,1.0,451,position_compression_background,0.316576,-6.0668,1.0,,,1.25167,18.0076,0.00829505,2-102567-D-35.wav,washing_machine,esc50:102567,1.0
glass_breaking__fsd50k__dev__434451__0156__r0__aug0.wav,glass_breaking,FSD50K,434451,freesound:434451,glass_breaking__fsd50k__dev__434451__0156__r0.wav,8c4709117924424881e1cf41baed4a0bc1a0b0f28f9740a2950af4ae1046b9f9,a91506ee312a25e8f13b5911502317f5891eef63b7f527e7b821dfbb5b50cf6f,0,1.199796,44100,1.0,451,position_only,0.321029,0.0,1.0,,,1.0,,,,,,1.0
glass_breaking__fsd50k__dev__434451__0156__r0__aug1.wav,glass_breaking,FSD50K,434451,freesound:434451,glass_breaking__fsd50k__dev__434451__0156__r0.wav,8c4709117924424881e1cf41baed4a0bc1a0b0f28f9740a2950af4ae1046b9f9,40c10ccfa704aad452cca8beec7fa372ef2a2625347832b3b7453c0f0c98d2d8,1,1.199796,44100,1.0,451,position_gain,0.165653,3.4211,1.0,,,1.0,,,,,,0.83161791
glass_breaking__fsd50k__dev__434451__0156__r0__aug2.wav,glass_breaking,FSD50K,434451,freesound:434451,glass_breaking__fsd50k__dev__434451__0156__r0.wav,8c4709117924424881e1cf41baed4a0bc1a0b0f28f9740a2950af4ae1046b9f9,b45001a1f65099c40b7c07c55ddd218e8c0e6c27e843064df7f26e90352564d4,2,1.199796,44100,1.0,451,position_gain_background,0.244287,-11.3844,1.0,,,1.0,20.766,0.05038826,2-119748-A-38.wav,clock_tick,esc50:119748,1.0
glass_breaking__fsd50k__dev__434451__0156__r0__aug3.wav,glass_breaking,FSD50K,434451,freesound:434451,glass_breaking__fsd50k__dev__434451__0156__r0.wav,8c4709117924424881e1cf41baed4a0bc1a0b0f28f9740a2950af4ae1046b9f9,1985828f9ff179b34ff45731fe581b04a60075f63595e5f3334eb57e60bb5933,3,1.199796,44100,1.0,451,position_filter_background,0.181861,3.656,1.0,246.56,6749.511,1.0,12.1567,6033.10530701,1-36402-A-23.wav,breathing,esc50:36402,0.9753465
glass_breaking__fsd50k__dev__434451__0156__r0__aug4.wav,glass_breaking,FSD50K,434451,freesound:434451,glass_breaking__fsd50k__dev__434451__0156__r0.wav,8c4709117924424881e1cf41baed4a0bc1a0b0f28f9740a2950af4ae1046b9f9,d4fd64b6701c8f9a6c3b982dc9457cef864625126b606ad53db8a899f1f3b88a,4,1.199796,44100,1.0,451,position_speed_gain,0.308723,2.3301,0.964591,,,1.0,,,,,,0.97352223
glass_breaking__fsd50k__dev__434451__0156__r0__aug5.wav,glass_breaking,FSD50K,434451,freesound:434451,glass_breaking__fsd50k__dev__434451__0156__r0.wav,8c4709117924424881e1cf41baed4a0bc1a0b0f28f9740a2950af4ae1046b9f9,e1572d2bf455b5c9e0b0ed6db1374630833d14b1cbeab0d4954108bb116f8745,5,1.199796,44100,1.0,451,position_compression_background,0.35058,-0.7697,1.0,,,1.4522,17.261,0.16450533,3-170377-A-38.wav,clock_tick,esc50:170377,1.0
glass_breaking__fsd50k__dev__65902__0056__r0__aug0.wav,glass_breaking,FSD50K,65902,freesound:65902,glass_breaking__fsd50k__dev__65902__0056__r0.wav,05bb74a86d6fe47cc0953a617840156c070ead640854fb5c054d1d175c1551ce,3390db8fcbe2204cbad44072431f1abd77cf804bcee1ac1e50bcb57c0c0211f4,0,0.321791,44100,1.0,451,position_only,0.119839,0.0,1.0,,,1.0,,,,,,1.0
glass_breaking__fsd50k__dev__65902__0056__r0__aug1.wav,glass_breaking,FSD50K,65902,freesound:65902,glass_breaking__fsd50k__dev__65902__0056__r0.wav,05bb74a86d6fe47cc0953a617840156c070ead640854fb5c054d1d175c1551ce,808d442e1ec218f78f1e2afe0f3ba533f610bb28c77958e00f9f9d9331bb28e8,1,0.321791,44100,1.0,451,position_gain,0.126204,1.4762,1.0,,,1.0,,,,,,1.0
glass_breaking__fsd50k__dev__65902__0056__r0__aug2.wav,glass_breaking,FSD50K,65902,freesound:65902,glass_breaking__fsd50k__dev__65902__0056__r0.wav,05bb74a86d6fe47cc0953a617840156c070ead640854fb5c054d1d175c1551ce,65b61ab188565bb2bcd125dc60a6124eee1daec923e47fe5da412c0c84bea8da,2,0.321791,44100,1.0,451,position_gain_background,0.15696,-2.9861,1.0,,,1.0,16.6882,1.70436961,3-151206-A-23.wav,breathing,esc50:151206,1.0
glass_breaking__fsd50k__dev__65902__0056__r0__aug3.wav,glass_breaking,FSD50K,65902,freesound:65902,glass_breaking__fsd50k__dev__65902__0056__r0.wav,05bb74a86d6fe47cc0953a617840156c070ead640854fb5c054d1d175c1551ce,7e984b46d83ec6138f68f7369dc1b6456fa93755806cf087309865465cc0d924,3,0.321791,44100,1.0,451,position_filter_background,0.147819,-7.3754,1.0,186.659,5617.651,1.0,20.8856,0.07202889,2-99796-A-32.wav,keyboard_typing,esc50:99796,1.0
glass_breaking__fsd50k__dev__65902__0056__r0__aug4.wav,glass_breaking,FSD50K,65902,freesound:65902,glass_breaking__fsd50k__dev__65902__0056__r0.wav,05bb74a86d6fe47cc0953a617840156c070ead640854fb5c054d1d175c1551ce,bf3627aab476a3dc901dc17aa1769a3f9ee4566deb7ff0cb886e5a43236f6591,4,0.321791,44100,1.0,451,position_speed_gain,0.103176,-11.5147,1.038271,,,1.0,,,,,,1.0
glass_breaking__fsd50k__dev__65902__0056__r0__aug5.wav,glass_breaking,FSD50K,65902,freesound:65902,glass_breaking__fsd50k__dev__65902__0056__r0.wav,05bb74a86d6fe47cc0953a617840156c070ead640854fb5c054d1d175c1551ce,1a3b1e0615f8b8d12ab93ca85c06ab376a9de8b84a59b327f7d0e8d8b0f0f9c5,5,0.321791,44100,1.0,451,position_compression_background,0.35544,-6.0856,1.0,,,1.31107,20.5278,0.03320662,1-91359-B-11.wav,sea_waves,esc50:91359,1.0
glass_breaking__fsd50k__dev__65918__0097__r0__aug0.wav,glass_breaking,FSD50K,65918,freesound:65918,glass_breaking__fsd50k__dev__65918__0097__r0.wav,2e1c24280af63669cc8b42bee77971e626a9d957233ebe5e06b8c25a7f1dc604,dab1101df44ac1104dd587c083f4ade84e63a757b5948e00ce86b9d4d7c85837,0,0.276893,44100,1.0,451,position_only,0.181915,0.0,1.0,,,1.0,,,,,,1.0
glass_breaking__fsd50k__dev__65918__0097__r0__aug1.wav,glass_breaking,FSD50K,65918,freesound:65918,glass_breaking__fsd50k__dev__65918__0097__r0.wav,2e1c24280af63669cc8b42bee77971e626a9d957233ebe5e06b8c25a7f1dc604,57fc494120cfab61329d2601afcadcf58792e703ce664e4279569cfe3e50edd9,1,0.276893,44100,1.0,451,position_gain,0.198235,1.4015,1.0,,,1.0,,,,,,1.0
glass_breaking__fsd50k__dev__65918__0097__r0__aug2.wav,glass_breaking,FSD50K,65918,freesound:65918,glass_breaking__fsd50k__dev__65918__0097__r0.wav,2e1c24280af63669cc8b42bee77971e626a9d957233ebe5e06b8c25a7f1dc604,cfa42a936b589be5caaa1684cbc541bf2a437f21ee66bc4d5e9e3819cd6ea940,2,0.276893,44100,1.0,451,position_gain_background,0.227177,-6.0657,1.0,,,1.0,24.3081,985.51232814,3-112557-B-23.wav,breathing,esc50:112557,1.0
glass_breaking__fsd50k__dev__65918__0097__r0__aug3.wav,glass_breaking,FSD50K,65918,freesound:65918,glass_breaking__fsd50k__dev__65918__0097__r0.wav,2e1c24280af63669cc8b42bee77971e626a9d957233ebe5e06b8c25a7f1dc604,716d60b650bbf4ec62b39bbac6443eef2b5f9030d722adb98cefaf1c0d564961,3,0.276893,44100,1.0,451,position_filter_background,0.22397,-8.9682,1.0,147.129,6309.938,1.0,13.8379,0.00860365,1-30709-A-23.wav,breathing,esc50:30709,1.0
glass_breaking__fsd50k__dev__65918__0097__r0__aug4.wav,glass_breaking,FSD50K,65918,freesound:65918,glass_breaking__fsd50k__dev__65918__0097__r0.wav,2e1c24280af63669cc8b42bee77971e626a9d957233ebe5e06b8c25a7f1dc604,43c8370163aee6c9abc331ea5f53e9d5f7fbc5217fdd6ceec17224017467cd9a,4,0.276893,44100,1.0,451,position_speed_gain,0.207849,1.9826,1.018702,,,1.0,,,,,,1.0
glass_breaking__fsd50k__dev__65918__0097__r0__aug5.wav,glass_breaking,FSD50K,65918,freesound:65918,glass_breaking__fsd50k__dev__65918__0097__r0.wav,2e1c24280af63669cc8b42bee77971e626a9d957233ebe5e06b8c25a7f1dc604,9830fa7878e443110f4c46d4fd4cc2c529200c0aaf516cf04f997b34ee68eed4,5,0.276893,44100,1.0,451,position_compression_background,0.350501,-8.239,1.0,,,1.26076,18.8451,2.9884075,1-94231-B-32.wav,keyboard_typing,esc50:94231,1.0
glass_breaking__fsd50k__dev__66519__0064__r0__aug0.wav,glass_breaking,FSD50K,66519,freesound:66519,glass_breaking__fsd50k__dev__66519__0064__r0.wav,355e7802f668a2d7c8e6db8e50d029071671a2a0b95af312de1bdb39cf4a10bb,00d8790e6fc993c17de40c294f714a0cb13f45463fdc59c593d2297493b01a20,0,0.097302,44100,1.0,451,position_only,0.249919,0.0,1.0,,,1.0,,,,,,0.94032168
glass_breaking__fsd50k__dev__66519__0064__r0__aug1.wav,glass_breaking,FSD50K,66519,freesound:66519,glass_breaking__fsd50k__dev__66519__0064__r0.wav,355e7802f668a2d7c8e6db8e50d029071671a2a0b95af312de1bdb39cf4a10bb,dd11e25ac2609f1118c2c9d254da4c12be1297a6f9388ba6e13930223fc9e289,1,0.097302,44100,1.0,451,position_gain,0.166001,0.7198,1.0,,,1.0,,,,,,0.86553923
glass_breaking__fsd50k__dev__66519__0064__r0__aug2.wav,glass_breaking,FSD50K,66519,freesound:66519,glass_breaking__fsd50k__dev__66519__0064__r0.wav,355e7802f668a2d7c8e6db8e50d029071671a2a0b95af312de1bdb39cf4a10bb,ae78f6a26ae04be0f83e3ac4221d6587b7f6ad7b7b60022f313c031199646278,2,0.097302,44100,1.0,451,position_gain_background,0.293332,3.3519,1.0,,,1.0,19.2308,3.1175513,3-170383-A-38.wav,clock_tick,esc50:170383,0.64295102
glass_breaking__fsd50k__dev__66519__0064__r0__aug3.wav,glass_breaking,FSD50K,66519,freesound:66519,glass_breaking__fsd50k__dev__66519__0064__r0.wav,355e7802f668a2d7c8e6db8e50d029071671a2a0b95af312de1bdb39cf4a10bb,7c6b1bc608090e12fdae2d52184ce84b592d58dcd5c2e74fdec6d76c91ab8513,3,0.097302,44100,1.0,451,position_filter_background,0.126258,-10.3279,1.0,255.24,5884.791,1.0,22.3659,0.05973659,1-21934-A-38.wav,clock_tick,esc50:21934,1.0
glass_breaking__fsd50k__dev__66519__0064__r0__aug4.wav,glass_breaking,FSD50K,66519,freesound:66519,glass_breaking__fsd50k__dev__66519__0064__r0.wav,355e7802f668a2d7c8e6db8e50d029071671a2a0b95af312de1bdb39cf4a10bb,8bfba0fdfdde0ac84fe7c1d4a410ec2a66d14548174e41cc01e24ba560e59338,4,0.097302,44100,1.0,451,position_speed_gain,0.195472,4.2283,1.008209,,,1.0,,,,,,0.57467462
glass_breaking__fsd50k__dev__66519__0064__r0__aug5.wav,glass_breaking,FSD50K,66519,freesound:66519,glass_breaking__fsd50k__dev__66519__0064__r0.wav,355e7802f668a2d7c8e6db8e50d029071671a2a0b95af312de1bdb39cf4a10bb,9876122009e0a590c31fe7ff5e033ab6261032cd9c712875ec4b5ec45ea4b517,5,0.097302,44100,1.0,451,position_compression_background,0.234727,-2.0955,1.0,,,1.74886,16.8151,0.09956674,1-62594-A-32.wav,keyboard_typing,esc50:62594,0.97764818
glass_breaking__fsd50k__dev__66520__0103__r0__aug0.wav,glass_breaking,FSD50K,66520,freesound:66520,glass_breaking__fsd50k__dev__66520__0103__r0.wav,05faac68b2417a97233359f52578e2889eadfb6da59302f22e6d928d17bd1d13,0c13dad13060a46822717444685745a508c446272b945493da27b373e9ca322b,0,0.207052,44100,1.0,451,position_only,0.15886,0.0,1.0,,,1.0,,,,,,0.94604829
glass_breaking__fsd50k__dev__66520__0103__r0__aug1.wav,glass_breaking,FSD50K,66520,freesound:66520,glass_breaking__fsd50k__dev__66520__0103__r0.wav,05faac68b2417a97233359f52578e2889eadfb6da59302f22e6d928d17bd1d13,07ebfe328c5dddc5d4ea479370982cb8c260faf5abb5ea760e9f916c9fbfa5d7,1,0.207052,44100,1.0,451,position_gain,0.250157,-8.0361,1.0,,,1.0,,,,,,1.0
glass_breaking__fsd50k__dev__66520__0103__r0__aug2.wav,glass_breaking,FSD50K,66520,freesound:66520,glass_breaking__fsd50k__dev__66520__0103__r0.wav,05faac68b2417a97233359f52578e2889eadfb6da59302f22e6d928d17bd1d13,18f6e1c911ad3c76bab8db22234952c95603d5ec8c2d52f573f888cac0fd6a46,2,0.207052,44100,1.0,451,position_gain_background,0.229509,-11.5989,1.0,,,1.0,19.1419,0.02201245,1-32373-B-35.wav,washing_machine,esc50:32373,1.0
glass_breaking__fsd50k__dev__66520__0103__r0__aug3.wav,glass_breaking,FSD50K,66520,freesound:66520,glass_breaking__fsd50k__dev__66520__0103__r0.wav,05faac68b2417a97233359f52578e2889eadfb6da59302f22e6d928d17bd1d13,0f7ba6175c0ca542185e6ed4174588b8c4babc04327ab6ebd76ef8fd82d7e479,3,0.207052,44100,1.0,451,position_filter_background,0.349591,-6.1569,1.0,210.03,5772.944,1.0,12.5215,1.09945891,2-88724-A-38.wav,clock_tick,esc50:88724,1.0
glass_breaking__fsd50k__dev__66520__0103__r0__aug4.wav,glass_breaking,FSD50K,66520,freesound:66520,glass_breaking__fsd50k__dev__66520__0103__r0.wav,05faac68b2417a97233359f52578e2889eadfb6da59302f22e6d928d17bd1d13,04e20ccbda83109388438d0f9c7cae06d5311e69204a8169e587926221c2e677,4,0.207052,44100,1.0,451,position_speed_gain,0.300311,-3.2215,1.006718,,,1.0,,,,,,1.0
glass_breaking__fsd50k__dev__66520__0103__r0__aug5.wav,glass_breaking,FSD50K,66520,freesound:66520,glass_breaking__fsd50k__dev__66520__0103__r0.wav,05faac68b2417a97233359f52578e2889eadfb6da59302f22e6d928d17bd1d13,e58a23869996d422e8c0434b2fb48317d7d803eb1863f140ebcf449735d141ac,5,0.207052,44100,1.0,451,position_compression_background,0.339592,-6.8062,1.0,,,1.55595,20.7526,0.31909629,3-155570-A-32.wav,keyboard_typing,esc50:155570,1.0
glass_breaking__fsd50k__dev__68654__0067__r0__aug0.wav,glass_breaking,FSD50K,68654,freesound:68654,glass_breaking__fsd50k__dev__68654__0067__r0.wav,9118f5df08e20d8050f03d9b28655a4cc2068db871d0fd13e4eb94811c31edcf,988b30645b5787695314425f48fd5feab506a420051bfba0d8fbfff22355f244,0,0.760794,44100,1.0,451,position_only,0.353065,0.0,1.0,,,1.0,,,,,,0.89125094
glass_breaking__fsd50k__dev__68654__0067__r0__aug1.wav,glass_breaking,FSD50K,68654,freesound:68654,glass_breaking__fsd50k__dev__68654__0067__r0.wav,9118f5df08e20d8050f03d9b28655a4cc2068db871d0fd13e4eb94811c31edcf,246753ba4a732cf573059247441b03c6662b61314d23074b9dc7448e65caaa30,1,0.760794,44100,1.0,451,position_gain,0.215499,3.6503,1.0,,,1.0,,,,,,0.58544277
glass_breaking__fsd50k__dev__68654__0067__r0__aug2.wav,glass_breaking,FSD50K,68654,freesound:68654,glass_breaking__fsd50k__dev__68654__0067__r0.wav,9118f5df08e20d8050f03d9b28655a4cc2068db871d0fd13e4eb94811c31edcf,a24b6c8991a67379a1065fb89a9c5f4791a9606f29b8f0850f0a60702610ec17,2,0.760794,44100,1.0,451,position_gain_background,0.345862,-1.9701,1.0,,,1.0,21.988,0.03431705,3-151273-A-35.wav,washing_machine,esc50:151273,1.0
glass_breaking__fsd50k__dev__68654__0067__r0__aug3.wav,glass_breaking,FSD50K,68654,freesound:68654,glass_breaking__fsd50k__dev__68654__0067__r0.wav,9118f5df08e20d8050f03d9b28655a4cc2068db871d0fd13e4eb94811c31edcf,af0d485f525a43de6fc9fcb4b90f7a4dd2243d5bff2ffb4eda822f4e6bc91049,3,0.760794,44100,1.0,451,position_filter_background,0.217714,-4.4076,1.0,191.28,6452.098,1.0,18.6801,5.18788574,2-50774-A-23.wav,breathing,esc50:50774,1.0
glass_breaking__fsd50k__dev__68654__0067__r0__aug4.wav,glass_breaking,FSD50K,68654,freesound:68654,glass_breaking__fsd50k__dev__68654__0067__r0.wav,9118f5df08e20d8050f03d9b28655a4cc2068db871d0fd13e4eb94811c31edcf,08cabaf2a99256cfe4948c9550aca431005967915c76ac45c39d6e45399c3938,4,0.760794,44100,1.0,451,position_speed_gain,0.28579,-11.3669,0.974128,,,1.0,,,,,,1.0
glass_breaking__fsd50k__dev__68654__0067__r0__aug5.wav,glass_breaking,FSD50K,68654,freesound:68654,glass_breaking__fsd50k__dev__68654__0067__r0.wav,9118f5df08e20d8050f03d9b28655a4cc2068db871d0fd13e4eb94811c31edcf,296f512402ace623a50bc34ac3dd3f6290de106358e6299e73bb31507fdb81c5,5,0.760794,44100,1.0,451,position_compression_background,0.220277,-10.7934,1.0,,,1.66051,18.3097,0.01723382,2-102567-C-35.wav,washing_machine,esc50:102567,1.0
glass_breaking__fsd50k__dev__71897__0183__r0__aug0.wav,glass_breaking,FSD50K,71897,freesound:71897,glass_breaking__fsd50k__dev__71897__0183__r0.wav,eb3c3704b66f5d794df5eeaf1b9bcaf20d7124c9dd256919fac9466077ad945d,40133b5e3c74c807717da3fd2ea77db93b0be09a8aa66e81fa47771b605826ae,0,0.92542,44100,1.0,451,position_only,0.242467,0.0,1.0,,,1.0,,,,,,1.0
glass_breaking__fsd50k__dev__71897__0183__r0__aug1.wav,glass_breaking,FSD50K,71897,freesound:71897,glass_breaking__fsd50k__dev__71897__0183__r0.wav,eb3c3704b66f5d794df5eeaf1b9bcaf20d7124c9dd256919fac9466077ad945d,086c1bb89fc43c5677245c9ed3f43d891d9903bc7f6ba61b4dbbfe40e0d5bfa7,1,0.92542,44100,1.0,451,position_gain,0.315591,-0.1075,1.0,,,1.0,,,,,,1.0
glass_breaking__fsd50k__dev__71897__0183__r0__aug2.wav,glass_breaking,FSD50K,71897,freesound:71897,glass_breaking__fsd50k__dev__71897__0183__r0.wav,eb3c3704b66f5d794df5eeaf1b9bcaf20d7124c9dd256919fac9466077ad945d,f75bbbb3ef3b5d011c244efb9bed2503a9c06e396b17a7f2622a40bb45a4b761,2,0.92542,44100,1.0,451,position_gain_background,0.348936,-2.332,1.0,,,1.0,13.7391,3.70902336,3-153444-A-32.wav,keyboard_typing,esc50:153444,1.0
glass_breaking__fsd50k__dev__71897__0183__r0__aug3.wav,glass_breaking,FSD50K,71897,freesound:71897,glass_breaking__fsd50k__dev__71897__0183__r0.wav,eb3c3704b66f5d794df5eeaf1b9bcaf20d7124c9dd256919fac9466077ad945d,d1fd53ef2e91c3ae48faa15e324f692e9ca2bc046c759c1203a70fe92b719331,3,0.92542,44100,1.0,451,position_filter_background,0.173602,4.2767,1.0,237.285,7453.38,1.0,20.5237,0.06323402,1-43760-A-11.wav,sea_waves,esc50:43760,1.0
glass_breaking__fsd50k__dev__71897__0183__r0__aug4.wav,glass_breaking,FSD50K,71897,freesound:71897,glass_breaking__fsd50k__dev__71897__0183__r0.wav,eb3c3704b66f5d794df5eeaf1b9bcaf20d7124c9dd256919fac9466077ad945d,80e334ccee344e84a620c48b45f9794aecdd01e7ca95fe19719692dabbd43643,4,0.92542,44100,1.0,451,position_speed_gain,0.239346,3.591,0.966833,,,1.0,,,,,,0.98900783
glass_breaking__fsd50k__dev__71897__0183__r0__aug5.wav,glass_breaking,FSD50K,71897,freesound:71897,glass_breaking__fsd50k__dev__71897__0183__r0.wav,eb3c3704b66f5d794df5eeaf1b9bcaf20d7124c9dd256919fac9466077ad945d,ab29d15d899bde5103083e642423dda30933e01ff4c76f250e5adc3f1adc62b3,5,0.92542,44100,1.0,451,position_compression_background,0.3385,-4.9092,1.0,,,1.74583,21.3443,0.07544575,2-102567-B-35.wav,washing_machine,esc50:102567,1.0
glass_breaking__fsd50k__dev__71947__0124__r0__aug0.wav,glass_breaking,FSD50K,71947,freesound:71947,glass_breaking__fsd50k__dev__71947__0124__r0.wav,386c18bab2a009ea39848d69f42295390045c2a4747d050fc0e4eee1a2cda42f,34070eca04e21e53c8695d18aa8b7fc523204b136f5127e1e7b8feafdb4b3123,0,0.316803,44100,1.0,451,position_only,0.252307,0.0,1.0,,,1.0,,,,,,1.0
glass_breaking__fsd50k__dev__71947__0124__r0__aug1.wav,glass_breaking,FSD50K,71947,freesound:71947,glass_breaking__fsd50k__dev__71947__0124__r0.wav,386c18bab2a009ea39848d69f42295390045c2a4747d050fc0e4eee1a2cda42f,10f603a9c99287f29be28b01f1da2e56812274b5234ec393b0651e63504b751a,1,0.316803,44100,1.0,451,position_gain,0.194217,2.7406,1.0,,,1.0,,,,,,0.72999315
glass_breaking__fsd50k__dev__71947__0124__r0__aug2.wav,glass_breaking,FSD50K,71947,freesound:71947,glass_breaking__fsd50k__dev__71947__0124__r0.wav,386c18bab2a009ea39848d69f42295390045c2a4747d050fc0e4eee1a2cda42f,b34175191738698563a3fe4f0cd22ed8b24febf75accbeb31cbeb4c47cb4eb33,2,0.316803,44100,1.0,451,position_gain_background,0.213313,-2.4915,1.0,,,1.0,12.4545,1.14740193,3-143933-A-38.wav,clock_tick,esc50:143933,1.0
glass_breaking__fsd50k__dev__71947__0124__r0__aug3.wav,glass_breaking,FSD50K,71947,freesound:71947,glass_breaking__fsd50k__dev__71947__0124__r0.wav,386c18bab2a009ea39848d69f42295390045c2a4747d050fc0e4eee1a2cda42f,fc1df106f065bf02f9de43f35b89c5d6a4e4bdec35ddbd8b0343041c2a82aab0,3,0.316803,44100,1.0,451,position_filter_background,0.305431,2.1984,1.0,199.917,6516.733,1.0,12.9365,0.06488592,2-121909-A-35.wav,washing_machine,esc50:121909,0.83828925
glass_breaking__fsd50k__dev__71947__0124__r0__aug4.wav,glass_breaking,FSD50K,71947,freesound:71947,glass_breaking__fsd50k__dev__71947__0124__r0.wav,386c18bab2a009ea39848d69f42295390045c2a4747d050fc0e4eee1a2cda42f,ab1fbd84c357b1e5381388f95e59277b1d96ef7f9e8f612f9a5d597db90523aa,4,0.316803,44100,1.0,451,position_speed_gain,0.194601,-5.3842,1.023169,,,1.0,,,,,,1.0
glass_breaking__fsd50k__dev__71947__0124__r0__aug5.wav,glass_breaking,FSD50K,71947,freesound:71947,glass_breaking__fsd50k__dev__71947__0124__r0.wav,386c18bab2a009ea39848d69f42295390045c2a4747d050fc0e4eee1a2cda42f,90f528b3b3e565a958b100c652ca2a62534c91fe71aabfe86ae5904865c50671,5,0.316803,44100,1.0,451,position_compression_background,0.208489,-11.709,1.0,,,1.70114,11.3205,0.06618264,2-82455-A-23.wav,breathing,esc50:82455,1.0
glass_breaking__fsd50k__dev__84704__0148__r0__aug0.wav,glass_breaking,FSD50K,84704,freesound:84704,glass_breaking__fsd50k__dev__84704__0148__r0.wav,f0dcb87aa46e87282bcc7efcf76bce27a55a4b813cb4699c80f72ce70353f9fc,e270502d227607f798c4f7d33dd44ade120fd9955988d15a1494411e56104d13,0,0.092313,44100,1.0,451,position_only,0.118038,0.0,1.0,,,1.0,,,,,,0.98583955
glass_breaking__fsd50k__dev__84704__0148__r0__aug1.wav,glass_breaking,FSD50K,84704,freesound:84704,glass_breaking__fsd50k__dev__84704__0148__r0.wav,f0dcb87aa46e87282bcc7efcf76bce27a55a4b813cb4699c80f72ce70353f9fc,2cf80d6647733bcba07c8cc0d54ca99212491ebc99b2eee271b8646925c0c043,1,0.092313,44100,1.0,451,position_gain,0.250759,4.8628,1.0,,,1.0,,,,,,0.56320749
glass_breaking__fsd50k__dev__84704__0148__r0__aug2.wav,glass_breaking,FSD50K,84704,freesound:84704,glass_breaking__fsd50k__dev__84704__0148__r0.wav,f0dcb87aa46e87282bcc7efcf76bce27a55a4b813cb4699c80f72ce70353f9fc,3674db523687fe08d1d8775b732f344cd0c81f95bb8ec24de7abed0a2fa2e475,2,0.092313,44100,1.0,451,position_gain_background,0.33195,-11.3102,1.0,,,1.0,10.3086,0.10284126,1-84393-A-32.wav,keyboard_typing,esc50:84393,1.0
glass_breaking__fsd50k__dev__84704__0148__r0__aug3.wav,glass_breaking,FSD50K,84704,freesound:84704,glass_breaking__fsd50k__dev__84704__0148__r0.wav,f0dcb87aa46e87282bcc7efcf76bce27a55a4b813cb4699c80f72ce70353f9fc,a8a143dda25238e50342e728dbc91f4f8826c6f15622074feba663169877475e,3,0.092313,44100,1.0,451,position_filter_background,0.2173,-4.8092,1.0,114.835,5880.752,1.0,15.0624,0.20113235,3-156391-A-35.wav,washing_machine,esc50:156391,1.0
glass_breaking__fsd50k__dev__84704__0148__r0__aug4.wav,glass_breaking,FSD50K,84704,freesound:84704,glass_breaking__fsd50k__dev__84704__0148__r0.wav,f0dcb87aa46e87282bcc7efcf76bce27a55a4b813cb4699c80f72ce70353f9fc,16676b5efcb9b61a731d363711f5234489152ddbc3f9fa5e5f4782c2bd4d3d44,4,0.092313,44100,1.0,451,position_speed_gain,0.311719,3.6855,1.037591,,,1.0,,,,,,0.66179908
glass_breaking__fsd50k__dev__84704__0148__r0__aug5.wav,glass_breaking,FSD50K,84704,freesound:84704,glass_breaking__fsd50k__dev__84704__0148__r0.wav,f0dcb87aa46e87282bcc7efcf76bce27a55a4b813cb4699c80f72ce70353f9fc,67b25e8e1d941563ab8c72ab3c407b896c24dee9a2a4922104a0bfac85c88c8d,5,0.092313,44100,1.0,451,position_compression_background,0.24394,-10.167,1.0,,,1.29084,15.0742,0.05542691,1-18631-A-23.wav,breathing,esc50:18631,1.0
glass_breaking__fsd50k__dev__85107__0091__r0__aug0.wav,glass_breaking,FSD50K,85107,freesound:85107,glass_breaking__fsd50k__dev__85107__0091__r0.wav,7f3eaf9bffef779292ac529ba203551997e73ed11ce1e42689630213fd8083ac,109744104e9011890cc4e17aa33433d88d10218f574bb2f4fd8319a881b873f0,0,0.032449,44100,1.0,451,position_only,0.16671,0.0,1.0,,,1.0,,,,,,1.0
glass_breaking__fsd50k__dev__85107__0091__r0__aug1.wav,glass_breaking,FSD50K,85107,freesound:85107,glass_breaking__fsd50k__dev__85107__0091__r0.wav,7f3eaf9bffef779292ac529ba203551997e73ed11ce1e42689630213fd8083ac,43dcbf41738f6c22fbdf2ad4137575fcf8af0ee7e3c8476a5e366d6901165018,1,0.032449,44100,1.0,451,position_gain,0.143187,-3.4961,1.0,,,1.0,,,,,,1.0
glass_breaking__fsd50k__dev__85107__0091__r0__aug2.wav,glass_breaking,FSD50K,85107,freesound:85107,glass_breaking__fsd50k__dev__85107__0091__r0.wav,7f3eaf9bffef779292ac529ba203551997e73ed11ce1e42689630213fd8083ac,50f9b04cee7347ed3673da9d2e9b8a311c5ece957eeb9fce4699970eed5b9233,2,0.032449,44100,1.0,451,position_gain_background,0.111843,0.0753,1.0,,,1.0,17.2082,0.05846829,1-32373-B-35.wav,washing_machine,esc50:32373,0.98846028
glass_breaking__fsd50k__dev__85107__0091__r0__aug3.wav,glass_breaking,FSD50K,85107,freesound:85107,glass_breaking__fsd50k__dev__85107__0091__r0.wav,7f3eaf9bffef779292ac529ba203551997e73ed11ce1e42689630213fd8083ac,c5d4a458cfeae1e1e11a8a40f3e575c57c4820920a2ba508a5231928c8b53615,3,0.032449,44100,1.0,451,position_filter_background,0.184632,3.3099,1.0,206.894,6895.945,1.0,22.4226,0.18476272,1-79711-A-32.wav,keyboard_typing,esc50:79711,0.65876945
glass_breaking__fsd50k__dev__85107__0091__r0__aug4.wav,glass_breaking,FSD50K,85107,freesound:85107,glass_breaking__fsd50k__dev__85107__0091__r0.wav,7f3eaf9bffef779292ac529ba203551997e73ed11ce1e42689630213fd8083ac,54e3e5ba2f7486cb8508dfcd53fa878e5b0fc1697d29f70fc71f89eec97a7e07,4,0.032449,44100,1.0,451,position_speed_gain,0.15242,-6.1719,0.972643,,,1.0,,,,,,1.0
glass_breaking__fsd50k__dev__85107__0091__r0__aug5.wav,glass_breaking,FSD50K,85107,freesound:85107,glass_breaking__fsd50k__dev__85107__0091__r0.wav,7f3eaf9bffef779292ac529ba203551997e73ed11ce1e42689630213fd8083ac,e92e79e07b724744734f73f893463b65cb61430c4897d1dab3467093c78941f4,5,0.032449,44100,1.0,451,position_compression_background,0.228488,-3.0522,1.0,,,1.39582,20.7046,2.88342911,3-153444-A-32.wav,keyboard_typing,esc50:153444,1.0
glass_breaking__fsd50k__dev__85168__0166__r0__aug0.wav,glass_breaking,FSD50K,85168,freesound:85168,glass_breaking__fsd50k__dev__85168__0166__r0.wav,c08ea42d6a058870a1792c2541cf108594a0759474e0f48a0adce883e17adcf7,bb43853fb7b8dae5766be836107763628d0aa216cfab21a41c650dd2b98076c4,0,0.705918,44100,1.0,451,position_only,0.34951,0.0,1.0,,,1.0,,,,,,1.0
glass_breaking__fsd50k__dev__85168__0166__r0__aug1.wav,glass_breaking,FSD50K,85168,freesound:85168,glass_breaking__fsd50k__dev__85168__0166__r0.wav,c08ea42d6a058870a1792c2541cf108594a0759474e0f48a0adce883e17adcf7,2b6c1df84a2827feed8ae6195e09ec0bddb654e2ec8fa522b365896f91f32810,1,0.705918,44100,1.0,451,position_gain,0.196157,2.4638,1.0,,,1.0,,,,,,1.0
glass_breaking__fsd50k__dev__85168__0166__r0__aug2.wav,glass_breaking,FSD50K,85168,freesound:85168,glass_breaking__fsd50k__dev__85168__0166__r0.wav,c08ea42d6a058870a1792c2541cf108594a0759474e0f48a0adce883e17adcf7,390417bd4e38d5f263c43a247b5c9db2534f9592f58b93a62f3bd39e8591d9fb,2,0.705918,44100,1.0,451,position_gain_background,0.241347,-8.0819,1.0,,,1.0,24.1919,0.01648403,3-155570-A-32.wav,keyboard_typing,esc50:155570,1.0
glass_breaking__fsd50k__dev__85168__0166__r0__aug3.wav,glass_breaking,FSD50K,85168,freesound:85168,glass_breaking__fsd50k__dev__85168__0166__r0.wav,c08ea42d6a058870a1792c2541cf108594a0759474e0f48a0adce883e17adcf7,8110dba9ca8f1737f449b35d91de2536bc47ec643eb484e79d9cf436244fe991,3,0.705918,44100,1.0,451,position_filter_background,0.348353,2.1543,1.0,196.919,5776.625,1.0,21.8473,0.01312944,2-118459-A-32.wav,keyboard_typing,esc50:118459,1.0
glass_breaking__fsd50k__dev__85168__0166__r0__aug4.wav,glass_breaking,FSD50K,85168,freesound:85168,glass_breaking__fsd50k__dev__85168__0166__r0.wav,c08ea42d6a058870a1792c2541cf108594a0759474e0f48a0adce883e17adcf7,01db97b2b4371ae1bc7bbfc980f906f17dbddbf9b2b2ca9371c1378f211b5858,4,0.705918,44100,1.0,451,position_speed_gain,0.154603,4.4467,1.03777,,,1.0,,,,,,1.0
glass_breaking__fsd50k__dev__85168__0166__r0__aug5.wav,glass_breaking,FSD50K,85168,freesound:85168,glass_breaking__fsd50k__dev__85168__0166__r0.wav,c08ea42d6a058870a1792c2541cf108594a0759474e0f48a0adce883e17adcf7,848ec6d476a107fbea9acebf093af1f548147eb5cf9a483c78718b57d3be1e7a,5,0.705918,44100,1.0,451,position_compression_background,0.137939,-6.53,1.0,,,1.48081,21.6703,0.00297943,3-182710-A-35.wav,washing_machine,esc50:182710,1.0
glass_breaking__fsd50k__dev__85184__0049__r0__aug0.wav,glass_breaking,FSD50K,85184,freesound:85184,glass_breaking__fsd50k__dev__85184__0049__r0.wav,f8a79c2d814051e08c370fb5c90b7cbc910d44785685dfe73edce49ebe5b564a,7c71104f0fe1761d3cf38daaebbab08cf88ee4200c3f5dfcc28fcc08bd3f4a4a,0,0.461474,44100,1.0,451,position_only,0.266164,0.0,1.0,,,1.0,,,,,,1.0
glass_breaking__fsd50k__dev__85184__0049__r0__aug1.wav,glass_breaking,FSD50K,85184,freesound:85184,glass_breaking__fsd50k__dev__85184__0049__r0.wav,f8a79c2d814051e08c370fb5c90b7cbc910d44785685dfe73edce49ebe5b564a,594a2d6e942275fefe5e1f0a46b5df41fa07cb18291e9ee487b525696199c59f,1,0.461474,44100,1.0,451,position_gain,0.133628,3.9117,1.0,,,1.0,,,,,,1.0
glass_breaking__fsd50k__dev__85184__0049__r0__aug2.wav,glass_breaking,FSD50K,85184,freesound:85184,glass_breaking__fsd50k__dev__85184__0049__r0.wav,f8a79c2d814051e08c370fb5c90b7cbc910d44785685dfe73edce49ebe5b564a,7362b95624a5af3d2311bf733a36a7e0a889f654a2f2105bb19a827da44dec5e,2,0.461474,44100,1.0,451,position_gain_background,0.329421,-5.783,1.0,,,1.0,19.8031,0.04119559,1-42139-A-38.wav,clock_tick,esc50:42139,1.0
glass_breaking__fsd50k__dev__85184__0049__r0__aug3.wav,glass_breaking,FSD50K,85184,freesound:85184,glass_breaking__fsd50k__dev__85184__0049__r0.wav,f8a79c2d814051e08c370fb5c90b7cbc910d44785685dfe73edce49ebe5b564a,358a8839f833bf28df6a2b66e94c9821f0bb53c5a54e0bd976760d532aecdaf5,3,0.461474,44100,1.0,451,position_filter_background,0.345712,2.5265,1.0,242.972,5501.779,1.0,11.2946,0.54844603,3-171041-A-38.wav,clock_tick,esc50:171041,1.0
glass_breaking__fsd50k__dev__85184__0049__r0__aug4.wav,glass_breaking,FSD50K,85184,freesound:85184,glass_breaking__fsd50k__dev__85184__0049__r0.wav,f8a79c2d814051e08c370fb5c90b7cbc910d44785685dfe73edce49ebe5b564a,7115367cbb3ba09d8b565cd662ece9f06d082a299d6c47ff03d3f95d2b27a3f4,4,0.461474,44100,1.0,451,position_speed_gain,0.101587,1.9311,1.020449,,,1.0,,,,,,1.0
glass_breaking__fsd50k__dev__85184__0049__r0__aug5.wav,glass_breaking,FSD50K,85184,freesound:85184,glass_breaking__fsd50k__dev__85184__0049__r0.wav,f8a79c2d814051e08c370fb5c90b7cbc910d44785685dfe73edce49ebe5b564a,b75f196be9fc0d358658338c7adc37a795ca4c8e9c7fa0d4f2c432c977f7704b,5,0.461474,44100,1.0,451,position_compression_background,0.144296,-5.927,1.0,,,1.44341,17.6104,0.00521214,2-121909-A-35.wav,washing_machine,esc50:121909,1.0
glass_breaking__fsd50k__dev__88926__0177__r0__aug0.wav,glass_breaking,FSD50K,88926,freesound:88926,glass_breaking__fsd50k__dev__88926__0177__r0.wav,6d04456411b664e51473a7b89858cae16aacb59e56fc162467fc7fd9e21a7997,d455867cccce7e52088ccd0c09457523ad2dbfb09fb4b3996d9aad15a77e92a2,0,0.032449,44100,1.0,451,position_only,0.143045,0.0,1.0,,,1.0,,,,,,1.0
glass_breaking__fsd50k__dev__88926__0177__r0__aug1.wav,glass_breaking,FSD50K,88926,freesound:88926,glass_breaking__fsd50k__dev__88926__0177__r0.wav,6d04456411b664e51473a7b89858cae16aacb59e56fc162467fc7fd9e21a7997,da46d6ff1a977b72904489c172cfca16aebf9b1f0e685d32844f28cf66dcad4c,1,0.032449,44100,1.0,451,position_gain,0.202208,2.0,1.0,,,1.0,,,,,,1.0
glass_breaking__fsd50k__dev__88926__0177__r0__aug2.wav,glass_breaking,FSD50K,88926,freesound:88926,glass_breaking__fsd50k__dev__88926__0177__r0.wav,6d04456411b664e51473a7b89858cae16aacb59e56fc162467fc7fd9e21a7997,d0a636aea5f5c991764721756187903217f059765ee76373fa123ee56fc38fe6,2,0.032449,44100,1.0,451,position_gain_background,0.111829,3.1901,1.0,,,1.0,14.4047,0.74993043,3-125548-A-32.wav,keyboard_typing,esc50:125548,1.0
glass_breaking__fsd50k__dev__88926__0177__r0__aug3.wav,glass_breaking,FSD50K,88926,freesound:88926,glass_breaking__fsd50k__dev__88926__0177__r0.wav,6d04456411b664e51473a7b89858cae16aacb59e56fc162467fc7fd9e21a7997,0040e3ae54828e8aabce1b9e46332472643c558dfd4b14ac230b779b9051300d,3,0.032449,44100,1.0,451,position_filter_background,0.327793,-8.1035,1.0,100.04,7555.803,1.0,21.8978,0.00089896,2-102567-D-35.wav,washing_machine,esc50:102567,1.0
glass_breaking__fsd50k__dev__88926__0177__r0__aug4.wav,glass_breaking,FSD50K,88926,freesound:88926,glass_breaking__fsd50k__dev__88926__0177__r0.wav,6d04456411b664e51473a7b89858cae16aacb59e56fc162467fc7fd9e21a7997,8328e7a819149c5443b9834a279df353671d249396cb9809d31d3ffd78a8de59,4,0.032449,44100,1.0,451,position_speed_gain,0.177887,-3.0545,0.960305,,,1.0,,,,,,1.0
glass_breaking__fsd50k__dev__88926__0177__r0__aug5.wav,glass_breaking,FSD50K,88926,freesound:88926,glass_breaking__fsd50k__dev__88926__0177__r0.wav,6d04456411b664e51473a7b89858cae16aacb59e56fc162467fc7fd9e21a7997,c5930902a859926bc889ed5f96f605f0cafe998aa81a6a08c0abe80bfd7afd59,5,0.032449,44100,1.0,451,position_compression_background,0.16069,4.5298,1.0,,,1.49161,17.406,0.00571693,2-102567-D-35.wav,washing_machine,esc50:102567,1.0
glass_breaking__fsd50k__dev__88931__0112__r0__aug0.wav,glass_breaking,FSD50K,88931,freesound:88931,glass_breaking__fsd50k__dev__88931__0112__r0.wav,f4492558d8afe8ed4d517b0c72f763fcf2ba0c06c879f3104e0ce4790cb26e54,8e92905d5ed7e1f64e6f28e88fdc55742ebbe45cd2570acebe4a6da1c6be351b,0,0.02746,44100,1.0,451,position_only,0.351112,0.0,1.0,,,1.0,,,,,,1.0
glass_breaking__fsd50k__dev__88931__0112__r0__aug1.wav,glass_breaking,FSD50K,88931,freesound:88931,glass_breaking__fsd50k__dev__88931__0112__r0.wav,f4492558d8afe8ed4d517b0c72f763fcf2ba0c06c879f3104e0ce4790cb26e54,8a9e671663ca5277f7773530d988088f62a184c7c4bac45a0e400730a74ae7b8,1,0.02746,44100,1.0,451,position_gain,0.25462,2.8578,1.0,,,1.0,,,,,,1.0
glass_breaking__fsd50k__dev__88931__0112__r0__aug2.wav,glass_breaking,FSD50K,88931,freesound:88931,glass_breaking__fsd50k__dev__88931__0112__r0.wav,f4492558d8afe8ed4d517b0c72f763fcf2ba0c06c879f3104e0ce4790cb26e54,36de964f9fbc3e7773e7e161a240371a2b96f381b09b6a67cc9f136d972fb7fe,2,0.02746,44100,1.0,451,position_gain_background,0.282573,-3.1098,1.0,,,1.0,18.5328,0.00320343,3-182710-A-35.wav,washing_machine,esc50:182710,1.0
glass_breaking__fsd50k__dev__88931__0112__r0__aug3.wav,glass_breaking,FSD50K,88931,freesound:88931,glass_breaking__fsd50k__dev__88931__0112__r0.wav,f4492558d8afe8ed4d517b0c72f763fcf2ba0c06c879f3104e0ce4790cb26e54,68ff424c8681fb682fe190c8942dfb85498a851f7eabbc34579c49a1759629f7,3,0.02746,44100,1.0,451,position_filter_background,0.29308,-9.7149,1.0,169.757,7219.993,1.0,10.2244,0.021136,3-156391-A-35.wav,washing_machine,esc50:156391,1.0
glass_breaking__fsd50k__dev__88931__0112__r0__aug4.wav,glass_breaking,FSD50K,88931,freesound:88931,glass_breaking__fsd50k__dev__88931__0112__r0.wav,f4492558d8afe8ed4d517b0c72f763fcf2ba0c06c879f3104e0ce4790cb26e54,379eacf8ff8be192457409b5e75339cf99fa25d65b23d2c7bc6efb008da13e67,4,0.02746,44100,1.0,451,position_speed_gain,0.280257,-0.2522,0.999167,,,1.0,,,,,,1.0
glass_breaking__fsd50k__dev__88931__0112__r0__aug5.wav,glass_breaking,FSD50K,88931,freesound:88931,glass_breaking__fsd50k__dev__88931__0112__r0.wav,f4492558d8afe8ed4d517b0c72f763fcf2ba0c06c879f3104e0ce4790cb26e54,1207abbbeaf783ef8561236bf039fecb672030b774c605897b01605dea9a3bf3,5,0.02746,44100,1.0,451,position_compression_background,0.279243,-10.0156,1.0,,,1.78124,16.5433,0.00660062,1-42139-A-38.wav,clock_tick,esc50:42139,1.0
glass_breaking__fsd50k__dev__88933__0160__r0__aug0.wav,glass_breaking,FSD50K,88933,freesound:88933,glass_breaking__fsd50k__dev__88933__0160__r0.wav,5d4e6710c71952946d1cbab843f61d8cf7f9ae3ee2f86c8955e3b1679f7497b7,19b446b67e3acc6366c38cc003cbcb1b041dce5dc8870baee527f495a5c5824c,0,0.10229,44100,1.0,451,position_only,0.193116,0.0,1.0,,,1.0,,,,,,1.0
glass_breaking__fsd50k__dev__88933__0160__r0__aug1.wav,glass_breaking,FSD50K,88933,freesound:88933,glass_breaking__fsd50k__dev__88933__0160__r0.wav,5d4e6710c71952946d1cbab843f61d8cf7f9ae3ee2f86c8955e3b1679f7497b7,87fa0edcc0131a60d395100ad7508d180384f8a9f5333791e83d9c88711849a8,1,0.10229,44100,1.0,451,position_gain,0.229479,-10.2744,1.0,,,1.0,,,,,,1.0
glass_breaking__fsd50k__dev__88933__0160__r0__aug2.wav,glass_breaking,FSD50K,88933,freesound:88933,glass_breaking__fsd50k__dev__88933__0160__r0.wav,5d4e6710c71952946d1cbab843f61d8cf7f9ae3ee2f86c8955e3b1679f7497b7,c61f1b1c6973f8217045403bb011b8a06a24fee0d53f68c9b0763f8de3fa1e94,2,0.10229,44100,1.0,451,position_gain_background,0.101846,-7.232,1.0,,,1.0,12.8609,0.00348738,2-155801-A-11.wav,sea_waves,esc50:155801,1.0
glass_breaking__fsd50k__dev__88933__0160__r0__aug3.wav,glass_breaking,FSD50K,88933,freesound:88933,glass_breaking__fsd50k__dev__88933__0160__r0.wav,5d4e6710c71952946d1cbab843f61d8cf7f9ae3ee2f86c8955e3b1679f7497b7,9e2134d8ce689a06fef12a3b2be65d3a38e3b5620c077da871f8aadf70d47aec,3,0.10229,44100,1.0,451,position_filter_background,0.341701,3.3834,1.0,211.993,5798.597,1.0,18.5964,0.25976719,1-53501-A-32.wav,keyboard_typing,esc50:53501,1.0
glass_breaking__fsd50k__dev__88933__0160__r0__aug4.wav,glass_breaking,FSD50K,88933,freesound:88933,glass_breaking__fsd50k__dev__88933__0160__r0.wav,5d4e6710c71952946d1cbab843f61d8cf7f9ae3ee2f86c8955e3b1679f7497b7,71594295d74151fd2335b082663fe17ff3bd91494cde5fdfe407a27852948a5c,4,0.10229,44100,1.0,451,position_speed_gain,0.15258,-8.4683,0.973871,,,1.0,,,,,,1.0
glass_breaking__fsd50k__dev__88933__0160__r0__aug5.wav,glass_breaking,FSD50K,88933,freesound:88933,glass_breaking__fsd50k__dev__88933__0160__r0.wav,5d4e6710c71952946d1cbab843f61d8cf7f9ae3ee2f86c8955e3b1679f7497b7,fe34ef88cb30fb4ae8d050cf0aeddee8a47f92ff3d7f0c396a5608822cc0d13e,5,0.10229,44100,1.0,451,position_compression_background,0.201915,-6.3709,1.0,,,1.24176,13.2296,0.03220058,2-104168-A-32.wav,keyboard_typing,esc50:104168,1.0
glass_breaking__fsd50k__dev__88937__0033__r0__aug0.wav,glass_breaking,FSD50K,88937,freesound:88937,glass_breaking__fsd50k__dev__88937__0033__r0.wav,cd9fdcd671b9f4ed8105a7286baf07af7f0f53c280846e0ad930ef1e26c13034,f5c99715022295d2f57a9f6cfb8619ae9ae86a3c18c0329c8e53e09421142620,0,0.012494,44100,1.0,451,position_only,0.10641,0.0,1.0,,,1.0,,,,,,1.0
glass_breaking__fsd50k__dev__88937__0033__r0__aug1.wav,glass_breaking,FSD50K,88937,freesound:88937,glass_breaking__fsd50k__dev__88937__0033__r0.wav,cd9fdcd671b9f4ed8105a7286baf07af7f0f53c280846e0ad930ef1e26c13034,22096eb9e1a289e7b577c73d0e29bd56bbfec646d7440c30361fa8e408023cf4,1,0.012494,44100,1.0,451,position_gain,0.131112,-2.3612,1.0,,,1.0,,,,,,1.0
glass_breaking__fsd50k__dev__88937__0033__r0__aug2.wav,glass_breaking,FSD50K,88937,freesound:88937,glass_breaking__fsd50k__dev__88937__0033__r0.wav,cd9fdcd671b9f4ed8105a7286baf07af7f0f53c280846e0ad930ef1e26c13034,79e225a036735f78b123565a32a0f71b9fffc48107c2f2e659aa6b22927f2e02,2,0.012494,44100,1.0,451,position_gain_background,0.286891,2.7017,1.0,,,1.0,23.1273,0.07662459,3-112557-B-23.wav,breathing,esc50:112557,1.0
glass_breaking__fsd50k__dev__88937__0033__r0__aug3.wav,glass_breaking,FSD50K,88937,freesound:88937,glass_breaking__fsd50k__dev__88937__0033__r0.wav,cd9fdcd671b9f4ed8105a7286baf07af7f0f53c280846e0ad930ef1e26c13034,7f59381190f7b342ae6f348f4b130e49d42dd6ca21cb782b42b46872c2ce9c11,3,0.012494,44100,1.0,451,position_filter_background,0.133851,-2.4104,1.0,242.885,6257.295,1.0,13.1158,1208.16741111,2-50774-A-23.wav,breathing,esc50:50774,1.0
glass_breaking__fsd50k__dev__88937__0033__r0__aug4.wav,glass_breaking,FSD50K,88937,freesound:88937,glass_breaking__fsd50k__dev__88937__0033__r0.wav,cd9fdcd671b9f4ed8105a7286baf07af7f0f53c280846e0ad930ef1e26c13034,b85dfb26e3696c2e48a16ad487623e7e739189d6a54d0a25a70e671b8ae8c5b3,4,0.012494,44100,1.0,451,position_speed_gain,0.265511,-3.616,1.021049,,,1.0,,,,,,1.0
glass_breaking__fsd50k__dev__88937__0033__r0__aug5.wav,glass_breaking,FSD50K,88937,freesound:88937,glass_breaking__fsd50k__dev__88937__0033__r0.wav,cd9fdcd671b9f4ed8105a7286baf07af7f0f53c280846e0ad930ef1e26c13034,077a94d2dd68309dc50bd2f05f42f00a6ed32fbeb33cb07a5be4a003227e08f9,5,0.012494,44100,1.0,451,position_compression_background,0.188258,-1.4335,1.0,,,1.39001,11.3069,0.24834981,3-155568-A-32.wav,keyboard_typing,esc50:155568,1.0
glass_breaking__fsd50k__dev__88950__0138__r0__aug0.wav,glass_breaking,FSD50K,88950,freesound:88950,glass_breaking__fsd50k__dev__88950__0138__r0.wav,18cc18d8c224eacf21a2c73d78470f7907c778d6abe84a1cb1544ff161f03e47,098dfaf988cd2a967029577a826908c7a1c9c919f465715bb360c3ae40122e82,0,0.391633,44100,1.0,451,position_only,0.16034,0.0,1.0,,,1.0,,,,,,1.0
glass_breaking__fsd50k__dev__88950__0138__r0__aug1.wav,glass_breaking,FSD50K,88950,freesound:88950,glass_breaking__fsd50k__dev__88950__0138__r0.wav,18cc18d8c224eacf21a2c73d78470f7907c778d6abe84a1cb1544ff161f03e47,a09f543e1a3aea976b7cefc625d5eea0a4aa79df3d5e46d8c98cfef60b5920e7,1,0.391633,44100,1.0,451,position_gain,0.115614,1.989,1.0,,,1.0,,,,,,1.0
glass_breaking__fsd50k__dev__88950__0138__r0__aug2.wav,glass_breaking,FSD50K,88950,freesound:88950,glass_breaking__fsd50k__dev__88950__0138__r0.wav,18cc18d8c224eacf21a2c73d78470f7907c778d6abe84a1cb1544ff161f03e47,121b5f3a3bdd6fc44db99e687fef9570a1690aa9cc18028db416a8f3f6be1519,2,0.391633,44100,1.0,451,position_gain_background,0.185792,-2.9772,1.0,,,1.0,17.7569,0.00075777,1-28135-A-11.wav,sea_waves,esc50:28135,1.0
glass_breaking__fsd50k__dev__88950__0138__r0__aug3.wav,glass_breaking,FSD50K,88950,freesound:88950,glass_breaking__fsd50k__dev__88950__0138__r0.wav,18cc18d8c224eacf21a2c73d78470f7907c778d6abe84a1cb1544ff161f03e47,3dec13645a7f3242c9fcd31915c79931cc6ea735925dff563d03cdd6a195b7f6,3,0.391633,44100,1.0,451,position_filter_background,0.294182,-9.8123,1.0,183.011,7272.002,1.0,14.1669,0.0005876,1-28135-B-11.wav,sea_waves,esc50:28135,1.0
glass_breaking__fsd50k__dev__88950__0138__r0__aug4.wav,glass_breaking,FSD50K,88950,freesound:88950,glass_breaking__fsd50k__dev__88950__0138__r0.wav,18cc18d8c224eacf21a2c73d78470f7907c778d6abe84a1cb1544ff161f03e47,0712f6ce659fdc664f1c2e0637aaee094ca65d5b29b1af7c26dc4e6f51deeb26,4,0.391633,44100,1.0,451,position_speed_gain,0.236254,-5.0909,1.007961,,,1.0,,,,,,1.0
glass_breaking__fsd50k__dev__88950__0138__r0__aug5.wav,glass_breaking,FSD50K,88950,freesound:88950,glass_breaking__fsd50k__dev__88950__0138__r0.wav,18cc18d8c224eacf21a2c73d78470f7907c778d6abe84a1cb1544ff161f03e47,5ecdee8f26f975b675ee41ebc94e0b0cddb099f6099d95388b5ab426f91b5f87,5,0.391633,44100,1.0,451,position_compression_background,0.117371,-0.5345,1.0,,,1.67953,23.9195,0.00970621,3-143933-A-38.wav,clock_tick,esc50:143933,1.0
glass_breaking__fsd50k__dev__89903__0078__r0__aug0.wav,glass_breaking,FSD50K,89903,freesound:89903,glass_breaking__fsd50k__dev__89903__0078__r0.wav,218bd1b9eab97e45ffecc80281a6cbf875a29af41864ba693a9c228c2e611c57,9c7892302a6d58415cb8e0c1780c68dc938731ba46fa07703a0959dad03577fe,0,0.012494,44100,1.0,451,position_only,0.303136,0.0,1.0,,,1.0,,,,,,1.0
glass_breaking__fsd50k__dev__89903__0078__r0__aug1.wav,glass_breaking,FSD50K,89903,freesound:89903,glass_breaking__fsd50k__dev__89903__0078__r0.wav,218bd1b9eab97e45ffecc80281a6cbf875a29af41864ba693a9c228c2e611c57,9591c16bb5972236daaad38fe4f2738480234cba986126a75509b6fe8df099da,1,0.012494,44100,1.0,451,position_gain,0.300904,3.8989,1.0,,,1.0,,,,,,1.0
glass_breaking__fsd50k__dev__89903__0078__r0__aug2.wav,glass_breaking,FSD50K,89903,freesound:89903,glass_breaking__fsd50k__dev__89903__0078__r0.wav,218bd1b9eab97e45ffecc80281a6cbf875a29af41864ba693a9c228c2e611c57,874d015b6157238ea3f3fcb29214229d31b3d6d5cbd244cc46ca58fd75ee9c22,2,0.012494,44100,1.0,451,position_gain_background,0.147187,-4.6946,1.0,,,1.0,24.0592,0.0022248,2-102852-A-11.wav,sea_waves,esc50:102852,1.0
glass_breaking__fsd50k__dev__89903__0078__r0__aug3.wav,glass_breaking,FSD50K,89903,freesound:89903,glass_breaking__fsd50k__dev__89903__0078__r0.wav,218bd1b9eab97e45ffecc80281a6cbf875a29af41864ba693a9c228c2e611c57,a5d071a2bd28fcf60d683362aa5173f27ea3aa19e4bb83ca19092c42c1285f74,3,0.012494,44100,1.0,451,position_filter_background,0.314935,2.3793,1.0,179.353,6431.01,1.0,16.0129,0.03819046,3-108160-A-23.wav,breathing,esc50:108160,1.0
glass_breaking__fsd50k__dev__89903__0078__r0__aug4.wav,glass_breaking,FSD50K,89903,freesound:89903,glass_breaking__fsd50k__dev__89903__0078__r0.wav,218bd1b9eab97e45ffecc80281a6cbf875a29af41864ba693a9c228c2e611c57,e797d9228a54eee3f245fdf5657b7569389ca00dd3247a63b15ffe51a2318b89,4,0.012494,44100,1.0,451,position_speed_gain,0.282574,-4.0388,0.992908,,,1.0,,,,,,1.0
glass_breaking__fsd50k__dev__89903__0078__r0__aug5.wav,glass_breaking,FSD50K,89903,freesound:89903,glass_breaking__fsd50k__dev__89903__0078__r0.wav,218bd1b9eab97e45ffecc80281a6cbf875a29af41864ba693a9c228c2e611c57,6887fbaaed2be3ee473db93bbc042a1cc0c6a170348e1e22f2fa6b5a0e4be2b9,5,0.012494,44100,1.0,451,position_compression_background,0.148614,-7.6873,1.0,,,1.73632,10.6603,0.0240356,1-36393-A-23.wav,breathing,esc50:36393,1.0
glass_breaking__fsd50k__dev__92642__0150__r0__aug0.wav,glass_breaking,FSD50K,92642,freesound:92642,glass_breaking__fsd50k__dev__92642__0150__r0.wav,58c4180de44d4ce562fe094a95b5060efa099c3d877ac3d4bb0bacfd36f28c34,22a95f7de4b7933f7c1be050e7e430315466c67299fc8e33fc3db73a19fe2beb,0,0.152177,44100,1.0,451,position_only,0.1356,0.0,1.0,,,1.0,,,,,,0.95530113
glass_breaking__fsd50k__dev__92642__0150__r0__aug1.wav,glass_breaking,FSD50K,92642,freesound:92642,glass_breaking__fsd50k__dev__92642__0150__r0.wav,58c4180de44d4ce562fe094a95b5060efa099c3d877ac3d4bb0bacfd36f28c34,84eabcb502f9152bbea258e4fd38e2857db3751c11edb1f32e0c79d468309b45,1,0.152177,44100,1.0,451,position_gain,0.219545,-3.2904,1.0,,,1.0,,,,,,1.0
glass_breaking__fsd50k__dev__92642__0150__r0__aug2.wav,glass_breaking,FSD50K,92642,freesound:92642,glass_breaking__fsd50k__dev__92642__0150__r0.wav,58c4180de44d4ce562fe094a95b5060efa099c3d877ac3d4bb0bacfd36f28c34,d4f87e920607661af50d389bff285d928a75910f01196412c336ae1553ac073c,2,0.152177,44100,1.0,451,position_gain_background,0.353195,-7.3782,1.0,,,1.0,14.5859,0.63307954,2-99796-A-32.wav,keyboard_typing,esc50:99796,1.0
glass_breaking__fsd50k__dev__92642__0150__r0__aug3.wav,glass_breaking,FSD50K,92642,freesound:92642,glass_breaking__fsd50k__dev__92642__0150__r0.wav,58c4180de44d4ce562fe094a95b5060efa099c3d877ac3d4bb0bacfd36f28c34,008c8a437a71a7452c2620a0ea82d4bbd7d6a6e36f5098e7cea00a5553b35e86,3,0.152177,44100,1.0,451,position_filter_background,0.276847,0.4412,1.0,204.0,5917.597,1.0,10.1488,1.11248443,2-99795-A-32.wav,keyboard_typing,esc50:99795,0.83895506
glass_breaking__fsd50k__dev__92642__0150__r0__aug4.wav,glass_breaking,FSD50K,92642,freesound:92642,glass_breaking__fsd50k__dev__92642__0150__r0.wav,58c4180de44d4ce562fe094a95b5060efa099c3d877ac3d4bb0bacfd36f28c34,0dbd003b3d94d3a5f503ddf83f82f1aabddbc91db7dfc51071ae3e3a2ee810ce,4,0.152177,44100,1.0,451,position_speed_gain,0.132176,2.3594,0.995873,,,1.0,,,,,,0.74436666
glass_breaking__fsd50k__dev__92642__0150__r0__aug5.wav,glass_breaking,FSD50K,92642,freesound:92642,glass_breaking__fsd50k__dev__92642__0150__r0.wav,58c4180de44d4ce562fe094a95b5060efa099c3d877ac3d4bb0bacfd36f28c34,7a0c307d57f0120f09f6a59feba68ecebe85a1ec6bc2b1acf79eb99a99cf5584,5,0.152177,44100,1.0,451,position_compression_background,0.295192,-4.0378,1.0,,,1.58077,24.3599,0.03827738,3-144827-B-11.wav,sea_waves,esc50:144827,1.0
glass_breaking__fsd50k__dev__92643__0096__r0__aug0.wav,glass_breaking,FSD50K,92643,freesound:92643,glass_breaking__fsd50k__dev__92643__0096__r0.wav,62079d22e4b99327d9d6093dc085523f12ec6ecf02701f60517ef73ec4559a68,5ab06d68b58130c1ccd252aee15ffb3e04c5acf22bf79959f9aab23fa58cdccc,0,0.222018,44100,1.0,451,position_only,0.182996,0.0,1.0,,,1.0,,,,,,1.0
glass_breaking__fsd50k__dev__92643__0096__r0__aug1.wav,glass_breaking,FSD50K,92643,freesound:92643,glass_breaking__fsd50k__dev__92643__0096__r0.wav,62079d22e4b99327d9d6093dc085523f12ec6ecf02701f60517ef73ec4559a68,37f005899b23a3aebaf232254a700ea7273e4ef0fd7dae767e5728f3f285e51c,1,0.222018,44100,1.0,451,position_gain,0.108951,-10.8614,1.0,,,1.0,,,,,,1.0
glass_breaking__fsd50k__dev__92643__0096__r0__aug2.wav,glass_breaking,FSD50K,92643,freesound:92643,glass_breaking__fsd50k__dev__92643__0096__r0.wav,62079d22e4b99327d9d6093dc085523f12ec6ecf02701f60517ef73ec4559a68,3407d88b1e107375ed551726eb186d5849de077d637990aeb329ec802493ca60,2,0.222018,44100,1.0,451,position_gain_background,0.139568,-0.8084,1.0,,,1.0,16.8949,1.5295436,3-170383-A-38.wav,clock_tick,esc50:170383,1.0
glass_breaking__fsd50k__dev__92643__0096__r0__aug3.wav,glass_breaking,FSD50K,92643,freesound:92643,glass_breaking__fsd50k__dev__92643__0096__r0.wav,62079d22e4b99327d9d6093dc085523f12ec6ecf02701f60517ef73ec4559a68,b18a0071cfc8da506d461002f473363c21c6eb301a04b0cd3d66a56a6200c6a4,3,0.222018,44100,1.0,451,position_filter_background,0.243239,1.7806,1.0,195.845,6632.738,1.0,21.9957,0.19796008,2-50774-A-23.wav,breathing,esc50:50774,0.59649436
glass_breaking__fsd50k__dev__92643__0096__r0__aug4.wav,glass_breaking,FSD50K,92643,freesound:92643,glass_breaking__fsd50k__dev__92643__0096__r0.wav,62079d22e4b99327d9d6093dc085523f12ec6ecf02701f60517ef73ec4559a68,8da8205b36fcb9cc844338dfbecc3900758f7d581423f635552a9daf48cc4315,4,0.222018,44100,1.0,451,position_speed_gain,0.134013,-8.6948,0.97192,,,1.0,,,,,,1.0
glass_breaking__fsd50k__dev__92643__0096__r0__aug5.wav,glass_breaking,FSD50K,92643,freesound:92643,glass_breaking__fsd50k__dev__92643__0096__r0.wav,62079d22e4b99327d9d6093dc085523f12ec6ecf02701f60517ef73ec4559a68,3defebadfd5556cfc1861b07cdcaa58c958fd228154a98c6597754c82a007065,5,0.222018,44100,1.0,451,position_compression_background,0.253204,-9.8559,1.0,,,1.69014,19.0921,0.33212642,2-88724-A-38.wav,clock_tick,esc50:88724,1.0
glass_breaking__fsd50k__dev__92644__0127__r0__aug0.wav,glass_breaking,FSD50K,92644,freesound:92644,glass_breaking__fsd50k__dev__92644__0127__r0.wav,27ffcd6fc0b85be059dcd88da1f6301c4b9fa1a1d6f93ca622fef4456260fb1b,7642beca0f06e648fcb19c7289532278cb8b2ade71be7f085cb7b9dab1d84e08,0,16.519977,44100,1.0,451,position_only,0.155305,0.0,1.0,,,1.0,,,,,,1.0
glass_breaking__fsd50k__dev__92644__0127__r0__aug1.wav,glass_breaking,FSD50K,92644,freesound:92644,glass_breaking__fsd50k__dev__92644__0127__r0.wav,27ffcd6fc0b85be059dcd88da1f6301c4b9fa1a1d6f93ca622fef4456260fb1b,088eecb3320ebaf8ddb722b31d195dda9432d3fc13e36708a22b31524ac62cfd,1,16.519977,44100,1.0,451,position_gain,0.186539,-10.5263,1.0,,,1.0,,,,,,1.0
glass_breaking__fsd50k__dev__92644__0127__r0__aug2.wav,glass_breaking,FSD50K,92644,freesound:92644,glass_breaking__fsd50k__dev__92644__0127__r0.wav,27ffcd6fc0b85be059dcd88da1f6301c4b9fa1a1d6f93ca622fef4456260fb1b,e3a650a58248a212e9ae257d534afb2d82bdcbbcf506c5dab51033920c9fe659,2,16.519977,44100,1.0,451,position_gain_background,0.175234,4.4186,1.0,,,1.0,11.9995,0.81878591,2-141584-A-38.wav,clock_tick,esc50:141584,1.0
glass_breaking__fsd50k__dev__92644__0127__r0__aug3.wav,glass_breaking,FSD50K,92644,freesound:92644,glass_breaking__fsd50k__dev__92644__0127__r0.wav,27ffcd6fc0b85be059dcd88da1f6301c4b9fa1a1d6f93ca622fef4456260fb1b,e6b0013ea89366006b57a40f124e5c170a1fbf6550dc679a69e7ac4f2493ce98,3,16.519977,44100,1.0,451,position_filter_background,0.333726,-9.709,1.0,178.536,6447.213,1.0,23.1797,0.00026257,3-156393-A-35.wav,washing_machine,esc50:156393,1.0
glass_breaking__fsd50k__dev__92644__0127__r0__aug4.wav,glass_breaking,FSD50K,92644,freesound:92644,glass_breaking__fsd50k__dev__92644__0127__r0.wav,27ffcd6fc0b85be059dcd88da1f6301c4b9fa1a1d6f93ca622fef4456260fb1b,19ffe59203a61195fe9e8537bd590f07d0f323aabd42170aca01d84802d07d57,4,16.519977,44100,1.0,451,position_speed_gain,0.213059,0.8858,0.962114,,,1.0,,,,,,1.0
glass_breaking__fsd50k__dev__92644__0127__r0__aug5.wav,glass_breaking,FSD50K,92644,freesound:92644,glass_breaking__fsd50k__dev__92644__0127__r0.wav,27ffcd6fc0b85be059dcd88da1f6301c4b9fa1a1d6f93ca622fef4456260fb1b,c6abe2e8a8cbe4e9d59435017c7797edc727775d427884007fd684d327f95bbc,5,16.519977,44100,1.0,451,position_compression_background,0.108143,-3.3296,1.0,,,1.63509,15.3948,0.01172514,2-102567-C-35.wav,washing_machine,esc50:102567,1.0
glass_breaking__fsd50k__dev__93299__0089__r0__aug0.wav,glass_breaking,FSD50K,93299,freesound:93299,glass_breaking__fsd50k__dev__93299__0089__r0.wav,81d27b89eb8e6660b779dfdbf9480dbe6b3e9d2c07fbd1b46eb35b93f8664022,f99ac95f15f2c22f916fbe94f761db0a16eb37e1d7646834abf2a39ba04daa7d,0,0.800703,44100,1.0,451,position_only,0.104793,0.0,1.0,,,1.0,,,,,,1.0
glass_breaking__fsd50k__dev__93299__0089__r0__aug1.wav,glass_breaking,FSD50K,93299,freesound:93299,glass_breaking__fsd50k__dev__93299__0089__r0.wav,81d27b89eb8e6660b779dfdbf9480dbe6b3e9d2c07fbd1b46eb35b93f8664022,5f7e6d0fd7d69bd37398f647d8cc89d285606172063b64e0da9f19145a116929,1,0.800703,44100,1.0,451,position_gain,0.155842,-4.3434,1.0,,,1.0,,,,,,1.0
glass_breaking__fsd50k__dev__93299__0089__r0__aug2.wav,glass_breaking,FSD50K,93299,freesound:93299,glass_breaking__fsd50k__dev__93299__0089__r0.wav,81d27b89eb8e6660b779dfdbf9480dbe6b3e9d2c07fbd1b46eb35b93f8664022,9afa0735608290a5dda9bdf8fd5caac82786de3a863a15b43b88a2f3318f0ef3,2,0.800703,44100,1.0,451,position_gain_background,0.120282,-8.4401,1.0,,,1.0,13.2246,3.41957304,1-94231-A-32.wav,keyboard_typing,esc50:94231,1.0
glass_breaking__fsd50k__dev__93299__0089__r0__aug3.wav,glass_breaking,FSD50K,93299,freesound:93299,glass_breaking__fsd50k__dev__93299__0089__r0.wav,81d27b89eb8e6660b779dfdbf9480dbe6b3e9d2c07fbd1b46eb35b93f8664022,ce87d7ca4cd0943c227996a6f6e279bb7e19a9f3a497d0fff04b1440b13327c2,3,0.800703,44100,1.0,451,position_filter_background,0.150856,-4.8779,1.0,220.761,7778.046,1.0,13.4551,0.07246713,3-164120-A-11.wav,sea_waves,esc50:164120,1.0
glass_breaking__fsd50k__dev__93299__0089__r0__aug4.wav,glass_breaking,FSD50K,93299,freesound:93299,glass_breaking__fsd50k__dev__93299__0089__r0.wav,81d27b89eb8e6660b779dfdbf9480dbe6b3e9d2c07fbd1b46eb35b93f8664022,86f328aa902be614321930e6af3abf4d7125241562b3a50da4875c18dfb85c46,4,0.800703,44100,1.0,451,position_speed_gain,0.208465,1.8534,1.019033,,,1.0,,,,,,1.0
glass_breaking__fsd50k__dev__93299__0089__r0__aug5.wav,glass_breaking,FSD50K,93299,freesound:93299,glass_breaking__fsd50k__dev__93299__0089__r0.wav,81d27b89eb8e6660b779dfdbf9480dbe6b3e9d2c07fbd1b46eb35b93f8664022,92e3918f447ee8162883de24b5ba072620ee5e96b6d759a659d6520aec3d566c,5,0.800703,44100,1.0,451,position_compression_background,0.343893,-7.7232,1.0,,,1.73757,16.1318,0.01935508,1-84393-A-32.wav,keyboard_typing,esc50:84393,1.0
glass_breaking__fsd50k__dev__93449__0047__r0__aug0.wav,glass_breaking,FSD50K,93449,freesound:93449,glass_breaking__fsd50k__dev__93449__0047__r0.wav,2e6ee86fa826673e3c3eb1444262214d695f4da6c3b48c24c837ca302b9d9a37,98dffa9280b22c02aa36580537a466f09ffa2e03439301e9b14d20b37740dee3,0,0.047415,44100,1.0,451,position_only,0.346715,0.0,1.0,,,1.0,,,,,,0.90151291
glass_breaking__fsd50k__dev__93449__0047__r0__aug1.wav,glass_breaking,FSD50K,93449,freesound:93449,glass_breaking__fsd50k__dev__93449__0047__r0.wav,2e6ee86fa826673e3c3eb1444262214d695f4da6c3b48c24c837ca302b9d9a37,ef49a298ea061a7a726da2340d563d98158cb09c27c07f33eb0baebe0750f3b0,1,0.047415,44100,1.0,451,position_gain,0.180021,3.4518,1.0,,,1.0,,,,,,0.60587193
glass_breaking__fsd50k__dev__93449__0047__r0__aug2.wav,glass_breaking,FSD50K,93449,freesound:93449,glass_breaking__fsd50k__dev__93449__0047__r0.wav,2e6ee86fa826673e3c3eb1444262214d695f4da6c3b48c24c837ca302b9d9a37,e2442e19afa2e0321d82723ae96b3f1ebc835ee88bcbdd96257478a337d5c6d8,2,0.047415,44100,1.0,451,position_gain_background,0.167201,-11.0436,1.0,,,1.0,11.0187,3.28790181,3-153444-A-32.wav,keyboard_typing,esc50:153444,1.0
glass_breaking__fsd50k__dev__93449__0047__r0__aug3.wav,glass_breaking,FSD50K,93449,freesound:93449,glass_breaking__fsd50k__dev__93449__0047__r0.wav,2e6ee86fa826673e3c3eb1444262214d695f4da6c3b48c24c837ca302b9d9a37,a90b81e747ae50bdbd95165cca77810f3b17e01d64700a0792c8627546c0ace9,3,0.047415,44100,1.0,451,position_filter_background,0.350436,-0.2703,1.0,232.426,6190.997,1.0,11.0352,0.24404259,2-102852-A-11.wav,sea_waves,esc50:102852,0.91876434
glass_breaking__fsd50k__dev__93449__0047__r0__aug4.wav,glass_breaking,FSD50K,93449,freesound:93449,glass_breaking__fsd50k__dev__93449__0047__r0.wav,2e6ee86fa826673e3c3eb1444262214d695f4da6c3b48c24c837ca302b9d9a37,d136134c1544f7653d231878ae70e357a18b76f12c6cdd60d927f5856fac6526,4,0.047415,44100,1.0,451,position_speed_gain,0.355848,-6.9149,1.017648,,,1.0,,,,,,1.0
glass_breaking__fsd50k__dev__93449__0047__r0__aug5.wav,glass_breaking,FSD50K,93449,freesound:93449,glass_breaking__fsd50k__dev__93449__0047__r0.wav,2e6ee86fa826673e3c3eb1444262214d695f4da6c3b48c24c837ca302b9d9a37,04d7ea61cc922d12fce1980fa0a9598ff55f3784ba1ffa4b59614cb49a083796,5,0.047415,44100,1.0,451,position_compression_background,0.354358,-5.1968,1.0,,,1.21263,18.7494,0.05381447,3-155642-B-11.wav,sea_waves,esc50:155642,1.0
glass_breaking__fsd50k__dev__93964__0055__r0__aug0.wav,glass_breaking,FSD50K,93964,freesound:93964,glass_breaking__fsd50k__dev__93964__0055__r0.wav,a9f79313582cb49fda7e4f3f19fa74902281f56a3fc46990b97ca4546be6aa77,6c954b661cef454ed1cd43b113414ce1990a6a55dd55c8208bcbdeb4ddf7c2df,0,3.933583,44100,1.0,451,position_only,0.320496,0.0,1.0,,,1.0,,,,,,0.91235585
glass_breaking__fsd50k__dev__93964__0055__r0__aug1.wav,glass_breaking,FSD50K,93964,freesound:93964,glass_breaking__fsd50k__dev__93964__0055__r0.wav,a9f79313582cb49fda7e4f3f19fa74902281f56a3fc46990b97ca4546be6aa77,dfcaac12855f78b5ca5108f6bed6b27a0b7f866566c32ab128df6be0006b617c,1,3.933583,44100,1.0,451,position_gain,0.151422,0.1151,1.0,,,1.0,,,,,,0.90034914
glass_breaking__fsd50k__dev__93964__0055__r0__aug2.wav,glass_breaking,FSD50K,93964,freesound:93964,glass_breaking__fsd50k__dev__93964__0055__r0.wav,a9f79313582cb49fda7e4f3f19fa74902281f56a3fc46990b97ca4546be6aa77,c03f5d731c9b0c504c83ef7552c372e2780134bd1f264b2e86c94b6768fb83d2,2,3.933583,44100,1.0,451,position_gain_background,0.151504,-1.3431,1.0,,,1.0,10.0592,20171.08680172,1-36393-A-23.wav,breathing,esc50:36393,1.0
glass_breaking__fsd50k__dev__93964__0055__r0__aug3.wav,glass_breaking,FSD50K,93964,freesound:93964,glass_breaking__fsd50k__dev__93964__0055__r0.wav,a9f79313582cb49fda7e4f3f19fa74902281f56a3fc46990b97ca4546be6aa77,a39e11c384d9b71bdd70244e02ffea308fd9965111635571b4c245a1096d9245,3,3.933583,44100,1.0,451,position_filter_background,0.195792,-0.3348,1.0,205.223,6043.811,1.0,19.6166,0.04371501,3-164630-A-11.wav,sea_waves,esc50:164630,1.0
glass_breaking__fsd50k__dev__93964__0055__r0__aug4.wav,glass_breaking,FSD50K,93964,freesound:93964,glass_breaking__fsd50k__dev__93964__0055__r0.wav,a9f79313582cb49fda7e4f3f19fa74902281f56a3fc46990b97ca4546be6aa77,82e1e165809d1ca3d5de7d7c84cf23e19c94bdde0f3c3438bbf557027b1e5795,4,3.933583,44100,1.0,451,position_speed_gain,0.104163,-4.3672,1.038595,,,1.0,,,,,,1.0
glass_breaking__fsd50k__dev__93964__0055__r0__aug5.wav,glass_breaking,FSD50K,93964,freesound:93964,glass_breaking__fsd50k__dev__93964__0055__r0.wav,a9f79313582cb49fda7e4f3f19fa74902281f56a3fc46990b97ca4546be6aa77,8bbda8dd15be1e3a39974e6ebe5832145314b35916c3025b10fd6e084c349f5d,5,3.933583,44100,1.0,451,position_compression_background,0.201764,2.5334,1.0,,,1.22842,17.0469,0.10678244,2-51173-A-35.wav,washing_machine,esc50:51173,0.81231324
glass_breaking__fsd50k__dev__95078__0085__r0__aug0.wav,glass_breaking,FSD50K,95078,freesound:95078,glass_breaking__fsd50k__dev__95078__0085__r0.wav,cca49a1b767764f3ccc94a9b07ca13360eda488bb498af0898e9a2477cd84fb9,0035d82a41214479bf0be8c25d08214628c9e2b3a87142a7146a9c4a899ca18f,0,3.828821,44100,1.0,451,position_only,0.119159,0.0,1.0,,,1.0,,,,,,1.0
glass_breaking__fsd50k__dev__95078__0085__r0__aug1.wav,glass_breaking,FSD50K,95078,freesound:95078,glass_breaking__fsd50k__dev__95078__0085__r0.wav,cca49a1b767764f3ccc94a9b07ca13360eda488bb498af0898e9a2477cd84fb9,d935a6b33195858320d8ef23c6dcbd805c0f22817edc4b61b14d78b93cc7e460,1,3.828821,44100,1.0,451,position_gain,0.180688,-7.0059,1.0,,,1.0,,,,,,1.0
glass_breaking__fsd50k__dev__95078__0085__r0__aug2.wav,glass_breaking,FSD50K,95078,freesound:95078,glass_breaking__fsd50k__dev__95078__0085__r0.wav,cca49a1b767764f3ccc94a9b07ca13360eda488bb498af0898e9a2477cd84fb9,016e060f4b037e4dcfc5866d20903608ad2b6903b6b3e327b099900261fa27f2,2,3.828821,44100,1.0,451,position_gain_background,0.314842,-3.4008,1.0,,,1.0,23.6139,0.0123536,2-102567-B-35.wav,washing_machine,esc50:102567,1.0
glass_breaking__fsd50k__dev__95078__0085__r0__aug3.wav,glass_breaking,FSD50K,95078,freesound:95078,glass_breaking__fsd50k__dev__95078__0085__r0.wav,cca49a1b767764f3ccc94a9b07ca13360eda488bb498af0898e9a2477cd84fb9,f2956682f0f8b05a89e04220fe7c7a5e50432e5cd1856c90bc2c4d13fb549c42,3,3.828821,44100,1.0,451,position_filter_background,0.313123,-9.3318,1.0,213.051,6188.392,1.0,24.8678,0.02105819,1-53501-A-32.wav,keyboard_typing,esc50:53501,1.0
glass_breaking__fsd50k__dev__95078__0085__r0__aug4.wav,glass_breaking,FSD50K,95078,freesound:95078,glass_breaking__fsd50k__dev__95078__0085__r0.wav,cca49a1b767764f3ccc94a9b07ca13360eda488bb498af0898e9a2477cd84fb9,ceea81a94085d624cbf20c4022a012f24b483242945a3bf6e7d754df99f1375a,4,3.828821,44100,1.0,451,position_speed_gain,0.267612,-0.8005,0.999655,,,1.0,,,,,,1.0
glass_breaking__fsd50k__dev__95078__0085__r0__aug5.wav,glass_breaking,FSD50K,95078,freesound:95078,glass_breaking__fsd50k__dev__95078__0085__r0.wav,cca49a1b767764f3ccc94a9b07ca13360eda488bb498af0898e9a2477cd84fb9,5965dcb417ac0ae627d295eacf1eb57eab34bb7a4bbca8392e8d91528456427c,5,3.828821,44100,1.0,451,position_compression_background,0.16061,-2.3984,1.0,,,1.72036,16.8238,0.00662679,3-182710-A-35.wav,washing_machine,esc50:182710,1.0
gunshot_gunfire__fsd50k__dev__100144__0000__r0__aug0.wav,gunshot_gunfire,FSD50K,100144,freesound:100144,gunshot_gunfire__fsd50k__dev__100144__0000__r0.wav,40b816458344e992ac2bb6b9c6ee5e8395f012d3066a905567ddbeaac4237d65,59176df61760454a2ae27866097720a6e5d16075530112a095c0ab32766b8b86,0,0.765782,44100,1.0,451,position_only,0.35746,0.0,1.0,,,1.0,,,,,,0.89125094
gunshot_gunfire__fsd50k__dev__100144__0000__r0__aug1.wav,gunshot_gunfire,FSD50K,100144,freesound:100144,gunshot_gunfire__fsd50k__dev__100144__0000__r0.wav,40b816458344e992ac2bb6b9c6ee5e8395f012d3066a905567ddbeaac4237d65,6ff67e1e7fea0287880f2b32f8feebf7e98e43e0dd071a1833dda9d6a6304d50,1,0.765782,44100,1.0,451,position_gain,0.452108,-3.8843,1.0,,,1.0,,,,,,1.0
gunshot_gunfire__fsd50k__dev__100144__0000__r0__aug2.wav,gunshot_gunfire,FSD50K,100144,freesound:100144,gunshot_gunfire__fsd50k__dev__100144__0000__r0.wav,40b816458344e992ac2bb6b9c6ee5e8395f012d3066a905567ddbeaac4237d65,1150de87554b7969b772bd2632fe704e8b6da581b86e0c776287ae5ae3ac6b10,2,0.765782,44100,1.0,451,position_gain_background,0.401042,-4.1903,1.0,,,1.0,15.3296,1.95354163,2-95567-A-23.wav,breathing,esc50:95567,1.0
gunshot_gunfire__fsd50k__dev__100144__0000__r0__aug3.wav,gunshot_gunfire,FSD50K,100144,freesound:100144,gunshot_gunfire__fsd50k__dev__100144__0000__r0.wav,40b816458344e992ac2bb6b9c6ee5e8395f012d3066a905567ddbeaac4237d65,e6717476e915acd65c9a293d81f3d55cf17bd38d6feb7f80a04f20ad199f9872,3,0.765782,44100,1.0,451,position_filter_background,0.441593,0.7295,1.0,213.172,5638.179,1.0,21.2617,0.20141599,1-30709-B-23.wav,breathing,esc50:30709,0.40749704
gunshot_gunfire__fsd50k__dev__100144__0000__r0__aug4.wav,gunshot_gunfire,FSD50K,100144,freesound:100144,gunshot_gunfire__fsd50k__dev__100144__0000__r0.wav,40b816458344e992ac2bb6b9c6ee5e8395f012d3066a905567ddbeaac4237d65,12714fc186f3faf6e339c70fdc28bd5f718aa0b8b635ff844cd5d244ea012015,4,0.765782,44100,1.0,451,position_speed_gain,0.386242,-0.7591,0.96742,,,1.0,,,,,,0.86963217
gunshot_gunfire__fsd50k__dev__100144__0000__r0__aug5.wav,gunshot_gunfire,FSD50K,100144,freesound:100144,gunshot_gunfire__fsd50k__dev__100144__0000__r0.wav,40b816458344e992ac2bb6b9c6ee5e8395f012d3066a905567ddbeaac4237d65,e3e49819afa42b2e71173b6d3bc8f5fe7ada369c82778628638d5731d789ce2b,5,0.765782,44100,1.0,451,position_compression_background,0.314781,1.4025,1.0,,,1.70984,21.3684,0.23516797,1-84393-A-32.wav,keyboard_typing,esc50:84393,0.86265927
gunshot_gunfire__fsd50k__dev__101961__0001__r0__aug0.wav,gunshot_gunfire,FSD50K,101961,freesound:101961,gunshot_gunfire__fsd50k__dev__101961__0001__r0.wav,c8482b980e9591f8c1cc677fffa104af095e58b8cd7c1e004256319db18d5ce9,db3083b81c17afc5df16b882076a6b7ce1e05df461e546dc62cd66743a72f832,0,5.564875,44100,1.0,451,position_only,0.243218,0.0,1.0,,,1.0,,,,,,1.0
gunshot_gunfire__fsd50k__dev__101961__0001__r0__aug1.wav,gunshot_gunfire,FSD50K,101961,freesound:101961,gunshot_gunfire__fsd50k__dev__101961__0001__r0.wav,c8482b980e9591f8c1cc677fffa104af095e58b8cd7c1e004256319db18d5ce9,50402bdec7867d09a1ae542b5f3b8fb65d2be02847e6080916ac9c3a56435161,1,5.564875,44100,1.0,451,position_gain,0.438006,1.0173,1.0,,,1.0,,,,,,1.0
gunshot_gunfire__fsd50k__dev__101961__0001__r0__aug2.wav,gunshot_gunfire,FSD50K,101961,freesound:101961,gunshot_gunfire__fsd50k__dev__101961__0001__r0.wav,c8482b980e9591f8c1cc677fffa104af095e58b8cd7c1e004256319db18d5ce9,9cecff9c50c11298b9a5a4bb37e69ad950772492f807f794834c8d5dd8462cb6,2,5.564875,44100,1.0,451,position_gain_background,0.332064,-8.3244,1.0,,,1.0,22.4297,0.00256747,2-132157-A-11.wav,sea_waves,esc50:132157,1.0
gunshot_gunfire__fsd50k__dev__101961__0001__r0__aug3.wav,gunshot_gunfire,FSD50K,101961,freesound:101961,gunshot_gunfire__fsd50k__dev__101961__0001__r0.wav,c8482b980e9591f8c1cc677fffa104af095e58b8cd7c1e004256319db18d5ce9,e45328d2d0555b46a21b202743e28e12562f233a665ccf43cac6153c1bd30811,3,5.564875,44100,1.0,451,position_filter_background,0.266842,2.3892,1.0,215.692,7170.859,1.0,10.1509,1073.79622384,1-36402-A-23.wav,breathing,esc50:36402,1.0
gunshot_gunfire__fsd50k__dev__101961__0001__r0__aug4.wav,gunshot_gunfire,FSD50K,101961,freesound:101961,gunshot_gunfire__fsd50k__dev__101961__0001__r0.wav,c8482b980e9591f8c1cc677fffa104af095e58b8cd7c1e004256319db18d5ce9,f56463f06b26039ac27dc8a4bb3f8e15f45653e93e3bb13e2fb4b8e7f787e8b9,4,5.564875,44100,1.0,451,position_speed_gain,0.527431,-9.0478,1.025713,,,1.0,,,,,,1.0
gunshot_gunfire__fsd50k__dev__101961__0001__r0__aug5.wav,gunshot_gunfire,FSD50K,101961,freesound:101961,gunshot_gunfire__fsd50k__dev__101961__0001__r0.wav,c8482b980e9591f8c1cc677fffa104af095e58b8cd7c1e004256319db18d5ce9,1747297c24f59122290e7bb5682601823de61156535efe57467fb7a6ee933eea,5,5.564875,44100,1.0,451,position_compression_background,0.15049,-10.4142,1.0,,,1.6792,21.8313,0.00277876,3-171041-A-38.wav,clock_tick,esc50:171041,1.0
gunshot_gunfire__fsd50k__dev__101962__0002__r0__aug0.wav,gunshot_gunfire,FSD50K,101962,freesound:101962,gunshot_gunfire__fsd50k__dev__101962__0002__r0.wav,c70e5ae1afbfeffa5094285eb67552a97b619a3a0313f4a01f5937fbb12cba0b,dc1f1c47f3c78f96363c4564485cf96a1bb3a536a7b059eb64b10d87988fee33,0,3.105465,44100,1.0,451,position_only,0.338124,0.0,1.0,,,1.0,,,,,,1.0
gunshot_gunfire__fsd50k__dev__101962__0002__r0__aug1.wav,gunshot_gunfire,FSD50K,101962,freesound:101962,gunshot_gunfire__fsd50k__dev__101962__0002__r0.wav,c70e5ae1afbfeffa5094285eb67552a97b619a3a0313f4a01f5937fbb12cba0b,b9c7e0a6bb9ad4642e9e3f69a2f5e0e0f0bdae32d663d485215d1dcc9a259771,1,3.105465,44100,1.0,451,position_gain,0.15633,-1.0718,1.0,,,1.0,,,,,,1.0
gunshot_gunfire__fsd50k__dev__101962__0002__r0__aug2.wav,gunshot_gunfire,FSD50K,101962,freesound:101962,gunshot_gunfire__fsd50k__dev__101962__0002__r0.wav,c70e5ae1afbfeffa5094285eb67552a97b619a3a0313f4a01f5937fbb12cba0b,364481f30719cbc1c9d4c343c0bb4dfd22a81a493be7495fc7c8e9fde64940bc,2,3.105465,44100,1.0,451,position_gain_background,0.69343,-9.4574,1.0,,,1.0,17.1598,2.12127167,3-154781-A-32.wav,keyboard_typing,esc50:154781,1.0
gunshot_gunfire__fsd50k__dev__101962__0002__r0__aug3.wav,gunshot_gunfire,FSD50K,101962,freesound:101962,gunshot_gunfire__fsd50k__dev__101962__0002__r0.wav,c70e5ae1afbfeffa5094285eb67552a97b619a3a0313f4a01f5937fbb12cba0b,612eee9255febe7335075ec5866bdd2557f556d2846a9883db23b179802d589b,3,3.105465,44100,1.0,451,position_filter_background,0.285673,-2.1148,1.0,176.345,5532.887,1.0,11.8813,38051.85900761,1-36393-A-23.wav,breathing,esc50:36393,1.0
gunshot_gunfire__fsd50k__dev__101962__0002__r0__aug4.wav,gunshot_gunfire,FSD50K,101962,freesound:101962,gunshot_gunfire__fsd50k__dev__101962__0002__r0.wav,c70e5ae1afbfeffa5094285eb67552a97b619a3a0313f4a01f5937fbb12cba0b,77b71957046124c67ebf58b5258b0e3d3bb7c3f773be5af8c8211e5e4bb76a01,4,3.105465,44100,1.0,451,position_speed_gain,0.67765,-6.2156,0.977022,,,1.0,,,,,,1.0
gunshot_gunfire__fsd50k__dev__101962__0002__r0__aug5.wav,gunshot_gunfire,FSD50K,101962,freesound:101962,gunshot_gunfire__fsd50k__dev__101962__0002__r0.wav,c70e5ae1afbfeffa5094285eb67552a97b619a3a0313f4a01f5937fbb12cba0b,739798bed7fe868a9cc0e3d97d64b4e13051223c10675097e5f1e47c789ee508,5,3.105465,44100,1.0,451,position_compression_background,0.231637,-0.4017,1.0,,,1.43763,16.2321,0.83748442,3-144128-A-23.wav,breathing,esc50:144128,1.0
gunshot_gunfire__fsd50k__dev__103626__0003__r0__aug0.wav,gunshot_gunfire,FSD50K,103626,freesound:103626,gunshot_gunfire__fsd50k__dev__103626__0003__r0.wav,8cea442cd9aa6e6362e2929a59c1058fd72b2c36edd5f53271a0b1525a3eacfc,1c81b55198d3438968d9aaf5f716d6db5c31ff41be721362932434f509201483,0,2.3422,44100,1.0,451,position_only,0.69095,0.0,1.0,,,1.0,,,,,,0.89125094
gunshot_gunfire__fsd50k__dev__103626__0003__r0__aug1.wav,gunshot_gunfire,FSD50K,103626,freesound:103626,gunshot_gunfire__fsd50k__dev__103626__0003__r0.wav,8cea442cd9aa6e6362e2929a59c1058fd72b2c36edd5f53271a0b1525a3eacfc,2351bd81c85dd0a22b3aa790b36dde5da67485798ac5d395f35c797fe3a3d06f,1,2.3422,44100,1.0,451,position_gain,0.705606,-9.3197,1.0,,,1.0,,,,,,1.0
gunshot_gunfire__fsd50k__dev__103626__0003__r0__aug2.wav,gunshot_gunfire,FSD50K,103626,freesound:103626,gunshot_gunfire__fsd50k__dev__103626__0003__r0.wav,8cea442cd9aa6e6362e2929a59c1058fd72b2c36edd5f53271a0b1525a3eacfc,7833658914577f3ecc2199a4dd5a351b4268174bfd21418b154e1b5cb4291b13,2,2.3422,44100,1.0,451,position_gain_background,0.350805,-5.8912,1.0,,,1.0,11.8929,0.09870926,3-155642-B-11.wav,sea_waves,esc50:155642,1.0
gunshot_gunfire__fsd50k__dev__103626__0003__r0__aug3.wav,gunshot_gunfire,FSD50K,103626,freesound:103626,gunshot_gunfire__fsd50k__dev__103626__0003__r0.wav,8cea442cd9aa6e6362e2929a59c1058fd72b2c36edd5f53271a0b1525a3eacfc,51412bfca31f665684d91dc918544af0841b30371818d0264f82540687a096d6,3,2.3422,44100,1.0,451,position_filter_background,0.525977,-2.2052,1.0,171.464,5840.177,1.0,24.5095,0.01162218,3-188726-A-35.wav,washing_machine,esc50:188726,1.0
gunshot_gunfire__fsd50k__dev__103626__0003__r0__aug4.wav,gunshot_gunfire,FSD50K,103626,freesound:103626,gunshot_gunfire__fsd50k__dev__103626__0003__r0.wav,8cea442cd9aa6e6362e2929a59c1058fd72b2c36edd5f53271a0b1525a3eacfc,69e404604da509222e8b9735b8293c1ef2e3a1eaf6016dd989e92a18d9a3e0b8,4,2.3422,44100,1.0,451,position_speed_gain,0.55788,-5.2813,1.022649,,,1.0,,,,,,1.0
gunshot_gunfire__fsd50k__dev__103626__0003__r0__aug5.wav,gunshot_gunfire,FSD50K,103626,freesound:103626,gunshot_gunfire__fsd50k__dev__103626__0003__r0.wav,8cea442cd9aa6e6362e2929a59c1058fd72b2c36edd5f53271a0b1525a3eacfc,31d34a13d650ca7c82cd61fa7a638ee7fb08681e2544fb11a5d969fd8d6d3303,5,2.3422,44100,1.0,451,position_compression_background,0.668199,1.8728,1.0,,,1.41787,22.4876,0.79814807,2-54961-A-23.wav,breathing,esc50:54961,0.84089776
gunshot_gunfire__fsd50k__dev__108043__0004__r0__aug0.wav,gunshot_gunfire,FSD50K,108043,freesound:108043,gunshot_gunfire__fsd50k__dev__108043__0004__r0.wav,e29ad141c2f9eba15210a0e3212b616fc47f282e6a47a0a186b6e5559f81f708,a4f2be497bff2b94142dadea7eef5f352b2f1475a53174d6180734ffabb84e53,0,0.1422,44100,1.0,451,position_only,0.298398,0.0,1.0,,,1.0,,,,,,0.89970766
gunshot_gunfire__fsd50k__dev__108043__0004__r0__aug1.wav,gunshot_gunfire,FSD50K,108043,freesound:108043,gunshot_gunfire__fsd50k__dev__108043__0004__r0.wav,e29ad141c2f9eba15210a0e3212b616fc47f282e6a47a0a186b6e5559f81f708,e4e6fe0a64b36c3884d1736687b87d96ec5c40237a94f121f21de5aea21af7d8,1,0.1422,44100,1.0,451,position_gain,0.594394,-2.6341,1.0,,,1.0,,,,,,1.0
gunshot_gunfire__fsd50k__dev__108043__0004__r0__aug2.wav,gunshot_gunfire,FSD50K,108043,freesound:108043,gunshot_gunfire__fsd50k__dev__108043__0004__r0.wav,e29ad141c2f9eba15210a0e3212b616fc47f282e6a47a0a186b6e5559f81f708,232c83e636485925227fc94c9fe43a2779347aac7d5998567a4e7490841cbc8d,2,0.1422,44100,1.0,451,position_gain_background,0.168743,-8.9487,1.0,,,1.0,16.3687,0.02687718,3-166422-A-11.wav,sea_waves,esc50:166422,1.0
gunshot_gunfire__fsd50k__dev__108043__0004__r0__aug3.wav,gunshot_gunfire,FSD50K,108043,freesound:108043,gunshot_gunfire__fsd50k__dev__108043__0004__r0.wav,e29ad141c2f9eba15210a0e3212b616fc47f282e6a47a0a186b6e5559f81f708,835908fe6450a108a2034d0f7fc689822c70be6d8c2aedf6cbc8915ad2997d94,3,0.1422,44100,1.0,451,position_filter_background,0.759402,-10.744,1.0,185.019,6310.743,1.0,18.9205,0.25206119,2-66205-A-23.wav,breathing,esc50:66205,1.0
gunshot_gunfire__fsd50k__dev__108043__0004__r0__aug4.wav,gunshot_gunfire,FSD50K,108043,freesound:108043,gunshot_gunfire__fsd50k__dev__108043__0004__r0.wav,e29ad141c2f9eba15210a0e3212b616fc47f282e6a47a0a186b6e5559f81f708,e8021f505e39f42b6eebaab7924c6bd653cc10db4439d1eac06854440535844e,4,0.1422,44100,1.0,451,position_speed_gain,0.240905,2.3613,0.991279,,,1.0,,,,,,0.61606429
gunshot_gunfire__fsd50k__dev__108043__0004__r0__aug5.wav,gunshot_gunfire,FSD50K,108043,freesound:108043,gunshot_gunfire__fsd50k__dev__108043__0004__r0.wav,e29ad141c2f9eba15210a0e3212b616fc47f282e6a47a0a186b6e5559f81f708,69fd586a66aee8aa16606f75eb87b8534d4ac065d3ce7f27be87287587f777d7,5,0.1422,44100,1.0,451,position_compression_background,0.309235,-2.9608,1.0,,,1.78697,15.1874,0.08597255,2-155801-A-11.wav,sea_waves,esc50:155801,0.98680615
gunshot_gunfire__fsd50k__dev__108044__0005__r0__aug0.wav,gunshot_gunfire,FSD50K,108044,freesound:108044,gunshot_gunfire__fsd50k__dev__108044__0005__r0.wav,e305207f7260ea80ead03a87db7bd45c0033e256662b94cc92b82e03a87de4c1,2d4ab99909bfb5ae93d8de9b59fa82a434aee81bf00c80366b6ad16e50edaff3,0,2.247415,44100,1.0,451,position_only,0.180601,0.0,1.0,,,1.0,,,,,,1.0
gunshot_gunfire__fsd50k__dev__108044__0005__r0__aug1.wav,gunshot_gunfire,FSD50K,108044,freesound:108044,gunshot_gunfire__fsd50k__dev__108044__0005__r0.wav,e305207f7260ea80ead03a87db7bd45c0033e256662b94cc92b82e03a87de4c1,05b2e0c94d7a77fd502d305ea565c025e94e567544d72c74f0cb8cd75262d52e,1,2.247415,44100,1.0,451,position_gain,0.759606,-9.8452,1.0,,,1.0,,,,,,1.0
gunshot_gunfire__fsd50k__dev__108044__0005__r0__aug2.wav,gunshot_gunfire,FSD50K,108044,freesound:108044,gunshot_gunfire__fsd50k__dev__108044__0005__r0.wav,e305207f7260ea80ead03a87db7bd45c0033e256662b94cc92b82e03a87de4c1,a2cc5760d8aab5669d825c3c0e29ab66807ee05a529ceb26f0e4d73a3e47fe5b,2,2.247415,44100,1.0,451,position_gain_background,0.628365,0.4761,1.0,,,1.0,22.9043,0.18056489,2-54961-A-23.wav,breathing,esc50:54961,0.83239946
gunshot_gunfire__fsd50k__dev__108044__0005__r0__aug3.wav,gunshot_gunfire,FSD50K,108044,freesound:108044,gunshot_gunfire__fsd50k__dev__108044__0005__r0.wav,e305207f7260ea80ead03a87db7bd45c0033e256662b94cc92b82e03a87de4c1,350be3aa6a9031976fa8e3cefb92be801fbc83e07e3afd500c00441f657c437e,3,2.247415,44100,1.0,451,position_filter_background,0.419526,2.499,1.0,173.745,5519.847,1.0,17.818,0.03670224,3-144827-B-11.wav,sea_waves,esc50:144827,1.0
gunshot_gunfire__fsd50k__dev__108044__0005__r0__aug4.wav,gunshot_gunfire,FSD50K,108044,freesound:108044,gunshot_gunfire__fsd50k__dev__108044__0005__r0.wav,e305207f7260ea80ead03a87db7bd45c0033e256662b94cc92b82e03a87de4c1,ca1b4f8c15f68629ab7de7d38fd67950a90a4331c9409573edc9eea5a1949bb9,4,2.247415,44100,1.0,451,position_speed_gain,0.482403,-7.5255,1.039049,,,1.0,,,,,,1.0
gunshot_gunfire__fsd50k__dev__108044__0005__r0__aug5.wav,gunshot_gunfire,FSD50K,108044,freesound:108044,gunshot_gunfire__fsd50k__dev__108044__0005__r0.wav,e305207f7260ea80ead03a87db7bd45c0033e256662b94cc92b82e03a87de4c1,792c2d982fe3187c474e741d18e64d7e2a55fcb5bc5dd8c0d2b12dce5c60f86d,5,2.247415,44100,1.0,451,position_compression_background,0.409355,-0.0062,1.0,,,1.30966,17.7569,0.0702284,2-133863-A-11.wav,sea_waves,esc50:133863,1.0
gunshot_gunfire__fsd50k__dev__108045__0006__r0__aug0.wav,gunshot_gunfire,FSD50K,108045,freesound:108045,gunshot_gunfire__fsd50k__dev__108045__0006__r0.wav,a413956061341b6eec9a07aaa132f1e1d89daf92c47ceb8d3b19d8b7e2a10830,473304c3d569410628120b2c31a5e7ecf2bf033e5b28520d2c8c40ef54da350a,0,0.935397,44100,1.0,451,position_only,0.759331,0.0,1.0,,,1.0,,,,,,0.90015136
gunshot_gunfire__fsd50k__dev__108045__0006__r0__aug1.wav,gunshot_gunfire,FSD50K,108045,freesound:108045,gunshot_gunfire__fsd50k__dev__108045__0006__r0.wav,a413956061341b6eec9a07aaa132f1e1d89daf92c47ceb8d3b19d8b7e2a10830,61b087d5631cefd5d711208df2d9bc4e3babd0e1088b164e4f676e8479d853e3,1,0.935397,44100,1.0,451,position_gain,0.698907,0.3443,1.0,,,1.0,,,,,,0.86517284
gunshot_gunfire__fsd50k__dev__108045__0006__r0__aug2.wav,gunshot_gunfire,FSD50K,108045,freesound:108045,gunshot_gunfire__fsd50k__dev__108045__0006__r0.wav,a413956061341b6eec9a07aaa132f1e1d89daf92c47ceb8d3b19d8b7e2a10830,130ec71f8600e15cc22fbe59f1c9a27cc5113d393dfdf6895d5d499ee7bcb9a8,2,0.935397,44100,1.0,451,position_gain_background,0.250905,2.2606,1.0,,,1.0,14.0762,1.21862038,3-143933-A-38.wav,clock_tick,esc50:143933,1.0
gunshot_gunfire__fsd50k__dev__108045__0006__r0__aug3.wav,gunshot_gunfire,FSD50K,108045,freesound:108045,gunshot_gunfire__fsd50k__dev__108045__0006__r0.wav,a413956061341b6eec9a07aaa132f1e1d89daf92c47ceb8d3b19d8b7e2a10830,119aa1d2b8d600a3cb7f9c4f8c0dda2c74b2e002e8d801b7d0d43d234c52f0ab,3,0.935397,44100,1.0,451,position_filter_background,0.631268,2.2891,1.0,218.197,5572.161,1.0,21.0079,0.66785584,1-57163-A-38.wav,clock_tick,esc50:57163,0.6635886
gunshot_gunfire__fsd50k__dev__108045__0006__r0__aug4.wav,gunshot_gunfire,FSD50K,108045,freesound:108045,gunshot_gunfire__fsd50k__dev__108045__0006__r0.wav,a413956061341b6eec9a07aaa132f1e1d89daf92c47ceb8d3b19d8b7e2a10830,3b039a351f0896b2e076fe514fc1f1a76ebcd06dc1c67e48e8c0a43c1c204c70,4,0.935397,44100,1.0,451,position_speed_gain,0.401695,1.7036,1.023742,,,1.0,,,,,,1.0
gunshot_gunfire__fsd50k__dev__108045__0006__r0__aug5.wav,gunshot_gunfire,FSD50K,108045,freesound:108045,gunshot_gunfire__fsd50k__dev__108045__0006__r0.wav,a413956061341b6eec9a07aaa132f1e1d89daf92c47ceb8d3b19d8b7e2a10830,46204c72324d3f86c5a21e83c44753e477305282ace0eb21d1a8159f79e06a69,5,0.935397,44100,1.0,451,position_compression_background,0.423748,-8.1103,1.0,,,1.25499,23.5579,0.01121285,1-39901-A-11.wav,sea_waves,esc50:39901,1.0
gunshot_gunfire__fsd50k__dev__108046__0007__r0__aug0.wav,gunshot_gunfire,FSD50K,108046,freesound:108046,gunshot_gunfire__fsd50k__dev__108046__0007__r0.wav,f20f884f7fc1cfe6c3811d4f33e405395e790b8d9b179a93f5dcd2fd159db9ae,e1a28b2675d788c8dedd141a794ee1f497eabbb09bfe92440cd48acfa689bfdd,0,0.830635,44100,1.0,451,position_only,0.658975,0.0,1.0,,,1.0,,,,,,1.0
gunshot_gunfire__fsd50k__dev__108046__0007__r0__aug1.wav,gunshot_gunfire,FSD50K,108046,freesound:108046,gunshot_gunfire__fsd50k__dev__108046__0007__r0.wav,f20f884f7fc1cfe6c3811d4f33e405395e790b8d9b179a93f5dcd2fd159db9ae,454e51ca7008f29ea28d389da0a70a366d31b6750fbf58e3247fefd54cdaee6c,1,0.830635,44100,1.0,451,position_gain,0.27001,-10.5527,1.0,,,1.0,,,,,,1.0
gunshot_gunfire__fsd50k__dev__108046__0007__r0__aug2.wav,gunshot_gunfire,FSD50K,108046,freesound:108046,gunshot_gunfire__fsd50k__dev__108046__0007__r0.wav,f20f884f7fc1cfe6c3811d4f33e405395e790b8d9b179a93f5dcd2fd159db9ae,8a821be466065d2d43994802c1fbad6259cbe75ddbf2ab4833ab4598facb6d88,2,0.830635,44100,1.0,451,position_gain_background,0.309994,1.1945,1.0,,,1.0,18.615,0.14265981,2-84965-A-23.wav,breathing,esc50:84965,1.0
gunshot_gunfire__fsd50k__dev__108046__0007__r0__aug3.wav,gunshot_gunfire,FSD50K,108046,freesound:108046,gunshot_gunfire__fsd50k__dev__108046__0007__r0.wav,f20f884f7fc1cfe6c3811d4f33e405395e790b8d9b179a93f5dcd2fd159db9ae,7a718ce97dc8de1b406a734dab5716cb95ab87860956491c20313e9d225f1bf2,3,0.830635,44100,1.0,451,position_filter_background,0.310656,1.3454,1.0,239.254,5713.002,1.0,19.2268,0.03287437,2-124662-A-11.wav,sea_waves,esc50:124662,1.0
gunshot_gunfire__fsd50k__dev__108046__0007__r0__aug4.wav,gunshot_gunfire,FSD50K,108046,freesound:108046,gunshot_gunfire__fsd50k__dev__108046__0007__r0.wav,f20f884f7fc1cfe6c3811d4f33e405395e790b8d9b179a93f5dcd2fd159db9ae,2b8406b61fa3312a60b7781fb304c3eda214307d05143a17710f8bccc7c28292,4,0.830635,44100,1.0,451,position_speed_gain,0.755744,3.29,1.006085,,,1.0,,,,,,0.99543915
gunshot_gunfire__fsd50k__dev__108046__0007__r0__aug5.wav,gunshot_gunfire,FSD50K,108046,freesound:108046,gunshot_gunfire__fsd50k__dev__108046__0007__r0.wav,f20f884f7fc1cfe6c3811d4f33e405395e790b8d9b179a93f5dcd2fd159db9ae,0514f594a77203fd4da619c7d524e2f52e321949cdd1b3e96b8d32126295eaa4,5,0.830635,44100,1.0,451,position_compression_background,0.708009,-7.8681,1.0,,,1.72136,11.9241,0.03023698,1-30709-B-23.wav,breathing,esc50:30709,1.0
gunshot_gunfire__fsd50k__dev__108047__0008__r0__aug0.wav,gunshot_gunfire,FSD50K,108047,freesound:108047,gunshot_gunfire__fsd50k__dev__108047__0008__r0.wav,1dd94f0f219dbf4ca36cbd9af096b695b25fcb414e85dc1615be26563a482c81,6a2d9c299bcd9f06af553169d6e2f022486978a63c29af8a0565cb63749662a6,0,0.501383,44100,1.0,451,position_only,0.201976,0.0,1.0,,,1.0,,,,,,0.95389701
gunshot_gunfire__fsd50k__dev__108047__0008__r0__aug1.wav,gunshot_gunfire,FSD50K,108047,freesound:108047,gunshot_gunfire__fsd50k__dev__108047__0008__r0.wav,1dd94f0f219dbf4ca36cbd9af096b695b25fcb414e85dc1615be26563a482c81,00cb6e1c867a6466811f38539b5e2d56f98f93f012a8c65f23728b2f1934b69a,1,0.501383,44100,1.0,451,position_gain,0.61285,0.4194,1.0,,,1.0,,,,,,0.90893432
gunshot_gunfire__fsd50k__dev__108047__0008__r0__aug2.wav,gunshot_gunfire,FSD50K,108047,freesound:108047,gunshot_gunfire__fsd50k__dev__108047__0008__r0.wav,1dd94f0f219dbf4ca36cbd9af096b695b25fcb414e85dc1615be26563a482c81,150013a96b16bad396a64e8ece4208495ac0cdc6804a96e26ae0a207ef9ee235,2,0.501383,44100,1.0,451,position_gain_background,0.674529,-1.8449,1.0,,,1.0,16.1471,0.15764949,2-132157-A-11.wav,sea_waves,esc50:132157,1.0
gunshot_gunfire__fsd50k__dev__108047__0008__r0__aug3.wav,gunshot_gunfire,FSD50K,108047,freesound:108047,gunshot_gunfire__fsd50k__dev__108047__0008__r0.wav,1dd94f0f219dbf4ca36cbd9af096b695b25fcb414e85dc1615be26563a482c81,ea16a8388995ee39db34d41a56a830a66d8265f4b4f2924da6d40e5f80eff267,3,0.501383,44100,1.0,451,position_filter_background,0.363675,-8.6918,1.0,229.747,6268.29,1.0,23.3424,0.01179057,3-151269-A-35.wav,washing_machine,esc50:151269,1.0
gunshot_gunfire__fsd50k__dev__108047__0008__r0__aug4.wav,gunshot_gunfire,FSD50K,108047,freesound:108047,gunshot_gunfire__fsd50k__dev__108047__0008__r0.wav,1dd94f0f219dbf4ca36cbd9af096b695b25fcb414e85dc1615be26563a482c81,be5a3438c74b1d3d7739522001ec1baf668658f1900a1e109ebe213bdb06aedd,4,0.501383,44100,1.0,451,position_speed_gain,0.333811,-2.9888,0.992576,,,1.0,,,,,,1.0
gunshot_gunfire__fsd50k__dev__108047__0008__r0__aug5.wav,gunshot_gunfire,FSD50K,108047,freesound:108047,gunshot_gunfire__fsd50k__dev__108047__0008__r0.wav,1dd94f0f219dbf4ca36cbd9af096b695b25fcb414e85dc1615be26563a482c81,decda6d65acd68daba3217fc5d96139bbe452ebd18090cdea8b1fcc9670b75d1,5,0.501383,44100,1.0,451,position_compression_background,0.753026,-7.7205,1.0,,,1.47314,21.5005,0.17540711,1-62849-A-38.wav,clock_tick,esc50:62849,1.0
gunshot_gunfire__fsd50k__dev__118450__0009__r0__aug0.wav,gunshot_gunfire,FSD50K,118450,freesound:118450,gunshot_gunfire__fsd50k__dev__118450__0009__r0.wav,c7e625f0db9cd6e11d29f3c4846c0d064b31f5d4c9730e1c5e9d8a468d785a7e,1b8f2cddf5a37f614cf6c014d7986c4d03182a1f40c95d2af332a610b42c478a,0,1.139932,44100,1.0,451,position_only,0.767581,0.0,1.0,,,1.0,,,,,,1.0
gunshot_gunfire__fsd50k__dev__118450__0009__r0__aug1.wav,gunshot_gunfire,FSD50K,118450,freesound:118450,gunshot_gunfire__fsd50k__dev__118450__0009__r0.wav,c7e625f0db9cd6e11d29f3c4846c0d064b31f5d4c9730e1c5e9d8a468d785a7e,1db6bec85f17e76aa73e51e09f1351a205fe5b746bf438f91ef0f631235fd006,1,1.139932,44100,1.0,451,position_gain,0.302524,4.098,1.0,,,1.0,,,,,,1.0
gunshot_gunfire__fsd50k__dev__118450__0009__r0__aug2.wav,gunshot_gunfire,FSD50K,118450,freesound:118450,gunshot_gunfire__fsd50k__dev__118450__0009__r0.wav,c7e625f0db9cd6e11d29f3c4846c0d064b31f5d4c9730e1c5e9d8a468d785a7e,65a3a96c392b1aeb994ec6e4650cf17d64493851ba62effd76c28abd5c768a42,2,1.139932,44100,1.0,451,position_gain_background,0.244983,-8.0158,1.0,,,1.0,20.5851,0.0181087,1-21934-A-38.wav,clock_tick,esc50:21934,1.0
gunshot_gunfire__fsd50k__dev__118450__0009__r0__aug3.wav,gunshot_gunfire,FSD50K,118450,freesound:118450,gunshot_gunfire__fsd50k__dev__118450__0009__r0.wav,c7e625f0db9cd6e11d29f3c4846c0d064b31f5d4c9730e1c5e9d8a468d785a7e,1b8851ab013dace7260d7064aa8323e62b434d46d896a3984d75f29f3b5ec243,3,1.139932,44100,1.0,451,position_filter_background,0.495424,0.4296,1.0,195.39,6213.638,1.0,16.0353,0.07461446,3-171012-A-38.wav,clock_tick,esc50:171012,1.0
gunshot_gunfire__fsd50k__dev__118450__0009__r0__aug4.wav,gunshot_gunfire,FSD50K,118450,freesound:118450,gunshot_gunfire__fsd50k__dev__118450__0009__r0.wav,c7e625f0db9cd6e11d29f3c4846c0d064b31f5d4c9730e1c5e9d8a468d785a7e,7d655efd5b0bd6235953da77f39b9cf5b07a3f5ddaab198d9f96a0baa2c69639,4,1.139932,44100,1.0,451,position_speed_gain,0.402289,-9.443,0.989802,,,1.0,,,,,,1.0
gunshot_gunfire__fsd50k__dev__118450__0009__r0__aug5.wav,gunshot_gunfire,FSD50K,118450,freesound:118450,gunshot_gunfire__fsd50k__dev__118450__0009__r0.wav,c7e625f0db9cd6e11d29f3c4846c0d064b31f5d4c9730e1c5e9d8a468d785a7e,ddb9d2b65ab9e6005a3a0bfdd62949ffbaf43577cba10041111dbeab9afccb36,5,1.139932,44100,1.0,451,position_compression_background,0.528633,4.0561,1.0,,,1.70916,21.9325,0.11230929,3-156391-A-35.wav,washing_machine,esc50:156391,1.0
gunshot_gunfire__fsd50k__dev__127846__0010__r0__aug0.wav,gunshot_gunfire,FSD50K,127846,freesound:127846,gunshot_gunfire__fsd50k__dev__127846__0010__r0.wav,529f7862233915bab90e4543228187e489c56ccba2b2ee18facdaaf8b5a41e61,d4e871690d5d7cb6ebb38da4fb451f7c154a47a0f93b004b258b8700d7fc694d,0,1.080068,44100,1.0,451,position_only,0.746847,0.0,1.0,,,1.0,,,,,,1.0
gunshot_gunfire__fsd50k__dev__127846__0010__r0__aug1.wav,gunshot_gunfire,FSD50K,127846,freesound:127846,gunshot_gunfire__fsd50k__dev__127846__0010__r0.wav,529f7862233915bab90e4543228187e489c56ccba2b2ee18facdaaf8b5a41e61,77cd4afad03e1ac2d6fa0ab38cd0eab345c8c2416db82d4f079c3a7804928031,1,1.080068,44100,1.0,451,position_gain,0.397957,-8.3914,1.0,,,1.0,,,,,,1.0
gunshot_gunfire__fsd50k__dev__127846__0010__r0__aug2.wav,gunshot_gunfire,FSD50K,127846,freesound:127846,gunshot_gunfire__fsd50k__dev__127846__0010__r0.wav,529f7862233915bab90e4543228187e489c56ccba2b2ee18facdaaf8b5a41e61,0973c3790133af07e8be8b728f1e789d077a6b93309bdb3fca06f690a4f22a1d,2,1.080068,44100,1.0,451,position_gain_background,0.456709,-2.0622,1.0,,,1.0,11.5758,2.52694246,2-109316-A-32.wav,keyboard_typing,esc50:109316,1.0
gunshot_gunfire__fsd50k__dev__127846__0010__r0__aug3.wav,gunshot_gunfire,FSD50K,127846,freesound:127846,gunshot_gunfire__fsd50k__dev__127846__0010__r0.wav,529f7862233915bab90e4543228187e489c56ccba2b2ee18facdaaf8b5a41e61,cee3abe39c450a45d51364da6384cb043daa25bf09ad9a607ef5f08704ba210a,3,1.080068,44100,1.0,451,position_filter_background,0.236511,-1.3915,1.0,197.892,7429.185,1.0,21.7047,0.1649704,2-118459-A-32.wav,keyboard_typing,esc50:118459,1.0
gunshot_gunfire__fsd50k__dev__127846__0010__r0__aug4.wav,gunshot_gunfire,FSD50K,127846,freesound:127846,gunshot_gunfire__fsd50k__dev__127846__0010__r0.wav,529f7862233915bab90e4543228187e489c56ccba2b2ee18facdaaf8b5a41e61,d3c2487a80e2c4ac78290b6c9222150a53d119c3776652803822eb69cecdfe8b,4,1.080068,44100,1.0,451,position_speed_gain,0.285434,-9.507,0.989146,,,1.0,,,,,,1.0
gunshot_gunfire__fsd50k__dev__127846__0010__r0__aug5.wav,gunshot_gunfire,FSD50K,127846,freesound:127846,gunshot_gunfire__fsd50k__dev__127846__0010__r0.wav,529f7862233915bab90e4543228187e489c56ccba2b2ee18facdaaf8b5a41e61,9f25eb834b29065845f9ca36065dc517efff9af6a972512a397839239a5a9692,5,1.080068,44100,1.0,451,position_compression_background,0.604249,-1.6903,1.0,,,1.53298,16.9234,3.39416025,2-141584-A-38.wav,clock_tick,esc50:141584,0.91525405
gunshot_gunfire__fsd50k__dev__128293__0011__r0__aug0.wav,gunshot_gunfire,FSD50K,128293,freesound:128293,gunshot_gunfire__fsd50k__dev__128293__0011__r0.wav,f3cb1817cf02f3fa71603f54a0fd005885a501d7fdb96c13d188d807ccb694d7,6ec8a2f05dd102e66b5a122f47a7cf5116af5b91cc19b8400780080112dfe735,0,1.29458,44100,1.0,451,position_only,0.225273,0.0,1.0,,,1.0,,,,,,1.0
gunshot_gunfire__fsd50k__dev__128293__0011__r0__aug1.wav,gunshot_gunfire,FSD50K,128293,freesound:128293,gunshot_gunfire__fsd50k__dev__128293__0011__r0.wav,f3cb1817cf02f3fa71603f54a0fd005885a501d7fdb96c13d188d807ccb694d7,f99f5ba800f9d35112b97bdaad016688cf848464e01805cb8022c534b9e20cfd,1,1.29458,44100,1.0,451,position_gain,0.37607,4.9689,1.0,,,1.0,,,,,,1.0
gunshot_gunfire__fsd50k__dev__128293__0011__r0__aug2.wav,gunshot_gunfire,FSD50K,128293,freesound:128293,gunshot_gunfire__fsd50k__dev__128293__0011__r0.wav,f3cb1817cf02f3fa71603f54a0fd005885a501d7fdb96c13d188d807ccb694d7,5325b5d8ebef9abfb748ad00bb2d41e0123b76843c6b09157d7ce7f760b07e05,2,1.29458,44100,1.0,451,position_gain_background,0.631668,-3.8547,1.0,,,1.0,14.688,0.11139492,2-141584-A-38.wav,clock_tick,esc50:141584,1.0
gunshot_gunfire__fsd50k__dev__128293__0011__r0__aug3.wav,gunshot_gunfire,FSD50K,128293,freesound:128293,gunshot_gunfire__fsd50k__dev__128293__0011__r0.wav,f3cb1817cf02f3fa71603f54a0fd005885a501d7fdb96c13d188d807ccb694d7,c5e34b7c741bdecfea23629aa96e8d0fb2281145f60037ad7348742f77126a60,3,1.29458,44100,1.0,451,position_filter_background,0.691266,3.6117,1.0,167.372,6558.327,1.0,16.2531,0.18397285,3-182710-B-35.wav,washing_machine,esc50:182710,1.0
gunshot_gunfire__fsd50k__dev__128293__0011__r0__aug4.wav,gunshot_gunfire,FSD50K,128293,freesound:128293,gunshot_gunfire__fsd50k__dev__128293__0011__r0.wav,f3cb1817cf02f3fa71603f54a0fd005885a501d7fdb96c13d188d807ccb694d7,b56a79221c3434f9475d4e1f7b31fa7bd70d883dd265478f04ab4649ac1148ab,4,1.29458,44100,1.0,451,position_speed_gain,0.217683,4.9939,0.974281,,,1.0,,,,,,1.0
gunshot_gunfire__fsd50k__dev__128293__0011__r0__aug5.wav,gunshot_gunfire,FSD50K,128293,freesound:128293,gunshot_gunfire__fsd50k__dev__128293__0011__r0.wav,f3cb1817cf02f3fa71603f54a0fd005885a501d7fdb96c13d188d807ccb694d7,446de5313ca3825238b7de393054b4ce1d312a00c3553798fb52e8d1f7a7a2ce,5,1.29458,44100,1.0,451,position_compression_background,0.648803,-7.4245,1.0,,,1.23469,23.3322,0.02282978,1-137-A-32.wav,keyboard_typing,esc50:137,1.0
gunshot_gunfire__fsd50k__dev__128294__0012__r0__aug0.wav,gunshot_gunfire,FSD50K,128294,freesound:128294,gunshot_gunfire__fsd50k__dev__128294__0012__r0.wav,56c6232c318fbe95f15f0eaa1f61f0650ee5f66ea75529e72a3610908d0c2404,c534caeb05b6bf073eed60783cfbf5b2c9e05579777f268244d865e47c5a6ed0,0,1.29458,44100,1.0,451,position_only,0.499171,0.0,1.0,,,1.0,,,,,,1.0
gunshot_gunfire__fsd50k__dev__128294__0012__r0__aug1.wav,gunshot_gunfire,FSD50K,128294,freesound:128294,gunshot_gunfire__fsd50k__dev__128294__0012__r0.wav,56c6232c318fbe95f15f0eaa1f61f0650ee5f66ea75529e72a3610908d0c2404,14636bd74d31df01a44ece0ee5572c628e81aa1dab9be07ae0318f694aa35ec3,1,1.29458,44100,1.0,451,position_gain,0.186853,-6.1715,1.0,,,1.0,,,,,,1.0
gunshot_gunfire__fsd50k__dev__128294__0012__r0__aug2.wav,gunshot_gunfire,FSD50K,128294,freesound:128294,gunshot_gunfire__fsd50k__dev__128294__0012__r0.wav,56c6232c318fbe95f15f0eaa1f61f0650ee5f66ea75529e72a3610908d0c2404,d4c42055b396b48d3deaac81ae23108c9451e342f988266e251f7a1125dbd795,2,1.29458,44100,1.0,451,position_gain_background,0.280366,-1.7724,1.0,,,1.0,11.027,0.00434598,2-121909-A-35.wav,washing_machine,esc50:121909,1.0
gunshot_gunfire__fsd50k__dev__128294__0012__r0__aug3.wav,gunshot_gunfire,FSD50K,128294,freesound:128294,gunshot_gunfire__fsd50k__dev__128294__0012__r0.wav,56c6232c318fbe95f15f0eaa1f61f0650ee5f66ea75529e72a3610908d0c2404,9880d57a2ba62b7344ceba06d4f780591650134b95f9b52a65d5ea9d438da28e,3,1.29458,44100,1.0,451,position_filter_background,0.447284,-9.6416,1.0,161.139,7208.695,1.0,23.5331,0.00627168,2-134700-A-38.wav,clock_tick,esc50:134700,1.0
gunshot_gunfire__fsd50k__dev__128294__0012__r0__aug4.wav,gunshot_gunfire,FSD50K,128294,freesound:128294,gunshot_gunfire__fsd50k__dev__128294__0012__r0.wav,56c6232c318fbe95f15f0eaa1f61f0650ee5f66ea75529e72a3610908d0c2404,e001b73b400c164a55e936c3f7906b7bff89f9ae4f997c0651d1ea88df82fd48,4,1.29458,44100,1.0,451,position_speed_gain,0.592971,0.6902,0.975694,,,1.0,,,,,,1.0
gunshot_gunfire__fsd50k__dev__128294__0012__r0__aug5.wav,gunshot_gunfire,FSD50K,128294,freesound:128294,gunshot_gunfire__fsd50k__dev__128294__0012__r0.wav,56c6232c318fbe95f15f0eaa1f61f0650ee5f66ea75529e72a3610908d0c2404,d37dadb2f7d4cc4729d208a376692fc145f8e9f0786ee82290790e5f0e4add67,5,1.29458,44100,1.0,451,position_compression_background,0.488571,-7.8049,1.0,,,1.45522,12.8744,0.07782742,3-155568-A-32.wav,keyboard_typing,esc50:155568,1.0
gunshot_gunfire__fsd50k__dev__128296__0013__r0__aug0.wav,gunshot_gunfire,FSD50K,128296,freesound:128296,gunshot_gunfire__fsd50k__dev__128296__0013__r0.wav,ce173af197107d2e62750632523205026956e5a8ae191c43b6702155e84ca00f,7d05694d6b6fb300ebbd15c15d799bcbc8c8e39af58907ed9d8ba732d8f24772,0,1.29458,44100,1.0,451,position_only,0.176003,0.0,1.0,,,1.0,,,,,,1.0
gunshot_gunfire__fsd50k__dev__128296__0013__r0__aug1.wav,gunshot_gunfire,FSD50K,128296,freesound:128296,gunshot_gunfire__fsd50k__dev__128296__0013__r0.wav,ce173af197107d2e62750632523205026956e5a8ae191c43b6702155e84ca00f,fd455f0160596de9dcba0ee4895ef6ea02338ad9fcb226aeea52085e89962ed6,1,1.29458,44100,1.0,451,position_gain,0.616422,1.3851,1.0,,,1.0,,,,,,1.0
gunshot_gunfire__fsd50k__dev__128296__0013__r0__aug2.wav,gunshot_gunfire,FSD50K,128296,freesound:128296,gunshot_gunfire__fsd50k__dev__128296__0013__r0.wav,ce173af197107d2e62750632523205026956e5a8ae191c43b6702155e84ca00f,fb9347003f376f7b1f42f9e48c40c8060d4aac07289977e6036f1728eb18fa35,2,1.29458,44100,1.0,451,position_gain_background,0.506542,-1.3809,1.0,,,1.0,11.2649,0.05077865,3-112557-A-23.wav,breathing,esc50:112557,1.0
gunshot_gunfire__fsd50k__dev__128296__0013__r0__aug3.wav,gunshot_gunfire,FSD50K,128296,freesound:128296,gunshot_gunfire__fsd50k__dev__128296__0013__r0.wav,ce173af197107d2e62750632523205026956e5a8ae191c43b6702155e84ca00f,81176431bdcc1e607b2b2343f7652f60fc4118fd387e3b894b71ba2adf1651af,3,1.29458,44100,1.0,451,position_filter_background,0.205983,3.9384,1.0,215.926,6870.017,1.0,12.4531,0.00674172,2-99796-A-32.wav,keyboard_typing,esc50:99796,1.0
gunshot_gunfire__fsd50k__dev__128296__0013__r0__aug4.wav,gunshot_gunfire,FSD50K,128296,freesound:128296,gunshot_gunfire__fsd50k__dev__128296__0013__r0.wav,ce173af197107d2e62750632523205026956e5a8ae191c43b6702155e84ca00f,46eafe3738e23d65127b5242bfa6db0d1e30dc68d403bd5f7880fdd5b9d970b9,4,1.29458,44100,1.0,451,position_speed_gain,0.19913,-5.9276,0.98413,,,1.0,,,,,,1.0
gunshot_gunfire__fsd50k__dev__128296__0013__r0__aug5.wav,gunshot_gunfire,FSD50K,128296,freesound:128296,gunshot_gunfire__fsd50k__dev__128296__0013__r0.wav,ce173af197107d2e62750632523205026956e5a8ae191c43b6702155e84ca00f,4dae8e189a381c6b99e1ed03326d038590f1e18af32225eae3e380d0c8a1b81d,5,1.29458,44100,1.0,451,position_compression_background,0.69582,-0.5111,1.0,,,1.59591,10.1897,0.03418541,1-42139-A-38.wav,clock_tick,esc50:42139,1.0
gunshot_gunfire__fsd50k__dev__128297__0014__r0__aug0.wav,gunshot_gunfire,FSD50K,128297,freesound:128297,gunshot_gunfire__fsd50k__dev__128297__0014__r0.wav,b98d9172e4101f1ab70843303aa5cb0b68b25b5db8ae7287e86f74ac09f53e48,9c4dc7adc087730510b51a1630a55601680656ad28c82c5750a1989f29b119cc,0,1.29458,44100,1.0,451,position_only,0.497952,0.0,1.0,,,1.0,,,,,,1.0
gunshot_gunfire__fsd50k__dev__128297__0014__r0__aug1.wav,gunshot_gunfire,FSD50K,128297,freesound:128297,gunshot_gunfire__fsd50k__dev__128297__0014__r0.wav,b98d9172e4101f1ab70843303aa5cb0b68b25b5db8ae7287e86f74ac09f53e48,9906001003c0b629f1ae5fcdb29cc3cab93c194be3f1af250c0bcadb5537a61c,1,1.29458,44100,1.0,451,position_gain,0.749887,-9.1724,1.0,,,1.0,,,,,,1.0
gunshot_gunfire__fsd50k__dev__128297__0014__r0__aug2.wav,gunshot_gunfire,FSD50K,128297,freesound:128297,gunshot_gunfire__fsd50k__dev__128297__0014__r0.wav,b98d9172e4101f1ab70843303aa5cb0b68b25b5db8ae7287e86f74ac09f53e48,c1543065689e49ac18e1ef1e09d168cf20a4399ef378db10784de9e2465cbbca,2,1.29458,44100,1.0,451,position_gain_background,0.42181,1.7337,1.0,,,1.0,20.091,0.03780542,3-144128-B-23.wav,breathing,esc50:144128,1.0
gunshot_gunfire__fsd50k__dev__128297__0014__r0__aug3.wav,gunshot_gunfire,FSD50K,128297,freesound:128297,gunshot_gunfire__fsd50k__dev__128297__0014__r0.wav,b98d9172e4101f1ab70843303aa5cb0b68b25b5db8ae7287e86f74ac09f53e48,4e261d628c7164254e6fe48c487a5b1a367d8e87150193b8fb96277222028861,3,1.29458,44100,1.0,451,position_filter_background,0.256432,-8.6709,1.0,202.191,6314.526,1.0,21.4397,0.00028774,3-151269-A-35.wav,washing_machine,esc50:151269,1.0
gunshot_gunfire__fsd50k__dev__128297__0014__r0__aug4.wav,gunshot_gunfire,FSD50K,128297,freesound:128297,gunshot_gunfire__fsd50k__dev__128297__0014__r0.wav,b98d9172e4101f1ab70843303aa5cb0b68b25b5db8ae7287e86f74ac09f53e48,5d22890ab7a34e22bacba58f12b1beb4c1c51fe6ff119b8fd5a3d67656a9c3d9,4,1.29458,44100,1.0,451,position_speed_gain,0.68744,4.5761,0.961173,,,1.0,,,,,,1.0
gunshot_gunfire__fsd50k__dev__128297__0014__r0__aug5.wav,gunshot_gunfire,FSD50K,128297,freesound:128297,gunshot_gunfire__fsd50k__dev__128297__0014__r0.wav,b98d9172e4101f1ab70843303aa5cb0b68b25b5db8ae7287e86f74ac09f53e48,03340497b4f5105ad523efa5cef0a2c762ae1f5a2571c1bf84bd314d0ef78cd3,5,1.29458,44100,1.0,451,position_compression_background,0.655619,-4.4208,1.0,,,1.737,15.0132,0.16656377,3-166125-A-23.wav,breathing,esc50:166125,1.0
gunshot_gunfire__fsd50k__dev__128298__0015__r0__aug0.wav,gunshot_gunfire,FSD50K,128298,freesound:128298,gunshot_gunfire__fsd50k__dev__128298__0015__r0.wav,70986c901d09a8d3c472eda6c3b71d1c6758e6e3d2c868ccb2cd8106fa69d51d,d3f5c463fd48fc44bdd762d4e622ad9d8275a1e5be36cef46a739428aca946ad,0,0.770771,44100,1.0,451,position_only,0.61272,0.0,1.0,,,1.0,,,,,,0.89125094
gunshot_gunfire__fsd50k__dev__128298__0015__r0__aug1.wav,gunshot_gunfire,FSD50K,128298,freesound:128298,gunshot_gunfire__fsd50k__dev__128298__0015__r0.wav,70986c901d09a8d3c472eda6c3b71d1c6758e6e3d2c868ccb2cd8106fa69d51d,1a5858d5a8571381bb0ccde6585bb2c20d3e25aea938b62e0528b12d29da96ed,1,0.770771,44100,1.0,451,position_gain,0.312245,-8.4878,1.0,,,1.0,,,,,,1.0
gunshot_gunfire__fsd50k__dev__128298__0015__r0__aug2.wav,gunshot_gunfire,FSD50K,128298,freesound:128298,gunshot_gunfire__fsd50k__dev__128298__0015__r0.wav,70986c901d09a8d3c472eda6c3b71d1c6758e6e3d2c868ccb2cd8106fa69d51d,14687a1e6dceea8b043dc8dd385a952f56244f7094ea72adc8ccb8e3ca0fad77,2,0.770771,44100,1.0,451,position_gain_background,0.151807,3.9094,1.0,,,1.0,18.3678,0.25560861,2-95567-A-23.wav,breathing,esc50:95567,1.0
gunshot_gunfire__fsd50k__dev__128298__0015__r0__aug3.wav,gunshot_gunfire,FSD50K,128298,freesound:128298,gunshot_gunfire__fsd50k__dev__128298__0015__r0.wav,70986c901d09a8d3c472eda6c3b71d1c6758e6e3d2c868ccb2cd8106fa69d51d,c0fe207931f4c51bc61f9f4b07c137fb79c134894898bce31be288afc8b92cec,3,0.770771,44100,1.0,451,position_filter_background,0.293988,2.6005,1.0,187.67,7546.716,1.0,10.1814,0.58475854,1-137-A-32.wav,keyboard_typing,esc50:137,1.0
gunshot_gunfire__fsd50k__dev__128298__0015__r0__aug4.wav,gunshot_gunfire,FSD50K,128298,freesound:128298,gunshot_gunfire__fsd50k__dev__128298__0015__r0.wav,70986c901d09a8d3c472eda6c3b71d1c6758e6e3d2c868ccb2cd8106fa69d51d,b46caf0e68bd64c3217e9179b859d67cd0fa5f4ed59f62d3f79346493f0aa335,4,0.770771,44100,1.0,451,position_speed_gain,0.536025,-3.3037,1.03455,,,1.0,,,,,,1.0
gunshot_gunfire__fsd50k__dev__128298__0015__r0__aug5.wav,gunshot_gunfire,FSD50K,128298,freesound:128298,gunshot_gunfire__fsd50k__dev__128298__0015__r0.wav,70986c901d09a8d3c472eda6c3b71d1c6758e6e3d2c868ccb2cd8106fa69d51d,b3b7c5e340a8610a332e496cba6dc38aeb5097821685441aadb80c5fd9f7fb80,5,0.770771,44100,1.0,451,position_compression_background,0.652073,-6.9074,1.0,,,1.48538,16.2606,0.12263779,3-151269-A-35.wav,washing_machine,esc50:151269,1.0
gunshot_gunfire__fsd50k__dev__128299__0016__r0__aug0.wav,gunshot_gunfire,FSD50K,128299,freesound:128299,gunshot_gunfire__fsd50k__dev__128299__0016__r0.wav,646d25a34c1bdf6a59fc9a4db9580660a9f734c868c8e1f7850cebef60a9b0b8,be83c57d9f2d9ec1e6df48c77d77f31597bb0a2bf77af71a8315784130dc8760,0,1.29458,44100,1.0,451,position_only,0.73429,0.0,1.0,,,1.0,,,,,,1.0
gunshot_gunfire__fsd50k__dev__128299__0016__r0__aug1.wav,gunshot_gunfire,FSD50K,128299,freesound:128299,gunshot_gunfire__fsd50k__dev__128299__0016__r0.wav,646d25a34c1bdf6a59fc9a4db9580660a9f734c868c8e1f7850cebef60a9b0b8,c4829e12a5ad7d6d2cc5fdaca4ee69b0a6947ac142844a0122ed73b22c53bc1b,1,1.29458,44100,1.0,451,position_gain,0.287924,4.8783,1.0,,,1.0,,,,,,1.0
gunshot_gunfire__fsd50k__dev__128299__0016__r0__aug2.wav,gunshot_gunfire,FSD50K,128299,freesound:128299,gunshot_gunfire__fsd50k__dev__128299__0016__r0.wav,646d25a34c1bdf6a59fc9a4db9580660a9f734c868c8e1f7850cebef60a9b0b8,e31ac5dc588fce4b5516baf94057f29b3f74deb68314578a71690a81ca8369cd,2,1.29458,44100,1.0,451,position_gain_background,0.447563,-8.0057,1.0,,,1.0,16.3274,0.03150334,3-155568-A-32.wav,keyboard_typing,esc50:155568,1.0
gunshot_gunfire__fsd50k__dev__128299__0016__r0__aug3.wav,gunshot_gunfire,FSD50K,128299,freesound:128299,gunshot_gunfire__fsd50k__dev__128299__0016__r0.wav,646d25a34c1bdf6a59fc9a4db9580660a9f734c868c8e1f7850cebef60a9b0b8,108fba4da0f379b7cb7f1d0cbe6db7cf4ad0c37ba7e4de681a1029ef67bce1f6,3,1.29458,44100,1.0,451,position_filter_background,0.372593,-6.5959,1.0,166.84,6564.745,1.0,11.6051,0.01396585,2-119748-A-38.wav,clock_tick,esc50:119748,1.0
gunshot_gunfire__fsd50k__dev__128299__0016__r0__aug4.wav,gunshot_gunfire,FSD50K,128299,freesound:128299,gunshot_gunfire__fsd50k__dev__128299__0016__r0.wav,646d25a34c1bdf6a59fc9a4db9580660a9f734c868c8e1f7850cebef60a9b0b8,9184acc482f80b6f4b84cd798eff70f85278527613dd337f81543eaf8cdf931c,4,1.29458,44100,1.0,451,position_speed_gain,0.677457,4.5085,1.031066,,,1.0,,,,,,1.0
gunshot_gunfire__fsd50k__dev__128299__0016__r0__aug5.wav,gunshot_gunfire,FSD50K,128299,freesound:128299,gunshot_gunfire__fsd50k__dev__128299__0016__r0.wav,646d25a34c1bdf6a59fc9a4db9580660a9f734c868c8e1f7850cebef60a9b0b8,bc3673335604bbe2a1c3c705f02027a613f3f34e4347966252262fcb16b1016c,5,1.29458,44100,1.0,451,position_compression_background,0.161151,-11.9255,1.0,,,1.20713,20.5582,0.00578371,2-84965-A-23.wav,breathing,esc50:84965,1.0
gunshot_gunfire__fsd50k__dev__128301__0017__r0__aug0.wav,gunshot_gunfire,FSD50K,128301,freesound:128301,gunshot_gunfire__fsd50k__dev__128301__0017__r0.wav,c4dce5ca4736a282d4bcaa8c43bae1f22f33fe95dd4e0c6ade64fc07a5eb2d38,48fe5afadfd908502afc1afa2469aaea51b25acc9e43c14225f04535be7d315f,0,1.29458,44100,1.0,451,position_only,0.433617,0.0,1.0,,,1.0,,,,,,1.0
gunshot_gunfire__fsd50k__dev__128301__0017__r0__aug1.wav,gunshot_gunfire,FSD50K,128301,freesound:128301,gunshot_gunfire__fsd50k__dev__128301__0017__r0.wav,c4dce5ca4736a282d4bcaa8c43bae1f22f33fe95dd4e0c6ade64fc07a5eb2d38,80f8ac58e02eeb9668f37a644df0871ef256e73cbe3c9f7df3e5afa8ef9e8132,1,1.29458,44100,1.0,451,position_gain,0.55603,1.8018,1.0,,,1.0,,,,,,1.0
gunshot_gunfire__fsd50k__dev__128301__0017__r0__aug2.wav,gunshot_gunfire,FSD50K,128301,freesound:128301,gunshot_gunfire__fsd50k__dev__128301__0017__r0.wav,c4dce5ca4736a282d4bcaa8c43bae1f22f33fe95dd4e0c6ade64fc07a5eb2d38,6a373f2e7f332cacbeca935a3588293809088be4d984358677cd82a07cc092a7,2,1.29458,44100,1.0,451,position_gain_background,0.676245,-8.7071,1.0,,,1.0,12.8373,0.01122305,1-62594-A-32.wav,keyboard_typing,esc50:62594,1.0
gunshot_gunfire__fsd50k__dev__128301__0017__r0__aug3.wav,gunshot_gunfire,FSD50K,128301,freesound:128301,gunshot_gunfire__fsd50k__dev__128301__0017__r0.wav,c4dce5ca4736a282d4bcaa8c43bae1f22f33fe95dd4e0c6ade64fc07a5eb2d38,e63d34f83119cb5604abfcec4a824f80e634fd37f6245410709f4163b9cee0b9,3,1.29458,44100,1.0,451,position_filter_background,0.453582,-7.7065,1.0,191.777,7056.916,1.0,11.0066,0.00222864,2-102852-A-11.wav,sea_waves,esc50:102852,1.0
gunshot_gunfire__fsd50k__dev__128301__0017__r0__aug4.wav,gunshot_gunfire,FSD50K,128301,freesound:128301,gunshot_gunfire__fsd50k__dev__128301__0017__r0.wav,c4dce5ca4736a282d4bcaa8c43bae1f22f33fe95dd4e0c6ade64fc07a5eb2d38,b303705d744f582f39df5fe892812de1e48d0514332c5aad50cb8f399732c819,4,1.29458,44100,1.0,451,position_speed_gain,0.177414,-2.1511,1.020594,,,1.0,,,,,,1.0
gunshot_gunfire__fsd50k__dev__128301__0017__r0__aug5.wav,gunshot_gunfire,FSD50K,128301,freesound:128301,gunshot_gunfire__fsd50k__dev__128301__0017__r0.wav,c4dce5ca4736a282d4bcaa8c43bae1f22f33fe95dd4e0c6ade64fc07a5eb2d38,827cd1be9ad25e12bef18d952aa9cd85fff412f0ba53f0df957c86943e928239,5,1.29458,44100,1.0,451,position_compression_background,0.54947,-3.3123,1.0,,,1.2169,21.1947,0.00429345,2-59241-A-35.wav,washing_machine,esc50:59241,1.0
gunshot_gunfire__fsd50k__dev__132551__0018__r0__aug0.wav,gunshot_gunfire,FSD50K,132551,freesound:132551,gunshot_gunfire__fsd50k__dev__132551__0018__r0.wav,099f80d8d5da5c35c54da0f51138f58ccd318780b3309408bd53a1f952a4760b,7d463f6c5a1de14756dea559eae36cdbdf11a2565a8e8b1ea1a04347f540e7ac,0,0.646054,44100,1.0,451,position_only,0.664908,0.0,1.0,,,1.0,,,,,,0.89127814
gunshot_gunfire__fsd50k__dev__132551__0018__r0__aug1.wav,gunshot_gunfire,FSD50K,132551,freesound:132551,gunshot_gunfire__fsd50k__dev__132551__0018__r0.wav,099f80d8d5da5c35c54da0f51138f58ccd318780b3309408bd53a1f952a4760b,c1ff9aa4a480c537ca7eeb0b9f4413cadc50b5ea01b9b94efb286f343261b618,1,0.646054,44100,1.0,451,position_gain,0.755589,-8.7672,1.0,,,1.0,,,,,,1.0
gunshot_gunfire__fsd50k__dev__132551__0018__r0__aug2.wav,gunshot_gunfire,FSD50K,132551,freesound:132551,gunshot_gunfire__fsd50k__dev__132551__0018__r0.wav,099f80d8d5da5c35c54da0f51138f58ccd318780b3309408bd53a1f952a4760b,ab20344cd3a45e51718278a4f43950b167e7c6fa968bb010ee3f499f31941dfd,2,0.646054,44100,1.0,451,position_gain_background,0.776315,-7.329,1.0,,,1.0,23.1407,0.33364932,1-62850-A-38.wav,clock_tick,esc50:62850,1.0
gunshot_gunfire__fsd50k__dev__132551__0018__r0__aug3.wav,gunshot_gunfire,FSD50K,132551,freesound:132551,gunshot_gunfire__fsd50k__dev__132551__0018__r0.wav,099f80d8d5da5c35c54da0f51138f58ccd318780b3309408bd53a1f952a4760b,70fa0512b1e018ba9d9d90076115c53bcda49592f9621ff66daa60882860b255,3,0.646054,44100,1.0,451,position_filter_background,0.55272,-8.4247,1.0,176.924,7482.925,1.0,16.3605,0.29912142,1-35687-A-38.wav,clock_tick,esc50:35687,1.0
gunshot_gunfire__fsd50k__dev__132551__0018__r0__aug4.wav,gunshot_gunfire,FSD50K,132551,freesound:132551,gunshot_gunfire__fsd50k__dev__132551__0018__r0.wav,099f80d8d5da5c35c54da0f51138f58ccd318780b3309408bd53a1f952a4760b,3839b197ef072caa6fdce4c0cabdafa79419a343e277b4eac9fb76ab80c6b633,4,0.646054,44100,1.0,451,position_speed_gain,0.184754,-3.6458,0.967807,,,1.0,,,,,,1.0
gunshot_gunfire__fsd50k__dev__132551__0018__r0__aug5.wav,gunshot_gunfire,FSD50K,132551,freesound:132551,gunshot_gunfire__fsd50k__dev__132551__0018__r0.wav,099f80d8d5da5c35c54da0f51138f58ccd318780b3309408bd53a1f952a4760b,3ba52ec01a72533e99a9cf852bb336d567510df5c92539c42da0283aae50e1b0,5,0.646054,44100,1.0,451,position_compression_background,0.678297,3.661,1.0,,,1.37441,23.9079,1.14460444,2-141584-A-38.wav,clock_tick,esc50:141584,0.79725393
gunshot_gunfire__fsd50k__dev__136766__0019__r0__aug0.wav,gunshot_gunfire,FSD50K,136766,freesound:136766,gunshot_gunfire__fsd50k__dev__136766__0019__r0.wav,d73214c6ebc92f1d253465c65c58b38b7f5f7b9afdd81f6fc9498b455d17c9f4,1087ecc5887dcba897d05be9ff58bb61dceaa613422a4de6868489b3c48491e5,0,0.6261,44100,1.0,451,position_only,0.633327,0.0,1.0,,,1.0,,,,,,0.89125094
gunshot_gunfire__fsd50k__dev__136766__0019__r0__aug1.wav,gunshot_gunfire,FSD50K,136766,freesound:136766,gunshot_gunfire__fsd50k__dev__136766__0019__r0.wav,d73214c6ebc92f1d253465c65c58b38b7f5f7b9afdd81f6fc9498b455d17c9f4,315c0537ea3302da5c2c6218fa29339ee013cc318b637b4f2cefe14837df89f4,1,0.6261,44100,1.0,451,position_gain,0.769309,-9.6527,1.0,,,1.0,,,,,,1.0
gunshot_gunfire__fsd50k__dev__136766__0019__r0__aug2.wav,gunshot_gunfire,FSD50K,136766,freesound:136766,gunshot_gunfire__fsd50k__dev__136766__0019__r0.wav,d73214c6ebc92f1d253465c65c58b38b7f5f7b9afdd81f6fc9498b455d17c9f4,a3bdf354dd5b0dd7d138272bcdb9286a22ad5c61885a799153af1137df943ae8,2,0.6261,44100,1.0,451,position_gain_background,0.483168,2.7144,1.0,,,1.0,12.3216,1.70524201,1-79711-A-32.wav,keyboard_typing,esc50:79711,0.55120852
gunshot_gunfire__fsd50k__dev__136766__0019__r0__aug3.wav,gunshot_gunfire,FSD50K,136766,freesound:136766,gunshot_gunfire__fsd50k__dev__136766__0019__r0.wav,d73214c6ebc92f1d253465c65c58b38b7f5f7b9afdd81f6fc9498b455d17c9f4,25f7491fc07492aa59bef404999a93ba287091e6e26c47ec655cdbcb709cd23e,3,0.6261,44100,1.0,451,position_filter_background,0.213037,-3.6691,1.0,131.243,6040.636,1.0,16.569,0.04333161,1-18631-A-23.wav,breathing,esc50:18631,1.0
gunshot_gunfire__fsd50k__dev__136766__0019__r0__aug4.wav,gunshot_gunfire,FSD50K,136766,freesound:136766,gunshot_gunfire__fsd50k__dev__136766__0019__r0.wav,d73214c6ebc92f1d253465c65c58b38b7f5f7b9afdd81f6fc9498b455d17c9f4,25a93287f5bdcf501f32e3fb80c315bd980b661137cb6f8c390162c38616f109,4,0.6261,44100,1.0,451,position_speed_gain,0.772599,-10.0844,1.029384,,,1.0,,,,,,1.0
gunshot_gunfire__fsd50k__dev__136766__0019__r0__aug5.wav,gunshot_gunfire,FSD50K,136766,freesound:136766,gunshot_gunfire__fsd50k__dev__136766__0019__r0.wav,d73214c6ebc92f1d253465c65c58b38b7f5f7b9afdd81f6fc9498b455d17c9f4,d9301b351aba23451de84f854c0c18ec31ed6f667454c4689ebed71b73d8688a,5,0.6261,44100,1.0,451,position_compression_background,0.280629,-5.4665,1.0,,,1.76941,23.7186,0.00644524,3-155642-A-11.wav,sea_waves,esc50:155642,1.0
gunshot_gunfire__fsd50k__dev__139028__0020__r0__aug0.wav,gunshot_gunfire,FSD50K,139028,freesound:139028,gunshot_gunfire__fsd50k__dev__139028__0020__r0.wav,5ded22b9a6c9d67df52d706a0b97e3baf45d1280bffd0b66312a90df78aab833,6fff8a0762db563f1ad614cdbaf5c591d5878af1480de9c05daa2f2acbe223d2,0,0.132222,44100,1.0,451,position_only,0.746773,0.0,1.0,,,1.0,,,,,,0.89127814
gunshot_gunfire__fsd50k__dev__139028__0020__r0__aug1.wav,gunshot_gunfire,FSD50K,139028,freesound:139028,gunshot_gunfire__fsd50k__dev__139028__0020__r0.wav,5ded22b9a6c9d67df52d706a0b97e3baf45d1280bffd0b66312a90df78aab833,d1d337bb83ca9971ab32da6841a0e48df1b28dd266155ae90fdd7d46f69020f1,1,0.132222,44100,1.0,451,position_gain,0.706019,-11.1985,1.0,,,1.0,,,,,,1.0
gunshot_gunfire__fsd50k__dev__139028__0020__r0__aug2.wav,gunshot_gunfire,FSD50K,139028,freesound:139028,gunshot_gunfire__fsd50k__dev__139028__0020__r0.wav,5ded22b9a6c9d67df52d706a0b97e3baf45d1280bffd0b66312a90df78aab833,eaee1b655a455b2f3b250d17fc749890617ece91a4e88e75bf3c8ef96ea3cd51,2,0.132222,44100,1.0,451,position_gain_background,0.217862,1.3121,1.0,,,1.0,14.3529,0.27869063,1-32373-A-35.wav,washing_machine,esc50:32373,0.71139049
gunshot_gunfire__fsd50k__dev__139028__0020__r0__aug3.wav,gunshot_gunfire,FSD50K,139028,freesound:139028,gunshot_gunfire__fsd50k__dev__139028__0020__r0.wav,5ded22b9a6c9d67df52d706a0b97e3baf45d1280bffd0b66312a90df78aab833,7181ebf55100f2c08ee2621f67a29b308f89b93dbe63a42aaf696d7896ce2954,3,0.132222,44100,1.0,451,position_filter_background,0.655604,-2.7396,1.0,100.97,5906.513,1.0,10.716,0.07917545,3-151269-A-35.wav,washing_machine,esc50:151269,1.0
gunshot_gunfire__fsd50k__dev__139028__0020__r0__aug4.wav,gunshot_gunfire,FSD50K,139028,freesound:139028,gunshot_gunfire__fsd50k__dev__139028__0020__r0.wav,5ded22b9a6c9d67df52d706a0b97e3baf45d1280bffd0b66312a90df78aab833,6cb18f63aefa919b0789c84ba74b645bc3d7f093ccfdf56f5cb6c073fdc89015,4,0.132222,44100,1.0,451,position_speed_gain,0.291728,-8.458,1.02553,,,1.0,,,,,,1.0
gunshot_gunfire__fsd50k__dev__139028__0020__r0__aug5.wav,gunshot_gunfire,FSD50K,139028,freesound:139028,gunshot_gunfire__fsd50k__dev__139028__0020__r0.wav,5ded22b9a6c9d67df52d706a0b97e3baf45d1280bffd0b66312a90df78aab833,df668b0580eca5dd6a27d9dda0afa3b3a61a8d21f2ac92546ea64535b2e7c10f,5,0.132222,44100,1.0,451,position_compression_background,0.310939,-1.1156,1.0,,,1.59399,23.8018,0.23046766,1-28135-B-11.wav,sea_waves,esc50:28135,0.91721331
gunshot_gunfire__fsd50k__dev__145206__0021__r0__aug0.wav,gunshot_gunfire,FSD50K,145206,freesound:145206,gunshot_gunfire__fsd50k__dev__145206__0021__r0.wav,3b4618788f5d55ad7e55a31b991f079bcb762708966a865f85a8e06b92835f23,da251108a0563a31d0fdf196cae2d58afb3fd0d5866ed9a41e3dfcef5ef626d0,0,0.256939,44100,1.0,451,position_only,0.698072,0.0,1.0,,,1.0,,,,,,0.89125094
gunshot_gunfire__fsd50k__dev__145206__0021__r0__aug1.wav,gunshot_gunfire,FSD50K,145206,freesound:145206,gunshot_gunfire__fsd50k__dev__145206__0021__r0.wav,3b4618788f5d55ad7e55a31b991f079bcb762708966a865f85a8e06b92835f23,1cdb4c6d06c5dc89c3f47b24f55389aae6ffaefe12ba64c26eb449c5ab5803f6,1,0.256939,44100,1.0,451,position_gain,0.460471,-10.5061,1.0,,,1.0,,,,,,1.0
gunshot_gunfire__fsd50k__dev__145206__0021__r0__aug2.wav,gunshot_gunfire,FSD50K,145206,freesound:145206,gunshot_gunfire__fsd50k__dev__145206__0021__r0.wav,3b4618788f5d55ad7e55a31b991f079bcb762708966a865f85a8e06b92835f23,41e548b50cd714bcea344f994f5eb1810d3a41049b6d1afbb986f3218fa66a87,2,0.256939,44100,1.0,451,position_gain_background,0.206867,4.843,1.0,,,1.0,21.1734,0.490543,3-164120-A-11.wav,sea_waves,esc50:164120,0.49397746
gunshot_gunfire__fsd50k__dev__145206__0021__r0__aug3.wav,gunshot_gunfire,FSD50K,145206,freesound:145206,gunshot_gunfire__fsd50k__dev__145206__0021__r0.wav,3b4618788f5d55ad7e55a31b991f079bcb762708966a865f85a8e06b92835f23,f7b499e3a6f2fa836d8def20cfc18cfb01848024f6f01780769832b28ad329df,3,0.256939,44100,1.0,451,position_filter_background,0.471916,-5.4103,1.0,105.876,7234.886,1.0,23.687,1.63962502,2-127108-A-38.wav,clock_tick,esc50:127108,0.90556727
gunshot_gunfire__fsd50k__dev__145206__0021__r0__aug4.wav,gunshot_gunfire,FSD50K,145206,freesound:145206,gunshot_gunfire__fsd50k__dev__145206__0021__r0.wav,3b4618788f5d55ad7e55a31b991f079bcb762708966a865f85a8e06b92835f23,1120afb5f7df221ecf6e833d2c2741f6793f3a9c1839522b8fb5b1ef7131f2d9,4,0.256939,44100,1.0,451,position_speed_gain,0.413711,-5.1121,0.985257,,,1.0,,,,,,1.0
gunshot_gunfire__fsd50k__dev__145206__0021__r0__aug5.wav,gunshot_gunfire,FSD50K,145206,freesound:145206,gunshot_gunfire__fsd50k__dev__145206__0021__r0.wav,3b4618788f5d55ad7e55a31b991f079bcb762708966a865f85a8e06b92835f23,77b143a6531e6b1a8f86d8bff389f4d3e4bac0f911980a5bc7752c041b3cd472,5,0.256939,44100,1.0,451,position_compression_background,0.468133,4.8608,1.0,,,1.70678,14.6793,6.51188651,1-137-A-32.wav,keyboard_typing,esc50:137,0.83445035
gunshot_gunfire__fsd50k__dev__145580__0022__r0__aug0.wav,gunshot_gunfire,FSD50K,145580,freesound:145580,gunshot_gunfire__fsd50k__dev__145580__0022__r0.wav,19f658f22ecb781d361c5e17e5d55571a8ed9af1d665373e42ccf811ae79727a,7d3ec56285ab36c3c8ab6a42035629e4a9a11937fa2185e1bbd644f541d82d53,0,1.703651,44100,1.0,451,position_only,0.657812,0.0,1.0,,,1.0,,,,,,0.89125094
gunshot_gunfire__fsd50k__dev__145580__0022__r0__aug1.wav,gunshot_gunfire,FSD50K,145580,freesound:145580,gunshot_gunfire__fsd50k__dev__145580__0022__r0.wav,19f658f22ecb781d361c5e17e5d55571a8ed9af1d665373e42ccf811ae79727a,9c06e6cd275aa806c60a1bb95a1db35662631dc03e21d8d9f597d594063ecaab,1,1.703651,44100,1.0,451,position_gain,0.445512,-7.2121,1.0,,,1.0,,,,,,1.0
gunshot_gunfire__fsd50k__dev__145580__0022__r0__aug2.wav,gunshot_gunfire,FSD50K,145580,freesound:145580,gunshot_gunfire__fsd50k__dev__145580__0022__r0.wav,19f658f22ecb781d361c5e17e5d55571a8ed9af1d665373e42ccf811ae79727a,33b0f51f0f98da52e61cc36f884ae385bdc8520bd83bffd0284b4b30c0e8554e,2,1.703651,44100,1.0,451,position_gain_background,0.491132,-4.9862,1.0,,,1.0,23.817,0.1026408,1-27165-A-35.wav,washing_machine,esc50:27165,1.0
gunshot_gunfire__fsd50k__dev__145580__0022__r0__aug3.wav,gunshot_gunfire,FSD50K,145580,freesound:145580,gunshot_gunfire__fsd50k__dev__145580__0022__r0.wav,19f658f22ecb781d361c5e17e5d55571a8ed9af1d665373e42ccf811ae79727a,62c2b327a9f0d95595bdec80cd151e2552559ed0556f122b842db6d9b19e171d,3,1.703651,44100,1.0,451,position_filter_background,0.434691,-6.7546,1.0,134.341,5517.402,1.0,22.55,0.13126735,1-28135-B-11.wav,sea_waves,esc50:28135,1.0
gunshot_gunfire__fsd50k__dev__145580__0022__r0__aug4.wav,gunshot_gunfire,FSD50K,145580,freesound:145580,gunshot_gunfire__fsd50k__dev__145580__0022__r0.wav,19f658f22ecb781d361c5e17e5d55571a8ed9af1d665373e42ccf811ae79727a,9fb83220a201e3c2e9968288910e7d204af8dc2d2d999c6279caf6c8fa939891,4,1.703651,44100,1.0,451,position_speed_gain,0.273961,1.561,1.009992,,,1.0,,,,,,0.73790014
gunshot_gunfire__fsd50k__dev__145580__0022__r0__aug5.wav,gunshot_gunfire,FSD50K,145580,freesound:145580,gunshot_gunfire__fsd50k__dev__145580__0022__r0.wav,19f658f22ecb781d361c5e17e5d55571a8ed9af1d665373e42ccf811ae79727a,ed8ee0cfcf20d92b91971b71c76129d27a2d0c5a27c2aa364db148aa55cf9737,5,1.703651,44100,1.0,451,position_compression_background,0.164111,-2.0642,1.0,,,1.49013,21.0057,0.90279561,2-84965-A-23.wav,breathing,esc50:84965,0.94839019
gunshot_gunfire__fsd50k__dev__145609__0023__r0__aug0.wav,gunshot_gunfire,FSD50K,145609,freesound:145609,gunshot_gunfire__fsd50k__dev__145609__0023__r0.wav,82467cc75b898191f4eeb608b03d8b3ad8ede35445caaa6350d1dedc530a4703,13f93e257a2aed5e282cf12d63c94565f2c96bb5fb31fcd2c0fc06529778e409,0,2.002971,44100,1.0,451,position_only,0.61033,0.0,1.0,,,1.0,,,,,,0.89125094
gunshot_gunfire__fsd50k__dev__145609__0023__r0__aug1.wav,gunshot_gunfire,FSD50K,145609,freesound:145609,gunshot_gunfire__fsd50k__dev__145609__0023__r0.wav,82467cc75b898191f4eeb608b03d8b3ad8ede35445caaa6350d1dedc530a4703,797e3128056d5e625105e922ab297db5bbbc170ced0d49adec9e1392af7766da,1,2.002971,44100,1.0,451,position_gain,0.680776,-5.6069,1.0,,,1.0,,,,,,1.0
gunshot_gunfire__fsd50k__dev__145609__0023__r0__aug2.wav,gunshot_gunfire,FSD50K,145609,freesound:145609,gunshot_gunfire__fsd50k__dev__145609__0023__r0.wav,82467cc75b898191f4eeb608b03d8b3ad8ede35445caaa6350d1dedc530a4703,fc6931e7a3e7b2062787538a056e724a8dba9652547a34d615053b3a89a0fdea,2,2.002971,44100,1.0,451,position_gain_background,0.446544,-0.3847,1.0,,,1.0,19.091,1.63211176,3-170377-A-38.wav,clock_tick,esc50:170377,0.92837218
gunshot_gunfire__fsd50k__dev__145609__0023__r0__aug3.wav,gunshot_gunfire,FSD50K,145609,freesound:145609,gunshot_gunfire__fsd50k__dev__145609__0023__r0.wav,82467cc75b898191f4eeb608b03d8b3ad8ede35445caaa6350d1dedc530a4703,d36abb3e0c7b606c4f91fac1d3dd635476c2315274598365a254b17d8257a548,3,2.002971,44100,1.0,451,position_filter_background,0.753536,-5.0699,1.0,178.266,6304.674,1.0,17.7762,0.05028494,3-188726-A-35.wav,washing_machine,esc50:188726,1.0
gunshot_gunfire__fsd50k__dev__145609__0023__r0__aug4.wav,gunshot_gunfire,FSD50K,145609,freesound:145609,gunshot_gunfire__fsd50k__dev__145609__0023__r0.wav,82467cc75b898191f4eeb608b03d8b3ad8ede35445caaa6350d1dedc530a4703,b5f7f6e58530fbd4576deaee9fb8da34c3d98292eea9e28b97372f15d928a205,4,2.002971,44100,1.0,451,position_speed_gain,0.321265,-5.8831,1.022484,,,1.0,,,,,,1.0
gunshot_gunfire__fsd50k__dev__145609__0023__r0__aug5.wav,gunshot_gunfire,FSD50K,145609,freesound:145609,gunshot_gunfire__fsd50k__dev__145609__0023__r0.wav,82467cc75b898191f4eeb608b03d8b3ad8ede35445caaa6350d1dedc530a4703,2372ca7c102a081c2013a6d2ca3d7c50165e23e50afa41e70fcbc46096f08f63,5,2.002971,44100,1.0,451,position_compression_background,0.734453,2.2181,1.0,,,1.62267,11.6734,0.5964804,2-121909-A-35.wav,washing_machine,esc50:121909,0.83908378
gunshot_gunfire__fsd50k__dev__148828__0024__r0__aug0.wav,gunshot_gunfire,FSD50K,148828,freesound:148828,gunshot_gunfire__fsd50k__dev__148828__0024__r0.wav,bdf7dd38d1f99ebcaf1d66ac71ad6f2d11bef668b270bb3303c7da19f3e55538,2722b9a75b5ccd5c6b80ddc1f4ef79a3fdcda33e86c003d112072c2b9caa7bcf,0,3.389819,44100,1.0,451,position_only,0.617153,0.0,1.0,,,1.0,,,,,,1.0
gunshot_gunfire__fsd50k__dev__148828__0024__r0__aug1.wav,gunshot_gunfire,FSD50K,148828,freesound:148828,gunshot_gunfire__fsd50k__dev__148828__0024__r0.wav,bdf7dd38d1f99ebcaf1d66ac71ad6f2d11bef668b270bb3303c7da19f3e55538,56a76946a2598a26255f134f3014c535a29c6e2ff21cd57ec45c908d2fa1b1d4,1,3.389819,44100,1.0,451,position_gain,0.417296,-4.5413,1.0,,,1.0,,,,,,1.0
gunshot_gunfire__fsd50k__dev__148828__0024__r0__aug2.wav,gunshot_gunfire,FSD50K,148828,freesound:148828,gunshot_gunfire__fsd50k__dev__148828__0024__r0.wav,bdf7dd38d1f99ebcaf1d66ac71ad6f2d11bef668b270bb3303c7da19f3e55538,5482d2fc3021906852a4889eed7befd829f7c933d8953d4b87fe4147a1e0c363,2,3.389819,44100,1.0,451,position_gain_background,0.766614,-6.2519,1.0,,,1.0,22.9377,0.16001754,2-99795-A-32.wav,keyboard_typing,esc50:99795,1.0
gunshot_gunfire__fsd50k__dev__148828__0024__r0__aug3.wav,gunshot_gunfire,FSD50K,148828,freesound:148828,gunshot_gunfire__fsd50k__dev__148828__0024__r0.wav,bdf7dd38d1f99ebcaf1d66ac71ad6f2d11bef668b270bb3303c7da19f3e55538,8af9b7402f525d61828eca9bab4ed1853acc8a6204f08403801bf732a5dda632,3,3.389819,44100,1.0,451,position_filter_background,0.192038,-4.008,1.0,255.31,7662.831,1.0,14.8666,0.0121357,2-124662-A-11.wav,sea_waves,esc50:124662,1.0
gunshot_gunfire__fsd50k__dev__148828__0024__r0__aug4.wav,gunshot_gunfire,FSD50K,148828,freesound:148828,gunshot_gunfire__fsd50k__dev__148828__0024__r0.wav,bdf7dd38d1f99ebcaf1d66ac71ad6f2d11bef668b270bb3303c7da19f3e55538,c8d24aaa5494234cbd834c10307a4875c4f918a1e793e211399cbe116ce88fff,4,3.389819,44100,1.0,451,position_speed_gain,0.513629,-10.7667,1.022365,,,1.0,,,,,,1.0
gunshot_gunfire__fsd50k__dev__148828__0024__r0__aug5.wav,gunshot_gunfire,FSD50K,148828,freesound:148828,gunshot_gunfire__fsd50k__dev__148828__0024__r0.wav,bdf7dd38d1f99ebcaf1d66ac71ad6f2d11bef668b270bb3303c7da19f3e55538,c85adc375b262729b859c02df3859fe3170099fdd486e59c81caccc12f70f269,5,3.389819,44100,1.0,451,position_compression_background,0.411159,-3.0132,1.0,,,1.49407,14.4444,0.0438122,1-42139-A-38.wav,clock_tick,esc50:42139,1.0
gunshot_gunfire__fsd50k__dev__148831__0025__r0__aug0.wav,gunshot_gunfire,FSD50K,148831,freesound:148831,gunshot_gunfire__fsd50k__dev__148831__0025__r0.wav,3a006056e431e62ef9e371cbe6d5844c372356d59232c93113987a6b74cd7e3a,4ded5df9302bcdd875afc8fc2b6dc1699c1f446b65f2103e016df1b6034bb39b,0,0.022472,44100,1.0,451,position_only,0.255138,0.0,1.0,,,1.0,,,,,,0.89125094
gunshot_gunfire__fsd50k__dev__148831__0025__r0__aug1.wav,gunshot_gunfire,FSD50K,148831,freesound:148831,gunshot_gunfire__fsd50k__dev__148831__0025__r0.wav,3a006056e431e62ef9e371cbe6d5844c372356d59232c93113987a6b74cd7e3a,6812e64b2731efa8a1248dd5a5b4d7b7a8ed179cf236e48ba03a44dc5b3fa1fc,1,0.022472,44100,1.0,451,position_gain,0.295002,2.2155,1.0,,,1.0,,,,,,0.69060006
gunshot_gunfire__fsd50k__dev__148831__0025__r0__aug2.wav,gunshot_gunfire,FSD50K,148831,freesound:148831,gunshot_gunfire__fsd50k__dev__148831__0025__r0.wav,3a006056e431e62ef9e371cbe6d5844c372356d59232c93113987a6b74cd7e3a,7fbb3de7b1d6ed8d6917e4853aa376b83a87923603c7977ec63f4c32f89bee69,2,0.022472,44100,1.0,451,position_gain_background,0.683038,-3.7244,1.0,,,1.0,12.2915,1.18386074,2-119748-A-38.wav,clock_tick,esc50:119748,1.0
gunshot_gunfire__fsd50k__dev__148831__0025__r0__aug3.wav,gunshot_gunfire,FSD50K,148831,freesound:148831,gunshot_gunfire__fsd50k__dev__148831__0025__r0.wav,3a006056e431e62ef9e371cbe6d5844c372356d59232c93113987a6b74cd7e3a,2f3d8540249eec07beaa1bae32496ade6fe06b6306bd2542ef4da8f74959875d,3,0.022472,44100,1.0,451,position_filter_background,0.201741,4.3967,1.0,248.877,5844.635,1.0,20.7368,7.40813476,3-125548-A-32.wav,keyboard_typing,esc50:125548,0.35842823
gunshot_gunfire__fsd50k__dev__148831__0025__r0__aug4.wav,gunshot_gunfire,FSD50K,148831,freesound:148831,gunshot_gunfire__fsd50k__dev__148831__0025__r0.wav,3a006056e431e62ef9e371cbe6d5844c372356d59232c93113987a6b74cd7e3a,0f44211a883758bfa644659189336fc1e57f5c7705db7660653e9be4f4c2691e,4,0.022472,44100,1.0,451,position_speed_gain,0.763319,-6.4631,1.027593,,,1.0,,,,,,1.0
gunshot_gunfire__fsd50k__dev__148831__0025__r0__aug5.wav,gunshot_gunfire,FSD50K,148831,freesound:148831,gunshot_gunfire__fsd50k__dev__148831__0025__r0.wav,3a006056e431e62ef9e371cbe6d5844c372356d59232c93113987a6b74cd7e3a,f355b25d882411d7be735deb090e431054915dcdcf68b20e36a2f978ec898966,5,0.022472,44100,1.0,451,position_compression_background,0.658333,-10.1186,1.0,,,1.29027,22.8179,0.18224252,1-49098-A-35.wav,washing_machine,esc50:49098,1.0
gunshot_gunfire__fsd50k__dev__148832__0026__r0__aug0.wav,gunshot_gunfire,FSD50K,148832,freesound:148832,gunshot_gunfire__fsd50k__dev__148832__0026__r0.wav,b577e90072e3ab8d1a75146e79557b90f08eb70662e8f26ee7e7094c6c1da378,e8283bae979af36a8093ef8ecb0c282297b00324b9d8f0e9b501773b63136c6b,0,2.122698,44100,1.0,451,position_only,0.685412,0.0,1.0,,,1.0,,,,,,1.0
gunshot_gunfire__fsd50k__dev__148832__0026__r0__aug1.wav,gunshot_gunfire,FSD50K,148832,freesound:148832,gunshot_gunfire__fsd50k__dev__148832__0026__r0.wav,b577e90072e3ab8d1a75146e79557b90f08eb70662e8f26ee7e7094c6c1da378,46953c3d24a910898bff48ed1f704370a818ca26c94fdcf97f6635cea536b7ac,1,2.122698,44100,1.0,451,position_gain,0.673597,-8.5183,1.0,,,1.0,,,,,,1.0
gunshot_gunfire__fsd50k__dev__148832__0026__r0__aug2.wav,gunshot_gunfire,FSD50K,148832,freesound:148832,gunshot_gunfire__fsd50k__dev__148832__0026__r0.wav,b577e90072e3ab8d1a75146e79557b90f08eb70662e8f26ee7e7094c6c1da378,5a694a4ccf4fc6e9b3e71f8b1275b9e60cf270779e0de91855fbb18cce7155b2,2,2.122698,44100,1.0,451,position_gain_background,0.673239,-6.2154,1.0,,,1.0,10.9549,0.04678209,2-104168-A-32.wav,keyboard_typing,esc50:104168,1.0
gunshot_gunfire__fsd50k__dev__148832__0026__r0__aug3.wav,gunshot_gunfire,FSD50K,148832,freesound:148832,gunshot_gunfire__fsd50k__dev__148832__0026__r0.wav,b577e90072e3ab8d1a75146e79557b90f08eb70662e8f26ee7e7094c6c1da378,acbae5e8703b67a536f3cacc6e7425f03b41e9d70fe4c2cda1f45cf15f8345d4,3,2.122698,44100,1.0,451,position_filter_background,0.464301,1.8705,1.0,154.826,7500.86,1.0,22.9261,0.00131542,2-155801-A-11.wav,sea_waves,esc50:155801,1.0
gunshot_gunfire__fsd50k__dev__148832__0026__r0__aug4.wav,gunshot_gunfire,FSD50K,148832,freesound:148832,gunshot_gunfire__fsd50k__dev__148832__0026__r0.wav,b577e90072e3ab8d1a75146e79557b90f08eb70662e8f26ee7e7094c6c1da378,858bad05a411ff32e8819f44a86b48cc0e2223d13363765391e760cff7007091,4,2.122698,44100,1.0,451,position_speed_gain,0.653592,-3.986,1.017092,,,1.0,,,,,,1.0
gunshot_gunfire__fsd50k__dev__148832__0026__r0__aug5.wav,gunshot_gunfire,FSD50K,148832,freesound:148832,gunshot_gunfire__fsd50k__dev__148832__0026__r0.wav,b577e90072e3ab8d1a75146e79557b90f08eb70662e8f26ee7e7094c6c1da378,0411863187e5420768ac599ca5c4a4e341a88e1fb0a24389e45696dfabfad07a,5,2.122698,44100,1.0,451,position_compression_background,0.752944,-10.0353,1.0,,,1.2653,12.839,0.00495045,1-28135-B-11.wav,sea_waves,esc50:28135,1.0
gunshot_gunfire__fsd50k__dev__148836__0027__r0__aug0.wav,gunshot_gunfire,FSD50K,148836,freesound:148836,gunshot_gunfire__fsd50k__dev__148836__0027__r0.wav,5b0857a8fb9717d0351b590bd043991f1b1b25e9f5d844b45b7e86d3e018603f,881920a30750873f7f57359057d19fef31836c35a201a2530d9ad17c6fed32f4,0,1.339478,44100,1.0,451,position_only,0.685778,0.0,1.0,,,1.0,,,,,,1.0
gunshot_gunfire__fsd50k__dev__148836__0027__r0__aug1.wav,gunshot_gunfire,FSD50K,148836,freesound:148836,gunshot_gunfire__fsd50k__dev__148836__0027__r0.wav,5b0857a8fb9717d0351b590bd043991f1b1b25e9f5d844b45b7e86d3e018603f,1fff7579f16e1ccd4430bcf1f17b19032d6b2392ad0fd414d61f6abeb8add116,1,1.339478,44100,1.0,451,position_gain,0.239755,-1.6798,1.0,,,1.0,,,,,,1.0
gunshot_gunfire__fsd50k__dev__148836__0027__r0__aug2.wav,gunshot_gunfire,FSD50K,148836,freesound:148836,gunshot_gunfire__fsd50k__dev__148836__0027__r0.wav,5b0857a8fb9717d0351b590bd043991f1b1b25e9f5d844b45b7e86d3e018603f,881bf7a1857004afb9ba86f44f428fcf8bc4739c687d7e9e477df89055b780ea,2,1.339478,44100,1.0,451,position_gain_background,0.245811,-10.9521,1.0,,,1.0,18.5453,0.5077541,1-35687-A-38.wav,clock_tick,esc50:35687,1.0
gunshot_gunfire__fsd50k__dev__148836__0027__r0__aug3.wav,gunshot_gunfire,FSD50K,148836,freesound:148836,gunshot_gunfire__fsd50k__dev__148836__0027__r0.wav,5b0857a8fb9717d0351b590bd043991f1b1b25e9f5d844b45b7e86d3e018603f,dcdd6bc027dbc9205e1b8efdc2401765e810109526cbb28d3acc4cea5f08028a,3,1.339478,44100,1.0,451,position_filter_background,0.31843,-7.1345,1.0,118.839,7659.923,1.0,22.5089,0.02523588,1-28135-A-11.wav,sea_waves,esc50:28135,1.0
gunshot_gunfire__fsd50k__dev__148836__0027__r0__aug4.wav,gunshot_gunfire,FSD50K,148836,freesound:148836,gunshot_gunfire__fsd50k__dev__148836__0027__r0.wav,5b0857a8fb9717d0351b590bd043991f1b1b25e9f5d844b45b7e86d3e018603f,fa5b5d46ce91c0b162dfa7dc4818638c0a76cb0859d425ab57583d89868e8dcf,4,1.339478,44100,1.0,451,position_speed_gain,0.460055,-3.4724,1.00109,,,1.0,,,,,,1.0
gunshot_gunfire__fsd50k__dev__148836__0027__r0__aug5.wav,gunshot_gunfire,FSD50K,148836,freesound:148836,gunshot_gunfire__fsd50k__dev__148836__0027__r0.wav,5b0857a8fb9717d0351b590bd043991f1b1b25e9f5d844b45b7e86d3e018603f,a37337d605f69af72de9538866e4a55789f0f83ee0a869b346f62e39315535e3,5,1.339478,44100,1.0,451,position_compression_background,0.232782,1.4856,1.0,,,1.7546,15.4204,0.44012767,2-50774-A-23.wav,breathing,esc50:50774,0.86308082
gunshot_gunfire__fsd50k__dev__148837__0028__r0__aug0.wav,gunshot_gunfire,FSD50K,148837,freesound:148837,gunshot_gunfire__fsd50k__dev__148837__0028__r0.wav,21c74b255bd13004b8fdf305b25499bc381087935bab0bf4c746c496d217a69c,ba15da0ef37cc69f5a1b113466a805bfc6224371a163fb9630250cc779a83ec7,0,1.578934,44100,1.0,451,position_only,0.370577,0.0,1.0,,,1.0,,,,,,0.89125094
gunshot_gunfire__fsd50k__dev__148837__0028__r0__aug1.wav,gunshot_gunfire,FSD50K,148837,freesound:148837,gunshot_gunfire__fsd50k__dev__148837__0028__r0.wav,21c74b255bd13004b8fdf305b25499bc381087935bab0bf4c746c496d217a69c,1039151eea9eb751ecd19f6f67864ec0a44eaf96ea8c99aa7b7519620df6f4ef,1,1.578934,44100,1.0,451,position_gain,0.293964,-10.9913,1.0,,,1.0,,,,,,1.0
gunshot_gunfire__fsd50k__dev__148837__0028__r0__aug2.wav,gunshot_gunfire,FSD50K,148837,freesound:148837,gunshot_gunfire__fsd50k__dev__148837__0028__r0.wav,21c74b255bd13004b8fdf305b25499bc381087935bab0bf4c746c496d217a69c,47bc5dc3dc36e272552e2bea8d5e341a62ebe49f042c191c1c55348e53b48502,2,1.578934,44100,1.0,451,position_gain_background,0.387703,-9.9741,1.0,,,1.0,15.439,0.05595732,2-121909-A-35.wav,washing_machine,esc50:121909,1.0
gunshot_gunfire__fsd50k__dev__148837__0028__r0__aug3.wav,gunshot_gunfire,FSD50K,148837,freesound:148837,gunshot_gunfire__fsd50k__dev__148837__0028__r0.wav,21c74b255bd13004b8fdf305b25499bc381087935bab0bf4c746c496d217a69c,b2d2ad546c59c5d6596d38b041501f8fc4496c1e6056ccce4762c1ee55823aa9,3,1.578934,44100,1.0,451,position_filter_background,0.424631,-1.0926,1.0,181.912,6253.746,1.0,11.0738,0.52992524,2-82455-A-23.wav,breathing,esc50:82455,0.58858915
gunshot_gunfire__fsd50k__dev__148837__0028__r0__aug4.wav,gunshot_gunfire,FSD50K,148837,freesound:148837,gunshot_gunfire__fsd50k__dev__148837__0028__r0.wav,21c74b255bd13004b8fdf305b25499bc381087935bab0bf4c746c496d217a69c,b0f04937dd7199199f64dcb34d5f2f07ba918f38730dbc60c3e8a93d1b0a9adc,4,1.578934,44100,1.0,451,position_speed_gain,0.196026,4.0016,0.982173,,,1.0,,,,,,0.55570688
gunshot_gunfire__fsd50k__dev__148837__0028__r0__aug5.wav,gunshot_gunfire,FSD50K,148837,freesound:148837,gunshot_gunfire__fsd50k__dev__148837__0028__r0.wav,21c74b255bd13004b8fdf305b25499bc381087935bab0bf4c746c496d217a69c,41331b3bd41f2bd58a168ff98d2b7e9ca85cd6dfa58c50d74b4306b830e48fac,5,1.578934,44100,1.0,451,position_compression_background,0.724224,-1.812,1.0,,,1.42341,10.8468,5.44890487,3-166125-A-23.wav,breathing,esc50:166125,0.96342773
gunshot_gunfire__fsd50k__dev__148838__0029__r0__aug0.wav,gunshot_gunfire,FSD50K,148838,freesound:148838,gunshot_gunfire__fsd50k__dev__148838__0029__r0.wav,770d4c7d7acec7c93b4bc8d5472c82b6b80df09bfcaaaf11440869f8e557ae56,d2eac35775cd0108e7f312fe4e03b8f6593b2bf60af1435d187917d895a9cc3f,0,2.586644,44100,1.0,451,position_only,0.243076,0.0,1.0,,,1.0,,,,,,0.89125094
gunshot_gunfire__fsd50k__dev__148838__0029__r0__aug1.wav,gunshot_gunfire,FSD50K,148838,freesound:148838,gunshot_gunfire__fsd50k__dev__148838__0029__r0.wav,770d4c7d7acec7c93b4bc8d5472c82b6b80df09bfcaaaf11440869f8e557ae56,ade5b2bbc4060abfbc05c6902eeb5110814c72d082539a77d44e099e11a2a26c,1,2.586644,44100,1.0,451,position_gain,0.554066,3.1482,1.0,,,1.0,,,,,,0.62028079
gunshot_gunfire__fsd50k__dev__148838__0029__r0__aug2.wav,gunshot_gunfire,FSD50K,148838,freesound:148838,gunshot_gunfire__fsd50k__dev__148838__0029__r0.wav,770d4c7d7acec7c93b4bc8d5472c82b6b80df09bfcaaaf11440869f8e557ae56,0f3143fe5b6d2967ad02fca1b401f6d956529d77ffca3854a7d7da2ee670c20d,2,2.586644,44100,1.0,451,position_gain_background,0.205748,-6.0438,1.0,,,1.0,23.5969,1.64859623,3-153444-A-32.wav,keyboard_typing,esc50:153444,1.0
gunshot_gunfire__fsd50k__dev__148838__0029__r0__aug3.wav,gunshot_gunfire,FSD50K,148838,freesound:148838,gunshot_gunfire__fsd50k__dev__148838__0029__r0.wav,770d4c7d7acec7c93b4bc8d5472c82b6b80df09bfcaaaf11440869f8e557ae56,d00659eb5051440b72ba925d978820477fac4025df7d00a61d122d535eee68a5,3,2.586644,44100,1.0,451,position_filter_background,0.311074,-0.8692,1.0,94.418,7501.411,1.0,19.0572,0.11609777,1-30709-A-23.wav,breathing,esc50:30709,0.5975241
gunshot_gunfire__fsd50k__dev__148838__0029__r0__aug4.wav,gunshot_gunfire,FSD50K,148838,freesound:148838,gunshot_gunfire__fsd50k__dev__148838__0029__r0.wav,770d4c7d7acec7c93b4bc8d5472c82b6b80df09bfcaaaf11440869f8e557ae56,914dd09b9d8ea276439aa52192ff4b1ade9c8b4c384100db2ddb0506985a2705,4,2.586644,44100,1.0,451,position_speed_gain,0.426844,-11.815,0.996864,,,1.0,,,,,,1.0
gunshot_gunfire__fsd50k__dev__148838__0029__r0__aug5.wav,gunshot_gunfire,FSD50K,148838,freesound:148838,gunshot_gunfire__fsd50k__dev__148838__0029__r0.wav,770d4c7d7acec7c93b4bc8d5472c82b6b80df09bfcaaaf11440869f8e557ae56,b9f52a9e84246e84f73db29591ad7f9925256c979042af7ff358f45fadab872b,5,2.586644,44100,1.0,451,position_compression_background,0.365224,-6.9244,1.0,,,1.71959,21.9536,0.06407197,3-164120-A-11.wav,sea_waves,esc50:164120,1.0
gunshot_gunfire__fsd50k__dev__151065__0030__r0__aug0.wav,gunshot_gunfire,FSD50K,151065,freesound:151065,gunshot_gunfire__fsd50k__dev__151065__0030__r0.wav,fd5502e4eba52c230d7b69f9023b53835426f25dce27d2c3ca861cd06e4e8c30,15e9780fcd91a7833d47c58ebf7969c2939c8ad0a906d55c57a3d3c50f5edcec,0,0.895488,44100,1.0,451,position_only,0.564652,0.0,1.0,,,1.0,,,,,,1.0
gunshot_gunfire__fsd50k__dev__151065__0030__r0__aug1.wav,gunshot_gunfire,FSD50K,151065,freesound:151065,gunshot_gunfire__fsd50k__dev__151065__0030__r0.wav,fd5502e4eba52c230d7b69f9023b53835426f25dce27d2c3ca861cd06e4e8c30,4473e243d962956f0087509e8165660165dfdade20a05c03e84a659d246a7b90,1,0.895488,44100,1.0,451,position_gain,0.373445,-8.4806,1.0,,,1.0,,,,,,1.0
gunshot_gunfire__fsd50k__dev__151065__0030__r0__aug2.wav,gunshot_gunfire,FSD50K,151065,freesound:151065,gunshot_gunfire__fsd50k__dev__151065__0030__r0.wav,fd5502e4eba52c230d7b69f9023b53835426f25dce27d2c3ca861cd06e4e8c30,31051ebf9936c449eaf6b2e1d7f050a37f655e9fce4d09434fc877f5922a711f,2,0.895488,44100,1.0,451,position_gain_background,0.306766,4.8767,1.0,,,1.0,21.1997,0.4290049,3-150363-A-38.wav,clock_tick,esc50:150363,1.0
gunshot_gunfire__fsd50k__dev__151065__0030__r0__aug3.wav,gunshot_gunfire,FSD50K,151065,freesound:151065,gunshot_gunfire__fsd50k__dev__151065__0030__r0.wav,fd5502e4eba52c230d7b69f9023b53835426f25dce27d2c3ca861cd06e4e8c30,b00efa94b2bd15931d874676bd76a7201539eaef0700e03eb6eefaa421dfcc7d,3,0.895488,44100,1.0,451,position_filter_background,0.747119,3.6948,1.0,237.133,6761.56,1.0,21.8808,0.16551342,2-155801-A-11.wav,sea_waves,esc50:155801,1.0
gunshot_gunfire__fsd50k__dev__151065__0030__r0__aug4.wav,gunshot_gunfire,FSD50K,151065,freesound:151065,gunshot_gunfire__fsd50k__dev__151065__0030__r0.wav,fd5502e4eba52c230d7b69f9023b53835426f25dce27d2c3ca861cd06e4e8c30,509f698e571b635768ba17534b6a9d59fba9bd6a34f1bacc9500d9e5d9b10f19,4,0.895488,44100,1.0,451,position_speed_gain,0.664853,2.9417,1.002569,,,1.0,,,,,,1.0
gunshot_gunfire__fsd50k__dev__151065__0030__r0__aug5.wav,gunshot_gunfire,FSD50K,151065,freesound:151065,gunshot_gunfire__fsd50k__dev__151065__0030__r0.wav,fd5502e4eba52c230d7b69f9023b53835426f25dce27d2c3ca861cd06e4e8c30,b8e68c2ac55c4ed106613d0b34aceabef47a10523b485572f025ed3b55b2bb80,5,0.895488,44100,1.0,451,position_compression_background,0.496036,-6.0412,1.0,,,1.20702,22.1543,0.00628232,2-102567-D-35.wav,washing_machine,esc50:102567,1.0
gunshot_gunfire__fsd50k__dev__151066__0031__r0__aug0.wav,gunshot_gunfire,FSD50K,151066,freesound:151066,gunshot_gunfire__fsd50k__dev__151066__0031__r0.wav,03a482aaa183633503a62f862b2938ddce1b83d72c2f12279da154816d2b1fea,751afa5a315d74000139397e337617d63addccca071a27b730f565f0ca2a0d10,0,0.052404,44100,1.0,451,position_only,0.469333,0.0,1.0,,,1.0,,,,,,1.0
gunshot_gunfire__fsd50k__dev__151066__0031__r0__aug1.wav,gunshot_gunfire,FSD50K,151066,freesound:151066,gunshot_gunfire__fsd50k__dev__151066__0031__r0.wav,03a482aaa183633503a62f862b2938ddce1b83d72c2f12279da154816d2b1fea,d0733da865076b2cadfa0f8b97504f40dc10e08d344fe20f4a0e8faa79c1d545,1,0.052404,44100,1.0,451,position_gain,0.681714,-3.2379,1.0,,,1.0,,,,,,1.0
gunshot_gunfire__fsd50k__dev__151066__0031__r0__aug2.wav,gunshot_gunfire,FSD50K,151066,freesound:151066,gunshot_gunfire__fsd50k__dev__151066__0031__r0.wav,03a482aaa183633503a62f862b2938ddce1b83d72c2f12279da154816d2b1fea,c7efdfd683238349493d9bdee34ef210e79de065b8d1e1178601bc3cdd9f4787,2,0.052404,44100,1.0,451,position_gain_background,0.680126,-8.1969,1.0,,,1.0,12.1588,0.50634009,2-135728-A-38.wav,clock_tick,esc50:135728,1.0
gunshot_gunfire__fsd50k__dev__151066__0031__r0__aug3.wav,gunshot_gunfire,FSD50K,151066,freesound:151066,gunshot_gunfire__fsd50k__dev__151066__0031__r0.wav,03a482aaa183633503a62f862b2938ddce1b83d72c2f12279da154816d2b1fea,8ba1e49eba68b5e789a867051615924392b9f0cd4d6a24519434c9a632cbaa18,3,0.052404,44100,1.0,451,position_filter_background,0.202364,-9.8556,1.0,241.676,6264.014,1.0,20.4601,0.13902772,2-84965-A-23.wav,breathing,esc50:84965,1.0
gunshot_gunfire__fsd50k__dev__151066__0031__r0__aug4.wav,gunshot_gunfire,FSD50K,151066,freesound:151066,gunshot_gunfire__fsd50k__dev__151066__0031__r0.wav,03a482aaa183633503a62f862b2938ddce1b83d72c2f12279da154816d2b1fea,8eac676a98c123c4db99159d5a61c82b74c69f256f12eec0af3d37a7c044365d,4,0.052404,44100,1.0,451,position_speed_gain,0.418334,0.8549,1.023991,,,1.0,,,,,,1.0
gunshot_gunfire__fsd50k__dev__151066__0031__r0__aug5.wav,gunshot_gunfire,FSD50K,151066,freesound:151066,gunshot_gunfire__fsd50k__dev__151066__0031__r0.wav,03a482aaa183633503a62f862b2938ddce1b83d72c2f12279da154816d2b1fea,5828e3676b63361de4e8f1175fe8294a6d03a4798951fadd27fcf39c99bfcac1,5,0.052404,44100,1.0,451,position_compression_background,0.210753,-6.6638,1.0,,,1.24296,11.0405,0.14026561,1-61252-A-11.wav,sea_waves,esc50:61252,1.0
gunshot_gunfire__fsd50k__dev__151069__0032__r0__aug0.wav,gunshot_gunfire,FSD50K,151069,freesound:151069,gunshot_gunfire__fsd50k__dev__151069__0032__r0.wav,d729f23e3f9e0a0bcefdb72303c14a6e64e14d342848e538dc8093fa0f364563,5de0f1cd714547c2322c6bb5aa15906cc337fd9786b59f6eab1298ae81ffae9c,0,1.030181,44100,1.0,451,position_only,0.393307,0.0,1.0,,,1.0,,,,,,1.0
gunshot_gunfire__fsd50k__dev__151069__0032__r0__aug1.wav,gunshot_gunfire,FSD50K,151069,freesound:151069,gunshot_gunfire__fsd50k__dev__151069__0032__r0.wav,d729f23e3f9e0a0bcefdb72303c14a6e64e14d342848e538dc8093fa0f364563,f9d81aeb3f1b5c4e7e987cdbae9c018fee09a435663471a1a88d738a5284a692,1,1.030181,44100,1.0,451,position_gain,0.216103,-10.5717,1.0,,,1.0,,,,,,1.0
gunshot_gunfire__fsd50k__dev__151069__0032__r0__aug2.wav,gunshot_gunfire,FSD50K,151069,freesound:151069,gunshot_gunfire__fsd50k__dev__151069__0032__r0.wav,d729f23e3f9e0a0bcefdb72303c14a6e64e14d342848e538dc8093fa0f364563,a901d3826f3c7c9b20cf1bcc370b1476bd66dd9624e09bdae49a198b8d48da2b,2,1.030181,44100,1.0,451,position_gain_background,0.161063,-9.2805,1.0,,,1.0,20.1706,0.02974965,2-104168-A-32.wav,keyboard_typing,esc50:104168,1.0
gunshot_gunfire__fsd50k__dev__151069__0032__r0__aug3.wav,gunshot_gunfire,FSD50K,151069,freesound:151069,gunshot_gunfire__fsd50k__dev__151069__0032__r0.wav,d729f23e3f9e0a0bcefdb72303c14a6e64e14d342848e538dc8093fa0f364563,c79e8da39261a70fb7d2e88fdba48bf7efa900c03024ba1e20fb37afce5edf31,3,1.030181,44100,1.0,451,position_filter_background,0.580336,-2.2777,1.0,82.745,6362.674,1.0,22.5155,0.23090243,2-134700-A-38.wav,clock_tick,esc50:134700,1.0
gunshot_gunfire__fsd50k__dev__151069__0032__r0__aug4.wav,gunshot_gunfire,FSD50K,151069,freesound:151069,gunshot_gunfire__fsd50k__dev__151069__0032__r0.wav,d729f23e3f9e0a0bcefdb72303c14a6e64e14d342848e538dc8093fa0f364563,82a00fa72b4dd18434853fcb66d2cbdd3f891ad4061711288d7d19b86eb23294,4,1.030181,44100,1.0,451,position_speed_gain,0.636372,-4.6373,0.971609,,,1.0,,,,,,1.0
gunshot_gunfire__fsd50k__dev__151069__0032__r0__aug5.wav,gunshot_gunfire,FSD50K,151069,freesound:151069,gunshot_gunfire__fsd50k__dev__151069__0032__r0.wav,d729f23e3f9e0a0bcefdb72303c14a6e64e14d342848e538dc8093fa0f364563,940e3a8a61ba9e421a3f31c094445d7bb3ba6dcb71f9fb589964745a7ec07c41,5,1.030181,44100,1.0,451,position_compression_background,0.392742,-11.088,1.0,,,1.65084,24.3296,0.00235577,1-23996-A-35.wav,washing_machine,esc50:23996,1.0
gunshot_gunfire__fsd50k__dev__151072__0033__r0__aug0.wav,gunshot_gunfire,FSD50K,151072,freesound:151072,gunshot_gunfire__fsd50k__dev__151072__0033__r0.wav,a69285700354b985caee5d5fe0eafc52dbc82b2b824fb064b2cc0a3c51d20cad,04cee73f2e39d45a28707caabc1c1e09f70d515710f791d70285468704de8c2b,0,0.062381,44100,1.0,451,position_only,0.566214,0.0,1.0,,,1.0,,,,,,1.0
gunshot_gunfire__fsd50k__dev__151072__0033__r0__aug1.wav,gunshot_gunfire,FSD50K,151072,freesound:151072,gunshot_gunfire__fsd50k__dev__151072__0033__r0.wav,a69285700354b985caee5d5fe0eafc52dbc82b2b824fb064b2cc0a3c51d20cad,668b7f3be25362affbaaaf8c3b5013be35ee85f2fc9c58c36a5c78b7fe7f52bb,1,0.062381,44100,1.0,451,position_gain,0.353133,-7.5603,1.0,,,1.0,,,,,,1.0
gunshot_gunfire__fsd50k__dev__151072__0033__r0__aug2.wav,gunshot_gunfire,FSD50K,151072,freesound:151072,gunshot_gunfire__fsd50k__dev__151072__0033__r0.wav,a69285700354b985caee5d5fe0eafc52dbc82b2b824fb064b2cc0a3c51d20cad,07706da345796b35be3e936fd9341849e2df47560df9dd8e2897ff59dff446b2,2,0.062381,44100,1.0,451,position_gain_background,0.332141,-9.2151,1.0,,,1.0,14.1934,0.21474183,2-99795-A-32.wav,keyboard_typing,esc50:99795,1.0
gunshot_gunfire__fsd50k__dev__151072__0033__r0__aug3.wav,gunshot_gunfire,FSD50K,151072,freesound:151072,gunshot_gunfire__fsd50k__dev__151072__0033__r0.wav,a69285700354b985caee5d5fe0eafc52dbc82b2b824fb064b2cc0a3c51d20cad,9aee4a33c9a53523ec5ba901e82be5b487b981463824416644a6cee00d0d2bb1,3,0.062381,44100,1.0,451,position_filter_background,0.770851,4.2231,1.0,258.714,6568.824,1.0,24.1907,0.0319186,3-164120-A-11.wav,sea_waves,esc50:164120,1.0
gunshot_gunfire__fsd50k__dev__151072__0033__r0__aug4.wav,gunshot_gunfire,FSD50K,151072,freesound:151072,gunshot_gunfire__fsd50k__dev__151072__0033__r0.wav,a69285700354b985caee5d5fe0eafc52dbc82b2b824fb064b2cc0a3c51d20cad,679d040023c9d8f42e60a237c28fdb2dd71b8835902a06be873dae070ac17e01,4,0.062381,44100,1.0,451,position_speed_gain,0.533518,-4.1009,1.039936,,,1.0,,,,,,1.0
gunshot_gunfire__fsd50k__dev__151072__0033__r0__aug5.wav,gunshot_gunfire,FSD50K,151072,freesound:151072,gunshot_gunfire__fsd50k__dev__151072__0033__r0.wav,a69285700354b985caee5d5fe0eafc52dbc82b2b824fb064b2cc0a3c51d20cad,d8df19064c3d63d06ee5cf36bd3be5fe0290dc80f1de6a6236a964901750009c,5,0.062381,44100,1.0,451,position_compression_background,0.522578,-8.1403,1.0,,,1.45055,24.3765,0.00776336,1-27166-A-35.wav,washing_machine,esc50:27166,1.0
gunshot_gunfire__fsd50k__dev__151075__0034__r0__aug0.wav,gunshot_gunfire,FSD50K,151075,freesound:151075,gunshot_gunfire__fsd50k__dev__151075__0034__r0.wav,02d85695963d0d135e4984ce7e53eceb6f37446db72a4b4208849077d25e6f54,d4ec4ba0d79ad830231a4ba2a575b0187eca959ae3a49beebc4917bf852a8f4d,0,1.928141,44100,1.0,451,position_only,0.550041,0.0,1.0,,,1.0,,,,,,1.0
gunshot_gunfire__fsd50k__dev__151075__0034__r0__aug1.wav,gunshot_gunfire,FSD50K,151075,freesound:151075,gunshot_gunfire__fsd50k__dev__151075__0034__r0.wav,02d85695963d0d135e4984ce7e53eceb6f37446db72a4b4208849077d25e6f54,0edb73977d000bc43aca20902954868dad68ffd39517164f07442d5fcc2a743c,1,1.928141,44100,1.0,451,position_gain,0.205686,-0.0083,1.0,,,1.0,,,,,,1.0
gunshot_gunfire__fsd50k__dev__151075__0034__r0__aug2.wav,gunshot_gunfire,FSD50K,151075,freesound:151075,gunshot_gunfire__fsd50k__dev__151075__0034__r0.wav,02d85695963d0d135e4984ce7e53eceb6f37446db72a4b4208849077d25e6f54,c5667694a5ed3d951aedf25d83d43297839830cd7e91539601dbc74517b9b2a6,2,1.928141,44100,1.0,451,position_gain_background,0.461772,-7.0607,1.0,,,1.0,15.2319,0.45265467,2-104168-A-32.wav,keyboard_typing,esc50:104168,1.0
gunshot_gunfire__fsd50k__dev__151075__0034__r0__aug3.wav,gunshot_gunfire,FSD50K,151075,freesound:151075,gunshot_gunfire__fsd50k__dev__151075__0034__r0.wav,02d85695963d0d135e4984ce7e53eceb6f37446db72a4b4208849077d25e6f54,817740ab690be0a96a510c3ed104e66243dba562f0bca509d4578710e7c94e66,3,1.928141,44100,1.0,451,position_filter_background,0.71156,-2.7215,1.0,209.876,6550.01,1.0,17.6808,1.34615653,3-182710-B-35.wav,washing_machine,esc50:182710,1.0
gunshot_gunfire__fsd50k__dev__151075__0034__r0__aug4.wav,gunshot_gunfire,FSD50K,151075,freesound:151075,gunshot_gunfire__fsd50k__dev__151075__0034__r0.wav,02d85695963d0d135e4984ce7e53eceb6f37446db72a4b4208849077d25e6f54,7bcd83a34424ce37f56adb5df86e8eb538728c5bf8a438a98b457909277d07ee,4,1.928141,44100,1.0,451,position_speed_gain,0.51773,-4.1897,0.985714,,,1.0,,,,,,1.0
gunshot_gunfire__fsd50k__dev__151075__0034__r0__aug5.wav,gunshot_gunfire,FSD50K,151075,freesound:151075,gunshot_gunfire__fsd50k__dev__151075__0034__r0.wav,02d85695963d0d135e4984ce7e53eceb6f37446db72a4b4208849077d25e6f54,31be77554a56b53ad980de518a610bb28b740e8b4823a73918b04b48a14eeb51,5,1.928141,44100,1.0,451,position_compression_background,0.415422,-5.2548,1.0,,,1.69577,24.8248,1.39834426,1-94231-A-32.wav,keyboard_typing,esc50:94231,1.0
gunshot_gunfire__fsd50k__dev__157206__0035__r0__aug0.wav,gunshot_gunfire,FSD50K,157206,freesound:157206,gunshot_gunfire__fsd50k__dev__157206__0035__r0.wav,7d98a37394558796c7898ca447a697845a71e353e3158c439a7513bf8766b24e,25d70e473c9751dab1519c86a88850cfa8df834c146714d774a0c52debb68bda,0,11.670998,44100,1.0,451,position_only,0.565267,0.0,1.0,,,1.0,,,,,,1.0
gunshot_gunfire__fsd50k__dev__157206__0035__r0__aug1.wav,gunshot_gunfire,FSD50K,157206,freesound:157206,gunshot_gunfire__fsd50k__dev__157206__0035__r0.wav,7d98a37394558796c7898ca447a697845a71e353e3158c439a7513bf8766b24e,74a47c71659de1cad7094e298e25dda35adc39e43a82f931a79bc84916c316bf,1,11.670998,44100,1.0,451,position_gain,0.647587,-11.2339,1.0,,,1.0,,,,,,1.0
gunshot_gunfire__fsd50k__dev__157206__0035__r0__aug2.wav,gunshot_gunfire,FSD50K,157206,freesound:157206,gunshot_gunfire__fsd50k__dev__157206__0035__r0.wav,7d98a37394558796c7898ca447a697845a71e353e3158c439a7513bf8766b24e,b3bbc672425e420dfbff3eaf506d9f353f6acafa3e2ce777dbcf64c9979d7abb,2,11.670998,44100,1.0,451,position_gain_background,0.491094,-7.9577,1.0,,,1.0,17.1179,0.00101014,1-30709-A-23.wav,breathing,esc50:30709,1.0
gunshot_gunfire__fsd50k__dev__157206__0035__r0__aug3.wav,gunshot_gunfire,FSD50K,157206,freesound:157206,gunshot_gunfire__fsd50k__dev__157206__0035__r0.wav,7d98a37394558796c7898ca447a697845a71e353e3158c439a7513bf8766b24e,2e653871fc6fce9949c9f41726c595890f0bc6f89db013af5f9e9fd06c32fc9c,3,11.670998,44100,1.0,451,position_filter_background,0.618502,4.4762,1.0,138.312,7372.244,1.0,20.591,0.00406338,2-141584-A-38.wav,clock_tick,esc50:141584,1.0
gunshot_gunfire__fsd50k__dev__157206__0035__r0__aug4.wav,gunshot_gunfire,FSD50K,157206,freesound:157206,gunshot_gunfire__fsd50k__dev__157206__0035__r0.wav,7d98a37394558796c7898ca447a697845a71e353e3158c439a7513bf8766b24e,d9842aeadba19fb1211de93d4502d8e3808295537b86b55448fb95a7d7d0a9e6,4,11.670998,44100,1.0,451,position_speed_gain,0.170555,2.5815,0.977143,,,1.0,,,,,,1.0
gunshot_gunfire__fsd50k__dev__157206__0035__r0__aug5.wav,gunshot_gunfire,FSD50K,157206,freesound:157206,gunshot_gunfire__fsd50k__dev__157206__0035__r0.wav,7d98a37394558796c7898ca447a697845a71e353e3158c439a7513bf8766b24e,c9debe9138e80ab9df1f88ba4bd335cf8bc0bf5a9e1de50b80fd47aacf832c28,5,11.670998,44100,1.0,451,position_compression_background,0.181731,-1.9717,1.0,,,1.75744,13.681,0.00610605,1-42139-A-38.wav,clock_tick,esc50:42139,1.0
gunshot_gunfire__fsd50k__dev__157207__0036__r0__aug0.wav,gunshot_gunfire,FSD50K,157207,freesound:157207,gunshot_gunfire__fsd50k__dev__157207__0036__r0.wav,ef3e78eae51a5a3308933470a72f27e91def4b7dbb92842ae6cee1859274448d,fac866501e33475f4a5be51fdf34cd59bb0421c936ed74940f59c0fdb95959aa,0,11.207052,44100,1.0,451,position_only,0.674506,0.0,1.0,,,1.0,,,,,,1.0
gunshot_gunfire__fsd50k__dev__157207__0036__r0__aug1.wav,gunshot_gunfire,FSD50K,157207,freesound:157207,gunshot_gunfire__fsd50k__dev__157207__0036__r0.wav,ef3e78eae51a5a3308933470a72f27e91def4b7dbb92842ae6cee1859274448d,cefb901d35059aca68915b1cb7d3abb7b528ae4c2b3ddb77827de7fbc84abf8a,1,11.207052,44100,1.0,451,position_gain,0.514316,-6.023,1.0,,,1.0,,,,,,1.0
gunshot_gunfire__fsd50k__dev__157207__0036__r0__aug2.wav,gunshot_gunfire,FSD50K,157207,freesound:157207,gunshot_gunfire__fsd50k__dev__157207__0036__r0.wav,ef3e78eae51a5a3308933470a72f27e91def4b7dbb92842ae6cee1859274448d,b7320a3d818b6305164f20f6c2535c1040a084d6bc14ce31915f20c581a0ae35,2,11.207052,44100,1.0,451,position_gain_background,0.635152,2.5929,1.0,,,1.0,16.0491,0.97750796,1-62850-A-38.wav,clock_tick,esc50:62850,0.87780614
gunshot_gunfire__fsd50k__dev__157207__0036__r0__aug3.wav,gunshot_gunfire,FSD50K,157207,freesound:157207,gunshot_gunfire__fsd50k__dev__157207__0036__r0.wav,ef3e78eae51a5a3308933470a72f27e91def4b7dbb92842ae6cee1859274448d,74146862f69d9c280330c3cdf3c1db43734c9fc2d65d920505e4942fc2020ef0,3,11.207052,44100,1.0,451,position_filter_background,0.162204,-6.9879,1.0,250.539,7035.353,1.0,16.5872,0.01401436,3-155642-A-11.wav,sea_waves,esc50:155642,1.0
gunshot_gunfire__fsd50k__dev__157207__0036__r0__aug4.wav,gunshot_gunfire,FSD50K,157207,freesound:157207,gunshot_gunfire__fsd50k__dev__157207__0036__r0.wav,ef3e78eae51a5a3308933470a72f27e91def4b7dbb92842ae6cee1859274448d,974b3101463a9381e74e8d4cb8af2bd3bd391457138ccc20286a92c1952ff16e,4,11.207052,44100,1.0,451,position_speed_gain,0.15223,-0.3691,0.974564,,,1.0,,,,,,1.0
gunshot_gunfire__fsd50k__dev__157207__0036__r0__aug5.wav,gunshot_gunfire,FSD50K,157207,freesound:157207,gunshot_gunfire__fsd50k__dev__157207__0036__r0.wav,ef3e78eae51a5a3308933470a72f27e91def4b7dbb92842ae6cee1859274448d,9ecc64f410b7bbabec2e90d4015f514cecee1880b8f2ef8377a1566649caa7b8,5,11.207052,44100,1.0,451,position_compression_background,0.51358,-0.6299,1.0,,,1.66645,20.9902,0.65304614,3-125548-A-32.wav,keyboard_typing,esc50:125548,1.0
gunshot_gunfire__fsd50k__dev__157799__0037__r0__aug0.wav,gunshot_gunfire,FSD50K,157799,freesound:157799,gunshot_gunfire__fsd50k__dev__157799__0037__r0.wav,aa574e6f6f7779d9dfced78e1aec3c9da4abfb2cea2010807edb539868e7f423,8ddc4bbb031bea87acf3a25f63f141181f3bfe4305108b4d512b73f8c504355e,0,1.708639,44100,1.0,451,position_only,0.287224,0.0,1.0,,,1.0,,,,,,1.0
gunshot_gunfire__fsd50k__dev__157799__0037__r0__aug1.wav,gunshot_gunfire,FSD50K,157799,freesound:157799,gunshot_gunfire__fsd50k__dev__157799__0037__r0.wav,aa574e6f6f7779d9dfced78e1aec3c9da4abfb2cea2010807edb539868e7f423,bc98580e85ab3fdd03bfc3758f3a5b00a13908a558f22e350c3c435d2b69df1e,1,1.708639,44100,1.0,451,position_gain,0.321484,-5.0182,1.0,,,1.0,,,,,,1.0
gunshot_gunfire__fsd50k__dev__157799__0037__r0__aug2.wav,gunshot_gunfire,FSD50K,157799,freesound:157799,gunshot_gunfire__fsd50k__dev__157799__0037__r0.wav,aa574e6f6f7779d9dfced78e1aec3c9da4abfb2cea2010807edb539868e7f423,59b1608c3f80f8d05f41c3b24d785c96b7a7ce0d89de23e6944e17ca72110879,2,1.708639,44100,1.0,451,position_gain_background,0.260475,4.2693,1.0,,,1.0,20.4462,0.16717531,3-155568-A-32.wav,keyboard_typing,esc50:155568,1.0
gunshot_gunfire__fsd50k__dev__157799__0037__r0__aug3.wav,gunshot_gunfire,FSD50K,157799,freesound:157799,gunshot_gunfire__fsd50k__dev__157799__0037__r0.wav,aa574e6f6f7779d9dfced78e1aec3c9da4abfb2cea2010807edb539868e7f423,0b1dfd25c5472215637d668e166de46d1583a92fbf14ceda3a9b7641933b98b3,3,1.708639,44100,1.0,451,position_filter_background,0.32355,-0.4725,1.0,222.036,7198.235,1.0,11.9612,0.14204258,1-137-A-32.wav,keyboard_typing,esc50:137,1.0
gunshot_gunfire__fsd50k__dev__157799__0037__r0__aug4.wav,gunshot_gunfire,FSD50K,157799,freesound:157799,gunshot_gunfire__fsd50k__dev__157799__0037__r0.wav,aa574e6f6f7779d9dfced78e1aec3c9da4abfb2cea2010807edb539868e7f423,0e281b40a887e8d5ebf979dca06a69d55f3f95dda87665a405173dad1b5b2afa,4,1.708639,44100,1.0,451,position_speed_gain,0.629524,-2.2709,0.995769,,,1.0,,,,,,1.0
gunshot_gunfire__fsd50k__dev__157799__0037__r0__aug5.wav,gunshot_gunfire,FSD50K,157799,freesound:157799,gunshot_gunfire__fsd50k__dev__157799__0037__r0.wav,aa574e6f6f7779d9dfced78e1aec3c9da4abfb2cea2010807edb539868e7f423,ca4a5e1ad1e7a84ab63603cff6d9058111162d519a3e80eabe04aed227ec6e87,5,1.708639,44100,1.0,451,position_compression_background,0.68862,-1.1804,1.0,,,1.55529,10.8826,0.09598497,1-79711-A-32.wav,keyboard_typing,esc50:79711,1.0
gunshot_gunfire__fsd50k__dev__157800__0038__r0__aug0.wav,gunshot_gunfire,FSD50K,157800,freesound:157800,gunshot_gunfire__fsd50k__dev__157800__0038__r0.wav,a3fe93b974270c332e68a48747b81f4925f520240d6b23b3cea6060bcf9b12f1,fc8912680277598278e7a70cec95a7f1eceb1876e0a8f78cc337f98b974e5cc3,0,0.81068,44100,1.0,451,position_only,0.785469,0.0,1.0,,,1.0,,,,,,0.89125094
gunshot_gunfire__fsd50k__dev__157800__0038__r0__aug1.wav,gunshot_gunfire,FSD50K,157800,freesound:157800,gunshot_gunfire__fsd50k__dev__157800__0038__r0.wav,a3fe93b974270c332e68a48747b81f4925f520240d6b23b3cea6060bcf9b12f1,a6410833bda017aeeab6bdca994bdf5a9bc58ca6bd7728642511aa913c72b337,1,0.81068,44100,1.0,451,position_gain,0.262769,-3.7912,1.0,,,1.0,,,,,,1.0
gunshot_gunfire__fsd50k__dev__157800__0038__r0__aug2.wav,gunshot_gunfire,FSD50K,157800,freesound:157800,gunshot_gunfire__fsd50k__dev__157800__0038__r0.wav,a3fe93b974270c332e68a48747b81f4925f520240d6b23b3cea6060bcf9b12f1,b52e55fd9403e1785d02c6202f20981e746f342b30095502e15938c7daa9ea98,2,0.81068,44100,1.0,451,position_gain_background,0.482202,-11.2309,1.0,,,1.0,20.6162,0.00734178,2-102567-C-35.wav,washing_machine,esc50:102567,1.0
gunshot_gunfire__fsd50k__dev__157800__0038__r0__aug3.wav,gunshot_gunfire,FSD50K,157800,freesound:157800,gunshot_gunfire__fsd50k__dev__157800__0038__r0.wav,a3fe93b974270c332e68a48747b81f4925f520240d6b23b3cea6060bcf9b12f1,9b5fd3999133027e5bda8a64a9ab75fffde32fef9bc7f84cb7db322f4f2624a6,3,0.81068,44100,1.0,451,position_filter_background,0.757328,4.3037,1.0,163.387,6378.385,1.0,16.3254,48.62819614,1-94231-A-32.wav,keyboard_typing,esc50:94231,0.27952605
gunshot_gunfire__fsd50k__dev__157800__0038__r0__aug4.wav,gunshot_gunfire,FSD50K,157800,freesound:157800,gunshot_gunfire__fsd50k__dev__157800__0038__r0.wav,a3fe93b974270c332e68a48747b81f4925f520240d6b23b3cea6060bcf9b12f1,1975074cc2ffc0363e242d1db6dd6b6bbe5d19c5ae9d1558d43104ff747a21c1,4,0.81068,44100,1.0,451,position_speed_gain,0.341714,-3.0553,0.977134,,,1.0,,,,,,1.0
gunshot_gunfire__fsd50k__dev__157800__0038__r0__aug5.wav,gunshot_gunfire,FSD50K,157800,freesound:157800,gunshot_gunfire__fsd50k__dev__157800__0038__r0.wav,a3fe93b974270c332e68a48747b81f4925f520240d6b23b3cea6060bcf9b12f1,6c98bf29a7079d2b9c4fad07938b69b3c50508af3e971967bbdb868e70e59bce,5,0.81068,44100,1.0,451,position_compression_background,0.405375,-7.2362,1.0,,,1.44088,19.2679,0.43324596,3-151206-A-23.wav,breathing,esc50:151206,1.0
gunshot_gunfire__fsd50k__dev__157801__0039__r0__aug0.wav,gunshot_gunfire,FSD50K,157801,freesound:157801,gunshot_gunfire__fsd50k__dev__157801__0039__r0.wav,2991012cf592d9a4a62497e19cd675f80ab1224e0a769336bdcee52f958997c5,d8d28e29b87a5cafc12163e9a367f84ce7e55d35a0556cbcd8d24dd7c5f75622,0,0.825646,44100,1.0,451,position_only,0.34884,0.0,1.0,,,1.0,,,,,,1.0
gunshot_gunfire__fsd50k__dev__157801__0039__r0__aug1.wav,gunshot_gunfire,FSD50K,157801,freesound:157801,gunshot_gunfire__fsd50k__dev__157801__0039__r0.wav,2991012cf592d9a4a62497e19cd675f80ab1224e0a769336bdcee52f958997c5,0df470e17f5cfc64c47504f97fd034bd120e4cb95fabb6fa6953916c912a6e7c,1,0.825646,44100,1.0,451,position_gain,0.563047,-0.9017,1.0,,,1.0,,,,,,1.0
gunshot_gunfire__fsd50k__dev__157801__0039__r0__aug2.wav,gunshot_gunfire,FSD50K,157801,freesound:157801,gunshot_gunfire__fsd50k__dev__157801__0039__r0.wav,2991012cf592d9a4a62497e19cd675f80ab1224e0a769336bdcee52f958997c5,3d77d71f5586ca5aee1b56564c2f3dfd2cee305b88ec874e694a5d37fff6c69c,2,0.825646,44100,1.0,451,position_gain_background,0.474575,-10.1338,1.0,,,1.0,20.5255,0.02684806,2-102568-A-35.wav,washing_machine,esc50:102568,1.0
gunshot_gunfire__fsd50k__dev__157801__0039__r0__aug3.wav,gunshot_gunfire,FSD50K,157801,freesound:157801,gunshot_gunfire__fsd50k__dev__157801__0039__r0.wav,2991012cf592d9a4a62497e19cd675f80ab1224e0a769336bdcee52f958997c5,a82bc9bbde87cc4e5d4aa0461a959991e08069b1299cfe58083335441d6815de,3,0.825646,44100,1.0,451,position_filter_background,0.329535,-2.3688,1.0,154.001,6560.122,1.0,14.625,2.74770855,3-166125-B-23.wav,breathing,esc50:166125,1.0
gunshot_gunfire__fsd50k__dev__157801__0039__r0__aug4.wav,gunshot_gunfire,FSD50K,157801,freesound:157801,gunshot_gunfire__fsd50k__dev__157801__0039__r0.wav,2991012cf592d9a4a62497e19cd675f80ab1224e0a769336bdcee52f958997c5,e39dd8b16e1425e27912e8b51e9764747895e8d3f70de91cfa3ba8f424a5f1b8,4,0.825646,44100,1.0,451,position_speed_gain,0.74569,-8.0151,1.033243,,,1.0,,,,,,1.0
gunshot_gunfire__fsd50k__dev__157801__0039__r0__aug5.wav,gunshot_gunfire,FSD50K,157801,freesound:157801,gunshot_gunfire__fsd50k__dev__157801__0039__r0.wav,2991012cf592d9a4a62497e19cd675f80ab1224e0a769336bdcee52f958997c5,53705d958c61217b382d49f13000b6e63d6b747a740519a7403be74b48979b9b,5,0.825646,44100,1.0,451,position_compression_background,0.752078,-2.0391,1.0,,,1.45004,23.8302,0.08342236,2-59241-A-35.wav,washing_machine,esc50:59241,0.96177217
gunshot_gunfire__fsd50k__dev__158977__0040__r0__aug0.wav,gunshot_gunfire,FSD50K,158977,freesound:158977,gunshot_gunfire__fsd50k__dev__158977__0040__r0.wav,78a5376ae682099162c2e9ff7dae72951aeba394ffdbccb04787c9729468a986,afc5307d86929c020491cfe9fe6ea9cc9dac02ac7de53ddedb77dcb21a739fa0,0,0.10229,44100,1.0,451,position_only,0.534418,0.0,1.0,,,1.0,,,,,,1.0
gunshot_gunfire__fsd50k__dev__158977__0040__r0__aug1.wav,gunshot_gunfire,FSD50K,158977,freesound:158977,gunshot_gunfire__fsd50k__dev__158977__0040__r0.wav,78a5376ae682099162c2e9ff7dae72951aeba394ffdbccb04787c9729468a986,a7b534a211951cc145e099f979e86501f5ba8dab3061fea83c4f9f9fa39cb496,1,0.10229,44100,1.0,451,position_gain,0.42591,3.4633,1.0,,,1.0,,,,,,1.0
gunshot_gunfire__fsd50k__dev__158977__0040__r0__aug2.wav,gunshot_gunfire,FSD50K,158977,freesound:158977,gunshot_gunfire__fsd50k__dev__158977__0040__r0.wav,78a5376ae682099162c2e9ff7dae72951aeba394ffdbccb04787c9729468a986,ec54877a11a43820a828e81c2aa3df4502ef83b55ba0cfdc3637f5472bb7b9eb,2,0.10229,44100,1.0,451,position_gain_background,0.71567,-5.744,1.0,,,1.0,12.7862,0.21157339,2-109316-A-32.wav,keyboard_typing,esc50:109316,1.0
gunshot_gunfire__fsd50k__dev__158977__0040__r0__aug3.wav,gunshot_gunfire,FSD50K,158977,freesound:158977,gunshot_gunfire__fsd50k__dev__158977__0040__r0.wav,78a5376ae682099162c2e9ff7dae72951aeba394ffdbccb04787c9729468a986,ed9021955d166a0ea8175e9e8d0f2a0b52dfe0dbf1dfba9908c6c5733b4e7095,3,0.10229,44100,1.0,451,position_filter_background,0.17795,-2.731,1.0,222.8,6485.447,1.0,20.5067,0.90058963,3-154781-A-32.wav,keyboard_typing,esc50:154781,1.0
gunshot_gunfire__fsd50k__dev__158977__0040__r0__aug4.wav,gunshot_gunfire,FSD50K,158977,freesound:158977,gunshot_gunfire__fsd50k__dev__158977__0040__r0.wav,78a5376ae682099162c2e9ff7dae72951aeba394ffdbccb04787c9729468a986,bb57f1d06f534c6e11ec88f268b7791ff003bdb5e8530dfcd51136f3f5be40cb,4,0.10229,44100,1.0,451,position_speed_gain,0.731045,-3.9272,1.013909,,,1.0,,,,,,1.0
gunshot_gunfire__fsd50k__dev__158977__0040__r0__aug5.wav,gunshot_gunfire,FSD50K,158977,freesound:158977,gunshot_gunfire__fsd50k__dev__158977__0040__r0.wav,78a5376ae682099162c2e9ff7dae72951aeba394ffdbccb04787c9729468a986,e5b4f3c3e7233698f8227d017066ad24ced876e4ed54373f4e92083ccd960b75,5,0.10229,44100,1.0,451,position_compression_background,0.419987,4.6664,1.0,,,1.39153,22.5333,0.03450576,3-151273-A-35.wav,washing_machine,esc50:151273,0.9312214
gunshot_gunfire__fsd50k__dev__158978__0041__r0__aug0.wav,gunshot_gunfire,FSD50K,158978,freesound:158978,gunshot_gunfire__fsd50k__dev__158978__0041__r0.wav,a78a19f28c9dbcd9fb95fca51b7461b29cb2c14f62fb2fcbc2f214bcb0491978,8bf27e03767f9448b6a92f4444f25167b44baf9521d96b08131361853d038b65,0,0.117256,44100,1.0,451,position_only,0.791703,0.0,1.0,,,1.0,,,,,,1.0
gunshot_gunfire__fsd50k__dev__158978__0041__r0__aug1.wav,gunshot_gunfire,FSD50K,158978,freesound:158978,gunshot_gunfire__fsd50k__dev__158978__0041__r0.wav,a78a19f28c9dbcd9fb95fca51b7461b29cb2c14f62fb2fcbc2f214bcb0491978,5bf133ec46425539b6487fd3ec365aac4029613ec030475bb7e9a20ff8cd4cb3,1,0.117256,44100,1.0,451,position_gain,0.356726,3.057,1.0,,,1.0,,,,,,1.0
gunshot_gunfire__fsd50k__dev__158978__0041__r0__aug2.wav,gunshot_gunfire,FSD50K,158978,freesound:158978,gunshot_gunfire__fsd50k__dev__158978__0041__r0.wav,a78a19f28c9dbcd9fb95fca51b7461b29cb2c14f62fb2fcbc2f214bcb0491978,bff02b9aebd92838245594a4e537572a9b319375cf259e6e29c889bddb6cc91b,2,0.117256,44100,1.0,451,position_gain_background,0.675811,-7.2161,1.0,,,1.0,10.3484,0.03493274,2-59241-A-35.wav,washing_machine,esc50:59241,1.0
gunshot_gunfire__fsd50k__dev__158978__0041__r0__aug3.wav,gunshot_gunfire,FSD50K,158978,freesound:158978,gunshot_gunfire__fsd50k__dev__158978__0041__r0.wav,a78a19f28c9dbcd9fb95fca51b7461b29cb2c14f62fb2fcbc2f214bcb0491978,35e150cc109b1af57afc571974a2229891fb6cf4e4f06cd035eea93e95c0e9fd,3,0.117256,44100,1.0,451,position_filter_background,0.576279,-10.7482,1.0,176.907,6718.392,1.0,17.3634,0.13009729,1-62849-A-38.wav,clock_tick,esc50:62849,1.0
gunshot_gunfire__fsd50k__dev__158978__0041__r0__aug4.wav,gunshot_gunfire,FSD50K,158978,freesound:158978,gunshot_gunfire__fsd50k__dev__158978__0041__r0.wav,a78a19f28c9dbcd9fb95fca51b7461b29cb2c14f62fb2fcbc2f214bcb0491978,1f54f56d2f06ea5e2cb9d67120574002fab7bc2e67afc110490c4d0616cb539a,4,0.117256,44100,1.0,451,position_speed_gain,0.734051,-3.5476,1.0229,,,1.0,,,,,,1.0
gunshot_gunfire__fsd50k__dev__158978__0041__r0__aug5.wav,gunshot_gunfire,FSD50K,158978,freesound:158978,gunshot_gunfire__fsd50k__dev__158978__0041__r0.wav,a78a19f28c9dbcd9fb95fca51b7461b29cb2c14f62fb2fcbc2f214bcb0491978,bd3562c4066061b18e513d3826d2304b5c76636b775394c1f18fe9ff41085e3a,5,0.117256,44100,1.0,451,position_compression_background,0.688786,4.5592,1.0,,,1.55772,19.2886,0.34932953,2-119748-A-38.wav,clock_tick,esc50:119748,0.99965633
gunshot_gunfire__fsd50k__dev__158979__0042__r0__aug0.wav,gunshot_gunfire,FSD50K,158979,freesound:158979,gunshot_gunfire__fsd50k__dev__158979__0042__r0.wav,31297776aed5d50b229233933e8ef09e98ec1981361e4a714940578db3f93587,afd02ba04d71eec2a1116168a33d62adcc374618ecc2bfe56612edf74b750291,0,0.222018,44100,1.0,451,position_only,0.773128,0.0,1.0,,,1.0,,,,,,1.0
gunshot_gunfire__fsd50k__dev__158979__0042__r0__aug1.wav,gunshot_gunfire,FSD50K,158979,freesound:158979,gunshot_gunfire__fsd50k__dev__158979__0042__r0.wav,31297776aed5d50b229233933e8ef09e98ec1981361e4a714940578db3f93587,70f5c5951d1dc06440b60237764290ef8164965dcbcdf74b6028aeb272d93030,1,0.222018,44100,1.0,451,position_gain,0.758398,-10.0492,1.0,,,1.0,,,,,,1.0
gunshot_gunfire__fsd50k__dev__158979__0042__r0__aug2.wav,gunshot_gunfire,FSD50K,158979,freesound:158979,gunshot_gunfire__fsd50k__dev__158979__0042__r0.wav,31297776aed5d50b229233933e8ef09e98ec1981361e4a714940578db3f93587,ff2f8b2c38bff739055cbc03ba97e7fe1a48652e97de7b301bc73c67ac3c9eed,2,0.222018,44100,1.0,451,position_gain_background,0.610414,-8.1821,1.0,,,1.0,12.8054,51.68863978,2-98392-A-23.wav,breathing,esc50:98392,1.0
gunshot_gunfire__fsd50k__dev__158979__0042__r0__aug3.wav,gunshot_gunfire,FSD50K,158979,freesound:158979,gunshot_gunfire__fsd50k__dev__158979__0042__r0.wav,31297776aed5d50b229233933e8ef09e98ec1981361e4a714940578db3f93587,7933c7e1497dddd87f2c05c59516094bebc246c25bf06951855e4ab691b83afd,3,0.222018,44100,1.0,451,position_filter_background,0.38321,-6.613,1.0,123.336,5823.375,1.0,13.9874,0.02462029,1-30709-B-23.wav,breathing,esc50:30709,1.0
gunshot_gunfire__fsd50k__dev__158979__0042__r0__aug4.wav,gunshot_gunfire,FSD50K,158979,freesound:158979,gunshot_gunfire__fsd50k__dev__158979__0042__r0.wav,31297776aed5d50b229233933e8ef09e98ec1981361e4a714940578db3f93587,9ff89faa25f5b27bcc6e5f1846a46cbc6f9a3fe4c4fb8ef097a7a90c243fd9e4,4,0.222018,44100,1.0,451,position_speed_gain,0.60096,-10.9009,1.010707,,,1.0,,,,,,1.0
gunshot_gunfire__fsd50k__dev__158979__0042__r0__aug5.wav,gunshot_gunfire,FSD50K,158979,freesound:158979,gunshot_gunfire__fsd50k__dev__158979__0042__r0.wav,31297776aed5d50b229233933e8ef09e98ec1981361e4a714940578db3f93587,70bea53ea88a30027bcad08869f8462943633eb35804c2917d88facb4f890c32,5,0.222018,44100,1.0,451,position_compression_background,0.493001,3.4181,1.0,,,1.36341,24.4554,0.25415925,2-88724-A-38.wav,clock_tick,esc50:88724,0.83656192
gunshot_gunfire__fsd50k__dev__159703__0043__r0__aug0.wav,gunshot_gunfire,FSD50K,159703,freesound:159703,gunshot_gunfire__fsd50k__dev__159703__0043__r0.wav,6660c5b2eef9a5d261d9809bc998efc17108c01a5cc8ef2e2aafe77c82efcbb0,cfa861a8e8d1c3f7d7280becd2ef75b227128c6d991d9854b142ce4ff4b3e9d4,0,1.339478,44100,1.0,451,position_only,0.382378,0.0,1.0,,,1.0,,,,,,1.0
gunshot_gunfire__fsd50k__dev__159703__0043__r0__aug1.wav,gunshot_gunfire,FSD50K,159703,freesound:159703,gunshot_gunfire__fsd50k__dev__159703__0043__r0.wav,6660c5b2eef9a5d261d9809bc998efc17108c01a5cc8ef2e2aafe77c82efcbb0,959062f9fb7259277f3561e80dbc64d15912611bd0655f27d2daee734d5ade0b,1,1.339478,44100,1.0,451,position_gain,0.150169,1.2245,1.0,,,1.0,,,,,,1.0
gunshot_gunfire__fsd50k__dev__159703__0043__r0__aug2.wav,gunshot_gunfire,FSD50K,159703,freesound:159703,gunshot_gunfire__fsd50k__dev__159703__0043__r0.wav,6660c5b2eef9a5d261d9809bc998efc17108c01a5cc8ef2e2aafe77c82efcbb0,042a56dcf320f9fd6cd48b75a2fac27513f3c1e63729d6df04c47b01e3734002,2,1.339478,44100,1.0,451,position_gain_background,0.278035,0.2342,1.0,,,1.0,18.1242,0.00494335,2-102567-A-35.wav,washing_machine,esc50:102567,1.0
gunshot_gunfire__fsd50k__dev__159703__0043__r0__aug3.wav,gunshot_gunfire,FSD50K,159703,freesound:159703,gunshot_gunfire__fsd50k__dev__159703__0043__r0.wav,6660c5b2eef9a5d261d9809bc998efc17108c01a5cc8ef2e2aafe77c82efcbb0,44e193291775f18369d170099976dadb9ffc28482602350eed3f87a88f6e150a,3,1.339478,44100,1.0,451,position_filter_background,0.450295,-2.4244,1.0,221.719,7468.435,1.0,15.5403,0.02073797,3-171041-A-38.wav,clock_tick,esc50:171041,1.0
gunshot_gunfire__fsd50k__dev__159703__0043__r0__aug4.wav,gunshot_gunfire,FSD50K,159703,freesound:159703,gunshot_gunfire__fsd50k__dev__159703__0043__r0.wav,6660c5b2eef9a5d261d9809bc998efc17108c01a5cc8ef2e2aafe77c82efcbb0,5e0c734f828f91f8a3d97db05135238eb8502cedc6444bac0d0d0648bef3095c,4,1.339478,44100,1.0,451,position_speed_gain,0.249325,3.7566,1.031477,,,1.0,,,,,,1.0
gunshot_gunfire__fsd50k__dev__159703__0043__r0__aug5.wav,gunshot_gunfire,FSD50K,159703,freesound:159703,gunshot_gunfire__fsd50k__dev__159703__0043__r0.wav,6660c5b2eef9a5d261d9809bc998efc17108c01a5cc8ef2e2aafe77c82efcbb0,92cd2087b40512b9ced6df670f55edaf2489762219c34f992bb8dbdb205863d0,5,1.339478,44100,1.0,451,position_compression_background,0.29465,-7.1032,1.0,,,1.77191,12.4664,0.00436042,3-166422-A-11.wav,sea_waves,esc50:166422,1.0
gunshot_gunfire__fsd50k__dev__159704__0044__r0__aug0.wav,gunshot_gunfire,FSD50K,159704,freesound:159704,gunshot_gunfire__fsd50k__dev__159704__0044__r0.wav,3ba25ff390ee425bcdea2ecf81fe1df39dcd091eb5e53856b1aaf00348d5d74f,f1a981fc559afcb998b46366e8a737bcac3ed606b7a37044a3b61e95d4df0d5c,0,2.30229,44100,1.0,451,position_only,0.208349,0.0,1.0,,,1.0,,,,,,1.0
gunshot_gunfire__fsd50k__dev__159704__0044__r0__aug1.wav,gunshot_gunfire,FSD50K,159704,freesound:159704,gunshot_gunfire__fsd50k__dev__159704__0044__r0.wav,3ba25ff390ee425bcdea2ecf81fe1df39dcd091eb5e53856b1aaf00348d5d74f,556a83999b9c6b94ff9288c8989e0edf6f89318e8b958e023a9d63e1e14cf85c,1,2.30229,44100,1.0,451,position_gain,0.577585,0.7584,1.0,,,1.0,,,,,,1.0
gunshot_gunfire__fsd50k__dev__159704__0044__r0__aug2.wav,gunshot_gunfire,FSD50K,159704,freesound:159704,gunshot_gunfire__fsd50k__dev__159704__0044__r0.wav,3ba25ff390ee425bcdea2ecf81fe1df39dcd091eb5e53856b1aaf00348d5d74f,0651ce15efb7c1dc562546b43e7663352bc563f86eb1b9d23ec0357fb378d7f3,2,2.30229,44100,1.0,451,position_gain_background,0.602496,-0.9863,1.0,,,1.0,14.989,4.63497921,2-127108-A-38.wav,clock_tick,esc50:127108,1.0
gunshot_gunfire__fsd50k__dev__159704__0044__r0__aug3.wav,gunshot_gunfire,FSD50K,159704,freesound:159704,gunshot_gunfire__fsd50k__dev__159704__0044__r0.wav,3ba25ff390ee425bcdea2ecf81fe1df39dcd091eb5e53856b1aaf00348d5d74f,b19fe1447d855d121d6e6717f7b9b4d10f5c38f31958802b287939a6cb683b35,3,2.30229,44100,1.0,451,position_filter_background,0.388015,-9.8586,1.0,167.418,6087.47,1.0,20.8159,0.00290617,3-143933-A-38.wav,clock_tick,esc50:143933,1.0
gunshot_gunfire__fsd50k__dev__159704__0044__r0__aug4.wav,gunshot_gunfire,FSD50K,159704,freesound:159704,gunshot_gunfire__fsd50k__dev__159704__0044__r0.wav,3ba25ff390ee425bcdea2ecf81fe1df39dcd091eb5e53856b1aaf00348d5d74f,7ba86fa44e0377e0f026b4b460ed04c30f37132fed22e20e268ceefc5c9990f8,4,2.30229,44100,1.0,451,position_speed_gain,0.173329,-0.1717,1.01876,,,1.0,,,,,,1.0
gunshot_gunfire__fsd50k__dev__159704__0044__r0__aug5.wav,gunshot_gunfire,FSD50K,159704,freesound:159704,gunshot_gunfire__fsd50k__dev__159704__0044__r0.wav,3ba25ff390ee425bcdea2ecf81fe1df39dcd091eb5e53856b1aaf00348d5d74f,dc9f54072c779e1099d028f3f5455576815ab41093404ade7611f251029495c7,5,2.30229,44100,1.0,451,position_compression_background,0.476866,-6.3162,1.0,,,1.54387,14.1107,931.39626596,1-49098-A-35.wav,washing_machine,esc50:49098,1.0
gunshot_gunfire__fsd50k__dev__159705__0045__r0__aug0.wav,gunshot_gunfire,FSD50K,159705,freesound:159705,gunshot_gunfire__fsd50k__dev__159705__0045__r0.wav,11e13eb29b5c7ade00d890e8fc047a0dd5144bf1bc11a4ffc5290ee878c4dcb3,8abb37611408f6ebf133df6862244307b4014881e918ea9d2093b5a31ab897ad,0,0.222018,44100,1.0,451,position_only,0.58065,0.0,1.0,,,1.0,,,,,,0.89125094
gunshot_gunfire__fsd50k__dev__159705__0045__r0__aug1.wav,gunshot_gunfire,FSD50K,159705,freesound:159705,gunshot_gunfire__fsd50k__dev__159705__0045__r0.wav,11e13eb29b5c7ade00d890e8fc047a0dd5144bf1bc11a4ffc5290ee878c4dcb3,bdc4df04aeeacae9682913e54d114508a4b20403fcd00715a92b4f7c6306880e,1,0.222018,44100,1.0,451,position_gain,0.255332,-8.9578,1.0,,,1.0,,,,,,1.0
gunshot_gunfire__fsd50k__dev__159705__0045__r0__aug2.wav,gunshot_gunfire,FSD50K,159705,freesound:159705,gunshot_gunfire__fsd50k__dev__159705__0045__r0.wav,11e13eb29b5c7ade00d890e8fc047a0dd5144bf1bc11a4ffc5290ee878c4dcb3,5c103bbcf1ec351379e76ce0a27c6305068298d74abed41662586e8c6d59ff8c,2,0.222018,44100,1.0,451,position_gain_background,0.30774,-11.6282,1.0,,,1.0,13.6109,0.67330744,3-144128-B-23.wav,breathing,esc50:144128,1.0
gunshot_gunfire__fsd50k__dev__159705__0045__r0__aug3.wav,gunshot_gunfire,FSD50K,159705,freesound:159705,gunshot_gunfire__fsd50k__dev__159705__0045__r0.wav,11e13eb29b5c7ade00d890e8fc047a0dd5144bf1bc11a4ffc5290ee878c4dcb3,11afcdbdc1be185b8ddd5af8a7d748f994e4da87c2cbc02f964a88ebe23d3e26,3,0.222018,44100,1.0,451,position_filter_background,0.280687,-5.5003,1.0,203.603,6312.442,1.0,11.7901,2.72685752,3-132830-A-32.wav,keyboard_typing,esc50:132830,1.0
gunshot_gunfire__fsd50k__dev__159705__0045__r0__aug4.wav,gunshot_gunfire,FSD50K,159705,freesound:159705,gunshot_gunfire__fsd50k__dev__159705__0045__r0.wav,11e13eb29b5c7ade00d890e8fc047a0dd5144bf1bc11a4ffc5290ee878c4dcb3,8a94d76ccef0d23f8437ff5850645ae0a38cee097075a0b666a76160f1cddb3e,4,0.222018,44100,1.0,451,position_speed_gain,0.556558,-6.8403,0.963207,,,1.0,,,,,,1.0
gunshot_gunfire__fsd50k__dev__159705__0045__r0__aug5.wav,gunshot_gunfire,FSD50K,159705,freesound:159705,gunshot_gunfire__fsd50k__dev__159705__0045__r0.wav,11e13eb29b5c7ade00d890e8fc047a0dd5144bf1bc11a4ffc5290ee878c4dcb3,871cf6497a0c0f6d2ccd86fd7c4ac9e367f6a8260e11de31184872d7ad07018e,5,0.222018,44100,1.0,451,position_compression_background,0.188437,-0.0042,1.0,,,1.66544,13.7908,1.38486799,2-132157-B-11.wav,sea_waves,esc50:132157,0.86223972
gunshot_gunfire__fsd50k__dev__159706__0046__r0__aug0.wav,gunshot_gunfire,FSD50K,159706,freesound:159706,gunshot_gunfire__fsd50k__dev__159706__0046__r0.wav,743f5d451ca6aa215620d9f63a18d23ce96191df7a212d0c7238422bddce6a8a,674bd3ac40613318a457e23ea88ab5ba5f8d05ec5adc268c87a724df6e2369b4,0,1.918163,44100,1.0,451,position_only,0.789415,0.0,1.0,,,1.0,,,,,,1.0
gunshot_gunfire__fsd50k__dev__159706__0046__r0__aug1.wav,gunshot_gunfire,FSD50K,159706,freesound:159706,gunshot_gunfire__fsd50k__dev__159706__0046__r0.wav,743f5d451ca6aa215620d9f63a18d23ce96191df7a212d0c7238422bddce6a8a,8196b79f93c8f0bd19b59656302aa550c11f3b93838cf1e612c34601fb31792b,1,1.918163,44100,1.0,451,position_gain,0.563705,1.3568,1.0,,,1.0,,,,,,1.0
gunshot_gunfire__fsd50k__dev__159706__0046__r0__aug2.wav,gunshot_gunfire,FSD50K,159706,freesound:159706,gunshot_gunfire__fsd50k__dev__159706__0046__r0.wav,743f5d451ca6aa215620d9f63a18d23ce96191df7a212d0c7238422bddce6a8a,44f4cb5e5854709f75159f226dbec037f93487fb540ccba9fc6e0ea12ead4897,2,1.918163,44100,1.0,451,position_gain_background,0.231289,-1.2837,1.0,,,1.0,12.1433,0.03674629,2-131943-A-38.wav,clock_tick,esc50:131943,1.0
gunshot_gunfire__fsd50k__dev__159706__0046__r0__aug3.wav,gunshot_gunfire,FSD50K,159706,freesound:159706,gunshot_gunfire__fsd50k__dev__159706__0046__r0.wav,743f5d451ca6aa215620d9f63a18d23ce96191df7a212d0c7238422bddce6a8a,1583d1499c471e8d5df7a55d5891ee3aea6469c6d1e55db6fad8c35c5288ca92,3,1.918163,44100,1.0,451,position_filter_background,0.751443,1.7884,1.0,92.93,7700.341,1.0,20.2537,0.0018225,3-182710-A-35.wav,washing_machine,esc50:182710,1.0
gunshot_gunfire__fsd50k__dev__159706__0046__r0__aug4.wav,gunshot_gunfire,FSD50K,159706,freesound:159706,gunshot_gunfire__fsd50k__dev__159706__0046__r0.wav,743f5d451ca6aa215620d9f63a18d23ce96191df7a212d0c7238422bddce6a8a,05c87dc239b6c0ebfa048fa9e81d497d1d19ebf58d3791ad3f5ea78b62928b69,4,1.918163,44100,1.0,451,position_speed_gain,0.481463,-4.4016,0.962361,,,1.0,,,,,,1.0
gunshot_gunfire__fsd50k__dev__159706__0046__r0__aug5.wav,gunshot_gunfire,FSD50K,159706,freesound:159706,gunshot_gunfire__fsd50k__dev__159706__0046__r0.wav,743f5d451ca6aa215620d9f63a18d23ce96191df7a212d0c7238422bddce6a8a,88afa83676574746682bb2dd49ce21848eeeb3f88488d1593cc63c01c52df068,5,1.918163,44100,1.0,451,position_compression_background,0.337357,3.7587,1.0,,,1.59374,10.559,47.61707099,2-98392-A-23.wav,breathing,esc50:98392,1.0
gunshot_gunfire__fsd50k__dev__159708__0047__r0__aug0.wav,gunshot_gunfire,FSD50K,159708,freesound:159708,gunshot_gunfire__fsd50k__dev__159708__0047__r0.wav,e44738d20aa22cda07729720172554a18c94e5e7dc337110d47ac818f8c66a9c,d9f5bf4e93611e030ee505b5f7509a0ea9ea2b67ee015fdd446e559ae3c1e9f8,0,0.955351,44100,1.0,451,position_only,0.304629,0.0,1.0,,,1.0,,,,,,0.89125094
gunshot_gunfire__fsd50k__dev__159708__0047__r0__aug1.wav,gunshot_gunfire,FSD50K,159708,freesound:159708,gunshot_gunfire__fsd50k__dev__159708__0047__r0.wav,e44738d20aa22cda07729720172554a18c94e5e7dc337110d47ac818f8c66a9c,1eb6efc2a9c09624407554cb9f3e53b0d7950d7c2f0f69cb9b379a5b43da01d9,1,0.955351,44100,1.0,451,position_gain,0.631854,-10.5811,1.0,,,1.0,,,,,,1.0
gunshot_gunfire__fsd50k__dev__159708__0047__r0__aug2.wav,gunshot_gunfire,FSD50K,159708,freesound:159708,gunshot_gunfire__fsd50k__dev__159708__0047__r0.wav,e44738d20aa22cda07729720172554a18c94e5e7dc337110d47ac818f8c66a9c,43a259b40b33d014f97f172aaa5cdcd4f488ed61af10d072e0a05af88990be09,2,0.955351,44100,1.0,451,position_gain_background,0.195748,-6.2067,1.0,,,1.0,23.7899,0.09132636,1-23996-B-35.wav,washing_machine,esc50:23996,1.0
gunshot_gunfire__fsd50k__dev__159708__0047__r0__aug3.wav,gunshot_gunfire,FSD50K,159708,freesound:159708,gunshot_gunfire__fsd50k__dev__159708__0047__r0.wav,e44738d20aa22cda07729720172554a18c94e5e7dc337110d47ac818f8c66a9c,b62422aa1d6c94756ac79d9bbc9f7faafc40c35a09ada12165ed11d18fd92a93,3,0.955351,44100,1.0,451,position_filter_background,0.476433,-4.8543,1.0,134.989,7033.191,1.0,23.961,0.03477565,2-120333-A-32.wav,keyboard_typing,esc50:120333,1.0
gunshot_gunfire__fsd50k__dev__159708__0047__r0__aug4.wav,gunshot_gunfire,FSD50K,159708,freesound:159708,gunshot_gunfire__fsd50k__dev__159708__0047__r0.wav,e44738d20aa22cda07729720172554a18c94e5e7dc337110d47ac818f8c66a9c,a1a35da15d7d1d47f6fde7e8ab9fcce15b8e969754179e0612e5d6f9695d63de,4,0.955351,44100,1.0,451,position_speed_gain,0.300873,-6.0798,1.022465,,,1.0,,,,,,1.0
gunshot_gunfire__fsd50k__dev__159708__0047__r0__aug5.wav,gunshot_gunfire,FSD50K,159708,freesound:159708,gunshot_gunfire__fsd50k__dev__159708__0047__r0.wav,e44738d20aa22cda07729720172554a18c94e5e7dc337110d47ac818f8c66a9c,545c30e8705529cf1ba6dd4eb57ebb03fc800d7bc30cad949434baad8aa7a7e4,5,0.955351,44100,1.0,451,position_compression_background,0.472605,-9.469,1.0,,,1.34815,11.1096,9.56386095,3-143933-A-38.wav,clock_tick,esc50:143933,0.81613294
gunshot_gunfire__fsd50k__dev__159710__0048__r0__aug0.wav,gunshot_gunfire,FSD50K,159710,freesound:159710,gunshot_gunfire__fsd50k__dev__159710__0048__r0.wav,b4cb9f8c4ca696471e45da130d5ca5a855cc3ce03fbfb03666230e1f81a9cf0d,1d96e79f111d6caa5babed58bad00df9a9b3720f1c21f326d66e4a1f674a5f22,0,0.037438,44100,1.0,451,position_only,0.458001,0.0,1.0,,,1.0,,,,,,0.89125094
gunshot_gunfire__fsd50k__dev__159710__0048__r0__aug1.wav,gunshot_gunfire,FSD50K,159710,freesound:159710,gunshot_gunfire__fsd50k__dev__159710__0048__r0.wav,b4cb9f8c4ca696471e45da130d5ca5a855cc3ce03fbfb03666230e1f81a9cf0d,45198f6420656bd1088717f50d8f283ce95c9eb6de483e76e1429ceb9a801007,1,0.037438,44100,1.0,451,position_gain,0.492481,1.4491,1.0,,,1.0,,,,,,0.75430496
gunshot_gunfire__fsd50k__dev__159710__0048__r0__aug2.wav,gunshot_gunfire,FSD50K,159710,freesound:159710,gunshot_gunfire__fsd50k__dev__159710__0048__r0.wav,b4cb9f8c4ca696471e45da130d5ca5a855cc3ce03fbfb03666230e1f81a9cf0d,76496fa6d912b0c6b8a174b101c2849836a1dbaaf0cdabc25940b20a49397539,2,0.037438,44100,1.0,451,position_gain_background,0.546988,-4.3555,1.0,,,1.0,17.9815,0.260144,3-155642-A-11.wav,sea_waves,esc50:155642,1.0
gunshot_gunfire__fsd50k__dev__159710__0048__r0__aug3.wav,gunshot_gunfire,FSD50K,159710,freesound:159710,gunshot_gunfire__fsd50k__dev__159710__0048__r0.wav,b4cb9f8c4ca696471e45da130d5ca5a855cc3ce03fbfb03666230e1f81a9cf0d,9c9ecf07e01c9451cfe860faa1b72e3645159877d7f59666531c3f88428781ec,3,0.037438,44100,1.0,451,position_filter_background,0.638587,1.3038,1.0,236.097,5654.996,1.0,24.701,4.09177498,1-94231-B-32.wav,keyboard_typing,esc50:94231,0.63927317
gunshot_gunfire__fsd50k__dev__159710__0048__r0__aug4.wav,gunshot_gunfire,FSD50K,159710,freesound:159710,gunshot_gunfire__fsd50k__dev__159710__0048__r0.wav,b4cb9f8c4ca696471e45da130d5ca5a855cc3ce03fbfb03666230e1f81a9cf0d,e5693771357a71f499586ec94dd7684cd5f61f4257858f6872514c8f26574cd5,4,0.037438,44100,1.0,451,position_speed_gain,0.446038,-0.6133,1.018116,,,1.0,,,,,,0.9324364
gunshot_gunfire__fsd50k__dev__159710__0048__r0__aug5.wav,gunshot_gunfire,FSD50K,159710,freesound:159710,gunshot_gunfire__fsd50k__dev__159710__0048__r0.wav,b4cb9f8c4ca696471e45da130d5ca5a855cc3ce03fbfb03666230e1f81a9cf0d,273bebca4858d7b9bef170cb3091320c0be91cd8c7e7320a68d1cdf4cabeee9a,5,0.037438,44100,1.0,451,position_compression_background,0.184425,-1.5062,1.0,,,1.69821,23.2755,0.64035695,1-21934-A-38.wav,clock_tick,esc50:21934,0.9311481
gunshot_gunfire__fsd50k__dev__160355__0049__r0__aug0.wav,gunshot_gunfire,FSD50K,160355,freesound:160355,gunshot_gunfire__fsd50k__dev__160355__0049__r0.wav,4432701db8f8bffba57da1c86ebcffd5b9cfb9715c5670cb35a05c375aca7fbc,7279cd824fd0192d8f2af5ec01713bf9618904df6f2ab5c161dae524bea60dbe,0,3.285057,44100,1.0,451,position_only,0.764832,0.0,1.0,,,1.0,,,,,,1.0
gunshot_gunfire__fsd50k__dev__160355__0049__r0__aug1.wav,gunshot_gunfire,FSD50K,160355,freesound:160355,gunshot_gunfire__fsd50k__dev__160355__0049__r0.wav,4432701db8f8bffba57da1c86ebcffd5b9cfb9715c5670cb35a05c375aca7fbc,99d4c1e66cd3ce2f9b71827b58ebe55446358443122e20220c6e58ba55574c24,1,3.285057,44100,1.0,451,position_gain,0.302174,-10.1181,1.0,,,1.0,,,,,,1.0
gunshot_gunfire__fsd50k__dev__160355__0049__r0__aug2.wav,gunshot_gunfire,FSD50K,160355,freesound:160355,gunshot_gunfire__fsd50k__dev__160355__0049__r0.wav,4432701db8f8bffba57da1c86ebcffd5b9cfb9715c5670cb35a05c375aca7fbc,e702818aadee70349af5f60d6281a7517cade2f10058e7637b63f8fb71b513e1,2,3.285057,44100,1.0,451,position_gain_background,0.290569,-3.1886,1.0,,,1.0,19.3144,0.39936155,3-108160-A-23.wav,breathing,esc50:108160,1.0
gunshot_gunfire__fsd50k__dev__160355__0049__r0__aug3.wav,gunshot_gunfire,FSD50K,160355,freesound:160355,gunshot_gunfire__fsd50k__dev__160355__0049__r0.wav,4432701db8f8bffba57da1c86ebcffd5b9cfb9715c5670cb35a05c375aca7fbc,a52c2c4263740601149bc3cecac9df554216f0e78191a2828f1b726fb7f38394,3,3.285057,44100,1.0,451,position_filter_background,0.165769,-11.2575,1.0,127.248,6866.508,1.0,15.6965,0.07237555,2-132157-A-11.wav,sea_waves,esc50:132157,1.0
gunshot_gunfire__fsd50k__dev__160355__0049__r0__aug4.wav,gunshot_gunfire,FSD50K,160355,freesound:160355,gunshot_gunfire__fsd50k__dev__160355__0049__r0.wav,4432701db8f8bffba57da1c86ebcffd5b9cfb9715c5670cb35a05c375aca7fbc,cc379fbd4682a7cbca968c8181ae5dc30f49237fd47915dedbfa513c4b304add,4,3.285057,44100,1.0,451,position_speed_gain,0.237366,0.7587,0.995618,,,1.0,,,,,,1.0
gunshot_gunfire__fsd50k__dev__160355__0049__r0__aug5.wav,gunshot_gunfire,FSD50K,160355,freesound:160355,gunshot_gunfire__fsd50k__dev__160355__0049__r0.wav,4432701db8f8bffba57da1c86ebcffd5b9cfb9715c5670cb35a05c375aca7fbc,28f45a86851615ad06333a4a306f0d3f1e80b0b7494a9eca4da562c1312a5907,5,3.285057,44100,1.0,451,position_compression_background,0.656937,-8.7508,1.0,,,1.30809,10.9851,0.10983607,1-39901-A-11.wav,sea_waves,esc50:39901,1.0
gunshot_gunfire__fsd50k__dev__160772__0050__r0__aug0.wav,gunshot_gunfire,FSD50K,160772,freesound:160772,gunshot_gunfire__fsd50k__dev__160772__0050__r0.wav,e1c56fcb241e3d86605dab120ecf4e184d0b7b21df52248217e436d25753a031,22188655383d3317ee209fcf92e504bbbc363a29350dc5b4169171871c1066ba,0,0.930408,44100,1.0,451,position_only,0.73213,0.0,1.0,,,1.0,,,,,,0.9572111
gunshot_gunfire__fsd50k__dev__160772__0050__r0__aug1.wav,gunshot_gunfire,FSD50K,160772,freesound:160772,gunshot_gunfire__fsd50k__dev__160772__0050__r0.wav,e1c56fcb241e3d86605dab120ecf4e184d0b7b21df52248217e436d25753a031,9eca011578c696eaddd602239aa67088832dbe4c941a513ac84743b7b1447b13,1,0.930408,44100,1.0,451,position_gain,0.358807,1.7966,1.0,,,1.0,,,,,,0.77835197
gunshot_gunfire__fsd50k__dev__160772__0050__r0__aug2.wav,gunshot_gunfire,FSD50K,160772,freesound:160772,gunshot_gunfire__fsd50k__dev__160772__0050__r0.wav,e1c56fcb241e3d86605dab120ecf4e184d0b7b21df52248217e436d25753a031,edbb20201f3e6ca21206ced0648b6065fc22970cf69cf172541ba774133c0064,2,0.930408,44100,1.0,451,position_gain_background,0.238178,-11.0535,1.0,,,1.0,13.6567,0.04575865,3-135469-A-35.wav,washing_machine,esc50:135469,1.0
gunshot_gunfire__fsd50k__dev__160772__0050__r0__aug3.wav,gunshot_gunfire,FSD50K,160772,freesound:160772,gunshot_gunfire__fsd50k__dev__160772__0050__r0.wav,e1c56fcb241e3d86605dab120ecf4e184d0b7b21df52248217e436d25753a031,795a6d05d2e3c0a9dfba132fca6572fa6e1c10a6e3c43f38d5732602798766ee,3,0.930408,44100,1.0,451,position_filter_background,0.721534,3.1769,1.0,224.732,6597.467,1.0,14.7583,2.17664852,2-141584-A-38.wav,clock_tick,esc50:141584,0.77791909
gunshot_gunfire__fsd50k__dev__160772__0050__r0__aug4.wav,gunshot_gunfire,FSD50K,160772,freesound:160772,gunshot_gunfire__fsd50k__dev__160772__0050__r0.wav,e1c56fcb241e3d86605dab120ecf4e184d0b7b21df52248217e436d25753a031,3f0911c789f401dfa1fb8eec881197bdf6c1074b786d7f48c343748da77bd788,4,0.930408,44100,1.0,451,position_speed_gain,0.206953,-2.7945,0.975542,,,1.0,,,,,,1.0
gunshot_gunfire__fsd50k__dev__160772__0050__r0__aug5.wav,gunshot_gunfire,FSD50K,160772,freesound:160772,gunshot_gunfire__fsd50k__dev__160772__0050__r0.wav,e1c56fcb241e3d86605dab120ecf4e184d0b7b21df52248217e436d25753a031,e5a334c699f6c936f08da25e38fbb6ca9bc3c01ac96a8d98555a90d5be2a884c,5,0.930408,44100,1.0,451,position_compression_background,0.639831,-8.2234,1.0,,,1.69653,10.5541,0.06271982,2-102567-A-35.wav,washing_machine,esc50:102567,1.0
gunshot_gunfire__fsd50k__dev__160773__0051__r0__aug0.wav,gunshot_gunfire,FSD50K,160773,freesound:160773,gunshot_gunfire__fsd50k__dev__160773__0051__r0.wav,72f505a48bfcf0b15fc6c9dbe0194d4e9d5ef712ef816b718d06a09460038776,bf4854b76e242831e0a45ebebfe8cfc50b25fff8c6af5622dad75a976e99b2c6,0,12.923152,44100,1.0,451,position_only,0.508134,0.0,1.0,,,1.0,,,,,,1.0
gunshot_gunfire__fsd50k__dev__160773__0051__r0__aug1.wav,gunshot_gunfire,FSD50K,160773,freesound:160773,gunshot_gunfire__fsd50k__dev__160773__0051__r0.wav,72f505a48bfcf0b15fc6c9dbe0194d4e9d5ef712ef816b718d06a09460038776,3f97dc7163c3b4980b667a5fb4345f57997a5ecd6750421582786f89e490325a,1,12.923152,44100,1.0,451,position_gain,0.717086,-7.7998,1.0,,,1.0,,,,,,1.0
gunshot_gunfire__fsd50k__dev__160773__0051__r0__aug2.wav,gunshot_gunfire,FSD50K,160773,freesound:160773,gunshot_gunfire__fsd50k__dev__160773__0051__r0.wav,72f505a48bfcf0b15fc6c9dbe0194d4e9d5ef712ef816b718d06a09460038776,7bdca19d8f912d16a3389da0a9744b6a87d3777fe1446de54ad61506239a5bba,2,12.923152,44100,1.0,451,position_gain_background,0.558339,-6.4272,1.0,,,1.0,10.2119,0.09718113,2-109316-A-32.wav,keyboard_typing,esc50:109316,1.0
gunshot_gunfire__fsd50k__dev__160773__0051__r0__aug3.wav,gunshot_gunfire,FSD50K,160773,freesound:160773,gunshot_gunfire__fsd50k__dev__160773__0051__r0.wav,72f505a48bfcf0b15fc6c9dbe0194d4e9d5ef712ef816b718d06a09460038776,3609de182c59e287cdb22bee38d024dcd3a6f20bea4b9826ebd42f4d28760fd0,3,12.923152,44100,1.0,451,position_filter_background,0.602559,-3.6326,1.0,107.323,7534.797,1.0,13.8671,0.03613758,3-153444-A-32.wav,keyboard_typing,esc50:153444,1.0
gunshot_gunfire__fsd50k__dev__160773__0051__r0__aug4.wav,gunshot_gunfire,FSD50K,160773,freesound:160773,gunshot_gunfire__fsd50k__dev__160773__0051__r0.wav,72f505a48bfcf0b15fc6c9dbe0194d4e9d5ef712ef816b718d06a09460038776,6840ad4799ca7d1c19793c972929a60fca2dc5a02c8cd308f8046af034ece497,4,12.923152,44100,1.0,451,position_speed_gain,0.371765,0.1709,1.004319,,,1.0,,,,,,1.0
gunshot_gunfire__fsd50k__dev__160773__0051__r0__aug5.wav,gunshot_gunfire,FSD50K,160773,freesound:160773,gunshot_gunfire__fsd50k__dev__160773__0051__r0.wav,72f505a48bfcf0b15fc6c9dbe0194d4e9d5ef712ef816b718d06a09460038776,f6bc391f5bc88357fd2b8ae7d2b87e9ffad06771914e0c905194a51213c41317,5,12.923152,44100,1.0,451,position_compression_background,0.784799,-8.1405,1.0,,,1.55707,17.3514,0.15730437,2-127108-A-38.wav,clock_tick,esc50:127108,1.0
gunshot_gunfire__fsd50k__dev__161968__0052__r0__aug0.wav,gunshot_gunfire,FSD50K,161968,freesound:161968,gunshot_gunfire__fsd50k__dev__161968__0052__r0.wav,3b744f6c14e4574905a81df1f4fa369b980c73399ca3ddb5c29324ee68cea647,9feeea8c1c21bc7b157f09907681d403903252958cfa195e80ae02fbf3b3d5f4,0,0.725873,44100,1.0,451,position_only,0.363539,0.0,1.0,,,1.0,,,,,,0.94758309
gunshot_gunfire__fsd50k__dev__161968__0052__r0__aug1.wav,gunshot_gunfire,FSD50K,161968,freesound:161968,gunshot_gunfire__fsd50k__dev__161968__0052__r0.wav,3b744f6c14e4574905a81df1f4fa369b980c73399ca3ddb5c29324ee68cea647,763b08346b248e62469ab92f2d9c94cb268a8198d78a31fa631653f359e67b33,1,0.725873,44100,1.0,451,position_gain,0.425927,4.3815,1.0,,,1.0,,,,,,0.5721911
gunshot_gunfire__fsd50k__dev__161968__0052__r0__aug2.wav,gunshot_gunfire,FSD50K,161968,freesound:161968,gunshot_gunfire__fsd50k__dev__161968__0052__r0.wav,3b744f6c14e4574905a81df1f4fa369b980c73399ca3ddb5c29324ee68cea647,fd4a14c1ffb01bd8aaa8e52b74962fbb0449b0af4e7228b90645045b25cf5d63,2,0.725873,44100,1.0,451,position_gain_background,0.523468,-1.994,1.0,,,1.0,23.0066,0.40958024,1-36393-A-23.wav,breathing,esc50:36393,1.0
gunshot_gunfire__fsd50k__dev__161968__0052__r0__aug3.wav,gunshot_gunfire,FSD50K,161968,freesound:161968,gunshot_gunfire__fsd50k__dev__161968__0052__r0.wav,3b744f6c14e4574905a81df1f4fa369b980c73399ca3ddb5c29324ee68cea647,f53dc31aeb6fbfc374f35225968f23bbc1adf35220ecd7b7fb2f2555681bdce6,3,0.725873,44100,1.0,451,position_filter_background,0.284004,3.7664,1.0,121.252,7410.564,1.0,20.7159,2.86005889,3-112557-A-23.wav,breathing,esc50:112557,0.50390924
gunshot_gunfire__fsd50k__dev__161968__0052__r0__aug4.wav,gunshot_gunfire,FSD50K,161968,freesound:161968,gunshot_gunfire__fsd50k__dev__161968__0052__r0.wav,3b744f6c14e4574905a81df1f4fa369b980c73399ca3ddb5c29324ee68cea647,e0db884036057cd298b1aade62bc345926b3e6ecc92a53d1a68f91633f670b5a,4,0.725873,44100,1.0,451,position_speed_gain,0.226903,3.8321,0.963764,,,1.0,,,,,,0.57364935
gunshot_gunfire__fsd50k__dev__161968__0052__r0__aug5.wav,gunshot_gunfire,FSD50K,161968,freesound:161968,gunshot_gunfire__fsd50k__dev__161968__0052__r0.wav,3b744f6c14e4574905a81df1f4fa369b980c73399ca3ddb5c29324ee68cea647,a8202cd4f157cdd42bd6c799e36d5f6817352a221d86b2f220982e542bfabf17,5,0.725873,44100,1.0,451,position_compression_background,0.205838,-8.8142,1.0,,,1.65034,13.283,0.92956749,3-164688-A-38.wav,clock_tick,esc50:164688,1.0
gunshot_gunfire__fsd50k__dev__161969__0053__r0__aug0.wav,gunshot_gunfire,FSD50K,161969,freesound:161969,gunshot_gunfire__fsd50k__dev__161969__0053__r0.wav,ebb7081ee2c7cc81e6f26596815164e2b6c8849d1178d14faef71cef9b482382,abc3b943ae43ad4059a36199d54dd19a1ad527a29db9331d707d7060d77441c1,0,1.149909,44100,1.0,451,position_only,0.74734,0.0,1.0,,,1.0,,,,,,0.89228569
gunshot_gunfire__fsd50k__dev__161969__0053__r0__aug1.wav,gunshot_gunfire,FSD50K,161969,freesound:161969,gunshot_gunfire__fsd50k__dev__161969__0053__r0.wav,ebb7081ee2c7cc81e6f26596815164e2b6c8849d1178d14faef71cef9b482382,4f4b12f7d07e95846459b3c6d014d49397fe3f38d35052ac6571952bfc05dcb9,1,1.149909,44100,1.0,451,position_gain,0.530641,3.5467,1.0,,,1.0,,,,,,0.59315459
gunshot_gunfire__fsd50k__dev__161969__0053__r0__aug2.wav,gunshot_gunfire,FSD50K,161969,freesound:161969,gunshot_gunfire__fsd50k__dev__161969__0053__r0.wav,ebb7081ee2c7cc81e6f26596815164e2b6c8849d1178d14faef71cef9b482382,830b418eb289ba99c53f69b3da9a3d05909e13c53f99b04cec603ad6400cf347,2,1.149909,44100,1.0,451,position_gain_background,0.521651,-6.6767,1.0,,,1.0,24.5476,0.04298897,2-102852-A-11.wav,sea_waves,esc50:102852,1.0
gunshot_gunfire__fsd50k__dev__161969__0053__r0__aug3.wav,gunshot_gunfire,FSD50K,161969,freesound:161969,gunshot_gunfire__fsd50k__dev__161969__0053__r0.wav,ebb7081ee2c7cc81e6f26596815164e2b6c8849d1178d14faef71cef9b482382,e46d9eac31f456cb1d93d90252b0f96e978c9dbc4b1390201b2c5cb6be96de87,3,1.149909,44100,1.0,451,position_filter_background,0.762912,-0.9981,1.0,216.068,5860.989,1.0,20.0156,1.11761028,3-112557-B-23.wav,breathing,esc50:112557,0.82498727
gunshot_gunfire__fsd50k__dev__161969__0053__r0__aug4.wav,gunshot_gunfire,FSD50K,161969,freesound:161969,gunshot_gunfire__fsd50k__dev__161969__0053__r0.wav,ebb7081ee2c7cc81e6f26596815164e2b6c8849d1178d14faef71cef9b482382,235246588b7bb03a40e4cdc809362b798f4cdc60054ea745f38095d29aa38916,4,1.149909,44100,1.0,451,position_speed_gain,0.343672,-2.7328,1.033916,,,1.0,,,,,,1.0
gunshot_gunfire__fsd50k__dev__161969__0053__r0__aug5.wav,gunshot_gunfire,FSD50K,161969,freesound:161969,gunshot_gunfire__fsd50k__dev__161969__0053__r0.wav,ebb7081ee2c7cc81e6f26596815164e2b6c8849d1178d14faef71cef9b482382,267355a16a4fe6e75fe91ec4a245466f2bc70648c23ec54f9e0589213ed8602d,5,1.149909,44100,1.0,451,position_compression_background,0.635072,-11.5067,1.0,,,1.37036,16.6881,5.41603362,3-166125-B-23.wav,breathing,esc50:166125,1.0
gunshot_gunfire__fsd50k__dev__161970__0054__r0__aug0.wav,gunshot_gunfire,FSD50K,161970,freesound:161970,gunshot_gunfire__fsd50k__dev__161970__0054__r0.wav,04cc110c850caa5ba2555c42008af1da26799c9e2455a1f575db8ff55cd47686,dafd59175f081c1436de4ac4b553fe75ebb0534cd3b581388c2f854437111768,0,1.174853,44100,1.0,451,position_only,0.769258,0.0,1.0,,,1.0,,,,,,1.0
gunshot_gunfire__fsd50k__dev__161970__0054__r0__aug1.wav,gunshot_gunfire,FSD50K,161970,freesound:161970,gunshot_gunfire__fsd50k__dev__161970__0054__r0.wav,04cc110c850caa5ba2555c42008af1da26799c9e2455a1f575db8ff55cd47686,90c0a94d41300a583d4c4bdbd3c9e76f68b04f039048152e43ce57289b392bfb,1,1.174853,44100,1.0,451,position_gain,0.409097,-1.3893,1.0,,,1.0,,,,,,1.0
gunshot_gunfire__fsd50k__dev__161970__0054__r0__aug2.wav,gunshot_gunfire,FSD50K,161970,freesound:161970,gunshot_gunfire__fsd50k__dev__161970__0054__r0.wav,04cc110c850caa5ba2555c42008af1da26799c9e2455a1f575db8ff55cd47686,74dd320bd93cf7a2aca89f318f6336085035855cfd40862eaad688f2b830b0bf,2,1.174853,44100,1.0,451,position_gain_background,0.494495,0.3931,1.0,,,1.0,20.3729,0.18343477,2-50774-A-23.wav,breathing,esc50:50774,1.0
gunshot_gunfire__fsd50k__dev__161970__0054__r0__aug3.wav,gunshot_gunfire,FSD50K,161970,freesound:161970,gunshot_gunfire__fsd50k__dev__161970__0054__r0.wav,04cc110c850caa5ba2555c42008af1da26799c9e2455a1f575db8ff55cd47686,431788118a70d057257e050c213c3bd7cda15645b2eef4382f067ab09c8f3bbc,3,1.174853,44100,1.0,451,position_filter_background,0.382655,-3.3662,1.0,132.663,7750.131,1.0,20.0523,0.06040629,1-49098-A-35.wav,washing_machine,esc50:49098,1.0
gunshot_gunfire__fsd50k__dev__161970__0054__r0__aug4.wav,gunshot_gunfire,FSD50K,161970,freesound:161970,gunshot_gunfire__fsd50k__dev__161970__0054__r0.wav,04cc110c850caa5ba2555c42008af1da26799c9e2455a1f575db8ff55cd47686,abf4009094e525218b78dae911117d0250faa1aeb6d42d39b611c827ff84e97c,4,1.174853,44100,1.0,451,position_speed_gain,0.231677,4.5892,1.004841,,,1.0,,,,,,0.66301106
gunshot_gunfire__fsd50k__dev__161970__0054__r0__aug5.wav,gunshot_gunfire,FSD50K,161970,freesound:161970,gunshot_gunfire__fsd50k__dev__161970__0054__r0.wav,04cc110c850caa5ba2555c42008af1da26799c9e2455a1f575db8ff55cd47686,9d7c89aec1afb79e939cf3e96ad795cb014cd41076241888b66fad0aef41e413,5,1.174853,44100,1.0,451,position_compression_background,0.784426,-9.8758,1.0,,,1.66257,22.6321,0.37898309,1-57163-A-38.wav,clock_tick,esc50:57163,1.0
gunshot_gunfire__fsd50k__dev__162258__0055__r0__aug0.wav,gunshot_gunfire,FSD50K,162258,freesound:162258,gunshot_gunfire__fsd50k__dev__162258__0055__r0.wav,00fa9f7afa4d9f9e1727ce0625c4ca62baf21cade5c0e1d12e0c7b016c063417,1d4cf29a2adf03f30285e0a3c1763804c50d9d6d20d2c1dcd3ea0d0e9282eccd,0,0.656032,44100,1.0,451,position_only,0.166626,0.0,1.0,,,1.0,,,,,,1.0
gunshot_gunfire__fsd50k__dev__162258__0055__r0__aug1.wav,gunshot_gunfire,FSD50K,162258,freesound:162258,gunshot_gunfire__fsd50k__dev__162258__0055__r0.wav,00fa9f7afa4d9f9e1727ce0625c4ca62baf21cade5c0e1d12e0c7b016c063417,24cf26bd8c8094407dfbbfc26b0ac1da426f9c0c1598dc12ddb81b866ab3771b,1,0.656032,44100,1.0,451,position_gain,0.530765,0.7073,1.0,,,1.0,,,,,,1.0
gunshot_gunfire__fsd50k__dev__162258__0055__r0__aug2.wav,gunshot_gunfire,FSD50K,162258,freesound:162258,gunshot_gunfire__fsd50k__dev__162258__0055__r0.wav,00fa9f7afa4d9f9e1727ce0625c4ca62baf21cade5c0e1d12e0c7b016c063417,ba167e496a77a89fcedfc21f81251c47c61ae4fd7346d2e10a971760e313a227,2,0.656032,44100,1.0,451,position_gain_background,0.386482,1.0275,1.0,,,1.0,10.5809,0.10998782,3-151273-A-35.wav,washing_machine,esc50:151273,1.0
gunshot_gunfire__fsd50k__dev__162258__0055__r0__aug3.wav,gunshot_gunfire,FSD50K,162258,freesound:162258,gunshot_gunfire__fsd50k__dev__162258__0055__r0.wav,00fa9f7afa4d9f9e1727ce0625c4ca62baf21cade5c0e1d12e0c7b016c063417,377a2953cdc416b6527ea830f9635860c120f4ab18c938ca97485af62b502e4b,3,0.656032,44100,1.0,451,position_filter_background,0.554885,0.913,1.0,82.839,6698.467,1.0,14.473,0.10688417,1-91359-B-11.wav,sea_waves,esc50:91359,1.0
gunshot_gunfire__fsd50k__dev__162258__0055__r0__aug4.wav,gunshot_gunfire,FSD50K,162258,freesound:162258,gunshot_gunfire__fsd50k__dev__162258__0055__r0.wav,00fa9f7afa4d9f9e1727ce0625c4ca62baf21cade5c0e1d12e0c7b016c063417,c3ac5640d9f5181ce751cdf1fd926def0b5463b286ad87d692b146a0c87eb01d,4,0.656032,44100,1.0,451,position_speed_gain,0.503103,0.9107,0.962136,,,1.0,,,,,,1.0
gunshot_gunfire__fsd50k__dev__162258__0055__r0__aug5.wav,gunshot_gunfire,FSD50K,162258,freesound:162258,gunshot_gunfire__fsd50k__dev__162258__0055__r0.wav,00fa9f7afa4d9f9e1727ce0625c4ca62baf21cade5c0e1d12e0c7b016c063417,66811a130d649ad9edad26b21eee04100106b4f5682ad782cf3cc197bd96333a,5,0.656032,44100,1.0,451,position_compression_background,0.196822,-4.9229,1.0,,,1.64444,17.6187,0.01811357,2-51173-A-35.wav,washing_machine,esc50:51173,1.0
gunshot_gunfire__fsd50k__dev__162262__0056__r0__aug0.wav,gunshot_gunfire,FSD50K,162262,freesound:162262,gunshot_gunfire__fsd50k__dev__162262__0056__r0.wav,77d41e3ce82dd25dd07d4ff0d719370fad3f80f827a17c5744e9cc57f6410f12,1bc3f7be9468a477fd5d71b812983efe2e3f9bef9f9e9272309caa797355508d,0,1.943107,44100,1.0,451,position_only,0.688081,0.0,1.0,,,1.0,,,,,,1.0
gunshot_gunfire__fsd50k__dev__162262__0056__r0__aug1.wav,gunshot_gunfire,FSD50K,162262,freesound:162262,gunshot_gunfire__fsd50k__dev__162262__0056__r0.wav,77d41e3ce82dd25dd07d4ff0d719370fad3f80f827a17c5744e9cc57f6410f12,531cf3e75b5f7007814785c6c3b1a27ddcb55079c4fe45b21520308a4793e293,1,1.943107,44100,1.0,451,position_gain,0.35946,-4.8869,1.0,,,1.0,,,,,,1.0
gunshot_gunfire__fsd50k__dev__162262__0056__r0__aug2.wav,gunshot_gunfire,FSD50K,162262,freesound:162262,gunshot_gunfire__fsd50k__dev__162262__0056__r0.wav,77d41e3ce82dd25dd07d4ff0d719370fad3f80f827a17c5744e9cc57f6410f12,c52d9ac296e0f6c23741ca83e2b6572afa3fed0f250682fd66ee86d41070849a,2,1.943107,44100,1.0,451,position_gain_background,0.276069,-8.1901,1.0,,,1.0,10.4597,0.78190697,3-170383-A-38.wav,clock_tick,esc50:170383,1.0
gunshot_gunfire__fsd50k__dev__162262__0056__r0__aug3.wav,gunshot_gunfire,FSD50K,162262,freesound:162262,gunshot_gunfire__fsd50k__dev__162262__0056__r0.wav,77d41e3ce82dd25dd07d4ff0d719370fad3f80f827a17c5744e9cc57f6410f12,157f2fe37c8b00fb80ccdfacaefe8ed2954496197197343018430c9389dd6c49,3,1.943107,44100,1.0,451,position_filter_background,0.749793,-3.3006,1.0,206.057,6018.375,1.0,19.4278,0.0836788,2-140147-A-38.wav,clock_tick,esc50:140147,1.0
gunshot_gunfire__fsd50k__dev__162262__0056__r0__aug4.wav,gunshot_gunfire,FSD50K,162262,freesound:162262,gunshot_gunfire__fsd50k__dev__162262__0056__r0.wav,77d41e3ce82dd25dd07d4ff0d719370fad3f80f827a17c5744e9cc57f6410f12,7a5b2c1f4e294ae7e1907576ddd456f37e67652c536e1a8e39f173198e472f62,4,1.943107,44100,1.0,451,position_speed_gain,0.7982,4.2301,0.967262,,,1.0,,,,,,1.0
gunshot_gunfire__fsd50k__dev__162262__0056__r0__aug5.wav,gunshot_gunfire,FSD50K,162262,freesound:162262,gunshot_gunfire__fsd50k__dev__162262__0056__r0.wav,77d41e3ce82dd25dd07d4ff0d719370fad3f80f827a17c5744e9cc57f6410f12,b36af994e3c832f8c019f88ee8989bdf34e77712ab6202e77a1f8fa4f51acb89,5,1.943107,44100,1.0,451,position_compression_background,0.534625,-3.171,1.0,,,1.37652,23.9996,0.03029584,1-39901-A-11.wav,sea_waves,esc50:39901,1.0
gunshot_gunfire__fsd50k__dev__162263__0057__r0__aug0.wav,gunshot_gunfire,FSD50K,162263,freesound:162263,gunshot_gunfire__fsd50k__dev__162263__0057__r0.wav,3e10f2d957204c6e22e74a1f7bd4721644ea7fb579ebc6b1851b2bba608b1cb8,f929cd316201b78d2f588d2066c50e0966c1c3591421378f62570c487400731e,0,8.75263,44100,1.0,451,position_only,0.401633,0.0,1.0,,,1.0,,,,,,0.89127814
gunshot_gunfire__fsd50k__dev__162263__0057__r0__aug1.wav,gunshot_gunfire,FSD50K,162263,freesound:162263,gunshot_gunfire__fsd50k__dev__162263__0057__r0.wav,3e10f2d957204c6e22e74a1f7bd4721644ea7fb579ebc6b1851b2bba608b1cb8,2059d309d0721aee4ad271cec5981b41b0b5a0d0deae8e2ffb4bd7d1839b7c57,1,8.75263,44100,1.0,451,position_gain,0.198783,-10.8243,1.0,,,1.0,,,,,,1.0
gunshot_gunfire__fsd50k__dev__162263__0057__r0__aug2.wav,gunshot_gunfire,FSD50K,162263,freesound:162263,gunshot_gunfire__fsd50k__dev__162263__0057__r0.wav,3e10f2d957204c6e22e74a1f7bd4721644ea7fb579ebc6b1851b2bba608b1cb8,70422e959453ba177d5b230313b794146fbe8631b23ea08da0ebd131d91f9d11,2,8.75263,44100,1.0,451,position_gain_background,0.616417,-1.1493,1.0,,,1.0,12.0009,121.81764307,3-112557-B-23.wav,breathing,esc50:112557,1.0
gunshot_gunfire__fsd50k__dev__162263__0057__r0__aug3.wav,gunshot_gunfire,FSD50K,162263,freesound:162263,gunshot_gunfire__fsd50k__dev__162263__0057__r0.wav,3e10f2d957204c6e22e74a1f7bd4721644ea7fb579ebc6b1851b2bba608b1cb8,2faff18ae2175674755e608711ee9c17a662bdcb2641ce758fe662191d9423f8,3,8.75263,44100,1.0,451,position_filter_background,0.458787,0.1076,1.0,211.649,5700.577,1.0,10.4077,0.46716175,2-125966-A-11.wav,sea_waves,esc50:125966,0.77849785
gunshot_gunfire__fsd50k__dev__162263__0057__r0__aug4.wav,gunshot_gunfire,FSD50K,162263,freesound:162263,gunshot_gunfire__fsd50k__dev__162263__0057__r0.wav,3e10f2d957204c6e22e74a1f7bd4721644ea7fb579ebc6b1851b2bba608b1cb8,a54d18620f1102bcb9c31286b2d2d377a7c3706f21fd0793f888e02cf7cb6831,4,8.75263,44100,1.0,451,position_speed_gain,0.504159,-6.7179,0.997431,,,1.0,,,,,,1.0
gunshot_gunfire__fsd50k__dev__162263__0057__r0__aug5.wav,gunshot_gunfire,FSD50K,162263,freesound:162263,gunshot_gunfire__fsd50k__dev__162263__0057__r0.wav,3e10f2d957204c6e22e74a1f7bd4721644ea7fb579ebc6b1851b2bba608b1cb8,b59eaf0610488a927b66d891a886dbcefe84aad1248a395463576dcbd9b121a2,5,8.75263,44100,1.0,451,position_compression_background,0.66781,-11.5665,1.0,,,1.5708,12.6801,0.30676233,1-21934-A-38.wav,clock_tick,esc50:21934,1.0
gunshot_gunfire__fsd50k__dev__162397__0058__r0__aug0.wav,gunshot_gunfire,FSD50K,162397,freesound:162397,gunshot_gunfire__fsd50k__dev__162397__0058__r0.wav,5b5a0e33ad53a650e25dd686d5ee883fcbdefc5d2dafa959a67c18eb0a01aa19,35ccb65afbe0c7f7562bbf8a24cc81ab42763e15c77829365a839e4edbb82810,0,0.037438,44100,1.0,451,position_only,0.424187,0.0,1.0,,,1.0,,,,,,0.9676135
gunshot_gunfire__fsd50k__dev__162397__0058__r0__aug1.wav,gunshot_gunfire,FSD50K,162397,freesound:162397,gunshot_gunfire__fsd50k__dev__162397__0058__r0.wav,5b5a0e33ad53a650e25dd686d5ee883fcbdefc5d2dafa959a67c18eb0a01aa19,10b3474e2e8552b207cc26d9394f9ff645b0689cdf3afc4d238f826a44b710a5,1,0.037438,44100,1.0,451,position_gain,0.525331,-5.792,1.0,,,1.0,,,,,,1.0
gunshot_gunfire__fsd50k__dev__162397__0058__r0__aug2.wav,gunshot_gunfire,FSD50K,162397,freesound:162397,gunshot_gunfire__fsd50k__dev__162397__0058__r0.wav,5b5a0e33ad53a650e25dd686d5ee883fcbdefc5d2dafa959a67c18eb0a01aa19,e971ea0e652626a89c0c5dfd8b6404f4aae7e2455fce633461b859fa74433bcf,2,0.037438,44100,1.0,451,position_gain_background,0.312805,-11.555,1.0,,,1.0,14.733,0.31975454,2-133863-A-11.wav,sea_waves,esc50:133863,1.0
gunshot_gunfire__fsd50k__dev__162397__0058__r0__aug3.wav,gunshot_gunfire,FSD50K,162397,freesound:162397,gunshot_gunfire__fsd50k__dev__162397__0058__r0.wav,5b5a0e33ad53a650e25dd686d5ee883fcbdefc5d2dafa959a67c18eb0a01aa19,f3ba0d75dfa7584a89cdec6c602977c1e36d7ede7367b67b3cd6da63c12667f3,3,0.037438,44100,1.0,451,position_filter_background,0.541494,4.2944,1.0,129.966,5612.918,1.0,21.1986,0.37204349,1-30709-B-23.wav,breathing,esc50:30709,0.43990072
gunshot_gunfire__fsd50k__dev__162397__0058__r0__aug4.wav,gunshot_gunfire,FSD50K,162397,freesound:162397,gunshot_gunfire__fsd50k__dev__162397__0058__r0.wav,5b5a0e33ad53a650e25dd686d5ee883fcbdefc5d2dafa959a67c18eb0a01aa19,07cdac40fc0a7751e462b0478bdeb07a7b12e93bdd94f64789c51ae3a112bfec,4,0.037438,44100,1.0,451,position_speed_gain,0.676871,-1.3559,0.988482,,,1.0,,,,,,1.0
gunshot_gunfire__fsd50k__dev__162397__0058__r0__aug5.wav,gunshot_gunfire,FSD50K,162397,freesound:162397,gunshot_gunfire__fsd50k__dev__162397__0058__r0.wav,5b5a0e33ad53a650e25dd686d5ee883fcbdefc5d2dafa959a67c18eb0a01aa19,03d574c8513677040b928f56b315ea4006cc566259628368cf0dc5d64f73e838,5,0.037438,44100,1.0,451,position_compression_background,0.167227,-10.5834,1.0,,,1.33227,17.8809,11238.86241326,1-36400-A-23.wav,breathing,esc50:36400,1.0
gunshot_gunfire__fsd50k__dev__162398__0059__r0__aug0.wav,gunshot_gunfire,FSD50K,162398,freesound:162398,gunshot_gunfire__fsd50k__dev__162398__0059__r0.wav,4412cc1081a3effd05ca0d099d10f8a9e08d2fc25cb01680e0add4e35d46f0d8,332cdbb28513815db16dcc4ebb34b263fce4d023441d1901a7497a5333566fde,0,0.047415,44100,1.0,451,position_only,0.620715,0.0,1.0,,,1.0,,,,,,0.97163758
gunshot_gunfire__fsd50k__dev__162398__0059__r0__aug1.wav,gunshot_gunfire,FSD50K,162398,freesound:162398,gunshot_gunfire__fsd50k__dev__162398__0059__r0.wav,4412cc1081a3effd05ca0d099d10f8a9e08d2fc25cb01680e0add4e35d46f0d8,c0314a2416de1102f5907032a62d59c09afc6ddb99fa97a98cd54f40d08d8a5b,1,0.047415,44100,1.0,451,position_gain,0.738324,1.7849,1.0,,,1.0,,,,,,0.79115141
gunshot_gunfire__fsd50k__dev__162398__0059__r0__aug2.wav,gunshot_gunfire,FSD50K,162398,freesound:162398,gunshot_gunfire__fsd50k__dev__162398__0059__r0.wav,4412cc1081a3effd05ca0d099d10f8a9e08d2fc25cb01680e0add4e35d46f0d8,c1f52d8be2a2b22074c80236b6d806639cc83efef8bc7067fa304f6a3f2e80dd,2,0.047415,44100,1.0,451,position_gain_background,0.799542,-9.7443,1.0,,,1.0,11.1403,0.23539978,1-27165-A-35.wav,washing_machine,esc50:27165,1.0
gunshot_gunfire__fsd50k__dev__162398__0059__r0__aug3.wav,gunshot_gunfire,FSD50K,162398,freesound:162398,gunshot_gunfire__fsd50k__dev__162398__0059__r0.wav,4412cc1081a3effd05ca0d099d10f8a9e08d2fc25cb01680e0add4e35d46f0d8,1b3717d70df224820aed4773e6f0c8b12fc7a0a1c44e432d1969ea4389fcba03,3,0.047415,44100,1.0,451,position_filter_background,0.529981,0.4173,1.0,166.311,5728.722,1.0,18.74,0.15311536,1-27166-A-35.wav,washing_machine,esc50:27166,0.61358063
gunshot_gunfire__fsd50k__dev__162398__0059__r0__aug4.wav,gunshot_gunfire,FSD50K,162398,freesound:162398,gunshot_gunfire__fsd50k__dev__162398__0059__r0.wav,4412cc1081a3effd05ca0d099d10f8a9e08d2fc25cb01680e0add4e35d46f0d8,f446b94165c74f598f17662e9a96f2d216d684bcf26ac8363b9b4af0874124b6,4,0.047415,44100,1.0,451,position_speed_gain,0.566137,-11.8005,1.028849,,,1.0,,,,,,1.0
gunshot_gunfire__fsd50k__dev__162398__0059__r0__aug5.wav,gunshot_gunfire,FSD50K,162398,freesound:162398,gunshot_gunfire__fsd50k__dev__162398__0059__r0.wav,4412cc1081a3effd05ca0d099d10f8a9e08d2fc25cb01680e0add4e35d46f0d8,ee183bb59d6a70ff28e825c22fe22b415c3fe72c598af7443d2af67fd6b661ef,5,0.047415,44100,1.0,451,position_compression_background,0.399821,-7.0244,1.0,,,1.69911,14.6689,0.37206584,1-84393-A-32.wav,keyboard_typing,esc50:84393,1.0
gunshot_gunfire__fsd50k__dev__162403__0060__r0__aug0.wav,gunshot_gunfire,FSD50K,162403,freesound:162403,gunshot_gunfire__fsd50k__dev__162403__0060__r0.wav,20aac7be99ed86e6ffb2885493f4979dfd9ce2c8cdc1ebe3196fd74e33d5f236,fbb1966c4f48b5639d8c2efe6e693b860b4f37e1a7d566cdd9ef9a9b341dded3,0,0.022472,44100,1.0,451,position_only,0.513212,0.0,1.0,,,1.0,,,,,,0.96572569
gunshot_gunfire__fsd50k__dev__162403__0060__r0__aug1.wav,gunshot_gunfire,FSD50K,162403,freesound:162403,gunshot_gunfire__fsd50k__dev__162403__0060__r0.wav,20aac7be99ed86e6ffb2885493f4979dfd9ce2c8cdc1ebe3196fd74e33d5f236,a0462dfd64421e281c8f0a5bb68ae3722806bbba75f07a28d1d0448914063cc2,1,0.022472,44100,1.0,451,position_gain,0.243956,-6.9236,1.0,,,1.0,,,,,,1.0
gunshot_gunfire__fsd50k__dev__162403__0060__r0__aug2.wav,gunshot_gunfire,FSD50K,162403,freesound:162403,gunshot_gunfire__fsd50k__dev__162403__0060__r0.wav,20aac7be99ed86e6ffb2885493f4979dfd9ce2c8cdc1ebe3196fd74e33d5f236,bc4e0d3eb43c6e14a1e9c047f8615acb93de437c367c2e60f9028c684eca1573,2,0.022472,44100,1.0,451,position_gain_background,0.454063,-11.2276,1.0,,,1.0,22.2083,0.05070181,3-151273-A-35.wav,washing_machine,esc50:151273,1.0
gunshot_gunfire__fsd50k__dev__162403__0060__r0__aug3.wav,gunshot_gunfire,FSD50K,162403,freesound:162403,gunshot_gunfire__fsd50k__dev__162403__0060__r0.wav,20aac7be99ed86e6ffb2885493f4979dfd9ce2c8cdc1ebe3196fd74e33d5f236,411310669803b430ac594a19309e7baaefc5d31159a08671cb4ce8bd901c3282,3,0.022472,44100,1.0,451,position_filter_background,0.547935,-0.2676,1.0,183.427,5824.38,1.0,20.7581,5.93304492,3-154781-A-32.wav,keyboard_typing,esc50:154781,0.63383298
gunshot_gunfire__fsd50k__dev__162403__0060__r0__aug4.wav,gunshot_gunfire,FSD50K,162403,freesound:162403,gunshot_gunfire__fsd50k__dev__162403__0060__r0.wav,20aac7be99ed86e6ffb2885493f4979dfd9ce2c8cdc1ebe3196fd74e33d5f236,651ca793bd3bc18404edc3bc16ddce957a38543e0cfc1d066ac28e13d226a256,4,0.022472,44100,1.0,451,position_speed_gain,0.518597,-5.5225,1.029821,,,1.0,,,,,,1.0
gunshot_gunfire__fsd50k__dev__162403__0060__r0__aug5.wav,gunshot_gunfire,FSD50K,162403,freesound:162403,gunshot_gunfire__fsd50k__dev__162403__0060__r0.wav,20aac7be99ed86e6ffb2885493f4979dfd9ce2c8cdc1ebe3196fd74e33d5f236,8fd90d312ac2f940033b162a20fb7e390b9b0c05c80fb592cdf1e3dd0789dbb0,5,0.022472,44100,1.0,451,position_compression_background,0.388857,-7.312,1.0,,,1.33169,13.741,2.44385626,2-95567-A-23.wav,breathing,esc50:95567,1.0
gunshot_gunfire__fsd50k__dev__162431__0061__r0__aug0.wav,gunshot_gunfire,FSD50K,162431,freesound:162431,gunshot_gunfire__fsd50k__dev__162431__0061__r0.wav,4814ce35192e6d7570b4b69fee7258b4a8279ea6e2b3e9dfb2205d966972b97d,4c30154a9308702a7f4ceb99edd8edf7abad274b7c3260f1b01528e8365c23fb,0,0.052404,44100,1.0,451,position_only,0.376816,0.0,1.0,,,1.0,,,,,,0.89125094
gunshot_gunfire__fsd50k__dev__162431__0061__r0__aug1.wav,gunshot_gunfire,FSD50K,162431,freesound:162431,gunshot_gunfire__fsd50k__dev__162431__0061__r0.wav,4814ce35192e6d7570b4b69fee7258b4a8279ea6e2b3e9dfb2205d966972b97d,d82b566dbb7ce3127c1e63f0fc10fd06b58ee93d83ab2964a0162e4c34cdeff9,1,0.052404,44100,1.0,451,position_gain,0.196499,4.4912,1.0,,,1.0,,,,,,0.5314213
gunshot_gunfire__fsd50k__dev__162431__0061__r0__aug2.wav,gunshot_gunfire,FSD50K,162431,freesound:162431,gunshot_gunfire__fsd50k__dev__162431__0061__r0.wav,4814ce35192e6d7570b4b69fee7258b4a8279ea6e2b3e9dfb2205d966972b97d,835c405123f6043f9a0f369135e86405fccafd65e577f46c213b130c8527064c,2,0.052404,44100,1.0,451,position_gain_background,0.755043,-10.9808,1.0,,,1.0,23.2014,0.59057433,1-53501-A-32.wav,keyboard_typing,esc50:53501,1.0
gunshot_gunfire__fsd50k__dev__162431__0061__r0__aug3.wav,gunshot_gunfire,FSD50K,162431,freesound:162431,gunshot_gunfire__fsd50k__dev__162431__0061__r0.wav,4814ce35192e6d7570b4b69fee7258b4a8279ea6e2b3e9dfb2205d966972b97d,d9bd6757052fce243aa9f13b7e553412eb8bd08a72207d060357ce384198b2f8,3,0.052404,44100,1.0,451,position_filter_background,0.673862,-11.6383,1.0,251.761,7486.613,1.0,19.4806,0.07967328,2-102567-B-35.wav,washing_machine,esc50:102567,1.0
gunshot_gunfire__fsd50k__dev__162431__0061__r0__aug4.wav,gunshot_gunfire,FSD50K,162431,freesound:162431,gunshot_gunfire__fsd50k__dev__162431__0061__r0.wav,4814ce35192e6d7570b4b69fee7258b4a8279ea6e2b3e9dfb2205d966972b97d,15734652dc95cd69c6946a4ea339524e93dcc1f7033fbd6d546e94d5a4b1bb49,4,0.052404,44100,1.0,451,position_speed_gain,0.456023,-0.6116,1.015995,,,1.0,,,,,,0.89241127
gunshot_gunfire__fsd50k__dev__162431__0061__r0__aug5.wav,gunshot_gunfire,FSD50K,162431,freesound:162431,gunshot_gunfire__fsd50k__dev__162431__0061__r0.wav,4814ce35192e6d7570b4b69fee7258b4a8279ea6e2b3e9dfb2205d966972b97d,4b13e83386dc08181eaa7d2e69d3aa9bce3f511726cd777c361e3ccecf815aa4,5,0.052404,44100,1.0,451,position_compression_background,0.651721,-1.9498,1.0,,,1.35805,23.3387,2.31349208,3-151206-A-23.wav,breathing,esc50:151206,0.97863106
gunshot_gunfire__fsd50k__dev__162434__0062__r0__aug0.wav,gunshot_gunfire,FSD50K,162434,freesound:162434,gunshot_gunfire__fsd50k__dev__162434__0062__r0.wav,48c1d185e33f0dd987b94bfaa17d3246534d1e2e5daa36eb64b10f6c5832e36e,6fc3b72b9b1be36484f4268d04f605d9fe14b42a98f78d8f2284ecf85ba6c1cf,0,2.541746,44100,1.0,451,position_only,0.692682,0.0,1.0,,,1.0,,,,,,0.89125094
gunshot_gunfire__fsd50k__dev__162434__0062__r0__aug1.wav,gunshot_gunfire,FSD50K,162434,freesound:162434,gunshot_gunfire__fsd50k__dev__162434__0062__r0.wav,48c1d185e33f0dd987b94bfaa17d3246534d1e2e5daa36eb64b10f6c5832e36e,d06df71dd63c7375808524e06a22b19f2b86df7777ead26c9b80fed39e82d248,1,2.541746,44100,1.0,451,position_gain,0.40882,-5.7032,1.0,,,1.0,,,,,,1.0
gunshot_gunfire__fsd50k__dev__162434__0062__r0__aug2.wav,gunshot_gunfire,FSD50K,162434,freesound:162434,gunshot_gunfire__fsd50k__dev__162434__0062__r0.wav,48c1d185e33f0dd987b94bfaa17d3246534d1e2e5daa36eb64b10f6c5832e36e,b79544453bfa8d1ec7265deae8c04856ab840cf1a09b2282de0df9127359dd78,2,2.541746,44100,1.0,451,position_gain_background,0.219217,-2.3176,1.0,,,1.0,12.7313,0.30725206,3-164630-A-11.wav,sea_waves,esc50:164630,1.0
gunshot_gunfire__fsd50k__dev__162434__0062__r0__aug3.wav,gunshot_gunfire,FSD50K,162434,freesound:162434,gunshot_gunfire__fsd50k__dev__162434__0062__r0.wav,48c1d185e33f0dd987b94bfaa17d3246534d1e2e5daa36eb64b10f6c5832e36e,49bbb5b2c74e2e141f30a9970c679cc8a080b1a1049b6dcaebc798b3338a02c4,3,2.541746,44100,1.0,451,position_filter_background,0.239221,-4.2527,1.0,87.894,6955.91,1.0,14.3611,0.1881256,1-43760-A-11.wav,sea_waves,esc50:43760,1.0
gunshot_gunfire__fsd50k__dev__162434__0062__r0__aug4.wav,gunshot_gunfire,FSD50K,162434,freesound:162434,gunshot_gunfire__fsd50k__dev__162434__0062__r0.wav,48c1d185e33f0dd987b94bfaa17d3246534d1e2e5daa36eb64b10f6c5832e36e,3d3982f945cd6213b990cb3fa8797892c816b8bad7b4326431c97b66b4e8c90a,4,2.541746,44100,1.0,451,position_speed_gain,0.773964,-3.0911,0.979567,,,1.0,,,,,,1.0
gunshot_gunfire__fsd50k__dev__162434__0062__r0__aug5.wav,gunshot_gunfire,FSD50K,162434,freesound:162434,gunshot_gunfire__fsd50k__dev__162434__0062__r0.wav,48c1d185e33f0dd987b94bfaa17d3246534d1e2e5daa36eb64b10f6c5832e36e,6e57cecf0ec78a903411f417191f12175a4ae0830c1294cc00bae47a0efafa74,5,2.541746,44100,1.0,451,position_compression_background,0.766398,3.9579,1.0,,,1.51587,18.0704,5.99438124,3-166125-B-23.wav,breathing,esc50:166125,0.82242698
gunshot_gunfire__fsd50k__dev__162436__0063__r0__aug0.wav,gunshot_gunfire,FSD50K,162436,freesound:162436,gunshot_gunfire__fsd50k__dev__162436__0063__r0.wav,b95bfbfb98a58035d5ff842e161a6c946c0673f20f4e78817afe822f66a59bf4,80580fed15dc9f4eb790143ea2f67b9740840e7281792e83a7f3bd3abca2b156,0,0.306825,44100,1.0,451,position_only,0.328312,0.0,1.0,,,1.0,,,,,,0.92886711
gunshot_gunfire__fsd50k__dev__162436__0063__r0__aug1.wav,gunshot_gunfire,FSD50K,162436,freesound:162436,gunshot_gunfire__fsd50k__dev__162436__0063__r0.wav,b95bfbfb98a58035d5ff842e161a6c946c0673f20f4e78817afe822f66a59bf4,e8500fd1351c07455bf3d5614ef0df6364ca2a8d78875e6ec17236925c63e652,1,0.306825,44100,1.0,451,position_gain,0.792436,-0.5785,1.0,,,1.0,,,,,,0.99283657
gunshot_gunfire__fsd50k__dev__162436__0063__r0__aug2.wav,gunshot_gunfire,FSD50K,162436,freesound:162436,gunshot_gunfire__fsd50k__dev__162436__0063__r0.wav,b95bfbfb98a58035d5ff842e161a6c946c0673f20f4e78817afe822f66a59bf4,b5ed8192947af40ed49e7a8f58917cd621c2c7f502fd3a24da8f77169720f27f,2,0.306825,44100,1.0,451,position_gain_background,0.506586,-7.3135,1.0,,,1.0,10.9783,4.00088907,1-62850-A-38.wav,clock_tick,esc50:62850,1.0
gunshot_gunfire__fsd50k__dev__162436__0063__r0__aug3.wav,gunshot_gunfire,FSD50K,162436,freesound:162436,gunshot_gunfire__fsd50k__dev__162436__0063__r0.wav,b95bfbfb98a58035d5ff842e161a6c946c0673f20f4e78817afe822f66a59bf4,ee6cb81c6fd579230ba058d0c468fb89d4a9844d156eca28a0c4f8fe22101e7e,3,0.306825,44100,1.0,451,position_filter_background,0.525111,-2.8872,1.0,91.98,5707.476,1.0,10.5459,0.16794413,1-23996-A-35.wav,washing_machine,esc50:23996,1.0
gunshot_gunfire__fsd50k__dev__162436__0063__r0__aug4.wav,gunshot_gunfire,FSD50K,162436,freesound:162436,gunshot_gunfire__fsd50k__dev__162436__0063__r0.wav,b95bfbfb98a58035d5ff842e161a6c946c0673f20f4e78817afe822f66a59bf4,27ebf12d59ed42cf8675ad0d5e237bde707826cb8b5dc36364a7ba31a34db9d2,4,0.306825,44100,1.0,451,position_speed_gain,0.525883,-3.0458,1.016066,,,1.0,,,,,,1.0
gunshot_gunfire__fsd50k__dev__162436__0063__r0__aug5.wav,gunshot_gunfire,FSD50K,162436,freesound:162436,gunshot_gunfire__fsd50k__dev__162436__0063__r0.wav,b95bfbfb98a58035d5ff842e161a6c946c0673f20f4e78817afe822f66a59bf4,3dc35cbe0e6e1ffc8e4e565621414499b19945b78f989e339596b164563d79b3,5,0.306825,44100,1.0,451,position_compression_background,0.329248,2.7856,1.0,,,1.32508,13.2747,5.50537316,3-171041-A-38.wav,clock_tick,esc50:171041,0.80652677
gunshot_gunfire__fsd50k__dev__163455__0064__r0__aug0.wav,gunshot_gunfire,FSD50K,163455,freesound:163455,gunshot_gunfire__fsd50k__dev__163455__0064__r0.wav,5ac190890e271e661a187bbd4f34e3526f62b4a726a567bc09dca678266c80c8,8ea662302e025854a201aed573e265228f3031c2717d02908bc921a3fdeaff2a,0,0.306825,44100,1.0,451,position_only,0.657217,0.0,1.0,,,1.0,,,,,,0.96931563
gunshot_gunfire__fsd50k__dev__163455__0064__r0__aug1.wav,gunshot_gunfire,FSD50K,163455,freesound:163455,gunshot_gunfire__fsd50k__dev__163455__0064__r0.wav,5ac190890e271e661a187bbd4f34e3526f62b4a726a567bc09dca678266c80c8,4ef1ed6da247229b822947bc244faf9df3fac662e5d392229ec08353babe7412,1,0.306825,44100,1.0,451,position_gain,0.49676,-3.88,1.0,,,1.0,,,,,,1.0
gunshot_gunfire__fsd50k__dev__163455__0064__r0__aug2.wav,gunshot_gunfire,FSD50K,163455,freesound:163455,gunshot_gunfire__fsd50k__dev__163455__0064__r0.wav,5ac190890e271e661a187bbd4f34e3526f62b4a726a567bc09dca678266c80c8,4c29e22a53b01c7bd7bfd3a72fc59b62399889684c129e276bf286c56b52cae2,2,0.306825,44100,1.0,451,position_gain_background,0.720568,-8.0078,1.0,,,1.0,17.9527,4459.86778889,2-66205-A-23.wav,breathing,esc50:66205,1.0
gunshot_gunfire__fsd50k__dev__163455__0064__r0__aug3.wav,gunshot_gunfire,FSD50K,163455,freesound:163455,gunshot_gunfire__fsd50k__dev__163455__0064__r0.wav,5ac190890e271e661a187bbd4f34e3526f62b4a726a567bc09dca678266c80c8,aa334cea42d7f7d117d7c322d298fa9e0be29e15ff550c25934a51cae90895fa,3,0.306825,44100,1.0,451,position_filter_background,0.561389,-7.6338,1.0,247.657,7761.321,1.0,16.1748,0.10171008,2-132157-A-11.wav,sea_waves,esc50:132157,1.0
gunshot_gunfire__fsd50k__dev__163455__0064__r0__aug4.wav,gunshot_gunfire,FSD50K,163455,freesound:163455,gunshot_gunfire__fsd50k__dev__163455__0064__r0.wav,5ac190890e271e661a187bbd4f34e3526f62b4a726a567bc09dca678266c80c8,e13ccbbe4840d7a9590779715cc64e9420d31336bd58b3144f1dd7428c22fe9c,4,0.306825,44100,1.0,451,position_speed_gain,0.288983,-7.6097,0.982615,,,1.0,,,,,,1.0
gunshot_gunfire__fsd50k__dev__163455__0064__r0__aug5.wav,gunshot_gunfire,FSD50K,163455,freesound:163455,gunshot_gunfire__fsd50k__dev__163455__0064__r0.wav,5ac190890e271e661a187bbd4f34e3526f62b4a726a567bc09dca678266c80c8,2f26fa148e0514c13f90bc50c4fa3a96d6a18ff020a7b55030d7a9d2cbf2cac0,5,0.306825,44100,1.0,451,position_compression_background,0.726452,-10.621,1.0,,,1.62674,22.0804,0.01075515,1-32373-A-35.wav,washing_machine,esc50:32373,1.0
gunshot_gunfire__fsd50k__dev__163456__0065__r0__aug0.wav,gunshot_gunfire,FSD50K,163456,freesound:163456,gunshot_gunfire__fsd50k__dev__163456__0065__r0.wav,faf9589171ca17af6250e35c31a827ec4de833e07262f8dde8d70da4125bfd5b,a74c4d10b7578ca06c69660cebc8c514b5e2a8f7164d12016a0743a939dbff0a,0,0.157166,44100,1.0,451,position_only,0.185758,0.0,1.0,,,1.0,,,,,,1.0
gunshot_gunfire__fsd50k__dev__163456__0065__r0__aug1.wav,gunshot_gunfire,FSD50K,163456,freesound:163456,gunshot_gunfire__fsd50k__dev__163456__0065__r0.wav,faf9589171ca17af6250e35c31a827ec4de833e07262f8dde8d70da4125bfd5b,04371fcacfb9fb0a9c6fe32556fd5af6d35eb0f7f4068d50a44541342afd73aa,1,0.157166,44100,1.0,451,position_gain,0.676883,-0.2049,1.0,,,1.0,,,,,,1.0
gunshot_gunfire__fsd50k__dev__163456__0065__r0__aug2.wav,gunshot_gunfire,FSD50K,163456,freesound:163456,gunshot_gunfire__fsd50k__dev__163456__0065__r0.wav,faf9589171ca17af6250e35c31a827ec4de833e07262f8dde8d70da4125bfd5b,cd326156f7460b280a720f7c9036f66236090b48484bc3235b146570cb3d0d41,2,0.157166,44100,1.0,451,position_gain_background,0.679583,-4.2141,1.0,,,1.0,20.5462,0.2177887,3-108160-A-23.wav,breathing,esc50:108160,1.0
gunshot_gunfire__fsd50k__dev__163456__0065__r0__aug3.wav,gunshot_gunfire,FSD50K,163456,freesound:163456,gunshot_gunfire__fsd50k__dev__163456__0065__r0.wav,faf9589171ca17af6250e35c31a827ec4de833e07262f8dde8d70da4125bfd5b,ef9f1209bb025dbf48411c044f79891fde1fbf29f9d695d5ef5d89258e39f5d8,3,0.157166,44100,1.0,451,position_filter_background,0.28024,-11.4694,1.0,189.787,6502.148,1.0,21.8125,0.01006191,2-102567-C-35.wav,washing_machine,esc50:102567,1.0
gunshot_gunfire__fsd50k__dev__163456__0065__r0__aug4.wav,gunshot_gunfire,FSD50K,163456,freesound:163456,gunshot_gunfire__fsd50k__dev__163456__0065__r0.wav,faf9589171ca17af6250e35c31a827ec4de833e07262f8dde8d70da4125bfd5b,b91b3b68b11b22417f47b2ad17849c22e47cef1c2e66863d591ce580b742f589,4,0.157166,44100,1.0,451,position_speed_gain,0.462792,-8.4619,1.018352,,,1.0,,,,,,1.0
gunshot_gunfire__fsd50k__dev__163456__0065__r0__aug5.wav,gunshot_gunfire,FSD50K,163456,freesound:163456,gunshot_gunfire__fsd50k__dev__163456__0065__r0.wav,faf9589171ca17af6250e35c31a827ec4de833e07262f8dde8d70da4125bfd5b,007d7b6b7eff7938f7ce9a4c9d94774a6d010f25f5204959d22e5480d9ff1a52,5,0.157166,44100,1.0,451,position_compression_background,0.444635,-9.807,1.0,,,1.20831,11.638,0.6236524,2-119748-A-38.wav,clock_tick,esc50:119748,1.0
gunshot_gunfire__fsd50k__dev__163460__0066__r0__aug0.wav,gunshot_gunfire,FSD50K,163460,freesound:163460,gunshot_gunfire__fsd50k__dev__163460__0066__r0.wav,8c8f12ccec1389a7a8b5db53b48ee5260887fabc713e87df957f044c61b9c5d6,5ee9050cf14a265400990d0d23b5f79523d228e4df50166b7d6899b2e399010c,0,0.032449,44100,1.0,451,position_only,0.258932,0.0,1.0,,,1.0,,,,,,1.0
gunshot_gunfire__fsd50k__dev__163460__0066__r0__aug1.wav,gunshot_gunfire,FSD50K,163460,freesound:163460,gunshot_gunfire__fsd50k__dev__163460__0066__r0.wav,8c8f12ccec1389a7a8b5db53b48ee5260887fabc713e87df957f044c61b9c5d6,ac161fd1e8adb42811d2cacd7d957b0be1ebef5ba68f4af18e9b31017287f91e,1,0.032449,44100,1.0,451,position_gain,0.546711,4.6994,1.0,,,1.0,,,,,,0.89091055
gunshot_gunfire__fsd50k__dev__163460__0066__r0__aug2.wav,gunshot_gunfire,FSD50K,163460,freesound:163460,gunshot_gunfire__fsd50k__dev__163460__0066__r0.wav,8c8f12ccec1389a7a8b5db53b48ee5260887fabc713e87df957f044c61b9c5d6,1ce25dedba8296a11365ea7c3e2d0ef697db00bb42dfea7fd36ece7b9a7136b9,2,0.032449,44100,1.0,451,position_gain_background,0.745566,3.645,1.0,,,1.0,11.5232,4.65685974,3-182710-B-35.wav,washing_machine,esc50:182710,0.91911764
gunshot_gunfire__fsd50k__dev__163460__0066__r0__aug3.wav,gunshot_gunfire,FSD50K,163460,freesound:163460,gunshot_gunfire__fsd50k__dev__163460__0066__r0.wav,8c8f12ccec1389a7a8b5db53b48ee5260887fabc713e87df957f044c61b9c5d6,279c8c9161f4ff7fb2d26f1275aa1821967d61d65238ce50695051daf0a2b076,3,0.032449,44100,1.0,451,position_filter_background,0.471635,-4.6202,1.0,151.271,7793.926,1.0,10.6342,0.83925165,3-171041-A-38.wav,clock_tick,esc50:171041,1.0
gunshot_gunfire__fsd50k__dev__163460__0066__r0__aug4.wav,gunshot_gunfire,FSD50K,163460,freesound:163460,gunshot_gunfire__fsd50k__dev__163460__0066__r0.wav,8c8f12ccec1389a7a8b5db53b48ee5260887fabc713e87df957f044c61b9c5d6,7da9a5a4f316b3d72ef6a0a9233e1c222fb64145313adf5d5790d5e6c81dcc76,4,0.032449,44100,1.0,451,position_speed_gain,0.180812,2.6399,1.009027,,,1.0,,,,,,0.95671722
gunshot_gunfire__fsd50k__dev__163460__0066__r0__aug5.wav,gunshot_gunfire,FSD50K,163460,freesound:163460,gunshot_gunfire__fsd50k__dev__163460__0066__r0.wav,8c8f12ccec1389a7a8b5db53b48ee5260887fabc713e87df957f044c61b9c5d6,47df9f80c4eb3cc0d1eb2fc990e8dc949e6e51166565ea4713d4e2fd95b583c6,5,0.032449,44100,1.0,451,position_compression_background,0.65626,-4.3756,1.0,,,1.47989,13.4256,0.10948539,3-155642-A-11.wav,sea_waves,esc50:155642,1.0
gunshot_gunfire__fsd50k__dev__164646__0067__r0__aug0.wav,gunshot_gunfire,FSD50K,164646,freesound:164646,gunshot_gunfire__fsd50k__dev__164646__0067__r0.wav,ba6a8260714de813cab747b156aa122635eb757db70291419c7d3389878e94ac,0020e0f0f9ca236020504673a2bff25bba6fe12d77fce19c4b6b16655f46b892,0,0.06737,44100,1.0,451,position_only,0.666236,0.0,1.0,,,1.0,,,,,,1.0
gunshot_gunfire__fsd50k__dev__164646__0067__r0__aug1.wav,gunshot_gunfire,FSD50K,164646,freesound:164646,gunshot_gunfire__fsd50k__dev__164646__0067__r0.wav,ba6a8260714de813cab747b156aa122635eb757db70291419c7d3389878e94ac,9e72cc25407598417b981bd143c0c04d74aa009fbf4cf5099765756548183a5d,1,0.06737,44100,1.0,451,position_gain,0.314349,-0.5429,1.0,,,1.0,,,,,,1.0
gunshot_gunfire__fsd50k__dev__164646__0067__r0__aug2.wav,gunshot_gunfire,FSD50K,164646,freesound:164646,gunshot_gunfire__fsd50k__dev__164646__0067__r0.wav,ba6a8260714de813cab747b156aa122635eb757db70291419c7d3389878e94ac,693df1cbef09268feca9186caf577df3988ed492b52051c209deddfa2ae91954,2,0.06737,44100,1.0,451,position_gain_background,0.704462,0.8185,1.0,,,1.0,19.7768,0.02123284,3-135469-A-35.wav,washing_machine,esc50:135469,1.0
gunshot_gunfire__fsd50k__dev__164646__0067__r0__aug3.wav,gunshot_gunfire,FSD50K,164646,freesound:164646,gunshot_gunfire__fsd50k__dev__164646__0067__r0.wav,ba6a8260714de813cab747b156aa122635eb757db70291419c7d3389878e94ac,480534d6d0be9e63bdeaa16fce6d4757a95197b6f81c80546e64526271f6eba9,3,0.06737,44100,1.0,451,position_filter_background,0.355766,2.2126,1.0,156.923,7298.039,1.0,22.4182,0.15493017,1-36400-A-23.wav,breathing,esc50:36400,1.0
gunshot_gunfire__fsd50k__dev__164646__0067__r0__aug4.wav,gunshot_gunfire,FSD50K,164646,freesound:164646,gunshot_gunfire__fsd50k__dev__164646__0067__r0.wav,ba6a8260714de813cab747b156aa122635eb757db70291419c7d3389878e94ac,af6118689ff642c8734702023d368618dded4a1238a1bc9e77cd469caa80e52a,4,0.06737,44100,1.0,451,position_speed_gain,0.560959,4.4893,1.035223,,,1.0,,,,,,0.77376882
gunshot_gunfire__fsd50k__dev__164646__0067__r0__aug5.wav,gunshot_gunfire,FSD50K,164646,freesound:164646,gunshot_gunfire__fsd50k__dev__164646__0067__r0.wav,ba6a8260714de813cab747b156aa122635eb757db70291419c7d3389878e94ac,5cb35b2b9d066ea0de7ec879e7302b09ea7e6ec5a7e0bb9bce36bda4bf5d0f97,5,0.06737,44100,1.0,451,position_compression_background,0.500322,3.0694,1.0,,,1.70374,23.7554,0.25048942,3-182710-B-35.wav,washing_machine,esc50:182710,0.89689736
gunshot_gunfire__fsd50k__dev__164666__0068__r0__aug0.wav,gunshot_gunfire,FSD50K,164666,freesound:164666,gunshot_gunfire__fsd50k__dev__164666__0068__r0.wav,cd59c2f176ea571f0f985cfebee637afb5ff976223ad539df29173fd9ffbdee9,b1a3edc636ebc3d54ec2a4c57c77bcd0ef7791cd0da1d36fd03b3e3266265d4b,0,0.311814,44100,1.0,451,position_only,0.521293,0.0,1.0,,,1.0,,,,,,1.0
gunshot_gunfire__fsd50k__dev__164666__0068__r0__aug1.wav,gunshot_gunfire,FSD50K,164666,freesound:164666,gunshot_gunfire__fsd50k__dev__164666__0068__r0.wav,cd59c2f176ea571f0f985cfebee637afb5ff976223ad539df29173fd9ffbdee9,116b1bea41fd11cddcbf25150b74762276652fb62031ca0ec692a0f577bd9409,1,0.311814,44100,1.0,451,position_gain,0.153458,-9.7169,1.0,,,1.0,,,,,,1.0
gunshot_gunfire__fsd50k__dev__164666__0068__r0__aug2.wav,gunshot_gunfire,FSD50K,164666,freesound:164666,gunshot_gunfire__fsd50k__dev__164666__0068__r0.wav,cd59c2f176ea571f0f985cfebee637afb5ff976223ad539df29173fd9ffbdee9,5c0bbf4c4db646db6109404f08ae56365c08c4d69b41f9badbb3b15b67d6c762,2,0.311814,44100,1.0,451,position_gain_background,0.674189,-7.1787,1.0,,,1.0,10.368,0.17511276,1-39901-B-11.wav,sea_waves,esc50:39901,1.0
gunshot_gunfire__fsd50k__dev__164666__0068__r0__aug3.wav,gunshot_gunfire,FSD50K,164666,freesound:164666,gunshot_gunfire__fsd50k__dev__164666__0068__r0.wav,cd59c2f176ea571f0f985cfebee637afb5ff976223ad539df29173fd9ffbdee9,6d104a5d34b3aca9e13f419a55373fa70186142294d3c196014acd2b01257889,3,0.311814,44100,1.0,451,position_filter_background,0.765088,-5.5889,1.0,83.308,6768.811,1.0,10.6322,0.99112821,2-88724-A-38.wav,clock_tick,esc50:88724,1.0
gunshot_gunfire__fsd50k__dev__164666__0068__r0__aug4.wav,gunshot_gunfire,FSD50K,164666,freesound:164666,gunshot_gunfire__fsd50k__dev__164666__0068__r0.wav,cd59c2f176ea571f0f985cfebee637afb5ff976223ad539df29173fd9ffbdee9,0ebc302e121326dbcf5041cfbfc95ab4008918202c31d3a5bf7bb3a51c541b13,4,0.311814,44100,1.0,451,position_speed_gain,0.749987,4.1237,0.994763,,,1.0,,,,,,0.63407693
gunshot_gunfire__fsd50k__dev__164666__0068__r0__aug5.wav,gunshot_gunfire,FSD50K,164666,freesound:164666,gunshot_gunfire__fsd50k__dev__164666__0068__r0.wav,cd59c2f176ea571f0f985cfebee637afb5ff976223ad539df29173fd9ffbdee9,80059890863c86ab6e6418d860f3fb93b945415ebc6c7070953e4ba9c0650224,5,0.311814,44100,1.0,451,position_compression_background,0.547538,2.8078,1.0,,,1.69635,15.2347,0.14927485,1-84393-A-32.wav,keyboard_typing,esc50:84393,0.86176088
gunshot_gunfire__fsd50k__dev__164667__0069__r0__aug0.wav,gunshot_gunfire,FSD50K,164667,freesound:164667,gunshot_gunfire__fsd50k__dev__164667__0069__r0.wav,1f2c504f1bb4a354c449ef9204083a3423b55a92fa122cf8fe61e5eb6ebc8757,7d268eedd5adcbd9773b11bb10e422ad0ed8f7db457d147b450e44087a9b8ee9,0,0.077347,44100,1.0,451,position_only,0.320433,0.0,1.0,,,1.0,,,,,,1.0
gunshot_gunfire__fsd50k__dev__164667__0069__r0__aug1.wav,gunshot_gunfire,FSD50K,164667,freesound:164667,gunshot_gunfire__fsd50k__dev__164667__0069__r0.wav,1f2c504f1bb4a354c449ef9204083a3423b55a92fa122cf8fe61e5eb6ebc8757,aecafefd91916786adbcc2bc67aeae1b1be9ffebd371b589059c6c245e49844d,1,0.077347,44100,1.0,451,position_gain,0.25659,4.7696,1.0,,,1.0,,,,,,1.0
gunshot_gunfire__fsd50k__dev__164667__0069__r0__aug2.wav,gunshot_gunfire,FSD50K,164667,freesound:164667,gunshot_gunfire__fsd50k__dev__164667__0069__r0.wav,1f2c504f1bb4a354c449ef9204083a3423b55a92fa122cf8fe61e5eb6ebc8757,b4931ec9e3af3f5bb128682bfc0a3119591bb42e74d0d16f146459ae50a52f51,2,0.077347,44100,1.0,451,position_gain_background,0.760533,-10.6196,1.0,,,1.0,14.7293,0.12298481,2-119748-A-38.wav,clock_tick,esc50:119748,1.0
gunshot_gunfire__fsd50k__dev__164667__0069__r0__aug3.wav,gunshot_gunfire,FSD50K,164667,freesound:164667,gunshot_gunfire__fsd50k__dev__164667__0069__r0.wav,1f2c504f1bb4a354c449ef9204083a3423b55a92fa122cf8fe61e5eb6ebc8757,6d26a044474e60e0e910b7e3c213b9c71c8ec8f32fcb0690aaefe467b988489f,3,0.077347,44100,1.0,451,position_filter_background,0.743292,-10.2262,1.0,257.765,7128.641,1.0,13.2829,1567.55449831,2-54962-A-23.wav,breathing,esc50:54962,1.0
gunshot_gunfire__fsd50k__dev__164667__0069__r0__aug4.wav,gunshot_gunfire,FSD50K,164667,freesound:164667,gunshot_gunfire__fsd50k__dev__164667__0069__r0.wav,1f2c504f1bb4a354c449ef9204083a3423b55a92fa122cf8fe61e5eb6ebc8757,4bf47cce7f80b53f2acd543ba2a67c9fc9116b6a4d1a0a3c0d5ed52a7f56dbbf,4,0.077347,44100,1.0,451,position_speed_gain,0.461344,-2.5666,0.980403,,,1.0,,,,,,1.0
gunshot_gunfire__fsd50k__dev__164667__0069__r0__aug5.wav,gunshot_gunfire,FSD50K,164667,freesound:164667,gunshot_gunfire__fsd50k__dev__164667__0069__r0.wav,1f2c504f1bb4a354c449ef9204083a3423b55a92fa122cf8fe61e5eb6ebc8757,470569d94a38757b99d440aebd003d104882f91941af81177e7cfdd835125599,5,0.077347,44100,1.0,451,position_compression_background,0.499481,-4.691,1.0,,,1.58942,24.5029,0.21740809,3-187710-A-11.wav,sea_waves,esc50:187710,1.0
gunshot_gunfire__fsd50k__dev__164937__0070__r0__aug0.wav,gunshot_gunfire,FSD50K,164937,freesound:164937,gunshot_gunfire__fsd50k__dev__164937__0070__r0.wav,36609711b913db36425fb6fd9d43a636a7723fefc50e5064503873de0277229a,e2f44c7e363d016ec3576bf97d49730e0acfe92e946299d7dd96326a670f2fc4,0,21.438798,44100,1.0,451,position_only,0.390898,0.0,1.0,,,1.0,,,,,,0.89125094
gunshot_gunfire__fsd50k__dev__164937__0070__r0__aug1.wav,gunshot_gunfire,FSD50K,164937,freesound:164937,gunshot_gunfire__fsd50k__dev__164937__0070__r0.wav,36609711b913db36425fb6fd9d43a636a7723fefc50e5064503873de0277229a,e2157c0c614fec5454ac26547de2dae191e878eaa82e7bc07a866c3f427cb00a,1,21.438798,44100,1.0,451,position_gain,0.191939,0.7522,1.0,,,1.0,,,,,,0.81731537
gunshot_gunfire__fsd50k__dev__164937__0070__r0__aug2.wav,gunshot_gunfire,FSD50K,164937,freesound:164937,gunshot_gunfire__fsd50k__dev__164937__0070__r0.wav,36609711b913db36425fb6fd9d43a636a7723fefc50e5064503873de0277229a,575df4a5b0779f6efadc8c7627538a1a988db7a4032971c55d6472de43bb11ab,2,21.438798,44100,1.0,451,position_gain_background,0.471565,-6.1395,1.0,,,1.0,15.1209,0.27023323,1-61252-A-11.wav,sea_waves,esc50:61252,1.0
gunshot_gunfire__fsd50k__dev__164937__0070__r0__aug3.wav,gunshot_gunfire,FSD50K,164937,freesound:164937,gunshot_gunfire__fsd50k__dev__164937__0070__r0.wav,36609711b913db36425fb6fd9d43a636a7723fefc50e5064503873de0277229a,86435a373ad60af27fee7a963402a22706bcd8d5f00c0e85e220bead6151b16f,3,21.438798,44100,1.0,451,position_filter_background,0.738027,2.1482,1.0,133.452,6887.624,1.0,10.3399,5.42622285,1-62849-A-38.wav,clock_tick,esc50:62849,0.88128582
gunshot_gunfire__fsd50k__dev__164937__0070__r0__aug4.wav,gunshot_gunfire,FSD50K,164937,freesound:164937,gunshot_gunfire__fsd50k__dev__164937__0070__r0.wav,36609711b913db36425fb6fd9d43a636a7723fefc50e5064503873de0277229a,1328ea364fa60c8f1a5ce1e804f34f6607676ab5fca19168ac632ea26778d1c5,4,21.438798,44100,1.0,451,position_speed_gain,0.416017,1.0717,0.963617,,,1.0,,,,,,0.70846515
gunshot_gunfire__fsd50k__dev__164937__0070__r0__aug5.wav,gunshot_gunfire,FSD50K,164937,freesound:164937,gunshot_gunfire__fsd50k__dev__164937__0070__r0.wav,36609711b913db36425fb6fd9d43a636a7723fefc50e5064503873de0277229a,28b6e44f441a47cd448e884946b0b31574d60484c5f6fda34edfcbd542243982,5,21.438798,44100,1.0,451,position_compression_background,0.769579,0.6867,1.0,,,1.70804,20.7591,0.09941637,2-102567-D-35.wav,washing_machine,esc50:102567,0.86906174
gunshot_gunfire__fsd50k__dev__165391__0071__r0__aug0.wav,gunshot_gunfire,FSD50K,165391,freesound:165391,gunshot_gunfire__fsd50k__dev__165391__0071__r0.wav,d79fcb2844e75147ef3b70be9e178b64cea50456c72d639aa82dfefca965ad85,3d1272b8d4dc7536047373d418730c6d1caa8640154f3be4a6747a43d7363e32,0,1.204785,44100,1.0,451,position_only,0.630772,0.0,1.0,,,1.0,,,,,,0.96847988
gunshot_gunfire__fsd50k__dev__165391__0071__r0__aug1.wav,gunshot_gunfire,FSD50K,165391,freesound:165391,gunshot_gunfire__fsd50k__dev__165391__0071__r0.wav,d79fcb2844e75147ef3b70be9e178b64cea50456c72d639aa82dfefca965ad85,07cf8ef1013ed5dea855d3ad8fcfabc54cc2a9c571966e310386840b353b9ec7,1,1.204785,44100,1.0,451,position_gain,0.188737,2.156,1.0,,,1.0,,,,,,0.75559545
gunshot_gunfire__fsd50k__dev__165391__0071__r0__aug2.wav,gunshot_gunfire,FSD50K,165391,freesound:165391,gunshot_gunfire__fsd50k__dev__165391__0071__r0.wav,d79fcb2844e75147ef3b70be9e178b64cea50456c72d639aa82dfefca965ad85,9903fd8929d39c664986e81ad24b3da885cbabee0bc87da61c56ac73b6e82866,2,1.204785,44100,1.0,451,position_gain_background,0.341104,-6.0897,1.0,,,1.0,21.4842,0.11306758,1-39901-B-11.wav,sea_waves,esc50:39901,1.0
gunshot_gunfire__fsd50k__dev__165391__0071__r0__aug3.wav,gunshot_gunfire,FSD50K,165391,freesound:165391,gunshot_gunfire__fsd50k__dev__165391__0071__r0.wav,d79fcb2844e75147ef3b70be9e178b64cea50456c72d639aa82dfefca965ad85,38ac13ba75a2f29be7bb29e5f8175cfa4a89a97addd4ab8ca1013affdd883667,3,1.204785,44100,1.0,451,position_filter_background,0.58233,4.6689,1.0,101.801,5557.457,1.0,10.6382,11.80067757,2-119748-A-38.wav,clock_tick,esc50:119748,0.40726002
gunshot_gunfire__fsd50k__dev__165391__0071__r0__aug4.wav,gunshot_gunfire,FSD50K,165391,freesound:165391,gunshot_gunfire__fsd50k__dev__165391__0071__r0.wav,d79fcb2844e75147ef3b70be9e178b64cea50456c72d639aa82dfefca965ad85,a7eb0a966e4ea597935ccd5be6c9e4996c9f2e9d23581e07d8fce15468ddecf9,4,1.204785,44100,1.0,451,position_speed_gain,0.355726,-5.4568,1.011819,,,1.0,,,,,,1.0
gunshot_gunfire__fsd50k__dev__165391__0071__r0__aug5.wav,gunshot_gunfire,FSD50K,165391,freesound:165391,gunshot_gunfire__fsd50k__dev__165391__0071__r0.wav,d79fcb2844e75147ef3b70be9e178b64cea50456c72d639aa82dfefca965ad85,12779d22023182a9c68482702d295c0db0a106fcec535da06fa5540ce22b82ec,5,1.204785,44100,1.0,451,position_compression_background,0.274095,-6.2689,1.0,,,1.64786,22.823,0.60065192,2-134700-A-38.wav,clock_tick,esc50:134700,1.0
gunshot_gunfire__fsd50k__dev__165393__0072__r0__aug0.wav,gunshot_gunfire,FSD50K,165393,freesound:165393,gunshot_gunfire__fsd50k__dev__165393__0072__r0.wav,8ad8837d754fedd201a263d993fba9dd9b178304281601337349c2562edd0011,5d3064a0eb11fd686418883ed3415ac90fb3797482bc30a6fc56f99c4770a53d,0,0.276893,44100,1.0,451,position_only,0.310567,0.0,1.0,,,1.0,,,,,,0.96847988
gunshot_gunfire__fsd50k__dev__165393__0072__r0__aug1.wav,gunshot_gunfire,FSD50K,165393,freesound:165393,gunshot_gunfire__fsd50k__dev__165393__0072__r0.wav,8ad8837d754fedd201a263d993fba9dd9b178304281601337349c2562edd0011,f8394f11ae5dc581b6882fdf658bda64072aa2cddaeee4d2a6028735a7161f83,1,0.276893,44100,1.0,451,position_gain,0.205074,-8.2524,1.0,,,1.0,,,,,,1.0
gunshot_gunfire__fsd50k__dev__165393__0072__r0__aug2.wav,gunshot_gunfire,FSD50K,165393,freesound:165393,gunshot_gunfire__fsd50k__dev__165393__0072__r0.wav,8ad8837d754fedd201a263d993fba9dd9b178304281601337349c2562edd0011,0f105d0e61817a7d9d3d161674c910c80e0adfbaa64b43116ace5a1ff922c2ce,2,0.276893,44100,1.0,451,position_gain_background,0.74904,-7.2083,1.0,,,1.0,17.2285,1.79637906,1-62849-A-38.wav,clock_tick,esc50:62849,1.0
gunshot_gunfire__fsd50k__dev__165393__0072__r0__aug3.wav,gunshot_gunfire,FSD50K,165393,freesound:165393,gunshot_gunfire__fsd50k__dev__165393__0072__r0.wav,8ad8837d754fedd201a263d993fba9dd9b178304281601337349c2562edd0011,16c1a1db1f32cbfa3892aefc0f61dbb888a60656febbd5f6d1c310cd05f90be0,3,0.276893,44100,1.0,451,position_filter_background,0.621531,-11.6711,1.0,164.653,7317.165,1.0,13.9353,0.03853647,2-102567-D-35.wav,washing_machine,esc50:102567,1.0
gunshot_gunfire__fsd50k__dev__165393__0072__r0__aug4.wav,gunshot_gunfire,FSD50K,165393,freesound:165393,gunshot_gunfire__fsd50k__dev__165393__0072__r0.wav,8ad8837d754fedd201a263d993fba9dd9b178304281601337349c2562edd0011,22c7543a85f431b8bcaae4f97faf5a845acce51791f366608c09827c8175058b,4,0.276893,44100,1.0,451,position_speed_gain,0.459625,-0.6153,1.033558,,,1.0,,,,,,1.0
gunshot_gunfire__fsd50k__dev__165393__0072__r0__aug5.wav,gunshot_gunfire,FSD50K,165393,freesound:165393,gunshot_gunfire__fsd50k__dev__165393__0072__r0.wav,8ad8837d754fedd201a263d993fba9dd9b178304281601337349c2562edd0011,62d3405d4773d78c4e4b18fd13ecfbe96bb5b86a0732514a0d383500cf4fe57c,5,0.276893,44100,1.0,451,position_compression_background,0.51989,-8.4522,1.0,,,1.29853,21.1393,0.15525072,2-82455-A-23.wav,breathing,esc50:82455,1.0
gunshot_gunfire__fsd50k__dev__165394__0073__r0__aug0.wav,gunshot_gunfire,FSD50K,165394,freesound:165394,gunshot_gunfire__fsd50k__dev__165394__0073__r0.wav,68301e94b7bfb796cd6d2a9b6a0f81214c9597a82d678e71eccac4bbe0e90266,b5a243d475b879124ad1e4682dc41a0367d226463267eecce349a69337d584e5,0,2.875986,44100,1.0,451,position_only,0.596007,0.0,1.0,,,1.0,,,,,,1.0
gunshot_gunfire__fsd50k__dev__165394__0073__r0__aug1.wav,gunshot_gunfire,FSD50K,165394,freesound:165394,gunshot_gunfire__fsd50k__dev__165394__0073__r0.wav,68301e94b7bfb796cd6d2a9b6a0f81214c9597a82d678e71eccac4bbe0e90266,99418d5dd932fdb0add8b271b057a3cff15855fecf7895a367f3cb11553620f5,1,2.875986,44100,1.0,451,position_gain,0.444045,-2.5063,1.0,,,1.0,,,,,,1.0
gunshot_gunfire__fsd50k__dev__165394__0073__r0__aug2.wav,gunshot_gunfire,FSD50K,165394,freesound:165394,gunshot_gunfire__fsd50k__dev__165394__0073__r0.wav,68301e94b7bfb796cd6d2a9b6a0f81214c9597a82d678e71eccac4bbe0e90266,81b139fd94369712aefd58e9306b81098943c1e2d0ee68b40069bf2d9cf7449c,2,2.875986,44100,1.0,451,position_gain_background,0.755884,1.3852,1.0,,,1.0,14.3303,3643.61037635,2-54961-A-23.wav,breathing,esc50:54961,1.0
gunshot_gunfire__fsd50k__dev__165394__0073__r0__aug3.wav,gunshot_gunfire,FSD50K,165394,freesound:165394,gunshot_gunfire__fsd50k__dev__165394__0073__r0.wav,68301e94b7bfb796cd6d2a9b6a0f81214c9597a82d678e71eccac4bbe0e90266,aeb0308346345a8bd661ba787f4a133de23363b9b186abdbb66e0a79df99d79e,3,2.875986,44100,1.0,451,position_filter_background,0.796985,-11.6903,1.0,242.422,6894.303,1.0,19.4421,0.00811738,1-39901-A-11.wav,sea_waves,esc50:39901,1.0
gunshot_gunfire__fsd50k__dev__165394__0073__r0__aug4.wav,gunshot_gunfire,FSD50K,165394,freesound:165394,gunshot_gunfire__fsd50k__dev__165394__0073__r0.wav,68301e94b7bfb796cd6d2a9b6a0f81214c9597a82d678e71eccac4bbe0e90266,3a763514b2090b8c1082790847923d4f131cac7d7edc16661bd5e705606020d9,4,2.875986,44100,1.0,451,position_speed_gain,0.479607,-10.0494,0.99235,,,1.0,,,,,,1.0
gunshot_gunfire__fsd50k__dev__165394__0073__r0__aug5.wav,gunshot_gunfire,FSD50K,165394,freesound:165394,gunshot_gunfire__fsd50k__dev__165394__0073__r0.wav,68301e94b7bfb796cd6d2a9b6a0f81214c9597a82d678e71eccac4bbe0e90266,62af6da8b2a1b8f9288868076409aabbc05b142cbabb4e3b99d546f23b7040b8,5,2.875986,44100,1.0,451,position_compression_background,0.582269,-9.4056,1.0,,,1.79022,12.2203,0.02564397,2-140147-A-38.wav,clock_tick,esc50:140147,1.0
gunshot_gunfire__fsd50k__dev__165478__0074__r0__aug0.wav,gunshot_gunfire,FSD50K,165478,freesound:165478,gunshot_gunfire__fsd50k__dev__165478__0074__r0.wav,a63cb119c73f02a8d0c702cd1e285171877663317bb809dd06c3f0ebc56775a1,d86c28989a9b0da2f64d71219bae4038c487d6f5d148c05568ee38e297840200,0,11.900476,44100,1.0,451,position_only,0.49516,0.0,1.0,,,1.0,,,,,,1.0
gunshot_gunfire__fsd50k__dev__165478__0074__r0__aug1.wav,gunshot_gunfire,FSD50K,165478,freesound:165478,gunshot_gunfire__fsd50k__dev__165478__0074__r0.wav,a63cb119c73f02a8d0c702cd1e285171877663317bb809dd06c3f0ebc56775a1,962203c9b2852f21a71979a0f59a9df7712c7cd70760596a3e939b0eb2e56ef8,1,11.900476,44100,1.0,451,position_gain,0.50879,-3.5268,1.0,,,1.0,,,,,,1.0
gunshot_gunfire__fsd50k__dev__165478__0074__r0__aug2.wav,gunshot_gunfire,FSD50K,165478,freesound:165478,gunshot_gunfire__fsd50k__dev__165478__0074__r0.wav,a63cb119c73f02a8d0c702cd1e285171877663317bb809dd06c3f0ebc56775a1,3e080ed9528dc9dea036b6908ca2e55ba8902512e19dde423d606a37702e43a0,2,11.900476,44100,1.0,451,position_gain_background,0.768247,-9.6943,1.0,,,1.0,15.8187,0.02230167,2-120333-A-32.wav,keyboard_typing,esc50:120333,1.0
gunshot_gunfire__fsd50k__dev__165478__0074__r0__aug3.wav,gunshot_gunfire,FSD50K,165478,freesound:165478,gunshot_gunfire__fsd50k__dev__165478__0074__r0.wav,a63cb119c73f02a8d0c702cd1e285171877663317bb809dd06c3f0ebc56775a1,a46764123f8300faed15f6af7647dda3a0fd1ba221c35e3fcb5c8bcb6a6d9ab6,3,11.900476,44100,1.0,451,position_filter_background,0.388487,-2.4699,1.0,233.714,5937.327,1.0,22.0778,0.00241425,2-155801-A-11.wav,sea_waves,esc50:155801,1.0
gunshot_gunfire__fsd50k__dev__165478__0074__r0__aug4.wav,gunshot_gunfire,FSD50K,165478,freesound:165478,gunshot_gunfire__fsd50k__dev__165478__0074__r0.wav,a63cb119c73f02a8d0c702cd1e285171877663317bb809dd06c3f0ebc56775a1,62845e266a49adc48f7ed7680890de3e4c75ba4f61f7cc66e395fa06a1746118,4,11.900476,44100,1.0,451,position_speed_gain,0.183389,-2.3841,0.961562,,,1.0,,,,,,1.0
gunshot_gunfire__fsd50k__dev__165478__0074__r0__aug5.wav,gunshot_gunfire,FSD50K,165478,freesound:165478,gunshot_gunfire__fsd50k__dev__165478__0074__r0.wav,a63cb119c73f02a8d0c702cd1e285171877663317bb809dd06c3f0ebc56775a1,3d182bb36ace954158ebfa895d293a87f036022c057092e2886cdf84bc914400,5,11.900476,44100,1.0,451,position_compression_background,0.584204,-3.0698,1.0,,,1.53938,17.3631,0.02837875,2-133863-A-11.wav,sea_waves,esc50:133863,1.0
gunshot_gunfire__fsd50k__dev__165540__0075__r0__aug0.wav,gunshot_gunfire,FSD50K,165540,freesound:165540,gunshot_gunfire__fsd50k__dev__165540__0075__r0.wav,a217d21f60dbe71420962ef3084c11348d23c27d6c9303e791d44256131abbd8,99590a7b1f31812b988ef1320a5bfbdf52faaa2c2f9fa31286f0839afd244cd6,0,0.112268,44100,1.0,451,position_only,0.689731,0.0,1.0,,,1.0,,,,,,0.95467656
gunshot_gunfire__fsd50k__dev__165540__0075__r0__aug1.wav,gunshot_gunfire,FSD50K,165540,freesound:165540,gunshot_gunfire__fsd50k__dev__165540__0075__r0.wav,a217d21f60dbe71420962ef3084c11348d23c27d6c9303e791d44256131abbd8,0f661a63a9afd6d536158fc36e6c89cd61864eb62df2c8f987f7b44eb230b8c0,1,0.112268,44100,1.0,451,position_gain,0.383077,-3.7337,1.0,,,1.0,,,,,,1.0
gunshot_gunfire__fsd50k__dev__165540__0075__r0__aug2.wav,gunshot_gunfire,FSD50K,165540,freesound:165540,gunshot_gunfire__fsd50k__dev__165540__0075__r0.wav,a217d21f60dbe71420962ef3084c11348d23c27d6c9303e791d44256131abbd8,17415a0732c16822538f691ada3d157b17c089d92136151a676f9857cc8c20b6,2,0.112268,44100,1.0,451,position_gain_background,0.298577,-7.3172,1.0,,,1.0,18.1778,0.0599152,2-155801-A-11.wav,sea_waves,esc50:155801,1.0
gunshot_gunfire__fsd50k__dev__165540__0075__r0__aug3.wav,gunshot_gunfire,FSD50K,165540,freesound:165540,gunshot_gunfire__fsd50k__dev__165540__0075__r0.wav,a217d21f60dbe71420962ef3084c11348d23c27d6c9303e791d44256131abbd8,0028b7aad87d8b64b7fd95ddf2d84f76aeac987e31eb37bab520eebd37e81583,3,0.112268,44100,1.0,451,position_filter_background,0.494011,-1.2018,1.0,99.36,5541.275,1.0,23.5868,0.03722357,1-27166-A-35.wav,washing_machine,esc50:27166,1.0
gunshot_gunfire__fsd50k__dev__165540__0075__r0__aug4.wav,gunshot_gunfire,FSD50K,165540,freesound:165540,gunshot_gunfire__fsd50k__dev__165540__0075__r0.wav,a217d21f60dbe71420962ef3084c11348d23c27d6c9303e791d44256131abbd8,752aa6ad306e484f9e52c8a98a5ebdb7a66c15ee6f44fb5e63da9fe18b40debd,4,0.112268,44100,1.0,451,position_speed_gain,0.786398,-7.3396,1.029709,,,1.0,,,,,,1.0
gunshot_gunfire__fsd50k__dev__165540__0075__r0__aug5.wav,gunshot_gunfire,FSD50K,165540,freesound:165540,gunshot_gunfire__fsd50k__dev__165540__0075__r0.wav,a217d21f60dbe71420962ef3084c11348d23c27d6c9303e791d44256131abbd8,7085d6fddbb6b30d4689e13ea8babf7ae660e59d64f6718e0a78c2dc59ac60c6,5,0.112268,44100,1.0,451,position_compression_background,0.472822,-11.1479,1.0,,,1.23516,11.7854,0.087841,1-62594-A-32.wav,keyboard_typing,esc50:62594,1.0
gunshot_gunfire__fsd50k__dev__166076__0076__r0__aug0.wav,gunshot_gunfire,FSD50K,166076,freesound:166076,gunshot_gunfire__fsd50k__dev__166076__0076__r0.wav,9b54d71278a76e82614aaea5772190ace16795cb0539ff0cf17f51bff46b4919,1f7de0561e2ba56b498db895ad52991d7d6f2f8e9ab4abbec7d0a55968b2803f,0,19.932222,44100,1.0,451,position_only,0.49507,0.0,1.0,,,1.0,,,,,,0.89125094
gunshot_gunfire__fsd50k__dev__166076__0076__r0__aug1.wav,gunshot_gunfire,FSD50K,166076,freesound:166076,gunshot_gunfire__fsd50k__dev__166076__0076__r0.wav,9b54d71278a76e82614aaea5772190ace16795cb0539ff0cf17f51bff46b4919,74cf7bf9b5c8bbc6f8957b9a5c4d2f3fc5fb5503f57571abcbca82e77bcee37b,1,19.932222,44100,1.0,451,position_gain,0.162889,1.2825,1.0,,,1.0,,,,,,0.76890595
gunshot_gunfire__fsd50k__dev__166076__0076__r0__aug2.wav,gunshot_gunfire,FSD50K,166076,freesound:166076,gunshot_gunfire__fsd50k__dev__166076__0076__r0.wav,9b54d71278a76e82614aaea5772190ace16795cb0539ff0cf17f51bff46b4919,6b49925f8aaa3235e537191138173b1c14a5e286381510ebf6d5c9e58959a997,2,19.932222,44100,1.0,451,position_gain_background,0.294264,0.6083,1.0,,,1.0,24.5445,0.83762419,3-112557-B-23.wav,breathing,esc50:112557,0.81229223
gunshot_gunfire__fsd50k__dev__166076__0076__r0__aug3.wav,gunshot_gunfire,FSD50K,166076,freesound:166076,gunshot_gunfire__fsd50k__dev__166076__0076__r0.wav,9b54d71278a76e82614aaea5772190ace16795cb0539ff0cf17f51bff46b4919,c2cc9e00a27223020984029f1b8d19a53bb9018fdfed46a960e065dca3f4febf,3,19.932222,44100,1.0,451,position_filter_background,0.285547,-4.8377,1.0,154.577,5797.073,1.0,18.5796,0.61995513,3-182710-B-35.wav,washing_machine,esc50:182710,0.8028703
gunshot_gunfire__fsd50k__dev__166076__0076__r0__aug4.wav,gunshot_gunfire,FSD50K,166076,freesound:166076,gunshot_gunfire__fsd50k__dev__166076__0076__r0.wav,9b54d71278a76e82614aaea5772190ace16795cb0539ff0cf17f51bff46b4919,614c8794668dba86f54b9df3d6da4565d6fcb7dee0307ac309fe66643f42e927,4,19.932222,44100,1.0,451,position_speed_gain,0.450474,-7.328,1.016205,,,1.0,,,,,,1.0
gunshot_gunfire__fsd50k__dev__166076__0076__r0__aug5.wav,gunshot_gunfire,FSD50K,166076,freesound:166076,gunshot_gunfire__fsd50k__dev__166076__0076__r0.wav,9b54d71278a76e82614aaea5772190ace16795cb0539ff0cf17f51bff46b4919,99d1588eaf143a811224e0d7b3f97f88d1e05682a560cc2672653b83daf04522,5,19.932222,44100,1.0,451,position_compression_background,0.300432,-3.8081,1.0,,,1.40067,15.0546,4.95426003,3-132830-A-32.wav,keyboard_typing,esc50:132830,1.0
gunshot_gunfire__fsd50k__dev__166192__0077__r0__aug0.wav,gunshot_gunfire,FSD50K,166192,freesound:166192,gunshot_gunfire__fsd50k__dev__166192__0077__r0.wav,65f40bd585c6e68272551ac93fa52902625f2282eeaa7a63a595319e9a298108,2104ff2825355ee4292049fce9fd6b51fb3655450b2b278faef80286a0b27df9,0,1.688685,44100,1.0,451,position_only,0.341629,0.0,1.0,,,1.0,,,,,,1.0
gunshot_gunfire__fsd50k__dev__166192__0077__r0__aug1.wav,gunshot_gunfire,FSD50K,166192,freesound:166192,gunshot_gunfire__fsd50k__dev__166192__0077__r0.wav,65f40bd585c6e68272551ac93fa52902625f2282eeaa7a63a595319e9a298108,5cb6a02a2d432ee46462e0c3e4b184c7dbbc7ead1ed31d0829d7dd62e841a110,1,1.688685,44100,1.0,451,position_gain,0.158799,3.7186,1.0,,,1.0,,,,,,1.0
gunshot_gunfire__fsd50k__dev__166192__0077__r0__aug2.wav,gunshot_gunfire,FSD50K,166192,freesound:166192,gunshot_gunfire__fsd50k__dev__166192__0077__r0.wav,65f40bd585c6e68272551ac93fa52902625f2282eeaa7a63a595319e9a298108,15ca3fe84bb5ca38a6d3321a570f937564f5e2498549c91c4e488f1afc1f4d1b,2,1.688685,44100,1.0,451,position_gain_background,0.292802,-11.7505,1.0,,,1.0,23.7005,0.00151766,3-156393-A-35.wav,washing_machine,esc50:156393,1.0
gunshot_gunfire__fsd50k__dev__166192__0077__r0__aug3.wav,gunshot_gunfire,FSD50K,166192,freesound:166192,gunshot_gunfire__fsd50k__dev__166192__0077__r0.wav,65f40bd585c6e68272551ac93fa52902625f2282eeaa7a63a595319e9a298108,0cbe20817e70339999ecaaf9a273960f096c2b78262089d50bad0db801da8e01,3,1.688685,44100,1.0,451,position_filter_background,0.592541,-2.0291,1.0,89.801,7643.13,1.0,17.7422,986.31677716,1-36402-A-23.wav,breathing,esc50:36402,1.0
gunshot_gunfire__fsd50k__dev__166192__0077__r0__aug4.wav,gunshot_gunfire,FSD50K,166192,freesound:166192,gunshot_gunfire__fsd50k__dev__166192__0077__r0.wav,65f40bd585c6e68272551ac93fa52902625f2282eeaa7a63a595319e9a298108,40fab7d37e6ade082b6d40196bddc4023a92e746ac3f549dfe90bbaaf0cdccdc,4,1.688685,44100,1.0,451,position_speed_gain,0.559147,2.9258,0.975771,,,1.0,,,,,,1.0
gunshot_gunfire__fsd50k__dev__166192__0077__r0__aug5.wav,gunshot_gunfire,FSD50K,166192,freesound:166192,gunshot_gunfire__fsd50k__dev__166192__0077__r0.wav,65f40bd585c6e68272551ac93fa52902625f2282eeaa7a63a595319e9a298108,c3917bb3a7e26901ab65e39986ec8468ffee751e5588bfb77f39330bfa799477,5,1.688685,44100,1.0,451,position_compression_background,0.585702,-0.0292,1.0,,,1.30602,20.4064,0.01119428,1-43760-A-11.wav,sea_waves,esc50:43760,1.0
gunshot_gunfire__fsd50k__dev__171475__0078__r0__aug0.wav,gunshot_gunfire,FSD50K,171475,freesound:171475,gunshot_gunfire__fsd50k__dev__171475__0078__r0.wav,38cab32080f64b205a3aab60d842152e42a58fd6ffaa666e42b7141aa84ee845,ec3cf2d722a863917c2b1d840281fc39ba02a73f93217a852564da41ce10e400,0,5.410227,44100,1.0,451,position_only,0.718517,0.0,1.0,,,1.0,,,,,,1.0
gunshot_gunfire__fsd50k__dev__171475__0078__r0__aug1.wav,gunshot_gunfire,FSD50K,171475,freesound:171475,gunshot_gunfire__fsd50k__dev__171475__0078__r0.wav,38cab32080f64b205a3aab60d842152e42a58fd6ffaa666e42b7141aa84ee845,90b5b121e1e94d1fcfbe691b8978ec1f3ac2dca318f865a26f5e3d58389a6833,1,5.410227,44100,1.0,451,position_gain,0.727031,-3.5166,1.0,,,1.0,,,,,,1.0
gunshot_gunfire__fsd50k__dev__171475__0078__r0__aug2.wav,gunshot_gunfire,FSD50K,171475,freesound:171475,gunshot_gunfire__fsd50k__dev__171475__0078__r0.wav,38cab32080f64b205a3aab60d842152e42a58fd6ffaa666e42b7141aa84ee845,ff2243ff771646e83b766da099177e59998bbfc50eeaf17769a4ca415fb8b2ca,2,5.410227,44100,1.0,451,position_gain_background,0.756656,-1.3488,1.0,,,1.0,10.2718,0.24788114,2-125966-A-11.wav,sea_waves,esc50:125966,1.0
gunshot_gunfire__fsd50k__dev__171475__0078__r0__aug3.wav,gunshot_gunfire,FSD50K,171475,freesound:171475,gunshot_gunfire__fsd50k__dev__171475__0078__r0.wav,38cab32080f64b205a3aab60d842152e42a58fd6ffaa666e42b7141aa84ee845,b7fe8eebd89df670f988de9573b6d0fea8ced1dd254fc628a27f6cb3c27b89aa,3,5.410227,44100,1.0,451,position_filter_background,0.509148,-0.6788,1.0,90.031,6783.457,1.0,21.8118,0.03792234,3-151269-A-35.wav,washing_machine,esc50:151269,1.0
gunshot_gunfire__fsd50k__dev__171475__0078__r0__aug4.wav,gunshot_gunfire,FSD50K,171475,freesound:171475,gunshot_gunfire__fsd50k__dev__171475__0078__r0.wav,38cab32080f64b205a3aab60d842152e42a58fd6ffaa666e42b7141aa84ee845,ed8ea46aa45975d58defec7ee4ff5cc9d8abb0f71e3637529a23887e84763e96,4,5.410227,44100,1.0,451,position_speed_gain,0.165762,0.8263,0.992291,,,1.0,,,,,,1.0
gunshot_gunfire__fsd50k__dev__171475__0078__r0__aug5.wav,gunshot_gunfire,FSD50K,171475,freesound:171475,gunshot_gunfire__fsd50k__dev__171475__0078__r0.wav,38cab32080f64b205a3aab60d842152e42a58fd6ffaa666e42b7141aa84ee845,5cf1637834fd4af933aacc3098004ea40db24d548fcbe29134421d8caf65c6ff,5,5.410227,44100,1.0,451,position_compression_background,0.22568,-6.624,1.0,,,1.33258,20.9072,1.68241814,3-153444-A-32.wav,keyboard_typing,esc50:153444,1.0
gunshot_gunfire__fsd50k__dev__178180__0079__r0__aug0.wav,gunshot_gunfire,FSD50K,178180,freesound:178180,gunshot_gunfire__fsd50k__dev__178180__0079__r0.wav,3dd6842c34d88cd362e49758db451fd45b276fe903810f17ba745f6d0a1ad76a,ec0de484a8b6dc786f9e58b082555b37c48c84a1ca9079f378d899ee4db0c172,0,12.983016,44100,1.0,451,position_only,0.350279,0.0,1.0,,,1.0,,,,,,1.0
gunshot_gunfire__fsd50k__dev__178180__0079__r0__aug1.wav,gunshot_gunfire,FSD50K,178180,freesound:178180,gunshot_gunfire__fsd50k__dev__178180__0079__r0.wav,3dd6842c34d88cd362e49758db451fd45b276fe903810f17ba745f6d0a1ad76a,7cada46e7302d59e33e1ceb410fe70996a7882f1dc1548dd78ddaf65c1f3cd70,1,12.983016,44100,1.0,451,position_gain,0.481075,-9.1839,1.0,,,1.0,,,,,,1.0
gunshot_gunfire__fsd50k__dev__178180__0079__r0__aug2.wav,gunshot_gunfire,FSD50K,178180,freesound:178180,gunshot_gunfire__fsd50k__dev__178180__0079__r0.wav,3dd6842c34d88cd362e49758db451fd45b276fe903810f17ba745f6d0a1ad76a,4d7f81e0081bca9e9f87655d936abeb7f20e713479b4a661d3a585bf31dd165f,2,12.983016,44100,1.0,451,position_gain_background,0.788844,-9.2774,1.0,,,1.0,13.3506,0.5165595,2-141584-A-38.wav,clock_tick,esc50:141584,1.0
gunshot_gunfire__fsd50k__dev__178180__0079__r0__aug3.wav,gunshot_gunfire,FSD50K,178180,freesound:178180,gunshot_gunfire__fsd50k__dev__178180__0079__r0.wav,3dd6842c34d88cd362e49758db451fd45b276fe903810f17ba745f6d0a1ad76a,c0f76191991c3ac7fe706d62ea0104b7d4be8968a7fc2c6783e1241ade539e38,3,12.983016,44100,1.0,451,position_filter_background,0.493639,-2.6848,1.0,99.805,6567.415,1.0,14.6813,0.05595673,1-28135-B-11.wav,sea_waves,esc50:28135,1.0
gunshot_gunfire__fsd50k__dev__178180__0079__r0__aug4.wav,gunshot_gunfire,FSD50K,178180,freesound:178180,gunshot_gunfire__fsd50k__dev__178180__0079__r0.wav,3dd6842c34d88cd362e49758db451fd45b276fe903810f17ba745f6d0a1ad76a,0caad4dbe053f8095c55873cc5033d85f784717c451ed47e0271a84c3c62ac89,4,12.983016,44100,1.0,451,position_speed_gain,0.498831,-0.5818,1.018427,,,1.0,,,,,,1.0
gunshot_gunfire__fsd50k__dev__178180__0079__r0__aug5.wav,gunshot_gunfire,FSD50K,178180,freesound:178180,gunshot_gunfire__fsd50k__dev__178180__0079__r0.wav,3dd6842c34d88cd362e49758db451fd45b276fe903810f17ba745f6d0a1ad76a,a2b5f00ca05da3f6aa61fd67a59518357e5dfa0fa8c35b24f2abc2663511e6ae,5,12.983016,44100,1.0,451,position_compression_background,0.605484,-4.2953,1.0,,,1.71975,11.839,0.88850066,2-141584-A-38.wav,clock_tick,esc50:141584,1.0
gunshot_gunfire__fsd50k__dev__182051__0080__r0__aug0.wav,gunshot_gunfire,FSD50K,182051,freesound:182051,gunshot_gunfire__fsd50k__dev__182051__0080__r0.wav,10a7279690f5ee310d153c5a13a831805ed3c394f9bd2d7741d1bc1cd9f60978,d10a71d82a1270a06fe54047e44f471da02208a0bb3278f821936f35e5a2e818,0,0.311814,44100,1.0,451,position_only,0.622362,0.0,1.0,,,1.0,,,,,,0.89220391
gunshot_gunfire__fsd50k__dev__182051__0080__r0__aug1.wav,gunshot_gunfire,FSD50K,182051,freesound:182051,gunshot_gunfire__fsd50k__dev__182051__0080__r0.wav,10a7279690f5ee310d153c5a13a831805ed3c394f9bd2d7741d1bc1cd9f60978,63bbdb216bf2af219aee4f4ff71a58903ee5f1005efb9dadb12dbf38b9d06aa0,1,0.311814,44100,1.0,451,position_gain,0.391419,-10.1652,1.0,,,1.0,,,,,,1.0
gunshot_gunfire__fsd50k__dev__182051__0080__r0__aug2.wav,gunshot_gunfire,FSD50K,182051,freesound:182051,gunshot_gunfire__fsd50k__dev__182051__0080__r0.wav,10a7279690f5ee310d153c5a13a831805ed3c394f9bd2d7741d1bc1cd9f60978,8d8f4fc5d1450e7bf6db1ecf29c20c99ae11b5d13b92f1cd96a4b29bb4f63bce,2,0.311814,44100,1.0,451,position_gain_background,0.17288,-9.8888,1.0,,,1.0,14.7529,8973.64185167,2-66205-A-23.wav,breathing,esc50:66205,1.0
gunshot_gunfire__fsd50k__dev__182051__0080__r0__aug3.wav,gunshot_gunfire,FSD50K,182051,freesound:182051,gunshot_gunfire__fsd50k__dev__182051__0080__r0.wav,10a7279690f5ee310d153c5a13a831805ed3c394f9bd2d7741d1bc1cd9f60978,8105f69b187c4b9273e4de6a7c312ce93e92c4e820efc78f4c3334df6f1d9f87,3,0.311814,44100,1.0,451,position_filter_background,0.619526,-8.1068,1.0,191.331,7798.628,1.0,12.7859,15926.11737414,1-36400-A-23.wav,breathing,esc50:36400,1.0
gunshot_gunfire__fsd50k__dev__182051__0080__r0__aug4.wav,gunshot_gunfire,FSD50K,182051,freesound:182051,gunshot_gunfire__fsd50k__dev__182051__0080__r0.wav,10a7279690f5ee310d153c5a13a831805ed3c394f9bd2d7741d1bc1cd9f60978,b60ec2b14f6bfbe2a040eefa466c9702dc6ceceb0935e0b96ea69278a21c3dd0,4,0.311814,44100,1.0,451,position_speed_gain,0.485749,-4.7452,0.991918,,,1.0,,,,,,1.0
gunshot_gunfire__fsd50k__dev__182051__0080__r0__aug5.wav,gunshot_gunfire,FSD50K,182051,freesound:182051,gunshot_gunfire__fsd50k__dev__182051__0080__r0.wav,10a7279690f5ee310d153c5a13a831805ed3c394f9bd2d7741d1bc1cd9f60978,974451228e7f8771bb5cd89969412181cb4b385a84a1afd44bd3f15738360aa2,5,0.311814,44100,1.0,451,position_compression_background,0.191002,-10.6374,1.0,,,1.59466,21.8961,0.09407396,2-102567-B-35.wav,washing_machine,esc50:102567,1.0
gunshot_gunfire__fsd50k__dev__182429__0081__r0__aug0.wav,gunshot_gunfire,FSD50K,182429,freesound:182429,gunshot_gunfire__fsd50k__dev__182429__0081__r0.wav,65f8da3756811b02194158009f15eb8d10b1bf187388542ec8e720825c600e30,c80c5a921d63e19951771d51d0fad98ac0c9f28b4d2aff70b6245af526d8819d,0,0.611134,44100,1.0,451,position_only,0.469534,0.0,1.0,,,1.0,,,,,,0.97945839
gunshot_gunfire__fsd50k__dev__182429__0081__r0__aug1.wav,gunshot_gunfire,FSD50K,182429,freesound:182429,gunshot_gunfire__fsd50k__dev__182429__0081__r0.wav,65f8da3756811b02194158009f15eb8d10b1bf187388542ec8e720825c600e30,66e4def6e7f8075d19016abb3d57deb29020e3a178bdc145593a970f6766aa49,1,0.611134,44100,1.0,451,position_gain,0.278556,-1.9275,1.0,,,1.0,,,,,,1.0
gunshot_gunfire__fsd50k__dev__182429__0081__r0__aug2.wav,gunshot_gunfire,FSD50K,182429,freesound:182429,gunshot_gunfire__fsd50k__dev__182429__0081__r0.wav,65f8da3756811b02194158009f15eb8d10b1bf187388542ec8e720825c600e30,e5e6248846afad1abb0690d4ecb52bfb21dd0103d809015f13733ffb0132a250,2,0.611134,44100,1.0,451,position_gain_background,0.643349,1.3183,1.0,,,1.0,22.5335,0.14204371,1-32373-B-35.wav,washing_machine,esc50:32373,0.79723735
gunshot_gunfire__fsd50k__dev__182429__0081__r0__aug3.wav,gunshot_gunfire,FSD50K,182429,freesound:182429,gunshot_gunfire__fsd50k__dev__182429__0081__r0.wav,65f8da3756811b02194158009f15eb8d10b1bf187388542ec8e720825c600e30,e3487b255371803b3337e2de7cb0f45012eed0cab55a45b97c37152d99a13b17,3,0.611134,44100,1.0,451,position_filter_background,0.338473,0.5693,1.0,233.027,7797.129,1.0,17.0855,5.29980237,3-166125-A-23.wav,breathing,esc50:166125,1.0
gunshot_gunfire__fsd50k__dev__182429__0081__r0__aug4.wav,gunshot_gunfire,FSD50K,182429,freesound:182429,gunshot_gunfire__fsd50k__dev__182429__0081__r0.wav,65f8da3756811b02194158009f15eb8d10b1bf187388542ec8e720825c600e30,2074906a22293d844d1f7ba356b80d8ecbe38c668642babdbcdc0d232dc37866,4,0.611134,44100,1.0,451,position_speed_gain,0.312453,-11.1218,0.962629,,,1.0,,,,,,1.0
gunshot_gunfire__fsd50k__dev__182429__0081__r0__aug5.wav,gunshot_gunfire,FSD50K,182429,freesound:182429,gunshot_gunfire__fsd50k__dev__182429__0081__r0.wav,65f8da3756811b02194158009f15eb8d10b1bf187388542ec8e720825c600e30,5e2ed2e0b3c0a265c9d9acdbd9715571498939eed62cabcc6d52791ac59e6fae,5,0.611134,44100,1.0,451,position_compression_background,0.475722,-2.5833,1.0,,,1.63578,21.9353,0.99452251,2-54962-A-23.wav,breathing,esc50:54962,1.0
gunshot_gunfire__fsd50k__dev__182431__0082__r0__aug0.wav,gunshot_gunfire,FSD50K,182431,freesound:182431,gunshot_gunfire__fsd50k__dev__182431__0082__r0.wav,7918ab207ae87e4a232dcb9217fa0d8ccbb5bd5b21daeaba695d1d1b058179c3,e624847fe552eae66d09f2b6efb8741ad9a10db055898d0f0f82da2eef668223,0,0.17712,44100,1.0,451,position_only,0.664192,0.0,1.0,,,1.0,,,,,,0.89299507
gunshot_gunfire__fsd50k__dev__182431__0082__r0__aug1.wav,gunshot_gunfire,FSD50K,182431,freesound:182431,gunshot_gunfire__fsd50k__dev__182431__0082__r0.wav,7918ab207ae87e4a232dcb9217fa0d8ccbb5bd5b21daeaba695d1d1b058179c3,bef6d72f2e44e5dd7fcb013f8a1ea5180d3df09e0121f2dc43acdd5cff9c3836,1,0.17712,44100,1.0,451,position_gain,0.718435,-8.9004,1.0,,,1.0,,,,,,1.0
gunshot_gunfire__fsd50k__dev__182431__0082__r0__aug2.wav,gunshot_gunfire,FSD50K,182431,freesound:182431,gunshot_gunfire__fsd50k__dev__182431__0082__r0.wav,7918ab207ae87e4a232dcb9217fa0d8ccbb5bd5b21daeaba695d1d1b058179c3,d9e6bc3eed3f5115680b7c3850b346cbadde5a58bcc365f53f0bdf0b4bc98837,2,0.17712,44100,1.0,451,position_gain_background,0.649819,-2.0441,1.0,,,1.0,13.1188,1.95909407,3-143933-A-38.wav,clock_tick,esc50:143933,1.0
gunshot_gunfire__fsd50k__dev__182431__0082__r0__aug3.wav,gunshot_gunfire,FSD50K,182431,freesound:182431,gunshot_gunfire__fsd50k__dev__182431__0082__r0.wav,7918ab207ae87e4a232dcb9217fa0d8ccbb5bd5b21daeaba695d1d1b058179c3,3055ef152a933c5d019328de28bb7301e096038492e3eb623678beefb0671eed,3,0.17712,44100,1.0,451,position_filter_background,0.724153,-0.7928,1.0,183.346,7333.64,1.0,15.9048,1.7876489,1-62850-A-38.wav,clock_tick,esc50:62850,1.0
gunshot_gunfire__fsd50k__dev__182431__0082__r0__aug4.wav,gunshot_gunfire,FSD50K,182431,freesound:182431,gunshot_gunfire__fsd50k__dev__182431__0082__r0.wav,7918ab207ae87e4a232dcb9217fa0d8ccbb5bd5b21daeaba695d1d1b058179c3,2a50166e45560062263a489fa21b4ca946707f192859646586b015b7f423057a,4,0.17712,44100,1.0,451,position_speed_gain,0.458634,1.658,1.038885,,,1.0,,,,,,0.73841117
gunshot_gunfire__fsd50k__dev__182431__0082__r0__aug5.wav,gunshot_gunfire,FSD50K,182431,freesound:182431,gunshot_gunfire__fsd50k__dev__182431__0082__r0.wav,7918ab207ae87e4a232dcb9217fa0d8ccbb5bd5b21daeaba695d1d1b058179c3,2993d79427931189df5ab29f277a871d2aafd305a9326ca662900026f4429c92,5,0.17712,44100,1.0,451,position_compression_background,0.200709,4.5133,1.0,,,1.70016,17.4899,8.72842462,3-154781-A-32.wav,keyboard_typing,esc50:154781,0.83927122
gunshot_gunfire__fsd50k__dev__182435__0083__r0__aug0.wav,gunshot_gunfire,FSD50K,182435,freesound:182435,gunshot_gunfire__fsd50k__dev__182435__0083__r0.wav,6e00dd3d9a0e40862d551e0b8e8c6c860b8a8c3071e41939aa0b5dc545c34b54,1b4c8dc1cb9fdfec80a828ba9c99a122be88e631c8e55b0b85ac466c47f3ec86,0,19.987098,44100,1.0,451,position_only,0.484375,0.0,1.0,,,1.0,,,,,,0.97696821
gunshot_gunfire__fsd50k__dev__182435__0083__r0__aug1.wav,gunshot_gunfire,FSD50K,182435,freesound:182435,gunshot_gunfire__fsd50k__dev__182435__0083__r0.wav,6e00dd3d9a0e40862d551e0b8e8c6c860b8a8c3071e41939aa0b5dc545c34b54,efbf13e29416eb794b4c15379099f55ad124627ca29c9e76d15376a7cb463c3a,1,19.987098,44100,1.0,451,position_gain,0.293091,-7.5197,1.0,,,1.0,,,,,,1.0
gunshot_gunfire__fsd50k__dev__182435__0083__r0__aug2.wav,gunshot_gunfire,FSD50K,182435,freesound:182435,gunshot_gunfire__fsd50k__dev__182435__0083__r0.wav,6e00dd3d9a0e40862d551e0b8e8c6c860b8a8c3071e41939aa0b5dc545c34b54,e2881fff69c0eeecb48a20bd8640ebef01f8f51781783799bb0f926bbabb317c,2,19.987098,44100,1.0,451,position_gain_background,0.769555,-7.3074,1.0,,,1.0,23.5716,0.02440484,2-102567-C-35.wav,washing_machine,esc50:102567,1.0
gunshot_gunfire__fsd50k__dev__182435__0083__r0__aug3.wav,gunshot_gunfire,FSD50K,182435,freesound:182435,gunshot_gunfire__fsd50k__dev__182435__0083__r0.wav,6e00dd3d9a0e40862d551e0b8e8c6c860b8a8c3071e41939aa0b5dc545c34b54,9fa6f88ff42533c65862ab11935c206c12887cbc7291b2f584f03cd66ea66359,3,19.987098,44100,1.0,451,position_filter_background,0.596874,-11.3679,1.0,218.099,5756.692,1.0,20.1464,0.01774427,1-21896-A-35.wav,washing_machine,esc50:21896,1.0
gunshot_gunfire__fsd50k__dev__182435__0083__r0__aug4.wav,gunshot_gunfire,FSD50K,182435,freesound:182435,gunshot_gunfire__fsd50k__dev__182435__0083__r0.wav,6e00dd3d9a0e40862d551e0b8e8c6c860b8a8c3071e41939aa0b5dc545c34b54,5a21ae27b5318414fb08d5d2577490e6dd2a2263f2e55ce6e0d8ae3b679919fc,4,19.987098,44100,1.0,451,position_speed_gain,0.303077,0.3207,0.991205,,,1.0,,,,,,1.0
gunshot_gunfire__fsd50k__dev__182435__0083__r0__aug5.wav,gunshot_gunfire,FSD50K,182435,freesound:182435,gunshot_gunfire__fsd50k__dev__182435__0083__r0.wav,6e00dd3d9a0e40862d551e0b8e8c6c860b8a8c3071e41939aa0b5dc545c34b54,d2bab65e24d9880c31d4a0b9efb9a862b85c74c9158ef9abc264ae450a174cee,5,19.987098,44100,1.0,451,position_compression_background,0.674486,-10.3065,1.0,,,1.26712,11.239,0.06068406,1-91359-B-11.wav,sea_waves,esc50:91359,1.0
gunshot_gunfire__fsd50k__dev__182790__0084__r0__aug0.wav,gunshot_gunfire,FSD50K,182790,freesound:182790,gunshot_gunfire__fsd50k__dev__182790__0084__r0.wav,73a795b01899354be27e3a65a6c1e2a43f6e5130121557410adfcabebe04b9e7,260bc99d0be6bd3ad3af664c2a1e93eda8fc8d5486ef881033a9fa7e410f5cc5,0,0.386644,44100,1.0,451,position_only,0.431041,0.0,1.0,,,1.0,,,,,,0.89125094
gunshot_gunfire__fsd50k__dev__182790__0084__r0__aug1.wav,gunshot_gunfire,FSD50K,182790,freesound:182790,gunshot_gunfire__fsd50k__dev__182790__0084__r0.wav,73a795b01899354be27e3a65a6c1e2a43f6e5130121557410adfcabebe04b9e7,a712ce99e591d78158bdec98db94515093098e953e9ed49f82ec2cd7d6de65ef,1,0.386644,44100,1.0,451,position_gain,0.370253,3.8233,1.0,,,1.0,,,,,,0.57390017
gunshot_gunfire__fsd50k__dev__182790__0084__r0__aug2.wav,gunshot_gunfire,FSD50K,182790,freesound:182790,gunshot_gunfire__fsd50k__dev__182790__0084__r0.wav,73a795b01899354be27e3a65a6c1e2a43f6e5130121557410adfcabebe04b9e7,26cdf90e0b94dd7e2ce747508ba53879cf3ba468ad081a591c446b6fa6e75d1c,2,0.386644,44100,1.0,451,position_gain_background,0.262489,-9.627,1.0,,,1.0,15.1617,0.34277279,1-36400-A-23.wav,breathing,esc50:36400,1.0
gunshot_gunfire__fsd50k__dev__182790__0084__r0__aug3.wav,gunshot_gunfire,FSD50K,182790,freesound:182790,gunshot_gunfire__fsd50k__dev__182790__0084__r0.wav,73a795b01899354be27e3a65a6c1e2a43f6e5130121557410adfcabebe04b9e7,2dd02538c62aedbd1ea6ffbb6cd97dea4f0965da5584bfc71093e536f07acf29,3,0.386644,44100,1.0,451,position_filter_background,0.314756,-8.8262,1.0,256.866,6098.433,1.0,21.2305,0.03552209,3-144128-B-23.wav,breathing,esc50:144128,1.0
gunshot_gunfire__fsd50k__dev__182790__0084__r0__aug4.wav,gunshot_gunfire,FSD50K,182790,freesound:182790,gunshot_gunfire__fsd50k__dev__182790__0084__r0.wav,73a795b01899354be27e3a65a6c1e2a43f6e5130121557410adfcabebe04b9e7,fabc4748eb7d0113ab99579559740997725e57675d5dfa811991ab0fb19393bb,4,0.386644,44100,1.0,451,position_speed_gain,0.200054,-3.2106,1.037951,,,1.0,,,,,,1.0
gunshot_gunfire__fsd50k__dev__182790__0084__r0__aug5.wav,gunshot_gunfire,FSD50K,182790,freesound:182790,gunshot_gunfire__fsd50k__dev__182790__0084__r0.wav,73a795b01899354be27e3a65a6c1e2a43f6e5130121557410adfcabebe04b9e7,edba47c01e17cd71eed86259c6c5d1546327370f8d216b13cadf6f85414c16cc,5,0.386644,44100,1.0,451,position_compression_background,0.584859,-3.1003,1.0,,,1.7144,16.1497,11296.89784097,1-36393-A-23.wav,breathing,esc50:36393,1.0
gunshot_gunfire__fsd50k__dev__182806__0085__r0__aug0.wav,gunshot_gunfire,FSD50K,182806,freesound:182806,gunshot_gunfire__fsd50k__dev__182806__0085__r0.wav,0ccfb1ecc883524430d244666713ed1880840a024fee3eaa744fbb87113af8ca,3e88505c77272cb306722ba9222f77150e3937cc887fd3587b58948bb62d93f4,0,0.785737,44100,1.0,451,position_only,0.411937,0.0,1.0,,,1.0,,,,,,1.0
gunshot_gunfire__fsd50k__dev__182806__0085__r0__aug1.wav,gunshot_gunfire,FSD50K,182806,freesound:182806,gunshot_gunfire__fsd50k__dev__182806__0085__r0.wav,0ccfb1ecc883524430d244666713ed1880840a024fee3eaa744fbb87113af8ca,aec097bd2b7bf168dd6232e71b85048b479c72b9f7cf569d3e68411a7aa353a1,1,0.785737,44100,1.0,451,position_gain,0.42639,4.9718,1.0,,,1.0,,,,,,1.0
gunshot_gunfire__fsd50k__dev__182806__0085__r0__aug2.wav,gunshot_gunfire,FSD50K,182806,freesound:182806,gunshot_gunfire__fsd50k__dev__182806__0085__r0.wav,0ccfb1ecc883524430d244666713ed1880840a024fee3eaa744fbb87113af8ca,5af8f1086ccbb646de3d558005d6a3202d783868014ed458deaaab4f969115ef,2,0.785737,44100,1.0,451,position_gain_background,0.576604,4.6196,1.0,,,1.0,16.3849,0.01740884,1-30709-C-23.wav,breathing,esc50:30709,1.0
gunshot_gunfire__fsd50k__dev__182806__0085__r0__aug3.wav,gunshot_gunfire,FSD50K,182806,freesound:182806,gunshot_gunfire__fsd50k__dev__182806__0085__r0.wav,0ccfb1ecc883524430d244666713ed1880840a024fee3eaa744fbb87113af8ca,eb9794d6bbc3e1dd778f8b71b686367a39b3ae3637de0e18f681974dbe1043ed,3,0.785737,44100,1.0,451,position_filter_background,0.495791,-5.5149,1.0,145.623,6801.446,1.0,16.4175,0.14706676,3-166125-B-23.wav,breathing,esc50:166125,1.0
gunshot_gunfire__fsd50k__dev__182806__0085__r0__aug4.wav,gunshot_gunfire,FSD50K,182806,freesound:182806,gunshot_gunfire__fsd50k__dev__182806__0085__r0.wav,0ccfb1ecc883524430d244666713ed1880840a024fee3eaa744fbb87113af8ca,5a9f899dcd12d748342b9b3168132074b7db2a74c3e91c0856e978accf6ccd61,4,0.785737,44100,1.0,451,position_speed_gain,0.777123,-4.3268,1.039515,,,1.0,,,,,,1.0
gunshot_gunfire__fsd50k__dev__182806__0085__r0__aug5.wav,gunshot_gunfire,FSD50K,182806,freesound:182806,gunshot_gunfire__fsd50k__dev__182806__0085__r0.wav,0ccfb1ecc883524430d244666713ed1880840a024fee3eaa744fbb87113af8ca,2d25bbf9ab0b2437b0addb749a4a5b33f99f4ae7a176bef9ff6401f4f2c99b34,5,0.785737,44100,1.0,451,position_compression_background,0.563311,3.987,1.0,,,1.62903,19.3993,0.34199358,3-151206-A-23.wav,breathing,esc50:151206,1.0
gunshot_gunfire__fsd50k__dev__184275__0086__r0__aug0.wav,gunshot_gunfire,FSD50K,184275,freesound:184275,gunshot_gunfire__fsd50k__dev__184275__0086__r0.wav,6efc093fca06ce7289b08caa05a51111bfa5232cc7db09c626d9829e247a74a1,315a9ee7e0a66d5e81736c519a6c9f831cc8bd01e6022cde060d74a07ab8124d,0,4.796621,44100,1.0,451,position_only,0.655284,0.0,1.0,,,1.0,,,,,,1.0
gunshot_gunfire__fsd50k__dev__184275__0086__r0__aug1.wav,gunshot_gunfire,FSD50K,184275,freesound:184275,gunshot_gunfire__fsd50k__dev__184275__0086__r0.wav,6efc093fca06ce7289b08caa05a51111bfa5232cc7db09c626d9829e247a74a1,6c63a583dceffe81aacd96762427b1dfb6ac70043e4601bb84ca826ea624fd3d,1,4.796621,44100,1.0,451,position_gain,0.770989,1.001,1.0,,,1.0,,,,,,1.0
gunshot_gunfire__fsd50k__dev__184275__0086__r0__aug2.wav,gunshot_gunfire,FSD50K,184275,freesound:184275,gunshot_gunfire__fsd50k__dev__184275__0086__r0.wav,6efc093fca06ce7289b08caa05a51111bfa5232cc7db09c626d9829e247a74a1,7844ed3d7be8b35d6fbadc1682c217ac07b532c8a2217d844e1fd283e0693ca2,2,4.796621,44100,1.0,451,position_gain_background,0.698921,0.866,1.0,,,1.0,22.438,0.03007366,1-39901-B-11.wav,sea_waves,esc50:39901,1.0
gunshot_gunfire__fsd50k__dev__184275__0086__r0__aug3.wav,gunshot_gunfire,FSD50K,184275,freesound:184275,gunshot_gunfire__fsd50k__dev__184275__0086__r0.wav,6efc093fca06ce7289b08caa05a51111bfa5232cc7db09c626d9829e247a74a1,4a35c58b1a8ab0257afdb3a6178e7f2db0bceee449b3497430287e7a2179d353,3,4.796621,44100,1.0,451,position_filter_background,0.724922,-5.6146,1.0,234.003,6264.384,1.0,23.9127,0.00540186,3-151273-A-35.wav,washing_machine,esc50:151273,1.0
gunshot_gunfire__fsd50k__dev__184275__0086__r0__aug4.wav,gunshot_gunfire,FSD50K,184275,freesound:184275,gunshot_gunfire__fsd50k__dev__184275__0086__r0.wav,6efc093fca06ce7289b08caa05a51111bfa5232cc7db09c626d9829e247a74a1,f74a20c3ceb45265a2f2f2dadd6c9bb8e186616bc6df7a05e978ff84dfc4cf9f,4,4.796621,44100,1.0,451,position_speed_gain,0.153719,-8.7609,0.978422,,,1.0,,,,,,1.0
gunshot_gunfire__fsd50k__dev__184275__0086__r0__aug5.wav,gunshot_gunfire,FSD50K,184275,freesound:184275,gunshot_gunfire__fsd50k__dev__184275__0086__r0.wav,6efc093fca06ce7289b08caa05a51111bfa5232cc7db09c626d9829e247a74a1,b222f763ab04c65b02ee0b9f2321a472f6a542311c303231471ea951609a8dd7,5,4.796621,44100,1.0,451,position_compression_background,0.491786,-3.432,1.0,,,1.46364,10.2723,0.07535976,1-28135-B-11.wav,sea_waves,esc50:28135,1.0
gunshot_gunfire__fsd50k__dev__184418__0087__r0__aug0.wav,gunshot_gunfire,FSD50K,184418,freesound:184418,gunshot_gunfire__fsd50k__dev__184418__0087__r0.wav,2cf3fec35302902c7be0331f92b11f6f145ff516d04baac6fc9a3eaa1b1a69a8,2081666eff4d603166ee541ecc710feef7c10340bf017743cf4133b30e617699,0,0.990272,44100,1.0,451,position_only,0.653278,0.0,1.0,,,1.0,,,,,,0.89127814
gunshot_gunfire__fsd50k__dev__184418__0087__r0__aug1.wav,gunshot_gunfire,FSD50K,184418,freesound:184418,gunshot_gunfire__fsd50k__dev__184418__0087__r0.wav,2cf3fec35302902c7be0331f92b11f6f145ff516d04baac6fc9a3eaa1b1a69a8,5d495fa5f83bee24546012003b777f91fd4a7406533700f90997bae30f3b8085,1,0.990272,44100,1.0,451,position_gain,0.73703,4.8406,1.0,,,1.0,,,,,,0.51048369
gunshot_gunfire__fsd50k__dev__184418__0087__r0__aug2.wav,gunshot_gunfire,FSD50K,184418,freesound:184418,gunshot_gunfire__fsd50k__dev__184418__0087__r0.wav,2cf3fec35302902c7be0331f92b11f6f145ff516d04baac6fc9a3eaa1b1a69a8,175440a1987c198f6fdf320d954d14b0eb746faf828bbbb9242e69c819f67428,2,0.990272,44100,1.0,451,position_gain_background,0.752999,1.3186,1.0,,,1.0,14.0979,2.80697617,1-57163-A-38.wav,clock_tick,esc50:57163,0.75529111
gunshot_gunfire__fsd50k__dev__184418__0087__r0__aug3.wav,gunshot_gunfire,FSD50K,184418,freesound:184418,gunshot_gunfire__fsd50k__dev__184418__0087__r0.wav,2cf3fec35302902c7be0331f92b11f6f145ff516d04baac6fc9a3eaa1b1a69a8,f68bc434b87d24fc38a45a90b6b9eb75de8ae5b79567c8a9f997550af3e0c337,3,0.990272,44100,1.0,451,position_filter_background,0.518004,-7.7883,1.0,166.783,7400.052,1.0,19.2776,5652.42938342,1-36400-A-23.wav,breathing,esc50:36400,1.0
gunshot_gunfire__fsd50k__dev__184418__0087__r0__aug4.wav,gunshot_gunfire,FSD50K,184418,freesound:184418,gunshot_gunfire__fsd50k__dev__184418__0087__r0.wav,2cf3fec35302902c7be0331f92b11f6f145ff516d04baac6fc9a3eaa1b1a69a8,47d1eaa28afdd0632bbcd69dc70f1a897a69c0f0f0aa87abba30391a86fd50b5,4,0.990272,44100,1.0,451,position_speed_gain,0.371933,-11.3368,0.989185,,,1.0,,,,,,1.0
gunshot_gunfire__fsd50k__dev__184418__0087__r0__aug5.wav,gunshot_gunfire,FSD50K,184418,freesound:184418,gunshot_gunfire__fsd50k__dev__184418__0087__r0.wav,2cf3fec35302902c7be0331f92b11f6f145ff516d04baac6fc9a3eaa1b1a69a8,44e1354baf9f7752d0ac080977eff27dd91165c101032af03baffa0cdef28325,5,0.990272,44100,1.0,451,position_compression_background,0.394461,3.99,1.0,,,1.21655,12.3531,0.29700456,1-27166-A-35.wav,washing_machine,esc50:27166,0.77965351
gunshot_gunfire__fsd50k__dev__187702__0088__r0__aug0.wav,gunshot_gunfire,FSD50K,187702,freesound:187702,gunshot_gunfire__fsd50k__dev__187702__0088__r0.wav,41ec8576362fa99e75161284dab04632478a6aefe299a5a818f66c1a0f10832b,3ae547a11e4a4dd9ad89c15b1245be005a9d8da481a35167ab72867839163609,0,2.611587,44100,1.0,451,position_only,0.599562,0.0,1.0,,,1.0,,,,,,1.0
gunshot_gunfire__fsd50k__dev__187702__0088__r0__aug1.wav,gunshot_gunfire,FSD50K,187702,freesound:187702,gunshot_gunfire__fsd50k__dev__187702__0088__r0.wav,41ec8576362fa99e75161284dab04632478a6aefe299a5a818f66c1a0f10832b,24967dcff22ed08f0c4a8e4eae8845730965a1cfd009680a9047667a2fd7ae2c,1,2.611587,44100,1.0,451,position_gain,0.583196,-6.4725,1.0,,,1.0,,,,,,1.0
gunshot_gunfire__fsd50k__dev__187702__0088__r0__aug2.wav,gunshot_gunfire,FSD50K,187702,freesound:187702,gunshot_gunfire__fsd50k__dev__187702__0088__r0.wav,41ec8576362fa99e75161284dab04632478a6aefe299a5a818f66c1a0f10832b,a0517f8a20883756b4b4bc52ef41e55152ef15785ba99a7a2fbc179c498fbee8,2,2.611587,44100,1.0,451,position_gain_background,0.15591,0.7424,1.0,,,1.0,24.5014,0.01107031,2-155801-A-11.wav,sea_waves,esc50:155801,1.0
gunshot_gunfire__fsd50k__dev__187702__0088__r0__aug3.wav,gunshot_gunfire,FSD50K,187702,freesound:187702,gunshot_gunfire__fsd50k__dev__187702__0088__r0.wav,41ec8576362fa99e75161284dab04632478a6aefe299a5a818f66c1a0f10832b,46a9cc6d741bd1cb48c3ef2c64b51eaa2e539d87e49f52e4500cb6dbdd3f714d,3,2.611587,44100,1.0,451,position_filter_background,0.511274,-10.6805,1.0,90.911,5841.277,1.0,13.8718,0.00875289,2-125966-A-11.wav,sea_waves,esc50:125966,1.0
gunshot_gunfire__fsd50k__dev__187702__0088__r0__aug4.wav,gunshot_gunfire,FSD50K,187702,freesound:187702,gunshot_gunfire__fsd50k__dev__187702__0088__r0.wav,41ec8576362fa99e75161284dab04632478a6aefe299a5a818f66c1a0f10832b,31ddc2c8b07a2cf3204255ab9454d3101363945a886e6d2a55cbe20e42b93e5f,4,2.611587,44100,1.0,451,position_speed_gain,0.781195,-11.6833,1.023859,,,1.0,,,,,,1.0
gunshot_gunfire__fsd50k__dev__187702__0088__r0__aug5.wav,gunshot_gunfire,FSD50K,187702,freesound:187702,gunshot_gunfire__fsd50k__dev__187702__0088__r0.wav,41ec8576362fa99e75161284dab04632478a6aefe299a5a818f66c1a0f10832b,3c939ab6dbee7e997ac3f44f07c9c2d54218af19787fa8d01678d17683313510,5,2.611587,44100,1.0,451,position_compression_background,0.189821,4.9708,1.0,,,1.36439,18.0542,0.0274516,1-43760-A-11.wav,sea_waves,esc50:43760,1.0
gunshot_gunfire__fsd50k__dev__187767__0089__r0__aug0.wav,gunshot_gunfire,FSD50K,187767,freesound:187767,gunshot_gunfire__fsd50k__dev__187767__0089__r0.wav,4c2367dbe4ad88f681ff266bfa2b7b2d915955ffe3e4e5dca5944c218210daed,71c59d669d865a8840dfb7e6d62d3f6f194eed8b6802b0dbc292a0ea4587b769,0,6.383016,44100,1.0,451,position_only,0.799591,0.0,1.0,,,1.0,,,,,,0.89125094
gunshot_gunfire__fsd50k__dev__187767__0089__r0__aug1.wav,gunshot_gunfire,FSD50K,187767,freesound:187767,gunshot_gunfire__fsd50k__dev__187767__0089__r0.wav,4c2367dbe4ad88f681ff266bfa2b7b2d915955ffe3e4e5dca5944c218210daed,c1f7c6ee34ec7140be19eb71803a483a246b404cf322e34c1e8ff5b135597753,1,6.383016,44100,1.0,451,position_gain,0.414156,-3.5336,1.0,,,1.0,,,,,,1.0
gunshot_gunfire__fsd50k__dev__187767__0089__r0__aug2.wav,gunshot_gunfire,FSD50K,187767,freesound:187767,gunshot_gunfire__fsd50k__dev__187767__0089__r0.wav,4c2367dbe4ad88f681ff266bfa2b7b2d915955ffe3e4e5dca5944c218210daed,fa26612538ffdb07d316969b1f866c163b2bfa8d26117b3ffd1a6924e619a2d5,2,6.383016,44100,1.0,451,position_gain_background,0.504231,-8.9649,1.0,,,1.0,10.0451,0.32749169,1-84393-A-32.wav,keyboard_typing,esc50:84393,1.0
gunshot_gunfire__fsd50k__dev__187767__0089__r0__aug3.wav,gunshot_gunfire,FSD50K,187767,freesound:187767,gunshot_gunfire__fsd50k__dev__187767__0089__r0.wav,4c2367dbe4ad88f681ff266bfa2b7b2d915955ffe3e4e5dca5944c218210daed,f56c1df54b6ba9a755cf56d3a97b329c771724729b4ab952c8cd8d7b8b2d0b52,3,6.383016,44100,1.0,451,position_filter_background,0.393528,-0.8181,1.0,247.963,7348.279,1.0,18.1365,1.10698763,1-48413-A-38.wav,clock_tick,esc50:48413,0.53931187
gunshot_gunfire__fsd50k__dev__187767__0089__r0__aug4.wav,gunshot_gunfire,FSD50K,187767,freesound:187767,gunshot_gunfire__fsd50k__dev__187767__0089__r0.wav,4c2367dbe4ad88f681ff266bfa2b7b2d915955ffe3e4e5dca5944c218210daed,598b500189c2ff2c7855957be7603d870da71aa69d65590279c70e56649ba70e,4,6.383016,44100,1.0,451,position_speed_gain,0.477003,-6.0166,0.994877,,,1.0,,,,,,1.0
gunshot_gunfire__fsd50k__dev__187767__0089__r0__aug5.wav,gunshot_gunfire,FSD50K,187767,freesound:187767,gunshot_gunfire__fsd50k__dev__187767__0089__r0.wav,4c2367dbe4ad88f681ff266bfa2b7b2d915955ffe3e4e5dca5944c218210daed,7cd411c0da8b5666112cce705e60d20c9fa7f058af2caf6d32a9a49e83267f66,5,6.383016,44100,1.0,451,position_compression_background,0.375935,-10.7058,1.0,,,1.7125,18.811,0.18297808,2-131943-A-38.wav,clock_tick,esc50:131943,1.0
gunshot_gunfire__fsd50k__dev__191449__0090__r0__aug0.wav,gunshot_gunfire,FSD50K,191449,freesound:191449,gunshot_gunfire__fsd50k__dev__191449__0090__r0.wav,6e9ebb82442b4eb5933baf1d79bd74d40238315db33e656cd5fdd4fb53e7bda4,b8857a2978fc8fda025b9b05ee942f939f4432ee21b397f7f6d1eb908aa904bd,0,3.140385,44100,1.0,451,position_only,0.429619,0.0,1.0,,,1.0,,,,,,1.0
gunshot_gunfire__fsd50k__dev__191449__0090__r0__aug1.wav,gunshot_gunfire,FSD50K,191449,freesound:191449,gunshot_gunfire__fsd50k__dev__191449__0090__r0.wav,6e9ebb82442b4eb5933baf1d79bd74d40238315db33e656cd5fdd4fb53e7bda4,a4e8e6fbe8f641545abeaa73f0bb7f05d34287a412efe9a84de6292b8e7e0941,1,3.140385,44100,1.0,451,position_gain,0.457089,-11.9948,1.0,,,1.0,,,,,,1.0
gunshot_gunfire__fsd50k__dev__191449__0090__r0__aug2.wav,gunshot_gunfire,FSD50K,191449,freesound:191449,gunshot_gunfire__fsd50k__dev__191449__0090__r0.wav,6e9ebb82442b4eb5933baf1d79bd74d40238315db33e656cd5fdd4fb53e7bda4,6d343ad3507f1572ab4d2fe18bb119ae42fecd08e9d58901af4f4aba075ab0f3,2,3.140385,44100,1.0,451,position_gain_background,0.2131,4.8694,1.0,,,1.0,17.9795,0.37540301,2-124662-A-11.wav,sea_waves,esc50:124662,0.57848125
gunshot_gunfire__fsd50k__dev__191449__0090__r0__aug3.wav,gunshot_gunfire,FSD50K,191449,freesound:191449,gunshot_gunfire__fsd50k__dev__191449__0090__r0.wav,6e9ebb82442b4eb5933baf1d79bd74d40238315db33e656cd5fdd4fb53e7bda4,c4018700d609da8b387b0d58f3fada8414db699515da2b62610d2194c59ab933,3,3.140385,44100,1.0,451,position_filter_background,0.390909,3.7928,1.0,161.882,7428.926,1.0,12.2395,0.10167992,1-23996-B-35.wav,washing_machine,esc50:23996,0.73808306
gunshot_gunfire__fsd50k__dev__191449__0090__r0__aug4.wav,gunshot_gunfire,FSD50K,191449,freesound:191449,gunshot_gunfire__fsd50k__dev__191449__0090__r0.wav,6e9ebb82442b4eb5933baf1d79bd74d40238315db33e656cd5fdd4fb53e7bda4,2880a808b2888cc8fb62aab3dfd507e276cbe451dfae1bbc2ed3934355235222,4,3.140385,44100,1.0,451,position_speed_gain,0.641123,-0.898,1.007022,,,1.0,,,,,,1.0
gunshot_gunfire__fsd50k__dev__191449__0090__r0__aug5.wav,gunshot_gunfire,FSD50K,191449,freesound:191449,gunshot_gunfire__fsd50k__dev__191449__0090__r0.wav,6e9ebb82442b4eb5933baf1d79bd74d40238315db33e656cd5fdd4fb53e7bda4,62486e9e1ed45aca31ae6dbe44728b66a2bb55cc0af4e714d8587a43ac421bdd,5,3.140385,44100,1.0,451,position_compression_background,0.269168,1.7538,1.0,,,1.26995,10.875,0.14437472,2-102567-C-35.wav,washing_machine,esc50:102567,0.86496454
gunshot_gunfire__fsd50k__dev__198121__0091__r0__aug0.wav,gunshot_gunfire,FSD50K,198121,freesound:198121,gunshot_gunfire__fsd50k__dev__198121__0091__r0.wav,4fb588f765faf8a01b4755a68a96ef6065d7173100050f370280a4d726f4755f,4fa7696f8555c131f83506a254fa89b517e8ab275b53c42d80b444e4e2259d4f,0,0.072358,44100,1.0,451,position_only,0.757243,0.0,1.0,,,1.0,,,,,,1.0
gunshot_gunfire__fsd50k__dev__198121__0091__r0__aug1.wav,gunshot_gunfire,FSD50K,198121,freesound:198121,gunshot_gunfire__fsd50k__dev__198121__0091__r0.wav,4fb588f765faf8a01b4755a68a96ef6065d7173100050f370280a4d726f4755f,7eb7f83396349df4937de4d40edef2ace17b663b6ae20070a86f962e0c367cb0,1,0.072358,44100,1.0,451,position_gain,0.449424,-10.1019,1.0,,,1.0,,,,,,1.0
gunshot_gunfire__fsd50k__dev__198121__0091__r0__aug2.wav,gunshot_gunfire,FSD50K,198121,freesound:198121,gunshot_gunfire__fsd50k__dev__198121__0091__r0.wav,4fb588f765faf8a01b4755a68a96ef6065d7173100050f370280a4d726f4755f,2dedfb4beabb30b4a3db587cb05c491b939755858160ff11b25a7f805a3aeda1,2,0.072358,44100,1.0,451,position_gain_background,0.457763,0.303,1.0,,,1.0,18.1188,0.41887658,3-144128-A-23.wav,breathing,esc50:144128,0.98865844
gunshot_gunfire__fsd50k__dev__198121__0091__r0__aug3.wav,gunshot_gunfire,FSD50K,198121,freesound:198121,gunshot_gunfire__fsd50k__dev__198121__0091__r0.wav,4fb588f765faf8a01b4755a68a96ef6065d7173100050f370280a4d726f4755f,ef57da0dafaafc784d62866afd7de32b606089712ade90a2b4cb8c4a54aa1db9,3,0.072358,44100,1.0,451,position_filter_background,0.169305,-5.8723,1.0,231.215,6168.411,1.0,22.53,1.11045297,1-94231-A-32.wav,keyboard_typing,esc50:94231,1.0
gunshot_gunfire__fsd50k__dev__198121__0091__r0__aug4.wav,gunshot_gunfire,FSD50K,198121,freesound:198121,gunshot_gunfire__fsd50k__dev__198121__0091__r0.wav,4fb588f765faf8a01b4755a68a96ef6065d7173100050f370280a4d726f4755f,1c11722c0970f6532e51c7172fc2dc48b9c4a788799486010323683577bb791d,4,0.072358,44100,1.0,451,position_speed_gain,0.774736,-5.218,1.031956,,,1.0,,,,,,1.0
gunshot_gunfire__fsd50k__dev__198121__0091__r0__aug5.wav,gunshot_gunfire,FSD50K,198121,freesound:198121,gunshot_gunfire__fsd50k__dev__198121__0091__r0.wav,4fb588f765faf8a01b4755a68a96ef6065d7173100050f370280a4d726f4755f,de28a077a65cb441cd6f03f69b1effd6b1585a31d1b60e012a72f88334ae5180,5,0.072358,44100,1.0,451,position_compression_background,0.459638,-9.4877,1.0,,,1.61833,23.2017,0.23807163,2-141584-A-38.wav,clock_tick,esc50:141584,1.0
gunshot_gunfire__fsd50k__dev__201713__0092__r0__aug0.wav,gunshot_gunfire,FSD50K,201713,freesound:201713,gunshot_gunfire__fsd50k__dev__201713__0092__r0.wav,22f7340e32754ef36177078a0bd239b3e63d320dfbea5c2c52e7f5314fea732a,69ecd377bb25ec579093286a6b81fabdefbd4b8e592b79b554d02473c6c68f6f,0,2.496848,44100,1.0,451,position_only,0.432103,0.0,1.0,,,1.0,,,,,,0.89127814
gunshot_gunfire__fsd50k__dev__201713__0092__r0__aug1.wav,gunshot_gunfire,FSD50K,201713,freesound:201713,gunshot_gunfire__fsd50k__dev__201713__0092__r0.wav,22f7340e32754ef36177078a0bd239b3e63d320dfbea5c2c52e7f5314fea732a,c03237fc64a7229202fbf676e3978bf46ad49788b19b3d5751790404409503a9,1,2.496848,44100,1.0,451,position_gain,0.437721,1.2956,1.0,,,1.0,,,,,,0.76777309
gunshot_gunfire__fsd50k__dev__201713__0092__r0__aug2.wav,gunshot_gunfire,FSD50K,201713,freesound:201713,gunshot_gunfire__fsd50k__dev__201713__0092__r0.wav,22f7340e32754ef36177078a0bd239b3e63d320dfbea5c2c52e7f5314fea732a,b5f2bcfae6695f811fe777921f12671d2415212c6e93d32e770032f06d6a8c73,2,2.496848,44100,1.0,451,position_gain_background,0.433976,-3.1056,1.0,,,1.0,15.8666,38.7005497,2-127108-A-38.wav,clock_tick,esc50:127108,1.0
gunshot_gunfire__fsd50k__dev__201713__0092__r0__aug3.wav,gunshot_gunfire,FSD50K,201713,freesound:201713,gunshot_gunfire__fsd50k__dev__201713__0092__r0.wav,22f7340e32754ef36177078a0bd239b3e63d320dfbea5c2c52e7f5314fea732a,cbf5f50f9681efb94002f7c81316881c5492921f9d4022c79efd2fee05611643,3,2.496848,44100,1.0,451,position_filter_background,0.1643,-2.7883,1.0,83.808,7181.354,1.0,14.76,0.15868877,1-27165-A-35.wav,washing_machine,esc50:27165,1.0
gunshot_gunfire__fsd50k__dev__201713__0092__r0__aug4.wav,gunshot_gunfire,FSD50K,201713,freesound:201713,gunshot_gunfire__fsd50k__dev__201713__0092__r0.wav,22f7340e32754ef36177078a0bd239b3e63d320dfbea5c2c52e7f5314fea732a,a3bbe253dc06d371ac774a56b80d82e399da859c849cffa342a3b7e85eba77e0,4,2.496848,44100,1.0,451,position_speed_gain,0.544154,-9.128,1.007281,,,1.0,,,,,,1.0
gunshot_gunfire__fsd50k__dev__201713__0092__r0__aug5.wav,gunshot_gunfire,FSD50K,201713,freesound:201713,gunshot_gunfire__fsd50k__dev__201713__0092__r0.wav,22f7340e32754ef36177078a0bd239b3e63d320dfbea5c2c52e7f5314fea732a,7bae88ecf704290de64e6b4a4c5601fd8c127e9fae72f9d53d9944bdb52f1b52,5,2.496848,44100,1.0,451,position_compression_background,0.721071,3.6874,1.0,,,1.54123,22.7024,0.0494701,2-102567-A-35.wav,washing_machine,esc50:102567,0.92124689
gunshot_gunfire__fsd50k__dev__204009__0093__r0__aug0.wav,gunshot_gunfire,FSD50K,204009,freesound:204009,gunshot_gunfire__fsd50k__dev__204009__0093__r0.wav,e73fcecbaf6fe6d561d43cf35d215cdcc3a58e030220a1069f3e8a304a130c6d,aa452b5713d446542742eb4775f9e4b473719cb5170bc400bb7da05ba9a5d268,0,0.112268,44100,1.0,451,position_only,0.213341,0.0,1.0,,,1.0,,,,,,0.89125094
gunshot_gunfire__fsd50k__dev__204009__0093__r0__aug1.wav,gunshot_gunfire,FSD50K,204009,freesound:204009,gunshot_gunfire__fsd50k__dev__204009__0093__r0.wav,e73fcecbaf6fe6d561d43cf35d215cdcc3a58e030220a1069f3e8a304a130c6d,fff72683be4dc4d0b5daf831c6b5123862600fcc28dc50f99aa541b0670d9b44,1,0.112268,44100,1.0,451,position_gain,0.410635,-4.7648,1.0,,,1.0,,,,,,1.0
gunshot_gunfire__fsd50k__dev__204009__0093__r0__aug2.wav,gunshot_gunfire,FSD50K,204009,freesound:204009,gunshot_gunfire__fsd50k__dev__204009__0093__r0.wav,e73fcecbaf6fe6d561d43cf35d215cdcc3a58e030220a1069f3e8a304a130c6d,993a37f8b67eb113d87d30f1f03f889b198504c38104aad445aec952831b45c6,2,0.112268,44100,1.0,451,position_gain_background,0.345586,3.4874,1.0,,,1.0,24.8343,0.13484268,1-32373-B-35.wav,washing_machine,esc50:32373,0.57062507
gunshot_gunfire__fsd50k__dev__204009__0093__r0__aug3.wav,gunshot_gunfire,FSD50K,204009,freesound:204009,gunshot_gunfire__fsd50k__dev__204009__0093__r0.wav,e73fcecbaf6fe6d561d43cf35d215cdcc3a58e030220a1069f3e8a304a130c6d,aee9d0031fc3c03eb0e120b2500ebe22e462f98a45b224978f2ca5e30f69f4af,3,0.112268,44100,1.0,451,position_filter_background,0.565533,-4.7003,1.0,103.541,6399.991,1.0,18.1885,0.0633591,1-32373-A-35.wav,washing_machine,esc50:32373,0.78411082
gunshot_gunfire__fsd50k__dev__204009__0093__r0__aug4.wav,gunshot_gunfire,FSD50K,204009,freesound:204009,gunshot_gunfire__fsd50k__dev__204009__0093__r0.wav,e73fcecbaf6fe6d561d43cf35d215cdcc3a58e030220a1069f3e8a304a130c6d,3a21602489b18d7548151c9c45e6355f442d513e587aed59e49bbf66c0ab054a,4,0.112268,44100,1.0,451,position_speed_gain,0.482512,-4.4393,1.025536,,,1.0,,,,,,1.0
gunshot_gunfire__fsd50k__dev__204009__0093__r0__aug5.wav,gunshot_gunfire,FSD50K,204009,freesound:204009,gunshot_gunfire__fsd50k__dev__204009__0093__r0.wav,e73fcecbaf6fe6d561d43cf35d215cdcc3a58e030220a1069f3e8a304a130c6d,574324df445e49016e090c644e9f5e9f2156000f96e8c459b2ec574b16cf3ebf,5,0.112268,44100,1.0,451,position_compression_background,0.484482,-9.5872,1.0,,,1.68335,13.5764,0.10992672,1-32373-B-35.wav,washing_machine,esc50:32373,1.0
gunshot_gunfire__fsd50k__dev__204010__0094__r0__aug0.wav,gunshot_gunfire,FSD50K,204010,freesound:204010,gunshot_gunfire__fsd50k__dev__204010__0094__r0.wav,0047332155fe41f00a23dde9347c00eb13bba462b1a57c5fbd16dfac3364d870,44eb3feaa93c48e11ff7bd0dbbd9c4ab860a2e426d5e06bcff1669c0fea9eb27,0,0.042426,44100,1.0,451,position_only,0.258223,0.0,1.0,,,1.0,,,,,,0.89125094
gunshot_gunfire__fsd50k__dev__204010__0094__r0__aug1.wav,gunshot_gunfire,FSD50K,204010,freesound:204010,gunshot_gunfire__fsd50k__dev__204010__0094__r0.wav,0047332155fe41f00a23dde9347c00eb13bba462b1a57c5fbd16dfac3364d870,b3d2641d649dc768f76ebb2ee324eed06f1b5859f852159c79d2585d20d8fa3d,1,0.042426,44100,1.0,451,position_gain,0.24342,-3.5052,1.0,,,1.0,,,,,,1.0
gunshot_gunfire__fsd50k__dev__204010__0094__r0__aug2.wav,gunshot_gunfire,FSD50K,204010,freesound:204010,gunshot_gunfire__fsd50k__dev__204010__0094__r0.wav,0047332155fe41f00a23dde9347c00eb13bba462b1a57c5fbd16dfac3364d870,84b19b204323501cd265d9d0568de5b2a265311aa755181cd767bda2239bf8ca,2,0.042426,44100,1.0,451,position_gain_background,0.487601,-11.48,1.0,,,1.0,22.7567,0.02270727,3-155642-A-11.wav,sea_waves,esc50:155642,1.0
gunshot_gunfire__fsd50k__dev__204010__0094__r0__aug3.wav,gunshot_gunfire,FSD50K,204010,freesound:204010,gunshot_gunfire__fsd50k__dev__204010__0094__r0.wav,0047332155fe41f00a23dde9347c00eb13bba462b1a57c5fbd16dfac3364d870,e560d39a6e22ca1ce16341440e82125e786928111e29ce644e4895f845f73ed1,3,0.042426,44100,1.0,451,position_filter_background,0.727177,3.5852,1.0,136.191,6589.619,1.0,12.8145,5.23419097,3-170383-A-38.wav,clock_tick,esc50:170383,0.3855919
gunshot_gunfire__fsd50k__dev__204010__0094__r0__aug4.wav,gunshot_gunfire,FSD50K,204010,freesound:204010,gunshot_gunfire__fsd50k__dev__204010__0094__r0.wav,0047332155fe41f00a23dde9347c00eb13bba462b1a57c5fbd16dfac3364d870,01c209949ba4eb14664b19f019e50cdc5fb3ba12b69f95a14789bff0cf31e8a1,4,0.042426,44100,1.0,451,position_speed_gain,0.760728,-1.3757,1.029675,,,1.0,,,,,,0.93187545
gunshot_gunfire__fsd50k__dev__204010__0094__r0__aug5.wav,gunshot_gunfire,FSD50K,204010,freesound:204010,gunshot_gunfire__fsd50k__dev__204010__0094__r0.wav,0047332155fe41f00a23dde9347c00eb13bba462b1a57c5fbd16dfac3364d870,ed741894bf6d80ff3a3c4cef64fe90e21f1623d3e5a3102326fa9a995a2ac79d,5,0.042426,44100,1.0,451,position_compression_background,0.202586,-3.177,1.0,,,1.43864,18.6918,1.24793179,1-62850-A-38.wav,clock_tick,esc50:62850,1.0
gunshot_gunfire__fsd50k__dev__205011__0095__r0__aug0.wav,gunshot_gunfire,FSD50K,205011,freesound:205011,gunshot_gunfire__fsd50k__dev__205011__0095__r0.wav,43725257cfb4b329f34bed1396856d88b448caf8d5db7cece6c5c3b3fe8bdfdc,8608132e9928c46e9596afef3da49f95abbd0320e4f462774501d93ff0cec1a3,0,0.032449,44100,1.0,451,position_only,0.656539,0.0,1.0,,,1.0,,,,,,0.94792141
gunshot_gunfire__fsd50k__dev__205011__0095__r0__aug1.wav,gunshot_gunfire,FSD50K,205011,freesound:205011,gunshot_gunfire__fsd50k__dev__205011__0095__r0.wav,43725257cfb4b329f34bed1396856d88b448caf8d5db7cece6c5c3b3fe8bdfdc,3a3bc6e59c7f3e0a2f942b3c35335d7009426d54f29b061dfcb8e139ceffed2c,1,0.032449,44100,1.0,451,position_gain,0.156695,4.255,1.0,,,1.0,,,,,,0.58079565
gunshot_gunfire__fsd50k__dev__205011__0095__r0__aug2.wav,gunshot_gunfire,FSD50K,205011,freesound:205011,gunshot_gunfire__fsd50k__dev__205011__0095__r0.wav,43725257cfb4b329f34bed1396856d88b448caf8d5db7cece6c5c3b3fe8bdfdc,5cd0def6fa2b3d799c9108c84c23940fcf2fcba701fbd4fa053e481168c4a234,2,0.032449,44100,1.0,451,position_gain_background,0.623495,-8.1154,1.0,,,1.0,14.1675,0.45141568,2-99796-A-32.wav,keyboard_typing,esc50:99796,1.0
gunshot_gunfire__fsd50k__dev__205011__0095__r0__aug3.wav,gunshot_gunfire,FSD50K,205011,freesound:205011,gunshot_gunfire__fsd50k__dev__205011__0095__r0.wav,43725257cfb4b329f34bed1396856d88b448caf8d5db7cece6c5c3b3fe8bdfdc,ea323fa2aed884602cf8d1db5036655b661f1318be8568bd64cba6a39fc90d47,3,0.032449,44100,1.0,451,position_filter_background,0.492041,-0.344,1.0,116.959,7453.908,1.0,23.842,0.03931921,1-28135-A-11.wav,sea_waves,esc50:28135,1.0
gunshot_gunfire__fsd50k__dev__205011__0095__r0__aug4.wav,gunshot_gunfire,FSD50K,205011,freesound:205011,gunshot_gunfire__fsd50k__dev__205011__0095__r0.wav,43725257cfb4b329f34bed1396856d88b448caf8d5db7cece6c5c3b3fe8bdfdc,b12e29fe20ada4fb4d18864fb14fe0a8e1242a5b8d49124998b10327fba3aef5,4,0.032449,44100,1.0,451,position_speed_gain,0.270152,-9.9751,1.011202,,,1.0,,,,,,1.0
gunshot_gunfire__fsd50k__dev__205011__0095__r0__aug5.wav,gunshot_gunfire,FSD50K,205011,freesound:205011,gunshot_gunfire__fsd50k__dev__205011__0095__r0.wav,43725257cfb4b329f34bed1396856d88b448caf8d5db7cece6c5c3b3fe8bdfdc,4340c23214d3314c288fdd295a48fc885291c0d9a55f5a4f2c0bc84f483e34a7,5,0.032449,44100,1.0,451,position_compression_background,0.153426,1.9934,1.0,,,1.62988,22.6927,0.05378227,2-155801-A-11.wav,sea_waves,esc50:155801,0.8636975
gunshot_gunfire__fsd50k__dev__212594__0096__r0__aug0.wav,gunshot_gunfire,FSD50K,212594,freesound:212594,gunshot_gunfire__fsd50k__dev__212594__0096__r0.wav,abd728e5ded5c2b21ef5dc946b0cee6e11d2fefc9b2622f7258e3dd0662db8c0,32906cfb37220f1ee0157034bb478851b065489fdee9301fe388af26305d9516,0,0.037438,44100,1.0,451,position_only,0.31369,0.0,1.0,,,1.0,,,,,,1.0
gunshot_gunfire__fsd50k__dev__212594__0096__r0__aug1.wav,gunshot_gunfire,FSD50K,212594,freesound:212594,gunshot_gunfire__fsd50k__dev__212594__0096__r0.wav,abd728e5ded5c2b21ef5dc946b0cee6e11d2fefc9b2622f7258e3dd0662db8c0,345ef55dbfd13afd2d224a33535aa70cb87f20d6eac8f42fef41248e12f6c7a3,1,0.037438,44100,1.0,451,position_gain,0.615382,-11.2267,1.0,,,1.0,,,,,,1.0
gunshot_gunfire__fsd50k__dev__212594__0096__r0__aug2.wav,gunshot_gunfire,FSD50K,212594,freesound:212594,gunshot_gunfire__fsd50k__dev__212594__0096__r0.wav,abd728e5ded5c2b21ef5dc946b0cee6e11d2fefc9b2622f7258e3dd0662db8c0,0c67b0fe1b55df41a3fb859edfd7016ef14a5daf804b59f06ed3f80c860a5c92,2,0.037438,44100,1.0,451,position_gain_background,0.462814,-1.1083,1.0,,,1.0,18.6215,0.31443501,2-125966-A-11.wav,sea_waves,esc50:125966,1.0
gunshot_gunfire__fsd50k__dev__212594__0096__r0__aug3.wav,gunshot_gunfire,FSD50K,212594,freesound:212594,gunshot_gunfire__fsd50k__dev__212594__0096__r0.wav,abd728e5ded5c2b21ef5dc946b0cee6e11d2fefc9b2622f7258e3dd0662db8c0,ac19e99817c1fec1b4c32231ad1a12f0c337ec8e03d1fe4d09b4c067c9192a65,3,0.037438,44100,1.0,451,position_filter_background,0.170781,-6.3276,1.0,99.878,6543.836,1.0,22.4644,0.10963966,2-102568-A-35.wav,washing_machine,esc50:102568,1.0
gunshot_gunfire__fsd50k__dev__212594__0096__r0__aug4.wav,gunshot_gunfire,FSD50K,212594,freesound:212594,gunshot_gunfire__fsd50k__dev__212594__0096__r0.wav,abd728e5ded5c2b21ef5dc946b0cee6e11d2fefc9b2622f7258e3dd0662db8c0,84f39961f8a03b43932edc73bf7623c5886d5d917afe326c54ea3c4654e325b2,4,0.037438,44100,1.0,451,position_speed_gain,0.378831,-8.4116,0.966555,,,1.0,,,,,,1.0
gunshot_gunfire__fsd50k__dev__212594__0096__r0__aug5.wav,gunshot_gunfire,FSD50K,212594,freesound:212594,gunshot_gunfire__fsd50k__dev__212594__0096__r0.wav,abd728e5ded5c2b21ef5dc946b0cee6e11d2fefc9b2622f7258e3dd0662db8c0,ec6ff85e37cd788431268748954f9be7c7c1507d9dd7ecedc1eb86c6c3160209,5,0.037438,44100,1.0,451,position_compression_background,0.558407,4.7894,1.0,,,1.54784,17.7227,0.45542506,3-144106-A-32.wav,keyboard_typing,esc50:144106,0.82974146
gunshot_gunfire__fsd50k__dev__215842__0097__r0__aug0.wav,gunshot_gunfire,FSD50K,215842,freesound:215842,gunshot_gunfire__fsd50k__dev__215842__0097__r0.wav,ec958b153ed8d3cbbe985f2364f6ffb9fdcf447f3c5d3bb61b02fc0d2e2d8741,d3c11a7f34a674e0f770c44c914ea0aa1e7e3c5e67644141d550788281bccf96,0,0.057392,44100,1.0,451,position_only,0.610807,0.0,1.0,,,1.0,,,,,,0.9835818
gunshot_gunfire__fsd50k__dev__215842__0097__r0__aug1.wav,gunshot_gunfire,FSD50K,215842,freesound:215842,gunshot_gunfire__fsd50k__dev__215842__0097__r0.wav,ec958b153ed8d3cbbe985f2364f6ffb9fdcf447f3c5d3bb61b02fc0d2e2d8741,26f37299ead6ec016e0d7c716af114ce37f62a76bcbfa64d2d1c2b79aadd0c62,1,0.057392,44100,1.0,451,position_gain,0.574651,-4.4361,1.0,,,1.0,,,,,,1.0
gunshot_gunfire__fsd50k__dev__215842__0097__r0__aug2.wav,gunshot_gunfire,FSD50K,215842,freesound:215842,gunshot_gunfire__fsd50k__dev__215842__0097__r0.wav,ec958b153ed8d3cbbe985f2364f6ffb9fdcf447f3c5d3bb61b02fc0d2e2d8741,07409c338f0d557531188c17e1ee30f248831b74ad6b25b70b6285ec77aac810,2,0.057392,44100,1.0,451,position_gain_background,0.327235,-7.4758,1.0,,,1.0,10.5663,0.75248043,3-164688-A-38.wav,clock_tick,esc50:164688,1.0
gunshot_gunfire__fsd50k__dev__215842__0097__r0__aug3.wav,gunshot_gunfire,FSD50K,215842,freesound:215842,gunshot_gunfire__fsd50k__dev__215842__0097__r0.wav,ec958b153ed8d3cbbe985f2364f6ffb9fdcf447f3c5d3bb61b02fc0d2e2d8741,d1f756d092ce273497cc3f93f18c8781b8af11b4e222c474b9aad1174addd958,3,0.057392,44100,1.0,451,position_filter_background,0.656989,-9.7501,1.0,147.89,7368.719,1.0,10.157,0.7047983,1-48413-A-38.wav,clock_tick,esc50:48413,1.0
gunshot_gunfire__fsd50k__dev__215842__0097__r0__aug4.wav,gunshot_gunfire,FSD50K,215842,freesound:215842,gunshot_gunfire__fsd50k__dev__215842__0097__r0.wav,ec958b153ed8d3cbbe985f2364f6ffb9fdcf447f3c5d3bb61b02fc0d2e2d8741,caedc73df5b6a8cccb4356ee9be0d37077cdf7403dfadc81cbe8f1562526d4b4,4,0.057392,44100,1.0,451,position_speed_gain,0.531611,-11.4473,1.026176,,,1.0,,,,,,1.0
gunshot_gunfire__fsd50k__dev__215842__0097__r0__aug5.wav,gunshot_gunfire,FSD50K,215842,freesound:215842,gunshot_gunfire__fsd50k__dev__215842__0097__r0.wav,ec958b153ed8d3cbbe985f2364f6ffb9fdcf447f3c5d3bb61b02fc0d2e2d8741,0286c1f92f2939702c8566b06143113a7826676b5fc5dd33edb44ccef5e4b41b,5,0.057392,44100,1.0,451,position_compression_background,0.633594,-7.7168,1.0,,,1.34309,10.5591,0.09555132,3-135469-A-35.wav,washing_machine,esc50:135469,1.0
gunshot_gunfire__fsd50k__dev__215843__0098__r0__aug0.wav,gunshot_gunfire,FSD50K,215843,freesound:215843,gunshot_gunfire__fsd50k__dev__215843__0098__r0.wav,dc25a89c7d21749107eba4dbb10698b3dcca343981ee1e3815a9adcfa780498e,2e6da00dbd6bec6d693f2e0a5b0fe9b539f793d45242c42b34c2a849112e3106,0,0.022472,44100,1.0,451,position_only,0.69775,0.0,1.0,,,1.0,,,,,,0.89125094
gunshot_gunfire__fsd50k__dev__215843__0098__r0__aug1.wav,gunshot_gunfire,FSD50K,215843,freesound:215843,gunshot_gunfire__fsd50k__dev__215843__0098__r0.wav,dc25a89c7d21749107eba4dbb10698b3dcca343981ee1e3815a9adcfa780498e,2d075feacb6e8183140317dc6e344e6cada7c35f1589d8b336576d1c74729a40,1,0.022472,44100,1.0,451,position_gain,0.504019,-8.6628,1.0,,,1.0,,,,,,1.0
gunshot_gunfire__fsd50k__dev__215843__0098__r0__aug2.wav,gunshot_gunfire,FSD50K,215843,freesound:215843,gunshot_gunfire__fsd50k__dev__215843__0098__r0.wav,dc25a89c7d21749107eba4dbb10698b3dcca343981ee1e3815a9adcfa780498e,23591079caa5c185085184d996948f69c02fe3330a005f47ffcb860ccf821309,2,0.022472,44100,1.0,451,position_gain_background,0.560377,-5.4697,1.0,,,1.0,21.5606,4176.4250256,1-36402-A-23.wav,breathing,esc50:36402,1.0
gunshot_gunfire__fsd50k__dev__215843__0098__r0__aug3.wav,gunshot_gunfire,FSD50K,215843,freesound:215843,gunshot_gunfire__fsd50k__dev__215843__0098__r0.wav,dc25a89c7d21749107eba4dbb10698b3dcca343981ee1e3815a9adcfa780498e,0713b5642986f95c9f72bfccb6c7740b56c4a091a8a6e7153c9b43f17874fb57,3,0.022472,44100,1.0,451,position_filter_background,0.447367,3.0985,1.0,193.847,7537.648,1.0,23.1675,0.34246377,1-36393-A-23.wav,breathing,esc50:36393,0.58424267
gunshot_gunfire__fsd50k__dev__215843__0098__r0__aug4.wav,gunshot_gunfire,FSD50K,215843,freesound:215843,gunshot_gunfire__fsd50k__dev__215843__0098__r0.wav,dc25a89c7d21749107eba4dbb10698b3dcca343981ee1e3815a9adcfa780498e,0b4d63f1458fcc7f06f583733c853298b7c60e3aab29e47e8355b0250d7a6294,4,0.022472,44100,1.0,451,position_speed_gain,0.564488,-7.6256,1.010311,,,1.0,,,,,,1.0
gunshot_gunfire__fsd50k__dev__215843__0098__r0__aug5.wav,gunshot_gunfire,FSD50K,215843,freesound:215843,gunshot_gunfire__fsd50k__dev__215843__0098__r0.wav,dc25a89c7d21749107eba4dbb10698b3dcca343981ee1e3815a9adcfa780498e,78457b4b0a130d9e2f2df9d0fed5fe4cf687c905c84b82d8c81fa45f26e35a2c,5,0.022472,44100,1.0,451,position_compression_background,0.335122,2.8263,1.0,,,1.70315,19.7336,3843.53767641,2-50774-A-23.wav,breathing,esc50:50774,0.84909551
gunshot_gunfire__fsd50k__dev__215845__0099__r0__aug0.wav,gunshot_gunfire,FSD50K,215845,freesound:215845,gunshot_gunfire__fsd50k__dev__215845__0099__r0.wav,28a17d3c519acca0cbea5573530ac5bf40cd87b7f9de7f318b746b4bd509f835,f798d0e8c6b6ff4151c0d86fbebb0ca0506b5e44836f426ebf05b8f622025949,0,0.022472,44100,1.0,451,position_only,0.729994,0.0,1.0,,,1.0,,,,,,0.93442474
gunshot_gunfire__fsd50k__dev__215845__0099__r0__aug1.wav,gunshot_gunfire,FSD50K,215845,freesound:215845,gunshot_gunfire__fsd50k__dev__215845__0099__r0.wav,28a17d3c519acca0cbea5573530ac5bf40cd87b7f9de7f318b746b4bd509f835,4714e7382680160e6168136fb1fe8a0beb69e79071af825f24ce8dbe16daa778,1,0.022472,44100,1.0,451,position_gain,0.780152,3.1826,1.0,,,1.0,,,,,,0.64776288
gunshot_gunfire__fsd50k__dev__215845__0099__r0__aug2.wav,gunshot_gunfire,FSD50K,215845,freesound:215845,gunshot_gunfire__fsd50k__dev__215845__0099__r0.wav,28a17d3c519acca0cbea5573530ac5bf40cd87b7f9de7f318b746b4bd509f835,dae11108808c104a460b443cd37173c0c7530104aa60966e8d7c4738489177d0,2,0.022472,44100,1.0,451,position_gain_background,0.418382,-0.9266,1.0,,,1.0,18.8353,0.06842421,2-82455-A-23.wav,breathing,esc50:82455,1.0
gunshot_gunfire__fsd50k__dev__215845__0099__r0__aug3.wav,gunshot_gunfire,FSD50K,215845,freesound:215845,gunshot_gunfire__fsd50k__dev__215845__0099__r0.wav,28a17d3c519acca0cbea5573530ac5bf40cd87b7f9de7f318b746b4bd509f835,01500f448bdc2ca2cbb8f1ae3be646643a19dc04cdce570bbd98992581b4c6c4,3,0.022472,44100,1.0,451,position_filter_background,0.271692,-2.2587,1.0,224.682,6074.805,1.0,17.3623,0.39943154,1-62850-A-38.wav,clock_tick,esc50:62850,1.0
gunshot_gunfire__fsd50k__dev__215845__0099__r0__aug4.wav,gunshot_gunfire,FSD50K,215845,freesound:215845,gunshot_gunfire__fsd50k__dev__215845__0099__r0.wav,28a17d3c519acca0cbea5573530ac5bf40cd87b7f9de7f318b746b4bd509f835,c703c1f6c162d795d6971385fc27ca8366f890c06bac878d585e43e179efbf5d,4,0.022472,44100,1.0,451,position_speed_gain,0.182072,4.8656,0.986205,,,1.0,,,,,,0.53642111
gunshot_gunfire__fsd50k__dev__215845__0099__r0__aug5.wav,gunshot_gunfire,FSD50K,215845,freesound:215845,gunshot_gunfire__fsd50k__dev__215845__0099__r0.wav,28a17d3c519acca0cbea5573530ac5bf40cd87b7f9de7f318b746b4bd509f835,f54ef83b1a72d0b7a0ad7928cead18e1d2e66575f16a562b977fa67ee712a0ab,5,0.022472,44100,1.0,451,position_compression_background,0.60481,-8.8176,1.0,,,1.60759,17.9755,0.12622255,3-170377-A-38.wav,clock_tick,esc50:170377,1.0
gunshot_gunfire__fsd50k__dev__215846__0100__r0__aug0.wav,gunshot_gunfire,FSD50K,215846,freesound:215846,gunshot_gunfire__fsd50k__dev__215846__0100__r0.wav,ba07fa0acc1334e12e3b1f73b00a4b18805b6634579d1abf02644f5a9ab88527,d8e13300926c97e4f18cf977f1c3f18cefab4ef44feaca894ad798f06cc676ca,0,0.022472,44100,1.0,451,position_only,0.220696,0.0,1.0,,,1.0,,,,,,0.89771643
gunshot_gunfire__fsd50k__dev__215846__0100__r0__aug1.wav,gunshot_gunfire,FSD50K,215846,freesound:215846,gunshot_gunfire__fsd50k__dev__215846__0100__r0.wav,ba07fa0acc1334e12e3b1f73b00a4b18805b6634579d1abf02644f5a9ab88527,ee26284d5486bc366d4ba3874ef7670e8a75e082d0dd53f60dd574edcdb63749,1,0.022472,44100,1.0,451,position_gain,0.545185,-4.8865,1.0,,,1.0,,,,,,1.0
gunshot_gunfire__fsd50k__dev__215846__0100__r0__aug2.wav,gunshot_gunfire,FSD50K,215846,freesound:215846,gunshot_gunfire__fsd50k__dev__215846__0100__r0.wav,ba07fa0acc1334e12e3b1f73b00a4b18805b6634579d1abf02644f5a9ab88527,3134809fdc0377ef88e58fca3f1548c3af925fe26d7f76b6753bc01a85b16880,2,0.022472,44100,1.0,451,position_gain_background,0.215914,-6.4266,1.0,,,1.0,16.3562,0.83698146,3-170383-A-38.wav,clock_tick,esc50:170383,1.0
gunshot_gunfire__fsd50k__dev__215846__0100__r0__aug3.wav,gunshot_gunfire,FSD50K,215846,freesound:215846,gunshot_gunfire__fsd50k__dev__215846__0100__r0.wav,ba07fa0acc1334e12e3b1f73b00a4b18805b6634579d1abf02644f5a9ab88527,a8b83f1e02aaaa978860268a8c53d4fe85891784ac8114f0bcba6141c14331f4,3,0.022472,44100,1.0,451,position_filter_background,0.193191,-2.7629,1.0,170.321,6021.914,1.0,11.0068,10653.99147263,2-66205-A-23.wav,breathing,esc50:66205,1.0
gunshot_gunfire__fsd50k__dev__215846__0100__r0__aug4.wav,gunshot_gunfire,FSD50K,215846,freesound:215846,gunshot_gunfire__fsd50k__dev__215846__0100__r0.wav,ba07fa0acc1334e12e3b1f73b00a4b18805b6634579d1abf02644f5a9ab88527,ac052662920bf022061e5994dee0f8a9d96a9267a0f15cf9eb569ad731ce70c8,4,0.022472,44100,1.0,451,position_speed_gain,0.621086,-1.9574,0.962115,,,1.0,,,,,,1.0
gunshot_gunfire__fsd50k__dev__215846__0100__r0__aug5.wav,gunshot_gunfire,FSD50K,215846,freesound:215846,gunshot_gunfire__fsd50k__dev__215846__0100__r0.wav,ba07fa0acc1334e12e3b1f73b00a4b18805b6634579d1abf02644f5a9ab88527,cd58dde285080bd5cf6c1c9e8873fabc9010e6339261babf141b2eabefbe72e8,5,0.022472,44100,1.0,451,position_compression_background,0.170807,-11.1795,1.0,,,1.35977,21.9406,0.00923493,2-54962-A-23.wav,breathing,esc50:54962,1.0
gunshot_gunfire__fsd50k__dev__215847__0101__r0__aug0.wav,gunshot_gunfire,FSD50K,215847,freesound:215847,gunshot_gunfire__fsd50k__dev__215847__0101__r0.wav,12cbb4eecacc0b0c82b87e2d5628c48b1f0d7d6e2e661a764b073407bbd296ed,13f5e9ec451b12ef2951faad9034d940066ac4312bc4d606554c9a8c5f646700,0,0.022472,44100,1.0,451,position_only,0.398194,0.0,1.0,,,1.0,,,,,,0.89125094
gunshot_gunfire__fsd50k__dev__215847__0101__r0__aug1.wav,gunshot_gunfire,FSD50K,215847,freesound:215847,gunshot_gunfire__fsd50k__dev__215847__0101__r0.wav,12cbb4eecacc0b0c82b87e2d5628c48b1f0d7d6e2e661a764b073407bbd296ed,103e065efbb2cab89c3b89c89c4dd2ca620e8f12db1aa922e48af38fe596d059,1,0.022472,44100,1.0,451,position_gain,0.18834,-0.5608,1.0,,,1.0,,,,,,0.95068967
gunshot_gunfire__fsd50k__dev__215847__0101__r0__aug2.wav,gunshot_gunfire,FSD50K,215847,freesound:215847,gunshot_gunfire__fsd50k__dev__215847__0101__r0.wav,12cbb4eecacc0b0c82b87e2d5628c48b1f0d7d6e2e661a764b073407bbd296ed,ac2098c641d31a6bb274390e7671cf7047bf5c95a3d9873319b05f02bb52c903,2,0.022472,44100,1.0,451,position_gain_background,0.728334,-2.2851,1.0,,,1.0,24.6905,0.03962377,3-164630-A-11.wav,sea_waves,esc50:164630,1.0
gunshot_gunfire__fsd50k__dev__215847__0101__r0__aug3.wav,gunshot_gunfire,FSD50K,215847,freesound:215847,gunshot_gunfire__fsd50k__dev__215847__0101__r0.wav,12cbb4eecacc0b0c82b87e2d5628c48b1f0d7d6e2e661a764b073407bbd296ed,b92d409a1a5b12614ed8b73cb6e04e19aadaa593181cdce056f9ba05ca01bbd3,3,0.022472,44100,1.0,451,position_filter_background,0.746341,2.0853,1.0,183.59,6791.802,1.0,20.134,0.3320019,3-142593-A-38.wav,clock_tick,esc50:142593,0.78292906
gunshot_gunfire__fsd50k__dev__215847__0101__r0__aug4.wav,gunshot_gunfire,FSD50K,215847,freesound:215847,gunshot_gunfire__fsd50k__dev__215847__0101__r0.wav,12cbb4eecacc0b0c82b87e2d5628c48b1f0d7d6e2e661a764b073407bbd296ed,75bd0973bc1549a08b139dd28f5b39c6b2d47b26854a2f048b36cbd46b423174,4,0.022472,44100,1.0,451,position_speed_gain,0.298303,4.6717,0.997992,,,1.0,,,,,,0.53778422
gunshot_gunfire__fsd50k__dev__215847__0101__r0__aug5.wav,gunshot_gunfire,FSD50K,215847,freesound:215847,gunshot_gunfire__fsd50k__dev__215847__0101__r0.wav,12cbb4eecacc0b0c82b87e2d5628c48b1f0d7d6e2e661a764b073407bbd296ed,84ca86810306fcdc19f7402e6d270c2f56dcdb27e391ed49086ae80b193207e3,5,0.022472,44100,1.0,451,position_compression_background,0.180129,-11.1817,1.0,,,1.21994,23.1111,0.14240453,2-104168-A-32.wav,keyboard_typing,esc50:104168,1.0
gunshot_gunfire__fsd50k__dev__216312__0102__r0__aug0.wav,gunshot_gunfire,FSD50K,216312,freesound:216312,gunshot_gunfire__fsd50k__dev__216312__0102__r0.wav,8cba275936a7014516f3c26be3adad0afd3dbf57d55388681c2839e89007e5db,df382e7723219a912ad5f93c5ac8e142925bc701db1a161a1636e6d1639f2bd1,0,0.496395,44100,1.0,451,position_only,0.629683,0.0,1.0,,,1.0,,,,,,1.0
gunshot_gunfire__fsd50k__dev__216312__0102__r0__aug1.wav,gunshot_gunfire,FSD50K,216312,freesound:216312,gunshot_gunfire__fsd50k__dev__216312__0102__r0.wav,8cba275936a7014516f3c26be3adad0afd3dbf57d55388681c2839e89007e5db,41a41ca5a712bd5dd2a94d9446286e584c1c63937d0ab42c2facad86ec052f82,1,0.496395,44100,1.0,451,position_gain,0.176798,-0.0463,1.0,,,1.0,,,,,,1.0
gunshot_gunfire__fsd50k__dev__216312__0102__r0__aug2.wav,gunshot_gunfire,FSD50K,216312,freesound:216312,gunshot_gunfire__fsd50k__dev__216312__0102__r0.wav,8cba275936a7014516f3c26be3adad0afd3dbf57d55388681c2839e89007e5db,5343d21d8a85a743b8075b936fd6d01f717bfe57908e679961e257635e9ce284,2,0.496395,44100,1.0,451,position_gain_background,0.537117,-1.7777,1.0,,,1.0,24.8095,0.25466774,2-134700-A-38.wav,clock_tick,esc50:134700,1.0
gunshot_gunfire__fsd50k__dev__216312__0102__r0__aug3.wav,gunshot_gunfire,FSD50K,216312,freesound:216312,gunshot_gunfire__fsd50k__dev__216312__0102__r0.wav,8cba275936a7014516f3c26be3adad0afd3dbf57d55388681c2839e89007e5db,c7dcc69ee7390c6cc124f319fc6f1daa5897ec116d2793dcb655d695094905fc,3,0.496395,44100,1.0,451,position_filter_background,0.630562,-7.3762,1.0,133.81,6868.741,1.0,20.6386,0.01792017,1-27165-A-35.wav,washing_machine,esc50:27165,1.0
gunshot_gunfire__fsd50k__dev__216312__0102__r0__aug4.wav,gunshot_gunfire,FSD50K,216312,freesound:216312,gunshot_gunfire__fsd50k__dev__216312__0102__r0.wav,8cba275936a7014516f3c26be3adad0afd3dbf57d55388681c2839e89007e5db,87b8ddd041862db6957bbb3e27fd7625ee54b7ff96028c9370a179106b8f4ca6,4,0.496395,44100,1.0,451,position_speed_gain,0.579738,3.8362,1.017006,,,1.0,,,,,,1.0
gunshot_gunfire__fsd50k__dev__216312__0102__r0__aug5.wav,gunshot_gunfire,FSD50K,216312,freesound:216312,gunshot_gunfire__fsd50k__dev__216312__0102__r0.wav,8cba275936a7014516f3c26be3adad0afd3dbf57d55388681c2839e89007e5db,aee6dad3c67c5063e0fbe8b3517aaae55bacf44ef4b098b57348cf087b201267,5,0.496395,44100,1.0,451,position_compression_background,0.668548,-3.071,1.0,,,1.57679,19.7931,0.18544966,2-104168-A-32.wav,keyboard_typing,esc50:104168,1.0
gunshot_gunfire__fsd50k__dev__216315__0103__r0__aug0.wav,gunshot_gunfire,FSD50K,216315,freesound:216315,gunshot_gunfire__fsd50k__dev__216315__0103__r0.wav,6c1d142922ef309dd6c356eeb0a00d772062eca08d25d0250778a31d639a2587,96f10e354a192db2723ce6d6de0deee79ec4dac69f9621bc861bd545cde9f9cf,0,0.496395,44100,1.0,451,position_only,0.617089,0.0,1.0,,,1.0,,,,,,1.0
gunshot_gunfire__fsd50k__dev__216315__0103__r0__aug1.wav,gunshot_gunfire,FSD50K,216315,freesound:216315,gunshot_gunfire__fsd50k__dev__216315__0103__r0.wav,6c1d142922ef309dd6c356eeb0a00d772062eca08d25d0250778a31d639a2587,2a88e46e28490e29dda0c5d9b986f14f188390c5a1a4df5815a22f50561beafb,1,0.496395,44100,1.0,451,position_gain,0.742674,-0.7338,1.0,,,1.0,,,,,,1.0
gunshot_gunfire__fsd50k__dev__216315__0103__r0__aug2.wav,gunshot_gunfire,FSD50K,216315,freesound:216315,gunshot_gunfire__fsd50k__dev__216315__0103__r0.wav,6c1d142922ef309dd6c356eeb0a00d772062eca08d25d0250778a31d639a2587,6f59042751b835e4d4fd7551505e156f6bd39f5b87d7d2d86a1fc12aad1e6539,2,0.496395,44100,1.0,451,position_gain_background,0.484123,-7.1093,1.0,,,1.0,22.8494,0.00984951,3-182710-A-35.wav,washing_machine,esc50:182710,1.0
gunshot_gunfire__fsd50k__dev__216315__0103__r0__aug3.wav,gunshot_gunfire,FSD50K,216315,freesound:216315,gunshot_gunfire__fsd50k__dev__216315__0103__r0.wav,6c1d142922ef309dd6c356eeb0a00d772062eca08d25d0250778a31d639a2587,88203bb53aff1e33ab4c87434d2e094f1e969a02c0b214f0fe36d406fd990135,3,0.496395,44100,1.0,451,position_filter_background,0.597606,3.4897,1.0,116.943,6088.605,1.0,23.9275,0.1454227,3-142593-A-38.wav,clock_tick,esc50:142593,1.0
gunshot_gunfire__fsd50k__dev__216315__0103__r0__aug4.wav,gunshot_gunfire,FSD50K,216315,freesound:216315,gunshot_gunfire__fsd50k__dev__216315__0103__r0.wav,6c1d142922ef309dd6c356eeb0a00d772062eca08d25d0250778a31d639a2587,ed6beab947d9753d9ffe9dd271a1abfb5634730153c2fc2523275d1df7010c82,4,0.496395,44100,1.0,451,position_speed_gain,0.689626,-3.2808,0.96427,,,1.0,,,,,,1.0
gunshot_gunfire__fsd50k__dev__216315__0103__r0__aug5.wav,gunshot_gunfire,FSD50K,216315,freesound:216315,gunshot_gunfire__fsd50k__dev__216315__0103__r0.wav,6c1d142922ef309dd6c356eeb0a00d772062eca08d25d0250778a31d639a2587,64d94649cd9f7c11a8b20e6f8394e9072d3d80522fb41fdb4d5a07687114b812,5,0.496395,44100,1.0,451,position_compression_background,0.368176,-8.4559,1.0,,,1.6377,19.3629,0.199172,1-137-A-32.wav,keyboard_typing,esc50:137,1.0
gunshot_gunfire__fsd50k__dev__216317__0104__r0__aug0.wav,gunshot_gunfire,FSD50K,216317,freesound:216317,gunshot_gunfire__fsd50k__dev__216317__0104__r0.wav,66c7f275ebfd78cdac64433fe1049f1d117f19690e4e994ad4fc46e793cfbc05,379c02d740aa41947b4c71b14d5102928035b00a571ede6ef3005e1143872619,0,0.496395,44100,1.0,451,position_only,0.548554,0.0,1.0,,,1.0,,,,,,1.0
gunshot_gunfire__fsd50k__dev__216317__0104__r0__aug1.wav,gunshot_gunfire,FSD50K,216317,freesound:216317,gunshot_gunfire__fsd50k__dev__216317__0104__r0.wav,66c7f275ebfd78cdac64433fe1049f1d117f19690e4e994ad4fc46e793cfbc05,8d1c5952ae9bf2b60ef311090b7aab9dc3645bfb3e42733ccc9d1fc1f91b6a34,1,0.496395,44100,1.0,451,position_gain,0.795379,-2.4009,1.0,,,1.0,,,,,,1.0
gunshot_gunfire__fsd50k__dev__216317__0104__r0__aug2.wav,gunshot_gunfire,FSD50K,216317,freesound:216317,gunshot_gunfire__fsd50k__dev__216317__0104__r0.wav,66c7f275ebfd78cdac64433fe1049f1d117f19690e4e994ad4fc46e793cfbc05,b9ac3c2b3f8c478836eaac4a1c8e8babfc8aa4144b570704e36691ba70931276,2,0.496395,44100,1.0,451,position_gain_background,0.514194,-6.7011,1.0,,,1.0,23.6893,0.08737669,3-144120-A-32.wav,keyboard_typing,esc50:144120,1.0
gunshot_gunfire__fsd50k__dev__216317__0104__r0__aug3.wav,gunshot_gunfire,FSD50K,216317,freesound:216317,gunshot_gunfire__fsd50k__dev__216317__0104__r0.wav,66c7f275ebfd78cdac64433fe1049f1d117f19690e4e994ad4fc46e793cfbc05,7bfc4b078a2c333cda0b54bab9dce127de048c822738d9626eba022b16507959,3,0.496395,44100,1.0,451,position_filter_background,0.235872,-6.3836,1.0,196.685,7731.983,1.0,11.5159,0.07170591,3-164120-A-11.wav,sea_waves,esc50:164120,1.0
gunshot_gunfire__fsd50k__dev__216317__0104__r0__aug4.wav,gunshot_gunfire,FSD50K,216317,freesound:216317,gunshot_gunfire__fsd50k__dev__216317__0104__r0.wav,66c7f275ebfd78cdac64433fe1049f1d117f19690e4e994ad4fc46e793cfbc05,381a36e8878efedef596d73981d2d1faa2d9432b88b2c0fb8a0ca400e47065b2,4,0.496395,44100,1.0,451,position_speed_gain,0.466284,-7.6803,1.016995,,,1.0,,,,,,1.0
gunshot_gunfire__fsd50k__dev__216317__0104__r0__aug5.wav,gunshot_gunfire,FSD50K,216317,freesound:216317,gunshot_gunfire__fsd50k__dev__216317__0104__r0.wav,66c7f275ebfd78cdac64433fe1049f1d117f19690e4e994ad4fc46e793cfbc05,3ca0b154a8e2dbc548a206947f04e6064b81f7fd2ef45aac0ccc04523ecaae76,5,0.496395,44100,1.0,451,position_compression_background,0.236999,-0.7499,1.0,,,1.31962,22.2839,0.53688692,3-155568-A-32.wav,keyboard_typing,esc50:155568,1.0
gunshot_gunfire__fsd50k__dev__216318__0105__r0__aug0.wav,gunshot_gunfire,FSD50K,216318,freesound:216318,gunshot_gunfire__fsd50k__dev__216318__0105__r0.wav,370a7051c2282c51ece04b9eb353e6f2aa686c109967d1c7bb9c555b72950f6e,2a0ffdb766955f8fc6d3456d1ce7a791012bcb9e1fe0cb3553ae26a514f9afa6,0,0.496395,44100,1.0,451,position_only,0.791511,0.0,1.0,,,1.0,,,,,,1.0
gunshot_gunfire__fsd50k__dev__216318__0105__r0__aug1.wav,gunshot_gunfire,FSD50K,216318,freesound:216318,gunshot_gunfire__fsd50k__dev__216318__0105__r0.wav,370a7051c2282c51ece04b9eb353e6f2aa686c109967d1c7bb9c555b72950f6e,ec2b976e098b027968697cb63296349be78409d7dc6b61f5be805957471926ec,1,0.496395,44100,1.0,451,position_gain,0.66034,-5.5154,1.0,,,1.0,,,,,,1.0
gunshot_gunfire__fsd50k__dev__216318__0105__r0__aug2.wav,gunshot_gunfire,FSD50K,216318,freesound:216318,gunshot_gunfire__fsd50k__dev__216318__0105__r0.wav,370a7051c2282c51ece04b9eb353e6f2aa686c109967d1c7bb9c555b72950f6e,325ef8220d32975d071371b98e8dd72d5303930e16b257f611eeab79266cad46,2,0.496395,44100,1.0,451,position_gain_background,0.171687,0.8596,1.0,,,1.0,10.9692,1.20124819,3-166125-B-23.wav,breathing,esc50:166125,1.0
gunshot_gunfire__fsd50k__dev__216318__0105__r0__aug3.wav,gunshot_gunfire,FSD50K,216318,freesound:216318,gunshot_gunfire__fsd50k__dev__216318__0105__r0.wav,370a7051c2282c51ece04b9eb353e6f2aa686c109967d1c7bb9c555b72950f6e,7aac167810278a6efd2b78bfe5ec317559651cf2ed9a55546cb4461d5ce95961,3,0.496395,44100,1.0,451,position_filter_background,0.551218,-6.3387,1.0,140.977,6997.989,1.0,23.5179,0.21240363,1-62850-A-38.wav,clock_tick,esc50:62850,1.0
gunshot_gunfire__fsd50k__dev__216318__0105__r0__aug4.wav,gunshot_gunfire,FSD50K,216318,freesound:216318,gunshot_gunfire__fsd50k__dev__216318__0105__r0.wav,370a7051c2282c51ece04b9eb353e6f2aa686c109967d1c7bb9c555b72950f6e,e25c344fd10c69c3dae1cd430880cbfd1bfb7eea0b1356950684840ed3a01e42,4,0.496395,44100,1.0,451,position_speed_gain,0.504575,2.9702,0.995306,,,1.0,,,,,,1.0
gunshot_gunfire__fsd50k__dev__216318__0105__r0__aug5.wav,gunshot_gunfire,FSD50K,216318,freesound:216318,gunshot_gunfire__fsd50k__dev__216318__0105__r0.wav,370a7051c2282c51ece04b9eb353e6f2aa686c109967d1c7bb9c555b72950f6e,e716756b1aaf1b8b33f5dc9cbde5d6a135f1bc620993d8e11348c67b77f7efe2,5,0.496395,44100,1.0,451,position_compression_background,0.344069,-0.394,1.0,,,1.48976,10.9672,0.52264066,3-170377-A-38.wav,clock_tick,esc50:170377,1.0
gunshot_gunfire__fsd50k__dev__216319__0106__r0__aug0.wav,gunshot_gunfire,FSD50K,216319,freesound:216319,gunshot_gunfire__fsd50k__dev__216319__0106__r0.wav,2fb53602f7052e8ab5338975c389d10d7d3333ec08ff4eb0e3276bc5d04270bb,5369e1b2a9fe905acec2f5f416bb2be81c0a120ea4811fadee1bf84961c58d0b,0,0.496395,44100,1.0,451,position_only,0.59638,0.0,1.0,,,1.0,,,,,,1.0
gunshot_gunfire__fsd50k__dev__216319__0106__r0__aug1.wav,gunshot_gunfire,FSD50K,216319,freesound:216319,gunshot_gunfire__fsd50k__dev__216319__0106__r0.wav,2fb53602f7052e8ab5338975c389d10d7d3333ec08ff4eb0e3276bc5d04270bb,31dc1ea0ce71ec14238c3b8b87ab532f55f0b558b6fa0de8114f8f31b02eca7c,1,0.496395,44100,1.0,451,position_gain,0.458702,-5.1938,1.0,,,1.0,,,,,,1.0
gunshot_gunfire__fsd50k__dev__216319__0106__r0__aug2.wav,gunshot_gunfire,FSD50K,216319,freesound:216319,gunshot_gunfire__fsd50k__dev__216319__0106__r0.wav,2fb53602f7052e8ab5338975c389d10d7d3333ec08ff4eb0e3276bc5d04270bb,8813945ee4be006aadde627be965029bc2cc358801770f93db977fe166014b0e,2,0.496395,44100,1.0,451,position_gain_background,0.169512,-7.5337,1.0,,,1.0,14.1608,0.06872224,2-102568-A-35.wav,washing_machine,esc50:102568,1.0
gunshot_gunfire__fsd50k__dev__216319__0106__r0__aug3.wav,gunshot_gunfire,FSD50K,216319,freesound:216319,gunshot_gunfire__fsd50k__dev__216319__0106__r0.wav,2fb53602f7052e8ab5338975c389d10d7d3333ec08ff4eb0e3276bc5d04270bb,08ebf0c1763d4de82ac8c2d4618baeba319b0e4d504e096d161bc63fde75fea6,3,0.496395,44100,1.0,451,position_filter_background,0.168236,-0.044,1.0,119.575,6183.498,1.0,19.6209,0.02652736,1-27165-A-35.wav,washing_machine,esc50:27165,1.0
gunshot_gunfire__fsd50k__dev__216319__0106__r0__aug4.wav,gunshot_gunfire,FSD50K,216319,freesound:216319,gunshot_gunfire__fsd50k__dev__216319__0106__r0.wav,2fb53602f7052e8ab5338975c389d10d7d3333ec08ff4eb0e3276bc5d04270bb,985c0370f4db6de155ff935a2c76e0455e90c8fb1a73a996331aef309110a306,4,0.496395,44100,1.0,451,position_speed_gain,0.777932,-10.1735,1.002476,,,1.0,,,,,,1.0
gunshot_gunfire__fsd50k__dev__216319__0106__r0__aug5.wav,gunshot_gunfire,FSD50K,216319,freesound:216319,gunshot_gunfire__fsd50k__dev__216319__0106__r0.wav,2fb53602f7052e8ab5338975c389d10d7d3333ec08ff4eb0e3276bc5d04270bb,76cb1b2d22f89408beb93624fe4065d9f511e4fd5c42618ca6b5ead2839fa2f9,5,0.496395,44100,1.0,451,position_compression_background,0.325502,1.2125,1.0,,,1.7362,16.1825,0.10763224,2-133863-A-11.wav,sea_waves,esc50:133863,1.0
gunshot_gunfire__fsd50k__dev__216604__0107__r0__aug0.wav,gunshot_gunfire,FSD50K,216604,freesound:216604,gunshot_gunfire__fsd50k__dev__216604__0107__r0.wav,e7fd4b200aa42c84764fdf8db8035e0ed7b5fdfb6c6602b73c8a82717fcade50,94e0ba2ec3b71d9c1b5adee33749fd447eb68cf5617df26e6bf9bab3ad4919d5,0,2.407052,44100,1.0,451,position_only,0.216662,0.0,1.0,,,1.0,,,,,,1.0
gunshot_gunfire__fsd50k__dev__216604__0107__r0__aug1.wav,gunshot_gunfire,FSD50K,216604,freesound:216604,gunshot_gunfire__fsd50k__dev__216604__0107__r0.wav,e7fd4b200aa42c84764fdf8db8035e0ed7b5fdfb6c6602b73c8a82717fcade50,788b289af9fc62f5f2fe28bb3ab86daeb2ec8fc077a70c450fc20ed9790a38ae,1,2.407052,44100,1.0,451,position_gain,0.496469,-10.1358,1.0,,,1.0,,,,,,1.0
gunshot_gunfire__fsd50k__dev__216604__0107__r0__aug2.wav,gunshot_gunfire,FSD50K,216604,freesound:216604,gunshot_gunfire__fsd50k__dev__216604__0107__r0.wav,e7fd4b200aa42c84764fdf8db8035e0ed7b5fdfb6c6602b73c8a82717fcade50,5d6bfa1b4c3500bf8ac3d817e30a2f4aeb279c93b7f1a9fca5b8e959345e4dd4,2,2.407052,44100,1.0,451,position_gain_background,0.793574,-0.8649,1.0,,,1.0,14.1141,0.02441392,2-125966-A-11.wav,sea_waves,esc50:125966,1.0
gunshot_gunfire__fsd50k__dev__216604__0107__r0__aug3.wav,gunshot_gunfire,FSD50K,216604,freesound:216604,gunshot_gunfire__fsd50k__dev__216604__0107__r0.wav,e7fd4b200aa42c84764fdf8db8035e0ed7b5fdfb6c6602b73c8a82717fcade50,1abfc1d2b1089dd21fccf5ccef737f295a84a888d3a29f84a8f5004952bd49c0,3,2.407052,44100,1.0,451,position_filter_background,0.253642,-6.0902,1.0,157.612,6789.599,1.0,18.8714,0.00395842,2-102567-B-35.wav,washing_machine,esc50:102567,1.0
gunshot_gunfire__fsd50k__dev__216604__0107__r0__aug4.wav,gunshot_gunfire,FSD50K,216604,freesound:216604,gunshot_gunfire__fsd50k__dev__216604__0107__r0.wav,e7fd4b200aa42c84764fdf8db8035e0ed7b5fdfb6c6602b73c8a82717fcade50,f653c2b475145d0d870ebb9ad11b0026ae0b371075231c3d31e7ff721c099ecd,4,2.407052,44100,1.0,451,position_speed_gain,0.640539,-3.9607,1.019664,,,1.0,,,,,,1.0
gunshot_gunfire__fsd50k__dev__216604__0107__r0__aug5.wav,gunshot_gunfire,FSD50K,216604,freesound:216604,gunshot_gunfire__fsd50k__dev__216604__0107__r0.wav,e7fd4b200aa42c84764fdf8db8035e0ed7b5fdfb6c6602b73c8a82717fcade50,2f96d665ab2a8f58e56140ef3889e118a84756d382d137cadf097b80a46e2e2d,5,2.407052,44100,1.0,451,position_compression_background,0.27327,-10.8275,1.0,,,1.27355,18.1953,0.01758022,1-48413-A-38.wav,clock_tick,esc50:48413,1.0
gunshot_gunfire__fsd50k__dev__219455__0108__r0__aug0.wav,gunshot_gunfire,FSD50K,219455,freesound:219455,gunshot_gunfire__fsd50k__dev__219455__0108__r0.wav,e0f64d98f425de923aa9f7dc57331dfc755e64d84335846a4db64f593017d7d4,0fa8a44643e1f3b5dc89fec46821784cc1a5ee92f7a0ce14f81f27c89a819170,0,1.154898,44100,1.0,451,position_only,0.727923,0.0,1.0,,,1.0,,,,,,1.0
gunshot_gunfire__fsd50k__dev__219455__0108__r0__aug1.wav,gunshot_gunfire,FSD50K,219455,freesound:219455,gunshot_gunfire__fsd50k__dev__219455__0108__r0.wav,e0f64d98f425de923aa9f7dc57331dfc755e64d84335846a4db64f593017d7d4,75c6f1720ba37eeee233ac8909addae08d2a4c486b357a683d4db29fbd91e854,1,1.154898,44100,1.0,451,position_gain,0.243185,-8.2729,1.0,,,1.0,,,,,,1.0
gunshot_gunfire__fsd50k__dev__219455__0108__r0__aug2.wav,gunshot_gunfire,FSD50K,219455,freesound:219455,gunshot_gunfire__fsd50k__dev__219455__0108__r0.wav,e0f64d98f425de923aa9f7dc57331dfc755e64d84335846a4db64f593017d7d4,1102048334d396a1badace86108e43510a656874a9fea229460055c8eec8da80,2,1.154898,44100,1.0,451,position_gain_background,0.575434,2.0374,1.0,,,1.0,19.3209,0.00562055,3-187710-A-11.wav,sea_waves,esc50:187710,1.0
gunshot_gunfire__fsd50k__dev__219455__0108__r0__aug3.wav,gunshot_gunfire,FSD50K,219455,freesound:219455,gunshot_gunfire__fsd50k__dev__219455__0108__r0.wav,e0f64d98f425de923aa9f7dc57331dfc755e64d84335846a4db64f593017d7d4,c0f859ab1eb9d0f55c2cc01b7e100fd1854700ba45e11bb7f46aee1f655ceded,3,1.154898,44100,1.0,451,position_filter_background,0.252114,1.747,1.0,83.752,7718.135,1.0,20.4513,0.00093657,2-125966-A-11.wav,sea_waves,esc50:125966,1.0
gunshot_gunfire__fsd50k__dev__219455__0108__r0__aug4.wav,gunshot_gunfire,FSD50K,219455,freesound:219455,gunshot_gunfire__fsd50k__dev__219455__0108__r0.wav,e0f64d98f425de923aa9f7dc57331dfc755e64d84335846a4db64f593017d7d4,1ddc468c15b9fcecf3c97f36c82fb18bf420e21163cd77e195cc7093d5dbbf0c,4,1.154898,44100,1.0,451,position_speed_gain,0.373938,-4.0953,1.005172,,,1.0,,,,,,1.0
gunshot_gunfire__fsd50k__dev__219455__0108__r0__aug5.wav,gunshot_gunfire,FSD50K,219455,freesound:219455,gunshot_gunfire__fsd50k__dev__219455__0108__r0.wav,e0f64d98f425de923aa9f7dc57331dfc755e64d84335846a4db64f593017d7d4,3b62d32f869c49d6f1e85e92db44ffcfc0092e90b226b3c880fd640f7570ce2f,5,1.154898,44100,1.0,451,position_compression_background,0.507142,-0.6483,1.0,,,1.7274,19.3666,386.05526526,2-54962-A-23.wav,breathing,esc50:54962,1.0
gunshot_gunfire__fsd50k__dev__219457__0109__r0__aug0.wav,gunshot_gunfire,FSD50K,219457,freesound:219457,gunshot_gunfire__fsd50k__dev__219457__0109__r0.wav,127cc404499d256ced46f8dfdc4ff4657588fef0f7bfbb843862807378f47c8a,9462bb716e0b62a07f560d6f5254f331a15caefec3e7e3460e13582d989ffa02,0,0.47644,44100,1.0,451,position_only,0.306275,0.0,1.0,,,1.0,,,,,,1.0
gunshot_gunfire__fsd50k__dev__219457__0109__r0__aug1.wav,gunshot_gunfire,FSD50K,219457,freesound:219457,gunshot_gunfire__fsd50k__dev__219457__0109__r0.wav,127cc404499d256ced46f8dfdc4ff4657588fef0f7bfbb843862807378f47c8a,ecb8f38e43e29deb5f944e18d5695e4cad26e6cdc8e8d628cb4fe65229fa6638,1,0.47644,44100,1.0,451,position_gain,0.21646,-8.8561,1.0,,,1.0,,,,,,1.0
gunshot_gunfire__fsd50k__dev__219457__0109__r0__aug2.wav,gunshot_gunfire,FSD50K,219457,freesound:219457,gunshot_gunfire__fsd50k__dev__219457__0109__r0.wav,127cc404499d256ced46f8dfdc4ff4657588fef0f7bfbb843862807378f47c8a,ec0ea9ae9e1ff1dd58a196800b184c0dc10cb1e7fbce19e302efde2c5791e2bd,2,0.47644,44100,1.0,451,position_gain_background,0.620353,2.0764,1.0,,,1.0,11.6133,1.79902918,2-54961-A-23.wav,breathing,esc50:54961,0.66918606
gunshot_gunfire__fsd50k__dev__219457__0109__r0__aug3.wav,gunshot_gunfire,FSD50K,219457,freesound:219457,gunshot_gunfire__fsd50k__dev__219457__0109__r0.wav,127cc404499d256ced46f8dfdc4ff4657588fef0f7bfbb843862807378f47c8a,6c2ea4d3e82b7bf989302397a93ac8251dfe1700cfa5a50007685fa9a7a9d9d2,3,0.47644,44100,1.0,451,position_filter_background,0.232807,-2.0482,1.0,210.589,7551.462,1.0,15.2328,0.04545284,2-131943-A-38.wav,clock_tick,esc50:131943,1.0
gunshot_gunfire__fsd50k__dev__219457__0109__r0__aug4.wav,gunshot_gunfire,FSD50K,219457,freesound:219457,gunshot_gunfire__fsd50k__dev__219457__0109__r0.wav,127cc404499d256ced46f8dfdc4ff4657588fef0f7bfbb843862807378f47c8a,96b72ef8016449bee5432b5a8d5671de57beb9681188b815a87c89cc41ab96fc,4,0.47644,44100,1.0,451,position_speed_gain,0.448386,-10.5877,1.009826,,,1.0,,,,,,1.0
gunshot_gunfire__fsd50k__dev__219457__0109__r0__aug5.wav,gunshot_gunfire,FSD50K,219457,freesound:219457,gunshot_gunfire__fsd50k__dev__219457__0109__r0.wav,127cc404499d256ced46f8dfdc4ff4657588fef0f7bfbb843862807378f47c8a,e5fc106cdbe05f57630e0a249f704b4826b08bf78fdebb744d5bbf7a5adb127f,5,0.47644,44100,1.0,451,position_compression_background,0.244402,-5.1443,1.0,,,1.76145,18.6077,0.01075812,3-187710-A-11.wav,sea_waves,esc50:187710,1.0
gunshot_gunfire__fsd50k__dev__220130__0110__r0__aug0.wav,gunshot_gunfire,FSD50K,220130,freesound:220130,gunshot_gunfire__fsd50k__dev__220130__0110__r0.wav,2de2ecf92b9c32c62aa5ddcf113b586fbd370a50b70b298f255a2aa5bc652dd5,b2ffd89c80816c334d6638c15aa1c8a88ebb9fabfb01a5d49a392a6501e1c5d0,0,0.037438,44100,1.0,451,position_only,0.228115,0.0,1.0,,,1.0,,,,,,0.89125094
gunshot_gunfire__fsd50k__dev__220130__0110__r0__aug1.wav,gunshot_gunfire,FSD50K,220130,freesound:220130,gunshot_gunfire__fsd50k__dev__220130__0110__r0.wav,2de2ecf92b9c32c62aa5ddcf113b586fbd370a50b70b298f255a2aa5bc652dd5,fac2f26b85c668213df2a9e058579fe53719dc80fbcd255baf2408b6bcfa29c8,1,0.037438,44100,1.0,451,position_gain,0.703531,-5.0524,1.0,,,1.0,,,,,,1.0
gunshot_gunfire__fsd50k__dev__220130__0110__r0__aug2.wav,gunshot_gunfire,FSD50K,220130,freesound:220130,gunshot_gunfire__fsd50k__dev__220130__0110__r0.wav,2de2ecf92b9c32c62aa5ddcf113b586fbd370a50b70b298f255a2aa5bc652dd5,c63f6df90cd2a459c8e3093ceb615e20e95f4d97735f9d74fe1e8fb238dcba80,2,0.037438,44100,1.0,451,position_gain_background,0.550461,4.2797,1.0,,,1.0,21.5347,0.13178405,2-120333-A-32.wav,keyboard_typing,esc50:120333,0.54460138
gunshot_gunfire__fsd50k__dev__220130__0110__r0__aug3.wav,gunshot_gunfire,FSD50K,220130,freesound:220130,gunshot_gunfire__fsd50k__dev__220130__0110__r0.wav,2de2ecf92b9c32c62aa5ddcf113b586fbd370a50b70b298f255a2aa5bc652dd5,53933de65945dd807d193d9778b63a5f8213630a0ec7b56b600f8967b6a29c27,3,0.037438,44100,1.0,451,position_filter_background,0.329168,-10.1541,1.0,170.133,6641.316,1.0,10.1368,12443.15467851,3-112557-B-23.wav,breathing,esc50:112557,1.0
gunshot_gunfire__fsd50k__dev__220130__0110__r0__aug4.wav,gunshot_gunfire,FSD50K,220130,freesound:220130,gunshot_gunfire__fsd50k__dev__220130__0110__r0.wav,2de2ecf92b9c32c62aa5ddcf113b586fbd370a50b70b298f255a2aa5bc652dd5,f30e9b278f8c853d433cee9c6a822b5ffe0d72c217a0a92a464f49cec461bc5f,4,0.037438,44100,1.0,451,position_speed_gain,0.669584,4.9539,0.974304,,,1.0,,,,,,0.39869069
gunshot_gunfire__fsd50k__dev__220130__0110__r0__aug5.wav,gunshot_gunfire,FSD50K,220130,freesound:220130,gunshot_gunfire__fsd50k__dev__220130__0110__r0.wav,2de2ecf92b9c32c62aa5ddcf113b586fbd370a50b70b298f255a2aa5bc652dd5,544fbef1109b49e342fcd44943cab8956c4c78481437ab5d8daa3bb5fb4ac60a,5,0.037438,44100,1.0,451,position_compression_background,0.374913,-3.5194,1.0,,,1.28458,14.6344,0.08196136,1-32373-B-35.wav,washing_machine,esc50:32373,1.0
gunshot_gunfire__fsd50k__dev__221451__0111__r0__aug0.wav,gunshot_gunfire,FSD50K,221451,freesound:221451,gunshot_gunfire__fsd50k__dev__221451__0111__r0.wav,4d530d5de6d23133b9855418924d4f7f4f7f62b6b317a41bffc01326a9b81471,e058f0a685aa881aa7bd2de6ed32d758f5d7d31adea08115b7739f4f164c1ef1,0,0.022472,44100,1.0,451,position_only,0.25198,0.0,1.0,,,1.0,,,,,,0.91147314
gunshot_gunfire__fsd50k__dev__221451__0111__r0__aug1.wav,gunshot_gunfire,FSD50K,221451,freesound:221451,gunshot_gunfire__fsd50k__dev__221451__0111__r0.wav,4d530d5de6d23133b9855418924d4f7f4f7f62b6b317a41bffc01326a9b81471,78f747c9b39b87fd9d17f288cf64706a10bbd1269cf078fff8c5dffec9888f19,1,0.022472,44100,1.0,451,position_gain,0.419774,-1.9246,1.0,,,1.0,,,,,,1.0
gunshot_gunfire__fsd50k__dev__221451__0111__r0__aug2.wav,gunshot_gunfire,FSD50K,221451,freesound:221451,gunshot_gunfire__fsd50k__dev__221451__0111__r0.wav,4d530d5de6d23133b9855418924d4f7f4f7f62b6b317a41bffc01326a9b81471,952e7377862f3a809b45868a76582810c6abc5ea4f9db68ed7e14ddd3bb602d0,2,0.022472,44100,1.0,451,position_gain_background,0.778122,-11.1321,1.0,,,1.0,16.4841,0.61575163,1-137-A-32.wav,keyboard_typing,esc50:137,1.0
gunshot_gunfire__fsd50k__dev__221451__0111__r0__aug3.wav,gunshot_gunfire,FSD50K,221451,freesound:221451,gunshot_gunfire__fsd50k__dev__221451__0111__r0.wav,4d530d5de6d23133b9855418924d4f7f4f7f62b6b317a41bffc01326a9b81471,048d2a51a96515492f096cb6dcfad13d4baf46af8c25e1bef0cb7aaa491412ab,3,0.022472,44100,1.0,451,position_filter_background,0.262434,-5.7474,1.0,140.118,7772.97,1.0,23.3632,0.10096291,3-112557-A-23.wav,breathing,esc50:112557,1.0
gunshot_gunfire__fsd50k__dev__221451__0111__r0__aug4.wav,gunshot_gunfire,FSD50K,221451,freesound:221451,gunshot_gunfire__fsd50k__dev__221451__0111__r0.wav,4d530d5de6d23133b9855418924d4f7f4f7f62b6b317a41bffc01326a9b81471,c22cdc720d815008b4322915f9bc0f7eb6fed7aac48301c8a16fad23c67fcde4,4,0.022472,44100,1.0,451,position_speed_gain,0.629907,1.401,0.961881,,,1.0,,,,,,0.76943432
gunshot_gunfire__fsd50k__dev__221451__0111__r0__aug5.wav,gunshot_gunfire,FSD50K,221451,freesound:221451,gunshot_gunfire__fsd50k__dev__221451__0111__r0.wav,4d530d5de6d23133b9855418924d4f7f4f7f62b6b317a41bffc01326a9b81471,c8a9b3c6f5eb1daa9c1cf91685f40a2772c6da96844d19fab97a1dee51ab5ccc,5,0.022472,44100,1.0,451,position_compression_background,0.522784,0.7781,1.0,,,1.37733,20.0515,20643.62459061,3-112557-B-23.wav,breathing,esc50:112557,0.87165325
gunshot_gunfire__fsd50k__dev__221455__0112__r0__aug0.wav,gunshot_gunfire,FSD50K,221455,freesound:221455,gunshot_gunfire__fsd50k__dev__221455__0112__r0.wav,c4e978cba25ef20f8185a4b9a2a48afd27b87a699e9eb168bdbd06eac240be5e,7074898a1703d417ccc0028b28396c8e53907d5043ac798c6c65f470319e6bc9,0,0.02746,44100,1.0,451,position_only,0.324781,0.0,1.0,,,1.0,,,,,,0.95558245
gunshot_gunfire__fsd50k__dev__221455__0112__r0__aug1.wav,gunshot_gunfire,FSD50K,221455,freesound:221455,gunshot_gunfire__fsd50k__dev__221455__0112__r0.wav,c4e978cba25ef20f8185a4b9a2a48afd27b87a699e9eb168bdbd06eac240be5e,2de263b2315fe49febce5fd200544f3289948984ddd73977c48fb9e0eb3c5ee0,1,0.02746,44100,1.0,451,position_gain,0.24791,1.4926,1.0,,,1.0,,,,,,0.80470638
gunshot_gunfire__fsd50k__dev__221455__0112__r0__aug2.wav,gunshot_gunfire,FSD50K,221455,freesound:221455,gunshot_gunfire__fsd50k__dev__221455__0112__r0.wav,c4e978cba25ef20f8185a4b9a2a48afd27b87a699e9eb168bdbd06eac240be5e,c5bd9c8cb26950bea685c44bffa3ef8fb58c0f75f755a292a9ebf6c9a2b27b1b,2,0.02746,44100,1.0,451,position_gain_background,0.186067,-10.9441,1.0,,,1.0,18.7985,1.32582383,2-141584-A-38.wav,clock_tick,esc50:141584,1.0
gunshot_gunfire__fsd50k__dev__221455__0112__r0__aug3.wav,gunshot_gunfire,FSD50K,221455,freesound:221455,gunshot_gunfire__fsd50k__dev__221455__0112__r0.wav,c4e978cba25ef20f8185a4b9a2a48afd27b87a699e9eb168bdbd06eac240be5e,235c8a966a8b0dd78b4feb0a4372be24f99a39eeed77f1d5e1c0bfc490826eb7,3,0.02746,44100,1.0,451,position_filter_background,0.206885,-10.5258,1.0,137.509,6558.802,1.0,10.5897,16.08339975,1-94231-B-32.wav,keyboard_typing,esc50:94231,1.0
gunshot_gunfire__fsd50k__dev__221455__0112__r0__aug4.wav,gunshot_gunfire,FSD50K,221455,freesound:221455,gunshot_gunfire__fsd50k__dev__221455__0112__r0.wav,c4e978cba25ef20f8185a4b9a2a48afd27b87a699e9eb168bdbd06eac240be5e,c8e29fd0be5ce4b13068b0030af77ef3fa9a84baba4032664e9b39bd6178657b,4,0.02746,44100,1.0,451,position_speed_gain,0.167427,3.8638,0.981605,,,1.0,,,,,,0.60758347
gunshot_gunfire__fsd50k__dev__221455__0112__r0__aug5.wav,gunshot_gunfire,FSD50K,221455,freesound:221455,gunshot_gunfire__fsd50k__dev__221455__0112__r0.wav,c4e978cba25ef20f8185a4b9a2a48afd27b87a699e9eb168bdbd06eac240be5e,c4fbf87eaf87f2a13bd245d92d61987abcfeb51b35cc936cf9f095b65eb44841,5,0.02746,44100,1.0,451,position_compression_background,0.759608,-10.2316,1.0,,,1.43571,17.1791,0.36859951,2-118817-A-32.wav,keyboard_typing,esc50:118817,1.0
gunshot_gunfire__fsd50k__dev__221457__0113__r0__aug0.wav,gunshot_gunfire,FSD50K,221457,freesound:221457,gunshot_gunfire__fsd50k__dev__221457__0113__r0.wav,e16eae0aee50e1d0ba46ab836f0ba958c44224c649143ceece4b3ac2285be378,4fcbb85bcca64887c958e43e23fd61342475cebb2580174489d19eaca7b871f2,0,0.022472,44100,1.0,451,position_only,0.511576,0.0,1.0,,,1.0,,,,,,1.0
gunshot_gunfire__fsd50k__dev__221457__0113__r0__aug1.wav,gunshot_gunfire,FSD50K,221457,freesound:221457,gunshot_gunfire__fsd50k__dev__221457__0113__r0.wav,e16eae0aee50e1d0ba46ab836f0ba958c44224c649143ceece4b3ac2285be378,b4acd184a443d7cf3db9ee63b527ddb25224574e4de347d096c1a555f9011246,1,0.022472,44100,1.0,451,position_gain,0.408022,1.9737,1.0,,,1.0,,,,,,1.0
gunshot_gunfire__fsd50k__dev__221457__0113__r0__aug2.wav,gunshot_gunfire,FSD50K,221457,freesound:221457,gunshot_gunfire__fsd50k__dev__221457__0113__r0.wav,e16eae0aee50e1d0ba46ab836f0ba958c44224c649143ceece4b3ac2285be378,853206d053aadab2a4b41eea7e7fd1cd68056dc10301105fb46bef026826c7f8,2,0.022472,44100,1.0,451,position_gain_background,0.481029,-0.054,1.0,,,1.0,17.1532,1.15146988,2-135728-A-38.wav,clock_tick,esc50:135728,1.0
gunshot_gunfire__fsd50k__dev__221457__0113__r0__aug3.wav,gunshot_gunfire,FSD50K,221457,freesound:221457,gunshot_gunfire__fsd50k__dev__221457__0113__r0.wav,e16eae0aee50e1d0ba46ab836f0ba958c44224c649143ceece4b3ac2285be378,7b09544ce59da4dc40c762e1f62505f6499bc25a8e0f2378f5a20da78901e311,3,0.022472,44100,1.0,451,position_filter_background,0.46946,-1.3537,1.0,236.816,6521.257,1.0,16.3766,0.12815889,2-102567-C-35.wav,washing_machine,esc50:102567,1.0
gunshot_gunfire__fsd50k__dev__221457__0113__r0__aug4.wav,gunshot_gunfire,FSD50K,221457,freesound:221457,gunshot_gunfire__fsd50k__dev__221457__0113__r0.wav,e16eae0aee50e1d0ba46ab836f0ba958c44224c649143ceece4b3ac2285be378,df871d96e57e2a08f9b6e1239a12326584a013c5b12457171b69e0cd6df302cb,4,0.022472,44100,1.0,451,position_speed_gain,0.310853,-4.8018,1.03161,,,1.0,,,,,,1.0
gunshot_gunfire__fsd50k__dev__221457__0113__r0__aug5.wav,gunshot_gunfire,FSD50K,221457,freesound:221457,gunshot_gunfire__fsd50k__dev__221457__0113__r0.wav,e16eae0aee50e1d0ba46ab836f0ba958c44224c649143ceece4b3ac2285be378,5c620d060cf289567e5352c2f13f224a8c186b76583d4c9467e67c31c4c4e5ea,5,0.022472,44100,1.0,451,position_compression_background,0.165434,3.1709,1.0,,,1.77444,12.7656,0.26063376,1-32373-B-35.wav,washing_machine,esc50:32373,0.90181734
gunshot_gunfire__fsd50k__dev__228611__0114__r0__aug0.wav,gunshot_gunfire,FSD50K,228611,freesound:228611,gunshot_gunfire__fsd50k__dev__228611__0114__r0.wav,03e9b9f59fbca9ae01cdf02eb00ff07887f052d5c4402858d0846886720725ff,744612de54f32892dcec0f12517b456d6cbc18285655f18426480c43ad6a8c79,0,0.022472,44100,1.0,451,position_only,0.596503,0.0,1.0,,,1.0,,,,,,0.89625628
gunshot_gunfire__fsd50k__dev__228611__0114__r0__aug1.wav,gunshot_gunfire,FSD50K,228611,freesound:228611,gunshot_gunfire__fsd50k__dev__228611__0114__r0.wav,03e9b9f59fbca9ae01cdf02eb00ff07887f052d5c4402858d0846886720725ff,dce841b1a56f60d187374b2313ff62796847da8b8f34c7968af5d609f185cf89,1,0.022472,44100,1.0,451,position_gain,0.156647,-9.6386,1.0,,,1.0,,,,,,1.0
gunshot_gunfire__fsd50k__dev__228611__0114__r0__aug2.wav,gunshot_gunfire,FSD50K,228611,freesound:228611,gunshot_gunfire__fsd50k__dev__228611__0114__r0.wav,03e9b9f59fbca9ae01cdf02eb00ff07887f052d5c4402858d0846886720725ff,972107ed7a13fbd38ac28c0e845fad33b3804c9ba1bc7a8e23ee1bdccb4eaa5f,2,0.022472,44100,1.0,451,position_gain_background,0.666752,3.7268,1.0,,,1.0,18.2165,0.87644411,3-144128-B-23.wav,breathing,esc50:144128,0.53336773
gunshot_gunfire__fsd50k__dev__228611__0114__r0__aug3.wav,gunshot_gunfire,FSD50K,228611,freesound:228611,gunshot_gunfire__fsd50k__dev__228611__0114__r0.wav,03e9b9f59fbca9ae01cdf02eb00ff07887f052d5c4402858d0846886720725ff,25355f0fee2d2d14ce070a129172fb843ed9178f6b02fd7d69a6131532496416,3,0.022472,44100,1.0,451,position_filter_background,0.782836,4.8302,1.0,99.036,6200.31,1.0,15.6825,0.27975183,3-135469-A-35.wav,washing_machine,esc50:135469,0.33338233
gunshot_gunfire__fsd50k__dev__228611__0114__r0__aug4.wav,gunshot_gunfire,FSD50K,228611,freesound:228611,gunshot_gunfire__fsd50k__dev__228611__0114__r0.wav,03e9b9f59fbca9ae01cdf02eb00ff07887f052d5c4402858d0846886720725ff,1db597436c7346f80a2a5b1f89eca7bd261b3f93505f1986582241f22e48c819,4,0.022472,44100,1.0,451,position_speed_gain,0.580545,-5.9039,0.985724,,,1.0,,,,,,1.0
gunshot_gunfire__fsd50k__dev__228611__0114__r0__aug5.wav,gunshot_gunfire,FSD50K,228611,freesound:228611,gunshot_gunfire__fsd50k__dev__228611__0114__r0.wav,03e9b9f59fbca9ae01cdf02eb00ff07887f052d5c4402858d0846886720725ff,47eb0aee274aef2e77b202d92f1ae5db521f9aabace03e105ecbccbc0645dd09,5,0.022472,44100,1.0,451,position_compression_background,0.575414,-4.6922,1.0,,,1.77887,16.09,0.25571266,3-166422-A-11.wav,sea_waves,esc50:166422,1.0
gunshot_gunfire__fsd50k__dev__231245__0115__r0__aug0.wav,gunshot_gunfire,FSD50K,231245,freesound:231245,gunshot_gunfire__fsd50k__dev__231245__0115__r0.wav,b95a7beb2ee130c3b632341d9410ca0556f8735d5e8402567eff042806a04a15,2c0a92a84a72a0fcf021e1d0028be190aa5cfca56a165ec211c4078a505a053e,0,0.646054,44100,1.0,451,position_only,0.386258,0.0,1.0,,,1.0,,,,,,1.0
gunshot_gunfire__fsd50k__dev__231245__0115__r0__aug1.wav,gunshot_gunfire,FSD50K,231245,freesound:231245,gunshot_gunfire__fsd50k__dev__231245__0115__r0.wav,b95a7beb2ee130c3b632341d9410ca0556f8735d5e8402567eff042806a04a15,02f7b66ecb209f7429d10c61f9d27b6536ef17a1233e55f8c6abd171a9efc485,1,0.646054,44100,1.0,451,position_gain,0.564303,-2.7907,1.0,,,1.0,,,,,,1.0
gunshot_gunfire__fsd50k__dev__231245__0115__r0__aug2.wav,gunshot_gunfire,FSD50K,231245,freesound:231245,gunshot_gunfire__fsd50k__dev__231245__0115__r0.wav,b95a7beb2ee130c3b632341d9410ca0556f8735d5e8402567eff042806a04a15,1db96ff452cb9751d0d63979704f7fb289af5a956b56f66f4265e372d713440d,2,0.646054,44100,1.0,451,position_gain_background,0.495662,4.9432,1.0,,,1.0,19.3738,0.33605307,2-137162-A-11.wav,sea_waves,esc50:137162,1.0
gunshot_gunfire__fsd50k__dev__231245__0115__r0__aug3.wav,gunshot_gunfire,FSD50K,231245,freesound:231245,gunshot_gunfire__fsd50k__dev__231245__0115__r0.wav,b95a7beb2ee130c3b632341d9410ca0556f8735d5e8402567eff042806a04a15,f2b270ae5a7afe2158d0961ebef7ab147f846929a2558a925473251985b7f484,3,0.646054,44100,1.0,451,position_filter_background,0.729637,0.052,1.0,121.487,6922.759,1.0,17.7207,0.4059003,3-144128-B-23.wav,breathing,esc50:144128,1.0
gunshot_gunfire__fsd50k__dev__231245__0115__r0__aug4.wav,gunshot_gunfire,FSD50K,231245,freesound:231245,gunshot_gunfire__fsd50k__dev__231245__0115__r0.wav,b95a7beb2ee130c3b632341d9410ca0556f8735d5e8402567eff042806a04a15,7b15850c65a8e77a7e0c07eac8b3a980288f7e63e6dfe1bdc9283a1a34340627,4,0.646054,44100,1.0,451,position_speed_gain,0.29834,-9.1637,1.039269,,,1.0,,,,,,1.0
gunshot_gunfire__fsd50k__dev__231245__0115__r0__aug5.wav,gunshot_gunfire,FSD50K,231245,freesound:231245,gunshot_gunfire__fsd50k__dev__231245__0115__r0.wav,b95a7beb2ee130c3b632341d9410ca0556f8735d5e8402567eff042806a04a15,c2c513b6b79b03c873a4d33772eac8ecb3fb1b4f6ae30de9901d3ee3c3ad6c21,5,0.646054,44100,1.0,451,position_compression_background,0.495359,-3.2844,1.0,,,1.2072,19.2977,7862.67200809,1-36402-A-23.wav,breathing,esc50:36402,1.0
gunshot_gunfire__fsd50k__dev__231247__0116__r0__aug0.wav,gunshot_gunfire,FSD50K,231247,freesound:231247,gunshot_gunfire__fsd50k__dev__231247__0116__r0.wav,cd540a915740fa45d390bf95d63298a80a9cc9d498892ee345ee3621955482dd,74979769a94b5eea97317790a75e0389bf92f05d0bf3a7c12d2c3c40338c0070,0,4.696848,44100,1.0,451,position_only,0.417187,0.0,1.0,,,1.0,,,,,,1.0
gunshot_gunfire__fsd50k__dev__231247__0116__r0__aug1.wav,gunshot_gunfire,FSD50K,231247,freesound:231247,gunshot_gunfire__fsd50k__dev__231247__0116__r0.wav,cd540a915740fa45d390bf95d63298a80a9cc9d498892ee345ee3621955482dd,9e3b814198984acb244cfe6a70e908f1fecc9a2679ba3754e48b2e90162e91f9,1,4.696848,44100,1.0,451,position_gain,0.787919,1.7435,1.0,,,1.0,,,,,,1.0
gunshot_gunfire__fsd50k__dev__231247__0116__r0__aug2.wav,gunshot_gunfire,FSD50K,231247,freesound:231247,gunshot_gunfire__fsd50k__dev__231247__0116__r0.wav,cd540a915740fa45d390bf95d63298a80a9cc9d498892ee345ee3621955482dd,61f3c7df5a8cfd635562af832a713076947563149ee59f08a2f1697905edc3a2,2,4.696848,44100,1.0,451,position_gain_background,0.459548,-1.5354,1.0,,,1.0,21.481,0.93457695,3-187710-A-11.wav,sea_waves,esc50:187710,1.0
gunshot_gunfire__fsd50k__dev__231247__0116__r0__aug3.wav,gunshot_gunfire,FSD50K,231247,freesound:231247,gunshot_gunfire__fsd50k__dev__231247__0116__r0.wav,cd540a915740fa45d390bf95d63298a80a9cc9d498892ee345ee3621955482dd,d97e7b11dcf43ef8778b521e88498949c83a539d5a22dc1feec9df17d6cc8597,3,4.696848,44100,1.0,451,position_filter_background,0.507956,-4.474,1.0,222.503,5923.678,1.0,24.7411,0.36651907,1-35687-A-38.wav,clock_tick,esc50:35687,1.0
gunshot_gunfire__fsd50k__dev__231247__0116__r0__aug4.wav,gunshot_gunfire,FSD50K,231247,freesound:231247,gunshot_gunfire__fsd50k__dev__231247__0116__r0.wav,cd540a915740fa45d390bf95d63298a80a9cc9d498892ee345ee3621955482dd,93d124c3c30bc6feb7899156e7beb00a0a2e5d0b98d051cab3994b00d3b205c9,4,4.696848,44100,1.0,451,position_speed_gain,0.449636,-3.4879,1.022177,,,1.0,,,,,,1.0
gunshot_gunfire__fsd50k__dev__231247__0116__r0__aug5.wav,gunshot_gunfire,FSD50K,231247,freesound:231247,gunshot_gunfire__fsd50k__dev__231247__0116__r0.wav,cd540a915740fa45d390bf95d63298a80a9cc9d498892ee345ee3621955482dd,ed065be21c8a1026979909b22d778433a3f87c0e1f63d35af2a40e9ccec6ced2,5,4.696848,44100,1.0,451,position_compression_background,0.176075,-0.6401,1.0,,,1.46541,19.0637,0.10643133,2-155801-A-11.wav,sea_waves,esc50:155801,1.0
gunshot_gunfire__fsd50k__dev__231248__0117__r0__aug0.wav,gunshot_gunfire,FSD50K,231248,freesound:231248,gunshot_gunfire__fsd50k__dev__231248__0117__r0.wav,5a3be12459264ca3cc30f5903188296612bbe86f6a1e4be5e542ff9369fb7f9d,994a23b61dd526c67de064b6d19c6788c92db6db2298483403d94de7b1e355fb,0,2.012948,44100,1.0,451,position_only,0.560958,0.0,1.0,,,1.0,,,,,,1.0
gunshot_gunfire__fsd50k__dev__231248__0117__r0__aug1.wav,gunshot_gunfire,FSD50K,231248,freesound:231248,gunshot_gunfire__fsd50k__dev__231248__0117__r0.wav,5a3be12459264ca3cc30f5903188296612bbe86f6a1e4be5e542ff9369fb7f9d,e10459670215b21ae99ca93e904bd9878512e01f2602c4899df643fd80856363,1,2.012948,44100,1.0,451,position_gain,0.572594,-6.1062,1.0,,,1.0,,,,,,1.0
gunshot_gunfire__fsd50k__dev__231248__0117__r0__aug2.wav,gunshot_gunfire,FSD50K,231248,freesound:231248,gunshot_gunfire__fsd50k__dev__231248__0117__r0.wav,5a3be12459264ca3cc30f5903188296612bbe86f6a1e4be5e542ff9369fb7f9d,53a15a4e395a7641adcf610536c45819ea7d73fc623bee234c2315fe19344d7b,2,2.012948,44100,1.0,451,position_gain_background,0.349722,-3.7299,1.0,,,1.0,24.6939,0.02521277,3-164120-A-11.wav,sea_waves,esc50:164120,1.0
gunshot_gunfire__fsd50k__dev__231248__0117__r0__aug3.wav,gunshot_gunfire,FSD50K,231248,freesound:231248,gunshot_gunfire__fsd50k__dev__231248__0117__r0.wav,5a3be12459264ca3cc30f5903188296612bbe86f6a1e4be5e542ff9369fb7f9d,58f753b3cfcf084a149e55e3327070b5a76ffb836ac660f6d9a151374b4f17e3,3,2.012948,44100,1.0,451,position_filter_background,0.42358,-4.6391,1.0,213.765,6152.0,1.0,24.4557,0.50782906,1-62850-A-38.wav,clock_tick,esc50:62850,1.0
gunshot_gunfire__fsd50k__dev__231248__0117__r0__aug4.wav,gunshot_gunfire,FSD50K,231248,freesound:231248,gunshot_gunfire__fsd50k__dev__231248__0117__r0.wav,5a3be12459264ca3cc30f5903188296612bbe86f6a1e4be5e542ff9369fb7f9d,a8e6c2a68dd2fd77aa16b4c922313deaca1b111305a53831ae383744976e87ee,4,2.012948,44100,1.0,451,position_speed_gain,0.644628,-1.9645,0.97453,,,1.0,,,,,,1.0
gunshot_gunfire__fsd50k__dev__231248__0117__r0__aug5.wav,gunshot_gunfire,FSD50K,231248,freesound:231248,gunshot_gunfire__fsd50k__dev__231248__0117__r0.wav,5a3be12459264ca3cc30f5903188296612bbe86f6a1e4be5e542ff9369fb7f9d,49f59a295b17cdae456af11b24dc93b58c9883e7a31e4e43aaacaa0a4cb9574e,5,2.012948,44100,1.0,451,position_compression_background,0.292557,-10.5297,1.0,,,1.3768,22.1901,0.0713654,3-182710-B-35.wav,washing_machine,esc50:182710,1.0
gunshot_gunfire__fsd50k__dev__231765__0118__r0__aug0.wav,gunshot_gunfire,FSD50K,231765,freesound:231765,gunshot_gunfire__fsd50k__dev__231765__0118__r0.wav,b14c29c04473ecaa6dda70ac5c795fdd0a68e9984f94733cb31b72aa1c33c4f7,97473fd1bfad376fac9aebec630e678590e87ae65fe4efd8e195acea47fd892e,0,2.19254,44100,1.0,451,position_only,0.695354,0.0,1.0,,,1.0,,,,,,1.0
gunshot_gunfire__fsd50k__dev__231765__0118__r0__aug1.wav,gunshot_gunfire,FSD50K,231765,freesound:231765,gunshot_gunfire__fsd50k__dev__231765__0118__r0.wav,b14c29c04473ecaa6dda70ac5c795fdd0a68e9984f94733cb31b72aa1c33c4f7,94cdefba2c6eb1b74e313ca9b8b2fdd130231ce7c4b3c967fbd62397fd64a605,1,2.19254,44100,1.0,451,position_gain,0.671957,4.6582,1.0,,,1.0,,,,,,1.0
gunshot_gunfire__fsd50k__dev__231765__0118__r0__aug2.wav,gunshot_gunfire,FSD50K,231765,freesound:231765,gunshot_gunfire__fsd50k__dev__231765__0118__r0.wav,b14c29c04473ecaa6dda70ac5c795fdd0a68e9984f94733cb31b72aa1c33c4f7,2a060dd68f4d8212106ac2219b2bb75f8fa0df5ac66dc3b61128ce44208183fe,2,2.19254,44100,1.0,451,position_gain_background,0.597615,4.2789,1.0,,,1.0,15.0104,0.05901264,1-42139-A-38.wav,clock_tick,esc50:42139,1.0
gunshot_gunfire__fsd50k__dev__231765__0118__r0__aug3.wav,gunshot_gunfire,FSD50K,231765,freesound:231765,gunshot_gunfire__fsd50k__dev__231765__0118__r0.wav,b14c29c04473ecaa6dda70ac5c795fdd0a68e9984f94733cb31b72aa1c33c4f7,fd9834a497ec17029cf6bd1074d173142d864a241a6fbd397d49332ddf947fb9,3,2.19254,44100,1.0,451,position_filter_background,0.354238,-3.4814,1.0,239.503,5778.719,1.0,17.1502,0.05656211,3-112557-B-23.wav,breathing,esc50:112557,1.0
gunshot_gunfire__fsd50k__dev__231765__0118__r0__aug4.wav,gunshot_gunfire,FSD50K,231765,freesound:231765,gunshot_gunfire__fsd50k__dev__231765__0118__r0.wav,b14c29c04473ecaa6dda70ac5c795fdd0a68e9984f94733cb31b72aa1c33c4f7,ba8db7b0aa144b473cb195d3a3b34f18836f2ee9f09682c9fb303db353a14a43,4,2.19254,44100,1.0,451,position_speed_gain,0.497215,2.5675,0.988456,,,1.0,,,,,,1.0
gunshot_gunfire__fsd50k__dev__231765__0118__r0__aug5.wav,gunshot_gunfire,FSD50K,231765,freesound:231765,gunshot_gunfire__fsd50k__dev__231765__0118__r0.wav,b14c29c04473ecaa6dda70ac5c795fdd0a68e9984f94733cb31b72aa1c33c4f7,fa56f9c67b47fe7a6a563d9476bdbecf8f790fcf21ba04d81519679647d4abc3,5,2.19254,44100,1.0,451,position_compression_background,0.702721,-10.5083,1.0,,,1.69911,18.8028,0.002645,2-51173-A-35.wav,washing_machine,esc50:51173,1.0
gunshot_gunfire__fsd50k__dev__233318__0119__r0__aug0.wav,gunshot_gunfire,FSD50K,233318,freesound:233318,gunshot_gunfire__fsd50k__dev__233318__0119__r0.wav,e56b4f216955eba8216510051533364fc6b0610bac2977d40c85993bdf2222ab,9f5bdad339dcbb1d3c80e1820a957061b908aa95e6d2f717873fdbef014634f8,0,0.965329,44100,1.0,451,position_only,0.237005,0.0,1.0,,,1.0,,,,,,0.90478068
gunshot_gunfire__fsd50k__dev__233318__0119__r0__aug1.wav,gunshot_gunfire,FSD50K,233318,freesound:233318,gunshot_gunfire__fsd50k__dev__233318__0119__r0.wav,e56b4f216955eba8216510051533364fc6b0610bac2977d40c85993bdf2222ab,0cc7c7f8b4dda007daf5b507515f12144d212c6a0757404956c3018194f69f9e,1,0.965329,44100,1.0,451,position_gain,0.567644,4.3102,1.0,,,1.0,,,,,,0.550851
gunshot_gunfire__fsd50k__dev__233318__0119__r0__aug2.wav,gunshot_gunfire,FSD50K,233318,freesound:233318,gunshot_gunfire__fsd50k__dev__233318__0119__r0.wav,e56b4f216955eba8216510051533364fc6b0610bac2977d40c85993bdf2222ab,8383f1afdaeff474868036a5657c05bd357a528269abe74993d2ba57379b2e30,2,0.965329,44100,1.0,451,position_gain_background,0.429369,-3.7572,1.0,,,1.0,22.2154,0.83097853,2-104168-A-32.wav,keyboard_typing,esc50:104168,1.0
gunshot_gunfire__fsd50k__dev__233318__0119__r0__aug3.wav,gunshot_gunfire,FSD50K,233318,freesound:233318,gunshot_gunfire__fsd50k__dev__233318__0119__r0.wav,e56b4f216955eba8216510051533364fc6b0610bac2977d40c85993bdf2222ab,ce8bdc955f8280dff1419270e4e6bea23fc37a96fc3deb0c5856d7ec3cf22786,3,0.965329,44100,1.0,451,position_filter_background,0.581671,2.9492,1.0,215.888,7330.419,1.0,18.8024,0.05507902,2-124662-A-11.wav,sea_waves,esc50:124662,0.64808271
gunshot_gunfire__fsd50k__dev__233318__0119__r0__aug4.wav,gunshot_gunfire,FSD50K,233318,freesound:233318,gunshot_gunfire__fsd50k__dev__233318__0119__r0.wav,e56b4f216955eba8216510051533364fc6b0610bac2977d40c85993bdf2222ab,b017d665be0b16f80c18daa799cd4a44c795815aec60480695b46d1dfb4647ba,4,0.965329,44100,1.0,451,position_speed_gain,0.441648,-5.7193,1.030496,,,1.0,,,,,,1.0
gunshot_gunfire__fsd50k__dev__233318__0119__r0__aug5.wav,gunshot_gunfire,FSD50K,233318,freesound:233318,gunshot_gunfire__fsd50k__dev__233318__0119__r0.wav,e56b4f216955eba8216510051533364fc6b0610bac2977d40c85993bdf2222ab,bbab6f0f0ff108619f1d558aeff8a0682f13fc5cca21305cb68f98b5d2f2ecdd,5,0.965329,44100,1.0,451,position_compression_background,0.597916,4.5009,1.0,,,1.41923,13.4269,25.09764434,1-36402-A-23.wav,breathing,esc50:36402,0.79363007
gunshot_gunfire__fsd50k__dev__233321__0120__r0__aug0.wav,gunshot_gunfire,FSD50K,233321,freesound:233321,gunshot_gunfire__fsd50k__dev__233321__0120__r0.wav,a9c8fb92517b6069125dd769143dbcc99e775491f7bfe0e2311fc836a3d8c9b5,859c7d965c04f86691a3e87352e6ee3045c343f328adae2cb7cf26cf6e942400,0,0.047415,44100,1.0,451,position_only,0.653053,0.0,1.0,,,1.0,,,,,,0.89125094
gunshot_gunfire__fsd50k__dev__233321__0120__r0__aug1.wav,gunshot_gunfire,FSD50K,233321,freesound:233321,gunshot_gunfire__fsd50k__dev__233321__0120__r0.wav,a9c8fb92517b6069125dd769143dbcc99e775491f7bfe0e2311fc836a3d8c9b5,78fdf6aee0b3ff752f153d24d5c1669358a07e91238ae7cf5b181309732cc340,1,0.047415,44100,1.0,451,position_gain,0.407219,-2.8016,1.0,,,1.0,,,,,,1.0
gunshot_gunfire__fsd50k__dev__233321__0120__r0__aug2.wav,gunshot_gunfire,FSD50K,233321,freesound:233321,gunshot_gunfire__fsd50k__dev__233321__0120__r0.wav,a9c8fb92517b6069125dd769143dbcc99e775491f7bfe0e2311fc836a3d8c9b5,4c57f3efa0e2bf053bf9896c54e38a8e8956ecf42d0f100dcab96fae1d9e89c6,2,0.047415,44100,1.0,451,position_gain_background,0.509805,1.8057,1.0,,,1.0,13.2431,3.2719634,2-50774-A-23.wav,breathing,esc50:50774,0.68072869
gunshot_gunfire__fsd50k__dev__233321__0120__r0__aug3.wav,gunshot_gunfire,FSD50K,233321,freesound:233321,gunshot_gunfire__fsd50k__dev__233321__0120__r0.wav,a9c8fb92517b6069125dd769143dbcc99e775491f7bfe0e2311fc836a3d8c9b5,96b4506954008955e5e3855fba12f999aa3bedacf74c0e944f6607af55ff7f0e,3,0.047415,44100,1.0,451,position_filter_background,0.373364,-2.8663,1.0,149.199,6725.541,1.0,10.5072,9.44247101,3-166125-A-23.wav,breathing,esc50:166125,0.65274371
gunshot_gunfire__fsd50k__dev__233321__0120__r0__aug4.wav,gunshot_gunfire,FSD50K,233321,freesound:233321,gunshot_gunfire__fsd50k__dev__233321__0120__r0.wav,a9c8fb92517b6069125dd769143dbcc99e775491f7bfe0e2311fc836a3d8c9b5,2ebadfbcffc94bd74ca1681756e0c797d0c43bb430c6f3a144b6985ef6a18d83,4,0.047415,44100,1.0,451,position_speed_gain,0.232384,-3.1404,0.978008,,,1.0,,,,,,1.0
gunshot_gunfire__fsd50k__dev__233321__0120__r0__aug5.wav,gunshot_gunfire,FSD50K,233321,freesound:233321,gunshot_gunfire__fsd50k__dev__233321__0120__r0.wav,a9c8fb92517b6069125dd769143dbcc99e775491f7bfe0e2311fc836a3d8c9b5,6db545aa31c90a98ad9ccf4b74f5655ad9e60e6571dfff306562ada4c4b44193,5,0.047415,44100,1.0,451,position_compression_background,0.299492,-11.6312,1.0,,,1.55776,24.589,8192.00325019,1-36393-A-23.wav,breathing,esc50:36393,1.0
gunshot_gunfire__fsd50k__dev__233322__0121__r0__aug0.wav,gunshot_gunfire,FSD50K,233322,freesound:233322,gunshot_gunfire__fsd50k__dev__233322__0121__r0.wav,f61ae707a19b1ef439ab86b696c8d34557f99ce0f881483f73b2af9068fc8c81,246b1d47dc2ab9c96f4907129d0d2d0b8be996502997ccd4ff11026f26f7a670,0,1.803424,44100,1.0,451,position_only,0.164392,0.0,1.0,,,1.0,,,,,,1.0
gunshot_gunfire__fsd50k__dev__233322__0121__r0__aug1.wav,gunshot_gunfire,FSD50K,233322,freesound:233322,gunshot_gunfire__fsd50k__dev__233322__0121__r0.wav,f61ae707a19b1ef439ab86b696c8d34557f99ce0f881483f73b2af9068fc8c81,07d9bd84098ea0092df0ed28dc8d9f4b87b0f618da1e96b02aad0ccac32209fb,1,1.803424,44100,1.0,451,position_gain,0.338362,-1.7415,1.0,,,1.0,,,,,,1.0
gunshot_gunfire__fsd50k__dev__233322__0121__r0__aug2.wav,gunshot_gunfire,FSD50K,233322,freesound:233322,gunshot_gunfire__fsd50k__dev__233322__0121__r0.wav,f61ae707a19b1ef439ab86b696c8d34557f99ce0f881483f73b2af9068fc8c81,312cb8fe67e73cb546bc833a4bf715fac145e812ac03b3b8f09ab9ffa642660b,2,1.803424,44100,1.0,451,position_gain_background,0.770307,0.1659,1.0,,,1.0,18.0062,0.08938381,3-151269-A-35.wav,washing_machine,esc50:151269,1.0
gunshot_gunfire__fsd50k__dev__233322__0121__r0__aug3.wav,gunshot_gunfire,FSD50K,233322,freesound:233322,gunshot_gunfire__fsd50k__dev__233322__0121__r0.wav,f61ae707a19b1ef439ab86b696c8d34557f99ce0f881483f73b2af9068fc8c81,8fd757c718200685dd5f20ef4d0fbca6db3747bc60e097994e3cec5ca777be6d,3,1.803424,44100,1.0,451,position_filter_background,0.157804,-4.5738,1.0,231.508,6168.941,1.0,10.5264,909.35585244,2-66205-A-23.wav,breathing,esc50:66205,1.0
gunshot_gunfire__fsd50k__dev__233322__0121__r0__aug4.wav,gunshot_gunfire,FSD50K,233322,freesound:233322,gunshot_gunfire__fsd50k__dev__233322__0121__r0.wav,f61ae707a19b1ef439ab86b696c8d34557f99ce0f881483f73b2af9068fc8c81,aa23a86369b7900ea6c34879f1cbb67c54c52e54ed275acfa9ee07779445aa9c,4,1.803424,44100,1.0,451,position_speed_gain,0.247056,-3.4617,0.964565,,,1.0,,,,,,1.0
gunshot_gunfire__fsd50k__dev__233322__0121__r0__aug5.wav,gunshot_gunfire,FSD50K,233322,freesound:233322,gunshot_gunfire__fsd50k__dev__233322__0121__r0.wav,f61ae707a19b1ef439ab86b696c8d34557f99ce0f881483f73b2af9068fc8c81,271165f0a47214fc801ec721ad0b66fb5c71f45e78482f85ceaa82b850a81b2d,5,1.803424,44100,1.0,451,position_compression_background,0.420843,-1.984,1.0,,,1.72259,19.886,0.0915841,2-132157-B-11.wav,sea_waves,esc50:132157,1.0
gunshot_gunfire__fsd50k__dev__233323__0122__r0__aug0.wav,gunshot_gunfire,FSD50K,233323,freesound:233323,gunshot_gunfire__fsd50k__dev__233323__0122__r0.wav,5ca8224558a062d035e86a13390b0334aa29ddd91b22274c0b12f92274f66f7a,e0ed6e3f94fda17b73b3cec98c5b0b53ff4b51d512dbdfe1748b04471f1eb769,0,1.050136,44100,1.0,451,position_only,0.555528,0.0,1.0,,,1.0,,,,,,0.89125094
gunshot_gunfire__fsd50k__dev__233323__0122__r0__aug1.wav,gunshot_gunfire,FSD50K,233323,freesound:233323,gunshot_gunfire__fsd50k__dev__233323__0122__r0.wav,5ca8224558a062d035e86a13390b0334aa29ddd91b22274c0b12f92274f66f7a,ead6746867f63e950385ab4f6d49a763d5017b1d67fbeb0951ad3ba4c2fda925,1,1.050136,44100,1.0,451,position_gain,0.524087,3.5847,1.0,,,1.0,,,,,,0.58987928
gunshot_gunfire__fsd50k__dev__233323__0122__r0__aug2.wav,gunshot_gunfire,FSD50K,233323,freesound:233323,gunshot_gunfire__fsd50k__dev__233323__0122__r0.wav,5ca8224558a062d035e86a13390b0334aa29ddd91b22274c0b12f92274f66f7a,bf39f598875d2ad9aebd90a184eb45159b067af549a1f7e5281d9a7250e4e6d3,2,1.050136,44100,1.0,451,position_gain_background,0.715429,3.4149,1.0,,,1.0,16.4911,14.67058839,2-88724-A-38.wav,clock_tick,esc50:88724,0.30300887
gunshot_gunfire__fsd50k__dev__233323__0122__r0__aug3.wav,gunshot_gunfire,FSD50K,233323,freesound:233323,gunshot_gunfire__fsd50k__dev__233323__0122__r0.wav,5ca8224558a062d035e86a13390b0334aa29ddd91b22274c0b12f92274f66f7a,d91a3a6228aa81a4871708ae57c2b06b1b52802e9143fb6264acc0ec95fb8666,3,1.050136,44100,1.0,451,position_filter_background,0.599532,-0.2556,1.0,86.252,6813.431,1.0,16.8463,1.3517664,1-21934-A-38.wav,clock_tick,esc50:21934,0.50006727
gunshot_gunfire__fsd50k__dev__233323__0122__r0__aug4.wav,gunshot_gunfire,FSD50K,233323,freesound:233323,gunshot_gunfire__fsd50k__dev__233323__0122__r0.wav,5ca8224558a062d035e86a13390b0334aa29ddd91b22274c0b12f92274f66f7a,9ce2106da2f65fec9449707d219a99620fc219bc0a949839809dbf3a600b8360,4,1.050136,44100,1.0,451,position_speed_gain,0.308142,3.3113,0.99998,,,1.0,,,,,,0.60874466
gunshot_gunfire__fsd50k__dev__233323__0122__r0__aug5.wav,gunshot_gunfire,FSD50K,233323,freesound:233323,gunshot_gunfire__fsd50k__dev__233323__0122__r0.wav,5ca8224558a062d035e86a13390b0334aa29ddd91b22274c0b12f92274f66f7a,c4c573c32c48b40be8caa3c2732ab900ce0aeb3f6e8562c633862f4b36373dbb,5,1.050136,44100,1.0,451,position_compression_background,0.470681,-3.1248,1.0,,,1.21993,22.0608,27622.37366248,1-36402-A-23.wav,breathing,esc50:36402,1.0
gunshot_gunfire__fsd50k__dev__234615__0123__r0__aug0.wav,gunshot_gunfire,FSD50K,234615,freesound:234615,gunshot_gunfire__fsd50k__dev__234615__0123__r0.wav,a67eac6fee4ee2fd075f7f61ae0120ac11ad4e770f4ae030e46f43c07d94825f,a6184258a858ee957ca02d2462de73c449dd79d82953c6eed09ec26237c16f9e,0,2.970771,44100,1.0,451,position_only,0.180657,0.0,1.0,,,1.0,,,,,,1.0
gunshot_gunfire__fsd50k__dev__234615__0123__r0__aug1.wav,gunshot_gunfire,FSD50K,234615,freesound:234615,gunshot_gunfire__fsd50k__dev__234615__0123__r0.wav,a67eac6fee4ee2fd075f7f61ae0120ac11ad4e770f4ae030e46f43c07d94825f,2d589b1eefa758c9a29c90c35199c714f46dfea2d94da89424c4f332629aa400,1,2.970771,44100,1.0,451,position_gain,0.296026,-3.9664,1.0,,,1.0,,,,,,1.0
gunshot_gunfire__fsd50k__dev__234615__0123__r0__aug2.wav,gunshot_gunfire,FSD50K,234615,freesound:234615,gunshot_gunfire__fsd50k__dev__234615__0123__r0.wav,a67eac6fee4ee2fd075f7f61ae0120ac11ad4e770f4ae030e46f43c07d94825f,6f869f22b5372e9f5bba0e40cc20bfe94392e87241ad04dc6db6079329526cc7,2,2.970771,44100,1.0,451,position_gain_background,0.352158,0.3082,1.0,,,1.0,16.3024,0.09190363,3-132830-A-32.wav,keyboard_typing,esc50:132830,1.0
gunshot_gunfire__fsd50k__dev__234615__0123__r0__aug3.wav,gunshot_gunfire,FSD50K,234615,freesound:234615,gunshot_gunfire__fsd50k__dev__234615__0123__r0.wav,a67eac6fee4ee2fd075f7f61ae0120ac11ad4e770f4ae030e46f43c07d94825f,4b149beeb0745d6d9feed31015614d4d0670622948b12e46c027045f3cb6dfd6,3,2.970771,44100,1.0,451,position_filter_background,0.274192,-11.3921,1.0,135.409,7030.131,1.0,10.1655,0.00274151,2-102568-A-35.wav,washing_machine,esc50:102568,1.0
gunshot_gunfire__fsd50k__dev__234615__0123__r0__aug4.wav,gunshot_gunfire,FSD50K,234615,freesound:234615,gunshot_gunfire__fsd50k__dev__234615__0123__r0.wav,a67eac6fee4ee2fd075f7f61ae0120ac11ad4e770f4ae030e46f43c07d94825f,df3b5aa8f78b211ecc45f2d80d367cadde447b547c04a9db87f225b2c29d1a71,4,2.970771,44100,1.0,451,position_speed_gain,0.717376,-8.6254,1.022007,,,1.0,,,,,,1.0
gunshot_gunfire__fsd50k__dev__234615__0123__r0__aug5.wav,gunshot_gunfire,FSD50K,234615,freesound:234615,gunshot_gunfire__fsd50k__dev__234615__0123__r0.wav,a67eac6fee4ee2fd075f7f61ae0120ac11ad4e770f4ae030e46f43c07d94825f,6db7cdde565636584b4af0ca5fe94d096036eabd7e1b8b59a35b493e200cec10,5,2.970771,44100,1.0,451,position_compression_background,0.51777,-1.1017,1.0,,,1.21417,19.383,0.04757935,3-125548-A-32.wav,keyboard_typing,esc50:125548,1.0
gunshot_gunfire__fsd50k__dev__234616__0124__r0__aug0.wav,gunshot_gunfire,FSD50K,234616,freesound:234616,gunshot_gunfire__fsd50k__dev__234616__0124__r0.wav,29d9f2421051cca0a9aa79826dbd83163651b0557f3cdddd46cc48dfdc5e4ebb,e70f2adddd9c2378031458a5723cf44ba856ab22f108a0833791fd4314260a26,0,3.783923,44100,1.0,451,position_only,0.498753,0.0,1.0,,,1.0,,,,,,1.0
gunshot_gunfire__fsd50k__dev__234616__0124__r0__aug1.wav,gunshot_gunfire,FSD50K,234616,freesound:234616,gunshot_gunfire__fsd50k__dev__234616__0124__r0.wav,29d9f2421051cca0a9aa79826dbd83163651b0557f3cdddd46cc48dfdc5e4ebb,f80c43d1bf0a6f39bfeefd5436c46517f12aba3bfac52879903154e43bf85231,1,3.783923,44100,1.0,451,position_gain,0.481272,-7.1029,1.0,,,1.0,,,,,,1.0
gunshot_gunfire__fsd50k__dev__234616__0124__r0__aug2.wav,gunshot_gunfire,FSD50K,234616,freesound:234616,gunshot_gunfire__fsd50k__dev__234616__0124__r0.wav,29d9f2421051cca0a9aa79826dbd83163651b0557f3cdddd46cc48dfdc5e4ebb,25564a1082d5e9feb33e1ec6e81b697e8717c2fd74868510faff5250f6716ee5,2,3.783923,44100,1.0,451,position_gain_background,0.378474,-0.9268,1.0,,,1.0,17.6225,0.01899833,1-94231-B-32.wav,keyboard_typing,esc50:94231,1.0
gunshot_gunfire__fsd50k__dev__234616__0124__r0__aug3.wav,gunshot_gunfire,FSD50K,234616,freesound:234616,gunshot_gunfire__fsd50k__dev__234616__0124__r0.wav,29d9f2421051cca0a9aa79826dbd83163651b0557f3cdddd46cc48dfdc5e4ebb,f32fed80af188424119266defe027303c6cb24e05bfc4ab172ef25b7708e016e,3,3.783923,44100,1.0,451,position_filter_background,0.314446,-7.5573,1.0,212.581,7126.676,1.0,21.5263,0.00021245,1-32373-B-35.wav,washing_machine,esc50:32373,1.0
gunshot_gunfire__fsd50k__dev__234616__0124__r0__aug4.wav,gunshot_gunfire,FSD50K,234616,freesound:234616,gunshot_gunfire__fsd50k__dev__234616__0124__r0.wav,29d9f2421051cca0a9aa79826dbd83163651b0557f3cdddd46cc48dfdc5e4ebb,270cd4e1ce61b4021d6991540c1c5e4ba1dcde6d686d912a73f195bf60cffc53,4,3.783923,44100,1.0,451,position_speed_gain,0.662403,3.8359,0.975287,,,1.0,,,,,,1.0
gunshot_gunfire__fsd50k__dev__234616__0124__r0__aug5.wav,gunshot_gunfire,FSD50K,234616,freesound:234616,gunshot_gunfire__fsd50k__dev__234616__0124__r0.wav,29d9f2421051cca0a9aa79826dbd83163651b0557f3cdddd46cc48dfdc5e4ebb,19cd00cddd382602d82c94eec6cfb89bbc0e73464feef7473ee24444fb732b00,5,3.783923,44100,1.0,451,position_compression_background,0.539072,-8.9499,1.0,,,1.52193,15.3867,99.1755336,2-50774-A-23.wav,breathing,esc50:50774,1.0
gunshot_gunfire__fsd50k__dev__234617__0125__r0__aug0.wav,gunshot_gunfire,FSD50K,234617,freesound:234617,gunshot_gunfire__fsd50k__dev__234617__0125__r0.wav,ec4d9c5e06c1b2ed38a1a5f63456bdf8156ec047006d26164da3f73a531c83a3,be4c6ea57899640f0c8a1e136efb594551e34e481201c1e9f74673f93e6cf1bd,0,3.45966,44100,1.0,451,position_only,0.283876,0.0,1.0,,,1.0,,,,,,1.0
gunshot_gunfire__fsd50k__dev__234617__0125__r0__aug1.wav,gunshot_gunfire,FSD50K,234617,freesound:234617,gunshot_gunfire__fsd50k__dev__234617__0125__r0.wav,ec4d9c5e06c1b2ed38a1a5f63456bdf8156ec047006d26164da3f73a531c83a3,8dd71d5674377127c047096375ce32b3ab6ea087620b9a9a95d92cda0242b405,1,3.45966,44100,1.0,451,position_gain,0.475598,2.9592,1.0,,,1.0,,,,,,1.0
gunshot_gunfire__fsd50k__dev__234617__0125__r0__aug2.wav,gunshot_gunfire,FSD50K,234617,freesound:234617,gunshot_gunfire__fsd50k__dev__234617__0125__r0.wav,ec4d9c5e06c1b2ed38a1a5f63456bdf8156ec047006d26164da3f73a531c83a3,dddd0251fa31fed00fb75da28f0a79a5901568dd4be90bccd3b25e586440588c,2,3.45966,44100,1.0,451,position_gain_background,0.401648,-6.6819,1.0,,,1.0,12.4735,0.00283403,1-42139-A-38.wav,clock_tick,esc50:42139,1.0
gunshot_gunfire__fsd50k__dev__234617__0125__r0__aug3.wav,gunshot_gunfire,FSD50K,234617,freesound:234617,gunshot_gunfire__fsd50k__dev__234617__0125__r0.wav,ec4d9c5e06c1b2ed38a1a5f63456bdf8156ec047006d26164da3f73a531c83a3,f289586e124e8f8314a2e6e132a17405868803ca19b3a4812306c095138d995a,3,3.45966,44100,1.0,451,position_filter_background,0.568133,-2.8674,1.0,170.135,6067.211,1.0,15.3528,0.00098196,2-102567-A-35.wav,washing_machine,esc50:102567,1.0
gunshot_gunfire__fsd50k__dev__234617__0125__r0__aug4.wav,gunshot_gunfire,FSD50K,234617,freesound:234617,gunshot_gunfire__fsd50k__dev__234617__0125__r0.wav,ec4d9c5e06c1b2ed38a1a5f63456bdf8156ec047006d26164da3f73a531c83a3,20258719849afeeda7d38b90e4d9239e6082bad58e70d6c771e78306ddfebfd6,4,3.45966,44100,1.0,451,position_speed_gain,0.569222,-0.1015,1.037584,,,1.0,,,,,,1.0
gunshot_gunfire__fsd50k__dev__234617__0125__r0__aug5.wav,gunshot_gunfire,FSD50K,234617,freesound:234617,gunshot_gunfire__fsd50k__dev__234617__0125__r0.wav,ec4d9c5e06c1b2ed38a1a5f63456bdf8156ec047006d26164da3f73a531c83a3,b8e5abef93847b3a6b7be1c16758456e18e324c710a7fb770acff5f71f07d292,5,3.45966,44100,1.0,451,position_compression_background,0.35509,-3.7726,1.0,,,1.44379,12.5933,0.0011504,1-32373-B-35.wav,washing_machine,esc50:32373,1.0
gunshot_gunfire__fsd50k__dev__234618__0126__r0__aug0.wav,gunshot_gunfire,FSD50K,234618,freesound:234618,gunshot_gunfire__fsd50k__dev__234618__0126__r0.wav,df8520aa53e0d95517869131bfa2bddd252a20251e8b024714e6b58c141e336c,ed1f9b9992339c69765215e92a0413e29a3bbec260fd132db97f9343527612c0,0,3.175306,44100,1.0,451,position_only,0.636058,0.0,1.0,,,1.0,,,,,,1.0
gunshot_gunfire__fsd50k__dev__234618__0126__r0__aug1.wav,gunshot_gunfire,FSD50K,234618,freesound:234618,gunshot_gunfire__fsd50k__dev__234618__0126__r0.wav,df8520aa53e0d95517869131bfa2bddd252a20251e8b024714e6b58c141e336c,8518fb5925a227edc5762703191bd8241cf694a1b766c19c4a602e8c6aa0ee9d,1,3.175306,44100,1.0,451,position_gain,0.597364,-5.1542,1.0,,,1.0,,,,,,1.0
gunshot_gunfire__fsd50k__dev__234618__0126__r0__aug2.wav,gunshot_gunfire,FSD50K,234618,freesound:234618,gunshot_gunfire__fsd50k__dev__234618__0126__r0.wav,df8520aa53e0d95517869131bfa2bddd252a20251e8b024714e6b58c141e336c,0ab2c0d2fb79e29b21eb3e2b323ef2fa2037bf26fb221e33626de4d98e69e4f5,2,3.175306,44100,1.0,451,position_gain_background,0.448734,-3.8691,1.0,,,1.0,14.4611,0.02269908,2-95567-A-23.wav,breathing,esc50:95567,1.0
gunshot_gunfire__fsd50k__dev__234618__0126__r0__aug3.wav,gunshot_gunfire,FSD50K,234618,freesound:234618,gunshot_gunfire__fsd50k__dev__234618__0126__r0.wav,df8520aa53e0d95517869131bfa2bddd252a20251e8b024714e6b58c141e336c,5d28cf35f48e61d28be1d1f33fa6f705507af5736e62644cae55b19113e20e3a,3,3.175306,44100,1.0,451,position_filter_background,0.750533,-2.7119,1.0,249.162,6285.854,1.0,20.5543,0.01191086,1-137-A-32.wav,keyboard_typing,esc50:137,1.0
gunshot_gunfire__fsd50k__dev__234618__0126__r0__aug4.wav,gunshot_gunfire,FSD50K,234618,freesound:234618,gunshot_gunfire__fsd50k__dev__234618__0126__r0.wav,df8520aa53e0d95517869131bfa2bddd252a20251e8b024714e6b58c141e336c,4dc8dc08d71ab49512163861f5d4dae5b8ac7e5271125fe86e9ae3b608d20470,4,3.175306,44100,1.0,451,position_speed_gain,0.414233,-11.5995,0.999681,,,1.0,,,,,,1.0
gunshot_gunfire__fsd50k__dev__234618__0126__r0__aug5.wav,gunshot_gunfire,FSD50K,234618,freesound:234618,gunshot_gunfire__fsd50k__dev__234618__0126__r0.wav,df8520aa53e0d95517869131bfa2bddd252a20251e8b024714e6b58c141e336c,b2a618072780fbd27d78bf62004a5bba281203a68ffabb8356b44d6e437e8291,5,3.175306,44100,1.0,451,position_compression_background,0.656571,2.1123,1.0,,,1.37722,19.6511,0.00104928,1-23996-B-35.wav,washing_machine,esc50:23996,1.0
gunshot_gunfire__fsd50k__dev__234619__0127__r0__aug0.wav,gunshot_gunfire,FSD50K,234619,freesound:234619,gunshot_gunfire__fsd50k__dev__234619__0127__r0.wav,ca45b86385396e23c09c64eece101ccf549687cb8059375c1a1cca0187c4f599,0c64ea176f389f896f1238979d65b7a0bf7f493f062528a2d879fbfd1e0a65aa,0,2.8261,44100,1.0,451,position_only,0.408226,0.0,1.0,,,1.0,,,,,,1.0
gunshot_gunfire__fsd50k__dev__234619__0127__r0__aug1.wav,gunshot_gunfire,FSD50K,234619,freesound:234619,gunshot_gunfire__fsd50k__dev__234619__0127__r0.wav,ca45b86385396e23c09c64eece101ccf549687cb8059375c1a1cca0187c4f599,233657965a0df4ae8f54f51c43e9afdcec74f9b72c87eb61a24590acfae1fd03,1,2.8261,44100,1.0,451,position_gain,0.483765,-2.1088,1.0,,,1.0,,,,,,1.0
gunshot_gunfire__fsd50k__dev__234619__0127__r0__aug2.wav,gunshot_gunfire,FSD50K,234619,freesound:234619,gunshot_gunfire__fsd50k__dev__234619__0127__r0.wav,ca45b86385396e23c09c64eece101ccf549687cb8059375c1a1cca0187c4f599,8e0c7b57ca62a22641cb541592a4ab17d2187f7d1846062c142768b59fe85823,2,2.8261,44100,1.0,451,position_gain_background,0.23239,3.8309,1.0,,,1.0,21.2621,0.00264567,2-102567-B-35.wav,washing_machine,esc50:102567,1.0
gunshot_gunfire__fsd50k__dev__234619__0127__r0__aug3.wav,gunshot_gunfire,FSD50K,234619,freesound:234619,gunshot_gunfire__fsd50k__dev__234619__0127__r0.wav,ca45b86385396e23c09c64eece101ccf549687cb8059375c1a1cca0187c4f599,958cac7e91dacff11ff1375cb173c70e012bc4f9b40098fff6240e5f3998f01b,3,2.8261,44100,1.0,451,position_filter_background,0.412326,1.3061,1.0,211.007,7045.223,1.0,19.4191,0.01012389,3-170377-A-38.wav,clock_tick,esc50:170377,1.0
gunshot_gunfire__fsd50k__dev__234619__0127__r0__aug4.wav,gunshot_gunfire,FSD50K,234619,freesound:234619,gunshot_gunfire__fsd50k__dev__234619__0127__r0.wav,ca45b86385396e23c09c64eece101ccf549687cb8059375c1a1cca0187c4f599,eb7b5cb774d1d9f3a196724a27003552beddd813194c9fdca06c7d2f6e6efe42,4,2.8261,44100,1.0,451,position_speed_gain,0.416277,2.7871,0.961725,,,1.0,,,,,,1.0
gunshot_gunfire__fsd50k__dev__234619__0127__r0__aug5.wav,gunshot_gunfire,FSD50K,234619,freesound:234619,gunshot_gunfire__fsd50k__dev__234619__0127__r0.wav,ca45b86385396e23c09c64eece101ccf549687cb8059375c1a1cca0187c4f599,74af494fdaa3330a508ca7c00c52eb18792c366742313fb904f43ba5c6149b3b,5,2.8261,44100,1.0,451,position_compression_background,0.492219,-11.9834,1.0,,,1.40601,10.8064,0.0052435,2-124662-A-11.wav,sea_waves,esc50:124662,1.0
gunshot_gunfire__fsd50k__dev__237273__0128__r0__aug0.wav,gunshot_gunfire,FSD50K,237273,freesound:237273,gunshot_gunfire__fsd50k__dev__237273__0128__r0.wav,06bb6ebe477a687815733c35654dd4bdeb65c644edea57f6b504e4dc1846c2ea,b78fa3d6bde4767b35d6d04dde70f87ed6dd0b4c6e37057ce2ff23d439a02e1f,0,3.988458,44100,1.0,451,position_only,0.574435,0.0,1.0,,,1.0,,,,,,0.89125094
gunshot_gunfire__fsd50k__dev__237273__0128__r0__aug1.wav,gunshot_gunfire,FSD50K,237273,freesound:237273,gunshot_gunfire__fsd50k__dev__237273__0128__r0.wav,06bb6ebe477a687815733c35654dd4bdeb65c644edea57f6b504e4dc1846c2ea,1e11865590f5dd0dafd2413c0ba46a4b2bbf050e5a66c07b46407ce428069ab9,1,3.988458,44100,1.0,451,position_gain,0.449619,1.2673,1.0,,,1.0,,,,,,0.77025525
gunshot_gunfire__fsd50k__dev__237273__0128__r0__aug2.wav,gunshot_gunfire,FSD50K,237273,freesound:237273,gunshot_gunfire__fsd50k__dev__237273__0128__r0.wav,06bb6ebe477a687815733c35654dd4bdeb65c644edea57f6b504e4dc1846c2ea,7b7389ada7bab3d8b091d366ff1873f48d87b9a5869ceda124d9b594030e95ab,2,3.988458,44100,1.0,451,position_gain_background,0.643352,2.6388,1.0,,,1.0,16.5921,28.37183654,2-127108-A-38.wav,clock_tick,esc50:127108,0.25871254
gunshot_gunfire__fsd50k__dev__237273__0128__r0__aug3.wav,gunshot_gunfire,FSD50K,237273,freesound:237273,gunshot_gunfire__fsd50k__dev__237273__0128__r0.wav,06bb6ebe477a687815733c35654dd4bdeb65c644edea57f6b504e4dc1846c2ea,881e6aa73043ca96506153b564b4d05101e3ff102c1c8bb0ff18fb70ccbd5c55,3,3.988458,44100,1.0,451,position_filter_background,0.435621,-0.4524,1.0,228.033,5528.379,1.0,24.3875,0.59072558,2-131943-A-38.wav,clock_tick,esc50:131943,0.63538413
gunshot_gunfire__fsd50k__dev__237273__0128__r0__aug4.wav,gunshot_gunfire,FSD50K,237273,freesound:237273,gunshot_gunfire__fsd50k__dev__237273__0128__r0.wav,06bb6ebe477a687815733c35654dd4bdeb65c644edea57f6b504e4dc1846c2ea,c95dece68d642c7340fe3940cec5eff88c06a13f130110e4dec56a9c7e757647,4,3.988458,44100,1.0,451,position_speed_gain,0.698761,-11.553,1.004777,,,1.0,,,,,,1.0
gunshot_gunfire__fsd50k__dev__237273__0128__r0__aug5.wav,gunshot_gunfire,FSD50K,237273,freesound:237273,gunshot_gunfire__fsd50k__dev__237273__0128__r0.wav,06bb6ebe477a687815733c35654dd4bdeb65c644edea57f6b504e4dc1846c2ea,8a0040f65795c31d9ccfb44c9790ac69206863518faccc12f11b6c96085fa717,5,3.988458,44100,1.0,451,position_compression_background,0.72594,-11.5495,1.0,,,1.4746,15.5105,1.61304822,2-135728-A-38.wav,clock_tick,esc50:135728,1.0
gunshot_gunfire__fsd50k__dev__238241__0129__r0__aug0.wav,gunshot_gunfire,FSD50K,238241,freesound:238241,gunshot_gunfire__fsd50k__dev__238241__0129__r0.wav,7f5e670d634a3625e302d22ac3d912ee6b4c9629d48b2213ee12afe037261e13,0430e7bc305eab0f20a7664dd11eecf2d27b1f4b632174c01c73f210a0d06a9d,0,1.030181,44100,1.0,451,position_only,0.287141,0.0,1.0,,,1.0,,,,,,0.89125094
gunshot_gunfire__fsd50k__dev__238241__0129__r0__aug1.wav,gunshot_gunfire,FSD50K,238241,freesound:238241,gunshot_gunfire__fsd50k__dev__238241__0129__r0.wav,7f5e670d634a3625e302d22ac3d912ee6b4c9629d48b2213ee12afe037261e13,6ba1bae3af4408130b5c28f282e7974b19abc10adaf8791e4a2bbc2c6fe4c21a,1,1.030181,44100,1.0,451,position_gain,0.708399,-11.928,1.0,,,1.0,,,,,,1.0
gunshot_gunfire__fsd50k__dev__238241__0129__r0__aug2.wav,gunshot_gunfire,FSD50K,238241,freesound:238241,gunshot_gunfire__fsd50k__dev__238241__0129__r0.wav,7f5e670d634a3625e302d22ac3d912ee6b4c9629d48b2213ee12afe037261e13,3fccf5e5d094b0e637511272472413b6c1533167cb19b40055a8884396dbe7b6,2,1.030181,44100,1.0,451,position_gain_background,0.496047,2.1229,1.0,,,1.0,23.7428,4.20795367,1-62849-A-38.wav,clock_tick,esc50:62849,0.53625263
gunshot_gunfire__fsd50k__dev__238241__0129__r0__aug3.wav,gunshot_gunfire,FSD50K,238241,freesound:238241,gunshot_gunfire__fsd50k__dev__238241__0129__r0.wav,7f5e670d634a3625e302d22ac3d912ee6b4c9629d48b2213ee12afe037261e13,b195754115c9c3c204f023dbb3f9aa333315612a6e1db5848c02a650145ddf37,3,1.030181,44100,1.0,451,position_filter_background,0.522162,-4.4225,1.0,195.229,6320.48,1.0,13.0779,3.46389188,3-166125-A-23.wav,breathing,esc50:166125,0.97599389
gunshot_gunfire__fsd50k__dev__238241__0129__r0__aug4.wav,gunshot_gunfire,FSD50K,238241,freesound:238241,gunshot_gunfire__fsd50k__dev__238241__0129__r0.wav,7f5e670d634a3625e302d22ac3d912ee6b4c9629d48b2213ee12afe037261e13,8702005bcf46588ccb3736c62316b4e88712d59b06f2c2c407a3d990e2b2d07b,4,1.030181,44100,1.0,451,position_speed_gain,0.321846,1.2995,0.971682,,,1.0,,,,,,0.51509228
gunshot_gunfire__fsd50k__dev__238241__0129__r0__aug5.wav,gunshot_gunfire,FSD50K,238241,freesound:238241,gunshot_gunfire__fsd50k__dev__238241__0129__r0.wav,7f5e670d634a3625e302d22ac3d912ee6b4c9629d48b2213ee12afe037261e13,e67b8a38dee1f3407b20682f98cde66eb4bc24edb8cf767d40435806a7f3ca26,5,1.030181,44100,1.0,451,position_compression_background,0.340014,-10.032,1.0,,,1.3245,24.2566,0.61712611,1-57163-A-38.wav,clock_tick,esc50:57163,1.0
gunshot_gunfire__fsd50k__dev__238242__0130__r0__aug0.wav,gunshot_gunfire,FSD50K,238242,freesound:238242,gunshot_gunfire__fsd50k__dev__238242__0130__r0.wav,9f12dc634151278135187de94f90448c6190cc23abcf686f5c758be58f341ad2,f3b21bbd5bd99868660a338fbebea0e5df5fb694f73368309cdcee61d866e6ec,0,1.219751,44100,1.0,451,position_only,0.556452,0.0,1.0,,,1.0,,,,,,0.89125094
gunshot_gunfire__fsd50k__dev__238242__0130__r0__aug1.wav,gunshot_gunfire,FSD50K,238242,freesound:238242,gunshot_gunfire__fsd50k__dev__238242__0130__r0.wav,9f12dc634151278135187de94f90448c6190cc23abcf686f5c758be58f341ad2,17ab4e7315cae7b95abf442b0491486bf304d9bc8375ff5f8834a9f1c67189a5,1,1.219751,44100,1.0,451,position_gain,0.165343,-5.4075,1.0,,,1.0,,,,,,1.0
gunshot_gunfire__fsd50k__dev__238242__0130__r0__aug2.wav,gunshot_gunfire,FSD50K,238242,freesound:238242,gunshot_gunfire__fsd50k__dev__238242__0130__r0.wav,9f12dc634151278135187de94f90448c6190cc23abcf686f5c758be58f341ad2,3cc2fa8d44b3160c3d8d676d216e7c3df16f8817f94ebf4fce148e46d516187e,2,1.219751,44100,1.0,451,position_gain_background,0.167449,-6.6666,1.0,,,1.0,21.4448,0.14912408,2-102852-A-11.wav,sea_waves,esc50:102852,1.0
gunshot_gunfire__fsd50k__dev__238242__0130__r0__aug3.wav,gunshot_gunfire,FSD50K,238242,freesound:238242,gunshot_gunfire__fsd50k__dev__238242__0130__r0.wav,9f12dc634151278135187de94f90448c6190cc23abcf686f5c758be58f341ad2,feba1a38865911f9df11f21aab01bb498cee59eec7004a776bcfce94bdf5d21d,3,1.219751,44100,1.0,451,position_filter_background,0.604621,4.1952,1.0,113.647,6296.334,1.0,20.4334,0.9245651,2-132157-B-11.wav,sea_waves,esc50:132157,0.43070812
gunshot_gunfire__fsd50k__dev__238242__0130__r0__aug4.wav,gunshot_gunfire,FSD50K,238242,freesound:238242,gunshot_gunfire__fsd50k__dev__238242__0130__r0.wav,9f12dc634151278135187de94f90448c6190cc23abcf686f5c758be58f341ad2,233ef831da726f1ae150266d3b5b9ca8816a049db937830af860387c7495982b,4,1.219751,44100,1.0,451,position_speed_gain,0.158466,0.2916,0.986333,,,1.0,,,,,,0.53331565
gunshot_gunfire__fsd50k__dev__238242__0130__r0__aug5.wav,gunshot_gunfire,FSD50K,238242,freesound:238242,gunshot_gunfire__fsd50k__dev__238242__0130__r0.wav,9f12dc634151278135187de94f90448c6190cc23abcf686f5c758be58f341ad2,280654313f98658899af5dda3b5dff6353b192dcc338242f9346a1a7baede53f,5,1.219751,44100,1.0,451,position_compression_background,0.758764,-5.8864,1.0,,,1.72968,21.2414,1.00916345,1-48413-A-38.wav,clock_tick,esc50:48413,1.0
gunshot_gunfire__fsd50k__dev__238243__0131__r0__aug0.wav,gunshot_gunfire,FSD50K,238243,freesound:238243,gunshot_gunfire__fsd50k__dev__238243__0131__r0.wav,3c691b1bf9109dcd7e97b76982f837ae904eddda8d4c325d31f8f2e093b9849a,87c3d7e6dcb02ba9f92bb13a41b293827dcd1a45407a2681cf4a57db8f12ff78,0,0.421565,44100,1.0,451,position_only,0.594884,0.0,1.0,,,1.0,,,,,,0.89125094
gunshot_gunfire__fsd50k__dev__238243__0131__r0__aug1.wav,gunshot_gunfire,FSD50K,238243,freesound:238243,gunshot_gunfire__fsd50k__dev__238243__0131__r0.wav,3c691b1bf9109dcd7e97b76982f837ae904eddda8d4c325d31f8f2e093b9849a,5046ad59db469a100890c906d876c0459bd75819737a35d40ed302d27f5b8c32,1,0.421565,44100,1.0,451,position_gain,0.766102,2.9743,1.0,,,1.0,,,,,,0.63282683
gunshot_gunfire__fsd50k__dev__238243__0131__r0__aug2.wav,gunshot_gunfire,FSD50K,238243,freesound:238243,gunshot_gunfire__fsd50k__dev__238243__0131__r0.wav,3c691b1bf9109dcd7e97b76982f837ae904eddda8d4c325d31f8f2e093b9849a,d797574784a8b64836fe6237633c5ee84922da55e4f552be49eb46678828a94c,2,0.421565,44100,1.0,451,position_gain_background,0.547777,-0.5254,1.0,,,1.0,22.0857,0.29586851,2-102852-A-11.wav,sea_waves,esc50:102852,0.87144061
gunshot_gunfire__fsd50k__dev__238243__0131__r0__aug3.wav,gunshot_gunfire,FSD50K,238243,freesound:238243,gunshot_gunfire__fsd50k__dev__238243__0131__r0.wav,3c691b1bf9109dcd7e97b76982f837ae904eddda8d4c325d31f8f2e093b9849a,a402289f28201e5ea7edb3823dcc11991c4d6ddeb02fccbe6d851ad7e774e3e8,3,0.421565,44100,1.0,451,position_filter_background,0.535338,-10.1115,1.0,255.414,7428.246,1.0,24.816,0.22304544,1-61212-A-32.wav,keyboard_typing,esc50:61212,1.0
gunshot_gunfire__fsd50k__dev__238243__0131__r0__aug4.wav,gunshot_gunfire,FSD50K,238243,freesound:238243,gunshot_gunfire__fsd50k__dev__238243__0131__r0.wav,3c691b1bf9109dcd7e97b76982f837ae904eddda8d4c325d31f8f2e093b9849a,ed455c3ee26805cdb0c4a5ec94523a2cd3334fda52d310c4730cba555b477ad9,4,0.421565,44100,1.0,451,position_speed_gain,0.751279,-0.9745,1.038268,,,1.0,,,,,,0.68463188
gunshot_gunfire__fsd50k__dev__238243__0131__r0__aug5.wav,gunshot_gunfire,FSD50K,238243,freesound:238243,gunshot_gunfire__fsd50k__dev__238243__0131__r0.wav,3c691b1bf9109dcd7e97b76982f837ae904eddda8d4c325d31f8f2e093b9849a,710181bd6da38eb580f5c1952a779e3f077e0b7e717f79ee49bd31e271f314ee,5,0.421565,44100,1.0,451,position_compression_background,0.191971,2.3085,1.0,,,1.54293,23.7218,1.77491078,2-104168-A-32.wav,keyboard_typing,esc50:104168,0.82978005
gunshot_gunfire__fsd50k__dev__238244__0132__r0__aug0.wav,gunshot_gunfire,FSD50K,238244,freesound:238244,gunshot_gunfire__fsd50k__dev__238244__0132__r0.wav,b90136ba7a5cdeef1778fd4fddf9f031d8671b582aef981456e81822b9f9a205,ba0713b4dd359995ee95f473b4eef5c8a8bba8020951635fdfed4a4bfa53ed53,0,1.983016,44100,1.0,451,position_only,0.367687,0.0,1.0,,,1.0,,,,,,0.89125094
gunshot_gunfire__fsd50k__dev__238244__0132__r0__aug1.wav,gunshot_gunfire,FSD50K,238244,freesound:238244,gunshot_gunfire__fsd50k__dev__238244__0132__r0.wav,b90136ba7a5cdeef1778fd4fddf9f031d8671b582aef981456e81822b9f9a205,dc4d4e41d4a6b800a52c6ff51b174f95af68d891e902c8a0513fec367d04cc23,1,1.983016,44100,1.0,451,position_gain,0.191066,-5.4198,1.0,,,1.0,,,,,,1.0
gunshot_gunfire__fsd50k__dev__238244__0132__r0__aug2.wav,gunshot_gunfire,FSD50K,238244,freesound:238244,gunshot_gunfire__fsd50k__dev__238244__0132__r0.wav,b90136ba7a5cdeef1778fd4fddf9f031d8671b582aef981456e81822b9f9a205,4efa92ee10f3a59d7eb3bb5221b72645ab80eb455fb525eec8166619d4ad511a,2,1.983016,44100,1.0,451,position_gain_background,0.209384,1.4123,1.0,,,1.0,12.4269,1.35423137,2-102567-B-35.wav,washing_machine,esc50:102567,0.64237644
gunshot_gunfire__fsd50k__dev__238244__0132__r0__aug3.wav,gunshot_gunfire,FSD50K,238244,freesound:238244,gunshot_gunfire__fsd50k__dev__238244__0132__r0.wav,b90136ba7a5cdeef1778fd4fddf9f031d8671b582aef981456e81822b9f9a205,5f19977dc3ffc28c4a92cc46f3a70ac671cbcfd906ac3c4d1d76303ed7ba1b9e,3,1.983016,44100,1.0,451,position_filter_background,0.455332,-7.0887,1.0,140.747,6599.053,1.0,23.9728,0.37561749,2-84965-A-23.wav,breathing,esc50:84965,1.0
gunshot_gunfire__fsd50k__dev__238244__0132__r0__aug4.wav,gunshot_gunfire,FSD50K,238244,freesound:238244,gunshot_gunfire__fsd50k__dev__238244__0132__r0.wav,b90136ba7a5cdeef1778fd4fddf9f031d8671b582aef981456e81822b9f9a205,0a4d19815abca1a6d404cce2133662a3381004d81f14c3152f8bd1280c75bbd2,4,1.983016,44100,1.0,451,position_speed_gain,0.527108,2.2865,0.99764,,,1.0,,,,,,0.40140605
gunshot_gunfire__fsd50k__dev__238244__0132__r0__aug5.wav,gunshot_gunfire,FSD50K,238244,freesound:238244,gunshot_gunfire__fsd50k__dev__238244__0132__r0.wav,b90136ba7a5cdeef1778fd4fddf9f031d8671b582aef981456e81822b9f9a205,6450e3a02cfd36ac96eff9e322aaafca90dc8255e2f91f01e33ad9ec64df7490,5,1.983016,44100,1.0,451,position_compression_background,0.618713,3.2221,1.0,,,1.74387,12.9386,11.60413858,3-166125-B-23.wav,breathing,esc50:166125,0.84069059
gunshot_gunfire__fsd50k__dev__238245__0133__r0__aug0.wav,gunshot_gunfire,FSD50K,238245,freesound:238245,gunshot_gunfire__fsd50k__dev__238245__0133__r0.wav,eda4d0cba1534eea9f2653ff9a7904e220dfcc5194d3dcd9bcfa7ad4a7e0cb6a,d0b387266efa8b904b49f08b84bc6bf8e34248673c4409101663a683ff21c693,0,0.685964,44100,1.0,451,position_only,0.58084,0.0,1.0,,,1.0,,,,,,0.89125094
gunshot_gunfire__fsd50k__dev__238245__0133__r0__aug1.wav,gunshot_gunfire,FSD50K,238245,freesound:238245,gunshot_gunfire__fsd50k__dev__238245__0133__r0.wav,eda4d0cba1534eea9f2653ff9a7904e220dfcc5194d3dcd9bcfa7ad4a7e0cb6a,e62f9dbdb4d7e9a0be922e296825401fc2886ecc9401e3eb6031a01a11b8fa38,1,0.685964,44100,1.0,451,position_gain,0.686076,-10.4277,1.0,,,1.0,,,,,,1.0
gunshot_gunfire__fsd50k__dev__238245__0133__r0__aug2.wav,gunshot_gunfire,FSD50K,238245,freesound:238245,gunshot_gunfire__fsd50k__dev__238245__0133__r0.wav,eda4d0cba1534eea9f2653ff9a7904e220dfcc5194d3dcd9bcfa7ad4a7e0cb6a,def336adbee2a0bbd1d8a820744ff79d8ee48dc6efdd4c687ac5507d202c36fb,2,0.685964,44100,1.0,451,position_gain_background,0.664456,-3.6158,1.0,,,1.0,24.9482,0.20734767,3-144106-A-32.wav,keyboard_typing,esc50:144106,1.0
gunshot_gunfire__fsd50k__dev__238245__0133__r0__aug3.wav,gunshot_gunfire,FSD50K,238245,freesound:238245,gunshot_gunfire__fsd50k__dev__238245__0133__r0.wav,eda4d0cba1534eea9f2653ff9a7904e220dfcc5194d3dcd9bcfa7ad4a7e0cb6a,929e497a957ddfcadd6a0980710744452c61d5dd88bbed8f3a8ed537000f6bb5,3,0.685964,44100,1.0,451,position_filter_background,0.646091,-8.7114,1.0,189.555,5754.1,1.0,19.9922,0.08213781,1-39901-A-11.wav,sea_waves,esc50:39901,1.0
gunshot_gunfire__fsd50k__dev__238245__0133__r0__aug4.wav,gunshot_gunfire,FSD50K,238245,freesound:238245,gunshot_gunfire__fsd50k__dev__238245__0133__r0.wav,eda4d0cba1534eea9f2653ff9a7904e220dfcc5194d3dcd9bcfa7ad4a7e0cb6a,3f7a5807c18d999e25c3f20d1eb8f7a2c347432c1c997557a1662367e37b48f4,4,0.685964,44100,1.0,451,position_speed_gain,0.763743,2.6529,0.974191,,,1.0,,,,,,0.40906199
gunshot_gunfire__fsd50k__dev__238245__0133__r0__aug5.wav,gunshot_gunfire,FSD50K,238245,freesound:238245,gunshot_gunfire__fsd50k__dev__238245__0133__r0.wav,eda4d0cba1534eea9f2653ff9a7904e220dfcc5194d3dcd9bcfa7ad4a7e0cb6a,3f39456ed6bc58f46e96a8eb6042359be298b1d022e05e7f68a8fa8ea584fb81,5,0.685964,44100,1.0,451,position_compression_background,0.202863,-4.4702,1.0,,,1.59394,22.0987,1.47417445,1-137-A-32.wav,keyboard_typing,esc50:137,0.94422274
gunshot_gunfire__fsd50k__dev__238246__0134__r0__aug0.wav,gunshot_gunfire,FSD50K,238246,freesound:238246,gunshot_gunfire__fsd50k__dev__238246__0134__r0.wav,c2fe41a07ca217fa98904e9078e002692496877985c35f127183df00122314d0,3627ee26d8156e1a01bb73f2b056fd8746bd31c6e9edadf3bd99c19f349de72e,0,1.11,44100,1.0,451,position_only,0.676922,0.0,1.0,,,1.0,,,,,,0.89125094
gunshot_gunfire__fsd50k__dev__238246__0134__r0__aug1.wav,gunshot_gunfire,FSD50K,238246,freesound:238246,gunshot_gunfire__fsd50k__dev__238246__0134__r0.wav,c2fe41a07ca217fa98904e9078e002692496877985c35f127183df00122314d0,6f15ac90ffdc1c72dfcfbf08b56f187ac5477736a57b1c26e2e2f63d8ca1674e,1,1.11,44100,1.0,451,position_gain,0.693676,4.0072,1.0,,,1.0,,,,,,0.56187221
gunshot_gunfire__fsd50k__dev__238246__0134__r0__aug2.wav,gunshot_gunfire,FSD50K,238246,freesound:238246,gunshot_gunfire__fsd50k__dev__238246__0134__r0.wav,c2fe41a07ca217fa98904e9078e002692496877985c35f127183df00122314d0,2f9b65d54b4c99ec3b620c3912a4c5ac57b84787edb19f5d91dfca4f05f18339,2,1.11,44100,1.0,451,position_gain_background,0.493662,-9.6918,1.0,,,1.0,19.2304,0.23459943,2-125966-A-11.wav,sea_waves,esc50:125966,1.0
gunshot_gunfire__fsd50k__dev__238246__0134__r0__aug3.wav,gunshot_gunfire,FSD50K,238246,freesound:238246,gunshot_gunfire__fsd50k__dev__238246__0134__r0.wav,c2fe41a07ca217fa98904e9078e002692496877985c35f127183df00122314d0,d4989ae5afe6adcb18822de91c87a59f79f5f3ca63a9b06bff90df85517420c5,3,1.11,44100,1.0,451,position_filter_background,0.156162,3.0771,1.0,145.36,7418.807,1.0,18.09,0.25401139,2-137162-A-11.wav,sea_waves,esc50:137162,0.48105642
gunshot_gunfire__fsd50k__dev__238246__0134__r0__aug4.wav,gunshot_gunfire,FSD50K,238246,freesound:238246,gunshot_gunfire__fsd50k__dev__238246__0134__r0.wav,c2fe41a07ca217fa98904e9078e002692496877985c35f127183df00122314d0,bafa67e3135eae2dd8aea563c9f6d8522d4f2b059f01852efb90e26703f63a2c,4,1.11,44100,1.0,451,position_speed_gain,0.738663,1.5345,1.003392,,,1.0,,,,,,0.48783668
gunshot_gunfire__fsd50k__dev__238246__0134__r0__aug5.wav,gunshot_gunfire,FSD50K,238246,freesound:238246,gunshot_gunfire__fsd50k__dev__238246__0134__r0.wav,c2fe41a07ca217fa98904e9078e002692496877985c35f127183df00122314d0,894bd0e1ada5d5744b32b72348b68b0823b5e405078f71826ef8ad2713cb3df5,5,1.11,44100,1.0,451,position_compression_background,0.774573,-8.9106,1.0,,,1.39477,22.9035,0.43454902,1-21935-A-38.wav,clock_tick,esc50:21935,1.0
gunshot_gunfire__fsd50k__dev__238247__0135__r0__aug0.wav,gunshot_gunfire,FSD50K,238247,freesound:238247,gunshot_gunfire__fsd50k__dev__238247__0135__r0.wav,ee99c947ebcb426ff2ee819678774d881bc811f8e20d38772154e00136b6833b,c89ca8207e2a05a7c1b13fbd69a5bdb0e8b84a5ceddca3d7df9d106919d8ab55,0,0.880522,44100,1.0,451,position_only,0.620583,0.0,1.0,,,1.0,,,,,,0.89125094
gunshot_gunfire__fsd50k__dev__238247__0135__r0__aug1.wav,gunshot_gunfire,FSD50K,238247,freesound:238247,gunshot_gunfire__fsd50k__dev__238247__0135__r0.wav,ee99c947ebcb426ff2ee819678774d881bc811f8e20d38772154e00136b6833b,90bf3703df93e8336cbb631265ef0ff167c28c6bebf3f18a00db99bfc3906046,1,0.880522,44100,1.0,451,position_gain,0.790979,-1.5095,1.0,,,1.0,,,,,,1.0
gunshot_gunfire__fsd50k__dev__238247__0135__r0__aug2.wav,gunshot_gunfire,FSD50K,238247,freesound:238247,gunshot_gunfire__fsd50k__dev__238247__0135__r0.wav,ee99c947ebcb426ff2ee819678774d881bc811f8e20d38772154e00136b6833b,d3cbec8018e7cff73fa84d67493a13ff0b3c8aab1d91002f0e6f72f1c86b32cf,2,0.880522,44100,1.0,451,position_gain_background,0.150993,-8.1612,1.0,,,1.0,14.4165,2.50745153,1-62849-A-38.wav,clock_tick,esc50:62849,1.0
gunshot_gunfire__fsd50k__dev__238247__0135__r0__aug3.wav,gunshot_gunfire,FSD50K,238247,freesound:238247,gunshot_gunfire__fsd50k__dev__238247__0135__r0.wav,ee99c947ebcb426ff2ee819678774d881bc811f8e20d38772154e00136b6833b,3c6a5bf730f89069645b6a5ba0dfd89262a058d4b08b63499f55a47e018143c8,3,0.880522,44100,1.0,451,position_filter_background,0.249317,1.7513,1.0,222.596,5824.352,1.0,23.409,0.3951016,1-84393-A-32.wav,keyboard_typing,esc50:84393,0.57372163
gunshot_gunfire__fsd50k__dev__238247__0135__r0__aug4.wav,gunshot_gunfire,FSD50K,238247,freesound:238247,gunshot_gunfire__fsd50k__dev__238247__0135__r0.wav,ee99c947ebcb426ff2ee819678774d881bc811f8e20d38772154e00136b6833b,239d15361468c2ec64619ae9121312dd74c4c236612b000edc62436a80db080a,4,0.880522,44100,1.0,451,position_speed_gain,0.532297,1.1861,0.977901,,,1.0,,,,,,0.50555624
gunshot_gunfire__fsd50k__dev__238247__0135__r0__aug5.wav,gunshot_gunfire,FSD50K,238247,freesound:238247,gunshot_gunfire__fsd50k__dev__238247__0135__r0.wav,ee99c947ebcb426ff2ee819678774d881bc811f8e20d38772154e00136b6833b,385aa06b2b0c5af22ab367241ffa5257a4316d4daf970b2b362c76cd64fb855f,5,0.880522,44100,1.0,451,position_compression_background,0.640505,-5.2926,1.0,,,1.46603,23.683,0.07971873,3-182710-A-35.wav,washing_machine,esc50:182710,1.0
gunshot_gunfire__fsd50k__dev__238675__0136__r0__aug0.wav,gunshot_gunfire,FSD50K,238675,freesound:238675,gunshot_gunfire__fsd50k__dev__238675__0136__r0.wav,7d6a516ac05dd600234cfed432add6613ad7aa7456bb79f2b10a49359a373524,73dbd5a903d3470d1f76cb8fc2aed0ce7d4b6305192006ed43851bda1fc77a0f,0,1.269637,44100,1.0,451,position_only,0.365168,0.0,1.0,,,1.0,,,,,,0.89127814
gunshot_gunfire__fsd50k__dev__238675__0136__r0__aug1.wav,gunshot_gunfire,FSD50K,238675,freesound:238675,gunshot_gunfire__fsd50k__dev__238675__0136__r0.wav,7d6a516ac05dd600234cfed432add6613ad7aa7456bb79f2b10a49359a373524,5bf8f33533a660e22462be24b32529ce3a9f6af6becb2fe0e82115ed32ad44d4,1,1.269637,44100,1.0,451,position_gain,0.18481,-1.0858,1.0,,,1.0,,,,,,1.0
gunshot_gunfire__fsd50k__dev__238675__0136__r0__aug2.wav,gunshot_gunfire,FSD50K,238675,freesound:238675,gunshot_gunfire__fsd50k__dev__238675__0136__r0.wav,7d6a516ac05dd600234cfed432add6613ad7aa7456bb79f2b10a49359a373524,ebe8b039b3215cf05590f818679a04d89ff913d2462c00cb8fbffac20518292b,2,1.269637,44100,1.0,451,position_gain_background,0.372728,-8.9292,1.0,,,1.0,15.4073,0.04128255,2-155801-A-11.wav,sea_waves,esc50:155801,1.0
gunshot_gunfire__fsd50k__dev__238675__0136__r0__aug3.wav,gunshot_gunfire,FSD50K,238675,freesound:238675,gunshot_gunfire__fsd50k__dev__238675__0136__r0.wav,7d6a516ac05dd600234cfed432add6613ad7aa7456bb79f2b10a49359a373524,3dd8ab0769b8d5a3dc21c758f555bc6930f68430c85b30af91f54af29f21d791,3,1.269637,44100,1.0,451,position_filter_background,0.311757,-2.7075,1.0,150.169,5551.972,1.0,19.8973,0.02499601,3-151273-A-35.wav,washing_machine,esc50:151273,1.0
gunshot_gunfire__fsd50k__dev__238675__0136__r0__aug4.wav,gunshot_gunfire,FSD50K,238675,freesound:238675,gunshot_gunfire__fsd50k__dev__238675__0136__r0.wav,7d6a516ac05dd600234cfed432add6613ad7aa7456bb79f2b10a49359a373524,eeba8e476a426be2a6b2b3d1b82d3f52ee1ab14c06956df2be47064200bf5201,4,1.269637,44100,1.0,451,position_speed_gain,0.625845,-8.6405,1.013585,,,1.0,,,,,,1.0
gunshot_gunfire__fsd50k__dev__238675__0136__r0__aug5.wav,gunshot_gunfire,FSD50K,238675,freesound:238675,gunshot_gunfire__fsd50k__dev__238675__0136__r0.wav,7d6a516ac05dd600234cfed432add6613ad7aa7456bb79f2b10a49359a373524,405f90f06992753a26618a8a09e9cf489b8eccf5e4df86b14905e40883db843f,5,1.269637,44100,1.0,451,position_compression_background,0.715996,-5.4895,1.0,,,1.40491,24.5103,0.78360027,2-54961-A-23.wav,breathing,esc50:54961,1.0
gunshot_gunfire__fsd50k__dev__238676__0137__r0__aug0.wav,gunshot_gunfire,FSD50K,238676,freesound:238676,gunshot_gunfire__fsd50k__dev__238676__0137__r0.wav,e0c235e7ec19205c6d630cc0a6788411fde41d246de2589fc558ad387953fa46,ed984be1486453b637056b2d2b75c0c512fa40b20a1b9dbd3a5087f617f24ad8,0,0.167143,44100,1.0,451,position_only,0.260591,0.0,1.0,,,1.0,,,,,,0.89125094
gunshot_gunfire__fsd50k__dev__238676__0137__r0__aug1.wav,gunshot_gunfire,FSD50K,238676,freesound:238676,gunshot_gunfire__fsd50k__dev__238676__0137__r0.wav,e0c235e7ec19205c6d630cc0a6788411fde41d246de2589fc558ad387953fa46,4527463bb5daa17c74944e4623f9251a72e25ccc72dbcfd9855505b98b4be695,1,0.167143,44100,1.0,451,position_gain,0.418692,-3.275,1.0,,,1.0,,,,,,1.0
gunshot_gunfire__fsd50k__dev__238676__0137__r0__aug2.wav,gunshot_gunfire,FSD50K,238676,freesound:238676,gunshot_gunfire__fsd50k__dev__238676__0137__r0.wav,e0c235e7ec19205c6d630cc0a6788411fde41d246de2589fc558ad387953fa46,91b2954ff55644f1d3c37d3710b38cfddd3d343faf9ec6cc4a171ae676cd4bb6,2,0.167143,44100,1.0,451,position_gain_background,0.26688,-9.5899,1.0,,,1.0,10.2691,0.34964938,2-102852-A-11.wav,sea_waves,esc50:102852,1.0
gunshot_gunfire__fsd50k__dev__238676__0137__r0__aug3.wav,gunshot_gunfire,FSD50K,238676,freesound:238676,gunshot_gunfire__fsd50k__dev__238676__0137__r0.wav,e0c235e7ec19205c6d630cc0a6788411fde41d246de2589fc558ad387953fa46,fc0678bd15fe65bbe74b2d02c73a3c687218c2f5d1cdedb324519ceaa284e2f9,3,0.167143,44100,1.0,451,position_filter_background,0.422578,4.3208,1.0,250.486,6481.503,1.0,21.0435,1.59257557,3-155570-A-32.wav,keyboard_typing,esc50:155570,0.3406226
gunshot_gunfire__fsd50k__dev__238676__0137__r0__aug4.wav,gunshot_gunfire,FSD50K,238676,freesound:238676,gunshot_gunfire__fsd50k__dev__238676__0137__r0.wav,e0c235e7ec19205c6d630cc0a6788411fde41d246de2589fc558ad387953fa46,4fd596e37966753c5bb0b6e5cef022f12718f28d331556807ab75b5dcf432c2a,4,0.167143,44100,1.0,451,position_speed_gain,0.74976,-10.5341,1.005009,,,1.0,,,,,,1.0
gunshot_gunfire__fsd50k__dev__238676__0137__r0__aug5.wav,gunshot_gunfire,FSD50K,238676,freesound:238676,gunshot_gunfire__fsd50k__dev__238676__0137__r0.wav,e0c235e7ec19205c6d630cc0a6788411fde41d246de2589fc558ad387953fa46,4ed4665c17bcd1b0920bf9153c919fc98a14cf9fd7276a78dea84cf555033966,5,0.167143,44100,1.0,451,position_compression_background,0.628513,-4.8163,1.0,,,1.44392,21.6168,0.06336115,2-102567-A-35.wav,washing_machine,esc50:102567,1.0
gunshot_gunfire__fsd50k__dev__238677__0138__r0__aug0.wav,gunshot_gunfire,FSD50K,238677,freesound:238677,gunshot_gunfire__fsd50k__dev__238677__0138__r0.wav,99299a7db8be530d666a838c650eb217883a71caf07e50b4636f6503b297ff0f,4ffb1d5deb6934519ac185a83117cff9224218946a814ddf4a5f5e4eceef5397,0,1.858299,44100,1.0,451,position_only,0.202745,0.0,1.0,,,1.0,,,,,,0.89127814
gunshot_gunfire__fsd50k__dev__238677__0138__r0__aug1.wav,gunshot_gunfire,FSD50K,238677,freesound:238677,gunshot_gunfire__fsd50k__dev__238677__0138__r0.wav,99299a7db8be530d666a838c650eb217883a71caf07e50b4636f6503b297ff0f,449b39081782a0242ef15fb57be1018c2c47dfa6b5647a152db72322d55f41d9,1,1.858299,44100,1.0,451,position_gain,0.515994,0.7896,1.0,,,1.0,,,,,,0.81383244
gunshot_gunfire__fsd50k__dev__238677__0138__r0__aug2.wav,gunshot_gunfire,FSD50K,238677,freesound:238677,gunshot_gunfire__fsd50k__dev__238677__0138__r0.wav,99299a7db8be530d666a838c650eb217883a71caf07e50b4636f6503b297ff0f,1f3bf6afc8f8bcb4ac75ae6541accff5a8ff763d9bc145a0cd41570d4944c246,2,1.858299,44100,1.0,451,position_gain_background,0.527996,-2.5432,1.0,,,1.0,22.6569,0.42995916,3-144106-A-32.wav,keyboard_typing,esc50:144106,1.0
gunshot_gunfire__fsd50k__dev__238677__0138__r0__aug3.wav,gunshot_gunfire,FSD50K,238677,freesound:238677,gunshot_gunfire__fsd50k__dev__238677__0138__r0.wav,99299a7db8be530d666a838c650eb217883a71caf07e50b4636f6503b297ff0f,80059790835d70b0d8aa5e5b4de5cc33e48da72c35533f607b4a36532b69efc7,3,1.858299,44100,1.0,451,position_filter_background,0.377738,-3.7472,1.0,134.999,7740.599,1.0,11.0115,35575.83543085,2-54961-A-23.wav,breathing,esc50:54961,0.76676857
gunshot_gunfire__fsd50k__dev__238677__0138__r0__aug4.wav,gunshot_gunfire,FSD50K,238677,freesound:238677,gunshot_gunfire__fsd50k__dev__238677__0138__r0.wav,99299a7db8be530d666a838c650eb217883a71caf07e50b4636f6503b297ff0f,aac70f55460e9ce125b90f3ca03a227b3f238ceed668e1690b5755475c39de45,4,1.858299,44100,1.0,451,position_speed_gain,0.663742,2.4666,1.006888,,,1.0,,,,,,0.55061935
gunshot_gunfire__fsd50k__dev__238677__0138__r0__aug5.wav,gunshot_gunfire,FSD50K,238677,freesound:238677,gunshot_gunfire__fsd50k__dev__238677__0138__r0.wav,99299a7db8be530d666a838c650eb217883a71caf07e50b4636f6503b297ff0f,7603da3c01c37b2871d41fc8503ae250b400190414e74de987126a13fef5d354,5,1.858299,44100,1.0,451,position_compression_background,0.50098,4.465,1.0,,,1.47893,22.3626,0.29121818,3-155642-A-11.wav,sea_waves,esc50:155642,0.81124856
gunshot_gunfire__fsd50k__dev__239137__0139__r0__aug0.wav,gunshot_gunfire,FSD50K,239137,freesound:239137,gunshot_gunfire__fsd50k__dev__239137__0139__r0.wav,259ad471939f6c5f993e2ea14c6279118abe0fd480ebd1126bdf4bf936685d3b,43d7f2035351e1e9efa12ad355a7f057e6bd75f76c57df1cf1e9c1813fdf7510,0,3.080522,44100,1.0,451,position_only,0.193866,0.0,1.0,,,1.0,,,,,,0.89125094
gunshot_gunfire__fsd50k__dev__239137__0139__r0__aug1.wav,gunshot_gunfire,FSD50K,239137,freesound:239137,gunshot_gunfire__fsd50k__dev__239137__0139__r0.wav,259ad471939f6c5f993e2ea14c6279118abe0fd480ebd1126bdf4bf936685d3b,9e997f7af3ffa51cbbb3136651a2d36ec535a23e5bd2bbf870e807fc63730d5e,1,3.080522,44100,1.0,451,position_gain,0.530404,-1.7503,1.0,,,1.0,,,,,,1.0
gunshot_gunfire__fsd50k__dev__239137__0139__r0__aug2.wav,gunshot_gunfire,FSD50K,239137,freesound:239137,gunshot_gunfire__fsd50k__dev__239137__0139__r0.wav,259ad471939f6c5f993e2ea14c6279118abe0fd480ebd1126bdf4bf936685d3b,1ec418f99e883dd7bb08033e06e1c8c476644754b3776ff446f15682c3f065dd,2,3.080522,44100,1.0,451,position_gain_background,0.729615,-2.6135,1.0,,,1.0,13.6451,37948.79784947,1-36400-A-23.wav,breathing,esc50:36400,1.0
gunshot_gunfire__fsd50k__dev__239137__0139__r0__aug3.wav,gunshot_gunfire,FSD50K,239137,freesound:239137,gunshot_gunfire__fsd50k__dev__239137__0139__r0.wav,259ad471939f6c5f993e2ea14c6279118abe0fd480ebd1126bdf4bf936685d3b,7abd0a8e52cb1ade086ee5be0e9256e34f87200bd68d2273e4f4af51b0b28882,3,3.080522,44100,1.0,451,position_filter_background,0.227422,-7.9609,1.0,143.952,6475.973,1.0,19.2855,9798.95676991,2-98392-A-23.wav,breathing,esc50:98392,1.0
gunshot_gunfire__fsd50k__dev__239137__0139__r0__aug4.wav,gunshot_gunfire,FSD50K,239137,freesound:239137,gunshot_gunfire__fsd50k__dev__239137__0139__r0.wav,259ad471939f6c5f993e2ea14c6279118abe0fd480ebd1126bdf4bf936685d3b,2eda0b2aba66e46ac067ce4a0f46012b5825cda8790bf3bd528c3a932f2fa160,4,3.080522,44100,1.0,451,position_speed_gain,0.62133,-5.6102,0.980481,,,1.0,,,,,,1.0
gunshot_gunfire__fsd50k__dev__239137__0139__r0__aug5.wav,gunshot_gunfire,FSD50K,239137,freesound:239137,gunshot_gunfire__fsd50k__dev__239137__0139__r0.wav,259ad471939f6c5f993e2ea14c6279118abe0fd480ebd1126bdf4bf936685d3b,24dfd37e76f947c4e0b855c1180df5754194a7438ee560b753c432c55acefe85,5,3.080522,44100,1.0,451,position_compression_background,0.437169,3.1891,1.0,,,1.42432,24.1553,0.26820929,2-102852-A-11.wav,sea_waves,esc50:102852,0.81433
gunshot_gunfire__fsd50k__dev__239138__0140__r0__aug0.wav,gunshot_gunfire,FSD50K,239138,freesound:239138,gunshot_gunfire__fsd50k__dev__239138__0140__r0.wav,609444f56e81e86fc1097cc3c41baf2c67c2b2cb61b89d5205a02ec5638d7cd2,b43760dbd5ffe43316d945f49f613ee3029345c59fffae82cf10015170e77c90,0,0.271905,44100,1.0,451,position_only,0.776098,0.0,1.0,,,1.0,,,,,,0.89125094
gunshot_gunfire__fsd50k__dev__239138__0140__r0__aug1.wav,gunshot_gunfire,FSD50K,239138,freesound:239138,gunshot_gunfire__fsd50k__dev__239138__0140__r0.wav,609444f56e81e86fc1097cc3c41baf2c67c2b2cb61b89d5205a02ec5638d7cd2,bf09a39b87669c2004551447c49b37acd949c4a90341afadf5ea8b42ef9d489a,1,0.271905,44100,1.0,451,position_gain,0.404786,-4.0845,1.0,,,1.0,,,,,,1.0
gunshot_gunfire__fsd50k__dev__239138__0140__r0__aug2.wav,gunshot_gunfire,FSD50K,239138,freesound:239138,gunshot_gunfire__fsd50k__dev__239138__0140__r0.wav,609444f56e81e86fc1097cc3c41baf2c67c2b2cb61b89d5205a02ec5638d7cd2,47463dc6263dd8d41aa240290cb483821f0208b8ad1086ab0561fa53bc804aec,2,0.271905,44100,1.0,451,position_gain_background,0.228918,-7.4682,1.0,,,1.0,21.8032,0.10535562,1-39901-B-11.wav,sea_waves,esc50:39901,1.0
gunshot_gunfire__fsd50k__dev__239138__0140__r0__aug3.wav,gunshot_gunfire,FSD50K,239138,freesound:239138,gunshot_gunfire__fsd50k__dev__239138__0140__r0.wav,609444f56e81e86fc1097cc3c41baf2c67c2b2cb61b89d5205a02ec5638d7cd2,95157454079abf4f0f025125d2a7db03220f85d56905e7fac2369971477fc9fa,3,0.271905,44100,1.0,451,position_filter_background,0.327517,-3.2179,1.0,160.049,6569.624,1.0,19.3161,0.30141802,2-82455-A-23.wav,breathing,esc50:82455,0.65923502
gunshot_gunfire__fsd50k__dev__239138__0140__r0__aug4.wav,gunshot_gunfire,FSD50K,239138,freesound:239138,gunshot_gunfire__fsd50k__dev__239138__0140__r0.wav,609444f56e81e86fc1097cc3c41baf2c67c2b2cb61b89d5205a02ec5638d7cd2,f0925ef22ba84c4c1aa47147c0e24e6a044b478082a818d001cef97922e2bfd0,4,0.271905,44100,1.0,451,position_speed_gain,0.411161,-3.2176,1.034379,,,1.0,,,,,,1.0
gunshot_gunfire__fsd50k__dev__239138__0140__r0__aug5.wav,gunshot_gunfire,FSD50K,239138,freesound:239138,gunshot_gunfire__fsd50k__dev__239138__0140__r0.wav,609444f56e81e86fc1097cc3c41baf2c67c2b2cb61b89d5205a02ec5638d7cd2,24b6b53ea857457c8e405f5ff48c9c2eacf798fd64372a4d11f35b591af94322,5,0.271905,44100,1.0,451,position_compression_background,0.32411,-6.9869,1.0,,,1.41772,10.8464,59.75102242,3-166125-B-23.wav,breathing,esc50:166125,0.84040208
gunshot_gunfire__fsd50k__dev__245602__0141__r0__aug0.wav,gunshot_gunfire,FSD50K,245602,freesound:245602,gunshot_gunfire__fsd50k__dev__245602__0141__r0.wav,9e7610a4743610ce3435bf2609fc880ee4c10eccad876d213332d9cc2045d15d,907742adb0bed650221bcc8453a9654055d7f4276fe9d96216303caa3f1e8284,0,5.011134,44100,1.0,451,position_only,0.514597,0.0,1.0,,,1.0,,,,,,1.0
gunshot_gunfire__fsd50k__dev__245602__0141__r0__aug1.wav,gunshot_gunfire,FSD50K,245602,freesound:245602,gunshot_gunfire__fsd50k__dev__245602__0141__r0.wav,9e7610a4743610ce3435bf2609fc880ee4c10eccad876d213332d9cc2045d15d,3bad7905ff8a6c371a3a43339553f9cc8fcee389bef404ff8408e2fb536dace1,1,5.011134,44100,1.0,451,position_gain,0.208995,-8.2011,1.0,,,1.0,,,,,,1.0
gunshot_gunfire__fsd50k__dev__245602__0141__r0__aug2.wav,gunshot_gunfire,FSD50K,245602,freesound:245602,gunshot_gunfire__fsd50k__dev__245602__0141__r0.wav,9e7610a4743610ce3435bf2609fc880ee4c10eccad876d213332d9cc2045d15d,e03624c4884e9b88042d333585341ff467ddfff44525929157e0f2bca36faa07,2,5.011134,44100,1.0,451,position_gain_background,0.415379,1.5397,1.0,,,1.0,21.2509,0.06907292,1-30709-A-23.wav,breathing,esc50:30709,0.91323843
gunshot_gunfire__fsd50k__dev__245602__0141__r0__aug3.wav,gunshot_gunfire,FSD50K,245602,freesound:245602,gunshot_gunfire__fsd50k__dev__245602__0141__r0.wav,9e7610a4743610ce3435bf2609fc880ee4c10eccad876d213332d9cc2045d15d,84cc86eda9b56e533d4b411cc6955c2a04319e06ad082d9f8baaad52d4c79847,3,5.011134,44100,1.0,451,position_filter_background,0.186634,-6.3,1.0,162.795,5712.474,1.0,22.5165,0.01286981,1-61252-A-11.wav,sea_waves,esc50:61252,1.0
gunshot_gunfire__fsd50k__dev__245602__0141__r0__aug4.wav,gunshot_gunfire,FSD50K,245602,freesound:245602,gunshot_gunfire__fsd50k__dev__245602__0141__r0.wav,9e7610a4743610ce3435bf2609fc880ee4c10eccad876d213332d9cc2045d15d,136b653570b4199af5d1eb48b4f67ccf5cf01927cd6d5c16d0b0b26cb8635931,4,5.011134,44100,1.0,451,position_speed_gain,0.229772,1.0019,0.980779,,,1.0,,,,,,0.97539613
gunshot_gunfire__fsd50k__dev__245602__0141__r0__aug5.wav,gunshot_gunfire,FSD50K,245602,freesound:245602,gunshot_gunfire__fsd50k__dev__245602__0141__r0.wav,9e7610a4743610ce3435bf2609fc880ee4c10eccad876d213332d9cc2045d15d,10e227fc4de30d1f94f925225cbb853ef5a09036a5991a1db254b1a9e003a994,5,5.011134,44100,1.0,451,position_compression_background,0.237456,-8.7682,1.0,,,1.54888,10.6408,0.41723085,1-36393-A-23.wav,breathing,esc50:36393,1.0
gunshot_gunfire__fsd50k__dev__25037__0142__r0__aug0.wav,gunshot_gunfire,FSD50K,25037,freesound:25037,gunshot_gunfire__fsd50k__dev__25037__0142__r0.wav,8798b2ebfacd73b7ae1ec91fa07613f707ae10b92bfa28b52229e9c473846c83,4154330a331e254917198abf28cab60f420d45d598752aa5973cbe2f51f173dc,0,0.062381,44100,1.0,451,position_only,0.551015,0.0,1.0,,,1.0,,,,,,1.0
gunshot_gunfire__fsd50k__dev__25037__0142__r0__aug1.wav,gunshot_gunfire,FSD50K,25037,freesound:25037,gunshot_gunfire__fsd50k__dev__25037__0142__r0.wav,8798b2ebfacd73b7ae1ec91fa07613f707ae10b92bfa28b52229e9c473846c83,4b4d03ae9572b0d784c27fb13be71952d4b6d4ec2092b41f17c3144a5ac766e8,1,0.062381,44100,1.0,451,position_gain,0.404519,-5.0899,1.0,,,1.0,,,,,,1.0
gunshot_gunfire__fsd50k__dev__25037__0142__r0__aug2.wav,gunshot_gunfire,FSD50K,25037,freesound:25037,gunshot_gunfire__fsd50k__dev__25037__0142__r0.wav,8798b2ebfacd73b7ae1ec91fa07613f707ae10b92bfa28b52229e9c473846c83,7007f12f437fe9084625e8f10f385b7b238f6597260690f337ab8dc6fe6ed128,2,0.062381,44100,1.0,451,position_gain_background,0.265801,4.1096,1.0,,,1.0,11.9441,0.48281825,1-35687-A-38.wav,clock_tick,esc50:35687,1.0
gunshot_gunfire__fsd50k__dev__25037__0142__r0__aug3.wav,gunshot_gunfire,FSD50K,25037,freesound:25037,gunshot_gunfire__fsd50k__dev__25037__0142__r0.wav,8798b2ebfacd73b7ae1ec91fa07613f707ae10b92bfa28b52229e9c473846c83,42582bd3a2bc18e7c03af06b2504e788466618a9e85505f11a10c578d296d0d1,3,0.062381,44100,1.0,451,position_filter_background,0.505069,4.0521,1.0,204.94,6738.061,1.0,22.2133,0.00407937,3-188726-A-35.wav,washing_machine,esc50:188726,1.0
gunshot_gunfire__fsd50k__dev__25037__0142__r0__aug4.wav,gunshot_gunfire,FSD50K,25037,freesound:25037,gunshot_gunfire__fsd50k__dev__25037__0142__r0.wav,8798b2ebfacd73b7ae1ec91fa07613f707ae10b92bfa28b52229e9c473846c83,766681d721de1827d0cb95318d2f1206112de1ace0571f746834adcee8455cb6,4,0.062381,44100,1.0,451,position_speed_gain,0.33643,-3.2556,0.996816,,,1.0,,,,,,1.0
gunshot_gunfire__fsd50k__dev__25037__0142__r0__aug5.wav,gunshot_gunfire,FSD50K,25037,freesound:25037,gunshot_gunfire__fsd50k__dev__25037__0142__r0.wav,8798b2ebfacd73b7ae1ec91fa07613f707ae10b92bfa28b52229e9c473846c83,db12dad00350b1c5955b96001c93ab08b5d3a9ef88710e2135d49cf8d9daa5c6,5,0.062381,44100,1.0,451,position_compression_background,0.231038,-7.5859,1.0,,,1.76847,12.4578,0.52953307,1-53501-A-32.wav,keyboard_typing,esc50:53501,1.0
gunshot_gunfire__fsd50k__dev__25038__0143__r0__aug0.wav,gunshot_gunfire,FSD50K,25038,freesound:25038,gunshot_gunfire__fsd50k__dev__25038__0143__r0.wav,cb18b20af4162d76b5b4d343bb9f2c507c4e0719a9a2996d7a156587e8db7f02,092c5f5427a30b3d8f5d2202cc6e56988b6cbade0f2d0337275c0ad18071e863,0,1.783469,44100,1.0,451,position_only,0.279536,0.0,1.0,,,1.0,,,,,,1.0
gunshot_gunfire__fsd50k__dev__25038__0143__r0__aug1.wav,gunshot_gunfire,FSD50K,25038,freesound:25038,gunshot_gunfire__fsd50k__dev__25038__0143__r0.wav,cb18b20af4162d76b5b4d343bb9f2c507c4e0719a9a2996d7a156587e8db7f02,d49ee43d5b3bb0bb42065fd9f44d4b46d798f0be8ad0e500b5f537c8acd1682a,1,1.783469,44100,1.0,451,position_gain,0.736234,-6.8253,1.0,,,1.0,,,,,,1.0
gunshot_gunfire__fsd50k__dev__25038__0143__r0__aug2.wav,gunshot_gunfire,FSD50K,25038,freesound:25038,gunshot_gunfire__fsd50k__dev__25038__0143__r0.wav,cb18b20af4162d76b5b4d343bb9f2c507c4e0719a9a2996d7a156587e8db7f02,26d222e97f0ee2c780f6642a236ddc511df892f6cea7cf41cf0b0a4d618eb648,2,1.783469,44100,1.0,451,position_gain_background,0.186373,-2.8834,1.0,,,1.0,24.524,0.0435037,2-50774-A-23.wav,breathing,esc50:50774,1.0
gunshot_gunfire__fsd50k__dev__25038__0143__r0__aug3.wav,gunshot_gunfire,FSD50K,25038,freesound:25038,gunshot_gunfire__fsd50k__dev__25038__0143__r0.wav,cb18b20af4162d76b5b4d343bb9f2c507c4e0719a9a2996d7a156587e8db7f02,fbef103375e4883463dcf3d48a414c40911f06eb5d6924b4b0aec70647779f8c,3,1.783469,44100,1.0,451,position_filter_background,0.441534,-11.7244,1.0,215.221,5742.885,1.0,16.7,0.00622973,2-102567-D-35.wav,washing_machine,esc50:102567,1.0
gunshot_gunfire__fsd50k__dev__25038__0143__r0__aug4.wav,gunshot_gunfire,FSD50K,25038,freesound:25038,gunshot_gunfire__fsd50k__dev__25038__0143__r0.wav,cb18b20af4162d76b5b4d343bb9f2c507c4e0719a9a2996d7a156587e8db7f02,f9eecd910a6c770890bb3f1c9dea6a3bcf3d0c1e4a05f49d75cd2935900e3e29,4,1.783469,44100,1.0,451,position_speed_gain,0.356342,-11.4166,1.009799,,,1.0,,,,,,1.0
gunshot_gunfire__fsd50k__dev__25038__0143__r0__aug5.wav,gunshot_gunfire,FSD50K,25038,freesound:25038,gunshot_gunfire__fsd50k__dev__25038__0143__r0.wav,cb18b20af4162d76b5b4d343bb9f2c507c4e0719a9a2996d7a156587e8db7f02,940b32ccddf128c25a2d8c152495528dacf92347d36b5127123ac6f0d0cf6d0a,5,1.783469,44100,1.0,451,position_compression_background,0.383245,-7.1341,1.0,,,1.63348,23.9416,0.12188217,2-88724-A-38.wav,clock_tick,esc50:88724,1.0
gunshot_gunfire__fsd50k__dev__251004__0144__r0__aug0.wav,gunshot_gunfire,FSD50K,251004,freesound:251004,gunshot_gunfire__fsd50k__dev__251004__0144__r0.wav,a700eafa67590d113b3079d66d9331ab1621208432309e450fc7962c1709beea,bf4aa6540f4325c3c2845463f57e843e7be20408ccea7046b78e94a752a63992,0,0.491406,44100,1.0,451,position_only,0.234623,0.0,1.0,,,1.0,,,,,,1.0
gunshot_gunfire__fsd50k__dev__251004__0144__r0__aug1.wav,gunshot_gunfire,FSD50K,251004,freesound:251004,gunshot_gunfire__fsd50k__dev__251004__0144__r0.wav,a700eafa67590d113b3079d66d9331ab1621208432309e450fc7962c1709beea,2c9de2967b6ee90bcfbc757f23641db48e6a19c64834fc21faa1496c9a386b57,1,0.491406,44100,1.0,451,position_gain,0.670082,-4.177,1.0,,,1.0,,,,,,1.0
gunshot_gunfire__fsd50k__dev__251004__0144__r0__aug2.wav,gunshot_gunfire,FSD50K,251004,freesound:251004,gunshot_gunfire__fsd50k__dev__251004__0144__r0.wav,a700eafa67590d113b3079d66d9331ab1621208432309e450fc7962c1709beea,636a8a446ed91f738a9aaddd1a7c3123a60b4f9f41fe1a76bbf2e6ce2d92f6fb,2,0.491406,44100,1.0,451,position_gain_background,0.188005,-3.628,1.0,,,1.0,21.9152,0.03806731,2-102567-B-35.wav,washing_machine,esc50:102567,1.0
gunshot_gunfire__fsd50k__dev__251004__0144__r0__aug3.wav,gunshot_gunfire,FSD50K,251004,freesound:251004,gunshot_gunfire__fsd50k__dev__251004__0144__r0.wav,a700eafa67590d113b3079d66d9331ab1621208432309e450fc7962c1709beea,0d62065b9fd429fcbae5eb858b97195f36eadc332a69c91f1bf7b5e710da1619,3,0.491406,44100,1.0,451,position_filter_background,0.641663,-8.1595,1.0,241.465,7689.836,1.0,24.5551,0.01692525,3-112557-A-23.wav,breathing,esc50:112557,1.0
gunshot_gunfire__fsd50k__dev__251004__0144__r0__aug4.wav,gunshot_gunfire,FSD50K,251004,freesound:251004,gunshot_gunfire__fsd50k__dev__251004__0144__r0.wav,a700eafa67590d113b3079d66d9331ab1621208432309e450fc7962c1709beea,571af4e595bd1d9c4448c3879e2506e41f59ba43001acacf9e2f8f25736f734c,4,0.491406,44100,1.0,451,position_speed_gain,0.599685,-0.1962,0.96141,,,1.0,,,,,,1.0
gunshot_gunfire__fsd50k__dev__251004__0144__r0__aug5.wav,gunshot_gunfire,FSD50K,251004,freesound:251004,gunshot_gunfire__fsd50k__dev__251004__0144__r0.wav,a700eafa67590d113b3079d66d9331ab1621208432309e450fc7962c1709beea,4eb515ec37f4fd0c9f16a0bc2f6303248116fcb66d0bff12b686fa5ae90c1e3e,5,0.491406,44100,1.0,451,position_compression_background,0.790086,0.1329,1.0,,,1.46848,24.7695,0.77964967,3-166125-B-23.wav,breathing,esc50:166125,1.0
gunshot_gunfire__fsd50k__dev__253438__0145__r0__aug0.wav,gunshot_gunfire,FSD50K,253438,freesound:253438,gunshot_gunfire__fsd50k__dev__253438__0145__r0.wav,3aae5ce287cc87b35206d6d6d35aacca7efda0bf3d47a5116285d2300020a344,26a9fe7e9e4f2e979e3bb37f9bc00716bfc23bde546fa2c54b67907478d184aa,0,0.905465,44100,1.0,451,position_only,0.445268,0.0,1.0,,,1.0,,,,,,1.0
gunshot_gunfire__fsd50k__dev__253438__0145__r0__aug1.wav,gunshot_gunfire,FSD50K,253438,freesound:253438,gunshot_gunfire__fsd50k__dev__253438__0145__r0.wav,3aae5ce287cc87b35206d6d6d35aacca7efda0bf3d47a5116285d2300020a344,37bb99fd43911866f170ac1fc7865d52c7765c0fb18209c592ba3ab44c0ca7cb,1,0.905465,44100,1.0,451,position_gain,0.764942,-7.4043,1.0,,,1.0,,,,,,1.0
gunshot_gunfire__fsd50k__dev__253438__0145__r0__aug2.wav,gunshot_gunfire,FSD50K,253438,freesound:253438,gunshot_gunfire__fsd50k__dev__253438__0145__r0.wav,3aae5ce287cc87b35206d6d6d35aacca7efda0bf3d47a5116285d2300020a344,3a8be4a043643d09c44da251f0c3d8687681c80418da50239b159da023e665fc,2,0.905465,44100,1.0,451,position_gain_background,0.316464,-6.831,1.0,,,1.0,14.7489,0.0149235,1-49098-A-35.wav,washing_machine,esc50:49098,1.0
gunshot_gunfire__fsd50k__dev__253438__0145__r0__aug3.wav,gunshot_gunfire,FSD50K,253438,freesound:253438,gunshot_gunfire__fsd50k__dev__253438__0145__r0.wav,3aae5ce287cc87b35206d6d6d35aacca7efda0bf3d47a5116285d2300020a344,8feeaf8c5021e793485f3fa90362665d0d68d57414683a654542f561c62aa9ea,3,0.905465,44100,1.0,451,position_filter_background,0.335822,1.8945,1.0,93.923,6742.284,1.0,10.9488,0.0675821,3-135469-A-35.wav,washing_machine,esc50:135469,0.77492307
gunshot_gunfire__fsd50k__dev__253438__0145__r0__aug4.wav,gunshot_gunfire,FSD50K,253438,freesound:253438,gunshot_gunfire__fsd50k__dev__253438__0145__r0.wav,3aae5ce287cc87b35206d6d6d35aacca7efda0bf3d47a5116285d2300020a344,f2c1012776507373ccda77329935d401844c6d3629f80dfd80bd59afb03cfc81,4,0.905465,44100,1.0,451,position_speed_gain,0.609025,1.8359,0.991889,,,1.0,,,,,,0.81629833
gunshot_gunfire__fsd50k__dev__253438__0145__r0__aug5.wav,gunshot_gunfire,FSD50K,253438,freesound:253438,gunshot_gunfire__fsd50k__dev__253438__0145__r0.wav,3aae5ce287cc87b35206d6d6d35aacca7efda0bf3d47a5116285d2300020a344,3fe7fa9b86a09eab8d62f1b7d0ac572b9b5b05b281e78a360ae6de64c52b7a78,5,0.905465,44100,1.0,451,position_compression_background,0.332069,-3.7099,1.0,,,1.50972,14.2149,2.90669433,2-98392-A-23.wav,breathing,esc50:98392,1.0
gunshot_gunfire__fsd50k__dev__253734__0146__r0__aug0.wav,gunshot_gunfire,FSD50K,253734,freesound:253734,gunshot_gunfire__fsd50k__dev__253734__0146__r0.wav,bdf572b317803629ffe29722f84c0d2b7dcb2217a631946f477c20f02a639c9c,fd33b9fd6b6f9d1dd19bb68d4acf15d0eb876caf53647e48656b18459b99ff8f,0,3.619297,44100,1.0,451,position_only,0.335618,0.0,1.0,,,1.0,,,,,,1.0
gunshot_gunfire__fsd50k__dev__253734__0146__r0__aug1.wav,gunshot_gunfire,FSD50K,253734,freesound:253734,gunshot_gunfire__fsd50k__dev__253734__0146__r0.wav,bdf572b317803629ffe29722f84c0d2b7dcb2217a631946f477c20f02a639c9c,27af8fcdb7471b904829fd86338b1eda26ff4bce8c77e68e5f95244d27c96c93,1,3.619297,44100,1.0,451,position_gain,0.739799,-9.9887,1.0,,,1.0,,,,,,1.0
gunshot_gunfire__fsd50k__dev__253734__0146__r0__aug2.wav,gunshot_gunfire,FSD50K,253734,freesound:253734,gunshot_gunfire__fsd50k__dev__253734__0146__r0.wav,bdf572b317803629ffe29722f84c0d2b7dcb2217a631946f477c20f02a639c9c,e8ae84ae2455add8a1dad11f27a4d0ef298dfb61f9a0cb463ddbefd78e9cfdd5,2,3.619297,44100,1.0,451,position_gain_background,0.478762,-8.5283,1.0,,,1.0,10.4074,0.011374,3-188726-A-35.wav,washing_machine,esc50:188726,1.0
gunshot_gunfire__fsd50k__dev__253734__0146__r0__aug3.wav,gunshot_gunfire,FSD50K,253734,freesound:253734,gunshot_gunfire__fsd50k__dev__253734__0146__r0.wav,bdf572b317803629ffe29722f84c0d2b7dcb2217a631946f477c20f02a639c9c,25bdcb436ed3257578ff81480554843241dd5f2a2aea6af874a02db731839ed9,3,3.619297,44100,1.0,451,position_filter_background,0.652853,-7.8322,1.0,195.538,6023.745,1.0,14.4953,0.06600721,1-79711-A-32.wav,keyboard_typing,esc50:79711,1.0
gunshot_gunfire__fsd50k__dev__253734__0146__r0__aug4.wav,gunshot_gunfire,FSD50K,253734,freesound:253734,gunshot_gunfire__fsd50k__dev__253734__0146__r0.wav,bdf572b317803629ffe29722f84c0d2b7dcb2217a631946f477c20f02a639c9c,508eea9b2846794f0e87e19312878762dac5c755f75230c9a33191dd3cd622ff,4,3.619297,44100,1.0,451,position_speed_gain,0.384916,-9.2895,0.986657,,,1.0,,,,,,1.0
gunshot_gunfire__fsd50k__dev__253734__0146__r0__aug5.wav,gunshot_gunfire,FSD50K,253734,freesound:253734,gunshot_gunfire__fsd50k__dev__253734__0146__r0.wav,bdf572b317803629ffe29722f84c0d2b7dcb2217a631946f477c20f02a639c9c,95da600a0fa9b805d67b0e2d2bfd145de0748fbc64d0f0db21c22db6ce14610f,5,3.619297,44100,1.0,451,position_compression_background,0.416174,-11.6365,1.0,,,1.67001,19.6938,0.03969697,3-164688-A-38.wav,clock_tick,esc50:164688,1.0
gunshot_gunfire__fsd50k__dev__254772__0147__r0__aug0.wav,gunshot_gunfire,FSD50K,254772,freesound:254772,gunshot_gunfire__fsd50k__dev__254772__0147__r0.wav,283a60d47d073d8dee9bbb655b093202b98e86b018eeb38352fea02a123a3493,cb6d823585c3da56f3752c2c769d00e7740efc98b6c61b273f08b410ca44870d,0,3.245147,44100,1.0,451,position_only,0.613862,0.0,1.0,,,1.0,,,,,,0.96796628
gunshot_gunfire__fsd50k__dev__254772__0147__r0__aug1.wav,gunshot_gunfire,FSD50K,254772,freesound:254772,gunshot_gunfire__fsd50k__dev__254772__0147__r0.wav,283a60d47d073d8dee9bbb655b093202b98e86b018eeb38352fea02a123a3493,123001f1e3f83f8f504d81bb07dd0f9be2c52d047648b4661f506869abb2129c,1,3.245147,44100,1.0,451,position_gain,0.512913,0.1214,1.0,,,1.0,,,,,,0.95452603
gunshot_gunfire__fsd50k__dev__254772__0147__r0__aug2.wav,gunshot_gunfire,FSD50K,254772,freesound:254772,gunshot_gunfire__fsd50k__dev__254772__0147__r0.wav,283a60d47d073d8dee9bbb655b093202b98e86b018eeb38352fea02a123a3493,8f4c3df2e78b9fcdd015e75dbeb2acf4e1f5e020d4b40c8b7e9876e4f39f8eb1,2,3.245147,44100,1.0,451,position_gain_background,0.625633,-10.039,1.0,,,1.0,15.4892,3.7409288,3-166125-A-23.wav,breathing,esc50:166125,1.0
gunshot_gunfire__fsd50k__dev__254772__0147__r0__aug3.wav,gunshot_gunfire,FSD50K,254772,freesound:254772,gunshot_gunfire__fsd50k__dev__254772__0147__r0.wav,283a60d47d073d8dee9bbb655b093202b98e86b018eeb38352fea02a123a3493,481a0497c4b61ced610f96ad6444b845db84f3347cacfd7f4118f545aa0b3f20,3,3.245147,44100,1.0,451,position_filter_background,0.3473,-5.5915,1.0,121.378,7522.145,1.0,14.8322,0.00609217,3-151273-A-35.wav,washing_machine,esc50:151273,1.0
gunshot_gunfire__fsd50k__dev__254772__0147__r0__aug4.wav,gunshot_gunfire,FSD50K,254772,freesound:254772,gunshot_gunfire__fsd50k__dev__254772__0147__r0.wav,283a60d47d073d8dee9bbb655b093202b98e86b018eeb38352fea02a123a3493,57fbd2f21286d18a9585c820ef1c54ecfe604fca52858b07db030b3ad3a84a6c,4,3.245147,44100,1.0,451,position_speed_gain,0.577418,3.5298,1.011905,,,1.0,,,,,,0.66202364
gunshot_gunfire__fsd50k__dev__254772__0147__r0__aug5.wav,gunshot_gunfire,FSD50K,254772,freesound:254772,gunshot_gunfire__fsd50k__dev__254772__0147__r0.wav,283a60d47d073d8dee9bbb655b093202b98e86b018eeb38352fea02a123a3493,3ed3abf5099b2b268df79c20377d8bdcd35706b1e82e7d614168b14e9700d812,5,3.245147,44100,1.0,451,position_compression_background,0.60629,-10.5188,1.0,,,1.73559,14.3165,0.26961728,1-61212-A-32.wav,keyboard_typing,esc50:61212,1.0
gunshot_gunfire__fsd50k__dev__255272__0148__r0__aug0.wav,gunshot_gunfire,FSD50K,255272,freesound:255272,gunshot_gunfire__fsd50k__dev__255272__0148__r0.wav,c4b4c796fc370b45616e6a1e7e9e8cdadbde82f2c679422757adebb02288b7a8,aac02af4c4c997e0ee715e232650b2f11526cae864142f563b22de18cd1e4ee6,0,7.136304,44100,1.0,451,position_only,0.772797,0.0,1.0,,,1.0,,,,,,1.0
gunshot_gunfire__fsd50k__dev__255272__0148__r0__aug1.wav,gunshot_gunfire,FSD50K,255272,freesound:255272,gunshot_gunfire__fsd50k__dev__255272__0148__r0.wav,c4b4c796fc370b45616e6a1e7e9e8cdadbde82f2c679422757adebb02288b7a8,7759cfbe20e2a28a5ac435b9fc57443648f24356b775a13e7234220cca8e8344,1,7.136304,44100,1.0,451,position_gain,0.35275,0.0221,1.0,,,1.0,,,,,,1.0
gunshot_gunfire__fsd50k__dev__255272__0148__r0__aug2.wav,gunshot_gunfire,FSD50K,255272,freesound:255272,gunshot_gunfire__fsd50k__dev__255272__0148__r0.wav,c4b4c796fc370b45616e6a1e7e9e8cdadbde82f2c679422757adebb02288b7a8,af4527117ca0a2e8e0b621b32acbe083283273fa5008b29192e27a46c9543dbd,2,7.136304,44100,1.0,451,position_gain_background,0.276645,-10.9626,1.0,,,1.0,10.4294,1.18771737,3-143933-A-38.wav,clock_tick,esc50:143933,1.0
gunshot_gunfire__fsd50k__dev__255272__0148__r0__aug3.wav,gunshot_gunfire,FSD50K,255272,freesound:255272,gunshot_gunfire__fsd50k__dev__255272__0148__r0.wav,c4b4c796fc370b45616e6a1e7e9e8cdadbde82f2c679422757adebb02288b7a8,c63a47084ed3d4433d32144f8168cd2a2cafa63685b40da1ba262abc23f81d2c,3,7.136304,44100,1.0,451,position_filter_background,0.603513,-0.4938,1.0,205.565,6954.376,1.0,21.2517,273.62278229,3-187710-A-11.wav,sea_waves,esc50:187710,1.0
gunshot_gunfire__fsd50k__dev__255272__0148__r0__aug4.wav,gunshot_gunfire,FSD50K,255272,freesound:255272,gunshot_gunfire__fsd50k__dev__255272__0148__r0.wav,c4b4c796fc370b45616e6a1e7e9e8cdadbde82f2c679422757adebb02288b7a8,4c02bc412567c7f8ae419ae4d63667d242335349a16063ccc1ad20c372787a7c,4,7.136304,44100,1.0,451,position_speed_gain,0.398123,-2.8201,1.007189,,,1.0,,,,,,1.0
gunshot_gunfire__fsd50k__dev__255272__0148__r0__aug5.wav,gunshot_gunfire,FSD50K,255272,freesound:255272,gunshot_gunfire__fsd50k__dev__255272__0148__r0.wav,c4b4c796fc370b45616e6a1e7e9e8cdadbde82f2c679422757adebb02288b7a8,0f213c42824a93916d8c1bba593f57b36c2356480b26ef4156b6dfd3667b4a20,5,7.136304,44100,1.0,451,position_compression_background,0.500207,-7.2228,1.0,,,1.71241,19.4385,0.02309706,1-32373-A-35.wav,washing_machine,esc50:32373,1.0
gunshot_gunfire__fsd50k__dev__257364__0149__r0__aug0.wav,gunshot_gunfire,FSD50K,257364,freesound:257364,gunshot_gunfire__fsd50k__dev__257364__0149__r0.wav,a4d6d26e437adca0ad1985d21a0cdd0e8329d8cfd25753dafd0962220b3671b5,bbad0810fbdd240b6b81931df5871406b78f935d5b13ec227814958ef0fc991e,0,1.703651,44100,1.0,451,position_only,0.734884,0.0,1.0,,,1.0,,,,,,0.95893977
gunshot_gunfire__fsd50k__dev__257364__0149__r0__aug1.wav,gunshot_gunfire,FSD50K,257364,freesound:257364,gunshot_gunfire__fsd50k__dev__257364__0149__r0.wav,a4d6d26e437adca0ad1985d21a0cdd0e8329d8cfd25753dafd0962220b3671b5,603a7d9ffebd178097022d84b7456efd7c9722ca9af2b2a849909831d7d95ed5,1,1.703651,44100,1.0,451,position_gain,0.405755,-0.2301,1.0,,,1.0,,,,,,0.98468649
gunshot_gunfire__fsd50k__dev__257364__0149__r0__aug2.wav,gunshot_gunfire,FSD50K,257364,freesound:257364,gunshot_gunfire__fsd50k__dev__257364__0149__r0.wav,a4d6d26e437adca0ad1985d21a0cdd0e8329d8cfd25753dafd0962220b3671b5,58b1c5bce8486d46677ebc190536e4e77c3ec7c814da06c4d9dac6ff7d3f17be,2,1.703651,44100,1.0,451,position_gain_background,0.796504,-8.8652,1.0,,,1.0,17.0309,1.00401889,2-104168-A-32.wav,keyboard_typing,esc50:104168,1.0
gunshot_gunfire__fsd50k__dev__257364__0149__r0__aug3.wav,gunshot_gunfire,FSD50K,257364,freesound:257364,gunshot_gunfire__fsd50k__dev__257364__0149__r0.wav,a4d6d26e437adca0ad1985d21a0cdd0e8329d8cfd25753dafd0962220b3671b5,e87c07e34192105d1d65c5c3b48e9810f3a1b1fbb83c08e901a6084a01b17bfe,3,1.703651,44100,1.0,451,position_filter_background,0.794301,-5.5445,1.0,113.177,5788.731,1.0,19.2073,0.80109021,3-150363-A-38.wav,clock_tick,esc50:150363,1.0
gunshot_gunfire__fsd50k__dev__257364__0149__r0__aug4.wav,gunshot_gunfire,FSD50K,257364,freesound:257364,gunshot_gunfire__fsd50k__dev__257364__0149__r0.wav,a4d6d26e437adca0ad1985d21a0cdd0e8329d8cfd25753dafd0962220b3671b5,73e10f07e411c8c34936375329cd146efc114ee78be91e61d4172e39f468d1c8,4,1.703651,44100,1.0,451,position_speed_gain,0.748337,-0.0137,0.966664,,,1.0,,,,,,0.95704575
gunshot_gunfire__fsd50k__dev__257364__0149__r0__aug5.wav,gunshot_gunfire,FSD50K,257364,freesound:257364,gunshot_gunfire__fsd50k__dev__257364__0149__r0.wav,a4d6d26e437adca0ad1985d21a0cdd0e8329d8cfd25753dafd0962220b3671b5,82f64d10dcabc80d9df275cfc7825bb49f2b5b109338c7d38e83ba31c35d0f46,5,1.703651,44100,1.0,451,position_compression_background,0.500026,-6.9055,1.0,,,1.73315,17.7385,2.40992053,3-170383-A-38.wav,clock_tick,esc50:170383,1.0
gunshot_gunfire__fsd50k__dev__257873__0150__r0__aug0.wav,gunshot_gunfire,FSD50K,257873,freesound:257873,gunshot_gunfire__fsd50k__dev__257873__0150__r0.wav,3e1da7f7208e2b1231b29a060225bf4baf87c405c6ae203d835c671e456f8804,24feb87b9e1f1897087d7d3c2f2e65b93aa1acf8bdcdf4e4f3de5bbbc3d7f19b,0,1.204785,44100,1.0,451,position_only,0.483685,0.0,1.0,,,1.0,,,,,,1.0
gunshot_gunfire__fsd50k__dev__257873__0150__r0__aug1.wav,gunshot_gunfire,FSD50K,257873,freesound:257873,gunshot_gunfire__fsd50k__dev__257873__0150__r0.wav,3e1da7f7208e2b1231b29a060225bf4baf87c405c6ae203d835c671e456f8804,4c5861fdcf76335d4ddb6c303eaaa25c4f155f0bef2623d1e1499d391e541677,1,1.204785,44100,1.0,451,position_gain,0.777752,-2.4446,1.0,,,1.0,,,,,,1.0
gunshot_gunfire__fsd50k__dev__257873__0150__r0__aug2.wav,gunshot_gunfire,FSD50K,257873,freesound:257873,gunshot_gunfire__fsd50k__dev__257873__0150__r0.wav,3e1da7f7208e2b1231b29a060225bf4baf87c405c6ae203d835c671e456f8804,8594c12cefdc286f4b5843f24dea7789d2d9b932dfe393335e13cfa45d07cea8,2,1.204785,44100,1.0,451,position_gain_background,0.635466,-6.3436,1.0,,,1.0,21.0781,0.00625709,3-171012-A-38.wav,clock_tick,esc50:171012,1.0
gunshot_gunfire__fsd50k__dev__257873__0150__r0__aug3.wav,gunshot_gunfire,FSD50K,257873,freesound:257873,gunshot_gunfire__fsd50k__dev__257873__0150__r0.wav,3e1da7f7208e2b1231b29a060225bf4baf87c405c6ae203d835c671e456f8804,5d27dc3ed1dbc8c308cae975d674af136d47bcd8d139ee1597c1ddfbf312d6fb,3,1.204785,44100,1.0,451,position_filter_background,0.186258,-5.5987,1.0,188.484,6848.377,1.0,21.566,0.00086112,3-170383-A-38.wav,clock_tick,esc50:170383,1.0
gunshot_gunfire__fsd50k__dev__257873__0150__r0__aug4.wav,gunshot_gunfire,FSD50K,257873,freesound:257873,gunshot_gunfire__fsd50k__dev__257873__0150__r0.wav,3e1da7f7208e2b1231b29a060225bf4baf87c405c6ae203d835c671e456f8804,30da1f02340d63b84a0291b44eaf6c0d0775e8ebe8db1f54e206f3480784624d,4,1.204785,44100,1.0,451,position_speed_gain,0.256748,-3.2963,0.969314,,,1.0,,,,,,1.0
gunshot_gunfire__fsd50k__dev__257873__0150__r0__aug5.wav,gunshot_gunfire,FSD50K,257873,freesound:257873,gunshot_gunfire__fsd50k__dev__257873__0150__r0.wav,3e1da7f7208e2b1231b29a060225bf4baf87c405c6ae203d835c671e456f8804,b80ca9a171ea5ded523fb7a16752434ffe73842a40aaa81a87c21a3249924f5c,5,1.204785,44100,1.0,451,position_compression_background,0.666147,-8.7377,1.0,,,1.79006,23.9415,0.00777501,3-170383-A-38.wav,clock_tick,esc50:170383,1.0
gunshot_gunfire__fsd50k__dev__257874__0151__r0__aug0.wav,gunshot_gunfire,FSD50K,257874,freesound:257874,gunshot_gunfire__fsd50k__dev__257874__0151__r0.wav,4f3518e5384442ee988dc639ff182ce5511e588f3a531de3bb9bbc8739e87178,401b8e2d84cfcf89507c077cefe2adfb76bb58d27c07319deea6cbf37337280c,0,0.107279,44100,1.0,451,position_only,0.48213,0.0,1.0,,,1.0,,,,,,0.89125094
gunshot_gunfire__fsd50k__dev__257874__0151__r0__aug1.wav,gunshot_gunfire,FSD50K,257874,freesound:257874,gunshot_gunfire__fsd50k__dev__257874__0151__r0.wav,4f3518e5384442ee988dc639ff182ce5511e588f3a531de3bb9bbc8739e87178,a8b864b1c8f9d6ca929e20e9cd1f4587ec810bae5785e4b5ce49d51b6caa5b58,1,0.107279,44100,1.0,451,position_gain,0.24712,-2.562,1.0,,,1.0,,,,,,1.0
gunshot_gunfire__fsd50k__dev__257874__0151__r0__aug2.wav,gunshot_gunfire,FSD50K,257874,freesound:257874,gunshot_gunfire__fsd50k__dev__257874__0151__r0.wav,4f3518e5384442ee988dc639ff182ce5511e588f3a531de3bb9bbc8739e87178,2224cb0dd79c8d18ad2c6bc534a1584833a2fc186f19a148fd534761afe92358,2,0.107279,44100,1.0,451,position_gain_background,0.699914,3.5255,1.0,,,1.0,24.9578,0.98573003,1-35687-A-38.wav,clock_tick,esc50:35687,0.58969876
gunshot_gunfire__fsd50k__dev__257874__0151__r0__aug3.wav,gunshot_gunfire,FSD50K,257874,freesound:257874,gunshot_gunfire__fsd50k__dev__257874__0151__r0.wav,4f3518e5384442ee988dc639ff182ce5511e588f3a531de3bb9bbc8739e87178,c9e524ef2b4d2660f798bd1fe7c426415fca6f7d8f1f1a139ac5c7fc0ea73c56,3,0.107279,44100,1.0,451,position_filter_background,0.534577,0.5804,1.0,254.716,6947.454,1.0,17.4828,0.35581516,3-156393-A-35.wav,washing_machine,esc50:156393,0.77805696
gunshot_gunfire__fsd50k__dev__257874__0151__r0__aug4.wav,gunshot_gunfire,FSD50K,257874,freesound:257874,gunshot_gunfire__fsd50k__dev__257874__0151__r0.wav,4f3518e5384442ee988dc639ff182ce5511e588f3a531de3bb9bbc8739e87178,839112c73a6d1b263e33ae070597192132eea77c4567e83980d6601248a0ec44,4,0.107279,44100,1.0,451,position_speed_gain,0.185547,-1.6841,1.014215,,,1.0,,,,,,1.0
gunshot_gunfire__fsd50k__dev__257874__0151__r0__aug5.wav,gunshot_gunfire,FSD50K,257874,freesound:257874,gunshot_gunfire__fsd50k__dev__257874__0151__r0.wav,4f3518e5384442ee988dc639ff182ce5511e588f3a531de3bb9bbc8739e87178,fce6e6fc78fc1c00dd8e39ed7c166926c1295fea794b03c140d8f3ec7ce9bfb4,5,0.107279,44100,1.0,451,position_compression_background,0.601637,3.9383,1.0,,,1.32003,21.3951,0.11864665,3-155642-A-11.wav,sea_waves,esc50:155642,0.79498358
gunshot_gunfire__fsd50k__dev__257875__0152__r0__aug0.wav,gunshot_gunfire,FSD50K,257875,freesound:257875,gunshot_gunfire__fsd50k__dev__257875__0152__r0.wav,245d4e465aca654c94ac936972b5bbd81572653be98f0cb232744cda9f9bb114,484cb35df6732c58841df3b6011dc5266d2761b92921c5a032fcca6e3c680010,0,0.107279,44100,1.0,451,position_only,0.31697,0.0,1.0,,,1.0,,,,,,0.89125094
gunshot_gunfire__fsd50k__dev__257875__0152__r0__aug1.wav,gunshot_gunfire,FSD50K,257875,freesound:257875,gunshot_gunfire__fsd50k__dev__257875__0152__r0.wav,245d4e465aca654c94ac936972b5bbd81572653be98f0cb232744cda9f9bb114,655a1d4a8fcb0bbab7deacfb2832d39bf90ad09200ad9d2e0867e3f6d76ca147,1,0.107279,44100,1.0,451,position_gain,0.421217,4.8717,1.0,,,1.0,,,,,,0.508643
gunshot_gunfire__fsd50k__dev__257875__0152__r0__aug2.wav,gunshot_gunfire,FSD50K,257875,freesound:257875,gunshot_gunfire__fsd50k__dev__257875__0152__r0.wav,245d4e465aca654c94ac936972b5bbd81572653be98f0cb232744cda9f9bb114,2d0d24f53ed7cf95bb9a35cf9e5e919dd863b2fe00b8a9770498b4e89073e00d,2,0.107279,44100,1.0,451,position_gain_background,0.230214,-9.6487,1.0,,,1.0,20.4845,0.01889699,3-151273-A-35.wav,washing_machine,esc50:151273,1.0
gunshot_gunfire__fsd50k__dev__257875__0152__r0__aug3.wav,gunshot_gunfire,FSD50K,257875,freesound:257875,gunshot_gunfire__fsd50k__dev__257875__0152__r0.wav,245d4e465aca654c94ac936972b5bbd81572653be98f0cb232744cda9f9bb114,b2af5c749a71f9545fe4d5e7d244217f97c0421aefe141e64b49fe2724617cd0,3,0.107279,44100,1.0,451,position_filter_background,0.195243,-11.7943,1.0,257.316,5977.769,1.0,12.6557,0.44967577,3-182710-B-35.wav,washing_machine,esc50:182710,1.0
gunshot_gunfire__fsd50k__dev__257875__0152__r0__aug4.wav,gunshot_gunfire,FSD50K,257875,freesound:257875,gunshot_gunfire__fsd50k__dev__257875__0152__r0.wav,245d4e465aca654c94ac936972b5bbd81572653be98f0cb232744cda9f9bb114,366271412778c531358ee85f2bcb5b92ccee270a913504eac7c4949dd105d365,4,0.107279,44100,1.0,451,position_speed_gain,0.238934,1.4657,1.004935,,,1.0,,,,,,0.73182778
gunshot_gunfire__fsd50k__dev__257875__0152__r0__aug5.wav,gunshot_gunfire,FSD50K,257875,freesound:257875,gunshot_gunfire__fsd50k__dev__257875__0152__r0.wav,245d4e465aca654c94ac936972b5bbd81572653be98f0cb232744cda9f9bb114,4f3c57df357a82a2471496fb0cd3fafec4c4a9a0560f05809065b34932383dee,5,0.107279,44100,1.0,451,position_compression_background,0.565693,-7.478,1.0,,,1.66221,20.1067,0.04169746,2-133863-A-11.wav,sea_waves,esc50:133863,1.0
gunshot_gunfire__fsd50k__dev__257876__0153__r0__aug0.wav,gunshot_gunfire,FSD50K,257876,freesound:257876,gunshot_gunfire__fsd50k__dev__257876__0153__r0.wav,7738e8c9bc24ecd1eb6b33f6a7c4cbb4a92647141503910f97474a7e66188524,9b9caf29fd34eaab7daa3463075f3e6ca39f7309efbd52ce5631e4579f357504,0,0.127234,44100,1.0,451,position_only,0.294037,0.0,1.0,,,1.0,,,,,,1.0
gunshot_gunfire__fsd50k__dev__257876__0153__r0__aug1.wav,gunshot_gunfire,FSD50K,257876,freesound:257876,gunshot_gunfire__fsd50k__dev__257876__0153__r0.wav,7738e8c9bc24ecd1eb6b33f6a7c4cbb4a92647141503910f97474a7e66188524,561ad5ec10d6ab3d1713b2ffc5587f2b035137ecdd436627383799688b1138a3,1,0.127234,44100,1.0,451,position_gain,0.736567,-10.0761,1.0,,,1.0,,,,,,1.0
gunshot_gunfire__fsd50k__dev__257876__0153__r0__aug2.wav,gunshot_gunfire,FSD50K,257876,freesound:257876,gunshot_gunfire__fsd50k__dev__257876__0153__r0.wav,7738e8c9bc24ecd1eb6b33f6a7c4cbb4a92647141503910f97474a7e66188524,a030be4fbd303b4bb39c8e5d113c04e78150079c75db951f7fd814817b69aadb,2,0.127234,44100,1.0,451,position_gain_background,0.1963,-4.6509,1.0,,,1.0,13.3584,0.03758136,2-137162-A-11.wav,sea_waves,esc50:137162,1.0
gunshot_gunfire__fsd50k__dev__257876__0153__r0__aug3.wav,gunshot_gunfire,FSD50K,257876,freesound:257876,gunshot_gunfire__fsd50k__dev__257876__0153__r0.wav,7738e8c9bc24ecd1eb6b33f6a7c4cbb4a92647141503910f97474a7e66188524,e47a06204b4cf21156ca1aa74c5e4e24bc8e717aca7273197dea7b5b3aee3663,3,0.127234,44100,1.0,451,position_filter_background,0.39964,2.7925,1.0,104.345,6316.257,1.0,18.9166,0.03477016,3-144827-A-11.wav,sea_waves,esc50:144827,1.0
gunshot_gunfire__fsd50k__dev__257876__0153__r0__aug4.wav,gunshot_gunfire,FSD50K,257876,freesound:257876,gunshot_gunfire__fsd50k__dev__257876__0153__r0.wav,7738e8c9bc24ecd1eb6b33f6a7c4cbb4a92647141503910f97474a7e66188524,2d61451a960af9b42c018eb1cb5ce82fca0ff99fe373607961166610fd04473b,4,0.127234,44100,1.0,451,position_speed_gain,0.3708,-5.0129,0.964441,,,1.0,,,,,,1.0
gunshot_gunfire__fsd50k__dev__257876__0153__r0__aug5.wav,gunshot_gunfire,FSD50K,257876,freesound:257876,gunshot_gunfire__fsd50k__dev__257876__0153__r0.wav,7738e8c9bc24ecd1eb6b33f6a7c4cbb4a92647141503910f97474a7e66188524,5cf6e6b95a3583771842a8b5c73d0e8f37a97b0b3e96aebf6d5d26cf705b2ce9,5,0.127234,44100,1.0,451,position_compression_background,0.730024,-2.9563,1.0,,,1.28411,12.7486,0.18442086,2-118459-A-32.wav,keyboard_typing,esc50:118459,1.0
gunshot_gunfire__fsd50k__dev__259539__0154__r0__aug0.wav,gunshot_gunfire,FSD50K,259539,freesound:259539,gunshot_gunfire__fsd50k__dev__259539__0154__r0.wav,c168833ba7033cc7049986fe2b9c766e937dd637279c0a258eb1393dd88d669b,1d3cf79c915eaa162dcc3b4946462b6c698de95a2b5200a15a112f0794c28729,0,0.10229,44100,1.0,451,position_only,0.367839,0.0,1.0,,,1.0,,,,,,0.92960628
gunshot_gunfire__fsd50k__dev__259539__0154__r0__aug1.wav,gunshot_gunfire,FSD50K,259539,freesound:259539,gunshot_gunfire__fsd50k__dev__259539__0154__r0.wav,c168833ba7033cc7049986fe2b9c766e937dd637279c0a258eb1393dd88d669b,e01056e3f84f9c1961503043889efffc48e2b5055af6643abf7a2a4b91d2aea1,1,0.10229,44100,1.0,451,position_gain,0.375273,2.6987,1.0,,,1.0,,,,,,0.68133957
gunshot_gunfire__fsd50k__dev__259539__0154__r0__aug2.wav,gunshot_gunfire,FSD50K,259539,freesound:259539,gunshot_gunfire__fsd50k__dev__259539__0154__r0.wav,c168833ba7033cc7049986fe2b9c766e937dd637279c0a258eb1393dd88d669b,0d8160fc7138e789f13d114d303dc6c713bda2354902b96298e8be72b5a35879,2,0.10229,44100,1.0,451,position_gain_background,0.527284,-11.5881,1.0,,,1.0,11.0295,3.85500119,3-154781-A-32.wav,keyboard_typing,esc50:154781,1.0
gunshot_gunfire__fsd50k__dev__259539__0154__r0__aug3.wav,gunshot_gunfire,FSD50K,259539,freesound:259539,gunshot_gunfire__fsd50k__dev__259539__0154__r0.wav,c168833ba7033cc7049986fe2b9c766e937dd637279c0a258eb1393dd88d669b,76056c16b2bd96116d293718b872e58965ff5f53383384fbcfe6372cebc4a040,3,0.10229,44100,1.0,451,position_filter_background,0.559598,-8.6692,1.0,252.987,6060.853,1.0,12.6827,0.74437373,3-150363-A-38.wav,clock_tick,esc50:150363,1.0
gunshot_gunfire__fsd50k__dev__259539__0154__r0__aug4.wav,gunshot_gunfire,FSD50K,259539,freesound:259539,gunshot_gunfire__fsd50k__dev__259539__0154__r0.wav,c168833ba7033cc7049986fe2b9c766e937dd637279c0a258eb1393dd88d669b,49f03ea5668ecf0c85c30d8d67325baaf3bd7479cc80f4e1011417f7cda7a8eb,4,0.10229,44100,1.0,451,position_speed_gain,0.531755,-1.1604,0.991447,,,1.0,,,,,,1.0
gunshot_gunfire__fsd50k__dev__259539__0154__r0__aug5.wav,gunshot_gunfire,FSD50K,259539,freesound:259539,gunshot_gunfire__fsd50k__dev__259539__0154__r0.wav,c168833ba7033cc7049986fe2b9c766e937dd637279c0a258eb1393dd88d669b,dfa5908c55716c66e99bcf5f3d7cc36bd1f3437e6bc2205311b986535d188250,5,0.10229,44100,1.0,451,position_compression_background,0.580221,-8.0148,1.0,,,1.66162,15.7588,0.42457438,2-109316-A-32.wav,keyboard_typing,esc50:109316,1.0
gunshot_gunfire__fsd50k__dev__26141__0155__r0__aug0.wav,gunshot_gunfire,FSD50K,26141,freesound:26141,gunshot_gunfire__fsd50k__dev__26141__0155__r0.wav,7445fb6c998589ba77531055da229d34a11f87caf7c43169e7c2990930905e09,522d656a093cfba37f4ee2a40df7bfa2d0bcf8cebdcd5c81b1b947f6e90431c0,0,3.280068,44100,1.0,451,position_only,0.154918,0.0,1.0,,,1.0,,,,,,0.89804769
gunshot_gunfire__fsd50k__dev__26141__0155__r0__aug1.wav,gunshot_gunfire,FSD50K,26141,freesound:26141,gunshot_gunfire__fsd50k__dev__26141__0155__r0.wav,7445fb6c998589ba77531055da229d34a11f87caf7c43169e7c2990930905e09,7b33f08f9ac39db319b0dcb88bde3be55f6764f1890eb6ecaee4abb246442df6,1,3.280068,44100,1.0,451,position_gain,0.663259,-10.5709,1.0,,,1.0,,,,,,1.0
gunshot_gunfire__fsd50k__dev__26141__0155__r0__aug2.wav,gunshot_gunfire,FSD50K,26141,freesound:26141,gunshot_gunfire__fsd50k__dev__26141__0155__r0.wav,7445fb6c998589ba77531055da229d34a11f87caf7c43169e7c2990930905e09,e62f48cf1372b6dc2c9c29da803d8ded8ce42726007619c06b7d295b6d506047,2,3.280068,44100,1.0,451,position_gain_background,0.685533,-1.1571,1.0,,,1.0,13.5734,0.13096519,1-91359-B-11.wav,sea_waves,esc50:91359,1.0
gunshot_gunfire__fsd50k__dev__26141__0155__r0__aug3.wav,gunshot_gunfire,FSD50K,26141,freesound:26141,gunshot_gunfire__fsd50k__dev__26141__0155__r0.wav,7445fb6c998589ba77531055da229d34a11f87caf7c43169e7c2990930905e09,7fa377f7aca3cca42afb5da503f7f91a10cbb34c4f7913f87e98df232f2ef055,3,3.280068,44100,1.0,451,position_filter_background,0.707614,-9.6249,1.0,190.995,5630.93,1.0,22.9356,0.02239554,3-155642-A-11.wav,sea_waves,esc50:155642,1.0
gunshot_gunfire__fsd50k__dev__26141__0155__r0__aug4.wav,gunshot_gunfire,FSD50K,26141,freesound:26141,gunshot_gunfire__fsd50k__dev__26141__0155__r0.wav,7445fb6c998589ba77531055da229d34a11f87caf7c43169e7c2990930905e09,955a919a5be2dc6adaba71c7a856ba3082ca9bb362f09fcb1f6b357699d056aa,4,3.280068,44100,1.0,451,position_speed_gain,0.381928,-5.056,1.027409,,,1.0,,,,,,1.0
gunshot_gunfire__fsd50k__dev__26141__0155__r0__aug5.wav,gunshot_gunfire,FSD50K,26141,freesound:26141,gunshot_gunfire__fsd50k__dev__26141__0155__r0.wav,7445fb6c998589ba77531055da229d34a11f87caf7c43169e7c2990930905e09,73326393abf5e5fb326604ea116d949cd5ea414345c204a34ef21b972a2a2d86,5,3.280068,44100,1.0,451,position_compression_background,0.611479,-6.7408,1.0,,,1.41243,19.1163,0.02803582,2-54961-A-23.wav,breathing,esc50:54961,1.0
gunshot_gunfire__fsd50k__dev__266977__0156__r0__aug0.wav,gunshot_gunfire,FSD50K,266977,freesound:266977,gunshot_gunfire__fsd50k__dev__266977__0156__r0.wav,9c60f9b9a4577a7f5fc2d2ce0ca4b16cbe8370935b2b81bf5254d8bf9865e988,001281ef6111378eac101fe8ea6dae7b0275b2426b7eb665e20adb3fa83819c7,0,0.057392,44100,1.0,451,position_only,0.228177,0.0,1.0,,,1.0,,,,,,0.89125094
gunshot_gunfire__fsd50k__dev__266977__0156__r0__aug1.wav,gunshot_gunfire,FSD50K,266977,freesound:266977,gunshot_gunfire__fsd50k__dev__266977__0156__r0.wav,9c60f9b9a4577a7f5fc2d2ce0ca4b16cbe8370935b2b81bf5254d8bf9865e988,9cab2a80975fbca50bed8d49da913680be3511b781f3f0bcdcc2941f38496a6b,1,0.057392,44100,1.0,451,position_gain,0.472629,2.3363,1.0,,,1.0,,,,,,0.68106318
gunshot_gunfire__fsd50k__dev__266977__0156__r0__aug2.wav,gunshot_gunfire,FSD50K,266977,freesound:266977,gunshot_gunfire__fsd50k__dev__266977__0156__r0.wav,9c60f9b9a4577a7f5fc2d2ce0ca4b16cbe8370935b2b81bf5254d8bf9865e988,f168959e7726510dbf397e4a9662491875bb09622788ee615146e84675b7f55e,2,0.057392,44100,1.0,451,position_gain_background,0.788175,-0.0599,1.0,,,1.0,13.6702,3.06026295,1-61212-A-32.wav,keyboard_typing,esc50:61212,0.76021761
gunshot_gunfire__fsd50k__dev__266977__0156__r0__aug3.wav,gunshot_gunfire,FSD50K,266977,freesound:266977,gunshot_gunfire__fsd50k__dev__266977__0156__r0.wav,9c60f9b9a4577a7f5fc2d2ce0ca4b16cbe8370935b2b81bf5254d8bf9865e988,9d20f5acd88ca7d6b506930c693d958d41f5d855237c6c74f9c465954195ecde,3,0.057392,44100,1.0,451,position_filter_background,0.606579,-2.7583,1.0,251.01,6901.197,1.0,16.0236,0.64582079,2-131943-A-38.wav,clock_tick,esc50:131943,0.7364161
gunshot_gunfire__fsd50k__dev__266977__0156__r0__aug4.wav,gunshot_gunfire,FSD50K,266977,freesound:266977,gunshot_gunfire__fsd50k__dev__266977__0156__r0.wav,9c60f9b9a4577a7f5fc2d2ce0ca4b16cbe8370935b2b81bf5254d8bf9865e988,849985a53b394cbd5719c9026e1fd20bbed6a8a30dbfcf8d542ee99dec7c000d,4,0.057392,44100,1.0,451,position_speed_gain,0.78423,-4.7118,1.018591,,,1.0,,,,,,1.0
gunshot_gunfire__fsd50k__dev__266977__0156__r0__aug5.wav,gunshot_gunfire,FSD50K,266977,freesound:266977,gunshot_gunfire__fsd50k__dev__266977__0156__r0.wav,9c60f9b9a4577a7f5fc2d2ce0ca4b16cbe8370935b2b81bf5254d8bf9865e988,87b8d5c598b87fcbb75633c83573173b28b6b3b68a85f50f4e432b521c49d77e,5,0.057392,44100,1.0,451,position_compression_background,0.25046,-6.7917,1.0,,,1.64192,22.6872,0.62577005,2-98392-A-23.wav,breathing,esc50:98392,1.0
gunshot_gunfire__fsd50k__dev__267341__0157__r0__aug0.wav,gunshot_gunfire,FSD50K,267341,freesound:267341,gunshot_gunfire__fsd50k__dev__267341__0157__r0.wav,4e0c30e185036cb7e78f53fe9d79d5b50625f4d25cd2528a22a1e2c9cc5e361b,87b6b5a4982788175ec8d32ea65a2ff5516178fc75ec5cf12f20ffa28c0e594f,0,0.077347,44100,1.0,451,position_only,0.703461,0.0,1.0,,,1.0,,,,,,0.89127814
gunshot_gunfire__fsd50k__dev__267341__0157__r0__aug1.wav,gunshot_gunfire,FSD50K,267341,freesound:267341,gunshot_gunfire__fsd50k__dev__267341__0157__r0.wav,4e0c30e185036cb7e78f53fe9d79d5b50625f4d25cd2528a22a1e2c9cc5e361b,1626e3517e0e2f8c193db2f97e2f80675b889e6694b900d53f8f55d91d63c860,1,0.077347,44100,1.0,451,position_gain,0.752534,0.6101,1.0,,,1.0,,,,,,0.83082138
gunshot_gunfire__fsd50k__dev__267341__0157__r0__aug2.wav,gunshot_gunfire,FSD50K,267341,freesound:267341,gunshot_gunfire__fsd50k__dev__267341__0157__r0.wav,4e0c30e185036cb7e78f53fe9d79d5b50625f4d25cd2528a22a1e2c9cc5e361b,204dfcd490ab362489d078b01fb1d367211ad96be896d7b1cbd09d5270b6bcc2,2,0.077347,44100,1.0,451,position_gain_background,0.551271,-7.0106,1.0,,,1.0,11.7608,1.52937796,2-99796-A-32.wav,keyboard_typing,esc50:99796,1.0
gunshot_gunfire__fsd50k__dev__267341__0157__r0__aug3.wav,gunshot_gunfire,FSD50K,267341,freesound:267341,gunshot_gunfire__fsd50k__dev__267341__0157__r0.wav,4e0c30e185036cb7e78f53fe9d79d5b50625f4d25cd2528a22a1e2c9cc5e361b,f2b5b17a03fda942b81fc5b6abfdcd26d61df80b11250e7b8dbd0e56f031ad82,3,0.077347,44100,1.0,451,position_filter_background,0.385101,-6.716,1.0,134.849,5926.277,1.0,19.8362,4472.29455412,1-53501-A-32.wav,keyboard_typing,esc50:53501,1.0
gunshot_gunfire__fsd50k__dev__267341__0157__r0__aug4.wav,gunshot_gunfire,FSD50K,267341,freesound:267341,gunshot_gunfire__fsd50k__dev__267341__0157__r0.wav,4e0c30e185036cb7e78f53fe9d79d5b50625f4d25cd2528a22a1e2c9cc5e361b,cbac6fa603ef4de84ca760523b5455c2ac38deead5560b15cabae0584be21d57,4,0.077347,44100,1.0,451,position_speed_gain,0.785675,-8.8381,0.9761,,,1.0,,,,,,1.0
gunshot_gunfire__fsd50k__dev__267341__0157__r0__aug5.wav,gunshot_gunfire,FSD50K,267341,freesound:267341,gunshot_gunfire__fsd50k__dev__267341__0157__r0.wav,4e0c30e185036cb7e78f53fe9d79d5b50625f4d25cd2528a22a1e2c9cc5e361b,39a3a75c0e5e11166e7f2993fbc5812dd94e5e4b1406383ada633c96ac60f4b6,5,0.077347,44100,1.0,451,position_compression_background,0.598976,-5.7549,1.0,,,1.32266,19.525,0.05960925,2-102852-A-11.wav,sea_waves,esc50:102852,1.0
gunshot_gunfire__fsd50k__dev__267893__0158__r0__aug0.wav,gunshot_gunfire,FSD50K,267893,freesound:267893,gunshot_gunfire__fsd50k__dev__267893__0158__r0.wav,05780aef43b80de80e46b21c725ed4bf0b1d942227a6715103a9ad418de6b988,8e96cefd60d69ac99830a9efbfd0acf7528e7f95b8d36938958e0cd3776356f9,0,0.276893,44100,1.0,451,position_only,0.732711,0.0,1.0,,,1.0,,,,,,0.89125094
gunshot_gunfire__fsd50k__dev__267893__0158__r0__aug1.wav,gunshot_gunfire,FSD50K,267893,freesound:267893,gunshot_gunfire__fsd50k__dev__267893__0158__r0.wav,05780aef43b80de80e46b21c725ed4bf0b1d942227a6715103a9ad418de6b988,77f8300aefef477c46cb7ccdb67e2f3f54e398532474588ae30cca3d4aaadcba,1,0.276893,44100,1.0,451,position_gain,0.239055,-0.6053,1.0,,,1.0,,,,,,0.95557805
gunshot_gunfire__fsd50k__dev__267893__0158__r0__aug2.wav,gunshot_gunfire,FSD50K,267893,freesound:267893,gunshot_gunfire__fsd50k__dev__267893__0158__r0.wav,05780aef43b80de80e46b21c725ed4bf0b1d942227a6715103a9ad418de6b988,16688c32db237ed45830661173cf2fe9f457d1d2cf9b0b1908301f70e0515e96,2,0.276893,44100,1.0,451,position_gain_background,0.447682,-5.8661,1.0,,,1.0,24.2244,0.42788075,2-88724-A-38.wav,clock_tick,esc50:88724,1.0
gunshot_gunfire__fsd50k__dev__267893__0158__r0__aug3.wav,gunshot_gunfire,FSD50K,267893,freesound:267893,gunshot_gunfire__fsd50k__dev__267893__0158__r0.wav,05780aef43b80de80e46b21c725ed4bf0b1d942227a6715103a9ad418de6b988,52dfcba816e4668861004ae39bcded8e51af2f89faa662997d7aeb2db937b8ca,3,0.276893,44100,1.0,451,position_filter_background,0.305521,-4.4216,1.0,142.072,6512.03,1.0,19.7128,0.26481706,3-144128-B-23.wav,breathing,esc50:144128,1.0
gunshot_gunfire__fsd50k__dev__267893__0158__r0__aug4.wav,gunshot_gunfire,FSD50K,267893,freesound:267893,gunshot_gunfire__fsd50k__dev__267893__0158__r0.wav,05780aef43b80de80e46b21c725ed4bf0b1d942227a6715103a9ad418de6b988,c2d6185971637a6688c88a93d8480a07d63cf2c75f4fd6517afcb1cdb72390d8,4,0.276893,44100,1.0,451,position_speed_gain,0.257988,-0.8649,0.978748,,,1.0,,,,,,0.93655079
gunshot_gunfire__fsd50k__dev__267893__0158__r0__aug5.wav,gunshot_gunfire,FSD50K,267893,freesound:267893,gunshot_gunfire__fsd50k__dev__267893__0158__r0.wav,05780aef43b80de80e46b21c725ed4bf0b1d942227a6715103a9ad418de6b988,438637a73f0f037b3dff9ea8ff4a1bb3af8bc3a65a6c0358dfafe017dc794297,5,0.276893,44100,1.0,451,position_compression_background,0.244095,-0.2119,1.0,,,1.76816,14.3042,2.98135686,1-137-A-32.wav,keyboard_typing,esc50:137,0.89306766
gunshot_gunfire__fsd50k__dev__30185__0159__r0__aug0.wav,gunshot_gunfire,FSD50K,30185,freesound:30185,gunshot_gunfire__fsd50k__dev__30185__0159__r0.wav,d17bbe4942ccbc450ec5f17959c23097e1c9e7dcf02d05f9f564b171714d6aec,6e1a8a50bf5ef6ba050d2c65e7ce77e71d323c1b175ca1a60c424ba8cf71cb4e,0,4.088231,44100,1.0,451,position_only,0.210485,0.0,1.0,,,1.0,,,,,,0.89125094
gunshot_gunfire__fsd50k__dev__30185__0159__r0__aug1.wav,gunshot_gunfire,FSD50K,30185,freesound:30185,gunshot_gunfire__fsd50k__dev__30185__0159__r0.wav,d17bbe4942ccbc450ec5f17959c23097e1c9e7dcf02d05f9f564b171714d6aec,f674bb18ebe153a629bd14a0789df67692fe50d0268c5c0e0b82c3cd0df87cc1,1,4.088231,44100,1.0,451,position_gain,0.349028,-4.4258,1.0,,,1.0,,,,,,1.0
gunshot_gunfire__fsd50k__dev__30185__0159__r0__aug2.wav,gunshot_gunfire,FSD50K,30185,freesound:30185,gunshot_gunfire__fsd50k__dev__30185__0159__r0.wav,d17bbe4942ccbc450ec5f17959c23097e1c9e7dcf02d05f9f564b171714d6aec,d7c05bbc980d4469f1b59e9d837014f18dfbb260341234b47ba863480a71b9fa,2,4.088231,44100,1.0,451,position_gain_background,0.518604,2.0891,1.0,,,1.0,13.8823,0.91445154,2-131943-A-38.wav,clock_tick,esc50:131943,0.66242397
gunshot_gunfire__fsd50k__dev__30185__0159__r0__aug3.wav,gunshot_gunfire,FSD50K,30185,freesound:30185,gunshot_gunfire__fsd50k__dev__30185__0159__r0.wav,d17bbe4942ccbc450ec5f17959c23097e1c9e7dcf02d05f9f564b171714d6aec,5fab3f4ca0df1004e39268488c4e5551cbe44354f15598ba2516e96f08bca685,3,4.088231,44100,1.0,451,position_filter_background,0.490897,-11.7662,1.0,218.502,6258.208,1.0,19.9555,0.22587972,2-119748-A-38.wav,clock_tick,esc50:119748,1.0
gunshot_gunfire__fsd50k__dev__30185__0159__r0__aug4.wav,gunshot_gunfire,FSD50K,30185,freesound:30185,gunshot_gunfire__fsd50k__dev__30185__0159__r0.wav,d17bbe4942ccbc450ec5f17959c23097e1c9e7dcf02d05f9f564b171714d6aec,28307695bf139352c898fd6fa67eb5f45c9ee1e54ce6fd3e92f59156d062d57e,4,4.088231,44100,1.0,451,position_speed_gain,0.709753,-7.0385,0.991884,,,1.0,,,,,,1.0
gunshot_gunfire__fsd50k__dev__30185__0159__r0__aug5.wav,gunshot_gunfire,FSD50K,30185,freesound:30185,gunshot_gunfire__fsd50k__dev__30185__0159__r0.wav,d17bbe4942ccbc450ec5f17959c23097e1c9e7dcf02d05f9f564b171714d6aec,49c30e3def2b479ce66528a60e5115dcead4410b6d53ff7ab3a6f7a821bb03eb,5,4.088231,44100,1.0,451,position_compression_background,0.717969,-6.6145,1.0,,,1.55306,11.6448,0.14312749,2-120333-A-32.wav,keyboard_typing,esc50:120333,1.0
gunshot_gunfire__fsd50k__dev__315858__0160__r0__aug0.wav,gunshot_gunfire,FSD50K,315858,freesound:315858,gunshot_gunfire__fsd50k__dev__315858__0160__r0.wav,77cbe62cfa31c5925fa616704efbbabe60b120df8dcb3504ce7c9fb2314a5b7a,eef9ba8c1b0c8ce19eb4ce4aff2bc5f9b335d32a4644eeb3885f268382ba939d,0,0.88551,44100,1.0,451,position_only,0.46859,0.0,1.0,,,1.0,,,,,,0.89125094
gunshot_gunfire__fsd50k__dev__315858__0160__r0__aug1.wav,gunshot_gunfire,FSD50K,315858,freesound:315858,gunshot_gunfire__fsd50k__dev__315858__0160__r0.wav,77cbe62cfa31c5925fa616704efbbabe60b120df8dcb3504ce7c9fb2314a5b7a,ca6eae50597321970d0dce2ef875c17416be750708756b5753e9806d2ad15a83,1,0.88551,44100,1.0,451,position_gain,0.332624,-6.3373,1.0,,,1.0,,,,,,1.0
gunshot_gunfire__fsd50k__dev__315858__0160__r0__aug2.wav,gunshot_gunfire,FSD50K,315858,freesound:315858,gunshot_gunfire__fsd50k__dev__315858__0160__r0.wav,77cbe62cfa31c5925fa616704efbbabe60b120df8dcb3504ce7c9fb2314a5b7a,1ff5730939d17a1b5fb2ce55dcdb3d1d3614c129836e9e717023d9e1d2091ee0,2,0.88551,44100,1.0,451,position_gain_background,0.612157,-1.1398,1.0,,,1.0,18.2275,0.1257325,1-28135-B-11.wav,sea_waves,esc50:28135,1.0
gunshot_gunfire__fsd50k__dev__315858__0160__r0__aug3.wav,gunshot_gunfire,FSD50K,315858,freesound:315858,gunshot_gunfire__fsd50k__dev__315858__0160__r0.wav,77cbe62cfa31c5925fa616704efbbabe60b120df8dcb3504ce7c9fb2314a5b7a,9c6b3b430830c6abcd632c5ab8df97dee8008ab1b03d21c80be903c0c7e6afd7,3,0.88551,44100,1.0,451,position_filter_background,0.437801,0.1656,1.0,169.51,6835.415,1.0,21.3205,0.2106154,2-102568-A-35.wav,washing_machine,esc50:102568,0.93428304
gunshot_gunfire__fsd50k__dev__315858__0160__r0__aug4.wav,gunshot_gunfire,FSD50K,315858,freesound:315858,gunshot_gunfire__fsd50k__dev__315858__0160__r0.wav,77cbe62cfa31c5925fa616704efbbabe60b120df8dcb3504ce7c9fb2314a5b7a,1f3a87653a2630b23fd0252901f71d05a274df4d0b26121a3cec6c8288efe2e5,4,0.88551,44100,1.0,451,position_speed_gain,0.309371,-10.2134,1.031532,,,1.0,,,,,,1.0
gunshot_gunfire__fsd50k__dev__315858__0160__r0__aug5.wav,gunshot_gunfire,FSD50K,315858,freesound:315858,gunshot_gunfire__fsd50k__dev__315858__0160__r0.wav,77cbe62cfa31c5925fa616704efbbabe60b120df8dcb3504ce7c9fb2314a5b7a,22d55bd48fc0279b66e512f715fc88d007fe21ace29a6a93db9de78fbffa7045,5,0.88551,44100,1.0,451,position_compression_background,0.688931,-1.7118,1.0,,,1.72534,20.6423,0.07152771,2-120333-A-32.wav,keyboard_typing,esc50:120333,0.93893138
gunshot_gunfire__fsd50k__dev__319008__0161__r0__aug0.wav,gunshot_gunfire,FSD50K,319008,freesound:319008,gunshot_gunfire__fsd50k__dev__319008__0161__r0.wav,8bb0d344766a52c0ea9736497aa88a5693f10f46ea0692c7d471f29142463b28,dadaf152d6e95e2e135615475b3a0585a26f0083fdc68a2ecbadaea28b80f244,0,3.953537,44100,1.0,451,position_only,0.269983,0.0,1.0,,,1.0,,,,,,0.93664242
gunshot_gunfire__fsd50k__dev__319008__0161__r0__aug1.wav,gunshot_gunfire,FSD50K,319008,freesound:319008,gunshot_gunfire__fsd50k__dev__319008__0161__r0.wav,8bb0d344766a52c0ea9736497aa88a5693f10f46ea0692c7d471f29142463b28,357fcd5763607b5fbdfa1cdab3f62934ebb54d6a80582351f0485fb20ea25495,1,3.953537,44100,1.0,451,position_gain,0.21049,-0.801,1.0,,,1.0,,,,,,1.0
gunshot_gunfire__fsd50k__dev__319008__0161__r0__aug2.wav,gunshot_gunfire,FSD50K,319008,freesound:319008,gunshot_gunfire__fsd50k__dev__319008__0161__r0.wav,8bb0d344766a52c0ea9736497aa88a5693f10f46ea0692c7d471f29142463b28,9f15856e079c2ddc3578e7cbffccb1c1b59ac10c928544521e0d0e8dddb53fa8,2,3.953537,44100,1.0,451,position_gain_background,0.734195,3.7031,1.0,,,1.0,23.1267,0.46333,3-187710-A-11.wav,sea_waves,esc50:187710,0.61275363
gunshot_gunfire__fsd50k__dev__319008__0161__r0__aug3.wav,gunshot_gunfire,FSD50K,319008,freesound:319008,gunshot_gunfire__fsd50k__dev__319008__0161__r0.wav,8bb0d344766a52c0ea9736497aa88a5693f10f46ea0692c7d471f29142463b28,0d75aec0b997a0f3bcebe5c510a138fffc0f153c95c75938bae0353264cb2c29,3,3.953537,44100,1.0,451,position_filter_background,0.649449,-11.6842,1.0,151.686,6368.64,1.0,16.1949,0.01392047,3-166422-A-11.wav,sea_waves,esc50:166422,1.0
gunshot_gunfire__fsd50k__dev__319008__0161__r0__aug4.wav,gunshot_gunfire,FSD50K,319008,freesound:319008,gunshot_gunfire__fsd50k__dev__319008__0161__r0.wav,8bb0d344766a52c0ea9736497aa88a5693f10f46ea0692c7d471f29142463b28,dc69019c58a86a804ac34392216304f88f9860e7becdedbe5701dd0d53aa4556,4,3.953537,44100,1.0,451,position_speed_gain,0.190372,-10.2462,1.021182,,,1.0,,,,,,1.0
gunshot_gunfire__fsd50k__dev__319008__0161__r0__aug5.wav,gunshot_gunfire,FSD50K,319008,freesound:319008,gunshot_gunfire__fsd50k__dev__319008__0161__r0.wav,8bb0d344766a52c0ea9736497aa88a5693f10f46ea0692c7d471f29142463b28,9557c844eaa17e46336dfca312711371790377f2b94c9dce5b84a203e01ada6e,5,3.953537,44100,1.0,451,position_compression_background,0.464084,-3.0153,1.0,,,1.63711,21.215,0.19504792,2-140147-A-38.wav,clock_tick,esc50:140147,1.0
gunshot_gunfire__fsd50k__dev__319009__0162__r0__aug0.wav,gunshot_gunfire,FSD50K,319009,freesound:319009,gunshot_gunfire__fsd50k__dev__319009__0162__r0.wav,a93fab7337d69686c39ed8ef88db7b718a4ff987045fe78088d043db23d21c2e,870adbe5daeaca718040a16a51780aacbc35595d0947a136cd8e1305b599b79e,0,4.322698,44100,1.0,451,position_only,0.15874,0.0,1.0,,,1.0,,,,,,1.0
gunshot_gunfire__fsd50k__dev__319009__0162__r0__aug1.wav,gunshot_gunfire,FSD50K,319009,freesound:319009,gunshot_gunfire__fsd50k__dev__319009__0162__r0.wav,a93fab7337d69686c39ed8ef88db7b718a4ff987045fe78088d043db23d21c2e,34eb8255a9a1858f6679ef6ca6cd9d0bb307378fec91b70c95520e6b05366957,1,4.322698,44100,1.0,451,position_gain,0.322607,-10.1865,1.0,,,1.0,,,,,,1.0
gunshot_gunfire__fsd50k__dev__319009__0162__r0__aug2.wav,gunshot_gunfire,FSD50K,319009,freesound:319009,gunshot_gunfire__fsd50k__dev__319009__0162__r0.wav,a93fab7337d69686c39ed8ef88db7b718a4ff987045fe78088d043db23d21c2e,74e61ed03000c243e5d054c591dd5d142708388affdb05ceedc9764ef579776c,2,4.322698,44100,1.0,451,position_gain_background,0.701464,-7.6147,1.0,,,1.0,16.4378,0.00026088,3-182710-A-35.wav,washing_machine,esc50:182710,1.0
gunshot_gunfire__fsd50k__dev__319009__0162__r0__aug3.wav,gunshot_gunfire,FSD50K,319009,freesound:319009,gunshot_gunfire__fsd50k__dev__319009__0162__r0.wav,a93fab7337d69686c39ed8ef88db7b718a4ff987045fe78088d043db23d21c2e,f848e973320faed4d444258a4649861002002048346cce6eec149dbdc01d7203,3,4.322698,44100,1.0,451,position_filter_background,0.325302,-1.441,1.0,187.105,5651.533,1.0,24.9957,5.042e-05,1-32373-A-35.wav,washing_machine,esc50:32373,1.0
gunshot_gunfire__fsd50k__dev__319009__0162__r0__aug4.wav,gunshot_gunfire,FSD50K,319009,freesound:319009,gunshot_gunfire__fsd50k__dev__319009__0162__r0.wav,a93fab7337d69686c39ed8ef88db7b718a4ff987045fe78088d043db23d21c2e,cfecb85a9c2e36e9237d569b18302476bc4741954dbc9f825df3ee016e9dd6ff,4,4.322698,44100,1.0,451,position_speed_gain,0.298882,-11.3156,0.990668,,,1.0,,,,,,1.0
gunshot_gunfire__fsd50k__dev__319009__0162__r0__aug5.wav,gunshot_gunfire,FSD50K,319009,freesound:319009,gunshot_gunfire__fsd50k__dev__319009__0162__r0.wav,a93fab7337d69686c39ed8ef88db7b718a4ff987045fe78088d043db23d21c2e,a9552743b4e25650193db2c0abb7adacd42ca2d6618a71c1616c0db79c74ec7a,5,4.322698,44100,1.0,451,position_compression_background,0.718357,-5.2169,1.0,,,1.28109,11.9586,0.00581114,3-171012-A-38.wav,clock_tick,esc50:171012,1.0
gunshot_gunfire__fsd50k__dev__319010__0163__r0__aug0.wav,gunshot_gunfire,FSD50K,319010,freesound:319010,gunshot_gunfire__fsd50k__dev__319010__0163__r0.wav,0f62eeb50612ae5faeb4fc34d12e15ffb2b5da976593a5752211475cd1d3e237,ac667fb6ebf8760cc616eb3ff0d6d99a7f7bfbec9689b2e28afe48a3f4085428,0,1.683696,44100,1.0,451,position_only,0.21541,0.0,1.0,,,1.0,,,,,,1.0
gunshot_gunfire__fsd50k__dev__319010__0163__r0__aug1.wav,gunshot_gunfire,FSD50K,319010,freesound:319010,gunshot_gunfire__fsd50k__dev__319010__0163__r0.wav,0f62eeb50612ae5faeb4fc34d12e15ffb2b5da976593a5752211475cd1d3e237,42ca4c2982afef7e040ba78f628da2e1b09b9fd75c8fc5d26af15dfaaa2e476a,1,1.683696,44100,1.0,451,position_gain,0.354994,-7.0867,1.0,,,1.0,,,,,,1.0
gunshot_gunfire__fsd50k__dev__319010__0163__r0__aug2.wav,gunshot_gunfire,FSD50K,319010,freesound:319010,gunshot_gunfire__fsd50k__dev__319010__0163__r0.wav,0f62eeb50612ae5faeb4fc34d12e15ffb2b5da976593a5752211475cd1d3e237,6cb6468580cbd01322118ce83d1768654e794e09697daec01bbf0e5e30b5d514,2,1.683696,44100,1.0,451,position_gain_background,0.313816,-7.5369,1.0,,,1.0,20.2384,0.00370341,3-156393-A-35.wav,washing_machine,esc50:156393,1.0
gunshot_gunfire__fsd50k__dev__319010__0163__r0__aug3.wav,gunshot_gunfire,FSD50K,319010,freesound:319010,gunshot_gunfire__fsd50k__dev__319010__0163__r0.wav,0f62eeb50612ae5faeb4fc34d12e15ffb2b5da976593a5752211475cd1d3e237,87502b9baa932ed8a6f0df882a9f2322c85f54f481062f1a7439de0b8ffa03b2,3,1.683696,44100,1.0,451,position_filter_background,0.621267,-9.5889,1.0,96.629,6872.975,1.0,24.841,0.08412839,3-153444-A-32.wav,keyboard_typing,esc50:153444,1.0
gunshot_gunfire__fsd50k__dev__319010__0163__r0__aug4.wav,gunshot_gunfire,FSD50K,319010,freesound:319010,gunshot_gunfire__fsd50k__dev__319010__0163__r0.wav,0f62eeb50612ae5faeb4fc34d12e15ffb2b5da976593a5752211475cd1d3e237,daa1542ca71ea349ceba343961e730416d48f3bd068374a806eff9f174f21954,4,1.683696,44100,1.0,451,position_speed_gain,0.24613,-8.4703,0.961638,,,1.0,,,,,,1.0
gunshot_gunfire__fsd50k__dev__319010__0163__r0__aug5.wav,gunshot_gunfire,FSD50K,319010,freesound:319010,gunshot_gunfire__fsd50k__dev__319010__0163__r0.wav,0f62eeb50612ae5faeb4fc34d12e15ffb2b5da976593a5752211475cd1d3e237,3653a8ab16bb4565516dfddb3e6ef3d3f4ae822ee3970785b2842b0d20abe665,5,1.683696,44100,1.0,451,position_compression_background,0.298772,-8.0341,1.0,,,1.39273,16.5542,0.00172255,3-166422-A-11.wav,sea_waves,esc50:166422,1.0
gunshot_gunfire__fsd50k__dev__320135__0164__r0__aug0.wav,gunshot_gunfire,FSD50K,320135,freesound:320135,gunshot_gunfire__fsd50k__dev__320135__0164__r0.wav,0c6eeca98b25dda1e74e48be4217e75c0bcab51f53cb1e1b56d425e1984b9d02,b2d7177f71ce7a587133bf59cf092c4f97d61ec775cef81f9be25841cd657dec,0,3.938571,44100,1.0,451,position_only,0.684969,0.0,1.0,,,1.0,,,,,,1.0
gunshot_gunfire__fsd50k__dev__320135__0164__r0__aug1.wav,gunshot_gunfire,FSD50K,320135,freesound:320135,gunshot_gunfire__fsd50k__dev__320135__0164__r0.wav,0c6eeca98b25dda1e74e48be4217e75c0bcab51f53cb1e1b56d425e1984b9d02,6ed9d9617398a4ef0a7608a63612fe5fbf8114dfcc8db2f81d84c6e19917bf61,1,3.938571,44100,1.0,451,position_gain,0.76931,4.5541,1.0,,,1.0,,,,,,0.64734536
gunshot_gunfire__fsd50k__dev__320135__0164__r0__aug2.wav,gunshot_gunfire,FSD50K,320135,freesound:320135,gunshot_gunfire__fsd50k__dev__320135__0164__r0.wav,0c6eeca98b25dda1e74e48be4217e75c0bcab51f53cb1e1b56d425e1984b9d02,86d449b4572fddc88e3b11901971a8738c9dde58a5d54a31172a5840d5f66885,2,3.938571,44100,1.0,451,position_gain_background,0.543852,-1.311,1.0,,,1.0,12.2636,0.86239833,3-156391-A-35.wav,washing_machine,esc50:156391,1.0
gunshot_gunfire__fsd50k__dev__320135__0164__r0__aug3.wav,gunshot_gunfire,FSD50K,320135,freesound:320135,gunshot_gunfire__fsd50k__dev__320135__0164__r0.wav,0c6eeca98b25dda1e74e48be4217e75c0bcab51f53cb1e1b56d425e1984b9d02,5d4f9be11e9a49719f761b6ede966c1298f0798e1a2381a0828c5e20275cf74f,3,3.938571,44100,1.0,451,position_filter_background,0.465802,-3.1861,1.0,182.361,7230.859,1.0,17.3247,0.28647913,2-82455-A-23.wav,breathing,esc50:82455,1.0
gunshot_gunfire__fsd50k__dev__320135__0164__r0__aug4.wav,gunshot_gunfire,FSD50K,320135,freesound:320135,gunshot_gunfire__fsd50k__dev__320135__0164__r0.wav,0c6eeca98b25dda1e74e48be4217e75c0bcab51f53cb1e1b56d425e1984b9d02,4a8a1248d26dd1deb9d6150e30157356a4d8fb8934a3d547d1c2852d27f37143,4,3.938571,44100,1.0,451,position_speed_gain,0.242525,-0.225,0.973381,,,1.0,,,,,,1.0
gunshot_gunfire__fsd50k__dev__320135__0164__r0__aug5.wav,gunshot_gunfire,FSD50K,320135,freesound:320135,gunshot_gunfire__fsd50k__dev__320135__0164__r0.wav,0c6eeca98b25dda1e74e48be4217e75c0bcab51f53cb1e1b56d425e1984b9d02,c6d7947839ab7e75d8466d533dfae4d3b92fd10ed6d5800be6f9c6166432eaa7,5,3.938571,44100,1.0,451,position_compression_background,0.179448,-2.9371,1.0,,,1.46316,24.4386,0.02165641,1-23996-B-35.wav,washing_machine,esc50:23996,1.0
gunshot_gunfire__fsd50k__dev__320136__0165__r0__aug0.wav,gunshot_gunfire,FSD50K,320136,freesound:320136,gunshot_gunfire__fsd50k__dev__320136__0165__r0.wav,96f46e9c7f3eab3dab17c4c7c2504fe323c18df9dddeb4084f286c2f91bb01c6,125378aa7656059fdaeb1a36587f2cb84322c658490e99170befadc01d13940e,0,0.571224,44100,1.0,451,position_only,0.713076,0.0,1.0,,,1.0,,,,,,1.0
gunshot_gunfire__fsd50k__dev__320136__0165__r0__aug1.wav,gunshot_gunfire,FSD50K,320136,freesound:320136,gunshot_gunfire__fsd50k__dev__320136__0165__r0.wav,96f46e9c7f3eab3dab17c4c7c2504fe323c18df9dddeb4084f286c2f91bb01c6,04215580a7e35d53d70953f0acaaa905744ffae629bb1470f9ba86953c148c57,1,0.571224,44100,1.0,451,position_gain,0.306947,-4.0843,1.0,,,1.0,,,,,,1.0
gunshot_gunfire__fsd50k__dev__320136__0165__r0__aug2.wav,gunshot_gunfire,FSD50K,320136,freesound:320136,gunshot_gunfire__fsd50k__dev__320136__0165__r0.wav,96f46e9c7f3eab3dab17c4c7c2504fe323c18df9dddeb4084f286c2f91bb01c6,589015752db44b2efef1947ed830d9f234b93841b64d4de36df053a0c739da19,2,0.571224,44100,1.0,451,position_gain_background,0.298671,2.8284,1.0,,,1.0,14.1796,0.15020952,3-166422-A-11.wav,sea_waves,esc50:166422,0.97578867
gunshot_gunfire__fsd50k__dev__320136__0165__r0__aug3.wav,gunshot_gunfire,FSD50K,320136,freesound:320136,gunshot_gunfire__fsd50k__dev__320136__0165__r0.wav,96f46e9c7f3eab3dab17c4c7c2504fe323c18df9dddeb4084f286c2f91bb01c6,80eacb5c1f80d3b32fcfc3c2ab554c02a1e264687937172f730584ab02fd1d8c,3,0.571224,44100,1.0,451,position_filter_background,0.423542,-7.699,1.0,243.726,6573.593,1.0,22.8091,0.02222052,3-144827-B-11.wav,sea_waves,esc50:144827,1.0
gunshot_gunfire__fsd50k__dev__320136__0165__r0__aug4.wav,gunshot_gunfire,FSD50K,320136,freesound:320136,gunshot_gunfire__fsd50k__dev__320136__0165__r0.wav,96f46e9c7f3eab3dab17c4c7c2504fe323c18df9dddeb4084f286c2f91bb01c6,1afc9c1f40a5c2f9b73943ddb707a1cb1f9ad4c44b874d7b9a3b55f7af7de2b2,4,0.571224,44100,1.0,451,position_speed_gain,0.296478,3.4576,0.986558,,,1.0,,,,,,0.8969461
gunshot_gunfire__fsd50k__dev__320136__0165__r0__aug5.wav,gunshot_gunfire,FSD50K,320136,freesound:320136,gunshot_gunfire__fsd50k__dev__320136__0165__r0.wav,96f46e9c7f3eab3dab17c4c7c2504fe323c18df9dddeb4084f286c2f91bb01c6,05802b208456a31dded730d1d8f2190e25acf4b89d8106333712ee3131c22ee7,5,0.571224,44100,1.0,451,position_compression_background,0.232916,-9.3606,1.0,,,1.59052,21.0273,0.01670821,2-121909-A-35.wav,washing_machine,esc50:121909,1.0
gunshot_gunfire__fsd50k__dev__324585__0166__r0__aug0.wav,gunshot_gunfire,FSD50K,324585,freesound:324585,gunshot_gunfire__fsd50k__dev__324585__0166__r0.wav,364f778cc02dcae5c1beaeb362c2af309c50b8eb2b92ac31ee42bac0fb2db9c6,fcded0dea05965fa8f710736328439b65c7a7d592cefc951c19ae4c2474793ca,0,0.441519,44100,1.0,451,position_only,0.714116,0.0,1.0,,,1.0,,,,,,0.89125094
gunshot_gunfire__fsd50k__dev__324585__0166__r0__aug1.wav,gunshot_gunfire,FSD50K,324585,freesound:324585,gunshot_gunfire__fsd50k__dev__324585__0166__r0.wav,364f778cc02dcae5c1beaeb362c2af309c50b8eb2b92ac31ee42bac0fb2db9c6,37406ff927280cd1c48f23798fd7e17768535cf99840be5a0894797e6a59632d,1,0.441519,44100,1.0,451,position_gain,0.520737,4.2944,1.0,,,1.0,,,,,,0.54360075
gunshot_gunfire__fsd50k__dev__324585__0166__r0__aug2.wav,gunshot_gunfire,FSD50K,324585,freesound:324585,gunshot_gunfire__fsd50k__dev__324585__0166__r0.wav,364f778cc02dcae5c1beaeb362c2af309c50b8eb2b92ac31ee42bac0fb2db9c6,cbf190f1926f043d5ea2a4406cd01d696a8a3a18141c82e0c082e13e6cf2a3b1,2,0.441519,44100,1.0,451,position_gain_background,0.483032,-5.9923,1.0,,,1.0,24.5425,0.0632917,2-51173-A-35.wav,washing_machine,esc50:51173,1.0
gunshot_gunfire__fsd50k__dev__324585__0166__r0__aug3.wav,gunshot_gunfire,FSD50K,324585,freesound:324585,gunshot_gunfire__fsd50k__dev__324585__0166__r0.wav,364f778cc02dcae5c1beaeb362c2af309c50b8eb2b92ac31ee42bac0fb2db9c6,47211daaa4b1cc9d506fba2119c2e881fbd8952dd64e413f4cae2011043977e6,3,0.441519,44100,1.0,451,position_filter_background,0.165495,-0.9846,1.0,244.028,7098.398,1.0,17.7721,0.20500281,1-28135-A-11.wav,sea_waves,esc50:28135,1.0
gunshot_gunfire__fsd50k__dev__324585__0166__r0__aug4.wav,gunshot_gunfire,FSD50K,324585,freesound:324585,gunshot_gunfire__fsd50k__dev__324585__0166__r0.wav,364f778cc02dcae5c1beaeb362c2af309c50b8eb2b92ac31ee42bac0fb2db9c6,e6c0bcd10c6fffee7e842a91e0583043875b5b828c5605fcedda2aba52132108,4,0.441519,44100,1.0,451,position_speed_gain,0.170136,-7.219,1.012814,,,1.0,,,,,,1.0
gunshot_gunfire__fsd50k__dev__324585__0166__r0__aug5.wav,gunshot_gunfire,FSD50K,324585,freesound:324585,gunshot_gunfire__fsd50k__dev__324585__0166__r0.wav,364f778cc02dcae5c1beaeb362c2af309c50b8eb2b92ac31ee42bac0fb2db9c6,e3d5845d09e4b02b5625bcc35a7f1563b5d47fdae7d4f38a79626ac283078caa,5,0.441519,44100,1.0,451,position_compression_background,0.439261,-3.6749,1.0,,,1.52598,10.3473,0.82822609,1-43760-A-11.wav,sea_waves,esc50:43760,0.92100006
gunshot_gunfire__fsd50k__dev__32799__0167__r0__aug0.wav,gunshot_gunfire,FSD50K,32799,freesound:32799,gunshot_gunfire__fsd50k__dev__32799__0167__r0.wav,64c8797f2d46ef0234b4b7ffed7a94a63f7294551cb11a3d9f8b296f29104dee,ca2544b30a69128a4d624f4d7bc6fcb3db1d96a19501755583bcdb2253369d31,0,0.556259,44100,1.0,451,position_only,0.619528,0.0,1.0,,,1.0,,,,,,1.0
gunshot_gunfire__fsd50k__dev__32799__0167__r0__aug1.wav,gunshot_gunfire,FSD50K,32799,freesound:32799,gunshot_gunfire__fsd50k__dev__32799__0167__r0.wav,64c8797f2d46ef0234b4b7ffed7a94a63f7294551cb11a3d9f8b296f29104dee,a10307f7db8f7dd4ab761837a7157d25bf56d5d88a864ae6a0e6026c7729634d,1,0.556259,44100,1.0,451,position_gain,0.689748,-5.9497,1.0,,,1.0,,,,,,1.0
gunshot_gunfire__fsd50k__dev__32799__0167__r0__aug2.wav,gunshot_gunfire,FSD50K,32799,freesound:32799,gunshot_gunfire__fsd50k__dev__32799__0167__r0.wav,64c8797f2d46ef0234b4b7ffed7a94a63f7294551cb11a3d9f8b296f29104dee,b6d1e92bbffe292b1f46b1a106a1488e0693cfa4123dc4aa3c2779b9cee4b2f3,2,0.556259,44100,1.0,451,position_gain_background,0.322948,-1.041,1.0,,,1.0,21.1984,0.45293421,3-171012-A-38.wav,clock_tick,esc50:171012,1.0
gunshot_gunfire__fsd50k__dev__32799__0167__r0__aug3.wav,gunshot_gunfire,FSD50K,32799,freesound:32799,gunshot_gunfire__fsd50k__dev__32799__0167__r0.wav,64c8797f2d46ef0234b4b7ffed7a94a63f7294551cb11a3d9f8b296f29104dee,d981a6f0d93712ede7eab0dd55d9f15be4a003232b7f23b429e8339da808372c,3,0.556259,44100,1.0,451,position_filter_background,0.301152,-9.1667,1.0,174.586,7591.047,1.0,16.9779,0.19078266,1-62849-A-38.wav,clock_tick,esc50:62849,1.0
gunshot_gunfire__fsd50k__dev__32799__0167__r0__aug4.wav,gunshot_gunfire,FSD50K,32799,freesound:32799,gunshot_gunfire__fsd50k__dev__32799__0167__r0.wav,64c8797f2d46ef0234b4b7ffed7a94a63f7294551cb11a3d9f8b296f29104dee,0979ca7ecef6d1fe8d9cab10e678704fe40679d217246c5a7a39c033ad235a8f,4,0.556259,44100,1.0,451,position_speed_gain,0.581738,-2.4891,1.028595,,,1.0,,,,,,1.0
gunshot_gunfire__fsd50k__dev__32799__0167__r0__aug5.wav,gunshot_gunfire,FSD50K,32799,freesound:32799,gunshot_gunfire__fsd50k__dev__32799__0167__r0.wav,64c8797f2d46ef0234b4b7ffed7a94a63f7294551cb11a3d9f8b296f29104dee,95dcfbb1b7ce3b25656534cdbc57b94bae5e8f5c8af7f6cbf99213f2e76d0a62,5,0.556259,44100,1.0,451,position_compression_background,0.160577,-6.4096,1.0,,,1.48589,11.8063,0.10725128,1-91359-B-11.wav,sea_waves,esc50:91359,1.0
gunshot_gunfire__fsd50k__dev__32841__0168__r0__aug0.wav,gunshot_gunfire,FSD50K,32841,freesound:32841,gunshot_gunfire__fsd50k__dev__32841__0168__r0.wav,57d6063610ec0dff25f61c512ca07d672afbe10ce1adef4b8501446fce5b49b8,ff0b91149ae5e54d89c1e958b9e86131ace9e33003fd94f55bf294afa4df3fcb,0,0.461474,44100,1.0,451,position_only,0.399061,0.0,1.0,,,1.0,,,,,,0.89130534
gunshot_gunfire__fsd50k__dev__32841__0168__r0__aug1.wav,gunshot_gunfire,FSD50K,32841,freesound:32841,gunshot_gunfire__fsd50k__dev__32841__0168__r0.wav,57d6063610ec0dff25f61c512ca07d672afbe10ce1adef4b8501446fce5b49b8,06100ce8b1541cac2551cc3e29121dc69f9bc14ba922455477af41417439c322,1,0.461474,44100,1.0,451,position_gain,0.533564,-7.709,1.0,,,1.0,,,,,,1.0
gunshot_gunfire__fsd50k__dev__32841__0168__r0__aug2.wav,gunshot_gunfire,FSD50K,32841,freesound:32841,gunshot_gunfire__fsd50k__dev__32841__0168__r0.wav,57d6063610ec0dff25f61c512ca07d672afbe10ce1adef4b8501446fce5b49b8,5bc974d421577779f66380a59db53a1ce9d9873b8d46092ca8c5740d399041e9,2,0.461474,44100,1.0,451,position_gain_background,0.166475,-8.9456,1.0,,,1.0,21.0053,0.05608243,1-61252-A-11.wav,sea_waves,esc50:61252,1.0
gunshot_gunfire__fsd50k__dev__32841__0168__r0__aug3.wav,gunshot_gunfire,FSD50K,32841,freesound:32841,gunshot_gunfire__fsd50k__dev__32841__0168__r0.wav,57d6063610ec0dff25f61c512ca07d672afbe10ce1adef4b8501446fce5b49b8,0b7db0f1d540b8a245edc15d05a0c0bc1654742e2535c251cd3ecaa92b362736,3,0.461474,44100,1.0,451,position_filter_background,0.640411,-6.5982,1.0,224.786,5903.633,1.0,14.4698,13.32307779,3-166125-B-23.wav,breathing,esc50:166125,1.0
gunshot_gunfire__fsd50k__dev__32841__0168__r0__aug4.wav,gunshot_gunfire,FSD50K,32841,freesound:32841,gunshot_gunfire__fsd50k__dev__32841__0168__r0.wav,57d6063610ec0dff25f61c512ca07d672afbe10ce1adef4b8501446fce5b49b8,71a812961fe347a4aed97ffd337a90154c4f28c52d35255129a519a0897fe783,4,0.461474,44100,1.0,451,position_speed_gain,0.554332,-8.4989,0.999809,,,1.0,,,,,,1.0
gunshot_gunfire__fsd50k__dev__32841__0168__r0__aug5.wav,gunshot_gunfire,FSD50K,32841,freesound:32841,gunshot_gunfire__fsd50k__dev__32841__0168__r0.wav,57d6063610ec0dff25f61c512ca07d672afbe10ce1adef4b8501446fce5b49b8,e3735023e840d7eb2873c2affe48b9f1ecc4a6430d3a1d5cfa283f1199ed3019,5,0.461474,44100,1.0,451,position_compression_background,0.327096,3.9579,1.0,,,1.2273,20.2894,0.49560527,2-124662-A-11.wav,sea_waves,esc50:124662,0.78087196
gunshot_gunfire__fsd50k__dev__32842__0169__r0__aug0.wav,gunshot_gunfire,FSD50K,32842,freesound:32842,gunshot_gunfire__fsd50k__dev__32842__0169__r0.wav,8cabd436014968209af80fabc709cfc74edffea23c4a25620843137d2842712c,886ced22a60765dcf90dcf791a6127cdd3cf78516c2a01674fbbf4d6a04defee,0,0.366689,44100,1.0,451,position_only,0.441582,0.0,1.0,,,1.0,,,,,,0.89130534
gunshot_gunfire__fsd50k__dev__32842__0169__r0__aug1.wav,gunshot_gunfire,FSD50K,32842,freesound:32842,gunshot_gunfire__fsd50k__dev__32842__0169__r0.wav,8cabd436014968209af80fabc709cfc74edffea23c4a25620843137d2842712c,27229a610c305b040c6c53cf95a115fa978d4ec9979098376e95182e04f6f3b2,1,0.366689,44100,1.0,451,position_gain,0.709791,4.8864,1.0,,,1.0,,,,,,0.58433943
gunshot_gunfire__fsd50k__dev__32842__0169__r0__aug2.wav,gunshot_gunfire,FSD50K,32842,freesound:32842,gunshot_gunfire__fsd50k__dev__32842__0169__r0.wav,8cabd436014968209af80fabc709cfc74edffea23c4a25620843137d2842712c,a5b8cd4aa8aaf08c8a96d9d05d62d862868c6f6ddf55fb8d9a6dcac65235b592,2,0.366689,44100,1.0,451,position_gain_background,0.410494,-6.871,1.0,,,1.0,14.8366,0.12221013,1-27165-A-35.wav,washing_machine,esc50:27165,1.0
gunshot_gunfire__fsd50k__dev__32842__0169__r0__aug3.wav,gunshot_gunfire,FSD50K,32842,freesound:32842,gunshot_gunfire__fsd50k__dev__32842__0169__r0.wav,8cabd436014968209af80fabc709cfc74edffea23c4a25620843137d2842712c,51ea7c6044bba59b1b98a0ad74a62c3b3dd466a9d2a51f63e73dbf408818baf5,3,0.366689,44100,1.0,451,position_filter_background,0.780977,1.1059,1.0,204.819,7699.535,1.0,17.9302,0.22286723,1-21934-A-38.wav,clock_tick,esc50:21934,1.0
gunshot_gunfire__fsd50k__dev__32842__0169__r0__aug4.wav,gunshot_gunfire,FSD50K,32842,freesound:32842,gunshot_gunfire__fsd50k__dev__32842__0169__r0.wav,8cabd436014968209af80fabc709cfc74edffea23c4a25620843137d2842712c,e0854e185cd85cab00c16401980b1a41ee89814a39c9b3ce8ed23dcb39eabfdb,4,0.366689,44100,1.0,451,position_speed_gain,0.445821,-3.8618,1.005807,,,1.0,,,,,,1.0
gunshot_gunfire__fsd50k__dev__32842__0169__r0__aug5.wav,gunshot_gunfire,FSD50K,32842,freesound:32842,gunshot_gunfire__fsd50k__dev__32842__0169__r0.wav,8cabd436014968209af80fabc709cfc74edffea23c4a25620843137d2842712c,822b0ba3f388a26d637c9e3a94863af17b28ef6301f63740e8b2645dd8d0f40c,5,0.366689,44100,1.0,451,position_compression_background,0.208461,-10.7204,1.0,,,1.6049,16.1017,0.03725992,2-137162-A-11.wav,sea_waves,esc50:137162,1.0
gunshot_gunfire__fsd50k__dev__332479__0170__r0__aug0.wav,gunshot_gunfire,FSD50K,332479,freesound:332479,gunshot_gunfire__fsd50k__dev__332479__0170__r0.wav,014c7fa2f9ffbd726683ab24fd93fd71ab069ae54c97456e638a7d4c683d3a46,ca7e83beff19181cb9ba8252a19c5804686b661da61b84c1519a4136ac3ba785,0,2.761247,44100,1.0,451,position_only,0.229185,0.0,1.0,,,1.0,,,,,,1.0
gunshot_gunfire__fsd50k__dev__332479__0170__r0__aug1.wav,gunshot_gunfire,FSD50K,332479,freesound:332479,gunshot_gunfire__fsd50k__dev__332479__0170__r0.wav,014c7fa2f9ffbd726683ab24fd93fd71ab069ae54c97456e638a7d4c683d3a46,b06207d380a3343f725556423b354e8bcb94cf8dcbe513cfc766a55d3f980cc6,1,2.761247,44100,1.0,451,position_gain,0.608349,-2.1628,1.0,,,1.0,,,,,,1.0
gunshot_gunfire__fsd50k__dev__332479__0170__r0__aug2.wav,gunshot_gunfire,FSD50K,332479,freesound:332479,gunshot_gunfire__fsd50k__dev__332479__0170__r0.wav,014c7fa2f9ffbd726683ab24fd93fd71ab069ae54c97456e638a7d4c683d3a46,5e42b5b6c1636aabcfcfb5917a624d0c32d6587ee4176a12e7d67df5cdd826ed,2,2.761247,44100,1.0,451,position_gain_background,0.540673,-11.943,1.0,,,1.0,18.5701,0.00642678,2-102567-C-35.wav,washing_machine,esc50:102567,1.0
gunshot_gunfire__fsd50k__dev__332479__0170__r0__aug3.wav,gunshot_gunfire,FSD50K,332479,freesound:332479,gunshot_gunfire__fsd50k__dev__332479__0170__r0.wav,014c7fa2f9ffbd726683ab24fd93fd71ab069ae54c97456e638a7d4c683d3a46,8435490f04c432856cf74eb58db6fe1da2b9764ea305c6cb54498d627ca6a90c,3,2.761247,44100,1.0,451,position_filter_background,0.606909,-7.5014,1.0,147.277,6967.266,1.0,10.9859,3738.17636241,1-36400-A-23.wav,breathing,esc50:36400,1.0
gunshot_gunfire__fsd50k__dev__332479__0170__r0__aug4.wav,gunshot_gunfire,FSD50K,332479,freesound:332479,gunshot_gunfire__fsd50k__dev__332479__0170__r0.wav,014c7fa2f9ffbd726683ab24fd93fd71ab069ae54c97456e638a7d4c683d3a46,2ca96634297684ae4ff5e8b7f8de01f948734dc7040a07f017b726c1c93c5d77,4,2.761247,44100,1.0,451,position_speed_gain,0.770582,4.3699,1.030143,,,1.0,,,,,,0.68693015
gunshot_gunfire__fsd50k__dev__332479__0170__r0__aug5.wav,gunshot_gunfire,FSD50K,332479,freesound:332479,gunshot_gunfire__fsd50k__dev__332479__0170__r0.wav,014c7fa2f9ffbd726683ab24fd93fd71ab069ae54c97456e638a7d4c683d3a46,3c02f44894d229ebdd0f1ce8f39dda0094386b621e076a09a07491d17fbcdea9,5,2.761247,44100,1.0,451,position_compression_background,0.377355,-2.8403,1.0,,,1.29972,20.6049,0.08385843,1-36393-A-23.wav,breathing,esc50:36393,1.0
gunshot_gunfire__fsd50k__dev__337166__0171__r0__aug0.wav,gunshot_gunfire,FSD50K,337166,freesound:337166,gunshot_gunfire__fsd50k__dev__337166__0171__r0.wav,5f3ec1346ae8cb8ebf68f099e91efe1e7728dfa4f0ad11691b4dc7ff4aab6b96,eb67d7c112192d12d9483e8f1a841704f3752d4a542234f4e7be4d8ce344114f,0,0.032449,44100,1.0,451,position_only,0.421145,0.0,1.0,,,1.0,,,,,,0.89125094
gunshot_gunfire__fsd50k__dev__337166__0171__r0__aug1.wav,gunshot_gunfire,FSD50K,337166,freesound:337166,gunshot_gunfire__fsd50k__dev__337166__0171__r0.wav,5f3ec1346ae8cb8ebf68f099e91efe1e7728dfa4f0ad11691b4dc7ff4aab6b96,a88de77f65143281a25d50202287a3fdc148817331adff784b1d13a4593f7f5a,1,0.032449,44100,1.0,451,position_gain,0.475414,4.1098,1.0,,,1.0,,,,,,0.55527785
gunshot_gunfire__fsd50k__dev__337166__0171__r0__aug2.wav,gunshot_gunfire,FSD50K,337166,freesound:337166,gunshot_gunfire__fsd50k__dev__337166__0171__r0.wav,5f3ec1346ae8cb8ebf68f099e91efe1e7728dfa4f0ad11691b4dc7ff4aab6b96,8240876ee1a48a11e50fb1e2c322d3010b519977e0083fc4a8c20af5b1ef0e5f,2,0.032449,44100,1.0,451,position_gain_background,0.692091,-6.5644,1.0,,,1.0,15.7169,0.30231038,2-125966-A-11.wav,sea_waves,esc50:125966,1.0
gunshot_gunfire__fsd50k__dev__337166__0171__r0__aug3.wav,gunshot_gunfire,FSD50K,337166,freesound:337166,gunshot_gunfire__fsd50k__dev__337166__0171__r0.wav,5f3ec1346ae8cb8ebf68f099e91efe1e7728dfa4f0ad11691b4dc7ff4aab6b96,5249ff3bc53e6ffcecfc11b0d19f7aac48dd3d033ae483ef55b93f5c5554def9,3,0.032449,44100,1.0,451,position_filter_background,0.484662,-3.9501,1.0,145.662,5799.108,1.0,23.6577,0.52090412,2-104168-A-32.wav,keyboard_typing,esc50:104168,0.81118157
gunshot_gunfire__fsd50k__dev__337166__0171__r0__aug4.wav,gunshot_gunfire,FSD50K,337166,freesound:337166,gunshot_gunfire__fsd50k__dev__337166__0171__r0.wav,5f3ec1346ae8cb8ebf68f099e91efe1e7728dfa4f0ad11691b4dc7ff4aab6b96,7622e65532263c30b6bafa4c119e495f46c2f94f3141bbc5887e38e935d27073,4,0.032449,44100,1.0,451,position_speed_gain,0.602936,1.8208,1.005239,,,1.0,,,,,,0.71282754
gunshot_gunfire__fsd50k__dev__337166__0171__r0__aug5.wav,gunshot_gunfire,FSD50K,337166,freesound:337166,gunshot_gunfire__fsd50k__dev__337166__0171__r0.wav,5f3ec1346ae8cb8ebf68f099e91efe1e7728dfa4f0ad11691b4dc7ff4aab6b96,e9fac839d2a6faad54d5d3514dc75f7f8c0d9655776844500bc370dc5de5966b,5,0.032449,44100,1.0,451,position_compression_background,0.227964,-3.2996,1.0,,,1.50531,23.732,0.32812978,2-102567-B-35.wav,washing_machine,esc50:102567,1.0
gunshot_gunfire__fsd50k__dev__346537__0172__r0__aug0.wav,gunshot_gunfire,FSD50K,346537,freesound:346537,gunshot_gunfire__fsd50k__dev__346537__0172__r0.wav,1d64c02037ee031a509bc338841e92e67c94853d3acd908d86d05077f2ac140c,41f11b3d9c4a58e4fa17c75b9391e8ec28759876b729e0a49eefdef72af68a94,0,0.212041,44100,1.0,451,position_only,0.258408,0.0,1.0,,,1.0,,,,,,0.89125094
gunshot_gunfire__fsd50k__dev__346537__0172__r0__aug1.wav,gunshot_gunfire,FSD50K,346537,freesound:346537,gunshot_gunfire__fsd50k__dev__346537__0172__r0.wav,1d64c02037ee031a509bc338841e92e67c94853d3acd908d86d05077f2ac140c,0a446bc4b5166d91cd511388dca75bc9174bab0ab7e6f1802b20bc2a288624d8,1,0.212041,44100,1.0,451,position_gain,0.499194,3.0902,1.0,,,1.0,,,,,,0.62443871
gunshot_gunfire__fsd50k__dev__346537__0172__r0__aug2.wav,gunshot_gunfire,FSD50K,346537,freesound:346537,gunshot_gunfire__fsd50k__dev__346537__0172__r0.wav,1d64c02037ee031a509bc338841e92e67c94853d3acd908d86d05077f2ac140c,bee979cc9ba3afc1c339c168b3714960a5e879da740c8e7b2c53eb13e246019b,2,0.212041,44100,1.0,451,position_gain_background,0.284946,-9.4344,1.0,,,1.0,24.7434,0.71110259,3-155568-A-32.wav,keyboard_typing,esc50:155568,1.0
gunshot_gunfire__fsd50k__dev__346537__0172__r0__aug3.wav,gunshot_gunfire,FSD50K,346537,freesound:346537,gunshot_gunfire__fsd50k__dev__346537__0172__r0.wav,1d64c02037ee031a509bc338841e92e67c94853d3acd908d86d05077f2ac140c,5c5c454f9f1472b1ac2ce7351985a2e35b2b07537dfcaddac15657e3f8ec2384,3,0.212041,44100,1.0,451,position_filter_background,0.25812,-9.2184,1.0,145.616,7488.576,1.0,18.1538,0.51720428,3-108160-A-23.wav,breathing,esc50:108160,1.0
gunshot_gunfire__fsd50k__dev__346537__0172__r0__aug4.wav,gunshot_gunfire,FSD50K,346537,freesound:346537,gunshot_gunfire__fsd50k__dev__346537__0172__r0.wav,1d64c02037ee031a509bc338841e92e67c94853d3acd908d86d05077f2ac140c,96deb3bdae3cd361154549e475f4741155c58c63542d5db10d36337441e1e7d0,4,0.212041,44100,1.0,451,position_speed_gain,0.626373,-6.2498,1.026666,,,1.0,,,,,,1.0
gunshot_gunfire__fsd50k__dev__346537__0172__r0__aug5.wav,gunshot_gunfire,FSD50K,346537,freesound:346537,gunshot_gunfire__fsd50k__dev__346537__0172__r0.wav,1d64c02037ee031a509bc338841e92e67c94853d3acd908d86d05077f2ac140c,45515c4b8ca247d0c6c0a03379ee568301f90f6d3a5b00caa49cfec4ed73f144,5,0.212041,44100,1.0,451,position_compression_background,0.233122,-5.346,1.0,,,1.6594,13.5254,3.47037214,2-95567-A-23.wav,breathing,esc50:95567,1.0
gunshot_gunfire__fsd50k__dev__346904__0173__r0__aug0.wav,gunshot_gunfire,FSD50K,346904,freesound:346904,gunshot_gunfire__fsd50k__dev__346904__0173__r0.wav,336471e26435ccec0116feafc356e5febe887c30088301ba8b38f2654117d60f,8066c209e4069f63ca1ccf1699901696094cccb979174237e65bda70ae0a8348,0,0.910454,44100,1.0,451,position_only,0.655758,0.0,1.0,,,1.0,,,,,,1.0
gunshot_gunfire__fsd50k__dev__346904__0173__r0__aug1.wav,gunshot_gunfire,FSD50K,346904,freesound:346904,gunshot_gunfire__fsd50k__dev__346904__0173__r0.wav,336471e26435ccec0116feafc356e5febe887c30088301ba8b38f2654117d60f,3a271673d90f3268bd3c6ecd090549e5e19d923f9378150b6c4f78f1ecf341c6,1,0.910454,44100,1.0,451,position_gain,0.299461,-1.6064,1.0,,,1.0,,,,,,1.0
gunshot_gunfire__fsd50k__dev__346904__0173__r0__aug2.wav,gunshot_gunfire,FSD50K,346904,freesound:346904,gunshot_gunfire__fsd50k__dev__346904__0173__r0.wav,336471e26435ccec0116feafc356e5febe887c30088301ba8b38f2654117d60f,340f86057fa7b5090f03ec3fd13b64480b87dd9e6cc4250d2e75c40ee701f1ed,2,0.910454,44100,1.0,451,position_gain_background,0.749696,-2.3207,1.0,,,1.0,13.2634,0.18860836,2-125966-A-11.wav,sea_waves,esc50:125966,1.0
gunshot_gunfire__fsd50k__dev__346904__0173__r0__aug3.wav,gunshot_gunfire,FSD50K,346904,freesound:346904,gunshot_gunfire__fsd50k__dev__346904__0173__r0.wav,336471e26435ccec0116feafc356e5febe887c30088301ba8b38f2654117d60f,91131bac37eddbaa05b6388a878b58e55d96641532bf489fbd3a9bb3d86dda56,3,0.910454,44100,1.0,451,position_filter_background,0.520391,1.3961,1.0,176.647,7577.626,1.0,19.7081,3.47817216,1-53501-A-32.wav,keyboard_typing,esc50:53501,1.0
gunshot_gunfire__fsd50k__dev__346904__0173__r0__aug4.wav,gunshot_gunfire,FSD50K,346904,freesound:346904,gunshot_gunfire__fsd50k__dev__346904__0173__r0.wav,336471e26435ccec0116feafc356e5febe887c30088301ba8b38f2654117d60f,8f80daa62701b3eee34b1cba6324ad43d7921cdcc1c44cc79c136ef619084f74,4,0.910454,44100,1.0,451,position_speed_gain,0.260862,-10.7745,0.971237,,,1.0,,,,,,1.0
gunshot_gunfire__fsd50k__dev__346904__0173__r0__aug5.wav,gunshot_gunfire,FSD50K,346904,freesound:346904,gunshot_gunfire__fsd50k__dev__346904__0173__r0.wav,336471e26435ccec0116feafc356e5febe887c30088301ba8b38f2654117d60f,038728d9f5fda30e4a6bebc0a2934b35c225c5c65d6028caabf4979a589caf3d,5,0.910454,44100,1.0,451,position_compression_background,0.350137,4.9023,1.0,,,1.26122,14.0557,1745.84464213,1-36400-A-23.wav,breathing,esc50:36400,0.97863856
gunshot_gunfire__fsd50k__dev__346905__0174__r0__aug0.wav,gunshot_gunfire,FSD50K,346905,freesound:346905,gunshot_gunfire__fsd50k__dev__346905__0174__r0.wav,23acaa20f40bcd9296847819a65773b06c597a4980218e15bacebcf2c9349bd6,9eca7b6618d170fb68f5bf330193a9b292de50a83b6e46b850a338f1b3b9b8a1,0,2.402063,44100,1.0,451,position_only,0.297254,0.0,1.0,,,1.0,,,,,,1.0
gunshot_gunfire__fsd50k__dev__346905__0174__r0__aug1.wav,gunshot_gunfire,FSD50K,346905,freesound:346905,gunshot_gunfire__fsd50k__dev__346905__0174__r0.wav,23acaa20f40bcd9296847819a65773b06c597a4980218e15bacebcf2c9349bd6,727a394167a9b49744c8ca5e858c4d66795fa67c32d7bbaf15e3c83f080c63da,1,2.402063,44100,1.0,451,position_gain,0.742537,0.6168,1.0,,,1.0,,,,,,1.0
gunshot_gunfire__fsd50k__dev__346905__0174__r0__aug2.wav,gunshot_gunfire,FSD50K,346905,freesound:346905,gunshot_gunfire__fsd50k__dev__346905__0174__r0.wav,23acaa20f40bcd9296847819a65773b06c597a4980218e15bacebcf2c9349bd6,6fd1f8ae52c3a9c5d25c6f86a24675ff620984ea00de6156646139bfa94d4f2a,2,2.402063,44100,1.0,451,position_gain_background,0.187571,-1.4539,1.0,,,1.0,11.4783,0.10531046,3-164120-A-11.wav,sea_waves,esc50:164120,1.0
gunshot_gunfire__fsd50k__dev__346905__0174__r0__aug3.wav,gunshot_gunfire,FSD50K,346905,freesound:346905,gunshot_gunfire__fsd50k__dev__346905__0174__r0.wav,23acaa20f40bcd9296847819a65773b06c597a4980218e15bacebcf2c9349bd6,35960f4b6d24b2ab2f042da85e9cdb1de4ccaed4947590084c49d065a51e713b,3,2.402063,44100,1.0,451,position_filter_background,0.716849,-8.1875,1.0,191.599,7758.796,1.0,14.9474,0.31457112,2-104168-A-32.wav,keyboard_typing,esc50:104168,1.0
gunshot_gunfire__fsd50k__dev__346905__0174__r0__aug4.wav,gunshot_gunfire,FSD50K,346905,freesound:346905,gunshot_gunfire__fsd50k__dev__346905__0174__r0.wav,23acaa20f40bcd9296847819a65773b06c597a4980218e15bacebcf2c9349bd6,e84bf8ab790ed460eabbac0b9d02c22b32ff6a9038aaed3a47a0ac27028fbcdb,4,2.402063,44100,1.0,451,position_speed_gain,0.663474,-2.5499,1.016799,,,1.0,,,,,,1.0
gunshot_gunfire__fsd50k__dev__346905__0174__r0__aug5.wav,gunshot_gunfire,FSD50K,346905,freesound:346905,gunshot_gunfire__fsd50k__dev__346905__0174__r0.wav,23acaa20f40bcd9296847819a65773b06c597a4980218e15bacebcf2c9349bd6,4fc8d47a45e25ec5409f09878fe24fc10913db936abdec95eca30b327546d7d8,5,2.402063,44100,1.0,451,position_compression_background,0.799831,-8.8315,1.0,,,1.70426,16.5997,0.24844997,2-88724-A-38.wav,clock_tick,esc50:88724,1.0
gunshot_gunfire__fsd50k__dev__34708__0175__r0__aug0.wav,gunshot_gunfire,FSD50K,34708,freesound:34708,gunshot_gunfire__fsd50k__dev__34708__0175__r0.wav,b26f18843ca6e7be1ad7071fff985a0c24475e6963b8680f48e61a37b52243c8,0974e7ef952fcd4c9e2dc87a287fcefc2de5b12043e514fafebb73d90ce4f71e,0,15.462381,44100,1.0,451,position_only,0.400362,0.0,1.0,,,1.0,,,,,,1.0
gunshot_gunfire__fsd50k__dev__34708__0175__r0__aug1.wav,gunshot_gunfire,FSD50K,34708,freesound:34708,gunshot_gunfire__fsd50k__dev__34708__0175__r0.wav,b26f18843ca6e7be1ad7071fff985a0c24475e6963b8680f48e61a37b52243c8,ebdfcb3baed91ef0d3e476dc4805ae232c37f13191dc33c33a45de11638bb21a,1,15.462381,44100,1.0,451,position_gain,0.354803,-11.2296,1.0,,,1.0,,,,,,1.0
gunshot_gunfire__fsd50k__dev__34708__0175__r0__aug2.wav,gunshot_gunfire,FSD50K,34708,freesound:34708,gunshot_gunfire__fsd50k__dev__34708__0175__r0.wav,b26f18843ca6e7be1ad7071fff985a0c24475e6963b8680f48e61a37b52243c8,dd5bba71729603d27f8e33201cd590c339838395737503bc54aa06d791f2d488,2,15.462381,44100,1.0,451,position_gain_background,0.199162,-11.8013,1.0,,,1.0,23.5168,0.03258492,1-61212-A-32.wav,keyboard_typing,esc50:61212,1.0
gunshot_gunfire__fsd50k__dev__34708__0175__r0__aug3.wav,gunshot_gunfire,FSD50K,34708,freesound:34708,gunshot_gunfire__fsd50k__dev__34708__0175__r0.wav,b26f18843ca6e7be1ad7071fff985a0c24475e6963b8680f48e61a37b52243c8,1a801424224425ec6b792ced0ce568f083faf1b7fa320543309f377023cedb9e,3,15.462381,44100,1.0,451,position_filter_background,0.572693,-3.2241,1.0,242.549,5849.964,1.0,13.8897,0.03998292,1-32373-B-35.wav,washing_machine,esc50:32373,1.0
gunshot_gunfire__fsd50k__dev__34708__0175__r0__aug4.wav,gunshot_gunfire,FSD50K,34708,freesound:34708,gunshot_gunfire__fsd50k__dev__34708__0175__r0.wav,b26f18843ca6e7be1ad7071fff985a0c24475e6963b8680f48e61a37b52243c8,cc129321d33add712176caf10cfbbbb0bfa62394a07bd32acff3d66ce938a808,4,15.462381,44100,1.0,451,position_speed_gain,0.446685,-1.4284,0.976787,,,1.0,,,,,,1.0
gunshot_gunfire__fsd50k__dev__34708__0175__r0__aug5.wav,gunshot_gunfire,FSD50K,34708,freesound:34708,gunshot_gunfire__fsd50k__dev__34708__0175__r0.wav,b26f18843ca6e7be1ad7071fff985a0c24475e6963b8680f48e61a37b52243c8,5ed247866f436393b3b35bb3aca0d653c4d0e0069759ce1dc2baf1610eb500c9,5,15.462381,44100,1.0,451,position_compression_background,0.63768,3.9622,1.0,,,1.51614,22.9858,0.41925564,1-21935-A-38.wav,clock_tick,esc50:21935,0.82268364
gunshot_gunfire__fsd50k__dev__348663__0176__r0__aug0.wav,gunshot_gunfire,FSD50K,348663,freesound:348663,gunshot_gunfire__fsd50k__dev__348663__0176__r0.wav,b3975b68365c36ab647b003b12fe83f35a96915f7caac67c84ad5718220df2a9,0fb39be2a55e7348b4b9f4974aff653f13f11131f6f70425e1f6ff81c627c44a,0,0.057392,44100,1.0,451,position_only,0.68986,0.0,1.0,,,1.0,,,,,,1.0
gunshot_gunfire__fsd50k__dev__348663__0176__r0__aug1.wav,gunshot_gunfire,FSD50K,348663,freesound:348663,gunshot_gunfire__fsd50k__dev__348663__0176__r0.wav,b3975b68365c36ab647b003b12fe83f35a96915f7caac67c84ad5718220df2a9,4d70a835cfe874980df1d21ff3fda4aef727683556b7ce8a24e5d3847d76eeea,1,0.057392,44100,1.0,451,position_gain,0.659173,-10.757,1.0,,,1.0,,,,,,1.0
gunshot_gunfire__fsd50k__dev__348663__0176__r0__aug2.wav,gunshot_gunfire,FSD50K,348663,freesound:348663,gunshot_gunfire__fsd50k__dev__348663__0176__r0.wav,b3975b68365c36ab647b003b12fe83f35a96915f7caac67c84ad5718220df2a9,fb4c8c1e1ac71e9c2f5e7114939c1bf3a3aac4a19910629ae97bf4032588ecc3,2,0.057392,44100,1.0,451,position_gain_background,0.331685,-11.483,1.0,,,1.0,17.3761,0.01214374,1-23996-B-35.wav,washing_machine,esc50:23996,1.0
gunshot_gunfire__fsd50k__dev__348663__0176__r0__aug3.wav,gunshot_gunfire,FSD50K,348663,freesound:348663,gunshot_gunfire__fsd50k__dev__348663__0176__r0.wav,b3975b68365c36ab647b003b12fe83f35a96915f7caac67c84ad5718220df2a9,a74201235fc25675fa20b006bce35dfeebaa20b4b239d1df36e14842403a5fb3,3,0.057392,44100,1.0,451,position_filter_background,0.651034,-7.581,1.0,217.376,6244.936,1.0,19.5138,0.01655477,3-135469-A-35.wav,washing_machine,esc50:135469,1.0
gunshot_gunfire__fsd50k__dev__348663__0176__r0__aug4.wav,gunshot_gunfire,FSD50K,348663,freesound:348663,gunshot_gunfire__fsd50k__dev__348663__0176__r0.wav,b3975b68365c36ab647b003b12fe83f35a96915f7caac67c84ad5718220df2a9,285587efaef8557484233009dce6d9ac84b968085f49c9a1f498fedf8d48cc0a,4,0.057392,44100,1.0,451,position_speed_gain,0.795752,3.8558,1.031298,,,1.0,,,,,,0.84123886
gunshot_gunfire__fsd50k__dev__348663__0176__r0__aug5.wav,gunshot_gunfire,FSD50K,348663,freesound:348663,gunshot_gunfire__fsd50k__dev__348663__0176__r0.wav,b3975b68365c36ab647b003b12fe83f35a96915f7caac67c84ad5718220df2a9,9e1789cb4ccf9310a39e12d7d20a414fa696c9810662d7037d752867087edef2,5,0.057392,44100,1.0,451,position_compression_background,0.481398,1.4396,1.0,,,1.21809,23.3124,0.09388063,1-28135-B-11.wav,sea_waves,esc50:28135,1.0
gunshot_gunfire__fsd50k__dev__348664__0177__r0__aug0.wav,gunshot_gunfire,FSD50K,348664,freesound:348664,gunshot_gunfire__fsd50k__dev__348664__0177__r0.wav,1c25f0cf1a42ea1761e920b138361f6f292d3c793f609c3987556eb2b5ab6680,5852dde349d4f5f3a58dfd3401d090ffb371cc1e94548d2e6762e1370c97c508,0,0.825646,44100,1.0,451,position_only,0.224591,0.0,1.0,,,1.0,,,,,,1.0
gunshot_gunfire__fsd50k__dev__348664__0177__r0__aug1.wav,gunshot_gunfire,FSD50K,348664,freesound:348664,gunshot_gunfire__fsd50k__dev__348664__0177__r0.wav,1c25f0cf1a42ea1761e920b138361f6f292d3c793f609c3987556eb2b5ab6680,b62100bf1b20eb9ed3f1175fe5f59a3e0b39f22ab637bf4d8a1610a90e663f69,1,0.825646,44100,1.0,451,position_gain,0.48598,0.5066,1.0,,,1.0,,,,,,1.0
gunshot_gunfire__fsd50k__dev__348664__0177__r0__aug2.wav,gunshot_gunfire,FSD50K,348664,freesound:348664,gunshot_gunfire__fsd50k__dev__348664__0177__r0.wav,1c25f0cf1a42ea1761e920b138361f6f292d3c793f609c3987556eb2b5ab6680,846c8ace7b0f18f1040de9c8cbb343edfcafebc23ceea269d6ec6b8478f408b9,2,0.825646,44100,1.0,451,position_gain_background,0.395015,-10.7927,1.0,,,1.0,12.7009,0.11546702,2-98392-A-23.wav,breathing,esc50:98392,1.0
gunshot_gunfire__fsd50k__dev__348664__0177__r0__aug3.wav,gunshot_gunfire,FSD50K,348664,freesound:348664,gunshot_gunfire__fsd50k__dev__348664__0177__r0.wav,1c25f0cf1a42ea1761e920b138361f6f292d3c793f609c3987556eb2b5ab6680,0528dc521f8ece22b12e6f385ab12326db456d9778b1e22124ba2aa9de50c220,3,0.825646,44100,1.0,451,position_filter_background,0.376318,4.8171,1.0,170.611,7257.821,1.0,15.6571,5916.57604773,1-36397-A-23.wav,breathing,esc50:36397,1.0
gunshot_gunfire__fsd50k__dev__348664__0177__r0__aug4.wav,gunshot_gunfire,FSD50K,348664,freesound:348664,gunshot_gunfire__fsd50k__dev__348664__0177__r0.wav,1c25f0cf1a42ea1761e920b138361f6f292d3c793f609c3987556eb2b5ab6680,c6a317c97b16af5cd11003703f92eafb3103574166c16cd15a6a3f37b8d6a728,4,0.825646,44100,1.0,451,position_speed_gain,0.353616,-2.2054,0.965076,,,1.0,,,,,,1.0
gunshot_gunfire__fsd50k__dev__348664__0177__r0__aug5.wav,gunshot_gunfire,FSD50K,348664,freesound:348664,gunshot_gunfire__fsd50k__dev__348664__0177__r0.wav,1c25f0cf1a42ea1761e920b138361f6f292d3c793f609c3987556eb2b5ab6680,703048a6440d3bd27e44a0e8b282217ce7b4f0409946ad2605a68af8532535e8,5,0.825646,44100,1.0,451,position_compression_background,0.546303,-7.8101,1.0,,,1.45596,22.9762,0.00959302,1-91359-B-11.wav,sea_waves,esc50:91359,1.0
gunshot_gunfire__fsd50k__dev__348665__0178__r0__aug0.wav,gunshot_gunfire,FSD50K,348665,freesound:348665,gunshot_gunfire__fsd50k__dev__348665__0178__r0.wav,677a2d28029d5231174ec5df2e5d34de345651f1f1274d59cbab53037938b8e2,be564b3f60c474afed79ac9fa761dd8c6ffa3495e61f7843fa66310301300782,0,1.883243,44100,1.0,451,position_only,0.537046,0.0,1.0,,,1.0,,,,,,1.0
gunshot_gunfire__fsd50k__dev__348665__0178__r0__aug1.wav,gunshot_gunfire,FSD50K,348665,freesound:348665,gunshot_gunfire__fsd50k__dev__348665__0178__r0.wav,677a2d28029d5231174ec5df2e5d34de345651f1f1274d59cbab53037938b8e2,978db56245226096310d5106600dda6236a5f51ed5d2206de37825778befac3b,1,1.883243,44100,1.0,451,position_gain,0.654847,-10.8031,1.0,,,1.0,,,,,,1.0
gunshot_gunfire__fsd50k__dev__348665__0178__r0__aug2.wav,gunshot_gunfire,FSD50K,348665,freesound:348665,gunshot_gunfire__fsd50k__dev__348665__0178__r0.wav,677a2d28029d5231174ec5df2e5d34de345651f1f1274d59cbab53037938b8e2,dcd589a4321766f509c0d9b14811ac3cfd2c3794eca4bc1c41f71cd88295da8d,2,1.883243,44100,1.0,451,position_gain_background,0.613848,3.8107,1.0,,,1.0,21.5377,0.23005647,2-127108-A-38.wav,clock_tick,esc50:127108,1.0
gunshot_gunfire__fsd50k__dev__348665__0178__r0__aug3.wav,gunshot_gunfire,FSD50K,348665,freesound:348665,gunshot_gunfire__fsd50k__dev__348665__0178__r0.wav,677a2d28029d5231174ec5df2e5d34de345651f1f1274d59cbab53037938b8e2,e31be093adb65b654700b32aef3e067e94594c21c797ca41b0087a55a8e60c55,3,1.883243,44100,1.0,451,position_filter_background,0.601487,1.0642,1.0,190.094,6682.348,1.0,17.3668,0.0401435,2-99795-A-32.wav,keyboard_typing,esc50:99795,1.0
gunshot_gunfire__fsd50k__dev__348665__0178__r0__aug4.wav,gunshot_gunfire,FSD50K,348665,freesound:348665,gunshot_gunfire__fsd50k__dev__348665__0178__r0.wav,677a2d28029d5231174ec5df2e5d34de345651f1f1274d59cbab53037938b8e2,b3e68c5648b07e265d3e5dfa51840e5f3430523533d8d610d10f3e921f7b58ae,4,1.883243,44100,1.0,451,position_speed_gain,0.302444,-0.2282,1.031923,,,1.0,,,,,,1.0
gunshot_gunfire__fsd50k__dev__348665__0178__r0__aug5.wav,gunshot_gunfire,FSD50K,348665,freesound:348665,gunshot_gunfire__fsd50k__dev__348665__0178__r0.wav,677a2d28029d5231174ec5df2e5d34de345651f1f1274d59cbab53037938b8e2,7bd18f3654a8e5267edf7f017d04b80a97163461c5b0a7956899ae195a50b853,5,1.883243,44100,1.0,451,position_compression_background,0.785309,-7.3127,1.0,,,1.76361,15.2354,0.08163384,3-144120-A-32.wav,keyboard_typing,esc50:144120,1.0
gunshot_gunfire__fsd50k__dev__348666__0179__r0__aug0.wav,gunshot_gunfire,FSD50K,348666,freesound:348666,gunshot_gunfire__fsd50k__dev__348666__0179__r0.wav,60c6021a1364c2f6602e6c1d6a6cd31e4c8212e5f9dc87257832c08454f29619,2302bffc4f2e9926b1291a90c3b534b6af9b38afe3c3e74849aa2c05d6c82f87,0,0.820658,44100,1.0,451,position_only,0.48763,0.0,1.0,,,1.0,,,,,,1.0
gunshot_gunfire__fsd50k__dev__348666__0179__r0__aug1.wav,gunshot_gunfire,FSD50K,348666,freesound:348666,gunshot_gunfire__fsd50k__dev__348666__0179__r0.wav,60c6021a1364c2f6602e6c1d6a6cd31e4c8212e5f9dc87257832c08454f29619,734d1e65a8a6c1d2c285866178a079f2c95c5516d332c34d9972476664ba1fa0,1,0.820658,44100,1.0,451,position_gain,0.686399,-3.0232,1.0,,,1.0,,,,,,1.0
gunshot_gunfire__fsd50k__dev__348666__0179__r0__aug2.wav,gunshot_gunfire,FSD50K,348666,freesound:348666,gunshot_gunfire__fsd50k__dev__348666__0179__r0.wav,60c6021a1364c2f6602e6c1d6a6cd31e4c8212e5f9dc87257832c08454f29619,07d694a1094434c89ce2bfaf591b732a6ca9c12a00a86dd0cef162bf5eae4e14,2,0.820658,44100,1.0,451,position_gain_background,0.774933,-9.1639,1.0,,,1.0,10.4391,0.60240718,1-21935-A-38.wav,clock_tick,esc50:21935,1.0
gunshot_gunfire__fsd50k__dev__348666__0179__r0__aug3.wav,gunshot_gunfire,FSD50K,348666,freesound:348666,gunshot_gunfire__fsd50k__dev__348666__0179__r0.wav,60c6021a1364c2f6602e6c1d6a6cd31e4c8212e5f9dc87257832c08454f29619,b72c32ec39369dee739ce94c8e1cf8145cc35dbf71103ec2aaf7c44c45e0e255,3,0.820658,44100,1.0,451,position_filter_background,0.710671,1.5075,1.0,177.419,6438.411,1.0,15.172,0.2303913,3-164120-A-11.wav,sea_waves,esc50:164120,1.0
gunshot_gunfire__fsd50k__dev__348666__0179__r0__aug4.wav,gunshot_gunfire,FSD50K,348666,freesound:348666,gunshot_gunfire__fsd50k__dev__348666__0179__r0.wav,60c6021a1364c2f6602e6c1d6a6cd31e4c8212e5f9dc87257832c08454f29619,5fcba121d1af75ddd4670f653965b441c569da07f002891f30dfa5ca913a03ff,4,0.820658,44100,1.0,451,position_speed_gain,0.527078,2.1028,1.01286,,,1.0,,,,,,1.0
gunshot_gunfire__fsd50k__dev__348666__0179__r0__aug5.wav,gunshot_gunfire,FSD50K,348666,freesound:348666,gunshot_gunfire__fsd50k__dev__348666__0179__r0.wav,60c6021a1364c2f6602e6c1d6a6cd31e4c8212e5f9dc87257832c08454f29619,def6073276b919948dec2d4da73921f90cd65994eecf43c79e6f3b88dcbdbcab,5,0.820658,44100,1.0,451,position_compression_background,0.542308,-5.5613,1.0,,,1.70484,24.6876,0.15752109,2-95567-A-23.wav,breathing,esc50:95567,1.0
gunshot_gunfire__fsd50k__dev__348670__0180__r0__aug0.wav,gunshot_gunfire,FSD50K,348670,freesound:348670,gunshot_gunfire__fsd50k__dev__348670__0180__r0.wav,58dddbf071be104e66b5c597998f9f7686937bafcac7feeb326e6a60bff6a831,95a4891ca2f30da704f47de71149f3421c7af018dbc096866ef4ce6b765edf10,0,0.212041,44100,1.0,451,position_only,0.783492,0.0,1.0,,,1.0,,,,,,1.0
gunshot_gunfire__fsd50k__dev__348670__0180__r0__aug1.wav,gunshot_gunfire,FSD50K,348670,freesound:348670,gunshot_gunfire__fsd50k__dev__348670__0180__r0.wav,58dddbf071be104e66b5c597998f9f7686937bafcac7feeb326e6a60bff6a831,a3aef0f32014c040c30b6f991ff6948f9c91ef6af6f0c39552e418234b6a40a1,1,0.212041,44100,1.0,451,position_gain,0.442907,-2.9558,1.0,,,1.0,,,,,,1.0
gunshot_gunfire__fsd50k__dev__348670__0180__r0__aug2.wav,gunshot_gunfire,FSD50K,348670,freesound:348670,gunshot_gunfire__fsd50k__dev__348670__0180__r0.wav,58dddbf071be104e66b5c597998f9f7686937bafcac7feeb326e6a60bff6a831,434676b4c1f999c0bc83684ca6c281898fbd01c2c771f6a8810ac0251a873321,2,0.212041,44100,1.0,451,position_gain_background,0.247635,-8.0281,1.0,,,1.0,24.3404,0.02404915,3-182710-A-35.wav,washing_machine,esc50:182710,1.0
gunshot_gunfire__fsd50k__dev__348670__0180__r0__aug3.wav,gunshot_gunfire,FSD50K,348670,freesound:348670,gunshot_gunfire__fsd50k__dev__348670__0180__r0.wav,58dddbf071be104e66b5c597998f9f7686937bafcac7feeb326e6a60bff6a831,c7531a565156451bab411cd579830178924d74f2e5afee714ebf13093ac74c13,3,0.212041,44100,1.0,451,position_filter_background,0.695585,-3.4958,1.0,193.89,6508.872,1.0,19.2355,0.06095115,2-59241-A-35.wav,washing_machine,esc50:59241,1.0
gunshot_gunfire__fsd50k__dev__348670__0180__r0__aug4.wav,gunshot_gunfire,FSD50K,348670,freesound:348670,gunshot_gunfire__fsd50k__dev__348670__0180__r0.wav,58dddbf071be104e66b5c597998f9f7686937bafcac7feeb326e6a60bff6a831,1fc0c8f9ae9e2fa89a6d6fc40974d63f52ddd97f0cfac4f27969906f00b2a058,4,0.212041,44100,1.0,451,position_speed_gain,0.385206,1.7542,1.004444,,,1.0,,,,,,0.81931218
gunshot_gunfire__fsd50k__dev__348670__0180__r0__aug5.wav,gunshot_gunfire,FSD50K,348670,freesound:348670,gunshot_gunfire__fsd50k__dev__348670__0180__r0.wav,58dddbf071be104e66b5c597998f9f7686937bafcac7feeb326e6a60bff6a831,1f5614cf408232fdcd4042b38af6c082d0bcba8a0016d4eda957b114c55b7e3e,5,0.212041,44100,1.0,451,position_compression_background,0.724686,-0.677,1.0,,,1.23672,10.7645,0.39533453,3-164630-A-11.wav,sea_waves,esc50:164630,0.90747818
gunshot_gunfire__fsd50k__dev__348671__0181__r0__aug0.wav,gunshot_gunfire,FSD50K,348671,freesound:348671,gunshot_gunfire__fsd50k__dev__348671__0181__r0.wav,8c2d59722a22661ac5e957bbc7ae88a02ab156037f70f047a84af889647337f2,bd1d12144ad843987d5d0f5533fb6acf3a2347644409060ec295754b0f63eb94,0,0.261927,44100,1.0,451,position_only,0.5011,0.0,1.0,,,1.0,,,,,,0.99287791
gunshot_gunfire__fsd50k__dev__348671__0181__r0__aug1.wav,gunshot_gunfire,FSD50K,348671,freesound:348671,gunshot_gunfire__fsd50k__dev__348671__0181__r0.wav,8c2d59722a22661ac5e957bbc7ae88a02ab156037f70f047a84af889647337f2,e5e75eed8d79b05849ed1f22c24e2709b14d9bcdff0a11a224aefb955a97f9f2,1,0.261927,44100,1.0,451,position_gain,0.477196,-0.4587,1.0,,,1.0,,,,,,1.0
gunshot_gunfire__fsd50k__dev__348671__0181__r0__aug2.wav,gunshot_gunfire,FSD50K,348671,freesound:348671,gunshot_gunfire__fsd50k__dev__348671__0181__r0.wav,8c2d59722a22661ac5e957bbc7ae88a02ab156037f70f047a84af889647337f2,3e0254182ec8bed5b2e4a7198b0bc600f80610e959c77ad9fb57d1e30aa13750,2,0.261927,44100,1.0,451,position_gain_background,0.383646,-7.2956,1.0,,,1.0,13.1918,0.53833907,3-156391-A-35.wav,washing_machine,esc50:156391,1.0
gunshot_gunfire__fsd50k__dev__348671__0181__r0__aug3.wav,gunshot_gunfire,FSD50K,348671,freesound:348671,gunshot_gunfire__fsd50k__dev__348671__0181__r0.wav,8c2d59722a22661ac5e957bbc7ae88a02ab156037f70f047a84af889647337f2,1b6ec857f149fdfd2bbda9ba492cb0ca34af6e9b8cb44f59894b55d4b67adafb,3,0.261927,44100,1.0,451,position_filter_background,0.463873,-10.9934,1.0,215.477,5952.456,1.0,23.2964,0.05817805,3-108160-A-23.wav,breathing,esc50:108160,1.0
gunshot_gunfire__fsd50k__dev__348671__0181__r0__aug4.wav,gunshot_gunfire,FSD50K,348671,freesound:348671,gunshot_gunfire__fsd50k__dev__348671__0181__r0.wav,8c2d59722a22661ac5e957bbc7ae88a02ab156037f70f047a84af889647337f2,48e75407b3f980ecbf6633b216f252f44e6123095ea49db92eabcfd9a4a3a713,4,0.261927,44100,1.0,451,position_speed_gain,0.759054,-1.1716,0.987933,,,1.0,,,,,,1.0
gunshot_gunfire__fsd50k__dev__348671__0181__r0__aug5.wav,gunshot_gunfire,FSD50K,348671,freesound:348671,gunshot_gunfire__fsd50k__dev__348671__0181__r0.wav,8c2d59722a22661ac5e957bbc7ae88a02ab156037f70f047a84af889647337f2,805916e78773685a89dc56c44841b72eb307403490c3a8bb6fe310dfbe83c47e,5,0.261927,44100,1.0,451,position_compression_background,0.631185,-3.195,1.0,,,1.68797,13.2686,0.64102438,2-124662-A-11.wav,sea_waves,esc50:124662,1.0
gunshot_gunfire__fsd50k__dev__348685__0182__r0__aug0.wav,gunshot_gunfire,FSD50K,348685,freesound:348685,gunshot_gunfire__fsd50k__dev__348685__0182__r0.wav,9a91493f5e4ade050ae1d485dc3f0bd300d4934c8eaea47b8ad7cc2723568eb0,2ce929f8cd65b0e204d85826f37ae99a3f8e297b9006abfa03beb08450edb1a0,0,0.022472,44100,1.0,451,position_only,0.224482,0.0,1.0,,,1.0,,,,,,0.99851309
gunshot_gunfire__fsd50k__dev__348685__0182__r0__aug1.wav,gunshot_gunfire,FSD50K,348685,freesound:348685,gunshot_gunfire__fsd50k__dev__348685__0182__r0.wav,9a91493f5e4ade050ae1d485dc3f0bd300d4934c8eaea47b8ad7cc2723568eb0,58359c091deb5b78fd951dd0e058b6ec12710a28f3bbd8b7f164f5f94cda9114,1,0.022472,44100,1.0,451,position_gain,0.199007,-11.0406,1.0,,,1.0,,,,,,1.0
gunshot_gunfire__fsd50k__dev__348685__0182__r0__aug2.wav,gunshot_gunfire,FSD50K,348685,freesound:348685,gunshot_gunfire__fsd50k__dev__348685__0182__r0.wav,9a91493f5e4ade050ae1d485dc3f0bd300d4934c8eaea47b8ad7cc2723568eb0,48baef84c8937370abffe6333e5181e19f93479922927e3db7b38e67ddfad1b8,2,0.022472,44100,1.0,451,position_gain_background,0.766026,-3.799,1.0,,,1.0,13.444,0.30252714,2-102568-A-35.wav,washing_machine,esc50:102568,1.0
gunshot_gunfire__fsd50k__dev__348685__0182__r0__aug3.wav,gunshot_gunfire,FSD50K,348685,freesound:348685,gunshot_gunfire__fsd50k__dev__348685__0182__r0.wav,9a91493f5e4ade050ae1d485dc3f0bd300d4934c8eaea47b8ad7cc2723568eb0,74683816acd676bb0a2d1790ad1214da029f81a5faf435875765714cd9768572,3,0.022472,44100,1.0,451,position_filter_background,0.34685,-7.9031,1.0,127.963,6142.718,1.0,21.3146,0.15883982,2-99796-A-32.wav,keyboard_typing,esc50:99796,1.0
gunshot_gunfire__fsd50k__dev__348685__0182__r0__aug4.wav,gunshot_gunfire,FSD50K,348685,freesound:348685,gunshot_gunfire__fsd50k__dev__348685__0182__r0.wav,9a91493f5e4ade050ae1d485dc3f0bd300d4934c8eaea47b8ad7cc2723568eb0,ea37734c4f45b5642995790fd3b977ef1f6907d5d10584bb4fbce4bb0996e115,4,0.022472,44100,1.0,451,position_speed_gain,0.66691,-9.0977,0.960944,,,1.0,,,,,,1.0
gunshot_gunfire__fsd50k__dev__348685__0182__r0__aug5.wav,gunshot_gunfire,FSD50K,348685,freesound:348685,gunshot_gunfire__fsd50k__dev__348685__0182__r0.wav,9a91493f5e4ade050ae1d485dc3f0bd300d4934c8eaea47b8ad7cc2723568eb0,bc5023926de9cbc167f5885496f3ab974a51ab6d25a625dec390c6fcc2403df7,5,0.022472,44100,1.0,451,position_compression_background,0.736107,-11.9258,1.0,,,1.53585,12.9202,0.02647046,2-121909-A-35.wav,washing_machine,esc50:121909,1.0
gunshot_gunfire__fsd50k__dev__349217__0183__r0__aug0.wav,gunshot_gunfire,FSD50K,349217,freesound:349217,gunshot_gunfire__fsd50k__dev__349217__0183__r0.wav,cc6937a6678da09d5243a97e97ddcc28ca81c57fc11c774c084b3f1a53d30bf7,ac68e6283274f3038c6064f16b52c004eb37356ba48de341604d6903f415cf0d,0,0.012494,44100,1.0,451,position_only,0.179972,0.0,1.0,,,1.0,,,,,,1.0
gunshot_gunfire__fsd50k__dev__349217__0183__r0__aug1.wav,gunshot_gunfire,FSD50K,349217,freesound:349217,gunshot_gunfire__fsd50k__dev__349217__0183__r0.wav,cc6937a6678da09d5243a97e97ddcc28ca81c57fc11c774c084b3f1a53d30bf7,465cbe7cde049bc7823c57484d87543bdf233249af2634a33af09da4bc921445,1,0.012494,44100,1.0,451,position_gain,0.495723,0.5211,1.0,,,1.0,,,,,,1.0
gunshot_gunfire__fsd50k__dev__349217__0183__r0__aug2.wav,gunshot_gunfire,FSD50K,349217,freesound:349217,gunshot_gunfire__fsd50k__dev__349217__0183__r0.wav,cc6937a6678da09d5243a97e97ddcc28ca81c57fc11c774c084b3f1a53d30bf7,6e48afe278f43f571aed8d1f24b4856ca84e866f0abbc0e91a6fd1814605fcb8,2,0.012494,44100,1.0,451,position_gain_background,0.580697,-6.8274,1.0,,,1.0,13.1575,0.0421728,3-164630-A-11.wav,sea_waves,esc50:164630,1.0
gunshot_gunfire__fsd50k__dev__349217__0183__r0__aug3.wav,gunshot_gunfire,FSD50K,349217,freesound:349217,gunshot_gunfire__fsd50k__dev__349217__0183__r0.wav,cc6937a6678da09d5243a97e97ddcc28ca81c57fc11c774c084b3f1a53d30bf7,9274655464c5bf202fbf9735479b682a3b344fbe2581334adc61d4030c6a9be3,3,0.012494,44100,1.0,451,position_filter_background,0.641341,1.6439,1.0,237.477,6936.418,1.0,19.1863,0.29540328,1-48413-A-38.wav,clock_tick,esc50:48413,1.0
gunshot_gunfire__fsd50k__dev__349217__0183__r0__aug4.wav,gunshot_gunfire,FSD50K,349217,freesound:349217,gunshot_gunfire__fsd50k__dev__349217__0183__r0.wav,cc6937a6678da09d5243a97e97ddcc28ca81c57fc11c774c084b3f1a53d30bf7,c14ed564833852f0fee8d5d9be47b495b1c1a6b2cfe63861ab7348223a13d76c,4,0.012494,44100,1.0,451,position_speed_gain,0.605512,-2.1244,0.994763,,,1.0,,,,,,1.0
gunshot_gunfire__fsd50k__dev__349217__0183__r0__aug5.wav,gunshot_gunfire,FSD50K,349217,freesound:349217,gunshot_gunfire__fsd50k__dev__349217__0183__r0.wav,cc6937a6678da09d5243a97e97ddcc28ca81c57fc11c774c084b3f1a53d30bf7,971ff971f67f4635b11f7b3d36576634b51b7312f795038558547bb1f8d8a6f1,5,0.012494,44100,1.0,451,position_compression_background,0.578509,-9.0971,1.0,,,1.22715,12.7009,0.01471116,1-27166-A-35.wav,washing_machine,esc50:27166,1.0
gunshot_gunfire__fsd50k__dev__362471__0184__r0__aug0.wav,gunshot_gunfire,FSD50K,362471,freesound:362471,gunshot_gunfire__fsd50k__dev__362471__0184__r0.wav,89b6a719bbc6fdce86070cf4067626f5812c87585674bd0db7f8992e3bfe8b71,ae129fc51ed569c92cbfa1da5c9c3bbe47d3187ff17f4cb503400c425cd7bd6c,0,0.152177,44100,1.0,451,position_only,0.387314,0.0,1.0,,,1.0,,,,,,1.0
gunshot_gunfire__fsd50k__dev__362471__0184__r0__aug1.wav,gunshot_gunfire,FSD50K,362471,freesound:362471,gunshot_gunfire__fsd50k__dev__362471__0184__r0.wav,89b6a719bbc6fdce86070cf4067626f5812c87585674bd0db7f8992e3bfe8b71,7fd8422f8dadda4eef0ea536307d519a0b96ddcd1cc10dce69b3c66d1821015f,1,0.152177,44100,1.0,451,position_gain,0.718225,4.1072,1.0,,,1.0,,,,,,0.78461929
gunshot_gunfire__fsd50k__dev__362471__0184__r0__aug2.wav,gunshot_gunfire,FSD50K,362471,freesound:362471,gunshot_gunfire__fsd50k__dev__362471__0184__r0.wav,89b6a719bbc6fdce86070cf4067626f5812c87585674bd0db7f8992e3bfe8b71,587e82c874f014a22cb89dc9de5be7102b1d8ed5bf0ace6084dbbf69d3d27f6c,2,0.152177,44100,1.0,451,position_gain_background,0.402006,-10.534,1.0,,,1.0,11.9196,0.06224463,1-32373-A-35.wav,washing_machine,esc50:32373,1.0
gunshot_gunfire__fsd50k__dev__362471__0184__r0__aug3.wav,gunshot_gunfire,FSD50K,362471,freesound:362471,gunshot_gunfire__fsd50k__dev__362471__0184__r0.wav,89b6a719bbc6fdce86070cf4067626f5812c87585674bd0db7f8992e3bfe8b71,5bd772fc131aa390728eb47fee05f55c5b7ae2ac24f9c51fe46c19118dfbc517,3,0.152177,44100,1.0,451,position_filter_background,0.319771,4.1691,1.0,245.035,7641.05,1.0,21.1971,0.25692395,2-120333-A-32.wav,keyboard_typing,esc50:120333,0.53639525
gunshot_gunfire__fsd50k__dev__362471__0184__r0__aug4.wav,gunshot_gunfire,FSD50K,362471,freesound:362471,gunshot_gunfire__fsd50k__dev__362471__0184__r0.wav,89b6a719bbc6fdce86070cf4067626f5812c87585674bd0db7f8992e3bfe8b71,9743af4fceaf6a43bd56388cd404dbf71c7ccf7d589378c0a937ecd361b7097f,4,0.152177,44100,1.0,451,position_speed_gain,0.686434,-5.3627,0.978428,,,1.0,,,,,,1.0
gunshot_gunfire__fsd50k__dev__362471__0184__r0__aug5.wav,gunshot_gunfire,FSD50K,362471,freesound:362471,gunshot_gunfire__fsd50k__dev__362471__0184__r0.wav,89b6a719bbc6fdce86070cf4067626f5812c87585674bd0db7f8992e3bfe8b71,733ca1b09352baf01c52f013cd98c60971da1c7e89288a9395121397c3fc868a,5,0.152177,44100,1.0,451,position_compression_background,0.170408,-9.0378,1.0,,,1.66938,23.5954,0.03048133,1-28135-A-11.wav,sea_waves,esc50:28135,1.0
gunshot_gunfire__fsd50k__dev__362486__0185__r0__aug0.wav,gunshot_gunfire,FSD50K,362486,freesound:362486,gunshot_gunfire__fsd50k__dev__362486__0185__r0.wav,86a18b1ecc5b30328eb3985bb049c0f386c3aa8a911dab3198d38bbd08e24680,5dffe1d2e26439b92f7293e054e1393a02caa5f507e72c636672d11e85187b97,0,0.286871,44100,1.0,451,position_only,0.189057,0.0,1.0,,,1.0,,,,,,1.0
gunshot_gunfire__fsd50k__dev__362486__0185__r0__aug1.wav,gunshot_gunfire,FSD50K,362486,freesound:362486,gunshot_gunfire__fsd50k__dev__362486__0185__r0.wav,86a18b1ecc5b30328eb3985bb049c0f386c3aa8a911dab3198d38bbd08e24680,72ed8e3459a3296e07196653ac2d39b2b531d3381caf087de79619ebe2aaaa8b,1,0.286871,44100,1.0,451,position_gain,0.732147,0.5818,1.0,,,1.0,,,,,,1.0
gunshot_gunfire__fsd50k__dev__362486__0185__r0__aug2.wav,gunshot_gunfire,FSD50K,362486,freesound:362486,gunshot_gunfire__fsd50k__dev__362486__0185__r0.wav,86a18b1ecc5b30328eb3985bb049c0f386c3aa8a911dab3198d38bbd08e24680,497cc64c2f426516cea21c6e21606f9aa144b0fbee0d8b3097978ccac9205238,2,0.286871,44100,1.0,451,position_gain_background,0.174691,2.9751,1.0,,,1.0,21.9406,0.02808721,2-102852-A-11.wav,sea_waves,esc50:102852,1.0
gunshot_gunfire__fsd50k__dev__362486__0185__r0__aug3.wav,gunshot_gunfire,FSD50K,362486,freesound:362486,gunshot_gunfire__fsd50k__dev__362486__0185__r0.wav,86a18b1ecc5b30328eb3985bb049c0f386c3aa8a911dab3198d38bbd08e24680,9ff8030a8aaa3b6405720b83ccbab8f7a462f256fd75c17f92c74d2fca93ea70,3,0.286871,44100,1.0,451,position_filter_background,0.630431,-10.9338,1.0,109.023,7428.77,1.0,21.0362,0.01476412,2-133863-A-11.wav,sea_waves,esc50:133863,1.0
gunshot_gunfire__fsd50k__dev__362486__0185__r0__aug4.wav,gunshot_gunfire,FSD50K,362486,freesound:362486,gunshot_gunfire__fsd50k__dev__362486__0185__r0.wav,86a18b1ecc5b30328eb3985bb049c0f386c3aa8a911dab3198d38bbd08e24680,ac88db68292b00f200dd14221e6a3d55960a25129e3e03f2b591e7cb8e81963a,4,0.286871,44100,1.0,451,position_speed_gain,0.230366,2.9146,1.023759,,,1.0,,,,,,1.0
gunshot_gunfire__fsd50k__dev__362486__0185__r0__aug5.wav,gunshot_gunfire,FSD50K,362486,freesound:362486,gunshot_gunfire__fsd50k__dev__362486__0185__r0.wav,86a18b1ecc5b30328eb3985bb049c0f386c3aa8a911dab3198d38bbd08e24680,97d026782792c10b9867f32d1009c814329dfedb84e2e4933b912269af07c4eb,5,0.286871,44100,1.0,451,position_compression_background,0.634951,-5.5832,1.0,,,1.41999,24.7276,0.04092628,2-102567-B-35.wav,washing_machine,esc50:102567,1.0
gunshot_gunfire__fsd50k__dev__362487__0186__r0__aug0.wav,gunshot_gunfire,FSD50K,362487,freesound:362487,gunshot_gunfire__fsd50k__dev__362487__0186__r0.wav,706beb56fd2f430cfe75f14fe72813d3fdd9018113d8b3cdf00c509d0b5f3af8,896bfb3ee2d8e5ff8d5d275565b6f65a20afd738660723a03a8716bdf6773f5a,0,0.037438,44100,1.0,451,position_only,0.158395,0.0,1.0,,,1.0,,,,,,1.0
gunshot_gunfire__fsd50k__dev__362487__0186__r0__aug1.wav,gunshot_gunfire,FSD50K,362487,freesound:362487,gunshot_gunfire__fsd50k__dev__362487__0186__r0.wav,706beb56fd2f430cfe75f14fe72813d3fdd9018113d8b3cdf00c509d0b5f3af8,0b8b16c8c588037f71952d227e79eed854fec7d4385f7855e45719f0c83f3770,1,0.037438,44100,1.0,451,position_gain,0.35344,-5.4722,1.0,,,1.0,,,,,,1.0
gunshot_gunfire__fsd50k__dev__362487__0186__r0__aug2.wav,gunshot_gunfire,FSD50K,362487,freesound:362487,gunshot_gunfire__fsd50k__dev__362487__0186__r0.wav,706beb56fd2f430cfe75f14fe72813d3fdd9018113d8b3cdf00c509d0b5f3af8,6b017e2f0d831474570f9bbc467fe86465b0b8c61b8b74b00fcad73eed9d535e,2,0.037438,44100,1.0,451,position_gain_background,0.427741,-2.3494,1.0,,,1.0,19.6963,3.40786776,3-166125-A-23.wav,breathing,esc50:166125,1.0
gunshot_gunfire__fsd50k__dev__362487__0186__r0__aug3.wav,gunshot_gunfire,FSD50K,362487,freesound:362487,gunshot_gunfire__fsd50k__dev__362487__0186__r0.wav,706beb56fd2f430cfe75f14fe72813d3fdd9018113d8b3cdf00c509d0b5f3af8,9654d4690def4a99522e944a7fa5c59ff38540ff265507e15e68336ea9cd5304,3,0.037438,44100,1.0,451,position_filter_background,0.705074,-5.6354,1.0,178.84,5555.617,1.0,22.2976,0.03228798,1-84393-A-32.wav,keyboard_typing,esc50:84393,1.0
gunshot_gunfire__fsd50k__dev__362487__0186__r0__aug4.wav,gunshot_gunfire,FSD50K,362487,freesound:362487,gunshot_gunfire__fsd50k__dev__362487__0186__r0.wav,706beb56fd2f430cfe75f14fe72813d3fdd9018113d8b3cdf00c509d0b5f3af8,f132ef75d73fb5024fa3b170a13005f5f6173fedc8c1420a28990a57e0f599f2,4,0.037438,44100,1.0,451,position_speed_gain,0.408602,0.3701,1.030268,,,1.0,,,,,,1.0
gunshot_gunfire__fsd50k__dev__362487__0186__r0__aug5.wav,gunshot_gunfire,FSD50K,362487,freesound:362487,gunshot_gunfire__fsd50k__dev__362487__0186__r0.wav,706beb56fd2f430cfe75f14fe72813d3fdd9018113d8b3cdf00c509d0b5f3af8,949d8d00dc6fa1d967b770ca3f825120b03f68a7a5e7b04d72bb7a9b69f2fa5f,5,0.037438,44100,1.0,451,position_compression_background,0.56062,-3.2817,1.0,,,1.69483,19.9613,0.94892529,2-84965-A-23.wav,breathing,esc50:84965,1.0
gunshot_gunfire__fsd50k__dev__364976__0187__r0__aug0.wav,gunshot_gunfire,FSD50K,364976,freesound:364976,gunshot_gunfire__fsd50k__dev__364976__0187__r0.wav,05462c09d62e146d53bf46b2592d01fb445d2c83ddb4f9d5903fae9372af7945,ad597d233ab4d08d51ee356e3107d567318581a4d27050d6b1e754a4ec196b00,0,0.127234,44100,1.0,451,position_only,0.286123,0.0,1.0,,,1.0,,,,,,1.0
gunshot_gunfire__fsd50k__dev__364976__0187__r0__aug1.wav,gunshot_gunfire,FSD50K,364976,freesound:364976,gunshot_gunfire__fsd50k__dev__364976__0187__r0.wav,05462c09d62e146d53bf46b2592d01fb445d2c83ddb4f9d5903fae9372af7945,9a8146ca1a19a058c277d873b422c6a41291cf421cf9c3cf77462285bbadf9cc,1,0.127234,44100,1.0,451,position_gain,0.481542,-3.6827,1.0,,,1.0,,,,,,1.0
gunshot_gunfire__fsd50k__dev__364976__0187__r0__aug2.wav,gunshot_gunfire,FSD50K,364976,freesound:364976,gunshot_gunfire__fsd50k__dev__364976__0187__r0.wav,05462c09d62e146d53bf46b2592d01fb445d2c83ddb4f9d5903fae9372af7945,edbea12b2a6575b196641eecec047e12d16d8b44dc2ffc730543d2f3498c9f03,2,0.127234,44100,1.0,451,position_gain_background,0.715723,2.7943,1.0,,,1.0,14.8418,21857.09697123,1-36393-A-23.wav,breathing,esc50:36393,0.77636179
gunshot_gunfire__fsd50k__dev__364976__0187__r0__aug3.wav,gunshot_gunfire,FSD50K,364976,freesound:364976,gunshot_gunfire__fsd50k__dev__364976__0187__r0.wav,05462c09d62e146d53bf46b2592d01fb445d2c83ddb4f9d5903fae9372af7945,366c9f08f70ca97845f9dda307a4c88f54a5de51f41c458ed7d40399f40fac35,3,0.127234,44100,1.0,451,position_filter_background,0.187883,-7.6346,1.0,85.354,7538.04,1.0,10.7236,1.99702804,3-112557-B-23.wav,breathing,esc50:112557,1.0
gunshot_gunfire__fsd50k__dev__364976__0187__r0__aug4.wav,gunshot_gunfire,FSD50K,364976,freesound:364976,gunshot_gunfire__fsd50k__dev__364976__0187__r0.wav,05462c09d62e146d53bf46b2592d01fb445d2c83ddb4f9d5903fae9372af7945,f06e6d96e313e5c71a7262a303c128f24a4cef74181b6ea067b3a878205605fd,4,0.127234,44100,1.0,451,position_speed_gain,0.325858,-4.9102,1.034035,,,1.0,,,,,,1.0
gunshot_gunfire__fsd50k__dev__364976__0187__r0__aug5.wav,gunshot_gunfire,FSD50K,364976,freesound:364976,gunshot_gunfire__fsd50k__dev__364976__0187__r0.wav,05462c09d62e146d53bf46b2592d01fb445d2c83ddb4f9d5903fae9372af7945,2e3fbe1a35464b262810d283f5de51d5fd4918c4ec685d6ece596b72dfc32bbe,5,0.127234,44100,1.0,451,position_compression_background,0.248983,-11.6637,1.0,,,1.36529,11.1354,0.99182074,2-109316-A-32.wav,keyboard_typing,esc50:109316,1.0
gunshot_gunfire__fsd50k__dev__365905__0188__r0__aug0.wav,gunshot_gunfire,FSD50K,365905,freesound:365905,gunshot_gunfire__fsd50k__dev__365905__0188__r0.wav,50bf968a606ed9ea1031453da62c03cef8c81b7cd429b7af7950b016b182cbb2,9c50784fb4c92157306340cadeabc6082af21853a998585d70f92b2252e679f6,0,0.10229,44100,1.0,451,position_only,0.23814,0.0,1.0,,,1.0,,,,,,1.0
gunshot_gunfire__fsd50k__dev__365905__0188__r0__aug1.wav,gunshot_gunfire,FSD50K,365905,freesound:365905,gunshot_gunfire__fsd50k__dev__365905__0188__r0.wav,50bf968a606ed9ea1031453da62c03cef8c81b7cd429b7af7950b016b182cbb2,40e233b0b10cefc8103843849f4362f666908d5caa40241db8235738190620ae,1,0.10229,44100,1.0,451,position_gain,0.55486,-7.1852,1.0,,,1.0,,,,,,1.0
gunshot_gunfire__fsd50k__dev__365905__0188__r0__aug2.wav,gunshot_gunfire,FSD50K,365905,freesound:365905,gunshot_gunfire__fsd50k__dev__365905__0188__r0.wav,50bf968a606ed9ea1031453da62c03cef8c81b7cd429b7af7950b016b182cbb2,533693cd942d15ee7394a68f38e61250af4242082cfa4431a75545ef467ad430,2,0.10229,44100,1.0,451,position_gain_background,0.312375,-1.2825,1.0,,,1.0,14.6804,0.43949341,2-104168-A-32.wav,keyboard_typing,esc50:104168,1.0
gunshot_gunfire__fsd50k__dev__365905__0188__r0__aug3.wav,gunshot_gunfire,FSD50K,365905,freesound:365905,gunshot_gunfire__fsd50k__dev__365905__0188__r0.wav,50bf968a606ed9ea1031453da62c03cef8c81b7cd429b7af7950b016b182cbb2,d0dada343ee6df9d978a4af18a45fd7a87424ca4973615d54997d541ddff55f5,3,0.10229,44100,1.0,451,position_filter_background,0.736756,-1.8873,1.0,213.784,7643.446,1.0,20.7684,0.20620781,3-144120-A-32.wav,keyboard_typing,esc50:144120,1.0
gunshot_gunfire__fsd50k__dev__365905__0188__r0__aug4.wav,gunshot_gunfire,FSD50K,365905,freesound:365905,gunshot_gunfire__fsd50k__dev__365905__0188__r0.wav,50bf968a606ed9ea1031453da62c03cef8c81b7cd429b7af7950b016b182cbb2,7d7755efe282fedc227198b573e99a4c80e9aaaa6b7cd159069f7500e76968ea,4,0.10229,44100,1.0,451,position_speed_gain,0.648889,-10.867,1.028832,,,1.0,,,,,,1.0
gunshot_gunfire__fsd50k__dev__365905__0188__r0__aug5.wav,gunshot_gunfire,FSD50K,365905,freesound:365905,gunshot_gunfire__fsd50k__dev__365905__0188__r0.wav,50bf968a606ed9ea1031453da62c03cef8c81b7cd429b7af7950b016b182cbb2,916ed3f127ad14398a48300900e7db74786e7deb9d003e882e42c57fd38d6f7c,5,0.10229,44100,1.0,451,position_compression_background,0.796964,-4.8465,1.0,,,1.59709,18.4608,0.0091235,1-23996-B-35.wav,washing_machine,esc50:23996,1.0
gunshot_gunfire__fsd50k__dev__369525__0189__r0__aug0.wav,gunshot_gunfire,FSD50K,369525,freesound:369525,gunshot_gunfire__fsd50k__dev__369525__0189__r0.wav,a1d7888a1b0f2d96dd78370a5071720649eed2c5bfabc2bd594b661e3fe67e46,e77f88872b10ec69015f1645501f967023456268d3916cca6a0cc770ce02e3be,0,0.202063,44100,1.0,451,position_only,0.634394,0.0,1.0,,,1.0,,,,,,1.0
gunshot_gunfire__fsd50k__dev__369525__0189__r0__aug1.wav,gunshot_gunfire,FSD50K,369525,freesound:369525,gunshot_gunfire__fsd50k__dev__369525__0189__r0.wav,a1d7888a1b0f2d96dd78370a5071720649eed2c5bfabc2bd594b661e3fe67e46,35e2a3d2c42f88ff814fabe1780fadb7d00107c07eee4c9991ebee2fc7db6fd4,1,0.202063,44100,1.0,451,position_gain,0.726088,2.739,1.0,,,1.0,,,,,,0.98561302
gunshot_gunfire__fsd50k__dev__369525__0189__r0__aug2.wav,gunshot_gunfire,FSD50K,369525,freesound:369525,gunshot_gunfire__fsd50k__dev__369525__0189__r0.wav,a1d7888a1b0f2d96dd78370a5071720649eed2c5bfabc2bd594b661e3fe67e46,590ad4e22c7d544ad86fd0dc2aca23906fa271eab535223e598a6255fe36e7f1,2,0.202063,44100,1.0,451,position_gain_background,0.756913,4.8143,1.0,,,1.0,13.9889,0.05377192,1-23996-A-35.wav,washing_machine,esc50:23996,0.77762934
gunshot_gunfire__fsd50k__dev__369525__0189__r0__aug3.wav,gunshot_gunfire,FSD50K,369525,freesound:369525,gunshot_gunfire__fsd50k__dev__369525__0189__r0.wav,a1d7888a1b0f2d96dd78370a5071720649eed2c5bfabc2bd594b661e3fe67e46,9195ef50569af4ae81d4f40f281ce4bf77a50edac08d52b5385c15ea37dc3a3a,3,0.202063,44100,1.0,451,position_filter_background,0.16349,-8.8028,1.0,173.782,6900.136,1.0,10.6173,0.00984925,2-82455-A-23.wav,breathing,esc50:82455,1.0
gunshot_gunfire__fsd50k__dev__369525__0189__r0__aug4.wav,gunshot_gunfire,FSD50K,369525,freesound:369525,gunshot_gunfire__fsd50k__dev__369525__0189__r0.wav,a1d7888a1b0f2d96dd78370a5071720649eed2c5bfabc2bd594b661e3fe67e46,549157890f2aa7cbd53dae56ad35b020885ec5ad051502642211511f61174913,4,0.202063,44100,1.0,451,position_speed_gain,0.183655,-10.5471,1.018329,,,1.0,,,,,,1.0
gunshot_gunfire__fsd50k__dev__369525__0189__r0__aug5.wav,gunshot_gunfire,FSD50K,369525,freesound:369525,gunshot_gunfire__fsd50k__dev__369525__0189__r0.wav,a1d7888a1b0f2d96dd78370a5071720649eed2c5bfabc2bd594b661e3fe67e46,0b24017b51eea927e0474c74ff6ee265ad5485156deb25c334c2ff861f3d2928,5,0.202063,44100,1.0,451,position_compression_background,0.400424,-8.0179,1.0,,,1.31134,14.3027,0.0200044,2-82455-A-23.wav,breathing,esc50:82455,1.0
gunshot_gunfire__fsd50k__dev__369530__0190__r0__aug0.wav,gunshot_gunfire,FSD50K,369530,freesound:369530,gunshot_gunfire__fsd50k__dev__369530__0190__r0.wav,6bdcc9fd710fe2d9e88025831544a35e416d830c746ccb1ff4f11131a0fdb0dc,0073f2d4cfcc14fde586a2bebe13c1ce4445c67e70e90fe01bebc14ec3ec5d6b,0,1.568957,44100,1.0,451,position_only,0.181173,0.0,1.0,,,1.0,,,,,,1.0
gunshot_gunfire__fsd50k__dev__369530__0190__r0__aug1.wav,gunshot_gunfire,FSD50K,369530,freesound:369530,gunshot_gunfire__fsd50k__dev__369530__0190__r0.wav,6bdcc9fd710fe2d9e88025831544a35e416d830c746ccb1ff4f11131a0fdb0dc,2e515b43398072ee797080dd968ac75641a0a2567506ef943caebfcc34ca8247,1,1.568957,44100,1.0,451,position_gain,0.172016,-1.3704,1.0,,,1.0,,,,,,1.0
gunshot_gunfire__fsd50k__dev__369530__0190__r0__aug2.wav,gunshot_gunfire,FSD50K,369530,freesound:369530,gunshot_gunfire__fsd50k__dev__369530__0190__r0.wav,6bdcc9fd710fe2d9e88025831544a35e416d830c746ccb1ff4f11131a0fdb0dc,6d0d9e103f09fb526d50e04f0cb1af025ad540a633e65eb975cc58a5e9575e5d,2,1.568957,44100,1.0,451,position_gain_background,0.494189,-3.9081,1.0,,,1.0,15.9786,640.69835304,1-36397-A-23.wav,breathing,esc50:36397,1.0
gunshot_gunfire__fsd50k__dev__369530__0190__r0__aug3.wav,gunshot_gunfire,FSD50K,369530,freesound:369530,gunshot_gunfire__fsd50k__dev__369530__0190__r0.wav,6bdcc9fd710fe2d9e88025831544a35e416d830c746ccb1ff4f11131a0fdb0dc,6732ea314172fc6dba09ebc9ffa44344c41a158a1073a62df40c99d06c3e4418,3,1.568957,44100,1.0,451,position_filter_background,0.333312,-0.2102,1.0,191.949,5580.311,1.0,10.1752,0.07614977,2-88724-A-38.wav,clock_tick,esc50:88724,1.0
gunshot_gunfire__fsd50k__dev__369530__0190__r0__aug4.wav,gunshot_gunfire,FSD50K,369530,freesound:369530,gunshot_gunfire__fsd50k__dev__369530__0190__r0.wav,6bdcc9fd710fe2d9e88025831544a35e416d830c746ccb1ff4f11131a0fdb0dc,27762b6b658e000049cfab30de3b3ad55a63c5e8dfbe110fe3f9b272816b561b,4,1.568957,44100,1.0,451,position_speed_gain,0.562549,0.4475,1.013564,,,1.0,,,,,,1.0
gunshot_gunfire__fsd50k__dev__369530__0190__r0__aug5.wav,gunshot_gunfire,FSD50K,369530,freesound:369530,gunshot_gunfire__fsd50k__dev__369530__0190__r0.wav,6bdcc9fd710fe2d9e88025831544a35e416d830c746ccb1ff4f11131a0fdb0dc,3332462b89f1f95ed27569290bdb00c0ff4859a39ae791a581888d16aa0f8e72,5,1.568957,44100,1.0,451,position_compression_background,0.52217,-9.0497,1.0,,,1.27038,23.822,0.00208041,2-155801-A-11.wav,sea_waves,esc50:155801,1.0
gunshot_gunfire__fsd50k__dev__369781__0191__r0__aug0.wav,gunshot_gunfire,FSD50K,369781,freesound:369781,gunshot_gunfire__fsd50k__dev__369781__0191__r0.wav,16527d7c43b957d9641161ab07655aa606d1c41e36a16391a0c76c6af46ac84c,3b5b963ac596ebaf54e7e8015e224577a5e416949a24012029e906b9cc1c6fc3,0,0.022472,44100,1.0,451,position_only,0.756355,0.0,1.0,,,1.0,,,,,,0.89125094
gunshot_gunfire__fsd50k__dev__369781__0191__r0__aug1.wav,gunshot_gunfire,FSD50K,369781,freesound:369781,gunshot_gunfire__fsd50k__dev__369781__0191__r0.wav,16527d7c43b957d9641161ab07655aa606d1c41e36a16391a0c76c6af46ac84c,bb8d0ef7f4357ce1e88dc3a061dce775a1843beb5cb25e9efd8b746309e83ebe,1,0.022472,44100,1.0,451,position_gain,0.503864,3.1037,1.0,,,1.0,,,,,,0.62346833
gunshot_gunfire__fsd50k__dev__369781__0191__r0__aug2.wav,gunshot_gunfire,FSD50K,369781,freesound:369781,gunshot_gunfire__fsd50k__dev__369781__0191__r0.wav,16527d7c43b957d9641161ab07655aa606d1c41e36a16391a0c76c6af46ac84c,bd7337cc3dcfed7fe9731106b386bffb9c0fcd6926e4497beb615a1fe9a607af,2,0.022472,44100,1.0,451,position_gain_background,0.62232,-4.3476,1.0,,,1.0,18.4375,0.58203052,1-61212-A-32.wav,keyboard_typing,esc50:61212,1.0
gunshot_gunfire__fsd50k__dev__369781__0191__r0__aug3.wav,gunshot_gunfire,FSD50K,369781,freesound:369781,gunshot_gunfire__fsd50k__dev__369781__0191__r0.wav,16527d7c43b957d9641161ab07655aa606d1c41e36a16391a0c76c6af46ac84c,edf3600b4d7aa5c6460ad480c4623823bd092e4db5f3004873ba5e5c04a410a2,3,0.022472,44100,1.0,451,position_filter_background,0.432207,-8.9761,1.0,120.251,6368.93,1.0,11.7865,0.14692985,1-28135-B-11.wav,sea_waves,esc50:28135,1.0
gunshot_gunfire__fsd50k__dev__369781__0191__r0__aug4.wav,gunshot_gunfire,FSD50K,369781,freesound:369781,gunshot_gunfire__fsd50k__dev__369781__0191__r0.wav,16527d7c43b957d9641161ab07655aa606d1c41e36a16391a0c76c6af46ac84c,7e0fc49c703905689964d66455b8911ecf9f89f791001ccdbedf41a1977ea9da,4,0.022472,44100,1.0,451,position_speed_gain,0.35965,-4.9184,0.982498,,,1.0,,,,,,1.0
gunshot_gunfire__fsd50k__dev__369781__0191__r0__aug5.wav,gunshot_gunfire,FSD50K,369781,freesound:369781,gunshot_gunfire__fsd50k__dev__369781__0191__r0.wav,16527d7c43b957d9641161ab07655aa606d1c41e36a16391a0c76c6af46ac84c,cf058b0ea4bb2fe096c9b63374bbeae31fa76143a28198c86b97332e2634153d,5,0.022472,44100,1.0,451,position_compression_background,0.628189,-2.8904,1.0,,,1.25333,12.6683,2.12738269,2-66205-A-23.wav,breathing,esc50:66205,0.99241471
