dataset_role,filename,category,source_record_id,source_dataset,source_partition,source_id,source_filename,repeat_index
train,siren__esc50__fold_1__31482__0000__r0.wav,siren,ESC50-1-1-31482-A-42.wav,ESC-50,fold_1,31482,1-31482-A-42.wav,0
train,siren__esc50__fold_1__31482__0001__r0.wav,siren,ESC50-1-1-31482-B-42.wav,ESC-50,fold_1,31482,1-31482-B-42.wav,0
train,siren__esc50__fold_1__54084__0002__r0.wav,siren,ESC50-1-1-54084-A-42.wav,ESC-50,fold_1,54084,1-54084-A-42.wav,0
train,siren__esc50__fold_1__76831__0003__r0.wav,siren,ESC50-1-1-76831-A-42.wav,ESC-50,fold_1,76831,1-76831-A-42.wav,0
train,siren__esc50__fold_1__76831__0004__r0.wav,siren,ESC50-1-1-76831-B-42.wav,ESC-50,fold_1,76831,1-76831-B-42.wav,0
train,siren__esc50__fold_1__76831__0005__r0.wav,siren,ESC50-1-1-76831-C-42.wav,ESC-50,fold_1,76831,1-76831-C-42.wav,0
train,siren__esc50__fold_1__76831__0006__r0.wav,siren,ESC50-1-1-76831-D-42.wav,ESC-50,fold_1,76831,1-76831-D-42.wav,0
train,siren__esc50__fold_1__76831__0007__r0.wav,siren,ESC50-1-1-76831-E-42.wav,ESC-50,fold_1,76831,1-76831-E-42.wav,0
train,siren__esc50__fold_2__43802__0008__r0.wav,siren,ESC50-2-2-43802-A-42.wav,ESC-50,fold_2,43802,2-43802-A-42.wav,0
train,siren__esc50__fold_2__43806__0009__r0.wav,siren,ESC50-2-2-43806-A-42.wav,ESC-50,fold_2,43806,2-43806-A-42.wav,0
train,siren__esc50__fold_2__70052__0010__r0.wav,siren,ESC50-2-2-70052-A-42.wav,ESC-50,fold_2,70052,2-70052-A-42.wav,0
train,siren__esc50__fold_2__70052__0011__r0.wav,siren,ESC50-2-2-70052-B-42.wav,ESC-50,fold_2,70052,2-70052-B-42.wav,0
train,siren__esc50__fold_2__70936__0012__r0.wav,siren,ESC50-2-2-70936-A-42.wav,ESC-50,fold_2,70936,2-70936-A-42.wav,0
train,siren__esc50__fold_2__70938__0013__r0.wav,siren,ESC50-2-2-70938-A-42.wav,ESC-50,fold_2,70938,2-70938-A-42.wav,0
train,siren__esc50__fold_2__70939__0014__r0.wav,siren,ESC50-2-2-70939-A-42.wav,ESC-50,fold_2,70939,2-70939-A-42.wav,0
train,siren__esc50__fold_2__72688__0015__r0.wav,siren,ESC50-2-2-72688-A-42.wav,ESC-50,fold_2,72688,2-72688-A-42.wav,0
train,siren__esc50__fold_3__51376__0016__r0.wav,siren,ESC50-3-3-51376-A-42.wav,ESC-50,fold_3,51376,3-51376-A-42.wav,0
train,siren__esc50__fold_3__51731__0017__r0.wav,siren,ESC50-3-3-51731-A-42.wav,ESC-50,fold_3,51731,3-51731-A-42.wav,0
train,siren__esc50__fold_3__51731__0018__r0.wav,siren,ESC50-3-3-51731-B-42.wav,ESC-50,fold_3,51731,3-51731-B-42.wav,0
train,siren__esc50__fold_3__51909__0019__r0.wav,siren,ESC50-3-3-51909-A-42.wav,ESC-50,fold_3,51909,3-51909-A-42.wav,0
train,siren__esc50__fold_3__51909__0020__r0.wav,siren,ESC50-3-3-51909-B-42.wav,ESC-50,fold_3,51909,3-51909-B-42.wav,0
train,siren__esc50__fold_3__58772__0021__r0.wav,siren,ESC50-3-3-58772-A-42.wav,ESC-50,fold_3,58772,3-58772-A-42.wav,0
train,siren__esc50__fold_3__62878__0022__r0.wav,siren,ESC50-3-3-62878-A-42.wav,ESC-50,fold_3,62878,3-62878-A-42.wav,0
train,siren__esc50__fold_3__62878__0023__r0.wav,siren,ESC50-3-3-62878-B-42.wav,ESC-50,fold_3,62878,3-62878-B-42.wav,0
train,siren__fsd50k__dev__108192__0024__r0.wav,siren,FSD50K-dev-108192-siren,FSD50K,dev,108192,108192.wav,0
train,siren__fsd50k__dev__116664__0025__r0.wav,siren,FSD50K-dev-116664-siren,FSD50K,dev,116664,116664.wav,0
train,siren__fsd50k__dev__128459__0026__r0.wav,siren,FSD50K-dev-128459-siren,FSD50K,dev,128459,128459.wav,0
train,siren__fsd50k__dev__156868__0027__r0.wav,siren,FSD50K-dev-156868-siren,FSD50K,dev,156868,156868.wav,0
train,siren__fsd50k__dev__159743__0028__r0.wav,siren,FSD50K-dev-159743-siren,FSD50K,dev,159743,159743.wav,0
train,siren__fsd50k__dev__159745__0029__r0.wav,siren,FSD50K-dev-159745-siren,FSD50K,dev,159745,159745.wav,0
train,siren__fsd50k__dev__159750__0030__r0.wav,siren,FSD50K-dev-159750-siren,FSD50K,dev,159750,159750.wav,0
train,siren__fsd50k__dev__159753__0031__r0.wav,siren,FSD50K-dev-159753-siren,FSD50K,dev,159753,159753.wav,0
train,siren__fsd50k__dev__159754__0032__r0.wav,siren,FSD50K-dev-159754-siren,FSD50K,dev,159754,159754.wav,0
train,siren__fsd50k__dev__159755__0033__r0.wav,siren,FSD50K-dev-159755-siren,FSD50K,dev,159755,159755.wav,0
train,siren__fsd50k__dev__162719__0034__r0.wav,siren,FSD50K-dev-162719-siren,FSD50K,dev,162719,162719.wav,0
train,siren__fsd50k__dev__165166__0035__r0.wav,siren,FSD50K-dev-165166-siren,FSD50K,dev,165166,165166.wav,0
train,siren__fsd50k__dev__168258__0036__r0.wav,siren,FSD50K-dev-168258-siren,FSD50K,dev,168258,168258.wav,0
train,siren__fsd50k__dev__168621__0037__r0.wav,siren,FSD50K-dev-168621-siren,FSD50K,dev,168621,168621.wav,0
train,siren__fsd50k__dev__184623__0038__r0.wav,siren,FSD50K-dev-184623-siren,FSD50K,dev,184623,184623.wav,0
train,siren__fsd50k__dev__201611__0039__r0.wav,siren,FSD50K-dev-201611-siren,FSD50K,dev,201611,201611.wav,0
train,siren__fsd50k__dev__201945__0040__r0.wav,siren,FSD50K-dev-201945-siren,FSD50K,dev,201945,201945.wav,0
train,siren__fsd50k__dev__202418__0041__r0.wav,siren,FSD50K-dev-202418-siren,FSD50K,dev,202418,202418.wav,0
train,siren__fsd50k__dev__203720__0042__r0.wav,siren,FSD50K-dev-203720-siren,FSD50K,dev,203720,203720.wav,0
train,siren__fsd50k__dev__208652__0043__r0.wav,siren,FSD50K-dev-208652-siren,FSD50K,dev,208652,208652.wav,0
train,siren__fsd50k__dev__223824__0044__r0.wav,siren,FSD50K-dev-223824-siren,FSD50K,dev,223824,223824.wav,0
train,siren__fsd50k__dev__23750__0045__r0.wav,siren,FSD50K-dev-23750-siren,FSD50K,dev,23750,23750.wav,0
train,siren__fsd50k__dev__256469__0046__r0.wav,siren,FSD50K-dev-256469-siren,FSD50K,dev,256469,256469.wav,0
train,siren__fsd50k__dev__258169__0047__r0.wav,siren,FSD50K-dev-258169-siren,FSD50K,dev,258169,258169.wav,0
train,siren__fsd50k__dev__261589__0048__r0.wav,siren,FSD50K-dev-261589-siren,FSD50K,dev,261589,261589.wav,0
train,siren__fsd50k__dev__261593__0049__r0.wav,siren,FSD50K-dev-261593-siren,FSD50K,dev,261593,261593.wav,0
train,siren__fsd50k__dev__262278__0050__r0.wav,siren,FSD50K-dev-262278-siren,FSD50K,dev,262278,262278.wav,0
train,siren__fsd50k__dev__268809__0051__r0.wav,siren,FSD50K-dev-268809-siren,FSD50K,dev,268809,268809.wav,0
train,siren__fsd50k__dev__273750__0052__r0.wav,siren,FSD50K-dev-273750-siren,FSD50K,dev,273750,273750.wav,0
train,siren__fsd50k__dev__277508__0053__r0.wav,siren,FSD50K-dev-277508-siren,FSD50K,dev,277508,277508.wav,0
train,siren__fsd50k__dev__28426__0054__r0.wav,siren,FSD50K-dev-28426-siren,FSD50K,dev,28426,28426.wav,0
train,siren__fsd50k__dev__31482__0055__r0.wav,siren,FSD50K-dev-31482-siren,FSD50K,dev,31482,31482.wav,0
train,siren__fsd50k__dev__315758__0056__r0.wav,siren,FSD50K-dev-315758-siren,FSD50K,dev,315758,315758.wav,0
train,siren__fsd50k__dev__319751__0057__r0.wav,siren,FSD50K-dev-319751-siren,FSD50K,dev,319751,319751.wav,0
train,siren__fsd50k__dev__322205__0058__r0.wav,siren,FSD50K-dev-322205-siren,FSD50K,dev,322205,322205.wav,0
train,siren__fsd50k__dev__324579__0059__r0.wav,siren,FSD50K-dev-324579-siren,FSD50K,dev,324579,324579.wav,0
train,siren__fsd50k__dev__326074__0060__r0.wav,siren,FSD50K-dev-326074-siren,FSD50K,dev,326074,326074.wav,0
train,siren__fsd50k__dev__332918__0061__r0.wav,siren,FSD50K-dev-332918-siren,FSD50K,dev,332918,332918.wav,0
train,siren__fsd50k__dev__336894__0062__r0.wav,siren,FSD50K-dev-336894-siren,FSD50K,dev,336894,336894.wav,0
train,siren__fsd50k__dev__338973__0063__r0.wav,siren,FSD50K-dev-338973-siren,FSD50K,dev,338973,338973.wav,0
train,siren__fsd50k__dev__34280__0064__r0.wav,siren,FSD50K-dev-34280-siren,FSD50K,dev,34280,34280.wav,0
train,siren__fsd50k__dev__364911__0065__r0.wav,siren,FSD50K-dev-364911-siren,FSD50K,dev,364911,364911.wav,0
train,siren__fsd50k__dev__372251__0066__r0.wav,siren,FSD50K-dev-372251-siren,FSD50K,dev,372251,372251.wav,0
train,siren__fsd50k__dev__377125__0067__r0.wav,siren,FSD50K-dev-377125-siren,FSD50K,dev,377125,377125.wav,0
train,siren__fsd50k__dev__377126__0068__r0.wav,siren,FSD50K-dev-377126-siren,FSD50K,dev,377126,377126.wav,0
train,siren__fsd50k__dev__381957__0069__r0.wav,siren,FSD50K-dev-381957-siren,FSD50K,dev,381957,381957.wav,0
train,siren__fsd50k__dev__392801__0070__r0.wav,siren,FSD50K-dev-392801-siren,FSD50K,dev,392801,392801.wav,0
train,siren__fsd50k__dev__393662__0071__r0.wav,siren,FSD50K-dev-393662-siren,FSD50K,dev,393662,393662.wav,0
train,siren__fsd50k__dev__393665__0072__r0.wav,siren,FSD50K-dev-393665-siren,FSD50K,dev,393665,393665.wav,0
train,siren__fsd50k__dev__393666__0073__r0.wav,siren,FSD50K-dev-393666-siren,FSD50K,dev,393666,393666.wav,0
train,siren__fsd50k__dev__393667__0074__r0.wav,siren,FSD50K-dev-393667-siren,FSD50K,dev,393667,393667.wav,0
train,siren__fsd50k__dev__410825__0075__r0.wav,siren,FSD50K-dev-410825-siren,FSD50K,dev,410825,410825.wav,0
train,siren__fsd50k__dev__46092__0076__r0.wav,siren,FSD50K-dev-46092-siren,FSD50K,dev,46092,46092.wav,0
train,siren__fsd50k__dev__65152__0077__r0.wav,siren,FSD50K-dev-65152-siren,FSD50K,dev,65152,65152.wav,0
train,siren__fsd50k__dev__65929__0078__r0.wav,siren,FSD50K-dev-65929-siren,FSD50K,dev,65929,65929.wav,0
train,siren__fsd50k__dev__67358__0079__r0.wav,siren,FSD50K-dev-67358-siren,FSD50K,dev,67358,67358.wav,0
train,siren__fsd50k__dev__67359__0080__r0.wav,siren,FSD50K-dev-67359-siren,FSD50K,dev,67359,67359.wav,0
train,siren__fsd50k__dev__87393__0081__r0.wav,siren,FSD50K-dev-87393-siren,FSD50K,dev,87393,87393.wav,0
train,siren__fsd50k__dev__88121__0082__r0.wav,siren,FSD50K-dev-88121-siren,FSD50K,dev,88121,88121.wav,0
train,siren__fsd50k__dev__89682__0083__r0.wav,siren,FSD50K-dev-89682-siren,FSD50K,dev,89682,89682.wav,0
train,siren__fsd50k__dev__89683__0084__r0.wav,siren,FSD50K-dev-89683-siren,FSD50K,dev,89683,89683.wav,0
train,siren__fsd50k__dev__93639__0085__r0.wav,siren,FSD50K-dev-93639-siren,FSD50K,dev,93639,93639.wav,0
train,siren__fsd50k__dev__93643__0086__r0.wav,siren,FSD50K-dev-93643-siren,FSD50K,dev,93643,93643.wav,0
train,siren__fsd50k__dev__93676__0087__r0.wav,siren,FSD50K-dev-93676-siren,FSD50K,dev,93676,93676.wav,0
train,siren__fsd50k__dev__98536__0088__r0.wav,siren,FSD50K-dev-98536-siren,FSD50K,dev,98536,98536.wav,0
train,siren__esc50__fold_1__31482__0089__r1.wav,siren,ESC50-1-1-31482-A-42.wav,ESC-50,fold_1,31482,1-31482-A-42.wav,1
train,siren__esc50__fold_1__31482__0090__r1.wav,siren,ESC50-1-1-31482-B-42.wav,ESC-50,fold_1,31482,1-31482-B-42.wav,1
train,siren__esc50__fold_1__54084__0091__r1.wav,siren,ESC50-1-1-54084-A-42.wav,ESC-50,fold_1,54084,1-54084-A-42.wav,1
train,siren__esc50__fold_1__76831__0092__r1.wav,siren,ESC50-1-1-76831-A-42.wav,ESC-50,fold_1,76831,1-76831-A-42.wav,1
train,siren__esc50__fold_1__76831__0093__r1.wav,siren,ESC50-1-1-76831-B-42.wav,ESC-50,fold_1,76831,1-76831-B-42.wav,1
train,siren__esc50__fold_1__76831__0094__r1.wav,siren,ESC50-1-1-76831-C-42.wav,ESC-50,fold_1,76831,1-76831-C-42.wav,1
train,siren__esc50__fold_1__76831__0095__r1.wav,siren,ESC50-1-1-76831-D-42.wav,ESC-50,fold_1,76831,1-76831-D-42.wav,1
train,siren__esc50__fold_1__76831__0096__r1.wav,siren,ESC50-1-1-76831-E-42.wav,ESC-50,fold_1,76831,1-76831-E-42.wav,1
train,siren__esc50__fold_2__43802__0097__r1.wav,siren,ESC50-2-2-43802-A-42.wav,ESC-50,fold_2,43802,2-43802-A-42.wav,1
train,siren__esc50__fold_2__43806__0098__r1.wav,siren,ESC50-2-2-43806-A-42.wav,ESC-50,fold_2,43806,2-43806-A-42.wav,1
train,siren__esc50__fold_2__70052__0099__r1.wav,siren,ESC50-2-2-70052-A-42.wav,ESC-50,fold_2,70052,2-70052-A-42.wav,1
train,siren__esc50__fold_2__70052__0100__r1.wav,siren,ESC50-2-2-70052-B-42.wav,ESC-50,fold_2,70052,2-70052-B-42.wav,1
train,siren__esc50__fold_2__70936__0101__r1.wav,siren,ESC50-2-2-70936-A-42.wav,ESC-50,fold_2,70936,2-70936-A-42.wav,1
train,siren__esc50__fold_2__70938__0102__r1.wav,siren,ESC50-2-2-70938-A-42.wav,ESC-50,fold_2,70938,2-70938-A-42.wav,1
train,siren__esc50__fold_2__70939__0103__r1.wav,siren,ESC50-2-2-70939-A-42.wav,ESC-50,fold_2,70939,2-70939-A-42.wav,1
train,siren__esc50__fold_2__72688__0104__r1.wav,siren,ESC50-2-2-72688-A-42.wav,ESC-50,fold_2,72688,2-72688-A-42.wav,1
train,siren__esc50__fold_3__51376__0105__r1.wav,siren,ESC50-3-3-51376-A-42.wav,ESC-50,fold_3,51376,3-51376-A-42.wav,1
train,siren__esc50__fold_3__51731__0106__r1.wav,siren,ESC50-3-3-51731-A-42.wav,ESC-50,fold_3,51731,3-51731-A-42.wav,1
train,siren__esc50__fold_3__51731__0107__r1.wav,siren,ESC50-3-3-51731-B-42.wav,ESC-50,fold_3,51731,3-51731-B-42.wav,1
train,siren__esc50__fold_3__51909__0108__r1.wav,siren,ESC50-3-3-51909-A-42.wav,ESC-50,fold_3,51909,3-51909-A-42.wav,1
train,siren__esc50__fold_3__51909__0109__r1.wav,siren,ESC50-3-3-51909-B-42.wav,ESC-50,fold_3,51909,3-51909-B-42.wav,1
train,siren__esc50__fold_3__58772__0110__r1.wav,siren,ESC50-3-3-58772-A-42.wav,ESC-50,fold_3,58772,3-58772-A-42.wav,1
train,siren__esc50__fold_3__62878__0111__r1.wav,siren,ESC50-3-3-62878-A-42.wav,ESC-50,fold_3,62878,3-62878-A-42.wav,1
train,siren__esc50__fold_3__62878__0112__r1.wav,siren,ESC50-3-3-62878-B-42.wav,ESC-50,fold_3,62878,3-62878-B-42.wav,1
train,siren__fsd50k__dev__108192__0113__r1.wav,siren,FSD50K-dev-108192-siren,FSD50K,dev,108192,108192.wav,1
train,siren__fsd50k__dev__116664__0114__r1.wav,siren,FSD50K-dev-116664-siren,FSD50K,dev,116664,116664.wav,1
train,siren__fsd50k__dev__128459__0115__r1.wav,siren,FSD50K-dev-128459-siren,FSD50K,dev,128459,128459.wav,1
train,siren__fsd50k__dev__156868__0116__r1.wav,siren,FSD50K-dev-156868-siren,FSD50K,dev,156868,156868.wav,1
train,siren__fsd50k__dev__159743__0117__r1.wav,siren,FSD50K-dev-159743-siren,FSD50K,dev,159743,159743.wav,1
train,siren__fsd50k__dev__159745__0118__r1.wav,siren,FSD50K-dev-159745-siren,FSD50K,dev,159745,159745.wav,1
train,siren__fsd50k__dev__159750__0119__r1.wav,siren,FSD50K-dev-159750-siren,FSD50K,dev,159750,159750.wav,1
train,siren__fsd50k__dev__159753__0120__r1.wav,siren,FSD50K-dev-159753-siren,FSD50K,dev,159753,159753.wav,1
train,siren__fsd50k__dev__159754__0121__r1.wav,siren,FSD50K-dev-159754-siren,FSD50K,dev,159754,159754.wav,1
train,siren__fsd50k__dev__159755__0122__r1.wav,siren,FSD50K-dev-159755-siren,FSD50K,dev,159755,159755.wav,1
train,siren__fsd50k__dev__162719__0123__r1.wav,siren,FSD50K-dev-162719-siren,FSD50K,dev,162719,162719.wav,1
train,siren__fsd50k__dev__165166__0124__r1.wav,siren,FSD50K-dev-165166-siren,FSD50K,dev,165166,165166.wav,1
train,siren__fsd50k__dev__168258__0125__r1.wav,siren,FSD50K-dev-168258-siren,FSD50K,dev,168258,168258.wav,1
train,siren__fsd50k__dev__168621__0126__r1.wav,siren,FSD50K-dev-168621-siren,FSD50K,dev,168621,168621.wav,1
train,siren__fsd50k__dev__184623__0127__r1.wav,siren,FSD50K-dev-184623-siren,FSD50K,dev,184623,184623.wav,1
train,siren__fsd50k__dev__201611__0128__r1.wav,siren,FSD50K-dev-201611-siren,FSD50K,dev,201611,201611.wav,1
train,siren__fsd50k__dev__201945__0129__r1.wav,siren,FSD50K-dev-201945-siren,FSD50K,dev,201945,201945.wav,1
train,siren__fsd50k__dev__202418__0130__r1.wav,siren,FSD50K-dev-202418-siren,FSD50K,dev,202418,202418.wav,1
train,siren__fsd50k__dev__203720__0131__r1.wav,siren,FSD50K-dev-203720-siren,FSD50K,dev,203720,203720.wav,1
train,siren__fsd50k__dev__208652__0132__r1.wav,siren,FSD50K-dev-208652-siren,FSD50K,dev,208652,208652.wav,1
train,siren__fsd50k__dev__223824__0133__r1.wav,siren,FSD50K-dev-223824-siren,FSD50K,dev,223824,223824.wav,1
train,siren__fsd50k__dev__23750__0134__r1.wav,siren,FSD50K-dev-23750-siren,FSD50K,dev,23750,23750.wav,1
train,siren__fsd50k__dev__256469__0135__r1.wav,siren,FSD50K-dev-256469-siren,FSD50K,dev,256469,256469.wav,1
train,siren__fsd50k__dev__258169__0136__r1.wav,siren,FSD50K-dev-258169-siren,FSD50K,dev,258169,258169.wav,1
train,siren__fsd50k__dev__261589__0137__r1.wav,siren,FSD50K-dev-261589-siren,FSD50K,dev,261589,261589.wav,1
train,siren__fsd50k__dev__261593__0138__r1.wav,siren,FSD50K-dev-261593-siren,FSD50K,dev,261593,261593.wav,1
train,siren__fsd50k__dev__262278__0139__r1.wav,siren,FSD50K-dev-262278-siren,FSD50K,dev,262278,262278.wav,1
train,siren__fsd50k__dev__268809__0140__r1.wav,siren,FSD50K-dev-268809-siren,FSD50K,dev,268809,268809.wav,1
train,siren__fsd50k__dev__273750__0141__r1.wav,siren,FSD50K-dev-273750-siren,FSD50K,dev,273750,273750.wav,1
train,siren__fsd50k__dev__277508__0142__r1.wav,siren,FSD50K-dev-277508-siren,FSD50K,dev,277508,277508.wav,1
train,siren__fsd50k__dev__28426__0143__r1.wav,siren,FSD50K-dev-28426-siren,FSD50K,dev,28426,28426.wav,1
train,siren__fsd50k__dev__31482__0144__r1.wav,siren,FSD50K-dev-31482-siren,FSD50K,dev,31482,31482.wav,1
train,siren__fsd50k__dev__315758__0145__r1.wav,siren,FSD50K-dev-315758-siren,FSD50K,dev,315758,315758.wav,1
train,siren__fsd50k__dev__319751__0146__r1.wav,siren,FSD50K-dev-319751-siren,FSD50K,dev,319751,319751.wav,1
train,siren__fsd50k__dev__322205__0147__r1.wav,siren,FSD50K-dev-322205-siren,FSD50K,dev,322205,322205.wav,1
train,siren__fsd50k__dev__324579__0148__r1.wav,siren,FSD50K-dev-324579-siren,FSD50K,dev,324579,324579.wav,1
train,siren__fsd50k__dev__326074__0149__r1.wav,siren,FSD50K-dev-326074-siren,FSD50K,dev,326074,326074.wav,1
train,siren__fsd50k__dev__332918__0150__r1.wav,siren,FSD50K-dev-332918-siren,FSD50K,dev,332918,332918.wav,1
train,siren__fsd50k__dev__336894__0151__r1.wav,siren,FSD50K-dev-336894-siren,FSD50K,dev,336894,336894.wav,1
train,siren__fsd50k__dev__338973__0152__r1.wav,siren,FSD50K-dev-338973-siren,FSD50K,dev,338973,338973.wav,1
train,siren__fsd50k__dev__34280__0153__r1.wav,siren,FSD50K-dev-34280-siren,FSD50K,dev,34280,34280.wav,1
train,siren__fsd50k__dev__364911__0154__r1.wav,siren,FSD50K-dev-364911-siren,FSD50K,dev,364911,364911.wav,1
train,siren__fsd50k__dev__372251__0155__r1.wav,siren,FSD50K-dev-372251-siren,FSD50K,dev,372251,372251.wav,1
train,siren__fsd50k__dev__377125__0156__r1.wav,siren,FSD50K-dev-377125-siren,FSD50K,dev,377125,377125.wav,1
train,siren__fsd50k__dev__377126__0157__r1.wav,siren,FSD50K-dev-377126-siren,FSD50K,dev,377126,377126.wav,1
train,siren__fsd50k__dev__381957__0158__r1.wav,siren,FSD50K-dev-381957-siren,FSD50K,dev,381957,381957.wav,1
train,siren__fsd50k__dev__392801__0159__r1.wav,siren,FSD50K-dev-392801-siren,FSD50K,dev,392801,392801.wav,1
train,siren__fsd50k__dev__393662__0160__r1.wav,siren,FSD50K-dev-393662-siren,FSD50K,dev,393662,393662.wav,1
train,siren__fsd50k__dev__393665__0161__r1.wav,siren,FSD50K-dev-393665-siren,FSD50K,dev,393665,393665.wav,1
train,siren__fsd50k__dev__393666__0162__r1.wav,siren,FSD50K-dev-393666-siren,FSD50K,dev,393666,393666.wav,1
train,siren__fsd50k__dev__393667__0163__r1.wav,siren,FSD50K-dev-393667-siren,FSD50K,dev,393667,393667.wav,1
train,siren__fsd50k__dev__410825__0164__r1.wav,siren,FSD50K-dev-410825-siren,FSD50K,dev,410825,410825.wav,1
train,siren__fsd50k__dev__46092__0165__r1.wav,siren,FSD50K-dev-46092-siren,FSD50K,dev,46092,46092.wav,1
train,siren__fsd50k__dev__65152__0166__r1.wav,siren,FSD50K-dev-65152-siren,FSD50K,dev,65152,65152.wav,1
train,siren__fsd50k__dev__65929__0167__r1.wav,siren,FSD50K-dev-65929-siren,FSD50K,dev,65929,65929.wav,1
train,siren__fsd50k__dev__67358__0168__r1.wav,siren,FSD50K-dev-67358-siren,FSD50K,dev,67358,67358.wav,1
train,siren__fsd50k__dev__67359__0169__r1.wav,siren,FSD50K-dev-67359-siren,FSD50K,dev,67359,67359.wav,1
train,siren__fsd50k__dev__87393__0170__r1.wav,siren,FSD50K-dev-87393-siren,FSD50K,dev,87393,87393.wav,1
train,siren__fsd50k__dev__88121__0171__r1.wav,siren,FSD50K-dev-88121-siren,FSD50K,dev,88121,88121.wav,1
train,siren__fsd50k__dev__89682__0172__r1.wav,siren,FSD50K-dev-89682-siren,FSD50K,dev,89682,89682.wav,1
train,siren__fsd50k__dev__89683__0173__r1.wav,siren,FSD50K-dev-89683-siren,FSD50K,dev,89683,89683.wav,1
train,siren__fsd50k__dev__93639__0174__r1.wav,siren,FSD50K-dev-93639-siren,FSD50K,dev,93639,93639.wav,1
train,siren__fsd50k__dev__93643__0175__r1.wav,siren,FSD50K-dev-93643-siren,FSD50K,dev,93643,93643.wav,1
train,siren__fsd50k__dev__93676__0176__r1.wav,siren,FSD50K-dev-93676-siren,FSD50K,dev,93676,93676.wav,1
train,siren__fsd50k__dev__98536__0177__r1.wav,siren,FSD50K-dev-98536-siren,FSD50K,dev,98536,98536.wav,1
train,siren__esc50__fold_1__31482__0178__r2.wav,siren,ESC50-1-1-31482-A-42.wav,ESC-50,fold_1,31482,1-31482-A-42.wav,2
train,siren__esc50__fold_1__31482__0179__r2.wav,siren,ESC50-1-1-31482-B-42.wav,ESC-50,fold_1,31482,1-31482-B-42.wav,2
train,siren__esc50__fold_1__54084__0180__r2.wav,siren,ESC50-1-1-54084-A-42.wav,ESC-50,fold_1,54084,1-54084-A-42.wav,2
train,siren__esc50__fold_1__76831__0181__r2.wav,siren,ESC50-1-1-76831-A-42.wav,ESC-50,fold_1,76831,1-76831-A-42.wav,2
train,siren__esc50__fold_1__76831__0182__r2.wav,siren,ESC50-1-1-76831-B-42.wav,ESC-50,fold_1,76831,1-76831-B-42.wav,2
train,siren__esc50__fold_1__76831__0183__r2.wav,siren,ESC50-1-1-76831-C-42.wav,ESC-50,fold_1,76831,1-76831-C-42.wav,2
train,siren__esc50__fold_1__76831__0184__r2.wav,siren,ESC50-1-1-76831-D-42.wav,ESC-50,fold_1,76831,1-76831-D-42.wav,2
train,siren__esc50__fold_1__76831__0185__r2.wav,siren,ESC50-1-1-76831-E-42.wav,ESC-50,fold_1,76831,1-76831-E-42.wav,2
train,siren__esc50__fold_2__43802__0186__r2.wav,siren,ESC50-2-2-43802-A-42.wav,ESC-50,fold_2,43802,2-43802-A-42.wav,2
train,siren__esc50__fold_2__43806__0187__r2.wav,siren,ESC50-2-2-43806-A-42.wav,ESC-50,fold_2,43806,2-43806-A-42.wav,2
train,siren__esc50__fold_2__70052__0188__r2.wav,siren,ESC50-2-2-70052-A-42.wav,ESC-50,fold_2,70052,2-70052-A-42.wav,2
train,siren__esc50__fold_2__70052__0189__r2.wav,siren,ESC50-2-2-70052-B-42.wav,ESC-50,fold_2,70052,2-70052-B-42.wav,2
train,siren__esc50__fold_2__70936__0190__r2.wav,siren,ESC50-2-2-70936-A-42.wav,ESC-50,fold_2,70936,2-70936-A-42.wav,2
train,siren__esc50__fold_2__70938__0191__r2.wav,siren,ESC50-2-2-70938-A-42.wav,ESC-50,fold_2,70938,2-70938-A-42.wav,2
train,chainsaw__esc50__fold_1__116765__0000__r0.wav,chainsaw,ESC50-1-1-116765-A-41.wav,ESC-50,fold_1,116765,1-116765-A-41.wav,0
train,chainsaw__esc50__fold_1__19898__0001__r0.wav,chainsaw,ESC50-1-1-19898-A-41.wav,ESC-50,fold_1,19898,1-19898-A-41.wav,0
train,chainsaw__esc50__fold_1__19898__0002__r0.wav,chainsaw,ESC50-1-1-19898-B-41.wav,ESC-50,fold_1,19898,1-19898-B-41.wav,0
train,chainsaw__esc50__fold_1__19898__0003__r0.wav,chainsaw,ESC50-1-1-19898-C-41.wav,ESC-50,fold_1,19898,1-19898-C-41.wav,0
train,chainsaw__esc50__fold_1__47250__0004__r0.wav,chainsaw,ESC50-1-1-47250-A-41.wav,ESC-50,fold_1,47250,1-47250-A-41.wav,0
train,chainsaw__esc50__fold_1__47250__0005__r0.wav,chainsaw,ESC50-1-1-47250-B-41.wav,ESC-50,fold_1,47250,1-47250-B-41.wav,0
train,chainsaw__esc50__fold_1__64398__0006__r0.wav,chainsaw,ESC50-1-1-64398-A-41.wav,ESC-50,fold_1,64398,1-64398-A-41.wav,0
train,chainsaw__esc50__fold_1__64398__0007__r0.wav,chainsaw,ESC50-1-1-64398-B-41.wav,ESC-50,fold_1,64398,1-64398-B-41.wav,0
train,chainsaw__esc50__fold_2__50667__0008__r0.wav,chainsaw,ESC50-2-2-50667-A-41.wav,ESC-50,fold_2,50667,2-50667-A-41.wav,0
train,chainsaw__esc50__fold_2__50667__0009__r0.wav,chainsaw,ESC50-2-2-50667-B-41.wav,ESC-50,fold_2,50667,2-50667-B-41.wav,0
train,chainsaw__esc50__fold_2__50668__0010__r0.wav,chainsaw,ESC50-2-2-50668-A-41.wav,ESC-50,fold_2,50668,2-50668-A-41.wav,0
train,chainsaw__esc50__fold_2__50668__0011__r0.wav,chainsaw,ESC50-2-2-50668-B-41.wav,ESC-50,fold_2,50668,2-50668-B-41.wav,0
train,chainsaw__esc50__fold_2__68391__0012__r0.wav,chainsaw,ESC50-2-2-68391-A-41.wav,ESC-50,fold_2,68391,2-68391-A-41.wav,0
train,chainsaw__esc50__fold_2__68391__0013__r0.wav,chainsaw,ESC50-2-2-68391-B-41.wav,ESC-50,fold_2,68391,2-68391-B-41.wav,0
train,chainsaw__esc50__fold_2__77945__0014__r0.wav,chainsaw,ESC50-2-2-77945-A-41.wav,ESC-50,fold_2,77945,2-77945-A-41.wav,0
train,chainsaw__esc50__fold_2__77945__0015__r0.wav,chainsaw,ESC50-2-2-77945-B-41.wav,ESC-50,fold_2,77945,2-77945-B-41.wav,0
train,chainsaw__esc50__fold_3__118656__0016__r0.wav,chainsaw,ESC50-3-3-118656-A-41.wav,ESC-50,fold_3,118656,3-118656-A-41.wav,0
train,chainsaw__esc50__fold_3__118657__0017__r0.wav,chainsaw,ESC50-3-3-118657-A-41.wav,ESC-50,fold_3,118657,3-118657-A-41.wav,0
train,chainsaw__esc50__fold_3__118657__0018__r0.wav,chainsaw,ESC50-3-3-118657-B-41.wav,ESC-50,fold_3,118657,3-118657-B-41.wav,0
train,chainsaw__esc50__fold_3__118658__0019__r0.wav,chainsaw,ESC50-3-3-118658-A-41.wav,ESC-50,fold_3,118658,3-118658-A-41.wav,0
train,chainsaw__esc50__fold_3__118658__0020__r0.wav,chainsaw,ESC50-3-3-118658-B-41.wav,ESC-50,fold_3,118658,3-118658-B-41.wav,0
train,chainsaw__esc50__fold_3__118972__0021__r0.wav,chainsaw,ESC50-3-3-118972-A-41.wav,ESC-50,fold_3,118972,3-118972-A-41.wav,0
train,chainsaw__esc50__fold_3__118972__0022__r0.wav,chainsaw,ESC50-3-3-118972-B-41.wav,ESC-50,fold_3,118972,3-118972-B-41.wav,0
train,chainsaw__esc50__fold_3__165856__0023__r0.wav,chainsaw,ESC50-3-3-165856-A-41.wav,ESC-50,fold_3,165856,3-165856-A-41.wav,0
train,chainsaw__esc50__fold_1__116765__0024__r1.wav,chainsaw,ESC50-1-1-116765-A-41.wav,ESC-50,fold_1,116765,1-116765-A-41.wav,1
train,chainsaw__esc50__fold_1__19898__0025__r1.wav,chainsaw,ESC50-1-1-19898-A-41.wav,ESC-50,fold_1,19898,1-19898-A-41.wav,1
train,chainsaw__esc50__fold_1__19898__0026__r1.wav,chainsaw,ESC50-1-1-19898-B-41.wav,ESC-50,fold_1,19898,1-19898-B-41.wav,1
train,chainsaw__esc50__fold_1__19898__0027__r1.wav,chainsaw,ESC50-1-1-19898-C-41.wav,ESC-50,fold_1,19898,1-19898-C-41.wav,1
train,chainsaw__esc50__fold_1__47250__0028__r1.wav,chainsaw,ESC50-1-1-47250-A-41.wav,ESC-50,fold_1,47250,1-47250-A-41.wav,1
train,chainsaw__esc50__fold_1__47250__0029__r1.wav,chainsaw,ESC50-1-1-47250-B-41.wav,ESC-50,fold_1,47250,1-47250-B-41.wav,1
train,chainsaw__esc50__fold_1__64398__0030__r1.wav,chainsaw,ESC50-1-1-64398-A-41.wav,ESC-50,fold_1,64398,1-64398-A-41.wav,1
train,chainsaw__esc50__fold_1__64398__0031__r1.wav,chainsaw,ESC50-1-1-64398-B-41.wav,ESC-50,fold_1,64398,1-64398-B-41.wav,1
train,chainsaw__esc50__fold_2__50667__0032__r1.wav,chainsaw,ESC50-2-2-50667-A-41.wav,ESC-50,fold_2,50667,2-50667-A-41.wav,1
train,chainsaw__esc50__fold_2__50667__0033__r1.wav,chainsaw,ESC50-2-2-50667-B-41.wav,ESC-50,fold_2,50667,2-50667-B-41.wav,1
train,chainsaw__esc50__fold_2__50668__0034__r1.wav,chainsaw,ESC50-2-2-50668-A-41.wav,ESC-50,fold_2,50668,2-50668-A-41.wav,1
train,chainsaw__esc50__fold_2__50668__0035__r1.wav,chainsaw,ESC50-2-2-50668-B-41.wav,ESC-50,fold_2,50668,2-50668-B-41.wav,1
train,chainsaw__esc50__fold_2__68391__0036__r1.wav,chainsaw,ESC50-2-2-68391-A-41.wav,ESC-50,fold_2,68391,2-68391-A-41.wav,1
train,chainsaw__esc50__fold_2__68391__0037__r1.wav,chainsaw,ESC50-2-2-68391-B-41.wav,ESC-50,fold_2,68391,2-68391-B-41.wav,1
train,chainsaw__esc50__fold_2__77945__0038__r1.wav,chainsaw,ESC50-2-2-77945-A-41.wav,ESC-50,fold_2,77945,2-77945-A-41.wav,1
train,chainsaw__esc50__fold_2__77945__0039__r1.wav,chainsaw,ESC50-2-2-77945-B-41.wav,ESC-50,fold_2,77945,2-77945-B-41.wav,1
train,chainsaw__esc50__fold_3__118656__0040__r1.wav,chainsaw,ESC50-3-3-118656-A-41.wav,ESC-50,fold_3,118656,3-118656-A-41.wav,1
train,chainsaw__esc50__fold_3__118657__0041__r1.wav,chainsaw,ESC50-3-3-118657-A-41.wav,ESC-50,fold_3,118657,3-118657-A-41.wav,1
train,chainsaw__esc50__fold_3__118657__0042__r1.wav,chainsaw,ESC50-3-3-118657-B-41.wav,ESC-50,fold_3,118657,3-118657-B-41.wav,1
train,chainsaw__esc50__fold_3__118658__0043__r1.wav,chainsaw,ESC50-3-3-118658-A-41.wav,ESC-50,fold_3,118658,3-118658-A-41.wav,1
train,chainsaw__esc50__fold_3__118658__0044__r1.wav,chainsaw,ESC50-3-3-118658-B-41.wav,ESC-50,fold_3,118658,3-118658-B-41.wav,1
train,chainsaw__esc50__fold_3__118972__0045__r1.wav,chainsaw,ESC50-3-3-118972-A-41.wav,ESC-50,fold_3,118972,3-118972-A-41.wav,1
train,chainsaw__esc50__fold_3__118972__0046__r1.wav,chainsaw,ESC50-3-3-118972-B-41.wav,ESC-50,fold_3,118972,3-118972-B-41.wav,1
train,chainsaw__esc50__fold_3__165856__0047__r1.wav,chainsaw,ESC50-3-3-165856-A-41.wav,ESC-50,fold_3,165856,3-165856-A-41.wav,1
train,chainsaw__esc50__fold_1__116765__0048__r2.wav,chainsaw,ESC50-1-1-116765-A-41.wav,ESC-50,fold_1,116765,1-116765-A-41.wav,2
train,chainsaw__esc50__fold_1__19898__0049__r2.wav,chainsaw,ESC50-1-1-19898-A-41.wav,ESC-50,fold_1,19898,1-19898-A-41.wav,2
train,chainsaw__esc50__fold_1__19898__0050__r2.wav,chainsaw,ESC50-1-1-19898-B-41.wav,ESC-50,fold_1,19898,1-19898-B-41.wav,2
train,chainsaw__esc50__fold_1__19898__0051__r2.wav,chainsaw,ESC50-1-1-19898-C-41.wav,ESC-50,fold_1,19898,1-19898-C-41.wav,2
train,chainsaw__esc50__fold_1__47250__0052__r2.wav,chainsaw,ESC50-1-1-47250-A-41.wav,ESC-50,fold_1,47250,1-47250-A-41.wav,2
train,chainsaw__esc50__fold_1__47250__0053__r2.wav,chainsaw,ESC50-1-1-47250-B-41.wav,ESC-50,fold_1,47250,1-47250-B-41.wav,2
train,chainsaw__esc50__fold_1__64398__0054__r2.wav,chainsaw,ESC50-1-1-64398-A-41.wav,ESC-50,fold_1,64398,1-64398-A-41.wav,2
train,chainsaw__esc50__fold_1__64398__0055__r2.wav,chainsaw,ESC50-1-1-64398-B-41.wav,ESC-50,fold_1,64398,1-64398-B-41.wav,2
train,chainsaw__esc50__fold_2__50667__0056__r2.wav,chainsaw,ESC50-2-2-50667-A-41.wav,ESC-50,fold_2,50667,2-50667-A-41.wav,2
train,chainsaw__esc50__fold_2__50667__0057__r2.wav,chainsaw,ESC50-2-2-50667-B-41.wav,ESC-50,fold_2,50667,2-50667-B-41.wav,2
train,chainsaw__esc50__fold_2__50668__0058__r2.wav,chainsaw,ESC50-2-2-50668-A-41.wav,ESC-50,fold_2,50668,2-50668-A-41.wav,2
train,chainsaw__esc50__fold_2__50668__0059__r2.wav,chainsaw,ESC50-2-2-50668-B-41.wav,ESC-50,fold_2,50668,2-50668-B-41.wav,2
train,chainsaw__esc50__fold_2__68391__0060__r2.wav,chainsaw,ESC50-2-2-68391-A-41.wav,ESC-50,fold_2,68391,2-68391-A-41.wav,2
train,chainsaw__esc50__fold_2__68391__0061__r2.wav,chainsaw,ESC50-2-2-68391-B-41.wav,ESC-50,fold_2,68391,2-68391-B-41.wav,2
train,chainsaw__esc50__fold_2__77945__0062__r2.wav,chainsaw,ESC50-2-2-77945-A-41.wav,ESC-50,fold_2,77945,2-77945-A-41.wav,2
train,chainsaw__esc50__fold_2__77945__0063__r2.wav,chainsaw,ESC50-2-2-77945-B-41.wav,ESC-50,fold_2,77945,2-77945-B-41.wav,2
train,chainsaw__esc50__fold_3__118656__0064__r2.wav,chainsaw,ESC50-3-3-118656-A-41.wav,ESC-50,fold_3,118656,3-118656-A-41.wav,2
train,chainsaw__esc50__fold_3__118657__0065__r2.wav,chainsaw,ESC50-3-3-118657-A-41.wav,ESC-50,fold_3,118657,3-118657-A-41.wav,2
train,chainsaw__esc50__fold_3__118657__0066__r2.wav,chainsaw,ESC50-3-3-118657-B-41.wav,ESC-50,fold_3,118657,3-118657-B-41.wav,2
train,chainsaw__esc50__fold_3__118658__0067__r2.wav,chainsaw,ESC50-3-3-118658-A-41.wav,ESC-50,fold_3,118658,3-118658-A-41.wav,2
train,chainsaw__esc50__fold_3__118658__0068__r2.wav,chainsaw,ESC50-3-3-118658-B-41.wav,ESC-50,fold_3,118658,3-118658-B-41.wav,2
train,chainsaw__esc50__fold_3__118972__0069__r2.wav,chainsaw,ESC50-3-3-118972-A-41.wav,ESC-50,fold_3,118972,3-118972-A-41.wav,2
train,chainsaw__esc50__fold_3__118972__0070__r2.wav,chainsaw,ESC50-3-3-118972-B-41.wav,ESC-50,fold_3,118972,3-118972-B-41.wav,2
train,chainsaw__esc50__fold_3__165856__0071__r2.wav,chainsaw,ESC50-3-3-165856-A-41.wav,ESC-50,fold_3,165856,3-165856-A-41.wav,2
train,chainsaw__esc50__fold_1__116765__0072__r3.wav,chainsaw,ESC50-1-1-116765-A-41.wav,ESC-50,fold_1,116765,1-116765-A-41.wav,3
train,chainsaw__esc50__fold_1__19898__0073__r3.wav,chainsaw,ESC50-1-1-19898-A-41.wav,ESC-50,fold_1,19898,1-19898-A-41.wav,3
train,chainsaw__esc50__fold_1__19898__0074__r3.wav,chainsaw,ESC50-1-1-19898-B-41.wav,ESC-50,fold_1,19898,1-19898-B-41.wav,3
train,chainsaw__esc50__fold_1__19898__0075__r3.wav,chainsaw,ESC50-1-1-19898-C-41.wav,ESC-50,fold_1,19898,1-19898-C-41.wav,3
train,chainsaw__esc50__fold_1__47250__0076__r3.wav,chainsaw,ESC50-1-1-47250-A-41.wav,ESC-50,fold_1,47250,1-47250-A-41.wav,3
train,chainsaw__esc50__fold_1__47250__0077__r3.wav,chainsaw,ESC50-1-1-47250-B-41.wav,ESC-50,fold_1,47250,1-47250-B-41.wav,3
train,chainsaw__esc50__fold_1__64398__0078__r3.wav,chainsaw,ESC50-1-1-64398-A-41.wav,ESC-50,fold_1,64398,1-64398-A-41.wav,3
train,chainsaw__esc50__fold_1__64398__0079__r3.wav,chainsaw,ESC50-1-1-64398-B-41.wav,ESC-50,fold_1,64398,1-64398-B-41.wav,3
train,chainsaw__esc50__fold_2__50667__0080__r3.wav,chainsaw,ESC50-2-2-50667-A-41.wav,ESC-50,fold_2,50667,2-50667-A-41.wav,3
train,chainsaw__esc50__fold_2__50667__0081__r3.wav,chainsaw,ESC50-2-2-50667-B-41.wav,ESC-50,fold_2,50667,2-50667-B-41.wav,3
train,chainsaw__esc50__fold_2__50668__0082__r3.wav,chainsaw,ESC50-2-2-50668-A-41.wav,ESC-50,fold_2,50668,2-50668-A-41.wav,3
train,chainsaw__esc50__fold_2__50668__0083__r3.wav,chainsaw,ESC50-2-2-50668-B-41.wav,ESC-50,fold_2,50668,2-50668-B-41.wav,3
train,chainsaw__esc50__fold_2__68391__0084__r3.wav,chainsaw,ESC50-2-2-68391-A-41.wav,ESC-50,fold_2,68391,2-68391-A-41.wav,3
train,chainsaw__esc50__fold_2__68391__0085__r3.wav,chainsaw,ESC50-2-2-68391-B-41.wav,ESC-50,fold_2,68391,2-68391-B-41.wav,3
train,chainsaw__esc50__fold_2__77945__0086__r3.wav,chainsaw,ESC50-2-2-77945-A-41.wav,ESC-50,fold_2,77945,2-77945-A-41.wav,3
train,chainsaw__esc50__fold_2__77945__0087__r3.wav,chainsaw,ESC50-2-2-77945-B-41.wav,ESC-50,fold_2,77945,2-77945-B-41.wav,3
train,chainsaw__esc50__fold_3__118656__0088__r3.wav,chainsaw,ESC50-3-3-118656-A-41.wav,ESC-50,fold_3,118656,3-118656-A-41.wav,3
train,chainsaw__esc50__fold_3__118657__0089__r3.wav,chainsaw,ESC50-3-3-118657-A-41.wav,ESC-50,fold_3,118657,3-118657-A-41.wav,3
train,chainsaw__esc50__fold_3__118657__0090__r3.wav,chainsaw,ESC50-3-3-118657-B-41.wav,ESC-50,fold_3,118657,3-118657-B-41.wav,3
train,chainsaw__esc50__fold_3__118658__0091__r3.wav,chainsaw,ESC50-3-3-118658-A-41.wav,ESC-50,fold_3,118658,3-118658-A-41.wav,3
train,chainsaw__esc50__fold_3__118658__0092__r3.wav,chainsaw,ESC50-3-3-118658-B-41.wav,ESC-50,fold_3,118658,3-118658-B-41.wav,3
train,chainsaw__esc50__fold_3__118972__0093__r3.wav,chainsaw,ESC50-3-3-118972-A-41.wav,ESC-50,fold_3,118972,3-118972-A-41.wav,3
train,chainsaw__esc50__fold_3__118972__0094__r3.wav,chainsaw,ESC50-3-3-118972-B-41.wav,ESC-50,fold_3,118972,3-118972-B-41.wav,3
train,chainsaw__esc50__fold_3__165856__0095__r3.wav,chainsaw,ESC50-3-3-165856-A-41.wav,ESC-50,fold_3,165856,3-165856-A-41.wav,3
train,chainsaw__esc50__fold_1__116765__0096__r4.wav,chainsaw,ESC50-1-1-116765-A-41.wav,ESC-50,fold_1,116765,1-116765-A-41.wav,4
train,chainsaw__esc50__fold_1__19898__0097__r4.wav,chainsaw,ESC50-1-1-19898-A-41.wav,ESC-50,fold_1,19898,1-19898-A-41.wav,4
train,chainsaw__esc50__fold_1__19898__0098__r4.wav,chainsaw,ESC50-1-1-19898-B-41.wav,ESC-50,fold_1,19898,1-19898-B-41.wav,4
train,chainsaw__esc50__fold_1__19898__0099__r4.wav,chainsaw,ESC50-1-1-19898-C-41.wav,ESC-50,fold_1,19898,1-19898-C-41.wav,4
train,chainsaw__esc50__fold_1__47250__0100__r4.wav,chainsaw,ESC50-1-1-47250-A-41.wav,ESC-50,fold_1,47250,1-47250-A-41.wav,4
train,chainsaw__esc50__fold_1__47250__0101__r4.wav,chainsaw,ESC50-1-1-47250-B-41.wav,ESC-50,fold_1,47250,1-47250-B-41.wav,4
train,chainsaw__esc50__fold_1__64398__0102__r4.wav,chainsaw,ESC50-1-1-64398-A-41.wav,ESC-50,fold_1,64398,1-64398-A-41.wav,4
train,chainsaw__esc50__fold_1__64398__0103__r4.wav,chainsaw,ESC50-1-1-64398-B-41.wav,ESC-50,fold_1,64398,1-64398-B-41.wav,4
train,chainsaw__esc50__fold_2__50667__0104__r4.wav,chainsaw,ESC50-2-2-50667-A-41.wav,ESC-50,fold_2,50667,2-50667-A-41.wav,4
train,chainsaw__esc50__fold_2__50667__0105__r4.wav,chainsaw,ESC50-2-2-50667-B-41.wav,ESC-50,fold_2,50667,2-50667-B-41.wav,4
train,chainsaw__esc50__fold_2__50668__0106__r4.wav,chainsaw,ESC50-2-2-50668-A-41.wav,ESC-50,fold_2,50668,2-50668-A-41.wav,4
train,chainsaw__esc50__fold_2__50668__0107__r4.wav,chainsaw,ESC50-2-2-50668-B-41.wav,ESC-50,fold_2,50668,2-50668-B-41.wav,4
train,chainsaw__esc50__fold_2__68391__0108__r4.wav,chainsaw,ESC50-2-2-68391-A-41.wav,ESC-50,fold_2,68391,2-68391-A-41.wav,4
train,chainsaw__esc50__fold_2__68391__0109__r4.wav,chainsaw,ESC50-2-2-68391-B-41.wav,ESC-50,fold_2,68391,2-68391-B-41.wav,4
train,chainsaw__esc50__fold_2__77945__0110__r4.wav,chainsaw,ESC50-2-2-77945-A-41.wav,ESC-50,fold_2,77945,2-77945-A-41.wav,4
train,chainsaw__esc50__fold_2__77945__0111__r4.wav,chainsaw,ESC50-2-2-77945-B-41.wav,ESC-50,fold_2,77945,2-77945-B-41.wav,4
train,chainsaw__esc50__fold_3__118656__0112__r4.wav,chainsaw,ESC50-3-3-118656-A-41.wav,ESC-50,fold_3,118656,3-118656-A-41.wav,4
train,chainsaw__esc50__fold_3__118657__0113__r4.wav,chainsaw,ESC50-3-3-118657-A-41.wav,ESC-50,fold_3,118657,3-118657-A-41.wav,4
train,chainsaw__esc50__fold_3__118657__0114__r4.wav,chainsaw,ESC50-3-3-118657-B-41.wav,ESC-50,fold_3,118657,3-118657-B-41.wav,4
train,chainsaw__esc50__fold_3__118658__0115__r4.wav,chainsaw,ESC50-3-3-118658-A-41.wav,ESC-50,fold_3,118658,3-118658-A-41.wav,4
train,chainsaw__esc50__fold_3__118658__0116__r4.wav,chainsaw,ESC50-3-3-118658-B-41.wav,ESC-50,fold_3,118658,3-118658-B-41.wav,4
train,chainsaw__esc50__fold_3__118972__0117__r4.wav,chainsaw,ESC50-3-3-118972-A-41.wav,ESC-50,fold_3,118972,3-118972-A-41.wav,4
train,chainsaw__esc50__fold_3__118972__0118__r4.wav,chainsaw,ESC50-3-3-118972-B-41.wav,ESC-50,fold_3,118972,3-118972-B-41.wav,4
train,chainsaw__esc50__fold_3__165856__0119__r4.wav,chainsaw,ESC50-3-3-165856-A-41.wav,ESC-50,fold_3,165856,3-165856-A-41.wav,4
train,chainsaw__esc50__fold_1__116765__0120__r5.wav,chainsaw,ESC50-1-1-116765-A-41.wav,ESC-50,fold_1,116765,1-116765-A-41.wav,5
train,chainsaw__esc50__fold_1__19898__0121__r5.wav,chainsaw,ESC50-1-1-19898-A-41.wav,ESC-50,fold_1,19898,1-19898-A-41.wav,5
train,chainsaw__esc50__fold_1__19898__0122__r5.wav,chainsaw,ESC50-1-1-19898-B-41.wav,ESC-50,fold_1,19898,1-19898-B-41.wav,5
train,chainsaw__esc50__fold_1__19898__0123__r5.wav,chainsaw,ESC50-1-1-19898-C-41.wav,ESC-50,fold_1,19898,1-19898-C-41.wav,5
train,chainsaw__esc50__fold_1__47250__0124__r5.wav,chainsaw,ESC50-1-1-47250-A-41.wav,ESC-50,fold_1,47250,1-47250-A-41.wav,5
train,chainsaw__esc50__fold_1__47250__0125__r5.wav,chainsaw,ESC50-1-1-47250-B-41.wav,ESC-50,fold_1,47250,1-47250-B-41.wav,5
train,chainsaw__esc50__fold_1__64398__0126__r5.wav,chainsaw,ESC50-1-1-64398-A-41.wav,ESC-50,fold_1,64398,1-64398-A-41.wav,5
train,chainsaw__esc50__fold_1__64398__0127__r5.wav,chainsaw,ESC50-1-1-64398-B-41.wav,ESC-50,fold_1,64398,1-64398-B-41.wav,5
train,chainsaw__esc50__fold_2__50667__0128__r5.wav,chainsaw,ESC50-2-2-50667-A-41.wav,ESC-50,fold_2,50667,2-50667-A-41.wav,5
train,chainsaw__esc50__fold_2__50667__0129__r5.wav,chainsaw,ESC50-2-2-50667-B-41.wav,ESC-50,fold_2,50667,2-50667-B-41.wav,5
train,chainsaw__esc50__fold_2__50668__0130__r5.wav,chainsaw,ESC50-2-2-50668-A-41.wav,ESC-50,fold_2,50668,2-50668-A-41.wav,5
train,chainsaw__esc50__fold_2__50668__0131__r5.wav,chainsaw,ESC50-2-2-50668-B-41.wav,ESC-50,fold_2,50668,2-50668-B-41.wav,5
train,chainsaw__esc50__fold_2__68391__0132__r5.wav,chainsaw,ESC50-2-2-68391-A-41.wav,ESC-50,fold_2,68391,2-68391-A-41.wav,5
train,chainsaw__esc50__fold_2__68391__0133__r5.wav,chainsaw,ESC50-2-2-68391-B-41.wav,ESC-50,fold_2,68391,2-68391-B-41.wav,5
train,chainsaw__esc50__fold_2__77945__0134__r5.wav,chainsaw,ESC50-2-2-77945-A-41.wav,ESC-50,fold_2,77945,2-77945-A-41.wav,5
train,chainsaw__esc50__fold_2__77945__0135__r5.wav,chainsaw,ESC50-2-2-77945-B-41.wav,ESC-50,fold_2,77945,2-77945-B-41.wav,5
train,chainsaw__esc50__fold_3__118656__0136__r5.wav,chainsaw,ESC50-3-3-118656-A-41.wav,ESC-50,fold_3,118656,3-118656-A-41.wav,5
train,chainsaw__esc50__fold_3__118657__0137__r5.wav,chainsaw,ESC50-3-3-118657-A-41.wav,ESC-50,fold_3,118657,3-118657-A-41.wav,5
train,chainsaw__esc50__fold_3__118657__0138__r5.wav,chainsaw,ESC50-3-3-118657-B-41.wav,ESC-50,fold_3,118657,3-118657-B-41.wav,5
train,chainsaw__esc50__fold_3__118658__0139__r5.wav,chainsaw,ESC50-3-3-118658-A-41.wav,ESC-50,fold_3,118658,3-118658-A-41.wav,5
train,chainsaw__esc50__fold_3__118658__0140__r5.wav,chainsaw,ESC50-3-3-118658-B-41.wav,ESC-50,fold_3,118658,3-118658-B-41.wav,5
train,chainsaw__esc50__fold_3__118972__0141__r5.wav,chainsaw,ESC50-3-3-118972-A-41.wav,ESC-50,fold_3,118972,3-118972-A-41.wav,5
train,chainsaw__esc50__fold_3__118972__0142__r5.wav,chainsaw,ESC50-3-3-118972-B-41.wav,ESC-50,fold_3,118972,3-118972-B-41.wav,5
train,chainsaw__esc50__fold_3__165856__0143__r5.wav,chainsaw,ESC50-3-3-165856-A-41.wav,ESC-50,fold_3,165856,3-165856-A-41.wav,5
train,chainsaw__esc50__fold_1__116765__0144__r6.wav,chainsaw,ESC50-1-1-116765-A-41.wav,ESC-50,fold_1,116765,1-116765-A-41.wav,6
train,chainsaw__esc50__fold_1__19898__0145__r6.wav,chainsaw,ESC50-1-1-19898-A-41.wav,ESC-50,fold_1,19898,1-19898-A-41.wav,6
train,chainsaw__esc50__fold_1__19898__0146__r6.wav,chainsaw,ESC50-1-1-19898-B-41.wav,ESC-50,fold_1,19898,1-19898-B-41.wav,6
train,chainsaw__esc50__fold_1__19898__0147__r6.wav,chainsaw,ESC50-1-1-19898-C-41.wav,ESC-50,fold_1,19898,1-19898-C-41.wav,6
train,chainsaw__esc50__fold_1__47250__0148__r6.wav,chainsaw,ESC50-1-1-47250-A-41.wav,ESC-50,fold_1,47250,1-47250-A-41.wav,6
train,chainsaw__esc50__fold_1__47250__0149__r6.wav,chainsaw,ESC50-1-1-47250-B-41.wav,ESC-50,fold_1,47250,1-47250-B-41.wav,6
train,chainsaw__esc50__fold_1__64398__0150__r6.wav,chainsaw,ESC50-1-1-64398-A-41.wav,ESC-50,fold_1,64398,1-64398-A-41.wav,6
train,chainsaw__esc50__fold_1__64398__0151__r6.wav,chainsaw,ESC50-1-1-64398-B-41.wav,ESC-50,fold_1,64398,1-64398-B-41.wav,6
train,chainsaw__esc50__fold_2__50667__0152__r6.wav,chainsaw,ESC50-2-2-50667-A-41.wav,ESC-50,fold_2,50667,2-50667-A-41.wav,6
train,chainsaw__esc50__fold_2__50667__0153__r6.wav,chainsaw,ESC50-2-2-50667-B-41.wav,ESC-50,fold_2,50667,2-50667-B-41.wav,6
train,chainsaw__esc50__fold_2__50668__0154__r6.wav,chainsaw,ESC50-2-2-50668-A-41.wav,ESC-50,fold_2,50668,2-50668-A-41.wav,6
train,chainsaw__esc50__fold_2__50668__0155__r6.wav,chainsaw,ESC50-2-2-50668-B-41.wav,ESC-50,fold_2,50668,2-50668-B-41.wav,6
train,chainsaw__esc50__fold_2__68391__0156__r6.wav,chainsaw,ESC50-2-2-68391-A-41.wav,ESC-50,fold_2,68391,2-68391-A-41.wav,6
train,chainsaw__esc50__fold_2__68391__0157__r6.wav,chainsaw,ESC50-2-2-68391-B-41.wav,ESC-50,fold_2,68391,2-68391-B-41.wav,6
train,chainsaw__esc50__fold_2__77945__0158__r6.wav,chainsaw,ESC50-2-2-77945-A-41.wav,ESC-50,fold_2,77945,2-77945-A-41.wav,6
train,chainsaw__esc50__fold_2__77945__0159__r6.wav,chainsaw,ESC50-2-2-77945-B-41.wav,ESC-50,fold_2,77945,2-77945-B-41.wav,6
train,chainsaw__esc50__fold_3__118656__0160__r6.wav,chainsaw,ESC50-3-3-118656-A-41.wav,ESC-50,fold_3,118656,3-118656-A-41.wav,6
train,chainsaw__esc50__fold_3__118657__0161__r6.wav,chainsaw,ESC50-3-3-118657-A-41.wav,ESC-50,fold_3,118657,3-118657-A-41.wav,6
train,chainsaw__esc50__fold_3__118657__0162__r6.wav,chainsaw,ESC50-3-3-118657-B-41.wav,ESC-50,fold_3,118657,3-118657-B-41.wav,6
train,chainsaw__esc50__fold_3__118658__0163__r6.wav,chainsaw,ESC50-3-3-118658-A-41.wav,ESC-50,fold_3,118658,3-118658-A-41.wav,6
train,chainsaw__esc50__fold_3__118658__0164__r6.wav,chainsaw,ESC50-3-3-118658-B-41.wav,ESC-50,fold_3,118658,3-118658-B-41.wav,6
train,chainsaw__esc50__fold_3__118972__0165__r6.wav,chainsaw,ESC50-3-3-118972-A-41.wav,ESC-50,fold_3,118972,3-118972-A-41.wav,6
train,chainsaw__esc50__fold_3__118972__0166__r6.wav,chainsaw,ESC50-3-3-118972-B-41.wav,ESC-50,fold_3,118972,3-118972-B-41.wav,6
train,chainsaw__esc50__fold_3__165856__0167__r6.wav,chainsaw,ESC50-3-3-165856-A-41.wav,ESC-50,fold_3,165856,3-165856-A-41.wav,6
train,chainsaw__esc50__fold_1__116765__0168__r7.wav,chainsaw,ESC50-1-1-116765-A-41.wav,ESC-50,fold_1,116765,1-116765-A-41.wav,7
train,chainsaw__esc50__fold_1__19898__0169__r7.wav,chainsaw,ESC50-1-1-19898-A-41.wav,ESC-50,fold_1,19898,1-19898-A-41.wav,7
train,chainsaw__esc50__fold_1__19898__0170__r7.wav,chainsaw,ESC50-1-1-19898-B-41.wav,ESC-50,fold_1,19898,1-19898-B-41.wav,7
train,chainsaw__esc50__fold_1__19898__0171__r7.wav,chainsaw,ESC50-1-1-19898-C-41.wav,ESC-50,fold_1,19898,1-19898-C-41.wav,7
train,chainsaw__esc50__fold_1__47250__0172__r7.wav,chainsaw,ESC50-1-1-47250-A-41.wav,ESC-50,fold_1,47250,1-47250-A-41.wav,7
train,chainsaw__esc50__fold_1__47250__0173__r7.wav,chainsaw,ESC50-1-1-47250-B-41.wav,ESC-50,fold_1,47250,1-47250-B-41.wav,7
train,chainsaw__esc50__fold_1__64398__0174__r7.wav,chainsaw,ESC50-1-1-64398-A-41.wav,ESC-50,fold_1,64398,1-64398-A-41.wav,7
train,chainsaw__esc50__fold_1__64398__0175__r7.wav,chainsaw,ESC50-1-1-64398-B-41.wav,ESC-50,fold_1,64398,1-64398-B-41.wav,7
train,chainsaw__esc50__fold_2__50667__0176__r7.wav,chainsaw,ESC50-2-2-50667-A-41.wav,ESC-50,fold_2,50667,2-50667-A-41.wav,7
train,chainsaw__esc50__fold_2__50667__0177__r7.wav,chainsaw,ESC50-2-2-50667-B-41.wav,ESC-50,fold_2,50667,2-50667-B-41.wav,7
train,chainsaw__esc50__fold_2__50668__0178__r7.wav,chainsaw,ESC50-2-2-50668-A-41.wav,ESC-50,fold_2,50668,2-50668-A-41.wav,7
train,chainsaw__esc50__fold_2__50668__0179__r7.wav,chainsaw,ESC50-2-2-50668-B-41.wav,ESC-50,fold_2,50668,2-50668-B-41.wav,7
train,chainsaw__esc50__fold_2__68391__0180__r7.wav,chainsaw,ESC50-2-2-68391-A-41.wav,ESC-50,fold_2,68391,2-68391-A-41.wav,7
train,chainsaw__esc50__fold_2__68391__0181__r7.wav,chainsaw,ESC50-2-2-68391-B-41.wav,ESC-50,fold_2,68391,2-68391-B-41.wav,7
train,chainsaw__esc50__fold_2__77945__0182__r7.wav,chainsaw,ESC50-2-2-77945-A-41.wav,ESC-50,fold_2,77945,2-77945-A-41.wav,7
train,chainsaw__esc50__fold_2__77945__0183__r7.wav,chainsaw,ESC50-2-2-77945-B-41.wav,ESC-50,fold_2,77945,2-77945-B-41.wav,7
train,chainsaw__esc50__fold_3__118656__0184__r7.wav,chainsaw,ESC50-3-3-118656-A-41.wav,ESC-50,fold_3,118656,3-118656-A-41.wav,7
train,chainsaw__esc50__fold_3__118657__0185__r7.wav,chainsaw,ESC50-3-3-118657-A-41.wav,ESC-50,fold_3,118657,3-118657-A-41.wav,7
train,chainsaw__esc50__fold_3__118657__0186__r7.wav,chainsaw,ESC50-3-3-118657-B-41.wav,ESC-50,fold_3,118657,3-118657-B-41.wav,7
train,chainsaw__esc50__fold_3__118658__0187__r7.wav,chainsaw,ESC50-3-3-118658-A-41.wav,ESC-50,fold_3,118658,3-118658-A-41.wav,7
train,chainsaw__esc50__fold_3__118658__0188__r7.wav,chainsaw,ESC50-3-3-118658-B-41.wav,ESC-50,fold_3,118658,3-118658-B-41.wav,7
train,chainsaw__esc50__fold_3__118972__0189__r7.wav,chainsaw,ESC50-3-3-118972-A-41.wav,ESC-50,fold_3,118972,3-118972-A-41.wav,7
train,chainsaw__esc50__fold_3__118972__0190__r7.wav,chainsaw,ESC50-3-3-118972-B-41.wav,ESC-50,fold_3,118972,3-118972-B-41.wav,7
train,chainsaw__esc50__fold_3__165856__0191__r7.wav,chainsaw,ESC50-3-3-165856-A-41.wav,ESC-50,fold_3,165856,3-165856-A-41.wav,7
train,gunshot_gunfire__fsd50k__dev__100144__0000__r0.wav,gunshot_gunfire,FSD50K-dev-100144-gunshot_gunfire,FSD50K,dev,100144,100144.wav,0
train,gunshot_gunfire__fsd50k__dev__101961__0001__r0.wav,gunshot_gunfire,FSD50K-dev-101961-gunshot_gunfire,FSD50K,dev,101961,101961.wav,0
train,gunshot_gunfire__fsd50k__dev__101962__0002__r0.wav,gunshot_gunfire,FSD50K-dev-101962-gunshot_gunfire,FSD50K,dev,101962,101962.wav,0
train,gunshot_gunfire__fsd50k__dev__103626__0003__r0.wav,gunshot_gunfire,FSD50K-dev-103626-gunshot_gunfire,FSD50K,dev,103626,103626.wav,0
train,gunshot_gunfire__fsd50k__dev__108043__0004__r0.wav,gunshot_gunfire,FSD50K-dev-108043-gunshot_gunfire,FSD50K,dev,108043,108043.wav,0
train,gunshot_gunfire__fsd50k__dev__108044__0005__r0.wav,gunshot_gunfire,FSD50K-dev-108044-gunshot_gunfire,FSD50K,dev,108044,108044.wav,0
train,gunshot_gunfire__fsd50k__dev__108045__0006__r0.wav,gunshot_gunfire,FSD50K-dev-108045-gunshot_gunfire,FSD50K,dev,108045,108045.wav,0
train,gunshot_gunfire__fsd50k__dev__108046__0007__r0.wav,gunshot_gunfire,FSD50K-dev-108046-gunshot_gunfire,FSD50K,dev,108046,108046.wav,0
train,gunshot_gunfire__fsd50k__dev__108047__0008__r0.wav,gunshot_gunfire,FSD50K-dev-108047-gunshot_gunfire,FSD50K,dev,108047,108047.wav,0
train,gunshot_gunfire__fsd50k__dev__118450__0009__r0.wav,gunshot_gunfire,FSD50K-dev-118450-gunshot_gunfire,FSD50K,dev,118450,118450.wav,0
train,gunshot_gunfire__fsd50k__dev__127846__0010__r0.wav,gunshot_gunfire,FSD50K-dev-127846-gunshot_gunfire,FSD50K,dev,127846,127846.wav,0
train,gunshot_gunfire__fsd50k__dev__128293__0011__r0.wav,gunshot_gunfire,FSD50K-dev-128293-gunshot_gunfire,FSD50K,dev,128293,128293.wav,0
train,gunshot_gunfire__fsd50k__dev__128294__0012__r0.wav,gunshot_gunfire,FSD50K-dev-128294-gunshot_gunfire,FSD50K,dev,128294,128294.wav,0
train,gunshot_gunfire__fsd50k__dev__128296__0013__r0.wav,gunshot_gunfire,FSD50K-dev-128296-gunshot_gunfire,FSD50K,dev,128296,128296.wav,0
train,gunshot_gunfire__fsd50k__dev__128297__0014__r0.wav,gunshot_gunfire,FSD50K-dev-128297-gunshot_gunfire,FSD50K,dev,128297,128297.wav,0
train,gunshot_gunfire__fsd50k__dev__128298__0015__r0.wav,gunshot_gunfire,FSD50K-dev-128298-gunshot_gunfire,FSD50K,dev,128298,128298.wav,0
train,gunshot_gunfire__fsd50k__dev__128299__0016__r0.wav,gunshot_gunfire,FSD50K-dev-128299-gunshot_gunfire,FSD50K,dev,128299,128299.wav,0
train,gunshot_gunfire__fsd50k__dev__128301__0017__r0.wav,gunshot_gunfire,FSD50K-dev-128301-gunshot_gunfire,FSD50K,dev,128301,128301.wav,0
train,gunshot_gunfire__fsd50k__dev__132551__0018__r0.wav,gunshot_gunfire,FSD50K-dev-132551-gunshot_gunfire,FSD50K,dev,132551,132551.wav,0
train,gunshot_gunfire__fsd50k__dev__136766__0019__r0.wav,gunshot_gunfire,FSD50K-dev-136766-gunshot_gunfire,FSD50K,dev,136766,136766.wav,0
train,gunshot_gunfire__fsd50k__dev__139028__0020__r0.wav,gunshot_gunfire,FSD50K-dev-139028-gunshot_gunfire,FSD50K,dev,139028,139028.wav,0
train,gunshot_gunfire__fsd50k__dev__145206__0021__r0.wav,gunshot_gunfire,FSD50K-dev-145206-gunshot_gunfire,FSD50K,dev,145206,145206.wav,0
train,gunshot_gunfire__fsd50k__dev__145580__0022__r0.wav,gunshot_gunfire,FSD50K-dev-145580-gunshot_gunfire,FSD50K,dev,145580,145580.wav,0
train,gunshot_gunfire__fsd50k__dev__145609__0023__r0.wav,gunshot_gunfire,FSD50K-dev-145609-gunshot_gunfire,FSD50K,dev,145609,145609.wav,0
train,gunshot_gunfire__fsd50k__dev__148828__0024__r0.wav,gunshot_gunfire,FSD50K-dev-148828-gunshot_gunfire,FSD50K,dev,148828,148828.wav,0
train,gunshot_gunfire__fsd50k__dev__148831__0025__r0.wav,gunshot_gunfire,FSD50K-dev-148831-gunshot_gunfire,FSD50K,dev,148831,148831.wav,0
train,gunshot_gunfire__fsd50k__dev__148832__0026__r0.wav,gunshot_gunfire,FSD50K-dev-148832-gunshot_gunfire,FSD50K,dev,148832,148832.wav,0
train,gunshot_gunfire__fsd50k__dev__148836__0027__r0.wav,gunshot_gunfire,FSD50K-dev-148836-gunshot_gunfire,FSD50K,dev,148836,148836.wav,0
train,gunshot_gunfire__fsd50k__dev__148837__0028__r0.wav,gunshot_gunfire,FSD50K-dev-148837-gunshot_gunfire,FSD50K,dev,148837,148837.wav,0
train,gunshot_gunfire__fsd50k__dev__148838__0029__r0.wav,gunshot_gunfire,FSD50K-dev-148838-gunshot_gunfire,FSD50K,dev,148838,148838.wav,0
train,gunshot_gunfire__fsd50k__dev__151065__0030__r0.wav,gunshot_gunfire,FSD50K-dev-151065-gunshot_gunfire,FSD50K,dev,151065,151065.wav,0
train,gunshot_gunfire__fsd50k__dev__151066__0031__r0.wav,gunshot_gunfire,FSD50K-dev-151066-gunshot_gunfire,FSD50K,dev,151066,151066.wav,0
train,gunshot_gunfire__fsd50k__dev__151069__0032__r0.wav,gunshot_gunfire,FSD50K-dev-151069-gunshot_gunfire,FSD50K,dev,151069,151069.wav,0
train,gunshot_gunfire__fsd50k__dev__151072__0033__r0.wav,gunshot_gunfire,FSD50K-dev-151072-gunshot_gunfire,FSD50K,dev,151072,151072.wav,0
train,gunshot_gunfire__fsd50k__dev__151075__0034__r0.wav,gunshot_gunfire,FSD50K-dev-151075-gunshot_gunfire,FSD50K,dev,151075,151075.wav,0
train,gunshot_gunfire__fsd50k__dev__157206__0035__r0.wav,gunshot_gunfire,FSD50K-dev-157206-gunshot_gunfire,FSD50K,dev,157206,157206.wav,0
train,gunshot_gunfire__fsd50k__dev__157207__0036__r0.wav,gunshot_gunfire,FSD50K-dev-157207-gunshot_gunfire,FSD50K,dev,157207,157207.wav,0
train,gunshot_gunfire__fsd50k__dev__157799__0037__r0.wav,gunshot_gunfire,FSD50K-dev-157799-gunshot_gunfire,FSD50K,dev,157799,157799.wav,0
train,gunshot_gunfire__fsd50k__dev__157800__0038__r0.wav,gunshot_gunfire,FSD50K-dev-157800-gunshot_gunfire,FSD50K,dev,157800,157800.wav,0
train,gunshot_gunfire__fsd50k__dev__157801__0039__r0.wav,gunshot_gunfire,FSD50K-dev-157801-gunshot_gunfire,FSD50K,dev,157801,157801.wav,0
train,gunshot_gunfire__fsd50k__dev__158977__0040__r0.wav,gunshot_gunfire,FSD50K-dev-158977-gunshot_gunfire,FSD50K,dev,158977,158977.wav,0
train,gunshot_gunfire__fsd50k__dev__158978__0041__r0.wav,gunshot_gunfire,FSD50K-dev-158978-gunshot_gunfire,FSD50K,dev,158978,158978.wav,0
train,gunshot_gunfire__fsd50k__dev__158979__0042__r0.wav,gunshot_gunfire,FSD50K-dev-158979-gunshot_gunfire,FSD50K,dev,158979,158979.wav,0
train,gunshot_gunfire__fsd50k__dev__159703__0043__r0.wav,gunshot_gunfire,FSD50K-dev-159703-gunshot_gunfire,FSD50K,dev,159703,159703.wav,0
train,gunshot_gunfire__fsd50k__dev__159704__0044__r0.wav,gunshot_gunfire,FSD50K-dev-159704-gunshot_gunfire,FSD50K,dev,159704,159704.wav,0
train,gunshot_gunfire__fsd50k__dev__159705__0045__r0.wav,gunshot_gunfire,FSD50K-dev-159705-gunshot_gunfire,FSD50K,dev,159705,159705.wav,0
train,gunshot_gunfire__fsd50k__dev__159706__0046__r0.wav,gunshot_gunfire,FSD50K-dev-159706-gunshot_gunfire,FSD50K,dev,159706,159706.wav,0
train,gunshot_gunfire__fsd50k__dev__159708__0047__r0.wav,gunshot_gunfire,FSD50K-dev-159708-gunshot_gunfire,FSD50K,dev,159708,159708.wav,0
train,gunshot_gunfire__fsd50k__dev__159710__0048__r0.wav,gunshot_gunfire,FSD50K-dev-159710-gunshot_gunfire,FSD50K,dev,159710,159710.wav,0
train,gunshot_gunfire__fsd50k__dev__160355__0049__r0.wav,gunshot_gunfire,FSD50K-dev-160355-gunshot_gunfire,FSD50K,dev,160355,160355.wav,0
train,gunshot_gunfire__fsd50k__dev__160772__0050__r0.wav,gunshot_gunfire,FSD50K-dev-160772-gunshot_gunfire,FSD50K,dev,160772,160772.wav,0
train,gunshot_gunfire__fsd50k__dev__160773__0051__r0.wav,gunshot_gunfire,FSD50K-dev-160773-gunshot_gunfire,FSD50K,dev,160773,160773.wav,0
train,gunshot_gunfire__fsd50k__dev__161968__0052__r0.wav,gunshot_gunfire,FSD50K-dev-161968-gunshot_gunfire,FSD50K,dev,161968,161968.wav,0
train,gunshot_gunfire__fsd50k__dev__161969__0053__r0.wav,gunshot_gunfire,FSD50K-dev-161969-gunshot_gunfire,FSD50K,dev,161969,161969.wav,0
train,gunshot_gunfire__fsd50k__dev__161970__0054__r0.wav,gunshot_gunfire,FSD50K-dev-161970-gunshot_gunfire,FSD50K,dev,161970,161970.wav,0
train,gunshot_gunfire__fsd50k__dev__162258__0055__r0.wav,gunshot_gunfire,FSD50K-dev-162258-gunshot_gunfire,FSD50K,dev,162258,162258.wav,0
train,gunshot_gunfire__fsd50k__dev__162262__0056__r0.wav,gunshot_gunfire,FSD50K-dev-162262-gunshot_gunfire,FSD50K,dev,162262,162262.wav,0
train,gunshot_gunfire__fsd50k__dev__162263__0057__r0.wav,gunshot_gunfire,FSD50K-dev-162263-gunshot_gunfire,FSD50K,dev,162263,162263.wav,0
train,gunshot_gunfire__fsd50k__dev__162397__0058__r0.wav,gunshot_gunfire,FSD50K-dev-162397-gunshot_gunfire,FSD50K,dev,162397,162397.wav,0
train,gunshot_gunfire__fsd50k__dev__162398__0059__r0.wav,gunshot_gunfire,FSD50K-dev-162398-gunshot_gunfire,FSD50K,dev,162398,162398.wav,0
train,gunshot_gunfire__fsd50k__dev__162403__0060__r0.wav,gunshot_gunfire,FSD50K-dev-162403-gunshot_gunfire,FSD50K,dev,162403,162403.wav,0
train,gunshot_gunfire__fsd50k__dev__162431__0061__r0.wav,gunshot_gunfire,FSD50K-dev-162431-gunshot_gunfire,FSD50K,dev,162431,162431.wav,0
train,gunshot_gunfire__fsd50k__dev__162434__0062__r0.wav,gunshot_gunfire,FSD50K-dev-162434-gunshot_gunfire,FSD50K,dev,162434,162434.wav,0
train,gunshot_gunfire__fsd50k__dev__162436__0063__r0.wav,gunshot_gunfire,FSD50K-dev-162436-gunshot_gunfire,FSD50K,dev,162436,162436.wav,0
train,gunshot_gunfire__fsd50k__dev__163455__0064__r0.wav,gunshot_gunfire,FSD50K-dev-163455-gunshot_gunfire,FSD50K,dev,163455,163455.wav,0
train,gunshot_gunfire__fsd50k__dev__163456__0065__r0.wav,gunshot_gunfire,FSD50K-dev-163456-gunshot_gunfire,FSD50K,dev,163456,163456.wav,0
train,gunshot_gunfire__fsd50k__dev__163460__0066__r0.wav,gunshot_gunfire,FSD50K-dev-163460-gunshot_gunfire,FSD50K,dev,163460,163460.wav,0
train,gunshot_gunfire__fsd50k__dev__164646__0067__r0.wav,gunshot_gunfire,FSD50K-dev-164646-gunshot_gunfire,FSD50K,dev,164646,164646.wav,0
train,gunshot_gunfire__fsd50k__dev__164666__0068__r0.wav,gunshot_gunfire,FSD50K-dev-164666-gunshot_gunfire,FSD50K,dev,164666,164666.wav,0
train,gunshot_gunfire__fsd50k__dev__164667__0069__r0.wav,gunshot_gunfire,FSD50K-dev-164667-gunshot_gunfire,FSD50K,dev,164667,164667.wav,0
train,gunshot_gunfire__fsd50k__dev__164937__0070__r0.wav,gunshot_gunfire,FSD50K-dev-164937-gunshot_gunfire,FSD50K,dev,164937,164937.wav,0
train,gunshot_gunfire__fsd50k__dev__165391__0071__r0.wav,gunshot_gunfire,FSD50K-dev-165391-gunshot_gunfire,FSD50K,dev,165391,165391.wav,0
train,gunshot_gunfire__fsd50k__dev__165393__0072__r0.wav,gunshot_gunfire,FSD50K-dev-165393-gunshot_gunfire,FSD50K,dev,165393,165393.wav,0
train,gunshot_gunfire__fsd50k__dev__165394__0073__r0.wav,gunshot_gunfire,FSD50K-dev-165394-gunshot_gunfire,FSD50K,dev,165394,165394.wav,0
train,gunshot_gunfire__fsd50k__dev__165478__0074__r0.wav,gunshot_gunfire,FSD50K-dev-165478-gunshot_gunfire,FSD50K,dev,165478,165478.wav,0
train,gunshot_gunfire__fsd50k__dev__165540__0075__r0.wav,gunshot_gunfire,FSD50K-dev-165540-gunshot_gunfire,FSD50K,dev,165540,165540.wav,0
train,gunshot_gunfire__fsd50k__dev__166076__0076__r0.wav,gunshot_gunfire,FSD50K-dev-166076-gunshot_gunfire,FSD50K,dev,166076,166076.wav,0
train,gunshot_gunfire__fsd50k__dev__166192__0077__r0.wav,gunshot_gunfire,FSD50K-dev-166192-gunshot_gunfire,FSD50K,dev,166192,166192.wav,0
train,gunshot_gunfire__fsd50k__dev__171475__0078__r0.wav,gunshot_gunfire,FSD50K-dev-171475-gunshot_gunfire,FSD50K,dev,171475,171475.wav,0
train,gunshot_gunfire__fsd50k__dev__178180__0079__r0.wav,gunshot_gunfire,FSD50K-dev-178180-gunshot_gunfire,FSD50K,dev,178180,178180.wav,0
train,gunshot_gunfire__fsd50k__dev__182051__0080__r0.wav,gunshot_gunfire,FSD50K-dev-182051-gunshot_gunfire,FSD50K,dev,182051,182051.wav,0
train,gunshot_gunfire__fsd50k__dev__182429__0081__r0.wav,gunshot_gunfire,FSD50K-dev-182429-gunshot_gunfire,FSD50K,dev,182429,182429.wav,0
train,gunshot_gunfire__fsd50k__dev__182431__0082__r0.wav,gunshot_gunfire,FSD50K-dev-182431-gunshot_gunfire,FSD50K,dev,182431,182431.wav,0
train,gunshot_gunfire__fsd50k__dev__182435__0083__r0.wav,gunshot_gunfire,FSD50K-dev-182435-gunshot_gunfire,FSD50K,dev,182435,182435.wav,0
train,gunshot_gunfire__fsd50k__dev__182790__0084__r0.wav,gunshot_gunfire,FSD50K-dev-182790-gunshot_gunfire,FSD50K,dev,182790,182790.wav,0
train,gunshot_gunfire__fsd50k__dev__182806__0085__r0.wav,gunshot_gunfire,FSD50K-dev-182806-gunshot_gunfire,FSD50K,dev,182806,182806.wav,0
train,gunshot_gunfire__fsd50k__dev__184275__0086__r0.wav,gunshot_gunfire,FSD50K-dev-184275-gunshot_gunfire,FSD50K,dev,184275,184275.wav,0
train,gunshot_gunfire__fsd50k__dev__184418__0087__r0.wav,gunshot_gunfire,FSD50K-dev-184418-gunshot_gunfire,FSD50K,dev,184418,184418.wav,0
train,gunshot_gunfire__fsd50k__dev__186049__0088__r0.wav,gunshot_gunfire,FSD50K-dev-186049-gunshot_gunfire,FSD50K,dev,186049,186049.wav,0
train,gunshot_gunfire__fsd50k__dev__187702__0089__r0.wav,gunshot_gunfire,FSD50K-dev-187702-gunshot_gunfire,FSD50K,dev,187702,187702.wav,0
train,gunshot_gunfire__fsd50k__dev__187767__0090__r0.wav,gunshot_gunfire,FSD50K-dev-187767-gunshot_gunfire,FSD50K,dev,187767,187767.wav,0
train,gunshot_gunfire__fsd50k__dev__191449__0091__r0.wav,gunshot_gunfire,FSD50K-dev-191449-gunshot_gunfire,FSD50K,dev,191449,191449.wav,0
train,gunshot_gunfire__fsd50k__dev__198121__0092__r0.wav,gunshot_gunfire,FSD50K-dev-198121-gunshot_gunfire,FSD50K,dev,198121,198121.wav,0
train,gunshot_gunfire__fsd50k__dev__201713__0093__r0.wav,gunshot_gunfire,FSD50K-dev-201713-gunshot_gunfire,FSD50K,dev,201713,201713.wav,0
train,gunshot_gunfire__fsd50k__dev__204009__0094__r0.wav,gunshot_gunfire,FSD50K-dev-204009-gunshot_gunfire,FSD50K,dev,204009,204009.wav,0
train,gunshot_gunfire__fsd50k__dev__204010__0095__r0.wav,gunshot_gunfire,FSD50K-dev-204010-gunshot_gunfire,FSD50K,dev,204010,204010.wav,0
train,gunshot_gunfire__fsd50k__dev__205011__0096__r0.wav,gunshot_gunfire,FSD50K-dev-205011-gunshot_gunfire,FSD50K,dev,205011,205011.wav,0
train,gunshot_gunfire__fsd50k__dev__212594__0097__r0.wav,gunshot_gunfire,FSD50K-dev-212594-gunshot_gunfire,FSD50K,dev,212594,212594.wav,0
train,gunshot_gunfire__fsd50k__dev__215842__0098__r0.wav,gunshot_gunfire,FSD50K-dev-215842-gunshot_gunfire,FSD50K,dev,215842,215842.wav,0
train,gunshot_gunfire__fsd50k__dev__215843__0099__r0.wav,gunshot_gunfire,FSD50K-dev-215843-gunshot_gunfire,FSD50K,dev,215843,215843.wav,0
train,gunshot_gunfire__fsd50k__dev__215845__0100__r0.wav,gunshot_gunfire,FSD50K-dev-215845-gunshot_gunfire,FSD50K,dev,215845,215845.wav,0
train,gunshot_gunfire__fsd50k__dev__215846__0101__r0.wav,gunshot_gunfire,FSD50K-dev-215846-gunshot_gunfire,FSD50K,dev,215846,215846.wav,0
train,gunshot_gunfire__fsd50k__dev__215847__0102__r0.wav,gunshot_gunfire,FSD50K-dev-215847-gunshot_gunfire,FSD50K,dev,215847,215847.wav,0
train,gunshot_gunfire__fsd50k__dev__216312__0103__r0.wav,gunshot_gunfire,FSD50K-dev-216312-gunshot_gunfire,FSD50K,dev,216312,216312.wav,0
train,gunshot_gunfire__fsd50k__dev__216315__0104__r0.wav,gunshot_gunfire,FSD50K-dev-216315-gunshot_gunfire,FSD50K,dev,216315,216315.wav,0
train,gunshot_gunfire__fsd50k__dev__216317__0105__r0.wav,gunshot_gunfire,FSD50K-dev-216317-gunshot_gunfire,FSD50K,dev,216317,216317.wav,0
train,gunshot_gunfire__fsd50k__dev__216318__0106__r0.wav,gunshot_gunfire,FSD50K-dev-216318-gunshot_gunfire,FSD50K,dev,216318,216318.wav,0
train,gunshot_gunfire__fsd50k__dev__216319__0107__r0.wav,gunshot_gunfire,FSD50K-dev-216319-gunshot_gunfire,FSD50K,dev,216319,216319.wav,0
train,gunshot_gunfire__fsd50k__dev__216604__0108__r0.wav,gunshot_gunfire,FSD50K-dev-216604-gunshot_gunfire,FSD50K,dev,216604,216604.wav,0
train,gunshot_gunfire__fsd50k__dev__219455__0109__r0.wav,gunshot_gunfire,FSD50K-dev-219455-gunshot_gunfire,FSD50K,dev,219455,219455.wav,0
train,gunshot_gunfire__fsd50k__dev__219457__0110__r0.wav,gunshot_gunfire,FSD50K-dev-219457-gunshot_gunfire,FSD50K,dev,219457,219457.wav,0
train,gunshot_gunfire__fsd50k__dev__220130__0111__r0.wav,gunshot_gunfire,FSD50K-dev-220130-gunshot_gunfire,FSD50K,dev,220130,220130.wav,0
train,gunshot_gunfire__fsd50k__dev__221451__0112__r0.wav,gunshot_gunfire,FSD50K-dev-221451-gunshot_gunfire,FSD50K,dev,221451,221451.wav,0
train,gunshot_gunfire__fsd50k__dev__221455__0113__r0.wav,gunshot_gunfire,FSD50K-dev-221455-gunshot_gunfire,FSD50K,dev,221455,221455.wav,0
train,gunshot_gunfire__fsd50k__dev__221457__0114__r0.wav,gunshot_gunfire,FSD50K-dev-221457-gunshot_gunfire,FSD50K,dev,221457,221457.wav,0
train,gunshot_gunfire__fsd50k__dev__228611__0115__r0.wav,gunshot_gunfire,FSD50K-dev-228611-gunshot_gunfire,FSD50K,dev,228611,228611.wav,0
train,gunshot_gunfire__fsd50k__dev__231245__0116__r0.wav,gunshot_gunfire,FSD50K-dev-231245-gunshot_gunfire,FSD50K,dev,231245,231245.wav,0
train,gunshot_gunfire__fsd50k__dev__231247__0117__r0.wav,gunshot_gunfire,FSD50K-dev-231247-gunshot_gunfire,FSD50K,dev,231247,231247.wav,0
train,gunshot_gunfire__fsd50k__dev__231248__0118__r0.wav,gunshot_gunfire,FSD50K-dev-231248-gunshot_gunfire,FSD50K,dev,231248,231248.wav,0
train,gunshot_gunfire__fsd50k__dev__231765__0119__r0.wav,gunshot_gunfire,FSD50K-dev-231765-gunshot_gunfire,FSD50K,dev,231765,231765.wav,0
train,gunshot_gunfire__fsd50k__dev__233318__0120__r0.wav,gunshot_gunfire,FSD50K-dev-233318-gunshot_gunfire,FSD50K,dev,233318,233318.wav,0
train,gunshot_gunfire__fsd50k__dev__233321__0121__r0.wav,gunshot_gunfire,FSD50K-dev-233321-gunshot_gunfire,FSD50K,dev,233321,233321.wav,0
train,gunshot_gunfire__fsd50k__dev__233322__0122__r0.wav,gunshot_gunfire,FSD50K-dev-233322-gunshot_gunfire,FSD50K,dev,233322,233322.wav,0
train,gunshot_gunfire__fsd50k__dev__233323__0123__r0.wav,gunshot_gunfire,FSD50K-dev-233323-gunshot_gunfire,FSD50K,dev,233323,233323.wav,0
train,gunshot_gunfire__fsd50k__dev__234615__0124__r0.wav,gunshot_gunfire,FSD50K-dev-234615-gunshot_gunfire,FSD50K,dev,234615,234615.wav,0
train,gunshot_gunfire__fsd50k__dev__234616__0125__r0.wav,gunshot_gunfire,FSD50K-dev-234616-gunshot_gunfire,FSD50K,dev,234616,234616.wav,0
train,gunshot_gunfire__fsd50k__dev__234617__0126__r0.wav,gunshot_gunfire,FSD50K-dev-234617-gunshot_gunfire,FSD50K,dev,234617,234617.wav,0
train,gunshot_gunfire__fsd50k__dev__234618__0127__r0.wav,gunshot_gunfire,FSD50K-dev-234618-gunshot_gunfire,FSD50K,dev,234618,234618.wav,0
train,gunshot_gunfire__fsd50k__dev__234619__0128__r0.wav,gunshot_gunfire,FSD50K-dev-234619-gunshot_gunfire,FSD50K,dev,234619,234619.wav,0
train,gunshot_gunfire__fsd50k__dev__237273__0129__r0.wav,gunshot_gunfire,FSD50K-dev-237273-gunshot_gunfire,FSD50K,dev,237273,237273.wav,0
train,gunshot_gunfire__fsd50k__dev__238241__0130__r0.wav,gunshot_gunfire,FSD50K-dev-238241-gunshot_gunfire,FSD50K,dev,238241,238241.wav,0
train,gunshot_gunfire__fsd50k__dev__238242__0131__r0.wav,gunshot_gunfire,FSD50K-dev-238242-gunshot_gunfire,FSD50K,dev,238242,238242.wav,0
train,gunshot_gunfire__fsd50k__dev__238243__0132__r0.wav,gunshot_gunfire,FSD50K-dev-238243-gunshot_gunfire,FSD50K,dev,238243,238243.wav,0
train,gunshot_gunfire__fsd50k__dev__238244__0133__r0.wav,gunshot_gunfire,FSD50K-dev-238244-gunshot_gunfire,FSD50K,dev,238244,238244.wav,0
train,gunshot_gunfire__fsd50k__dev__238245__0134__r0.wav,gunshot_gunfire,FSD50K-dev-238245-gunshot_gunfire,FSD50K,dev,238245,238245.wav,0
train,gunshot_gunfire__fsd50k__dev__238246__0135__r0.wav,gunshot_gunfire,FSD50K-dev-238246-gunshot_gunfire,FSD50K,dev,238246,238246.wav,0
train,gunshot_gunfire__fsd50k__dev__238247__0136__r0.wav,gunshot_gunfire,FSD50K-dev-238247-gunshot_gunfire,FSD50K,dev,238247,238247.wav,0
train,gunshot_gunfire__fsd50k__dev__238675__0137__r0.wav,gunshot_gunfire,FSD50K-dev-238675-gunshot_gunfire,FSD50K,dev,238675,238675.wav,0
train,gunshot_gunfire__fsd50k__dev__238676__0138__r0.wav,gunshot_gunfire,FSD50K-dev-238676-gunshot_gunfire,FSD50K,dev,238676,238676.wav,0
train,gunshot_gunfire__fsd50k__dev__238677__0139__r0.wav,gunshot_gunfire,FSD50K-dev-238677-gunshot_gunfire,FSD50K,dev,238677,238677.wav,0
train,gunshot_gunfire__fsd50k__dev__239137__0140__r0.wav,gunshot_gunfire,FSD50K-dev-239137-gunshot_gunfire,FSD50K,dev,239137,239137.wav,0
train,gunshot_gunfire__fsd50k__dev__239138__0141__r0.wav,gunshot_gunfire,FSD50K-dev-239138-gunshot_gunfire,FSD50K,dev,239138,239138.wav,0
train,gunshot_gunfire__fsd50k__dev__245602__0142__r0.wav,gunshot_gunfire,FSD50K-dev-245602-gunshot_gunfire,FSD50K,dev,245602,245602.wav,0
train,gunshot_gunfire__fsd50k__dev__25037__0143__r0.wav,gunshot_gunfire,FSD50K-dev-25037-gunshot_gunfire,FSD50K,dev,25037,25037.wav,0
train,gunshot_gunfire__fsd50k__dev__25038__0144__r0.wav,gunshot_gunfire,FSD50K-dev-25038-gunshot_gunfire,FSD50K,dev,25038,25038.wav,0
train,gunshot_gunfire__fsd50k__dev__251004__0145__r0.wav,gunshot_gunfire,FSD50K-dev-251004-gunshot_gunfire,FSD50K,dev,251004,251004.wav,0
train,gunshot_gunfire__fsd50k__dev__253438__0146__r0.wav,gunshot_gunfire,FSD50K-dev-253438-gunshot_gunfire,FSD50K,dev,253438,253438.wav,0
train,gunshot_gunfire__fsd50k__dev__253734__0147__r0.wav,gunshot_gunfire,FSD50K-dev-253734-gunshot_gunfire,FSD50K,dev,253734,253734.wav,0
train,gunshot_gunfire__fsd50k__dev__254772__0148__r0.wav,gunshot_gunfire,FSD50K-dev-254772-gunshot_gunfire,FSD50K,dev,254772,254772.wav,0
train,gunshot_gunfire__fsd50k__dev__255272__0149__r0.wav,gunshot_gunfire,FSD50K-dev-255272-gunshot_gunfire,FSD50K,dev,255272,255272.wav,0
train,gunshot_gunfire__fsd50k__dev__257364__0150__r0.wav,gunshot_gunfire,FSD50K-dev-257364-gunshot_gunfire,FSD50K,dev,257364,257364.wav,0
train,gunshot_gunfire__fsd50k__dev__257873__0151__r0.wav,gunshot_gunfire,FSD50K-dev-257873-gunshot_gunfire,FSD50K,dev,257873,257873.wav,0
train,gunshot_gunfire__fsd50k__dev__257874__0152__r0.wav,gunshot_gunfire,FSD50K-dev-257874-gunshot_gunfire,FSD50K,dev,257874,257874.wav,0
train,gunshot_gunfire__fsd50k__dev__257875__0153__r0.wav,gunshot_gunfire,FSD50K-dev-257875-gunshot_gunfire,FSD50K,dev,257875,257875.wav,0
train,gunshot_gunfire__fsd50k__dev__257876__0154__r0.wav,gunshot_gunfire,FSD50K-dev-257876-gunshot_gunfire,FSD50K,dev,257876,257876.wav,0
train,gunshot_gunfire__fsd50k__dev__259539__0155__r0.wav,gunshot_gunfire,FSD50K-dev-259539-gunshot_gunfire,FSD50K,dev,259539,259539.wav,0
train,gunshot_gunfire__fsd50k__dev__26141__0156__r0.wav,gunshot_gunfire,FSD50K-dev-26141-gunshot_gunfire,FSD50K,dev,26141,26141.wav,0
train,gunshot_gunfire__fsd50k__dev__266977__0157__r0.wav,gunshot_gunfire,FSD50K-dev-266977-gunshot_gunfire,FSD50K,dev,266977,266977.wav,0
train,gunshot_gunfire__fsd50k__dev__267341__0158__r0.wav,gunshot_gunfire,FSD50K-dev-267341-gunshot_gunfire,FSD50K,dev,267341,267341.wav,0
train,gunshot_gunfire__fsd50k__dev__267893__0159__r0.wav,gunshot_gunfire,FSD50K-dev-267893-gunshot_gunfire,FSD50K,dev,267893,267893.wav,0
train,gunshot_gunfire__fsd50k__dev__30185__0160__r0.wav,gunshot_gunfire,FSD50K-dev-30185-gunshot_gunfire,FSD50K,dev,30185,30185.wav,0
train,gunshot_gunfire__fsd50k__dev__315858__0161__r0.wav,gunshot_gunfire,FSD50K-dev-315858-gunshot_gunfire,FSD50K,dev,315858,315858.wav,0
train,gunshot_gunfire__fsd50k__dev__319008__0162__r0.wav,gunshot_gunfire,FSD50K-dev-319008-gunshot_gunfire,FSD50K,dev,319008,319008.wav,0
train,gunshot_gunfire__fsd50k__dev__319009__0163__r0.wav,gunshot_gunfire,FSD50K-dev-319009-gunshot_gunfire,FSD50K,dev,319009,319009.wav,0
train,gunshot_gunfire__fsd50k__dev__319010__0164__r0.wav,gunshot_gunfire,FSD50K-dev-319010-gunshot_gunfire,FSD50K,dev,319010,319010.wav,0
train,gunshot_gunfire__fsd50k__dev__320135__0165__r0.wav,gunshot_gunfire,FSD50K-dev-320135-gunshot_gunfire,FSD50K,dev,320135,320135.wav,0
train,gunshot_gunfire__fsd50k__dev__320136__0166__r0.wav,gunshot_gunfire,FSD50K-dev-320136-gunshot_gunfire,FSD50K,dev,320136,320136.wav,0
train,gunshot_gunfire__fsd50k__dev__324585__0167__r0.wav,gunshot_gunfire,FSD50K-dev-324585-gunshot_gunfire,FSD50K,dev,324585,324585.wav,0
train,gunshot_gunfire__fsd50k__dev__32799__0168__r0.wav,gunshot_gunfire,FSD50K-dev-32799-gunshot_gunfire,FSD50K,dev,32799,32799.wav,0
train,gunshot_gunfire__fsd50k__dev__32841__0169__r0.wav,gunshot_gunfire,FSD50K-dev-32841-gunshot_gunfire,FSD50K,dev,32841,32841.wav,0
train,gunshot_gunfire__fsd50k__dev__32842__0170__r0.wav,gunshot_gunfire,FSD50K-dev-32842-gunshot_gunfire,FSD50K,dev,32842,32842.wav,0
train,gunshot_gunfire__fsd50k__dev__332479__0171__r0.wav,gunshot_gunfire,FSD50K-dev-332479-gunshot_gunfire,FSD50K,dev,332479,332479.wav,0
train,gunshot_gunfire__fsd50k__dev__337166__0172__r0.wav,gunshot_gunfire,FSD50K-dev-337166-gunshot_gunfire,FSD50K,dev,337166,337166.wav,0
train,gunshot_gunfire__fsd50k__dev__346537__0173__r0.wav,gunshot_gunfire,FSD50K-dev-346537-gunshot_gunfire,FSD50K,dev,346537,346537.wav,0
train,gunshot_gunfire__fsd50k__dev__346904__0174__r0.wav,gunshot_gunfire,FSD50K-dev-346904-gunshot_gunfire,FSD50K,dev,346904,346904.wav,0
train,gunshot_gunfire__fsd50k__dev__346905__0175__r0.wav,gunshot_gunfire,FSD50K-dev-346905-gunshot_gunfire,FSD50K,dev,346905,346905.wav,0
train,gunshot_gunfire__fsd50k__dev__34708__0176__r0.wav,gunshot_gunfire,FSD50K-dev-34708-gunshot_gunfire,FSD50K,dev,34708,34708.wav,0
train,gunshot_gunfire__fsd50k__dev__348663__0177__r0.wav,gunshot_gunfire,FSD50K-dev-348663-gunshot_gunfire,FSD50K,dev,348663,348663.wav,0
train,gunshot_gunfire__fsd50k__dev__348664__0178__r0.wav,gunshot_gunfire,FSD50K-dev-348664-gunshot_gunfire,FSD50K,dev,348664,348664.wav,0
train,gunshot_gunfire__fsd50k__dev__348665__0179__r0.wav,gunshot_gunfire,FSD50K-dev-348665-gunshot_gunfire,FSD50K,dev,348665,348665.wav,0
train,gunshot_gunfire__fsd50k__dev__348666__0180__r0.wav,gunshot_gunfire,FSD50K-dev-348666-gunshot_gunfire,FSD50K,dev,348666,348666.wav,0
train,gunshot_gunfire__fsd50k__dev__348670__0181__r0.wav,gunshot_gunfire,FSD50K-dev-348670-gunshot_gunfire,FSD50K,dev,348670,348670.wav,0
train,gunshot_gunfire__fsd50k__dev__348671__0182__r0.wav,gunshot_gunfire,FSD50K-dev-348671-gunshot_gunfire,FSD50K,dev,348671,348671.wav,0
train,gunshot_gunfire__fsd50k__dev__348685__0183__r0.wav,gunshot_gunfire,FSD50K-dev-348685-gunshot_gunfire,FSD50K,dev,348685,348685.wav,0
train,gunshot_gunfire__fsd50k__dev__349217__0184__r0.wav,gunshot_gunfire,FSD50K-dev-349217-gunshot_gunfire,FSD50K,dev,349217,349217.wav,0
train,gunshot_gunfire__fsd50k__dev__362471__0185__r0.wav,gunshot_gunfire,FSD50K-dev-362471-gunshot_gunfire,FSD50K,dev,362471,362471.wav,0
train,gunshot_gunfire__fsd50k__dev__362486__0186__r0.wav,gunshot_gunfire,FSD50K-dev-362486-gunshot_gunfire,FSD50K,dev,362486,362486.wav,0
train,gunshot_gunfire__fsd50k__dev__362487__0187__r0.wav,gunshot_gunfire,FSD50K-dev-362487-gunshot_gunfire,FSD50K,dev,362487,362487.wav,0
train,gunshot_gunfire__fsd50k__dev__364976__0188__r0.wav,gunshot_gunfire,FSD50K-dev-364976-gunshot_gunfire,FSD50K,dev,364976,364976.wav,0
train,gunshot_gunfire__fsd50k__dev__365905__0189__r0.wav,gunshot_gunfire,FSD50K-dev-365905-gunshot_gunfire,FSD50K,dev,365905,365905.wav,0
train,gunshot_gunfire__fsd50k__dev__369525__0190__r0.wav,gunshot_gunfire,FSD50K-dev-369525-gunshot_gunfire,FSD50K,dev,369525,369525.wav,0
train,gunshot_gunfire__fsd50k__dev__369530__0191__r0.wav,gunshot_gunfire,FSD50K-dev-369530-gunshot_gunfire,FSD50K,dev,369530,369530.wav,0
train,screaming__fsd50k__dev__104028__0000__r0.wav,screaming,FSD50K-dev-104028-screaming,FSD50K,dev,104028,104028.wav,0
train,screaming__fsd50k__dev__104029__0001__r0.wav,screaming,FSD50K-dev-104029-screaming,FSD50K,dev,104029,104029.wav,0
train,screaming__fsd50k__dev__104030__0002__r0.wav,screaming,FSD50K-dev-104030-screaming,FSD50K,dev,104030,104030.wav,0
train,screaming__fsd50k__dev__104031__0003__r0.wav,screaming,FSD50K-dev-104031-screaming,FSD50K,dev,104031,104031.wav,0
train,screaming__fsd50k__dev__104032__0004__r0.wav,screaming,FSD50K-dev-104032-screaming,FSD50K,dev,104032,104032.wav,0
train,screaming__fsd50k__dev__104033__0005__r0.wav,screaming,FSD50K-dev-104033-screaming,FSD50K,dev,104033,104033.wav,0
train,screaming__fsd50k__dev__104035__0006__r0.wav,screaming,FSD50K-dev-104035-screaming,FSD50K,dev,104035,104035.wav,0
train,screaming__fsd50k__dev__104038__0007__r0.wav,screaming,FSD50K-dev-104038-screaming,FSD50K,dev,104038,104038.wav,0
train,screaming__fsd50k__dev__110139__0008__r0.wav,screaming,FSD50K-dev-110139-screaming,FSD50K,dev,110139,110139.wav,0
train,screaming__fsd50k__dev__110140__0009__r0.wav,screaming,FSD50K-dev-110140-screaming,FSD50K,dev,110140,110140.wav,0
train,screaming__fsd50k__dev__110141__0010__r0.wav,screaming,FSD50K-dev-110141-screaming,FSD50K,dev,110141,110141.wav,0
train,screaming__fsd50k__dev__110142__0011__r0.wav,screaming,FSD50K-dev-110142-screaming,FSD50K,dev,110142,110142.wav,0
train,screaming__fsd50k__dev__124800__0012__r0.wav,screaming,FSD50K-dev-124800-screaming,FSD50K,dev,124800,124800.wav,0
train,screaming__fsd50k__dev__124805__0013__r0.wav,screaming,FSD50K-dev-124805-screaming,FSD50K,dev,124805,124805.wav,0
train,screaming__fsd50k__dev__125130__0014__r0.wav,screaming,FSD50K-dev-125130-screaming,FSD50K,dev,125130,125130.wav,0
train,screaming__fsd50k__dev__125131__0015__r0.wav,screaming,FSD50K-dev-125131-screaming,FSD50K,dev,125131,125131.wav,0
train,screaming__fsd50k__dev__131709__0016__r0.wav,screaming,FSD50K-dev-131709-screaming,FSD50K,dev,131709,131709.wav,0
train,screaming__fsd50k__dev__134021__0017__r0.wav,screaming,FSD50K-dev-134021-screaming,FSD50K,dev,134021,134021.wav,0
train,screaming__fsd50k__dev__135799__0018__r0.wav,screaming,FSD50K-dev-135799-screaming,FSD50K,dev,135799,135799.wav,0
train,screaming__fsd50k__dev__144337__0019__r0.wav,screaming,FSD50K-dev-144337-screaming,FSD50K,dev,144337,144337.wav,0
train,screaming__fsd50k__dev__144338__0020__r0.wav,screaming,FSD50K-dev-144338-screaming,FSD50K,dev,144338,144338.wav,0
train,screaming__fsd50k__dev__149919__0021__r0.wav,screaming,FSD50K-dev-149919-screaming,FSD50K,dev,149919,149919.wav,0
train,screaming__fsd50k__dev__161360__0022__r0.wav,screaming,FSD50K-dev-161360-screaming,FSD50K,dev,161360,161360.wav,0
train,screaming__fsd50k__dev__163728__0023__r0.wav,screaming,FSD50K-dev-163728-screaming,FSD50K,dev,163728,163728.wav,0
train,screaming__fsd50k__dev__163729__0024__r0.wav,screaming,FSD50K-dev-163729-screaming,FSD50K,dev,163729,163729.wav,0
train,screaming__fsd50k__dev__166154__0025__r0.wav,screaming,FSD50K-dev-166154-screaming,FSD50K,dev,166154,166154.wav,0
train,screaming__fsd50k__dev__166157__0026__r0.wav,screaming,FSD50K-dev-166157-screaming,FSD50K,dev,166157,166157.wav,0
train,screaming__fsd50k__dev__166619__0027__r0.wav,screaming,FSD50K-dev-166619-screaming,FSD50K,dev,166619,166619.wav,0
train,screaming__fsd50k__dev__166621__0028__r0.wav,screaming,FSD50K-dev-166621-screaming,FSD50K,dev,166621,166621.wav,0
train,screaming__fsd50k__dev__166623__0029__r0.wav,screaming,FSD50K-dev-166623-screaming,FSD50K,dev,166623,166623.wav,0
train,screaming__fsd50k__dev__166943__0030__r0.wav,screaming,FSD50K-dev-166943-screaming,FSD50K,dev,166943,166943.wav,0
train,screaming__fsd50k__dev__168725__0031__r0.wav,screaming,FSD50K-dev-168725-screaming,FSD50K,dev,168725,168725.wav,0
train,screaming__fsd50k__dev__168777__0032__r0.wav,screaming,FSD50K-dev-168777-screaming,FSD50K,dev,168777,168777.wav,0
train,screaming__fsd50k__dev__173070__0033__r0.wav,screaming,FSD50K-dev-173070-screaming,FSD50K,dev,173070,173070.wav,0
train,screaming__fsd50k__dev__178410__0034__r0.wav,screaming,FSD50K-dev-178410-screaming,FSD50K,dev,178410,178410.wav,0
train,screaming__fsd50k__dev__179313__0035__r0.wav,screaming,FSD50K-dev-179313-screaming,FSD50K,dev,179313,179313.wav,0
train,screaming__fsd50k__dev__179315__0036__r0.wav,screaming,FSD50K-dev-179315-screaming,FSD50K,dev,179315,179315.wav,0
train,screaming__fsd50k__dev__179317__0037__r0.wav,screaming,FSD50K-dev-179317-screaming,FSD50K,dev,179317,179317.wav,0
train,screaming__fsd50k__dev__179319__0038__r0.wav,screaming,FSD50K-dev-179319-screaming,FSD50K,dev,179319,179319.wav,0
train,screaming__fsd50k__dev__179321__0039__r0.wav,screaming,FSD50K-dev-179321-screaming,FSD50K,dev,179321,179321.wav,0
train,screaming__fsd50k__dev__180299__0040__r0.wav,screaming,FSD50K-dev-180299-screaming,FSD50K,dev,180299,180299.wav,0
train,screaming__fsd50k__dev__180300__0041__r0.wav,screaming,FSD50K-dev-180300-screaming,FSD50K,dev,180300,180300.wav,0
train,screaming__fsd50k__dev__180301__0042__r0.wav,screaming,FSD50K-dev-180301-screaming,FSD50K,dev,180301,180301.wav,0
train,screaming__fsd50k__dev__180302__0043__r0.wav,screaming,FSD50K-dev-180302-screaming,FSD50K,dev,180302,180302.wav,0
train,screaming__fsd50k__dev__180305__0044__r0.wav,screaming,FSD50K-dev-180305-screaming,FSD50K,dev,180305,180305.wav,0
train,screaming__fsd50k__dev__180307__0045__r0.wav,screaming,FSD50K-dev-180307-screaming,FSD50K,dev,180307,180307.wav,0
train,screaming__fsd50k__dev__180309__0046__r0.wav,screaming,FSD50K-dev-180309-screaming,FSD50K,dev,180309,180309.wav,0
train,screaming__fsd50k__dev__180310__0047__r0.wav,screaming,FSD50K-dev-180310-screaming,FSD50K,dev,180310,180310.wav,0
train,screaming__fsd50k__dev__180313__0048__r0.wav,screaming,FSD50K-dev-180313-screaming,FSD50K,dev,180313,180313.wav,0
train,screaming__fsd50k__dev__180315__0049__r0.wav,screaming,FSD50K-dev-180315-screaming,FSD50K,dev,180315,180315.wav,0
train,screaming__fsd50k__dev__180341__0050__r0.wav,screaming,FSD50K-dev-180341-screaming,FSD50K,dev,180341,180341.wav,0
train,screaming__fsd50k__dev__180344__0051__r0.wav,screaming,FSD50K-dev-180344-screaming,FSD50K,dev,180344,180344.wav,0
train,screaming__fsd50k__dev__180348__0052__r0.wav,screaming,FSD50K-dev-180348-screaming,FSD50K,dev,180348,180348.wav,0
train,screaming__fsd50k__dev__180350__0053__r0.wav,screaming,FSD50K-dev-180350-screaming,FSD50K,dev,180350,180350.wav,0
train,screaming__fsd50k__dev__182924__0054__r0.wav,screaming,FSD50K-dev-182924-screaming,FSD50K,dev,182924,182924.wav,0
train,screaming__fsd50k__dev__184373__0055__r0.wav,screaming,FSD50K-dev-184373-screaming,FSD50K,dev,184373,184373.wav,0
train,screaming__fsd50k__dev__187793__0056__r0.wav,screaming,FSD50K-dev-187793-screaming,FSD50K,dev,187793,187793.wav,0
train,screaming__fsd50k__dev__208034__0057__r0.wav,screaming,FSD50K-dev-208034-screaming,FSD50K,dev,208034,208034.wav,0
train,screaming__fsd50k__dev__208893__0058__r0.wav,screaming,FSD50K-dev-208893-screaming,FSD50K,dev,208893,208893.wav,0
train,screaming__fsd50k__dev__209164__0059__r0.wav,screaming,FSD50K-dev-209164-screaming,FSD50K,dev,209164,209164.wav,0
train,screaming__fsd50k__dev__21323__0060__r0.wav,screaming,FSD50K-dev-21323-screaming,FSD50K,dev,21323,21323.wav,0
train,screaming__fsd50k__dev__21324__0061__r0.wav,screaming,FSD50K-dev-21324-screaming,FSD50K,dev,21324,21324.wav,0
train,screaming__fsd50k__dev__219453__0062__r0.wav,screaming,FSD50K-dev-219453-screaming,FSD50K,dev,219453,219453.wav,0
train,screaming__fsd50k__dev__219653__0063__r0.wav,screaming,FSD50K-dev-219653-screaming,FSD50K,dev,219653,219653.wav,0
train,screaming__fsd50k__dev__219657__0064__r0.wav,screaming,FSD50K-dev-219657-screaming,FSD50K,dev,219657,219657.wav,0
train,screaming__fsd50k__dev__219658__0065__r0.wav,screaming,FSD50K-dev-219658-screaming,FSD50K,dev,219658,219658.wav,0
train,screaming__fsd50k__dev__219660__0066__r0.wav,screaming,FSD50K-dev-219660-screaming,FSD50K,dev,219660,219660.wav,0
train,screaming__fsd50k__dev__219661__0067__r0.wav,screaming,FSD50K-dev-219661-screaming,FSD50K,dev,219661,219661.wav,0
train,screaming__fsd50k__dev__219663__0068__r0.wav,screaming,FSD50K-dev-219663-screaming,FSD50K,dev,219663,219663.wav,0
train,screaming__fsd50k__dev__219665__0069__r0.wav,screaming,FSD50K-dev-219665-screaming,FSD50K,dev,219665,219665.wav,0
train,screaming__fsd50k__dev__219666__0070__r0.wav,screaming,FSD50K-dev-219666-screaming,FSD50K,dev,219666,219666.wav,0
train,screaming__fsd50k__dev__219815__0071__r0.wav,screaming,FSD50K-dev-219815-screaming,FSD50K,dev,219815,219815.wav,0
train,screaming__fsd50k__dev__220289__0072__r0.wav,screaming,FSD50K-dev-220289-screaming,FSD50K,dev,220289,220289.wav,0
train,screaming__fsd50k__dev__220291__0073__r0.wav,screaming,FSD50K-dev-220291-screaming,FSD50K,dev,220291,220291.wav,0
train,screaming__fsd50k__dev__220292__0074__r0.wav,screaming,FSD50K-dev-220292-screaming,FSD50K,dev,220292,220292.wav,0
train,screaming__fsd50k__dev__220293__0075__r0.wav,screaming,FSD50K-dev-220293-screaming,FSD50K,dev,220293,220293.wav,0
train,screaming__fsd50k__dev__220295__0076__r0.wav,screaming,FSD50K-dev-220295-screaming,FSD50K,dev,220295,220295.wav,0
train,screaming__fsd50k__dev__220302__0077__r0.wav,screaming,FSD50K-dev-220302-screaming,FSD50K,dev,220302,220302.wav,0
train,screaming__fsd50k__dev__220649__0078__r0.wav,screaming,FSD50K-dev-220649-screaming,FSD50K,dev,220649,220649.wav,0
train,screaming__fsd50k__dev__220655__0079__r0.wav,screaming,FSD50K-dev-220655-screaming,FSD50K,dev,220655,220655.wav,0
train,screaming__fsd50k__dev__220657__0080__r0.wav,screaming,FSD50K-dev-220657-screaming,FSD50K,dev,220657,220657.wav,0
train,screaming__fsd50k__dev__220658__0081__r0.wav,screaming,FSD50K-dev-220658-screaming,FSD50K,dev,220658,220658.wav,0
train,screaming__fsd50k__dev__220660__0082__r0.wav,screaming,FSD50K-dev-220660-screaming,FSD50K,dev,220660,220660.wav,0
train,screaming__fsd50k__dev__220663__0083__r0.wav,screaming,FSD50K-dev-220663-screaming,FSD50K,dev,220663,220663.wav,0
train,screaming__fsd50k__dev__220665__0084__r0.wav,screaming,FSD50K-dev-220665-screaming,FSD50K,dev,220665,220665.wav,0
train,screaming__fsd50k__dev__220814__0085__r0.wav,screaming,FSD50K-dev-220814-screaming,FSD50K,dev,220814,220814.wav,0
train,screaming__fsd50k__dev__220815__0086__r0.wav,screaming,FSD50K-dev-220815-screaming,FSD50K,dev,220815,220815.wav,0
train,screaming__fsd50k__dev__220817__0087__r0.wav,screaming,FSD50K-dev-220817-screaming,FSD50K,dev,220817,220817.wav,0
train,screaming__fsd50k__dev__220818__0088__r0.wav,screaming,FSD50K-dev-220818-screaming,FSD50K,dev,220818,220818.wav,0
train,screaming__fsd50k__dev__220822__0089__r0.wav,screaming,FSD50K-dev-220822-screaming,FSD50K,dev,220822,220822.wav,0
train,screaming__fsd50k__dev__220823__0090__r0.wav,screaming,FSD50K-dev-220823-screaming,FSD50K,dev,220823,220823.wav,0
train,screaming__fsd50k__dev__221150__0091__r0.wav,screaming,FSD50K-dev-221150-screaming,FSD50K,dev,221150,221150.wav,0
train,screaming__fsd50k__dev__221151__0092__r0.wav,screaming,FSD50K-dev-221151-screaming,FSD50K,dev,221151,221151.wav,0
train,screaming__fsd50k__dev__221152__0093__r0.wav,screaming,FSD50K-dev-221152-screaming,FSD50K,dev,221152,221152.wav,0
train,screaming__fsd50k__dev__221153__0094__r0.wav,screaming,FSD50K-dev-221153-screaming,FSD50K,dev,221153,221153.wav,0
train,screaming__fsd50k__dev__222530__0095__r0.wav,screaming,FSD50K-dev-222530-screaming,FSD50K,dev,222530,222530.wav,0
train,screaming__fsd50k__dev__222534__0096__r0.wav,screaming,FSD50K-dev-222534-screaming,FSD50K,dev,222534,222534.wav,0
train,screaming__fsd50k__dev__222535__0097__r0.wav,screaming,FSD50K-dev-222535-screaming,FSD50K,dev,222535,222535.wav,0
train,screaming__fsd50k__dev__222537__0098__r0.wav,screaming,FSD50K-dev-222537-screaming,FSD50K,dev,222537,222537.wav,0
train,screaming__fsd50k__dev__222545__0099__r0.wav,screaming,FSD50K-dev-222545-screaming,FSD50K,dev,222545,222545.wav,0
train,screaming__fsd50k__dev__222583__0100__r0.wav,screaming,FSD50K-dev-222583-screaming,FSD50K,dev,222583,222583.wav,0
train,screaming__fsd50k__dev__222584__0101__r0.wav,screaming,FSD50K-dev-222584-screaming,FSD50K,dev,222584,222584.wav,0
train,screaming__fsd50k__dev__222586__0102__r0.wav,screaming,FSD50K-dev-222586-screaming,FSD50K,dev,222586,222586.wav,0
train,screaming__fsd50k__dev__222589__0103__r0.wav,screaming,FSD50K-dev-222589-screaming,FSD50K,dev,222589,222589.wav,0
train,screaming__fsd50k__dev__223745__0104__r0.wav,screaming,FSD50K-dev-223745-screaming,FSD50K,dev,223745,223745.wav,0
train,screaming__fsd50k__dev__239592__0105__r0.wav,screaming,FSD50K-dev-239592-screaming,FSD50K,dev,239592,239592.wav,0
train,screaming__fsd50k__dev__241472__0106__r0.wav,screaming,FSD50K-dev-241472-screaming,FSD50K,dev,241472,241472.wav,0
train,screaming__fsd50k__dev__241515__0107__r0.wav,screaming,FSD50K-dev-241515-screaming,FSD50K,dev,241515,241515.wav,0
train,screaming__fsd50k__dev__241591__0108__r0.wav,screaming,FSD50K-dev-241591-screaming,FSD50K,dev,241591,241591.wav,0
train,screaming__fsd50k__dev__241592__0109__r0.wav,screaming,FSD50K-dev-241592-screaming,FSD50K,dev,241592,241592.wav,0
train,screaming__fsd50k__dev__250550__0110__r0.wav,screaming,FSD50K-dev-250550-screaming,FSD50K,dev,250550,250550.wav,0
train,screaming__fsd50k__dev__252244__0111__r0.wav,screaming,FSD50K-dev-252244-screaming,FSD50K,dev,252244,252244.wav,0
train,screaming__fsd50k__dev__253771__0112__r0.wav,screaming,FSD50K-dev-253771-screaming,FSD50K,dev,253771,253771.wav,0
train,screaming__fsd50k__dev__254477__0113__r0.wav,screaming,FSD50K-dev-254477-screaming,FSD50K,dev,254477,254477.wav,0
train,screaming__fsd50k__dev__261853__0114__r0.wav,screaming,FSD50K-dev-261853-screaming,FSD50K,dev,261853,261853.wav,0
train,screaming__fsd50k__dev__270446__0115__r0.wav,screaming,FSD50K-dev-270446-screaming,FSD50K,dev,270446,270446.wav,0
train,screaming__fsd50k__dev__270474__0116__r0.wav,screaming,FSD50K-dev-270474-screaming,FSD50K,dev,270474,270474.wav,0
train,screaming__fsd50k__dev__273151__0117__r0.wav,screaming,FSD50K-dev-273151-screaming,FSD50K,dev,273151,273151.wav,0
train,screaming__fsd50k__dev__273153__0118__r0.wav,screaming,FSD50K-dev-273153-screaming,FSD50K,dev,273153,273153.wav,0
train,screaming__fsd50k__dev__29849__0119__r0.wav,screaming,FSD50K-dev-29849-screaming,FSD50K,dev,29849,29849.wav,0
train,screaming__fsd50k__dev__30276__0120__r0.wav,screaming,FSD50K-dev-30276-screaming,FSD50K,dev,30276,30276.wav,0
train,screaming__fsd50k__dev__30277__0121__r0.wav,screaming,FSD50K-dev-30277-screaming,FSD50K,dev,30277,30277.wav,0
train,screaming__fsd50k__dev__30279__0122__r0.wav,screaming,FSD50K-dev-30279-screaming,FSD50K,dev,30279,30279.wav,0
train,screaming__fsd50k__dev__315828__0123__r0.wav,screaming,FSD50K-dev-315828-screaming,FSD50K,dev,315828,315828.wav,0
train,screaming__fsd50k__dev__315833__0124__r0.wav,screaming,FSD50K-dev-315833-screaming,FSD50K,dev,315833,315833.wav,0
train,screaming__fsd50k__dev__316398__0125__r0.wav,screaming,FSD50K-dev-316398-screaming,FSD50K,dev,316398,316398.wav,0
train,screaming__fsd50k__dev__316409__0126__r0.wav,screaming,FSD50K-dev-316409-screaming,FSD50K,dev,316409,316409.wav,0
train,screaming__fsd50k__dev__316411__0127__r0.wav,screaming,FSD50K-dev-316411-screaming,FSD50K,dev,316411,316411.wav,0
train,screaming__fsd50k__dev__316416__0128__r0.wav,screaming,FSD50K-dev-316416-screaming,FSD50K,dev,316416,316416.wav,0
train,screaming__fsd50k__dev__320247__0129__r0.wav,screaming,FSD50K-dev-320247-screaming,FSD50K,dev,320247,320247.wav,0
train,screaming__fsd50k__dev__321971__0130__r0.wav,screaming,FSD50K-dev-321971-screaming,FSD50K,dev,321971,321971.wav,0
train,screaming__fsd50k__dev__323080__0131__r0.wav,screaming,FSD50K-dev-323080-screaming,FSD50K,dev,323080,323080.wav,0
train,screaming__fsd50k__dev__323083__0132__r0.wav,screaming,FSD50K-dev-323083-screaming,FSD50K,dev,323083,323083.wav,0
train,screaming__fsd50k__dev__323084__0133__r0.wav,screaming,FSD50K-dev-323084-screaming,FSD50K,dev,323084,323084.wav,0
train,screaming__fsd50k__dev__33443__0134__r0.wav,screaming,FSD50K-dev-33443-screaming,FSD50K,dev,33443,33443.wav,0
train,screaming__fsd50k__dev__336537__0135__r0.wav,screaming,FSD50K-dev-336537-screaming,FSD50K,dev,336537,336537.wav,0
train,screaming__fsd50k__dev__338049__0136__r0.wav,screaming,FSD50K-dev-338049-screaming,FSD50K,dev,338049,338049.wav,0
train,screaming__fsd50k__dev__34281__0137__r0.wav,screaming,FSD50K-dev-34281-screaming,FSD50K,dev,34281,34281.wav,0
train,screaming__fsd50k__dev__34283__0138__r0.wav,screaming,FSD50K-dev-34283-screaming,FSD50K,dev,34283,34283.wav,0
train,screaming__fsd50k__dev__343879__0139__r0.wav,screaming,FSD50K-dev-343879-screaming,FSD50K,dev,343879,343879.wav,0
train,screaming__fsd50k__dev__343897__0140__r0.wav,screaming,FSD50K-dev-343897-screaming,FSD50K,dev,343897,343897.wav,0
train,screaming__fsd50k__dev__343915__0141__r0.wav,screaming,FSD50K-dev-343915-screaming,FSD50K,dev,343915,343915.wav,0
train,screaming__fsd50k__dev__343918__0142__r0.wav,screaming,FSD50K-dev-343918-screaming,FSD50K,dev,343918,343918.wav,0
train,screaming__fsd50k__dev__343930__0143__r0.wav,screaming,FSD50K-dev-343930-screaming,FSD50K,dev,343930,343930.wav,0
train,screaming__fsd50k__dev__343948__0144__r0.wav,screaming,FSD50K-dev-343948-screaming,FSD50K,dev,343948,343948.wav,0
train,screaming__fsd50k__dev__343954__0145__r0.wav,screaming,FSD50K-dev-343954-screaming,FSD50K,dev,343954,343954.wav,0
train,screaming__fsd50k__dev__343974__0146__r0.wav,screaming,FSD50K-dev-343974-screaming,FSD50K,dev,343974,343974.wav,0
train,screaming__fsd50k__dev__344000__0147__r0.wav,screaming,FSD50K-dev-344000-screaming,FSD50K,dev,344000,344000.wav,0
train,screaming__fsd50k__dev__344028__0148__r0.wav,screaming,FSD50K-dev-344028-screaming,FSD50K,dev,344028,344028.wav,0
train,screaming__fsd50k__dev__344029__0149__r0.wav,screaming,FSD50K-dev-344029-screaming,FSD50K,dev,344029,344029.wav,0
train,screaming__fsd50k__dev__344037__0150__r0.wav,screaming,FSD50K-dev-344037-screaming,FSD50K,dev,344037,344037.wav,0
train,screaming__fsd50k__dev__344056__0151__r0.wav,screaming,FSD50K-dev-344056-screaming,FSD50K,dev,344056,344056.wav,0
train,screaming__fsd50k__dev__345450__0152__r0.wav,screaming,FSD50K-dev-345450-screaming,FSD50K,dev,345450,345450.wav,0
train,screaming__fsd50k__dev__351334__0153__r0.wav,screaming,FSD50K-dev-351334-screaming,FSD50K,dev,351334,351334.wav,0
train,screaming__fsd50k__dev__351335__0154__r0.wav,screaming,FSD50K-dev-351335-screaming,FSD50K,dev,351335,351335.wav,0
train,screaming__fsd50k__dev__351337__0155__r0.wav,screaming,FSD50K-dev-351337-screaming,FSD50K,dev,351337,351337.wav,0
train,screaming__fsd50k__dev__351339__0156__r0.wav,screaming,FSD50K-dev-351339-screaming,FSD50K,dev,351339,351339.wav,0
train,screaming__fsd50k__dev__351627__0157__r0.wav,screaming,FSD50K-dev-351627-screaming,FSD50K,dev,351627,351627.wav,0
train,screaming__fsd50k__dev__351628__0158__r0.wav,screaming,FSD50K-dev-351628-screaming,FSD50K,dev,351628,351628.wav,0
train,screaming__fsd50k__dev__351629__0159__r0.wav,screaming,FSD50K-dev-351629-screaming,FSD50K,dev,351629,351629.wav,0
train,screaming__fsd50k__dev__351630__0160__r0.wav,screaming,FSD50K-dev-351630-screaming,FSD50K,dev,351630,351630.wav,0
train,screaming__fsd50k__dev__351631__0161__r0.wav,screaming,FSD50K-dev-351631-screaming,FSD50K,dev,351631,351631.wav,0
train,screaming__fsd50k__dev__351634__0162__r0.wav,screaming,FSD50K-dev-351634-screaming,FSD50K,dev,351634,351634.wav,0
train,screaming__fsd50k__dev__353285__0163__r0.wav,screaming,FSD50K-dev-353285-screaming,FSD50K,dev,353285,353285.wav,0
train,screaming__fsd50k__dev__353286__0164__r0.wav,screaming,FSD50K-dev-353286-screaming,FSD50K,dev,353286,353286.wav,0
train,screaming__fsd50k__dev__353287__0165__r0.wav,screaming,FSD50K-dev-353287-screaming,FSD50K,dev,353287,353287.wav,0
train,screaming__fsd50k__dev__353288__0166__r0.wav,screaming,FSD50K-dev-353288-screaming,FSD50K,dev,353288,353288.wav,0
train,screaming__fsd50k__dev__353291__0167__r0.wav,screaming,FSD50K-dev-353291-screaming,FSD50K,dev,353291,353291.wav,0
train,screaming__fsd50k__dev__353294__0168__r0.wav,screaming,FSD50K-dev-353294-screaming,FSD50K,dev,353294,353294.wav,0
train,screaming__fsd50k__dev__353295__0169__r0.wav,screaming,FSD50K-dev-353295-screaming,FSD50K,dev,353295,353295.wav,0
train,screaming__fsd50k__dev__353296__0170__r0.wav,screaming,FSD50K-dev-353296-screaming,FSD50K,dev,353296,353296.wav,0
train,screaming__fsd50k__dev__368824__0171__r0.wav,screaming,FSD50K-dev-368824-screaming,FSD50K,dev,368824,368824.wav,0
train,screaming__fsd50k__dev__381801__0172__r0.wav,screaming,FSD50K-dev-381801-screaming,FSD50K,dev,381801,381801.wav,0
train,screaming__fsd50k__dev__381802__0173__r0.wav,screaming,FSD50K-dev-381802-screaming,FSD50K,dev,381802,381802.wav,0
train,screaming__fsd50k__dev__381803__0174__r0.wav,screaming,FSD50K-dev-381803-screaming,FSD50K,dev,381803,381803.wav,0
train,screaming__fsd50k__dev__381805__0175__r0.wav,screaming,FSD50K-dev-381805-screaming,FSD50K,dev,381805,381805.wav,0
train,screaming__fsd50k__dev__381893__0176__r0.wav,screaming,FSD50K-dev-381893-screaming,FSD50K,dev,381893,381893.wav,0
train,screaming__fsd50k__dev__381894__0177__r0.wav,screaming,FSD50K-dev-381894-screaming,FSD50K,dev,381894,381894.wav,0
train,screaming__fsd50k__dev__381895__0178__r0.wav,screaming,FSD50K-dev-381895-screaming,FSD50K,dev,381895,381895.wav,0
train,screaming__fsd50k__dev__387409__0179__r0.wav,screaming,FSD50K-dev-387409-screaming,FSD50K,dev,387409,387409.wav,0
train,screaming__fsd50k__dev__393918__0180__r0.wav,screaming,FSD50K-dev-393918-screaming,FSD50K,dev,393918,393918.wav,0
train,screaming__fsd50k__dev__402645__0181__r0.wav,screaming,FSD50K-dev-402645-screaming,FSD50K,dev,402645,402645.wav,0
train,screaming__fsd50k__dev__427774__0182__r0.wav,screaming,FSD50K-dev-427774-screaming,FSD50K,dev,427774,427774.wav,0
train,screaming__fsd50k__dev__42849__0183__r0.wav,screaming,FSD50K-dev-42849-screaming,FSD50K,dev,42849,42849.wav,0
train,screaming__fsd50k__dev__432875__0184__r0.wav,screaming,FSD50K-dev-432875-screaming,FSD50K,dev,432875,432875.wav,0
train,screaming__fsd50k__dev__50776__0185__r0.wav,screaming,FSD50K-dev-50776-screaming,FSD50K,dev,50776,50776.wav,0
train,screaming__fsd50k__dev__56899__0186__r0.wav,screaming,FSD50K-dev-56899-screaming,FSD50K,dev,56899,56899.wav,0
train,screaming__fsd50k__dev__56901__0187__r0.wav,screaming,FSD50K-dev-56901-screaming,FSD50K,dev,56901,56901.wav,0
train,screaming__fsd50k__dev__58794__0188__r0.wav,screaming,FSD50K-dev-58794-screaming,FSD50K,dev,58794,58794.wav,0
train,screaming__fsd50k__dev__58797__0189__r0.wav,screaming,FSD50K-dev-58797-screaming,FSD50K,dev,58797,58797.wav,0
train,screaming__fsd50k__dev__58803__0190__r0.wav,screaming,FSD50K-dev-58803-screaming,FSD50K,dev,58803,58803.wav,0
train,screaming__fsd50k__dev__59163__0191__r0.wav,screaming,FSD50K-dev-59163-screaming,FSD50K,dev,59163,59163.wav,0
train,thunderstorm__esc50__fold_1__101296__0000__r0.wav,thunderstorm,ESC50-1-1-101296-A-19.wav,ESC-50,fold_1,101296,1-101296-A-19.wav,0
train,thunderstorm__esc50__fold_1__101296__0001__r0.wav,thunderstorm,ESC50-1-1-101296-B-19.wav,ESC-50,fold_1,101296,1-101296-B-19.wav,0
train,thunderstorm__esc50__fold_1__115521__0002__r0.wav,thunderstorm,ESC50-1-1-115521-A-19.wav,ESC-50,fold_1,115521,1-115521-A-19.wav,0
train,thunderstorm__esc50__fold_1__23222__0003__r0.wav,thunderstorm,ESC50-1-1-23222-A-19.wav,ESC-50,fold_1,23222,1-23222-A-19.wav,0
train,thunderstorm__esc50__fold_1__23222__0004__r0.wav,thunderstorm,ESC50-1-1-23222-B-19.wav,ESC-50,fold_1,23222,1-23222-B-19.wav,0
train,thunderstorm__esc50__fold_1__24524__0005__r0.wav,thunderstorm,ESC50-1-1-24524-A-19.wav,ESC-50,fold_1,24524,1-24524-A-19.wav,0
train,thunderstorm__esc50__fold_1__24524__0006__r0.wav,thunderstorm,ESC50-1-1-24524-B-19.wav,ESC-50,fold_1,24524,1-24524-B-19.wav,0
train,thunderstorm__esc50__fold_1__24524__0007__r0.wav,thunderstorm,ESC50-1-1-24524-C-19.wav,ESC-50,fold_1,24524,1-24524-C-19.wav,0
train,thunderstorm__esc50__fold_2__104105__0008__r0.wav,thunderstorm,ESC50-2-2-104105-A-19.wav,ESC-50,fold_2,104105,2-104105-A-19.wav,0
train,thunderstorm__esc50__fold_2__104105__0009__r0.wav,thunderstorm,ESC50-2-2-104105-B-19.wav,ESC-50,fold_2,104105,2-104105-B-19.wav,0
train,thunderstorm__esc50__fold_2__39441__0010__r0.wav,thunderstorm,ESC50-2-2-39441-A-19.wav,ESC-50,fold_2,39441,2-39441-A-19.wav,0
train,thunderstorm__esc50__fold_2__39443__0011__r0.wav,thunderstorm,ESC50-2-2-39443-A-19.wav,ESC-50,fold_2,39443,2-39443-A-19.wav,0
train,thunderstorm__esc50__fold_2__39443__0012__r0.wav,thunderstorm,ESC50-2-2-39443-B-19.wav,ESC-50,fold_2,39443,2-39443-B-19.wav,0
train,thunderstorm__esc50__fold_2__39945__0013__r0.wav,thunderstorm,ESC50-2-2-39945-A-19.wav,ESC-50,fold_2,39945,2-39945-A-19.wav,0
train,thunderstorm__esc50__fold_2__39945__0014__r0.wav,thunderstorm,ESC50-2-2-39945-B-19.wav,ESC-50,fold_2,39945,2-39945-B-19.wav,0
train,thunderstorm__esc50__fold_2__39945__0015__r0.wav,thunderstorm,ESC50-2-2-39945-C-19.wav,ESC-50,fold_2,39945,2-39945-C-19.wav,0
train,thunderstorm__esc50__fold_3__103050__0016__r0.wav,thunderstorm,ESC50-3-3-103050-A-19.wav,ESC-50,fold_3,103050,3-103050-A-19.wav,0
train,thunderstorm__esc50__fold_3__103051__0017__r0.wav,thunderstorm,ESC50-3-3-103051-A-19.wav,ESC-50,fold_3,103051,3-103051-A-19.wav,0
train,thunderstorm__esc50__fold_3__103051__0018__r0.wav,thunderstorm,ESC50-3-3-103051-B-19.wav,ESC-50,fold_3,103051,3-103051-B-19.wav,0
train,thunderstorm__esc50__fold_3__103051__0019__r0.wav,thunderstorm,ESC50-3-3-103051-C-19.wav,ESC-50,fold_3,103051,3-103051-C-19.wav,0
train,thunderstorm__esc50__fold_3__123224__0020__r0.wav,thunderstorm,ESC50-3-3-123224-A-19.wav,ESC-50,fold_3,123224,3-123224-A-19.wav,0
train,thunderstorm__esc50__fold_3__124600__0021__r0.wav,thunderstorm,ESC50-3-3-124600-A-19.wav,ESC-50,fold_3,124600,3-124600-A-19.wav,0
train,thunderstorm__esc50__fold_3__144891__0022__r0.wav,thunderstorm,ESC50-3-3-144891-A-19.wav,ESC-50,fold_3,144891,3-144891-A-19.wav,0
train,thunderstorm__esc50__fold_3__144891__0023__r0.wav,thunderstorm,ESC50-3-3-144891-B-19.wav,ESC-50,fold_3,144891,3-144891-B-19.wav,0
train,thunderstorm__fsd50k__dev__100011__0024__r0.wav,thunderstorm,FSD50K-dev-100011-thunderstorm,FSD50K,dev,100011,100011.wav,0
train,thunderstorm__fsd50k__dev__105032__0025__r0.wav,thunderstorm,FSD50K-dev-105032-thunderstorm,FSD50K,dev,105032,105032.wav,0
train,thunderstorm__fsd50k__dev__105296__0026__r0.wav,thunderstorm,FSD50K-dev-105296-thunderstorm,FSD50K,dev,105296,105296.wav,0
train,thunderstorm__fsd50k__dev__105297__0027__r0.wav,thunderstorm,FSD50K-dev-105297-thunderstorm,FSD50K,dev,105297,105297.wav,0
train,thunderstorm__fsd50k__dev__105298__0028__r0.wav,thunderstorm,FSD50K-dev-105298-thunderstorm,FSD50K,dev,105298,105298.wav,0
train,thunderstorm__fsd50k__dev__105299__0029__r0.wav,thunderstorm,FSD50K-dev-105299-thunderstorm,FSD50K,dev,105299,105299.wav,0
train,thunderstorm__fsd50k__dev__105301__0030__r0.wav,thunderstorm,FSD50K-dev-105301-thunderstorm,FSD50K,dev,105301,105301.wav,0
train,thunderstorm__fsd50k__dev__105303__0031__r0.wav,thunderstorm,FSD50K-dev-105303-thunderstorm,FSD50K,dev,105303,105303.wav,0
train,thunderstorm__fsd50k__dev__105304__0032__r0.wav,thunderstorm,FSD50K-dev-105304-thunderstorm,FSD50K,dev,105304,105304.wav,0
train,thunderstorm__fsd50k__dev__105306__0033__r0.wav,thunderstorm,FSD50K-dev-105306-thunderstorm,FSD50K,dev,105306,105306.wav,0
train,thunderstorm__fsd50k__dev__115521__0034__r0.wav,thunderstorm,FSD50K-dev-115521-thunderstorm,FSD50K,dev,115521,115521.wav,0
train,thunderstorm__fsd50k__dev__117138__0035__r0.wav,thunderstorm,FSD50K-dev-117138-thunderstorm,FSD50K,dev,117138,117138.wav,0
train,thunderstorm__fsd50k__dev__120393__0036__r0.wav,thunderstorm,FSD50K-dev-120393-thunderstorm,FSD50K,dev,120393,120393.wav,0
train,thunderstorm__fsd50k__dev__121132__0037__r0.wav,thunderstorm,FSD50K-dev-121132-thunderstorm,FSD50K,dev,121132,121132.wav,0
train,thunderstorm__fsd50k__dev__121568__0038__r0.wav,thunderstorm,FSD50K-dev-121568-thunderstorm,FSD50K,dev,121568,121568.wav,0
train,thunderstorm__fsd50k__dev__121569__0039__r0.wav,thunderstorm,FSD50K-dev-121569-thunderstorm,FSD50K,dev,121569,121569.wav,0
train,thunderstorm__fsd50k__dev__121572__0040__r0.wav,thunderstorm,FSD50K-dev-121572-thunderstorm,FSD50K,dev,121572,121572.wav,0
train,thunderstorm__fsd50k__dev__121573__0041__r0.wav,thunderstorm,FSD50K-dev-121573-thunderstorm,FSD50K,dev,121573,121573.wav,0
train,thunderstorm__fsd50k__dev__122089__0042__r0.wav,thunderstorm,FSD50K-dev-122089-thunderstorm,FSD50K,dev,122089,122089.wav,0
train,thunderstorm__fsd50k__dev__122091__0043__r0.wav,thunderstorm,FSD50K-dev-122091-thunderstorm,FSD50K,dev,122091,122091.wav,0
train,thunderstorm__fsd50k__dev__123358__0044__r0.wav,thunderstorm,FSD50K-dev-123358-thunderstorm,FSD50K,dev,123358,123358.wav,0
train,thunderstorm__fsd50k__dev__123359__0045__r0.wav,thunderstorm,FSD50K-dev-123359-thunderstorm,FSD50K,dev,123359,123359.wav,0
train,thunderstorm__fsd50k__dev__123360__0046__r0.wav,thunderstorm,FSD50K-dev-123360-thunderstorm,FSD50K,dev,123360,123360.wav,0
train,thunderstorm__fsd50k__dev__124128__0047__r0.wav,thunderstorm,FSD50K-dev-124128-thunderstorm,FSD50K,dev,124128,124128.wav,0
train,thunderstorm__fsd50k__dev__124129__0048__r0.wav,thunderstorm,FSD50K-dev-124129-thunderstorm,FSD50K,dev,124129,124129.wav,0
train,thunderstorm__fsd50k__dev__127862__0049__r0.wav,thunderstorm,FSD50K-dev-127862-thunderstorm,FSD50K,dev,127862,127862.wav,0
train,thunderstorm__fsd50k__dev__127975__0050__r0.wav,thunderstorm,FSD50K-dev-127975-thunderstorm,FSD50K,dev,127975,127975.wav,0
train,thunderstorm__fsd50k__dev__127976__0051__r0.wav,thunderstorm,FSD50K-dev-127976-thunderstorm,FSD50K,dev,127976,127976.wav,0
train,thunderstorm__fsd50k__dev__127978__0052__r0.wav,thunderstorm,FSD50K-dev-127978-thunderstorm,FSD50K,dev,127978,127978.wav,0
train,thunderstorm__fsd50k__dev__135594__0053__r0.wav,thunderstorm,FSD50K-dev-135594-thunderstorm,FSD50K,dev,135594,135594.wav,0
train,thunderstorm__fsd50k__dev__13585__0054__r0.wav,thunderstorm,FSD50K-dev-13585-thunderstorm,FSD50K,dev,13585,13585.wav,0
train,thunderstorm__fsd50k__dev__136383__0055__r0.wav,thunderstorm,FSD50K-dev-136383-thunderstorm,FSD50K,dev,136383,136383.wav,0
train,thunderstorm__fsd50k__dev__151189__0056__r0.wav,thunderstorm,FSD50K-dev-151189-thunderstorm,FSD50K,dev,151189,151189.wav,0
train,thunderstorm__fsd50k__dev__151190__0057__r0.wav,thunderstorm,FSD50K-dev-151190-thunderstorm,FSD50K,dev,151190,151190.wav,0
train,thunderstorm__fsd50k__dev__151191__0058__r0.wav,thunderstorm,FSD50K-dev-151191-thunderstorm,FSD50K,dev,151191,151191.wav,0
train,thunderstorm__fsd50k__dev__151192__0059__r0.wav,thunderstorm,FSD50K-dev-151192-thunderstorm,FSD50K,dev,151192,151192.wav,0
train,thunderstorm__fsd50k__dev__151193__0060__r0.wav,thunderstorm,FSD50K-dev-151193-thunderstorm,FSD50K,dev,151193,151193.wav,0
train,thunderstorm__fsd50k__dev__151194__0061__r0.wav,thunderstorm,FSD50K-dev-151194-thunderstorm,FSD50K,dev,151194,151194.wav,0
train,thunderstorm__fsd50k__dev__151195__0062__r0.wav,thunderstorm,FSD50K-dev-151195-thunderstorm,FSD50K,dev,151195,151195.wav,0
train,thunderstorm__fsd50k__dev__151196__0063__r0.wav,thunderstorm,FSD50K-dev-151196-thunderstorm,FSD50K,dev,151196,151196.wav,0
train,thunderstorm__fsd50k__dev__151197__0064__r0.wav,thunderstorm,FSD50K-dev-151197-thunderstorm,FSD50K,dev,151197,151197.wav,0
train,thunderstorm__fsd50k__dev__151198__0065__r0.wav,thunderstorm,FSD50K-dev-151198-thunderstorm,FSD50K,dev,151198,151198.wav,0
train,thunderstorm__fsd50k__dev__151199__0066__r0.wav,thunderstorm,FSD50K-dev-151199-thunderstorm,FSD50K,dev,151199,151199.wav,0
train,thunderstorm__fsd50k__dev__151201__0067__r0.wav,thunderstorm,FSD50K-dev-151201-thunderstorm,FSD50K,dev,151201,151201.wav,0
train,thunderstorm__fsd50k__dev__151849__0068__r0.wav,thunderstorm,FSD50K-dev-151849-thunderstorm,FSD50K,dev,151849,151849.wav,0
train,thunderstorm__fsd50k__dev__158980__0069__r0.wav,thunderstorm,FSD50K-dev-158980-thunderstorm,FSD50K,dev,158980,158980.wav,0
train,thunderstorm__fsd50k__dev__158981__0070__r0.wav,thunderstorm,FSD50K-dev-158981-thunderstorm,FSD50K,dev,158981,158981.wav,0
train,thunderstorm__fsd50k__dev__158982__0071__r0.wav,thunderstorm,FSD50K-dev-158982-thunderstorm,FSD50K,dev,158982,158982.wav,0
train,thunderstorm__fsd50k__dev__158984__0072__r0.wav,thunderstorm,FSD50K-dev-158984-thunderstorm,FSD50K,dev,158984,158984.wav,0
train,thunderstorm__fsd50k__dev__158986__0073__r0.wav,thunderstorm,FSD50K-dev-158986-thunderstorm,FSD50K,dev,158986,158986.wav,0
train,thunderstorm__fsd50k__dev__158987__0074__r0.wav,thunderstorm,FSD50K-dev-158987-thunderstorm,FSD50K,dev,158987,158987.wav,0
train,thunderstorm__fsd50k__dev__158989__0075__r0.wav,thunderstorm,FSD50K-dev-158989-thunderstorm,FSD50K,dev,158989,158989.wav,0
train,thunderstorm__fsd50k__dev__159684__0076__r0.wav,thunderstorm,FSD50K-dev-159684-thunderstorm,FSD50K,dev,159684,159684.wav,0
train,thunderstorm__fsd50k__dev__159685__0077__r0.wav,thunderstorm,FSD50K-dev-159685-thunderstorm,FSD50K,dev,159685,159685.wav,0
train,thunderstorm__fsd50k__dev__159686__0078__r0.wav,thunderstorm,FSD50K-dev-159686-thunderstorm,FSD50K,dev,159686,159686.wav,0
train,thunderstorm__fsd50k__dev__159692__0079__r0.wav,thunderstorm,FSD50K-dev-159692-thunderstorm,FSD50K,dev,159692,159692.wav,0
train,thunderstorm__fsd50k__dev__159693__0080__r0.wav,thunderstorm,FSD50K-dev-159693-thunderstorm,FSD50K,dev,159693,159693.wav,0
train,thunderstorm__fsd50k__dev__160154__0081__r0.wav,thunderstorm,FSD50K-dev-160154-thunderstorm,FSD50K,dev,160154,160154.wav,0
train,thunderstorm__fsd50k__dev__160155__0082__r0.wav,thunderstorm,FSD50K-dev-160155-thunderstorm,FSD50K,dev,160155,160155.wav,0
train,thunderstorm__fsd50k__dev__160156__0083__r0.wav,thunderstorm,FSD50K-dev-160156-thunderstorm,FSD50K,dev,160156,160156.wav,0
train,thunderstorm__fsd50k__dev__160157__0084__r0.wav,thunderstorm,FSD50K-dev-160157-thunderstorm,FSD50K,dev,160157,160157.wav,0
train,thunderstorm__fsd50k__dev__160770__0085__r0.wav,thunderstorm,FSD50K-dev-160770-thunderstorm,FSD50K,dev,160770,160770.wav,0
train,thunderstorm__fsd50k__dev__160910__0086__r0.wav,thunderstorm,FSD50K-dev-160910-thunderstorm,FSD50K,dev,160910,160910.wav,0
train,thunderstorm__fsd50k__dev__160911__0087__r0.wav,thunderstorm,FSD50K-dev-160911-thunderstorm,FSD50K,dev,160911,160911.wav,0
train,thunderstorm__fsd50k__dev__161503__0088__r0.wav,thunderstorm,FSD50K-dev-161503-thunderstorm,FSD50K,dev,161503,161503.wav,0
train,thunderstorm__fsd50k__dev__165812__0089__r0.wav,thunderstorm,FSD50K-dev-165812-thunderstorm,FSD50K,dev,165812,165812.wav,0
train,thunderstorm__fsd50k__dev__169155__0090__r0.wav,thunderstorm,FSD50K-dev-169155-thunderstorm,FSD50K,dev,169155,169155.wav,0
train,thunderstorm__fsd50k__dev__17057__0091__r0.wav,thunderstorm,FSD50K-dev-17057-thunderstorm,FSD50K,dev,17057,17057.wav,0
train,thunderstorm__fsd50k__dev__17059__0092__r0.wav,thunderstorm,FSD50K-dev-17059-thunderstorm,FSD50K,dev,17059,17059.wav,0
train,thunderstorm__fsd50k__dev__17153__0093__r0.wav,thunderstorm,FSD50K-dev-17153-thunderstorm,FSD50K,dev,17153,17153.wav,0
train,thunderstorm__fsd50k__dev__17154__0094__r0.wav,thunderstorm,FSD50K-dev-17154-thunderstorm,FSD50K,dev,17154,17154.wav,0
train,thunderstorm__fsd50k__dev__18045__0095__r0.wav,thunderstorm,FSD50K-dev-18045-thunderstorm,FSD50K,dev,18045,18045.wav,0
train,thunderstorm__fsd50k__dev__18046__0096__r0.wav,thunderstorm,FSD50K-dev-18046-thunderstorm,FSD50K,dev,18046,18046.wav,0
train,thunderstorm__fsd50k__dev__18047__0097__r0.wav,thunderstorm,FSD50K-dev-18047-thunderstorm,FSD50K,dev,18047,18047.wav,0
train,thunderstorm__fsd50k__dev__187772__0098__r0.wav,thunderstorm,FSD50K-dev-187772-thunderstorm,FSD50K,dev,187772,187772.wav,0
train,thunderstorm__fsd50k__dev__189728__0099__r0.wav,thunderstorm,FSD50K-dev-189728-thunderstorm,FSD50K,dev,189728,189728.wav,0
train,thunderstorm__fsd50k__dev__189729__0100__r0.wav,thunderstorm,FSD50K-dev-189729-thunderstorm,FSD50K,dev,189729,189729.wav,0
train,thunderstorm__fsd50k__dev__192195__0101__r0.wav,thunderstorm,FSD50K-dev-192195-thunderstorm,FSD50K,dev,192195,192195.wav,0
train,thunderstorm__fsd50k__dev__193333__0102__r0.wav,thunderstorm,FSD50K-dev-193333-thunderstorm,FSD50K,dev,193333,193333.wav,0
train,thunderstorm__fsd50k__dev__193334__0103__r0.wav,thunderstorm,FSD50K-dev-193334-thunderstorm,FSD50K,dev,193334,193334.wav,0
train,thunderstorm__fsd50k__dev__194842__0104__r0.wav,thunderstorm,FSD50K-dev-194842-thunderstorm,FSD50K,dev,194842,194842.wav,0
train,thunderstorm__fsd50k__dev__194872__0105__r0.wav,thunderstorm,FSD50K-dev-194872-thunderstorm,FSD50K,dev,194872,194872.wav,0
train,thunderstorm__fsd50k__dev__194904__0106__r0.wav,thunderstorm,FSD50K-dev-194904-thunderstorm,FSD50K,dev,194904,194904.wav,0
train,thunderstorm__fsd50k__dev__195433__0107__r0.wav,thunderstorm,FSD50K-dev-195433-thunderstorm,FSD50K,dev,195433,195433.wav,0
train,thunderstorm__fsd50k__dev__195436__0108__r0.wav,thunderstorm,FSD50K-dev-195436-thunderstorm,FSD50K,dev,195436,195436.wav,0
train,thunderstorm__fsd50k__dev__195439__0109__r0.wav,thunderstorm,FSD50K-dev-195439-thunderstorm,FSD50K,dev,195439,195439.wav,0
train,thunderstorm__fsd50k__dev__195985__0110__r0.wav,thunderstorm,FSD50K-dev-195985-thunderstorm,FSD50K,dev,195985,195985.wav,0
train,thunderstorm__fsd50k__dev__196033__0111__r0.wav,thunderstorm,FSD50K-dev-196033-thunderstorm,FSD50K,dev,196033,196033.wav,0
train,thunderstorm__fsd50k__dev__196034__0112__r0.wav,thunderstorm,FSD50K-dev-196034-thunderstorm,FSD50K,dev,196034,196034.wav,0
train,thunderstorm__fsd50k__dev__199754__0113__r0.wav,thunderstorm,FSD50K-dev-199754-thunderstorm,FSD50K,dev,199754,199754.wav,0
train,thunderstorm__fsd50k__dev__199755__0114__r0.wav,thunderstorm,FSD50K-dev-199755-thunderstorm,FSD50K,dev,199755,199755.wav,0
train,thunderstorm__fsd50k__dev__199757__0115__r0.wav,thunderstorm,FSD50K-dev-199757-thunderstorm,FSD50K,dev,199757,199757.wav,0
train,thunderstorm__fsd50k__dev__199771__0116__r0.wav,thunderstorm,FSD50K-dev-199771-thunderstorm,FSD50K,dev,199771,199771.wav,0
train,thunderstorm__fsd50k__dev__199943__0117__r0.wav,thunderstorm,FSD50K-dev-199943-thunderstorm,FSD50K,dev,199943,199943.wav,0
train,thunderstorm__fsd50k__dev__199944__0118__r0.wav,thunderstorm,FSD50K-dev-199944-thunderstorm,FSD50K,dev,199944,199944.wav,0
train,thunderstorm__fsd50k__dev__199945__0119__r0.wav,thunderstorm,FSD50K-dev-199945-thunderstorm,FSD50K,dev,199945,199945.wav,0
train,thunderstorm__fsd50k__dev__199946__0120__r0.wav,thunderstorm,FSD50K-dev-199946-thunderstorm,FSD50K,dev,199946,199946.wav,0
train,thunderstorm__fsd50k__dev__199947__0121__r0.wav,thunderstorm,FSD50K-dev-199947-thunderstorm,FSD50K,dev,199947,199947.wav,0
train,thunderstorm__fsd50k__dev__199948__0122__r0.wav,thunderstorm,FSD50K-dev-199948-thunderstorm,FSD50K,dev,199948,199948.wav,0
train,thunderstorm__fsd50k__dev__199950__0123__r0.wav,thunderstorm,FSD50K-dev-199950-thunderstorm,FSD50K,dev,199950,199950.wav,0
train,thunderstorm__fsd50k__dev__199953__0124__r0.wav,thunderstorm,FSD50K-dev-199953-thunderstorm,FSD50K,dev,199953,199953.wav,0
train,thunderstorm__fsd50k__dev__199955__0125__r0.wav,thunderstorm,FSD50K-dev-199955-thunderstorm,FSD50K,dev,199955,199955.wav,0
train,thunderstorm__fsd50k__dev__199956__0126__r0.wav,thunderstorm,FSD50K-dev-199956-thunderstorm,FSD50K,dev,199956,199956.wav,0
train,thunderstorm__fsd50k__dev__199957__0127__r0.wav,thunderstorm,FSD50K-dev-199957-thunderstorm,FSD50K,dev,199957,199957.wav,0
train,thunderstorm__fsd50k__dev__199958__0128__r0.wav,thunderstorm,FSD50K-dev-199958-thunderstorm,FSD50K,dev,199958,199958.wav,0
train,thunderstorm__fsd50k__dev__199959__0129__r0.wav,thunderstorm,FSD50K-dev-199959-thunderstorm,FSD50K,dev,199959,199959.wav,0
train,thunderstorm__fsd50k__dev__199960__0130__r0.wav,thunderstorm,FSD50K-dev-199960-thunderstorm,FSD50K,dev,199960,199960.wav,0
train,thunderstorm__fsd50k__dev__20048__0131__r0.wav,thunderstorm,FSD50K-dev-20048-thunderstorm,FSD50K,dev,20048,20048.wav,0
train,thunderstorm__fsd50k__dev__203718__0132__r0.wav,thunderstorm,FSD50K-dev-203718-thunderstorm,FSD50K,dev,203718,203718.wav,0
train,thunderstorm__fsd50k__dev__213015__0133__r0.wav,thunderstorm,FSD50K-dev-213015-thunderstorm,FSD50K,dev,213015,213015.wav,0
train,thunderstorm__fsd50k__dev__213028__0134__r0.wav,thunderstorm,FSD50K-dev-213028-thunderstorm,FSD50K,dev,213028,213028.wav,0
train,thunderstorm__fsd50k__dev__213029__0135__r0.wav,thunderstorm,FSD50K-dev-213029-thunderstorm,FSD50K,dev,213029,213029.wav,0
train,thunderstorm__fsd50k__dev__214052__0136__r0.wav,thunderstorm,FSD50K-dev-214052-thunderstorm,FSD50K,dev,214052,214052.wav,0
train,thunderstorm__fsd50k__dev__216255__0137__r0.wav,thunderstorm,FSD50K-dev-216255-thunderstorm,FSD50K,dev,216255,216255.wav,0
train,thunderstorm__fsd50k__dev__216257__0138__r0.wav,thunderstorm,FSD50K-dev-216257-thunderstorm,FSD50K,dev,216257,216257.wav,0
train,thunderstorm__fsd50k__dev__216268__0139__r0.wav,thunderstorm,FSD50K-dev-216268-thunderstorm,FSD50K,dev,216268,216268.wav,0
train,thunderstorm__fsd50k__dev__216269__0140__r0.wav,thunderstorm,FSD50K-dev-216269-thunderstorm,FSD50K,dev,216269,216269.wav,0
train,thunderstorm__fsd50k__dev__22926__0141__r0.wav,thunderstorm,FSD50K-dev-22926-thunderstorm,FSD50K,dev,22926,22926.wav,0
train,thunderstorm__fsd50k__dev__22927__0142__r0.wav,thunderstorm,FSD50K-dev-22927-thunderstorm,FSD50K,dev,22927,22927.wav,0
train,thunderstorm__fsd50k__dev__22928__0143__r0.wav,thunderstorm,FSD50K-dev-22928-thunderstorm,FSD50K,dev,22928,22928.wav,0
train,thunderstorm__fsd50k__dev__22929__0144__r0.wav,thunderstorm,FSD50K-dev-22929-thunderstorm,FSD50K,dev,22929,22929.wav,0
train,thunderstorm__fsd50k__dev__22930__0145__r0.wav,thunderstorm,FSD50K-dev-22930-thunderstorm,FSD50K,dev,22930,22930.wav,0
train,thunderstorm__fsd50k__dev__22931__0146__r0.wav,thunderstorm,FSD50K-dev-22931-thunderstorm,FSD50K,dev,22931,22931.wav,0
train,thunderstorm__fsd50k__dev__22932__0147__r0.wav,thunderstorm,FSD50K-dev-22932-thunderstorm,FSD50K,dev,22932,22932.wav,0
train,thunderstorm__fsd50k__dev__22933__0148__r0.wav,thunderstorm,FSD50K-dev-22933-thunderstorm,FSD50K,dev,22933,22933.wav,0
train,thunderstorm__fsd50k__dev__22934__0149__r0.wav,thunderstorm,FSD50K-dev-22934-thunderstorm,FSD50K,dev,22934,22934.wav,0
train,thunderstorm__fsd50k__dev__22935__0150__r0.wav,thunderstorm,FSD50K-dev-22935-thunderstorm,FSD50K,dev,22935,22935.wav,0
train,thunderstorm__fsd50k__dev__22937__0151__r0.wav,thunderstorm,FSD50K-dev-22937-thunderstorm,FSD50K,dev,22937,22937.wav,0
train,thunderstorm__fsd50k__dev__22938__0152__r0.wav,thunderstorm,FSD50K-dev-22938-thunderstorm,FSD50K,dev,22938,22938.wav,0
train,thunderstorm__fsd50k__dev__236996__0153__r0.wav,thunderstorm,FSD50K-dev-236996-thunderstorm,FSD50K,dev,236996,236996.wav,0
train,thunderstorm__fsd50k__dev__237409__0154__r0.wav,thunderstorm,FSD50K-dev-237409-thunderstorm,FSD50K,dev,237409,237409.wav,0
train,thunderstorm__fsd50k__dev__237410__0155__r0.wav,thunderstorm,FSD50K-dev-237410-thunderstorm,FSD50K,dev,237410,237410.wav,0
train,thunderstorm__fsd50k__dev__237411__0156__r0.wav,thunderstorm,FSD50K-dev-237411-thunderstorm,FSD50K,dev,237411,237411.wav,0
train,thunderstorm__fsd50k__dev__237412__0157__r0.wav,thunderstorm,FSD50K-dev-237412-thunderstorm,FSD50K,dev,237412,237412.wav,0
train,thunderstorm__fsd50k__dev__237542__0158__r0.wav,thunderstorm,FSD50K-dev-237542-thunderstorm,FSD50K,dev,237542,237542.wav,0
train,thunderstorm__fsd50k__dev__237725__0159__r0.wav,thunderstorm,FSD50K-dev-237725-thunderstorm,FSD50K,dev,237725,237725.wav,0
train,thunderstorm__fsd50k__dev__237730__0160__r0.wav,thunderstorm,FSD50K-dev-237730-thunderstorm,FSD50K,dev,237730,237730.wav,0
train,thunderstorm__fsd50k__dev__237731__0161__r0.wav,thunderstorm,FSD50K-dev-237731-thunderstorm,FSD50K,dev,237731,237731.wav,0
train,thunderstorm__fsd50k__dev__237732__0162__r0.wav,thunderstorm,FSD50K-dev-237732-thunderstorm,FSD50K,dev,237732,237732.wav,0
train,thunderstorm__fsd50k__dev__238626__0163__r0.wav,thunderstorm,FSD50K-dev-238626-thunderstorm,FSD50K,dev,238626,238626.wav,0
train,thunderstorm__fsd50k__dev__238689__0164__r0.wav,thunderstorm,FSD50K-dev-238689-thunderstorm,FSD50K,dev,238689,238689.wav,0
train,thunderstorm__fsd50k__dev__238690__0165__r0.wav,thunderstorm,FSD50K-dev-238690-thunderstorm,FSD50K,dev,238690,238690.wav,0
train,thunderstorm__fsd50k__dev__238791__0166__r0.wav,thunderstorm,FSD50K-dev-238791-thunderstorm,FSD50K,dev,238791,238791.wav,0
train,thunderstorm__fsd50k__dev__238793__0167__r0.wav,thunderstorm,FSD50K-dev-238793-thunderstorm,FSD50K,dev,238793,238793.wav,0
train,thunderstorm__fsd50k__dev__238794__0168__r0.wav,thunderstorm,FSD50K-dev-238794-thunderstorm,FSD50K,dev,238794,238794.wav,0
train,thunderstorm__fsd50k__dev__238806__0169__r0.wav,thunderstorm,FSD50K-dev-238806-thunderstorm,FSD50K,dev,238806,238806.wav,0
train,thunderstorm__fsd50k__dev__240368__0170__r0.wav,thunderstorm,FSD50K-dev-240368-thunderstorm,FSD50K,dev,240368,240368.wav,0
train,thunderstorm__fsd50k__dev__240790__0171__r0.wav,thunderstorm,FSD50K-dev-240790-thunderstorm,FSD50K,dev,240790,240790.wav,0
train,thunderstorm__fsd50k__dev__240791__0172__r0.wav,thunderstorm,FSD50K-dev-240791-thunderstorm,FSD50K,dev,240791,240791.wav,0
train,thunderstorm__fsd50k__dev__240792__0173__r0.wav,thunderstorm,FSD50K-dev-240792-thunderstorm,FSD50K,dev,240792,240792.wav,0
train,thunderstorm__fsd50k__dev__240793__0174__r0.wav,thunderstorm,FSD50K-dev-240793-thunderstorm,FSD50K,dev,240793,240793.wav,0
train,thunderstorm__fsd50k__dev__242013__0175__r0.wav,thunderstorm,FSD50K-dev-242013-thunderstorm,FSD50K,dev,242013,242013.wav,0
train,thunderstorm__fsd50k__dev__242014__0176__r0.wav,thunderstorm,FSD50K-dev-242014-thunderstorm,FSD50K,dev,242014,242014.wav,0
train,thunderstorm__fsd50k__dev__242015__0177__r0.wav,thunderstorm,FSD50K-dev-242015-thunderstorm,FSD50K,dev,242015,242015.wav,0
train,thunderstorm__fsd50k__dev__242016__0178__r0.wav,thunderstorm,FSD50K-dev-242016-thunderstorm,FSD50K,dev,242016,242016.wav,0
train,thunderstorm__fsd50k__dev__242017__0179__r0.wav,thunderstorm,FSD50K-dev-242017-thunderstorm,FSD50K,dev,242017,242017.wav,0
train,thunderstorm__fsd50k__dev__242018__0180__r0.wav,thunderstorm,FSD50K-dev-242018-thunderstorm,FSD50K,dev,242018,242018.wav,0
train,thunderstorm__fsd50k__dev__242603__0181__r0.wav,thunderstorm,FSD50K-dev-242603-thunderstorm,FSD50K,dev,242603,242603.wav,0
train,thunderstorm__fsd50k__dev__243778__0182__r0.wav,thunderstorm,FSD50K-dev-243778-thunderstorm,FSD50K,dev,243778,243778.wav,0
train,thunderstorm__fsd50k__dev__243779__0183__r0.wav,thunderstorm,FSD50K-dev-243779-thunderstorm,FSD50K,dev,243779,243779.wav,0
train,thunderstorm__fsd50k__dev__243780__0184__r0.wav,thunderstorm,FSD50K-dev-243780-thunderstorm,FSD50K,dev,243780,243780.wav,0
train,thunderstorm__fsd50k__dev__244053__0185__r0.wav,thunderstorm,FSD50K-dev-244053-thunderstorm,FSD50K,dev,244053,244053.wav,0
train,thunderstorm__fsd50k__dev__244054__0186__r0.wav,thunderstorm,FSD50K-dev-244054-thunderstorm,FSD50K,dev,244054,244054.wav,0
train,thunderstorm__fsd50k__dev__244581__0187__r0.wav,thunderstorm,FSD50K-dev-244581-thunderstorm,FSD50K,dev,244581,244581.wav,0
train,thunderstorm__fsd50k__dev__249508__0188__r0.wav,thunderstorm,FSD50K-dev-249508-thunderstorm,FSD50K,dev,249508,249508.wav,0
train,thunderstorm__fsd50k__dev__249950__0189__r0.wav,thunderstorm,FSD50K-dev-249950-thunderstorm,FSD50K,dev,249950,249950.wav,0
train,thunderstorm__fsd50k__dev__250107__0190__r0.wav,thunderstorm,FSD50K-dev-250107-thunderstorm,FSD50K,dev,250107,250107.wav,0
train,thunderstorm__fsd50k__dev__251629__0191__r0.wav,thunderstorm,FSD50K-dev-251629-thunderstorm,FSD50K,dev,251629,251629.wav,0
validation,siren__esc50__fold_4__102871__0000__r0.wav,siren,ESC50-4-4-102871-A-42.wav,ESC-50,fold_4,102871,4-102871-A-42.wav,0
validation,siren__esc50__fold_4__111671__0001__r0.wav,siren,ESC50-4-4-111671-A-42.wav,ESC-50,fold_4,111671,4-111671-A-42.wav,0
validation,siren__esc50__fold_4__111671__0002__r0.wav,siren,ESC50-4-4-111671-B-42.wav,ESC-50,fold_4,111671,4-111671-B-42.wav,0
validation,siren__esc50__fold_4__121532__0003__r0.wav,siren,ESC50-4-4-121532-A-42.wav,ESC-50,fold_4,121532,4-121532-A-42.wav,0
validation,siren__esc50__fold_4__67358__0004__r0.wav,siren,ESC50-4-4-67358-A-42.wav,ESC-50,fold_4,67358,4-67358-A-42.wav,0
validation,siren__esc50__fold_4__80761__0005__r0.wav,siren,ESC50-4-4-80761-A-42.wav,ESC-50,fold_4,80761,4-80761-A-42.wav,0
validation,siren__esc50__fold_4__90014__0006__r0.wav,siren,ESC50-4-4-90014-A-42.wav,ESC-50,fold_4,90014,4-90014-A-42.wav,0
validation,siren__esc50__fold_4__90014__0007__r0.wav,siren,ESC50-4-4-90014-B-42.wav,ESC-50,fold_4,90014,4-90014-B-42.wav,0
validation,siren__fsd50k__dev__181601__0008__r0.wav,siren,FSD50K-dev-181601-siren,FSD50K,dev,181601,181601.wav,0
validation,siren__fsd50k__dev__268221__0009__r0.wav,siren,FSD50K-dev-268221-siren,FSD50K,dev,268221,268221.wav,0
validation,siren__fsd50k__dev__320767__0010__r0.wav,siren,FSD50K-dev-320767-siren,FSD50K,dev,320767,320767.wav,0
validation,siren__fsd50k__dev__324275__0011__r0.wav,siren,FSD50K-dev-324275-siren,FSD50K,dev,324275,324275.wav,0
validation,siren__fsd50k__dev__34733__0012__r0.wav,siren,FSD50K-dev-34733-siren,FSD50K,dev,34733,34733.wav,0
validation,siren__fsd50k__dev__34952__0013__r0.wav,siren,FSD50K-dev-34952-siren,FSD50K,dev,34952,34952.wav,0
validation,siren__fsd50k__dev__353265__0014__r0.wav,siren,FSD50K-dev-353265-siren,FSD50K,dev,353265,353265.wav,0
validation,siren__fsd50k__dev__353956__0015__r0.wav,siren,FSD50K-dev-353956-siren,FSD50K,dev,353956,353956.wav,0
validation,siren__fsd50k__dev__382620__0016__r0.wav,siren,FSD50K-dev-382620-siren,FSD50K,dev,382620,382620.wav,0
validation,siren__fsd50k__dev__388972__0017__r0.wav,siren,FSD50K-dev-388972-siren,FSD50K,dev,388972,388972.wav,0
validation,siren__fsd50k__dev__421017__0018__r0.wav,siren,FSD50K-dev-421017-siren,FSD50K,dev,421017,421017.wav,0
validation,siren__fsd50k__dev__62878__0019__r0.wav,siren,FSD50K-dev-62878-siren,FSD50K,dev,62878,62878.wav,0
validation,chainsaw__esc50__fold_4__149294__0000__r0.wav,chainsaw,ESC50-4-4-149294-A-41.wav,ESC-50,fold_4,149294,4-149294-A-41.wav,0
validation,chainsaw__esc50__fold_4__149294__0001__r0.wav,chainsaw,ESC50-4-4-149294-B-41.wav,ESC-50,fold_4,149294,4-149294-B-41.wav,0
validation,chainsaw__esc50__fold_4__157611__0002__r0.wav,chainsaw,ESC50-4-4-157611-A-41.wav,ESC-50,fold_4,157611,4-157611-A-41.wav,0
validation,chainsaw__esc50__fold_4__157611__0003__r0.wav,chainsaw,ESC50-4-4-157611-B-41.wav,ESC-50,fold_4,157611,4-157611-B-41.wav,0
validation,chainsaw__esc50__fold_4__165823__0004__r0.wav,chainsaw,ESC50-4-4-165823-A-41.wav,ESC-50,fold_4,165823,4-165823-A-41.wav,0
validation,chainsaw__esc50__fold_4__165823__0005__r0.wav,chainsaw,ESC50-4-4-165823-B-41.wav,ESC-50,fold_4,165823,4-165823-B-41.wav,0
validation,chainsaw__esc50__fold_4__169127__0006__r0.wav,chainsaw,ESC50-4-4-169127-A-41.wav,ESC-50,fold_4,169127,4-169127-A-41.wav,0
validation,chainsaw__esc50__fold_4__169127__0007__r0.wav,chainsaw,ESC50-4-4-169127-B-41.wav,ESC-50,fold_4,169127,4-169127-B-41.wav,0
validation,gunshot_gunfire__fsd50k__dev__100465__0000__r0.wav,gunshot_gunfire,FSD50K-dev-100465-gunshot_gunfire,FSD50K,dev,100465,100465.wav,0
validation,gunshot_gunfire__fsd50k__dev__115295__0001__r0.wav,gunshot_gunfire,FSD50K-dev-115295-gunshot_gunfire,FSD50K,dev,115295,115295.wav,0
validation,gunshot_gunfire__fsd50k__dev__128979__0002__r0.wav,gunshot_gunfire,FSD50K-dev-128979-gunshot_gunfire,FSD50K,dev,128979,128979.wav,0
validation,gunshot_gunfire__fsd50k__dev__128981__0003__r0.wav,gunshot_gunfire,FSD50K-dev-128981-gunshot_gunfire,FSD50K,dev,128981,128981.wav,0
validation,gunshot_gunfire__fsd50k__dev__137034__0004__r0.wav,gunshot_gunfire,FSD50K-dev-137034-gunshot_gunfire,FSD50K,dev,137034,137034.wav,0
validation,gunshot_gunfire__fsd50k__dev__138679__0005__r0.wav,gunshot_gunfire,FSD50K-dev-138679-gunshot_gunfire,FSD50K,dev,138679,138679.wav,0
validation,gunshot_gunfire__fsd50k__dev__146323__0006__r0.wav,gunshot_gunfire,FSD50K-dev-146323-gunshot_gunfire,FSD50K,dev,146323,146323.wav,0
validation,gunshot_gunfire__fsd50k__dev__147317__0007__r0.wav,gunshot_gunfire,FSD50K-dev-147317-gunshot_gunfire,FSD50K,dev,147317,147317.wav,0
validation,gunshot_gunfire__fsd50k__dev__147901__0008__r0.wav,gunshot_gunfire,FSD50K-dev-147901-gunshot_gunfire,FSD50K,dev,147901,147901.wav,0
validation,gunshot_gunfire__fsd50k__dev__148166__0009__r0.wav,gunshot_gunfire,FSD50K-dev-148166-gunshot_gunfire,FSD50K,dev,148166,148166.wav,0
validation,gunshot_gunfire__fsd50k__dev__149177__0010__r0.wav,gunshot_gunfire,FSD50K-dev-149177-gunshot_gunfire,FSD50K,dev,149177,149177.wav,0
validation,gunshot_gunfire__fsd50k__dev__150139__0011__r0.wav,gunshot_gunfire,FSD50K-dev-150139-gunshot_gunfire,FSD50K,dev,150139,150139.wav,0
validation,gunshot_gunfire__fsd50k__dev__155654__0012__r0.wav,gunshot_gunfire,FSD50K-dev-155654-gunshot_gunfire,FSD50K,dev,155654,155654.wav,0
validation,gunshot_gunfire__fsd50k__dev__155790__0013__r0.wav,gunshot_gunfire,FSD50K-dev-155790-gunshot_gunfire,FSD50K,dev,155790,155790.wav,0
validation,gunshot_gunfire__fsd50k__dev__156904__0014__r0.wav,gunshot_gunfire,FSD50K-dev-156904-gunshot_gunfire,FSD50K,dev,156904,156904.wav,0
validation,gunshot_gunfire__fsd50k__dev__160590__0015__r0.wav,gunshot_gunfire,FSD50K-dev-160590-gunshot_gunfire,FSD50K,dev,160590,160590.wav,0
validation,gunshot_gunfire__fsd50k__dev__161195__0016__r0.wav,gunshot_gunfire,FSD50K-dev-161195-gunshot_gunfire,FSD50K,dev,161195,161195.wav,0
validation,gunshot_gunfire__fsd50k__dev__161475__0017__r0.wav,gunshot_gunfire,FSD50K-dev-161475-gunshot_gunfire,FSD50K,dev,161475,161475.wav,0
validation,gunshot_gunfire__fsd50k__dev__162455__0018__r0.wav,gunshot_gunfire,FSD50K-dev-162455-gunshot_gunfire,FSD50K,dev,162455,162455.wav,0
validation,gunshot_gunfire__fsd50k__dev__164020__0019__r0.wav,gunshot_gunfire,FSD50K-dev-164020-gunshot_gunfire,FSD50K,dev,164020,164020.wav,0
validation,gunshot_gunfire__fsd50k__dev__165795__0020__r0.wav,gunshot_gunfire,FSD50K-dev-165795-gunshot_gunfire,FSD50K,dev,165795,165795.wav,0
validation,gunshot_gunfire__fsd50k__dev__180961__0021__r0.wav,gunshot_gunfire,FSD50K-dev-180961-gunshot_gunfire,FSD50K,dev,180961,180961.wav,0
validation,gunshot_gunfire__fsd50k__dev__184651__0022__r0.wav,gunshot_gunfire,FSD50K-dev-184651-gunshot_gunfire,FSD50K,dev,184651,184651.wav,0
validation,gunshot_gunfire__fsd50k__dev__187534__0023__r0.wav,gunshot_gunfire,FSD50K-dev-187534-gunshot_gunfire,FSD50K,dev,187534,187534.wav,0
validation,gunshot_gunfire__fsd50k__dev__197322__0024__r0.wav,gunshot_gunfire,FSD50K-dev-197322-gunshot_gunfire,FSD50K,dev,197322,197322.wav,0
validation,gunshot_gunfire__fsd50k__dev__198952__0025__r0.wav,gunshot_gunfire,FSD50K-dev-198952-gunshot_gunfire,FSD50K,dev,198952,198952.wav,0
validation,gunshot_gunfire__fsd50k__dev__201667__0026__r0.wav,gunshot_gunfire,FSD50K-dev-201667-gunshot_gunfire,FSD50K,dev,201667,201667.wav,0
validation,gunshot_gunfire__fsd50k__dev__212600__0027__r0.wav,gunshot_gunfire,FSD50K-dev-212600-gunshot_gunfire,FSD50K,dev,212600,212600.wav,0
validation,gunshot_gunfire__fsd50k__dev__212602__0028__r0.wav,gunshot_gunfire,FSD50K-dev-212602-gunshot_gunfire,FSD50K,dev,212602,212602.wav,0
validation,gunshot_gunfire__fsd50k__dev__217805__0029__r0.wav,gunshot_gunfire,FSD50K-dev-217805-gunshot_gunfire,FSD50K,dev,217805,217805.wav,0
validation,gunshot_gunfire__fsd50k__dev__220612__0030__r0.wav,gunshot_gunfire,FSD50K-dev-220612-gunshot_gunfire,FSD50K,dev,220612,220612.wav,0
validation,gunshot_gunfire__fsd50k__dev__220613__0031__r0.wav,gunshot_gunfire,FSD50K-dev-220613-gunshot_gunfire,FSD50K,dev,220613,220613.wav,0
validation,gunshot_gunfire__fsd50k__dev__221640__0032__r0.wav,gunshot_gunfire,FSD50K-dev-221640-gunshot_gunfire,FSD50K,dev,221640,221640.wav,0
validation,gunshot_gunfire__fsd50k__dev__238159__0033__r0.wav,gunshot_gunfire,FSD50K-dev-238159-gunshot_gunfire,FSD50K,dev,238159,238159.wav,0
validation,gunshot_gunfire__fsd50k__dev__255216__0034__r0.wav,gunshot_gunfire,FSD50K-dev-255216-gunshot_gunfire,FSD50K,dev,255216,255216.wav,0
validation,gunshot_gunfire__fsd50k__dev__257963__0035__r0.wav,gunshot_gunfire,FSD50K-dev-257963-gunshot_gunfire,FSD50K,dev,257963,257963.wav,0
validation,gunshot_gunfire__fsd50k__dev__260939__0036__r0.wav,gunshot_gunfire,FSD50K-dev-260939-gunshot_gunfire,FSD50K,dev,260939,260939.wav,0
validation,gunshot_gunfire__fsd50k__dev__266105__0037__r0.wav,gunshot_gunfire,FSD50K-dev-266105-gunshot_gunfire,FSD50K,dev,266105,266105.wav,0
validation,gunshot_gunfire__fsd50k__dev__273303__0038__r0.wav,gunshot_gunfire,FSD50K-dev-273303-gunshot_gunfire,FSD50K,dev,273303,273303.wav,0
validation,gunshot_gunfire__fsd50k__dev__329716__0039__r0.wav,gunshot_gunfire,FSD50K-dev-329716-gunshot_gunfire,FSD50K,dev,329716,329716.wav,0
validation,gunshot_gunfire__fsd50k__dev__345844__0040__r0.wav,gunshot_gunfire,FSD50K-dev-345844-gunshot_gunfire,FSD50K,dev,345844,345844.wav,0
validation,gunshot_gunfire__fsd50k__dev__350264__0041__r0.wav,gunshot_gunfire,FSD50K-dev-350264-gunshot_gunfire,FSD50K,dev,350264,350264.wav,0
validation,gunshot_gunfire__fsd50k__dev__353093__0042__r0.wav,gunshot_gunfire,FSD50K-dev-353093-gunshot_gunfire,FSD50K,dev,353093,353093.wav,0
validation,gunshot_gunfire__fsd50k__dev__35799__0043__r0.wav,gunshot_gunfire,FSD50K-dev-35799-gunshot_gunfire,FSD50K,dev,35799,35799.wav,0
validation,gunshot_gunfire__fsd50k__dev__35800__0044__r0.wav,gunshot_gunfire,FSD50K-dev-35800-gunshot_gunfire,FSD50K,dev,35800,35800.wav,0
validation,gunshot_gunfire__fsd50k__dev__36815__0045__r0.wav,gunshot_gunfire,FSD50K-dev-36815-gunshot_gunfire,FSD50K,dev,36815,36815.wav,0
validation,gunshot_gunfire__fsd50k__dev__368736__0046__r0.wav,gunshot_gunfire,FSD50K-dev-368736-gunshot_gunfire,FSD50K,dev,368736,368736.wav,0
validation,gunshot_gunfire__fsd50k__dev__368805__0047__r0.wav,gunshot_gunfire,FSD50K-dev-368805-gunshot_gunfire,FSD50K,dev,368805,368805.wav,0
validation,gunshot_gunfire__fsd50k__dev__369124__0048__r0.wav,gunshot_gunfire,FSD50K-dev-369124-gunshot_gunfire,FSD50K,dev,369124,369124.wav,0
validation,gunshot_gunfire__fsd50k__dev__369126__0049__r0.wav,gunshot_gunfire,FSD50K-dev-369126-gunshot_gunfire,FSD50K,dev,369126,369126.wav,0
validation,gunshot_gunfire__fsd50k__dev__369395__0050__r0.wav,gunshot_gunfire,FSD50K-dev-369395-gunshot_gunfire,FSD50K,dev,369395,369395.wav,0
validation,gunshot_gunfire__fsd50k__dev__371158__0051__r0.wav,gunshot_gunfire,FSD50K-dev-371158-gunshot_gunfire,FSD50K,dev,371158,371158.wav,0
validation,gunshot_gunfire__fsd50k__dev__52593__0052__r0.wav,gunshot_gunfire,FSD50K-dev-52593-gunshot_gunfire,FSD50K,dev,52593,52593.wav,0
validation,gunshot_gunfire__fsd50k__dev__89147__0053__r0.wav,gunshot_gunfire,FSD50K-dev-89147-gunshot_gunfire,FSD50K,dev,89147,89147.wav,0
validation,screaming__fsd50k__dev__132738__0000__r0.wav,screaming,FSD50K-dev-132738-screaming,FSD50K,dev,132738,132738.wav,0
validation,screaming__fsd50k__dev__139086__0001__r0.wav,screaming,FSD50K-dev-139086-screaming,FSD50K,dev,139086,139086.wav,0
validation,screaming__fsd50k__dev__139087__0002__r0.wav,screaming,FSD50K-dev-139087-screaming,FSD50K,dev,139087,139087.wav,0
validation,screaming__fsd50k__dev__144435__0003__r0.wav,screaming,FSD50K-dev-144435-screaming,FSD50K,dev,144435,144435.wav,0
validation,screaming__fsd50k__dev__145801__0004__r0.wav,screaming,FSD50K-dev-145801-screaming,FSD50K,dev,145801,145801.wav,0
validation,screaming__fsd50k__dev__149825__0005__r0.wav,screaming,FSD50K-dev-149825-screaming,FSD50K,dev,149825,149825.wav,0
validation,screaming__fsd50k__dev__169628__0006__r0.wav,screaming,FSD50K-dev-169628-screaming,FSD50K,dev,169628,169628.wav,0
validation,screaming__fsd50k__dev__169810__0007__r0.wav,screaming,FSD50K-dev-169810-screaming,FSD50K,dev,169810,169810.wav,0
validation,screaming__fsd50k__dev__169811__0008__r0.wav,screaming,FSD50K-dev-169811-screaming,FSD50K,dev,169811,169811.wav,0
validation,screaming__fsd50k__dev__175385__0009__r0.wav,screaming,FSD50K-dev-175385-screaming,FSD50K,dev,175385,175385.wav,0
validation,screaming__fsd50k__dev__175389__0010__r0.wav,screaming,FSD50K-dev-175389-screaming,FSD50K,dev,175389,175389.wav,0
validation,screaming__fsd50k__dev__178105__0011__r0.wav,screaming,FSD50K-dev-178105-screaming,FSD50K,dev,178105,178105.wav,0
validation,screaming__fsd50k__dev__219858__0012__r0.wav,screaming,FSD50K-dev-219858-screaming,FSD50K,dev,219858,219858.wav,0
validation,screaming__fsd50k__dev__219868__0013__r0.wav,screaming,FSD50K-dev-219868-screaming,FSD50K,dev,219868,219868.wav,0
validation,screaming__fsd50k__dev__219871__0014__r0.wav,screaming,FSD50K-dev-219871-screaming,FSD50K,dev,219871,219871.wav,0
validation,screaming__fsd50k__dev__219882__0015__r0.wav,screaming,FSD50K-dev-219882-screaming,FSD50K,dev,219882,219882.wav,0
validation,screaming__fsd50k__dev__219883__0016__r0.wav,screaming,FSD50K-dev-219883-screaming,FSD50K,dev,219883,219883.wav,0
validation,screaming__fsd50k__dev__220365__0017__r0.wav,screaming,FSD50K-dev-220365-screaming,FSD50K,dev,220365,220365.wav,0
validation,screaming__fsd50k__dev__220368__0018__r0.wav,screaming,FSD50K-dev-220368-screaming,FSD50K,dev,220368,220368.wav,0
validation,screaming__fsd50k__dev__220617__0019__r0.wav,screaming,FSD50K-dev-220617-screaming,FSD50K,dev,220617,220617.wav,0
validation,screaming__fsd50k__dev__220619__0020__r0.wav,screaming,FSD50K-dev-220619-screaming,FSD50K,dev,220619,220619.wav,0
validation,screaming__fsd50k__dev__239902__0021__r0.wav,screaming,FSD50K-dev-239902-screaming,FSD50K,dev,239902,239902.wav,0
validation,screaming__fsd50k__dev__256494__0022__r0.wav,screaming,FSD50K-dev-256494-screaming,FSD50K,dev,256494,256494.wav,0
validation,screaming__fsd50k__dev__27225__0023__r0.wav,screaming,FSD50K-dev-27225-screaming,FSD50K,dev,27225,27225.wav,0
validation,screaming__fsd50k__dev__350605__0024__r0.wav,screaming,FSD50K-dev-350605-screaming,FSD50K,dev,350605,350605.wav,0
validation,screaming__fsd50k__dev__384213__0025__r0.wav,screaming,FSD50K-dev-384213-screaming,FSD50K,dev,384213,384213.wav,0
validation,screaming__fsd50k__dev__391358__0026__r0.wav,screaming,FSD50K-dev-391358-screaming,FSD50K,dev,391358,391358.wav,0
validation,screaming__fsd50k__dev__391362__0027__r0.wav,screaming,FSD50K-dev-391362-screaming,FSD50K,dev,391362,391362.wav,0
validation,screaming__fsd50k__dev__394282__0028__r0.wav,screaming,FSD50K-dev-394282-screaming,FSD50K,dev,394282,394282.wav,0
validation,screaming__fsd50k__dev__395736__0029__r0.wav,screaming,FSD50K-dev-395736-screaming,FSD50K,dev,395736,395736.wav,0
validation,screaming__fsd50k__dev__396799__0030__r0.wav,screaming,FSD50K-dev-396799-screaming,FSD50K,dev,396799,396799.wav,0
validation,screaming__fsd50k__dev__399675__0031__r0.wav,screaming,FSD50K-dev-399675-screaming,FSD50K,dev,399675,399675.wav,0
validation,screaming__fsd50k__dev__403057__0032__r0.wav,screaming,FSD50K-dev-403057-screaming,FSD50K,dev,403057,403057.wav,0
validation,screaming__fsd50k__dev__416732__0033__r0.wav,screaming,FSD50K-dev-416732-screaming,FSD50K,dev,416732,416732.wav,0
validation,screaming__fsd50k__dev__63632__0034__r0.wav,screaming,FSD50K-dev-63632-screaming,FSD50K,dev,63632,63632.wav,0
validation,screaming__fsd50k__dev__63637__0035__r0.wav,screaming,FSD50K-dev-63637-screaming,FSD50K,dev,63637,63637.wav,0
validation,screaming__fsd50k__dev__63641__0036__r0.wav,screaming,FSD50K-dev-63641-screaming,FSD50K,dev,63641,63641.wav,0
validation,screaming__fsd50k__dev__89362__0037__r0.wav,screaming,FSD50K-dev-89362-screaming,FSD50K,dev,89362,89362.wav,0
validation,screaming__fsd50k__dev__9704__0038__r0.wav,screaming,FSD50K-dev-9704-screaming,FSD50K,dev,9704,9704.wav,0
validation,screaming__fsd50k__dev__9706__0039__r0.wav,screaming,FSD50K-dev-9706-screaming,FSD50K,dev,9706,9706.wav,0
validation,thunderstorm__esc50__fold_4__125070__0000__r0.wav,thunderstorm,ESC50-4-4-125070-A-19.wav,ESC-50,fold_4,125070,4-125070-A-19.wav,0
validation,thunderstorm__esc50__fold_4__125071__0001__r0.wav,thunderstorm,ESC50-4-4-125071-A-19.wav,ESC-50,fold_4,125071,4-125071-A-19.wav,0
validation,thunderstorm__esc50__fold_4__125072__0002__r0.wav,thunderstorm,ESC50-4-4-125072-A-19.wav,ESC-50,fold_4,125072,4-125072-A-19.wav,0
validation,thunderstorm__esc50__fold_4__125072__0003__r0.wav,thunderstorm,ESC50-4-4-125072-B-19.wav,ESC-50,fold_4,125072,4-125072-B-19.wav,0
validation,thunderstorm__esc50__fold_4__156993__0004__r0.wav,thunderstorm,ESC50-4-4-156993-A-19.wav,ESC-50,fold_4,156993,4-156993-A-19.wav,0
validation,thunderstorm__esc50__fold_4__161519__0005__r0.wav,thunderstorm,ESC50-4-4-161519-A-19.wav,ESC-50,fold_4,161519,4-161519-A-19.wav,0
validation,thunderstorm__esc50__fold_4__165813__0006__r0.wav,thunderstorm,ESC50-4-4-165813-A-19.wav,ESC-50,fold_4,165813,4-165813-A-19.wav,0
validation,thunderstorm__esc50__fold_4__165813__0007__r0.wav,thunderstorm,ESC50-4-4-165813-B-19.wav,ESC-50,fold_4,165813,4-165813-B-19.wav,0
validation,thunderstorm__fsd50k__dev__124587__0008__r0.wav,thunderstorm,FSD50K-dev-124587-thunderstorm,FSD50K,dev,124587,124587.wav,0
validation,thunderstorm__fsd50k__dev__125634__0009__r0.wav,thunderstorm,FSD50K-dev-125634-thunderstorm,FSD50K,dev,125634,125634.wav,0
validation,thunderstorm__fsd50k__dev__128343__0010__r0.wav,thunderstorm,FSD50K-dev-128343-thunderstorm,FSD50K,dev,128343,128343.wav,0
validation,thunderstorm__fsd50k__dev__135104__0011__r0.wav,thunderstorm,FSD50K-dev-135104-thunderstorm,FSD50K,dev,135104,135104.wav,0
validation,thunderstorm__fsd50k__dev__155833__0012__r0.wav,thunderstorm,FSD50K-dev-155833-thunderstorm,FSD50K,dev,155833,155833.wav,0
validation,thunderstorm__fsd50k__dev__163287__0013__r0.wav,thunderstorm,FSD50K-dev-163287-thunderstorm,FSD50K,dev,163287,163287.wav,0
validation,thunderstorm__fsd50k__dev__165299__0014__r0.wav,thunderstorm,FSD50K-dev-165299-thunderstorm,FSD50K,dev,165299,165299.wav,0
validation,thunderstorm__fsd50k__dev__165874__0015__r0.wav,thunderstorm,FSD50K-dev-165874-thunderstorm,FSD50K,dev,165874,165874.wav,0
validation,thunderstorm__fsd50k__dev__186907__0016__r0.wav,thunderstorm,FSD50K-dev-186907-thunderstorm,FSD50K,dev,186907,186907.wav,0
validation,thunderstorm__fsd50k__dev__189794__0017__r0.wav,thunderstorm,FSD50K-dev-189794-thunderstorm,FSD50K,dev,189794,189794.wav,0
validation,thunderstorm__fsd50k__dev__191992__0018__r0.wav,thunderstorm,FSD50K-dev-191992-thunderstorm,FSD50K,dev,191992,191992.wav,0
validation,thunderstorm__fsd50k__dev__193170__0019__r0.wav,thunderstorm,FSD50K-dev-193170-thunderstorm,FSD50K,dev,193170,193170.wav,0
validation,thunderstorm__fsd50k__dev__194849__0020__r0.wav,thunderstorm,FSD50K-dev-194849-thunderstorm,FSD50K,dev,194849,194849.wav,0
validation,thunderstorm__fsd50k__dev__195344__0021__r0.wav,thunderstorm,FSD50K-dev-195344-thunderstorm,FSD50K,dev,195344,195344.wav,0
validation,thunderstorm__fsd50k__dev__195738__0022__r0.wav,thunderstorm,FSD50K-dev-195738-thunderstorm,FSD50K,dev,195738,195738.wav,0
validation,thunderstorm__fsd50k__dev__198496__0023__r0.wav,thunderstorm,FSD50K-dev-198496-thunderstorm,FSD50K,dev,198496,198496.wav,0
validation,thunderstorm__fsd50k__dev__203721__0024__r0.wav,thunderstorm,FSD50K-dev-203721-thunderstorm,FSD50K,dev,203721,203721.wav,0
validation,thunderstorm__fsd50k__dev__203830__0025__r0.wav,thunderstorm,FSD50K-dev-203830-thunderstorm,FSD50K,dev,203830,203830.wav,0
validation,thunderstorm__fsd50k__dev__205832__0026__r0.wav,thunderstorm,FSD50K-dev-205832-thunderstorm,FSD50K,dev,205832,205832.wav,0
validation,thunderstorm__fsd50k__dev__210044__0027__r0.wav,thunderstorm,FSD50K-dev-210044-thunderstorm,FSD50K,dev,210044,210044.wav,0
validation,thunderstorm__fsd50k__dev__21847__0028__r0.wav,thunderstorm,FSD50K-dev-21847-thunderstorm,FSD50K,dev,21847,21847.wav,0
validation,thunderstorm__fsd50k__dev__22033__0029__r0.wav,thunderstorm,FSD50K-dev-22033-thunderstorm,FSD50K,dev,22033,22033.wav,0
validation,thunderstorm__fsd50k__dev__222601__0030__r0.wav,thunderstorm,FSD50K-dev-222601-thunderstorm,FSD50K,dev,222601,222601.wav,0
validation,thunderstorm__fsd50k__dev__22874__0031__r0.wav,thunderstorm,FSD50K-dev-22874-thunderstorm,FSD50K,dev,22874,22874.wav,0
validation,thunderstorm__fsd50k__dev__237519__0032__r0.wav,thunderstorm,FSD50K-dev-237519-thunderstorm,FSD50K,dev,237519,237519.wav,0
validation,thunderstorm__fsd50k__dev__242048__0033__r0.wav,thunderstorm,FSD50K-dev-242048-thunderstorm,FSD50K,dev,242048,242048.wav,0
validation,thunderstorm__fsd50k__dev__242981__0034__r0.wav,thunderstorm,FSD50K-dev-242981-thunderstorm,FSD50K,dev,242981,242981.wav,0
validation,thunderstorm__fsd50k__dev__243757__0035__r0.wav,thunderstorm,FSD50K-dev-243757-thunderstorm,FSD50K,dev,243757,243757.wav,0
validation,thunderstorm__fsd50k__dev__243965__0036__r0.wav,thunderstorm,FSD50K-dev-243965-thunderstorm,FSD50K,dev,243965,243965.wav,0
validation,thunderstorm__fsd50k__dev__243968__0037__r0.wav,thunderstorm,FSD50K-dev-243968-thunderstorm,FSD50K,dev,243968,243968.wav,0
validation,thunderstorm__fsd50k__dev__244693__0038__r0.wav,thunderstorm,FSD50K-dev-244693-thunderstorm,FSD50K,dev,244693,244693.wav,0
validation,thunderstorm__fsd50k__dev__248110__0039__r0.wav,thunderstorm,FSD50K-dev-248110-thunderstorm,FSD50K,dev,248110,248110.wav,0
validation,thunderstorm__fsd50k__dev__253763__0040__r0.wav,thunderstorm,FSD50K-dev-253763-thunderstorm,FSD50K,dev,253763,253763.wav,0
validation,thunderstorm__fsd50k__dev__259316__0041__r0.wav,thunderstorm,FSD50K-dev-259316-thunderstorm,FSD50K,dev,259316,259316.wav,0
validation,thunderstorm__fsd50k__dev__29675__0042__r0.wav,thunderstorm,FSD50K-dev-29675-thunderstorm,FSD50K,dev,29675,29675.wav,0
validation,thunderstorm__fsd50k__dev__31452__0043__r0.wav,thunderstorm,FSD50K-dev-31452-thunderstorm,FSD50K,dev,31452,31452.wav,0
validation,thunderstorm__fsd50k__dev__328391__0044__r0.wav,thunderstorm,FSD50K-dev-328391-thunderstorm,FSD50K,dev,328391,328391.wav,0
validation,thunderstorm__fsd50k__dev__33246__0045__r0.wav,thunderstorm,FSD50K-dev-33246-thunderstorm,FSD50K,dev,33246,33246.wav,0
validation,thunderstorm__fsd50k__dev__341960__0046__r0.wav,thunderstorm,FSD50K-dev-341960-thunderstorm,FSD50K,dev,341960,341960.wav,0
validation,thunderstorm__fsd50k__dev__344434__0047__r0.wav,thunderstorm,FSD50K-dev-344434-thunderstorm,FSD50K,dev,344434,344434.wav,0
validation,thunderstorm__fsd50k__dev__344435__0048__r0.wav,thunderstorm,FSD50K-dev-344435-thunderstorm,FSD50K,dev,344435,344435.wav,0
validation,thunderstorm__fsd50k__dev__345920__0049__r0.wav,thunderstorm,FSD50K-dev-345920-thunderstorm,FSD50K,dev,345920,345920.wav,0
validation,thunderstorm__fsd50k__dev__359151__0050__r0.wav,thunderstorm,FSD50K-dev-359151-thunderstorm,FSD50K,dev,359151,359151.wav,0
validation,thunderstorm__fsd50k__dev__363252__0051__r0.wav,thunderstorm,FSD50K-dev-363252-thunderstorm,FSD50K,dev,363252,363252.wav,0
validation,thunderstorm__fsd50k__dev__367510__0052__r0.wav,thunderstorm,FSD50K-dev-367510-thunderstorm,FSD50K,dev,367510,367510.wav,0
validation,thunderstorm__fsd50k__dev__37299__0053__r0.wav,thunderstorm,FSD50K-dev-37299-thunderstorm,FSD50K,dev,37299,37299.wav,0
validation,thunderstorm__fsd50k__dev__37304__0054__r0.wav,thunderstorm,FSD50K-dev-37304-thunderstorm,FSD50K,dev,37304,37304.wav,0
validation,thunderstorm__fsd50k__dev__375999__0055__r0.wav,thunderstorm,FSD50K-dev-375999-thunderstorm,FSD50K,dev,375999,375999.wav,0
validation,thunderstorm__fsd50k__dev__394070__0056__r0.wav,thunderstorm,FSD50K-dev-394070-thunderstorm,FSD50K,dev,394070,394070.wav,0
validation,thunderstorm__fsd50k__dev__394071__0057__r0.wav,thunderstorm,FSD50K-dev-394071-thunderstorm,FSD50K,dev,394071,394071.wav,0
validation,thunderstorm__fsd50k__dev__399870__0058__r0.wav,thunderstorm,FSD50K-dev-399870-thunderstorm,FSD50K,dev,399870,399870.wav,0
validation,thunderstorm__fsd50k__dev__414050__0059__r0.wav,thunderstorm,FSD50K-dev-414050-thunderstorm,FSD50K,dev,414050,414050.wav,0
