patch_id,clip_id,filename,actual_class,predicted_class,correct,score_dog_bark,score_glass_breaking,score_gunshot_gunfire,score_siren,score_speech,score_thunderstorm
0,0,dog_bark__esc50__fold_4__182395__0000__r0.wav,dog_bark,dog_bark,1,0.68359375,0.171875,0.09765625,0.01953125,0.03125,0.0
1,1,dog_bark__esc50__fold_4__183992__0001__r0.wav,dog_bark,dog_bark,1,0.65234375,0.0078125,0.01171875,0.015625,0.2578125,0.05078125
2,1,dog_bark__esc50__fold_4__183992__0001__r0.wav,dog_bark,dog_bark,1,0.94921875,0.0,0.00390625,0.0,0.04296875,0.0
3,1,dog_bark__esc50__fold_4__183992__0001__r0.wav,dog_bark,thunderstorm,0,0.1015625,0.02734375,0.08203125,0.02734375,0.1171875,0.6484375
4,1,dog_bark__esc50__fold_4__183992__0001__r0.wav,dog_bark,thunderstorm,0,0.03125,0.0078125,0.0234375,0.03125,0.046875,0.859375
5,1,dog_bark__esc50__fold_4__183992__0001__r0.wav,dog_bark,dog_bark,1,0.35546875,0.00390625,0.015625,0.0625,0.28125,0.28125
6,1,dog_bark__esc50__fold_4__183992__0001__r0.wav,dog_bark,dog_bark,1,0.87890625,0.0,0.00390625,0.00390625,0.109375,0.00390625
7,2,dog_bark__esc50__fold_4__184575__0002__r0.wav,dog_bark,dog_bark,1,0.796875,0.0234375,0.015625,0.0,0.16015625,0.0
8,2,dog_bark__esc50__fold_4__184575__0002__r0.wav,dog_bark,dog_bark,1,0.74609375,0.0234375,0.015625,0.0,0.2109375,0.0
9,2,dog_bark__esc50__fold_4__184575__0002__r0.wav,dog_bark,dog_bark,1,0.82421875,0.01171875,0.01171875,0.0,0.1484375,0.0
10,2,dog_bark__esc50__fold_4__184575__0002__r0.wav,dog_bark,dog_bark,1,0.54296875,0.0390625,0.0625,0.0078125,0.34375,0.0078125
11,2,dog_bark__esc50__fold_4__184575__0002__r0.wav,dog_bark,dog_bark,1,0.75390625,0.01953125,0.0078125,0.0,0.2109375,0.0
12,2,dog_bark__esc50__fold_4__184575__0002__r0.wav,dog_bark,dog_bark,1,0.703125,0.0703125,0.00390625,0.0,0.22265625,0.0
13,3,dog_bark__esc50__fold_4__191687__0003__r0.wav,dog_bark,dog_bark,1,0.94921875,0.0,0.0,0.0,0.046875,0.0
14,3,dog_bark__esc50__fold_4__191687__0003__r0.wav,dog_bark,dog_bark,1,0.84375,0.07421875,0.02734375,0.00390625,0.046875,0.0
15,3,dog_bark__esc50__fold_4__191687__0003__r0.wav,dog_bark,dog_bark,1,0.9375,0.01171875,0.0078125,0.0078125,0.03515625,0.0
16,3,dog_bark__esc50__fold_4__191687__0003__r0.wav,dog_bark,dog_bark,1,0.95703125,0.0,0.0,0.00390625,0.0390625,0.0
17,3,dog_bark__esc50__fold_4__191687__0003__r0.wav,dog_bark,dog_bark,1,0.93359375,0.01953125,0.01171875,0.0078125,0.02734375,0.0
18,4,dog_bark__esc50__fold_4__192236__0004__r0.wav,dog_bark,dog_bark,1,0.73046875,0.0078125,0.0078125,0.01171875,0.23046875,0.01171875
19,4,dog_bark__esc50__fold_4__192236__0004__r0.wav,dog_bark,dog_bark,1,0.953125,0.0,0.0,0.015625,0.03125,0.0
20,4,dog_bark__esc50__fold_4__192236__0004__r0.wav,dog_bark,dog_bark,1,0.84375,0.03515625,0.0078125,0.01953125,0.09375,0.0
21,4,dog_bark__esc50__fold_4__192236__0004__r0.wav,dog_bark,dog_bark,1,0.79296875,0.01953125,0.0078125,0.01171875,0.16015625,0.01171875
22,4,dog_bark__esc50__fold_4__192236__0004__r0.wav,dog_bark,dog_bark,1,0.83203125,0.0,0.0,0.01953125,0.1484375,0.0
23,4,dog_bark__esc50__fold_4__192236__0004__r0.wav,dog_bark,dog_bark,1,0.921875,0.0,0.0,0.01171875,0.06640625,0.0
24,5,dog_bark__esc50__fold_4__194754__0005__r0.wav,dog_bark,dog_bark,1,0.4765625,0.0546875,0.0546875,0.05859375,0.26953125,0.0859375
25,5,dog_bark__esc50__fold_4__194754__0005__r0.wav,dog_bark,speech,0,0.29296875,0.015625,0.05078125,0.18359375,0.328125,0.12890625
26,5,dog_bark__esc50__fold_4__194754__0005__r0.wav,dog_bark,dog_bark,1,0.36328125,0.015625,0.08203125,0.14453125,0.32421875,0.07421875
27,5,dog_bark__esc50__fold_4__194754__0005__r0.wav,dog_bark,dog_bark,1,0.359375,0.0234375,0.1015625,0.11328125,0.28515625,0.11328125
28,5,dog_bark__esc50__fold_4__194754__0005__r0.wav,dog_bark,dog_bark,1,0.4140625,0.01953125,0.05859375,0.08203125,0.29296875,0.1328125
29,5,dog_bark__esc50__fold_4__194754__0005__r0.wav,dog_bark,thunderstorm,0,0.0,0.00390625,0.05078125,0.03515625,0.0078125,0.90234375
30,6,dog_bark__esc50__fold_4__199261__0006__r0.wav,dog_bark,dog_bark,1,0.8671875,0.0,0.0,0.0078125,0.12109375,0.0
31,6,dog_bark__esc50__fold_4__199261__0006__r0.wav,dog_bark,speech,0,0.09765625,0.0,0.0,0.11328125,0.7890625,0.0
32,6,dog_bark__esc50__fold_4__199261__0006__r0.wav,dog_bark,dog_bark,1,0.40625,0.05859375,0.05859375,0.07421875,0.32421875,0.08203125
33,6,dog_bark__esc50__fold_4__199261__0006__r0.wav,dog_bark,dog_bark,1,0.6640625,0.046875,0.02734375,0.0078125,0.234375,0.01953125
34,6,dog_bark__esc50__fold_4__199261__0006__r0.wav,dog_bark,dog_bark,1,0.8671875,0.0,0.00390625,0.00390625,0.12109375,0.0
35,6,dog_bark__esc50__fold_4__199261__0006__r0.wav,dog_bark,dog_bark,1,0.4453125,0.125,0.078125,0.0625,0.22265625,0.0625
36,7,dog_bark__esc50__fold_4__207124__0007__r0.wav,dog_bark,dog_bark,1,0.79296875,0.0,0.00390625,0.00390625,0.19921875,0.0
37,7,dog_bark__esc50__fold_4__207124__0007__r0.wav,dog_bark,dog_bark,1,0.8203125,0.00390625,0.00390625,0.0078125,0.1640625,0.0
38,7,dog_bark__esc50__fold_4__207124__0007__r0.wav,dog_bark,dog_bark,1,0.9296875,0.0,0.0,0.01171875,0.05859375,0.0
39,7,dog_bark__esc50__fold_4__207124__0007__r0.wav,dog_bark,dog_bark,1,0.73046875,0.00390625,0.00390625,0.00390625,0.2578125,0.0
40,7,dog_bark__esc50__fold_4__207124__0007__r0.wav,dog_bark,dog_bark,1,0.76171875,0.00390625,0.01171875,0.0078125,0.21484375,0.0
41,7,dog_bark__esc50__fold_4__207124__0007__r0.wav,dog_bark,dog_bark,1,0.88671875,0.0,0.0,0.01171875,0.09765625,0.0
42,8,dog_bark__fsd50k__dev__107190__0008__r0.wav,dog_bark,dog_bark,1,0.58203125,0.0,0.0,0.00390625,0.41015625,0.0
43,9,dog_bark__fsd50k__dev__108631__0009__r0.wav,dog_bark,thunderstorm,0,0.01171875,0.00390625,0.01953125,0.2265625,0.0234375,0.71875
44,9,dog_bark__fsd50k__dev__108631__0009__r0.wav,dog_bark,thunderstorm,0,0.01171875,0.0078125,0.02734375,0.203125,0.02734375,0.72265625
45,9,dog_bark__fsd50k__dev__108631__0009__r0.wav,dog_bark,thunderstorm,0,0.03515625,0.015625,0.015625,0.26953125,0.06640625,0.6015625
46,9,dog_bark__fsd50k__dev__108631__0009__r0.wav,dog_bark,thunderstorm,0,0.01171875,0.0078125,0.01953125,0.26171875,0.04296875,0.66015625
47,9,dog_bark__fsd50k__dev__108631__0009__r0.wav,dog_bark,thunderstorm,0,0.015625,0.00390625,0.01953125,0.32421875,0.05859375,0.578125
48,9,dog_bark__fsd50k__dev__108631__0009__r0.wav,dog_bark,thunderstorm,0,0.01953125,0.00390625,0.0234375,0.37890625,0.04296875,0.53125
49,9,dog_bark__fsd50k__dev__108631__0009__r0.wav,dog_bark,thunderstorm,0,0.01171875,0.00390625,0.015625,0.3671875,0.02734375,0.578125
50,9,dog_bark__fsd50k__dev__108631__0009__r0.wav,dog_bark,siren,0,0.015625,0.00390625,0.01171875,0.5390625,0.046875,0.3828125
51,9,dog_bark__fsd50k__dev__108631__0009__r0.wav,dog_bark,siren,0,0.015625,0.0078125,0.00390625,0.65234375,0.05859375,0.26171875
52,9,dog_bark__fsd50k__dev__108631__0009__r0.wav,dog_bark,thunderstorm,0,0.00390625,0.00390625,0.0078125,0.29296875,0.03125,0.65625
53,9,dog_bark__fsd50k__dev__108631__0009__r0.wav,dog_bark,thunderstorm,0,0.0,0.0,0.01171875,0.21484375,0.01171875,0.7578125
54,9,dog_bark__fsd50k__dev__108631__0009__r0.wav,dog_bark,thunderstorm,0,0.00390625,0.0,0.1328125,0.23828125,0.01953125,0.6015625
55,9,dog_bark__fsd50k__dev__108631__0009__r0.wav,dog_bark,thunderstorm,0,0.0,0.00390625,0.14453125,0.18359375,0.01171875,0.65234375
56,10,dog_bark__fsd50k__dev__116400__0010__r0.wav,dog_bark,dog_bark,1,0.83203125,0.0,0.0,0.0,0.16796875,0.0
57,10,dog_bark__fsd50k__dev__116400__0010__r0.wav,dog_bark,dog_bark,1,0.87109375,0.0,0.0,0.00390625,0.12109375,0.0
58,10,dog_bark__fsd50k__dev__116400__0010__r0.wav,dog_bark,dog_bark,1,0.421875,0.1171875,0.1328125,0.0390625,0.23828125,0.0546875
59,10,dog_bark__fsd50k__dev__116400__0010__r0.wav,dog_bark,dog_bark,1,0.828125,0.00390625,0.0,0.00390625,0.1640625,0.0
60,10,dog_bark__fsd50k__dev__116400__0010__r0.wav,dog_bark,dog_bark,1,0.875,0.0,0.0,0.0,0.125,0.0
61,10,dog_bark__fsd50k__dev__116400__0010__r0.wav,dog_bark,dog_bark,1,0.46484375,0.1328125,0.1171875,0.02734375,0.234375,0.02734375
62,10,dog_bark__fsd50k__dev__116400__0010__r0.wav,dog_bark,thunderstorm,0,0.02734375,0.109375,0.1953125,0.015625,0.02734375,0.62109375
63,10,dog_bark__fsd50k__dev__116400__0010__r0.wav,dog_bark,dog_bark,1,0.83203125,0.0,0.0,0.00390625,0.1640625,0.0
64,10,dog_bark__fsd50k__dev__116400__0010__r0.wav,dog_bark,dog_bark,1,0.72265625,0.00390625,0.00390625,0.015625,0.25390625,0.0
65,10,dog_bark__fsd50k__dev__116400__0010__r0.wav,dog_bark,glass_breaking,0,0.16015625,0.25,0.19921875,0.0546875,0.11328125,0.22265625
66,10,dog_bark__fsd50k__dev__116400__0010__r0.wav,dog_bark,dog_bark,1,0.70703125,0.00390625,0.00390625,0.00390625,0.28125,0.0
67,10,dog_bark__fsd50k__dev__116400__0010__r0.wav,dog_bark,dog_bark,1,0.74609375,0.00390625,0.00390625,0.0078125,0.234375,0.0
68,10,dog_bark__fsd50k__dev__116400__0010__r0.wav,dog_bark,dog_bark,1,0.8359375,0.00390625,0.00390625,0.0078125,0.1484375,0.0
69,11,dog_bark__fsd50k__dev__11722__0011__r0.wav,dog_bark,dog_bark,1,0.80078125,0.015625,0.0,0.0234375,0.16015625,0.0
70,11,dog_bark__fsd50k__dev__11722__0011__r0.wav,dog_bark,glass_breaking,0,0.3046875,0.60546875,0.00390625,0.03125,0.0546875,0.0
71,12,dog_bark__fsd50k__dev__117271__0012__r0.wav,dog_bark,dog_bark,1,0.9609375,0.0,0.0,0.00390625,0.03515625,0.0
72,12,dog_bark__fsd50k__dev__117271__0012__r0.wav,dog_bark,dog_bark,1,0.8828125,0.0,0.0,0.00390625,0.109375,0.0
73,12,dog_bark__fsd50k__dev__117271__0012__r0.wav,dog_bark,dog_bark,1,0.97265625,0.0,0.0,0.0,0.02734375,0.0
74,12,dog_bark__fsd50k__dev__117271__0012__r0.wav,dog_bark,dog_bark,1,0.73046875,0.0,0.00390625,0.00390625,0.2578125,0.0
75,12,dog_bark__fsd50k__dev__117271__0012__r0.wav,dog_bark,dog_bark,1,0.94140625,0.0,0.0,0.0,0.05859375,0.0
76,12,dog_bark__fsd50k__dev__117271__0012__r0.wav,dog_bark,dog_bark,1,0.64453125,0.0,0.0,0.03125,0.32421875,0.0
77,12,dog_bark__fsd50k__dev__117271__0012__r0.wav,dog_bark,dog_bark,1,0.88671875,0.0,0.0,0.00390625,0.11328125,0.0
78,12,dog_bark__fsd50k__dev__117271__0012__r0.wav,dog_bark,dog_bark,1,0.96484375,0.0,0.0,0.0,0.03515625,0.0
79,12,dog_bark__fsd50k__dev__117271__0012__r0.wav,dog_bark,dog_bark,1,0.83203125,0.0,0.0,0.0,0.1640625,0.0
80,12,dog_bark__fsd50k__dev__117271__0012__r0.wav,dog_bark,dog_bark,1,0.98046875,0.0,0.0,0.0,0.015625,0.0
81,12,dog_bark__fsd50k__dev__117271__0012__r0.wav,dog_bark,dog_bark,1,0.8984375,0.0,0.0,0.0,0.1015625,0.0
82,12,dog_bark__fsd50k__dev__117271__0012__r0.wav,dog_bark,dog_bark,1,0.9375,0.0,0.0,0.0,0.05859375,0.0
83,12,dog_bark__fsd50k__dev__117271__0012__r0.wav,dog_bark,dog_bark,1,0.875,0.0,0.0,0.0,0.125,0.0
84,13,dog_bark__fsd50k__dev__119420__0013__r0.wav,dog_bark,dog_bark,1,0.87890625,0.00390625,0.0,0.02734375,0.08984375,0.0
85,13,dog_bark__fsd50k__dev__119420__0013__r0.wav,dog_bark,dog_bark,1,0.76953125,0.0078125,0.0,0.0703125,0.15234375,0.00390625
86,13,dog_bark__fsd50k__dev__119420__0013__r0.wav,dog_bark,dog_bark,1,0.52734375,0.0078125,0.0078125,0.2109375,0.1875,0.05859375
87,13,dog_bark__fsd50k__dev__119420__0013__r0.wav,dog_bark,dog_bark,1,0.69140625,0.015625,0.0,0.0859375,0.1953125,0.0078125
88,13,dog_bark__fsd50k__dev__119420__0013__r0.wav,dog_bark,dog_bark,1,0.59765625,0.0546875,0.01953125,0.1328125,0.16796875,0.03125
89,13,dog_bark__fsd50k__dev__119420__0013__r0.wav,dog_bark,thunderstorm,0,0.08203125,0.0703125,0.08203125,0.03515625,0.08984375,0.640625
90,13,dog_bark__fsd50k__dev__119420__0013__r0.wav,dog_bark,dog_bark,1,0.5390625,0.0625,0.02734375,0.03515625,0.26953125,0.06640625
91,13,dog_bark__fsd50k__dev__119420__0013__r0.wav,dog_bark,dog_bark,1,0.92578125,0.01953125,0.00390625,0.01171875,0.03515625,0.0
92,13,dog_bark__fsd50k__dev__119420__0013__r0.wav,dog_bark,dog_bark,1,0.69921875,0.078125,0.01171875,0.0546875,0.140625,0.015625
93,14,dog_bark__fsd50k__dev__121888__0014__r0.wav,dog_bark,dog_bark,1,0.7578125,0.0,0.0,0.0,0.23828125,0.0
94,15,dog_bark__fsd50k__dev__128042__0015__r0.wav,dog_bark,dog_bark,1,0.83203125,0.0,0.0,0.08203125,0.08203125,0.0
95,15,dog_bark__fsd50k__dev__128042__0015__r0.wav,dog_bark,dog_bark,1,0.76171875,0.00390625,0.00390625,0.01171875,0.21484375,0.00390625
96,15,dog_bark__fsd50k__dev__128042__0015__r0.wav,dog_bark,glass_breaking,0,0.25390625,0.453125,0.11328125,0.00390625,0.12890625,0.05078125
97,15,dog_bark__fsd50k__dev__128042__0015__r0.wav,dog_bark,glass_breaking,0,0.0390625,0.72265625,0.11328125,0.00390625,0.046875,0.07421875
98,15,dog_bark__fsd50k__dev__128042__0015__r0.wav,dog_bark,dog_bark,1,0.71484375,0.05078125,0.0078125,0.0078125,0.203125,0.01953125
99,15,dog_bark__fsd50k__dev__128042__0015__r0.wav,dog_bark,dog_bark,1,0.91796875,0.0,0.0,0.0390625,0.0390625,0.0
100,15,dog_bark__fsd50k__dev__128042__0015__r0.wav,dog_bark,dog_bark,1,0.5859375,0.03515625,0.01171875,0.03125,0.33203125,0.0078125
101,15,dog_bark__fsd50k__dev__128042__0015__r0.wav,dog_bark,dog_bark,1,0.4921875,0.015625,0.00390625,0.0390625,0.34765625,0.09765625
102,16,dog_bark__fsd50k__dev__128891__0016__r0.wav,dog_bark,dog_bark,1,0.6796875,0.0,0.0,0.05859375,0.2421875,0.015625
103,16,dog_bark__fsd50k__dev__128891__0016__r0.wav,dog_bark,dog_bark,1,0.921875,0.0,0.0,0.015625,0.05859375,0.0
104,16,dog_bark__fsd50k__dev__128891__0016__r0.wav,dog_bark,siren,0,0.09765625,0.0703125,0.2421875,0.2734375,0.078125,0.2421875
105,16,dog_bark__fsd50k__dev__128891__0016__r0.wav,dog_bark,thunderstorm,0,0.02734375,0.015625,0.05859375,0.203125,0.05078125,0.64453125
106,16,dog_bark__fsd50k__dev__128891__0016__r0.wav,dog_bark,dog_bark,1,0.953125,0.00390625,0.0078125,0.00390625,0.02734375,0.0
107,16,dog_bark__fsd50k__dev__128891__0016__r0.wav,dog_bark,thunderstorm,0,0.078125,0.140625,0.1015625,0.22265625,0.1015625,0.35546875
108,16,dog_bark__fsd50k__dev__128891__0016__r0.wav,dog_bark,dog_bark,1,0.4765625,0.046875,0.02734375,0.16796875,0.2109375,0.06640625
109,16,dog_bark__fsd50k__dev__128891__0016__r0.wav,dog_bark,dog_bark,1,0.34375,0.3046875,0.0625,0.0703125,0.21875,0.00390625
110,16,dog_bark__fsd50k__dev__128891__0016__r0.wav,dog_bark,thunderstorm,0,0.046875,0.25390625,0.0625,0.0234375,0.16015625,0.453125
111,16,dog_bark__fsd50k__dev__128891__0016__r0.wav,dog_bark,glass_breaking,0,0.01171875,0.78125,0.0546875,0.01171875,0.0703125,0.0703125
112,16,dog_bark__fsd50k__dev__128891__0016__r0.wav,dog_bark,speech,0,0.0859375,0.296875,0.046875,0.015625,0.421875,0.1328125
113,16,dog_bark__fsd50k__dev__128891__0016__r0.wav,dog_bark,thunderstorm,0,0.0390625,0.09765625,0.0234375,0.0234375,0.31640625,0.5
114,16,dog_bark__fsd50k__dev__128891__0016__r0.wav,dog_bark,speech,0,0.05859375,0.1875,0.015625,0.04296875,0.58984375,0.10546875
115,17,dog_bark__fsd50k__dev__131258__0017__r0.wav,dog_bark,thunderstorm,0,0.11328125,0.2578125,0.0390625,0.1015625,0.16015625,0.32421875
116,17,dog_bark__fsd50k__dev__131258__0017__r0.wav,dog_bark,siren,0,0.05859375,0.08203125,0.03125,0.3671875,0.09375,0.3671875
117,17,dog_bark__fsd50k__dev__131258__0017__r0.wav,dog_bark,siren,0,0.19140625,0.19140625,0.0078125,0.26953125,0.26953125,0.06640625
118,17,dog_bark__fsd50k__dev__131258__0017__r0.wav,dog_bark,dog_bark,1,0.25,0.25,0.0234375,0.15625,0.25,0.0703125
119,17,dog_bark__fsd50k__dev__131258__0017__r0.wav,dog_bark,dog_bark,1,0.25,0.0546875,0.02734375,0.22265625,0.19921875,0.25
120,17,dog_bark__fsd50k__dev__131258__0017__r0.wav,dog_bark,siren,0,0.2578125,0.046875,0.00390625,0.41015625,0.23046875,0.046875
121,17,dog_bark__fsd50k__dev__131258__0017__r0.wav,dog_bark,siren,0,0.1328125,0.1328125,0.015625,0.46875,0.1875,0.06640625
122,17,dog_bark__fsd50k__dev__131258__0017__r0.wav,dog_bark,thunderstorm,0,0.0390625,0.0859375,0.046875,0.33984375,0.05859375,0.4296875
123,17,dog_bark__fsd50k__dev__131258__0017__r0.wav,dog_bark,thunderstorm,0,0.00390625,0.0078125,0.0390625,0.0546875,0.01171875,0.87890625
124,17,dog_bark__fsd50k__dev__131258__0017__r0.wav,dog_bark,siren,0,0.171875,0.1953125,0.0078125,0.34375,0.171875,0.109375
125,17,dog_bark__fsd50k__dev__131258__0017__r0.wav,dog_bark,siren,0,0.1484375,0.1640625,0.02734375,0.4140625,0.1171875,0.12890625
126,17,dog_bark__fsd50k__dev__131258__0017__r0.wav,dog_bark,thunderstorm,0,0.0546875,0.03125,0.0390625,0.1171875,0.09375,0.66796875
127,17,dog_bark__fsd50k__dev__131258__0017__r0.wav,dog_bark,thunderstorm,0,0.0078125,0.015625,0.05859375,0.05859375,0.015625,0.83984375
128,18,dog_bark__fsd50k__dev__142641__0018__r0.wav,dog_bark,thunderstorm,0,0.0,0.0390625,0.10546875,0.16796875,0.01953125,0.66796875
129,18,dog_bark__fsd50k__dev__142641__0018__r0.wav,dog_bark,thunderstorm,0,0.0,0.04296875,0.0859375,0.2421875,0.02734375,0.6015625
130,19,dog_bark__fsd50k__dev__144028__0019__r0.wav,dog_bark,dog_bark,1,0.8359375,0.015625,0.0,0.015625,0.1328125,0.0
131,19,dog_bark__fsd50k__dev__144028__0019__r0.wav,dog_bark,dog_bark,1,0.65625,0.1484375,0.00390625,0.0078125,0.18359375,0.0
132,19,dog_bark__fsd50k__dev__144028__0019__r0.wav,dog_bark,dog_bark,1,0.3671875,0.1171875,0.05078125,0.00390625,0.29296875,0.1640625
133,19,dog_bark__fsd50k__dev__144028__0019__r0.wav,dog_bark,dog_bark,1,0.484375,0.0625,0.01171875,0.00390625,0.3828125,0.0546875
134,19,dog_bark__fsd50k__dev__144028__0019__r0.wav,dog_bark,dog_bark,1,0.37109375,0.29296875,0.03125,0.0078125,0.26171875,0.03515625
135,19,dog_bark__fsd50k__dev__144028__0019__r0.wav,dog_bark,dog_bark,1,0.62109375,0.0390625,0.0,0.015625,0.30859375,0.01171875
136,19,dog_bark__fsd50k__dev__144028__0019__r0.wav,dog_bark,dog_bark,1,0.8984375,0.00390625,0.0,0.0078125,0.08984375,0.0
137,19,dog_bark__fsd50k__dev__144028__0019__r0.wav,dog_bark,dog_bark,1,0.8984375,0.02734375,0.0,0.00390625,0.0703125,0.0
138,19,dog_bark__fsd50k__dev__144028__0019__r0.wav,dog_bark,dog_bark,1,0.91015625,0.015625,0.0,0.0,0.0703125,0.0
139,19,dog_bark__fsd50k__dev__144028__0019__r0.wav,dog_bark,dog_bark,1,0.9453125,0.0078125,0.0,0.00390625,0.04296875,0.0
140,19,dog_bark__fsd50k__dev__144028__0019__r0.wav,dog_bark,dog_bark,1,0.98046875,0.00390625,0.01171875,0.0,0.00390625,0.0
141,19,dog_bark__fsd50k__dev__144028__0019__r0.wav,dog_bark,dog_bark,1,0.9765625,0.0,0.0234375,0.0,0.00390625,0.0
142,19,dog_bark__fsd50k__dev__144028__0019__r0.wav,dog_bark,dog_bark,1,0.984375,0.00390625,0.00390625,0.0,0.0078125,0.0
143,20,dog_bark__fsd50k__dev__146343__0020__r0.wav,dog_bark,dog_bark,1,0.98828125,0.0,0.0,0.0,0.01171875,0.0
144,20,dog_bark__fsd50k__dev__146343__0020__r0.wav,dog_bark,dog_bark,1,0.94140625,0.00390625,0.0078125,0.0,0.046875,0.0
145,20,dog_bark__fsd50k__dev__146343__0020__r0.wav,dog_bark,dog_bark,1,0.6328125,0.0,0.00390625,0.04296875,0.31640625,0.00390625
146,20,dog_bark__fsd50k__dev__146343__0020__r0.wav,dog_bark,dog_bark,1,0.8984375,0.0,0.0,0.02734375,0.0703125,0.0
147,20,dog_bark__fsd50k__dev__146343__0020__r0.wav,dog_bark,dog_bark,1,0.30859375,0.13671875,0.02734375,0.0625,0.21875,0.24609375
148,20,dog_bark__fsd50k__dev__146343__0020__r0.wav,dog_bark,speech,0,0.3125,0.00390625,0.00390625,0.02734375,0.625,0.0234375
149,20,dog_bark__fsd50k__dev__146343__0020__r0.wav,dog_bark,dog_bark,1,0.57421875,0.02734375,0.01171875,0.0078125,0.36328125,0.015625
150,20,dog_bark__fsd50k__dev__146343__0020__r0.wav,dog_bark,dog_bark,1,0.60546875,0.046875,0.03125,0.0078125,0.3046875,0.00390625
151,21,dog_bark__fsd50k__dev__147672__0021__r0.wav,dog_bark,dog_bark,1,0.36328125,0.2890625,0.11328125,0.02734375,0.203125,0.00390625
152,21,dog_bark__fsd50k__dev__147672__0021__r0.wav,dog_bark,glass_breaking,0,0.04296875,0.75,0.1328125,0.015625,0.0546875,0.00390625
153,21,dog_bark__fsd50k__dev__147672__0021__r0.wav,dog_bark,glass_breaking,0,0.28125,0.31640625,0.28125,0.0078125,0.1015625,0.01171875
154,21,dog_bark__fsd50k__dev__147672__0021__r0.wav,dog_bark,glass_breaking,0,0.0,0.6953125,0.21875,0.00390625,0.01171875,0.0703125
155,21,dog_bark__fsd50k__dev__147672__0021__r0.wav,dog_bark,glass_breaking,0,0.01953125,0.55859375,0.22265625,0.0078125,0.03515625,0.15625
156,22,dog_bark__fsd50k__dev__157950__0022__r0.wav,dog_bark,dog_bark,1,0.734375,0.0,0.0,0.00390625,0.26171875,0.0
157,23,dog_bark__fsd50k__dev__162148__0023__r0.wav,dog_bark,dog_bark,1,0.87109375,0.03515625,0.0,0.0078125,0.0859375,0.0
158,24,dog_bark__fsd50k__dev__167487__0024__r0.wav,dog_bark,thunderstorm,0,0.03515625,0.01171875,0.05078125,0.14453125,0.1015625,0.65234375
159,24,dog_bark__fsd50k__dev__167487__0024__r0.wav,dog_bark,thunderstorm,0,0.0703125,0.04296875,0.0703125,0.22265625,0.19921875,0.39453125
160,24,dog_bark__fsd50k__dev__167487__0024__r0.wav,dog_bark,thunderstorm,0,0.01953125,0.01953125,0.05078125,0.04296875,0.04296875,0.828125
161,24,dog_bark__fsd50k__dev__167487__0024__r0.wav,dog_bark,thunderstorm,0,0.01953125,0.01171875,0.03515625,0.05078125,0.046875,0.8359375
162,24,dog_bark__fsd50k__dev__167487__0024__r0.wav,dog_bark,thunderstorm,0,0.0234375,0.015625,0.04296875,0.0859375,0.05078125,0.78125
163,24,dog_bark__fsd50k__dev__167487__0024__r0.wav,dog_bark,thunderstorm,0,0.01953125,0.0390625,0.0703125,0.03515625,0.0703125,0.76953125
164,24,dog_bark__fsd50k__dev__167487__0024__r0.wav,dog_bark,thunderstorm,0,0.05859375,0.015625,0.06640625,0.1171875,0.1484375,0.58984375
165,24,dog_bark__fsd50k__dev__167487__0024__r0.wav,dog_bark,thunderstorm,0,0.02734375,0.12890625,0.1015625,0.02734375,0.14453125,0.5703125
166,24,dog_bark__fsd50k__dev__167487__0024__r0.wav,dog_bark,thunderstorm,0,0.0234375,0.0390625,0.0859375,0.01171875,0.15234375,0.68359375
167,25,dog_bark__fsd50k__dev__170015__0025__r0.wav,dog_bark,dog_bark,1,0.56640625,0.203125,0.01953125,0.0078125,0.1796875,0.0234375
168,25,dog_bark__fsd50k__dev__170015__0025__r0.wav,dog_bark,dog_bark,1,0.921875,0.03515625,0.00390625,0.0,0.03515625,0.0
169,25,dog_bark__fsd50k__dev__170015__0025__r0.wav,dog_bark,glass_breaking,0,0.15625,0.69921875,0.09765625,0.00390625,0.03515625,0.00390625
170,26,dog_bark__fsd50k__dev__178118__0026__r0.wav,dog_bark,thunderstorm,0,0.0,0.0,0.0234375,0.1953125,0.0078125,0.77734375
171,26,dog_bark__fsd50k__dev__178118__0026__r0.wav,dog_bark,thunderstorm,0,0.0,0.0,0.06640625,0.1875,0.00390625,0.74609375
172,26,dog_bark__fsd50k__dev__178118__0026__r0.wav,dog_bark,thunderstorm,0,0.0,0.0,0.03515625,0.0703125,0.0,0.890625
173,26,dog_bark__fsd50k__dev__178118__0026__r0.wav,dog_bark,thunderstorm,0,0.0,0.0,0.0390625,0.05859375,0.0,0.90234375
174,26,dog_bark__fsd50k__dev__178118__0026__r0.wav,dog_bark,thunderstorm,0,0.0,0.0,0.01953125,0.05859375,0.00390625,0.9140625
175,26,dog_bark__fsd50k__dev__178118__0026__r0.wav,dog_bark,thunderstorm,0,0.0,0.0,0.04296875,0.19140625,0.0078125,0.7578125
176,26,dog_bark__fsd50k__dev__178118__0026__r0.wav,dog_bark,thunderstorm,0,0.0,0.0,0.08203125,0.328125,0.00390625,0.5859375
177,26,dog_bark__fsd50k__dev__178118__0026__r0.wav,dog_bark,thunderstorm,0,0.0,0.0,0.0390625,0.0625,0.0,0.89453125
178,26,dog_bark__fsd50k__dev__178118__0026__r0.wav,dog_bark,thunderstorm,0,0.0,0.0,0.02734375,0.03515625,0.0,0.94140625
179,26,dog_bark__fsd50k__dev__178118__0026__r0.wav,dog_bark,thunderstorm,0,0.0,0.0,0.03125,0.05859375,0.0,0.91015625
180,26,dog_bark__fsd50k__dev__178118__0026__r0.wav,dog_bark,thunderstorm,0,0.00390625,0.0,0.0546875,0.125,0.015625,0.796875
181,26,dog_bark__fsd50k__dev__178118__0026__r0.wav,dog_bark,thunderstorm,0,0.0,0.0,0.0625,0.078125,0.00390625,0.859375
182,26,dog_bark__fsd50k__dev__178118__0026__r0.wav,dog_bark,thunderstorm,0,0.0,0.0,0.05078125,0.078125,0.0,0.87109375
183,27,dog_bark__fsd50k__dev__180052__0027__r0.wav,dog_bark,dog_bark,1,0.421875,0.07421875,0.0546875,0.0234375,0.23828125,0.1875
184,27,dog_bark__fsd50k__dev__180052__0027__r0.wav,dog_bark,dog_bark,1,0.94921875,0.0,0.0,0.00390625,0.046875,0.0
185,27,dog_bark__fsd50k__dev__180052__0027__r0.wav,dog_bark,dog_bark,1,0.94921875,0.0,0.0,0.0,0.046875,0.0
186,27,dog_bark__fsd50k__dev__180052__0027__r0.wav,dog_bark,dog_bark,1,0.8671875,0.01171875,0.0078125,0.0078125,0.09765625,0.00390625
187,27,dog_bark__fsd50k__dev__180052__0027__r0.wav,dog_bark,dog_bark,1,0.3359375,0.0078125,0.01171875,0.04296875,0.30078125,0.30078125
188,27,dog_bark__fsd50k__dev__180052__0027__r0.wav,dog_bark,dog_bark,1,0.96875,0.0,0.0,0.0,0.03125,0.0
189,27,dog_bark__fsd50k__dev__180052__0027__r0.wav,dog_bark,dog_bark,1,0.9375,0.0,0.0,0.00390625,0.05859375,0.0
190,27,dog_bark__fsd50k__dev__180052__0027__r0.wav,dog_bark,dog_bark,1,0.89453125,0.0234375,0.0078125,0.0078125,0.0625,0.0
191,27,dog_bark__fsd50k__dev__180052__0027__r0.wav,dog_bark,thunderstorm,0,0.1875,0.02734375,0.03515625,0.0390625,0.1171875,0.59375
192,27,dog_bark__fsd50k__dev__180052__0027__r0.wav,dog_bark,dog_bark,1,0.97265625,0.0,0.0,0.0,0.0234375,0.0
193,27,dog_bark__fsd50k__dev__180052__0027__r0.wav,dog_bark,dog_bark,1,0.93359375,0.0,0.0,0.0078125,0.05859375,0.0
194,27,dog_bark__fsd50k__dev__180052__0027__r0.wav,dog_bark,dog_bark,1,0.78515625,0.01953125,0.03515625,0.02734375,0.109375,0.0234375
195,27,dog_bark__fsd50k__dev__180052__0027__r0.wav,dog_bark,thunderstorm,0,0.24609375,0.015625,0.01953125,0.0390625,0.1953125,0.48828125
196,28,dog_bark__fsd50k__dev__182395__0028__r0.wav,dog_bark,dog_bark,1,0.95703125,0.00390625,0.0,0.00390625,0.0390625,0.0
197,29,dog_bark__fsd50k__dev__184880__0029__r0.wav,dog_bark,thunderstorm,0,0.0,0.1015625,0.078125,0.0,0.01953125,0.796875
198,29,dog_bark__fsd50k__dev__184880__0029__r0.wav,dog_bark,thunderstorm,0,0.00390625,0.30859375,0.109375,0.0,0.03125,0.546875
199,29,dog_bark__fsd50k__dev__184880__0029__r0.wav,dog_bark,thunderstorm,0,0.00390625,0.1953125,0.078125,0.0,0.03515625,0.69140625
200,29,dog_bark__fsd50k__dev__184880__0029__r0.wav,dog_bark,thunderstorm,0,0.00390625,0.28515625,0.1015625,0.0,0.03125,0.57421875
201,29,dog_bark__fsd50k__dev__184880__0029__r0.wav,dog_bark,thunderstorm,0,0.015625,0.15234375,0.10546875,0.00390625,0.12109375,0.6015625
202,29,dog_bark__fsd50k__dev__184880__0029__r0.wav,dog_bark,glass_breaking,0,0.046875,0.3828125,0.06640625,0.00390625,0.34375,0.15234375
203,29,dog_bark__fsd50k__dev__184880__0029__r0.wav,dog_bark,thunderstorm,0,0.01171875,0.2265625,0.0703125,0.00390625,0.11328125,0.5703125
204,29,dog_bark__fsd50k__dev__184880__0029__r0.wav,dog_bark,thunderstorm,0,0.0,0.046875,0.03515625,0.0,0.01171875,0.90625
205,29,dog_bark__fsd50k__dev__184880__0029__r0.wav,dog_bark,thunderstorm,0,0.00390625,0.1640625,0.06640625,0.00390625,0.02734375,0.734375
206,29,dog_bark__fsd50k__dev__184880__0029__r0.wav,dog_bark,thunderstorm,0,0.00390625,0.25390625,0.19921875,0.00390625,0.0390625,0.50390625
207,30,dog_bark__fsd50k__dev__196127__0030__r0.wav,dog_bark,dog_bark,1,0.953125,0.0078125,0.00390625,0.0078125,0.03125,0.0
208,30,dog_bark__fsd50k__dev__196127__0030__r0.wav,dog_bark,dog_bark,1,0.93359375,0.01171875,0.00390625,0.00390625,0.046875,0.0
209,30,dog_bark__fsd50k__dev__196127__0030__r0.wav,dog_bark,dog_bark,1,0.5234375,0.1640625,0.1875,0.03125,0.09375,0.00390625
210,30,dog_bark__fsd50k__dev__196127__0030__r0.wav,dog_bark,glass_breaking,0,0.24609375,0.34765625,0.1953125,0.0390625,0.0703125,0.09765625
211,30,dog_bark__fsd50k__dev__196127__0030__r0.wav,dog_bark,dog_bark,1,0.86328125,0.03515625,0.0078125,0.015625,0.078125,0.0
212,30,dog_bark__fsd50k__dev__196127__0030__r0.wav,dog_bark,dog_bark,1,0.875,0.0625,0.0078125,0.01171875,0.05078125,0.0
213,30,dog_bark__fsd50k__dev__196127__0030__r0.wav,dog_bark,glass_breaking,0,0.35546875,0.3984375,0.1015625,0.0703125,0.0703125,0.0078125
214,30,dog_bark__fsd50k__dev__196127__0030__r0.wav,dog_bark,dog_bark,1,0.703125,0.09765625,0.03125,0.02734375,0.125,0.015625
215,30,dog_bark__fsd50k__dev__196127__0030__r0.wav,dog_bark,dog_bark,1,0.90625,0.0078125,0.00390625,0.01171875,0.0703125,0.0
216,30,dog_bark__fsd50k__dev__196127__0030__r0.wav,dog_bark,dog_bark,1,0.81640625,0.015625,0.03515625,0.01953125,0.11328125,0.0
217,30,dog_bark__fsd50k__dev__196127__0030__r0.wav,dog_bark,dog_bark,1,0.87109375,0.02734375,0.0078125,0.0078125,0.0859375,0.0
218,30,dog_bark__fsd50k__dev__196127__0030__r0.wav,dog_bark,dog_bark,1,0.7890625,0.08984375,0.0390625,0.015625,0.0703125,0.0
219,30,dog_bark__fsd50k__dev__196127__0030__r0.wav,dog_bark,glass_breaking,0,0.2265625,0.31640625,0.25390625,0.04296875,0.078125,0.078125
220,31,dog_bark__fsd50k__dev__211548__0031__r0.wav,dog_bark,dog_bark,1,0.984375,0.0,0.0,0.0,0.015625,0.0
221,32,dog_bark__fsd50k__dev__220901__0032__r0.wav,dog_bark,dog_bark,1,0.70703125,0.0078125,0.0,0.00390625,0.28125,0.0
222,32,dog_bark__fsd50k__dev__220901__0032__r0.wav,dog_bark,dog_bark,1,0.8125,0.01953125,0.0,0.00390625,0.1640625,0.0
223,32,dog_bark__fsd50k__dev__220901__0032__r0.wav,dog_bark,dog_bark,1,0.609375,0.00390625,0.0,0.00390625,0.3828125,0.0
224,32,dog_bark__fsd50k__dev__220901__0032__r0.wav,dog_bark,dog_bark,1,0.85546875,0.0078125,0.0,0.0,0.13671875,0.0
225,32,dog_bark__fsd50k__dev__220901__0032__r0.wav,dog_bark,dog_bark,1,0.73828125,0.02734375,0.0,0.0,0.234375,0.0
226,32,dog_bark__fsd50k__dev__220901__0032__r0.wav,dog_bark,dog_bark,1,0.6015625,0.0546875,0.00390625,0.00390625,0.3359375,0.0
227,32,dog_bark__fsd50k__dev__220901__0032__r0.wav,dog_bark,dog_bark,1,0.5703125,0.08984375,0.0078125,0.0078125,0.3203125,0.00390625
228,32,dog_bark__fsd50k__dev__220901__0032__r0.wav,dog_bark,dog_bark,1,0.6015625,0.01171875,0.0,0.00390625,0.37890625,0.00390625
229,32,dog_bark__fsd50k__dev__220901__0032__r0.wav,dog_bark,speech,0,0.31640625,0.1015625,0.01953125,0.01171875,0.50390625,0.05078125
230,32,dog_bark__fsd50k__dev__220901__0032__r0.wav,dog_bark,speech,0,0.375,0.07421875,0.01171875,0.01171875,0.47265625,0.0546875
231,32,dog_bark__fsd50k__dev__220901__0032__r0.wav,dog_bark,dog_bark,1,0.546875,0.0390625,0.015625,0.0390625,0.34375,0.015625
232,32,dog_bark__fsd50k__dev__220901__0032__r0.wav,dog_bark,dog_bark,1,0.64453125,0.0,0.01171875,0.0390625,0.2890625,0.01171875
233,32,dog_bark__fsd50k__dev__220901__0032__r0.wav,dog_bark,dog_bark,1,0.63671875,0.046875,0.01953125,0.00390625,0.28515625,0.01171875
234,33,dog_bark__fsd50k__dev__220904__0033__r0.wav,dog_bark,dog_bark,1,0.58984375,0.0,0.0078125,0.10546875,0.29296875,0.00390625
235,34,dog_bark__fsd50k__dev__221207__0034__r0.wav,dog_bark,dog_bark,1,0.56640625,0.0,0.01171875,0.015625,0.40234375,0.00390625
236,34,dog_bark__fsd50k__dev__221207__0034__r0.wav,dog_bark,speech,0,0.4453125,0.01953125,0.0234375,0.01171875,0.49609375,0.0078125
237,34,dog_bark__fsd50k__dev__221207__0034__r0.wav,dog_bark,dog_bark,1,0.51953125,0.0,0.0078125,0.0078125,0.46484375,0.00390625
238,34,dog_bark__fsd50k__dev__221207__0034__r0.wav,dog_bark,speech,0,0.46875,0.0,0.0,0.00390625,0.52734375,0.0
239,35,dog_bark__fsd50k__dev__232271__0035__r0.wav,dog_bark,thunderstorm,0,0.109375,0.109375,0.109375,0.02734375,0.09765625,0.546875
240,35,dog_bark__fsd50k__dev__232271__0035__r0.wav,dog_bark,thunderstorm,0,0.15625,0.01171875,0.015625,0.02734375,0.24609375,0.546875
241,35,dog_bark__fsd50k__dev__232271__0035__r0.wav,dog_bark,thunderstorm,0,0.1640625,0.00390625,0.0078125,0.0390625,0.20703125,0.578125
242,35,dog_bark__fsd50k__dev__232271__0035__r0.wav,dog_bark,thunderstorm,0,0.140625,0.015625,0.01171875,0.17578125,0.22265625,0.44140625
243,35,dog_bark__fsd50k__dev__232271__0035__r0.wav,dog_bark,siren,0,0.0234375,0.0,0.0,0.7578125,0.09375,0.12109375
244,35,dog_bark__fsd50k__dev__232271__0035__r0.wav,dog_bark,siren,0,0.03515625,0.00390625,0.0,0.74609375,0.2109375,0.0078125
245,35,dog_bark__fsd50k__dev__232271__0035__r0.wav,dog_bark,siren,0,0.05078125,0.01953125,0.01953125,0.7421875,0.1484375,0.01953125
246,35,dog_bark__fsd50k__dev__232271__0035__r0.wav,dog_bark,siren,0,0.0703125,0.0625,0.0390625,0.62109375,0.140625,0.0703125
247,35,dog_bark__fsd50k__dev__232271__0035__r0.wav,dog_bark,siren,0,0.0234375,0.04296875,0.01953125,0.5546875,0.078125,0.27734375
248,35,dog_bark__fsd50k__dev__232271__0035__r0.wav,dog_bark,thunderstorm,0,0.0390625,0.10546875,0.015625,0.265625,0.1484375,0.421875
249,35,dog_bark__fsd50k__dev__232271__0035__r0.wav,dog_bark,thunderstorm,0,0.0546875,0.17578125,0.01953125,0.17578125,0.22265625,0.3515625
250,36,dog_bark__fsd50k__dev__235913__0036__r0.wav,dog_bark,dog_bark,1,0.515625,0.0078125,0.00390625,0.0078125,0.4609375,0.00390625
251,36,dog_bark__fsd50k__dev__235913__0036__r0.wav,dog_bark,dog_bark,1,0.66015625,0.09375,0.01953125,0.01171875,0.20703125,0.0078125
252,36,dog_bark__fsd50k__dev__235913__0036__r0.wav,dog_bark,dog_bark,1,0.3984375,0.125,0.0703125,0.015625,0.35546875,0.03125
253,36,dog_bark__fsd50k__dev__235913__0036__r0.wav,dog_bark,glass_breaking,0,0.0390625,0.5390625,0.171875,0.0078125,0.03125,0.21484375
254,36,dog_bark__fsd50k__dev__235913__0036__r0.wav,dog_bark,dog_bark,1,0.4765625,0.06640625,0.05859375,0.0546875,0.23828125,0.10546875
255,37,dog_bark__fsd50k__dev__236967__0037__r0.wav,dog_bark,dog_bark,1,0.9609375,0.0078125,0.0078125,0.0,0.0234375,0.0
256,38,dog_bark__fsd50k__dev__244469__0038__r0.wav,dog_bark,dog_bark,1,0.9453125,0.0,0.0,0.0,0.0546875,0.0
257,38,dog_bark__fsd50k__dev__244469__0038__r0.wav,dog_bark,dog_bark,1,0.80859375,0.0234375,0.03515625,0.00390625,0.12890625,0.0
258,38,dog_bark__fsd50k__dev__244469__0038__r0.wav,dog_bark,dog_bark,1,0.84375,0.01171875,0.046875,0.00390625,0.09375,0.0
259,38,dog_bark__fsd50k__dev__244469__0038__r0.wav,dog_bark,dog_bark,1,0.9609375,0.00390625,0.0,0.0,0.03515625,0.0
260,38,dog_bark__fsd50k__dev__244469__0038__r0.wav,dog_bark,dog_bark,1,0.55859375,0.09765625,0.140625,0.015625,0.17578125,0.01171875
261,38,dog_bark__fsd50k__dev__244469__0038__r0.wav,dog_bark,dog_bark,1,0.72265625,0.02734375,0.0625,0.00390625,0.1796875,0.00390625
262,38,dog_bark__fsd50k__dev__244469__0038__r0.wav,dog_bark,thunderstorm,0,0.015625,0.08984375,0.15625,0.0078125,0.0234375,0.703125
263,38,dog_bark__fsd50k__dev__244469__0038__r0.wav,dog_bark,dog_bark,1,0.625,0.08984375,0.15625,0.0078125,0.0625,0.0625
264,38,dog_bark__fsd50k__dev__244469__0038__r0.wav,dog_bark,dog_bark,1,0.79296875,0.0234375,0.01953125,0.00390625,0.16015625,0.0
265,38,dog_bark__fsd50k__dev__244469__0038__r0.wav,dog_bark,dog_bark,1,0.74609375,0.03125,0.03125,0.0078125,0.1875,0.0
266,38,dog_bark__fsd50k__dev__244469__0038__r0.wav,dog_bark,dog_bark,1,0.765625,0.01171875,0.0234375,0.00390625,0.19140625,0.0
267,38,dog_bark__fsd50k__dev__244469__0038__r0.wav,dog_bark,dog_bark,1,0.51953125,0.12890625,0.1015625,0.01171875,0.23046875,0.00390625
268,38,dog_bark__fsd50k__dev__244469__0038__r0.wav,dog_bark,dog_bark,1,0.765625,0.04296875,0.046875,0.00390625,0.13671875,0.0
269,39,dog_bark__fsd50k__dev__261286__0039__r0.wav,dog_bark,dog_bark,1,0.65625,0.18359375,0.02734375,0.0,0.12890625,0.0
270,39,dog_bark__fsd50k__dev__261286__0039__r0.wav,dog_bark,dog_bark,1,0.3203125,0.3203125,0.078125,0.0234375,0.16015625,0.1015625
271,39,dog_bark__fsd50k__dev__261286__0039__r0.wav,dog_bark,dog_bark,1,0.87890625,0.03515625,0.00390625,0.00390625,0.078125,0.0
272,39,dog_bark__fsd50k__dev__261286__0039__r0.wav,dog_bark,thunderstorm,0,0.08203125,0.33203125,0.09375,0.015625,0.0546875,0.41796875
273,39,dog_bark__fsd50k__dev__261286__0039__r0.wav,dog_bark,dog_bark,1,0.82421875,0.07421875,0.0078125,0.0,0.09375,0.0
274,39,dog_bark__fsd50k__dev__261286__0039__r0.wav,dog_bark,dog_bark,1,0.77734375,0.01953125,0.00390625,0.0,0.1953125,0.0
275,40,dog_bark__fsd50k__dev__264332__0040__r0.wav,dog_bark,dog_bark,1,0.890625,0.0078125,0.0390625,0.0078125,0.0546875,0.0
276,40,dog_bark__fsd50k__dev__264332__0040__r0.wav,dog_bark,dog_bark,1,0.9296875,0.0,0.0078125,0.0,0.05859375,0.0
277,40,dog_bark__fsd50k__dev__264332__0040__r0.wav,dog_bark,dog_bark,1,0.8359375,0.00390625,0.0078125,0.00390625,0.1484375,0.0
278,40,dog_bark__fsd50k__dev__264332__0040__r0.wav,dog_bark,dog_bark,1,0.7421875,0.015625,0.00390625,0.01953125,0.2109375,0.0078125
279,40,dog_bark__fsd50k__dev__264332__0040__r0.wav,dog_bark,dog_bark,1,0.94921875,0.0,0.0078125,0.00390625,0.04296875,0.0
280,40,dog_bark__fsd50k__dev__264332__0040__r0.wav,dog_bark,dog_bark,1,0.69140625,0.01953125,0.0546875,0.01171875,0.21875,0.00390625
281,40,dog_bark__fsd50k__dev__264332__0040__r0.wav,dog_bark,dog_bark,1,0.6953125,0.01953125,0.05078125,0.01171875,0.21875,0.0
282,41,dog_bark__fsd50k__dev__266603__0041__r0.wav,dog_bark,dog_bark,1,0.984375,0.00390625,0.0,0.00390625,0.01171875,0.0
283,41,dog_bark__fsd50k__dev__266603__0041__r0.wav,dog_bark,dog_bark,1,0.94140625,0.01953125,0.0,0.0078125,0.03125,0.0
284,41,dog_bark__fsd50k__dev__266603__0041__r0.wav,dog_bark,dog_bark,1,0.94921875,0.01171875,0.0,0.01171875,0.0234375,0.0
285,41,dog_bark__fsd50k__dev__266603__0041__r0.wav,dog_bark,dog_bark,1,0.953125,0.00390625,0.0,0.01171875,0.03125,0.0
286,41,dog_bark__fsd50k__dev__266603__0041__r0.wav,dog_bark,dog_bark,1,0.96484375,0.0078125,0.0,0.01171875,0.01171875,0.0
287,41,dog_bark__fsd50k__dev__266603__0041__r0.wav,dog_bark,dog_bark,1,0.85546875,0.0625,0.00390625,0.03125,0.046875,0.0
288,41,dog_bark__fsd50k__dev__266603__0041__r0.wav,dog_bark,dog_bark,1,0.94921875,0.015625,0.0,0.01171875,0.01953125,0.0
289,41,dog_bark__fsd50k__dev__266603__0041__r0.wav,dog_bark,dog_bark,1,0.98046875,0.00390625,0.0,0.0078125,0.01171875,0.0
290,41,dog_bark__fsd50k__dev__266603__0041__r0.wav,dog_bark,dog_bark,1,0.90234375,0.05078125,0.00390625,0.01171875,0.02734375,0.0
291,41,dog_bark__fsd50k__dev__266603__0041__r0.wav,dog_bark,dog_bark,1,0.95703125,0.015625,0.0,0.00390625,0.01953125,0.0
292,41,dog_bark__fsd50k__dev__266603__0041__r0.wav,dog_bark,dog_bark,1,0.90234375,0.05859375,0.00390625,0.01171875,0.02734375,0.0
293,41,dog_bark__fsd50k__dev__266603__0041__r0.wav,dog_bark,dog_bark,1,0.97265625,0.0078125,0.0,0.00390625,0.015625,0.0
294,41,dog_bark__fsd50k__dev__266603__0041__r0.wav,dog_bark,dog_bark,1,0.83203125,0.1171875,0.00390625,0.01171875,0.03515625,0.0
295,42,dog_bark__fsd50k__dev__327138__0042__r0.wav,dog_bark,thunderstorm,0,0.05078125,0.02734375,0.0546875,0.125,0.04296875,0.69921875
296,42,dog_bark__fsd50k__dev__327138__0042__r0.wav,dog_bark,thunderstorm,0,0.04296875,0.0234375,0.04296875,0.125,0.05078125,0.7109375
297,42,dog_bark__fsd50k__dev__327138__0042__r0.wav,dog_bark,dog_bark,1,0.5859375,0.03515625,0.00390625,0.07421875,0.26171875,0.03515625
298,42,dog_bark__fsd50k__dev__327138__0042__r0.wav,dog_bark,dog_bark,1,0.66015625,0.00390625,0.00390625,0.09375,0.234375,0.00390625
299,42,dog_bark__fsd50k__dev__327138__0042__r0.wav,dog_bark,dog_bark,1,0.52734375,0.01171875,0.0078125,0.1171875,0.33203125,0.00390625
300,42,dog_bark__fsd50k__dev__327138__0042__r0.wav,dog_bark,dog_bark,1,0.58203125,0.00390625,0.00390625,0.12890625,0.2578125,0.01953125
301,42,dog_bark__fsd50k__dev__327138__0042__r0.wav,dog_bark,dog_bark,1,0.5234375,0.0078125,0.01171875,0.1484375,0.296875,0.015625
302,42,dog_bark__fsd50k__dev__327138__0042__r0.wav,dog_bark,dog_bark,1,0.41015625,0.01171875,0.015625,0.2578125,0.2890625,0.0078125
303,42,dog_bark__fsd50k__dev__327138__0042__r0.wav,dog_bark,dog_bark,1,0.41015625,0.01953125,0.00390625,0.26171875,0.29296875,0.01171875
304,42,dog_bark__fsd50k__dev__327138__0042__r0.wav,dog_bark,dog_bark,1,0.453125,0.015625,0.02734375,0.203125,0.28515625,0.01953125
305,42,dog_bark__fsd50k__dev__327138__0042__r0.wav,dog_bark,dog_bark,1,0.56640625,0.0234375,0.05078125,0.0703125,0.28515625,0.00390625
306,42,dog_bark__fsd50k__dev__327138__0042__r0.wav,dog_bark,thunderstorm,0,0.12109375,0.06640625,0.10546875,0.21484375,0.19140625,0.30078125
307,42,dog_bark__fsd50k__dev__327138__0042__r0.wav,dog_bark,thunderstorm,0,0.06640625,0.0546875,0.07421875,0.15234375,0.0546875,0.6015625
308,43,dog_bark__fsd50k__dev__348332__0043__r0.wav,dog_bark,dog_bark,1,0.97265625,0.0,0.0,0.0,0.0234375,0.0
309,43,dog_bark__fsd50k__dev__348332__0043__r0.wav,dog_bark,dog_bark,1,0.875,0.0,0.0,0.00390625,0.125,0.0
310,43,dog_bark__fsd50k__dev__348332__0043__r0.wav,dog_bark,dog_bark,1,0.9140625,0.0,0.0,0.0,0.08203125,0.0
311,44,dog_bark__fsd50k__dev__34872__0044__r0.wav,dog_bark,dog_bark,1,0.99609375,0.0,0.0,0.0,0.00390625,0.0
312,44,dog_bark__fsd50k__dev__34872__0044__r0.wav,dog_bark,dog_bark,1,0.75,0.0078125,0.00390625,0.00390625,0.23828125,0.0
313,44,dog_bark__fsd50k__dev__34872__0044__r0.wav,dog_bark,dog_bark,1,0.94140625,0.00390625,0.00390625,0.0,0.0546875,0.0
314,44,dog_bark__fsd50k__dev__34872__0044__r0.wav,dog_bark,dog_bark,1,0.8671875,0.0078125,0.00390625,0.0,0.12109375,0.0
315,44,dog_bark__fsd50k__dev__34872__0044__r0.wav,dog_bark,dog_bark,1,0.97265625,0.0,0.00390625,0.0,0.0234375,0.0
316,44,dog_bark__fsd50k__dev__34872__0044__r0.wav,dog_bark,dog_bark,1,0.9296875,0.01171875,0.00390625,0.0,0.05078125,0.0
317,44,dog_bark__fsd50k__dev__34872__0044__r0.wav,dog_bark,dog_bark,1,0.53125,0.0,0.0,0.04296875,0.421875,0.0
318,44,dog_bark__fsd50k__dev__34872__0044__r0.wav,dog_bark,dog_bark,1,0.63671875,0.0,0.0,0.046875,0.3203125,0.0
319,44,dog_bark__fsd50k__dev__34872__0044__r0.wav,dog_bark,dog_bark,1,0.42578125,0.21484375,0.00390625,0.01171875,0.33984375,0.00390625
320,44,dog_bark__fsd50k__dev__34872__0044__r0.wav,dog_bark,dog_bark,1,0.63671875,0.00390625,0.0,0.00390625,0.35546875,0.0
321,44,dog_bark__fsd50k__dev__34872__0044__r0.wav,dog_bark,dog_bark,1,0.90234375,0.0,0.00390625,0.0,0.08984375,0.0
322,44,dog_bark__fsd50k__dev__34872__0044__r0.wav,dog_bark,dog_bark,1,0.5859375,0.12890625,0.03515625,0.00390625,0.234375,0.0078125
323,45,dog_bark__fsd50k__dev__35296__0045__r0.wav,dog_bark,thunderstorm,0,0.0078125,0.0078125,0.0078125,0.25,0.02734375,0.69921875
324,45,dog_bark__fsd50k__dev__35296__0045__r0.wav,dog_bark,siren,0,0.03125,0.00390625,0.01171875,0.6328125,0.03515625,0.28125
325,45,dog_bark__fsd50k__dev__35296__0045__r0.wav,dog_bark,thunderstorm,0,0.0078125,0.0078125,0.01953125,0.4140625,0.02734375,0.5234375
326,45,dog_bark__fsd50k__dev__35296__0045__r0.wav,dog_bark,thunderstorm,0,0.0,0.0,0.01953125,0.08984375,0.01171875,0.8828125
327,45,dog_bark__fsd50k__dev__35296__0045__r0.wav,dog_bark,thunderstorm,0,0.01171875,0.00390625,0.0078125,0.3359375,0.04296875,0.59765625
328,45,dog_bark__fsd50k__dev__35296__0045__r0.wav,dog_bark,siren,0,0.015625,0.0078125,0.0078125,0.828125,0.0234375,0.1171875
329,45,dog_bark__fsd50k__dev__35296__0045__r0.wav,dog_bark,siren,0,0.01953125,0.00390625,0.00390625,0.78515625,0.03125,0.15625
330,45,dog_bark__fsd50k__dev__35296__0045__r0.wav,dog_bark,siren,0,0.01171875,0.01171875,0.03125,0.53515625,0.03125,0.37890625
331,45,dog_bark__fsd50k__dev__35296__0045__r0.wav,dog_bark,thunderstorm,0,0.00390625,0.0078125,0.03515625,0.15625,0.015625,0.78125
332,45,dog_bark__fsd50k__dev__35296__0045__r0.wav,dog_bark,thunderstorm,0,0.00390625,0.00390625,0.02734375,0.10546875,0.01171875,0.84765625
333,45,dog_bark__fsd50k__dev__35296__0045__r0.wav,dog_bark,thunderstorm,0,0.046875,0.0078125,0.01171875,0.40234375,0.08203125,0.453125
334,45,dog_bark__fsd50k__dev__35296__0045__r0.wav,dog_bark,siren,0,0.01171875,0.0078125,0.01953125,0.74609375,0.02734375,0.1875
335,45,dog_bark__fsd50k__dev__35296__0045__r0.wav,dog_bark,siren,0,0.01171875,0.00390625,0.0078125,0.47265625,0.03125,0.47265625
336,46,dog_bark__fsd50k__dev__360411__0046__r0.wav,dog_bark,dog_bark,1,0.90234375,0.00390625,0.0,0.0078125,0.08984375,0.0
337,46,dog_bark__fsd50k__dev__360411__0046__r0.wav,dog_bark,dog_bark,1,0.79296875,0.1015625,0.015625,0.01953125,0.0703125,0.0
338,46,dog_bark__fsd50k__dev__360411__0046__r0.wav,dog_bark,dog_bark,1,0.640625,0.08203125,0.0078125,0.01171875,0.25390625,0.0078125
339,46,dog_bark__fsd50k__dev__360411__0046__r0.wav,dog_bark,dog_bark,1,0.8359375,0.07421875,0.01171875,0.01171875,0.06640625,0.0
340,46,dog_bark__fsd50k__dev__360411__0046__r0.wav,dog_bark,dog_bark,1,0.72265625,0.1015625,0.0078125,0.03515625,0.12890625,0.00390625
341,46,dog_bark__fsd50k__dev__360411__0046__r0.wav,dog_bark,dog_bark,1,0.5546875,0.27734375,0.015625,0.09765625,0.0546875,0.00390625
342,46,dog_bark__fsd50k__dev__360411__0046__r0.wav,dog_bark,thunderstorm,0,0.06640625,0.19140625,0.13671875,0.0234375,0.04296875,0.5390625
343,46,dog_bark__fsd50k__dev__360411__0046__r0.wav,dog_bark,thunderstorm,0,0.1328125,0.2109375,0.08203125,0.01953125,0.08203125,0.47265625
344,46,dog_bark__fsd50k__dev__360411__0046__r0.wav,dog_bark,thunderstorm,0,0.13671875,0.21484375,0.10546875,0.03125,0.0859375,0.42578125
345,46,dog_bark__fsd50k__dev__360411__0046__r0.wav,dog_bark,dog_bark,1,0.89453125,0.015625,0.0,0.01953125,0.0703125,0.0
346,46,dog_bark__fsd50k__dev__360411__0046__r0.wav,dog_bark,dog_bark,1,0.94140625,0.00390625,0.0,0.0078125,0.046875,0.0
347,46,dog_bark__fsd50k__dev__360411__0046__r0.wav,dog_bark,dog_bark,1,0.77734375,0.02734375,0.0078125,0.0625,0.125,0.0
348,46,dog_bark__fsd50k__dev__360411__0046__r0.wav,dog_bark,dog_bark,1,0.5859375,0.09375,0.01953125,0.07421875,0.1640625,0.05859375
349,47,dog_bark__fsd50k__dev__364662__0047__r0.wav,dog_bark,thunderstorm,0,0.03515625,0.078125,0.0234375,0.0078125,0.15625,0.69921875
350,47,dog_bark__fsd50k__dev__364662__0047__r0.wav,dog_bark,dog_bark,1,0.859375,0.0,0.0,0.0,0.13671875,0.0
351,47,dog_bark__fsd50k__dev__364662__0047__r0.wav,dog_bark,dog_bark,1,0.66015625,0.00390625,0.00390625,0.0078125,0.328125,0.0
352,47,dog_bark__fsd50k__dev__364662__0047__r0.wav,dog_bark,dog_bark,1,0.76953125,0.0,0.0,0.00390625,0.21875,0.00390625
353,47,dog_bark__fsd50k__dev__364662__0047__r0.wav,dog_bark,dog_bark,1,0.7578125,0.0,0.0078125,0.13671875,0.09375,0.00390625
354,47,dog_bark__fsd50k__dev__364662__0047__r0.wav,dog_bark,siren,0,0.109375,0.0625,0.078125,0.3828125,0.15234375,0.21484375
355,47,dog_bark__fsd50k__dev__364662__0047__r0.wav,dog_bark,thunderstorm,0,0.15625,0.09765625,0.03125,0.078125,0.1953125,0.44140625
356,47,dog_bark__fsd50k__dev__364662__0047__r0.wav,dog_bark,siren,0,0.1171875,0.07421875,0.01953125,0.37109375,0.18359375,0.234375
357,47,dog_bark__fsd50k__dev__364662__0047__r0.wav,dog_bark,glass_breaking,0,0.08203125,0.5234375,0.01953125,0.02734375,0.26171875,0.08203125
358,47,dog_bark__fsd50k__dev__364662__0047__r0.wav,dog_bark,speech,0,0.06640625,0.16796875,0.02734375,0.1328125,0.37109375,0.234375
359,47,dog_bark__fsd50k__dev__364662__0047__r0.wav,dog_bark,dog_bark,1,0.609375,0.00390625,0.0078125,0.04296875,0.3046875,0.02734375
360,47,dog_bark__fsd50k__dev__364662__0047__r0.wav,dog_bark,dog_bark,1,0.90234375,0.0,0.0,0.00390625,0.08984375,0.0
361,47,dog_bark__fsd50k__dev__364662__0047__r0.wav,dog_bark,dog_bark,1,0.93359375,0.0,0.00390625,0.00390625,0.05859375,0.0
362,48,dog_bark__fsd50k__dev__365089__0048__r0.wav,dog_bark,dog_bark,1,0.75,0.0,0.00390625,0.0078125,0.23828125,0.00390625
363,48,dog_bark__fsd50k__dev__365089__0048__r0.wav,dog_bark,dog_bark,1,0.69921875,0.015625,0.015625,0.01171875,0.25,0.0078125
364,48,dog_bark__fsd50k__dev__365089__0048__r0.wav,dog_bark,dog_bark,1,0.76953125,0.00390625,0.00390625,0.00390625,0.21875,0.0
365,48,dog_bark__fsd50k__dev__365089__0048__r0.wav,dog_bark,dog_bark,1,0.73046875,0.00390625,0.0,0.00390625,0.26171875,0.0
366,48,dog_bark__fsd50k__dev__365089__0048__r0.wav,dog_bark,dog_bark,1,0.5390625,0.15234375,0.046875,0.01953125,0.19140625,0.046875
367,48,dog_bark__fsd50k__dev__365089__0048__r0.wav,dog_bark,dog_bark,1,0.68359375,0.0546875,0.03515625,0.0078125,0.19140625,0.02734375
368,48,dog_bark__fsd50k__dev__365089__0048__r0.wav,dog_bark,dog_bark,1,0.74609375,0.00390625,0.0,0.0078125,0.234375,0.00390625
369,48,dog_bark__fsd50k__dev__365089__0048__r0.wav,dog_bark,dog_bark,1,0.7890625,0.0,0.00390625,0.00390625,0.19921875,0.0
370,48,dog_bark__fsd50k__dev__365089__0048__r0.wav,dog_bark,dog_bark,1,0.87109375,0.0078125,0.00390625,0.00390625,0.109375,0.00390625
371,48,dog_bark__fsd50k__dev__365089__0048__r0.wav,dog_bark,dog_bark,1,0.75390625,0.03125,0.015625,0.00390625,0.1875,0.0078125
372,49,dog_bark__fsd50k__dev__36902__0049__r0.wav,dog_bark,dog_bark,1,0.859375,0.0,0.0,0.01953125,0.12109375,0.0
373,49,dog_bark__fsd50k__dev__36902__0049__r0.wav,dog_bark,dog_bark,1,0.81640625,0.0,0.0,0.01953125,0.1640625,0.0
374,49,dog_bark__fsd50k__dev__36902__0049__r0.wav,dog_bark,dog_bark,1,0.8515625,0.0,0.0,0.02734375,0.12109375,0.0
375,49,dog_bark__fsd50k__dev__36902__0049__r0.wav,dog_bark,dog_bark,1,0.71484375,0.0,0.0,0.08203125,0.203125,0.0
376,49,dog_bark__fsd50k__dev__36902__0049__r0.wav,dog_bark,dog_bark,1,0.8515625,0.00390625,0.0,0.05859375,0.0859375,0.0
377,49,dog_bark__fsd50k__dev__36902__0049__r0.wav,dog_bark,dog_bark,1,0.8515625,0.01171875,0.0,0.015625,0.12109375,0.0
378,49,dog_bark__fsd50k__dev__36902__0049__r0.wav,dog_bark,dog_bark,1,0.58203125,0.01953125,0.0,0.02734375,0.3671875,0.0
379,50,dog_bark__fsd50k__dev__369648__0050__r0.wav,dog_bark,siren,0,0.26171875,0.0,0.0,0.58984375,0.1484375,0.0
380,50,dog_bark__fsd50k__dev__369648__0050__r0.wav,dog_bark,dog_bark,1,0.66796875,0.0,0.0,0.09375,0.23828125,0.0
381,50,dog_bark__fsd50k__dev__369648__0050__r0.wav,dog_bark,speech,0,0.3359375,0.04296875,0.01171875,0.12109375,0.421875,0.06640625
382,50,dog_bark__fsd50k__dev__369648__0050__r0.wav,dog_bark,dog_bark,1,0.61328125,0.00390625,0.0,0.0703125,0.30859375,0.00390625
383,51,dog_bark__fsd50k__dev__370714__0051__r0.wav,dog_bark,dog_bark,1,0.625,0.0234375,0.01953125,0.01953125,0.3125,0.0
384,51,dog_bark__fsd50k__dev__370714__0051__r0.wav,dog_bark,speech,0,0.40234375,0.00390625,0.0078125,0.01953125,0.56640625,0.00390625
385,51,dog_bark__fsd50k__dev__370714__0051__r0.wav,dog_bark,speech,0,0.12890625,0.0,0.0,0.05078125,0.81640625,0.00390625
386,51,dog_bark__fsd50k__dev__370714__0051__r0.wav,dog_bark,speech,0,0.28515625,0.0078125,0.03125,0.01953125,0.640625,0.015625
387,51,dog_bark__fsd50k__dev__370714__0051__r0.wav,dog_bark,speech,0,0.24609375,0.0625,0.015625,0.01953125,0.5546875,0.09765625
388,51,dog_bark__fsd50k__dev__370714__0051__r0.wav,dog_bark,speech,0,0.3984375,0.0,0.0078125,0.0234375,0.5625,0.0078125
389,51,dog_bark__fsd50k__dev__370714__0051__r0.wav,dog_bark,speech,0,0.0625,0.0,0.0,0.0390625,0.89453125,0.00390625
390,51,dog_bark__fsd50k__dev__370714__0051__r0.wav,dog_bark,dog_bark,1,0.5234375,0.0,0.0,0.0078125,0.46875,0.0
391,51,dog_bark__fsd50k__dev__370714__0051__r0.wav,dog_bark,speech,0,0.2578125,0.05859375,0.01171875,0.0234375,0.64453125,0.0078125
392,51,dog_bark__fsd50k__dev__370714__0051__r0.wav,dog_bark,dog_bark,1,0.52734375,0.05859375,0.03125,0.046875,0.33203125,0.0
393,51,dog_bark__fsd50k__dev__370714__0051__r0.wav,dog_bark,dog_bark,1,0.4140625,0.12890625,0.015625,0.01953125,0.4140625,0.0078125
394,51,dog_bark__fsd50k__dev__370714__0051__r0.wav,dog_bark,speech,0,0.08203125,0.203125,0.03125,0.05078125,0.453125,0.1796875
395,51,dog_bark__fsd50k__dev__370714__0051__r0.wav,dog_bark,speech,0,0.140625,0.00390625,0.01171875,0.05078125,0.79296875,0.00390625
396,52,dog_bark__fsd50k__dev__379531__0052__r0.wav,dog_bark,dog_bark,1,0.9375,0.0234375,0.0,0.00390625,0.03515625,0.0
397,52,dog_bark__fsd50k__dev__379531__0052__r0.wav,dog_bark,dog_bark,1,0.96484375,0.0078125,0.0,0.00390625,0.0234375,0.0
398,52,dog_bark__fsd50k__dev__379531__0052__r0.wav,dog_bark,dog_bark,1,0.9296875,0.01953125,0.00390625,0.0078125,0.03515625,0.0
399,52,dog_bark__fsd50k__dev__379531__0052__r0.wav,dog_bark,dog_bark,1,0.953125,0.0078125,0.00390625,0.0078125,0.0234375,0.0
400,52,dog_bark__fsd50k__dev__379531__0052__r0.wav,dog_bark,dog_bark,1,0.9609375,0.00390625,0.00390625,0.00390625,0.02734375,0.0
401,52,dog_bark__fsd50k__dev__379531__0052__r0.wav,dog_bark,dog_bark,1,0.9453125,0.00390625,0.00390625,0.00390625,0.04296875,0.0
402,52,dog_bark__fsd50k__dev__379531__0052__r0.wav,dog_bark,dog_bark,1,0.5,0.15625,0.0703125,0.0625,0.19921875,0.0078125
403,52,dog_bark__fsd50k__dev__379531__0052__r0.wav,dog_bark,thunderstorm,0,0.18359375,0.234375,0.09375,0.01953125,0.20703125,0.26171875
404,52,dog_bark__fsd50k__dev__379531__0052__r0.wav,dog_bark,glass_breaking,0,0.15234375,0.34375,0.06640625,0.01171875,0.15234375,0.2734375
405,52,dog_bark__fsd50k__dev__379531__0052__r0.wav,dog_bark,thunderstorm,0,0.11328125,0.31640625,0.05078125,0.01953125,0.140625,0.35546875
406,52,dog_bark__fsd50k__dev__379531__0052__r0.wav,dog_bark,glass_breaking,0,0.19921875,0.3984375,0.0703125,0.0234375,0.125,0.1796875
407,52,dog_bark__fsd50k__dev__379531__0052__r0.wav,dog_bark,thunderstorm,0,0.15234375,0.19140625,0.09765625,0.015625,0.109375,0.43359375
408,52,dog_bark__fsd50k__dev__379531__0052__r0.wav,dog_bark,glass_breaking,0,0.15625,0.3125,0.09765625,0.02734375,0.08984375,0.3125
409,53,dog_bark__fsd50k__dev__381434__0053__r0.wav,dog_bark,dog_bark,1,0.73828125,0.0,0.0,0.05078125,0.20703125,0.00390625
410,53,dog_bark__fsd50k__dev__381434__0053__r0.wav,dog_bark,dog_bark,1,0.47265625,0.0,0.0,0.421875,0.10546875,0.0
411,53,dog_bark__fsd50k__dev__381434__0053__r0.wav,dog_bark,dog_bark,1,0.52734375,0.0,0.00390625,0.33203125,0.1328125,0.0
412,53,dog_bark__fsd50k__dev__381434__0053__r0.wav,dog_bark,dog_bark,1,0.7890625,0.0,0.0,0.0703125,0.140625,0.0
413,53,dog_bark__fsd50k__dev__381434__0053__r0.wav,dog_bark,dog_bark,1,0.69140625,0.0,0.0,0.0859375,0.21875,0.00390625
414,53,dog_bark__fsd50k__dev__381434__0053__r0.wav,dog_bark,siren,0,0.33984375,0.0,0.00390625,0.48046875,0.171875,0.00390625
415,54,dog_bark__fsd50k__dev__381692__0054__r0.wav,dog_bark,thunderstorm,0,0.01171875,0.01953125,0.0625,0.0703125,0.03515625,0.80078125
416,54,dog_bark__fsd50k__dev__381692__0054__r0.wav,dog_bark,thunderstorm,0,0.0078125,0.01171875,0.046875,0.09375,0.01171875,0.83203125
417,54,dog_bark__fsd50k__dev__381692__0054__r0.wav,dog_bark,thunderstorm,0,0.12890625,0.015625,0.0390625,0.11328125,0.12890625,0.57421875
418,54,dog_bark__fsd50k__dev__381692__0054__r0.wav,dog_bark,thunderstorm,0,0.1484375,0.0078125,0.01953125,0.10546875,0.1328125,0.58984375
419,54,dog_bark__fsd50k__dev__381692__0054__r0.wav,dog_bark,dog_bark,1,0.41015625,0.015625,0.09375,0.06640625,0.18359375,0.23046875
420,54,dog_bark__fsd50k__dev__381692__0054__r0.wav,dog_bark,thunderstorm,0,0.03515625,0.0078125,0.0390625,0.0390625,0.01953125,0.86328125
421,54,dog_bark__fsd50k__dev__381692__0054__r0.wav,dog_bark,thunderstorm,0,0.01171875,0.00390625,0.0234375,0.015625,0.01953125,0.9296875
422,54,dog_bark__fsd50k__dev__381692__0054__r0.wav,dog_bark,thunderstorm,0,0.0078125,0.0078125,0.0234375,0.01953125,0.01171875,0.93359375
423,54,dog_bark__fsd50k__dev__381692__0054__r0.wav,dog_bark,thunderstorm,0,0.01171875,0.01171875,0.05859375,0.07421875,0.015625,0.828125
424,54,dog_bark__fsd50k__dev__381692__0054__r0.wav,dog_bark,thunderstorm,0,0.02734375,0.01953125,0.046875,0.05078125,0.02734375,0.82421875
425,54,dog_bark__fsd50k__dev__381692__0054__r0.wav,dog_bark,thunderstorm,0,0.09375,0.01953125,0.015625,0.0390625,0.1015625,0.73046875
426,54,dog_bark__fsd50k__dev__381692__0054__r0.wav,dog_bark,thunderstorm,0,0.0234375,0.00390625,0.01171875,0.01171875,0.078125,0.87109375
427,54,dog_bark__fsd50k__dev__381692__0054__r0.wav,dog_bark,speech,0,0.2109375,0.03125,0.015625,0.07421875,0.4765625,0.1875
428,55,dog_bark__fsd50k__dev__381799__0055__r0.wav,dog_bark,dog_bark,1,0.9765625,0.0,0.00390625,0.0,0.015625,0.0
429,56,dog_bark__fsd50k__dev__389254__0056__r0.wav,dog_bark,dog_bark,1,0.8984375,0.0,0.0,0.0,0.1015625,0.0
430,56,dog_bark__fsd50k__dev__389254__0056__r0.wav,dog_bark,dog_bark,1,0.7578125,0.0,0.0,0.0,0.23828125,0.0
431,57,dog_bark__fsd50k__dev__398724__0057__r0.wav,dog_bark,dog_bark,1,0.47265625,0.23828125,0.1328125,0.0234375,0.1328125,0.0
432,57,dog_bark__fsd50k__dev__398724__0057__r0.wav,dog_bark,dog_bark,1,0.47265625,0.23828125,0.1484375,0.0234375,0.1171875,0.0
433,57,dog_bark__fsd50k__dev__398724__0057__r0.wav,dog_bark,glass_breaking,0,0.08984375,0.796875,0.08984375,0.0078125,0.01953125,0.0
434,57,dog_bark__fsd50k__dev__398724__0057__r0.wav,dog_bark,glass_breaking,0,0.1328125,0.66796875,0.10546875,0.04296875,0.046875,0.0
435,57,dog_bark__fsd50k__dev__398724__0057__r0.wav,dog_bark,dog_bark,1,0.44140625,0.22265625,0.140625,0.0546875,0.140625,0.0
436,57,dog_bark__fsd50k__dev__398724__0057__r0.wav,dog_bark,glass_breaking,0,0.2734375,0.546875,0.0859375,0.03125,0.0625,0.0
437,58,dog_bark__fsd50k__dev__400576__0058__r0.wav,dog_bark,dog_bark,1,0.95703125,0.00390625,0.0,0.00390625,0.0390625,0.0
438,58,dog_bark__fsd50k__dev__400576__0058__r0.wav,dog_bark,dog_bark,1,0.4296875,0.2421875,0.09765625,0.03125,0.09765625,0.109375
439,58,dog_bark__fsd50k__dev__400576__0058__r0.wav,dog_bark,glass_breaking,0,0.34765625,0.390625,0.0546875,0.0078125,0.109375,0.0859375
440,58,dog_bark__fsd50k__dev__400576__0058__r0.wav,dog_bark,glass_breaking,0,0.26171875,0.41796875,0.05859375,0.01171875,0.1484375,0.10546875
441,58,dog_bark__fsd50k__dev__400576__0058__r0.wav,dog_bark,glass_breaking,0,0.2421875,0.60546875,0.0390625,0.00390625,0.078125,0.03515625
442,58,dog_bark__fsd50k__dev__400576__0058__r0.wav,dog_bark,dog_bark,1,0.79296875,0.01171875,0.00390625,0.0078125,0.1796875,0.00390625
443,58,dog_bark__fsd50k__dev__400576__0058__r0.wav,dog_bark,dog_bark,1,0.71484375,0.01171875,0.00390625,0.015625,0.25390625,0.0
444,58,dog_bark__fsd50k__dev__400576__0058__r0.wav,dog_bark,dog_bark,1,0.4609375,0.3671875,0.04296875,0.01171875,0.1015625,0.015625
445,58,dog_bark__fsd50k__dev__400576__0058__r0.wav,dog_bark,dog_bark,1,0.4921875,0.3125,0.0390625,0.02734375,0.125,0.0078125
446,58,dog_bark__fsd50k__dev__400576__0058__r0.wav,dog_bark,dog_bark,1,0.953125,0.00390625,0.0,0.0,0.04296875,0.0
447,58,dog_bark__fsd50k__dev__400576__0058__r0.wav,dog_bark,dog_bark,1,0.90625,0.03125,0.0078125,0.00390625,0.05078125,0.0
448,58,dog_bark__fsd50k__dev__400576__0058__r0.wav,dog_bark,dog_bark,1,0.94921875,0.00390625,0.0,0.0,0.04296875,0.0
449,59,dog_bark__fsd50k__dev__404233__0059__r0.wav,dog_bark,dog_bark,1,0.87109375,0.04296875,0.0234375,0.0078125,0.0546875,0.0
450,60,glass_breaking__esc50__fold_4__204115__0000__r0.wav,glass_breaking,glass_breaking,1,0.08203125,0.82421875,0.01953125,0.00390625,0.06640625,0.0
451,61,glass_breaking__esc50__fold_4__204119__0001__r0.wav,glass_breaking,glass_breaking,1,0.109375,0.6953125,0.0859375,0.00390625,0.09765625,0.0
452,62,glass_breaking__esc50__fold_4__204121__0002__r0.wav,glass_breaking,glass_breaking,1,0.11328125,0.70703125,0.08984375,0.00390625,0.08984375,0.0
453,62,glass_breaking__esc50__fold_4__204121__0002__r0.wav,glass_breaking,glass_breaking,1,0.03515625,0.3671875,0.23046875,0.01171875,0.05859375,0.29296875
454,63,glass_breaking__esc50__fold_4__204123__0003__r0.wav,glass_breaking,glass_breaking,1,0.18359375,0.515625,0.1015625,0.01171875,0.18359375,0.00390625
455,63,glass_breaking__esc50__fold_4__204123__0003__r0.wav,glass_breaking,glass_breaking,1,0.21484375,0.42578125,0.12109375,0.0390625,0.16796875,0.03515625
456,64,glass_breaking__esc50__fold_4__204777__0004__r0.wav,glass_breaking,glass_breaking,1,0.0,0.92578125,0.05859375,0.0,0.01171875,0.0
457,64,glass_breaking__esc50__fold_4__204777__0004__r0.wav,glass_breaking,glass_breaking,1,0.0,0.9296875,0.04296875,0.00390625,0.0234375,0.0
458,64,glass_breaking__esc50__fold_4__204777__0004__r0.wav,glass_breaking,glass_breaking,1,0.01171875,0.828125,0.10546875,0.00390625,0.05078125,0.0
459,64,glass_breaking__esc50__fold_4__204777__0004__r0.wav,glass_breaking,glass_breaking,1,0.01171875,0.93359375,0.03515625,0.00390625,0.015625,0.0
460,64,glass_breaking__esc50__fold_4__204777__0004__r0.wav,glass_breaking,glass_breaking,1,0.0546875,0.5625,0.125,0.125,0.125,0.00390625
461,64,glass_breaking__esc50__fold_4__204777__0004__r0.wav,glass_breaking,glass_breaking,1,0.0078125,0.9609375,0.01171875,0.00390625,0.01953125,0.0
462,65,glass_breaking__esc50__fold_4__204777__0005__r0.wav,glass_breaking,glass_breaking,1,0.00390625,0.96484375,0.01953125,0.0,0.01171875,0.0
463,65,glass_breaking__esc50__fold_4__204777__0005__r0.wav,glass_breaking,glass_breaking,1,0.0,0.92578125,0.046875,0.0,0.01953125,0.00390625
464,65,glass_breaking__esc50__fold_4__204777__0005__r0.wav,glass_breaking,glass_breaking,1,0.03515625,0.5546875,0.02734375,0.01171875,0.1953125,0.17578125
465,65,glass_breaking__esc50__fold_4__204777__0005__r0.wav,glass_breaking,gunshot_gunfire,0,0.16015625,0.359375,0.40234375,0.0078125,0.0625,0.00390625
466,65,glass_breaking__esc50__fold_4__204777__0005__r0.wav,glass_breaking,gunshot_gunfire,0,0.0546875,0.171875,0.61328125,0.03125,0.09765625,0.03515625
467,65,glass_breaking__esc50__fold_4__204777__0005__r0.wav,glass_breaking,gunshot_gunfire,0,0.0234375,0.078125,0.89453125,0.0,0.00390625,0.0
468,66,glass_breaking__esc50__fold_4__204777__0006__r0.wav,glass_breaking,glass_breaking,1,0.015625,0.6484375,0.2578125,0.01953125,0.046875,0.0078125
469,66,glass_breaking__esc50__fold_4__204777__0006__r0.wav,glass_breaking,glass_breaking,1,0.19921875,0.69921875,0.0625,0.0,0.0390625,0.0
470,66,glass_breaking__esc50__fold_4__204777__0006__r0.wav,glass_breaking,gunshot_gunfire,0,0.05078125,0.0234375,0.5234375,0.33203125,0.05859375,0.0078125
471,66,glass_breaking__esc50__fold_4__204777__0006__r0.wav,glass_breaking,glass_breaking,1,0.01171875,0.64453125,0.2890625,0.02734375,0.0234375,0.0078125
472,67,glass_breaking__esc50__fold_4__212698__0007__r0.wav,glass_breaking,glass_breaking,1,0.01171875,0.57421875,0.359375,0.0,0.01953125,0.03515625
473,67,glass_breaking__esc50__fold_4__212698__0007__r0.wav,glass_breaking,glass_breaking,1,0.00390625,0.55078125,0.30859375,0.0,0.0234375,0.109375
474,68,glass_breaking__fsd50k__dev__100021__0008__r0.wav,glass_breaking,glass_breaking,1,0.0078125,0.953125,0.01953125,0.0078125,0.01171875,0.0
475,69,glass_breaking__fsd50k__dev__109754__0009__r0.wav,glass_breaking,speech,0,0.1953125,0.21875,0.00390625,0.0390625,0.546875,0.0
476,70,glass_breaking__fsd50k__dev__115916__0010__r0.wav,glass_breaking,thunderstorm,0,0.015625,0.0703125,0.09765625,0.0234375,0.0234375,0.76953125
477,70,glass_breaking__fsd50k__dev__115916__0010__r0.wav,glass_breaking,thunderstorm,0,0.03125,0.109375,0.109375,0.0390625,0.0234375,0.6875
478,70,glass_breaking__fsd50k__dev__115916__0010__r0.wav,glass_breaking,thunderstorm,0,0.0390625,0.12890625,0.11328125,0.046875,0.03125,0.640625
479,70,glass_breaking__fsd50k__dev__115916__0010__r0.wav,glass_breaking,thunderstorm,0,0.01953125,0.07421875,0.10546875,0.0234375,0.01953125,0.75390625
480,70,glass_breaking__fsd50k__dev__115916__0010__r0.wav,glass_breaking,thunderstorm,0,0.01953125,0.0703125,0.0625,0.015625,0.01953125,0.80859375
481,70,glass_breaking__fsd50k__dev__115916__0010__r0.wav,glass_breaking,gunshot_gunfire,0,0.0625,0.19921875,0.70703125,0.0078125,0.01953125,0.00390625
482,70,glass_breaking__fsd50k__dev__115916__0010__r0.wav,glass_breaking,glass_breaking,1,0.015625,0.82421875,0.05078125,0.01171875,0.05859375,0.04296875
483,70,glass_breaking__fsd50k__dev__115916__0010__r0.wav,glass_breaking,glass_breaking,1,0.046875,0.453125,0.12890625,0.0390625,0.046875,0.28515625
484,70,glass_breaking__fsd50k__dev__115916__0010__r0.wav,glass_breaking,thunderstorm,0,0.02734375,0.15234375,0.0859375,0.03515625,0.03125,0.671875
485,70,glass_breaking__fsd50k__dev__115916__0010__r0.wav,glass_breaking,thunderstorm,0,0.02734375,0.125,0.078125,0.01953125,0.03125,0.71484375
486,71,glass_breaking__fsd50k__dev__115922__0011__r0.wav,glass_breaking,dog_bark,0,0.41015625,0.3671875,0.01953125,0.03125,0.1640625,0.0078125
487,71,glass_breaking__fsd50k__dev__115922__0011__r0.wav,glass_breaking,glass_breaking,1,0.0234375,0.71484375,0.05859375,0.00390625,0.05859375,0.140625
488,71,glass_breaking__fsd50k__dev__115922__0011__r0.wav,glass_breaking,glass_breaking,1,0.046875,0.67578125,0.09375,0.0078125,0.0546875,0.12109375
489,71,glass_breaking__fsd50k__dev__115922__0011__r0.wav,glass_breaking,thunderstorm,0,0.12109375,0.26953125,0.09375,0.015625,0.07421875,0.42578125
490,71,glass_breaking__fsd50k__dev__115922__0011__r0.wav,glass_breaking,thunderstorm,0,0.140625,0.19921875,0.08984375,0.02734375,0.08984375,0.44921875
491,71,glass_breaking__fsd50k__dev__115922__0011__r0.wav,glass_breaking,glass_breaking,1,0.2421875,0.3046875,0.0546875,0.03125,0.15234375,0.21484375
492,71,glass_breaking__fsd50k__dev__115922__0011__r0.wav,glass_breaking,dog_bark,0,0.30078125,0.15234375,0.0859375,0.16796875,0.10546875,0.1875
493,71,glass_breaking__fsd50k__dev__115922__0011__r0.wav,glass_breaking,thunderstorm,0,0.1171875,0.18359375,0.09375,0.01953125,0.06640625,0.51953125
494,71,glass_breaking__fsd50k__dev__115922__0011__r0.wav,glass_breaking,gunshot_gunfire,0,0.02734375,0.09375,0.8515625,0.00390625,0.01171875,0.015625
495,71,glass_breaking__fsd50k__dev__115922__0011__r0.wav,glass_breaking,glass_breaking,1,0.0390625,0.609375,0.171875,0.01953125,0.0546875,0.109375
496,71,glass_breaking__fsd50k__dev__115922__0011__r0.wav,glass_breaking,thunderstorm,0,0.07421875,0.33203125,0.05859375,0.07421875,0.08203125,0.375
497,71,glass_breaking__fsd50k__dev__115922__0011__r0.wav,glass_breaking,thunderstorm,0,0.203125,0.203125,0.03515625,0.16015625,0.08203125,0.3203125
498,71,glass_breaking__fsd50k__dev__115922__0011__r0.wav,glass_breaking,thunderstorm,0,0.109375,0.26953125,0.0390625,0.0859375,0.06640625,0.4296875
499,72,glass_breaking__fsd50k__dev__118515__0012__r0.wav,glass_breaking,glass_breaking,1,0.0,0.6875,0.30859375,0.0,0.00390625,0.00390625
500,73,glass_breaking__fsd50k__dev__120527__0013__r0.wav,glass_breaking,glass_breaking,1,0.015625,0.87109375,0.0,0.01171875,0.0859375,0.015625
501,73,glass_breaking__fsd50k__dev__120527__0013__r0.wav,glass_breaking,glass_breaking,1,0.05078125,0.625,0.0078125,0.078125,0.22265625,0.01953125
502,73,glass_breaking__fsd50k__dev__120527__0013__r0.wav,glass_breaking,glass_breaking,1,0.08984375,0.703125,0.00390625,0.015625,0.17578125,0.01171875
503,73,glass_breaking__fsd50k__dev__120527__0013__r0.wav,glass_breaking,glass_breaking,1,0.0390625,0.80859375,0.015625,0.0078125,0.11328125,0.01171875
504,73,glass_breaking__fsd50k__dev__120527__0013__r0.wav,glass_breaking,glass_breaking,1,0.046875,0.6015625,0.03515625,0.01171875,0.1328125,0.16796875
505,74,glass_breaking__fsd50k__dev__126465__0014__r0.wav,glass_breaking,glass_breaking,1,0.00390625,0.9921875,0.0,0.0,0.00390625,0.0
506,74,glass_breaking__fsd50k__dev__126465__0014__r0.wav,glass_breaking,glass_breaking,1,0.078125,0.7890625,0.0,0.00390625,0.125,0.0
507,74,glass_breaking__fsd50k__dev__126465__0014__r0.wav,glass_breaking,glass_breaking,1,0.0078125,0.96484375,0.0,0.0,0.0234375,0.0
508,74,glass_breaking__fsd50k__dev__126465__0014__r0.wav,glass_breaking,glass_breaking,1,0.00390625,0.98828125,0.0,0.0,0.0078125,0.0
509,74,glass_breaking__fsd50k__dev__126465__0014__r0.wav,glass_breaking,glass_breaking,1,0.0,0.9921875,0.0,0.0,0.00390625,0.0
510,74,glass_breaking__fsd50k__dev__126465__0014__r0.wav,glass_breaking,glass_breaking,1,0.00390625,0.98828125,0.0,0.0,0.0078125,0.0
511,74,glass_breaking__fsd50k__dev__126465__0014__r0.wav,glass_breaking,glass_breaking,1,0.00390625,0.9765625,0.0,0.0,0.015625,0.0
512,74,glass_breaking__fsd50k__dev__126465__0014__r0.wav,glass_breaking,glass_breaking,1,0.00390625,0.984375,0.0,0.0,0.0078125,0.0
513,74,glass_breaking__fsd50k__dev__126465__0014__r0.wav,glass_breaking,glass_breaking,1,0.01171875,0.953125,0.0078125,0.00390625,0.01953125,0.00390625
514,74,glass_breaking__fsd50k__dev__126465__0014__r0.wav,glass_breaking,glass_breaking,1,0.00390625,0.96875,0.0234375,0.0,0.00390625,0.0
515,74,glass_breaking__fsd50k__dev__126465__0014__r0.wav,glass_breaking,glass_breaking,1,0.00390625,0.984375,0.0,0.0,0.01171875,0.0
516,74,glass_breaking__fsd50k__dev__126465__0014__r0.wav,glass_breaking,glass_breaking,1,0.0078125,0.9609375,0.0,0.0,0.02734375,0.0
517,74,glass_breaking__fsd50k__dev__126465__0014__r0.wav,glass_breaking,glass_breaking,1,0.0078125,0.96875,0.00390625,0.0,0.015625,0.00390625
518,75,glass_breaking__fsd50k__dev__127543__0015__r0.wav,glass_breaking,glass_breaking,1,0.00390625,0.87890625,0.109375,0.0,0.0078125,0.0
519,76,glass_breaking__fsd50k__dev__131879__0016__r0.wav,glass_breaking,glass_breaking,1,0.06640625,0.66796875,0.015625,0.00390625,0.1875,0.05859375
520,76,glass_breaking__fsd50k__dev__131879__0016__r0.wav,glass_breaking,glass_breaking,1,0.00390625,0.984375,0.0,0.0,0.01171875,0.0
521,76,glass_breaking__fsd50k__dev__131879__0016__r0.wav,glass_breaking,glass_breaking,1,0.0078125,0.94921875,0.00390625,0.0,0.03515625,0.00390625
522,76,glass_breaking__fsd50k__dev__131879__0016__r0.wav,glass_breaking,glass_breaking,1,0.03515625,0.81640625,0.02734375,0.0078125,0.08984375,0.015625
523,77,glass_breaking__fsd50k__dev__132918__0017__r0.wav,glass_breaking,dog_bark,0,0.62890625,0.0234375,0.0,0.19921875,0.140625,0.00390625
524,77,glass_breaking__fsd50k__dev__132918__0017__r0.wav,glass_breaking,dog_bark,0,0.62890625,0.04296875,0.0,0.01171875,0.31640625,0.0
525,77,glass_breaking__fsd50k__dev__132918__0017__r0.wav,glass_breaking,dog_bark,0,0.46875,0.10546875,0.0,0.01171875,0.41796875,0.0
526,77,glass_breaking__fsd50k__dev__132918__0017__r0.wav,glass_breaking,dog_bark,0,0.59765625,0.0234375,0.0,0.04296875,0.3359375,0.0
527,77,glass_breaking__fsd50k__dev__132918__0017__r0.wav,glass_breaking,dog_bark,0,0.70703125,0.0234375,0.0,0.0703125,0.19921875,0.0
528,78,glass_breaking__fsd50k__dev__135039__0018__r0.wav,glass_breaking,glass_breaking,1,0.0078125,0.90234375,0.0625,0.01171875,0.015625,0.00390625
529,79,glass_breaking__fsd50k__dev__144321__0019__r0.wav,glass_breaking,glass_breaking,1,0.0078125,0.9375,0.00390625,0.0078125,0.04296875,0.0
530,79,glass_breaking__fsd50k__dev__144321__0019__r0.wav,glass_breaking,glass_breaking,1,0.02734375,0.9375,0.015625,0.00390625,0.01953125,0.0
531,80,glass_breaking__fsd50k__dev__145209__0020__r0.wav,glass_breaking,glass_breaking,1,0.0390625,0.55078125,0.390625,0.0,0.015625,0.0
532,80,glass_breaking__fsd50k__dev__145209__0020__r0.wav,glass_breaking,glass_breaking,1,0.0625,0.78515625,0.140625,0.0,0.01171875,0.0
533,80,glass_breaking__fsd50k__dev__145209__0020__r0.wav,glass_breaking,glass_breaking,1,0.015625,0.921875,0.05078125,0.0,0.01171875,0.0
534,80,glass_breaking__fsd50k__dev__145209__0020__r0.wav,glass_breaking,glass_breaking,1,0.06640625,0.765625,0.13671875,0.0,0.02734375,0.00390625
535,80,glass_breaking__fsd50k__dev__145209__0020__r0.wav,glass_breaking,glass_breaking,1,0.0546875,0.78515625,0.140625,0.0,0.01953125,0.0
536,80,glass_breaking__fsd50k__dev__145209__0020__r0.wav,glass_breaking,glass_breaking,1,0.04296875,0.8359375,0.10546875,0.0,0.015625,0.0
537,80,glass_breaking__fsd50k__dev__145209__0020__r0.wav,glass_breaking,glass_breaking,1,0.0234375,0.640625,0.3203125,0.0,0.01171875,0.00390625
538,80,glass_breaking__fsd50k__dev__145209__0020__r0.wav,glass_breaking,gunshot_gunfire,0,0.00390625,0.0078125,0.98046875,0.00390625,0.00390625,0.00390625
539,80,glass_breaking__fsd50k__dev__145209__0020__r0.wav,glass_breaking,gunshot_gunfire,0,0.02734375,0.14453125,0.8046875,0.0,0.01953125,0.00390625
540,80,glass_breaking__fsd50k__dev__145209__0020__r0.wav,glass_breaking,glass_breaking,1,0.0078125,0.8515625,0.13671875,0.0,0.00390625,0.0
541,80,glass_breaking__fsd50k__dev__145209__0020__r0.wav,glass_breaking,gunshot_gunfire,0,0.0078125,0.078125,0.8984375,0.0,0.0078125,0.00390625
542,80,glass_breaking__fsd50k__dev__145209__0020__r0.wav,glass_breaking,gunshot_gunfire,0,0.01953125,0.453125,0.51171875,0.0,0.01171875,0.00390625
543,80,glass_breaking__fsd50k__dev__145209__0020__r0.wav,glass_breaking,glass_breaking,1,0.015625,0.8671875,0.0703125,0.0,0.02734375,0.0234375
544,81,glass_breaking__fsd50k__dev__147867__0021__r0.wav,glass_breaking,glass_breaking,1,0.015625,0.96875,0.0,0.00390625,0.01171875,0.0
545,82,glass_breaking__fsd50k__dev__156031__0022__r0.wav,glass_breaking,thunderstorm,0,0.0078125,0.03515625,0.31640625,0.04296875,0.03515625,0.5625
546,82,glass_breaking__fsd50k__dev__156031__0022__r0.wav,glass_breaking,thunderstorm,0,0.00390625,0.2421875,0.12109375,0.21484375,0.078125,0.34375
547,82,glass_breaking__fsd50k__dev__156031__0022__r0.wav,glass_breaking,thunderstorm,0,0.0,0.00390625,0.109375,0.0859375,0.01171875,0.78125
548,82,glass_breaking__fsd50k__dev__156031__0022__r0.wav,glass_breaking,thunderstorm,0,0.00390625,0.0,0.0546875,0.0703125,0.01171875,0.86328125
549,82,glass_breaking__fsd50k__dev__156031__0022__r0.wav,glass_breaking,thunderstorm,0,0.0078125,0.00390625,0.05859375,0.06640625,0.015625,0.84765625
550,82,glass_breaking__fsd50k__dev__156031__0022__r0.wav,glass_breaking,thunderstorm,0,0.0234375,0.01171875,0.0859375,0.078125,0.0390625,0.765625
551,82,glass_breaking__fsd50k__dev__156031__0022__r0.wav,glass_breaking,thunderstorm,0,0.0390625,0.02734375,0.0859375,0.12109375,0.0546875,0.67578125
552,82,glass_breaking__fsd50k__dev__156031__0022__r0.wav,glass_breaking,thunderstorm,0,0.0546875,0.046875,0.0859375,0.0703125,0.0546875,0.6875
553,82,glass_breaking__fsd50k__dev__156031__0022__r0.wav,glass_breaking,thunderstorm,0,0.08203125,0.09375,0.1484375,0.03515625,0.05078125,0.5859375
554,83,glass_breaking__fsd50k__dev__159197__0023__r0.wav,glass_breaking,glass_breaking,1,0.015625,0.9453125,0.01171875,0.00390625,0.01953125,0.0
555,83,glass_breaking__fsd50k__dev__159197__0023__r0.wav,glass_breaking,glass_breaking,1,0.03125,0.828125,0.00390625,0.04296875,0.09375,0.0
556,83,glass_breaking__fsd50k__dev__159197__0023__r0.wav,glass_breaking,glass_breaking,1,0.02734375,0.84375,0.00390625,0.04296875,0.0859375,0.00390625
557,83,glass_breaking__fsd50k__dev__159197__0023__r0.wav,glass_breaking,glass_breaking,1,0.015625,0.90625,0.0,0.03515625,0.0390625,0.0
558,83,glass_breaking__fsd50k__dev__159197__0023__r0.wav,glass_breaking,glass_breaking,1,0.00390625,0.97265625,0.0,0.00390625,0.015625,0.0
559,83,glass_breaking__fsd50k__dev__159197__0023__r0.wav,glass_breaking,glass_breaking,1,0.11328125,0.62890625,0.015625,0.08984375,0.140625,0.015625
560,83,glass_breaking__fsd50k__dev__159197__0023__r0.wav,glass_breaking,glass_breaking,1,0.046875,0.859375,0.0078125,0.0234375,0.0546875,0.0078125
561,83,glass_breaking__fsd50k__dev__159197__0023__r0.wav,glass_breaking,glass_breaking,1,0.015625,0.953125,0.00390625,0.00390625,0.01953125,0.0
562,83,glass_breaking__fsd50k__dev__159197__0023__r0.wav,glass_breaking,glass_breaking,1,0.046875,0.9140625,0.00390625,0.00390625,0.02734375,0.00390625
563,84,glass_breaking__fsd50k__dev__161309__0024__r0.wav,glass_breaking,glass_breaking,1,0.00390625,0.8671875,0.12109375,0.0,0.00390625,0.0
564,84,glass_breaking__fsd50k__dev__161309__0024__r0.wav,glass_breaking,glass_breaking,1,0.0078125,0.87890625,0.078125,0.0,0.00390625,0.03125
565,85,glass_breaking__fsd50k__dev__162169__0025__r0.wav,glass_breaking,glass_breaking,1,0.0078125,0.9375,0.04296875,0.0,0.0078125,0.0
566,86,glass_breaking__fsd50k__dev__163364__0026__r0.wav,glass_breaking,glass_breaking,1,0.0078125,0.86328125,0.12109375,0.0,0.00390625,0.0
567,86,glass_breaking__fsd50k__dev__163364__0026__r0.wav,glass_breaking,glass_breaking,1,0.0390625,0.5625,0.35546875,0.01171875,0.0234375,0.01171875
568,86,glass_breaking__fsd50k__dev__163364__0026__r0.wav,glass_breaking,glass_breaking,1,0.0,0.9296875,0.06640625,0.0,0.00390625,0.0
569,86,glass_breaking__fsd50k__dev__163364__0026__r0.wav,glass_breaking,glass_breaking,1,0.0078125,0.8828125,0.09765625,0.0,0.0078125,0.0
570,86,glass_breaking__fsd50k__dev__163364__0026__r0.wav,glass_breaking,glass_breaking,1,0.00390625,0.9921875,0.00390625,0.0,0.00390625,0.0
571,86,glass_breaking__fsd50k__dev__163364__0026__r0.wav,glass_breaking,glass_breaking,1,0.0078125,0.97265625,0.015625,0.0,0.0078125,0.0
572,86,glass_breaking__fsd50k__dev__163364__0026__r0.wav,glass_breaking,glass_breaking,1,0.015625,0.87890625,0.08984375,0.0,0.015625,0.0
573,86,glass_breaking__fsd50k__dev__163364__0026__r0.wav,glass_breaking,glass_breaking,1,0.0078125,0.8359375,0.1484375,0.0,0.0078125,0.0
574,86,glass_breaking__fsd50k__dev__163364__0026__r0.wav,glass_breaking,glass_breaking,1,0.00390625,0.7265625,0.2578125,0.00390625,0.0078125,0.0
575,86,glass_breaking__fsd50k__dev__163364__0026__r0.wav,glass_breaking,glass_breaking,1,0.01171875,0.82421875,0.1484375,0.01171875,0.0078125,0.0
576,86,glass_breaking__fsd50k__dev__163364__0026__r0.wav,glass_breaking,glass_breaking,1,0.00390625,0.96484375,0.01171875,0.0078125,0.0078125,0.0
577,86,glass_breaking__fsd50k__dev__163364__0026__r0.wav,glass_breaking,glass_breaking,1,0.00390625,0.984375,0.00390625,0.0,0.0078125,0.0
578,86,glass_breaking__fsd50k__dev__163364__0026__r0.wav,glass_breaking,glass_breaking,1,0.00390625,0.98046875,0.00390625,0.00390625,0.0078125,0.0
579,87,glass_breaking__fsd50k__dev__178178__0027__r0.wav,glass_breaking,glass_breaking,1,0.0,0.96875,0.0,0.03125,0.0,0.0
580,87,glass_breaking__fsd50k__dev__178178__0027__r0.wav,glass_breaking,glass_breaking,1,0.015625,0.875,0.00390625,0.09765625,0.00390625,0.0
581,88,glass_breaking__fsd50k__dev__181716__0028__r0.wav,glass_breaking,glass_breaking,1,0.015625,0.96875,0.0,0.0,0.01171875,0.0
582,88,glass_breaking__fsd50k__dev__181716__0028__r0.wav,glass_breaking,glass_breaking,1,0.03125,0.9140625,0.01171875,0.0078125,0.03125,0.0
583,88,glass_breaking__fsd50k__dev__181716__0028__r0.wav,glass_breaking,glass_breaking,1,0.0078125,0.98046875,0.0,0.0,0.0078125,0.0
584,88,glass_breaking__fsd50k__dev__181716__0028__r0.wav,glass_breaking,glass_breaking,1,0.00390625,0.98828125,0.0,0.0,0.00390625,0.0
585,88,glass_breaking__fsd50k__dev__181716__0028__r0.wav,glass_breaking,glass_breaking,1,0.0,0.99609375,0.0,0.0,0.0,0.0
586,88,glass_breaking__fsd50k__dev__181716__0028__r0.wav,glass_breaking,glass_breaking,1,0.0,0.99609375,0.0,0.0,0.0,0.0
587,88,glass_breaking__fsd50k__dev__181716__0028__r0.wav,glass_breaking,glass_breaking,1,0.0078125,0.95703125,0.01171875,0.00390625,0.015625,0.00390625
588,88,glass_breaking__fsd50k__dev__181716__0028__r0.wav,glass_breaking,glass_breaking,1,0.0,0.99609375,0.0,0.0,0.0,0.0
589,89,glass_breaking__fsd50k__dev__182510__0029__r0.wav,glass_breaking,glass_breaking,1,0.046875,0.80859375,0.01953125,0.01171875,0.1015625,0.015625
590,89,glass_breaking__fsd50k__dev__182510__0029__r0.wav,glass_breaking,glass_breaking,1,0.22265625,0.31640625,0.0625,0.0625,0.15625,0.17578125
591,89,glass_breaking__fsd50k__dev__182510__0029__r0.wav,glass_breaking,glass_breaking,1,0.0703125,0.7890625,0.0078125,0.01953125,0.109375,0.00390625
592,89,glass_breaking__fsd50k__dev__182510__0029__r0.wav,glass_breaking,glass_breaking,1,0.05078125,0.8828125,0.00390625,0.0078125,0.0546875,0.0
593,89,glass_breaking__fsd50k__dev__182510__0029__r0.wav,glass_breaking,glass_breaking,1,0.00390625,0.98828125,0.0,0.00390625,0.0078125,0.0
594,89,glass_breaking__fsd50k__dev__182510__0029__r0.wav,glass_breaking,glass_breaking,1,0.0,0.99609375,0.0,0.0,0.0,0.0
595,89,glass_breaking__fsd50k__dev__182510__0029__r0.wav,glass_breaking,glass_breaking,1,0.0,0.9921875,0.0,0.0,0.00390625,0.0
596,89,glass_breaking__fsd50k__dev__182510__0029__r0.wav,glass_breaking,glass_breaking,1,0.03125,0.890625,0.0,0.0078125,0.0703125,0.0
597,89,glass_breaking__fsd50k__dev__182510__0029__r0.wav,glass_breaking,glass_breaking,1,0.00390625,0.9765625,0.0,0.0,0.015625,0.0
598,89,glass_breaking__fsd50k__dev__182510__0029__r0.wav,glass_breaking,glass_breaking,1,0.0078125,0.95703125,0.0,0.0078125,0.02734375,0.0
599,89,glass_breaking__fsd50k__dev__182510__0029__r0.wav,glass_breaking,glass_breaking,1,0.00390625,0.98046875,0.0,0.0,0.015625,0.0
600,89,glass_breaking__fsd50k__dev__182510__0029__r0.wav,glass_breaking,glass_breaking,1,0.0,0.99609375,0.0,0.0,0.00390625,0.0
601,89,glass_breaking__fsd50k__dev__182510__0029__r0.wav,glass_breaking,glass_breaking,1,0.0,0.99609375,0.0,0.0,0.00390625,0.0
602,90,glass_breaking__fsd50k__dev__199906__0030__r0.wav,glass_breaking,glass_breaking,1,0.0,0.984375,0.0078125,0.0,0.00390625,0.0
603,91,glass_breaking__fsd50k__dev__202093__0031__r0.wav,glass_breaking,glass_breaking,1,0.0078125,0.9609375,0.0234375,0.0,0.0078125,0.0
604,92,glass_breaking__fsd50k__dev__204777__0032__r0.wav,glass_breaking,glass_breaking,1,0.00390625,0.88671875,0.09765625,0.0,0.01171875,0.0
605,92,glass_breaking__fsd50k__dev__204777__0032__r0.wav,glass_breaking,glass_breaking,1,0.0,0.9609375,0.0234375,0.0,0.01171875,0.0
606,92,glass_breaking__fsd50k__dev__204777__0032__r0.wav,glass_breaking,glass_breaking,1,0.00390625,0.93359375,0.04296875,0.0,0.01953125,0.0
607,92,glass_breaking__fsd50k__dev__204777__0032__r0.wav,glass_breaking,glass_breaking,1,0.0078125,0.9375,0.04296875,0.00390625,0.01171875,0.0
608,92,glass_breaking__fsd50k__dev__204777__0032__r0.wav,glass_breaking,glass_breaking,1,0.015625,0.88671875,0.05078125,0.0078125,0.0390625,0.0
609,92,glass_breaking__fsd50k__dev__204777__0032__r0.wav,glass_breaking,glass_breaking,1,0.0234375,0.85546875,0.0234375,0.01953125,0.07421875,0.0
610,92,glass_breaking__fsd50k__dev__204777__0032__r0.wav,glass_breaking,glass_breaking,1,0.0390625,0.77734375,0.0859375,0.0234375,0.0703125,0.0
611,92,glass_breaking__fsd50k__dev__204777__0032__r0.wav,glass_breaking,gunshot_gunfire,0,0.01171875,0.21484375,0.54296875,0.078125,0.12109375,0.02734375
612,92,glass_breaking__fsd50k__dev__204777__0032__r0.wav,glass_breaking,glass_breaking,1,0.0234375,0.78515625,0.0703125,0.01171875,0.09765625,0.01171875
613,92,glass_breaking__fsd50k__dev__204777__0032__r0.wav,glass_breaking,glass_breaking,1,0.06640625,0.58984375,0.05859375,0.015625,0.1640625,0.10546875
614,92,glass_breaking__fsd50k__dev__204777__0032__r0.wav,glass_breaking,glass_breaking,1,0.0390625,0.78515625,0.109375,0.00390625,0.0625,0.0
615,92,glass_breaking__fsd50k__dev__204777__0032__r0.wav,glass_breaking,glass_breaking,1,0.0,0.97265625,0.015625,0.0,0.0078125,0.0
616,92,glass_breaking__fsd50k__dev__204777__0032__r0.wav,glass_breaking,glass_breaking,1,0.03125,0.65625,0.046875,0.00390625,0.14453125,0.1171875
617,93,glass_breaking__fsd50k__dev__208696__0033__r0.wav,glass_breaking,thunderstorm,0,0.01953125,0.234375,0.09375,0.0,0.06640625,0.5859375
618,93,glass_breaking__fsd50k__dev__208696__0033__r0.wav,glass_breaking,glass_breaking,1,0.01953125,0.45703125,0.203125,0.00390625,0.05859375,0.2578125
619,93,glass_breaking__fsd50k__dev__208696__0033__r0.wav,glass_breaking,gunshot_gunfire,0,0.00390625,0.44921875,0.50390625,0.0,0.0234375,0.0234375
620,93,glass_breaking__fsd50k__dev__208696__0033__r0.wav,glass_breaking,glass_breaking,1,0.0,0.62109375,0.3125,0.0,0.015625,0.05078125
621,93,glass_breaking__fsd50k__dev__208696__0033__r0.wav,glass_breaking,glass_breaking,1,0.0,0.56640625,0.2265625,0.0,0.0234375,0.1796875
622,93,glass_breaking__fsd50k__dev__208696__0033__r0.wav,glass_breaking,glass_breaking,1,0.0,0.5703125,0.25390625,0.0,0.01171875,0.16015625
623,94,glass_breaking__fsd50k__dev__212698__0034__r0.wav,glass_breaking,glass_breaking,1,0.0078125,0.65234375,0.2890625,0.0,0.01953125,0.02734375
624,94,glass_breaking__fsd50k__dev__212698__0034__r0.wav,glass_breaking,glass_breaking,1,0.0078125,0.62109375,0.24609375,0.0,0.02734375,0.09765625
625,95,glass_breaking__fsd50k__dev__2139__0035__r0.wav,glass_breaking,glass_breaking,1,0.00390625,0.87890625,0.03515625,0.01171875,0.0234375,0.05078125
626,96,glass_breaking__fsd50k__dev__216001__0036__r0.wav,glass_breaking,thunderstorm,0,0.0078125,0.1171875,0.04296875,0.046875,0.1875,0.59765625
627,96,glass_breaking__fsd50k__dev__216001__0036__r0.wav,glass_breaking,thunderstorm,0,0.01171875,0.12109375,0.04296875,0.09375,0.30078125,0.42578125
628,96,glass_breaking__fsd50k__dev__216001__0036__r0.wav,glass_breaking,thunderstorm,0,0.00390625,0.03125,0.01171875,0.08203125,0.2109375,0.6640625
629,96,glass_breaking__fsd50k__dev__216001__0036__r0.wav,glass_breaking,speech,0,0.01953125,0.08984375,0.00390625,0.08984375,0.69921875,0.09765625
630,96,glass_breaking__fsd50k__dev__216001__0036__r0.wav,glass_breaking,thunderstorm,0,0.03125,0.109375,0.04296875,0.0546875,0.2734375,0.48828125
631,96,glass_breaking__fsd50k__dev__216001__0036__r0.wav,glass_breaking,thunderstorm,0,0.0234375,0.015625,0.01171875,0.0546875,0.27734375,0.62109375
632,96,glass_breaking__fsd50k__dev__216001__0036__r0.wav,glass_breaking,thunderstorm,0,0.01953125,0.10546875,0.04296875,0.08203125,0.29296875,0.4609375
633,96,glass_breaking__fsd50k__dev__216001__0036__r0.wav,glass_breaking,thunderstorm,0,0.0,0.015625,0.0625,0.00390625,0.0078125,0.90625
634,96,glass_breaking__fsd50k__dev__216001__0036__r0.wav,glass_breaking,thunderstorm,0,0.0,0.015625,0.09765625,0.00390625,0.01171875,0.8671875
635,96,glass_breaking__fsd50k__dev__216001__0036__r0.wav,glass_breaking,thunderstorm,0,0.02734375,0.06640625,0.02734375,0.08203125,0.2109375,0.58984375
636,96,glass_breaking__fsd50k__dev__216001__0036__r0.wav,glass_breaking,speech,0,0.0625,0.0625,0.00390625,0.0703125,0.7109375,0.08984375
637,96,glass_breaking__fsd50k__dev__216001__0036__r0.wav,glass_breaking,speech,0,0.03515625,0.13671875,0.109375,0.0234375,0.34765625,0.34765625
638,96,glass_breaking__fsd50k__dev__216001__0036__r0.wav,glass_breaking,thunderstorm,0,0.0,0.01953125,0.0859375,0.01171875,0.01953125,0.859375
639,97,glass_breaking__fsd50k__dev__220959__0037__r0.wav,glass_breaking,glass_breaking,1,0.04296875,0.8671875,0.0546875,0.0,0.0234375,0.01171875
640,97,glass_breaking__fsd50k__dev__220959__0037__r0.wav,glass_breaking,glass_breaking,1,0.01171875,0.95703125,0.015625,0.0,0.01171875,0.0
641,97,glass_breaking__fsd50k__dev__220959__0037__r0.wav,glass_breaking,glass_breaking,1,0.03125,0.89453125,0.04296875,0.0,0.02734375,0.0
642,97,glass_breaking__fsd50k__dev__220959__0037__r0.wav,glass_breaking,glass_breaking,1,0.0546875,0.7734375,0.046875,0.00390625,0.04296875,0.078125
643,97,glass_breaking__fsd50k__dev__220959__0037__r0.wav,glass_breaking,glass_breaking,1,0.04296875,0.67578125,0.10546875,0.00390625,0.0390625,0.1328125
644,97,glass_breaking__fsd50k__dev__220959__0037__r0.wav,glass_breaking,glass_breaking,1,0.04296875,0.92578125,0.01953125,0.0,0.01171875,0.0
645,97,glass_breaking__fsd50k__dev__220959__0037__r0.wav,glass_breaking,glass_breaking,1,0.06640625,0.7265625,0.1015625,0.00390625,0.046875,0.05859375
646,97,glass_breaking__fsd50k__dev__220959__0037__r0.wav,glass_breaking,glass_breaking,1,0.03125,0.765625,0.0859375,0.00390625,0.0234375,0.09765625
647,97,glass_breaking__fsd50k__dev__220959__0037__r0.wav,glass_breaking,glass_breaking,1,0.078125,0.7109375,0.1796875,0.00390625,0.0234375,0.0
648,97,glass_breaking__fsd50k__dev__220959__0037__r0.wav,glass_breaking,glass_breaking,1,0.03125,0.58984375,0.20703125,0.00390625,0.01953125,0.1484375
649,97,glass_breaking__fsd50k__dev__220959__0037__r0.wav,glass_breaking,glass_breaking,1,0.04296875,0.85546875,0.046875,0.00390625,0.0234375,0.0234375
650,97,glass_breaking__fsd50k__dev__220959__0037__r0.wav,glass_breaking,glass_breaking,1,0.0234375,0.51953125,0.20703125,0.00390625,0.015625,0.23046875
651,97,glass_breaking__fsd50k__dev__220959__0037__r0.wav,glass_breaking,glass_breaking,1,0.0234375,0.96484375,0.0078125,0.0,0.0078125,0.0
652,98,glass_breaking__fsd50k__dev__223552__0038__r0.wav,glass_breaking,glass_breaking,1,0.00390625,0.4765625,0.4765625,0.0,0.01171875,0.03515625
653,99,glass_breaking__fsd50k__dev__233381__0039__r0.wav,glass_breaking,glass_breaking,1,0.2734375,0.484375,0.13671875,0.03515625,0.0703125,0.0
654,100,glass_breaking__fsd50k__dev__233586__0040__r0.wav,glass_breaking,glass_breaking,1,0.0,0.9921875,0.0,0.0,0.00390625,0.0
655,100,glass_breaking__fsd50k__dev__233586__0040__r0.wav,glass_breaking,glass_breaking,1,0.0,0.99609375,0.0,0.0,0.0,0.0
656,100,glass_breaking__fsd50k__dev__233586__0040__r0.wav,glass_breaking,glass_breaking,1,0.0,0.99609375,0.0,0.0,0.0,0.0
657,100,glass_breaking__fsd50k__dev__233586__0040__r0.wav,glass_breaking,glass_breaking,1,0.0,0.99609375,0.0,0.0,0.0,0.0
658,100,glass_breaking__fsd50k__dev__233586__0040__r0.wav,glass_breaking,glass_breaking,1,0.0,0.99609375,0.0,0.0,0.0,0.0
659,100,glass_breaking__fsd50k__dev__233586__0040__r0.wav,glass_breaking,glass_breaking,1,0.0,0.99609375,0.0,0.0,0.00390625,0.0
660,100,glass_breaking__fsd50k__dev__233586__0040__r0.wav,glass_breaking,glass_breaking,1,0.0,0.98828125,0.00390625,0.0,0.0078125,0.0
661,100,glass_breaking__fsd50k__dev__233586__0040__r0.wav,glass_breaking,glass_breaking,1,0.0,0.99609375,0.0,0.0,0.0,0.0
662,100,glass_breaking__fsd50k__dev__233586__0040__r0.wav,glass_breaking,glass_breaking,1,0.0,0.99609375,0.0,0.0,0.00390625,0.0
663,101,glass_breaking__fsd50k__dev__238409__0041__r0.wav,glass_breaking,glass_breaking,1,0.00390625,0.984375,0.0,0.0,0.0078125,0.0
664,101,glass_breaking__fsd50k__dev__238409__0041__r0.wav,glass_breaking,glass_breaking,1,0.0,0.99609375,0.0,0.0,0.0,0.0
665,101,glass_breaking__fsd50k__dev__238409__0041__r0.wav,glass_breaking,glass_breaking,1,0.0,0.99609375,0.0,0.0,0.0,0.0
666,101,glass_breaking__fsd50k__dev__238409__0041__r0.wav,glass_breaking,glass_breaking,1,0.0,0.99609375,0.0,0.0,0.0,0.0
667,101,glass_breaking__fsd50k__dev__238409__0041__r0.wav,glass_breaking,glass_breaking,1,0.0,0.99609375,0.0,0.0,0.0,0.0
668,101,glass_breaking__fsd50k__dev__238409__0041__r0.wav,glass_breaking,glass_breaking,1,0.0,0.99609375,0.0,0.0,0.0,0.0
669,101,glass_breaking__fsd50k__dev__238409__0041__r0.wav,glass_breaking,glass_breaking,1,0.0,0.99609375,0.0,0.0,0.0,0.0
670,101,glass_breaking__fsd50k__dev__238409__0041__r0.wav,glass_breaking,glass_breaking,1,0.0,0.99609375,0.0,0.0,0.0,0.0
671,101,glass_breaking__fsd50k__dev__238409__0041__r0.wav,glass_breaking,glass_breaking,1,0.0,0.99609375,0.0,0.0,0.0,0.0
672,102,glass_breaking__fsd50k__dev__240785__0042__r0.wav,glass_breaking,glass_breaking,1,0.00390625,0.96484375,0.0234375,0.0,0.00390625,0.0
673,103,glass_breaking__fsd50k__dev__244238__0043__r0.wav,glass_breaking,glass_breaking,1,0.00390625,0.953125,0.03125,0.0,0.0078125,0.00390625
674,104,glass_breaking__fsd50k__dev__244925__0044__r0.wav,glass_breaking,glass_breaking,1,0.01953125,0.90625,0.01171875,0.00390625,0.046875,0.01171875
675,104,glass_breaking__fsd50k__dev__244925__0044__r0.wav,glass_breaking,glass_breaking,1,0.0703125,0.39453125,0.22265625,0.00390625,0.109375,0.19921875
676,104,glass_breaking__fsd50k__dev__244925__0044__r0.wav,glass_breaking,glass_breaking,1,0.02734375,0.484375,0.15234375,0.0078125,0.15234375,0.171875
677,104,glass_breaking__fsd50k__dev__244925__0044__r0.wav,glass_breaking,glass_breaking,1,0.03125,0.72265625,0.1015625,0.00390625,0.05859375,0.08203125
678,104,glass_breaking__fsd50k__dev__244925__0044__r0.wav,glass_breaking,thunderstorm,0,0.0703125,0.25390625,0.0625,0.00390625,0.16015625,0.44921875
679,104,glass_breaking__fsd50k__dev__244925__0044__r0.wav,glass_breaking,glass_breaking,1,0.05078125,0.453125,0.08984375,0.00390625,0.28515625,0.11328125
680,104,glass_breaking__fsd50k__dev__244925__0044__r0.wav,glass_breaking,glass_breaking,1,0.0390625,0.5390625,0.04296875,0.00390625,0.30078125,0.07421875
681,104,glass_breaking__fsd50k__dev__244925__0044__r0.wav,glass_breaking,glass_breaking,1,0.04296875,0.546875,0.046875,0.00390625,0.3046875,0.0546875
682,104,glass_breaking__fsd50k__dev__244925__0044__r0.wav,glass_breaking,glass_breaking,1,0.08984375,0.50390625,0.11328125,0.00390625,0.2265625,0.0625
683,104,glass_breaking__fsd50k__dev__244925__0044__r0.wav,glass_breaking,glass_breaking,1,0.171875,0.390625,0.04296875,0.00390625,0.34765625,0.04296875
684,104,glass_breaking__fsd50k__dev__244925__0044__r0.wav,glass_breaking,glass_breaking,1,0.078125,0.39453125,0.0703125,0.00390625,0.3125,0.140625
685,104,glass_breaking__fsd50k__dev__244925__0044__r0.wav,glass_breaking,glass_breaking,1,0.0390625,0.44140625,0.08984375,0.0078125,0.17578125,0.25
686,104,glass_breaking__fsd50k__dev__244925__0044__r0.wav,glass_breaking,glass_breaking,1,0.02734375,0.58203125,0.06640625,0.0078125,0.1171875,0.20703125
687,105,glass_breaking__fsd50k__dev__245410__0045__r0.wav,glass_breaking,glass_breaking,1,0.0,0.94921875,0.03515625,0.0,0.01171875,0.00390625
688,105,glass_breaking__fsd50k__dev__245410__0045__r0.wav,glass_breaking,glass_breaking,1,0.00390625,0.9375,0.03125,0.0,0.01953125,0.0078125
689,105,glass_breaking__fsd50k__dev__245410__0045__r0.wav,glass_breaking,glass_breaking,1,0.02734375,0.91015625,0.02734375,0.00390625,0.03125,0.00390625
690,106,glass_breaking__fsd50k__dev__249873__0046__r0.wav,glass_breaking,glass_breaking,1,0.01953125,0.5390625,0.42578125,0.00390625,0.01171875,0.0
691,107,glass_breaking__fsd50k__dev__249874__0047__r0.wav,glass_breaking,glass_breaking,1,0.01171875,0.59765625,0.37890625,0.0,0.0078125,0.0
692,108,glass_breaking__fsd50k__dev__255208__0048__r0.wav,glass_breaking,dog_bark,0,0.75390625,0.1328125,0.01171875,0.0078125,0.09375,0.0
693,108,glass_breaking__fsd50k__dev__255208__0048__r0.wav,glass_breaking,dog_bark,0,0.66015625,0.20703125,0.0234375,0.0,0.10546875,0.0
694,108,glass_breaking__fsd50k__dev__255208__0048__r0.wav,glass_breaking,dog_bark,0,0.7109375,0.140625,0.03125,0.00390625,0.11328125,0.0
695,108,glass_breaking__fsd50k__dev__255208__0048__r0.wav,glass_breaking,dog_bark,0,0.71484375,0.16015625,0.03125,0.00390625,0.08984375,0.0
696,109,glass_breaking__fsd50k__dev__260432__0049__r0.wav,glass_breaking,glass_breaking,1,0.0,0.98828125,0.0078125,0.0,0.00390625,0.0
697,110,glass_breaking__fsd50k__dev__260433__0050__r0.wav,glass_breaking,glass_breaking,1,0.0,0.99609375,0.0,0.0,0.0,0.0
698,111,glass_breaking__fsd50k__dev__260434__0051__r0.wav,glass_breaking,glass_breaking,1,0.0,0.99609375,0.0,0.0,0.0,0.0
699,112,glass_breaking__fsd50k__dev__272065__0052__r0.wav,glass_breaking,glass_breaking,1,0.0,0.99609375,0.00390625,0.0,0.0,0.0
700,112,glass_breaking__fsd50k__dev__272065__0052__r0.wav,glass_breaking,glass_breaking,1,0.0,0.99609375,0.0,0.0,0.0,0.0
701,113,glass_breaking__fsd50k__dev__272489__0053__r0.wav,glass_breaking,glass_breaking,1,0.00390625,0.9609375,0.01171875,0.00390625,0.01953125,0.00390625
702,113,glass_breaking__fsd50k__dev__272489__0053__r0.wav,glass_breaking,glass_breaking,1,0.01171875,0.76171875,0.171875,0.0,0.0234375,0.03125
703,114,glass_breaking__fsd50k__dev__273647__0054__r0.wav,glass_breaking,glass_breaking,1,0.00390625,0.80859375,0.16015625,0.0,0.01171875,0.015625
704,114,glass_breaking__fsd50k__dev__273647__0054__r0.wav,glass_breaking,glass_breaking,1,0.0,0.9140625,0.046875,0.0,0.0078125,0.02734375
705,114,glass_breaking__fsd50k__dev__273647__0054__r0.wav,glass_breaking,glass_breaking,1,0.00390625,0.86328125,0.0859375,0.0,0.015625,0.03125
706,115,glass_breaking__fsd50k__dev__276938__0055__r0.wav,glass_breaking,glass_breaking,1,0.0625,0.6953125,0.109375,0.00390625,0.0234375,0.109375
707,115,glass_breaking__fsd50k__dev__276938__0055__r0.wav,glass_breaking,glass_breaking,1,0.04296875,0.875,0.04296875,0.00390625,0.03125,0.00390625
708,116,glass_breaking__fsd50k__dev__276939__0056__r0.wav,glass_breaking,glass_breaking,1,0.0078125,0.9453125,0.03125,0.0,0.01171875,0.0
709,116,glass_breaking__fsd50k__dev__276939__0056__r0.wav,glass_breaking,glass_breaking,1,0.00390625,0.9609375,0.015625,0.0,0.01953125,0.0
710,117,glass_breaking__fsd50k__dev__321143__0057__r0.wav,glass_breaking,glass_breaking,1,0.09375,0.46484375,0.328125,0.01171875,0.09375,0.0078125
711,117,glass_breaking__fsd50k__dev__321143__0057__r0.wav,glass_breaking,glass_breaking,1,0.00390625,0.984375,0.00390625,0.0,0.0078125,0.0
712,117,glass_breaking__fsd50k__dev__321143__0057__r0.wav,glass_breaking,glass_breaking,1,0.01953125,0.79296875,0.11328125,0.00390625,0.015625,0.0546875
713,117,glass_breaking__fsd50k__dev__321143__0057__r0.wav,glass_breaking,glass_breaking,1,0.02734375,0.5546875,0.17578125,0.0078125,0.015625,0.21875
714,118,glass_breaking__fsd50k__dev__326422__0058__r0.wav,glass_breaking,glass_breaking,1,0.015625,0.6640625,0.296875,0.00390625,0.01171875,0.0078125
715,118,glass_breaking__fsd50k__dev__326422__0058__r0.wav,glass_breaking,glass_breaking,1,0.01171875,0.84375,0.06640625,0.00390625,0.01953125,0.0546875
716,118,glass_breaking__fsd50k__dev__326422__0058__r0.wav,glass_breaking,glass_breaking,1,0.03125,0.5078125,0.1796875,0.00390625,0.0234375,0.25390625
717,118,glass_breaking__fsd50k__dev__326422__0058__r0.wav,glass_breaking,glass_breaking,1,0.05859375,0.33203125,0.26171875,0.0234375,0.03125,0.29296875
718,118,glass_breaking__fsd50k__dev__326422__0058__r0.wav,glass_breaking,glass_breaking,1,0.0078125,0.8984375,0.078125,0.0,0.01171875,0.00390625
719,118,glass_breaking__fsd50k__dev__326422__0058__r0.wav,glass_breaking,glass_breaking,1,0.0234375,0.7578125,0.10546875,0.0,0.0234375,0.0859375
720,119,glass_breaking__fsd50k__dev__326669__0059__r0.wav,glass_breaking,glass_breaking,1,0.00390625,0.9921875,0.0,0.0,0.0,0.0
721,119,glass_breaking__fsd50k__dev__326669__0059__r0.wav,glass_breaking,glass_breaking,1,0.0,0.99609375,0.0,0.0,0.0,0.0
722,120,gunshot_gunfire__fsd50k__dev__100465__0000__r0.wav,gunshot_gunfire,gunshot_gunfire,1,0.19140625,0.0390625,0.7578125,0.0,0.01171875,0.0
723,121,gunshot_gunfire__fsd50k__dev__115295__0001__r0.wav,gunshot_gunfire,gunshot_gunfire,1,0.00390625,0.0,0.9921875,0.0,0.0,0.0
724,122,gunshot_gunfire__fsd50k__dev__128979__0002__r0.wav,gunshot_gunfire,gunshot_gunfire,1,0.00390625,0.12890625,0.80859375,0.00390625,0.00390625,0.05078125
725,122,gunshot_gunfire__fsd50k__dev__128979__0002__r0.wav,gunshot_gunfire,gunshot_gunfire,1,0.1015625,0.0625,0.6328125,0.0234375,0.125,0.05078125
726,123,gunshot_gunfire__fsd50k__dev__128981__0003__r0.wav,gunshot_gunfire,gunshot_gunfire,1,0.0078125,0.37109375,0.46484375,0.00390625,0.01953125,0.1328125
727,123,gunshot_gunfire__fsd50k__dev__128981__0003__r0.wav,gunshot_gunfire,gunshot_gunfire,1,0.00390625,0.01171875,0.56640625,0.0078125,0.01171875,0.3984375
728,123,gunshot_gunfire__fsd50k__dev__128981__0003__r0.wav,gunshot_gunfire,gunshot_gunfire,1,0.0,0.0,0.9609375,0.015625,0.00390625,0.01953125
729,123,gunshot_gunfire__fsd50k__dev__128981__0003__r0.wav,gunshot_gunfire,gunshot_gunfire,1,0.03125,0.0234375,0.75,0.0234375,0.0390625,0.1328125
730,123,gunshot_gunfire__fsd50k__dev__128981__0003__r0.wav,gunshot_gunfire,gunshot_gunfire,1,0.015625,0.14453125,0.8046875,0.0,0.01953125,0.015625
731,123,gunshot_gunfire__fsd50k__dev__128981__0003__r0.wav,gunshot_gunfire,gunshot_gunfire,1,0.05859375,0.12890625,0.71875,0.00390625,0.046875,0.05078125
732,123,gunshot_gunfire__fsd50k__dev__128981__0003__r0.wav,gunshot_gunfire,gunshot_gunfire,1,0.0078125,0.21484375,0.76171875,0.0,0.0078125,0.0078125
733,123,gunshot_gunfire__fsd50k__dev__128981__0003__r0.wav,gunshot_gunfire,thunderstorm,0,0.015625,0.1796875,0.35546875,0.01171875,0.0390625,0.3984375
734,123,gunshot_gunfire__fsd50k__dev__128981__0003__r0.wav,gunshot_gunfire,thunderstorm,0,0.015625,0.17578125,0.27734375,0.00390625,0.03125,0.49609375
735,123,gunshot_gunfire__fsd50k__dev__128981__0003__r0.wav,gunshot_gunfire,gunshot_gunfire,1,0.00390625,0.0078125,0.64453125,0.0078125,0.0078125,0.32421875
736,123,gunshot_gunfire__fsd50k__dev__128981__0003__r0.wav,gunshot_gunfire,gunshot_gunfire,1,0.0,0.0,0.97265625,0.00390625,0.0,0.0234375
737,123,gunshot_gunfire__fsd50k__dev__128981__0003__r0.wav,gunshot_gunfire,gunshot_gunfire,1,0.01953125,0.015625,0.76171875,0.0078125,0.0234375,0.171875
738,123,gunshot_gunfire__fsd50k__dev__128981__0003__r0.wav,gunshot_gunfire,gunshot_gunfire,1,0.02734375,0.375,0.47265625,0.00390625,0.02734375,0.09375
739,124,gunshot_gunfire__fsd50k__dev__137034__0004__r0.wav,gunshot_gunfire,gunshot_gunfire,1,0.0,0.078125,0.859375,0.00390625,0.0,0.0625
740,124,gunshot_gunfire__fsd50k__dev__137034__0004__r0.wav,gunshot_gunfire,gunshot_gunfire,1,0.00390625,0.02734375,0.8828125,0.015625,0.0078125,0.0625
741,125,gunshot_gunfire__fsd50k__dev__138679__0005__r0.wav,gunshot_gunfire,glass_breaking,0,0.0078125,0.61328125,0.34765625,0.00390625,0.0234375,0.00390625
742,126,gunshot_gunfire__fsd50k__dev__146323__0006__r0.wav,gunshot_gunfire,glass_breaking,0,0.0078125,0.59375,0.375,0.00390625,0.015625,0.0
743,126,gunshot_gunfire__fsd50k__dev__146323__0006__r0.wav,gunshot_gunfire,gunshot_gunfire,1,0.0078125,0.03515625,0.953125,0.0,0.0,0.0
744,127,gunshot_gunfire__fsd50k__dev__147317__0007__r0.wav,gunshot_gunfire,gunshot_gunfire,1,0.00390625,0.02734375,0.921875,0.0,0.00390625,0.04296875
745,128,gunshot_gunfire__fsd50k__dev__147901__0008__r0.wav,gunshot_gunfire,gunshot_gunfire,1,0.0234375,0.09765625,0.85546875,0.0,0.015625,0.0078125
746,129,gunshot_gunfire__fsd50k__dev__148166__0009__r0.wav,gunshot_gunfire,thunderstorm,0,0.08984375,0.1015625,0.1796875,0.05859375,0.25390625,0.3203125
747,130,gunshot_gunfire__fsd50k__dev__149177__0010__r0.wav,gunshot_gunfire,gunshot_gunfire,1,0.00390625,0.01953125,0.78125,0.00390625,0.015625,0.17578125
748,131,gunshot_gunfire__fsd50k__dev__150139__0011__r0.wav,gunshot_gunfire,gunshot_gunfire,1,0.0,0.0,0.9609375,0.0078125,0.00390625,0.0234375
749,131,gunshot_gunfire__fsd50k__dev__150139__0011__r0.wav,gunshot_gunfire,gunshot_gunfire,1,0.00390625,0.0078125,0.96484375,0.0,0.00390625,0.01953125
750,132,gunshot_gunfire__fsd50k__dev__155654__0012__r0.wav,gunshot_gunfire,glass_breaking,0,0.0078125,0.765625,0.19140625,0.0,0.0234375,0.01171875
751,132,gunshot_gunfire__fsd50k__dev__155654__0012__r0.wav,gunshot_gunfire,glass_breaking,0,0.00390625,0.7421875,0.234375,0.0,0.01171875,0.0078125
752,132,gunshot_gunfire__fsd50k__dev__155654__0012__r0.wav,gunshot_gunfire,thunderstorm,0,0.0859375,0.24609375,0.21875,0.00390625,0.09765625,0.34765625
753,132,gunshot_gunfire__fsd50k__dev__155654__0012__r0.wav,gunshot_gunfire,thunderstorm,0,0.12109375,0.265625,0.10546875,0.01171875,0.12109375,0.37890625
754,132,gunshot_gunfire__fsd50k__dev__155654__0012__r0.wav,gunshot_gunfire,thunderstorm,0,0.0234375,0.35546875,0.1796875,0.0078125,0.03515625,0.3984375
755,133,gunshot_gunfire__fsd50k__dev__155790__0013__r0.wav,gunshot_gunfire,gunshot_gunfire,1,0.0,0.00390625,0.85546875,0.015625,0.00390625,0.12109375
756,133,gunshot_gunfire__fsd50k__dev__155790__0013__r0.wav,gunshot_gunfire,thunderstorm,0,0.0,0.00390625,0.4609375,0.01171875,0.00390625,0.51953125
757,134,gunshot_gunfire__fsd50k__dev__156904__0014__r0.wav,gunshot_gunfire,gunshot_gunfire,1,0.0,0.05078125,0.8828125,0.0,0.00390625,0.0625
758,135,gunshot_gunfire__fsd50k__dev__160590__0015__r0.wav,gunshot_gunfire,gunshot_gunfire,1,0.0,0.015625,0.97265625,0.00390625,0.0,0.00390625
759,136,gunshot_gunfire__fsd50k__dev__161195__0016__r0.wav,gunshot_gunfire,gunshot_gunfire,1,0.0,0.00390625,0.99609375,0.0,0.0,0.0
760,137,gunshot_gunfire__fsd50k__dev__161475__0017__r0.wav,gunshot_gunfire,gunshot_gunfire,1,0.0,0.0,0.96875,0.0,0.0,0.03125
761,137,gunshot_gunfire__fsd50k__dev__161475__0017__r0.wav,gunshot_gunfire,gunshot_gunfire,1,0.0078125,0.00390625,0.953125,0.00390625,0.00390625,0.02734375
762,138,gunshot_gunfire__fsd50k__dev__162455__0018__r0.wav,gunshot_gunfire,gunshot_gunfire,1,0.00390625,0.00390625,0.625,0.0546875,0.00390625,0.3125
763,138,gunshot_gunfire__fsd50k__dev__162455__0018__r0.wav,gunshot_gunfire,gunshot_gunfire,1,0.0,0.0,0.78125,0.015625,0.00390625,0.1953125
764,138,gunshot_gunfire__fsd50k__dev__162455__0018__r0.wav,gunshot_gunfire,gunshot_gunfire,1,0.00390625,0.00390625,0.75,0.00390625,0.00390625,0.23828125
765,139,gunshot_gunfire__fsd50k__dev__164020__0019__r0.wav,gunshot_gunfire,gunshot_gunfire,1,0.00390625,0.0,0.95703125,0.0078125,0.00390625,0.02734375
766,139,gunshot_gunfire__fsd50k__dev__164020__0019__r0.wav,gunshot_gunfire,gunshot_gunfire,1,0.05859375,0.09375,0.75390625,0.02734375,0.046875,0.015625
767,140,gunshot_gunfire__fsd50k__dev__165795__0020__r0.wav,gunshot_gunfire,gunshot_gunfire,1,0.0078125,0.39453125,0.5546875,0.015625,0.01953125,0.0078125
768,141,gunshot_gunfire__fsd50k__dev__180961__0021__r0.wav,gunshot_gunfire,gunshot_gunfire,1,0.015625,0.02734375,0.94921875,0.0,0.00390625,0.0
769,141,gunshot_gunfire__fsd50k__dev__180961__0021__r0.wav,gunshot_gunfire,gunshot_gunfire,1,0.02734375,0.06640625,0.51953125,0.01171875,0.046875,0.328125
770,141,gunshot_gunfire__fsd50k__dev__180961__0021__r0.wav,gunshot_gunfire,thunderstorm,0,0.015625,0.1796875,0.203125,0.0078125,0.02734375,0.5703125
771,142,gunshot_gunfire__fsd50k__dev__184651__0022__r0.wav,gunshot_gunfire,gunshot_gunfire,1,0.01953125,0.04296875,0.91796875,0.00390625,0.01171875,0.00390625
772,143,gunshot_gunfire__fsd50k__dev__187534__0023__r0.wav,gunshot_gunfire,gunshot_gunfire,1,0.0,0.13671875,0.859375,0.0,0.0,0.00390625
773,143,gunshot_gunfire__fsd50k__dev__187534__0023__r0.wav,gunshot_gunfire,gunshot_gunfire,1,0.0,0.11328125,0.88671875,0.0,0.0,0.0
774,144,gunshot_gunfire__fsd50k__dev__197322__0024__r0.wav,gunshot_gunfire,gunshot_gunfire,1,0.02734375,0.35546875,0.3984375,0.00390625,0.015625,0.19921875
775,144,gunshot_gunfire__fsd50k__dev__197322__0024__r0.wav,gunshot_gunfire,gunshot_gunfire,1,0.0078125,0.1171875,0.84375,0.00390625,0.01171875,0.01171875
776,144,gunshot_gunfire__fsd50k__dev__197322__0024__r0.wav,gunshot_gunfire,gunshot_gunfire,1,0.08203125,0.04296875,0.6640625,0.03125,0.07421875,0.10546875
777,144,gunshot_gunfire__fsd50k__dev__197322__0024__r0.wav,gunshot_gunfire,gunshot_gunfire,1,0.01953125,0.1484375,0.75,0.00390625,0.01953125,0.0546875
778,144,gunshot_gunfire__fsd50k__dev__197322__0024__r0.wav,gunshot_gunfire,gunshot_gunfire,1,0.01171875,0.0625,0.875,0.01171875,0.0234375,0.015625
779,144,gunshot_gunfire__fsd50k__dev__197322__0024__r0.wav,gunshot_gunfire,gunshot_gunfire,1,0.0625,0.0703125,0.5546875,0.03515625,0.078125,0.19921875
780,144,gunshot_gunfire__fsd50k__dev__197322__0024__r0.wav,gunshot_gunfire,thunderstorm,0,0.03125,0.05859375,0.14453125,0.015625,0.03125,0.71875
781,144,gunshot_gunfire__fsd50k__dev__197322__0024__r0.wav,gunshot_gunfire,thunderstorm,0,0.01953125,0.06640625,0.12109375,0.0078125,0.01953125,0.765625
782,144,gunshot_gunfire__fsd50k__dev__197322__0024__r0.wav,gunshot_gunfire,thunderstorm,0,0.01171875,0.0859375,0.26953125,0.01171875,0.015625,0.6015625
783,144,gunshot_gunfire__fsd50k__dev__197322__0024__r0.wav,gunshot_gunfire,gunshot_gunfire,1,0.01953125,0.08984375,0.62890625,0.05078125,0.0390625,0.17578125
784,144,gunshot_gunfire__fsd50k__dev__197322__0024__r0.wav,gunshot_gunfire,gunshot_gunfire,1,0.08984375,0.0703125,0.51171875,0.03125,0.11328125,0.1796875
785,144,gunshot_gunfire__fsd50k__dev__197322__0024__r0.wav,gunshot_gunfire,thunderstorm,0,0.02734375,0.08984375,0.19921875,0.015625,0.03125,0.63671875
786,144,gunshot_gunfire__fsd50k__dev__197322__0024__r0.wav,gunshot_gunfire,thunderstorm,0,0.01171875,0.05078125,0.11328125,0.01171875,0.0234375,0.79296875
787,145,gunshot_gunfire__fsd50k__dev__198952__0025__r0.wav,gunshot_gunfire,glass_breaking,0,0.0234375,0.6328125,0.0703125,0.0,0.04296875,0.2265625
788,145,gunshot_gunfire__fsd50k__dev__198952__0025__r0.wav,gunshot_gunfire,glass_breaking,0,0.0078125,0.76171875,0.21484375,0.0,0.01171875,0.00390625
789,145,gunshot_gunfire__fsd50k__dev__198952__0025__r0.wav,gunshot_gunfire,glass_breaking,0,0.0078125,0.85546875,0.12109375,0.0,0.01171875,0.00390625
790,145,gunshot_gunfire__fsd50k__dev__198952__0025__r0.wav,gunshot_gunfire,glass_breaking,0,0.0078125,0.71875,0.25390625,0.0,0.015625,0.00390625
791,145,gunshot_gunfire__fsd50k__dev__198952__0025__r0.wav,gunshot_gunfire,glass_breaking,0,0.015625,0.56640625,0.40234375,0.0,0.01171875,0.0
792,145,gunshot_gunfire__fsd50k__dev__198952__0025__r0.wav,gunshot_gunfire,glass_breaking,0,0.015625,0.79296875,0.17578125,0.0,0.01171875,0.00390625
793,145,gunshot_gunfire__fsd50k__dev__198952__0025__r0.wav,gunshot_gunfire,glass_breaking,0,0.0234375,0.86328125,0.09765625,0.0,0.015625,0.0
794,145,gunshot_gunfire__fsd50k__dev__198952__0025__r0.wav,gunshot_gunfire,glass_breaking,0,0.07421875,0.58203125,0.03515625,0.00390625,0.18359375,0.1171875
795,145,gunshot_gunfire__fsd50k__dev__198952__0025__r0.wav,gunshot_gunfire,glass_breaking,0,0.09765625,0.48046875,0.0859375,0.015625,0.15234375,0.171875
796,145,gunshot_gunfire__fsd50k__dev__198952__0025__r0.wav,gunshot_gunfire,gunshot_gunfire,1,0.015625,0.234375,0.7421875,0.0,0.0078125,0.0
797,145,gunshot_gunfire__fsd50k__dev__198952__0025__r0.wav,gunshot_gunfire,glass_breaking,0,0.15625,0.31640625,0.31640625,0.0078125,0.078125,0.125
798,145,gunshot_gunfire__fsd50k__dev__198952__0025__r0.wav,gunshot_gunfire,glass_breaking,0,0.25390625,0.3984375,0.19921875,0.0078125,0.1015625,0.0390625
799,145,gunshot_gunfire__fsd50k__dev__198952__0025__r0.wav,gunshot_gunfire,gunshot_gunfire,1,0.01953125,0.34765625,0.62109375,0.0,0.01171875,0.0
800,146,gunshot_gunfire__fsd50k__dev__201667__0026__r0.wav,gunshot_gunfire,gunshot_gunfire,1,0.0,0.12890625,0.57421875,0.0078125,0.0,0.2890625
801,146,gunshot_gunfire__fsd50k__dev__201667__0026__r0.wav,gunshot_gunfire,gunshot_gunfire,1,0.0,0.05078125,0.890625,0.0078125,0.00390625,0.05078125
802,146,gunshot_gunfire__fsd50k__dev__201667__0026__r0.wav,gunshot_gunfire,gunshot_gunfire,1,0.03125,0.1015625,0.62890625,0.00390625,0.0546875,0.17578125
803,147,gunshot_gunfire__fsd50k__dev__212600__0027__r0.wav,gunshot_gunfire,gunshot_gunfire,1,0.0,0.0,0.9921875,0.0,0.0,0.0078125
804,148,gunshot_gunfire__fsd50k__dev__212602__0028__r0.wav,gunshot_gunfire,gunshot_gunfire,1,0.0,0.0078125,0.5234375,0.00390625,0.0,0.46875
805,149,gunshot_gunfire__fsd50k__dev__217805__0029__r0.wav,gunshot_gunfire,gunshot_gunfire,1,0.00390625,0.03125,0.953125,0.0,0.00390625,0.0078125
806,150,gunshot_gunfire__fsd50k__dev__220612__0030__r0.wav,gunshot_gunfire,gunshot_gunfire,1,0.0625,0.04296875,0.88671875,0.0,0.00390625,0.0
807,151,gunshot_gunfire__fsd50k__dev__220613__0031__r0.wav,gunshot_gunfire,gunshot_gunfire,1,0.09375,0.41015625,0.4609375,0.00390625,0.02734375,0.00390625
808,152,gunshot_gunfire__fsd50k__dev__221640__0032__r0.wav,gunshot_gunfire,gunshot_gunfire,1,0.0078125,0.0703125,0.890625,0.0078125,0.0078125,0.015625
809,152,gunshot_gunfire__fsd50k__dev__221640__0032__r0.wav,gunshot_gunfire,thunderstorm,0,0.08984375,0.01953125,0.31640625,0.0390625,0.08984375,0.4453125
810,152,gunshot_gunfire__fsd50k__dev__221640__0032__r0.wav,gunshot_gunfire,gunshot_gunfire,1,0.0859375,0.0390625,0.4921875,0.0234375,0.05078125,0.30859375
811,153,gunshot_gunfire__fsd50k__dev__238159__0033__r0.wav,gunshot_gunfire,gunshot_gunfire,1,0.0234375,0.01171875,0.56640625,0.05859375,0.16015625,0.1796875
812,154,gunshot_gunfire__fsd50k__dev__255216__0034__r0.wav,gunshot_gunfire,gunshot_gunfire,1,0.06640625,0.01171875,0.91796875,0.0,0.0,0.0
813,154,gunshot_gunfire__fsd50k__dev__255216__0034__r0.wav,gunshot_gunfire,gunshot_gunfire,1,0.0390625,0.0234375,0.9375,0.0,0.0,0.0
814,154,gunshot_gunfire__fsd50k__dev__255216__0034__r0.wav,gunshot_gunfire,gunshot_gunfire,1,0.03515625,0.0234375,0.94140625,0.0,0.0,0.0
815,155,gunshot_gunfire__fsd50k__dev__257963__0035__r0.wav,gunshot_gunfire,gunshot_gunfire,1,0.00390625,0.0078125,0.98046875,0.0,0.0,0.00390625
816,155,gunshot_gunfire__fsd50k__dev__257963__0035__r0.wav,gunshot_gunfire,gunshot_gunfire,1,0.01171875,0.04296875,0.76171875,0.00390625,0.0078125,0.171875
817,156,gunshot_gunfire__fsd50k__dev__260939__0036__r0.wav,gunshot_gunfire,gunshot_gunfire,1,0.0,0.0078125,0.76953125,0.0,0.0,0.21875
818,156,gunshot_gunfire__fsd50k__dev__260939__0036__r0.wav,gunshot_gunfire,gunshot_gunfire,1,0.0,0.0,0.48828125,0.0234375,0.00390625,0.48828125
819,156,gunshot_gunfire__fsd50k__dev__260939__0036__r0.wav,gunshot_gunfire,thunderstorm,0,0.0,0.0,0.1953125,0.02734375,0.0,0.7734375
820,157,gunshot_gunfire__fsd50k__dev__266105__0037__r0.wav,gunshot_gunfire,gunshot_gunfire,1,0.00390625,0.03125,0.96484375,0.0,0.00390625,0.0
821,158,gunshot_gunfire__fsd50k__dev__273303__0038__r0.wav,gunshot_gunfire,thunderstorm,0,0.0,0.0390625,0.26171875,0.03125,0.0078125,0.66015625
822,158,gunshot_gunfire__fsd50k__dev__273303__0038__r0.wav,gunshot_gunfire,gunshot_gunfire,1,0.0078125,0.01953125,0.65625,0.015625,0.01171875,0.29296875
823,158,gunshot_gunfire__fsd50k__dev__273303__0038__r0.wav,gunshot_gunfire,thunderstorm,0,0.015625,0.046875,0.3046875,0.01171875,0.015625,0.60546875
824,159,gunshot_gunfire__fsd50k__dev__329716__0039__r0.wav,gunshot_gunfire,gunshot_gunfire,1,0.15625,0.19921875,0.625,0.0,0.01953125,0.0
825,160,gunshot_gunfire__fsd50k__dev__345844__0040__r0.wav,gunshot_gunfire,thunderstorm,0,0.01953125,0.16796875,0.1875,0.015625,0.015625,0.59375
826,160,gunshot_gunfire__fsd50k__dev__345844__0040__r0.wav,gunshot_gunfire,thunderstorm,0,0.00390625,0.01953125,0.078125,0.0078125,0.00390625,0.88671875
827,160,gunshot_gunfire__fsd50k__dev__345844__0040__r0.wav,gunshot_gunfire,thunderstorm,0,0.01171875,0.06640625,0.1640625,0.01171875,0.0078125,0.73828125
828,160,gunshot_gunfire__fsd50k__dev__345844__0040__r0.wav,gunshot_gunfire,thunderstorm,0,0.01953125,0.30859375,0.21875,0.0078125,0.01171875,0.43359375
829,160,gunshot_gunfire__fsd50k__dev__345844__0040__r0.wav,gunshot_gunfire,thunderstorm,0,0.0078125,0.05859375,0.11328125,0.0078125,0.0078125,0.80859375
830,160,gunshot_gunfire__fsd50k__dev__345844__0040__r0.wav,gunshot_gunfire,thunderstorm,0,0.00390625,0.015625,0.0703125,0.0078125,0.00390625,0.8984375
831,160,gunshot_gunfire__fsd50k__dev__345844__0040__r0.wav,gunshot_gunfire,thunderstorm,0,0.01171875,0.1015625,0.14453125,0.01953125,0.0078125,0.71875
832,161,gunshot_gunfire__fsd50k__dev__350264__0041__r0.wav,gunshot_gunfire,gunshot_gunfire,1,0.00390625,0.03125,0.9609375,0.0,0.0,0.0
833,162,gunshot_gunfire__fsd50k__dev__353093__0042__r0.wav,gunshot_gunfire,gunshot_gunfire,1,0.00390625,0.00390625,0.98828125,0.0,0.0,0.0
834,162,gunshot_gunfire__fsd50k__dev__353093__0042__r0.wav,gunshot_gunfire,gunshot_gunfire,1,0.0078125,0.00390625,0.9765625,0.0,0.00390625,0.00390625
835,162,gunshot_gunfire__fsd50k__dev__353093__0042__r0.wav,gunshot_gunfire,gunshot_gunfire,1,0.00390625,0.00390625,0.9921875,0.0,0.0,0.0
836,162,gunshot_gunfire__fsd50k__dev__353093__0042__r0.wav,gunshot_gunfire,gunshot_gunfire,1,0.00390625,0.0078125,0.984375,0.0,0.00390625,0.0
837,162,gunshot_gunfire__fsd50k__dev__353093__0042__r0.wav,gunshot_gunfire,gunshot_gunfire,1,0.0078125,0.0078125,0.98046875,0.0,0.0,0.0
838,162,gunshot_gunfire__fsd50k__dev__353093__0042__r0.wav,gunshot_gunfire,gunshot_gunfire,1,0.00390625,0.00390625,0.984375,0.0,0.00390625,0.00390625
839,162,gunshot_gunfire__fsd50k__dev__353093__0042__r0.wav,gunshot_gunfire,gunshot_gunfire,1,0.02734375,0.01171875,0.921875,0.00390625,0.0078125,0.02734375
840,162,gunshot_gunfire__fsd50k__dev__353093__0042__r0.wav,gunshot_gunfire,gunshot_gunfire,1,0.04296875,0.2734375,0.43359375,0.015625,0.015625,0.21875
841,163,gunshot_gunfire__fsd50k__dev__35799__0043__r0.wav,gunshot_gunfire,gunshot_gunfire,1,0.1015625,0.046875,0.80078125,0.0234375,0.02734375,0.0
842,164,gunshot_gunfire__fsd50k__dev__35800__0044__r0.wav,gunshot_gunfire,gunshot_gunfire,1,0.01171875,0.00390625,0.84375,0.12109375,0.015625,0.0078125
843,164,gunshot_gunfire__fsd50k__dev__35800__0044__r0.wav,gunshot_gunfire,gunshot_gunfire,1,0.02734375,0.0078125,0.67578125,0.23828125,0.0390625,0.01171875
844,164,gunshot_gunfire__fsd50k__dev__35800__0044__r0.wav,gunshot_gunfire,gunshot_gunfire,1,0.01171875,0.00390625,0.8984375,0.0625,0.015625,0.0078125
845,164,gunshot_gunfire__fsd50k__dev__35800__0044__r0.wav,gunshot_gunfire,gunshot_gunfire,1,0.00390625,0.00390625,0.8828125,0.078125,0.01171875,0.01953125
846,164,gunshot_gunfire__fsd50k__dev__35800__0044__r0.wav,gunshot_gunfire,gunshot_gunfire,1,0.00390625,0.00390625,0.828125,0.10546875,0.01953125,0.04296875
847,164,gunshot_gunfire__fsd50k__dev__35800__0044__r0.wav,gunshot_gunfire,gunshot_gunfire,1,0.1328125,0.04296875,0.75390625,0.01953125,0.046875,0.0
848,165,gunshot_gunfire__fsd50k__dev__36815__0045__r0.wav,gunshot_gunfire,gunshot_gunfire,1,0.0625,0.01953125,0.90234375,0.0,0.01171875,0.0
849,165,gunshot_gunfire__fsd50k__dev__36815__0045__r0.wav,gunshot_gunfire,gunshot_gunfire,1,0.0625,0.0546875,0.87109375,0.0,0.01171875,0.0
850,165,gunshot_gunfire__fsd50k__dev__36815__0045__r0.wav,gunshot_gunfire,gunshot_gunfire,1,0.05859375,0.19921875,0.71484375,0.00390625,0.01953125,0.00390625
851,165,gunshot_gunfire__fsd50k__dev__36815__0045__r0.wav,gunshot_gunfire,gunshot_gunfire,1,0.0625,0.13671875,0.78125,0.00390625,0.015625,0.0
852,165,gunshot_gunfire__fsd50k__dev__36815__0045__r0.wav,gunshot_gunfire,gunshot_gunfire,1,0.0390625,0.01953125,0.93359375,0.0,0.0078125,0.0
853,165,gunshot_gunfire__fsd50k__dev__36815__0045__r0.wav,gunshot_gunfire,gunshot_gunfire,1,0.05859375,0.1796875,0.71875,0.00390625,0.02734375,0.01171875
854,165,gunshot_gunfire__fsd50k__dev__36815__0045__r0.wav,gunshot_gunfire,glass_breaking,0,0.00390625,0.94921875,0.0390625,0.0,0.0078125,0.0
855,165,gunshot_gunfire__fsd50k__dev__36815__0045__r0.wav,gunshot_gunfire,glass_breaking,0,0.0234375,0.87109375,0.078125,0.0,0.02734375,0.0
856,165,gunshot_gunfire__fsd50k__dev__36815__0045__r0.wav,gunshot_gunfire,gunshot_gunfire,1,0.2109375,0.30078125,0.4765625,0.0,0.01171875,0.0
857,165,gunshot_gunfire__fsd50k__dev__36815__0045__r0.wav,gunshot_gunfire,gunshot_gunfire,1,0.046875,0.01953125,0.921875,0.0,0.0078125,0.0
858,165,gunshot_gunfire__fsd50k__dev__36815__0045__r0.wav,gunshot_gunfire,gunshot_gunfire,1,0.05078125,0.04296875,0.890625,0.00390625,0.01171875,0.0
859,166,gunshot_gunfire__fsd50k__dev__368736__0046__r0.wav,gunshot_gunfire,gunshot_gunfire,1,0.0,0.0,0.99609375,0.0,0.0,0.0
860,167,gunshot_gunfire__fsd50k__dev__368805__0047__r0.wav,gunshot_gunfire,gunshot_gunfire,1,0.015625,0.00390625,0.9765625,0.0,0.0,0.0
861,167,gunshot_gunfire__fsd50k__dev__368805__0047__r0.wav,gunshot_gunfire,gunshot_gunfire,1,0.01171875,0.0078125,0.9765625,0.0,0.0,0.0
862,167,gunshot_gunfire__fsd50k__dev__368805__0047__r0.wav,gunshot_gunfire,gunshot_gunfire,1,0.01171875,0.0078125,0.75,0.0390625,0.02734375,0.16796875
863,167,gunshot_gunfire__fsd50k__dev__368805__0047__r0.wav,gunshot_gunfire,gunshot_gunfire,1,0.01953125,0.03125,0.52734375,0.06640625,0.02734375,0.33203125
864,168,gunshot_gunfire__fsd50k__dev__369124__0048__r0.wav,gunshot_gunfire,gunshot_gunfire,1,0.00390625,0.07421875,0.91796875,0.0,0.0,0.00390625
865,169,gunshot_gunfire__fsd50k__dev__369126__0049__r0.wav,gunshot_gunfire,gunshot_gunfire,1,0.0,0.03125,0.96875,0.0,0.0,0.0
866,170,gunshot_gunfire__fsd50k__dev__369395__0050__r0.wav,gunshot_gunfire,gunshot_gunfire,1,0.09375,0.21484375,0.6015625,0.00390625,0.07421875,0.0078125
867,170,gunshot_gunfire__fsd50k__dev__369395__0050__r0.wav,gunshot_gunfire,gunshot_gunfire,1,0.0078125,0.03515625,0.95703125,0.0,0.0,0.0
868,170,gunshot_gunfire__fsd50k__dev__369395__0050__r0.wav,gunshot_gunfire,glass_breaking,0,0.0078125,0.80859375,0.16015625,0.00390625,0.015625,0.00390625
869,170,gunshot_gunfire__fsd50k__dev__369395__0050__r0.wav,gunshot_gunfire,glass_breaking,0,0.0,0.9765625,0.015625,0.0,0.00390625,0.0
870,170,gunshot_gunfire__fsd50k__dev__369395__0050__r0.wav,gunshot_gunfire,glass_breaking,0,0.015625,0.89453125,0.01953125,0.0234375,0.02734375,0.015625
871,170,gunshot_gunfire__fsd50k__dev__369395__0050__r0.wav,gunshot_gunfire,thunderstorm,0,0.1796875,0.2265625,0.08984375,0.046875,0.1015625,0.359375
872,171,gunshot_gunfire__fsd50k__dev__371158__0051__r0.wav,gunshot_gunfire,gunshot_gunfire,1,0.0078125,0.01953125,0.93359375,0.00390625,0.01171875,0.03125
873,172,gunshot_gunfire__fsd50k__dev__52593__0052__r0.wav,gunshot_gunfire,gunshot_gunfire,1,0.01171875,0.01171875,0.96484375,0.00390625,0.00390625,0.0
874,172,gunshot_gunfire__fsd50k__dev__52593__0052__r0.wav,gunshot_gunfire,gunshot_gunfire,1,0.04296875,0.03125,0.796875,0.0625,0.02734375,0.03515625
875,173,gunshot_gunfire__fsd50k__dev__89147__0053__r0.wav,gunshot_gunfire,gunshot_gunfire,1,0.00390625,0.00390625,0.56640625,0.01171875,0.0078125,0.40234375
876,173,gunshot_gunfire__fsd50k__dev__89147__0053__r0.wav,gunshot_gunfire,gunshot_gunfire,1,0.00390625,0.00390625,0.8984375,0.0078125,0.0078125,0.08203125
877,174,siren__esc50__fold_4__102871__0000__r0.wav,siren,siren,1,0.078125,0.01171875,0.0,0.87890625,0.03125,0.0
878,174,siren__esc50__fold_4__102871__0000__r0.wav,siren,siren,1,0.0625,0.00390625,0.00390625,0.90625,0.01953125,0.0
879,174,siren__esc50__fold_4__102871__0000__r0.wav,siren,siren,1,0.0625,0.015625,0.0,0.8984375,0.01953125,0.0
880,174,siren__esc50__fold_4__102871__0000__r0.wav,siren,siren,1,0.046875,0.00390625,0.0,0.9296875,0.015625,0.0
881,174,siren__esc50__fold_4__102871__0000__r0.wav,siren,siren,1,0.109375,0.0078125,0.0,0.859375,0.0234375,0.0
882,174,siren__esc50__fold_4__102871__0000__r0.wav,siren,siren,1,0.05859375,0.00390625,0.0,0.921875,0.01171875,0.0
883,175,siren__esc50__fold_4__111671__0001__r0.wav,siren,siren,1,0.015625,0.0,0.0,0.96875,0.015625,0.0
884,175,siren__esc50__fold_4__111671__0001__r0.wav,siren,siren,1,0.0234375,0.0,0.0,0.96484375,0.01171875,0.0
885,175,siren__esc50__fold_4__111671__0001__r0.wav,siren,siren,1,0.01171875,0.0,0.0,0.9765625,0.01171875,0.0
886,175,siren__esc50__fold_4__111671__0001__r0.wav,siren,siren,1,0.01953125,0.0,0.0,0.9609375,0.01953125,0.0
887,175,siren__esc50__fold_4__111671__0001__r0.wav,siren,siren,1,0.0390625,0.0,0.0,0.9375,0.0234375,0.0
888,175,siren__esc50__fold_4__111671__0001__r0.wav,siren,siren,1,0.02734375,0.0078125,0.0,0.9453125,0.01953125,0.0
889,176,siren__esc50__fold_4__111671__0002__r0.wav,siren,siren,1,0.0,0.0,0.0,0.99609375,0.00390625,0.0
890,176,siren__esc50__fold_4__111671__0002__r0.wav,siren,siren,1,0.0,0.0,0.0,0.99609375,0.00390625,0.0
891,176,siren__esc50__fold_4__111671__0002__r0.wav,siren,siren,1,0.0,0.0,0.0,0.9921875,0.00390625,0.0
892,176,siren__esc50__fold_4__111671__0002__r0.wav,siren,siren,1,0.00390625,0.0,0.0,0.98828125,0.0078125,0.0
893,176,siren__esc50__fold_4__111671__0002__r0.wav,siren,siren,1,0.0,0.0,0.0,0.99609375,0.00390625,0.0
894,176,siren__esc50__fold_4__111671__0002__r0.wav,siren,siren,1,0.0,0.0,0.0,0.99609375,0.00390625,0.0
895,177,siren__esc50__fold_4__121532__0003__r0.wav,siren,siren,1,0.28125,0.00390625,0.0,0.31640625,0.31640625,0.078125
896,177,siren__esc50__fold_4__121532__0003__r0.wav,siren,siren,1,0.2421875,0.0,0.0,0.5390625,0.21484375,0.00390625
897,177,siren__esc50__fold_4__121532__0003__r0.wav,siren,siren,1,0.1015625,0.0,0.0,0.73046875,0.1640625,0.0
898,177,siren__esc50__fold_4__121532__0003__r0.wav,siren,siren,1,0.09765625,0.0,0.0,0.68359375,0.21484375,0.0
899,177,siren__esc50__fold_4__121532__0003__r0.wav,siren,siren,1,0.06640625,0.0,0.0,0.8203125,0.1171875,0.0
900,177,siren__esc50__fold_4__121532__0003__r0.wav,siren,siren,1,0.07421875,0.00390625,0.0,0.8203125,0.1015625,0.0
901,178,siren__esc50__fold_4__67358__0004__r0.wav,siren,siren,1,0.0078125,0.0,0.0,0.984375,0.00390625,0.0
902,178,siren__esc50__fold_4__67358__0004__r0.wav,siren,siren,1,0.0078125,0.0,0.0,0.98828125,0.00390625,0.0
903,178,siren__esc50__fold_4__67358__0004__r0.wav,siren,siren,1,0.0078125,0.0,0.0,0.98828125,0.00390625,0.0
904,178,siren__esc50__fold_4__67358__0004__r0.wav,siren,siren,1,0.0078125,0.0,0.0,0.9921875,0.00390625,0.0
905,178,siren__esc50__fold_4__67358__0004__r0.wav,siren,siren,1,0.01171875,0.0,0.0,0.984375,0.00390625,0.0
906,179,siren__esc50__fold_4__80761__0005__r0.wav,siren,thunderstorm,0,0.0,0.0,0.00390625,0.046875,0.00390625,0.9453125
907,179,siren__esc50__fold_4__80761__0005__r0.wav,siren,siren,1,0.01953125,0.0,0.0,0.79296875,0.02734375,0.16015625
908,179,siren__esc50__fold_4__80761__0005__r0.wav,siren,siren,1,0.02734375,0.0,0.0,0.953125,0.01953125,0.00390625
909,179,siren__esc50__fold_4__80761__0005__r0.wav,siren,siren,1,0.07421875,0.0,0.0,0.91796875,0.01171875,0.0
910,179,siren__esc50__fold_4__80761__0005__r0.wav,siren,siren,1,0.02734375,0.0078125,0.0,0.94921875,0.015625,0.0
911,179,siren__esc50__fold_4__80761__0005__r0.wav,siren,siren,1,0.01171875,0.00390625,0.0,0.9453125,0.0390625,0.0
912,180,siren__esc50__fold_4__90014__0006__r0.wav,siren,siren,1,0.03515625,0.03125,0.0,0.89453125,0.03515625,0.0
913,180,siren__esc50__fold_4__90014__0006__r0.wav,siren,siren,1,0.05078125,0.07421875,0.0,0.8203125,0.05078125,0.00390625
914,180,siren__esc50__fold_4__90014__0006__r0.wav,siren,siren,1,0.05078125,0.03515625,0.0,0.8359375,0.07421875,0.00390625
915,180,siren__esc50__fold_4__90014__0006__r0.wav,siren,siren,1,0.05078125,0.04296875,0.0,0.83203125,0.07421875,0.0
916,180,siren__esc50__fold_4__90014__0006__r0.wav,siren,siren,1,0.0390625,0.10546875,0.0,0.7578125,0.09375,0.0
917,180,siren__esc50__fold_4__90014__0006__r0.wav,siren,siren,1,0.05078125,0.0390625,0.0,0.8046875,0.1015625,0.0
918,181,siren__esc50__fold_4__90014__0007__r0.wav,siren,siren,1,0.1484375,0.05859375,0.0,0.66015625,0.1328125,0.0
919,181,siren__esc50__fold_4__90014__0007__r0.wav,siren,siren,1,0.13671875,0.015625,0.0,0.67578125,0.171875,0.0
920,181,siren__esc50__fold_4__90014__0007__r0.wav,siren,siren,1,0.07421875,0.01953125,0.0,0.83984375,0.06640625,0.0
921,181,siren__esc50__fold_4__90014__0007__r0.wav,siren,siren,1,0.125,0.04296875,0.0,0.703125,0.125,0.0
922,181,siren__esc50__fold_4__90014__0007__r0.wav,siren,siren,1,0.10546875,0.1328125,0.0,0.65625,0.10546875,0.0
923,181,siren__esc50__fold_4__90014__0007__r0.wav,siren,siren,1,0.01171875,0.01953125,0.01171875,0.52734375,0.05859375,0.375
924,182,siren__fsd50k__dev__181601__0008__r0.wav,siren,siren,1,0.0,0.0,0.0,0.984375,0.015625,0.0
925,182,siren__fsd50k__dev__181601__0008__r0.wav,siren,siren,1,0.00390625,0.0,0.0,0.97265625,0.0234375,0.0
926,182,siren__fsd50k__dev__181601__0008__r0.wav,siren,siren,1,0.00390625,0.01953125,0.0,0.96484375,0.01171875,0.0
927,182,siren__fsd50k__dev__181601__0008__r0.wav,siren,siren,1,0.00390625,0.0,0.0,0.9921875,0.0078125,0.0
928,182,siren__fsd50k__dev__181601__0008__r0.wav,siren,siren,1,0.0,0.0,0.0,0.98828125,0.01171875,0.0
929,182,siren__fsd50k__dev__181601__0008__r0.wav,siren,siren,1,0.0,0.0,0.0,0.98046875,0.01953125,0.0
930,182,siren__fsd50k__dev__181601__0008__r0.wav,siren,siren,1,0.0,0.0,0.0,0.95703125,0.04296875,0.0
931,182,siren__fsd50k__dev__181601__0008__r0.wav,siren,siren,1,0.00390625,0.0,0.0,0.97265625,0.0234375,0.0
932,182,siren__fsd50k__dev__181601__0008__r0.wav,siren,siren,1,0.0,0.0,0.0,0.9921875,0.00390625,0.0
933,182,siren__fsd50k__dev__181601__0008__r0.wav,siren,siren,1,0.00390625,0.0078125,0.0,0.98046875,0.0078125,0.0
934,182,siren__fsd50k__dev__181601__0008__r0.wav,siren,siren,1,0.0,0.0,0.0,0.9921875,0.0078125,0.0
935,182,siren__fsd50k__dev__181601__0008__r0.wav,siren,siren,1,0.0,0.0,0.0,0.984375,0.015625,0.0
936,182,siren__fsd50k__dev__181601__0008__r0.wav,siren,siren,1,0.00390625,0.0,0.0,0.96875,0.02734375,0.0
937,183,siren__fsd50k__dev__268221__0009__r0.wav,siren,siren,1,0.0,0.0,0.0,0.99609375,0.0,0.0
938,184,siren__fsd50k__dev__320767__0010__r0.wav,siren,siren,1,0.02734375,0.0,0.0,0.83984375,0.1328125,0.0
939,184,siren__fsd50k__dev__320767__0010__r0.wav,siren,siren,1,0.046875,0.0,0.0,0.5859375,0.3671875,0.0
940,184,siren__fsd50k__dev__320767__0010__r0.wav,siren,siren,1,0.015625,0.0,0.0,0.57421875,0.40625,0.00390625
941,184,siren__fsd50k__dev__320767__0010__r0.wav,siren,siren,1,0.015625,0.0,0.0,0.7578125,0.21484375,0.0078125
942,184,siren__fsd50k__dev__320767__0010__r0.wav,siren,siren,1,0.01171875,0.0,0.0,0.8203125,0.14453125,0.01953125
943,184,siren__fsd50k__dev__320767__0010__r0.wav,siren,siren,1,0.01171875,0.0,0.0,0.8828125,0.09765625,0.00390625
944,184,siren__fsd50k__dev__320767__0010__r0.wav,siren,siren,1,0.00390625,0.0,0.0,0.96875,0.02734375,0.0
945,184,siren__fsd50k__dev__320767__0010__r0.wav,siren,siren,1,0.00390625,0.0,0.0,0.9609375,0.03125,0.00390625
946,184,siren__fsd50k__dev__320767__0010__r0.wav,siren,siren,1,0.0,0.0,0.0,0.98046875,0.015625,0.0
947,184,siren__fsd50k__dev__320767__0010__r0.wav,siren,siren,1,0.0,0.0,0.0,0.9921875,0.0078125,0.0
948,184,siren__fsd50k__dev__320767__0010__r0.wav,siren,siren,1,0.0,0.0,0.0,0.9921875,0.0078125,0.0
949,184,siren__fsd50k__dev__320767__0010__r0.wav,siren,siren,1,0.00390625,0.0,0.0,0.96875,0.02734375,0.0
950,184,siren__fsd50k__dev__320767__0010__r0.wav,siren,siren,1,0.01171875,0.0,0.0,0.88671875,0.09765625,0.00390625
951,185,siren__fsd50k__dev__324275__0011__r0.wav,siren,thunderstorm,0,0.17578125,0.01953125,0.01171875,0.078125,0.15625,0.55859375
952,185,siren__fsd50k__dev__324275__0011__r0.wav,siren,speech,0,0.29296875,0.00390625,0.0,0.328125,0.37109375,0.00390625
953,185,siren__fsd50k__dev__324275__0011__r0.wav,siren,dog_bark,0,0.33203125,0.0078125,0.0,0.33203125,0.33203125,0.0
954,185,siren__fsd50k__dev__324275__0011__r0.wav,siren,dog_bark,0,0.640625,0.01171875,0.00390625,0.16015625,0.1796875,0.0
955,185,siren__fsd50k__dev__324275__0011__r0.wav,siren,dog_bark,0,0.51953125,0.06640625,0.03125,0.18359375,0.18359375,0.015625
956,185,siren__fsd50k__dev__324275__0011__r0.wav,siren,dog_bark,0,0.453125,0.25390625,0.0703125,0.0703125,0.1015625,0.05078125
957,186,siren__fsd50k__dev__34733__0012__r0.wav,siren,siren,1,0.1953125,0.01171875,0.01171875,0.43359375,0.34375,0.00390625
958,186,siren__fsd50k__dev__34733__0012__r0.wav,siren,siren,1,0.2890625,0.01171875,0.015625,0.45703125,0.2265625,0.0
959,186,siren__fsd50k__dev__34733__0012__r0.wav,siren,dog_bark,0,0.4140625,0.1484375,0.05859375,0.1640625,0.20703125,0.0078125
960,186,siren__fsd50k__dev__34733__0012__r0.wav,siren,siren,1,0.2421875,0.03125,0.01953125,0.4296875,0.2734375,0.00390625
961,186,siren__fsd50k__dev__34733__0012__r0.wav,siren,siren,1,0.2265625,0.01953125,0.015625,0.453125,0.28515625,0.00390625
962,186,siren__fsd50k__dev__34733__0012__r0.wav,siren,siren,1,0.29296875,0.01953125,0.015625,0.4609375,0.20703125,0.0
963,186,siren__fsd50k__dev__34733__0012__r0.wav,siren,dog_bark,0,0.359375,0.19921875,0.0703125,0.16015625,0.19921875,0.0078125
964,186,siren__fsd50k__dev__34733__0012__r0.wav,siren,siren,1,0.0078125,0.0,0.0,0.9375,0.0546875,0.0
965,186,siren__fsd50k__dev__34733__0012__r0.wav,siren,siren,1,0.0,0.0,0.0,0.99609375,0.0,0.0
966,186,siren__fsd50k__dev__34733__0012__r0.wav,siren,siren,1,0.0,0.0,0.0,0.99609375,0.0,0.0
967,186,siren__fsd50k__dev__34733__0012__r0.wav,siren,siren,1,0.0,0.0,0.0,0.99609375,0.0,0.0
968,186,siren__fsd50k__dev__34733__0012__r0.wav,siren,siren,1,0.0,0.0,0.0,0.99609375,0.0,0.0
969,186,siren__fsd50k__dev__34733__0012__r0.wav,siren,siren,1,0.0,0.0,0.0,0.99609375,0.0,0.0
970,187,siren__fsd50k__dev__34952__0013__r0.wav,siren,siren,1,0.3125,0.27734375,0.0,0.390625,0.015625,0.00390625
971,187,siren__fsd50k__dev__34952__0013__r0.wav,siren,dog_bark,0,0.50390625,0.125,0.0,0.35546875,0.01171875,0.0
972,187,siren__fsd50k__dev__34952__0013__r0.wav,siren,dog_bark,0,0.421875,0.1875,0.0,0.375,0.015625,0.0
973,187,siren__fsd50k__dev__34952__0013__r0.wav,siren,dog_bark,0,0.4296875,0.19140625,0.0,0.33984375,0.03515625,0.00390625
974,187,siren__fsd50k__dev__34952__0013__r0.wav,siren,dog_bark,0,0.58984375,0.06640625,0.0,0.296875,0.04296875,0.00390625
975,187,siren__fsd50k__dev__34952__0013__r0.wav,siren,dog_bark,0,0.65234375,0.015625,0.00390625,0.2578125,0.06640625,0.00390625
976,187,siren__fsd50k__dev__34952__0013__r0.wav,siren,dog_bark,0,0.59375,0.03515625,0.00390625,0.265625,0.07421875,0.02734375
977,187,siren__fsd50k__dev__34952__0013__r0.wav,siren,dog_bark,0,0.45703125,0.06640625,0.015625,0.32421875,0.07421875,0.06640625
978,187,siren__fsd50k__dev__34952__0013__r0.wav,siren,thunderstorm,0,0.23046875,0.1171875,0.09375,0.12890625,0.1015625,0.328125
979,187,siren__fsd50k__dev__34952__0013__r0.wav,siren,thunderstorm,0,0.2109375,0.09375,0.05859375,0.16796875,0.1328125,0.3359375
980,187,siren__fsd50k__dev__34952__0013__r0.wav,siren,thunderstorm,0,0.1484375,0.1484375,0.10546875,0.09375,0.08203125,0.41796875
981,187,siren__fsd50k__dev__34952__0013__r0.wav,siren,thunderstorm,0,0.08984375,0.0625,0.1015625,0.04296875,0.0703125,0.6328125
982,187,siren__fsd50k__dev__34952__0013__r0.wav,siren,thunderstorm,0,0.1015625,0.04296875,0.0625,0.1015625,0.0625,0.62890625
983,188,siren__fsd50k__dev__353265__0014__r0.wav,siren,siren,1,0.0078125,0.00390625,0.0,0.96875,0.015625,0.00390625
984,188,siren__fsd50k__dev__353265__0014__r0.wav,siren,siren,1,0.0,0.0,0.0,0.98828125,0.00390625,0.00390625
985,188,siren__fsd50k__dev__353265__0014__r0.wav,siren,siren,1,0.0,0.0,0.0,0.9921875,0.00390625,0.00390625
986,188,siren__fsd50k__dev__353265__0014__r0.wav,siren,siren,1,0.0,0.0,0.0,0.97265625,0.01953125,0.0078125
987,188,siren__fsd50k__dev__353265__0014__r0.wav,siren,siren,1,0.00390625,0.0,0.00390625,0.7265625,0.03515625,0.23046875
988,188,siren__fsd50k__dev__353265__0014__r0.wav,siren,siren,1,0.0,0.0,0.00390625,0.55078125,0.0546875,0.390625
989,188,siren__fsd50k__dev__353265__0014__r0.wav,siren,thunderstorm,0,0.0,0.00390625,0.00390625,0.296875,0.0234375,0.66796875
990,188,siren__fsd50k__dev__353265__0014__r0.wav,siren,siren,1,0.00390625,0.0234375,0.0078125,0.48828125,0.04296875,0.43359375
991,188,siren__fsd50k__dev__353265__0014__r0.wav,siren,siren,1,0.00390625,0.01953125,0.0,0.71875,0.05859375,0.203125
992,188,siren__fsd50k__dev__353265__0014__r0.wav,siren,siren,1,0.0,0.00390625,0.0,0.9453125,0.03125,0.015625
993,188,siren__fsd50k__dev__353265__0014__r0.wav,siren,siren,1,0.0,0.0078125,0.0,0.9140625,0.07421875,0.00390625
994,188,siren__fsd50k__dev__353265__0014__r0.wav,siren,glass_breaking,0,0.00390625,0.4921875,0.0,0.4375,0.04296875,0.0234375
995,188,siren__fsd50k__dev__353265__0014__r0.wav,siren,siren,1,0.00390625,0.04296875,0.00390625,0.671875,0.06640625,0.2109375
996,189,siren__fsd50k__dev__353956__0015__r0.wav,siren,siren,1,0.0390625,0.0625,0.0,0.875,0.0234375,0.0
997,189,siren__fsd50k__dev__353956__0015__r0.wav,siren,siren,1,0.046875,0.13671875,0.0,0.76953125,0.04296875,0.0
998,189,siren__fsd50k__dev__353956__0015__r0.wav,siren,siren,1,0.078125,0.171875,0.0,0.68359375,0.06640625,0.0
999,189,siren__fsd50k__dev__353956__0015__r0.wav,siren,siren,1,0.03515625,0.0859375,0.0,0.84375,0.0390625,0.0
1000,189,siren__fsd50k__dev__353956__0015__r0.wav,siren,siren,1,0.02734375,0.1171875,0.0,0.81640625,0.0390625,0.0
1001,189,siren__fsd50k__dev__353956__0015__r0.wav,siren,siren,1,0.046875,0.328125,0.0,0.5859375,0.03515625,0.0
1002,189,siren__fsd50k__dev__353956__0015__r0.wav,siren,siren,1,0.09375,0.08203125,0.0,0.7421875,0.08203125,0.0
1003,189,siren__fsd50k__dev__353956__0015__r0.wav,siren,siren,1,0.03515625,0.125,0.0,0.796875,0.0390625,0.0
1004,189,siren__fsd50k__dev__353956__0015__r0.wav,siren,siren,1,0.03125,0.10546875,0.0,0.83984375,0.02734375,0.0
1005,189,siren__fsd50k__dev__353956__0015__r0.wav,siren,siren,1,0.05859375,0.0625,0.0,0.8046875,0.0703125,0.0
1006,189,siren__fsd50k__dev__353956__0015__r0.wav,siren,siren,1,0.03125,0.0859375,0.0,0.84375,0.04296875,0.0
1007,189,siren__fsd50k__dev__353956__0015__r0.wav,siren,siren,1,0.0625,0.109375,0.0,0.78125,0.04296875,0.0
1008,189,siren__fsd50k__dev__353956__0015__r0.wav,siren,siren,1,0.08984375,0.05078125,0.0,0.7265625,0.12890625,0.0
1009,190,siren__fsd50k__dev__382620__0016__r0.wav,siren,siren,1,0.0625,0.0,0.0,0.88671875,0.05078125,0.0
1010,190,siren__fsd50k__dev__382620__0016__r0.wav,siren,siren,1,0.0234375,0.0,0.0,0.96484375,0.01171875,0.0
1011,190,siren__fsd50k__dev__382620__0016__r0.wav,siren,siren,1,0.0078125,0.0078125,0.0,0.98046875,0.00390625,0.0
1012,191,siren__fsd50k__dev__388972__0017__r0.wav,siren,siren,1,0.00390625,0.03125,0.0,0.91015625,0.0390625,0.015625
1013,191,siren__fsd50k__dev__388972__0017__r0.wav,siren,siren,1,0.00390625,0.03515625,0.0,0.91796875,0.0234375,0.01953125
1014,191,siren__fsd50k__dev__388972__0017__r0.wav,siren,siren,1,0.00390625,0.0390625,0.0,0.93359375,0.01953125,0.00390625
1015,191,siren__fsd50k__dev__388972__0017__r0.wav,siren,siren,1,0.00390625,0.03515625,0.0,0.9296875,0.02734375,0.0
1016,191,siren__fsd50k__dev__388972__0017__r0.wav,siren,siren,1,0.0078125,0.01953125,0.0,0.953125,0.01953125,0.00390625
1017,191,siren__fsd50k__dev__388972__0017__r0.wav,siren,siren,1,0.0078125,0.0546875,0.0,0.8984375,0.03515625,0.00390625
1018,191,siren__fsd50k__dev__388972__0017__r0.wav,siren,siren,1,0.0078125,0.01953125,0.0,0.9375,0.03125,0.00390625
1019,191,siren__fsd50k__dev__388972__0017__r0.wav,siren,siren,1,0.00390625,0.01953125,0.0,0.96484375,0.0078125,0.00390625
1020,191,siren__fsd50k__dev__388972__0017__r0.wav,siren,siren,1,0.0078125,0.0625,0.0,0.91015625,0.01953125,0.00390625
1021,191,siren__fsd50k__dev__388972__0017__r0.wav,siren,siren,1,0.00390625,0.01171875,0.0,0.9765625,0.0078125,0.0
1022,191,siren__fsd50k__dev__388972__0017__r0.wav,siren,siren,1,0.0,0.01953125,0.0,0.96875,0.0078125,0.0
1023,191,siren__fsd50k__dev__388972__0017__r0.wav,siren,siren,1,0.0,0.015625,0.0,0.97265625,0.01171875,0.0
1024,191,siren__fsd50k__dev__388972__0017__r0.wav,siren,siren,1,0.01171875,0.0625,0.0,0.87890625,0.04296875,0.00390625
1025,192,siren__fsd50k__dev__421017__0018__r0.wav,siren,siren,1,0.015625,0.0,0.0,0.86328125,0.078125,0.04296875
1026,192,siren__fsd50k__dev__421017__0018__r0.wav,siren,siren,1,0.0,0.0,0.0,0.984375,0.01171875,0.00390625
1027,192,siren__fsd50k__dev__421017__0018__r0.wav,siren,siren,1,0.01171875,0.00390625,0.0078125,0.90625,0.0625,0.0078125
1028,192,siren__fsd50k__dev__421017__0018__r0.wav,siren,siren,1,0.015625,0.0078125,0.01171875,0.90234375,0.046875,0.015625
1029,192,siren__fsd50k__dev__421017__0018__r0.wav,siren,siren,1,0.01171875,0.00390625,0.0,0.953125,0.0234375,0.00390625
1030,192,siren__fsd50k__dev__421017__0018__r0.wav,siren,siren,1,0.03515625,0.00390625,0.0,0.94921875,0.01171875,0.0
1031,192,siren__fsd50k__dev__421017__0018__r0.wav,siren,siren,1,0.03515625,0.0,0.0,0.94140625,0.0234375,0.0
1032,192,siren__fsd50k__dev__421017__0018__r0.wav,siren,siren,1,0.03515625,0.0,0.00390625,0.8671875,0.0859375,0.0078125
1033,192,siren__fsd50k__dev__421017__0018__r0.wav,siren,siren,1,0.05078125,0.0,0.0078125,0.82421875,0.09375,0.0234375
1034,192,siren__fsd50k__dev__421017__0018__r0.wav,siren,siren,1,0.03125,0.0,0.0,0.92578125,0.03125,0.0078125
1035,192,siren__fsd50k__dev__421017__0018__r0.wav,siren,siren,1,0.04296875,0.0,0.0,0.92578125,0.02734375,0.00390625
1036,192,siren__fsd50k__dev__421017__0018__r0.wav,siren,siren,1,0.09765625,0.0,0.0,0.86328125,0.0390625,0.00390625
1037,192,siren__fsd50k__dev__421017__0018__r0.wav,siren,siren,1,0.0625,0.0,0.00390625,0.90625,0.01953125,0.00390625
1038,193,siren__fsd50k__dev__62878__0019__r0.wav,siren,siren,1,0.00390625,0.0,0.0,0.9609375,0.0390625,0.0
1039,193,siren__fsd50k__dev__62878__0019__r0.wav,siren,siren,1,0.0,0.0,0.0,0.98046875,0.015625,0.0
1040,193,siren__fsd50k__dev__62878__0019__r0.wav,siren,siren,1,0.0,0.0,0.0,0.99609375,0.00390625,0.0
1041,193,siren__fsd50k__dev__62878__0019__r0.wav,siren,siren,1,0.0,0.0,0.0,0.99609375,0.00390625,0.0
1042,193,siren__fsd50k__dev__62878__0019__r0.wav,siren,siren,1,0.00390625,0.0,0.0,0.98046875,0.015625,0.0
1043,193,siren__fsd50k__dev__62878__0019__r0.wav,siren,siren,1,0.0,0.0,0.0,0.9921875,0.0078125,0.0
1044,193,siren__fsd50k__dev__62878__0019__r0.wav,siren,siren,1,0.0,0.0,0.0,0.99609375,0.00390625,0.0
1045,193,siren__fsd50k__dev__62878__0019__r0.wav,siren,siren,1,0.0,0.0,0.0,0.97265625,0.02734375,0.0
1046,193,siren__fsd50k__dev__62878__0019__r0.wav,siren,siren,1,0.0,0.0,0.0,0.95703125,0.04296875,0.0
1047,193,siren__fsd50k__dev__62878__0019__r0.wav,siren,siren,1,0.0,0.0,0.0,0.98828125,0.01171875,0.0
1048,193,siren__fsd50k__dev__62878__0019__r0.wav,siren,siren,1,0.0,0.0,0.0,0.99609375,0.00390625,0.0
1049,193,siren__fsd50k__dev__62878__0019__r0.wav,siren,siren,1,0.00390625,0.0,0.0,0.98828125,0.0078125,0.0
1050,194,thunderstorm__esc50__fold_4__125070__0000__r0.wav,thunderstorm,thunderstorm,1,0.01171875,0.00390625,0.015625,0.0078125,0.0078125,0.94921875
1051,194,thunderstorm__esc50__fold_4__125070__0000__r0.wav,thunderstorm,thunderstorm,1,0.00390625,0.0,0.02734375,0.03515625,0.0078125,0.921875
1052,194,thunderstorm__esc50__fold_4__125070__0000__r0.wav,thunderstorm,thunderstorm,1,0.0234375,0.00390625,0.17578125,0.0703125,0.0234375,0.703125
1053,194,thunderstorm__esc50__fold_4__125070__0000__r0.wav,thunderstorm,thunderstorm,1,0.00390625,0.00390625,0.05078125,0.0390625,0.0078125,0.89453125
1054,194,thunderstorm__esc50__fold_4__125070__0000__r0.wav,thunderstorm,thunderstorm,1,0.00390625,0.00390625,0.02734375,0.015625,0.0078125,0.9453125
1055,194,thunderstorm__esc50__fold_4__125070__0000__r0.wav,thunderstorm,thunderstorm,1,0.015625,0.01171875,0.0390625,0.02734375,0.03125,0.875
1056,195,thunderstorm__esc50__fold_4__125071__0001__r0.wav,thunderstorm,thunderstorm,1,0.01953125,0.08984375,0.078125,0.0078125,0.01953125,0.7890625
1057,195,thunderstorm__esc50__fold_4__125071__0001__r0.wav,thunderstorm,thunderstorm,1,0.00390625,0.00390625,0.01171875,0.0078125,0.00390625,0.97265625
1058,195,thunderstorm__esc50__fold_4__125071__0001__r0.wav,thunderstorm,thunderstorm,1,0.0,0.0,0.01171875,0.00390625,0.00390625,0.984375
1059,195,thunderstorm__esc50__fold_4__125071__0001__r0.wav,thunderstorm,thunderstorm,1,0.0,0.0,0.0078125,0.0078125,0.00390625,0.98046875
1060,195,thunderstorm__esc50__fold_4__125071__0001__r0.wav,thunderstorm,thunderstorm,1,0.0,0.0,0.01171875,0.00390625,0.00390625,0.98046875
1061,195,thunderstorm__esc50__fold_4__125071__0001__r0.wav,thunderstorm,thunderstorm,1,0.0,0.0,0.015625,0.0078125,0.00390625,0.97265625
1062,196,thunderstorm__esc50__fold_4__125072__0002__r0.wav,thunderstorm,thunderstorm,1,0.04296875,0.046875,0.02734375,0.00390625,0.03125,0.84765625
1063,196,thunderstorm__esc50__fold_4__125072__0002__r0.wav,thunderstorm,thunderstorm,1,0.03515625,0.02734375,0.13671875,0.00390625,0.015625,0.77734375
1064,196,thunderstorm__esc50__fold_4__125072__0002__r0.wav,thunderstorm,thunderstorm,1,0.01171875,0.01171875,0.0234375,0.0078125,0.015625,0.93359375
1065,196,thunderstorm__esc50__fold_4__125072__0002__r0.wav,thunderstorm,thunderstorm,1,0.00390625,0.00390625,0.01953125,0.00390625,0.0078125,0.95703125
1066,196,thunderstorm__esc50__fold_4__125072__0002__r0.wav,thunderstorm,thunderstorm,1,0.00390625,0.0,0.0078125,0.0078125,0.00390625,0.9765625
1067,196,thunderstorm__esc50__fold_4__125072__0002__r0.wav,thunderstorm,thunderstorm,1,0.01171875,0.00390625,0.04296875,0.046875,0.02734375,0.86328125
1068,197,thunderstorm__esc50__fold_4__125072__0003__r0.wav,thunderstorm,thunderstorm,1,0.00390625,0.0078125,0.0078125,0.00390625,0.01171875,0.96875
1069,197,thunderstorm__esc50__fold_4__125072__0003__r0.wav,thunderstorm,thunderstorm,1,0.00390625,0.0,0.0078125,0.00390625,0.0078125,0.9765625
1070,197,thunderstorm__esc50__fold_4__125072__0003__r0.wav,thunderstorm,thunderstorm,1,0.00390625,0.0,0.01171875,0.01171875,0.00390625,0.96875
1071,197,thunderstorm__esc50__fold_4__125072__0003__r0.wav,thunderstorm,thunderstorm,1,0.0,0.0,0.046875,0.03125,0.00390625,0.9140625
1072,197,thunderstorm__esc50__fold_4__125072__0003__r0.wav,thunderstorm,thunderstorm,1,0.0,0.0,0.01953125,0.00390625,0.0,0.97265625
1073,197,thunderstorm__esc50__fold_4__125072__0003__r0.wav,thunderstorm,thunderstorm,1,0.0,0.0,0.2734375,0.03515625,0.0,0.6875
1074,198,thunderstorm__esc50__fold_4__156993__0004__r0.wav,thunderstorm,thunderstorm,1,0.00390625,0.00390625,0.015625,0.0,0.00390625,0.97265625
1075,198,thunderstorm__esc50__fold_4__156993__0004__r0.wav,thunderstorm,thunderstorm,1,0.00390625,0.00390625,0.4609375,0.01171875,0.0078125,0.515625
1076,198,thunderstorm__esc50__fold_4__156993__0004__r0.wav,thunderstorm,thunderstorm,1,0.00390625,0.01171875,0.20703125,0.01953125,0.015625,0.73828125
1077,198,thunderstorm__esc50__fold_4__156993__0004__r0.wav,thunderstorm,thunderstorm,1,0.0,0.0,0.0234375,0.02734375,0.00390625,0.94140625
1078,198,thunderstorm__esc50__fold_4__156993__0004__r0.wav,thunderstorm,thunderstorm,1,0.0,0.00390625,0.015625,0.015625,0.00390625,0.9609375
1079,198,thunderstorm__esc50__fold_4__156993__0004__r0.wav,thunderstorm,thunderstorm,1,0.0,0.0,0.00390625,0.0,0.0,0.9921875
1080,199,thunderstorm__esc50__fold_4__161519__0005__r0.wav,thunderstorm,thunderstorm,1,0.0,0.0,0.0078125,0.01171875,0.00390625,0.97265625
1081,199,thunderstorm__esc50__fold_4__161519__0005__r0.wav,thunderstorm,thunderstorm,1,0.0,0.0,0.0078125,0.015625,0.00390625,0.9765625
1082,199,thunderstorm__esc50__fold_4__161519__0005__r0.wav,thunderstorm,thunderstorm,1,0.0,0.0,0.00390625,0.00390625,0.0,0.98828125
1083,199,thunderstorm__esc50__fold_4__161519__0005__r0.wav,thunderstorm,thunderstorm,1,0.0,0.0,0.01171875,0.01171875,0.00390625,0.96875
1084,199,thunderstorm__esc50__fold_4__161519__0005__r0.wav,thunderstorm,thunderstorm,1,0.0,0.0,0.0078125,0.01953125,0.0078125,0.96484375
1085,199,thunderstorm__esc50__fold_4__161519__0005__r0.wav,thunderstorm,thunderstorm,1,0.0,0.0,0.01171875,0.0078125,0.00390625,0.9765625
1086,200,thunderstorm__esc50__fold_4__165813__0006__r0.wav,thunderstorm,thunderstorm,1,0.0078125,0.00390625,0.0078125,0.00390625,0.01171875,0.9609375
1087,200,thunderstorm__esc50__fold_4__165813__0006__r0.wav,thunderstorm,thunderstorm,1,0.0,0.0,0.00390625,0.00390625,0.0,0.9921875
1088,200,thunderstorm__esc50__fold_4__165813__0006__r0.wav,thunderstorm,thunderstorm,1,0.0,0.0,0.0078125,0.0,0.0,0.98828125
1089,200,thunderstorm__esc50__fold_4__165813__0006__r0.wav,thunderstorm,thunderstorm,1,0.0,0.0,0.0078125,0.0078125,0.00390625,0.98046875
1090,200,thunderstorm__esc50__fold_4__165813__0006__r0.wav,thunderstorm,thunderstorm,1,0.0,0.0,0.00390625,0.00390625,0.0,0.9921875
1091,200,thunderstorm__esc50__fold_4__165813__0006__r0.wav,thunderstorm,thunderstorm,1,0.0,0.0,0.01171875,0.0,0.0,0.98828125
1092,201,thunderstorm__esc50__fold_4__165813__0007__r0.wav,thunderstorm,thunderstorm,1,0.0,0.0,0.015625,0.0078125,0.00390625,0.96875
1093,201,thunderstorm__esc50__fold_4__165813__0007__r0.wav,thunderstorm,thunderstorm,1,0.0,0.0,0.015625,0.00390625,0.0,0.98046875
1094,201,thunderstorm__esc50__fold_4__165813__0007__r0.wav,thunderstorm,thunderstorm,1,0.0,0.0,0.12109375,0.01171875,0.00390625,0.859375
1095,201,thunderstorm__esc50__fold_4__165813__0007__r0.wav,thunderstorm,thunderstorm,1,0.01171875,0.00390625,0.04296875,0.0546875,0.03125,0.85546875
1096,201,thunderstorm__esc50__fold_4__165813__0007__r0.wav,thunderstorm,thunderstorm,1,0.0,0.0,0.0234375,0.0234375,0.00390625,0.9453125
1097,201,thunderstorm__esc50__fold_4__165813__0007__r0.wav,thunderstorm,thunderstorm,1,0.0,0.00390625,0.01171875,0.015625,0.00390625,0.9609375
1098,202,thunderstorm__fsd50k__dev__124587__0008__r0.wav,thunderstorm,thunderstorm,1,0.0,0.05078125,0.04296875,0.015625,0.015625,0.87109375
1099,202,thunderstorm__fsd50k__dev__124587__0008__r0.wav,thunderstorm,thunderstorm,1,0.0,0.015625,0.0234375,0.0078125,0.0078125,0.94140625
1100,202,thunderstorm__fsd50k__dev__124587__0008__r0.wav,thunderstorm,thunderstorm,1,0.0,0.0078125,0.01171875,0.00390625,0.0078125,0.96484375
1101,202,thunderstorm__fsd50k__dev__124587__0008__r0.wav,thunderstorm,thunderstorm,1,0.0,0.01171875,0.01953125,0.0078125,0.01171875,0.9453125
1102,202,thunderstorm__fsd50k__dev__124587__0008__r0.wav,thunderstorm,thunderstorm,1,0.0,0.01171875,0.03515625,0.00390625,0.00390625,0.9453125
1103,202,thunderstorm__fsd50k__dev__124587__0008__r0.wav,thunderstorm,thunderstorm,1,0.0,0.0234375,0.03515625,0.015625,0.01171875,0.91015625
1104,202,thunderstorm__fsd50k__dev__124587__0008__r0.wav,thunderstorm,thunderstorm,1,0.0,0.03125,0.01953125,0.01171875,0.01171875,0.921875
1105,202,thunderstorm__fsd50k__dev__124587__0008__r0.wav,thunderstorm,thunderstorm,1,0.0,0.02734375,0.02734375,0.01171875,0.01171875,0.91796875
1106,202,thunderstorm__fsd50k__dev__124587__0008__r0.wav,thunderstorm,thunderstorm,1,0.0,0.00390625,0.015625,0.00390625,0.00390625,0.97265625
1107,202,thunderstorm__fsd50k__dev__124587__0008__r0.wav,thunderstorm,thunderstorm,1,0.0,0.0,0.0078125,0.00390625,0.00390625,0.984375
1108,202,thunderstorm__fsd50k__dev__124587__0008__r0.wav,thunderstorm,thunderstorm,1,0.0,0.0,0.0078125,0.0078125,0.00390625,0.98046875
1109,202,thunderstorm__fsd50k__dev__124587__0008__r0.wav,thunderstorm,thunderstorm,1,0.0,0.00390625,0.015625,0.01171875,0.00390625,0.96484375
1110,202,thunderstorm__fsd50k__dev__124587__0008__r0.wav,thunderstorm,thunderstorm,1,0.0,0.00390625,0.0078125,0.0078125,0.00390625,0.98046875
1111,203,thunderstorm__fsd50k__dev__125634__0009__r0.wav,thunderstorm,thunderstorm,1,0.0,0.0078125,0.01953125,0.02734375,0.0078125,0.9375
1112,203,thunderstorm__fsd50k__dev__125634__0009__r0.wav,thunderstorm,thunderstorm,1,0.0078125,0.03125,0.0703125,0.01171875,0.015625,0.86328125
1113,203,thunderstorm__fsd50k__dev__125634__0009__r0.wav,thunderstorm,thunderstorm,1,0.0,0.00390625,0.03125,0.00390625,0.0,0.9609375
1114,203,thunderstorm__fsd50k__dev__125634__0009__r0.wav,thunderstorm,thunderstorm,1,0.0,0.00390625,0.01171875,0.00390625,0.0,0.984375
1115,203,thunderstorm__fsd50k__dev__125634__0009__r0.wav,thunderstorm,thunderstorm,1,0.0,0.00390625,0.01953125,0.00390625,0.0078125,0.96484375
1116,203,thunderstorm__fsd50k__dev__125634__0009__r0.wav,thunderstorm,thunderstorm,1,0.0,0.00390625,0.015625,0.0078125,0.00390625,0.96875
1117,203,thunderstorm__fsd50k__dev__125634__0009__r0.wav,thunderstorm,thunderstorm,1,0.0,0.00390625,0.01171875,0.01953125,0.00390625,0.9609375
1118,203,thunderstorm__fsd50k__dev__125634__0009__r0.wav,thunderstorm,thunderstorm,1,0.0,0.00390625,0.0078125,0.0078125,0.00390625,0.9765625
1119,203,thunderstorm__fsd50k__dev__125634__0009__r0.wav,thunderstorm,thunderstorm,1,0.00390625,0.00390625,0.03515625,0.02734375,0.01171875,0.9140625
1120,203,thunderstorm__fsd50k__dev__125634__0009__r0.wav,thunderstorm,thunderstorm,1,0.0,0.0,0.0078125,0.015625,0.00390625,0.97265625
1121,203,thunderstorm__fsd50k__dev__125634__0009__r0.wav,thunderstorm,thunderstorm,1,0.0,0.00390625,0.0078125,0.01171875,0.00390625,0.96875
1122,203,thunderstorm__fsd50k__dev__125634__0009__r0.wav,thunderstorm,thunderstorm,1,0.00390625,0.00390625,0.01171875,0.0234375,0.01171875,0.9453125
1123,203,thunderstorm__fsd50k__dev__125634__0009__r0.wav,thunderstorm,thunderstorm,1,0.0,0.00390625,0.01953125,0.01171875,0.0078125,0.953125
1124,204,thunderstorm__fsd50k__dev__128343__0010__r0.wav,thunderstorm,thunderstorm,1,0.0,0.0,0.1015625,0.00390625,0.0,0.89453125
1125,204,thunderstorm__fsd50k__dev__128343__0010__r0.wav,thunderstorm,thunderstorm,1,0.0,0.0,0.12109375,0.00390625,0.0,0.87109375
1126,204,thunderstorm__fsd50k__dev__128343__0010__r0.wav,thunderstorm,thunderstorm,1,0.0,0.0,0.1796875,0.01171875,0.0,0.80859375
1127,204,thunderstorm__fsd50k__dev__128343__0010__r0.wav,thunderstorm,thunderstorm,1,0.0,0.0,0.0546875,0.00390625,0.0,0.9453125
1128,204,thunderstorm__fsd50k__dev__128343__0010__r0.wav,thunderstorm,thunderstorm,1,0.0,0.0,0.15234375,0.0,0.0,0.84765625
1129,204,thunderstorm__fsd50k__dev__128343__0010__r0.wav,thunderstorm,thunderstorm,1,0.0,0.0,0.15234375,0.0,0.0,0.84765625
1130,204,thunderstorm__fsd50k__dev__128343__0010__r0.wav,thunderstorm,thunderstorm,1,0.0,0.0,0.13671875,0.0,0.0,0.86328125
1131,204,thunderstorm__fsd50k__dev__128343__0010__r0.wav,thunderstorm,thunderstorm,1,0.0,0.0,0.02734375,0.0,0.0,0.97265625
1132,204,thunderstorm__fsd50k__dev__128343__0010__r0.wav,thunderstorm,thunderstorm,1,0.0,0.0,0.125,0.0,0.0,0.875
1133,204,thunderstorm__fsd50k__dev__128343__0010__r0.wav,thunderstorm,thunderstorm,1,0.0,0.0,0.15234375,0.0,0.0,0.84765625
1134,204,thunderstorm__fsd50k__dev__128343__0010__r0.wav,thunderstorm,thunderstorm,1,0.0,0.0,0.11328125,0.0,0.0,0.88671875
1135,204,thunderstorm__fsd50k__dev__128343__0010__r0.wav,thunderstorm,thunderstorm,1,0.0,0.0,0.07421875,0.0,0.0,0.921875
1136,204,thunderstorm__fsd50k__dev__128343__0010__r0.wav,thunderstorm,thunderstorm,1,0.0,0.0,0.03515625,0.0,0.0,0.96484375
1137,205,thunderstorm__fsd50k__dev__135104__0011__r0.wav,thunderstorm,thunderstorm,1,0.0,0.00390625,0.01953125,0.01953125,0.0078125,0.94921875
1138,205,thunderstorm__fsd50k__dev__135104__0011__r0.wav,thunderstorm,thunderstorm,1,0.0,0.00390625,0.01953125,0.01171875,0.0078125,0.95703125
1139,205,thunderstorm__fsd50k__dev__135104__0011__r0.wav,thunderstorm,thunderstorm,1,0.0,0.00390625,0.0234375,0.01171875,0.00390625,0.953125
1140,205,thunderstorm__fsd50k__dev__135104__0011__r0.wav,thunderstorm,thunderstorm,1,0.0,0.0,0.0234375,0.0078125,0.00390625,0.96484375
1141,205,thunderstorm__fsd50k__dev__135104__0011__r0.wav,thunderstorm,thunderstorm,1,0.00390625,0.0,0.0078125,0.015625,0.00390625,0.96484375
1142,205,thunderstorm__fsd50k__dev__135104__0011__r0.wav,thunderstorm,thunderstorm,1,0.00390625,0.0,0.0078125,0.0234375,0.0078125,0.95703125
1143,205,thunderstorm__fsd50k__dev__135104__0011__r0.wav,thunderstorm,thunderstorm,1,0.00390625,0.00390625,0.0078125,0.01171875,0.0078125,0.96484375
1144,205,thunderstorm__fsd50k__dev__135104__0011__r0.wav,thunderstorm,thunderstorm,1,0.0,0.0,0.01171875,0.01171875,0.00390625,0.96875
1145,205,thunderstorm__fsd50k__dev__135104__0011__r0.wav,thunderstorm,thunderstorm,1,0.0,0.0,0.01953125,0.01953125,0.0078125,0.94921875
1146,205,thunderstorm__fsd50k__dev__135104__0011__r0.wav,thunderstorm,thunderstorm,1,0.00390625,0.0,0.01171875,0.015625,0.00390625,0.96484375
1147,205,thunderstorm__fsd50k__dev__135104__0011__r0.wav,thunderstorm,thunderstorm,1,0.0,0.0,0.015625,0.03125,0.00390625,0.94921875
1148,205,thunderstorm__fsd50k__dev__135104__0011__r0.wav,thunderstorm,thunderstorm,1,0.0,0.0,0.00390625,0.015625,0.00390625,0.97265625
1149,205,thunderstorm__fsd50k__dev__135104__0011__r0.wav,thunderstorm,thunderstorm,1,0.00390625,0.0,0.0078125,0.03515625,0.00390625,0.94921875
1150,206,thunderstorm__fsd50k__dev__155833__0012__r0.wav,thunderstorm,thunderstorm,1,0.0078125,0.01953125,0.01953125,0.00390625,0.015625,0.93359375
1151,206,thunderstorm__fsd50k__dev__155833__0012__r0.wav,thunderstorm,thunderstorm,1,0.0,0.0,0.01171875,0.0078125,0.00390625,0.97265625
1152,206,thunderstorm__fsd50k__dev__155833__0012__r0.wav,thunderstorm,thunderstorm,1,0.0,0.0,0.00390625,0.0078125,0.0,0.98828125
1153,206,thunderstorm__fsd50k__dev__155833__0012__r0.wav,thunderstorm,thunderstorm,1,0.0,0.0,0.05078125,0.01953125,0.00390625,0.92578125
1154,206,thunderstorm__fsd50k__dev__155833__0012__r0.wav,thunderstorm,thunderstorm,1,0.0,0.0,0.03515625,0.015625,0.0,0.94921875
1155,206,thunderstorm__fsd50k__dev__155833__0012__r0.wav,thunderstorm,thunderstorm,1,0.0,0.0,0.015625,0.00390625,0.0,0.9765625
1156,206,thunderstorm__fsd50k__dev__155833__0012__r0.wav,thunderstorm,thunderstorm,1,0.0,0.0,0.01953125,0.0078125,0.0,0.97265625
1157,206,thunderstorm__fsd50k__dev__155833__0012__r0.wav,thunderstorm,thunderstorm,1,0.0,0.0,0.015625,0.0078125,0.0,0.9765625
1158,206,thunderstorm__fsd50k__dev__155833__0012__r0.wav,thunderstorm,thunderstorm,1,0.0,0.0,0.01171875,0.0078125,0.00390625,0.97265625
1159,206,thunderstorm__fsd50k__dev__155833__0012__r0.wav,thunderstorm,thunderstorm,1,0.0,0.0,0.0234375,0.01171875,0.0,0.96484375
1160,206,thunderstorm__fsd50k__dev__155833__0012__r0.wav,thunderstorm,thunderstorm,1,0.0,0.0,0.03125,0.0078125,0.0,0.95703125
1161,206,thunderstorm__fsd50k__dev__155833__0012__r0.wav,thunderstorm,thunderstorm,1,0.0,0.0,0.046875,0.01171875,0.00390625,0.93359375
1162,206,thunderstorm__fsd50k__dev__155833__0012__r0.wav,thunderstorm,thunderstorm,1,0.0,0.0,0.0390625,0.01171875,0.00390625,0.94140625
1163,207,thunderstorm__fsd50k__dev__163287__0013__r0.wav,thunderstorm,thunderstorm,1,0.0,0.0,0.0078125,0.0078125,0.00390625,0.98046875
1164,207,thunderstorm__fsd50k__dev__163287__0013__r0.wav,thunderstorm,thunderstorm,1,0.0,0.00390625,0.01953125,0.01171875,0.00390625,0.95703125
1165,207,thunderstorm__fsd50k__dev__163287__0013__r0.wav,thunderstorm,thunderstorm,1,0.00390625,0.0078125,0.02734375,0.046875,0.01171875,0.90625
1166,207,thunderstorm__fsd50k__dev__163287__0013__r0.wav,thunderstorm,thunderstorm,1,0.00390625,0.0078125,0.01953125,0.03125,0.01171875,0.92578125
1167,207,thunderstorm__fsd50k__dev__163287__0013__r0.wav,thunderstorm,thunderstorm,1,0.0,0.0,0.015625,0.01171875,0.0,0.96875
1168,207,thunderstorm__fsd50k__dev__163287__0013__r0.wav,thunderstorm,thunderstorm,1,0.0,0.0,0.01171875,0.0078125,0.00390625,0.9765625
1169,207,thunderstorm__fsd50k__dev__163287__0013__r0.wav,thunderstorm,thunderstorm,1,0.0,0.0,0.0078125,0.00390625,0.0,0.984375
1170,207,thunderstorm__fsd50k__dev__163287__0013__r0.wav,thunderstorm,thunderstorm,1,0.0,0.0,0.015625,0.00390625,0.0,0.9765625
1171,207,thunderstorm__fsd50k__dev__163287__0013__r0.wav,thunderstorm,thunderstorm,1,0.0,0.0,0.01171875,0.0078125,0.0,0.98046875
1172,207,thunderstorm__fsd50k__dev__163287__0013__r0.wav,thunderstorm,thunderstorm,1,0.0,0.0,0.00390625,0.00390625,0.0,0.98828125
1173,207,thunderstorm__fsd50k__dev__163287__0013__r0.wav,thunderstorm,thunderstorm,1,0.0,0.0,0.0078125,0.00390625,0.0,0.984375
1174,207,thunderstorm__fsd50k__dev__163287__0013__r0.wav,thunderstorm,thunderstorm,1,0.0,0.0,0.0078125,0.01171875,0.00390625,0.9765625
1175,207,thunderstorm__fsd50k__dev__163287__0013__r0.wav,thunderstorm,thunderstorm,1,0.0,0.0,0.01171875,0.0078125,0.00390625,0.9765625
1176,208,thunderstorm__fsd50k__dev__165299__0014__r0.wav,thunderstorm,thunderstorm,1,0.0,0.0,0.01171875,0.0078125,0.0,0.9765625
1177,208,thunderstorm__fsd50k__dev__165299__0014__r0.wav,thunderstorm,thunderstorm,1,0.0,0.0,0.03125,0.05859375,0.00390625,0.90234375
1178,208,thunderstorm__fsd50k__dev__165299__0014__r0.wav,thunderstorm,thunderstorm,1,0.0,0.0,0.0234375,0.0625,0.01953125,0.89453125
1179,208,thunderstorm__fsd50k__dev__165299__0014__r0.wav,thunderstorm,thunderstorm,1,0.00390625,0.00390625,0.03125,0.0390625,0.02734375,0.89453125
1180,208,thunderstorm__fsd50k__dev__165299__0014__r0.wav,thunderstorm,thunderstorm,1,0.00390625,0.0078125,0.06640625,0.0390625,0.03515625,0.8515625
1181,208,thunderstorm__fsd50k__dev__165299__0014__r0.wav,thunderstorm,thunderstorm,1,0.0078125,0.0078125,0.05078125,0.05859375,0.05078125,0.8203125
1182,208,thunderstorm__fsd50k__dev__165299__0014__r0.wav,thunderstorm,thunderstorm,1,0.00390625,0.00390625,0.0234375,0.0703125,0.02734375,0.87109375
1183,208,thunderstorm__fsd50k__dev__165299__0014__r0.wav,thunderstorm,thunderstorm,1,0.00390625,0.0,0.05078125,0.04296875,0.0234375,0.875
1184,208,thunderstorm__fsd50k__dev__165299__0014__r0.wav,thunderstorm,thunderstorm,1,0.0,0.0,0.09375,0.05078125,0.015625,0.8359375
1185,208,thunderstorm__fsd50k__dev__165299__0014__r0.wav,thunderstorm,thunderstorm,1,0.0,0.0,0.0390625,0.0625,0.015625,0.87890625
1186,208,thunderstorm__fsd50k__dev__165299__0014__r0.wav,thunderstorm,thunderstorm,1,0.0,0.00390625,0.02734375,0.03125,0.01171875,0.9296875
1187,208,thunderstorm__fsd50k__dev__165299__0014__r0.wav,thunderstorm,thunderstorm,1,0.0,0.00390625,0.02734375,0.03515625,0.01171875,0.91796875
1188,208,thunderstorm__fsd50k__dev__165299__0014__r0.wav,thunderstorm,thunderstorm,1,0.00390625,0.00390625,0.0546875,0.03515625,0.01953125,0.8828125
1189,209,thunderstorm__fsd50k__dev__165874__0015__r0.wav,thunderstorm,thunderstorm,1,0.00390625,0.00390625,0.0234375,0.01171875,0.01171875,0.94140625
1190,209,thunderstorm__fsd50k__dev__165874__0015__r0.wav,thunderstorm,thunderstorm,1,0.0,0.0,0.00390625,0.00390625,0.0,0.98828125
1191,209,thunderstorm__fsd50k__dev__165874__0015__r0.wav,thunderstorm,thunderstorm,1,0.0,0.0,0.05078125,0.01171875,0.0,0.93359375
1192,209,thunderstorm__fsd50k__dev__165874__0015__r0.wav,thunderstorm,thunderstorm,1,0.0,0.0,0.046875,0.01171875,0.00390625,0.93359375
1193,209,thunderstorm__fsd50k__dev__165874__0015__r0.wav,thunderstorm,thunderstorm,1,0.00390625,0.0,0.01171875,0.0078125,0.01171875,0.9609375
1194,209,thunderstorm__fsd50k__dev__165874__0015__r0.wav,thunderstorm,thunderstorm,1,0.0,0.0,0.0234375,0.00390625,0.0,0.96875
1195,209,thunderstorm__fsd50k__dev__165874__0015__r0.wav,thunderstorm,thunderstorm,1,0.0,0.0,0.00390625,0.00390625,0.0,0.9921875
1196,209,thunderstorm__fsd50k__dev__165874__0015__r0.wav,thunderstorm,thunderstorm,1,0.0,0.0,0.01171875,0.0078125,0.0,0.98046875
1197,209,thunderstorm__fsd50k__dev__165874__0015__r0.wav,thunderstorm,thunderstorm,1,0.0,0.0,0.0078125,0.015625,0.0,0.9765625
1198,209,thunderstorm__fsd50k__dev__165874__0015__r0.wav,thunderstorm,thunderstorm,1,0.00390625,0.0,0.01171875,0.0390625,0.0078125,0.9375
1199,209,thunderstorm__fsd50k__dev__165874__0015__r0.wav,thunderstorm,thunderstorm,1,0.0078125,0.00390625,0.01953125,0.03125,0.015625,0.921875
1200,209,thunderstorm__fsd50k__dev__165874__0015__r0.wav,thunderstorm,thunderstorm,1,0.01171875,0.0078125,0.0390625,0.03515625,0.0234375,0.8828125
1201,209,thunderstorm__fsd50k__dev__165874__0015__r0.wav,thunderstorm,thunderstorm,1,0.00390625,0.00390625,0.03515625,0.02734375,0.0078125,0.921875
1202,210,thunderstorm__fsd50k__dev__186907__0016__r0.wav,thunderstorm,thunderstorm,1,0.0,0.00390625,0.02734375,0.01953125,0.0078125,0.94140625
1203,210,thunderstorm__fsd50k__dev__186907__0016__r0.wav,thunderstorm,thunderstorm,1,0.00390625,0.015625,0.046875,0.01953125,0.015625,0.90234375
1204,210,thunderstorm__fsd50k__dev__186907__0016__r0.wav,thunderstorm,thunderstorm,1,0.0,0.01171875,0.03125,0.015625,0.0078125,0.9296875
1205,210,thunderstorm__fsd50k__dev__186907__0016__r0.wav,thunderstorm,thunderstorm,1,0.00390625,0.0234375,0.0390625,0.01171875,0.01171875,0.91015625
1206,210,thunderstorm__fsd50k__dev__186907__0016__r0.wav,thunderstorm,thunderstorm,1,0.00390625,0.01953125,0.0546875,0.01953125,0.01171875,0.890625
1207,210,thunderstorm__fsd50k__dev__186907__0016__r0.wav,thunderstorm,thunderstorm,1,0.0078125,0.03515625,0.07421875,0.0390625,0.02734375,0.81640625
1208,210,thunderstorm__fsd50k__dev__186907__0016__r0.wav,thunderstorm,thunderstorm,1,0.0078125,0.02734375,0.0390625,0.015625,0.01953125,0.88671875
1209,210,thunderstorm__fsd50k__dev__186907__0016__r0.wav,thunderstorm,gunshot_gunfire,0,0.01171875,0.046875,0.44921875,0.01953125,0.0234375,0.44921875
1210,210,thunderstorm__fsd50k__dev__186907__0016__r0.wav,thunderstorm,thunderstorm,1,0.0,0.00390625,0.08984375,0.07421875,0.01171875,0.81640625
1211,210,thunderstorm__fsd50k__dev__186907__0016__r0.wav,thunderstorm,thunderstorm,1,0.00390625,0.00390625,0.0546875,0.0390625,0.0234375,0.875
1212,210,thunderstorm__fsd50k__dev__186907__0016__r0.wav,thunderstorm,thunderstorm,1,0.00390625,0.00390625,0.01953125,0.0390625,0.04296875,0.88671875
1213,210,thunderstorm__fsd50k__dev__186907__0016__r0.wav,thunderstorm,thunderstorm,1,0.01953125,0.015625,0.0703125,0.04296875,0.0546875,0.79296875
1214,210,thunderstorm__fsd50k__dev__186907__0016__r0.wav,thunderstorm,thunderstorm,1,0.0078125,0.03125,0.03515625,0.03125,0.046875,0.84765625
1215,211,thunderstorm__fsd50k__dev__189794__0017__r0.wav,thunderstorm,thunderstorm,1,0.01171875,0.05078125,0.07421875,0.01171875,0.015625,0.8359375
1216,211,thunderstorm__fsd50k__dev__189794__0017__r0.wav,thunderstorm,thunderstorm,1,0.0078125,0.0546875,0.06640625,0.01171875,0.015625,0.84375
1217,211,thunderstorm__fsd50k__dev__189794__0017__r0.wav,thunderstorm,thunderstorm,1,0.00390625,0.01953125,0.03125,0.0078125,0.0078125,0.9296875
1218,211,thunderstorm__fsd50k__dev__189794__0017__r0.wav,thunderstorm,thunderstorm,1,0.00390625,0.01953125,0.015625,0.00390625,0.0078125,0.94921875
1219,211,thunderstorm__fsd50k__dev__189794__0017__r0.wav,thunderstorm,thunderstorm,1,0.0,0.00390625,0.01953125,0.00390625,0.00390625,0.96875
1220,211,thunderstorm__fsd50k__dev__189794__0017__r0.wav,thunderstorm,thunderstorm,1,0.0,0.00390625,0.015625,0.00390625,0.00390625,0.97265625
1221,211,thunderstorm__fsd50k__dev__189794__0017__r0.wav,thunderstorm,thunderstorm,1,0.0,0.0,0.015625,0.0078125,0.00390625,0.97265625
1222,211,thunderstorm__fsd50k__dev__189794__0017__r0.wav,thunderstorm,thunderstorm,1,0.0,0.0,0.015625,0.00390625,0.00390625,0.97265625
1223,211,thunderstorm__fsd50k__dev__189794__0017__r0.wav,thunderstorm,thunderstorm,1,0.0,0.00390625,0.015625,0.0078125,0.0078125,0.96484375
1224,211,thunderstorm__fsd50k__dev__189794__0017__r0.wav,thunderstorm,thunderstorm,1,0.0,0.0,0.015625,0.00390625,0.00390625,0.96875
1225,211,thunderstorm__fsd50k__dev__189794__0017__r0.wav,thunderstorm,thunderstorm,1,0.00390625,0.00390625,0.03515625,0.00390625,0.00390625,0.94921875
1226,211,thunderstorm__fsd50k__dev__189794__0017__r0.wav,thunderstorm,thunderstorm,1,0.00390625,0.00390625,0.015625,0.00390625,0.0078125,0.96484375
1227,211,thunderstorm__fsd50k__dev__189794__0017__r0.wav,thunderstorm,thunderstorm,1,0.00390625,0.00390625,0.01953125,0.0078125,0.00390625,0.9609375
1228,212,thunderstorm__fsd50k__dev__191992__0018__r0.wav,thunderstorm,thunderstorm,1,0.0,0.0,0.00390625,0.0078125,0.0,0.98828125
1229,212,thunderstorm__fsd50k__dev__191992__0018__r0.wav,thunderstorm,thunderstorm,1,0.0,0.0,0.00390625,0.0078125,0.0,0.98828125
1230,212,thunderstorm__fsd50k__dev__191992__0018__r0.wav,thunderstorm,thunderstorm,1,0.0,0.0,0.0,0.0,0.0,0.99609375
1231,212,thunderstorm__fsd50k__dev__191992__0018__r0.wav,thunderstorm,thunderstorm,1,0.0,0.0,0.046875,0.0234375,0.0,0.9296875
1232,212,thunderstorm__fsd50k__dev__191992__0018__r0.wav,thunderstorm,thunderstorm,1,0.0,0.0,0.0234375,0.03125,0.0,0.9453125
1233,212,thunderstorm__fsd50k__dev__191992__0018__r0.wav,thunderstorm,thunderstorm,1,0.0,0.0,0.09765625,0.02734375,0.0,0.875
1234,212,thunderstorm__fsd50k__dev__191992__0018__r0.wav,thunderstorm,thunderstorm,1,0.0,0.0,0.0703125,0.0234375,0.0,0.90234375
1235,212,thunderstorm__fsd50k__dev__191992__0018__r0.wav,thunderstorm,thunderstorm,1,0.0,0.0,0.03515625,0.0234375,0.0,0.94140625
1236,212,thunderstorm__fsd50k__dev__191992__0018__r0.wav,thunderstorm,thunderstorm,1,0.0,0.0,0.01171875,0.0234375,0.0,0.9609375
1237,212,thunderstorm__fsd50k__dev__191992__0018__r0.wav,thunderstorm,thunderstorm,1,0.0,0.0,0.01171875,0.015625,0.0,0.96875
1238,212,thunderstorm__fsd50k__dev__191992__0018__r0.wav,thunderstorm,thunderstorm,1,0.0,0.0,0.02734375,0.01171875,0.0,0.95703125
1239,212,thunderstorm__fsd50k__dev__191992__0018__r0.wav,thunderstorm,thunderstorm,1,0.0,0.0,0.015625,0.015625,0.0,0.96875
1240,212,thunderstorm__fsd50k__dev__191992__0018__r0.wav,thunderstorm,thunderstorm,1,0.0,0.0,0.02734375,0.0390625,0.00390625,0.93359375
1241,213,thunderstorm__fsd50k__dev__193170__0019__r0.wav,thunderstorm,thunderstorm,1,0.0,0.0,0.01171875,0.0,0.0,0.984375
1242,213,thunderstorm__fsd50k__dev__193170__0019__r0.wav,thunderstorm,thunderstorm,1,0.0,0.0,0.015625,0.0,0.0,0.98046875
1243,213,thunderstorm__fsd50k__dev__193170__0019__r0.wav,thunderstorm,thunderstorm,1,0.0,0.00390625,0.03515625,0.0,0.00390625,0.95703125
1244,213,thunderstorm__fsd50k__dev__193170__0019__r0.wav,thunderstorm,thunderstorm,1,0.00390625,0.00390625,0.0234375,0.0,0.0078125,0.96484375
1245,213,thunderstorm__fsd50k__dev__193170__0019__r0.wav,thunderstorm,thunderstorm,1,0.0,0.0,0.01953125,0.0,0.00390625,0.9765625
1246,213,thunderstorm__fsd50k__dev__193170__0019__r0.wav,thunderstorm,thunderstorm,1,0.0,0.0,0.015625,0.0,0.00390625,0.9765625
1247,213,thunderstorm__fsd50k__dev__193170__0019__r0.wav,thunderstorm,thunderstorm,1,0.0,0.00390625,0.03125,0.0,0.00390625,0.9609375
1248,214,thunderstorm__fsd50k__dev__194849__0020__r0.wav,thunderstorm,thunderstorm,1,0.02734375,0.1015625,0.11328125,0.0078125,0.02734375,0.72265625
1249,214,thunderstorm__fsd50k__dev__194849__0020__r0.wav,thunderstorm,thunderstorm,1,0.01953125,0.1484375,0.1484375,0.00390625,0.0234375,0.65625
1250,214,thunderstorm__fsd50k__dev__194849__0020__r0.wav,thunderstorm,thunderstorm,1,0.05078125,0.1171875,0.05859375,0.00390625,0.03515625,0.734375
1251,214,thunderstorm__fsd50k__dev__194849__0020__r0.wav,thunderstorm,thunderstorm,1,0.00390625,0.0,0.00390625,0.00390625,0.0078125,0.984375
1252,214,thunderstorm__fsd50k__dev__194849__0020__r0.wav,thunderstorm,thunderstorm,1,0.0,0.00390625,0.0234375,0.00390625,0.00390625,0.96484375
1253,214,thunderstorm__fsd50k__dev__194849__0020__r0.wav,thunderstorm,thunderstorm,1,0.0,0.00390625,0.03125,0.00390625,0.00390625,0.953125
1254,214,thunderstorm__fsd50k__dev__194849__0020__r0.wav,thunderstorm,thunderstorm,1,0.00390625,0.00390625,0.03515625,0.00390625,0.0078125,0.94921875
1255,214,thunderstorm__fsd50k__dev__194849__0020__r0.wav,thunderstorm,thunderstorm,1,0.0,0.0,0.015625,0.00390625,0.0,0.9765625
1256,214,thunderstorm__fsd50k__dev__194849__0020__r0.wav,thunderstorm,thunderstorm,1,0.00390625,0.0,0.015625,0.0,0.0,0.9765625
1257,214,thunderstorm__fsd50k__dev__194849__0020__r0.wav,thunderstorm,thunderstorm,1,0.0,0.0,0.0078125,0.0,0.0,0.98828125
1258,214,thunderstorm__fsd50k__dev__194849__0020__r0.wav,thunderstorm,thunderstorm,1,0.0,0.0,0.03125,0.0078125,0.00390625,0.95703125
1259,214,thunderstorm__fsd50k__dev__194849__0020__r0.wav,thunderstorm,thunderstorm,1,0.0,0.0,0.015625,0.00390625,0.00390625,0.9765625
1260,214,thunderstorm__fsd50k__dev__194849__0020__r0.wav,thunderstorm,thunderstorm,1,0.015625,0.00390625,0.03125,0.0078125,0.015625,0.92578125
1261,215,thunderstorm__fsd50k__dev__195344__0021__r0.wav,thunderstorm,thunderstorm,1,0.0078125,0.0078125,0.05078125,0.0390625,0.01171875,0.8828125
1262,215,thunderstorm__fsd50k__dev__195344__0021__r0.wav,thunderstorm,thunderstorm,1,0.0078125,0.015625,0.0546875,0.0234375,0.01171875,0.87890625
1263,215,thunderstorm__fsd50k__dev__195344__0021__r0.wav,thunderstorm,thunderstorm,1,0.01171875,0.0234375,0.0625,0.0234375,0.015625,0.8671875
1264,215,thunderstorm__fsd50k__dev__195344__0021__r0.wav,thunderstorm,thunderstorm,1,0.00390625,0.0234375,0.0703125,0.015625,0.0078125,0.87890625
1265,215,thunderstorm__fsd50k__dev__195344__0021__r0.wav,thunderstorm,thunderstorm,1,0.00390625,0.015625,0.05078125,0.01953125,0.0078125,0.8984375
1266,215,thunderstorm__fsd50k__dev__195344__0021__r0.wav,thunderstorm,thunderstorm,1,0.0078125,0.01953125,0.05078125,0.01953125,0.0078125,0.8984375
1267,215,thunderstorm__fsd50k__dev__195344__0021__r0.wav,thunderstorm,thunderstorm,1,0.0078125,0.015625,0.05078125,0.0234375,0.01171875,0.89453125
1268,215,thunderstorm__fsd50k__dev__195344__0021__r0.wav,thunderstorm,thunderstorm,1,0.01953125,0.03125,0.05859375,0.01171875,0.01953125,0.8515625
1269,215,thunderstorm__fsd50k__dev__195344__0021__r0.wav,thunderstorm,thunderstorm,1,0.01953125,0.03125,0.0546875,0.0234375,0.0234375,0.84765625
1270,215,thunderstorm__fsd50k__dev__195344__0021__r0.wav,thunderstorm,thunderstorm,1,0.0234375,0.00390625,0.01171875,0.02734375,0.01953125,0.9140625
1271,215,thunderstorm__fsd50k__dev__195344__0021__r0.wav,thunderstorm,thunderstorm,1,0.01171875,0.00390625,0.05078125,0.0390625,0.015625,0.8828125
1272,215,thunderstorm__fsd50k__dev__195344__0021__r0.wav,thunderstorm,thunderstorm,1,0.0078125,0.00390625,0.02734375,0.02734375,0.01171875,0.921875
1273,215,thunderstorm__fsd50k__dev__195344__0021__r0.wav,thunderstorm,thunderstorm,1,0.0078125,0.00390625,0.03125,0.015625,0.0078125,0.93359375
1274,216,thunderstorm__fsd50k__dev__195738__0022__r0.wav,thunderstorm,gunshot_gunfire,0,0.00390625,0.0,0.60546875,0.0859375,0.00390625,0.30078125
1275,216,thunderstorm__fsd50k__dev__195738__0022__r0.wav,thunderstorm,gunshot_gunfire,0,0.0,0.0,0.5625,0.03515625,0.00390625,0.3984375
1276,216,thunderstorm__fsd50k__dev__195738__0022__r0.wav,thunderstorm,thunderstorm,1,0.0,0.0,0.109375,0.03125,0.00390625,0.85546875
1277,216,thunderstorm__fsd50k__dev__195738__0022__r0.wav,thunderstorm,thunderstorm,1,0.0078125,0.0078125,0.15234375,0.0625,0.0078125,0.765625
1278,216,thunderstorm__fsd50k__dev__195738__0022__r0.wav,thunderstorm,thunderstorm,1,0.0,0.0,0.015625,0.109375,0.00390625,0.87109375
1279,216,thunderstorm__fsd50k__dev__195738__0022__r0.wav,thunderstorm,thunderstorm,1,0.00390625,0.0078125,0.05078125,0.18359375,0.01171875,0.73828125
1280,216,thunderstorm__fsd50k__dev__195738__0022__r0.wav,thunderstorm,thunderstorm,1,0.00390625,0.00390625,0.01953125,0.34375,0.01953125,0.609375
1281,216,thunderstorm__fsd50k__dev__195738__0022__r0.wav,thunderstorm,thunderstorm,1,0.0,0.0,0.02734375,0.078125,0.00390625,0.88671875
1282,216,thunderstorm__fsd50k__dev__195738__0022__r0.wav,thunderstorm,thunderstorm,1,0.0,0.0,0.015625,0.03125,0.0,0.953125
1283,216,thunderstorm__fsd50k__dev__195738__0022__r0.wav,thunderstorm,thunderstorm,1,0.0,0.00390625,0.0234375,0.16015625,0.00390625,0.80859375
1284,216,thunderstorm__fsd50k__dev__195738__0022__r0.wav,thunderstorm,thunderstorm,1,0.0,0.00390625,0.03515625,0.171875,0.0078125,0.77734375
1285,216,thunderstorm__fsd50k__dev__195738__0022__r0.wav,thunderstorm,thunderstorm,1,0.0,0.0,0.0234375,0.109375,0.0078125,0.859375
1286,216,thunderstorm__fsd50k__dev__195738__0022__r0.wav,thunderstorm,thunderstorm,1,0.0,0.0,0.02734375,0.25,0.0078125,0.7109375
1287,217,thunderstorm__fsd50k__dev__198496__0023__r0.wav,thunderstorm,thunderstorm,1,0.0703125,0.12109375,0.0859375,0.03515625,0.078125,0.61328125
1288,217,thunderstorm__fsd50k__dev__198496__0023__r0.wav,thunderstorm,thunderstorm,1,0.0234375,0.0390625,0.09765625,0.0546875,0.02734375,0.76171875
1289,217,thunderstorm__fsd50k__dev__198496__0023__r0.wav,thunderstorm,thunderstorm,1,0.0078125,0.01171875,0.05078125,0.02734375,0.01171875,0.89453125
1290,217,thunderstorm__fsd50k__dev__198496__0023__r0.wav,thunderstorm,thunderstorm,1,0.0234375,0.0234375,0.0703125,0.05078125,0.02734375,0.80078125
1291,217,thunderstorm__fsd50k__dev__198496__0023__r0.wav,thunderstorm,thunderstorm,1,0.01171875,0.02734375,0.0546875,0.02734375,0.015625,0.86328125
1292,217,thunderstorm__fsd50k__dev__198496__0023__r0.wav,thunderstorm,thunderstorm,1,0.00390625,0.00390625,0.03515625,0.0078125,0.01171875,0.94140625
1293,217,thunderstorm__fsd50k__dev__198496__0023__r0.wav,thunderstorm,thunderstorm,1,0.0,0.00390625,0.1328125,0.02734375,0.00390625,0.83203125
1294,217,thunderstorm__fsd50k__dev__198496__0023__r0.wav,thunderstorm,thunderstorm,1,0.0,0.0,0.0078125,0.0078125,0.0,0.984375
1295,217,thunderstorm__fsd50k__dev__198496__0023__r0.wav,thunderstorm,thunderstorm,1,0.0078125,0.00390625,0.1328125,0.0078125,0.00390625,0.84375
1296,217,thunderstorm__fsd50k__dev__198496__0023__r0.wav,thunderstorm,thunderstorm,1,0.0078125,0.00390625,0.21484375,0.0078125,0.0078125,0.7578125
1297,217,thunderstorm__fsd50k__dev__198496__0023__r0.wav,thunderstorm,thunderstorm,1,0.0,0.0,0.04296875,0.00390625,0.0,0.953125
1298,217,thunderstorm__fsd50k__dev__198496__0023__r0.wav,thunderstorm,thunderstorm,1,0.00390625,0.0,0.03515625,0.0234375,0.015625,0.921875
1299,217,thunderstorm__fsd50k__dev__198496__0023__r0.wav,thunderstorm,thunderstorm,1,0.0078125,0.0,0.01953125,0.04296875,0.0859375,0.84765625
1300,218,thunderstorm__fsd50k__dev__203721__0024__r0.wav,thunderstorm,thunderstorm,1,0.0,0.0,0.015625,0.0078125,0.0,0.9765625
1301,218,thunderstorm__fsd50k__dev__203721__0024__r0.wav,thunderstorm,thunderstorm,1,0.0,0.0,0.046875,0.0078125,0.00390625,0.94140625
1302,218,thunderstorm__fsd50k__dev__203721__0024__r0.wav,thunderstorm,thunderstorm,1,0.0,0.0078125,0.0703125,0.00390625,0.00390625,0.91015625
1303,218,thunderstorm__fsd50k__dev__203721__0024__r0.wav,thunderstorm,thunderstorm,1,0.0,0.0078125,0.03125,0.00390625,0.00390625,0.953125
1304,218,thunderstorm__fsd50k__dev__203721__0024__r0.wav,thunderstorm,thunderstorm,1,0.0,0.00390625,0.015625,0.0,0.00390625,0.97265625
1305,218,thunderstorm__fsd50k__dev__203721__0024__r0.wav,thunderstorm,thunderstorm,1,0.02734375,0.2421875,0.2734375,0.03125,0.0390625,0.38671875
1306,219,thunderstorm__fsd50k__dev__203830__0025__r0.wav,thunderstorm,thunderstorm,1,0.0,0.0078125,0.10546875,0.03125,0.01171875,0.84375
1307,219,thunderstorm__fsd50k__dev__203830__0025__r0.wav,thunderstorm,thunderstorm,1,0.0,0.00390625,0.046875,0.0078125,0.00390625,0.9375
1308,219,thunderstorm__fsd50k__dev__203830__0025__r0.wav,thunderstorm,thunderstorm,1,0.0,0.00390625,0.03125,0.01953125,0.0078125,0.93359375
1309,219,thunderstorm__fsd50k__dev__203830__0025__r0.wav,thunderstorm,thunderstorm,1,0.0,0.0078125,0.078125,0.03125,0.0078125,0.87109375
1310,219,thunderstorm__fsd50k__dev__203830__0025__r0.wav,thunderstorm,thunderstorm,1,0.0,0.0234375,0.046875,0.00390625,0.01171875,0.9140625
1311,219,thunderstorm__fsd50k__dev__203830__0025__r0.wav,thunderstorm,thunderstorm,1,0.00390625,0.02734375,0.0703125,0.0078125,0.015625,0.87890625
1312,219,thunderstorm__fsd50k__dev__203830__0025__r0.wav,thunderstorm,thunderstorm,1,0.0,0.05078125,0.0546875,0.01171875,0.01171875,0.875
1313,219,thunderstorm__fsd50k__dev__203830__0025__r0.wav,thunderstorm,thunderstorm,1,0.0,0.1015625,0.07421875,0.00390625,0.0078125,0.81640625
1314,219,thunderstorm__fsd50k__dev__203830__0025__r0.wav,thunderstorm,thunderstorm,1,0.00390625,0.1875,0.10546875,0.0078125,0.01953125,0.671875
1315,219,thunderstorm__fsd50k__dev__203830__0025__r0.wav,thunderstorm,gunshot_gunfire,0,0.00390625,0.26953125,0.37890625,0.01171875,0.0390625,0.30078125
1316,219,thunderstorm__fsd50k__dev__203830__0025__r0.wav,thunderstorm,thunderstorm,1,0.00390625,0.078125,0.1015625,0.0078125,0.015625,0.79296875
1317,219,thunderstorm__fsd50k__dev__203830__0025__r0.wav,thunderstorm,thunderstorm,1,0.00390625,0.0625,0.09765625,0.01171875,0.03125,0.79296875
1318,219,thunderstorm__fsd50k__dev__203830__0025__r0.wav,thunderstorm,thunderstorm,1,0.00390625,0.078125,0.09765625,0.01171875,0.03515625,0.77734375
1319,220,thunderstorm__fsd50k__dev__205832__0026__r0.wav,thunderstorm,thunderstorm,1,0.00390625,0.00390625,0.0078125,0.00390625,0.0078125,0.97265625
1320,220,thunderstorm__fsd50k__dev__205832__0026__r0.wav,thunderstorm,thunderstorm,1,0.0,0.00390625,0.01171875,0.00390625,0.00390625,0.98046875
1321,220,thunderstorm__fsd50k__dev__205832__0026__r0.wav,thunderstorm,thunderstorm,1,0.0,0.00390625,0.015625,0.01171875,0.00390625,0.9609375
1322,220,thunderstorm__fsd50k__dev__205832__0026__r0.wav,thunderstorm,thunderstorm,1,0.0,0.0078125,0.015625,0.0078125,0.00390625,0.96875
1323,220,thunderstorm__fsd50k__dev__205832__0026__r0.wav,thunderstorm,thunderstorm,1,0.0,0.01171875,0.01953125,0.00390625,0.00390625,0.95703125
1324,220,thunderstorm__fsd50k__dev__205832__0026__r0.wav,thunderstorm,thunderstorm,1,0.0,0.00390625,0.0078125,0.00390625,0.00390625,0.984375
1325,220,thunderstorm__fsd50k__dev__205832__0026__r0.wav,thunderstorm,thunderstorm,1,0.0,0.00390625,0.01171875,0.00390625,0.00390625,0.98046875
1326,220,thunderstorm__fsd50k__dev__205832__0026__r0.wav,thunderstorm,thunderstorm,1,0.0,0.01953125,0.01953125,0.00390625,0.0078125,0.9453125
1327,220,thunderstorm__fsd50k__dev__205832__0026__r0.wav,thunderstorm,thunderstorm,1,0.0,0.0234375,0.04296875,0.00390625,0.00390625,0.92578125
1328,220,thunderstorm__fsd50k__dev__205832__0026__r0.wav,thunderstorm,thunderstorm,1,0.0,0.01171875,0.03515625,0.0078125,0.00390625,0.9453125
1329,220,thunderstorm__fsd50k__dev__205832__0026__r0.wav,thunderstorm,thunderstorm,1,0.0,0.01953125,0.0234375,0.00390625,0.00390625,0.9453125
1330,220,thunderstorm__fsd50k__dev__205832__0026__r0.wav,thunderstorm,thunderstorm,1,0.0,0.0078125,0.0234375,0.00390625,0.00390625,0.9609375
1331,220,thunderstorm__fsd50k__dev__205832__0026__r0.wav,thunderstorm,thunderstorm,1,0.0,0.015625,0.03125,0.00390625,0.00390625,0.9453125
1332,221,thunderstorm__fsd50k__dev__210044__0027__r0.wav,thunderstorm,thunderstorm,1,0.0,0.0,0.015625,0.0,0.0,0.984375
1333,221,thunderstorm__fsd50k__dev__210044__0027__r0.wav,thunderstorm,thunderstorm,1,0.00390625,0.015625,0.1953125,0.00390625,0.00390625,0.78125
1334,222,thunderstorm__fsd50k__dev__21847__0028__r0.wav,thunderstorm,thunderstorm,1,0.0078125,0.0078125,0.0390625,0.23828125,0.03515625,0.671875
1335,222,thunderstorm__fsd50k__dev__21847__0028__r0.wav,thunderstorm,thunderstorm,1,0.00390625,0.0078125,0.01171875,0.05078125,0.01953125,0.90234375
1336,222,thunderstorm__fsd50k__dev__21847__0028__r0.wav,thunderstorm,thunderstorm,1,0.00390625,0.0,0.02734375,0.04296875,0.01171875,0.91796875
1337,222,thunderstorm__fsd50k__dev__21847__0028__r0.wav,thunderstorm,thunderstorm,1,0.00390625,0.00390625,0.05859375,0.11328125,0.015625,0.80859375
1338,222,thunderstorm__fsd50k__dev__21847__0028__r0.wav,thunderstorm,thunderstorm,1,0.00390625,0.01171875,0.0234375,0.0703125,0.0234375,0.87109375
1339,222,thunderstorm__fsd50k__dev__21847__0028__r0.wav,thunderstorm,thunderstorm,1,0.00390625,0.00390625,0.07421875,0.1640625,0.01953125,0.734375
1340,222,thunderstorm__fsd50k__dev__21847__0028__r0.wav,thunderstorm,thunderstorm,1,0.00390625,0.00390625,0.02734375,0.30859375,0.0390625,0.6171875
1341,222,thunderstorm__fsd50k__dev__21847__0028__r0.wav,thunderstorm,thunderstorm,1,0.015625,0.00390625,0.0625,0.171875,0.0625,0.6875
1342,222,thunderstorm__fsd50k__dev__21847__0028__r0.wav,thunderstorm,thunderstorm,1,0.0078125,0.00390625,0.03515625,0.2578125,0.046875,0.6484375
1343,222,thunderstorm__fsd50k__dev__21847__0028__r0.wav,thunderstorm,thunderstorm,1,0.0078125,0.00390625,0.01171875,0.203125,0.05078125,0.72265625
1344,222,thunderstorm__fsd50k__dev__21847__0028__r0.wav,thunderstorm,thunderstorm,1,0.0078125,0.0078125,0.04296875,0.41796875,0.0546875,0.46875
1345,222,thunderstorm__fsd50k__dev__21847__0028__r0.wav,thunderstorm,siren,0,0.0078125,0.00390625,0.03515625,0.5,0.0546875,0.39453125
1346,222,thunderstorm__fsd50k__dev__21847__0028__r0.wav,thunderstorm,siren,0,0.01953125,0.03515625,0.09765625,0.43359375,0.109375,0.30859375
1347,223,thunderstorm__fsd50k__dev__22033__0029__r0.wav,thunderstorm,thunderstorm,1,0.0,0.00390625,0.046875,0.0234375,0.00390625,0.92578125
1348,223,thunderstorm__fsd50k__dev__22033__0029__r0.wav,thunderstorm,thunderstorm,1,0.0,0.00390625,0.25390625,0.01953125,0.00390625,0.71875
1349,223,thunderstorm__fsd50k__dev__22033__0029__r0.wav,thunderstorm,thunderstorm,1,0.0,0.0,0.21875,0.00390625,0.0,0.77734375
1350,223,thunderstorm__fsd50k__dev__22033__0029__r0.wav,thunderstorm,thunderstorm,1,0.0,0.0,0.04296875,0.0,0.0,0.953125
1351,223,thunderstorm__fsd50k__dev__22033__0029__r0.wav,thunderstorm,thunderstorm,1,0.0,0.0,0.07421875,0.00390625,0.0,0.921875
1352,223,thunderstorm__fsd50k__dev__22033__0029__r0.wav,thunderstorm,thunderstorm,1,0.0,0.0,0.0234375,0.00390625,0.0,0.9765625
1353,223,thunderstorm__fsd50k__dev__22033__0029__r0.wav,thunderstorm,thunderstorm,1,0.0,0.0,0.01953125,0.01953125,0.00390625,0.953125
1354,223,thunderstorm__fsd50k__dev__22033__0029__r0.wav,thunderstorm,thunderstorm,1,0.0,0.0,0.0078125,0.0078125,0.0,0.98046875
1355,223,thunderstorm__fsd50k__dev__22033__0029__r0.wav,thunderstorm,thunderstorm,1,0.0,0.0,0.01171875,0.0078125,0.0,0.98046875
1356,223,thunderstorm__fsd50k__dev__22033__0029__r0.wav,thunderstorm,thunderstorm,1,0.0,0.0,0.01953125,0.015625,0.0,0.96484375
1357,223,thunderstorm__fsd50k__dev__22033__0029__r0.wav,thunderstorm,thunderstorm,1,0.0,0.0,0.015625,0.02734375,0.0,0.95703125
1358,223,thunderstorm__fsd50k__dev__22033__0029__r0.wav,thunderstorm,thunderstorm,1,0.0,0.0,0.01171875,0.015625,0.0,0.97265625
1359,223,thunderstorm__fsd50k__dev__22033__0029__r0.wav,thunderstorm,thunderstorm,1,0.0,0.0,0.015625,0.0390625,0.0,0.9453125
1360,224,thunderstorm__fsd50k__dev__222601__0030__r0.wav,thunderstorm,thunderstorm,1,0.0,0.0,0.0234375,0.00390625,0.0,0.97265625
1361,224,thunderstorm__fsd50k__dev__222601__0030__r0.wav,thunderstorm,thunderstorm,1,0.0,0.0,0.08984375,0.00390625,0.0,0.90234375
1362,224,thunderstorm__fsd50k__dev__222601__0030__r0.wav,thunderstorm,thunderstorm,1,0.0,0.0,0.05859375,0.00390625,0.0,0.9375
1363,224,thunderstorm__fsd50k__dev__222601__0030__r0.wav,thunderstorm,thunderstorm,1,0.0,0.0,0.03125,0.01171875,0.0,0.95703125
1364,224,thunderstorm__fsd50k__dev__222601__0030__r0.wav,thunderstorm,thunderstorm,1,0.0,0.0,0.015625,0.00390625,0.0,0.984375
1365,224,thunderstorm__fsd50k__dev__222601__0030__r0.wav,thunderstorm,thunderstorm,1,0.0,0.0,0.0234375,0.00390625,0.0,0.97265625
1366,224,thunderstorm__fsd50k__dev__222601__0030__r0.wav,thunderstorm,thunderstorm,1,0.0,0.0,0.015625,0.00390625,0.0,0.98046875
1367,224,thunderstorm__fsd50k__dev__222601__0030__r0.wav,thunderstorm,thunderstorm,1,0.0,0.0,0.05078125,0.0078125,0.0,0.9375
1368,224,thunderstorm__fsd50k__dev__222601__0030__r0.wav,thunderstorm,thunderstorm,1,0.0,0.0,0.0390625,0.0078125,0.0,0.953125
1369,224,thunderstorm__fsd50k__dev__222601__0030__r0.wav,thunderstorm,thunderstorm,1,0.0,0.0,0.0234375,0.0078125,0.0,0.96875
1370,224,thunderstorm__fsd50k__dev__222601__0030__r0.wav,thunderstorm,thunderstorm,1,0.0,0.0,0.03515625,0.0078125,0.00390625,0.95703125
1371,224,thunderstorm__fsd50k__dev__222601__0030__r0.wav,thunderstorm,thunderstorm,1,0.0,0.0,0.015625,0.00390625,0.0,0.97265625
1372,224,thunderstorm__fsd50k__dev__222601__0030__r0.wav,thunderstorm,thunderstorm,1,0.0,0.0,0.02734375,0.00390625,0.00390625,0.96484375
1373,225,thunderstorm__fsd50k__dev__22874__0031__r0.wav,thunderstorm,thunderstorm,1,0.0,0.00390625,0.01171875,0.0,0.0,0.98046875
1374,225,thunderstorm__fsd50k__dev__22874__0031__r0.wav,thunderstorm,thunderstorm,1,0.0,0.0,0.08984375,0.00390625,0.0,0.90234375
1375,225,thunderstorm__fsd50k__dev__22874__0031__r0.wav,thunderstorm,thunderstorm,1,0.00390625,0.01953125,0.2265625,0.015625,0.01171875,0.72265625
1376,225,thunderstorm__fsd50k__dev__22874__0031__r0.wav,thunderstorm,thunderstorm,1,0.0,0.00390625,0.015625,0.0078125,0.0078125,0.96875
1377,225,thunderstorm__fsd50k__dev__22874__0031__r0.wav,thunderstorm,thunderstorm,1,0.00390625,0.015625,0.03515625,0.00390625,0.01171875,0.92578125
1378,225,thunderstorm__fsd50k__dev__22874__0031__r0.wav,thunderstorm,thunderstorm,1,0.00390625,0.0,0.01171875,0.0078125,0.00390625,0.97265625
1379,225,thunderstorm__fsd50k__dev__22874__0031__r0.wav,thunderstorm,thunderstorm,1,0.0,0.0,0.0078125,0.0,0.0,0.98828125
1380,225,thunderstorm__fsd50k__dev__22874__0031__r0.wav,thunderstorm,thunderstorm,1,0.0,0.0,0.015625,0.00390625,0.0,0.9765625
1381,225,thunderstorm__fsd50k__dev__22874__0031__r0.wav,thunderstorm,thunderstorm,1,0.0,0.0,0.01171875,0.00390625,0.0,0.984375
1382,225,thunderstorm__fsd50k__dev__22874__0031__r0.wav,thunderstorm,thunderstorm,1,0.0,0.0,0.015625,0.00390625,0.00390625,0.9765625
1383,225,thunderstorm__fsd50k__dev__22874__0031__r0.wav,thunderstorm,thunderstorm,1,0.0,0.0,0.0234375,0.00390625,0.0,0.97265625
1384,225,thunderstorm__fsd50k__dev__22874__0031__r0.wav,thunderstorm,thunderstorm,1,0.00390625,0.0078125,0.0390625,0.01171875,0.00390625,0.9375
1385,225,thunderstorm__fsd50k__dev__22874__0031__r0.wav,thunderstorm,thunderstorm,1,0.0,0.0078125,0.03515625,0.00390625,0.00390625,0.94921875
1386,226,thunderstorm__fsd50k__dev__237519__0032__r0.wav,thunderstorm,thunderstorm,1,0.0078125,0.0234375,0.0859375,0.0078125,0.0078125,0.8671875
1387,226,thunderstorm__fsd50k__dev__237519__0032__r0.wav,thunderstorm,thunderstorm,1,0.0078125,0.01953125,0.02734375,0.00390625,0.01171875,0.92578125
1388,226,thunderstorm__fsd50k__dev__237519__0032__r0.wav,thunderstorm,thunderstorm,1,0.00390625,0.03125,0.03125,0.00390625,0.015625,0.91015625
1389,226,thunderstorm__fsd50k__dev__237519__0032__r0.wav,thunderstorm,thunderstorm,1,0.0078125,0.03515625,0.0625,0.00390625,0.01953125,0.87109375
1390,226,thunderstorm__fsd50k__dev__237519__0032__r0.wav,thunderstorm,thunderstorm,1,0.0078125,0.01171875,0.01953125,0.0,0.0078125,0.94921875
1391,226,thunderstorm__fsd50k__dev__237519__0032__r0.wav,thunderstorm,thunderstorm,1,0.0,0.0,0.0078125,0.00390625,0.00390625,0.984375
1392,226,thunderstorm__fsd50k__dev__237519__0032__r0.wav,thunderstorm,thunderstorm,1,0.00390625,0.0,0.046875,0.00390625,0.00390625,0.9453125
1393,226,thunderstorm__fsd50k__dev__237519__0032__r0.wav,thunderstorm,thunderstorm,1,0.0,0.0,0.01171875,0.0,0.0,0.984375
1394,226,thunderstorm__fsd50k__dev__237519__0032__r0.wav,thunderstorm,thunderstorm,1,0.0,0.0,0.0078125,0.0,0.0,0.9921875
1395,226,thunderstorm__fsd50k__dev__237519__0032__r0.wav,thunderstorm,thunderstorm,1,0.0,0.0,0.0078125,0.0,0.0,0.9921875
1396,226,thunderstorm__fsd50k__dev__237519__0032__r0.wav,thunderstorm,thunderstorm,1,0.0,0.0,0.0078125,0.0,0.0,0.98828125
1397,226,thunderstorm__fsd50k__dev__237519__0032__r0.wav,thunderstorm,thunderstorm,1,0.0,0.0,0.03515625,0.00390625,0.00390625,0.95703125
1398,226,thunderstorm__fsd50k__dev__237519__0032__r0.wav,thunderstorm,thunderstorm,1,0.0,0.0,0.0078125,0.0,0.0,0.98828125
1399,227,thunderstorm__fsd50k__dev__242048__0033__r0.wav,thunderstorm,thunderstorm,1,0.15625,0.01171875,0.01171875,0.01953125,0.09765625,0.703125
1400,227,thunderstorm__fsd50k__dev__242048__0033__r0.wav,thunderstorm,thunderstorm,1,0.01953125,0.015625,0.36328125,0.01171875,0.015625,0.57421875
1401,227,thunderstorm__fsd50k__dev__242048__0033__r0.wav,thunderstorm,thunderstorm,1,0.0859375,0.0859375,0.0859375,0.06640625,0.30078125,0.37890625
1402,227,thunderstorm__fsd50k__dev__242048__0033__r0.wav,thunderstorm,speech,0,0.08984375,0.02734375,0.03125,0.17578125,0.5,0.17578125
1403,227,thunderstorm__fsd50k__dev__242048__0033__r0.wav,thunderstorm,speech,0,0.1015625,0.00390625,0.00390625,0.1640625,0.6484375,0.08203125
1404,227,thunderstorm__fsd50k__dev__242048__0033__r0.wav,thunderstorm,speech,0,0.11328125,0.00390625,0.00390625,0.08984375,0.72265625,0.0625
1405,227,thunderstorm__fsd50k__dev__242048__0033__r0.wav,thunderstorm,speech,0,0.234375,0.0078125,0.0078125,0.09375,0.58984375,0.06640625
1406,227,thunderstorm__fsd50k__dev__242048__0033__r0.wav,thunderstorm,speech,0,0.10546875,0.00390625,0.0078125,0.2109375,0.52734375,0.1484375
1407,227,thunderstorm__fsd50k__dev__242048__0033__r0.wav,thunderstorm,speech,0,0.12109375,0.015625,0.01171875,0.1953125,0.43359375,0.21875
1408,227,thunderstorm__fsd50k__dev__242048__0033__r0.wav,thunderstorm,thunderstorm,1,0.08984375,0.0234375,0.0390625,0.17578125,0.17578125,0.49609375
1409,227,thunderstorm__fsd50k__dev__242048__0033__r0.wav,thunderstorm,thunderstorm,1,0.08203125,0.03125,0.0390625,0.16015625,0.32421875,0.36328125
1410,227,thunderstorm__fsd50k__dev__242048__0033__r0.wav,thunderstorm,speech,0,0.07421875,0.01171875,0.01953125,0.1640625,0.46484375,0.26171875
1411,227,thunderstorm__fsd50k__dev__242048__0033__r0.wav,thunderstorm,speech,0,0.13671875,0.00390625,0.00390625,0.13671875,0.609375,0.109375
1412,228,thunderstorm__fsd50k__dev__242981__0034__r0.wav,thunderstorm,thunderstorm,1,0.0,0.0,0.0078125,0.0078125,0.0078125,0.9765625
1413,228,thunderstorm__fsd50k__dev__242981__0034__r0.wav,thunderstorm,thunderstorm,1,0.0,0.0,0.015625,0.0078125,0.00390625,0.97265625
1414,228,thunderstorm__fsd50k__dev__242981__0034__r0.wav,thunderstorm,thunderstorm,1,0.0,0.0,0.02734375,0.00390625,0.0,0.96484375
1415,228,thunderstorm__fsd50k__dev__242981__0034__r0.wav,thunderstorm,thunderstorm,1,0.0,0.0,0.01953125,0.0390625,0.00390625,0.9375
1416,228,thunderstorm__fsd50k__dev__242981__0034__r0.wav,thunderstorm,thunderstorm,1,0.0,0.00390625,0.04296875,0.1171875,0.0078125,0.828125
1417,228,thunderstorm__fsd50k__dev__242981__0034__r0.wav,thunderstorm,thunderstorm,1,0.0,0.0,0.01171875,0.02734375,0.00390625,0.9609375
1418,228,thunderstorm__fsd50k__dev__242981__0034__r0.wav,thunderstorm,thunderstorm,1,0.0,0.0,0.00390625,0.015625,0.0,0.98046875
1419,228,thunderstorm__fsd50k__dev__242981__0034__r0.wav,thunderstorm,thunderstorm,1,0.0,0.0,0.03125,0.03125,0.0,0.93359375
1420,228,thunderstorm__fsd50k__dev__242981__0034__r0.wav,thunderstorm,thunderstorm,1,0.0,0.0,0.0078125,0.015625,0.0,0.9765625
1421,228,thunderstorm__fsd50k__dev__242981__0034__r0.wav,thunderstorm,thunderstorm,1,0.0,0.0,0.01171875,0.046875,0.00390625,0.9375
1422,228,thunderstorm__fsd50k__dev__242981__0034__r0.wav,thunderstorm,thunderstorm,1,0.0,0.0,0.01171875,0.03125,0.00390625,0.95703125
1423,228,thunderstorm__fsd50k__dev__242981__0034__r0.wav,thunderstorm,thunderstorm,1,0.0,0.0,0.0078125,0.02734375,0.0,0.9609375
1424,228,thunderstorm__fsd50k__dev__242981__0034__r0.wav,thunderstorm,thunderstorm,1,0.0,0.0,0.0078125,0.015625,0.00390625,0.97265625
1425,229,thunderstorm__fsd50k__dev__243757__0035__r0.wav,thunderstorm,glass_breaking,0,0.015625,0.4921875,0.15625,0.01171875,0.05078125,0.27734375
1426,229,thunderstorm__fsd50k__dev__243757__0035__r0.wav,thunderstorm,thunderstorm,1,0.0078125,0.046875,0.046875,0.0234375,0.0390625,0.83984375
1427,229,thunderstorm__fsd50k__dev__243757__0035__r0.wav,thunderstorm,thunderstorm,1,0.0,0.00390625,0.01171875,0.0078125,0.0078125,0.96875
1428,229,thunderstorm__fsd50k__dev__243757__0035__r0.wav,thunderstorm,thunderstorm,1,0.0,0.00390625,0.03125,0.015625,0.0078125,0.9453125
1429,229,thunderstorm__fsd50k__dev__243757__0035__r0.wav,thunderstorm,thunderstorm,1,0.0,0.015625,0.01953125,0.00390625,0.00390625,0.953125
1430,229,thunderstorm__fsd50k__dev__243757__0035__r0.wav,thunderstorm,thunderstorm,1,0.0078125,0.01953125,0.0234375,0.00390625,0.01171875,0.93359375
1431,229,thunderstorm__fsd50k__dev__243757__0035__r0.wav,thunderstorm,thunderstorm,1,0.0,0.0,0.01953125,0.0078125,0.00390625,0.96875
1432,229,thunderstorm__fsd50k__dev__243757__0035__r0.wav,thunderstorm,thunderstorm,1,0.0,0.0,0.01953125,0.01171875,0.00390625,0.96484375
1433,229,thunderstorm__fsd50k__dev__243757__0035__r0.wav,thunderstorm,thunderstorm,1,0.0,0.00390625,0.0390625,0.0078125,0.0,0.94921875
1434,229,thunderstorm__fsd50k__dev__243757__0035__r0.wav,thunderstorm,thunderstorm,1,0.0,0.0,0.078125,0.01953125,0.00390625,0.8984375
1435,229,thunderstorm__fsd50k__dev__243757__0035__r0.wav,thunderstorm,thunderstorm,1,0.0,0.0,0.02734375,0.015625,0.0,0.95703125
1436,229,thunderstorm__fsd50k__dev__243757__0035__r0.wav,thunderstorm,thunderstorm,1,0.0,0.0,0.01953125,0.00390625,0.0,0.9765625
1437,229,thunderstorm__fsd50k__dev__243757__0035__r0.wav,thunderstorm,thunderstorm,1,0.0,0.0,0.01953125,0.015625,0.0,0.9609375
1438,230,thunderstorm__fsd50k__dev__243965__0036__r0.wav,thunderstorm,thunderstorm,1,0.22265625,0.00390625,0.00390625,0.08984375,0.17578125,0.5
1439,230,thunderstorm__fsd50k__dev__243965__0036__r0.wav,thunderstorm,thunderstorm,1,0.0625,0.00390625,0.01171875,0.0703125,0.078125,0.77734375
1440,230,thunderstorm__fsd50k__dev__243965__0036__r0.wav,thunderstorm,thunderstorm,1,0.16015625,0.00390625,0.03125,0.078125,0.16015625,0.56640625
1441,230,thunderstorm__fsd50k__dev__243965__0036__r0.wav,thunderstorm,dog_bark,0,0.4140625,0.0234375,0.03125,0.09375,0.14453125,0.29296875
1442,231,thunderstorm__fsd50k__dev__243968__0037__r0.wav,thunderstorm,dog_bark,0,0.60546875,0.01171875,0.00390625,0.03125,0.21484375,0.13671875
1443,231,thunderstorm__fsd50k__dev__243968__0037__r0.wav,thunderstorm,thunderstorm,1,0.0703125,0.00390625,0.14453125,0.1015625,0.03515625,0.64453125
1444,231,thunderstorm__fsd50k__dev__243968__0037__r0.wav,thunderstorm,thunderstorm,1,0.0546875,0.00390625,0.0703125,0.17578125,0.0625,0.62890625
1445,231,thunderstorm__fsd50k__dev__243968__0037__r0.wav,thunderstorm,thunderstorm,1,0.109375,0.0234375,0.15625,0.17578125,0.140625,0.39453125
1446,232,thunderstorm__fsd50k__dev__244693__0038__r0.wav,thunderstorm,thunderstorm,1,0.0078125,0.00390625,0.00390625,0.00390625,0.01171875,0.97265625
1447,232,thunderstorm__fsd50k__dev__244693__0038__r0.wav,thunderstorm,thunderstorm,1,0.0,0.0,0.00390625,0.00390625,0.0,0.98828125
1448,232,thunderstorm__fsd50k__dev__244693__0038__r0.wav,thunderstorm,thunderstorm,1,0.0,0.0,0.015625,0.01171875,0.00390625,0.96484375
1449,232,thunderstorm__fsd50k__dev__244693__0038__r0.wav,thunderstorm,thunderstorm,1,0.0,0.0,0.0078125,0.01953125,0.00390625,0.97265625
1450,232,thunderstorm__fsd50k__dev__244693__0038__r0.wav,thunderstorm,thunderstorm,1,0.0,0.0,0.01171875,0.015625,0.00390625,0.96484375
1451,232,thunderstorm__fsd50k__dev__244693__0038__r0.wav,thunderstorm,thunderstorm,1,0.0,0.0,0.01953125,0.01171875,0.00390625,0.9609375
1452,232,thunderstorm__fsd50k__dev__244693__0038__r0.wav,thunderstorm,thunderstorm,1,0.0,0.0,0.01171875,0.0078125,0.00390625,0.9765625
1453,232,thunderstorm__fsd50k__dev__244693__0038__r0.wav,thunderstorm,thunderstorm,1,0.0,0.0,0.02734375,0.01171875,0.00390625,0.953125
1454,232,thunderstorm__fsd50k__dev__244693__0038__r0.wav,thunderstorm,thunderstorm,1,0.00390625,0.00390625,0.0234375,0.01171875,0.01171875,0.9453125
1455,232,thunderstorm__fsd50k__dev__244693__0038__r0.wav,thunderstorm,thunderstorm,1,0.00390625,0.01171875,0.078125,0.015625,0.0078125,0.8828125
1456,232,thunderstorm__fsd50k__dev__244693__0038__r0.wav,thunderstorm,gunshot_gunfire,0,0.0390625,0.17578125,0.3984375,0.0078125,0.0234375,0.35546875
1457,233,thunderstorm__fsd50k__dev__248110__0039__r0.wav,thunderstorm,thunderstorm,1,0.0,0.00390625,0.06640625,0.07421875,0.0078125,0.84375
1458,233,thunderstorm__fsd50k__dev__248110__0039__r0.wav,thunderstorm,thunderstorm,1,0.0,0.0078125,0.0703125,0.1015625,0.01171875,0.80859375
1459,233,thunderstorm__fsd50k__dev__248110__0039__r0.wav,thunderstorm,thunderstorm,1,0.0,0.0078125,0.046875,0.0703125,0.01171875,0.86328125
1460,233,thunderstorm__fsd50k__dev__248110__0039__r0.wav,thunderstorm,thunderstorm,1,0.0,0.00390625,0.015625,0.015625,0.00390625,0.96484375
1461,233,thunderstorm__fsd50k__dev__248110__0039__r0.wav,thunderstorm,thunderstorm,1,0.0,0.00390625,0.01171875,0.00390625,0.00390625,0.98046875
1462,233,thunderstorm__fsd50k__dev__248110__0039__r0.wav,thunderstorm,thunderstorm,1,0.0,0.0078125,0.08203125,0.0,0.0,0.91015625
1463,233,thunderstorm__fsd50k__dev__248110__0039__r0.wav,thunderstorm,thunderstorm,1,0.0,0.0,0.125,0.00390625,0.0,0.87109375
1464,233,thunderstorm__fsd50k__dev__248110__0039__r0.wav,thunderstorm,thunderstorm,1,0.0,0.0,0.0234375,0.00390625,0.0,0.96875
1465,233,thunderstorm__fsd50k__dev__248110__0039__r0.wav,thunderstorm,thunderstorm,1,0.0,0.0,0.04296875,0.0234375,0.00390625,0.9296875
1466,233,thunderstorm__fsd50k__dev__248110__0039__r0.wav,thunderstorm,thunderstorm,1,0.0,0.0,0.02734375,0.046875,0.00390625,0.921875
1467,233,thunderstorm__fsd50k__dev__248110__0039__r0.wav,thunderstorm,thunderstorm,1,0.0,0.0,0.01171875,0.02734375,0.00390625,0.95703125
1468,233,thunderstorm__fsd50k__dev__248110__0039__r0.wav,thunderstorm,thunderstorm,1,0.0,0.0,0.015625,0.05859375,0.00390625,0.91796875
1469,233,thunderstorm__fsd50k__dev__248110__0039__r0.wav,thunderstorm,thunderstorm,1,0.0,0.0,0.01953125,0.0390625,0.00390625,0.9375
1470,234,thunderstorm__fsd50k__dev__253763__0040__r0.wav,thunderstorm,thunderstorm,1,0.0,0.0,0.00390625,0.0078125,0.0,0.98828125
1471,234,thunderstorm__fsd50k__dev__253763__0040__r0.wav,thunderstorm,thunderstorm,1,0.0,0.0,0.02734375,0.00390625,0.0,0.96484375
1472,234,thunderstorm__fsd50k__dev__253763__0040__r0.wav,thunderstorm,thunderstorm,1,0.0,0.0,0.0234375,0.00390625,0.0,0.97265625
1473,234,thunderstorm__fsd50k__dev__253763__0040__r0.wav,thunderstorm,thunderstorm,1,0.0,0.0,0.01171875,0.0234375,0.00390625,0.9609375
1474,234,thunderstorm__fsd50k__dev__253763__0040__r0.wav,thunderstorm,thunderstorm,1,0.0,0.0,0.0078125,0.0234375,0.00390625,0.96484375
1475,234,thunderstorm__fsd50k__dev__253763__0040__r0.wav,thunderstorm,thunderstorm,1,0.0,0.0,0.0078125,0.02734375,0.00390625,0.9609375
1476,234,thunderstorm__fsd50k__dev__253763__0040__r0.wav,thunderstorm,thunderstorm,1,0.0,0.0,0.01171875,0.01171875,0.0,0.9765625
1477,234,thunderstorm__fsd50k__dev__253763__0040__r0.wav,thunderstorm,thunderstorm,1,0.0,0.0,0.0078125,0.00390625,0.0,0.98828125
1478,234,thunderstorm__fsd50k__dev__253763__0040__r0.wav,thunderstorm,thunderstorm,1,0.0,0.0,0.0078125,0.00390625,0.0,0.98828125
1479,234,thunderstorm__fsd50k__dev__253763__0040__r0.wav,thunderstorm,thunderstorm,1,0.0,0.0,0.0078125,0.00390625,0.0,0.98828125
1480,234,thunderstorm__fsd50k__dev__253763__0040__r0.wav,thunderstorm,thunderstorm,1,0.0,0.0,0.0078125,0.0078125,0.0,0.984375
1481,234,thunderstorm__fsd50k__dev__253763__0040__r0.wav,thunderstorm,thunderstorm,1,0.0,0.0,0.015625,0.0078125,0.0,0.97265625
1482,234,thunderstorm__fsd50k__dev__253763__0040__r0.wav,thunderstorm,thunderstorm,1,0.0,0.0,0.015625,0.015625,0.00390625,0.9609375
1483,235,thunderstorm__fsd50k__dev__259316__0041__r0.wav,thunderstorm,thunderstorm,1,0.0,0.0,0.04296875,0.0,0.0,0.953125
1484,235,thunderstorm__fsd50k__dev__259316__0041__r0.wav,thunderstorm,thunderstorm,1,0.0,0.0,0.05859375,0.0,0.0,0.9375
1485,235,thunderstorm__fsd50k__dev__259316__0041__r0.wav,thunderstorm,thunderstorm,1,0.0,0.00390625,0.12109375,0.00390625,0.0,0.8671875
1486,235,thunderstorm__fsd50k__dev__259316__0041__r0.wav,thunderstorm,thunderstorm,1,0.0,0.0,0.015625,0.0,0.0,0.984375
1487,235,thunderstorm__fsd50k__dev__259316__0041__r0.wav,thunderstorm,thunderstorm,1,0.0,0.0,0.0078125,0.0,0.0,0.9921875
1488,235,thunderstorm__fsd50k__dev__259316__0041__r0.wav,thunderstorm,thunderstorm,1,0.0,0.0,0.015625,0.0,0.0,0.984375
1489,235,thunderstorm__fsd50k__dev__259316__0041__r0.wav,thunderstorm,thunderstorm,1,0.0,0.0,0.03515625,0.0078125,0.00390625,0.953125
1490,235,thunderstorm__fsd50k__dev__259316__0041__r0.wav,thunderstorm,thunderstorm,1,0.0,0.0,0.04296875,0.0078125,0.00390625,0.9453125
1491,235,thunderstorm__fsd50k__dev__259316__0041__r0.wav,thunderstorm,thunderstorm,1,0.0,0.0,0.01171875,0.0078125,0.00390625,0.97265625
1492,235,thunderstorm__fsd50k__dev__259316__0041__r0.wav,thunderstorm,thunderstorm,1,0.0,0.0,0.015625,0.02734375,0.00390625,0.953125
1493,235,thunderstorm__fsd50k__dev__259316__0041__r0.wav,thunderstorm,thunderstorm,1,0.00390625,0.00390625,0.015625,0.01171875,0.0078125,0.95703125
1494,235,thunderstorm__fsd50k__dev__259316__0041__r0.wav,thunderstorm,thunderstorm,1,0.01171875,0.0078125,0.015625,0.01171875,0.01171875,0.94140625
1495,235,thunderstorm__fsd50k__dev__259316__0041__r0.wav,thunderstorm,thunderstorm,1,0.01171875,0.0078125,0.03515625,0.03125,0.0234375,0.88671875
1496,236,thunderstorm__fsd50k__dev__29675__0042__r0.wav,thunderstorm,thunderstorm,1,0.00390625,0.01171875,0.0234375,0.01171875,0.0078125,0.94140625
1497,236,thunderstorm__fsd50k__dev__29675__0042__r0.wav,thunderstorm,thunderstorm,1,0.0,0.0078125,0.03125,0.02734375,0.00390625,0.92578125
1498,236,thunderstorm__fsd50k__dev__29675__0042__r0.wav,thunderstorm,thunderstorm,1,0.0,0.015625,0.05078125,0.09375,0.01171875,0.82421875
1499,236,thunderstorm__fsd50k__dev__29675__0042__r0.wav,thunderstorm,thunderstorm,1,0.0,0.01171875,0.0390625,0.04296875,0.01171875,0.89453125
1500,236,thunderstorm__fsd50k__dev__29675__0042__r0.wav,thunderstorm,thunderstorm,1,0.0,0.0078125,0.03125,0.0546875,0.01171875,0.890625
1501,236,thunderstorm__fsd50k__dev__29675__0042__r0.wav,thunderstorm,thunderstorm,1,0.0,0.00390625,0.015625,0.03515625,0.0078125,0.94140625
1502,236,thunderstorm__fsd50k__dev__29675__0042__r0.wav,thunderstorm,thunderstorm,1,0.0,0.0,0.01171875,0.03515625,0.00390625,0.953125
1503,236,thunderstorm__fsd50k__dev__29675__0042__r0.wav,thunderstorm,thunderstorm,1,0.0,0.0,0.015625,0.03515625,0.0,0.94921875
1504,236,thunderstorm__fsd50k__dev__29675__0042__r0.wav,thunderstorm,thunderstorm,1,0.0,0.0,0.0234375,0.046875,0.00390625,0.92578125
1505,236,thunderstorm__fsd50k__dev__29675__0042__r0.wav,thunderstorm,thunderstorm,1,0.0,0.0,0.0234375,0.046875,0.00390625,0.92578125
1506,236,thunderstorm__fsd50k__dev__29675__0042__r0.wav,thunderstorm,thunderstorm,1,0.0,0.00390625,0.02734375,0.03515625,0.00390625,0.92578125
1507,236,thunderstorm__fsd50k__dev__29675__0042__r0.wav,thunderstorm,thunderstorm,1,0.0,0.0078125,0.23046875,0.01953125,0.00390625,0.734375
1508,236,thunderstorm__fsd50k__dev__29675__0042__r0.wav,thunderstorm,gunshot_gunfire,0,0.0,0.0,0.51953125,0.06640625,0.0,0.4140625
1509,237,thunderstorm__fsd50k__dev__31452__0043__r0.wav,thunderstorm,thunderstorm,1,0.00390625,0.03515625,0.09375,0.10546875,0.015625,0.75
1510,237,thunderstorm__fsd50k__dev__31452__0043__r0.wav,thunderstorm,thunderstorm,1,0.0,0.0078125,0.03125,0.03515625,0.0078125,0.9140625
1511,237,thunderstorm__fsd50k__dev__31452__0043__r0.wav,thunderstorm,thunderstorm,1,0.0,0.00390625,0.0390625,0.03125,0.00390625,0.9140625
1512,237,thunderstorm__fsd50k__dev__31452__0043__r0.wav,thunderstorm,thunderstorm,1,0.0,0.0078125,0.03515625,0.01953125,0.00390625,0.9296875
1513,237,thunderstorm__fsd50k__dev__31452__0043__r0.wav,thunderstorm,thunderstorm,1,0.0,0.0078125,0.04296875,0.04296875,0.0078125,0.890625
1514,237,thunderstorm__fsd50k__dev__31452__0043__r0.wav,thunderstorm,thunderstorm,1,0.00390625,0.015625,0.05859375,0.1015625,0.01171875,0.80859375
1515,237,thunderstorm__fsd50k__dev__31452__0043__r0.wav,thunderstorm,thunderstorm,1,0.00390625,0.0078125,0.05078125,0.04296875,0.01171875,0.88671875
1516,237,thunderstorm__fsd50k__dev__31452__0043__r0.wav,thunderstorm,thunderstorm,1,0.00390625,0.03515625,0.078125,0.0,0.01171875,0.87109375
1517,237,thunderstorm__fsd50k__dev__31452__0043__r0.wav,thunderstorm,thunderstorm,1,0.0,0.00390625,0.03515625,0.0,0.00390625,0.95703125
1518,237,thunderstorm__fsd50k__dev__31452__0043__r0.wav,thunderstorm,thunderstorm,1,0.0,0.0,0.03125,0.0,0.0,0.96875
1519,237,thunderstorm__fsd50k__dev__31452__0043__r0.wav,thunderstorm,thunderstorm,1,0.0,0.0,0.02734375,0.00390625,0.0,0.96875
1520,237,thunderstorm__fsd50k__dev__31452__0043__r0.wav,thunderstorm,thunderstorm,1,0.0,0.00390625,0.01171875,0.01953125,0.0078125,0.95703125
1521,237,thunderstorm__fsd50k__dev__31452__0043__r0.wav,thunderstorm,thunderstorm,1,0.0,0.00390625,0.0078125,0.0078125,0.00390625,0.98046875
1522,238,thunderstorm__fsd50k__dev__328391__0044__r0.wav,thunderstorm,thunderstorm,1,0.0,0.0,0.0234375,0.03125,0.00390625,0.94140625
1523,238,thunderstorm__fsd50k__dev__328391__0044__r0.wav,thunderstorm,thunderstorm,1,0.0,0.0,0.0234375,0.03515625,0.00390625,0.9375
1524,238,thunderstorm__fsd50k__dev__328391__0044__r0.wav,thunderstorm,thunderstorm,1,0.0,0.0,0.0234375,0.02734375,0.00390625,0.9453125
1525,238,thunderstorm__fsd50k__dev__328391__0044__r0.wav,thunderstorm,thunderstorm,1,0.0,0.00390625,0.02734375,0.05078125,0.00390625,0.91796875
1526,238,thunderstorm__fsd50k__dev__328391__0044__r0.wav,thunderstorm,thunderstorm,1,0.0,0.0,0.01953125,0.02734375,0.00390625,0.94921875
1527,238,thunderstorm__fsd50k__dev__328391__0044__r0.wav,thunderstorm,thunderstorm,1,0.0,0.0,0.0234375,0.03125,0.00390625,0.94140625
1528,238,thunderstorm__fsd50k__dev__328391__0044__r0.wav,thunderstorm,thunderstorm,1,0.0,0.00390625,0.04296875,0.0546875,0.00390625,0.890625
1529,238,thunderstorm__fsd50k__dev__328391__0044__r0.wav,thunderstorm,thunderstorm,1,0.0,0.00390625,0.0234375,0.0390625,0.00390625,0.93359375
1530,238,thunderstorm__fsd50k__dev__328391__0044__r0.wav,thunderstorm,thunderstorm,1,0.0,0.0,0.01953125,0.0234375,0.0,0.953125
1531,238,thunderstorm__fsd50k__dev__328391__0044__r0.wav,thunderstorm,thunderstorm,1,0.0,0.0,0.01953125,0.03125,0.00390625,0.9453125
1532,238,thunderstorm__fsd50k__dev__328391__0044__r0.wav,thunderstorm,thunderstorm,1,0.0,0.0,0.015625,0.00390625,0.0,0.98046875
1533,238,thunderstorm__fsd50k__dev__328391__0044__r0.wav,thunderstorm,thunderstorm,1,0.0,0.0,0.02734375,0.00390625,0.0,0.96875
1534,238,thunderstorm__fsd50k__dev__328391__0044__r0.wav,thunderstorm,thunderstorm,1,0.0,0.0,0.08203125,0.00390625,0.0,0.9140625
1535,239,thunderstorm__fsd50k__dev__33246__0045__r0.wav,thunderstorm,thunderstorm,1,0.00390625,0.04296875,0.0546875,0.01171875,0.01171875,0.875
1536,239,thunderstorm__fsd50k__dev__33246__0045__r0.wav,thunderstorm,thunderstorm,1,0.0,0.0,0.07421875,0.00390625,0.0,0.921875
1537,239,thunderstorm__fsd50k__dev__33246__0045__r0.wav,thunderstorm,thunderstorm,1,0.0,0.0,0.04296875,0.0078125,0.0,0.953125
1538,239,thunderstorm__fsd50k__dev__33246__0045__r0.wav,thunderstorm,thunderstorm,1,0.0,0.0,0.06640625,0.015625,0.0,0.91796875
1539,239,thunderstorm__fsd50k__dev__33246__0045__r0.wav,thunderstorm,thunderstorm,1,0.0,0.0,0.02734375,0.05859375,0.01171875,0.90234375
1540,239,thunderstorm__fsd50k__dev__33246__0045__r0.wav,thunderstorm,thunderstorm,1,0.0,0.0,0.01171875,0.015625,0.00390625,0.9609375
1541,239,thunderstorm__fsd50k__dev__33246__0045__r0.wav,thunderstorm,thunderstorm,1,0.0078125,0.00390625,0.14453125,0.01953125,0.01171875,0.8125
1542,239,thunderstorm__fsd50k__dev__33246__0045__r0.wav,thunderstorm,thunderstorm,1,0.0,0.0,0.00390625,0.0078125,0.0,0.984375
1543,239,thunderstorm__fsd50k__dev__33246__0045__r0.wav,thunderstorm,thunderstorm,1,0.0,0.0,0.01171875,0.00390625,0.0,0.984375
1544,239,thunderstorm__fsd50k__dev__33246__0045__r0.wav,thunderstorm,thunderstorm,1,0.0,0.0,0.015625,0.0078125,0.0,0.97265625
1545,239,thunderstorm__fsd50k__dev__33246__0045__r0.wav,thunderstorm,thunderstorm,1,0.0,0.0,0.0078125,0.0234375,0.0,0.96875
1546,239,thunderstorm__fsd50k__dev__33246__0045__r0.wav,thunderstorm,thunderstorm,1,0.0,0.0,0.00390625,0.0078125,0.0,0.984375
1547,239,thunderstorm__fsd50k__dev__33246__0045__r0.wav,thunderstorm,thunderstorm,1,0.0,0.0,0.0078125,0.01171875,0.00390625,0.97265625
1548,240,thunderstorm__fsd50k__dev__341960__0046__r0.wav,thunderstorm,thunderstorm,1,0.0,0.0,0.03515625,0.0,0.0,0.96484375
1549,240,thunderstorm__fsd50k__dev__341960__0046__r0.wav,thunderstorm,thunderstorm,1,0.0,0.0,0.11328125,0.0,0.0,0.88671875
1550,240,thunderstorm__fsd50k__dev__341960__0046__r0.wav,thunderstorm,thunderstorm,1,0.0,0.0,0.02734375,0.0,0.0,0.96875
1551,240,thunderstorm__fsd50k__dev__341960__0046__r0.wav,thunderstorm,thunderstorm,1,0.0,0.0,0.02734375,0.0,0.0,0.96875
1552,241,thunderstorm__fsd50k__dev__344434__0047__r0.wav,thunderstorm,thunderstorm,1,0.0078125,0.00390625,0.0078125,0.02734375,0.0390625,0.91015625
1553,241,thunderstorm__fsd50k__dev__344434__0047__r0.wav,thunderstorm,thunderstorm,1,0.00390625,0.00390625,0.01953125,0.0234375,0.015625,0.9296875
1554,241,thunderstorm__fsd50k__dev__344434__0047__r0.wav,thunderstorm,thunderstorm,1,0.00390625,0.0,0.015625,0.0234375,0.01171875,0.9453125
1555,241,thunderstorm__fsd50k__dev__344434__0047__r0.wav,thunderstorm,thunderstorm,1,0.0,0.0,0.01171875,0.03515625,0.0078125,0.9453125
1556,241,thunderstorm__fsd50k__dev__344434__0047__r0.wav,thunderstorm,thunderstorm,1,0.0,0.0,0.0078125,0.015625,0.0078125,0.96875
1557,241,thunderstorm__fsd50k__dev__344434__0047__r0.wav,thunderstorm,thunderstorm,1,0.0,0.00390625,0.01953125,0.05859375,0.015625,0.90625
1558,241,thunderstorm__fsd50k__dev__344434__0047__r0.wav,thunderstorm,thunderstorm,1,0.00390625,0.00390625,0.01171875,0.03125,0.01953125,0.93359375
1559,241,thunderstorm__fsd50k__dev__344434__0047__r0.wav,thunderstorm,thunderstorm,1,0.00390625,0.0,0.01171875,0.01171875,0.0078125,0.9609375
1560,241,thunderstorm__fsd50k__dev__344434__0047__r0.wav,thunderstorm,thunderstorm,1,0.0,0.0,0.015625,0.09765625,0.015625,0.8671875
1561,241,thunderstorm__fsd50k__dev__344434__0047__r0.wav,thunderstorm,thunderstorm,1,0.00390625,0.0,0.01953125,0.046875,0.01171875,0.921875
1562,241,thunderstorm__fsd50k__dev__344434__0047__r0.wav,thunderstorm,thunderstorm,1,0.0078125,0.00390625,0.03125,0.16796875,0.0390625,0.75390625
1563,241,thunderstorm__fsd50k__dev__344434__0047__r0.wav,thunderstorm,thunderstorm,1,0.0,0.00390625,0.01953125,0.0703125,0.015625,0.890625
1564,241,thunderstorm__fsd50k__dev__344434__0047__r0.wav,thunderstorm,thunderstorm,1,0.0,0.0,0.01171875,0.0234375,0.0078125,0.953125
1565,242,thunderstorm__fsd50k__dev__344435__0048__r0.wav,thunderstorm,thunderstorm,1,0.0078125,0.1328125,0.0546875,0.00390625,0.0546875,0.74609375
1566,242,thunderstorm__fsd50k__dev__344435__0048__r0.wav,thunderstorm,thunderstorm,1,0.00390625,0.078125,0.09765625,0.01171875,0.0234375,0.78515625
1567,242,thunderstorm__fsd50k__dev__344435__0048__r0.wav,thunderstorm,thunderstorm,1,0.0078125,0.0390625,0.0625,0.01171875,0.0234375,0.859375
1568,242,thunderstorm__fsd50k__dev__344435__0048__r0.wav,thunderstorm,thunderstorm,1,0.00390625,0.0234375,0.02734375,0.0078125,0.01953125,0.9140625
1569,242,thunderstorm__fsd50k__dev__344435__0048__r0.wav,thunderstorm,thunderstorm,1,0.0,0.0,0.015625,0.0078125,0.00390625,0.9765625
1570,242,thunderstorm__fsd50k__dev__344435__0048__r0.wav,thunderstorm,thunderstorm,1,0.0,0.0,0.0234375,0.00390625,0.00390625,0.96875
1571,242,thunderstorm__fsd50k__dev__344435__0048__r0.wav,thunderstorm,thunderstorm,1,0.0,0.0,0.015625,0.00390625,0.00390625,0.98046875
1572,242,thunderstorm__fsd50k__dev__344435__0048__r0.wav,thunderstorm,thunderstorm,1,0.0,0.0,0.015625,0.00390625,0.0,0.9765625
1573,242,thunderstorm__fsd50k__dev__344435__0048__r0.wav,thunderstorm,thunderstorm,1,0.0,0.0,0.015625,0.00390625,0.00390625,0.9765625
1574,242,thunderstorm__fsd50k__dev__344435__0048__r0.wav,thunderstorm,thunderstorm,1,0.0,0.0,0.0078125,0.00390625,0.0,0.984375
1575,242,thunderstorm__fsd50k__dev__344435__0048__r0.wav,thunderstorm,thunderstorm,1,0.0,0.00390625,0.015625,0.0078125,0.0078125,0.96484375
1576,242,thunderstorm__fsd50k__dev__344435__0048__r0.wav,thunderstorm,thunderstorm,1,0.0,0.015625,0.03515625,0.015625,0.02734375,0.90625
1577,242,thunderstorm__fsd50k__dev__344435__0048__r0.wav,thunderstorm,thunderstorm,1,0.0,0.0,0.0234375,0.0078125,0.00390625,0.96484375
1578,243,thunderstorm__fsd50k__dev__345920__0049__r0.wav,thunderstorm,thunderstorm,1,0.0,0.00390625,0.26171875,0.00390625,0.0,0.734375
1579,243,thunderstorm__fsd50k__dev__345920__0049__r0.wav,thunderstorm,thunderstorm,1,0.0,0.0,0.19921875,0.00390625,0.0,0.796875
1580,243,thunderstorm__fsd50k__dev__345920__0049__r0.wav,thunderstorm,thunderstorm,1,0.0,0.0,0.015625,0.00390625,0.0,0.9765625
1581,243,thunderstorm__fsd50k__dev__345920__0049__r0.wav,thunderstorm,thunderstorm,1,0.0,0.0,0.109375,0.0078125,0.0,0.87890625
1582,244,thunderstorm__fsd50k__dev__359151__0050__r0.wav,thunderstorm,thunderstorm,1,0.00390625,0.0078125,0.01171875,0.015625,0.0078125,0.95703125
1583,244,thunderstorm__fsd50k__dev__359151__0050__r0.wav,thunderstorm,thunderstorm,1,0.00390625,0.00390625,0.01171875,0.01171875,0.01171875,0.953125
1584,244,thunderstorm__fsd50k__dev__359151__0050__r0.wav,thunderstorm,thunderstorm,1,0.0,0.0,0.00390625,0.0078125,0.00390625,0.98828125
1585,244,thunderstorm__fsd50k__dev__359151__0050__r0.wav,thunderstorm,thunderstorm,1,0.0,0.0,0.04296875,0.01171875,0.0,0.9453125
1586,244,thunderstorm__fsd50k__dev__359151__0050__r0.wav,thunderstorm,thunderstorm,1,0.0,0.0,0.01953125,0.0078125,0.0,0.97265625
1587,244,thunderstorm__fsd50k__dev__359151__0050__r0.wav,thunderstorm,thunderstorm,1,0.0,0.0,0.0078125,0.0078125,0.00390625,0.98046875
1588,244,thunderstorm__fsd50k__dev__359151__0050__r0.wav,thunderstorm,thunderstorm,1,0.0,0.0,0.0078125,0.01171875,0.00390625,0.9765625
1589,244,thunderstorm__fsd50k__dev__359151__0050__r0.wav,thunderstorm,thunderstorm,1,0.0,0.0,0.00390625,0.00390625,0.0,0.9921875
1590,244,thunderstorm__fsd50k__dev__359151__0050__r0.wav,thunderstorm,thunderstorm,1,0.0,0.0,0.015625,0.0078125,0.0,0.97265625
1591,244,thunderstorm__fsd50k__dev__359151__0050__r0.wav,thunderstorm,thunderstorm,1,0.0,0.0,0.01171875,0.03125,0.00390625,0.953125
1592,244,thunderstorm__fsd50k__dev__359151__0050__r0.wav,thunderstorm,thunderstorm,1,0.0,0.0,0.00390625,0.03125,0.0,0.9609375
1593,244,thunderstorm__fsd50k__dev__359151__0050__r0.wav,thunderstorm,thunderstorm,1,0.0,0.0,0.0078125,0.05078125,0.0,0.93359375
1594,244,thunderstorm__fsd50k__dev__359151__0050__r0.wav,thunderstorm,thunderstorm,1,0.0,0.0,0.0078125,0.015625,0.0,0.97265625
1595,245,thunderstorm__fsd50k__dev__363252__0051__r0.wav,thunderstorm,thunderstorm,1,0.00390625,0.00390625,0.0078125,0.00390625,0.00390625,0.9765625
1596,245,thunderstorm__fsd50k__dev__363252__0051__r0.wav,thunderstorm,thunderstorm,1,0.0,0.0078125,0.0234375,0.0078125,0.00390625,0.95703125
1597,245,thunderstorm__fsd50k__dev__363252__0051__r0.wav,thunderstorm,thunderstorm,1,0.0,0.0,0.00390625,0.0,0.0,0.9921875
1598,245,thunderstorm__fsd50k__dev__363252__0051__r0.wav,thunderstorm,thunderstorm,1,0.0,0.0,0.0078125,0.00390625,0.0,0.98828125
1599,245,thunderstorm__fsd50k__dev__363252__0051__r0.wav,thunderstorm,thunderstorm,1,0.0,0.0,0.01171875,0.00390625,0.00390625,0.98046875
1600,245,thunderstorm__fsd50k__dev__363252__0051__r0.wav,thunderstorm,thunderstorm,1,0.0,0.0,0.01171875,0.00390625,0.0,0.98046875
1601,245,thunderstorm__fsd50k__dev__363252__0051__r0.wav,thunderstorm,thunderstorm,1,0.0,0.0,0.01953125,0.00390625,0.00390625,0.97265625
1602,245,thunderstorm__fsd50k__dev__363252__0051__r0.wav,thunderstorm,thunderstorm,1,0.0,0.00390625,0.02734375,0.00390625,0.00390625,0.9609375
1603,245,thunderstorm__fsd50k__dev__363252__0051__r0.wav,thunderstorm,thunderstorm,1,0.0,0.0,0.01171875,0.00390625,0.00390625,0.98046875
1604,245,thunderstorm__fsd50k__dev__363252__0051__r0.wav,thunderstorm,thunderstorm,1,0.0,0.0,0.015625,0.00390625,0.00390625,0.9765625
1605,245,thunderstorm__fsd50k__dev__363252__0051__r0.wav,thunderstorm,thunderstorm,1,0.0,0.0,0.0234375,0.0078125,0.00390625,0.96484375
1606,245,thunderstorm__fsd50k__dev__363252__0051__r0.wav,thunderstorm,thunderstorm,1,0.0,0.0,0.0078125,0.00390625,0.0,0.98828125
1607,245,thunderstorm__fsd50k__dev__363252__0051__r0.wav,thunderstorm,thunderstorm,1,0.0,0.0,0.00390625,0.0,0.0,0.99609375
1608,246,thunderstorm__fsd50k__dev__367510__0052__r0.wav,thunderstorm,thunderstorm,1,0.0,0.00390625,0.03125,0.02734375,0.00390625,0.9375
1609,246,thunderstorm__fsd50k__dev__367510__0052__r0.wav,thunderstorm,thunderstorm,1,0.0,0.0,0.0234375,0.0390625,0.00390625,0.93359375
1610,246,thunderstorm__fsd50k__dev__367510__0052__r0.wav,thunderstorm,thunderstorm,1,0.0,0.0,0.01953125,0.04296875,0.00390625,0.9296875
1611,246,thunderstorm__fsd50k__dev__367510__0052__r0.wav,thunderstorm,thunderstorm,1,0.0,0.00390625,0.03125,0.0234375,0.00390625,0.9375
1612,246,thunderstorm__fsd50k__dev__367510__0052__r0.wav,thunderstorm,thunderstorm,1,0.0,0.00390625,0.046875,0.02734375,0.00390625,0.91796875
1613,246,thunderstorm__fsd50k__dev__367510__0052__r0.wav,thunderstorm,thunderstorm,1,0.0,0.0,0.0234375,0.0234375,0.0,0.94921875
1614,246,thunderstorm__fsd50k__dev__367510__0052__r0.wav,thunderstorm,thunderstorm,1,0.0,0.0,0.01953125,0.02734375,0.0,0.94921875
1615,246,thunderstorm__fsd50k__dev__367510__0052__r0.wav,thunderstorm,thunderstorm,1,0.0,0.0,0.01953125,0.046875,0.00390625,0.9296875
1616,246,thunderstorm__fsd50k__dev__367510__0052__r0.wav,thunderstorm,thunderstorm,1,0.0,0.0,0.0078125,0.015625,0.0,0.9765625
1617,246,thunderstorm__fsd50k__dev__367510__0052__r0.wav,thunderstorm,thunderstorm,1,0.0,0.0,0.015625,0.03125,0.0,0.94921875
1618,246,thunderstorm__fsd50k__dev__367510__0052__r0.wav,thunderstorm,thunderstorm,1,0.0,0.0,0.01953125,0.05078125,0.0,0.92578125
1619,246,thunderstorm__fsd50k__dev__367510__0052__r0.wav,thunderstorm,thunderstorm,1,0.0,0.0,0.01953125,0.02734375,0.0,0.94921875
1620,246,thunderstorm__fsd50k__dev__367510__0052__r0.wav,thunderstorm,thunderstorm,1,0.0,0.0,0.0078125,0.015625,0.0,0.9765625
1621,247,thunderstorm__fsd50k__dev__37299__0053__r0.wav,thunderstorm,thunderstorm,1,0.02734375,0.01953125,0.08203125,0.02734375,0.03125,0.8125
1622,247,thunderstorm__fsd50k__dev__37299__0053__r0.wav,thunderstorm,gunshot_gunfire,0,0.00390625,0.0078125,0.61328125,0.0234375,0.0078125,0.34375
1623,247,thunderstorm__fsd50k__dev__37299__0053__r0.wav,thunderstorm,thunderstorm,1,0.01171875,0.01171875,0.203125,0.03515625,0.01953125,0.71875
1624,247,thunderstorm__fsd50k__dev__37299__0053__r0.wav,thunderstorm,thunderstorm,1,0.0078125,0.0078125,0.09375,0.0390625,0.015625,0.83984375
1625,247,thunderstorm__fsd50k__dev__37299__0053__r0.wav,thunderstorm,thunderstorm,1,0.015625,0.01953125,0.1484375,0.10546875,0.03515625,0.671875
1626,247,thunderstorm__fsd50k__dev__37299__0053__r0.wav,thunderstorm,thunderstorm,1,0.05078125,0.02734375,0.09765625,0.0703125,0.0546875,0.69921875
1627,247,thunderstorm__fsd50k__dev__37299__0053__r0.wav,thunderstorm,thunderstorm,1,0.08203125,0.06640625,0.0234375,0.0546875,0.10546875,0.66796875
1628,247,thunderstorm__fsd50k__dev__37299__0053__r0.wav,thunderstorm,thunderstorm,1,0.0234375,0.00390625,0.0234375,0.01171875,0.03515625,0.90234375
1629,247,thunderstorm__fsd50k__dev__37299__0053__r0.wav,thunderstorm,thunderstorm,1,0.01171875,0.0078125,0.0546875,0.015625,0.02734375,0.87890625
1630,247,thunderstorm__fsd50k__dev__37299__0053__r0.wav,thunderstorm,thunderstorm,1,0.0390625,0.0390625,0.12109375,0.0625,0.0546875,0.68359375
1631,247,thunderstorm__fsd50k__dev__37299__0053__r0.wav,thunderstorm,thunderstorm,1,0.01171875,0.01171875,0.02734375,0.02734375,0.0234375,0.8984375
1632,247,thunderstorm__fsd50k__dev__37299__0053__r0.wav,thunderstorm,thunderstorm,1,0.00390625,0.01171875,0.0625,0.03125,0.01171875,0.87890625
1633,247,thunderstorm__fsd50k__dev__37299__0053__r0.wav,thunderstorm,thunderstorm,1,0.00390625,0.0078125,0.0625,0.0234375,0.0078125,0.89453125
1634,248,thunderstorm__fsd50k__dev__37304__0054__r0.wav,thunderstorm,thunderstorm,1,0.0078125,0.01953125,0.0078125,0.01171875,0.0390625,0.91015625
1635,248,thunderstorm__fsd50k__dev__37304__0054__r0.wav,thunderstorm,thunderstorm,1,0.00390625,0.0390625,0.0625,0.0703125,0.03125,0.79296875
1636,248,thunderstorm__fsd50k__dev__37304__0054__r0.wav,thunderstorm,thunderstorm,1,0.00390625,0.0546875,0.0703125,0.05078125,0.03515625,0.78515625
1637,248,thunderstorm__fsd50k__dev__37304__0054__r0.wav,thunderstorm,thunderstorm,1,0.0078125,0.04296875,0.0546875,0.0859375,0.046875,0.76171875
1638,248,thunderstorm__fsd50k__dev__37304__0054__r0.wav,thunderstorm,thunderstorm,1,0.00390625,0.00390625,0.0078125,0.03125,0.01953125,0.93359375
1639,248,thunderstorm__fsd50k__dev__37304__0054__r0.wav,thunderstorm,thunderstorm,1,0.0078125,0.00390625,0.08203125,0.2109375,0.03515625,0.6640625
1640,248,thunderstorm__fsd50k__dev__37304__0054__r0.wav,thunderstorm,thunderstorm,1,0.0,0.0,0.0078125,0.046875,0.00390625,0.9453125
1641,248,thunderstorm__fsd50k__dev__37304__0054__r0.wav,thunderstorm,thunderstorm,1,0.0,0.0,0.03125,0.03515625,0.00390625,0.921875
1642,248,thunderstorm__fsd50k__dev__37304__0054__r0.wav,thunderstorm,thunderstorm,1,0.00390625,0.00390625,0.0546875,0.07421875,0.01171875,0.8515625
1643,248,thunderstorm__fsd50k__dev__37304__0054__r0.wav,thunderstorm,thunderstorm,1,0.0,0.01171875,0.08203125,0.08203125,0.01171875,0.8125
1644,248,thunderstorm__fsd50k__dev__37304__0054__r0.wav,thunderstorm,thunderstorm,1,0.0,0.00390625,0.01171875,0.05078125,0.0078125,0.92578125
1645,248,thunderstorm__fsd50k__dev__37304__0054__r0.wav,thunderstorm,thunderstorm,1,0.0,0.0,0.015625,0.01953125,0.00390625,0.95703125
1646,248,thunderstorm__fsd50k__dev__37304__0054__r0.wav,thunderstorm,thunderstorm,1,0.0,0.00390625,0.02734375,0.01953125,0.0078125,0.94140625
1647,249,thunderstorm__fsd50k__dev__375999__0055__r0.wav,thunderstorm,thunderstorm,1,0.01171875,0.0,0.00390625,0.00390625,0.01171875,0.96484375
1648,249,thunderstorm__fsd50k__dev__375999__0055__r0.wav,thunderstorm,thunderstorm,1,0.00390625,0.00390625,0.04296875,0.015625,0.0078125,0.9296875
1649,249,thunderstorm__fsd50k__dev__375999__0055__r0.wav,thunderstorm,thunderstorm,1,0.0,0.0,0.01953125,0.0078125,0.0,0.97265625
1650,249,thunderstorm__fsd50k__dev__375999__0055__r0.wav,thunderstorm,thunderstorm,1,0.0,0.0,0.05859375,0.01953125,0.00390625,0.91796875
1651,249,thunderstorm__fsd50k__dev__375999__0055__r0.wav,thunderstorm,thunderstorm,1,0.0,0.0,0.015625,0.01171875,0.00390625,0.96875
1652,249,thunderstorm__fsd50k__dev__375999__0055__r0.wav,thunderstorm,thunderstorm,1,0.0,0.0,0.0078125,0.00390625,0.00390625,0.98046875
1653,249,thunderstorm__fsd50k__dev__375999__0055__r0.wav,thunderstorm,thunderstorm,1,0.0,0.0,0.01171875,0.01171875,0.00390625,0.96875
1654,249,thunderstorm__fsd50k__dev__375999__0055__r0.wav,thunderstorm,thunderstorm,1,0.0,0.0,0.015625,0.03125,0.0078125,0.9453125
1655,249,thunderstorm__fsd50k__dev__375999__0055__r0.wav,thunderstorm,thunderstorm,1,0.0,0.0,0.01953125,0.0234375,0.00390625,0.94921875
1656,249,thunderstorm__fsd50k__dev__375999__0055__r0.wav,thunderstorm,thunderstorm,1,0.0,0.0,0.00390625,0.00390625,0.0,0.9921875
1657,249,thunderstorm__fsd50k__dev__375999__0055__r0.wav,thunderstorm,thunderstorm,1,0.0,0.0,0.01171875,0.01953125,0.0,0.96484375
1658,249,thunderstorm__fsd50k__dev__375999__0055__r0.wav,thunderstorm,thunderstorm,1,0.0,0.0,0.0078125,0.01171875,0.0,0.98046875
1659,249,thunderstorm__fsd50k__dev__375999__0055__r0.wav,thunderstorm,thunderstorm,1,0.0,0.0,0.00390625,0.01171875,0.0,0.98046875
1660,250,thunderstorm__fsd50k__dev__394070__0056__r0.wav,thunderstorm,thunderstorm,1,0.0078125,0.0234375,0.02734375,0.0078125,0.0234375,0.9140625
1661,250,thunderstorm__fsd50k__dev__394070__0056__r0.wav,thunderstorm,gunshot_gunfire,0,0.015625,0.00390625,0.5078125,0.0078125,0.015625,0.453125
1662,250,thunderstorm__fsd50k__dev__394070__0056__r0.wav,thunderstorm,thunderstorm,1,0.00390625,0.00390625,0.34375,0.0234375,0.01171875,0.609375
1663,250,thunderstorm__fsd50k__dev__394070__0056__r0.wav,thunderstorm,thunderstorm,1,0.00390625,0.00390625,0.15625,0.03125,0.01171875,0.79296875
1664,250,thunderstorm__fsd50k__dev__394070__0056__r0.wav,thunderstorm,thunderstorm,1,0.0078125,0.00390625,0.09765625,0.01953125,0.0078125,0.86328125
1665,250,thunderstorm__fsd50k__dev__394070__0056__r0.wav,thunderstorm,thunderstorm,1,0.015625,0.01171875,0.24609375,0.015625,0.0234375,0.69140625
1666,251,thunderstorm__fsd50k__dev__394071__0057__r0.wav,thunderstorm,thunderstorm,1,0.0234375,0.0234375,0.015625,0.00390625,0.03125,0.8984375
1667,251,thunderstorm__fsd50k__dev__394071__0057__r0.wav,thunderstorm,thunderstorm,1,0.0,0.00390625,0.0234375,0.01171875,0.0078125,0.953125
1668,251,thunderstorm__fsd50k__dev__394071__0057__r0.wav,thunderstorm,thunderstorm,1,0.0,0.0,0.0078125,0.0,0.0,0.98828125
1669,251,thunderstorm__fsd50k__dev__394071__0057__r0.wav,thunderstorm,thunderstorm,1,0.0,0.0,0.015625,0.0,0.0,0.98046875
1670,251,thunderstorm__fsd50k__dev__394071__0057__r0.wav,thunderstorm,thunderstorm,1,0.0,0.0,0.03515625,0.00390625,0.0,0.9609375
1671,251,thunderstorm__fsd50k__dev__394071__0057__r0.wav,thunderstorm,thunderstorm,1,0.0,0.0,0.0546875,0.00390625,0.0,0.94140625
1672,251,thunderstorm__fsd50k__dev__394071__0057__r0.wav,thunderstorm,thunderstorm,1,0.0,0.0,0.02734375,0.00390625,0.00390625,0.9609375
1673,251,thunderstorm__fsd50k__dev__394071__0057__r0.wav,thunderstorm,thunderstorm,1,0.0,0.00390625,0.0234375,0.00390625,0.00390625,0.96484375
1674,251,thunderstorm__fsd50k__dev__394071__0057__r0.wav,thunderstorm,thunderstorm,1,0.0,0.0078125,0.03125,0.01953125,0.0078125,0.9296875
1675,251,thunderstorm__fsd50k__dev__394071__0057__r0.wav,thunderstorm,thunderstorm,1,0.0,0.00390625,0.0078125,0.01171875,0.0078125,0.96484375
1676,251,thunderstorm__fsd50k__dev__394071__0057__r0.wav,thunderstorm,thunderstorm,1,0.00390625,0.015625,0.03515625,0.02734375,0.015625,0.90234375
1677,251,thunderstorm__fsd50k__dev__394071__0057__r0.wav,thunderstorm,thunderstorm,1,0.00390625,0.0078125,0.02734375,0.03515625,0.01953125,0.90625
1678,251,thunderstorm__fsd50k__dev__394071__0057__r0.wav,thunderstorm,thunderstorm,1,0.0,0.00390625,0.01171875,0.01953125,0.0078125,0.9609375
1679,252,thunderstorm__fsd50k__dev__399870__0058__r0.wav,thunderstorm,thunderstorm,1,0.00390625,0.0,0.00390625,0.00390625,0.01171875,0.98046875
1680,252,thunderstorm__fsd50k__dev__399870__0058__r0.wav,thunderstorm,thunderstorm,1,0.00390625,0.0,0.015625,0.00390625,0.00390625,0.96875
1681,252,thunderstorm__fsd50k__dev__399870__0058__r0.wav,thunderstorm,thunderstorm,1,0.0078125,0.00390625,0.2421875,0.046875,0.015625,0.68359375
1682,252,thunderstorm__fsd50k__dev__399870__0058__r0.wav,thunderstorm,thunderstorm,1,0.0,0.0,0.02734375,0.0078125,0.00390625,0.95703125
1683,252,thunderstorm__fsd50k__dev__399870__0058__r0.wav,thunderstorm,thunderstorm,1,0.0,0.00390625,0.015625,0.0078125,0.0078125,0.96484375
1684,252,thunderstorm__fsd50k__dev__399870__0058__r0.wav,thunderstorm,thunderstorm,1,0.0,0.0,0.01171875,0.00390625,0.00390625,0.9765625
1685,252,thunderstorm__fsd50k__dev__399870__0058__r0.wav,thunderstorm,thunderstorm,1,0.00390625,0.00390625,0.0078125,0.01171875,0.01171875,0.9609375
1686,252,thunderstorm__fsd50k__dev__399870__0058__r0.wav,thunderstorm,thunderstorm,1,0.00390625,0.0078125,0.01953125,0.0078125,0.01171875,0.94921875
1687,252,thunderstorm__fsd50k__dev__399870__0058__r0.wav,thunderstorm,thunderstorm,1,0.0,0.00390625,0.01953125,0.01171875,0.0078125,0.9609375
1688,252,thunderstorm__fsd50k__dev__399870__0058__r0.wav,thunderstorm,thunderstorm,1,0.00390625,0.00390625,0.015625,0.01171875,0.0078125,0.9609375
1689,252,thunderstorm__fsd50k__dev__399870__0058__r0.wav,thunderstorm,thunderstorm,1,0.00390625,0.00390625,0.01171875,0.00390625,0.0078125,0.96875
1690,252,thunderstorm__fsd50k__dev__399870__0058__r0.wav,thunderstorm,thunderstorm,1,0.0234375,0.0390625,0.21484375,0.01171875,0.03125,0.6796875
1691,253,thunderstorm__fsd50k__dev__414050__0059__r0.wav,thunderstorm,thunderstorm,1,0.0,0.0,0.00390625,0.0,0.0,0.9921875
1692,253,thunderstorm__fsd50k__dev__414050__0059__r0.wav,thunderstorm,thunderstorm,1,0.0,0.0,0.0078125,0.00390625,0.0,0.98828125
1693,253,thunderstorm__fsd50k__dev__414050__0059__r0.wav,thunderstorm,thunderstorm,1,0.0,0.0,0.0078125,0.00390625,0.00390625,0.98828125
1694,253,thunderstorm__fsd50k__dev__414050__0059__r0.wav,thunderstorm,thunderstorm,1,0.0,0.00390625,0.08203125,0.00390625,0.00390625,0.90625
1695,253,thunderstorm__fsd50k__dev__414050__0059__r0.wav,thunderstorm,thunderstorm,1,0.0,0.00390625,0.06640625,0.00390625,0.00390625,0.921875
1696,253,thunderstorm__fsd50k__dev__414050__0059__r0.wav,thunderstorm,thunderstorm,1,0.0,0.0,0.0234375,0.00390625,0.00390625,0.96875
1697,253,thunderstorm__fsd50k__dev__414050__0059__r0.wav,thunderstorm,thunderstorm,1,0.0,0.0,0.01953125,0.00390625,0.00390625,0.97265625
1698,253,thunderstorm__fsd50k__dev__414050__0059__r0.wav,thunderstorm,thunderstorm,1,0.0,0.0,0.0078125,0.00390625,0.00390625,0.984375
1699,253,thunderstorm__fsd50k__dev__414050__0059__r0.wav,thunderstorm,thunderstorm,1,0.0,0.0,0.01171875,0.00390625,0.00390625,0.98046875
1700,253,thunderstorm__fsd50k__dev__414050__0059__r0.wav,thunderstorm,thunderstorm,1,0.0,0.0,0.01171875,0.00390625,0.00390625,0.98046875
1701,253,thunderstorm__fsd50k__dev__414050__0059__r0.wav,thunderstorm,thunderstorm,1,0.0,0.0,0.01171875,0.0,0.0,0.984375
1702,253,thunderstorm__fsd50k__dev__414050__0059__r0.wav,thunderstorm,thunderstorm,1,0.0,0.0,0.0078125,0.0,0.0,0.9921875
1703,253,thunderstorm__fsd50k__dev__414050__0059__r0.wav,thunderstorm,thunderstorm,1,0.0,0.0,0.01171875,0.00390625,0.0,0.984375
1704,254,speech__fsd50k__val__speech__149825__0000.wav,speech,siren,0,0.11328125,0.0,0.0,0.70703125,0.1796875,0.0
1705,254,speech__fsd50k__val__speech__149825__0000.wav,speech,siren,0,0.02734375,0.0,0.0,0.9296875,0.04296875,0.0
1706,254,speech__fsd50k__val__speech__149825__0000.wav,speech,siren,0,0.36328125,0.0,0.00390625,0.40625,0.2265625,0.0
1707,254,speech__fsd50k__val__speech__149825__0000.wav,speech,dog_bark,0,0.7421875,0.05078125,0.08203125,0.00390625,0.1171875,0.0
1708,255,speech__fsd50k__val__speech__60689__0001.wav,speech,speech,1,0.12890625,0.0078125,0.01171875,0.12890625,0.40234375,0.3203125
1709,255,speech__fsd50k__val__speech__60689__0001.wav,speech,speech,1,0.0859375,0.0078125,0.00390625,0.33984375,0.4296875,0.13671875
1710,255,speech__fsd50k__val__speech__60689__0001.wav,speech,speech,1,0.0859375,0.00390625,0.0,0.21484375,0.60546875,0.0859375
1711,255,speech__fsd50k__val__speech__60689__0001.wav,speech,speech,1,0.1328125,0.00390625,0.00390625,0.328125,0.46484375,0.06640625
1712,255,speech__fsd50k__val__speech__60689__0001.wav,speech,speech,1,0.0390625,0.00390625,0.0,0.3359375,0.53515625,0.0859375
1713,255,speech__fsd50k__val__speech__60689__0001.wav,speech,speech,1,0.08203125,0.00390625,0.0078125,0.33203125,0.5234375,0.05078125
1714,255,speech__fsd50k__val__speech__60689__0001.wav,speech,speech,1,0.078125,0.01171875,0.015625,0.1796875,0.3984375,0.31640625
1715,255,speech__fsd50k__val__speech__60689__0001.wav,speech,siren,0,0.08984375,0.015625,0.03125,0.3203125,0.28515625,0.25390625
1716,255,speech__fsd50k__val__speech__60689__0001.wav,speech,thunderstorm,0,0.046875,0.015625,0.0234375,0.109375,0.19140625,0.61328125
1717,255,speech__fsd50k__val__speech__60689__0001.wav,speech,thunderstorm,0,0.11328125,0.0234375,0.0546875,0.08984375,0.31640625,0.3984375
1718,255,speech__fsd50k__val__speech__60689__0001.wav,speech,thunderstorm,0,0.10546875,0.015625,0.046875,0.15234375,0.30078125,0.37890625
1719,255,speech__fsd50k__val__speech__60689__0001.wav,speech,thunderstorm,0,0.05078125,0.0078125,0.0234375,0.12109375,0.24609375,0.55078125
1720,255,speech__fsd50k__val__speech__60689__0001.wav,speech,speech,1,0.07421875,0.0234375,0.01171875,0.14453125,0.515625,0.23046875
1721,256,speech__fsd50k__val__speech__63276__0002.wav,speech,siren,0,0.0078125,0.0,0.0,0.68359375,0.3046875,0.00390625
1722,256,speech__fsd50k__val__speech__63276__0002.wav,speech,speech,1,0.015625,0.0,0.00390625,0.4296875,0.48046875,0.06640625
1723,256,speech__fsd50k__val__speech__63276__0002.wav,speech,siren,0,0.00390625,0.0,0.0,0.6015625,0.37890625,0.01171875
1724,256,speech__fsd50k__val__speech__63276__0002.wav,speech,speech,1,0.0078125,0.0,0.0,0.328125,0.65234375,0.01171875
1725,256,speech__fsd50k__val__speech__63276__0002.wav,speech,siren,0,0.015625,0.0,0.00390625,0.51171875,0.36328125,0.1015625
1726,256,speech__fsd50k__val__speech__63276__0002.wav,speech,siren,0,0.0,0.0,0.00390625,0.83984375,0.1484375,0.0078125
1727,256,speech__fsd50k__val__speech__63276__0002.wav,speech,siren,0,0.00390625,0.0,0.0,0.6875,0.30859375,0.00390625
1728,256,speech__fsd50k__val__speech__63276__0002.wav,speech,speech,1,0.00390625,0.00390625,0.00390625,0.375,0.59765625,0.015625
1729,256,speech__fsd50k__val__speech__63276__0002.wav,speech,speech,1,0.0078125,0.0,0.0,0.1015625,0.890625,0.00390625
1730,256,speech__fsd50k__val__speech__63276__0002.wav,speech,speech,1,0.01953125,0.0,0.0,0.17578125,0.7890625,0.01171875
1731,256,speech__fsd50k__val__speech__63276__0002.wav,speech,speech,1,0.0078125,0.0,0.0,0.33203125,0.66015625,0.00390625
1732,256,speech__fsd50k__val__speech__63276__0002.wav,speech,speech,1,0.015625,0.0,0.0,0.21484375,0.76953125,0.0
1733,257,speech__fsd50k__val__speech__87703__0003.wav,speech,speech,1,0.1015625,0.01171875,0.00390625,0.1796875,0.70703125,0.0
1734,258,speech__fsd50k__val__speech__87704__0004.wav,speech,speech,1,0.17578125,0.01171875,0.0,0.3125,0.49609375,0.0
1735,259,speech__fsd50k__val__speech__239902__0005.wav,speech,dog_bark,0,0.796875,0.0,0.0,0.00390625,0.19921875,0.0
1736,259,speech__fsd50k__val__speech__239902__0005.wav,speech,dog_bark,0,0.63671875,0.0,0.0,0.0390625,0.3203125,0.0
1737,259,speech__fsd50k__val__speech__239902__0005.wav,speech,siren,0,0.109375,0.00390625,0.0,0.765625,0.12109375,0.0
1738,259,speech__fsd50k__val__speech__239902__0005.wav,speech,siren,0,0.1171875,0.046875,0.00390625,0.73046875,0.1015625,0.0
1739,259,speech__fsd50k__val__speech__239902__0005.wav,speech,siren,0,0.140625,0.015625,0.00390625,0.63671875,0.19921875,0.0
1740,260,speech__fsd50k__val__speech__90177__0006.wav,speech,speech,1,0.1171875,0.0,0.0,0.12890625,0.73046875,0.0234375
1741,261,speech__fsd50k__val__speech__258371__0007.wav,speech,speech,1,0.34375,0.0,0.0,0.046875,0.609375,0.0
1742,261,speech__fsd50k__val__speech__258371__0007.wav,speech,speech,1,0.1875,0.0,0.0,0.06640625,0.74609375,0.0
1743,261,speech__fsd50k__val__speech__258371__0007.wav,speech,dog_bark,0,0.65234375,0.01953125,0.01171875,0.05078125,0.26171875,0.00390625
1744,262,speech__fsd50k__val__speech__371385__0008.wav,speech,speech,1,0.40625,0.00390625,0.0078125,0.12890625,0.453125,0.0
1745,263,speech__fsd50k__val__speech__257344__0009.wav,speech,speech,1,0.09375,0.00390625,0.01953125,0.05078125,0.83203125,0.0
1746,263,speech__fsd50k__val__speech__257344__0009.wav,speech,speech,1,0.1171875,0.0546875,0.08203125,0.1484375,0.59375,0.00390625
1747,263,speech__fsd50k__val__speech__257344__0009.wav,speech,speech,1,0.1015625,0.05078125,0.125,0.078125,0.6328125,0.01171875
1748,263,speech__fsd50k__val__speech__257344__0009.wav,speech,glass_breaking,0,0.203125,0.32421875,0.1171875,0.01953125,0.32421875,0.0078125
1749,263,speech__fsd50k__val__speech__257344__0009.wav,speech,speech,1,0.15625,0.00390625,0.05078125,0.08984375,0.69921875,0.0
1750,263,speech__fsd50k__val__speech__257344__0009.wav,speech,speech,1,0.13671875,0.0,0.00390625,0.0078125,0.8515625,0.0
1751,263,speech__fsd50k__val__speech__257344__0009.wav,speech,speech,1,0.05078125,0.00390625,0.01171875,0.01953125,0.9140625,0.0
1752,263,speech__fsd50k__val__speech__257344__0009.wav,speech,gunshot_gunfire,0,0.07421875,0.21484375,0.33984375,0.09375,0.26953125,0.0078125
1753,263,speech__fsd50k__val__speech__257344__0009.wav,speech,speech,1,0.0703125,0.0,0.00390625,0.01953125,0.90625,0.0
1754,263,speech__fsd50k__val__speech__257344__0009.wav,speech,speech,1,0.046875,0.0,0.00390625,0.0078125,0.94140625,0.0
1755,263,speech__fsd50k__val__speech__257344__0009.wav,speech,speech,1,0.04296875,0.0,0.0,0.01171875,0.94140625,0.0
1756,263,speech__fsd50k__val__speech__257344__0009.wav,speech,speech,1,0.1640625,0.0,0.00390625,0.01171875,0.8203125,0.0
1757,264,speech__fsd50k__val__speech__259674__0010.wav,speech,speech,1,0.14453125,0.08984375,0.05859375,0.01171875,0.640625,0.05859375
1758,264,speech__fsd50k__val__speech__259674__0010.wav,speech,speech,1,0.09765625,0.01953125,0.01171875,0.00390625,0.86328125,0.0078125
1759,264,speech__fsd50k__val__speech__259674__0010.wav,speech,speech,1,0.05859375,0.00390625,0.00390625,0.00390625,0.9296875,0.0
1760,265,speech__fsd50k__val__speech__219772__0011.wav,speech,speech,1,0.12109375,0.0,0.0,0.0078125,0.87109375,0.0
1761,265,speech__fsd50k__val__speech__219772__0011.wav,speech,speech,1,0.03125,0.0,0.0,0.00390625,0.96484375,0.0
1762,265,speech__fsd50k__val__speech__219772__0011.wav,speech,speech,1,0.1796875,0.00390625,0.00390625,0.00390625,0.80859375,0.0
1763,265,speech__fsd50k__val__speech__219772__0011.wav,speech,speech,1,0.41015625,0.00390625,0.0,0.00390625,0.578125,0.0
1764,265,speech__fsd50k__val__speech__219772__0011.wav,speech,speech,1,0.453125,0.015625,0.015625,0.0078125,0.5078125,0.0
1765,266,speech__fsd50k__val__speech__379393__0012.wav,speech,speech,1,0.0078125,0.0,0.0,0.01953125,0.97265625,0.0
1766,267,speech__fsd50k__val__speech__220372__0013.wav,speech,speech,1,0.34375,0.00390625,0.0,0.04296875,0.609375,0.0
1767,267,speech__fsd50k__val__speech__220372__0013.wav,speech,speech,1,0.01953125,0.0,0.0,0.06640625,0.9140625,0.0
1768,267,speech__fsd50k__val__speech__220372__0013.wav,speech,speech,1,0.07421875,0.0,0.0,0.11328125,0.8125,0.0
1769,267,speech__fsd50k__val__speech__220372__0013.wav,speech,speech,1,0.234375,0.0,0.0,0.02734375,0.734375,0.0
1770,267,speech__fsd50k__val__speech__220372__0013.wav,speech,dog_bark,0,0.55078125,0.0078125,0.00390625,0.15625,0.27734375,0.0078125
1771,267,speech__fsd50k__val__speech__220372__0013.wav,speech,dog_bark,0,0.47265625,0.00390625,0.00390625,0.09375,0.421875,0.0078125
1772,267,speech__fsd50k__val__speech__220372__0013.wav,speech,speech,1,0.078125,0.0,0.00390625,0.03125,0.88671875,0.0
1773,267,speech__fsd50k__val__speech__220372__0013.wav,speech,speech,1,0.171875,0.0078125,0.01953125,0.09765625,0.69140625,0.0078125
1774,267,speech__fsd50k__val__speech__220372__0013.wav,speech,dog_bark,0,0.39453125,0.0703125,0.01953125,0.11328125,0.28125,0.125
1775,267,speech__fsd50k__val__speech__220372__0013.wav,speech,speech,1,0.21484375,0.0,0.0,0.015625,0.765625,0.0
1776,267,speech__fsd50k__val__speech__220372__0013.wav,speech,speech,1,0.140625,0.0,0.0,0.0703125,0.78515625,0.00390625
1777,267,speech__fsd50k__val__speech__220372__0013.wav,speech,dog_bark,0,0.43359375,0.01171875,0.015625,0.12109375,0.38671875,0.03125
1778,267,speech__fsd50k__val__speech__220372__0013.wav,speech,dog_bark,0,0.484375,0.00390625,0.0,0.0234375,0.484375,0.00390625
1779,268,speech__fsd50k__val__speech__19188__0014.wav,speech,siren,0,0.12109375,0.0,0.0,0.43359375,0.43359375,0.01171875
1780,269,speech__fsd50k__val__speech__174955__0015.wav,speech,speech,1,0.07421875,0.0,0.0,0.06640625,0.84375,0.0078125
1781,269,speech__fsd50k__val__speech__174955__0015.wav,speech,speech,1,0.04296875,0.0,0.0,0.02734375,0.9296875,0.0
1782,269,speech__fsd50k__val__speech__174955__0015.wav,speech,speech,1,0.01171875,0.0,0.0,0.03125,0.95703125,0.0
1783,270,speech__fsd50k__val__speech__19199__0016.wav,speech,speech,1,0.3046875,0.0078125,0.00390625,0.0,0.6796875,0.0
1784,271,speech__fsd50k__val__speech__12712__0017.wav,speech,thunderstorm,0,0.01171875,0.0,0.01171875,0.234375,0.08203125,0.65625
1785,271,speech__fsd50k__val__speech__12712__0017.wav,speech,thunderstorm,0,0.0390625,0.0078125,0.015625,0.23828125,0.16796875,0.53125
1786,271,speech__fsd50k__val__speech__12712__0017.wav,speech,speech,1,0.03125,0.0,0.00390625,0.34375,0.484375,0.13671875
1787,271,speech__fsd50k__val__speech__12712__0017.wav,speech,thunderstorm,0,0.0078125,0.0,0.0234375,0.1015625,0.14453125,0.72265625
1788,271,speech__fsd50k__val__speech__12712__0017.wav,speech,thunderstorm,0,0.02734375,0.0,0.01171875,0.12890625,0.3671875,0.4609375
1789,271,speech__fsd50k__val__speech__12712__0017.wav,speech,thunderstorm,0,0.00390625,0.0,0.03515625,0.22265625,0.02734375,0.70703125
1790,271,speech__fsd50k__val__speech__12712__0017.wav,speech,thunderstorm,0,0.0,0.0,0.0078125,0.046875,0.0078125,0.93359375
1791,272,speech__fsd50k__val__speech__174948__0018.wav,speech,speech,1,0.015625,0.0,0.0,0.015625,0.96875,0.0
1792,272,speech__fsd50k__val__speech__174948__0018.wav,speech,speech,1,0.0234375,0.0,0.0,0.01171875,0.96484375,0.0
1793,273,speech__fsd50k__val__speech__316648__0019.wav,speech,dog_bark,0,0.59375,0.0,0.0,0.03125,0.375,0.0
1794,273,speech__fsd50k__val__speech__316648__0019.wav,speech,speech,1,0.4609375,0.0,0.0,0.0234375,0.515625,0.0
1795,274,speech__fsd50k__val__speech__139086__0020.wav,speech,speech,1,0.09375,0.0,0.0,0.328125,0.58203125,0.0
1796,274,speech__fsd50k__val__speech__139086__0020.wav,speech,siren,0,0.0859375,0.0,0.0,0.484375,0.4296875,0.0
1797,274,speech__fsd50k__val__speech__139086__0020.wav,speech,siren,0,0.1484375,0.0,0.0,0.5234375,0.328125,0.0
1798,274,speech__fsd50k__val__speech__139086__0020.wav,speech,siren,0,0.0078125,0.0,0.0,0.9375,0.0546875,0.0
1799,274,speech__fsd50k__val__speech__139086__0020.wav,speech,siren,0,0.01953125,0.0,0.0,0.78515625,0.1953125,0.0
1800,274,speech__fsd50k__val__speech__139086__0020.wav,speech,siren,0,0.00390625,0.0,0.0,0.96484375,0.03125,0.0
1801,275,speech__fsd50k__val__speech__411018__0021.wav,speech,speech,1,0.1796875,0.0,0.0,0.11328125,0.70703125,0.0
1802,275,speech__fsd50k__val__speech__411018__0021.wav,speech,speech,1,0.0390625,0.0,0.0,0.14453125,0.8125,0.0
1803,275,speech__fsd50k__val__speech__411018__0021.wav,speech,speech,1,0.140625,0.00390625,0.0,0.0625,0.79296875,0.0
1804,275,speech__fsd50k__val__speech__411018__0021.wav,speech,speech,1,0.2265625,0.0,0.0,0.3203125,0.453125,0.0
1805,275,speech__fsd50k__val__speech__411018__0021.wav,speech,speech,1,0.09375,0.0,0.0,0.23828125,0.66796875,0.0
1806,275,speech__fsd50k__val__speech__411018__0021.wav,speech,speech,1,0.0625,0.0,0.0,0.12890625,0.80859375,0.0
1807,275,speech__fsd50k__val__speech__411018__0021.wav,speech,speech,1,0.05078125,0.0,0.0,0.31640625,0.6328125,0.0
1808,275,speech__fsd50k__val__speech__411018__0021.wav,speech,speech,1,0.01953125,0.0,0.0,0.08984375,0.890625,0.0
1809,275,speech__fsd50k__val__speech__411018__0021.wav,speech,speech,1,0.05859375,0.0,0.0,0.015625,0.92578125,0.0
1810,275,speech__fsd50k__val__speech__411018__0021.wav,speech,speech,1,0.09765625,0.0,0.0,0.015625,0.88671875,0.0
1811,275,speech__fsd50k__val__speech__411018__0021.wav,speech,speech,1,0.140625,0.0,0.0,0.0625,0.796875,0.0
1812,275,speech__fsd50k__val__speech__411018__0021.wav,speech,speech,1,0.1796875,0.0,0.0,0.015625,0.8046875,0.0
1813,275,speech__fsd50k__val__speech__411018__0021.wav,speech,speech,1,0.0703125,0.00390625,0.0,0.0234375,0.8984375,0.0
1814,276,speech__fsd50k__val__speech__255880__0022.wav,speech,dog_bark,0,0.66015625,0.0,0.0,0.0078125,0.33203125,0.0
1815,276,speech__fsd50k__val__speech__255880__0022.wav,speech,speech,1,0.2109375,0.16796875,0.01171875,0.015625,0.59375,0.0
1816,277,speech__fsd50k__val__speech__132738__0023.wav,speech,dog_bark,0,0.4765625,0.06640625,0.0,0.23828125,0.21484375,0.00390625
1817,277,speech__fsd50k__val__speech__132738__0023.wav,speech,dog_bark,0,0.4296875,0.0390625,0.0,0.3828125,0.15234375,0.0
1818,277,speech__fsd50k__val__speech__132738__0023.wav,speech,siren,0,0.328125,0.03125,0.0,0.5234375,0.1171875,0.0
1819,277,speech__fsd50k__val__speech__132738__0023.wav,speech,siren,0,0.13671875,0.05078125,0.0,0.7734375,0.0390625,0.0
1820,277,speech__fsd50k__val__speech__132738__0023.wav,speech,siren,0,0.41015625,0.04296875,0.0,0.51953125,0.02734375,0.0
1821,277,speech__fsd50k__val__speech__132738__0023.wav,speech,dog_bark,0,0.453125,0.12890625,0.0,0.40234375,0.01953125,0.0
1822,277,speech__fsd50k__val__speech__132738__0023.wav,speech,siren,0,0.265625,0.296875,0.0,0.421875,0.01171875,0.0
1823,277,speech__fsd50k__val__speech__132738__0023.wav,speech,dog_bark,0,0.7109375,0.125,0.01171875,0.1015625,0.05078125,0.0
1824,277,speech__fsd50k__val__speech__132738__0023.wav,speech,glass_breaking,0,0.109375,0.76953125,0.078125,0.0078125,0.015625,0.0234375
1825,277,speech__fsd50k__val__speech__132738__0023.wav,speech,glass_breaking,0,0.05859375,0.7421875,0.1171875,0.0078125,0.01171875,0.05859375
